<?xml version="1.0" encoding="UTF-8"?>
<gpx creator="https://gpx.studio" version="1.1" xmlns="http://www.topografix.com/GPX/1/1" xmlns:xsi="http://www.w3.org/2001/XMLSchema-instance" xsi:schemaLocation="http://www.topografix.com/GPX/1/1 http://www.topografix.com/GPX/1/1/gpx.xsd http://www.garmin.com/xmlschemas/GpxExtensions/v3 http://www.garmin.com/xmlschemas/GpxExtensionsv3.xsd http://www.garmin.com/xmlschemas/TrackPointExtension/v1 http://www.garmin.com/xmlschemas/TrackPointExtensionv1.xsd http://www.garmin.com/xmlschemas/PowerExtension/v1 http://www.garmin.com/xmlschemas/PowerExtensionv1.xsd http://www.topografix.com/GPX/gpx_style/0/2 http://www.topografix.com/GPX/gpx_style/0/2/gpx_style.xsd" xmlns:gpxtpx="http://www.garmin.com/xmlschemas/TrackPointExtension/v1" xmlns:gpxx="http://www.garmin.com/xmlschemas/GpxExtensions/v3" xmlns:gpxpx="http://www.garmin.com/xmlschemas/PowerExtension/v1" xmlns:gpx_style="http://www.topografix.com/GPX/gpx_style/0/2">
  <metadata>
    <name>Sines_Albufeira_VF</name>
    <author>
      <name>gpx.studio</name>
      <link href="https://gpx.studio"/>
    </author>
  </metadata>
  <trk>
    <name>Sines_Albufeira_VF</name>
    <trkseg>
      <trkpt lat="37.95442" lon="-8.869238">
        <ele>6.29</ele>
      </trkpt>
      <trkpt lat="37.954459" lon="-8.870319">
        <ele>7.74</ele>
      </trkpt>
      <trkpt lat="37.954463" lon="-8.8706">
        <ele>7.55</ele>
      </trkpt>
      <trkpt lat="37.954444" lon="-8.870828">
        <ele>7.41</ele>
      </trkpt>
      <trkpt lat="37.954366" lon="-8.871244">
        <ele>7.14</ele>
      </trkpt>
      <trkpt lat="37.954239" lon="-8.871594">
        <ele>6.9</ele>
      </trkpt>
      <trkpt lat="37.954176" lon="-8.87174">
        <ele>6.79</ele>
      </trkpt>
      <trkpt lat="37.954051" lon="-8.871943">
        <ele>6.53</ele>
      </trkpt>
      <trkpt lat="37.953903" lon="-8.872143">
        <ele>6.25</ele>
      </trkpt>
      <trkpt lat="37.953169" lon="-8.872947">
        <ele>5.58</ele>
      </trkpt>
      <trkpt lat="37.952359" lon="-8.873841">
        <ele>6.89</ele>
      </trkpt>
      <trkpt lat="37.952319" lon="-8.873914">
        <ele>7</ele>
      </trkpt>
      <trkpt lat="37.952293" lon="-8.874005">
        <ele>7</ele>
      </trkpt>
      <trkpt lat="37.952371" lon="-8.87407">
        <ele>7.03</ele>
      </trkpt>
      <trkpt lat="37.952438" lon="-8.874068">
        <ele>8.08</ele>
      </trkpt>
      <trkpt lat="37.95247" lon="-8.87404">
        <ele>8.3</ele>
      </trkpt>
      <trkpt lat="37.952591" lon="-8.873931">
        <ele>9.17</ele>
      </trkpt>
      <trkpt lat="37.952953" lon="-8.87345">
        <ele>9.83</ele>
      </trkpt>
      <trkpt lat="37.953" lon="-8.873399">
        <ele>9.72</ele>
      </trkpt>
      <trkpt lat="37.95324" lon="-8.873226">
        <ele>10.99</ele>
      </trkpt>
      <trkpt lat="37.953574" lon="-8.872986">
        <ele>12.76</ele>
      </trkpt>
      <trkpt lat="37.95382" lon="-8.872795">
        <ele>15.72</ele>
      </trkpt>
      <trkpt lat="37.95393" lon="-8.872684">
        <ele>17.13</ele>
      </trkpt>
      <trkpt lat="37.953951" lon="-8.872652">
        <ele>17.44</ele>
      </trkpt>
      <trkpt lat="37.954134" lon="-8.872373">
        <ele>20.19</ele>
      </trkpt>
      <trkpt lat="37.954253" lon="-8.872218">
        <ele>20.11</ele>
      </trkpt>
      <trkpt lat="37.954403" lon="-8.872092">
        <ele>23.88</ele>
      </trkpt>
      <trkpt lat="37.954443" lon="-8.872025">
        <ele>24.73</ele>
      </trkpt>
      <trkpt lat="37.954589" lon="-8.871696">
        <ele>26.02</ele>
      </trkpt>
      <trkpt lat="37.95465" lon="-8.871601">
        <ele>27.82</ele>
      </trkpt>
      <trkpt lat="37.954824" lon="-8.871473">
        <ele>30.43</ele>
      </trkpt>
      <trkpt lat="37.955181" lon="-8.871231">
        <ele>33.61</ele>
      </trkpt>
      <trkpt lat="37.955367" lon="-8.871131">
        <ele>35.71</ele>
      </trkpt>
      <trkpt lat="37.955605" lon="-8.871031">
        <ele>35.79</ele>
      </trkpt>
      <trkpt lat="37.956235" lon="-8.870795">
        <ele>38</ele>
      </trkpt>
      <trkpt lat="37.956409" lon="-8.870707">
        <ele>39.17</ele>
      </trkpt>
      <trkpt lat="37.956593" lon="-8.870591">
        <ele>39.99</ele>
      </trkpt>
      <trkpt lat="37.956771" lon="-8.870434">
        <ele>40.61</ele>
      </trkpt>
      <trkpt lat="37.956944" lon="-8.870236">
        <ele>41.02</ele>
      </trkpt>
      <trkpt lat="37.957035" lon="-8.870013">
        <ele>41.47</ele>
      </trkpt>
      <trkpt lat="37.95737" lon="-8.868802">
        <ele>42.8</ele>
      </trkpt>
      <trkpt lat="37.95737" lon="-8.868802">
        <ele>42.8</ele>
      </trkpt>
      <trkpt lat="37.957659" lon="-8.867735">
        <ele>42.01</ele>
      </trkpt>
      <trkpt lat="37.957661" lon="-8.867727">
        <ele>42</ele>
      </trkpt>
      <trkpt lat="37.957657" lon="-8.867674">
        <ele>42</ele>
      </trkpt>
      <trkpt lat="37.957662" lon="-8.867648">
        <ele>42</ele>
      </trkpt>
      <trkpt lat="37.957684" lon="-8.867609">
        <ele>42</ele>
      </trkpt>
      <trkpt lat="37.95774" lon="-8.867469">
        <ele>42</ele>
      </trkpt>
      <trkpt lat="37.957949" lon="-8.866691">
        <ele>42</ele>
      </trkpt>
      <trkpt lat="37.957984" lon="-8.866305">
        <ele>42</ele>
      </trkpt>
      <trkpt lat="37.95799" lon="-8.86624">
        <ele>42</ele>
      </trkpt>
      <trkpt lat="37.957987" lon="-8.865702">
        <ele>42</ele>
      </trkpt>
      <trkpt lat="37.958121" lon="-8.865119">
        <ele>42</ele>
      </trkpt>
      <trkpt lat="37.958555" lon="-8.863211">
        <ele>41.35</ele>
      </trkpt>
      <trkpt lat="37.958548" lon="-8.863208">
        <ele>41.36</ele>
      </trkpt>
      <trkpt lat="37.958256" lon="-8.863083">
        <ele>42</ele>
      </trkpt>
      <trkpt lat="37.957436" lon="-8.862687">
        <ele>42.78</ele>
      </trkpt>
      <trkpt lat="37.956541" lon="-8.86227">
        <ele>43.86</ele>
      </trkpt>
      <trkpt lat="37.956024" lon="-8.862014">
        <ele>44</ele>
      </trkpt>
      <trkpt lat="37.955949" lon="-8.861957">
        <ele>44</ele>
      </trkpt>
      <trkpt lat="37.955858" lon="-8.861858">
        <ele>44</ele>
      </trkpt>
      <trkpt lat="37.95575" lon="-8.861647">
        <ele>44</ele>
      </trkpt>
      <trkpt lat="37.955745" lon="-8.861619">
        <ele>44.06</ele>
      </trkpt>
      <trkpt lat="37.955672" lon="-8.861177">
        <ele>45</ele>
      </trkpt>
      <trkpt lat="37.955622" lon="-8.86095">
        <ele>45.8</ele>
      </trkpt>
      <trkpt lat="37.955577" lon="-8.860749">
        <ele>46.14</ele>
      </trkpt>
      <trkpt lat="37.955519" lon="-8.86056">
        <ele>46.47</ele>
      </trkpt>
      <trkpt lat="37.955406" lon="-8.860243">
        <ele>47.15</ele>
      </trkpt>
      <trkpt lat="37.955305" lon="-8.86004">
        <ele>47.77</ele>
      </trkpt>
      <trkpt lat="37.955123" lon="-8.859739">
        <ele>48.36</ele>
      </trkpt>
      <trkpt lat="37.954863" lon="-8.859327">
        <ele>49.18</ele>
      </trkpt>
      <trkpt lat="37.954735" lon="-8.859168">
        <ele>49.4</ele>
      </trkpt>
      <trkpt lat="37.954717" lon="-8.859117">
        <ele>49.7</ele>
      </trkpt>
      <trkpt lat="37.954693" lon="-8.859062">
        <ele>50</ele>
      </trkpt>
      <trkpt lat="37.954692" lon="-8.859046">
        <ele>50</ele>
      </trkpt>
      <trkpt lat="37.954665" lon="-8.859044">
        <ele>50</ele>
      </trkpt>
      <trkpt lat="37.954659" lon="-8.859031">
        <ele>50</ele>
      </trkpt>
      <trkpt lat="37.954599" lon="-8.858922">
        <ele>50</ele>
      </trkpt>
      <trkpt lat="37.954091" lon="-8.858116">
        <ele>51.92</ele>
      </trkpt>
      <trkpt lat="37.953515" lon="-8.857197">
        <ele>52</ele>
      </trkpt>
      <trkpt lat="37.953397" lon="-8.857011">
        <ele>52</ele>
      </trkpt>
      <trkpt lat="37.953346" lon="-8.85704">
        <ele>52</ele>
      </trkpt>
      <trkpt lat="37.953308" lon="-8.85704">
        <ele>52</ele>
      </trkpt>
      <trkpt lat="37.953278" lon="-8.857028">
        <ele>52</ele>
      </trkpt>
      <trkpt lat="37.95321" lon="-8.857066">
        <ele>52</ele>
      </trkpt>
      <trkpt lat="37.953025" lon="-8.85726">
        <ele>52.92</ele>
      </trkpt>
      <trkpt lat="37.952796" lon="-8.857484">
        <ele>52</ele>
      </trkpt>
      <trkpt lat="37.951623" lon="-8.858682">
        <ele>46.33</ele>
      </trkpt>
      <trkpt lat="37.951337" lon="-8.858971">
        <ele>44.72</ele>
      </trkpt>
      <trkpt lat="37.951273" lon="-8.859069">
        <ele>44.2</ele>
      </trkpt>
      <trkpt lat="37.951266" lon="-8.859081">
        <ele>44.14</ele>
      </trkpt>
      <trkpt lat="37.951266" lon="-8.859173">
        <ele>44.13</ele>
      </trkpt>
      <trkpt lat="37.951253" lon="-8.859216">
        <ele>44.23</ele>
      </trkpt>
      <trkpt lat="37.951206" lon="-8.859286">
        <ele>44.42</ele>
      </trkpt>
      <trkpt lat="37.951143" lon="-8.859318">
        <ele>44.5</ele>
      </trkpt>
      <trkpt lat="37.951074" lon="-8.859313">
        <ele>44.25</ele>
      </trkpt>
      <trkpt lat="37.951043" lon="-8.859296">
        <ele>44.15</ele>
      </trkpt>
      <trkpt lat="37.950969" lon="-8.859333">
        <ele>43.82</ele>
      </trkpt>
      <trkpt lat="37.950906" lon="-8.859384">
        <ele>43.33</ele>
      </trkpt>
      <trkpt lat="37.950758" lon="-8.859641">
        <ele>41.77</ele>
      </trkpt>
      <trkpt lat="37.950699" lon="-8.859758">
        <ele>40.65</ele>
      </trkpt>
      <trkpt lat="37.950577" lon="-8.860079">
        <ele>37.89</ele>
      </trkpt>
      <trkpt lat="37.95033" lon="-8.860783">
        <ele>31.02</ele>
      </trkpt>
      <trkpt lat="37.950288" lon="-8.860884">
        <ele>30.23</ele>
      </trkpt>
      <trkpt lat="37.950267" lon="-8.860916">
        <ele>29.86</ele>
      </trkpt>
      <trkpt lat="37.950198" lon="-8.860961">
        <ele>28.97</ele>
      </trkpt>
      <trkpt lat="37.950086" lon="-8.860993">
        <ele>27.79</ele>
      </trkpt>
      <trkpt lat="37.950036" lon="-8.861026">
        <ele>27.08</ele>
      </trkpt>
      <trkpt lat="37.949998" lon="-8.86107">
        <ele>26.52</ele>
      </trkpt>
      <trkpt lat="37.949974" lon="-8.861151">
        <ele>25.62</ele>
      </trkpt>
      <trkpt lat="37.949975" lon="-8.86122">
        <ele>24.42</ele>
      </trkpt>
      <trkpt lat="37.949996" lon="-8.861292">
        <ele>23.16</ele>
      </trkpt>
      <trkpt lat="37.950025" lon="-8.861342">
        <ele>22.38</ele>
      </trkpt>
      <trkpt lat="37.95042" lon="-8.861907">
        <ele>17.31</ele>
      </trkpt>
      <trkpt lat="37.950437" lon="-8.861985">
        <ele>16.34</ele>
      </trkpt>
      <trkpt lat="37.950435" lon="-8.862029">
        <ele>16.32</ele>
      </trkpt>
      <trkpt lat="37.950417" lon="-8.862068">
        <ele>15.91</ele>
      </trkpt>
      <trkpt lat="37.950369" lon="-8.862111">
        <ele>14.42</ele>
      </trkpt>
      <trkpt lat="37.950302" lon="-8.862121">
        <ele>12.75</ele>
      </trkpt>
      <trkpt lat="37.950271" lon="-8.862108">
        <ele>12.38</ele>
      </trkpt>
      <trkpt lat="37.950072" lon="-8.861864">
        <ele>10.73</ele>
      </trkpt>
      <trkpt lat="37.950033" lon="-8.861836">
        <ele>10.34</ele>
      </trkpt>
      <trkpt lat="37.949992" lon="-8.861827">
        <ele>9.83</ele>
      </trkpt>
      <trkpt lat="37.949918" lon="-8.86185">
        <ele>8.56</ele>
      </trkpt>
      <trkpt lat="37.949884" lon="-8.861884">
        <ele>8.03</ele>
      </trkpt>
      <trkpt lat="37.949864" lon="-8.862002">
        <ele>7.04</ele>
      </trkpt>
      <trkpt lat="37.949863" lon="-8.86205">
        <ele>7</ele>
      </trkpt>
      <trkpt lat="37.949873" lon="-8.862113">
        <ele>7</ele>
      </trkpt>
      <trkpt lat="37.949872" lon="-8.862163">
        <ele>7</ele>
      </trkpt>
      <trkpt lat="37.949852" lon="-8.862226">
        <ele>7</ele>
      </trkpt>
      <trkpt lat="37.949816" lon="-8.862277">
        <ele>7</ele>
      </trkpt>
      <trkpt lat="37.949769" lon="-8.86231">
        <ele>7</ele>
      </trkpt>
      <trkpt lat="37.949725" lon="-8.862321">
        <ele>7</ele>
      </trkpt>
      <trkpt lat="37.949681" lon="-8.862316">
        <ele>7</ele>
      </trkpt>
      <trkpt lat="37.94964" lon="-8.862295">
        <ele>6.97</ele>
      </trkpt>
      <trkpt lat="37.949605" lon="-8.862261">
        <ele>6.84</ele>
      </trkpt>
      <trkpt lat="37.94958" lon="-8.862218">
        <ele>6.62</ele>
      </trkpt>
      <trkpt lat="37.949565" lon="-8.862168">
        <ele>6.35</ele>
      </trkpt>
      <trkpt lat="37.949562" lon="-8.862116">
        <ele>6.4</ele>
      </trkpt>
      <trkpt lat="37.949568" lon="-8.862062">
        <ele>6.52</ele>
      </trkpt>
      <trkpt lat="37.949557" lon="-8.862002">
        <ele>6.7</ele>
      </trkpt>
      <trkpt lat="37.949513" lon="-8.861901">
        <ele>6.94</ele>
      </trkpt>
      <trkpt lat="37.948925" lon="-8.861066">
        <ele>6</ele>
      </trkpt>
      <trkpt lat="37.948816" lon="-8.860845">
        <ele>6</ele>
      </trkpt>
      <trkpt lat="37.948545" lon="-8.860401">
        <ele>6</ele>
      </trkpt>
      <trkpt lat="37.948326" lon="-8.859973">
        <ele>6</ele>
      </trkpt>
      <trkpt lat="37.948178" lon="-8.85957">
        <ele>6.16</ele>
      </trkpt>
      <trkpt lat="37.948079" lon="-8.859245">
        <ele>6.36</ele>
      </trkpt>
      <trkpt lat="37.948001" lon="-8.858914">
        <ele>6</ele>
      </trkpt>
      <trkpt lat="37.947913" lon="-8.858626">
        <ele>6.47</ele>
      </trkpt>
      <trkpt lat="37.947873" lon="-8.858411">
        <ele>6.29</ele>
      </trkpt>
      <trkpt lat="37.947816" lon="-8.857948">
        <ele>7</ele>
      </trkpt>
      <trkpt lat="37.947721" lon="-8.856408">
        <ele>7</ele>
      </trkpt>
      <trkpt lat="37.947682" lon="-8.855941">
        <ele>7.07</ele>
      </trkpt>
      <trkpt lat="37.947657" lon="-8.855711">
        <ele>7.25</ele>
      </trkpt>
      <trkpt lat="37.947577" lon="-8.855249">
        <ele>7.66</ele>
      </trkpt>
      <trkpt lat="37.947523" lon="-8.855025">
        <ele>7.63</ele>
      </trkpt>
      <trkpt lat="37.947462" lon="-8.854826">
        <ele>7.8</ele>
      </trkpt>
      <trkpt lat="37.947389" lon="-8.854585">
        <ele>8.01</ele>
      </trkpt>
      <trkpt lat="37.947307" lon="-8.85437">
        <ele>8</ele>
      </trkpt>
      <trkpt lat="37.947124" lon="-8.853963">
        <ele>8</ele>
      </trkpt>
      <trkpt lat="37.946903" lon="-8.853586">
        <ele>8</ele>
      </trkpt>
      <trkpt lat="37.946659" lon="-8.853235">
        <ele>8.81</ele>
      </trkpt>
      <trkpt lat="37.946451" lon="-8.852982">
        <ele>8.96</ele>
      </trkpt>
      <trkpt lat="37.945526" lon="-8.851923">
        <ele>10.24</ele>
      </trkpt>
      <trkpt lat="37.945444" lon="-8.851861">
        <ele>10.89</ele>
      </trkpt>
      <trkpt lat="37.945399" lon="-8.851841">
        <ele>11</ele>
      </trkpt>
      <trkpt lat="37.945293" lon="-8.851813">
        <ele>11.06</ele>
      </trkpt>
      <trkpt lat="37.945268" lon="-8.851806">
        <ele>11.07</ele>
      </trkpt>
      <trkpt lat="37.945175" lon="-8.851811">
        <ele>11.17</ele>
      </trkpt>
      <trkpt lat="37.94513" lon="-8.851798">
        <ele>11.16</ele>
      </trkpt>
      <trkpt lat="37.945044" lon="-8.851742">
        <ele>11</ele>
      </trkpt>
      <trkpt lat="37.944978" lon="-8.851651">
        <ele>11.05</ele>
      </trkpt>
      <trkpt lat="37.944942" lon="-8.851537">
        <ele>11.18</ele>
      </trkpt>
      <trkpt lat="37.944936" lon="-8.851476">
        <ele>11.3</ele>
      </trkpt>
      <trkpt lat="37.944943" lon="-8.851387">
        <ele>11.73</ele>
      </trkpt>
      <trkpt lat="37.944903" lon="-8.851254">
        <ele>12</ele>
      </trkpt>
      <trkpt lat="37.944871" lon="-8.851168">
        <ele>12</ele>
      </trkpt>
      <trkpt lat="37.944832" lon="-8.851093">
        <ele>12</ele>
      </trkpt>
      <trkpt lat="37.944758" lon="-8.850992">
        <ele>12.23</ele>
      </trkpt>
      <trkpt lat="37.94427" lon="-8.850328">
        <ele>13.71</ele>
      </trkpt>
      <trkpt lat="37.944038" lon="-8.849962">
        <ele>15.36</ele>
      </trkpt>
      <trkpt lat="37.943825" lon="-8.849582">
        <ele>17</ele>
      </trkpt>
      <trkpt lat="37.943633" lon="-8.849183">
        <ele>17.46</ele>
      </trkpt>
      <trkpt lat="37.943467" lon="-8.848768">
        <ele>17.92</ele>
      </trkpt>
      <trkpt lat="37.943324" lon="-8.848334">
        <ele>18.4</ele>
      </trkpt>
      <trkpt lat="37.943177" lon="-8.847748">
        <ele>19.2</ele>
      </trkpt>
      <trkpt lat="37.943096" lon="-8.847283">
        <ele>19.86</ele>
      </trkpt>
      <trkpt lat="37.943039" lon="-8.846824">
        <ele>20.5</ele>
      </trkpt>
      <trkpt lat="37.943023" lon="-8.84659">
        <ele>20.83</ele>
      </trkpt>
      <trkpt lat="37.942994" lon="-8.845889">
        <ele>21.8</ele>
      </trkpt>
      <trkpt lat="37.94294" lon="-8.842998">
        <ele>25.83</ele>
      </trkpt>
      <trkpt lat="37.9429" lon="-8.842063">
        <ele>27.14</ele>
      </trkpt>
      <trkpt lat="37.942848" lon="-8.841364">
        <ele>28.11</ele>
      </trkpt>
      <trkpt lat="37.942771" lon="-8.84067">
        <ele>29.09</ele>
      </trkpt>
      <trkpt lat="37.942633" lon="-8.839748">
        <ele>30.39</ele>
      </trkpt>
      <trkpt lat="37.942547" lon="-8.839291">
        <ele>31.03</ele>
      </trkpt>
      <trkpt lat="37.9424" lon="-8.838615">
        <ele>32</ele>
      </trkpt>
      <trkpt lat="37.942289" lon="-8.838164">
        <ele>31</ele>
      </trkpt>
      <trkpt lat="37.942169" lon="-8.837716">
        <ele>30.79</ele>
      </trkpt>
      <trkpt lat="37.941965" lon="-8.837061">
        <ele>30</ele>
      </trkpt>
      <trkpt lat="37.941821" lon="-8.836632">
        <ele>30</ele>
      </trkpt>
      <trkpt lat="37.941584" lon="-8.835992">
        <ele>29.48</ele>
      </trkpt>
      <trkpt lat="37.941418" lon="-8.835569">
        <ele>29.26</ele>
      </trkpt>
      <trkpt lat="37.940693" lon="-8.833835">
        <ele>29</ele>
      </trkpt>
      <trkpt lat="37.940444" lon="-8.833201">
        <ele>28.57</ele>
      </trkpt>
      <trkpt lat="37.94037" lon="-8.832987">
        <ele>28</ele>
      </trkpt>
      <trkpt lat="37.940024" lon="-8.831805">
        <ele>26.99</ele>
      </trkpt>
      <trkpt lat="37.939953" lon="-8.831653">
        <ele>26.29</ele>
      </trkpt>
      <trkpt lat="37.939908" lon="-8.8316">
        <ele>26.04</ele>
      </trkpt>
      <trkpt lat="37.939857" lon="-8.831563">
        <ele>26</ele>
      </trkpt>
      <trkpt lat="37.939793" lon="-8.831541">
        <ele>26</ele>
      </trkpt>
      <trkpt lat="37.939623" lon="-8.831513">
        <ele>26</ele>
      </trkpt>
      <trkpt lat="37.939525" lon="-8.831494">
        <ele>26</ele>
      </trkpt>
      <trkpt lat="37.939432" lon="-8.831455">
        <ele>25.62</ele>
      </trkpt>
      <trkpt lat="37.939338" lon="-8.831392">
        <ele>25</ele>
      </trkpt>
      <trkpt lat="37.939254" lon="-8.831307">
        <ele>24.73</ele>
      </trkpt>
      <trkpt lat="37.939184" lon="-8.831205">
        <ele>24.22</ele>
      </trkpt>
      <trkpt lat="37.93913" lon="-8.831089">
        <ele>24.21</ele>
      </trkpt>
      <trkpt lat="37.939093" lon="-8.830962">
        <ele>24.05</ele>
      </trkpt>
      <trkpt lat="37.939077" lon="-8.830854">
        <ele>24</ele>
      </trkpt>
      <trkpt lat="37.939075" lon="-8.830704">
        <ele>24</ele>
      </trkpt>
      <trkpt lat="37.939029" lon="-8.83058">
        <ele>24.25</ele>
      </trkpt>
      <trkpt lat="37.938988" lon="-8.830493">
        <ele>24.7</ele>
      </trkpt>
      <trkpt lat="37.938778" lon="-8.830126">
        <ele>24.59</ele>
      </trkpt>
      <trkpt lat="37.938706" lon="-8.829926">
        <ele>24</ele>
      </trkpt>
      <trkpt lat="37.938658" lon="-8.829704">
        <ele>23.91</ele>
      </trkpt>
      <trkpt lat="37.938641" lon="-8.829581">
        <ele>23.78</ele>
      </trkpt>
      <trkpt lat="37.938617" lon="-8.829318">
        <ele>23.03</ele>
      </trkpt>
      <trkpt lat="37.938565" lon="-8.828616">
        <ele>23.69</ele>
      </trkpt>
      <trkpt lat="37.938518" lon="-8.828375">
        <ele>22.88</ele>
      </trkpt>
      <trkpt lat="37.938429" lon="-8.828127">
        <ele>22.41</ele>
      </trkpt>
      <trkpt lat="37.93664" lon="-8.823841">
        <ele>18.81</ele>
      </trkpt>
      <trkpt lat="37.935646" lon="-8.82144">
        <ele>14.17</ele>
      </trkpt>
      <trkpt lat="37.935257" lon="-8.820493">
        <ele>14.96</ele>
      </trkpt>
      <trkpt lat="37.933718" lon="-8.816841">
        <ele>14</ele>
      </trkpt>
      <trkpt lat="37.930605" lon="-8.809362">
        <ele>15.08</ele>
      </trkpt>
      <trkpt lat="37.93028" lon="-8.808733">
        <ele>14.15</ele>
      </trkpt>
      <trkpt lat="37.930099" lon="-8.808319">
        <ele>14</ele>
      </trkpt>
      <trkpt lat="37.92988" lon="-8.807793">
        <ele>14.1</ele>
      </trkpt>
      <trkpt lat="37.929753" lon="-8.80747">
        <ele>14.98</ele>
      </trkpt>
      <trkpt lat="37.929303" lon="-8.806261">
        <ele>14</ele>
      </trkpt>
      <trkpt lat="37.927807" lon="-8.802736">
        <ele>14.89</ele>
      </trkpt>
      <trkpt lat="37.927777" lon="-8.802666">
        <ele>14.94</ele>
      </trkpt>
      <trkpt lat="37.927603" lon="-8.802351">
        <ele>14.46</ele>
      </trkpt>
      <trkpt lat="37.927033" lon="-8.801646">
        <ele>13.31</ele>
      </trkpt>
      <trkpt lat="37.926653" lon="-8.801177">
        <ele>9.16</ele>
      </trkpt>
      <trkpt lat="37.926258" lon="-8.800696">
        <ele>8.41</ele>
      </trkpt>
      <trkpt lat="37.926053" lon="-8.80045">
        <ele>11.21</ele>
      </trkpt>
      <trkpt lat="37.925026" lon="-8.799218">
        <ele>13.59</ele>
      </trkpt>
      <trkpt lat="37.924117" lon="-8.797979">
        <ele>14.16</ele>
      </trkpt>
      <trkpt lat="37.921752" lon="-8.794756">
        <ele>20.9</ele>
      </trkpt>
      <trkpt lat="37.919631" lon="-8.791867">
        <ele>24.31</ele>
      </trkpt>
      <trkpt lat="37.918265" lon="-8.789998">
        <ele>25</ele>
      </trkpt>
      <trkpt lat="37.917325" lon="-8.788711">
        <ele>29</ele>
      </trkpt>
      <trkpt lat="37.914873" lon="-8.785354">
        <ele>33.82</ele>
      </trkpt>
      <trkpt lat="37.912623" lon="-8.782296">
        <ele>34</ele>
      </trkpt>
      <trkpt lat="37.911513" lon="-8.780786">
        <ele>36.69</ele>
      </trkpt>
      <trkpt lat="37.910561" lon="-8.779493">
        <ele>39</ele>
      </trkpt>
      <trkpt lat="37.908414" lon="-8.77657">
        <ele>39</ele>
      </trkpt>
      <trkpt lat="37.907712" lon="-8.775626">
        <ele>36.69</ele>
      </trkpt>
      <trkpt lat="37.907437" lon="-8.775334">
        <ele>37.66</ele>
      </trkpt>
      <trkpt lat="37.90691" lon="-8.774851">
        <ele>36.05</ele>
      </trkpt>
      <trkpt lat="37.90674" lon="-8.774696">
        <ele>37.69</ele>
      </trkpt>
      <trkpt lat="37.906472" lon="-8.774465">
        <ele>37.64</ele>
      </trkpt>
      <trkpt lat="37.906289" lon="-8.774264">
        <ele>36.72</ele>
      </trkpt>
      <trkpt lat="37.906129" lon="-8.774054">
        <ele>34.71</ele>
      </trkpt>
      <trkpt lat="37.906011" lon="-8.773843">
        <ele>32.74</ele>
      </trkpt>
      <trkpt lat="37.905892" lon="-8.773498">
        <ele>31.53</ele>
      </trkpt>
      <trkpt lat="37.905479" lon="-8.772044">
        <ele>27.14</ele>
      </trkpt>
      <trkpt lat="37.905378" lon="-8.771804">
        <ele>24.93</ele>
      </trkpt>
      <trkpt lat="37.905251" lon="-8.771618">
        <ele>24.65</ele>
      </trkpt>
      <trkpt lat="37.90518" lon="-8.771542">
        <ele>24.78</ele>
      </trkpt>
      <trkpt lat="37.905102" lon="-8.771484">
        <ele>24.67</ele>
      </trkpt>
      <trkpt lat="37.904963" lon="-8.7714">
        <ele>24.56</ele>
      </trkpt>
      <trkpt lat="37.904827" lon="-8.771351">
        <ele>24.92</ele>
      </trkpt>
      <trkpt lat="37.904588" lon="-8.771298">
        <ele>22.26</ele>
      </trkpt>
      <trkpt lat="37.904181" lon="-8.771242">
        <ele>27.02</ele>
      </trkpt>
      <trkpt lat="37.904047" lon="-8.771223">
        <ele>28.58</ele>
      </trkpt>
      <trkpt lat="37.903457" lon="-8.771186">
        <ele>30.68</ele>
      </trkpt>
      <trkpt lat="37.902867" lon="-8.771148">
        <ele>35.1</ele>
      </trkpt>
      <trkpt lat="37.902344" lon="-8.771033">
        <ele>36.39</ele>
      </trkpt>
      <trkpt lat="37.902175" lon="-8.770937">
        <ele>38.55</ele>
      </trkpt>
      <trkpt lat="37.902059" lon="-8.770835">
        <ele>38.41</ele>
      </trkpt>
      <trkpt lat="37.90179" lon="-8.770507">
        <ele>39.95</ele>
      </trkpt>
      <trkpt lat="37.901611" lon="-8.77033">
        <ele>41.91</ele>
      </trkpt>
      <trkpt lat="37.901431" lon="-8.770193">
        <ele>42.45</ele>
      </trkpt>
      <trkpt lat="37.901259" lon="-8.770106">
        <ele>43.15</ele>
      </trkpt>
      <trkpt lat="37.901077" lon="-8.770045">
        <ele>44.03</ele>
      </trkpt>
      <trkpt lat="37.899056" lon="-8.769549">
        <ele>48.45</ele>
      </trkpt>
      <trkpt lat="37.898092" lon="-8.769312">
        <ele>49.17</ele>
      </trkpt>
      <trkpt lat="37.89804" lon="-8.76929">
        <ele>49.13</ele>
      </trkpt>
      <trkpt lat="37.897843" lon="-8.769206">
        <ele>49</ele>
      </trkpt>
      <trkpt lat="37.897652" lon="-8.769104">
        <ele>49</ele>
      </trkpt>
      <trkpt lat="37.897422" lon="-8.768951">
        <ele>49.07</ele>
      </trkpt>
      <trkpt lat="37.897234" lon="-8.768799">
        <ele>49.07</ele>
      </trkpt>
      <trkpt lat="37.896994" lon="-8.768565">
        <ele>48.68</ele>
      </trkpt>
      <trkpt lat="37.896795" lon="-8.768324">
        <ele>47.59</ele>
      </trkpt>
      <trkpt lat="37.892642" lon="-8.762663">
        <ele>63</ele>
      </trkpt>
      <trkpt lat="37.8906" lon="-8.759885">
        <ele>67.87</ele>
      </trkpt>
      <trkpt lat="37.887358" lon="-8.755458">
        <ele>73.68</ele>
      </trkpt>
      <trkpt lat="37.885758" lon="-8.753299">
        <ele>74.87</ele>
      </trkpt>
      <trkpt lat="37.883565" lon="-8.750305">
        <ele>79</ele>
      </trkpt>
      <trkpt lat="37.882845" lon="-8.749324">
        <ele>81.39</ele>
      </trkpt>
      <trkpt lat="37.881945" lon="-8.748098">
        <ele>87</ele>
      </trkpt>
      <trkpt lat="37.879577" lon="-8.744866">
        <ele>99.98</ele>
      </trkpt>
      <trkpt lat="37.879434" lon="-8.744736">
        <ele>100.35</ele>
      </trkpt>
      <trkpt lat="37.879336" lon="-8.744677">
        <ele>100.11</ele>
      </trkpt>
      <trkpt lat="37.877778" lon="-8.743879">
        <ele>102.63</ele>
      </trkpt>
      <trkpt lat="37.876321" lon="-8.743134">
        <ele>104.98</ele>
      </trkpt>
      <trkpt lat="37.876144" lon="-8.743074">
        <ele>105.28</ele>
      </trkpt>
      <trkpt lat="37.875366" lon="-8.742907">
        <ele>105</ele>
      </trkpt>
      <trkpt lat="37.873652" lon="-8.742545">
        <ele>108.05</ele>
      </trkpt>
      <trkpt lat="37.873492" lon="-8.742564">
        <ele>108.75</ele>
      </trkpt>
      <trkpt lat="37.873323" lon="-8.742649">
        <ele>109.23</ele>
      </trkpt>
      <trkpt lat="37.872645" lon="-8.743156">
        <ele>110.63</ele>
      </trkpt>
      <trkpt lat="37.872194" lon="-8.743494">
        <ele>109.43</ele>
      </trkpt>
      <trkpt lat="37.872021" lon="-8.743591">
        <ele>109.14</ele>
      </trkpt>
      <trkpt lat="37.871522" lon="-8.743737">
        <ele>107.83</ele>
      </trkpt>
      <trkpt lat="37.871023" lon="-8.743884">
        <ele>109.28</ele>
      </trkpt>
      <trkpt lat="37.870921" lon="-8.743896">
        <ele>110</ele>
      </trkpt>
      <trkpt lat="37.870821" lon="-8.743882">
        <ele>110</ele>
      </trkpt>
      <trkpt lat="37.87074" lon="-8.743811">
        <ele>109.69</ele>
      </trkpt>
      <trkpt lat="37.870671" lon="-8.743733">
        <ele>109.98</ele>
      </trkpt>
      <trkpt lat="37.870294" lon="-8.743177">
        <ele>108.69</ele>
      </trkpt>
      <trkpt lat="37.870072" lon="-8.74285">
        <ele>111.16</ele>
      </trkpt>
      <trkpt lat="37.869686" lon="-8.74228">
        <ele>109.68</ele>
      </trkpt>
      <trkpt lat="37.869374" lon="-8.741821">
        <ele>110.67</ele>
      </trkpt>
      <trkpt lat="37.868983" lon="-8.741282">
        <ele>113.72</ele>
      </trkpt>
      <trkpt lat="37.868878" lon="-8.741088">
        <ele>115.29</ele>
      </trkpt>
      <trkpt lat="37.868812" lon="-8.740857">
        <ele>116.03</ele>
      </trkpt>
      <trkpt lat="37.86865" lon="-8.740184">
        <ele>117.27</ele>
      </trkpt>
      <trkpt lat="37.868407" lon="-8.739174">
        <ele>121.32</ele>
      </trkpt>
      <trkpt lat="37.868326" lon="-8.738838">
        <ele>124.02</ele>
      </trkpt>
      <trkpt lat="37.868275" lon="-8.73852">
        <ele>123.79</ele>
      </trkpt>
      <trkpt lat="37.868216" lon="-8.737812">
        <ele>125.85</ele>
      </trkpt>
      <trkpt lat="37.86817" lon="-8.737253">
        <ele>128.92</ele>
      </trkpt>
      <trkpt lat="37.868141" lon="-8.736892">
        <ele>129.05</ele>
      </trkpt>
      <trkpt lat="37.868101" lon="-8.736689">
        <ele>129.52</ele>
      </trkpt>
      <trkpt lat="37.868014" lon="-8.736505">
        <ele>129.95</ele>
      </trkpt>
      <trkpt lat="37.867677" lon="-8.736112">
        <ele>133.12</ele>
      </trkpt>
      <trkpt lat="37.867582" lon="-8.735975">
        <ele>133.79</ele>
      </trkpt>
      <trkpt lat="37.86751" lon="-8.735811">
        <ele>134.21</ele>
      </trkpt>
      <trkpt lat="37.866023" lon="-8.73025">
        <ele>147.98</ele>
      </trkpt>
      <trkpt lat="37.865848" lon="-8.729596">
        <ele>152.21</ele>
      </trkpt>
      <trkpt lat="37.865794" lon="-8.729358">
        <ele>152.23</ele>
      </trkpt>
      <trkpt lat="37.865772" lon="-8.729137">
        <ele>153.08</ele>
      </trkpt>
      <trkpt lat="37.86578" lon="-8.72886">
        <ele>153.8</ele>
      </trkpt>
      <trkpt lat="37.865808" lon="-8.728648">
        <ele>155.16</ele>
      </trkpt>
      <trkpt lat="37.865861" lon="-8.72847">
        <ele>155.78</ele>
      </trkpt>
      <trkpt lat="37.865942" lon="-8.728306">
        <ele>156.1</ele>
      </trkpt>
      <trkpt lat="37.866786" lon="-8.726916">
        <ele>159.33</ele>
      </trkpt>
      <trkpt lat="37.866894" lon="-8.726789">
        <ele>160.01</ele>
      </trkpt>
      <trkpt lat="37.867039" lon="-8.726688">
        <ele>160.79</ele>
      </trkpt>
      <trkpt lat="37.867439" lon="-8.726488">
        <ele>163.56</ele>
      </trkpt>
      <trkpt lat="37.867536" lon="-8.72642">
        <ele>163.68</ele>
      </trkpt>
      <trkpt lat="37.867607" lon="-8.726325">
        <ele>163.71</ele>
      </trkpt>
      <trkpt lat="37.867652" lon="-8.726209">
        <ele>163.83</ele>
      </trkpt>
      <trkpt lat="37.867676" lon="-8.726068">
        <ele>164.23</ele>
      </trkpt>
      <trkpt lat="37.867672" lon="-8.725103">
        <ele>167</ele>
      </trkpt>
      <trkpt lat="37.86767" lon="-8.72446">
        <ele>170.78</ele>
      </trkpt>
      <trkpt lat="37.867666" lon="-8.723495">
        <ele>172.17</ele>
      </trkpt>
      <trkpt lat="37.867659" lon="-8.723345">
        <ele>172.83</ele>
      </trkpt>
      <trkpt lat="37.867626" lon="-8.723174">
        <ele>173.08</ele>
      </trkpt>
      <trkpt lat="37.867597" lon="-8.723094">
        <ele>172.99</ele>
      </trkpt>
      <trkpt lat="37.866802" lon="-8.721299">
        <ele>176</ele>
      </trkpt>
      <trkpt lat="37.866516" lon="-8.720639">
        <ele>176.4</ele>
      </trkpt>
      <trkpt lat="37.866436" lon="-8.720474">
        <ele>176.64</ele>
      </trkpt>
      <trkpt lat="37.866357" lon="-8.720355">
        <ele>176.56</ele>
      </trkpt>
      <trkpt lat="37.866278" lon="-8.720272">
        <ele>176.58</ele>
      </trkpt>
      <trkpt lat="37.865294" lon="-8.719663">
        <ele>176.33</ele>
      </trkpt>
      <trkpt lat="37.864679" lon="-8.719266">
        <ele>174.1</ele>
      </trkpt>
      <trkpt lat="37.86393" lon="-8.718783">
        <ele>171.39</ele>
      </trkpt>
      <trkpt lat="37.863289" lon="-8.718377">
        <ele>171</ele>
      </trkpt>
      <trkpt lat="37.861719" lon="-8.717373">
        <ele>163.2</ele>
      </trkpt>
      <trkpt lat="37.8589" lon="-8.715567">
        <ele>160.41</ele>
      </trkpt>
      <trkpt lat="37.858658" lon="-8.715411">
        <ele>162.31</ele>
      </trkpt>
      <trkpt lat="37.85745" lon="-8.714634">
        <ele>161.31</ele>
      </trkpt>
      <trkpt lat="37.857208" lon="-8.714479">
        <ele>162.5</ele>
      </trkpt>
      <trkpt lat="37.856837" lon="-8.714241">
        <ele>160.92</ele>
      </trkpt>
      <trkpt lat="37.856724" lon="-8.714168">
        <ele>160.44</ele>
      </trkpt>
      <trkpt lat="37.856241" lon="-8.713857">
        <ele>164.33</ele>
      </trkpt>
      <trkpt lat="37.855757" lon="-8.713546">
        <ele>166</ele>
      </trkpt>
      <trkpt lat="37.852624" lon="-8.711536">
        <ele>164.26</ele>
      </trkpt>
      <trkpt lat="37.851904" lon="-8.711076">
        <ele>161.53</ele>
      </trkpt>
      <trkpt lat="37.851262" lon="-8.710665">
        <ele>165.18</ele>
      </trkpt>
      <trkpt lat="37.849793" lon="-8.709725">
        <ele>165.22</ele>
      </trkpt>
      <trkpt lat="37.847898" lon="-8.708516">
        <ele>168</ele>
      </trkpt>
      <trkpt lat="37.846315" lon="-8.707505">
        <ele>163.52</ele>
      </trkpt>
      <trkpt lat="37.84549" lon="-8.706979">
        <ele>166.13</ele>
      </trkpt>
      <trkpt lat="37.844523" lon="-8.706361">
        <ele>162.22</ele>
      </trkpt>
      <trkpt lat="37.842589" lon="-8.705127">
        <ele>165</ele>
      </trkpt>
      <trkpt lat="37.840147" lon="-8.703566">
        <ele>164.16</ele>
      </trkpt>
      <trkpt lat="37.839922" lon="-8.703456">
        <ele>164.13</ele>
      </trkpt>
      <trkpt lat="37.839713" lon="-8.703393">
        <ele>164</ele>
      </trkpt>
      <trkpt lat="37.839487" lon="-8.703359">
        <ele>164</ele>
      </trkpt>
      <trkpt lat="37.839274" lon="-8.703376">
        <ele>163.61</ele>
      </trkpt>
      <trkpt lat="37.839044" lon="-8.703423">
        <ele>163</ele>
      </trkpt>
      <trkpt lat="37.838839" lon="-8.703514">
        <ele>162.21</ele>
      </trkpt>
      <trkpt lat="37.838634" lon="-8.703652">
        <ele>160.76</ele>
      </trkpt>
      <trkpt lat="37.838421" lon="-8.703826">
        <ele>159.86</ele>
      </trkpt>
      <trkpt lat="37.838014" lon="-8.704196">
        <ele>158.7</ele>
      </trkpt>
      <trkpt lat="37.837844" lon="-8.70433">
        <ele>158.56</ele>
      </trkpt>
      <trkpt lat="37.837674" lon="-8.704418">
        <ele>157.87</ele>
      </trkpt>
      <trkpt lat="37.837457" lon="-8.704499">
        <ele>156.76</ele>
      </trkpt>
      <trkpt lat="37.837246" lon="-8.704513">
        <ele>155.64</ele>
      </trkpt>
      <trkpt lat="37.837033" lon="-8.704481">
        <ele>155.3</ele>
      </trkpt>
      <trkpt lat="37.836784" lon="-8.704383">
        <ele>155.14</ele>
      </trkpt>
      <trkpt lat="37.836643" lon="-8.704287">
        <ele>156.11</ele>
      </trkpt>
      <trkpt lat="37.836223" lon="-8.703953">
        <ele>158.46</ele>
      </trkpt>
      <trkpt lat="37.836018" lon="-8.703835">
        <ele>158.15</ele>
      </trkpt>
      <trkpt lat="37.835842" lon="-8.70376">
        <ele>157.14</ele>
      </trkpt>
      <trkpt lat="37.835691" lon="-8.703733">
        <ele>156.89</ele>
      </trkpt>
      <trkpt lat="37.835529" lon="-8.703719">
        <ele>156.81</ele>
      </trkpt>
      <trkpt lat="37.835415" lon="-8.703728">
        <ele>156.74</ele>
      </trkpt>
      <trkpt lat="37.835187" lon="-8.703746">
        <ele>156.6</ele>
      </trkpt>
      <trkpt lat="37.834965" lon="-8.703743">
        <ele>155.9</ele>
      </trkpt>
      <trkpt lat="37.83469" lon="-8.703696">
        <ele>155.68</ele>
      </trkpt>
      <trkpt lat="37.834368" lon="-8.703575">
        <ele>154.63</ele>
      </trkpt>
      <trkpt lat="37.834113" lon="-8.703427">
        <ele>156.21</ele>
      </trkpt>
      <trkpt lat="37.833673" lon="-8.70316">
        <ele>161.07</ele>
      </trkpt>
      <trkpt lat="37.832846" lon="-8.702597">
        <ele>165</ele>
      </trkpt>
      <trkpt lat="37.831738" lon="-8.701616">
        <ele>162</ele>
      </trkpt>
      <trkpt lat="37.830527" lon="-8.700448">
        <ele>155.86</ele>
      </trkpt>
      <trkpt lat="37.830393" lon="-8.700287">
        <ele>155.54</ele>
      </trkpt>
      <trkpt lat="37.830262" lon="-8.700025">
        <ele>155.2</ele>
      </trkpt>
      <trkpt lat="37.82955" lon="-8.698521">
        <ele>151.59</ele>
      </trkpt>
      <trkpt lat="37.829409" lon="-8.698275">
        <ele>151.17</ele>
      </trkpt>
      <trkpt lat="37.829283" lon="-8.698103">
        <ele>150.95</ele>
      </trkpt>
      <trkpt lat="37.829127" lon="-8.697958">
        <ele>150.32</ele>
      </trkpt>
      <trkpt lat="37.828942" lon="-8.697833">
        <ele>149.28</ele>
      </trkpt>
      <trkpt lat="37.828711" lon="-8.697746">
        <ele>148.99</ele>
      </trkpt>
      <trkpt lat="37.828205" lon="-8.69765">
        <ele>146.65</ele>
      </trkpt>
      <trkpt lat="37.828135" lon="-8.697627">
        <ele>146.39</ele>
      </trkpt>
      <trkpt lat="37.827951" lon="-8.697599">
        <ele>146.23</ele>
      </trkpt>
      <trkpt lat="37.827402" lon="-8.697482">
        <ele>148.91</ele>
      </trkpt>
      <trkpt lat="37.827192" lon="-8.697395">
        <ele>149.96</ele>
      </trkpt>
      <trkpt lat="37.827057" lon="-8.697305">
        <ele>150.79</ele>
      </trkpt>
      <trkpt lat="37.826936" lon="-8.697199">
        <ele>150.26</ele>
      </trkpt>
      <trkpt lat="37.826783" lon="-8.697026">
        <ele>151.35</ele>
      </trkpt>
      <trkpt lat="37.826759" lon="-8.696986">
        <ele>151.5</ele>
      </trkpt>
      <trkpt lat="37.826614" lon="-8.696747">
        <ele>152.45</ele>
      </trkpt>
      <trkpt lat="37.826117" lon="-8.695896">
        <ele>151.6</ele>
      </trkpt>
      <trkpt lat="37.825289" lon="-8.694479">
        <ele>147</ele>
      </trkpt>
      <trkpt lat="37.824627" lon="-8.693345">
        <ele>146.36</ele>
      </trkpt>
      <trkpt lat="37.824461" lon="-8.693061">
        <ele>144.86</ele>
      </trkpt>
      <trkpt lat="37.824147" lon="-8.692491">
        <ele>143.97</ele>
      </trkpt>
      <trkpt lat="37.82388" lon="-8.691868">
        <ele>141.43</ele>
      </trkpt>
      <trkpt lat="37.823166" lon="-8.690225">
        <ele>138.06</ele>
      </trkpt>
      <trkpt lat="37.821175" lon="-8.685594">
        <ele>132.89</ele>
      </trkpt>
      <trkpt lat="37.821059" lon="-8.685338">
        <ele>132.31</ele>
      </trkpt>
      <trkpt lat="37.820922" lon="-8.68511">
        <ele>132.21</ele>
      </trkpt>
      <trkpt lat="37.82079" lon="-8.684929">
        <ele>132.18</ele>
      </trkpt>
      <trkpt lat="37.820611" lon="-8.68474">
        <ele>132</ele>
      </trkpt>
      <trkpt lat="37.819221" lon="-8.683514">
        <ele>132.2</ele>
      </trkpt>
      <trkpt lat="37.819086" lon="-8.683424">
        <ele>132.82</ele>
      </trkpt>
      <trkpt lat="37.818949" lon="-8.683346">
        <ele>133.86</ele>
      </trkpt>
      <trkpt lat="37.818799" lon="-8.683284">
        <ele>134.96</ele>
      </trkpt>
      <trkpt lat="37.818716" lon="-8.683264">
        <ele>134.95</ele>
      </trkpt>
      <trkpt lat="37.818524" lon="-8.68327">
        <ele>135.91</ele>
      </trkpt>
      <trkpt lat="37.818289" lon="-8.683295">
        <ele>136.94</ele>
      </trkpt>
      <trkpt lat="37.816645" lon="-8.68365">
        <ele>143.95</ele>
      </trkpt>
      <trkpt lat="37.816513" lon="-8.683658">
        <ele>144.18</ele>
      </trkpt>
      <trkpt lat="37.816345" lon="-8.683649">
        <ele>145.15</ele>
      </trkpt>
      <trkpt lat="37.815616" lon="-8.683584">
        <ele>148.5</ele>
      </trkpt>
      <trkpt lat="37.815385" lon="-8.683555">
        <ele>150.85</ele>
      </trkpt>
      <trkpt lat="37.815259" lon="-8.683506">
        <ele>151.42</ele>
      </trkpt>
      <trkpt lat="37.815149" lon="-8.683431">
        <ele>152.2</ele>
      </trkpt>
      <trkpt lat="37.815066" lon="-8.683343">
        <ele>152.66</ele>
      </trkpt>
      <trkpt lat="37.814979" lon="-8.683192">
        <ele>153.53</ele>
      </trkpt>
      <trkpt lat="37.814708" lon="-8.682441">
        <ele>157.84</ele>
      </trkpt>
      <trkpt lat="37.814614" lon="-8.68225">
        <ele>159.27</ele>
      </trkpt>
      <trkpt lat="37.814549" lon="-8.682165">
        <ele>160.27</ele>
      </trkpt>
      <trkpt lat="37.814466" lon="-8.682101">
        <ele>160.79</ele>
      </trkpt>
      <trkpt lat="37.81437" lon="-8.682045">
        <ele>161.35</ele>
      </trkpt>
      <trkpt lat="37.814254" lon="-8.682002">
        <ele>161.63</ele>
      </trkpt>
      <trkpt lat="37.814126" lon="-8.681971">
        <ele>161.81</ele>
      </trkpt>
      <trkpt lat="37.813061" lon="-8.681819">
        <ele>160.81</ele>
      </trkpt>
      <trkpt lat="37.812792" lon="-8.681744">
        <ele>160</ele>
      </trkpt>
      <trkpt lat="37.812549" lon="-8.681644">
        <ele>159.46</ele>
      </trkpt>
      <trkpt lat="37.811605" lon="-8.681125">
        <ele>162.36</ele>
      </trkpt>
      <trkpt lat="37.811479" lon="-8.681042">
        <ele>163.08</ele>
      </trkpt>
      <trkpt lat="37.811479" lon="-8.681042">
        <ele>163.08</ele>
      </trkpt>
      <trkpt lat="37.811317" lon="-8.680936">
        <ele>164</ele>
      </trkpt>
      <trkpt lat="37.811221" lon="-8.680828">
        <ele>164.15</ele>
      </trkpt>
      <trkpt lat="37.810723" lon="-8.680011">
        <ele>160.97</ele>
      </trkpt>
      <trkpt lat="37.81063" lon="-8.679897">
        <ele>160.37</ele>
      </trkpt>
      <trkpt lat="37.81053" lon="-8.679817">
        <ele>160.53</ele>
      </trkpt>
      <trkpt lat="37.810399" lon="-8.679794">
        <ele>160.65</ele>
      </trkpt>
      <trkpt lat="37.81026" lon="-8.679805">
        <ele>160.96</ele>
      </trkpt>
      <trkpt lat="37.809371" lon="-8.68008">
        <ele>159.26</ele>
      </trkpt>
      <trkpt lat="37.809274" lon="-8.680095">
        <ele>159.05</ele>
      </trkpt>
      <trkpt lat="37.809166" lon="-8.680097">
        <ele>158.61</ele>
      </trkpt>
      <trkpt lat="37.80904" lon="-8.680068">
        <ele>157.91</ele>
      </trkpt>
      <trkpt lat="37.808536" lon="-8.679823">
        <ele>154.69</ele>
      </trkpt>
      <trkpt lat="37.808263" lon="-8.679721">
        <ele>152.93</ele>
      </trkpt>
      <trkpt lat="37.807696" lon="-8.679555">
        <ele>151.12</ele>
      </trkpt>
      <trkpt lat="37.807507" lon="-8.679461">
        <ele>150.31</ele>
      </trkpt>
      <trkpt lat="37.807301" lon="-8.679317">
        <ele>148.99</ele>
      </trkpt>
      <trkpt lat="37.806944" lon="-8.679009">
        <ele>145.64</ele>
      </trkpt>
      <trkpt lat="37.806707" lon="-8.678863">
        <ele>144.04</ele>
      </trkpt>
      <trkpt lat="37.806324" lon="-8.678713">
        <ele>142.8</ele>
      </trkpt>
      <trkpt lat="37.804658" lon="-8.6782">
        <ele>141.44</ele>
      </trkpt>
      <trkpt lat="37.8045" lon="-8.678139">
        <ele>141.07</ele>
      </trkpt>
      <trkpt lat="37.804156" lon="-8.67792">
        <ele>140.21</ele>
      </trkpt>
      <trkpt lat="37.804084" lon="-8.677851">
        <ele>139.94</ele>
      </trkpt>
      <trkpt lat="37.803978" lon="-8.677716">
        <ele>141.78</ele>
      </trkpt>
      <trkpt lat="37.803927" lon="-8.677628">
        <ele>142.44</ele>
      </trkpt>
      <trkpt lat="37.803787" lon="-8.677322">
        <ele>142.44</ele>
      </trkpt>
      <trkpt lat="37.803649" lon="-8.676963">
        <ele>143.84</ele>
      </trkpt>
      <trkpt lat="37.803631" lon="-8.676867">
        <ele>144.79</ele>
      </trkpt>
      <trkpt lat="37.803628" lon="-8.676786">
        <ele>145.54</ele>
      </trkpt>
      <trkpt lat="37.803635" lon="-8.676716">
        <ele>146.16</ele>
      </trkpt>
      <trkpt lat="37.803659" lon="-8.676635">
        <ele>146.73</ele>
      </trkpt>
      <trkpt lat="37.803728" lon="-8.676523">
        <ele>146.94</ele>
      </trkpt>
      <trkpt lat="37.803813" lon="-8.676419">
        <ele>147.46</ele>
      </trkpt>
      <trkpt lat="37.803847" lon="-8.676364">
        <ele>147.01</ele>
      </trkpt>
      <trkpt lat="37.803873" lon="-8.676294">
        <ele>146.61</ele>
      </trkpt>
      <trkpt lat="37.803889" lon="-8.676143">
        <ele>146.07</ele>
      </trkpt>
      <trkpt lat="37.803881" lon="-8.676059">
        <ele>146</ele>
      </trkpt>
      <trkpt lat="37.803828" lon="-8.675874">
        <ele>145.2</ele>
      </trkpt>
      <trkpt lat="37.803773" lon="-8.675782">
        <ele>145.12</ele>
      </trkpt>
      <trkpt lat="37.803709" lon="-8.675693">
        <ele>145.62</ele>
      </trkpt>
      <trkpt lat="37.803634" lon="-8.675615">
        <ele>145.71</ele>
      </trkpt>
      <trkpt lat="37.803253" lon="-8.67538">
        <ele>147.92</ele>
      </trkpt>
      <trkpt lat="37.803176" lon="-8.675345">
        <ele>148.42</ele>
      </trkpt>
      <trkpt lat="37.802822" lon="-8.675244">
        <ele>151.46</ele>
      </trkpt>
      <trkpt lat="37.802755" lon="-8.675215">
        <ele>152.12</ele>
      </trkpt>
      <trkpt lat="37.80269" lon="-8.675168">
        <ele>152.32</ele>
      </trkpt>
      <trkpt lat="37.802641" lon="-8.67511">
        <ele>152.35</ele>
      </trkpt>
      <trkpt lat="37.802611" lon="-8.675058">
        <ele>152.43</ele>
      </trkpt>
      <trkpt lat="37.802446" lon="-8.67436">
        <ele>155.23</ele>
      </trkpt>
      <trkpt lat="37.802393" lon="-8.674218">
        <ele>156.13</ele>
      </trkpt>
      <trkpt lat="37.802179" lon="-8.673807">
        <ele>156.8</ele>
      </trkpt>
      <trkpt lat="37.801795" lon="-8.673111">
        <ele>152.9</ele>
      </trkpt>
      <trkpt lat="37.801671" lon="-8.672872">
        <ele>151.99</ele>
      </trkpt>
      <trkpt lat="37.801495" lon="-8.672584">
        <ele>150.85</ele>
      </trkpt>
      <trkpt lat="37.801375" lon="-8.672463">
        <ele>151</ele>
      </trkpt>
      <trkpt lat="37.800914" lon="-8.672028">
        <ele>151</ele>
      </trkpt>
      <trkpt lat="37.800684" lon="-8.672014">
        <ele>151</ele>
      </trkpt>
      <trkpt lat="37.800503" lon="-8.672044">
        <ele>151</ele>
      </trkpt>
      <trkpt lat="37.800471" lon="-8.67206">
        <ele>151</ele>
      </trkpt>
      <trkpt lat="37.800401" lon="-8.672067">
        <ele>151.36</ele>
      </trkpt>
      <trkpt lat="37.800297" lon="-8.672166">
        <ele>152</ele>
      </trkpt>
      <trkpt lat="37.800221" lon="-8.672299">
        <ele>152.34</ele>
      </trkpt>
      <trkpt lat="37.800182" lon="-8.672365">
        <ele>152.52</ele>
      </trkpt>
      <trkpt lat="37.80007" lon="-8.672653">
        <ele>153.19</ele>
      </trkpt>
      <trkpt lat="37.800026" lon="-8.672734">
        <ele>153.82</ele>
      </trkpt>
      <trkpt lat="37.799187" lon="-8.673915">
        <ele>158.04</ele>
      </trkpt>
      <trkpt lat="37.798957" lon="-8.674291">
        <ele>157.3</ele>
      </trkpt>
      <trkpt lat="37.798917" lon="-8.674369">
        <ele>157</ele>
      </trkpt>
      <trkpt lat="37.798884" lon="-8.674463">
        <ele>157</ele>
      </trkpt>
      <trkpt lat="37.798871" lon="-8.674526">
        <ele>156.92</ele>
      </trkpt>
      <trkpt lat="37.798819" lon="-8.675175">
        <ele>155</ele>
      </trkpt>
      <trkpt lat="37.798818" lon="-8.67539">
        <ele>154.9</ele>
      </trkpt>
      <trkpt lat="37.79891" lon="-8.675732">
        <ele>152.94</ele>
      </trkpt>
      <trkpt lat="37.798923" lon="-8.675878">
        <ele>152.28</ele>
      </trkpt>
      <trkpt lat="37.79902" lon="-8.677414">
        <ele>149.49</ele>
      </trkpt>
      <trkpt lat="37.799031" lon="-8.677736">
        <ele>150.79</ele>
      </trkpt>
      <trkpt lat="37.799023" lon="-8.677861">
        <ele>151.29</ele>
      </trkpt>
      <trkpt lat="37.798966" lon="-8.678118">
        <ele>152.33</ele>
      </trkpt>
      <trkpt lat="37.798932" lon="-8.678213">
        <ele>152.73</ele>
      </trkpt>
      <trkpt lat="37.798878" lon="-8.678326">
        <ele>153.21</ele>
      </trkpt>
      <trkpt lat="37.797535" lon="-8.680601">
        <ele>163.53</ele>
      </trkpt>
      <trkpt lat="37.797431" lon="-8.680803">
        <ele>164.41</ele>
      </trkpt>
      <trkpt lat="37.797364" lon="-8.680957">
        <ele>165.07</ele>
      </trkpt>
      <trkpt lat="37.797316" lon="-8.681103">
        <ele>165.67</ele>
      </trkpt>
      <trkpt lat="37.797275" lon="-8.681293">
        <ele>166.43</ele>
      </trkpt>
      <trkpt lat="37.797258" lon="-8.681538">
        <ele>167.39</ele>
      </trkpt>
      <trkpt lat="37.797241" lon="-8.6835">
        <ele>175.09</ele>
      </trkpt>
      <trkpt lat="37.797231" lon="-8.683646">
        <ele>175.66</ele>
      </trkpt>
      <trkpt lat="37.797207" lon="-8.683782">
        <ele>176.2</ele>
      </trkpt>
      <trkpt lat="37.797186" lon="-8.683843">
        <ele>176.46</ele>
      </trkpt>
      <trkpt lat="37.797144" lon="-8.68396">
        <ele>176.96</ele>
      </trkpt>
      <trkpt lat="37.796703" lon="-8.684877">
        <ele>180.26</ele>
      </trkpt>
      <trkpt lat="37.796564" lon="-8.685249">
        <ele>183</ele>
      </trkpt>
      <trkpt lat="37.796525" lon="-8.68539">
        <ele>183.49</ele>
      </trkpt>
      <trkpt lat="37.796213" lon="-8.686967">
        <ele>189.07</ele>
      </trkpt>
      <trkpt lat="37.796069" lon="-8.687751">
        <ele>191.22</ele>
      </trkpt>
      <trkpt lat="37.795857" lon="-8.68847">
        <ele>193.15</ele>
      </trkpt>
      <trkpt lat="37.79568" lon="-8.68937">
        <ele>196.04</ele>
      </trkpt>
      <trkpt lat="37.795461" lon="-8.69044">
        <ele>197.7</ele>
      </trkpt>
      <trkpt lat="37.795362" lon="-8.690877">
        <ele>197.87</ele>
      </trkpt>
      <trkpt lat="37.795275" lon="-8.691171">
        <ele>198.99</ele>
      </trkpt>
      <trkpt lat="37.795195" lon="-8.691407">
        <ele>199.9</ele>
      </trkpt>
      <trkpt lat="37.795135" lon="-8.691559">
        <ele>200.91</ele>
      </trkpt>
      <trkpt lat="37.794953" lon="-8.691916">
        <ele>201.74</ele>
      </trkpt>
      <trkpt lat="37.794749" lon="-8.692285">
        <ele>202.32</ele>
      </trkpt>
      <trkpt lat="37.79448" lon="-8.692643">
        <ele>203.93</ele>
      </trkpt>
      <trkpt lat="37.794236" lon="-8.692927">
        <ele>205.72</ele>
      </trkpt>
      <trkpt lat="37.794033" lon="-8.69313">
        <ele>207.17</ele>
      </trkpt>
      <trkpt lat="37.793818" lon="-8.69331">
        <ele>209.03</ele>
      </trkpt>
      <trkpt lat="37.793178" lon="-8.693851">
        <ele>203.99</ele>
      </trkpt>
      <trkpt lat="37.791904" lon="-8.694936">
        <ele>197</ele>
      </trkpt>
      <trkpt lat="37.79104" lon="-8.695683">
        <ele>198</ele>
      </trkpt>
      <trkpt lat="37.79104" lon="-8.695683">
        <ele>198</ele>
      </trkpt>
      <trkpt lat="37.789429" lon="-8.697069">
        <ele>205.43</ele>
      </trkpt>
      <trkpt lat="37.789224" lon="-8.697276">
        <ele>207.02</ele>
      </trkpt>
      <trkpt lat="37.788954" lon="-8.69762">
        <ele>207.73</ele>
      </trkpt>
      <trkpt lat="37.78833" lon="-8.698617">
        <ele>209.71</ele>
      </trkpt>
      <trkpt lat="37.788135" lon="-8.698952">
        <ele>211.04</ele>
      </trkpt>
      <trkpt lat="37.788027" lon="-8.699199">
        <ele>211.89</ele>
      </trkpt>
      <trkpt lat="37.787928" lon="-8.699467">
        <ele>212.13</ele>
      </trkpt>
      <trkpt lat="37.787579" lon="-8.700482">
        <ele>210.61</ele>
      </trkpt>
      <trkpt lat="37.787352" lon="-8.70124">
        <ele>210.8</ele>
      </trkpt>
      <trkpt lat="37.78717" lon="-8.701923">
        <ele>211.85</ele>
      </trkpt>
      <trkpt lat="37.787078" lon="-8.702425">
        <ele>212.8</ele>
      </trkpt>
      <trkpt lat="37.786905" lon="-8.70356">
        <ele>214.27</ele>
      </trkpt>
      <trkpt lat="37.786858" lon="-8.703975">
        <ele>215.3</ele>
      </trkpt>
      <trkpt lat="37.786848" lon="-8.704369">
        <ele>216.97</ele>
      </trkpt>
      <trkpt lat="37.786859" lon="-8.704579">
        <ele>217</ele>
      </trkpt>
      <trkpt lat="37.786915" lon="-8.705006">
        <ele>217.83</ele>
      </trkpt>
      <trkpt lat="37.787159" lon="-8.70668">
        <ele>218.65</ele>
      </trkpt>
      <trkpt lat="37.787375" lon="-8.708162">
        <ele>223.13</ele>
      </trkpt>
      <trkpt lat="37.787413" lon="-8.708505">
        <ele>224.16</ele>
      </trkpt>
      <trkpt lat="37.787421" lon="-8.708705">
        <ele>225.4</ele>
      </trkpt>
      <trkpt lat="37.787409" lon="-8.708882">
        <ele>225.06</ele>
      </trkpt>
      <trkpt lat="37.787344" lon="-8.709147">
        <ele>224.43</ele>
      </trkpt>
      <trkpt lat="37.787276" lon="-8.709306">
        <ele>223.19</ele>
      </trkpt>
      <trkpt lat="37.787084" lon="-8.709654">
        <ele>218.86</ele>
      </trkpt>
      <trkpt lat="37.787042" lon="-8.709759">
        <ele>218.17</ele>
      </trkpt>
      <trkpt lat="37.78701" lon="-8.709899">
        <ele>216.69</ele>
      </trkpt>
      <trkpt lat="37.786967" lon="-8.710153">
        <ele>214.7</ele>
      </trkpt>
      <trkpt lat="37.786927" lon="-8.710338">
        <ele>213.9</ele>
      </trkpt>
      <trkpt lat="37.786875" lon="-8.710517">
        <ele>212.3</ele>
      </trkpt>
      <trkpt lat="37.786821" lon="-8.710634">
        <ele>210.98</ele>
      </trkpt>
      <trkpt lat="37.786738" lon="-8.710758">
        <ele>209.62</ele>
      </trkpt>
      <trkpt lat="37.786624" lon="-8.710897">
        <ele>208.28</ele>
      </trkpt>
      <trkpt lat="37.786511" lon="-8.710995">
        <ele>207.66</ele>
      </trkpt>
      <trkpt lat="37.786395" lon="-8.711072">
        <ele>206.75</ele>
      </trkpt>
      <trkpt lat="37.786284" lon="-8.711132">
        <ele>205.69</ele>
      </trkpt>
      <trkpt lat="37.786173" lon="-8.711175">
        <ele>205.22</ele>
      </trkpt>
      <trkpt lat="37.786075" lon="-8.711193">
        <ele>203.81</ele>
      </trkpt>
      <trkpt lat="37.78596" lon="-8.711196">
        <ele>203.01</ele>
      </trkpt>
      <trkpt lat="37.785835" lon="-8.711184">
        <ele>202.23</ele>
      </trkpt>
      <trkpt lat="37.785439" lon="-8.711087">
        <ele>198.27</ele>
      </trkpt>
      <trkpt lat="37.785152" lon="-8.711067">
        <ele>196.65</ele>
      </trkpt>
      <trkpt lat="37.784926" lon="-8.71107">
        <ele>195.12</ele>
      </trkpt>
      <trkpt lat="37.784692" lon="-8.711094">
        <ele>193.71</ele>
      </trkpt>
      <trkpt lat="37.783865" lon="-8.711178">
        <ele>188.75</ele>
      </trkpt>
      <trkpt lat="37.782805" lon="-8.711155">
        <ele>183.01</ele>
      </trkpt>
      <trkpt lat="37.782275" lon="-8.711143">
        <ele>178.31</ele>
      </trkpt>
      <trkpt lat="37.781745" lon="-8.711132">
        <ele>179.19</ele>
      </trkpt>
      <trkpt lat="37.781604" lon="-8.71112">
        <ele>178.67</ele>
      </trkpt>
      <trkpt lat="37.781467" lon="-8.711089">
        <ele>178.02</ele>
      </trkpt>
      <trkpt lat="37.781119" lon="-8.71095">
        <ele>176.93</ele>
      </trkpt>
      <trkpt lat="37.781014" lon="-8.710925">
        <ele>176.3</ele>
      </trkpt>
      <trkpt lat="37.780941" lon="-8.71092">
        <ele>175.79</ele>
      </trkpt>
      <trkpt lat="37.780798" lon="-8.710948">
        <ele>174.77</ele>
      </trkpt>
      <trkpt lat="37.780668" lon="-8.711036">
        <ele>174.16</ele>
      </trkpt>
      <trkpt lat="37.780614" lon="-8.711096">
        <ele>173.63</ele>
      </trkpt>
      <trkpt lat="37.780549" lon="-8.711192">
        <ele>172.7</ele>
      </trkpt>
      <trkpt lat="37.780474" lon="-8.711368">
        <ele>172.37</ele>
      </trkpt>
      <trkpt lat="37.780455" lon="-8.711465">
        <ele>171.7</ele>
      </trkpt>
      <trkpt lat="37.780444" lon="-8.711576">
        <ele>171.73</ele>
      </trkpt>
      <trkpt lat="37.780464" lon="-8.711716">
        <ele>171.77</ele>
      </trkpt>
      <trkpt lat="37.780498" lon="-8.711827">
        <ele>172.06</ele>
      </trkpt>
      <trkpt lat="37.780546" lon="-8.711915">
        <ele>172.85</ele>
      </trkpt>
      <trkpt lat="37.780604" lon="-8.711976">
        <ele>173.11</ele>
      </trkpt>
      <trkpt lat="37.780783" lon="-8.712104">
        <ele>171.07</ele>
      </trkpt>
      <trkpt lat="37.781521" lon="-8.712511">
        <ele>160.85</ele>
      </trkpt>
      <trkpt lat="37.78165" lon="-8.71261">
        <ele>159.16</ele>
      </trkpt>
      <trkpt lat="37.781723" lon="-8.712702">
        <ele>157.53</ele>
      </trkpt>
      <trkpt lat="37.781789" lon="-8.712802">
        <ele>157.09</ele>
      </trkpt>
      <trkpt lat="37.781875" lon="-8.712983">
        <ele>157.35</ele>
      </trkpt>
      <trkpt lat="37.782028" lon="-8.713525">
        <ele>156.23</ele>
      </trkpt>
      <trkpt lat="37.782317" lon="-8.714222">
        <ele>154.09</ele>
      </trkpt>
      <trkpt lat="37.782412" lon="-8.714428">
        <ele>153.4</ele>
      </trkpt>
      <trkpt lat="37.782461" lon="-8.714511">
        <ele>152.47</ele>
      </trkpt>
      <trkpt lat="37.782584" lon="-8.714662">
        <ele>150.52</ele>
      </trkpt>
      <trkpt lat="37.783462" lon="-8.715589">
        <ele>145.36</ele>
      </trkpt>
      <trkpt lat="37.783681" lon="-8.715821">
        <ele>141.19</ele>
      </trkpt>
      <trkpt lat="37.78412" lon="-8.716285">
        <ele>141.26</ele>
      </trkpt>
      <trkpt lat="37.784205" lon="-8.716388">
        <ele>139.33</ele>
      </trkpt>
      <trkpt lat="37.784266" lon="-8.716491">
        <ele>137.99</ele>
      </trkpt>
      <trkpt lat="37.784376" lon="-8.716719">
        <ele>137.71</ele>
      </trkpt>
      <trkpt lat="37.784439" lon="-8.716894">
        <ele>136.71</ele>
      </trkpt>
      <trkpt lat="37.784472" lon="-8.717046">
        <ele>135.54</ele>
      </trkpt>
      <trkpt lat="37.784497" lon="-8.717216">
        <ele>134.35</ele>
      </trkpt>
      <trkpt lat="37.784511" lon="-8.717803">
        <ele>131.55</ele>
      </trkpt>
      <trkpt lat="37.784508" lon="-8.717911">
        <ele>131.01</ele>
      </trkpt>
      <trkpt lat="37.784488" lon="-8.718072">
        <ele>129.55</ele>
      </trkpt>
      <trkpt lat="37.784445" lon="-8.718242">
        <ele>128.49</ele>
      </trkpt>
      <trkpt lat="37.784385" lon="-8.718409">
        <ele>128.17</ele>
      </trkpt>
      <trkpt lat="37.784212" lon="-8.718816">
        <ele>127.88</ele>
      </trkpt>
      <trkpt lat="37.783377" lon="-8.720556">
        <ele>119.32</ele>
      </trkpt>
      <trkpt lat="37.783201" lon="-8.720832">
        <ele>116.16</ele>
      </trkpt>
      <trkpt lat="37.783113" lon="-8.720935">
        <ele>115.37</ele>
      </trkpt>
      <trkpt lat="37.782815" lon="-8.721165">
        <ele>112.93</ele>
      </trkpt>
      <trkpt lat="37.782189" lon="-8.721555">
        <ele>109.33</ele>
      </trkpt>
      <trkpt lat="37.780947" lon="-8.722317">
        <ele>113.39</ele>
      </trkpt>
      <trkpt lat="37.780735" lon="-8.722482">
        <ele>113.75</ele>
      </trkpt>
      <trkpt lat="37.78056" lon="-8.722683">
        <ele>113.4</ele>
      </trkpt>
      <trkpt lat="37.780435" lon="-8.722965">
        <ele>112.95</ele>
      </trkpt>
      <trkpt lat="37.780365" lon="-8.723283">
        <ele>113.69</ele>
      </trkpt>
      <trkpt lat="37.78033" lon="-8.723656">
        <ele>114.99</ele>
      </trkpt>
      <trkpt lat="37.780349" lon="-8.724031">
        <ele>114.32</ele>
      </trkpt>
      <trkpt lat="37.780406" lon="-8.724617">
        <ele>116.31</ele>
      </trkpt>
      <trkpt lat="37.780399" lon="-8.724892">
        <ele>117</ele>
      </trkpt>
      <trkpt lat="37.780363" lon="-8.725132">
        <ele>116.76</ele>
      </trkpt>
      <trkpt lat="37.780307" lon="-8.725287">
        <ele>116.15</ele>
      </trkpt>
      <trkpt lat="37.780242" lon="-8.725435">
        <ele>116</ele>
      </trkpt>
      <trkpt lat="37.779989" lon="-8.725854">
        <ele>114.47</ele>
      </trkpt>
      <trkpt lat="37.779583" lon="-8.726354">
        <ele>113.9</ele>
      </trkpt>
      <trkpt lat="37.77854" lon="-8.727416">
        <ele>107.37</ele>
      </trkpt>
      <trkpt lat="37.778132" lon="-8.727831">
        <ele>106.94</ele>
      </trkpt>
      <trkpt lat="37.77708" lon="-8.728903">
        <ele>103</ele>
      </trkpt>
      <trkpt lat="37.776563" lon="-8.72939">
        <ele>101.69</ele>
      </trkpt>
      <trkpt lat="37.775862" lon="-8.730107">
        <ele>101.36</ele>
      </trkpt>
      <trkpt lat="37.775576" lon="-8.730439">
        <ele>101</ele>
      </trkpt>
      <trkpt lat="37.775317" lon="-8.730795">
        <ele>99.67</ele>
      </trkpt>
      <trkpt lat="37.774604" lon="-8.731843">
        <ele>100.2</ele>
      </trkpt>
      <trkpt lat="37.774381" lon="-8.732148">
        <ele>100.22</ele>
      </trkpt>
      <trkpt lat="37.774103" lon="-8.732498">
        <ele>99.3</ele>
      </trkpt>
      <trkpt lat="37.773627" lon="-8.73301">
        <ele>98.59</ele>
      </trkpt>
      <trkpt lat="37.772857" lon="-8.733844">
        <ele>93.96</ele>
      </trkpt>
      <trkpt lat="37.772332" lon="-8.734393">
        <ele>91.94</ele>
      </trkpt>
      <trkpt lat="37.770422" lon="-8.736422">
        <ele>85.01</ele>
      </trkpt>
      <trkpt lat="37.770012" lon="-8.736858">
        <ele>85.04</ele>
      </trkpt>
      <trkpt lat="37.76658" lon="-8.740571">
        <ele>72.85</ele>
      </trkpt>
      <trkpt lat="37.762309" lon="-8.745189">
        <ele>62</ele>
      </trkpt>
      <trkpt lat="37.761353" lon="-8.74621">
        <ele>58.48</ele>
      </trkpt>
      <trkpt lat="37.760602" lon="-8.747012">
        <ele>55.71</ele>
      </trkpt>
      <trkpt lat="37.758776" lon="-8.748952">
        <ele>61</ele>
      </trkpt>
      <trkpt lat="37.755741" lon="-8.752163">
        <ele>58.94</ele>
      </trkpt>
      <trkpt lat="37.753742" lon="-8.754286">
        <ele>59.89</ele>
      </trkpt>
      <trkpt lat="37.753435" lon="-8.754629">
        <ele>59.93</ele>
      </trkpt>
      <trkpt lat="37.752944" lon="-8.755178">
        <ele>60</ele>
      </trkpt>
      <trkpt lat="37.75168" lon="-8.756476">
        <ele>61.4</ele>
      </trkpt>
      <trkpt lat="37.75159" lon="-8.756565">
        <ele>61.98</ele>
      </trkpt>
      <trkpt lat="37.751469" lon="-8.756654">
        <ele>61.47</ele>
      </trkpt>
      <trkpt lat="37.751392" lon="-8.756749">
        <ele>61.88</ele>
      </trkpt>
      <trkpt lat="37.751397" lon="-8.756795">
        <ele>61.89</ele>
      </trkpt>
      <trkpt lat="37.751393" lon="-8.756841">
        <ele>61.95</ele>
      </trkpt>
      <trkpt lat="37.751377" lon="-8.756884">
        <ele>62</ele>
      </trkpt>
      <trkpt lat="37.751357" lon="-8.756915">
        <ele>61.99</ele>
      </trkpt>
      <trkpt lat="37.751301" lon="-8.756954">
        <ele>61.83</ele>
      </trkpt>
      <trkpt lat="37.75126" lon="-8.756958">
        <ele>61.72</ele>
      </trkpt>
      <trkpt lat="37.751221" lon="-8.756946">
        <ele>61.67</ele>
      </trkpt>
      <trkpt lat="37.751186" lon="-8.756919">
        <ele>61.6</ele>
      </trkpt>
      <trkpt lat="37.751137" lon="-8.757002">
        <ele>61.55</ele>
      </trkpt>
      <trkpt lat="37.750767" lon="-8.757493">
        <ele>62</ele>
      </trkpt>
      <trkpt lat="37.750112" lon="-8.758191">
        <ele>62</ele>
      </trkpt>
      <trkpt lat="37.749801" lon="-8.758492">
        <ele>62</ele>
      </trkpt>
      <trkpt lat="37.749464" lon="-8.758878">
        <ele>62</ele>
      </trkpt>
      <trkpt lat="37.749212" lon="-8.759132">
        <ele>62</ele>
      </trkpt>
      <trkpt lat="37.748843" lon="-8.759437">
        <ele>61.3</ele>
      </trkpt>
      <trkpt lat="37.746322" lon="-8.761364">
        <ele>59.41</ele>
      </trkpt>
      <trkpt lat="37.743042" lon="-8.76385">
        <ele>57.86</ele>
      </trkpt>
      <trkpt lat="37.742017" lon="-8.76461">
        <ele>57</ele>
      </trkpt>
      <trkpt lat="37.740508" lon="-8.765759">
        <ele>55.43</ele>
      </trkpt>
      <trkpt lat="37.740369" lon="-8.765836">
        <ele>55.04</ele>
      </trkpt>
      <trkpt lat="37.740221" lon="-8.765873">
        <ele>55</ele>
      </trkpt>
      <trkpt lat="37.740142" lon="-8.765871">
        <ele>55</ele>
      </trkpt>
      <trkpt lat="37.740027" lon="-8.765893">
        <ele>55</ele>
      </trkpt>
      <trkpt lat="37.739927" lon="-8.765943">
        <ele>55</ele>
      </trkpt>
      <trkpt lat="37.739807" lon="-8.766054">
        <ele>55</ele>
      </trkpt>
      <trkpt lat="37.739798" lon="-8.766116">
        <ele>55</ele>
      </trkpt>
      <trkpt lat="37.739778" lon="-8.766159">
        <ele>55</ele>
      </trkpt>
      <trkpt lat="37.739749" lon="-8.766192">
        <ele>54.98</ele>
      </trkpt>
      <trkpt lat="37.739714" lon="-8.766213">
        <ele>54.89</ele>
      </trkpt>
      <trkpt lat="37.739676" lon="-8.76622">
        <ele>54.81</ele>
      </trkpt>
      <trkpt lat="37.739618" lon="-8.766203">
        <ele>54.91</ele>
      </trkpt>
      <trkpt lat="37.739472" lon="-8.766299">
        <ele>54.35</ele>
      </trkpt>
      <trkpt lat="37.739387" lon="-8.766403">
        <ele>54.09</ele>
      </trkpt>
      <trkpt lat="37.739298" lon="-8.766553">
        <ele>54</ele>
      </trkpt>
      <trkpt lat="37.739223" lon="-8.766732">
        <ele>54</ele>
      </trkpt>
      <trkpt lat="37.73846" lon="-8.767329">
        <ele>53.36</ele>
      </trkpt>
      <trkpt lat="37.737842" lon="-8.767774">
        <ele>52.79</ele>
      </trkpt>
      <trkpt lat="37.736581" lon="-8.768721">
        <ele>51</ele>
      </trkpt>
      <trkpt lat="37.736046" lon="-8.769142">
        <ele>50.06</ele>
      </trkpt>
      <trkpt lat="37.735999" lon="-8.769201">
        <ele>50.01</ele>
      </trkpt>
      <trkpt lat="37.735042" lon="-8.770218">
        <ele>48</ele>
      </trkpt>
      <trkpt lat="37.734399" lon="-8.770813">
        <ele>46.92</ele>
      </trkpt>
      <trkpt lat="37.733971" lon="-8.77114">
        <ele>45.06</ele>
      </trkpt>
      <trkpt lat="37.733644" lon="-8.77136">
        <ele>44</ele>
      </trkpt>
      <trkpt lat="37.733559" lon="-8.771521">
        <ele>44</ele>
      </trkpt>
      <trkpt lat="37.733495" lon="-8.771693">
        <ele>44</ele>
      </trkpt>
      <trkpt lat="37.73348" lon="-8.771762">
        <ele>44</ele>
      </trkpt>
      <trkpt lat="37.733439" lon="-8.771836">
        <ele>44</ele>
      </trkpt>
      <trkpt lat="37.733384" lon="-8.771881">
        <ele>43.67</ele>
      </trkpt>
      <trkpt lat="37.733328" lon="-8.771898">
        <ele>43.26</ele>
      </trkpt>
      <trkpt lat="37.73329" lon="-8.771897">
        <ele>43.05</ele>
      </trkpt>
      <trkpt lat="37.733194" lon="-8.771854">
        <ele>42.34</ele>
      </trkpt>
      <trkpt lat="37.733156" lon="-8.771812">
        <ele>42.06</ele>
      </trkpt>
      <trkpt lat="37.732931" lon="-8.77173">
        <ele>41.55</ele>
      </trkpt>
      <trkpt lat="37.73276" lon="-8.771735">
        <ele>40.41</ele>
      </trkpt>
      <trkpt lat="37.732452" lon="-8.771811">
        <ele>39</ele>
      </trkpt>
      <trkpt lat="37.731604" lon="-8.771923">
        <ele>36.01</ele>
      </trkpt>
      <trkpt lat="37.730778" lon="-8.771902">
        <ele>33.14</ele>
      </trkpt>
      <trkpt lat="37.730072" lon="-8.7717">
        <ele>29.45</ele>
      </trkpt>
      <trkpt lat="37.730052" lon="-8.771742">
        <ele>29.64</ele>
      </trkpt>
      <trkpt lat="37.730072" lon="-8.7717">
        <ele>29.45</ele>
      </trkpt>
      <trkpt lat="37.729877" lon="-8.771644">
        <ele>29.25</ele>
      </trkpt>
      <trkpt lat="37.729132" lon="-8.771285">
        <ele>26.35</ele>
      </trkpt>
      <trkpt lat="37.728513" lon="-8.770892">
        <ele>25.6</ele>
      </trkpt>
      <trkpt lat="37.724546" lon="-8.768753">
        <ele>24.89</ele>
      </trkpt>
      <trkpt lat="37.723343" lon="-8.768105">
        <ele>31.02</ele>
      </trkpt>
      <trkpt lat="37.723069" lon="-8.767975">
        <ele>32.63</ele>
      </trkpt>
      <trkpt lat="37.722673" lon="-8.767797">
        <ele>33.01</ele>
      </trkpt>
      <trkpt lat="37.722204" lon="-8.767599">
        <ele>34.81</ele>
      </trkpt>
      <trkpt lat="37.720988" lon="-8.767153">
        <ele>38.91</ele>
      </trkpt>
      <trkpt lat="37.720647" lon="-8.767069">
        <ele>42.12</ele>
      </trkpt>
      <trkpt lat="37.719938" lon="-8.766878">
        <ele>46.02</ele>
      </trkpt>
      <trkpt lat="37.719183" lon="-8.766733">
        <ele>49.11</ele>
      </trkpt>
      <trkpt lat="37.718924" lon="-8.7667">
        <ele>49.09</ele>
      </trkpt>
      <trkpt lat="37.718406" lon="-8.766633">
        <ele>53.02</ele>
      </trkpt>
      <trkpt lat="37.717772" lon="-8.766552">
        <ele>53.87</ele>
      </trkpt>
      <trkpt lat="37.717629" lon="-8.766534">
        <ele>54.07</ele>
      </trkpt>
      <trkpt lat="37.716943" lon="-8.766497">
        <ele>56.4</ele>
      </trkpt>
      <trkpt lat="37.716331" lon="-8.766495">
        <ele>56.87</ele>
      </trkpt>
      <trkpt lat="37.71563" lon="-8.766523">
        <ele>56.91</ele>
      </trkpt>
      <trkpt lat="37.714767" lon="-8.766623">
        <ele>57.54</ele>
      </trkpt>
      <trkpt lat="37.713711" lon="-8.766787">
        <ele>59.44</ele>
      </trkpt>
      <trkpt lat="37.712794" lon="-8.767022">
        <ele>60</ele>
      </trkpt>
      <trkpt lat="37.711993" lon="-8.767274">
        <ele>59.67</ele>
      </trkpt>
      <trkpt lat="37.711229" lon="-8.767547">
        <ele>60.81</ele>
      </trkpt>
      <trkpt lat="37.711092" lon="-8.767603">
        <ele>60.23</ele>
      </trkpt>
      <trkpt lat="37.709817" lon="-8.768194">
        <ele>60.61</ele>
      </trkpt>
      <trkpt lat="37.705577" lon="-8.770162">
        <ele>55.96</ele>
      </trkpt>
      <trkpt lat="37.703633" lon="-8.770986">
        <ele>54</ele>
      </trkpt>
      <trkpt lat="37.703107" lon="-8.771123">
        <ele>53.46</ele>
      </trkpt>
      <trkpt lat="37.702692" lon="-8.771198">
        <ele>53.13</ele>
      </trkpt>
      <trkpt lat="37.702359" lon="-8.771217">
        <ele>52.24</ele>
      </trkpt>
      <trkpt lat="37.702136" lon="-8.771209">
        <ele>52.2</ele>
      </trkpt>
      <trkpt lat="37.701671" lon="-8.771158">
        <ele>51.9</ele>
      </trkpt>
      <trkpt lat="37.701398" lon="-8.771096">
        <ele>51.54</ele>
      </trkpt>
      <trkpt lat="37.70087" lon="-8.770928">
        <ele>50.57</ele>
      </trkpt>
      <trkpt lat="37.700247" lon="-8.770707">
        <ele>50</ele>
      </trkpt>
      <trkpt lat="37.699869" lon="-8.770558">
        <ele>49.97</ele>
      </trkpt>
      <trkpt lat="37.697393" lon="-8.769585">
        <ele>49.76</ele>
      </trkpt>
      <trkpt lat="37.690102" lon="-8.766711">
        <ele>52.96</ele>
      </trkpt>
      <trkpt lat="37.68698" lon="-8.765475">
        <ele>53</ele>
      </trkpt>
      <trkpt lat="37.68487" lon="-8.764626">
        <ele>52</ele>
      </trkpt>
      <trkpt lat="37.681235" lon="-8.763178">
        <ele>54</ele>
      </trkpt>
      <trkpt lat="37.680817" lon="-8.763027">
        <ele>53.91</ele>
      </trkpt>
      <trkpt lat="37.679399" lon="-8.762467">
        <ele>53.01</ele>
      </trkpt>
      <trkpt lat="37.674177" lon="-8.760406">
        <ele>54.61</ele>
      </trkpt>
      <trkpt lat="37.673288" lon="-8.760087">
        <ele>55</ele>
      </trkpt>
      <trkpt lat="37.672391" lon="-8.759882">
        <ele>55</ele>
      </trkpt>
      <trkpt lat="37.670944" lon="-8.759569">
        <ele>55.44</ele>
      </trkpt>
      <trkpt lat="37.67064" lon="-8.759523">
        <ele>55.24</ele>
      </trkpt>
      <trkpt lat="37.669523" lon="-8.759458">
        <ele>55</ele>
      </trkpt>
      <trkpt lat="37.667276" lon="-8.759493">
        <ele>54</ele>
      </trkpt>
      <trkpt lat="37.666203" lon="-8.759498">
        <ele>53</ele>
      </trkpt>
      <trkpt lat="37.664621" lon="-8.7595">
        <ele>55</ele>
      </trkpt>
      <trkpt lat="37.66304" lon="-8.759501">
        <ele>53.89</ele>
      </trkpt>
      <trkpt lat="37.661458" lon="-8.759503">
        <ele>55.66</ele>
      </trkpt>
      <trkpt lat="37.65949" lon="-8.759524">
        <ele>55.26</ele>
      </trkpt>
      <trkpt lat="37.656845" lon="-8.759527">
        <ele>50.54</ele>
      </trkpt>
      <trkpt lat="37.6561" lon="-8.759604">
        <ele>49.89</ele>
      </trkpt>
      <trkpt lat="37.655735" lon="-8.759653">
        <ele>48.99</ele>
      </trkpt>
      <trkpt lat="37.655697" lon="-8.759664">
        <ele>48.92</ele>
      </trkpt>
      <trkpt lat="37.655612" lon="-8.759718">
        <ele>48.61</ele>
      </trkpt>
      <trkpt lat="37.655596" lon="-8.759738">
        <ele>48.49</ele>
      </trkpt>
      <trkpt lat="37.655558" lon="-8.75983">
        <ele>48.13</ele>
      </trkpt>
      <trkpt lat="37.655537" lon="-8.759984">
        <ele>48.72</ele>
      </trkpt>
      <trkpt lat="37.655675" lon="-8.761565">
        <ele>50</ele>
      </trkpt>
      <trkpt lat="37.655768" lon="-8.762475">
        <ele>51.22</ele>
      </trkpt>
      <trkpt lat="37.655802" lon="-8.762729">
        <ele>51.41</ele>
      </trkpt>
      <trkpt lat="37.655958" lon="-8.763677">
        <ele>48.94</ele>
      </trkpt>
      <trkpt lat="37.656691" lon="-8.768176">
        <ele>43.23</ele>
      </trkpt>
      <trkpt lat="37.656716" lon="-8.768357">
        <ele>43.16</ele>
      </trkpt>
      <trkpt lat="37.656745" lon="-8.768822">
        <ele>42.8</ele>
      </trkpt>
      <trkpt lat="37.656734" lon="-8.769329">
        <ele>42.33</ele>
      </trkpt>
      <trkpt lat="37.656612" lon="-8.770757">
        <ele>40</ele>
      </trkpt>
      <trkpt lat="37.656516" lon="-8.771674">
        <ele>38</ele>
      </trkpt>
      <trkpt lat="37.656339" lon="-8.773704">
        <ele>34</ele>
      </trkpt>
      <trkpt lat="37.656323" lon="-8.776073">
        <ele>35.53</ele>
      </trkpt>
      <trkpt lat="37.656323" lon="-8.779441">
        <ele>35</ele>
      </trkpt>
      <trkpt lat="37.6563" lon="-8.779938">
        <ele>34.36</ele>
      </trkpt>
      <trkpt lat="37.656237" lon="-8.78045">
        <ele>34.9</ele>
      </trkpt>
      <trkpt lat="37.656123" lon="-8.781199">
        <ele>33.06</ele>
      </trkpt>
      <trkpt lat="37.655948" lon="-8.78245">
        <ele>31.21</ele>
      </trkpt>
      <trkpt lat="37.655845" lon="-8.783195">
        <ele>30.11</ele>
      </trkpt>
      <trkpt lat="37.655673" lon="-8.784345">
        <ele>29.76</ele>
      </trkpt>
      <trkpt lat="37.655595" lon="-8.784969">
        <ele>29.18</ele>
      </trkpt>
      <trkpt lat="37.655514" lon="-8.786403">
        <ele>26.58</ele>
      </trkpt>
      <trkpt lat="37.655504" lon="-8.786717">
        <ele>26.85</ele>
      </trkpt>
      <trkpt lat="37.655486" lon="-8.787345">
        <ele>24.13</ele>
      </trkpt>
      <trkpt lat="37.655421" lon="-8.7882">
        <ele>17.82</ele>
      </trkpt>
      <trkpt lat="37.655327" lon="-8.788516">
        <ele>17.13</ele>
      </trkpt>
      <trkpt lat="37.65515" lon="-8.788888">
        <ele>18.09</ele>
      </trkpt>
      <trkpt lat="37.655003" lon="-8.789091">
        <ele>17.9</ele>
      </trkpt>
      <trkpt lat="37.65484" lon="-8.789252">
        <ele>18.87</ele>
      </trkpt>
      <trkpt lat="37.654516" lon="-8.789534">
        <ele>19</ele>
      </trkpt>
      <trkpt lat="37.65434" lon="-8.789751">
        <ele>19.99</ele>
      </trkpt>
      <trkpt lat="37.654135" lon="-8.790101">
        <ele>18.95</ele>
      </trkpt>
      <trkpt lat="37.653999" lon="-8.790386">
        <ele>18.19</ele>
      </trkpt>
      <trkpt lat="37.653722" lon="-8.790973">
        <ele>25.59</ele>
      </trkpt>
      <trkpt lat="37.653065" lon="-8.79236">
        <ele>28</ele>
      </trkpt>
      <trkpt lat="37.652995" lon="-8.792533">
        <ele>28.18</ele>
      </trkpt>
      <trkpt lat="37.652945" lon="-8.792689">
        <ele>29</ele>
      </trkpt>
      <trkpt lat="37.652972" lon="-8.792739">
        <ele>29</ele>
      </trkpt>
      <trkpt lat="37.652975" lon="-8.792769">
        <ele>29</ele>
      </trkpt>
      <trkpt lat="37.65296" lon="-8.792826">
        <ele>29</ele>
      </trkpt>
      <trkpt lat="37.652941" lon="-8.792849">
        <ele>29</ele>
      </trkpt>
      <trkpt lat="37.65289" lon="-8.792866">
        <ele>29</ele>
      </trkpt>
      <trkpt lat="37.652843" lon="-8.79284">
        <ele>29</ele>
      </trkpt>
      <trkpt lat="37.652826" lon="-8.792813">
        <ele>29</ele>
      </trkpt>
      <trkpt lat="37.652818" lon="-8.792781">
        <ele>29</ele>
      </trkpt>
      <trkpt lat="37.652819" lon="-8.792747">
        <ele>29</ele>
      </trkpt>
      <trkpt lat="37.652829" lon="-8.792715">
        <ele>29</ele>
      </trkpt>
      <trkpt lat="37.65274" lon="-8.792662">
        <ele>29</ele>
      </trkpt>
      <trkpt lat="37.651435" lon="-8.792241">
        <ele>31</ele>
      </trkpt>
      <trkpt lat="37.651301" lon="-8.792185">
        <ele>31.06</ele>
      </trkpt>
      <trkpt lat="37.650955" lon="-8.791989">
        <ele>32</ele>
      </trkpt>
      <trkpt lat="37.65041" lon="-8.791583">
        <ele>32.89</ele>
      </trkpt>
      <trkpt lat="37.650309" lon="-8.791494">
        <ele>33</ele>
      </trkpt>
      <trkpt lat="37.648491" lon="-8.790087">
        <ele>35.99</ele>
      </trkpt>
      <trkpt lat="37.647033" lon="-8.788972">
        <ele>37.84</ele>
      </trkpt>
      <trkpt lat="37.646548" lon="-8.788672">
        <ele>38</ele>
      </trkpt>
      <trkpt lat="37.645861" lon="-8.788305">
        <ele>39</ele>
      </trkpt>
      <trkpt lat="37.644488" lon="-8.78759">
        <ele>39.49</ele>
      </trkpt>
      <trkpt lat="37.642246" lon="-8.786426">
        <ele>41.95</ele>
      </trkpt>
      <trkpt lat="37.641717" lon="-8.786159">
        <ele>42.44</ele>
      </trkpt>
      <trkpt lat="37.641551" lon="-8.786075">
        <ele>42.6</ele>
      </trkpt>
      <trkpt lat="37.640578" lon="-8.785483">
        <ele>44</ele>
      </trkpt>
      <trkpt lat="37.638514" lon="-8.784209">
        <ele>45.02</ele>
      </trkpt>
      <trkpt lat="37.638269" lon="-8.784111">
        <ele>45.21</ele>
      </trkpt>
      <trkpt lat="37.63781" lon="-8.784016">
        <ele>46.07</ele>
      </trkpt>
      <trkpt lat="37.636041" lon="-8.784024">
        <ele>48</ele>
      </trkpt>
      <trkpt lat="37.635523" lon="-8.784012">
        <ele>49</ele>
      </trkpt>
      <trkpt lat="37.633223" lon="-8.784012">
        <ele>50.67</ele>
      </trkpt>
      <trkpt lat="37.632146" lon="-8.783978">
        <ele>52</ele>
      </trkpt>
      <trkpt lat="37.629692" lon="-8.783479">
        <ele>53.54</ele>
      </trkpt>
      <trkpt lat="37.629535" lon="-8.783461">
        <ele>53.7</ele>
      </trkpt>
      <trkpt lat="37.622732" lon="-8.782717">
        <ele>58.11</ele>
      </trkpt>
      <trkpt lat="37.620186" lon="-8.78247">
        <ele>60</ele>
      </trkpt>
      <trkpt lat="37.62005" lon="-8.782453">
        <ele>60</ele>
      </trkpt>
      <trkpt lat="37.619935" lon="-8.782428">
        <ele>60.64</ele>
      </trkpt>
      <trkpt lat="37.619791" lon="-8.782418">
        <ele>60.56</ele>
      </trkpt>
      <trkpt lat="37.619709" lon="-8.782434">
        <ele>60.33</ele>
      </trkpt>
      <trkpt lat="37.619679" lon="-8.782454">
        <ele>60.28</ele>
      </trkpt>
      <trkpt lat="37.618775" lon="-8.783762">
        <ele>60.16</ele>
      </trkpt>
      <trkpt lat="37.618357" lon="-8.784428">
        <ele>60</ele>
      </trkpt>
      <trkpt lat="37.617488" lon="-8.785694">
        <ele>61</ele>
      </trkpt>
      <trkpt lat="37.61693" lon="-8.786552">
        <ele>61.46</ele>
      </trkpt>
      <trkpt lat="37.616469" lon="-8.787196">
        <ele>63</ele>
      </trkpt>
      <trkpt lat="37.615986" lon="-8.787882">
        <ele>63</ele>
      </trkpt>
      <trkpt lat="37.614588" lon="-8.789784">
        <ele>63</ele>
      </trkpt>
      <trkpt lat="37.614366" lon="-8.790092">
        <ele>62.52</ele>
      </trkpt>
      <trkpt lat="37.613851" lon="-8.790693">
        <ele>62.66</ele>
      </trkpt>
      <trkpt lat="37.613435" lon="-8.79115">
        <ele>62.4</ele>
      </trkpt>
      <trkpt lat="37.61266" lon="-8.791981">
        <ele>62</ele>
      </trkpt>
      <trkpt lat="37.612001" lon="-8.792737">
        <ele>61.55</ele>
      </trkpt>
      <trkpt lat="37.610966" lon="-8.793896">
        <ele>61</ele>
      </trkpt>
      <trkpt lat="37.608673" lon="-8.796436">
        <ele>62.35</ele>
      </trkpt>
      <trkpt lat="37.606331" lon="-8.798786">
        <ele>59</ele>
      </trkpt>
      <trkpt lat="37.601038" lon="-8.803966">
        <ele>47.8</ele>
      </trkpt>
      <trkpt lat="37.599697" lon="-8.8053">
        <ele>49</ele>
      </trkpt>
      <trkpt lat="37.599546" lon="-8.805429">
        <ele>48.85</ele>
      </trkpt>
      <trkpt lat="37.59941" lon="-8.805501">
        <ele>48.43</ele>
      </trkpt>
      <trkpt lat="37.599299" lon="-8.805536">
        <ele>48.2</ele>
      </trkpt>
      <trkpt lat="37.599182" lon="-8.805559">
        <ele>48.01</ele>
      </trkpt>
      <trkpt lat="37.598984" lon="-8.805543">
        <ele>48.07</ele>
      </trkpt>
      <trkpt lat="37.598862" lon="-8.805508">
        <ele>48.27</ele>
      </trkpt>
      <trkpt lat="37.598688" lon="-8.805575">
        <ele>48</ele>
      </trkpt>
      <trkpt lat="37.5989" lon="-8.804784">
        <ele>49</ele>
      </trkpt>
      <trkpt lat="37.598949" lon="-8.804596">
        <ele>49.24</ele>
      </trkpt>
      <trkpt lat="37.599098" lon="-8.80387">
        <ele>50.44</ele>
      </trkpt>
      <trkpt lat="37.599193" lon="-8.803207">
        <ele>50.24</ele>
      </trkpt>
      <trkpt lat="37.599227" lon="-8.802748">
        <ele>50.61</ele>
      </trkpt>
      <trkpt lat="37.599293" lon="-8.800836">
        <ele>51</ele>
      </trkpt>
      <trkpt lat="37.599718" lon="-8.786645">
        <ele>62</ele>
      </trkpt>
      <trkpt lat="37.599875" lon="-8.781563">
        <ele>70.92</ele>
      </trkpt>
      <trkpt lat="37.599907" lon="-8.780547">
        <ele>70.63</ele>
      </trkpt>
      <trkpt lat="37.599938" lon="-8.779123">
        <ele>70</ele>
      </trkpt>
      <trkpt lat="37.599969" lon="-8.777814">
        <ele>72</ele>
      </trkpt>
      <trkpt lat="37.600123" lon="-8.773005">
        <ele>74.97</ele>
      </trkpt>
      <trkpt lat="37.600123" lon="-8.772869">
        <ele>75</ele>
      </trkpt>
      <trkpt lat="37.600102" lon="-8.772639">
        <ele>75</ele>
      </trkpt>
      <trkpt lat="37.600084" lon="-8.772538">
        <ele>75</ele>
      </trkpt>
      <trkpt lat="37.600025" lon="-8.772365">
        <ele>75</ele>
      </trkpt>
      <trkpt lat="37.599962" lon="-8.772224">
        <ele>75</ele>
      </trkpt>
      <trkpt lat="37.599871" lon="-8.772082">
        <ele>75</ele>
      </trkpt>
      <trkpt lat="37.599074" lon="-8.771105">
        <ele>75.84</ele>
      </trkpt>
      <trkpt lat="37.598581" lon="-8.770539">
        <ele>76.56</ele>
      </trkpt>
      <trkpt lat="37.598577" lon="-8.770534">
        <ele>76.56</ele>
      </trkpt>
      <trkpt lat="37.598455" lon="-8.770651">
        <ele>77</ele>
      </trkpt>
      <trkpt lat="37.597093" lon="-8.771729">
        <ele>77.63</ele>
      </trkpt>
      <trkpt lat="37.596902" lon="-8.77197">
        <ele>77.12</ele>
      </trkpt>
      <trkpt lat="37.594291" lon="-8.776745">
        <ele>74.16</ele>
      </trkpt>
      <trkpt lat="37.59404" lon="-8.777118">
        <ele>73.48</ele>
      </trkpt>
      <trkpt lat="37.593744" lon="-8.777299">
        <ele>73.33</ele>
      </trkpt>
      <trkpt lat="37.593368" lon="-8.777371">
        <ele>72.97</ele>
      </trkpt>
      <trkpt lat="37.591973" lon="-8.777539">
        <ele>71</ele>
      </trkpt>
      <trkpt lat="37.591418" lon="-8.777578">
        <ele>70</ele>
      </trkpt>
      <trkpt lat="37.589494" lon="-8.777755">
        <ele>67.26</ele>
      </trkpt>
      <trkpt lat="37.587639" lon="-8.777926">
        <ele>68.65</ele>
      </trkpt>
      <trkpt lat="37.584789" lon="-8.778192">
        <ele>66.09</ele>
      </trkpt>
      <trkpt lat="37.583252" lon="-8.778355">
        <ele>66.21</ele>
      </trkpt>
      <trkpt lat="37.580934" lon="-8.778556">
        <ele>66</ele>
      </trkpt>
      <trkpt lat="37.578713" lon="-8.778762">
        <ele>65</ele>
      </trkpt>
      <trkpt lat="37.576676" lon="-8.778955">
        <ele>66</ele>
      </trkpt>
      <trkpt lat="37.575681" lon="-8.77906">
        <ele>66</ele>
      </trkpt>
      <trkpt lat="37.575417" lon="-8.779034">
        <ele>66</ele>
      </trkpt>
      <trkpt lat="37.573354" lon="-8.778718">
        <ele>66.93</ele>
      </trkpt>
      <trkpt lat="37.569719" lon="-8.77814">
        <ele>68.44</ele>
      </trkpt>
      <trkpt lat="37.567953" lon="-8.777837">
        <ele>66.73</ele>
      </trkpt>
      <trkpt lat="37.566929" lon="-8.777678">
        <ele>64.81</ele>
      </trkpt>
      <trkpt lat="37.565269" lon="-8.777422">
        <ele>65</ele>
      </trkpt>
      <trkpt lat="37.563913" lon="-8.777206">
        <ele>67</ele>
      </trkpt>
      <trkpt lat="37.563356" lon="-8.777127">
        <ele>68</ele>
      </trkpt>
      <trkpt lat="37.56325" lon="-8.777119">
        <ele>68.56</ele>
      </trkpt>
      <trkpt lat="37.563086" lon="-8.777142">
        <ele>69</ele>
      </trkpt>
      <trkpt lat="37.561912" lon="-8.777604">
        <ele>68.63</ele>
      </trkpt>
      <trkpt lat="37.560833" lon="-8.778047">
        <ele>64.95</ele>
      </trkpt>
      <trkpt lat="37.558187" lon="-8.77913">
        <ele>58.57</ele>
      </trkpt>
      <trkpt lat="37.557521" lon="-8.77942">
        <ele>55.67</ele>
      </trkpt>
      <trkpt lat="37.557436" lon="-8.779463">
        <ele>55.78</ele>
      </trkpt>
      <trkpt lat="37.557343" lon="-8.779522">
        <ele>54.99</ele>
      </trkpt>
      <trkpt lat="37.557188" lon="-8.779669">
        <ele>54.6</ele>
      </trkpt>
      <trkpt lat="37.557108" lon="-8.779784">
        <ele>53.97</ele>
      </trkpt>
      <trkpt lat="37.556449" lon="-8.780932">
        <ele>51</ele>
      </trkpt>
      <trkpt lat="37.554493" lon="-8.784383">
        <ele>42.27</ele>
      </trkpt>
      <trkpt lat="37.554162" lon="-8.784963">
        <ele>36.32</ele>
      </trkpt>
      <trkpt lat="37.553995" lon="-8.785253">
        <ele>39.55</ele>
      </trkpt>
      <trkpt lat="37.553467" lon="-8.786184">
        <ele>42.31</ele>
      </trkpt>
      <trkpt lat="37.552345" lon="-8.788149">
        <ele>42</ele>
      </trkpt>
      <trkpt lat="37.552229" lon="-8.78833">
        <ele>42</ele>
      </trkpt>
      <trkpt lat="37.552103" lon="-8.788497">
        <ele>41.29</ele>
      </trkpt>
      <trkpt lat="37.551739" lon="-8.788897">
        <ele>40.95</ele>
      </trkpt>
      <trkpt lat="37.550817" lon="-8.789917">
        <ele>36.28</ele>
      </trkpt>
      <trkpt lat="37.550242" lon="-8.790549">
        <ele>37.98</ele>
      </trkpt>
      <trkpt lat="37.549405" lon="-8.791483">
        <ele>36.93</ele>
      </trkpt>
      <trkpt lat="37.549027" lon="-8.791016">
        <ele>38.64</ele>
      </trkpt>
      <trkpt lat="37.548454" lon="-8.790287">
        <ele>40.18</ele>
      </trkpt>
      <trkpt lat="37.548225" lon="-8.790082">
        <ele>41</ele>
      </trkpt>
      <trkpt lat="37.547955" lon="-8.78993">
        <ele>41</ele>
      </trkpt>
      <trkpt lat="37.546732" lon="-8.789405">
        <ele>40.86</ele>
      </trkpt>
      <trkpt lat="37.544573" lon="-8.788466">
        <ele>43</ele>
      </trkpt>
      <trkpt lat="37.54403" lon="-8.788246">
        <ele>43</ele>
      </trkpt>
      <trkpt lat="37.543926" lon="-8.788191">
        <ele>43.07</ele>
      </trkpt>
      <trkpt lat="37.54106" lon="-8.786959">
        <ele>47</ele>
      </trkpt>
      <trkpt lat="37.540611" lon="-8.786768">
        <ele>46.61</ele>
      </trkpt>
      <trkpt lat="37.539924" lon="-8.786452">
        <ele>46</ele>
      </trkpt>
      <trkpt lat="37.537907" lon="-8.785588">
        <ele>45</ele>
      </trkpt>
      <trkpt lat="37.537537" lon="-8.785422">
        <ele>43.98</ele>
      </trkpt>
      <trkpt lat="37.537405" lon="-8.785372">
        <ele>45.09</ele>
      </trkpt>
      <trkpt lat="37.536878" lon="-8.785148">
        <ele>46.76</ele>
      </trkpt>
      <trkpt lat="37.536152" lon="-8.78483">
        <ele>47</ele>
      </trkpt>
      <trkpt lat="37.535768" lon="-8.784681">
        <ele>48</ele>
      </trkpt>
      <trkpt lat="37.534953" lon="-8.784588">
        <ele>48</ele>
      </trkpt>
      <trkpt lat="37.532877" lon="-8.784373">
        <ele>49</ele>
      </trkpt>
      <trkpt lat="37.532288" lon="-8.78437">
        <ele>47</ele>
      </trkpt>
      <trkpt lat="37.53138" lon="-8.784349">
        <ele>42.7</ele>
      </trkpt>
      <trkpt lat="37.53117" lon="-8.784345">
        <ele>43.84</ele>
      </trkpt>
      <trkpt lat="37.528918" lon="-8.784301">
        <ele>46</ele>
      </trkpt>
      <trkpt lat="37.527775" lon="-8.784267">
        <ele>45</ele>
      </trkpt>
      <trkpt lat="37.527342" lon="-8.78423">
        <ele>44</ele>
      </trkpt>
      <trkpt lat="37.526427" lon="-8.784079">
        <ele>42.98</ele>
      </trkpt>
      <trkpt lat="37.525655" lon="-8.783971">
        <ele>41.64</ele>
      </trkpt>
      <trkpt lat="37.525499" lon="-8.78395">
        <ele>41.28333447439658</ele>
      </trkpt>
      <trkpt lat="37.52550079139699" lon="-8.783791959285736">
        <ele>41.44917201997636</ele>
      </trkpt>
      <trkpt lat="37.52553695400147" lon="-8.783373534679413">
        <ele>42.01177978515625</ele>
      </trkpt>
      <trkpt lat="37.52554333563573" lon="-8.783223330974579">
        <ele>42.20708751678467</ele>
      </trkpt>
      <trkpt lat="37.525505045821944" lon="-8.78320187330246">
        <ele>42.265421867370605</ele>
      </trkpt>
      <trkpt lat="37.52541357563169" lon="-8.783199191093445">
        <ele>42.30371475219168</ele>
      </trkpt>
      <trkpt lat="37.52523488935503" lon="-8.78317505121231">
        <ele>42.3570556640625</ele>
      </trkpt>
      <trkpt lat="37.52512214660314" lon="-8.783161640167236">
        <ele>42.27227783203125</ele>
      </trkpt>
      <trkpt lat="37.525083856573175" lon="-8.783116042613983">
        <ele>42.2246141434187</ele>
      </trkpt>
      <trkpt lat="37.52507322045024" lon="-8.783038258552551">
        <ele>42.279640197753906</ele>
      </trkpt>
      <trkpt lat="37.52507960212418" lon="-8.782922923564911">
        <ele>42.347612380981445</ele>
      </trkpt>
      <trkpt lat="37.52507109322548" lon="-8.782804906368256">
        <ele>42.359193801930886</ele>
      </trkpt>
      <trkpt lat="37.52502429426525" lon="-8.782665431499481">
        <ele>42.198344230651855</ele>
      </trkpt>
      <trkpt lat="37.5249753680482" lon="-8.782625198364258">
        <ele>42.0117187500548</ele>
      </trkpt>
      <trkpt lat="37.524860497673316" lon="-8.782584965229034">
        <ele>41.44039535530116</ele>
      </trkpt>
      <trkpt lat="37.524720100308244" lon="-8.78255009651184">
        <ele>41.04840087887072</ele>
      </trkpt>
      <trkpt lat="37.524669" lon="-8.782532">
        <ele>41.01</ele>
      </trkpt>
      <trkpt lat="37.524668" lon="-8.782531">
        <ele>41</ele>
      </trkpt>
      <trkpt lat="37.52479" lon="-8.78177">
        <ele>41.31</ele>
      </trkpt>
      <trkpt lat="37.524919" lon="-8.780966">
        <ele>42.37</ele>
      </trkpt>
      <trkpt lat="37.525035" lon="-8.780289">
        <ele>42.01</ele>
      </trkpt>
      <trkpt lat="37.525232" lon="-8.779138">
        <ele>44.92</ele>
      </trkpt>
      <trkpt lat="37.525457" lon="-8.777821">
        <ele>48</ele>
      </trkpt>
      <trkpt lat="37.525655" lon="-8.776501">
        <ele>50</ele>
      </trkpt>
      <trkpt lat="37.525795" lon="-8.775572">
        <ele>53.34</ele>
      </trkpt>
      <trkpt lat="37.525861" lon="-8.775182">
        <ele>54.98</ele>
      </trkpt>
      <trkpt lat="37.526021" lon="-8.77433">
        <ele>56.41</ele>
      </trkpt>
      <trkpt lat="37.526087" lon="-8.773977">
        <ele>57</ele>
      </trkpt>
      <trkpt lat="37.526703" lon="-8.77022">
        <ele>59.64</ele>
      </trkpt>
      <trkpt lat="37.527332" lon="-8.766382">
        <ele>64</ele>
      </trkpt>
      <trkpt lat="37.52816" lon="-8.761329">
        <ele>70.14</ele>
      </trkpt>
      <trkpt lat="37.528451" lon="-8.759564">
        <ele>68.13</ele>
      </trkpt>
      <trkpt lat="37.528448" lon="-8.759566">
        <ele>68.12</ele>
      </trkpt>
      <trkpt lat="37.527371" lon="-8.758771">
        <ele>62.34</ele>
      </trkpt>
      <trkpt lat="37.527259" lon="-8.758686">
        <ele>61.67</ele>
      </trkpt>
      <trkpt lat="37.526576" lon="-8.758147">
        <ele>70.12</ele>
      </trkpt>
      <trkpt lat="37.526368" lon="-8.757924">
        <ele>71.08</ele>
      </trkpt>
      <trkpt lat="37.526172" lon="-8.757627">
        <ele>72.5</ele>
      </trkpt>
      <trkpt lat="37.526029" lon="-8.75741">
        <ele>73.53</ele>
      </trkpt>
      <trkpt lat="37.524908" lon="-8.755558">
        <ele>79.24</ele>
      </trkpt>
      <trkpt lat="37.524563" lon="-8.754988">
        <ele>81</ele>
      </trkpt>
      <trkpt lat="37.523933" lon="-8.753498">
        <ele>83.27</ele>
      </trkpt>
      <trkpt lat="37.522959" lon="-8.751246">
        <ele>86.57</ele>
      </trkpt>
      <trkpt lat="37.522003" lon="-8.749035">
        <ele>91.88</ele>
      </trkpt>
      <trkpt lat="37.521214" lon="-8.747241">
        <ele>96.69</ele>
      </trkpt>
      <trkpt lat="37.520251" lon="-8.745042">
        <ele>102.14</ele>
      </trkpt>
      <trkpt lat="37.519951" lon="-8.744336">
        <ele>105.94</ele>
      </trkpt>
      <trkpt lat="37.519051" lon="-8.742192">
        <ele>113.01</ele>
      </trkpt>
      <trkpt lat="37.518815" lon="-8.741631">
        <ele>114.86</ele>
      </trkpt>
      <trkpt lat="37.518047" lon="-8.739914">
        <ele>120.39</ele>
      </trkpt>
      <trkpt lat="37.517456" lon="-8.738594">
        <ele>123</ele>
      </trkpt>
      <trkpt lat="37.517177" lon="-8.737944">
        <ele>123.91</ele>
      </trkpt>
      <trkpt lat="37.516484" lon="-8.736329">
        <ele>127.61</ele>
      </trkpt>
      <trkpt lat="37.51595" lon="-8.735082">
        <ele>131.58</ele>
      </trkpt>
      <trkpt lat="37.51567" lon="-8.734431">
        <ele>130.78</ele>
      </trkpt>
      <trkpt lat="37.51469" lon="-8.732152">
        <ele>136.08</ele>
      </trkpt>
      <trkpt lat="37.514424" lon="-8.731532">
        <ele>137.71</ele>
      </trkpt>
      <trkpt lat="37.514181" lon="-8.730982">
        <ele>140.89</ele>
      </trkpt>
      <trkpt lat="37.513885" lon="-8.730322">
        <ele>141.76</ele>
      </trkpt>
      <trkpt lat="37.513778" lon="-8.730128">
        <ele>142.14</ele>
      </trkpt>
      <trkpt lat="37.5134" lon="-8.729601">
        <ele>144.15</ele>
      </trkpt>
      <trkpt lat="37.512865" lon="-8.728854">
        <ele>147</ele>
      </trkpt>
      <trkpt lat="37.51264" lon="-8.72852">
        <ele>147.64</ele>
      </trkpt>
      <trkpt lat="37.512471" lon="-8.728167">
        <ele>148.89</ele>
      </trkpt>
      <trkpt lat="37.512394" lon="-8.727913">
        <ele>149.92</ele>
      </trkpt>
      <trkpt lat="37.51191" lon="-8.726302">
        <ele>157.87</ele>
      </trkpt>
      <trkpt lat="37.511798" lon="-8.726071">
        <ele>160.37</ele>
      </trkpt>
      <trkpt lat="37.511678" lon="-8.725905">
        <ele>162.1</ele>
      </trkpt>
      <trkpt lat="37.511502" lon="-8.725744">
        <ele>163.75</ele>
      </trkpt>
      <trkpt lat="37.511312" lon="-8.725571">
        <ele>165.51</ele>
      </trkpt>
      <trkpt lat="37.511169" lon="-8.725409">
        <ele>167.8</ele>
      </trkpt>
      <trkpt lat="37.511063" lon="-8.725262">
        <ele>168.66</ele>
      </trkpt>
      <trkpt lat="37.510999" lon="-8.725116">
        <ele>170.16</ele>
      </trkpt>
      <trkpt lat="37.510732" lon="-8.724213">
        <ele>175.3</ele>
      </trkpt>
      <trkpt lat="37.510648" lon="-8.723928">
        <ele>176.92</ele>
      </trkpt>
      <trkpt lat="37.510619" lon="-8.72369">
        <ele>178.21</ele>
      </trkpt>
      <trkpt lat="37.510623" lon="-8.723576">
        <ele>179.31</ele>
      </trkpt>
      <trkpt lat="37.510637" lon="-8.723472">
        <ele>180.14</ele>
      </trkpt>
      <trkpt lat="37.510734" lon="-8.723107">
        <ele>182.18</ele>
      </trkpt>
      <trkpt lat="37.51093" lon="-8.722377">
        <ele>183.06</ele>
      </trkpt>
      <trkpt lat="37.510954" lon="-8.722189">
        <ele>183.8</ele>
      </trkpt>
      <trkpt lat="37.510953" lon="-8.721999">
        <ele>184</ele>
      </trkpt>
      <trkpt lat="37.510797" lon="-8.720672">
        <ele>186.88</ele>
      </trkpt>
      <trkpt lat="37.510622" lon="-8.719236">
        <ele>189.14</ele>
      </trkpt>
      <trkpt lat="37.510564" lon="-8.71884">
        <ele>190.6</ele>
      </trkpt>
      <trkpt lat="37.510445" lon="-8.718323">
        <ele>191.1</ele>
      </trkpt>
      <trkpt lat="37.510371" lon="-8.717843">
        <ele>190.46</ele>
      </trkpt>
      <trkpt lat="37.51033" lon="-8.717677">
        <ele>189.81</ele>
      </trkpt>
      <trkpt lat="37.510268" lon="-8.717531">
        <ele>188.14</ele>
      </trkpt>
      <trkpt lat="37.510256" lon="-8.717526">
        <ele>188.2</ele>
      </trkpt>
      <trkpt lat="37.510238" lon="-8.717519">
        <ele>188.29</ele>
      </trkpt>
      <trkpt lat="37.510116" lon="-8.717547">
        <ele>189.21</ele>
      </trkpt>
      <trkpt lat="37.509961" lon="-8.717659">
        <ele>189.9</ele>
      </trkpt>
      <trkpt lat="37.509595" lon="-8.718034">
        <ele>191.56</ele>
      </trkpt>
      <trkpt lat="37.509289" lon="-8.718347">
        <ele>191.03</ele>
      </trkpt>
      <trkpt lat="37.508969" lon="-8.718702">
        <ele>190.04</ele>
      </trkpt>
      <trkpt lat="37.508945" lon="-8.718737">
        <ele>190.01</ele>
      </trkpt>
      <trkpt lat="37.508445" lon="-8.71947">
        <ele>189.44</ele>
      </trkpt>
      <trkpt lat="37.508296" lon="-8.719642">
        <ele>190.4</ele>
      </trkpt>
      <trkpt lat="37.508155" lon="-8.719739">
        <ele>191.56</ele>
      </trkpt>
      <trkpt lat="37.507921" lon="-8.71983">
        <ele>191.33</ele>
      </trkpt>
      <trkpt lat="37.50773" lon="-8.719851">
        <ele>190.19</ele>
      </trkpt>
      <trkpt lat="37.507441" lon="-8.719831">
        <ele>191.42</ele>
      </trkpt>
      <trkpt lat="37.507097" lon="-8.719784">
        <ele>193.47</ele>
      </trkpt>
      <trkpt lat="37.506441" lon="-8.719694">
        <ele>197.38</ele>
      </trkpt>
      <trkpt lat="37.506292" lon="-8.719684">
        <ele>197.33</ele>
      </trkpt>
      <trkpt lat="37.506137" lon="-8.719709">
        <ele>197.78</ele>
      </trkpt>
      <trkpt lat="37.506042" lon="-8.719743">
        <ele>197.98</ele>
      </trkpt>
      <trkpt lat="37.505925" lon="-8.719805">
        <ele>199.16</ele>
      </trkpt>
      <trkpt lat="37.505831" lon="-8.719871">
        <ele>199.72</ele>
      </trkpt>
      <trkpt lat="37.505642" lon="-8.720061">
        <ele>199.67</ele>
      </trkpt>
      <trkpt lat="37.505405" lon="-8.720434">
        <ele>201.31</ele>
      </trkpt>
      <trkpt lat="37.505269" lon="-8.720582">
        <ele>202.04</ele>
      </trkpt>
      <trkpt lat="37.505098" lon="-8.720692">
        <ele>202.96</ele>
      </trkpt>
      <trkpt lat="37.50492" lon="-8.72076">
        <ele>204</ele>
      </trkpt>
      <trkpt lat="37.50478" lon="-8.720765">
        <ele>204.48</ele>
      </trkpt>
      <trkpt lat="37.504649" lon="-8.720752">
        <ele>206.19</ele>
      </trkpt>
      <trkpt lat="37.504507" lon="-8.720714">
        <ele>207.35</ele>
      </trkpt>
      <trkpt lat="37.504379" lon="-8.720653">
        <ele>208.17</ele>
      </trkpt>
      <trkpt lat="37.504218" lon="-8.720521">
        <ele>208.23</ele>
      </trkpt>
      <trkpt lat="37.504077" lon="-8.720336">
        <ele>209.33</ele>
      </trkpt>
      <trkpt lat="37.503904" lon="-8.720023">
        <ele>210.13</ele>
      </trkpt>
      <trkpt lat="37.503736" lon="-8.719803">
        <ele>208.83</ele>
      </trkpt>
      <trkpt lat="37.503543" lon="-8.71962">
        <ele>207.69</ele>
      </trkpt>
      <trkpt lat="37.503275" lon="-8.719429">
        <ele>206.98</ele>
      </trkpt>
      <trkpt lat="37.503044" lon="-8.719263">
        <ele>206.36</ele>
      </trkpt>
      <trkpt lat="37.502583" lon="-8.718906">
        <ele>201.71</ele>
      </trkpt>
      <trkpt lat="37.502087" lon="-8.718447">
        <ele>197.27</ele>
      </trkpt>
      <trkpt lat="37.501835" lon="-8.71827">
        <ele>196.84</ele>
      </trkpt>
      <trkpt lat="37.501634" lon="-8.71818">
        <ele>196.5</ele>
      </trkpt>
      <trkpt lat="37.501588" lon="-8.718159">
        <ele>196.42</ele>
      </trkpt>
      <trkpt lat="37.501323" lon="-8.718096">
        <ele>195.37</ele>
      </trkpt>
      <trkpt lat="37.501106" lon="-8.718078">
        <ele>194.42</ele>
      </trkpt>
      <trkpt lat="37.50082" lon="-8.718089">
        <ele>193.38</ele>
      </trkpt>
      <trkpt lat="37.500455" lon="-8.718189">
        <ele>192</ele>
      </trkpt>
      <trkpt lat="37.500282" lon="-8.718248">
        <ele>191</ele>
      </trkpt>
      <trkpt lat="37.499647" lon="-8.718556">
        <ele>187.94</ele>
      </trkpt>
      <trkpt lat="37.498379" lon="-8.719173">
        <ele>181.84</ele>
      </trkpt>
      <trkpt lat="37.497288" lon="-8.719717">
        <ele>175.88</ele>
      </trkpt>
      <trkpt lat="37.496835" lon="-8.719934">
        <ele>174.39</ele>
      </trkpt>
      <trkpt lat="37.496633" lon="-8.720056">
        <ele>173.8</ele>
      </trkpt>
      <trkpt lat="37.496359" lon="-8.72028">
        <ele>172.91</ele>
      </trkpt>
      <trkpt lat="37.495607" lon="-8.721029">
        <ele>170.81</ele>
      </trkpt>
      <trkpt lat="37.495396" lon="-8.721193">
        <ele>170.6</ele>
      </trkpt>
      <trkpt lat="37.495201" lon="-8.721282">
        <ele>169.23</ele>
      </trkpt>
      <trkpt lat="37.494931" lon="-8.721365">
        <ele>167.83</ele>
      </trkpt>
      <trkpt lat="37.494665" lon="-8.721409">
        <ele>166.87</ele>
      </trkpt>
      <trkpt lat="37.494344" lon="-8.721406">
        <ele>165.91</ele>
      </trkpt>
      <trkpt lat="37.493068" lon="-8.721276">
        <ele>160.08</ele>
      </trkpt>
      <trkpt lat="37.492919" lon="-8.721283">
        <ele>158.93</ele>
      </trkpt>
      <trkpt lat="37.492717" lon="-8.721322">
        <ele>157.9</ele>
      </trkpt>
      <trkpt lat="37.492251" lon="-8.721469">
        <ele>155.07</ele>
      </trkpt>
      <trkpt lat="37.492011" lon="-8.721546">
        <ele>155.17</ele>
      </trkpt>
      <trkpt lat="37.490429" lon="-8.722077">
        <ele>148.67</ele>
      </trkpt>
      <trkpt lat="37.48828" lon="-8.722796">
        <ele>135.95</ele>
      </trkpt>
      <trkpt lat="37.487686" lon="-8.723001">
        <ele>137.47</ele>
      </trkpt>
      <trkpt lat="37.487464" lon="-8.723055">
        <ele>137.95</ele>
      </trkpt>
      <trkpt lat="37.487231" lon="-8.723078">
        <ele>139.85</ele>
      </trkpt>
      <trkpt lat="37.486978" lon="-8.72305">
        <ele>142.04</ele>
      </trkpt>
      <trkpt lat="37.486756" lon="-8.722998">
        <ele>142.86</ele>
      </trkpt>
      <trkpt lat="37.486565" lon="-8.722922">
        <ele>144.4</ele>
      </trkpt>
      <trkpt lat="37.48633" lon="-8.722781">
        <ele>146</ele>
      </trkpt>
      <trkpt lat="37.485672" lon="-8.722295">
        <ele>149.3</ele>
      </trkpt>
      <trkpt lat="37.485025" lon="-8.721805">
        <ele>153.93</ele>
      </trkpt>
      <trkpt lat="37.484834" lon="-8.721679">
        <ele>155.59</ele>
      </trkpt>
      <trkpt lat="37.484748" lon="-8.721643">
        <ele>156.26</ele>
      </trkpt>
      <trkpt lat="37.484596" lon="-8.721594">
        <ele>157.58</ele>
      </trkpt>
      <trkpt lat="37.484485" lon="-8.721586">
        <ele>158.05</ele>
      </trkpt>
      <trkpt lat="37.484358" lon="-8.72159">
        <ele>158.14</ele>
      </trkpt>
      <trkpt lat="37.48423" lon="-8.721611">
        <ele>157.8</ele>
      </trkpt>
      <trkpt lat="37.483742" lon="-8.721759">
        <ele>160.09</ele>
      </trkpt>
      <trkpt lat="37.483612" lon="-8.721774">
        <ele>160.71</ele>
      </trkpt>
      <trkpt lat="37.483145" lon="-8.721725">
        <ele>163.28</ele>
      </trkpt>
      <trkpt lat="37.482938" lon="-8.721724">
        <ele>163.79</ele>
      </trkpt>
      <trkpt lat="37.48274" lon="-8.72175">
        <ele>165.4</ele>
      </trkpt>
      <trkpt lat="37.482458" lon="-8.721854">
        <ele>166.25</ele>
      </trkpt>
      <trkpt lat="37.482309" lon="-8.721937">
        <ele>166.97</ele>
      </trkpt>
      <trkpt lat="37.482177" lon="-8.722033">
        <ele>167.29</ele>
      </trkpt>
      <trkpt lat="37.482032" lon="-8.722175">
        <ele>167.28</ele>
      </trkpt>
      <trkpt lat="37.481873" lon="-8.72238">
        <ele>167.38</ele>
      </trkpt>
      <trkpt lat="37.481783" lon="-8.722535">
        <ele>167.89</ele>
      </trkpt>
      <trkpt lat="37.481682" lon="-8.722762">
        <ele>167.5</ele>
      </trkpt>
      <trkpt lat="37.481232" lon="-8.724031">
        <ele>167.01</ele>
      </trkpt>
      <trkpt lat="37.480186" lon="-8.72697">
        <ele>165</ele>
      </trkpt>
      <trkpt lat="37.479627" lon="-8.728536">
        <ele>160.89</ele>
      </trkpt>
      <trkpt lat="37.478399" lon="-8.73197">
        <ele>147</ele>
      </trkpt>
      <trkpt lat="37.476466" lon="-8.737381">
        <ele>138.63</ele>
      </trkpt>
      <trkpt lat="37.475898" lon="-8.738971">
        <ele>133.32</ele>
      </trkpt>
      <trkpt lat="37.475142" lon="-8.741126">
        <ele>126.41</ele>
      </trkpt>
      <trkpt lat="37.474817" lon="-8.74205">
        <ele>125.47</ele>
      </trkpt>
      <trkpt lat="37.474436" lon="-8.743053">
        <ele>124</ele>
      </trkpt>
      <trkpt lat="37.474205" lon="-8.743493">
        <ele>123.67</ele>
      </trkpt>
      <trkpt lat="37.473959" lon="-8.743874">
        <ele>122.87</ele>
      </trkpt>
      <trkpt lat="37.473655" lon="-8.744223">
        <ele>122.78</ele>
      </trkpt>
      <trkpt lat="37.472208" lon="-8.745593">
        <ele>123.02</ele>
      </trkpt>
      <trkpt lat="37.471559" lon="-8.746194">
        <ele>123.41</ele>
      </trkpt>
      <trkpt lat="37.471063" lon="-8.746653">
        <ele>120.69</ele>
      </trkpt>
      <trkpt lat="37.468743" lon="-8.748801">
        <ele>108.06</ele>
      </trkpt>
      <trkpt lat="37.467009" lon="-8.750408">
        <ele>103</ele>
      </trkpt>
      <trkpt lat="37.465785" lon="-8.751535">
        <ele>101</ele>
      </trkpt>
      <trkpt lat="37.463877" lon="-8.753292">
        <ele>93.97</ele>
      </trkpt>
      <trkpt lat="37.462816" lon="-8.754268">
        <ele>98.7</ele>
      </trkpt>
      <trkpt lat="37.461846" lon="-8.755093">
        <ele>95.91</ele>
      </trkpt>
      <trkpt lat="37.461338" lon="-8.75545">
        <ele>95.27</ele>
      </trkpt>
      <trkpt lat="37.460235" lon="-8.756048">
        <ele>93</ele>
      </trkpt>
      <trkpt lat="37.459511" lon="-8.756371">
        <ele>92.39</ele>
      </trkpt>
      <trkpt lat="37.457867" lon="-8.757103">
        <ele>91</ele>
      </trkpt>
      <trkpt lat="37.452465" lon="-8.75951">
        <ele>91.08</ele>
      </trkpt>
      <trkpt lat="37.452004" lon="-8.759727">
        <ele>91</ele>
      </trkpt>
      <trkpt lat="37.450033" lon="-8.760609">
        <ele>91.81</ele>
      </trkpt>
      <trkpt lat="37.449426" lon="-8.76088">
        <ele>89.66</ele>
      </trkpt>
      <trkpt lat="37.448554" lon="-8.76127">
        <ele>86.59</ele>
      </trkpt>
      <trkpt lat="37.448303" lon="-8.761393">
        <ele>85.86</ele>
      </trkpt>
      <trkpt lat="37.447775" lon="-8.761617">
        <ele>85</ele>
      </trkpt>
      <trkpt lat="37.447609" lon="-8.761678">
        <ele>84.75</ele>
      </trkpt>
      <trkpt lat="37.447435" lon="-8.761706">
        <ele>84.86</ele>
      </trkpt>
      <trkpt lat="37.447212" lon="-8.761704">
        <ele>84.94</ele>
      </trkpt>
      <trkpt lat="37.447021" lon="-8.761676">
        <ele>85</ele>
      </trkpt>
      <trkpt lat="37.446691" lon="-8.761578">
        <ele>85</ele>
      </trkpt>
      <trkpt lat="37.446459" lon="-8.761451">
        <ele>85</ele>
      </trkpt>
      <trkpt lat="37.446265" lon="-8.761302">
        <ele>85</ele>
      </trkpt>
      <trkpt lat="37.446041" lon="-8.761095">
        <ele>84.26</ele>
      </trkpt>
      <trkpt lat="37.445845" lon="-8.760846">
        <ele>83.05</ele>
      </trkpt>
      <trkpt lat="37.445166" lon="-8.759832">
        <ele>76.14</ele>
      </trkpt>
      <trkpt lat="37.444826" lon="-8.759325">
        <ele>75.53</ele>
      </trkpt>
      <trkpt lat="37.444528" lon="-8.75891">
        <ele>73.35</ele>
      </trkpt>
      <trkpt lat="37.444304" lon="-8.758676">
        <ele>72.43</ele>
      </trkpt>
      <trkpt lat="37.443924" lon="-8.758332">
        <ele>68.06</ele>
      </trkpt>
      <trkpt lat="37.443735" lon="-8.758159">
        <ele>67.76</ele>
      </trkpt>
      <trkpt lat="37.44356" lon="-8.75794">
        <ele>66.61</ele>
      </trkpt>
      <trkpt lat="37.443313" lon="-8.757522">
        <ele>63.83</ele>
      </trkpt>
      <trkpt lat="37.443175" lon="-8.757312">
        <ele>63.1</ele>
      </trkpt>
      <trkpt lat="37.442989" lon="-8.757082">
        <ele>62.9</ele>
      </trkpt>
      <trkpt lat="37.442715" lon="-8.756866">
        <ele>61.23</ele>
      </trkpt>
      <trkpt lat="37.442498" lon="-8.756755">
        <ele>60.01</ele>
      </trkpt>
      <trkpt lat="37.442255" lon="-8.756696">
        <ele>59.27</ele>
      </trkpt>
      <trkpt lat="37.442076" lon="-8.756698">
        <ele>58.83</ele>
      </trkpt>
      <trkpt lat="37.44192" lon="-8.756745">
        <ele>58.28</ele>
      </trkpt>
      <trkpt lat="37.441743" lon="-8.756828">
        <ele>56.38</ele>
      </trkpt>
      <trkpt lat="37.441349" lon="-8.757063">
        <ele>54.86</ele>
      </trkpt>
      <trkpt lat="37.441105" lon="-8.757162">
        <ele>53.47</ele>
      </trkpt>
      <trkpt lat="37.440793" lon="-8.757241">
        <ele>51.95</ele>
      </trkpt>
      <trkpt lat="37.440511" lon="-8.757264">
        <ele>51.12</ele>
      </trkpt>
      <trkpt lat="37.440376" lon="-8.757238">
        <ele>50.92</ele>
      </trkpt>
      <trkpt lat="37.440085" lon="-8.757099">
        <ele>50.19</ele>
      </trkpt>
      <trkpt lat="37.439401" lon="-8.756618">
        <ele>48.36</ele>
      </trkpt>
      <trkpt lat="37.439112" lon="-8.756428">
        <ele>46.77</ele>
      </trkpt>
      <trkpt lat="37.438711" lon="-8.756165">
        <ele>44.55</ele>
      </trkpt>
      <trkpt lat="37.438503" lon="-8.756069">
        <ele>43.23</ele>
      </trkpt>
      <trkpt lat="37.43825" lon="-8.756002">
        <ele>41.38</ele>
      </trkpt>
      <trkpt lat="37.437972" lon="-8.755992">
        <ele>39.98</ele>
      </trkpt>
      <trkpt lat="37.436944" lon="-8.756024">
        <ele>34.89</ele>
      </trkpt>
      <trkpt lat="37.436392" lon="-8.756049">
        <ele>32.83</ele>
      </trkpt>
      <trkpt lat="37.436091" lon="-8.756089">
        <ele>31.86</ele>
      </trkpt>
      <trkpt lat="37.435869" lon="-8.756166">
        <ele>30.94</ele>
      </trkpt>
      <trkpt lat="37.435622" lon="-8.756308">
        <ele>29.58</ele>
      </trkpt>
      <trkpt lat="37.435405" lon="-8.756461">
        <ele>27.84</ele>
      </trkpt>
      <trkpt lat="37.435119" lon="-8.756746">
        <ele>24.95</ele>
      </trkpt>
      <trkpt lat="37.434936" lon="-8.756985">
        <ele>24.16</ele>
      </trkpt>
      <trkpt lat="37.43478" lon="-8.757219">
        <ele>23.83</ele>
      </trkpt>
      <trkpt lat="37.434532" lon="-8.757673">
        <ele>21.57</ele>
      </trkpt>
      <trkpt lat="37.43415" lon="-8.758422">
        <ele>18.61</ele>
      </trkpt>
      <trkpt lat="37.433995" lon="-8.758754">
        <ele>20.66</ele>
      </trkpt>
      <trkpt lat="37.433911" lon="-8.758954">
        <ele>20.98</ele>
      </trkpt>
      <trkpt lat="37.43383" lon="-8.75917">
        <ele>21</ele>
      </trkpt>
      <trkpt lat="37.433771" lon="-8.759369">
        <ele>21</ele>
      </trkpt>
      <trkpt lat="37.433741" lon="-8.759536">
        <ele>20.88</ele>
      </trkpt>
      <trkpt lat="37.433734" lon="-8.759782">
        <ele>19.93</ele>
      </trkpt>
      <trkpt lat="37.433756" lon="-8.759952">
        <ele>19.13</ele>
      </trkpt>
      <trkpt lat="37.434018" lon="-8.76134">
        <ele>13.57</ele>
      </trkpt>
      <trkpt lat="37.434079" lon="-8.761614">
        <ele>12.02</ele>
      </trkpt>
      <trkpt lat="37.434183" lon="-8.761951">
        <ele>10.67</ele>
      </trkpt>
      <trkpt lat="37.434339" lon="-8.762384">
        <ele>8.86</ele>
      </trkpt>
      <trkpt lat="37.434441" lon="-8.762641">
        <ele>9.06</ele>
      </trkpt>
      <trkpt lat="37.434541" lon="-8.762843">
        <ele>10.56</ele>
      </trkpt>
      <trkpt lat="37.434638" lon="-8.763012">
        <ele>10.85</ele>
      </trkpt>
      <trkpt lat="37.434748" lon="-8.763169">
        <ele>10.76</ele>
      </trkpt>
      <trkpt lat="37.434971" lon="-8.763457">
        <ele>11.48</ele>
      </trkpt>
      <trkpt lat="37.435082" lon="-8.763621">
        <ele>11.37</ele>
      </trkpt>
      <trkpt lat="37.435165" lon="-8.763773">
        <ele>10.66</ele>
      </trkpt>
      <trkpt lat="37.435206" lon="-8.763885">
        <ele>10.72</ele>
      </trkpt>
      <trkpt lat="37.435252" lon="-8.764045">
        <ele>10.26</ele>
      </trkpt>
      <trkpt lat="37.435286" lon="-8.764222">
        <ele>9.1</ele>
      </trkpt>
      <trkpt lat="37.435296" lon="-8.764354">
        <ele>8.66</ele>
      </trkpt>
      <trkpt lat="37.43528" lon="-8.764503">
        <ele>8.17</ele>
      </trkpt>
      <trkpt lat="37.435251" lon="-8.764605">
        <ele>7.35</ele>
      </trkpt>
      <trkpt lat="37.435199" lon="-8.764704">
        <ele>7.53</ele>
      </trkpt>
      <trkpt lat="37.435143" lon="-8.764789">
        <ele>7.69</ele>
      </trkpt>
      <trkpt lat="37.433748" lon="-8.766198">
        <ele>9.62</ele>
      </trkpt>
      <trkpt lat="37.433613" lon="-8.766367">
        <ele>8.61</ele>
      </trkpt>
      <trkpt lat="37.433538" lon="-8.766546">
        <ele>11.05</ele>
      </trkpt>
      <trkpt lat="37.433521" lon="-8.766643">
        <ele>12.01</ele>
      </trkpt>
      <trkpt lat="37.433522" lon="-8.766751">
        <ele>11.91</ele>
      </trkpt>
      <trkpt lat="37.433545" lon="-8.76687">
        <ele>11.22</ele>
      </trkpt>
      <trkpt lat="37.433603" lon="-8.767002">
        <ele>11.87</ele>
      </trkpt>
      <trkpt lat="37.433727" lon="-8.76719">
        <ele>13.62</ele>
      </trkpt>
      <trkpt lat="37.433846" lon="-8.767402">
        <ele>14.74</ele>
      </trkpt>
      <trkpt lat="37.43398" lon="-8.767742">
        <ele>16.66</ele>
      </trkpt>
      <trkpt lat="37.434038" lon="-8.768002">
        <ele>18.97</ele>
      </trkpt>
      <trkpt lat="37.43404" lon="-8.768309">
        <ele>21.16</ele>
      </trkpt>
      <trkpt lat="37.434027" lon="-8.768444">
        <ele>21.76</ele>
      </trkpt>
      <trkpt lat="37.434003" lon="-8.768589">
        <ele>22.36</ele>
      </trkpt>
      <trkpt lat="37.43396" lon="-8.76874">
        <ele>22.52</ele>
      </trkpt>
      <trkpt lat="37.433905" lon="-8.768868">
        <ele>22.49</ele>
      </trkpt>
      <trkpt lat="37.433803" lon="-8.768977">
        <ele>23.04</ele>
      </trkpt>
      <trkpt lat="37.433697" lon="-8.769039">
        <ele>23.59</ele>
      </trkpt>
      <trkpt lat="37.433617" lon="-8.769078">
        <ele>23.85</ele>
      </trkpt>
      <trkpt lat="37.433527" lon="-8.769107">
        <ele>24.49</ele>
      </trkpt>
      <trkpt lat="37.433411" lon="-8.769126">
        <ele>25.56</ele>
      </trkpt>
      <trkpt lat="37.433322" lon="-8.769119">
        <ele>25.74</ele>
      </trkpt>
      <trkpt lat="37.4332" lon="-8.769095">
        <ele>26.69</ele>
      </trkpt>
      <trkpt lat="37.432957" lon="-8.769003">
        <ele>27.85</ele>
      </trkpt>
      <trkpt lat="37.432825" lon="-8.768916">
        <ele>28.07</ele>
      </trkpt>
      <trkpt lat="37.432624" lon="-8.768742">
        <ele>29.64</ele>
      </trkpt>
      <trkpt lat="37.431922" lon="-8.768063">
        <ele>33.19</ele>
      </trkpt>
      <trkpt lat="37.431663" lon="-8.767811">
        <ele>33.61</ele>
      </trkpt>
      <trkpt lat="37.431511" lon="-8.767665">
        <ele>36.89</ele>
      </trkpt>
      <trkpt lat="37.43143" lon="-8.76761">
        <ele>38.67</ele>
      </trkpt>
      <trkpt lat="37.431327" lon="-8.767588">
        <ele>39.57</ele>
      </trkpt>
      <trkpt lat="37.43122" lon="-8.7676">
        <ele>40.45</ele>
      </trkpt>
      <trkpt lat="37.431129" lon="-8.767646">
        <ele>40.31</ele>
      </trkpt>
      <trkpt lat="37.431067" lon="-8.767733">
        <ele>38.82</ele>
      </trkpt>
      <trkpt lat="37.431033" lon="-8.767836">
        <ele>40.84</ele>
      </trkpt>
      <trkpt lat="37.43102" lon="-8.767948">
        <ele>44.11</ele>
      </trkpt>
      <trkpt lat="37.431473" lon="-8.768689">
        <ele>49.34</ele>
      </trkpt>
      <trkpt lat="37.431624" lon="-8.768936">
        <ele>48.91</ele>
      </trkpt>
      <trkpt lat="37.431695" lon="-8.76913">
        <ele>50.56</ele>
      </trkpt>
      <trkpt lat="37.431701" lon="-8.769223">
        <ele>50.86</ele>
      </trkpt>
      <trkpt lat="37.43168" lon="-8.769313">
        <ele>51.34</ele>
      </trkpt>
      <trkpt lat="37.431618" lon="-8.769361">
        <ele>51.58</ele>
      </trkpt>
      <trkpt lat="37.431539" lon="-8.769345">
        <ele>52.05</ele>
      </trkpt>
      <trkpt lat="37.43111" lon="-8.769051">
        <ele>55.17</ele>
      </trkpt>
      <trkpt lat="37.430739" lon="-8.768737">
        <ele>58.25</ele>
      </trkpt>
      <trkpt lat="37.430535" lon="-8.768504">
        <ele>59.45</ele>
      </trkpt>
      <trkpt lat="37.430308" lon="-8.768201">
        <ele>61.93</ele>
      </trkpt>
      <trkpt lat="37.429935" lon="-8.767929">
        <ele>64.3</ele>
      </trkpt>
      <trkpt lat="37.429218" lon="-8.767524">
        <ele>69.43</ele>
      </trkpt>
      <trkpt lat="37.428875" lon="-8.767261">
        <ele>71.9</ele>
      </trkpt>
      <trkpt lat="37.42856" lon="-8.766909">
        <ele>73.84</ele>
      </trkpt>
      <trkpt lat="37.428199" lon="-8.766455">
        <ele>78.7</ele>
      </trkpt>
      <trkpt lat="37.428025" lon="-8.766281">
        <ele>78.91</ele>
      </trkpt>
      <trkpt lat="37.427953" lon="-8.766231">
        <ele>78.76</ele>
      </trkpt>
      <trkpt lat="37.427874" lon="-8.7662">
        <ele>79.48</ele>
      </trkpt>
      <trkpt lat="37.427539" lon="-8.766136">
        <ele>83.72</ele>
      </trkpt>
      <trkpt lat="37.427428" lon="-8.766071">
        <ele>84.58</ele>
      </trkpt>
      <trkpt lat="37.427261" lon="-8.765915">
        <ele>85.72</ele>
      </trkpt>
      <trkpt lat="37.42717" lon="-8.765904">
        <ele>85.72</ele>
      </trkpt>
      <trkpt lat="37.427052" lon="-8.765979">
        <ele>85.94</ele>
      </trkpt>
      <trkpt lat="37.426893" lon="-8.766186">
        <ele>88.33</ele>
      </trkpt>
      <trkpt lat="37.426798" lon="-8.766265">
        <ele>89.28</ele>
      </trkpt>
      <trkpt lat="37.426668" lon="-8.766282">
        <ele>90.13</ele>
      </trkpt>
      <trkpt lat="37.426537" lon="-8.766249">
        <ele>90.5</ele>
      </trkpt>
      <trkpt lat="37.426408" lon="-8.766173">
        <ele>90.9</ele>
      </trkpt>
      <trkpt lat="37.426167" lon="-8.765941">
        <ele>92.77</ele>
      </trkpt>
      <trkpt lat="37.42604" lon="-8.765828">
        <ele>93.26</ele>
      </trkpt>
      <trkpt lat="37.425914" lon="-8.765729">
        <ele>94.98</ele>
      </trkpt>
      <trkpt lat="37.425686" lon="-8.765657">
        <ele>96.08</ele>
      </trkpt>
      <trkpt lat="37.425544" lon="-8.765631">
        <ele>96.88</ele>
      </trkpt>
      <trkpt lat="37.425392" lon="-8.765639">
        <ele>97.33</ele>
      </trkpt>
      <trkpt lat="37.425302" lon="-8.765654">
        <ele>97.58</ele>
      </trkpt>
      <trkpt lat="37.425144" lon="-8.765698">
        <ele>98.58</ele>
      </trkpt>
      <trkpt lat="37.424731" lon="-8.765841">
        <ele>99.61</ele>
      </trkpt>
      <trkpt lat="37.424315" lon="-8.766049">
        <ele>101.52</ele>
      </trkpt>
      <trkpt lat="37.423738" lon="-8.766423">
        <ele>102.55</ele>
      </trkpt>
      <trkpt lat="37.423004" lon="-8.76697">
        <ele>104</ele>
      </trkpt>
      <trkpt lat="37.422762" lon="-8.76714">
        <ele>104.02</ele>
      </trkpt>
      <trkpt lat="37.422521" lon="-8.767258">
        <ele>104.95</ele>
      </trkpt>
      <trkpt lat="37.422373" lon="-8.767312">
        <ele>105</ele>
      </trkpt>
      <trkpt lat="37.422215" lon="-8.767341">
        <ele>105.29</ele>
      </trkpt>
      <trkpt lat="37.422118" lon="-8.767345">
        <ele>105.4</ele>
      </trkpt>
      <trkpt lat="37.421689" lon="-8.767338">
        <ele>106</ele>
      </trkpt>
      <trkpt lat="37.419225" lon="-8.766614">
        <ele>109</ele>
      </trkpt>
      <trkpt lat="37.418787" lon="-8.766584">
        <ele>110.69</ele>
      </trkpt>
      <trkpt lat="37.418382" lon="-8.766595">
        <ele>110</ele>
      </trkpt>
      <trkpt lat="37.416784" lon="-8.766842">
        <ele>112.78</ele>
      </trkpt>
      <trkpt lat="37.415352" lon="-8.767111">
        <ele>114</ele>
      </trkpt>
      <trkpt lat="37.413562" lon="-8.767417">
        <ele>116</ele>
      </trkpt>
      <trkpt lat="37.412795" lon="-8.767547">
        <ele>114.91</ele>
      </trkpt>
      <trkpt lat="37.412066" lon="-8.767683">
        <ele>117.22</ele>
      </trkpt>
      <trkpt lat="37.411569" lon="-8.767774">
        <ele>118.96</ele>
      </trkpt>
      <trkpt lat="37.410569" lon="-8.767959">
        <ele>119</ele>
      </trkpt>
      <trkpt lat="37.4104" lon="-8.768002">
        <ele>119</ele>
      </trkpt>
      <trkpt lat="37.410193" lon="-8.768094">
        <ele>119</ele>
      </trkpt>
      <trkpt lat="37.409946" lon="-8.768262">
        <ele>119</ele>
      </trkpt>
      <trkpt lat="37.409717" lon="-8.7685">
        <ele>119</ele>
      </trkpt>
      <trkpt lat="37.408534" lon="-8.769845">
        <ele>116.86</ele>
      </trkpt>
      <trkpt lat="37.407548" lon="-8.770965">
        <ele>112.61</ele>
      </trkpt>
      <trkpt lat="37.404876" lon="-8.774013">
        <ele>111.97</ele>
      </trkpt>
      <trkpt lat="37.403457" lon="-8.775618">
        <ele>112.44</ele>
      </trkpt>
      <trkpt lat="37.402615" lon="-8.776568">
        <ele>108.19</ele>
      </trkpt>
      <trkpt lat="37.40197" lon="-8.777292">
        <ele>105</ele>
      </trkpt>
      <trkpt lat="37.400233" lon="-8.779231">
        <ele>101.07</ele>
      </trkpt>
      <trkpt lat="37.398789" lon="-8.780774">
        <ele>95.91</ele>
      </trkpt>
      <trkpt lat="37.398282" lon="-8.781304">
        <ele>97</ele>
      </trkpt>
      <trkpt lat="37.39733" lon="-8.782129">
        <ele>100</ele>
      </trkpt>
      <trkpt lat="37.396035" lon="-8.783142">
        <ele>101</ele>
      </trkpt>
      <trkpt lat="37.395076" lon="-8.78391">
        <ele>102.64</ele>
      </trkpt>
      <trkpt lat="37.394696" lon="-8.7842">
        <ele>102.6</ele>
      </trkpt>
      <trkpt lat="37.393917" lon="-8.784868">
        <ele>102</ele>
      </trkpt>
      <trkpt lat="37.393256" lon="-8.785396">
        <ele>103.28</ele>
      </trkpt>
      <trkpt lat="37.392443" lon="-8.786044">
        <ele>104.55</ele>
      </trkpt>
      <trkpt lat="37.391529" lon="-8.786774">
        <ele>102.37</ele>
      </trkpt>
      <trkpt lat="37.390682" lon="-8.787449">
        <ele>103.31</ele>
      </trkpt>
      <trkpt lat="37.387224" lon="-8.79021">
        <ele>94</ele>
      </trkpt>
      <trkpt lat="37.385748" lon="-8.791387">
        <ele>91.96</ele>
      </trkpt>
      <trkpt lat="37.384641" lon="-8.792294">
        <ele>90.24</ele>
      </trkpt>
      <trkpt lat="37.383977" lon="-8.792838">
        <ele>91.05</ele>
      </trkpt>
      <trkpt lat="37.382316" lon="-8.794156">
        <ele>92.02</ele>
      </trkpt>
      <trkpt lat="37.381043" lon="-8.795166">
        <ele>89.18</ele>
      </trkpt>
      <trkpt lat="37.37687" lon="-8.798475">
        <ele>89.28</ele>
      </trkpt>
      <trkpt lat="37.376504" lon="-8.79876">
        <ele>89.83</ele>
      </trkpt>
      <trkpt lat="37.376392" lon="-8.798831">
        <ele>89.69</ele>
      </trkpt>
      <trkpt lat="37.376145" lon="-8.79899">
        <ele>89.37</ele>
      </trkpt>
      <trkpt lat="37.375885" lon="-8.799098">
        <ele>90</ele>
      </trkpt>
      <trkpt lat="37.373896" lon="-8.799449">
        <ele>89</ele>
      </trkpt>
      <trkpt lat="37.371208" lon="-8.799909">
        <ele>90</ele>
      </trkpt>
      <trkpt lat="37.367384" lon="-8.800575">
        <ele>95</ele>
      </trkpt>
      <trkpt lat="37.366679" lon="-8.80069">
        <ele>96</ele>
      </trkpt>
      <trkpt lat="37.365997" lon="-8.80075">
        <ele>97</ele>
      </trkpt>
      <trkpt lat="37.365723" lon="-8.800761">
        <ele>97</ele>
      </trkpt>
      <trkpt lat="37.365559" lon="-8.800766">
        <ele>97</ele>
      </trkpt>
      <trkpt lat="37.364189" lon="-8.800737">
        <ele>99</ele>
      </trkpt>
      <trkpt lat="37.359349" lon="-8.800668">
        <ele>100.53</ele>
      </trkpt>
      <trkpt lat="37.357965" lon="-8.800622">
        <ele>102.19</ele>
      </trkpt>
      <trkpt lat="37.35641" lon="-8.800615">
        <ele>104</ele>
      </trkpt>
      <trkpt lat="37.355147" lon="-8.800595">
        <ele>104</ele>
      </trkpt>
      <trkpt lat="37.351573" lon="-8.800536">
        <ele>108</ele>
      </trkpt>
      <trkpt lat="37.350671" lon="-8.800564">
        <ele>107.93</ele>
      </trkpt>
      <trkpt lat="37.348206" lon="-8.801002">
        <ele>109.58</ele>
      </trkpt>
      <trkpt lat="37.346956" lon="-8.801198">
        <ele>110.44</ele>
      </trkpt>
      <trkpt lat="37.346185" lon="-8.801328">
        <ele>111.43</ele>
      </trkpt>
      <trkpt lat="37.344295" lon="-8.801647">
        <ele>113.86</ele>
      </trkpt>
      <trkpt lat="37.343425" lon="-8.801781">
        <ele>115</ele>
      </trkpt>
      <trkpt lat="37.343169" lon="-8.801786">
        <ele>115</ele>
      </trkpt>
      <trkpt lat="37.342926" lon="-8.801753">
        <ele>115</ele>
      </trkpt>
      <trkpt lat="37.342638" lon="-8.801652">
        <ele>115.42</ele>
      </trkpt>
      <trkpt lat="37.342441" lon="-8.801562">
        <ele>115.91</ele>
      </trkpt>
      <trkpt lat="37.341706" lon="-8.801138">
        <ele>116.1</ele>
      </trkpt>
      <trkpt lat="37.341495" lon="-8.800958">
        <ele>116.7</ele>
      </trkpt>
      <trkpt lat="37.341354" lon="-8.800787">
        <ele>116.84</ele>
      </trkpt>
      <trkpt lat="37.341155" lon="-8.800443">
        <ele>117</ele>
      </trkpt>
      <trkpt lat="37.340921" lon="-8.799973">
        <ele>116.44</ele>
      </trkpt>
      <trkpt lat="37.340845" lon="-8.799742">
        <ele>115.46</ele>
      </trkpt>
      <trkpt lat="37.340811" lon="-8.799496">
        <ele>114.53</ele>
      </trkpt>
      <trkpt lat="37.340813" lon="-8.798991">
        <ele>113.27</ele>
      </trkpt>
      <trkpt lat="37.340841" lon="-8.798306">
        <ele>110.71</ele>
      </trkpt>
      <trkpt lat="37.340962" lon="-8.797364">
        <ele>107.42</ele>
      </trkpt>
      <trkpt lat="37.34098" lon="-8.797088">
        <ele>106.48</ele>
      </trkpt>
      <trkpt lat="37.340947" lon="-8.796858">
        <ele>105.19</ele>
      </trkpt>
      <trkpt lat="37.340879" lon="-8.79669">
        <ele>104.81</ele>
      </trkpt>
      <trkpt lat="37.340793" lon="-8.796552">
        <ele>104.4</ele>
      </trkpt>
      <trkpt lat="37.340675" lon="-8.796421">
        <ele>103.15</ele>
      </trkpt>
      <trkpt lat="37.340515" lon="-8.796331">
        <ele>102.42</ele>
      </trkpt>
      <trkpt lat="37.340343" lon="-8.796287">
        <ele>100.03</ele>
      </trkpt>
      <trkpt lat="37.340018" lon="-8.796314">
        <ele>97.13</ele>
      </trkpt>
      <trkpt lat="37.33924" lon="-8.796417">
        <ele>93.27</ele>
      </trkpt>
      <trkpt lat="37.338665" lon="-8.796473">
        <ele>89.63</ele>
      </trkpt>
      <trkpt lat="37.337948" lon="-8.796479">
        <ele>85.24</ele>
      </trkpt>
      <trkpt lat="37.337737" lon="-8.796455">
        <ele>83.9</ele>
      </trkpt>
      <trkpt lat="37.337471" lon="-8.796393">
        <ele>82.26</ele>
      </trkpt>
      <trkpt lat="37.337235" lon="-8.796279">
        <ele>80.4</ele>
      </trkpt>
      <trkpt lat="37.336992" lon="-8.796134">
        <ele>79.07</ele>
      </trkpt>
      <trkpt lat="37.336506" lon="-8.795845">
        <ele>79.49</ele>
      </trkpt>
      <trkpt lat="37.335842" lon="-8.795426">
        <ele>79</ele>
      </trkpt>
      <trkpt lat="37.333878" lon="-8.794203">
        <ele>70.89</ele>
      </trkpt>
      <trkpt lat="37.333559" lon="-8.793991">
        <ele>69.21</ele>
      </trkpt>
      <trkpt lat="37.332939" lon="-8.793436">
        <ele>65.45</ele>
      </trkpt>
      <trkpt lat="37.332711" lon="-8.79328">
        <ele>64.2</ele>
      </trkpt>
      <trkpt lat="37.33249" lon="-8.793147">
        <ele>64.38</ele>
      </trkpt>
      <trkpt lat="37.332312" lon="-8.793099">
        <ele>63.73</ele>
      </trkpt>
      <trkpt lat="37.331935" lon="-8.793028">
        <ele>62.39</ele>
      </trkpt>
      <trkpt lat="37.331845" lon="-8.793026">
        <ele>61.91</ele>
      </trkpt>
      <trkpt lat="37.331673" lon="-8.793022">
        <ele>60.99</ele>
      </trkpt>
      <trkpt lat="37.331083" lon="-8.793144">
        <ele>57.17</ele>
      </trkpt>
      <trkpt lat="37.330534" lon="-8.793294">
        <ele>54.28</ele>
      </trkpt>
      <trkpt lat="37.330366" lon="-8.793364">
        <ele>51.99</ele>
      </trkpt>
      <trkpt lat="37.330185" lon="-8.793476">
        <ele>51.26</ele>
      </trkpt>
      <trkpt lat="37.329975" lon="-8.793665">
        <ele>49.52</ele>
      </trkpt>
      <trkpt lat="37.329806" lon="-8.793793">
        <ele>48.61</ele>
      </trkpt>
      <trkpt lat="37.329619" lon="-8.793888">
        <ele>47.81</ele>
      </trkpt>
      <trkpt lat="37.329414" lon="-8.793942">
        <ele>46.52</ele>
      </trkpt>
      <trkpt lat="37.329086" lon="-8.793979">
        <ele>44.5</ele>
      </trkpt>
      <trkpt lat="37.328742" lon="-8.794">
        <ele>43.32</ele>
      </trkpt>
      <trkpt lat="37.328388" lon="-8.79397">
        <ele>41.21</ele>
      </trkpt>
      <trkpt lat="37.328138" lon="-8.793886">
        <ele>40.64</ele>
      </trkpt>
      <trkpt lat="37.327734" lon="-8.793635">
        <ele>37.84</ele>
      </trkpt>
      <trkpt lat="37.326567" lon="-8.793102">
        <ele>31.19</ele>
      </trkpt>
      <trkpt lat="37.326448" lon="-8.793067">
        <ele>30.32</ele>
      </trkpt>
      <trkpt lat="37.326285" lon="-8.793038">
        <ele>30</ele>
      </trkpt>
      <trkpt lat="37.32604" lon="-8.793007">
        <ele>28.34</ele>
      </trkpt>
      <trkpt lat="37.325799" lon="-8.793013">
        <ele>26.02</ele>
      </trkpt>
      <trkpt lat="37.325671" lon="-8.793057">
        <ele>25.5</ele>
      </trkpt>
      <trkpt lat="37.325543" lon="-8.793173">
        <ele>24.71</ele>
      </trkpt>
      <trkpt lat="37.325456" lon="-8.793283">
        <ele>23.54</ele>
      </trkpt>
      <trkpt lat="37.325146" lon="-8.793832">
        <ele>21.41</ele>
      </trkpt>
      <trkpt lat="37.325081" lon="-8.793966">
        <ele>21.49</ele>
      </trkpt>
      <trkpt lat="37.325039" lon="-8.794108">
        <ele>21.61</ele>
      </trkpt>
      <trkpt lat="37.325024" lon="-8.794257">
        <ele>21.26</ele>
      </trkpt>
      <trkpt lat="37.325013" lon="-8.794608">
        <ele>20.82</ele>
      </trkpt>
      <trkpt lat="37.324994" lon="-8.794707">
        <ele>20.48</ele>
      </trkpt>
      <trkpt lat="37.32496" lon="-8.794813">
        <ele>20.1</ele>
      </trkpt>
      <trkpt lat="37.324923" lon="-8.794882">
        <ele>19.84</ele>
      </trkpt>
      <trkpt lat="37.324835" lon="-8.795006">
        <ele>19.34</ele>
      </trkpt>
      <trkpt lat="37.324722" lon="-8.795115">
        <ele>18.84</ele>
      </trkpt>
      <trkpt lat="37.322872" lon="-8.796411">
        <ele>11.01</ele>
      </trkpt>
      <trkpt lat="37.322444" lon="-8.796729">
        <ele>10.27</ele>
      </trkpt>
      <trkpt lat="37.321372" lon="-8.79751">
        <ele>10.5</ele>
      </trkpt>
      <trkpt lat="37.321104" lon="-8.797826">
        <ele>10.57</ele>
      </trkpt>
      <trkpt lat="37.320863" lon="-8.798206">
        <ele>10.63</ele>
      </trkpt>
      <trkpt lat="37.320771" lon="-8.798308">
        <ele>10.65</ele>
      </trkpt>
      <trkpt lat="37.320668" lon="-8.798377">
        <ele>10.67</ele>
      </trkpt>
      <trkpt lat="37.320554" lon="-8.79842">
        <ele>10.69</ele>
      </trkpt>
      <trkpt lat="37.32008" lon="-8.798475">
        <ele>10.76</ele>
      </trkpt>
      <trkpt lat="37.319507" lon="-8.798501">
        <ele>10.86</ele>
      </trkpt>
      <trkpt lat="37.318531" lon="-8.79858">
        <ele>11</ele>
      </trkpt>
      <trkpt lat="37.31803" lon="-8.798674">
        <ele>12</ele>
      </trkpt>
      <trkpt lat="37.317786" lon="-8.798758">
        <ele>11.63</ele>
      </trkpt>
      <trkpt lat="37.317064" lon="-8.799094">
        <ele>11</ele>
      </trkpt>
      <trkpt lat="37.316943" lon="-8.79913">
        <ele>11</ele>
      </trkpt>
      <trkpt lat="37.316703" lon="-8.799299">
        <ele>11</ele>
      </trkpt>
      <trkpt lat="37.316678" lon="-8.799341">
        <ele>11.02</ele>
      </trkpt>
      <trkpt lat="37.316645" lon="-8.799372">
        <ele>11.02</ele>
      </trkpt>
      <trkpt lat="37.316617" lon="-8.799565">
        <ele>11</ele>
      </trkpt>
      <trkpt lat="37.316645" lon="-8.80025">
        <ele>10.34</ele>
      </trkpt>
      <trkpt lat="37.316715" lon="-8.801392">
        <ele>10.83</ele>
      </trkpt>
      <trkpt lat="37.316776" lon="-8.802221">
        <ele>10.38</ele>
      </trkpt>
      <trkpt lat="37.316779" lon="-8.802515">
        <ele>11.5</ele>
      </trkpt>
      <trkpt lat="37.316759" lon="-8.802684">
        <ele>12</ele>
      </trkpt>
      <trkpt lat="37.316694" lon="-8.802964">
        <ele>11.19</ele>
      </trkpt>
      <trkpt lat="37.316592" lon="-8.803502">
        <ele>11.65</ele>
      </trkpt>
      <trkpt lat="37.316575" lon="-8.803555">
        <ele>12.45</ele>
      </trkpt>
      <trkpt lat="37.316544" lon="-8.80361">
        <ele>13.11</ele>
      </trkpt>
      <trkpt lat="37.316498" lon="-8.803642">
        <ele>13.22</ele>
      </trkpt>
      <trkpt lat="37.316089" lon="-8.803735">
        <ele>14.34</ele>
      </trkpt>
      <trkpt lat="37.315957" lon="-8.803756">
        <ele>15</ele>
      </trkpt>
      <trkpt lat="37.315226" lon="-8.803722">
        <ele>13.77</ele>
      </trkpt>
      <trkpt lat="37.314909" lon="-8.803727">
        <ele>12.52</ele>
      </trkpt>
      <trkpt lat="37.314299" lon="-8.803774">
        <ele>14.68</ele>
      </trkpt>
      <trkpt lat="37.313539" lon="-8.803826">
        <ele>14.67</ele>
      </trkpt>
      <trkpt lat="37.313078" lon="-8.803773">
        <ele>14.59</ele>
      </trkpt>
      <trkpt lat="37.312935" lon="-8.803736">
        <ele>14.26</ele>
      </trkpt>
      <trkpt lat="37.312741" lon="-8.80364">
        <ele>13.72</ele>
      </trkpt>
      <trkpt lat="37.312389" lon="-8.80343">
        <ele>15.02</ele>
      </trkpt>
      <trkpt lat="37.310886" lon="-8.802507">
        <ele>13.06</ele>
      </trkpt>
      <trkpt lat="37.31058" lon="-8.802341">
        <ele>14.02</ele>
      </trkpt>
      <trkpt lat="37.310279" lon="-8.802233">
        <ele>14.15</ele>
      </trkpt>
      <trkpt lat="37.310012" lon="-8.802146">
        <ele>14.08</ele>
      </trkpt>
      <trkpt lat="37.309707" lon="-8.802084">
        <ele>13.71</ele>
      </trkpt>
      <trkpt lat="37.307979" lon="-8.801895">
        <ele>13.88</ele>
      </trkpt>
      <trkpt lat="37.307041" lon="-8.801832">
        <ele>14.13</ele>
      </trkpt>
      <trkpt lat="37.306841" lon="-8.801803">
        <ele>14.07</ele>
      </trkpt>
      <trkpt lat="37.306709" lon="-8.801795">
        <ele>14.03</ele>
      </trkpt>
      <trkpt lat="37.306149" lon="-8.801727">
        <ele>14.63</ele>
      </trkpt>
      <trkpt lat="37.305917" lon="-8.801678">
        <ele>14.08</ele>
      </trkpt>
      <trkpt lat="37.30568" lon="-8.801601">
        <ele>13.95</ele>
      </trkpt>
      <trkpt lat="37.305035" lon="-8.801306">
        <ele>14.04</ele>
      </trkpt>
      <trkpt lat="37.304304" lon="-8.800957">
        <ele>15.13</ele>
      </trkpt>
      <trkpt lat="37.303949" lon="-8.80075">
        <ele>15.24</ele>
      </trkpt>
      <trkpt lat="37.303475" lon="-8.800392">
        <ele>14.87</ele>
      </trkpt>
      <trkpt lat="37.303073" lon="-8.80005">
        <ele>14.95</ele>
      </trkpt>
      <trkpt lat="37.302198" lon="-8.799335">
        <ele>17.1</ele>
      </trkpt>
      <trkpt lat="37.302032" lon="-8.799233">
        <ele>17.02</ele>
      </trkpt>
      <trkpt lat="37.301872" lon="-8.799173">
        <ele>17.3</ele>
      </trkpt>
      <trkpt lat="37.301727" lon="-8.799163">
        <ele>18.45</ele>
      </trkpt>
      <trkpt lat="37.301553" lon="-8.799191">
        <ele>18.38</ele>
      </trkpt>
      <trkpt lat="37.301254" lon="-8.799294">
        <ele>17.64</ele>
      </trkpt>
      <trkpt lat="37.300435" lon="-8.799575">
        <ele>18.12</ele>
      </trkpt>
      <trkpt lat="37.300173" lon="-8.799667">
        <ele>19.91</ele>
      </trkpt>
      <trkpt lat="37.299125" lon="-8.800034">
        <ele>18.91</ele>
      </trkpt>
      <trkpt lat="37.298731" lon="-8.80013">
        <ele>19</ele>
      </trkpt>
      <trkpt lat="37.298546" lon="-8.800142">
        <ele>19.53</ele>
      </trkpt>
      <trkpt lat="37.2984" lon="-8.800116">
        <ele>20.8</ele>
      </trkpt>
      <trkpt lat="37.298219" lon="-8.800019">
        <ele>22.58</ele>
      </trkpt>
      <trkpt lat="37.298058" lon="-8.799865">
        <ele>20.79</ele>
      </trkpt>
      <trkpt lat="37.297815" lon="-8.7996">
        <ele>18.53</ele>
      </trkpt>
      <trkpt lat="37.2974" lon="-8.799138">
        <ele>18.01</ele>
      </trkpt>
      <trkpt lat="37.297193" lon="-8.798907">
        <ele>19.41</ele>
      </trkpt>
      <trkpt lat="37.296778" lon="-8.798445">
        <ele>26.69</ele>
      </trkpt>
      <trkpt lat="37.296155" lon="-8.797751">
        <ele>31.39</ele>
      </trkpt>
      <trkpt lat="37.295922" lon="-8.797522">
        <ele>30.71</ele>
      </trkpt>
      <trkpt lat="37.295686" lon="-8.797367">
        <ele>31.04</ele>
      </trkpt>
      <trkpt lat="37.295475" lon="-8.797254">
        <ele>30.95</ele>
      </trkpt>
      <trkpt lat="37.295314" lon="-8.797207">
        <ele>30.92</ele>
      </trkpt>
      <trkpt lat="37.295125" lon="-8.797192">
        <ele>30.22</ele>
      </trkpt>
      <trkpt lat="37.294947" lon="-8.797229">
        <ele>30.53</ele>
      </trkpt>
      <trkpt lat="37.294783" lon="-8.79732">
        <ele>29.2</ele>
      </trkpt>
      <trkpt lat="37.294594" lon="-8.797524">
        <ele>29.15</ele>
      </trkpt>
      <trkpt lat="37.294316" lon="-8.79801">
        <ele>27.44</ele>
      </trkpt>
      <trkpt lat="37.294186" lon="-8.798201">
        <ele>28.36</ele>
      </trkpt>
      <trkpt lat="37.294049" lon="-8.798368">
        <ele>28.89</ele>
      </trkpt>
      <trkpt lat="37.293863" lon="-8.798511">
        <ele>27.57</ele>
      </trkpt>
      <trkpt lat="37.293649" lon="-8.79864">
        <ele>28.69</ele>
      </trkpt>
      <trkpt lat="37.2934" lon="-8.7987">
        <ele>28.13</ele>
      </trkpt>
      <trkpt lat="37.293203" lon="-8.798713">
        <ele>27.37</ele>
      </trkpt>
      <trkpt lat="37.293023" lon="-8.798711">
        <ele>27.87</ele>
      </trkpt>
      <trkpt lat="37.292012" lon="-8.798621">
        <ele>28.61</ele>
      </trkpt>
      <trkpt lat="37.291162" lon="-8.798545">
        <ele>29.59</ele>
      </trkpt>
      <trkpt lat="37.290656" lon="-8.798417">
        <ele>30.04</ele>
      </trkpt>
      <trkpt lat="37.290448" lon="-8.798394">
        <ele>29.14</ele>
      </trkpt>
      <trkpt lat="37.290219" lon="-8.7984">
        <ele>28.44</ele>
      </trkpt>
      <trkpt lat="37.289975" lon="-8.798463">
        <ele>28.54</ele>
      </trkpt>
      <trkpt lat="37.289749" lon="-8.798562">
        <ele>28.23</ele>
      </trkpt>
      <trkpt lat="37.288944" lon="-8.79917">
        <ele>29.72</ele>
      </trkpt>
      <trkpt lat="37.288714" lon="-8.799305">
        <ele>30.23</ele>
      </trkpt>
      <trkpt lat="37.288469" lon="-8.799386">
        <ele>29</ele>
      </trkpt>
      <trkpt lat="37.28791" lon="-8.799475">
        <ele>33.76</ele>
      </trkpt>
      <trkpt lat="37.287351" lon="-8.799564">
        <ele>32.18</ele>
      </trkpt>
      <trkpt lat="37.286012" lon="-8.799785">
        <ele>36.34</ele>
      </trkpt>
      <trkpt lat="37.28581" lon="-8.79985">
        <ele>36.72</ele>
      </trkpt>
      <trkpt lat="37.285615" lon="-8.799962">
        <ele>37.6</ele>
      </trkpt>
      <trkpt lat="37.285383" lon="-8.800155">
        <ele>38.15</ele>
      </trkpt>
      <trkpt lat="37.284596" lon="-8.801168">
        <ele>40.64</ele>
      </trkpt>
      <trkpt lat="37.284485" lon="-8.80129">
        <ele>41.05</ele>
      </trkpt>
      <trkpt lat="37.284352" lon="-8.801404">
        <ele>41</ele>
      </trkpt>
      <trkpt lat="37.284022" lon="-8.80163">
        <ele>40.93</ele>
      </trkpt>
      <trkpt lat="37.283249" lon="-8.802125">
        <ele>47.07</ele>
      </trkpt>
      <trkpt lat="37.282704" lon="-8.802362">
        <ele>51.25</ele>
      </trkpt>
      <trkpt lat="37.282513" lon="-8.802397">
        <ele>52.86</ele>
      </trkpt>
      <trkpt lat="37.282328" lon="-8.802386">
        <ele>54.55</ele>
      </trkpt>
      <trkpt lat="37.282008" lon="-8.802323">
        <ele>55.89</ele>
      </trkpt>
      <trkpt lat="37.2814" lon="-8.802183">
        <ele>59.07</ele>
      </trkpt>
      <trkpt lat="37.281237" lon="-8.80216">
        <ele>58.6</ele>
      </trkpt>
      <trkpt lat="37.28104" lon="-8.802165">
        <ele>58.62</ele>
      </trkpt>
      <trkpt lat="37.280786" lon="-8.802204">
        <ele>59.22</ele>
      </trkpt>
      <trkpt lat="37.280481" lon="-8.802285">
        <ele>59.76</ele>
      </trkpt>
      <trkpt lat="37.280015" lon="-8.802407">
        <ele>60.59</ele>
      </trkpt>
      <trkpt lat="37.279859" lon="-8.802432">
        <ele>60.73</ele>
      </trkpt>
      <trkpt lat="37.278126" lon="-8.802882">
        <ele>65.35</ele>
      </trkpt>
      <trkpt lat="37.277779" lon="-8.803">
        <ele>65.64</ele>
      </trkpt>
      <trkpt lat="37.277609" lon="-8.803088">
        <ele>65.55</ele>
      </trkpt>
      <trkpt lat="37.277451" lon="-8.803184">
        <ele>65.3</ele>
      </trkpt>
      <trkpt lat="37.277125" lon="-8.803417">
        <ele>65.36</ele>
      </trkpt>
      <trkpt lat="37.275658" lon="-8.804546">
        <ele>68.17</ele>
      </trkpt>
      <trkpt lat="37.273924" lon="-8.805866">
        <ele>68</ele>
      </trkpt>
      <trkpt lat="37.273242" lon="-8.806384">
        <ele>70.39</ele>
      </trkpt>
      <trkpt lat="37.272009" lon="-8.807273">
        <ele>75.31</ele>
      </trkpt>
      <trkpt lat="37.270889" lon="-8.808152">
        <ele>73.25</ele>
      </trkpt>
      <trkpt lat="37.26966" lon="-8.809053">
        <ele>70.32</ele>
      </trkpt>
      <trkpt lat="37.269355" lon="-8.8093">
        <ele>69.72</ele>
      </trkpt>
      <trkpt lat="37.269189" lon="-8.809395">
        <ele>69.77</ele>
      </trkpt>
      <trkpt lat="37.268998" lon="-8.809454">
        <ele>69.83</ele>
      </trkpt>
      <trkpt lat="37.268863" lon="-8.80948">
        <ele>69.87</ele>
      </trkpt>
      <trkpt lat="37.268861" lon="-8.809403">
        <ele>69.56</ele>
      </trkpt>
      <trkpt lat="37.268861" lon="-8.809403">
        <ele>69.56</ele>
      </trkpt>
      <trkpt lat="37.268863" lon="-8.80948">
        <ele>69.87</ele>
      </trkpt>
      <trkpt lat="37.268694" lon="-8.809495">
        <ele>70.62</ele>
      </trkpt>
      <trkpt lat="37.268486" lon="-8.809476">
        <ele>71.2</ele>
      </trkpt>
      <trkpt lat="37.267791" lon="-8.80937">
        <ele>75.17</ele>
      </trkpt>
      <trkpt lat="37.266986" lon="-8.809279">
        <ele>79.68</ele>
      </trkpt>
      <trkpt lat="37.266718" lon="-8.809248">
        <ele>80.08</ele>
      </trkpt>
      <trkpt lat="37.266256" lon="-8.809182">
        <ele>78.4</ele>
      </trkpt>
      <trkpt lat="37.265969" lon="-8.809156">
        <ele>77.88</ele>
      </trkpt>
      <trkpt lat="37.265693" lon="-8.809143">
        <ele>76.82</ele>
      </trkpt>
      <trkpt lat="37.265259" lon="-8.809207">
        <ele>76</ele>
      </trkpt>
      <trkpt lat="37.264938" lon="-8.809303">
        <ele>75.68</ele>
      </trkpt>
      <trkpt lat="37.264618" lon="-8.809465">
        <ele>75.79</ele>
      </trkpt>
      <trkpt lat="37.264296" lon="-8.809674">
        <ele>75.93</ele>
      </trkpt>
      <trkpt lat="37.262853" lon="-8.810823">
        <ele>80.28</ele>
      </trkpt>
      <trkpt lat="37.260831" lon="-8.812432">
        <ele>81</ele>
      </trkpt>
      <trkpt lat="37.260335" lon="-8.812796">
        <ele>80.83</ele>
      </trkpt>
      <trkpt lat="37.260183" lon="-8.81288">
        <ele>81.47</ele>
      </trkpt>
      <trkpt lat="37.259913" lon="-8.81301">
        <ele>81.69</ele>
      </trkpt>
      <trkpt lat="37.259619" lon="-8.813107">
        <ele>81.8</ele>
      </trkpt>
      <trkpt lat="37.25933" lon="-8.813147">
        <ele>81.08</ele>
      </trkpt>
      <trkpt lat="37.258025" lon="-8.813163">
        <ele>77.88</ele>
      </trkpt>
      <trkpt lat="37.257779" lon="-8.813158">
        <ele>76.86</ele>
      </trkpt>
      <trkpt lat="37.25744" lon="-8.813154">
        <ele>76.79</ele>
      </trkpt>
      <trkpt lat="37.25663" lon="-8.81315">
        <ele>80.63</ele>
      </trkpt>
      <trkpt lat="37.255933" lon="-8.813127">
        <ele>87.17</ele>
      </trkpt>
      <trkpt lat="37.25577" lon="-8.813087">
        <ele>88.96</ele>
      </trkpt>
      <trkpt lat="37.255552" lon="-8.813084">
        <ele>91.64</ele>
      </trkpt>
      <trkpt lat="37.255327" lon="-8.813041">
        <ele>93.84</ele>
      </trkpt>
      <trkpt lat="37.25515" lon="-8.812966">
        <ele>95.48</ele>
      </trkpt>
      <trkpt lat="37.254986" lon="-8.812842">
        <ele>96.28</ele>
      </trkpt>
      <trkpt lat="37.254226" lon="-8.812009">
        <ele>104.09</ele>
      </trkpt>
      <trkpt lat="37.253846" lon="-8.811592">
        <ele>105.77</ele>
      </trkpt>
      <trkpt lat="37.253655" lon="-8.811461">
        <ele>106.4</ele>
      </trkpt>
      <trkpt lat="37.253483" lon="-8.811383">
        <ele>108.38</ele>
      </trkpt>
      <trkpt lat="37.252796" lon="-8.81118">
        <ele>110.74</ele>
      </trkpt>
      <trkpt lat="37.252604" lon="-8.811066">
        <ele>111.93</ele>
      </trkpt>
      <trkpt lat="37.252001" lon="-8.810643">
        <ele>115.25</ele>
      </trkpt>
      <trkpt lat="37.25177" lon="-8.810522">
        <ele>117.53</ele>
      </trkpt>
      <trkpt lat="37.251502" lon="-8.810421">
        <ele>118.21</ele>
      </trkpt>
      <trkpt lat="37.250427" lon="-8.810019">
        <ele>126.22</ele>
      </trkpt>
      <trkpt lat="37.24989" lon="-8.809818">
        <ele>132.28</ele>
      </trkpt>
      <trkpt lat="37.249353" lon="-8.809616">
        <ele>136.07</ele>
      </trkpt>
      <trkpt lat="37.248815" lon="-8.809415">
        <ele>137.65</ele>
      </trkpt>
      <trkpt lat="37.248482" lon="-8.809246">
        <ele>138.92</ele>
      </trkpt>
      <trkpt lat="37.248408" lon="-8.809191">
        <ele>139.23</ele>
      </trkpt>
      <trkpt lat="37.247639" lon="-8.808611">
        <ele>142.38</ele>
      </trkpt>
      <trkpt lat="37.247453" lon="-8.808495">
        <ele>142.92</ele>
      </trkpt>
      <trkpt lat="37.247122" lon="-8.808357">
        <ele>142.75</ele>
      </trkpt>
      <trkpt lat="37.246817" lon="-8.808248">
        <ele>142.27</ele>
      </trkpt>
      <trkpt lat="37.245637" lon="-8.807805">
        <ele>146.98</ele>
      </trkpt>
      <trkpt lat="37.2454" lon="-8.807696">
        <ele>148.29</ele>
      </trkpt>
      <trkpt lat="37.245244" lon="-8.807593">
        <ele>149.21</ele>
      </trkpt>
      <trkpt lat="37.245121" lon="-8.807443">
        <ele>150.13</ele>
      </trkpt>
      <trkpt lat="37.245005" lon="-8.807274">
        <ele>150.28</ele>
      </trkpt>
      <trkpt lat="37.244158" lon="-8.805797">
        <ele>153.7</ele>
      </trkpt>
      <trkpt lat="37.244" lon="-8.80556">
        <ele>154.92</ele>
      </trkpt>
      <trkpt lat="37.243851" lon="-8.8054">
        <ele>155.02</ele>
      </trkpt>
      <trkpt lat="37.243604" lon="-8.805222">
        <ele>156.1</ele>
      </trkpt>
      <trkpt lat="37.242771" lon="-8.804794">
        <ele>157</ele>
      </trkpt>
      <trkpt lat="37.242059" lon="-8.804429">
        <ele>155.77</ele>
      </trkpt>
      <trkpt lat="37.241891" lon="-8.80433">
        <ele>156.9</ele>
      </trkpt>
      <trkpt lat="37.241759" lon="-8.804223">
        <ele>157.37</ele>
      </trkpt>
      <trkpt lat="37.241629" lon="-8.804032">
        <ele>157.95</ele>
      </trkpt>
      <trkpt lat="37.241557" lon="-8.803866">
        <ele>159</ele>
      </trkpt>
      <trkpt lat="37.241499" lon="-8.803671">
        <ele>159.45</ele>
      </trkpt>
      <trkpt lat="37.241305" lon="-8.802729">
        <ele>164.22</ele>
      </trkpt>
      <trkpt lat="37.241228" lon="-8.802461">
        <ele>165.1</ele>
      </trkpt>
      <trkpt lat="37.241147" lon="-8.802306">
        <ele>166</ele>
      </trkpt>
      <trkpt lat="37.241025" lon="-8.802135">
        <ele>167</ele>
      </trkpt>
      <trkpt lat="37.240883" lon="-8.802007">
        <ele>167</ele>
      </trkpt>
      <trkpt lat="37.240737" lon="-8.801897">
        <ele>167.99</ele>
      </trkpt>
      <trkpt lat="37.236838" lon="-8.799702">
        <ele>176.07</ele>
      </trkpt>
      <trkpt lat="37.236261" lon="-8.799349">
        <ele>174.87</ele>
      </trkpt>
      <trkpt lat="37.235547" lon="-8.798863">
        <ele>171.98</ele>
      </trkpt>
      <trkpt lat="37.234547" lon="-8.798126">
        <ele>174.5</ele>
      </trkpt>
      <trkpt lat="37.234317" lon="-8.797957">
        <ele>175.07</ele>
      </trkpt>
      <trkpt lat="37.233858" lon="-8.797523">
        <ele>171.5</ele>
      </trkpt>
      <trkpt lat="37.233667" lon="-8.79735">
        <ele>170.96</ele>
      </trkpt>
      <trkpt lat="37.23348" lon="-8.79724">
        <ele>169.47</ele>
      </trkpt>
      <trkpt lat="37.232798" lon="-8.79689">
        <ele>166.01</ele>
      </trkpt>
      <trkpt lat="37.232483" lon="-8.796719">
        <ele>165.08</ele>
      </trkpt>
      <trkpt lat="37.232211" lon="-8.796534">
        <ele>164.2</ele>
      </trkpt>
      <trkpt lat="37.231814" lon="-8.796113">
        <ele>164.85</ele>
      </trkpt>
      <trkpt lat="37.231198" lon="-8.795434">
        <ele>164.94</ele>
      </trkpt>
      <trkpt lat="37.230172" lon="-8.794304">
        <ele>169.82</ele>
      </trkpt>
      <trkpt lat="37.229761" lon="-8.793851">
        <ele>173.76</ele>
      </trkpt>
      <trkpt lat="37.22935" lon="-8.793399">
        <ele>173.15</ele>
      </trkpt>
      <trkpt lat="37.229145" lon="-8.793173">
        <ele>171.31</ele>
      </trkpt>
      <trkpt lat="37.227914" lon="-8.791816">
        <ele>177.71</ele>
      </trkpt>
      <trkpt lat="37.227684" lon="-8.791517">
        <ele>179.69</ele>
      </trkpt>
      <trkpt lat="37.227491" lon="-8.791213">
        <ele>182.86</ele>
      </trkpt>
      <trkpt lat="37.226902" lon="-8.790175">
        <ele>187.92</ele>
      </trkpt>
      <trkpt lat="37.226755" lon="-8.789915">
        <ele>187.72</ele>
      </trkpt>
      <trkpt lat="37.22626" lon="-8.789064">
        <ele>190.84</ele>
      </trkpt>
      <trkpt lat="37.226095" lon="-8.788781">
        <ele>195.25</ele>
      </trkpt>
      <trkpt lat="37.22593" lon="-8.788497">
        <ele>196.62</ele>
      </trkpt>
      <trkpt lat="37.225584" lon="-8.787868">
        <ele>200.32</ele>
      </trkpt>
      <trkpt lat="37.225397" lon="-8.787543">
        <ele>199.84</ele>
      </trkpt>
      <trkpt lat="37.22521" lon="-8.787218">
        <ele>201.63</ele>
      </trkpt>
      <trkpt lat="37.224907" lon="-8.786708">
        <ele>201.22</ele>
      </trkpt>
      <trkpt lat="37.224659" lon="-8.786262">
        <ele>201.83</ele>
      </trkpt>
      <trkpt lat="37.224405" lon="-8.78569">
        <ele>204.15</ele>
      </trkpt>
      <trkpt lat="37.224313" lon="-8.785426">
        <ele>205.18</ele>
      </trkpt>
      <trkpt lat="37.224148" lon="-8.784838">
        <ele>205.43</ele>
      </trkpt>
      <trkpt lat="37.223948" lon="-8.78393">
        <ele>207.84</ele>
      </trkpt>
      <trkpt lat="37.223833" lon="-8.783474">
        <ele>209.07</ele>
      </trkpt>
      <trkpt lat="37.223716" lon="-8.783136">
        <ele>210.04</ele>
      </trkpt>
      <trkpt lat="37.223553" lon="-8.782782">
        <ele>212.06</ele>
      </trkpt>
      <trkpt lat="37.223295" lon="-8.782407">
        <ele>214.94</ele>
      </trkpt>
      <trkpt lat="37.222992" lon="-8.782116">
        <ele>217.72</ele>
      </trkpt>
      <trkpt lat="37.222277" lon="-8.781531">
        <ele>220.83</ele>
      </trkpt>
      <trkpt lat="37.221964" lon="-8.781228">
        <ele>223.06</ele>
      </trkpt>
      <trkpt lat="37.221779" lon="-8.781029">
        <ele>223.68</ele>
      </trkpt>
      <trkpt lat="37.221602" lon="-8.780824">
        <ele>222.78</ele>
      </trkpt>
      <trkpt lat="37.221249" lon="-8.780414">
        <ele>225.07</ele>
      </trkpt>
      <trkpt lat="37.220923" lon="-8.780078">
        <ele>227.71</ele>
      </trkpt>
      <trkpt lat="37.220666" lon="-8.779864">
        <ele>229.6</ele>
      </trkpt>
      <trkpt lat="37.219143" lon="-8.778842">
        <ele>235.95</ele>
      </trkpt>
      <trkpt lat="37.218662" lon="-8.778562">
        <ele>236.04</ele>
      </trkpt>
      <trkpt lat="37.218383" lon="-8.778464">
        <ele>235.86</ele>
      </trkpt>
      <trkpt lat="37.218084" lon="-8.778408">
        <ele>234.65</ele>
      </trkpt>
      <trkpt lat="37.217807" lon="-8.778385">
        <ele>233.58</ele>
      </trkpt>
      <trkpt lat="37.217065" lon="-8.778385">
        <ele>230.22</ele>
      </trkpt>
      <trkpt lat="37.216792" lon="-8.778353">
        <ele>229.04</ele>
      </trkpt>
      <trkpt lat="37.216596" lon="-8.778309">
        <ele>227.73</ele>
      </trkpt>
      <trkpt lat="37.216413" lon="-8.778239">
        <ele>227</ele>
      </trkpt>
      <trkpt lat="37.21624" lon="-8.778156">
        <ele>226.59</ele>
      </trkpt>
      <trkpt lat="37.215792" lon="-8.777915">
        <ele>226.05</ele>
      </trkpt>
      <trkpt lat="37.215159" lon="-8.777571">
        <ele>223.37</ele>
      </trkpt>
      <trkpt lat="37.215001" lon="-8.777477">
        <ele>221.86</ele>
      </trkpt>
      <trkpt lat="37.214752" lon="-8.777314">
        <ele>220.42</ele>
      </trkpt>
      <trkpt lat="37.213732" lon="-8.776578">
        <ele>214.42</ele>
      </trkpt>
      <trkpt lat="37.213427" lon="-8.776341">
        <ele>212.7</ele>
      </trkpt>
      <trkpt lat="37.21321" lon="-8.776209">
        <ele>211.28</ele>
      </trkpt>
      <trkpt lat="37.213134" lon="-8.776182">
        <ele>210.7</ele>
      </trkpt>
      <trkpt lat="37.21274" lon="-8.776131">
        <ele>207.06</ele>
      </trkpt>
      <trkpt lat="37.21261" lon="-8.776098">
        <ele>205.4</ele>
      </trkpt>
      <trkpt lat="37.212478" lon="-8.776032">
        <ele>204.4</ele>
      </trkpt>
      <trkpt lat="37.21236" lon="-8.775939">
        <ele>203.21</ele>
      </trkpt>
      <trkpt lat="37.212245" lon="-8.775782">
        <ele>202.58</ele>
      </trkpt>
      <trkpt lat="37.212181" lon="-8.775678">
        <ele>201.78</ele>
      </trkpt>
      <trkpt lat="37.212075" lon="-8.77547">
        <ele>201.48</ele>
      </trkpt>
      <trkpt lat="37.211762" lon="-8.77469">
        <ele>195.74</ele>
      </trkpt>
      <trkpt lat="37.211665" lon="-8.774435">
        <ele>195.19</ele>
      </trkpt>
      <trkpt lat="37.211616" lon="-8.774234">
        <ele>194.17</ele>
      </trkpt>
      <trkpt lat="37.211582" lon="-8.774015">
        <ele>194.19</ele>
      </trkpt>
      <trkpt lat="37.211578" lon="-8.773716">
        <ele>193.48</ele>
      </trkpt>
      <trkpt lat="37.211589" lon="-8.77312">
        <ele>189.04</ele>
      </trkpt>
      <trkpt lat="37.211586" lon="-8.772855">
        <ele>187.61</ele>
      </trkpt>
      <trkpt lat="37.211574" lon="-8.772707">
        <ele>187.61</ele>
      </trkpt>
      <trkpt lat="37.211535" lon="-8.772452">
        <ele>186.8</ele>
      </trkpt>
      <trkpt lat="37.211484" lon="-8.772253">
        <ele>185.04</ele>
      </trkpt>
      <trkpt lat="37.211429" lon="-8.772123">
        <ele>184.48</ele>
      </trkpt>
      <trkpt lat="37.211289" lon="-8.771833">
        <ele>182.51</ele>
      </trkpt>
      <trkpt lat="37.211091" lon="-8.771484">
        <ele>180.19</ele>
      </trkpt>
      <trkpt lat="37.210909" lon="-8.771228">
        <ele>178.95</ele>
      </trkpt>
      <trkpt lat="37.210798" lon="-8.771122">
        <ele>177.71</ele>
      </trkpt>
      <trkpt lat="37.210508" lon="-8.770908">
        <ele>175.95</ele>
      </trkpt>
      <trkpt lat="37.210345" lon="-8.770773">
        <ele>174.13</ele>
      </trkpt>
      <trkpt lat="37.210267" lon="-8.770683">
        <ele>174.28</ele>
      </trkpt>
      <trkpt lat="37.21018" lon="-8.770544">
        <ele>174.09</ele>
      </trkpt>
      <trkpt lat="37.209838" lon="-8.769799">
        <ele>167.6</ele>
      </trkpt>
      <trkpt lat="37.20968" lon="-8.769436">
        <ele>166.05</ele>
      </trkpt>
      <trkpt lat="37.209552" lon="-8.769172">
        <ele>165.21</ele>
      </trkpt>
      <trkpt lat="37.209448" lon="-8.769035">
        <ele>164.56</ele>
      </trkpt>
      <trkpt lat="37.209347" lon="-8.768957">
        <ele>164.02</ele>
      </trkpt>
      <trkpt lat="37.209139" lon="-8.768866">
        <ele>162.72</ele>
      </trkpt>
      <trkpt lat="37.209019" lon="-8.768836">
        <ele>161.9</ele>
      </trkpt>
      <trkpt lat="37.208875" lon="-8.768832">
        <ele>160.12</ele>
      </trkpt>
      <trkpt lat="37.208733" lon="-8.768854">
        <ele>159.17</ele>
      </trkpt>
      <trkpt lat="37.208477" lon="-8.768922">
        <ele>156.1</ele>
      </trkpt>
      <trkpt lat="37.208312" lon="-8.768957">
        <ele>154.99</ele>
      </trkpt>
      <trkpt lat="37.208201" lon="-8.768957">
        <ele>154.44</ele>
      </trkpt>
      <trkpt lat="37.208099" lon="-8.768936">
        <ele>153.59</ele>
      </trkpt>
      <trkpt lat="37.207925" lon="-8.768867">
        <ele>151.95</ele>
      </trkpt>
      <trkpt lat="37.20772" lon="-8.768724">
        <ele>149.79</ele>
      </trkpt>
      <trkpt lat="37.20753" lon="-8.768573">
        <ele>147.81</ele>
      </trkpt>
      <trkpt lat="37.20741" lon="-8.768469">
        <ele>147.47</ele>
      </trkpt>
      <trkpt lat="37.207314" lon="-8.768357">
        <ele>146.92</ele>
      </trkpt>
      <trkpt lat="37.207223" lon="-8.768188">
        <ele>145.31</ele>
      </trkpt>
      <trkpt lat="37.207156" lon="-8.768001">
        <ele>144.36</ele>
      </trkpt>
      <trkpt lat="37.207088" lon="-8.767768">
        <ele>143.04</ele>
      </trkpt>
      <trkpt lat="37.206776" lon="-8.766412">
        <ele>139.93</ele>
      </trkpt>
      <trkpt lat="37.206708" lon="-8.766236">
        <ele>140</ele>
      </trkpt>
      <trkpt lat="37.206605" lon="-8.766087">
        <ele>139.22</ele>
      </trkpt>
      <trkpt lat="37.206481" lon="-8.765972">
        <ele>138.28</ele>
      </trkpt>
      <trkpt lat="37.206369" lon="-8.765892">
        <ele>137.52</ele>
      </trkpt>
      <trkpt lat="37.206158" lon="-8.765771">
        <ele>135.07</ele>
      </trkpt>
      <trkpt lat="37.205958" lon="-8.765702">
        <ele>136.23</ele>
      </trkpt>
      <trkpt lat="37.20584" lon="-8.765679">
        <ele>135.39</ele>
      </trkpt>
      <trkpt lat="37.205694" lon="-8.765672">
        <ele>135.03</ele>
      </trkpt>
      <trkpt lat="37.205284" lon="-8.765671">
        <ele>132</ele>
      </trkpt>
      <trkpt lat="37.205113" lon="-8.765657">
        <ele>131.69</ele>
      </trkpt>
      <trkpt lat="37.204928" lon="-8.765602">
        <ele>131.4</ele>
      </trkpt>
      <trkpt lat="37.204788" lon="-8.765526">
        <ele>131.2</ele>
      </trkpt>
      <trkpt lat="37.204656" lon="-8.765428">
        <ele>130.56</ele>
      </trkpt>
      <trkpt lat="37.204538" lon="-8.765318">
        <ele>129.18</ele>
      </trkpt>
      <trkpt lat="37.204408" lon="-8.765164">
        <ele>127.68</ele>
      </trkpt>
      <trkpt lat="37.203724" lon="-8.764238">
        <ele>123.67</ele>
      </trkpt>
      <trkpt lat="37.203177" lon="-8.763496">
        <ele>117.18</ele>
      </trkpt>
      <trkpt lat="37.202795" lon="-8.762985">
        <ele>114.82</ele>
      </trkpt>
      <trkpt lat="37.202701" lon="-8.762847">
        <ele>114.27</ele>
      </trkpt>
      <trkpt lat="37.20258" lon="-8.762616">
        <ele>112.94</ele>
      </trkpt>
      <trkpt lat="37.202319" lon="-8.76199">
        <ele>111.26</ele>
      </trkpt>
      <trkpt lat="37.202124" lon="-8.761441">
        <ele>108.73</ele>
      </trkpt>
      <trkpt lat="37.202061" lon="-8.761303">
        <ele>108.05</ele>
      </trkpt>
      <trkpt lat="37.201973" lon="-8.761152">
        <ele>106.72</ele>
      </trkpt>
      <trkpt lat="37.201858" lon="-8.761019">
        <ele>105.91</ele>
      </trkpt>
      <trkpt lat="37.201754" lon="-8.760943">
        <ele>104.41</ele>
      </trkpt>
      <trkpt lat="37.20164" lon="-8.760886">
        <ele>103.37</ele>
      </trkpt>
      <trkpt lat="37.201371" lon="-8.760796">
        <ele>101.98</ele>
      </trkpt>
      <trkpt lat="37.201078" lon="-8.760726">
        <ele>101.5</ele>
      </trkpt>
      <trkpt lat="37.200965" lon="-8.760731">
        <ele>101.19</ele>
      </trkpt>
      <trkpt lat="37.200842" lon="-8.76076">
        <ele>100.35</ele>
      </trkpt>
      <trkpt lat="37.20057" lon="-8.760864">
        <ele>99.11</ele>
      </trkpt>
      <trkpt lat="37.200444" lon="-8.760878">
        <ele>98.39</ele>
      </trkpt>
      <trkpt lat="37.200326" lon="-8.760866">
        <ele>97.32</ele>
      </trkpt>
      <trkpt lat="37.200179" lon="-8.760803">
        <ele>96.36</ele>
      </trkpt>
      <trkpt lat="37.199894" lon="-8.760634">
        <ele>93.78</ele>
      </trkpt>
      <trkpt lat="37.199735" lon="-8.760561">
        <ele>92.48</ele>
      </trkpt>
      <trkpt lat="37.199549" lon="-8.760512">
        <ele>91.29</ele>
      </trkpt>
      <trkpt lat="37.199316" lon="-8.760492">
        <ele>89.39</ele>
      </trkpt>
      <trkpt lat="37.198992" lon="-8.760487">
        <ele>87.54</ele>
      </trkpt>
      <trkpt lat="37.198228" lon="-8.76054">
        <ele>84.82</ele>
      </trkpt>
      <trkpt lat="37.197719" lon="-8.760574">
        <ele>80.78</ele>
      </trkpt>
      <trkpt lat="37.197209" lon="-8.760609">
        <ele>79.93</ele>
      </trkpt>
      <trkpt lat="37.197003" lon="-8.760626">
        <ele>77.67</ele>
      </trkpt>
      <trkpt lat="37.196797" lon="-8.760643">
        <ele>79.05</ele>
      </trkpt>
      <trkpt lat="37.19666" lon="-8.760638">
        <ele>79.63</ele>
      </trkpt>
      <trkpt lat="37.196496" lon="-8.760606">
        <ele>80</ele>
      </trkpt>
      <trkpt lat="37.196403" lon="-8.760572">
        <ele>80.24</ele>
      </trkpt>
      <trkpt lat="37.195802" lon="-8.760212">
        <ele>81.62</ele>
      </trkpt>
      <trkpt lat="37.195293" lon="-8.75994">
        <ele>82.14</ele>
      </trkpt>
      <trkpt lat="37.194274" lon="-8.759396">
        <ele>79.39</ele>
      </trkpt>
      <trkpt lat="37.194038" lon="-8.759289">
        <ele>79.51</ele>
      </trkpt>
      <trkpt lat="37.193849" lon="-8.759217">
        <ele>79.41</ele>
      </trkpt>
      <trkpt lat="37.193685" lon="-8.759171">
        <ele>79.74</ele>
      </trkpt>
      <trkpt lat="37.193417" lon="-8.759116">
        <ele>78.88</ele>
      </trkpt>
      <trkpt lat="37.193297" lon="-8.759083">
        <ele>78.94</ele>
      </trkpt>
      <trkpt lat="37.193103" lon="-8.758981">
        <ele>79.02</ele>
      </trkpt>
      <trkpt lat="37.192921" lon="-8.758856">
        <ele>77.86</ele>
      </trkpt>
      <trkpt lat="37.192814" lon="-8.758805">
        <ele>77.39</ele>
      </trkpt>
      <trkpt lat="37.192695" lon="-8.758762">
        <ele>76.75</ele>
      </trkpt>
      <trkpt lat="37.192582" lon="-8.758739">
        <ele>76.14</ele>
      </trkpt>
      <trkpt lat="37.192209" lon="-8.758698">
        <ele>73.59</ele>
      </trkpt>
      <trkpt lat="37.192031" lon="-8.758644">
        <ele>74.01</ele>
      </trkpt>
      <trkpt lat="37.191873" lon="-8.75858">
        <ele>74.22</ele>
      </trkpt>
      <trkpt lat="37.191742" lon="-8.758506">
        <ele>75.07</ele>
      </trkpt>
      <trkpt lat="37.191356" lon="-8.758217">
        <ele>75.01</ele>
      </trkpt>
      <trkpt lat="37.191096" lon="-8.758069">
        <ele>75.09</ele>
      </trkpt>
      <trkpt lat="37.191003" lon="-8.758036">
        <ele>75.61</ele>
      </trkpt>
      <trkpt lat="37.190903" lon="-8.758015">
        <ele>75.49</ele>
      </trkpt>
      <trkpt lat="37.190719" lon="-8.758027">
        <ele>75.49</ele>
      </trkpt>
      <trkpt lat="37.190585" lon="-8.758063">
        <ele>75.57</ele>
      </trkpt>
      <trkpt lat="37.190458" lon="-8.758131">
        <ele>76.42</ele>
      </trkpt>
      <trkpt lat="37.190158" lon="-8.758332">
        <ele>77.67</ele>
      </trkpt>
      <trkpt lat="37.189663" lon="-8.758686">
        <ele>81.51</ele>
      </trkpt>
      <trkpt lat="37.189577" lon="-8.758774">
        <ele>82.21</ele>
      </trkpt>
      <trkpt lat="37.189496" lon="-8.758883">
        <ele>82.9</ele>
      </trkpt>
      <trkpt lat="37.189397" lon="-8.759056">
        <ele>83.69</ele>
      </trkpt>
      <trkpt lat="37.189212" lon="-8.759422">
        <ele>86.12</ele>
      </trkpt>
      <trkpt lat="37.189034" lon="-8.759733">
        <ele>88.74</ele>
      </trkpt>
      <trkpt lat="37.188937" lon="-8.759858">
        <ele>89.67</ele>
      </trkpt>
      <trkpt lat="37.188457" lon="-8.760343">
        <ele>92.08</ele>
      </trkpt>
      <trkpt lat="37.188291" lon="-8.760484">
        <ele>93.35</ele>
      </trkpt>
      <trkpt lat="37.188175" lon="-8.760562">
        <ele>94.39</ele>
      </trkpt>
      <trkpt lat="37.188072" lon="-8.760613">
        <ele>95.45</ele>
      </trkpt>
      <trkpt lat="37.187923" lon="-8.760661">
        <ele>95.58</ele>
      </trkpt>
      <trkpt lat="37.187781" lon="-8.760688">
        <ele>95.63</ele>
      </trkpt>
      <trkpt lat="37.18765" lon="-8.76069">
        <ele>96.06</ele>
      </trkpt>
      <trkpt lat="37.18743" lon="-8.760652">
        <ele>97.33</ele>
      </trkpt>
      <trkpt lat="37.187294" lon="-8.760596">
        <ele>97.51</ele>
      </trkpt>
      <trkpt lat="37.187204" lon="-8.760548">
        <ele>97.32</ele>
      </trkpt>
      <trkpt lat="37.187099" lon="-8.760466">
        <ele>97.37</ele>
      </trkpt>
      <trkpt lat="37.186747" lon="-8.760136">
        <ele>98.19</ele>
      </trkpt>
      <trkpt lat="37.186438" lon="-8.759834">
        <ele>97.51</ele>
      </trkpt>
      <trkpt lat="37.186237" lon="-8.759684">
        <ele>96.78</ele>
      </trkpt>
      <trkpt lat="37.186115" lon="-8.759621">
        <ele>95.87</ele>
      </trkpt>
      <trkpt lat="37.185955" lon="-8.759557">
        <ele>94.66</ele>
      </trkpt>
      <trkpt lat="37.185281" lon="-8.759349">
        <ele>91.91</ele>
      </trkpt>
      <trkpt lat="37.184148" lon="-8.759005">
        <ele>90.39</ele>
      </trkpt>
      <trkpt lat="37.18398" lon="-8.758961">
        <ele>89.69</ele>
      </trkpt>
      <trkpt lat="37.183831" lon="-8.758935">
        <ele>89.26</ele>
      </trkpt>
      <trkpt lat="37.183733" lon="-8.758931">
        <ele>89.11</ele>
      </trkpt>
      <trkpt lat="37.183457" lon="-8.75897">
        <ele>87.77</ele>
      </trkpt>
      <trkpt lat="37.182921" lon="-8.759118">
        <ele>86.49</ele>
      </trkpt>
      <trkpt lat="37.182659" lon="-8.759152">
        <ele>84.82</ele>
      </trkpt>
      <trkpt lat="37.182444" lon="-8.759109">
        <ele>84.98</ele>
      </trkpt>
      <trkpt lat="37.182346" lon="-8.759069">
        <ele>84.79</ele>
      </trkpt>
      <trkpt lat="37.182232" lon="-8.759005">
        <ele>84.34</ele>
      </trkpt>
      <trkpt lat="37.182014" lon="-8.758863">
        <ele>83.07</ele>
      </trkpt>
      <trkpt lat="37.180795" lon="-8.758049">
        <ele>80.62</ele>
      </trkpt>
      <trkpt lat="37.180276" lon="-8.757708">
        <ele>78.23</ele>
      </trkpt>
      <trkpt lat="37.180017" lon="-8.757537">
        <ele>78.75</ele>
      </trkpt>
      <trkpt lat="37.179878" lon="-8.757428">
        <ele>78.3</ele>
      </trkpt>
      <trkpt lat="37.179723" lon="-8.757256">
        <ele>78.04</ele>
      </trkpt>
      <trkpt lat="37.179434" lon="-8.756854">
        <ele>77.37</ele>
      </trkpt>
      <trkpt lat="37.178904" lon="-8.756016">
        <ele>73.83</ele>
      </trkpt>
      <trkpt lat="37.178552" lon="-8.755368">
        <ele>74.05</ele>
      </trkpt>
      <trkpt lat="37.178431" lon="-8.75509">
        <ele>72.59</ele>
      </trkpt>
      <trkpt lat="37.178355" lon="-8.754894">
        <ele>71.61</ele>
      </trkpt>
      <trkpt lat="37.178267" lon="-8.754572">
        <ele>71.48</ele>
      </trkpt>
      <trkpt lat="37.178229" lon="-8.754294">
        <ele>72.09</ele>
      </trkpt>
      <trkpt lat="37.178219" lon="-8.754001">
        <ele>71.02</ele>
      </trkpt>
      <trkpt lat="37.178229" lon="-8.753773">
        <ele>70.84</ele>
      </trkpt>
      <trkpt lat="37.178255" lon="-8.753564">
        <ele>69.49</ele>
      </trkpt>
      <trkpt lat="37.17832" lon="-8.753256">
        <ele>68.94</ele>
      </trkpt>
      <trkpt lat="37.178457" lon="-8.752773">
        <ele>68.44</ele>
      </trkpt>
      <trkpt lat="37.178729" lon="-8.75196">
        <ele>64.28</ele>
      </trkpt>
      <trkpt lat="37.178798" lon="-8.751709">
        <ele>64.82</ele>
      </trkpt>
      <trkpt lat="37.178831" lon="-8.75156">
        <ele>65.18</ele>
      </trkpt>
      <trkpt lat="37.178844" lon="-8.751401">
        <ele>65.36</ele>
      </trkpt>
      <trkpt lat="37.178831" lon="-8.751187">
        <ele>64.98</ele>
      </trkpt>
      <trkpt lat="37.178792" lon="-8.75098">
        <ele>65.55</ele>
      </trkpt>
      <trkpt lat="37.17871" lon="-8.750607">
        <ele>67.29</ele>
      </trkpt>
      <trkpt lat="37.178662" lon="-8.750436">
        <ele>68.57</ele>
      </trkpt>
      <trkpt lat="37.1786" lon="-8.750269">
        <ele>69.36</ele>
      </trkpt>
      <trkpt lat="37.178493" lon="-8.750066">
        <ele>69.02</ele>
      </trkpt>
      <trkpt lat="37.178394" lon="-8.749946">
        <ele>68.1</ele>
      </trkpt>
      <trkpt lat="37.178281" lon="-8.749853">
        <ele>66.31</ele>
      </trkpt>
      <trkpt lat="37.178152" lon="-8.749796">
        <ele>65.63</ele>
      </trkpt>
      <trkpt lat="37.177997" lon="-8.749747">
        <ele>64.58</ele>
      </trkpt>
      <trkpt lat="37.1773" lon="-8.749557">
        <ele>63.29</ele>
      </trkpt>
      <trkpt lat="37.177164" lon="-8.74949">
        <ele>63.37</ele>
      </trkpt>
      <trkpt lat="37.176159" lon="-8.748702">
        <ele>60.94</ele>
      </trkpt>
      <trkpt lat="37.175715" lon="-8.74839">
        <ele>59.12</ele>
      </trkpt>
      <trkpt lat="37.175715" lon="-8.74839">
        <ele>59.12</ele>
      </trkpt>
      <trkpt lat="37.175497" lon="-8.748287">
        <ele>57.81</ele>
      </trkpt>
      <trkpt lat="37.173381" lon="-8.747587">
        <ele>52.32</ele>
      </trkpt>
      <trkpt lat="37.17136" lon="-8.746959">
        <ele>49.79</ele>
      </trkpt>
      <trkpt lat="37.171013" lon="-8.746881">
        <ele>49.27</ele>
      </trkpt>
      <trkpt lat="37.170444" lon="-8.746781">
        <ele>48.83</ele>
      </trkpt>
      <trkpt lat="37.170201" lon="-8.746753">
        <ele>48.99</ele>
      </trkpt>
      <trkpt lat="37.169908" lon="-8.746739">
        <ele>50.35</ele>
      </trkpt>
      <trkpt lat="37.169711" lon="-8.746778">
        <ele>49.93</ele>
      </trkpt>
      <trkpt lat="37.168879" lon="-8.747078">
        <ele>49.64</ele>
      </trkpt>
      <trkpt lat="37.168794" lon="-8.747102">
        <ele>48.88</ele>
      </trkpt>
      <trkpt lat="37.168701" lon="-8.747099">
        <ele>48.93</ele>
      </trkpt>
      <trkpt lat="37.166965" lon="-8.746769">
        <ele>44.9</ele>
      </trkpt>
      <trkpt lat="37.166588" lon="-8.746676">
        <ele>44.19</ele>
      </trkpt>
      <trkpt lat="37.166466" lon="-8.746631">
        <ele>43.56</ele>
      </trkpt>
      <trkpt lat="37.166384" lon="-8.746585">
        <ele>43.23</ele>
      </trkpt>
      <trkpt lat="37.166283" lon="-8.746514">
        <ele>43.29</ele>
      </trkpt>
      <trkpt lat="37.16615" lon="-8.7464">
        <ele>43.11</ele>
      </trkpt>
      <trkpt lat="37.166021" lon="-8.74627">
        <ele>41.84</ele>
      </trkpt>
      <trkpt lat="37.16589" lon="-8.746107">
        <ele>42.32</ele>
      </trkpt>
      <trkpt lat="37.165576" lon="-8.745631">
        <ele>44.04</ele>
      </trkpt>
      <trkpt lat="37.165263" lon="-8.745156">
        <ele>41.63</ele>
      </trkpt>
      <trkpt lat="37.164885" lon="-8.744647">
        <ele>39.82</ele>
      </trkpt>
      <trkpt lat="37.164652" lon="-8.744437">
        <ele>38.25</ele>
      </trkpt>
      <trkpt lat="37.16439" lon="-8.744202">
        <ele>37.51</ele>
      </trkpt>
      <trkpt lat="37.163501" lon="-8.743403">
        <ele>39.09</ele>
      </trkpt>
      <trkpt lat="37.163254" lon="-8.743214">
        <ele>38.77</ele>
      </trkpt>
      <trkpt lat="37.163053" lon="-8.743104">
        <ele>38.42</ele>
      </trkpt>
      <trkpt lat="37.162842" lon="-8.743014">
        <ele>39.28</ele>
      </trkpt>
      <trkpt lat="37.1619" lon="-8.742794">
        <ele>36.8</ele>
      </trkpt>
      <trkpt lat="37.16154" lon="-8.742753">
        <ele>36.77</ele>
      </trkpt>
      <trkpt lat="37.161399" lon="-8.742763">
        <ele>36.75</ele>
      </trkpt>
      <trkpt lat="37.160083" lon="-8.743035">
        <ele>36.63</ele>
      </trkpt>
      <trkpt lat="37.159926" lon="-8.743042">
        <ele>36.61</ele>
      </trkpt>
      <trkpt lat="37.159758" lon="-8.74302">
        <ele>36.6</ele>
      </trkpt>
      <trkpt lat="37.158862" lon="-8.742847">
        <ele>36.51</ele>
      </trkpt>
      <trkpt lat="37.158429" lon="-8.742817">
        <ele>35.68</ele>
      </trkpt>
      <trkpt lat="37.158106" lon="-8.742824">
        <ele>37.96</ele>
      </trkpt>
      <trkpt lat="37.157963" lon="-8.742843">
        <ele>38.82</ele>
      </trkpt>
      <trkpt lat="37.15786" lon="-8.742875">
        <ele>39.39</ele>
      </trkpt>
      <trkpt lat="37.157786" lon="-8.74291">
        <ele>40.13</ele>
      </trkpt>
      <trkpt lat="37.157751" lon="-8.742934">
        <ele>40.52</ele>
      </trkpt>
      <trkpt lat="37.157702" lon="-8.742998">
        <ele>41.01</ele>
      </trkpt>
      <trkpt lat="37.157652" lon="-8.743127">
        <ele>41.41</ele>
      </trkpt>
      <trkpt lat="37.157607" lon="-8.743205">
        <ele>42.33</ele>
      </trkpt>
      <trkpt lat="37.157576" lon="-8.743233">
        <ele>42.55</ele>
      </trkpt>
      <trkpt lat="37.157502" lon="-8.743261">
        <ele>42.33</ele>
      </trkpt>
      <trkpt lat="37.157425" lon="-8.743247">
        <ele>42.06</ele>
      </trkpt>
      <trkpt lat="37.157359" lon="-8.743193">
        <ele>42.18</ele>
      </trkpt>
      <trkpt lat="37.157335" lon="-8.743153">
        <ele>42.06</ele>
      </trkpt>
      <trkpt lat="37.15731" lon="-8.743059">
        <ele>42</ele>
      </trkpt>
      <trkpt lat="37.157319" lon="-8.742968">
        <ele>42</ele>
      </trkpt>
      <trkpt lat="37.157296" lon="-8.742861">
        <ele>41.45</ele>
      </trkpt>
      <trkpt lat="37.157258" lon="-8.742776">
        <ele>41.47</ele>
      </trkpt>
      <trkpt lat="37.157135" lon="-8.742586">
        <ele>41.22</ele>
      </trkpt>
      <trkpt lat="37.155831" lon="-8.740699">
        <ele>42.07</ele>
      </trkpt>
      <trkpt lat="37.155352" lon="-8.739994">
        <ele>41.99</ele>
      </trkpt>
      <trkpt lat="37.155257" lon="-8.739817">
        <ele>42.53</ele>
      </trkpt>
      <trkpt lat="37.155223" lon="-8.739702">
        <ele>42.01</ele>
      </trkpt>
      <trkpt lat="37.155202" lon="-8.739582">
        <ele>42</ele>
      </trkpt>
      <trkpt lat="37.155188" lon="-8.739395">
        <ele>42</ele>
      </trkpt>
      <trkpt lat="37.155211" lon="-8.739141">
        <ele>41</ele>
      </trkpt>
      <trkpt lat="37.155224" lon="-8.738293">
        <ele>39.85</ele>
      </trkpt>
      <trkpt lat="37.155266" lon="-8.737323">
        <ele>37.31</ele>
      </trkpt>
      <trkpt lat="37.155316" lon="-8.735595">
        <ele>33.01</ele>
      </trkpt>
      <trkpt lat="37.155318" lon="-8.735076">
        <ele>32</ele>
      </trkpt>
      <trkpt lat="37.155347" lon="-8.733863">
        <ele>29</ele>
      </trkpt>
      <trkpt lat="37.155331" lon="-8.733737">
        <ele>28.58</ele>
      </trkpt>
      <trkpt lat="37.155299" lon="-8.733625">
        <ele>28.41</ele>
      </trkpt>
      <trkpt lat="37.15525" lon="-8.733532">
        <ele>28.14</ele>
      </trkpt>
      <trkpt lat="37.155202" lon="-8.733463">
        <ele>27.74</ele>
      </trkpt>
      <trkpt lat="37.154797" lon="-8.733086">
        <ele>24.58</ele>
      </trkpt>
      <trkpt lat="37.154578" lon="-8.732912">
        <ele>24.52</ele>
      </trkpt>
      <trkpt lat="37.154204" lon="-8.732584">
        <ele>24.69</ele>
      </trkpt>
      <trkpt lat="37.154091" lon="-8.732438">
        <ele>25.88</ele>
      </trkpt>
      <trkpt lat="37.154033" lon="-8.732291">
        <ele>25.84</ele>
      </trkpt>
      <trkpt lat="37.154017" lon="-8.732115">
        <ele>26.05</ele>
      </trkpt>
      <trkpt lat="37.154023" lon="-8.731962">
        <ele>26.81</ele>
      </trkpt>
      <trkpt lat="37.154054" lon="-8.731802">
        <ele>28.55</ele>
      </trkpt>
      <trkpt lat="37.154083" lon="-8.731697">
        <ele>28.65</ele>
      </trkpt>
      <trkpt lat="37.154952" lon="-8.729264">
        <ele>23</ele>
      </trkpt>
      <trkpt lat="37.155402" lon="-8.728001">
        <ele>22.88</ele>
      </trkpt>
      <trkpt lat="37.155745" lon="-8.72703">
        <ele>24.64</ele>
      </trkpt>
      <trkpt lat="37.155812" lon="-8.726788">
        <ele>24.56</ele>
      </trkpt>
      <trkpt lat="37.155859" lon="-8.726576">
        <ele>25.03</ele>
      </trkpt>
      <trkpt lat="37.155898" lon="-8.726303">
        <ele>24.6</ele>
      </trkpt>
      <trkpt lat="37.155924" lon="-8.726022">
        <ele>24.31</ele>
      </trkpt>
      <trkpt lat="37.155934" lon="-8.725801">
        <ele>23.92</ele>
      </trkpt>
      <trkpt lat="37.155932" lon="-8.725552">
        <ele>23.72</ele>
      </trkpt>
      <trkpt lat="37.155919" lon="-8.725322">
        <ele>23.75</ele>
      </trkpt>
      <trkpt lat="37.155896" lon="-8.725117">
        <ele>24.29</ele>
      </trkpt>
      <trkpt lat="37.155827" lon="-8.724717">
        <ele>23.57</ele>
      </trkpt>
      <trkpt lat="37.15577" lon="-8.724496">
        <ele>22.95</ele>
      </trkpt>
      <trkpt lat="37.155709" lon="-8.724301">
        <ele>22.5</ele>
      </trkpt>
      <trkpt lat="37.155639" lon="-8.724126">
        <ele>22.6</ele>
      </trkpt>
      <trkpt lat="37.155127" lon="-8.722843">
        <ele>18</ele>
      </trkpt>
      <trkpt lat="37.154778" lon="-8.721969">
        <ele>20.9</ele>
      </trkpt>
      <trkpt lat="37.154576" lon="-8.721541">
        <ele>21.61</ele>
      </trkpt>
      <trkpt lat="37.154482" lon="-8.721387">
        <ele>21.63</ele>
      </trkpt>
      <trkpt lat="37.154386" lon="-8.721255">
        <ele>21.63</ele>
      </trkpt>
      <trkpt lat="37.154287" lon="-8.721144">
        <ele>20.78</ele>
      </trkpt>
      <trkpt lat="37.154165" lon="-8.721032">
        <ele>21.45</ele>
      </trkpt>
      <trkpt lat="37.153884" lon="-8.720833">
        <ele>21.69</ele>
      </trkpt>
      <trkpt lat="37.153738" lon="-8.720742">
        <ele>21.12</ele>
      </trkpt>
      <trkpt lat="37.153556" lon="-8.720652">
        <ele>20.96</ele>
      </trkpt>
      <trkpt lat="37.153367" lon="-8.720603">
        <ele>20.59</ele>
      </trkpt>
      <trkpt lat="37.152576" lon="-8.720428">
        <ele>18.88</ele>
      </trkpt>
      <trkpt lat="37.151985" lon="-8.720302">
        <ele>19.41</ele>
      </trkpt>
      <trkpt lat="37.151786" lon="-8.720226">
        <ele>19.95</ele>
      </trkpt>
      <trkpt lat="37.151713" lon="-8.720178">
        <ele>20.03</ele>
      </trkpt>
      <trkpt lat="37.150771" lon="-8.719285">
        <ele>18.59</ele>
      </trkpt>
      <trkpt lat="37.150361" lon="-8.718863">
        <ele>19.03</ele>
      </trkpt>
      <trkpt lat="37.150116" lon="-8.718532">
        <ele>17.69</ele>
      </trkpt>
      <trkpt lat="37.149832" lon="-8.718108">
        <ele>16</ele>
      </trkpt>
      <trkpt lat="37.149347" lon="-8.717307">
        <ele>17.69</ele>
      </trkpt>
      <trkpt lat="37.148623" lon="-8.716413">
        <ele>17.73</ele>
      </trkpt>
      <trkpt lat="37.147728" lon="-8.715319">
        <ele>14.87</ele>
      </trkpt>
      <trkpt lat="37.146172" lon="-8.713424">
        <ele>18.04</ele>
      </trkpt>
      <trkpt lat="37.145477" lon="-8.712582">
        <ele>17.31</ele>
      </trkpt>
      <trkpt lat="37.145397" lon="-8.712485">
        <ele>17.25</ele>
      </trkpt>
      <trkpt lat="37.145208" lon="-8.712308">
        <ele>17.96</ele>
      </trkpt>
      <trkpt lat="37.144777" lon="-8.712004">
        <ele>15.97</ele>
      </trkpt>
      <trkpt lat="37.144585" lon="-8.711803">
        <ele>14.91</ele>
      </trkpt>
      <trkpt lat="37.144191" lon="-8.711188">
        <ele>15.01</ele>
      </trkpt>
      <trkpt lat="37.143969" lon="-8.710823">
        <ele>16.21</ele>
      </trkpt>
      <trkpt lat="37.143297" lon="-8.709715">
        <ele>15.72</ele>
      </trkpt>
      <trkpt lat="37.143195" lon="-8.70957">
        <ele>15.93</ele>
      </trkpt>
      <trkpt lat="37.143095" lon="-8.709461">
        <ele>15.15</ele>
      </trkpt>
      <trkpt lat="37.142984" lon="-8.709378">
        <ele>15.34</ele>
      </trkpt>
      <trkpt lat="37.142874" lon="-8.709332">
        <ele>15.21</ele>
      </trkpt>
      <trkpt lat="37.142382" lon="-8.709191">
        <ele>12.62</ele>
      </trkpt>
      <trkpt lat="37.142288" lon="-8.709141">
        <ele>12.33</ele>
      </trkpt>
      <trkpt lat="37.142187" lon="-8.709063">
        <ele>11.91</ele>
      </trkpt>
      <trkpt lat="37.14193" lon="-8.708763">
        <ele>11</ele>
      </trkpt>
      <trkpt lat="37.14048" lon="-8.706674">
        <ele>11.69</ele>
      </trkpt>
      <trkpt lat="37.140311" lon="-8.706398">
        <ele>12.6</ele>
      </trkpt>
      <trkpt lat="37.13997" lon="-8.705937">
        <ele>12.71</ele>
      </trkpt>
      <trkpt lat="37.139593" lon="-8.705396">
        <ele>11.89</ele>
      </trkpt>
      <trkpt lat="37.138831" lon="-8.704304">
        <ele>13.68</ele>
      </trkpt>
      <trkpt lat="37.137987" lon="-8.703367">
        <ele>12.28</ele>
      </trkpt>
      <trkpt lat="37.137166" lon="-8.702011">
        <ele>13.02</ele>
      </trkpt>
      <trkpt lat="37.136537" lon="-8.700959">
        <ele>9.22</ele>
      </trkpt>
      <trkpt lat="37.135907" lon="-8.699907">
        <ele>9.43</ele>
      </trkpt>
      <trkpt lat="37.135648" lon="-8.699517">
        <ele>9.96</ele>
      </trkpt>
      <trkpt lat="37.134914" lon="-8.69887">
        <ele>8.91</ele>
      </trkpt>
      <trkpt lat="37.134603" lon="-8.698621">
        <ele>9.08</ele>
      </trkpt>
      <trkpt lat="37.134459" lon="-8.698529">
        <ele>8.88</ele>
      </trkpt>
      <trkpt lat="37.134055" lon="-8.698317">
        <ele>8.03</ele>
      </trkpt>
      <trkpt lat="37.132256" lon="-8.697403">
        <ele>8.83</ele>
      </trkpt>
      <trkpt lat="37.132005" lon="-8.697277">
        <ele>8.07</ele>
      </trkpt>
      <trkpt lat="37.131744" lon="-8.697163">
        <ele>7.79</ele>
      </trkpt>
      <trkpt lat="37.131588" lon="-8.69711">
        <ele>8.1</ele>
      </trkpt>
      <trkpt lat="37.131455" lon="-8.697086">
        <ele>8.24</ele>
      </trkpt>
      <trkpt lat="37.131316" lon="-8.697087">
        <ele>7.85</ele>
      </trkpt>
      <trkpt lat="37.13097" lon="-8.697119">
        <ele>7.71</ele>
      </trkpt>
      <trkpt lat="37.130644" lon="-8.697149">
        <ele>7.58</ele>
      </trkpt>
      <trkpt lat="37.130138" lon="-8.697178">
        <ele>7.59</ele>
      </trkpt>
      <trkpt lat="37.129952" lon="-8.697166">
        <ele>7.57</ele>
      </trkpt>
      <trkpt lat="37.129776" lon="-8.697108">
        <ele>6.46</ele>
      </trkpt>
      <trkpt lat="37.129521" lon="-8.69695">
        <ele>6.28</ele>
      </trkpt>
      <trkpt lat="37.129395" lon="-8.696845">
        <ele>6</ele>
      </trkpt>
      <trkpt lat="37.129261" lon="-8.696704">
        <ele>6</ele>
      </trkpt>
      <trkpt lat="37.12845" lon="-8.695568">
        <ele>5.67</ele>
      </trkpt>
      <trkpt lat="37.128272" lon="-8.695352">
        <ele>5.66</ele>
      </trkpt>
      <trkpt lat="37.128119" lon="-8.695216">
        <ele>5.47</ele>
      </trkpt>
      <trkpt lat="37.127976" lon="-8.695103">
        <ele>5.64</ele>
      </trkpt>
      <trkpt lat="37.127809" lon="-8.695006">
        <ele>6.09</ele>
      </trkpt>
      <trkpt lat="37.127606" lon="-8.694936">
        <ele>6.79</ele>
      </trkpt>
      <trkpt lat="37.127435" lon="-8.694911">
        <ele>7.83</ele>
      </trkpt>
      <trkpt lat="37.127265" lon="-8.694908">
        <ele>8.9</ele>
      </trkpt>
      <trkpt lat="37.127068" lon="-8.694928">
        <ele>9.76</ele>
      </trkpt>
      <trkpt lat="37.126679" lon="-8.695034">
        <ele>10.48</ele>
      </trkpt>
      <trkpt lat="37.125951" lon="-8.69525">
        <ele>10.15</ele>
      </trkpt>
      <trkpt lat="37.125713" lon="-8.695292">
        <ele>9.82</ele>
      </trkpt>
      <trkpt lat="37.125516" lon="-8.69531">
        <ele>9.86</ele>
      </trkpt>
      <trkpt lat="37.125333" lon="-8.69529">
        <ele>9.76</ele>
      </trkpt>
      <trkpt lat="37.125161" lon="-8.695231">
        <ele>9.92</ele>
      </trkpt>
      <trkpt lat="37.12488" lon="-8.695104">
        <ele>9.62</ele>
      </trkpt>
      <trkpt lat="37.124117" lon="-8.694782">
        <ele>13.85</ele>
      </trkpt>
      <trkpt lat="37.122913" lon="-8.694251">
        <ele>13.29</ele>
      </trkpt>
      <trkpt lat="37.121571" lon="-8.693646">
        <ele>17.45</ele>
      </trkpt>
      <trkpt lat="37.121306" lon="-8.693481">
        <ele>16</ele>
      </trkpt>
      <trkpt lat="37.121144" lon="-8.693365">
        <ele>15.82</ele>
      </trkpt>
      <trkpt lat="37.120556" lon="-8.692943">
        <ele>15.16</ele>
      </trkpt>
      <trkpt lat="37.119714" lon="-8.69256">
        <ele>18.05</ele>
      </trkpt>
      <trkpt lat="37.119515" lon="-8.69246">
        <ele>18.87</ele>
      </trkpt>
      <trkpt lat="37.119215" lon="-8.69226">
        <ele>21.4</ele>
      </trkpt>
      <trkpt lat="37.118958" lon="-8.691966">
        <ele>22.94</ele>
      </trkpt>
      <trkpt lat="37.118664" lon="-8.691802">
        <ele>23.46</ele>
      </trkpt>
      <trkpt lat="37.118249" lon="-8.691614">
        <ele>25.39</ele>
      </trkpt>
      <trkpt lat="37.118162" lon="-8.691554">
        <ele>26.42</ele>
      </trkpt>
      <trkpt lat="37.118088" lon="-8.691486">
        <ele>27.02</ele>
      </trkpt>
      <trkpt lat="37.118031" lon="-8.691419">
        <ele>27.14</ele>
      </trkpt>
      <trkpt lat="37.117879" lon="-8.691175">
        <ele>28.92</ele>
      </trkpt>
      <trkpt lat="37.117632" lon="-8.690637">
        <ele>32.28</ele>
      </trkpt>
      <trkpt lat="37.117296" lon="-8.689766">
        <ele>38.91</ele>
      </trkpt>
      <trkpt lat="37.117216" lon="-8.689588">
        <ele>40.03</ele>
      </trkpt>
      <trkpt lat="37.116995" lon="-8.689175">
        <ele>42.82</ele>
      </trkpt>
      <trkpt lat="37.116732" lon="-8.688699">
        <ele>43.7</ele>
      </trkpt>
      <trkpt lat="37.116388" lon="-8.688118">
        <ele>41.87</ele>
      </trkpt>
      <trkpt lat="37.116216" lon="-8.687827">
        <ele>39.36</ele>
      </trkpt>
      <trkpt lat="37.116162" lon="-8.68771">
        <ele>37.73</ele>
      </trkpt>
      <trkpt lat="37.11609" lon="-8.687499">
        <ele>36.51</ele>
      </trkpt>
      <trkpt lat="37.115951" lon="-8.687013">
        <ele>32.82</ele>
      </trkpt>
      <trkpt lat="37.115902" lon="-8.686887">
        <ele>32.8</ele>
      </trkpt>
      <trkpt lat="37.115848" lon="-8.686775">
        <ele>32.39</ele>
      </trkpt>
      <trkpt lat="37.115783" lon="-8.686681">
        <ele>31.7</ele>
      </trkpt>
      <trkpt lat="37.115695" lon="-8.686604">
        <ele>30.99</ele>
      </trkpt>
      <trkpt lat="37.115623" lon="-8.686552">
        <ele>30.04</ele>
      </trkpt>
      <trkpt lat="37.115538" lon="-8.686515">
        <ele>29.42</ele>
      </trkpt>
      <trkpt lat="37.115448" lon="-8.686491">
        <ele>28.77</ele>
      </trkpt>
      <trkpt lat="37.114827" lon="-8.686432">
        <ele>22.2</ele>
      </trkpt>
      <trkpt lat="37.114693" lon="-8.686397">
        <ele>21.99</ele>
      </trkpt>
      <trkpt lat="37.114577" lon="-8.68634">
        <ele>21.88</ele>
      </trkpt>
      <trkpt lat="37.114476" lon="-8.686251">
        <ele>21.55</ele>
      </trkpt>
      <trkpt lat="37.114375" lon="-8.686124">
        <ele>22.66</ele>
      </trkpt>
      <trkpt lat="37.114166" lon="-8.68574">
        <ele>21.43</ele>
      </trkpt>
      <trkpt lat="37.114014" lon="-8.685396">
        <ele>20.66</ele>
      </trkpt>
      <trkpt lat="37.113752" lon="-8.684749">
        <ele>20.91</ele>
      </trkpt>
      <trkpt lat="37.113681" lon="-8.684517">
        <ele>21.14</ele>
      </trkpt>
      <trkpt lat="37.113517" lon="-8.683798">
        <ele>20</ele>
      </trkpt>
      <trkpt lat="37.11347" lon="-8.683648">
        <ele>19.14</ele>
      </trkpt>
      <trkpt lat="37.113285" lon="-8.683065">
        <ele>16</ele>
      </trkpt>
      <trkpt lat="37.112967" lon="-8.682157">
        <ele>10.07</ele>
      </trkpt>
      <trkpt lat="37.112918" lon="-8.682032">
        <ele>9.49</ele>
      </trkpt>
      <trkpt lat="37.112871" lon="-8.681952">
        <ele>9.26</ele>
      </trkpt>
      <trkpt lat="37.112812" lon="-8.681875">
        <ele>8.81</ele>
      </trkpt>
      <trkpt lat="37.112721" lon="-8.681795">
        <ele>8.3</ele>
      </trkpt>
      <trkpt lat="37.112622" lon="-8.681744">
        <ele>8.01</ele>
      </trkpt>
      <trkpt lat="37.112447" lon="-8.681695">
        <ele>6.52</ele>
      </trkpt>
      <trkpt lat="37.112346" lon="-8.681642">
        <ele>5.91</ele>
      </trkpt>
      <trkpt lat="37.112159" lon="-8.681589">
        <ele>5.32</ele>
      </trkpt>
      <trkpt lat="37.111734" lon="-8.681384">
        <ele>3.97</ele>
      </trkpt>
      <trkpt lat="37.111583" lon="-8.681333">
        <ele>4</ele>
      </trkpt>
      <trkpt lat="37.111502" lon="-8.681339">
        <ele>4</ele>
      </trkpt>
      <trkpt lat="37.111421" lon="-8.68137">
        <ele>4.08</ele>
      </trkpt>
      <trkpt lat="37.111364" lon="-8.681359">
        <ele>4.19</ele>
      </trkpt>
      <trkpt lat="37.111129" lon="-8.681247">
        <ele>4.23</ele>
      </trkpt>
      <trkpt lat="37.111084" lon="-8.681207">
        <ele>4</ele>
      </trkpt>
      <trkpt lat="37.111064" lon="-8.681155">
        <ele>4</ele>
      </trkpt>
      <trkpt lat="37.111055" lon="-8.681091">
        <ele>4</ele>
      </trkpt>
      <trkpt lat="37.111055" lon="-8.681025">
        <ele>4</ele>
      </trkpt>
      <trkpt lat="37.111096" lon="-8.68092">
        <ele>4</ele>
      </trkpt>
      <trkpt lat="37.11114" lon="-8.680871">
        <ele>4</ele>
      </trkpt>
      <trkpt lat="37.111182" lon="-8.680852">
        <ele>4</ele>
      </trkpt>
      <trkpt lat="37.111255" lon="-8.680794">
        <ele>4</ele>
      </trkpt>
      <trkpt lat="37.111275" lon="-8.680749">
        <ele>4</ele>
      </trkpt>
      <trkpt lat="37.111288" lon="-8.680695">
        <ele>3.98</ele>
      </trkpt>
      <trkpt lat="37.111288" lon="-8.680647">
        <ele>3.86</ele>
      </trkpt>
      <trkpt lat="37.111017" lon="-8.679791">
        <ele>3</ele>
      </trkpt>
      <trkpt lat="37.110542" lon="-8.6783">
        <ele>3</ele>
      </trkpt>
      <trkpt lat="37.110437" lon="-8.677946">
        <ele>3</ele>
      </trkpt>
      <trkpt lat="37.110394" lon="-8.677839">
        <ele>3</ele>
      </trkpt>
      <trkpt lat="37.11035" lon="-8.67777">
        <ele>3</ele>
      </trkpt>
      <trkpt lat="37.110269" lon="-8.677695">
        <ele>3</ele>
      </trkpt>
      <trkpt lat="37.11021" lon="-8.677654">
        <ele>2.89</ele>
      </trkpt>
      <trkpt lat="37.110165" lon="-8.677582">
        <ele>3</ele>
      </trkpt>
      <trkpt lat="37.110145" lon="-8.677495">
        <ele>3</ele>
      </trkpt>
      <trkpt lat="37.110147" lon="-8.677443">
        <ele>3</ele>
      </trkpt>
      <trkpt lat="37.110158" lon="-8.677392">
        <ele>3</ele>
      </trkpt>
      <trkpt lat="37.11019" lon="-8.677329">
        <ele>3</ele>
      </trkpt>
      <trkpt lat="37.110236" lon="-8.677281">
        <ele>3</ele>
      </trkpt>
      <trkpt lat="37.110292" lon="-8.677255">
        <ele>3</ele>
      </trkpt>
      <trkpt lat="37.110352" lon="-8.677253">
        <ele>3</ele>
      </trkpt>
      <trkpt lat="37.11039" lon="-8.677264">
        <ele>3</ele>
      </trkpt>
      <trkpt lat="37.110628" lon="-8.677269">
        <ele>3</ele>
      </trkpt>
      <trkpt lat="37.110792" lon="-8.67719">
        <ele>3.46</ele>
      </trkpt>
      <trkpt lat="37.110905" lon="-8.677125">
        <ele>3.71</ele>
      </trkpt>
      <trkpt lat="37.110964" lon="-8.67712">
        <ele>4</ele>
      </trkpt>
      <trkpt lat="37.111201" lon="-8.676972">
        <ele>3.65</ele>
      </trkpt>
      <trkpt lat="37.111958" lon="-8.676517">
        <ele>3.79</ele>
      </trkpt>
      <trkpt lat="37.112785" lon="-8.67604">
        <ele>4</ele>
      </trkpt>
      <trkpt lat="37.112982" lon="-8.675898">
        <ele>3.26</ele>
      </trkpt>
      <trkpt lat="37.113174" lon="-8.675791">
        <ele>3.36</ele>
      </trkpt>
      <trkpt lat="37.113392" lon="-8.675636">
        <ele>3.41</ele>
      </trkpt>
      <trkpt lat="37.113428" lon="-8.67558">
        <ele>3.2</ele>
      </trkpt>
      <trkpt lat="37.11346" lon="-8.675556">
        <ele>3.05</ele>
      </trkpt>
      <trkpt lat="37.113496" lon="-8.675542">
        <ele>3</ele>
      </trkpt>
      <trkpt lat="37.113534" lon="-8.675541">
        <ele>3</ele>
      </trkpt>
      <trkpt lat="37.11357" lon="-8.675552">
        <ele>3</ele>
      </trkpt>
      <trkpt lat="37.113617" lon="-8.675587">
        <ele>3</ele>
      </trkpt>
      <trkpt lat="37.113644" lon="-8.67563">
        <ele>3</ele>
      </trkpt>
      <trkpt lat="37.113663" lon="-8.675703">
        <ele>3</ele>
      </trkpt>
      <trkpt lat="37.113946" lon="-8.675833">
        <ele>3</ele>
      </trkpt>
      <trkpt lat="37.114135" lon="-8.675884">
        <ele>3.3</ele>
      </trkpt>
      <trkpt lat="37.114384" lon="-8.675922">
        <ele>4</ele>
      </trkpt>
      <trkpt lat="37.114644" lon="-8.675888">
        <ele>4</ele>
      </trkpt>
      <trkpt lat="37.114805" lon="-8.675819">
        <ele>5.66</ele>
      </trkpt>
      <trkpt lat="37.115023" lon="-8.67569">
        <ele>4.4</ele>
      </trkpt>
      <trkpt lat="37.115041" lon="-8.675679">
        <ele>4.26</ele>
      </trkpt>
      <trkpt lat="37.115224" lon="-8.675456">
        <ele>3.83</ele>
      </trkpt>
      <trkpt lat="37.115729" lon="-8.674622">
        <ele>5.08</ele>
      </trkpt>
      <trkpt lat="37.115879" lon="-8.6744">
        <ele>4.95</ele>
      </trkpt>
      <trkpt lat="37.116158" lon="-8.67409">
        <ele>4.16</ele>
      </trkpt>
      <trkpt lat="37.116439" lon="-8.673832">
        <ele>3.98</ele>
      </trkpt>
      <trkpt lat="37.116585" lon="-8.673714">
        <ele>3.59</ele>
      </trkpt>
      <trkpt lat="37.116912" lon="-8.673512">
        <ele>3.38</ele>
      </trkpt>
      <trkpt lat="37.117101" lon="-8.67342">
        <ele>3</ele>
      </trkpt>
      <trkpt lat="37.117293" lon="-8.67335">
        <ele>2.76</ele>
      </trkpt>
      <trkpt lat="37.117642" lon="-8.673248">
        <ele>3</ele>
      </trkpt>
      <trkpt lat="37.117862" lon="-8.67321">
        <ele>3</ele>
      </trkpt>
      <trkpt lat="37.118489" lon="-8.673205">
        <ele>3</ele>
      </trkpt>
      <trkpt lat="37.119354" lon="-8.673148">
        <ele>2</ele>
      </trkpt>
      <trkpt lat="37.120633" lon="-8.673122">
        <ele>2.07</ele>
      </trkpt>
      <trkpt lat="37.12131" lon="-8.673109">
        <ele>2.16</ele>
      </trkpt>
      <trkpt lat="37.122388" lon="-8.673069">
        <ele>3.14</ele>
      </trkpt>
      <trkpt lat="37.122872" lon="-8.673073">
        <ele>4.33</ele>
      </trkpt>
      <trkpt lat="37.123141" lon="-8.673059">
        <ele>4.45</ele>
      </trkpt>
      <trkpt lat="37.123434" lon="-8.673022">
        <ele>5.33</ele>
      </trkpt>
      <trkpt lat="37.123707" lon="-8.672965">
        <ele>5</ele>
      </trkpt>
      <trkpt lat="37.123988" lon="-8.672899">
        <ele>6.13</ele>
      </trkpt>
      <trkpt lat="37.124652" lon="-8.672672">
        <ele>4.17</ele>
      </trkpt>
      <trkpt lat="37.124964" lon="-8.672588">
        <ele>4.16</ele>
      </trkpt>
      <trkpt lat="37.12511" lon="-8.67251">
        <ele>4.08</ele>
      </trkpt>
      <trkpt lat="37.125156" lon="-8.67244">
        <ele>4.02</ele>
      </trkpt>
      <trkpt lat="37.125187" lon="-8.672416">
        <ele>4.04</ele>
      </trkpt>
      <trkpt lat="37.125231" lon="-8.672399">
        <ele>4</ele>
      </trkpt>
      <trkpt lat="37.125277" lon="-8.672397">
        <ele>4</ele>
      </trkpt>
      <trkpt lat="37.125414" lon="-8.672328">
        <ele>4</ele>
      </trkpt>
      <trkpt lat="37.125649" lon="-8.672121">
        <ele>4</ele>
      </trkpt>
      <trkpt lat="37.125778" lon="-8.672024">
        <ele>4</ele>
      </trkpt>
      <trkpt lat="37.126511" lon="-8.671544">
        <ele>4.63</ele>
      </trkpt>
      <trkpt lat="37.127571" lon="-8.670836">
        <ele>6.16</ele>
      </trkpt>
      <trkpt lat="37.127949" lon="-8.67057">
        <ele>7</ele>
      </trkpt>
      <trkpt lat="37.128714" lon="-8.670015">
        <ele>10.65</ele>
      </trkpt>
      <trkpt lat="37.129101" lon="-8.669691">
        <ele>12.71</ele>
      </trkpt>
      <trkpt lat="37.129388" lon="-8.669432">
        <ele>13</ele>
      </trkpt>
      <trkpt lat="37.129909" lon="-8.668902">
        <ele>14.51</ele>
      </trkpt>
      <trkpt lat="37.130616" lon="-8.66812">
        <ele>17.2</ele>
      </trkpt>
      <trkpt lat="37.131709" lon="-8.666874">
        <ele>19.73</ele>
      </trkpt>
      <trkpt lat="37.131768" lon="-8.666757">
        <ele>19.77</ele>
      </trkpt>
      <trkpt lat="37.131782" lon="-8.666684">
        <ele>19.87</ele>
      </trkpt>
      <trkpt lat="37.131771" lon="-8.666639">
        <ele>19.79</ele>
      </trkpt>
      <trkpt lat="37.131775" lon="-8.666504">
        <ele>19.82</ele>
      </trkpt>
      <trkpt lat="37.131789" lon="-8.666462">
        <ele>19.92</ele>
      </trkpt>
      <trkpt lat="37.131831" lon="-8.666395">
        <ele>19.62</ele>
      </trkpt>
      <trkpt lat="37.131895" lon="-8.666357">
        <ele>19.16</ele>
      </trkpt>
      <trkpt lat="37.131968" lon="-8.666348">
        <ele>19.17</ele>
      </trkpt>
      <trkpt lat="37.132034" lon="-8.66636">
        <ele>19.49</ele>
      </trkpt>
      <trkpt lat="37.132105" lon="-8.666349">
        <ele>19.76</ele>
      </trkpt>
      <trkpt lat="37.132162" lon="-8.666324">
        <ele>20.03</ele>
      </trkpt>
      <trkpt lat="37.132191" lon="-8.666301">
        <ele>20.11</ele>
      </trkpt>
      <trkpt lat="37.132582" lon="-8.665859">
        <ele>20.71</ele>
      </trkpt>
      <trkpt lat="37.133192" lon="-8.6652">
        <ele>21</ele>
      </trkpt>
      <trkpt lat="37.133397" lon="-8.664995">
        <ele>21.21</ele>
      </trkpt>
      <trkpt lat="37.133487" lon="-8.664921">
        <ele>21.91</ele>
      </trkpt>
      <trkpt lat="37.133909" lon="-8.664524">
        <ele>21.96</ele>
      </trkpt>
      <trkpt lat="37.134146" lon="-8.664337">
        <ele>22</ele>
      </trkpt>
      <trkpt lat="37.134667" lon="-8.663983">
        <ele>22.02</ele>
      </trkpt>
      <trkpt lat="37.134833" lon="-8.663901">
        <ele>22.09</ele>
      </trkpt>
      <trkpt lat="37.134996" lon="-8.66382">
        <ele>22.17</ele>
      </trkpt>
      <trkpt lat="37.135445" lon="-8.663626">
        <ele>22.29</ele>
      </trkpt>
      <trkpt lat="37.135899" lon="-8.663492">
        <ele>23</ele>
      </trkpt>
      <trkpt lat="37.136592" lon="-8.663379">
        <ele>22.04</ele>
      </trkpt>
      <trkpt lat="37.138804" lon="-8.663101">
        <ele>22</ele>
      </trkpt>
      <trkpt lat="37.139026" lon="-8.663041">
        <ele>22</ele>
      </trkpt>
      <trkpt lat="37.139086" lon="-8.663013">
        <ele>22</ele>
      </trkpt>
      <trkpt lat="37.139127" lon="-8.662972">
        <ele>22</ele>
      </trkpt>
      <trkpt lat="37.139227" lon="-8.662814">
        <ele>21.99</ele>
      </trkpt>
      <trkpt lat="37.139268" lon="-8.662758">
        <ele>21.66</ele>
      </trkpt>
      <trkpt lat="37.139303" lon="-8.662727">
        <ele>21.48</ele>
      </trkpt>
      <trkpt lat="37.139393" lon="-8.662684">
        <ele>21.23</ele>
      </trkpt>
      <trkpt lat="37.139483" lon="-8.662682">
        <ele>21.22</ele>
      </trkpt>
      <trkpt lat="37.139539" lon="-8.6627">
        <ele>21.33</ele>
      </trkpt>
      <trkpt lat="37.13974" lon="-8.662853">
        <ele>21.09</ele>
      </trkpt>
      <trkpt lat="37.139827" lon="-8.662899">
        <ele>21</ele>
      </trkpt>
      <trkpt lat="37.139906" lon="-8.662913">
        <ele>21</ele>
      </trkpt>
      <trkpt lat="37.140047" lon="-8.662902">
        <ele>21</ele>
      </trkpt>
      <trkpt lat="37.140244" lon="-8.662857">
        <ele>21</ele>
      </trkpt>
      <trkpt lat="37.142252" lon="-8.66231">
        <ele>19.12</ele>
      </trkpt>
      <trkpt lat="37.143022" lon="-8.662085">
        <ele>18.96</ele>
      </trkpt>
      <trkpt lat="37.143525" lon="-8.661903">
        <ele>19.15</ele>
      </trkpt>
      <trkpt lat="37.144214" lon="-8.66157">
        <ele>18.76</ele>
      </trkpt>
      <trkpt lat="37.145064" lon="-8.661115">
        <ele>19.73</ele>
      </trkpt>
      <trkpt lat="37.145945" lon="-8.660565">
        <ele>21.07</ele>
      </trkpt>
      <trkpt lat="37.146469" lon="-8.66016">
        <ele>22.01</ele>
      </trkpt>
      <trkpt lat="37.146694" lon="-8.659953">
        <ele>22.87</ele>
      </trkpt>
      <trkpt lat="37.1477" lon="-8.658963">
        <ele>22.61</ele>
      </trkpt>
      <trkpt lat="37.148149" lon="-8.6585">
        <ele>21</ele>
      </trkpt>
      <trkpt lat="37.148431" lon="-8.658171">
        <ele>20.29</ele>
      </trkpt>
      <trkpt lat="37.14853" lon="-8.658027">
        <ele>20.15</ele>
      </trkpt>
      <trkpt lat="37.148873" lon="-8.65737">
        <ele>19</ele>
      </trkpt>
      <trkpt lat="37.149094" lon="-8.656813">
        <ele>18</ele>
      </trkpt>
      <trkpt lat="37.149127" lon="-8.656833">
        <ele>18</ele>
      </trkpt>
      <trkpt lat="37.149094" lon="-8.656813">
        <ele>18</ele>
      </trkpt>
      <trkpt lat="37.149646" lon="-8.655302">
        <ele>16</ele>
      </trkpt>
      <trkpt lat="37.150728" lon="-8.651674">
        <ele>8.75</ele>
      </trkpt>
      <trkpt lat="37.150869" lon="-8.651242">
        <ele>6.92</ele>
      </trkpt>
      <trkpt lat="37.151117" lon="-8.650633">
        <ele>5.11</ele>
      </trkpt>
      <trkpt lat="37.151361" lon="-8.650138">
        <ele>4.81</ele>
      </trkpt>
      <trkpt lat="37.151658" lon="-8.649658">
        <ele>3.5</ele>
      </trkpt>
      <trkpt lat="37.151909" lon="-8.649294">
        <ele>3.55</ele>
      </trkpt>
      <trkpt lat="37.152835" lon="-8.647952">
        <ele>3.76</ele>
      </trkpt>
      <trkpt lat="37.154933" lon="-8.644812">
        <ele>2.98</ele>
      </trkpt>
      <trkpt lat="37.155131" lon="-8.644538">
        <ele>4.55</ele>
      </trkpt>
      <trkpt lat="37.155281" lon="-8.644314">
        <ele>4.58</ele>
      </trkpt>
      <trkpt lat="37.156253" lon="-8.642838">
        <ele>4.26</ele>
      </trkpt>
      <trkpt lat="37.156614" lon="-8.642253">
        <ele>4.99</ele>
      </trkpt>
      <trkpt lat="37.156762" lon="-8.64198">
        <ele>5.48</ele>
      </trkpt>
      <trkpt lat="37.156926" lon="-8.641676">
        <ele>6.02</ele>
      </trkpt>
      <trkpt lat="37.15712" lon="-8.641243">
        <ele>6.74</ele>
      </trkpt>
      <trkpt lat="37.157346" lon="-8.640689">
        <ele>5.99</ele>
      </trkpt>
      <trkpt lat="37.157554" lon="-8.6401">
        <ele>5.45</ele>
      </trkpt>
      <trkpt lat="37.157773" lon="-8.63933">
        <ele>4.2</ele>
      </trkpt>
      <trkpt lat="37.158336" lon="-8.637013">
        <ele>2.99</ele>
      </trkpt>
      <trkpt lat="37.158588" lon="-8.635913">
        <ele>2.74</ele>
      </trkpt>
      <trkpt lat="37.158683" lon="-8.635397">
        <ele>3</ele>
      </trkpt>
      <trkpt lat="37.15873" lon="-8.634953">
        <ele>2.86</ele>
      </trkpt>
      <trkpt lat="37.158721" lon="-8.634748">
        <ele>2.7</ele>
      </trkpt>
      <trkpt lat="37.158728" lon="-8.634236">
        <ele>2.58</ele>
      </trkpt>
      <trkpt lat="37.158684" lon="-8.633535">
        <ele>3.09</ele>
      </trkpt>
      <trkpt lat="37.158613" lon="-8.633029">
        <ele>2.68</ele>
      </trkpt>
      <trkpt lat="37.158572" lon="-8.632865">
        <ele>2.64</ele>
      </trkpt>
      <trkpt lat="37.158516" lon="-8.632769">
        <ele>2.6</ele>
      </trkpt>
      <trkpt lat="37.15845" lon="-8.632705">
        <ele>2.45</ele>
      </trkpt>
      <trkpt lat="37.158361" lon="-8.632616">
        <ele>2.33</ele>
      </trkpt>
      <trkpt lat="37.158303" lon="-8.632497">
        <ele>2.59</ele>
      </trkpt>
      <trkpt lat="37.158281" lon="-8.632329">
        <ele>3.15</ele>
      </trkpt>
      <trkpt lat="37.158295" lon="-8.632061">
        <ele>2.64</ele>
      </trkpt>
      <trkpt lat="37.158283" lon="-8.631885">
        <ele>2.32</ele>
      </trkpt>
      <trkpt lat="37.15825" lon="-8.631708">
        <ele>2.72</ele>
      </trkpt>
      <trkpt lat="37.158188" lon="-8.631499">
        <ele>2.98</ele>
      </trkpt>
      <trkpt lat="37.157821" lon="-8.630675">
        <ele>3.46</ele>
      </trkpt>
      <trkpt lat="37.157587" lon="-8.6303">
        <ele>3.14</ele>
      </trkpt>
      <trkpt lat="37.15739" lon="-8.630018">
        <ele>3.31</ele>
      </trkpt>
      <trkpt lat="37.157286" lon="-8.62987">
        <ele>3.4</ele>
      </trkpt>
      <trkpt lat="37.157016" lon="-8.629546">
        <ele>3.36</ele>
      </trkpt>
      <trkpt lat="37.156828" lon="-8.629353">
        <ele>3.36</ele>
      </trkpt>
      <trkpt lat="37.156544" lon="-8.629093">
        <ele>3.58</ele>
      </trkpt>
      <trkpt lat="37.155347" lon="-8.628168">
        <ele>6.11</ele>
      </trkpt>
      <trkpt lat="37.155071" lon="-8.627926">
        <ele>6.85</ele>
      </trkpt>
      <trkpt lat="37.154775" lon="-8.627623">
        <ele>6.84</ele>
      </trkpt>
      <trkpt lat="37.154599" lon="-8.627411">
        <ele>6.89</ele>
      </trkpt>
      <trkpt lat="37.154412" lon="-8.627154">
        <ele>6.84</ele>
      </trkpt>
      <trkpt lat="37.154251" lon="-8.626907">
        <ele>6.23</ele>
      </trkpt>
      <trkpt lat="37.154116" lon="-8.626668">
        <ele>6.19</ele>
      </trkpt>
      <trkpt lat="37.153937" lon="-8.626322">
        <ele>5.57</ele>
      </trkpt>
      <trkpt lat="37.153787" lon="-8.62597">
        <ele>5.3</ele>
      </trkpt>
      <trkpt lat="37.153667" lon="-8.625649">
        <ele>4.58</ele>
      </trkpt>
      <trkpt lat="37.153451" lon="-8.624886">
        <ele>6</ele>
      </trkpt>
      <trkpt lat="37.152764" lon="-8.622375">
        <ele>4.89</ele>
      </trkpt>
      <trkpt lat="37.152623" lon="-8.621767">
        <ele>4.64</ele>
      </trkpt>
      <trkpt lat="37.15254" lon="-8.621335">
        <ele>4.4</ele>
      </trkpt>
      <trkpt lat="37.152488" lon="-8.620995">
        <ele>4.92</ele>
      </trkpt>
      <trkpt lat="37.152461" lon="-8.620725">
        <ele>5.34</ele>
      </trkpt>
      <trkpt lat="37.152434" lon="-8.620456">
        <ele>5.64</ele>
      </trkpt>
      <trkpt lat="37.152407" lon="-8.619971">
        <ele>7.11</ele>
      </trkpt>
      <trkpt lat="37.152409" lon="-8.619216">
        <ele>9.84</ele>
      </trkpt>
      <trkpt lat="37.152425" lon="-8.618793">
        <ele>10.98</ele>
      </trkpt>
      <trkpt lat="37.152452" lon="-8.618509">
        <ele>11.75</ele>
      </trkpt>
      <trkpt lat="37.152521" lon="-8.617985">
        <ele>13</ele>
      </trkpt>
      <trkpt lat="37.152611" lon="-8.617449">
        <ele>14.16</ele>
      </trkpt>
      <trkpt lat="37.152724" lon="-8.616921">
        <ele>15</ele>
      </trkpt>
      <trkpt lat="37.152792" lon="-8.616648">
        <ele>15</ele>
      </trkpt>
      <trkpt lat="37.152963" lon="-8.61611">
        <ele>15.64</ele>
      </trkpt>
      <trkpt lat="37.153271" lon="-8.615348">
        <ele>16</ele>
      </trkpt>
      <trkpt lat="37.153758" lon="-8.61429">
        <ele>16.02</ele>
      </trkpt>
      <trkpt lat="37.15382" lon="-8.614043">
        <ele>16.04</ele>
      </trkpt>
      <trkpt lat="37.153847" lon="-8.61389">
        <ele>15.8</ele>
      </trkpt>
      <trkpt lat="37.153821" lon="-8.613817">
        <ele>15.61</ele>
      </trkpt>
      <trkpt lat="37.153817" lon="-8.613777">
        <ele>15.58</ele>
      </trkpt>
      <trkpt lat="37.15383" lon="-8.613682">
        <ele>15.68</ele>
      </trkpt>
      <trkpt lat="37.153845" lon="-8.613646">
        <ele>15.79</ele>
      </trkpt>
      <trkpt lat="37.153887" lon="-8.613589">
        <ele>16.08</ele>
      </trkpt>
      <trkpt lat="37.153944" lon="-8.613553">
        <ele>16.3</ele>
      </trkpt>
      <trkpt lat="37.154006" lon="-8.613545">
        <ele>16.51</ele>
      </trkpt>
      <trkpt lat="37.154105" lon="-8.613443">
        <ele>16.67</ele>
      </trkpt>
      <trkpt lat="37.154158" lon="-8.61337">
        <ele>16.93</ele>
      </trkpt>
      <trkpt lat="37.15459" lon="-8.612226">
        <ele>14.41</ele>
      </trkpt>
      <trkpt lat="37.154844" lon="-8.611549">
        <ele>14.93</ele>
      </trkpt>
      <trkpt lat="37.155419" lon="-8.609973">
        <ele>14.1</ele>
      </trkpt>
      <trkpt lat="37.155929" lon="-8.608614">
        <ele>16.28</ele>
      </trkpt>
      <trkpt lat="37.156155" lon="-8.60807">
        <ele>16.28</ele>
      </trkpt>
      <trkpt lat="37.156327" lon="-8.607743">
        <ele>14.89</ele>
      </trkpt>
      <trkpt lat="37.156421" lon="-8.607594">
        <ele>14.11</ele>
      </trkpt>
      <trkpt lat="37.156674" lon="-8.60719">
        <ele>12.01</ele>
      </trkpt>
      <trkpt lat="37.157679" lon="-8.60568">
        <ele>7.17</ele>
      </trkpt>
      <trkpt lat="37.158243" lon="-8.604819">
        <ele>5.67</ele>
      </trkpt>
      <trkpt lat="37.158366" lon="-8.604623">
        <ele>4.92</ele>
      </trkpt>
      <trkpt lat="37.158472" lon="-8.604425">
        <ele>4.78</ele>
      </trkpt>
      <trkpt lat="37.158663" lon="-8.603974">
        <ele>3.72</ele>
      </trkpt>
      <trkpt lat="37.159029" lon="-8.603021">
        <ele>2.95</ele>
      </trkpt>
      <trkpt lat="37.159317" lon="-8.602195">
        <ele>2.96</ele>
      </trkpt>
      <trkpt lat="37.159401" lon="-8.601978">
        <ele>3.15</ele>
      </trkpt>
      <trkpt lat="37.1595" lon="-8.601769">
        <ele>5.04</ele>
      </trkpt>
      <trkpt lat="37.159603" lon="-8.601592">
        <ele>5.39</ele>
      </trkpt>
      <trkpt lat="37.159701" lon="-8.601442">
        <ele>6.02</ele>
      </trkpt>
      <trkpt lat="37.159824" lon="-8.601283">
        <ele>7.31</ele>
      </trkpt>
      <trkpt lat="37.159947" lon="-8.601152">
        <ele>7.8</ele>
      </trkpt>
      <trkpt lat="37.160321" lon="-8.600809">
        <ele>10.53</ele>
      </trkpt>
      <trkpt lat="37.160651" lon="-8.600561">
        <ele>12.44</ele>
      </trkpt>
      <trkpt lat="37.160722" lon="-8.600487">
        <ele>12.96</ele>
      </trkpt>
      <trkpt lat="37.160776" lon="-8.60039">
        <ele>13.35</ele>
      </trkpt>
      <trkpt lat="37.160796" lon="-8.600305">
        <ele>13.28</ele>
      </trkpt>
      <trkpt lat="37.160841" lon="-8.600239">
        <ele>13.14</ele>
      </trkpt>
      <trkpt lat="37.160903" lon="-8.600202">
        <ele>13.31</ele>
      </trkpt>
      <trkpt lat="37.160946" lon="-8.600195">
        <ele>13.63</ele>
      </trkpt>
      <trkpt lat="37.161213" lon="-8.600034">
        <ele>14.11</ele>
      </trkpt>
      <trkpt lat="37.161521" lon="-8.599733">
        <ele>14.75</ele>
      </trkpt>
      <trkpt lat="37.161694" lon="-8.599583">
        <ele>15.09</ele>
      </trkpt>
      <trkpt lat="37.161963" lon="-8.599294">
        <ele>15.65</ele>
      </trkpt>
      <trkpt lat="37.16214" lon="-8.599015">
        <ele>16.12</ele>
      </trkpt>
      <trkpt lat="37.162202" lon="-8.598883">
        <ele>16.33</ele>
      </trkpt>
      <trkpt lat="37.162264" lon="-8.598722">
        <ele>16.57</ele>
      </trkpt>
      <trkpt lat="37.162315" lon="-8.598561">
        <ele>16.81</ele>
      </trkpt>
      <trkpt lat="37.162354" lon="-8.598398">
        <ele>17.05</ele>
      </trkpt>
      <trkpt lat="37.162377" lon="-8.598242">
        <ele>17.27</ele>
      </trkpt>
      <trkpt lat="37.162407" lon="-8.597889">
        <ele>17.79</ele>
      </trkpt>
      <trkpt lat="37.1624" lon="-8.597685">
        <ele>18.09</ele>
      </trkpt>
      <trkpt lat="37.162365" lon="-8.59736">
        <ele>18.59</ele>
      </trkpt>
      <trkpt lat="37.162367" lon="-8.597265">
        <ele>18.74</ele>
      </trkpt>
      <trkpt lat="37.162308" lon="-8.596915">
        <ele>19.52</ele>
      </trkpt>
      <trkpt lat="37.162279" lon="-8.596843">
        <ele>19.56</ele>
      </trkpt>
      <trkpt lat="37.162145" lon="-8.596077">
        <ele>19.97</ele>
      </trkpt>
      <trkpt lat="37.162017" lon="-8.595399">
        <ele>20.33</ele>
      </trkpt>
      <trkpt lat="37.161893" lon="-8.594618">
        <ele>20.75</ele>
      </trkpt>
      <trkpt lat="37.161781" lon="-8.594408">
        <ele>19.72</ele>
      </trkpt>
      <trkpt lat="37.161752" lon="-8.594192">
        <ele>19.01</ele>
      </trkpt>
      <trkpt lat="37.16178" lon="-8.594113">
        <ele>19</ele>
      </trkpt>
      <trkpt lat="37.161795" lon="-8.594071">
        <ele>19</ele>
      </trkpt>
      <trkpt lat="37.161733" lon="-8.593841">
        <ele>18.35</ele>
      </trkpt>
      <trkpt lat="37.161701" lon="-8.593756">
        <ele>18.57</ele>
      </trkpt>
      <trkpt lat="37.161649" lon="-8.593722">
        <ele>18.6</ele>
      </trkpt>
      <trkpt lat="37.161604" lon="-8.59364">
        <ele>18.2</ele>
      </trkpt>
      <trkpt lat="37.161586" lon="-8.593533">
        <ele>17.45</ele>
      </trkpt>
      <trkpt lat="37.161601" lon="-8.59345">
        <ele>17.26</ele>
      </trkpt>
      <trkpt lat="37.161635" lon="-8.593374">
        <ele>17.16</ele>
      </trkpt>
      <trkpt lat="37.161663" lon="-8.593196">
        <ele>17</ele>
      </trkpt>
      <trkpt lat="37.161623" lon="-8.592733">
        <ele>14.53</ele>
      </trkpt>
      <trkpt lat="37.161531" lon="-8.591908">
        <ele>10.73</ele>
      </trkpt>
      <trkpt lat="37.161528" lon="-8.591451">
        <ele>9.01</ele>
      </trkpt>
      <trkpt lat="37.161516" lon="-8.591061">
        <ele>7</ele>
      </trkpt>
      <trkpt lat="37.161539" lon="-8.590539">
        <ele>5</ele>
      </trkpt>
      <trkpt lat="37.161653" lon="-8.588521">
        <ele>2.25</ele>
      </trkpt>
      <trkpt lat="37.161744" lon="-8.586929">
        <ele>2.76</ele>
      </trkpt>
      <trkpt lat="37.161971" lon="-8.583246">
        <ele>1.93</ele>
      </trkpt>
      <trkpt lat="37.161995" lon="-8.582578">
        <ele>2.52</ele>
      </trkpt>
      <trkpt lat="37.162065" lon="-8.581199">
        <ele>3</ele>
      </trkpt>
      <trkpt lat="37.162078" lon="-8.580834">
        <ele>3</ele>
      </trkpt>
      <trkpt lat="37.162084" lon="-8.580113">
        <ele>4</ele>
      </trkpt>
      <trkpt lat="37.162063" lon="-8.579673">
        <ele>4</ele>
      </trkpt>
      <trkpt lat="37.162057" lon="-8.579345">
        <ele>3.91</ele>
      </trkpt>
      <trkpt lat="37.161961" lon="-8.578059">
        <ele>3</ele>
      </trkpt>
      <trkpt lat="37.161938" lon="-8.577911">
        <ele>3</ele>
      </trkpt>
      <trkpt lat="37.161907" lon="-8.577812">
        <ele>3.13</ele>
      </trkpt>
      <trkpt lat="37.161865" lon="-8.577617">
        <ele>3.55</ele>
      </trkpt>
      <trkpt lat="37.16184" lon="-8.577585">
        <ele>3.59</ele>
      </trkpt>
      <trkpt lat="37.161811" lon="-8.577505">
        <ele>3.9</ele>
      </trkpt>
      <trkpt lat="37.161815" lon="-8.577417">
        <ele>3.45</ele>
      </trkpt>
      <trkpt lat="37.161851" lon="-8.577342">
        <ele>3.04</ele>
      </trkpt>
      <trkpt lat="37.161859" lon="-8.577303">
        <ele>3.04</ele>
      </trkpt>
      <trkpt lat="37.161854" lon="-8.577197">
        <ele>3.17</ele>
      </trkpt>
      <trkpt lat="37.161737" lon="-8.575531">
        <ele>4.08</ele>
      </trkpt>
      <trkpt lat="37.161675" lon="-8.574702">
        <ele>2.78</ele>
      </trkpt>
      <trkpt lat="37.161605" lon="-8.573888">
        <ele>1.6</ele>
      </trkpt>
      <trkpt lat="37.161443" lon="-8.572111">
        <ele>1.78</ele>
      </trkpt>
      <trkpt lat="37.161386" lon="-8.571352">
        <ele>2.16</ele>
      </trkpt>
      <trkpt lat="37.161272" lon="-8.570473">
        <ele>4.86</ele>
      </trkpt>
      <trkpt lat="37.161189" lon="-8.569564">
        <ele>6.54</ele>
      </trkpt>
      <trkpt lat="37.16115" lon="-8.569087">
        <ele>7.43</ele>
      </trkpt>
      <trkpt lat="37.16114" lon="-8.568957">
        <ele>10.07</ele>
      </trkpt>
      <trkpt lat="37.16112" lon="-8.568695">
        <ele>11.9</ele>
      </trkpt>
      <trkpt lat="37.16111" lon="-8.568384">
        <ele>13.04</ele>
      </trkpt>
      <trkpt lat="37.16111" lon="-8.568062">
        <ele>14.19</ele>
      </trkpt>
      <trkpt lat="37.16112" lon="-8.567759">
        <ele>15.71</ele>
      </trkpt>
      <trkpt lat="37.161152" lon="-8.567365">
        <ele>17.57</ele>
      </trkpt>
      <trkpt lat="37.161193" lon="-8.567045">
        <ele>18.57</ele>
      </trkpt>
      <trkpt lat="37.161247" lon="-8.566715">
        <ele>20.74</ele>
      </trkpt>
      <trkpt lat="37.161328" lon="-8.56631">
        <ele>23.43</ele>
      </trkpt>
      <trkpt lat="37.161646" lon="-8.564985">
        <ele>30.02</ele>
      </trkpt>
      <trkpt lat="37.161753" lon="-8.564492">
        <ele>32.39</ele>
      </trkpt>
      <trkpt lat="37.161881" lon="-8.563845">
        <ele>34.73</ele>
      </trkpt>
      <trkpt lat="37.162189" lon="-8.56204">
        <ele>39.38</ele>
      </trkpt>
      <trkpt lat="37.162268" lon="-8.561482">
        <ele>39.48</ele>
      </trkpt>
      <trkpt lat="37.162296" lon="-8.561217">
        <ele>39.57</ele>
      </trkpt>
      <trkpt lat="37.162315" lon="-8.560882">
        <ele>39.85</ele>
      </trkpt>
      <trkpt lat="37.162326" lon="-8.56053">
        <ele>40</ele>
      </trkpt>
      <trkpt lat="37.162322" lon="-8.560249">
        <ele>40</ele>
      </trkpt>
      <trkpt lat="37.162277" lon="-8.559608">
        <ele>40.6</ele>
      </trkpt>
      <trkpt lat="37.162243" lon="-8.559326">
        <ele>40.1</ele>
      </trkpt>
      <trkpt lat="37.162193" lon="-8.559031">
        <ele>39.41</ele>
      </trkpt>
      <trkpt lat="37.162108" lon="-8.558655">
        <ele>39</ele>
      </trkpt>
      <trkpt lat="37.162057" lon="-8.558465">
        <ele>38.69</ele>
      </trkpt>
      <trkpt lat="37.161873" lon="-8.557894">
        <ele>37.62</ele>
      </trkpt>
      <trkpt lat="37.161759" lon="-8.557615">
        <ele>36.15</ele>
      </trkpt>
      <trkpt lat="37.161623" lon="-8.557312">
        <ele>35.29</ele>
      </trkpt>
      <trkpt lat="37.161413" lon="-8.556907">
        <ele>34.23</ele>
      </trkpt>
      <trkpt lat="37.161133" lon="-8.556453">
        <ele>34.55</ele>
      </trkpt>
      <trkpt lat="37.160926" lon="-8.556142">
        <ele>33.7</ele>
      </trkpt>
      <trkpt lat="37.160475" lon="-8.555531">
        <ele>32.7</ele>
      </trkpt>
      <trkpt lat="37.159838" lon="-8.554659">
        <ele>30.67</ele>
      </trkpt>
      <trkpt lat="37.159658" lon="-8.554388">
        <ele>29.53</ele>
      </trkpt>
      <trkpt lat="37.159297" lon="-8.553758">
        <ele>29.24</ele>
      </trkpt>
      <trkpt lat="37.1591" lon="-8.553366">
        <ele>29.5</ele>
      </trkpt>
      <trkpt lat="37.15891" lon="-8.552926">
        <ele>29.78</ele>
      </trkpt>
      <trkpt lat="37.158743" lon="-8.552468">
        <ele>30.07</ele>
      </trkpt>
      <trkpt lat="37.158634" lon="-8.5521">
        <ele>30.29</ele>
      </trkpt>
      <trkpt lat="37.15854" lon="-8.5517">
        <ele>30.53</ele>
      </trkpt>
      <trkpt lat="37.158474" lon="-8.551346">
        <ele>30.74</ele>
      </trkpt>
      <trkpt lat="37.158421" lon="-8.550949">
        <ele>30.97</ele>
      </trkpt>
      <trkpt lat="37.158376" lon="-8.550493">
        <ele>31.24</ele>
      </trkpt>
      <trkpt lat="37.158358" lon="-8.550075">
        <ele>31.48</ele>
      </trkpt>
      <trkpt lat="37.158358" lon="-8.549611">
        <ele>31.75</ele>
      </trkpt>
      <trkpt lat="37.158506" lon="-8.546312">
        <ele>33.7</ele>
      </trkpt>
      <trkpt lat="37.158513" lon="-8.546197">
        <ele>33.87</ele>
      </trkpt>
      <trkpt lat="37.158534" lon="-8.545598">
        <ele>33.55</ele>
      </trkpt>
      <trkpt lat="37.158542" lon="-8.545126">
        <ele>33.3</ele>
      </trkpt>
      <trkpt lat="37.158532" lon="-8.544686">
        <ele>33.07</ele>
      </trkpt>
      <trkpt lat="37.158493" lon="-8.544155">
        <ele>32.79</ele>
      </trkpt>
      <trkpt lat="37.158443" lon="-8.543762">
        <ele>32.57</ele>
      </trkpt>
      <trkpt lat="37.158254" lon="-8.542964">
        <ele>34.82</ele>
      </trkpt>
      <trkpt lat="37.15813" lon="-8.542541">
        <ele>34.32</ele>
      </trkpt>
      <trkpt lat="37.157938" lon="-8.542023">
        <ele>34.86</ele>
      </trkpt>
      <trkpt lat="37.157651" lon="-8.541393">
        <ele>37.74</ele>
      </trkpt>
      <trkpt lat="37.157322" lon="-8.540685">
        <ele>35.78</ele>
      </trkpt>
      <trkpt lat="37.157151" lon="-8.540301">
        <ele>35.92</ele>
      </trkpt>
      <trkpt lat="37.156997" lon="-8.539942">
        <ele>34.95</ele>
      </trkpt>
      <trkpt lat="37.156858" lon="-8.539577">
        <ele>34.22</ele>
      </trkpt>
      <trkpt lat="37.156734" lon="-8.539217">
        <ele>33.86</ele>
      </trkpt>
      <trkpt lat="37.156546" lon="-8.53863">
        <ele>30.98</ele>
      </trkpt>
      <trkpt lat="37.15646" lon="-8.538319">
        <ele>29.95</ele>
      </trkpt>
      <trkpt lat="37.156211" lon="-8.537269">
        <ele>27.77</ele>
      </trkpt>
      <trkpt lat="37.156132" lon="-8.536943">
        <ele>29.73</ele>
      </trkpt>
      <trkpt lat="37.155976" lon="-8.536291">
        <ele>27.82</ele>
      </trkpt>
      <trkpt lat="37.155729" lon="-8.535263">
        <ele>30.33</ele>
      </trkpt>
      <trkpt lat="37.15557" lon="-8.534603">
        <ele>30.7</ele>
      </trkpt>
      <trkpt lat="37.15537" lon="-8.53377">
        <ele>27.64</ele>
      </trkpt>
      <trkpt lat="37.155306" lon="-8.533437">
        <ele>25.48</ele>
      </trkpt>
      <trkpt lat="37.155238" lon="-8.53315">
        <ele>26.47</ele>
      </trkpt>
      <trkpt lat="37.155169" lon="-8.532863">
        <ele>24.46</ele>
      </trkpt>
      <trkpt lat="37.155028" lon="-8.532275">
        <ele>27.58</ele>
      </trkpt>
      <trkpt lat="37.154222" lon="-8.528937">
        <ele>17.36</ele>
      </trkpt>
      <trkpt lat="37.154009" lon="-8.528022">
        <ele>15.84</ele>
      </trkpt>
      <trkpt lat="37.153893" lon="-8.52752">
        <ele>15</ele>
      </trkpt>
      <trkpt lat="37.153669" lon="-8.526482">
        <ele>11.67</ele>
      </trkpt>
      <trkpt lat="37.153525" lon="-8.525755">
        <ele>8.48</ele>
      </trkpt>
      <trkpt lat="37.153305" lon="-8.524618">
        <ele>7</ele>
      </trkpt>
      <trkpt lat="37.153097" lon="-8.523446">
        <ele>8.27</ele>
      </trkpt>
      <trkpt lat="37.153042" lon="-8.523135">
        <ele>6.72</ele>
      </trkpt>
      <trkpt lat="37.152959" lon="-8.522631">
        <ele>6.96</ele>
      </trkpt>
      <trkpt lat="37.152893" lon="-8.52219">
        <ele>2.94</ele>
      </trkpt>
      <trkpt lat="37.152698" lon="-8.52086">
        <ele>2.89</ele>
      </trkpt>
      <trkpt lat="37.15256" lon="-8.519812">
        <ele>2.85</ele>
      </trkpt>
      <trkpt lat="37.1524" lon="-8.518435">
        <ele>2.78</ele>
      </trkpt>
      <trkpt lat="37.152273" lon="-8.517183">
        <ele>2.71</ele>
      </trkpt>
      <trkpt lat="37.152191" lon="-8.516258">
        <ele>2.67</ele>
      </trkpt>
      <trkpt lat="37.150919" lon="-8.500011">
        <ele>2.99</ele>
      </trkpt>
      <trkpt lat="37.150894" lon="-8.499586">
        <ele>3</ele>
      </trkpt>
      <trkpt lat="37.150893" lon="-8.499278">
        <ele>4.22</ele>
      </trkpt>
      <trkpt lat="37.150916" lon="-8.49881">
        <ele>4.15</ele>
      </trkpt>
      <trkpt lat="37.150979" lon="-8.498263">
        <ele>3.23</ele>
      </trkpt>
      <trkpt lat="37.151048" lon="-8.497938">
        <ele>3.61</ele>
      </trkpt>
      <trkpt lat="37.151211" lon="-8.497294">
        <ele>3.85</ele>
      </trkpt>
      <trkpt lat="37.151512" lon="-8.496531">
        <ele>4.59</ele>
      </trkpt>
      <trkpt lat="37.151537" lon="-8.496187">
        <ele>4.75</ele>
      </trkpt>
      <trkpt lat="37.15152" lon="-8.49605">
        <ele>4.83</ele>
      </trkpt>
      <trkpt lat="37.151482" lon="-8.495918">
        <ele>4.87</ele>
      </trkpt>
      <trkpt lat="37.151415" lon="-8.495827">
        <ele>5.72</ele>
      </trkpt>
      <trkpt lat="37.15134" lon="-8.49576">
        <ele>6.13</ele>
      </trkpt>
      <trkpt lat="37.151263" lon="-8.49572">
        <ele>6.53</ele>
      </trkpt>
      <trkpt lat="37.151176" lon="-8.495701">
        <ele>7.03</ele>
      </trkpt>
      <trkpt lat="37.151077" lon="-8.495707">
        <ele>7.33</ele>
      </trkpt>
      <trkpt lat="37.15104" lon="-8.495718">
        <ele>7.37</ele>
      </trkpt>
      <trkpt lat="37.15099" lon="-8.495733">
        <ele>7.43</ele>
      </trkpt>
      <trkpt lat="37.150913" lon="-8.49579">
        <ele>7.1</ele>
      </trkpt>
      <trkpt lat="37.15043" lon="-8.496286">
        <ele>7.56</ele>
      </trkpt>
      <trkpt lat="37.150188" lon="-8.496589">
        <ele>7.13</ele>
      </trkpt>
      <trkpt lat="37.149927" lon="-8.49687">
        <ele>5.95</ele>
      </trkpt>
      <trkpt lat="37.149314" lon="-8.497575">
        <ele>7.53</ele>
      </trkpt>
      <trkpt lat="37.149089" lon="-8.497816">
        <ele>8.76</ele>
      </trkpt>
      <trkpt lat="37.148688" lon="-8.498224">
        <ele>12.04</ele>
      </trkpt>
      <trkpt lat="37.14847" lon="-8.498431">
        <ele>13.63</ele>
      </trkpt>
      <trkpt lat="37.148025" lon="-8.498825">
        <ele>16.51</ele>
      </trkpt>
      <trkpt lat="37.146964" lon="-8.499691">
        <ele>16.34</ele>
      </trkpt>
      <trkpt lat="37.146577" lon="-8.500011">
        <ele>14.25</ele>
      </trkpt>
      <trkpt lat="37.145972" lon="-8.500556">
        <ele>12.14</ele>
      </trkpt>
      <trkpt lat="37.145337" lon="-8.501224">
        <ele>7</ele>
      </trkpt>
      <trkpt lat="37.145115" lon="-8.501476">
        <ele>6</ele>
      </trkpt>
      <trkpt lat="37.145076" lon="-8.501531">
        <ele>5.6</ele>
      </trkpt>
      <trkpt lat="37.145011" lon="-8.501692">
        <ele>5</ele>
      </trkpt>
      <trkpt lat="37.144993" lon="-8.50177">
        <ele>5</ele>
      </trkpt>
      <trkpt lat="37.144945" lon="-8.501845">
        <ele>4.91</ele>
      </trkpt>
      <trkpt lat="37.144876" lon="-8.501889">
        <ele>4.87</ele>
      </trkpt>
      <trkpt lat="37.144838" lon="-8.501896">
        <ele>4.97</ele>
      </trkpt>
      <trkpt lat="37.1448" lon="-8.501893">
        <ele>5</ele>
      </trkpt>
      <trkpt lat="37.144745" lon="-8.501869">
        <ele>5</ele>
      </trkpt>
      <trkpt lat="37.144699" lon="-8.501824">
        <ele>4.98</ele>
      </trkpt>
      <trkpt lat="37.144666" lon="-8.501763">
        <ele>4.53</ele>
      </trkpt>
      <trkpt lat="37.144651" lon="-8.501693">
        <ele>4.16</ele>
      </trkpt>
      <trkpt lat="37.144677" lon="-8.50134">
        <ele>4</ele>
      </trkpt>
      <trkpt lat="37.144683" lon="-8.501086">
        <ele>4.34</ele>
      </trkpt>
      <trkpt lat="37.144708" lon="-8.500831">
        <ele>4.86</ele>
      </trkpt>
      <trkpt lat="37.144718" lon="-8.500649">
        <ele>4.3</ele>
      </trkpt>
      <trkpt lat="37.144725" lon="-8.500187">
        <ele>5</ele>
      </trkpt>
      <trkpt lat="37.144624" lon="-8.498691">
        <ele>6.11</ele>
      </trkpt>
      <trkpt lat="37.144602" lon="-8.498206">
        <ele>6.65</ele>
      </trkpt>
      <trkpt lat="37.144587" lon="-8.497627">
        <ele>7</ele>
      </trkpt>
      <trkpt lat="37.144588" lon="-8.497142">
        <ele>8</ele>
      </trkpt>
      <trkpt lat="37.144573" lon="-8.496602">
        <ele>8.47</ele>
      </trkpt>
      <trkpt lat="37.144549" lon="-8.496439">
        <ele>9</ele>
      </trkpt>
      <trkpt lat="37.144528" lon="-8.496318">
        <ele>9</ele>
      </trkpt>
      <trkpt lat="37.144534" lon="-8.49624">
        <ele>9</ele>
      </trkpt>
      <trkpt lat="37.144578" lon="-8.496004">
        <ele>9.36</ele>
      </trkpt>
      <trkpt lat="37.144602" lon="-8.495735">
        <ele>10.37</ele>
      </trkpt>
      <trkpt lat="37.144606" lon="-8.495532">
        <ele>10.4</ele>
      </trkpt>
      <trkpt lat="37.144632" lon="-8.495199">
        <ele>11.1</ele>
      </trkpt>
      <trkpt lat="37.144682" lon="-8.494847">
        <ele>11.58</ele>
      </trkpt>
      <trkpt lat="37.144863" lon="-8.493918">
        <ele>13.73</ele>
      </trkpt>
      <trkpt lat="37.14493" lon="-8.49353">
        <ele>14.72</ele>
      </trkpt>
      <trkpt lat="37.145002" lon="-8.492961">
        <ele>16.68</ele>
      </trkpt>
      <trkpt lat="37.145031" lon="-8.492642">
        <ele>16.81</ele>
      </trkpt>
      <trkpt lat="37.145117" lon="-8.491687">
        <ele>11.17</ele>
      </trkpt>
      <trkpt lat="37.145175" lon="-8.49105">
        <ele>10.84</ele>
      </trkpt>
      <trkpt lat="37.145187" lon="-8.490663">
        <ele>10.42</ele>
      </trkpt>
      <trkpt lat="37.145209" lon="-8.490389">
        <ele>10.21</ele>
      </trkpt>
      <trkpt lat="37.145177" lon="-8.490197">
        <ele>10.98</ele>
      </trkpt>
      <trkpt lat="37.14518" lon="-8.49016">
        <ele>11.11</ele>
      </trkpt>
      <trkpt lat="37.145212" lon="-8.490027">
        <ele>10.55</ele>
      </trkpt>
      <trkpt lat="37.145186" lon="-8.489871">
        <ele>10.93</ele>
      </trkpt>
      <trkpt lat="37.145033" lon="-8.489347">
        <ele>11.9</ele>
      </trkpt>
      <trkpt lat="37.14492" lon="-8.489009">
        <ele>12.09</ele>
      </trkpt>
      <trkpt lat="37.144655" lon="-8.488357">
        <ele>11.17</ele>
      </trkpt>
      <trkpt lat="37.144625" lon="-8.488322">
        <ele>11.23</ele>
      </trkpt>
      <trkpt lat="37.144595" lon="-8.488304">
        <ele>11.26</ele>
      </trkpt>
      <trkpt lat="37.144469" lon="-8.488005">
        <ele>11</ele>
      </trkpt>
      <trkpt lat="37.144469" lon="-8.487952">
        <ele>11</ele>
      </trkpt>
      <trkpt lat="37.144476" lon="-8.487937">
        <ele>11</ele>
      </trkpt>
      <trkpt lat="37.144337" lon="-8.48759">
        <ele>11</ele>
      </trkpt>
      <trkpt lat="37.14417" lon="-8.48711">
        <ele>11</ele>
      </trkpt>
      <trkpt lat="37.143992" lon="-8.486386">
        <ele>11.08</ele>
      </trkpt>
      <trkpt lat="37.143894" lon="-8.485753">
        <ele>11.89</ele>
      </trkpt>
      <trkpt lat="37.143689" lon="-8.484104">
        <ele>14.69</ele>
      </trkpt>
      <trkpt lat="37.143681" lon="-8.483938">
        <ele>14.31</ele>
      </trkpt>
      <trkpt lat="37.143694" lon="-8.48373">
        <ele>15.22</ele>
      </trkpt>
      <trkpt lat="37.143835" lon="-8.482758">
        <ele>19.78</ele>
      </trkpt>
      <trkpt lat="37.143888" lon="-8.482407">
        <ele>18.25</ele>
      </trkpt>
      <trkpt lat="37.143886" lon="-8.482267">
        <ele>18.87</ele>
      </trkpt>
      <trkpt lat="37.143861" lon="-8.482165">
        <ele>19.32</ele>
      </trkpt>
      <trkpt lat="37.143809" lon="-8.482081">
        <ele>19.74</ele>
      </trkpt>
      <trkpt lat="37.143697" lon="-8.481963">
        <ele>20.46</ele>
      </trkpt>
      <trkpt lat="37.143401" lon="-8.481696">
        <ele>23.82</ele>
      </trkpt>
      <trkpt lat="37.143153" lon="-8.481468">
        <ele>25</ele>
      </trkpt>
      <trkpt lat="37.14303" lon="-8.48132">
        <ele>25.06</ele>
      </trkpt>
      <trkpt lat="37.142987" lon="-8.481253">
        <ele>25.06</ele>
      </trkpt>
      <trkpt lat="37.142925" lon="-8.481115">
        <ele>25.92</ele>
      </trkpt>
      <trkpt lat="37.142669" lon="-8.480373">
        <ele>29.93</ele>
      </trkpt>
      <trkpt lat="37.142586" lon="-8.480093">
        <ele>31.12</ele>
      </trkpt>
      <trkpt lat="37.142139" lon="-8.478286">
        <ele>40.97</ele>
      </trkpt>
      <trkpt lat="37.141976" lon="-8.477704">
        <ele>44.68</ele>
      </trkpt>
      <trkpt lat="37.141882" lon="-8.477433">
        <ele>45.55</ele>
      </trkpt>
      <trkpt lat="37.141741" lon="-8.47713">
        <ele>46</ele>
      </trkpt>
      <trkpt lat="37.141617" lon="-8.47695">
        <ele>46.93</ele>
      </trkpt>
      <trkpt lat="37.141479" lon="-8.476843">
        <ele>47.41</ele>
      </trkpt>
      <trkpt lat="37.141429" lon="-8.476796">
        <ele>47.78</ele>
      </trkpt>
      <trkpt lat="37.141412" lon="-8.476746">
        <ele>47.9</ele>
      </trkpt>
      <trkpt lat="37.141411" lon="-8.476717">
        <ele>47.9</ele>
      </trkpt>
      <trkpt lat="37.141382" lon="-8.476426">
        <ele>48.12</ele>
      </trkpt>
      <trkpt lat="37.141331" lon="-8.476162">
        <ele>48.49</ele>
      </trkpt>
      <trkpt lat="37.14125" lon="-8.475889">
        <ele>49.08</ele>
      </trkpt>
      <trkpt lat="37.140599" lon="-8.474362">
        <ele>50.43</ele>
      </trkpt>
      <trkpt lat="37.140465" lon="-8.474103">
        <ele>50.85</ele>
      </trkpt>
      <trkpt lat="37.14033" lon="-8.473921">
        <ele>50.65</ele>
      </trkpt>
      <trkpt lat="37.140133" lon="-8.473726">
        <ele>50.43</ele>
      </trkpt>
      <trkpt lat="37.139215" lon="-8.47303">
        <ele>49.61</ele>
      </trkpt>
      <trkpt lat="37.138564" lon="-8.472522">
        <ele>46.2</ele>
      </trkpt>
      <trkpt lat="37.138118" lon="-8.472124">
        <ele>45.23</ele>
      </trkpt>
      <trkpt lat="37.137295" lon="-8.471109">
        <ele>41.67</ele>
      </trkpt>
      <trkpt lat="37.136979" lon="-8.470671">
        <ele>41.8</ele>
      </trkpt>
      <trkpt lat="37.136724" lon="-8.47041">
        <ele>41.6</ele>
      </trkpt>
      <trkpt lat="37.136696" lon="-8.4704">
        <ele>41.5</ele>
      </trkpt>
      <trkpt lat="37.136655" lon="-8.470364">
        <ele>41.38</ele>
      </trkpt>
      <trkpt lat="37.13663" lon="-8.470311">
        <ele>41.23</ele>
      </trkpt>
      <trkpt lat="37.136625" lon="-8.470277">
        <ele>41.19</ele>
      </trkpt>
      <trkpt lat="37.136633" lon="-8.47021">
        <ele>41.25</ele>
      </trkpt>
      <trkpt lat="37.136543" lon="-8.469843">
        <ele>40.59</ele>
      </trkpt>
      <trkpt lat="37.1365" lon="-8.469638">
        <ele>40.42</ele>
      </trkpt>
      <trkpt lat="37.136447" lon="-8.46945">
        <ele>40.81</ele>
      </trkpt>
      <trkpt lat="37.136399" lon="-8.469205">
        <ele>40.54</ele>
      </trkpt>
      <trkpt lat="37.136369" lon="-8.468991">
        <ele>40.32</ele>
      </trkpt>
      <trkpt lat="37.13633" lon="-8.468418">
        <ele>41.01</ele>
      </trkpt>
      <trkpt lat="37.136289" lon="-8.46754">
        <ele>40.75</ele>
      </trkpt>
      <trkpt lat="37.13621" lon="-8.46405">
        <ele>40.16</ele>
      </trkpt>
      <trkpt lat="37.136219" lon="-8.463774">
        <ele>40.41</ele>
      </trkpt>
      <trkpt lat="37.136199" lon="-8.463394">
        <ele>41</ele>
      </trkpt>
      <trkpt lat="37.136181" lon="-8.463268">
        <ele>40.9</ele>
      </trkpt>
      <trkpt lat="37.136167" lon="-8.463224">
        <ele>40.7</ele>
      </trkpt>
      <trkpt lat="37.136163" lon="-8.463178">
        <ele>40.64</ele>
      </trkpt>
      <trkpt lat="37.136168" lon="-8.463133">
        <ele>40.72</ele>
      </trkpt>
      <trkpt lat="37.136159" lon="-8.462957">
        <ele>40.58</ele>
      </trkpt>
      <trkpt lat="37.136133" lon="-8.462742">
        <ele>40.6</ele>
      </trkpt>
      <trkpt lat="37.136092" lon="-8.462511">
        <ele>40.71</ele>
      </trkpt>
      <trkpt lat="37.136002" lon="-8.462171">
        <ele>40.65</ele>
      </trkpt>
      <trkpt lat="37.13585" lon="-8.461755">
        <ele>42.44</ele>
      </trkpt>
      <trkpt lat="37.135656" lon="-8.461334">
        <ele>43.51</ele>
      </trkpt>
      <trkpt lat="37.135494" lon="-8.461094">
        <ele>44.47</ele>
      </trkpt>
      <trkpt lat="37.134749" lon="-8.46006">
        <ele>47.66</ele>
      </trkpt>
      <trkpt lat="37.134597" lon="-8.459824">
        <ele>48</ele>
      </trkpt>
      <trkpt lat="37.134573" lon="-8.459681">
        <ele>48.03</ele>
      </trkpt>
      <trkpt lat="37.134578" lon="-8.459575">
        <ele>48.48</ele>
      </trkpt>
      <trkpt lat="37.1346" lon="-8.45946">
        <ele>48.58</ele>
      </trkpt>
      <trkpt lat="37.134673" lon="-8.459262">
        <ele>48.52</ele>
      </trkpt>
      <trkpt lat="37.134681" lon="-8.459191">
        <ele>48.89</ele>
      </trkpt>
      <trkpt lat="37.134699" lon="-8.459132">
        <ele>49</ele>
      </trkpt>
      <trkpt lat="37.134637" lon="-8.458963">
        <ele>49.46</ele>
      </trkpt>
      <trkpt lat="37.134547" lon="-8.458767">
        <ele>50</ele>
      </trkpt>
      <trkpt lat="37.134268" lon="-8.458235">
        <ele>50</ele>
      </trkpt>
      <trkpt lat="37.133844" lon="-8.45748">
        <ele>49.22</ele>
      </trkpt>
      <trkpt lat="37.133397" lon="-8.456649">
        <ele>48.04</ele>
      </trkpt>
      <trkpt lat="37.133239" lon="-8.45631">
        <ele>47.05</ele>
      </trkpt>
      <trkpt lat="37.133095" lon="-8.45594">
        <ele>45.77</ele>
      </trkpt>
      <trkpt lat="37.132948" lon="-8.455473">
        <ele>45.62</ele>
      </trkpt>
      <trkpt lat="37.132841" lon="-8.455065">
        <ele>43.13</ele>
      </trkpt>
      <trkpt lat="37.132687" lon="-8.454192">
        <ele>41.02</ele>
      </trkpt>
      <trkpt lat="37.132619" lon="-8.453718">
        <ele>40.29</ele>
      </trkpt>
      <trkpt lat="37.132579" lon="-8.453565">
        <ele>40</ele>
      </trkpt>
      <trkpt lat="37.13253" lon="-8.453448">
        <ele>39.72</ele>
      </trkpt>
      <trkpt lat="37.132469" lon="-8.453375">
        <ele>39.26</ele>
      </trkpt>
      <trkpt lat="37.132423" lon="-8.453342">
        <ele>39.06</ele>
      </trkpt>
      <trkpt lat="37.132385" lon="-8.453291">
        <ele>38.86</ele>
      </trkpt>
      <trkpt lat="37.132362" lon="-8.453228">
        <ele>38.5</ele>
      </trkpt>
      <trkpt lat="37.132355" lon="-8.45316">
        <ele>38.09</ele>
      </trkpt>
      <trkpt lat="37.132365" lon="-8.453091">
        <ele>38.12</ele>
      </trkpt>
      <trkpt lat="37.132391" lon="-8.45303">
        <ele>38.31</ele>
      </trkpt>
      <trkpt lat="37.132417" lon="-8.452996">
        <ele>38.5</ele>
      </trkpt>
      <trkpt lat="37.13245" lon="-8.452872">
        <ele>38.28</ele>
      </trkpt>
      <trkpt lat="37.132458" lon="-8.452745">
        <ele>38</ele>
      </trkpt>
      <trkpt lat="37.132454" lon="-8.452614">
        <ele>37.97</ele>
      </trkpt>
      <trkpt lat="37.13244" lon="-8.452497">
        <ele>37.73</ele>
      </trkpt>
      <trkpt lat="37.132335" lon="-8.45241">
        <ele>37</ele>
      </trkpt>
      <trkpt lat="37.132285" lon="-8.452133">
        <ele>37</ele>
      </trkpt>
      <trkpt lat="37.132325" lon="-8.45209">
        <ele>37</ele>
      </trkpt>
      <trkpt lat="37.132354" lon="-8.451993">
        <ele>37</ele>
      </trkpt>
      <trkpt lat="37.132358" lon="-8.451979">
        <ele>37</ele>
      </trkpt>
      <trkpt lat="37.132273" lon="-8.45141">
        <ele>37</ele>
      </trkpt>
      <trkpt lat="37.132237" lon="-8.451042">
        <ele>36.81</ele>
      </trkpt>
      <trkpt lat="37.132063" lon="-8.449861">
        <ele>35.91</ele>
      </trkpt>
      <trkpt lat="37.13194" lon="-8.449176">
        <ele>36</ele>
      </trkpt>
      <trkpt lat="37.131852" lon="-8.448523">
        <ele>35.94</ele>
      </trkpt>
      <trkpt lat="37.131812" lon="-8.448287">
        <ele>36</ele>
      </trkpt>
      <trkpt lat="37.13178" lon="-8.448152">
        <ele>36</ele>
      </trkpt>
      <trkpt lat="37.131727" lon="-8.448025">
        <ele>36</ele>
      </trkpt>
      <trkpt lat="37.131655" lon="-8.447901">
        <ele>35.97</ele>
      </trkpt>
      <trkpt lat="37.131629" lon="-8.447884">
        <ele>35.91</ele>
      </trkpt>
      <trkpt lat="37.131587" lon="-8.447833">
        <ele>35.96</ele>
      </trkpt>
      <trkpt lat="37.131567" lon="-8.447789">
        <ele>36.05</ele>
      </trkpt>
      <trkpt lat="37.131556" lon="-8.44774">
        <ele>36.1</ele>
      </trkpt>
      <trkpt lat="37.131555" lon="-8.447689">
        <ele>36.16</ele>
      </trkpt>
      <trkpt lat="37.131564" lon="-8.447639">
        <ele>36.26</ele>
      </trkpt>
      <trkpt lat="37.131583" lon="-8.447591">
        <ele>36.28</ele>
      </trkpt>
      <trkpt lat="37.131611" lon="-8.447551">
        <ele>36.27</ele>
      </trkpt>
      <trkpt lat="37.131627" lon="-8.447436">
        <ele>36</ele>
      </trkpt>
      <trkpt lat="37.131628" lon="-8.447356">
        <ele>36</ele>
      </trkpt>
      <trkpt lat="37.131613" lon="-8.44726">
        <ele>36</ele>
      </trkpt>
      <trkpt lat="37.131563" lon="-8.447094">
        <ele>35.94</ele>
      </trkpt>
      <trkpt lat="37.131502" lon="-8.446927">
        <ele>36</ele>
      </trkpt>
      <trkpt lat="37.13109" lon="-8.445873">
        <ele>36.06</ele>
      </trkpt>
      <trkpt lat="37.130951" lon="-8.445361">
        <ele>36</ele>
      </trkpt>
      <trkpt lat="37.130823" lon="-8.444837">
        <ele>36</ele>
      </trkpt>
      <trkpt lat="37.130709" lon="-8.444358">
        <ele>36</ele>
      </trkpt>
      <trkpt lat="37.130559" lon="-8.443637">
        <ele>35.95</ele>
      </trkpt>
      <trkpt lat="37.130296" lon="-8.442555">
        <ele>36</ele>
      </trkpt>
      <trkpt lat="37.129163" lon="-8.438715">
        <ele>38.94</ele>
      </trkpt>
      <trkpt lat="37.12905" lon="-8.438305">
        <ele>38.96</ele>
      </trkpt>
      <trkpt lat="37.129017" lon="-8.438068">
        <ele>39</ele>
      </trkpt>
      <trkpt lat="37.129009" lon="-8.437478">
        <ele>39.22</ele>
      </trkpt>
      <trkpt lat="37.129007" lon="-8.436714">
        <ele>39.73</ele>
      </trkpt>
      <trkpt lat="37.128971" lon="-8.436451">
        <ele>40</ele>
      </trkpt>
      <trkpt lat="37.128913" lon="-8.436175">
        <ele>40</ele>
      </trkpt>
      <trkpt lat="37.128137" lon="-8.433466">
        <ele>42</ele>
      </trkpt>
      <trkpt lat="37.127545" lon="-8.431398">
        <ele>47.49</ele>
      </trkpt>
      <trkpt lat="37.127462" lon="-8.430974">
        <ele>48.96</ele>
      </trkpt>
      <trkpt lat="37.127422" lon="-8.430616">
        <ele>49.07</ele>
      </trkpt>
      <trkpt lat="37.127416" lon="-8.430196">
        <ele>50</ele>
      </trkpt>
      <trkpt lat="37.127528" lon="-8.428856">
        <ele>52.7</ele>
      </trkpt>
      <trkpt lat="37.127803" lon="-8.425719">
        <ele>56.07</ele>
      </trkpt>
      <trkpt lat="37.127901" lon="-8.424642">
        <ele>59</ele>
      </trkpt>
      <trkpt lat="37.128003" lon="-8.423291">
        <ele>63.19</ele>
      </trkpt>
      <trkpt lat="37.128158" lon="-8.421748">
        <ele>69.77</ele>
      </trkpt>
      <trkpt lat="37.128194" lon="-8.421486">
        <ele>70.1</ele>
      </trkpt>
      <trkpt lat="37.128271" lon="-8.421241">
        <ele>71</ele>
      </trkpt>
      <trkpt lat="37.12832" lon="-8.421049">
        <ele>71.4</ele>
      </trkpt>
      <trkpt lat="37.128308" lon="-8.420987">
        <ele>71.53</ele>
      </trkpt>
      <trkpt lat="37.128312" lon="-8.420923">
        <ele>71.52</ele>
      </trkpt>
      <trkpt lat="37.128332" lon="-8.420864">
        <ele>71.41</ele>
      </trkpt>
      <trkpt lat="37.128375" lon="-8.420806">
        <ele>71.06</ele>
      </trkpt>
      <trkpt lat="37.128433" lon="-8.420693">
        <ele>71.4</ele>
      </trkpt>
      <trkpt lat="37.128476" lon="-8.420571">
        <ele>71.24</ele>
      </trkpt>
      <trkpt lat="37.12852" lon="-8.420379">
        <ele>71</ele>
      </trkpt>
      <trkpt lat="37.1285" lon="-8.420101">
        <ele>72.06</ele>
      </trkpt>
      <trkpt lat="37.128406" lon="-8.419457">
        <ele>73.98</ele>
      </trkpt>
      <trkpt lat="37.128395" lon="-8.419283">
        <ele>74</ele>
      </trkpt>
      <trkpt lat="37.128399" lon="-8.419106">
        <ele>74.94</ele>
      </trkpt>
      <trkpt lat="37.128514" lon="-8.417622">
        <ele>77.89</ele>
      </trkpt>
      <trkpt lat="37.128517" lon="-8.417403">
        <ele>78.66</ele>
      </trkpt>
      <trkpt lat="37.128494" lon="-8.417155">
        <ele>79.29</ele>
      </trkpt>
      <trkpt lat="37.128418" lon="-8.416798">
        <ele>80.66</ele>
      </trkpt>
      <trkpt lat="37.128303" lon="-8.416452">
        <ele>82.19</ele>
      </trkpt>
      <trkpt lat="37.128303" lon="-8.416452">
        <ele>82.19</ele>
      </trkpt>
      <trkpt lat="37.128046" lon="-8.415979">
        <ele>84.33</ele>
      </trkpt>
      <trkpt lat="37.127783" lon="-8.415504">
        <ele>84.04</ele>
      </trkpt>
      <trkpt lat="37.127769" lon="-8.415474">
        <ele>84.04</ele>
      </trkpt>
      <trkpt lat="37.127683" lon="-8.415316">
        <ele>84.02</ele>
      </trkpt>
      <trkpt lat="37.127339" lon="-8.414766">
        <ele>83.99</ele>
      </trkpt>
      <trkpt lat="37.127026" lon="-8.414216">
        <ele>83.33</ele>
      </trkpt>
      <trkpt lat="37.126919" lon="-8.413949">
        <ele>83</ele>
      </trkpt>
      <trkpt lat="37.126852" lon="-8.41367">
        <ele>82.88</ele>
      </trkpt>
      <trkpt lat="37.126836" lon="-8.41344">
        <ele>82.09</ele>
      </trkpt>
      <trkpt lat="37.126838" lon="-8.413215">
        <ele>82</ele>
      </trkpt>
      <trkpt lat="37.126843" lon="-8.413032">
        <ele>82</ele>
      </trkpt>
      <trkpt lat="37.126884" lon="-8.412343">
        <ele>81.74</ele>
      </trkpt>
      <trkpt lat="37.126884" lon="-8.411958">
        <ele>81</ele>
      </trkpt>
      <trkpt lat="37.126861" lon="-8.411377">
        <ele>80.03</ele>
      </trkpt>
      <trkpt lat="37.126807" lon="-8.410873">
        <ele>78.19</ele>
      </trkpt>
      <trkpt lat="37.126287" lon="-8.407082">
        <ele>77.23</ele>
      </trkpt>
      <trkpt lat="37.126248" lon="-8.406713">
        <ele>77</ele>
      </trkpt>
      <trkpt lat="37.126224" lon="-8.406362">
        <ele>75.99</ele>
      </trkpt>
      <trkpt lat="37.126224" lon="-8.406071">
        <ele>74.93</ele>
      </trkpt>
      <trkpt lat="37.126246" lon="-8.405654">
        <ele>72.65</ele>
      </trkpt>
      <trkpt lat="37.126361" lon="-8.40474">
        <ele>74</ele>
      </trkpt>
      <trkpt lat="37.126394" lon="-8.40439">
        <ele>75</ele>
      </trkpt>
      <trkpt lat="37.126671" lon="-8.40232">
        <ele>76.4</ele>
      </trkpt>
      <trkpt lat="37.126669" lon="-8.402255">
        <ele>76.42</ele>
      </trkpt>
      <trkpt lat="37.126634" lon="-8.4021">
        <ele>76.94</ele>
      </trkpt>
      <trkpt lat="37.126598" lon="-8.402041">
        <ele>77</ele>
      </trkpt>
      <trkpt lat="37.126582" lon="-8.40198">
        <ele>77.08</ele>
      </trkpt>
      <trkpt lat="37.12658" lon="-8.401916">
        <ele>77.07</ele>
      </trkpt>
      <trkpt lat="37.126594" lon="-8.401855">
        <ele>76.99</ele>
      </trkpt>
      <trkpt lat="37.126622" lon="-8.401801">
        <ele>76.87</ele>
      </trkpt>
      <trkpt lat="37.126661" lon="-8.40176">
        <ele>76.58</ele>
      </trkpt>
      <trkpt lat="37.126695" lon="-8.40174">
        <ele>76.3</ele>
      </trkpt>
      <trkpt lat="37.126772" lon="-8.401591">
        <ele>76</ele>
      </trkpt>
      <trkpt lat="37.126814" lon="-8.401361">
        <ele>75.36</ele>
      </trkpt>
      <trkpt lat="37.126969" lon="-8.400215">
        <ele>74.23</ele>
      </trkpt>
      <trkpt lat="37.127018" lon="-8.399899">
        <ele>73.83</ele>
      </trkpt>
      <trkpt lat="37.12708" lon="-8.399636">
        <ele>73.48</ele>
      </trkpt>
      <trkpt lat="37.127126" lon="-8.399503">
        <ele>73.12</ele>
      </trkpt>
      <trkpt lat="37.127182" lon="-8.399338">
        <ele>72.67</ele>
      </trkpt>
      <trkpt lat="37.127337" lon="-8.399032">
        <ele>71.9</ele>
      </trkpt>
      <trkpt lat="37.1275" lon="-8.39878">
        <ele>70.68</ele>
      </trkpt>
      <trkpt lat="37.128544" lon="-8.397583">
        <ele>64.51</ele>
      </trkpt>
      <trkpt lat="37.128946" lon="-8.397111">
        <ele>61.97</ele>
      </trkpt>
      <trkpt lat="37.13042" lon="-8.395425">
        <ele>58.69</ele>
      </trkpt>
      <trkpt lat="37.13058" lon="-8.395209">
        <ele>58.77</ele>
      </trkpt>
      <trkpt lat="37.131244" lon="-8.394434">
        <ele>59.41</ele>
      </trkpt>
      <trkpt lat="37.131326" lon="-8.394298">
        <ele>59.54</ele>
      </trkpt>
      <trkpt lat="37.131355" lon="-8.394228">
        <ele>59.39</ele>
      </trkpt>
      <trkpt lat="37.131358" lon="-8.39419">
        <ele>59.4</ele>
      </trkpt>
      <trkpt lat="37.131387" lon="-8.394123">
        <ele>59.42</ele>
      </trkpt>
      <trkpt lat="37.131438" lon="-8.394082">
        <ele>59.72</ele>
      </trkpt>
      <trkpt lat="37.131579" lon="-8.39403">
        <ele>59.45</ele>
      </trkpt>
      <trkpt lat="37.131665" lon="-8.393979">
        <ele>59.06</ele>
      </trkpt>
      <trkpt lat="37.131787" lon="-8.393841">
        <ele>59.01</ele>
      </trkpt>
      <trkpt lat="37.132106" lon="-8.393437">
        <ele>59.2</ele>
      </trkpt>
      <trkpt lat="37.132486" lon="-8.393003">
        <ele>57.71</ele>
      </trkpt>
      <trkpt lat="37.132785" lon="-8.392703">
        <ele>56.98</ele>
      </trkpt>
      <trkpt lat="37.133" lon="-8.392456">
        <ele>56.95</ele>
      </trkpt>
      <trkpt lat="37.134043" lon="-8.391256">
        <ele>56.81</ele>
      </trkpt>
      <trkpt lat="37.134129" lon="-8.391144">
        <ele>57.01</ele>
      </trkpt>
      <trkpt lat="37.134195" lon="-8.391044">
        <ele>57.1</ele>
      </trkpt>
      <trkpt lat="37.134328" lon="-8.390813">
        <ele>57.44</ele>
      </trkpt>
      <trkpt lat="37.134418" lon="-8.390603">
        <ele>57.97</ele>
      </trkpt>
      <trkpt lat="37.134499" lon="-8.390364">
        <ele>58.35</ele>
      </trkpt>
      <trkpt lat="37.135154" lon="-8.387505">
        <ele>64</ele>
      </trkpt>
      <trkpt lat="37.135338" lon="-8.38673">
        <ele>64.04</ele>
      </trkpt>
      <trkpt lat="37.135557" lon="-8.385717">
        <ele>64.04</ele>
      </trkpt>
      <trkpt lat="37.135612" lon="-8.385381">
        <ele>64.39</ele>
      </trkpt>
      <trkpt lat="37.135621" lon="-8.385141">
        <ele>63.4</ele>
      </trkpt>
      <trkpt lat="37.135593" lon="-8.38469">
        <ele>62.66</ele>
      </trkpt>
      <trkpt lat="37.135521" lon="-8.384048">
        <ele>60.73</ele>
      </trkpt>
      <trkpt lat="37.135521" lon="-8.384048">
        <ele>60.73</ele>
      </trkpt>
      <trkpt lat="37.135234" lon="-8.381434">
        <ele>54</ele>
      </trkpt>
      <trkpt lat="37.134894" lon="-8.378484">
        <ele>50.93</ele>
      </trkpt>
      <trkpt lat="37.134783" lon="-8.377496">
        <ele>48.34</ele>
      </trkpt>
      <trkpt lat="37.134755" lon="-8.37713">
        <ele>47.45</ele>
      </trkpt>
      <trkpt lat="37.134752" lon="-8.376914">
        <ele>47.34</ele>
      </trkpt>
      <trkpt lat="37.134771" lon="-8.376706">
        <ele>46.51</ele>
      </trkpt>
      <trkpt lat="37.134855" lon="-8.376282">
        <ele>45.72</ele>
      </trkpt>
      <trkpt lat="37.135082" lon="-8.375447">
        <ele>43.27</ele>
      </trkpt>
      <trkpt lat="37.135473" lon="-8.373987">
        <ele>42.37</ele>
      </trkpt>
      <trkpt lat="37.135594" lon="-8.373476">
        <ele>41.67</ele>
      </trkpt>
      <trkpt lat="37.135616" lon="-8.373368">
        <ele>41.83</ele>
      </trkpt>
      <trkpt lat="37.135631" lon="-8.373072">
        <ele>41.94</ele>
      </trkpt>
      <trkpt lat="37.135623" lon="-8.372874">
        <ele>41.79</ele>
      </trkpt>
      <trkpt lat="37.135567" lon="-8.372816">
        <ele>41.07</ele>
      </trkpt>
      <trkpt lat="37.135537" lon="-8.372734">
        <ele>41.47</ele>
      </trkpt>
      <trkpt lat="37.135533" lon="-8.372688">
        <ele>41.9</ele>
      </trkpt>
      <trkpt lat="37.13554" lon="-8.372628">
        <ele>42.27</ele>
      </trkpt>
      <trkpt lat="37.13556" lon="-8.372573">
        <ele>42.42</ele>
      </trkpt>
      <trkpt lat="37.135593" lon="-8.372527">
        <ele>42.66</ele>
      </trkpt>
      <trkpt lat="37.135615" lon="-8.372373">
        <ele>42.71</ele>
      </trkpt>
      <trkpt lat="37.135624" lon="-8.372151">
        <ele>42.77</ele>
      </trkpt>
      <trkpt lat="37.13558" lon="-8.371801">
        <ele>43.11</ele>
      </trkpt>
      <trkpt lat="37.135105" lon="-8.369089">
        <ele>49.77</ele>
      </trkpt>
      <trkpt lat="37.134998" lon="-8.36852">
        <ele>50.34</ele>
      </trkpt>
      <trkpt lat="37.134725" lon="-8.367134">
        <ele>55.67</ele>
      </trkpt>
      <trkpt lat="37.134434" lon="-8.365389">
        <ele>58</ele>
      </trkpt>
      <trkpt lat="37.133939" lon="-8.362652">
        <ele>53.23</ele>
      </trkpt>
      <trkpt lat="37.133675" lon="-8.361193">
        <ele>47.12</ele>
      </trkpt>
      <trkpt lat="37.133479" lon="-8.360196">
        <ele>41.24</ele>
      </trkpt>
      <trkpt lat="37.133393" lon="-8.35967">
        <ele>39.93</ele>
      </trkpt>
      <trkpt lat="37.133348" lon="-8.359528">
        <ele>39.29</ele>
      </trkpt>
      <trkpt lat="37.133276" lon="-8.359421">
        <ele>38.53</ele>
      </trkpt>
      <trkpt lat="37.133082" lon="-8.359249">
        <ele>38.32</ele>
      </trkpt>
      <trkpt lat="37.132977" lon="-8.359154">
        <ele>38.3</ele>
      </trkpt>
      <trkpt lat="37.132916" lon="-8.359067">
        <ele>39</ele>
      </trkpt>
      <trkpt lat="37.132842" lon="-8.358881">
        <ele>39</ele>
      </trkpt>
      <trkpt lat="37.132821" lon="-8.358722">
        <ele>39</ele>
      </trkpt>
      <trkpt lat="37.132833" lon="-8.35856">
        <ele>39</ele>
      </trkpt>
      <trkpt lat="37.132878" lon="-8.358409">
        <ele>39</ele>
      </trkpt>
      <trkpt lat="37.132953" lon="-8.358277">
        <ele>39.61</ele>
      </trkpt>
      <trkpt lat="37.13303" lon="-8.358072">
        <ele>40.02</ele>
      </trkpt>
      <trkpt lat="37.133051" lon="-8.357979">
        <ele>40.34</ele>
      </trkpt>
      <trkpt lat="37.133058" lon="-8.357885">
        <ele>40.89</ele>
      </trkpt>
      <trkpt lat="37.133051" lon="-8.357795">
        <ele>41</ele>
      </trkpt>
      <trkpt lat="37.132935" lon="-8.357146">
        <ele>42.23</ele>
      </trkpt>
      <trkpt lat="37.132754" lon="-8.35619">
        <ele>43.71</ele>
      </trkpt>
      <trkpt lat="37.132529" lon="-8.354864">
        <ele>44</ele>
      </trkpt>
      <trkpt lat="37.131933" lon="-8.351515">
        <ele>38</ele>
      </trkpt>
      <trkpt lat="37.131841" lon="-8.351031">
        <ele>36.78</ele>
      </trkpt>
      <trkpt lat="37.131737" lon="-8.350543">
        <ele>35</ele>
      </trkpt>
      <trkpt lat="37.131664" lon="-8.350275">
        <ele>34</ele>
      </trkpt>
      <trkpt lat="37.131582" lon="-8.350017">
        <ele>33.63</ele>
      </trkpt>
      <trkpt lat="37.131313" lon="-8.349248">
        <ele>29.41</ele>
      </trkpt>
      <trkpt lat="37.131049" lon="-8.348554">
        <ele>26.45</ele>
      </trkpt>
      <trkpt lat="37.130998" lon="-8.348488">
        <ele>26.07</ele>
      </trkpt>
      <trkpt lat="37.130936" lon="-8.348442">
        <ele>25.76</ele>
      </trkpt>
      <trkpt lat="37.130869" lon="-8.348411">
        <ele>25.24</ele>
      </trkpt>
      <trkpt lat="37.130827" lon="-8.348366">
        <ele>24.69</ele>
      </trkpt>
      <trkpt lat="37.130789" lon="-8.348282">
        <ele>24.18</ele>
      </trkpt>
      <trkpt lat="37.130782" lon="-8.3482">
        <ele>23.92</ele>
      </trkpt>
      <trkpt lat="37.130756" lon="-8.348094">
        <ele>23.5</ele>
      </trkpt>
      <trkpt lat="37.130721" lon="-8.347995">
        <ele>23.08</ele>
      </trkpt>
      <trkpt lat="37.13066" lon="-8.347915">
        <ele>22.69</ele>
      </trkpt>
      <trkpt lat="37.130572" lon="-8.347835">
        <ele>21.72</ele>
      </trkpt>
      <trkpt lat="37.130431" lon="-8.347729">
        <ele>21</ele>
      </trkpt>
      <trkpt lat="37.12951" lon="-8.347186">
        <ele>16.95</ele>
      </trkpt>
      <trkpt lat="37.128959" lon="-8.346857">
        <ele>14.29</ele>
      </trkpt>
      <trkpt lat="37.128693" lon="-8.346709">
        <ele>13.34</ele>
      </trkpt>
      <trkpt lat="37.128424" lon="-8.346581">
        <ele>12.98</ele>
      </trkpt>
      <trkpt lat="37.128219" lon="-8.346516">
        <ele>12</ele>
      </trkpt>
      <trkpt lat="37.127479" lon="-8.34632">
        <ele>11.31</ele>
      </trkpt>
      <trkpt lat="37.126931" lon="-8.346203">
        <ele>10.81</ele>
      </trkpt>
      <trkpt lat="37.126761" lon="-8.346176">
        <ele>10.96</ele>
      </trkpt>
      <trkpt lat="37.126675" lon="-8.346173">
        <ele>10.98</ele>
      </trkpt>
      <trkpt lat="37.126579" lon="-8.346205">
        <ele>10.8</ele>
      </trkpt>
      <trkpt lat="37.126517" lon="-8.346247">
        <ele>10.55</ele>
      </trkpt>
      <trkpt lat="37.126463" lon="-8.346257">
        <ele>10.49</ele>
      </trkpt>
      <trkpt lat="37.126336" lon="-8.346364">
        <ele>10</ele>
      </trkpt>
      <trkpt lat="37.126114" lon="-8.346472">
        <ele>8.07</ele>
      </trkpt>
      <trkpt lat="37.125936" lon="-8.346629">
        <ele>6.99</ele>
      </trkpt>
      <trkpt lat="37.125909" lon="-8.346644">
        <ele>6.99</ele>
      </trkpt>
      <trkpt lat="37.125787" lon="-8.346713">
        <ele>7</ele>
      </trkpt>
      <trkpt lat="37.125618" lon="-8.346717">
        <ele>6.1</ele>
      </trkpt>
      <trkpt lat="37.124757" lon="-8.34717">
        <ele>5.34</ele>
      </trkpt>
      <trkpt lat="37.123942" lon="-8.347586">
        <ele>5</ele>
      </trkpt>
      <trkpt lat="37.123526" lon="-8.347842">
        <ele>5.97</ele>
      </trkpt>
      <trkpt lat="37.123497" lon="-8.347872">
        <ele>6.4</ele>
      </trkpt>
      <trkpt lat="37.123449" lon="-8.347964">
        <ele>6.94</ele>
      </trkpt>
      <trkpt lat="37.123423" lon="-8.348032">
        <ele>7</ele>
      </trkpt>
      <trkpt lat="37.123389" lon="-8.348074">
        <ele>7</ele>
      </trkpt>
      <trkpt lat="37.123338" lon="-8.348102">
        <ele>7</ele>
      </trkpt>
      <trkpt lat="37.123286" lon="-8.348106">
        <ele>7</ele>
      </trkpt>
      <trkpt lat="37.123246" lon="-8.348093">
        <ele>7</ele>
      </trkpt>
      <trkpt lat="37.123158" lon="-8.348069">
        <ele>7</ele>
      </trkpt>
      <trkpt lat="37.123087" lon="-8.348062">
        <ele>7</ele>
      </trkpt>
      <trkpt lat="37.12281" lon="-8.348167">
        <ele>7.4</ele>
      </trkpt>
      <trkpt lat="37.122253" lon="-8.348462">
        <ele>11.53</ele>
      </trkpt>
      <trkpt lat="37.121905" lon="-8.348685">
        <ele>15.04</ele>
      </trkpt>
      <trkpt lat="37.121865" lon="-8.348719">
        <ele>15.18</ele>
      </trkpt>
      <trkpt lat="37.12075" lon="-8.349648">
        <ele>19.2</ele>
      </trkpt>
      <trkpt lat="37.120432" lon="-8.349904">
        <ele>17.96</ele>
      </trkpt>
      <trkpt lat="37.120251" lon="-8.350025">
        <ele>16.65</ele>
      </trkpt>
      <trkpt lat="37.12011" lon="-8.350106">
        <ele>15.79</ele>
      </trkpt>
      <trkpt lat="37.119969" lon="-8.350172">
        <ele>15</ele>
      </trkpt>
      <trkpt lat="37.119102" lon="-8.350481">
        <ele>10</ele>
      </trkpt>
      <trkpt lat="37.118685" lon="-8.350643">
        <ele>7.99</ele>
      </trkpt>
      <trkpt lat="37.118547" lon="-8.350748">
        <ele>8.42</ele>
      </trkpt>
      <trkpt lat="37.118526" lon="-8.35078">
        <ele>8.63</ele>
      </trkpt>
      <trkpt lat="37.118511" lon="-8.35084">
        <ele>8.51</ele>
      </trkpt>
      <trkpt lat="37.118483" lon="-8.350892">
        <ele>8.14</ele>
      </trkpt>
      <trkpt lat="37.118443" lon="-8.35093">
        <ele>7.91</ele>
      </trkpt>
      <trkpt lat="37.118396" lon="-8.350952">
        <ele>7.99</ele>
      </trkpt>
      <trkpt lat="37.118346" lon="-8.350954">
        <ele>8.09</ele>
      </trkpt>
      <trkpt lat="37.118298" lon="-8.350938">
        <ele>7.94</ele>
      </trkpt>
      <trkpt lat="37.118256" lon="-8.350904">
        <ele>8.07</ele>
      </trkpt>
      <trkpt lat="37.118222" lon="-8.350851">
        <ele>8.54</ele>
      </trkpt>
      <trkpt lat="37.118203" lon="-8.350788">
        <ele>8.85</ele>
      </trkpt>
      <trkpt lat="37.118203" lon="-8.35072">
        <ele>8.85</ele>
      </trkpt>
      <trkpt lat="37.118216" lon="-8.350664">
        <ele>8.95</ele>
      </trkpt>
      <trkpt lat="37.118178" lon="-8.350568">
        <ele>8.67</ele>
      </trkpt>
      <trkpt lat="37.118128" lon="-8.350471">
        <ele>8.31</ele>
      </trkpt>
      <trkpt lat="37.117526" lon="-8.349751">
        <ele>5.58</ele>
      </trkpt>
      <trkpt lat="37.117499" lon="-8.349718">
        <ele>5.45</ele>
      </trkpt>
      <trkpt lat="37.116998" lon="-8.348828">
        <ele>5</ele>
      </trkpt>
      <trkpt lat="37.116532" lon="-8.347701">
        <ele>4.33</ele>
      </trkpt>
      <trkpt lat="37.116377" lon="-8.347177">
        <ele>4.46</ele>
      </trkpt>
      <trkpt lat="37.116279" lon="-8.34668">
        <ele>4.8</ele>
      </trkpt>
      <trkpt lat="37.116255" lon="-8.346226">
        <ele>4.36</ele>
      </trkpt>
      <trkpt lat="37.116182" lon="-8.345646">
        <ele>4.97</ele>
      </trkpt>
      <trkpt lat="37.116105" lon="-8.34521">
        <ele>5.47</ele>
      </trkpt>
      <trkpt lat="37.115804" lon="-8.343716">
        <ele>7.2</ele>
      </trkpt>
      <trkpt lat="37.115416" lon="-8.341905">
        <ele>4.58</ele>
      </trkpt>
      <trkpt lat="37.115368" lon="-8.341799">
        <ele>5.3</ele>
      </trkpt>
      <trkpt lat="37.115263" lon="-8.34168">
        <ele>6</ele>
      </trkpt>
      <trkpt lat="37.115197" lon="-8.341621">
        <ele>5.93</ele>
      </trkpt>
      <trkpt lat="37.115163" lon="-8.34155">
        <ele>5.69</ele>
      </trkpt>
      <trkpt lat="37.115154" lon="-8.341487">
        <ele>5.62</ele>
      </trkpt>
      <trkpt lat="37.115158" lon="-8.341427">
        <ele>5.65</ele>
      </trkpt>
      <trkpt lat="37.115233" lon="-8.341228">
        <ele>6</ele>
      </trkpt>
      <trkpt lat="37.115226" lon="-8.341149">
        <ele>6</ele>
      </trkpt>
      <trkpt lat="37.115192" lon="-8.341083">
        <ele>5.96</ele>
      </trkpt>
      <trkpt lat="37.115052" lon="-8.340896">
        <ele>5.96</ele>
      </trkpt>
      <trkpt lat="37.114901" lon="-8.340742">
        <ele>6</ele>
      </trkpt>
      <trkpt lat="37.114352" lon="-8.340085">
        <ele>6</ele>
      </trkpt>
      <trkpt lat="37.113933" lon="-8.339577">
        <ele>6</ele>
      </trkpt>
      <trkpt lat="37.113581" lon="-8.339207">
        <ele>6</ele>
      </trkpt>
      <trkpt lat="37.11317" lon="-8.338842">
        <ele>6</ele>
      </trkpt>
      <trkpt lat="37.11159" lon="-8.33753">
        <ele>7</ele>
      </trkpt>
      <trkpt lat="37.111306" lon="-8.337182">
        <ele>7</ele>
      </trkpt>
      <trkpt lat="37.109843" lon="-8.334952">
        <ele>15</ele>
      </trkpt>
      <trkpt lat="37.109675" lon="-8.334739">
        <ele>15.63</ele>
      </trkpt>
      <trkpt lat="37.109614" lon="-8.334677">
        <ele>15.96</ele>
      </trkpt>
      <trkpt lat="37.109568" lon="-8.334656">
        <ele>16</ele>
      </trkpt>
      <trkpt lat="37.109492" lon="-8.334674">
        <ele>16</ele>
      </trkpt>
      <trkpt lat="37.109444" lon="-8.334665">
        <ele>16</ele>
      </trkpt>
      <trkpt lat="37.109401" lon="-8.33464">
        <ele>15.99</ele>
      </trkpt>
      <trkpt lat="37.109357" lon="-8.334594">
        <ele>15.8</ele>
      </trkpt>
      <trkpt lat="37.109326" lon="-8.334532">
        <ele>15.42</ele>
      </trkpt>
      <trkpt lat="37.109311" lon="-8.334454">
        <ele>15.02</ele>
      </trkpt>
      <trkpt lat="37.109319" lon="-8.334375">
        <ele>15.03</ele>
      </trkpt>
      <trkpt lat="37.109348" lon="-8.334302">
        <ele>15</ele>
      </trkpt>
      <trkpt lat="37.109335" lon="-8.334243">
        <ele>14.73</ele>
      </trkpt>
      <trkpt lat="37.109236" lon="-8.334047">
        <ele>13.75</ele>
      </trkpt>
      <trkpt lat="37.108725" lon="-8.333267">
        <ele>10.1</ele>
      </trkpt>
      <trkpt lat="37.107639" lon="-8.331612">
        <ele>7</ele>
      </trkpt>
      <trkpt lat="37.107532" lon="-8.331491">
        <ele>7</ele>
      </trkpt>
      <trkpt lat="37.107361" lon="-8.331349">
        <ele>6.83</ele>
      </trkpt>
      <trkpt lat="37.106447" lon="-8.330675">
        <ele>6</ele>
      </trkpt>
      <trkpt lat="37.106351" lon="-8.330579">
        <ele>6</ele>
      </trkpt>
      <trkpt lat="37.106127" lon="-8.330212">
        <ele>5.96</ele>
      </trkpt>
      <trkpt lat="37.105874" lon="-8.329772">
        <ele>5.98</ele>
      </trkpt>
      <trkpt lat="37.105821" lon="-8.329654">
        <ele>6</ele>
      </trkpt>
      <trkpt lat="37.105765" lon="-8.329498">
        <ele>6</ele>
      </trkpt>
      <trkpt lat="37.105385" lon="-8.328132">
        <ele>5</ele>
      </trkpt>
      <trkpt lat="37.105243" lon="-8.327749">
        <ele>5.32</ele>
      </trkpt>
      <trkpt lat="37.105147" lon="-8.327586">
        <ele>5.55</ele>
      </trkpt>
      <trkpt lat="37.105093" lon="-8.327516">
        <ele>5.66</ele>
      </trkpt>
      <trkpt lat="37.104937" lon="-8.327366">
        <ele>5.92</ele>
      </trkpt>
      <trkpt lat="37.104708" lon="-8.327204">
        <ele>6.27</ele>
      </trkpt>
      <trkpt lat="37.103968" lon="-8.326633">
        <ele>7.58</ele>
      </trkpt>
      <trkpt lat="37.102539" lon="-8.325547">
        <ele>6.97</ele>
      </trkpt>
      <trkpt lat="37.102265" lon="-8.325255">
        <ele>7.6</ele>
      </trkpt>
      <trkpt lat="37.102128" lon="-8.325081">
        <ele>7.87</ele>
      </trkpt>
      <trkpt lat="37.101919" lon="-8.324753">
        <ele>8.07</ele>
      </trkpt>
      <trkpt lat="37.101805" lon="-8.324536">
        <ele>8.24</ele>
      </trkpt>
      <trkpt lat="37.101071" lon="-8.322882">
        <ele>9.97</ele>
      </trkpt>
      <trkpt lat="37.100947" lon="-8.322635">
        <ele>10.04</ele>
      </trkpt>
      <trkpt lat="37.100046" lon="-8.321021">
        <ele>11.55</ele>
      </trkpt>
      <trkpt lat="37.099837" lon="-8.320617">
        <ele>11.54</ele>
      </trkpt>
      <trkpt lat="37.099677" lon="-8.320242">
        <ele>11.74</ele>
      </trkpt>
      <trkpt lat="37.099495" lon="-8.31977">
        <ele>12.68</ele>
      </trkpt>
      <trkpt lat="37.09929" lon="-8.319177">
        <ele>12.9</ele>
      </trkpt>
      <trkpt lat="37.099193" lon="-8.318831">
        <ele>12.96</ele>
      </trkpt>
      <trkpt lat="37.098831" lon="-8.317192">
        <ele>14.63</ele>
      </trkpt>
      <trkpt lat="37.098617" lon="-8.316606">
        <ele>14.06</ele>
      </trkpt>
      <trkpt lat="37.098547" lon="-8.316426">
        <ele>13.55</ele>
      </trkpt>
      <trkpt lat="37.098043" lon="-8.315245">
        <ele>11.98</ele>
      </trkpt>
      <trkpt lat="37.097745" lon="-8.314494">
        <ele>11.71</ele>
      </trkpt>
      <trkpt lat="37.097635" lon="-8.314155">
        <ele>11.9</ele>
      </trkpt>
      <trkpt lat="37.097502" lon="-8.313829">
        <ele>11</ele>
      </trkpt>
      <trkpt lat="37.097364" lon="-8.313539">
        <ele>11</ele>
      </trkpt>
      <trkpt lat="37.096951" lon="-8.312745">
        <ele>11</ele>
      </trkpt>
      <trkpt lat="37.096818" lon="-8.312469">
        <ele>11.94</ele>
      </trkpt>
      <trkpt lat="37.09677" lon="-8.312335">
        <ele>12</ele>
      </trkpt>
      <trkpt lat="37.096745" lon="-8.312121">
        <ele>12</ele>
      </trkpt>
      <trkpt lat="37.096757" lon="-8.311916">
        <ele>12</ele>
      </trkpt>
      <trkpt lat="37.096891" lon="-8.310171">
        <ele>16.64</ele>
      </trkpt>
      <trkpt lat="37.096906" lon="-8.309674">
        <ele>18.11</ele>
      </trkpt>
      <trkpt lat="37.096898" lon="-8.309473">
        <ele>18.7</ele>
      </trkpt>
      <trkpt lat="37.09685" lon="-8.309431">
        <ele>18.67</ele>
      </trkpt>
      <trkpt lat="37.096823" lon="-8.309366">
        <ele>18.96</ele>
      </trkpt>
      <trkpt lat="37.096818" lon="-8.309316">
        <ele>18.96</ele>
      </trkpt>
      <trkpt lat="37.096827" lon="-8.309266">
        <ele>19</ele>
      </trkpt>
      <trkpt lat="37.096832" lon="-8.309161">
        <ele>19</ele>
      </trkpt>
      <trkpt lat="37.096775" lon="-8.30869">
        <ele>19.8</ele>
      </trkpt>
      <trkpt lat="37.096728" lon="-8.308302">
        <ele>20.46</ele>
      </trkpt>
      <trkpt lat="37.096531" lon="-8.307423">
        <ele>22</ele>
      </trkpt>
      <trkpt lat="37.096406" lon="-8.306916">
        <ele>23.22</ele>
      </trkpt>
      <trkpt lat="37.096355" lon="-8.306767">
        <ele>24.05</ele>
      </trkpt>
      <trkpt lat="37.096265" lon="-8.306576">
        <ele>24.2</ele>
      </trkpt>
      <trkpt lat="37.095338" lon="-8.304953">
        <ele>27.1</ele>
      </trkpt>
      <trkpt lat="37.0952" lon="-8.304725">
        <ele>27.96</ele>
      </trkpt>
      <trkpt lat="37.094292" lon="-8.30332">
        <ele>28.61</ele>
      </trkpt>
      <trkpt lat="37.094025" lon="-8.302912">
        <ele>27</ele>
      </trkpt>
      <trkpt lat="37.093447" lon="-8.302021">
        <ele>29.06</ele>
      </trkpt>
      <trkpt lat="37.093145" lon="-8.301481">
        <ele>27.32</ele>
      </trkpt>
      <trkpt lat="37.092847" lon="-8.300978">
        <ele>26</ele>
      </trkpt>
      <trkpt lat="37.092422" lon="-8.300239">
        <ele>26.08</ele>
      </trkpt>
      <trkpt lat="37.09217" lon="-8.299788">
        <ele>27.68</ele>
      </trkpt>
      <trkpt lat="37.092146" lon="-8.299744">
        <ele>27.83</ele>
      </trkpt>
      <trkpt lat="37.091953" lon="-8.299273">
        <ele>28.81</ele>
      </trkpt>
      <trkpt lat="37.091783" lon="-8.298812">
        <ele>28.33</ele>
      </trkpt>
      <trkpt lat="37.091487" lon="-8.298097">
        <ele>28.63</ele>
      </trkpt>
      <trkpt lat="37.091035" lon="-8.297074">
        <ele>30.24</ele>
      </trkpt>
      <trkpt lat="37.090691" lon="-8.296311">
        <ele>29.55</ele>
      </trkpt>
      <trkpt lat="37.090362" lon="-8.295659">
        <ele>28.56</ele>
      </trkpt>
      <trkpt lat="37.090257" lon="-8.295488">
        <ele>28.71</ele>
      </trkpt>
      <trkpt lat="37.090108" lon="-8.295273">
        <ele>27.04</ele>
      </trkpt>
      <trkpt lat="37.089292" lon="-8.294114">
        <ele>26.03</ele>
      </trkpt>
      <trkpt lat="37.089065" lon="-8.293854">
        <ele>25.6</ele>
      </trkpt>
      <trkpt lat="37.088929" lon="-8.293735">
        <ele>25.85</ele>
      </trkpt>
      <trkpt lat="37.088282" lon="-8.2933">
        <ele>27.17</ele>
      </trkpt>
      <trkpt lat="37.088162" lon="-8.293208">
        <ele>27.07</ele>
      </trkpt>
      <trkpt lat="37.088091" lon="-8.293129">
        <ele>27</ele>
      </trkpt>
      <trkpt lat="37.088019" lon="-8.293029">
        <ele>26.81</ele>
      </trkpt>
      <trkpt lat="37.08792" lon="-8.292854">
        <ele>26.09</ele>
      </trkpt>
      <trkpt lat="37.087677" lon="-8.292291">
        <ele>27.19</ele>
      </trkpt>
      <trkpt lat="37.08666" lon="-8.289903">
        <ele>32.91</ele>
      </trkpt>
      <trkpt lat="37.086579" lon="-8.289689">
        <ele>32.32</ele>
      </trkpt>
      <trkpt lat="37.08647" lon="-8.289217">
        <ele>31.52</ele>
      </trkpt>
      <trkpt lat="37.086396" lon="-8.288777">
        <ele>31.99</ele>
      </trkpt>
      <trkpt lat="37.086155" lon="-8.287613">
        <ele>34</ele>
      </trkpt>
      <trkpt lat="37.085882" lon="-8.286078">
        <ele>36.76</ele>
      </trkpt>
      <trkpt lat="37.08578" lon="-8.285202">
        <ele>35.05</ele>
      </trkpt>
      <trkpt lat="37.085738" lon="-8.284818">
        <ele>31.68</ele>
      </trkpt>
      <trkpt lat="37.085712" lon="-8.284701">
        <ele>30.62</ele>
      </trkpt>
      <trkpt lat="37.085642" lon="-8.28404">
        <ele>25.87</ele>
      </trkpt>
      <trkpt lat="37.085571" lon="-8.283409">
        <ele>23.78</ele>
      </trkpt>
      <trkpt lat="37.085377" lon="-8.281676">
        <ele>18.03</ele>
      </trkpt>
      <trkpt lat="37.085342" lon="-8.280896">
        <ele>17</ele>
      </trkpt>
      <trkpt lat="37.085353" lon="-8.279674">
        <ele>15.01</ele>
      </trkpt>
      <trkpt lat="37.085353" lon="-8.278729">
        <ele>14</ele>
      </trkpt>
      <trkpt lat="37.085386" lon="-8.27824">
        <ele>14</ele>
      </trkpt>
      <trkpt lat="37.085426" lon="-8.277842">
        <ele>13.68</ele>
      </trkpt>
      <trkpt lat="37.085426" lon="-8.277676">
        <ele>13</ele>
      </trkpt>
      <trkpt lat="37.085418" lon="-8.277518">
        <ele>13</ele>
      </trkpt>
      <trkpt lat="37.085394" lon="-8.277468">
        <ele>13</ele>
      </trkpt>
      <trkpt lat="37.085389" lon="-8.277439">
        <ele>13</ele>
      </trkpt>
      <trkpt lat="37.0854" lon="-8.277366">
        <ele>13</ele>
      </trkpt>
      <trkpt lat="37.08544" lon="-8.277312">
        <ele>13</ele>
      </trkpt>
      <trkpt lat="37.085478" lon="-8.277294">
        <ele>13</ele>
      </trkpt>
      <trkpt lat="37.085524" lon="-8.277208">
        <ele>13</ele>
      </trkpt>
      <trkpt lat="37.085553" lon="-8.277129">
        <ele>12.94</ele>
      </trkpt>
      <trkpt lat="37.085625" lon="-8.276771">
        <ele>11.88</ele>
      </trkpt>
      <trkpt lat="37.085689" lon="-8.276498">
        <ele>11.84</ele>
      </trkpt>
      <trkpt lat="37.0861" lon="-8.274969">
        <ele>10.83</ele>
      </trkpt>
      <trkpt lat="37.08619" lon="-8.274601">
        <ele>10.95</ele>
      </trkpt>
      <trkpt lat="37.086481" lon="-8.272981">
        <ele>12.6</ele>
      </trkpt>
      <trkpt lat="37.086547" lon="-8.272633">
        <ele>14</ele>
      </trkpt>
      <trkpt lat="37.086605" lon="-8.272423">
        <ele>14.39</ele>
      </trkpt>
      <trkpt lat="37.086656" lon="-8.272281">
        <ele>14.88</ele>
      </trkpt>
      <trkpt lat="37.086736" lon="-8.2721">
        <ele>15.35</ele>
      </trkpt>
      <trkpt lat="37.086857" lon="-8.271873">
        <ele>15.97</ele>
      </trkpt>
      <trkpt lat="37.087041" lon="-8.271589">
        <ele>17.12</ele>
      </trkpt>
      <trkpt lat="37.087445" lon="-8.270999">
        <ele>18.41</ele>
      </trkpt>
      <trkpt lat="37.087484" lon="-8.27093">
        <ele>18.53</ele>
      </trkpt>
      <trkpt lat="37.087512" lon="-8.270852">
        <ele>18.91</ele>
      </trkpt>
      <trkpt lat="37.087502" lon="-8.270795">
        <ele>19</ele>
      </trkpt>
      <trkpt lat="37.087506" lon="-8.270736">
        <ele>19</ele>
      </trkpt>
      <trkpt lat="37.087523" lon="-8.27068">
        <ele>19</ele>
      </trkpt>
      <trkpt lat="37.087551" lon="-8.270633">
        <ele>18.9</ele>
      </trkpt>
      <trkpt lat="37.087589" lon="-8.270598">
        <ele>18.88</ele>
      </trkpt>
      <trkpt lat="37.087635" lon="-8.270577">
        <ele>19.01</ele>
      </trkpt>
      <trkpt lat="37.087683" lon="-8.270573">
        <ele>19.17</ele>
      </trkpt>
      <trkpt lat="37.087794" lon="-8.270516">
        <ele>19.3</ele>
      </trkpt>
      <trkpt lat="37.08784" lon="-8.270475">
        <ele>19.64</ele>
      </trkpt>
      <trkpt lat="37.087887" lon="-8.270403">
        <ele>20.44</ele>
      </trkpt>
      <trkpt lat="37.088291" lon="-8.269877">
        <ele>22.85</ele>
      </trkpt>
      <trkpt lat="37.088811" lon="-8.269186">
        <ele>27.68</ele>
      </trkpt>
      <trkpt lat="37.088986" lon="-8.26898">
        <ele>29.53</ele>
      </trkpt>
      <trkpt lat="37.089801" lon="-8.268076">
        <ele>39.83</ele>
      </trkpt>
      <trkpt lat="37.090155" lon="-8.267673">
        <ele>44.38</ele>
      </trkpt>
      <trkpt lat="37.09104" lon="-8.266686">
        <ele>52.93</ele>
      </trkpt>
      <trkpt lat="37.091141" lon="-8.266563">
        <ele>54.11</ele>
      </trkpt>
      <trkpt lat="37.091265" lon="-8.26638">
        <ele>55.51</ele>
      </trkpt>
      <trkpt lat="37.091359" lon="-8.266201">
        <ele>56.32</ele>
      </trkpt>
      <trkpt lat="37.091453" lon="-8.265962">
        <ele>57.79</ele>
      </trkpt>
      <trkpt lat="37.091511" lon="-8.265723">
        <ele>59.05</ele>
      </trkpt>
      <trkpt lat="37.091543" lon="-8.265509">
        <ele>59.98</ele>
      </trkpt>
      <trkpt lat="37.091556" lon="-8.265195">
        <ele>61.38</ele>
      </trkpt>
      <trkpt lat="37.091534" lon="-8.264937">
        <ele>62.72</ele>
      </trkpt>
      <trkpt lat="37.091464" lon="-8.264608">
        <ele>64.08</ele>
      </trkpt>
      <trkpt lat="37.091357" lon="-8.264337">
        <ele>65.78</ele>
      </trkpt>
      <trkpt lat="37.091216" lon="-8.264082">
        <ele>67.23</ele>
      </trkpt>
      <trkpt lat="37.091076" lon="-8.263889">
        <ele>68.35</ele>
      </trkpt>
      <trkpt lat="37.090387" lon="-8.263055">
        <ele>74.96</ele>
      </trkpt>
      <trkpt lat="37.090204" lon="-8.262808">
        <ele>75.63</ele>
      </trkpt>
      <trkpt lat="37.090088" lon="-8.262574">
        <ele>76.71</ele>
      </trkpt>
      <trkpt lat="37.09003" lon="-8.262368">
        <ele>77.58</ele>
      </trkpt>
      <trkpt lat="37.090002" lon="-8.262127">
        <ele>78</ele>
      </trkpt>
      <trkpt lat="37.090013" lon="-8.261923">
        <ele>78.88</ele>
      </trkpt>
      <trkpt lat="37.090088" lon="-8.261539">
        <ele>81.94</ele>
      </trkpt>
      <trkpt lat="37.090165" lon="-8.261199">
        <ele>81.37</ele>
      </trkpt>
      <trkpt lat="37.090197" lon="-8.260933">
        <ele>78.93</ele>
      </trkpt>
      <trkpt lat="37.090201" lon="-8.260761">
        <ele>76.48</ele>
      </trkpt>
      <trkpt lat="37.090147" lon="-8.260626">
        <ele>76</ele>
      </trkpt>
      <trkpt lat="37.09013" lon="-8.26057">
        <ele>75.57</ele>
      </trkpt>
      <trkpt lat="37.090127" lon="-8.260511">
        <ele>74.79</ele>
      </trkpt>
      <trkpt lat="37.090135" lon="-8.260463">
        <ele>74.31</ele>
      </trkpt>
      <trkpt lat="37.090151" lon="-8.260418">
        <ele>73.92</ele>
      </trkpt>
      <trkpt lat="37.0902" lon="-8.260354">
        <ele>73.75</ele>
      </trkpt>
      <trkpt lat="37.09027" lon="-8.260217">
        <ele>73.27</ele>
      </trkpt>
      <trkpt lat="37.090287" lon="-8.260032">
        <ele>71.38</ele>
      </trkpt>
      <trkpt lat="37.090297" lon="-8.259733">
        <ele>69.45</ele>
      </trkpt>
      <trkpt lat="37.090283" lon="-8.259368">
        <ele>67.54</ele>
      </trkpt>
      <trkpt lat="37.090273" lon="-8.259308">
        <ele>66.95</ele>
      </trkpt>
      <trkpt lat="37.090246" lon="-8.259122">
        <ele>65.14</ele>
      </trkpt>
      <trkpt lat="37.090143" lon="-8.258702">
        <ele>60.72</ele>
      </trkpt>
      <trkpt lat="37.089995" lon="-8.258142">
        <ele>57.1</ele>
      </trkpt>
      <trkpt lat="37.089874" lon="-8.257598">
        <ele>54.32</ele>
      </trkpt>
      <trkpt lat="37.089829" lon="-8.257287">
        <ele>53</ele>
      </trkpt>
      <trkpt lat="37.089825" lon="-8.257108">
        <ele>52.12</ele>
      </trkpt>
      <trkpt lat="37.089831" lon="-8.256962">
        <ele>51.34</ele>
      </trkpt>
      <trkpt lat="37.089846" lon="-8.256844">
        <ele>50.7</ele>
      </trkpt>
      <trkpt lat="37.089933" lon="-8.256557">
        <ele>50.26</ele>
      </trkpt>
      <trkpt lat="37.09001" lon="-8.25643">
        <ele>50.93</ele>
      </trkpt>
      <trkpt lat="37.090194" lon="-8.256188">
        <ele>51.46</ele>
      </trkpt>
      <trkpt lat="37.090328" lon="-8.256072">
        <ele>46.65</ele>
      </trkpt>
      <trkpt lat="37.090485" lon="-8.255988">
        <ele>43.7</ele>
      </trkpt>
      <trkpt lat="37.090631" lon="-8.25595">
        <ele>42.37</ele>
      </trkpt>
      <trkpt lat="37.091714" lon="-8.255768">
        <ele>33.91</ele>
      </trkpt>
      <trkpt lat="37.091872" lon="-8.255735">
        <ele>32.52</ele>
      </trkpt>
      <trkpt lat="37.092009" lon="-8.255688">
        <ele>31.85</ele>
      </trkpt>
      <trkpt lat="37.092256" lon="-8.255576">
        <ele>29.59</ele>
      </trkpt>
      <trkpt lat="37.092349" lon="-8.255521">
        <ele>28.9</ele>
      </trkpt>
      <trkpt lat="37.092504" lon="-8.25541">
        <ele>27.82</ele>
      </trkpt>
      <trkpt lat="37.092658" lon="-8.25526">
        <ele>26.75</ele>
      </trkpt>
      <trkpt lat="37.092891" lon="-8.254967">
        <ele>25.83</ele>
      </trkpt>
      <trkpt lat="37.093014" lon="-8.254768">
        <ele>25.74</ele>
      </trkpt>
      <trkpt lat="37.093539" lon="-8.25392">
        <ele>26.32</ele>
      </trkpt>
      <trkpt lat="37.09355" lon="-8.253818">
        <ele>26.59</ele>
      </trkpt>
      <trkpt lat="37.093541" lon="-8.253768">
        <ele>26.87</ele>
      </trkpt>
      <trkpt lat="37.093542" lon="-8.253717">
        <ele>26.94</ele>
      </trkpt>
      <trkpt lat="37.093552" lon="-8.253664">
        <ele>27.04</ele>
      </trkpt>
      <trkpt lat="37.093572" lon="-8.253616">
        <ele>27.36</ele>
      </trkpt>
      <trkpt lat="37.0936" lon="-8.253575">
        <ele>27.67</ele>
      </trkpt>
      <trkpt lat="37.093647" lon="-8.253535">
        <ele>27.93</ele>
      </trkpt>
      <trkpt lat="37.093703" lon="-8.253516">
        <ele>28.17</ele>
      </trkpt>
      <trkpt lat="37.09376" lon="-8.253519">
        <ele>28.44</ele>
      </trkpt>
      <trkpt lat="37.093821" lon="-8.253479">
        <ele>28.91</ele>
      </trkpt>
      <trkpt lat="37.093856" lon="-8.253433">
        <ele>29.06</ele>
      </trkpt>
      <trkpt lat="37.094247" lon="-8.252773">
        <ele>34.24</ele>
      </trkpt>
      <trkpt lat="37.094607" lon="-8.252196">
        <ele>40.25</ele>
      </trkpt>
      <trkpt lat="37.094816" lon="-8.251811">
        <ele>43.49</ele>
      </trkpt>
      <trkpt lat="37.094904" lon="-8.251545">
        <ele>45.17</ele>
      </trkpt>
      <trkpt lat="37.094977" lon="-8.251265">
        <ele>47.68</ele>
      </trkpt>
      <trkpt lat="37.09501" lon="-8.251037">
        <ele>49.34</ele>
      </trkpt>
      <trkpt lat="37.095018" lon="-8.250806">
        <ele>50.62</ele>
      </trkpt>
      <trkpt lat="37.095002" lon="-8.250539">
        <ele>52</ele>
      </trkpt>
      <trkpt lat="37.094962" lon="-8.250251">
        <ele>54.1</ele>
      </trkpt>
      <trkpt lat="37.094902" lon="-8.250054">
        <ele>54.83</ele>
      </trkpt>
      <trkpt lat="37.094799" lon="-8.249783">
        <ele>55.72</ele>
      </trkpt>
      <trkpt lat="37.094668" lon="-8.249543">
        <ele>56.22</ele>
      </trkpt>
      <trkpt lat="37.094589" lon="-8.249429">
        <ele>56.62</ele>
      </trkpt>
      <trkpt lat="37.094545" lon="-8.24939">
        <ele>56.88</ele>
      </trkpt>
      <trkpt lat="37.094507" lon="-8.24937">
        <ele>56.98</ele>
      </trkpt>
      <trkpt lat="37.094471" lon="-8.249371">
        <ele>57.03</ele>
      </trkpt>
      <trkpt lat="37.094436" lon="-8.24936">
        <ele>57.06</ele>
      </trkpt>
      <trkpt lat="37.094404" lon="-8.249337">
        <ele>57.01</ele>
      </trkpt>
      <trkpt lat="37.094375" lon="-8.2493">
        <ele>57.2</ele>
      </trkpt>
      <trkpt lat="37.094357" lon="-8.249253">
        <ele>57.48</ele>
      </trkpt>
      <trkpt lat="37.094351" lon="-8.249201">
        <ele>57.75</ele>
      </trkpt>
      <trkpt lat="37.094356" lon="-8.249158">
        <ele>58</ele>
      </trkpt>
      <trkpt lat="37.094315" lon="-8.249096">
        <ele>57.82</ele>
      </trkpt>
      <trkpt lat="37.093289" lon="-8.247987">
        <ele>56.22</ele>
      </trkpt>
      <trkpt lat="37.092114" lon="-8.246717">
        <ele>47.93</ele>
      </trkpt>
      <trkpt lat="37.091913" lon="-8.246489">
        <ele>46.45</ele>
      </trkpt>
      <trkpt lat="37.091716" lon="-8.246224">
        <ele>44.98</ele>
      </trkpt>
      <trkpt lat="37.091435" lon="-8.245714">
        <ele>43</ele>
      </trkpt>
      <trkpt lat="37.091382" lon="-8.245608">
        <ele>43</ele>
      </trkpt>
      <trkpt lat="37.091261" lon="-8.24531">
        <ele>42</ele>
      </trkpt>
      <trkpt lat="37.091107" lon="-8.244828">
        <ele>41.54</ele>
      </trkpt>
      <trkpt lat="37.091047" lon="-8.244528">
        <ele>41.12</ele>
      </trkpt>
      <trkpt lat="37.091003" lon="-8.244241">
        <ele>42</ele>
      </trkpt>
      <trkpt lat="37.090974" lon="-8.243916">
        <ele>42</ele>
      </trkpt>
      <trkpt lat="37.090966" lon="-8.243612">
        <ele>42.79</ele>
      </trkpt>
      <trkpt lat="37.090973" lon="-8.243297">
        <ele>43</ele>
      </trkpt>
      <trkpt lat="37.091025" lon="-8.242848">
        <ele>43.28</ele>
      </trkpt>
      <trkpt lat="37.091076" lon="-8.242579">
        <ele>44</ele>
      </trkpt>
      <trkpt lat="37.091158" lon="-8.242245">
        <ele>44.07</ele>
      </trkpt>
      <trkpt lat="37.091466" lon="-8.241139">
        <ele>45.89</ele>
      </trkpt>
    </trkseg>
  </trk>
</gpx>
