<?xml version="1.0" encoding="UTF-8"?>
<gpx creator="https://gpx.studio" version="1.1" schemaLocation="http://www.topografix.com/GPX/1/1 http://www.topografix.com/GPX/1/1/gpx.xsd http://www.garmin.com/xmlschemas/GpxExtensions/v3 http://www.garmin.com/xmlschemas/GpxExtensionsv3.xsd http://www.garmin.com/xmlschemas/TrackPointExtension/v1 http://www.garmin.com/xmlschemas/TrackPointExtensionv1.xsd http://www.garmin.com/xmlschemas/PowerExtension/v1 http://www.garmin.com/xmlschemas/PowerExtensionv1.xsd http://www.topografix.com/GPX/gpx_style/0/2 http://www.topografix.com/GPX/gpx_style/0/2/gpx_style.xsd" xmlns="http://www.topografix.com/GPX/1/1" xmlns:xsi="http://www.w3.org/2001/XMLSchema-instance" xsi:schemaLocation="http://www.topografix.com/GPX/1/1 http://www.topografix.com/GPX/1/1/gpx.xsd http://www.garmin.com/xmlschemas/GpxExtensions/v3 http://www.garmin.com/xmlschemas/GpxExtensionsv3.xsd http://www.garmin.com/xmlschemas/TrackPointExtension/v1 http://www.garmin.com/xmlschemas/TrackPointExtensionv1.xsd http://www.garmin.com/xmlschemas/PowerExtension/v1 http://www.garmin.com/xmlschemas/PowerExtensionv1.xsd http://www.topografix.com/GPX/gpx_style/0/2 http://www.topografix.com/GPX/gpx_style/0/2/gpx_style.xsd" xmlns:gpxtpx="http://www.garmin.com/xmlschemas/TrackPointExtension/v1" xmlns:gpxx="http://www.garmin.com/xmlschemas/GpxExtensions/v3" xmlns:gpxpx="http://www.garmin.com/xmlschemas/PowerExtension/v1" xmlns:gpx_style="http://www.topografix.com/GPX/gpx_style/0/2">
  <metadata>
    <name>BEJA_ELVAS_v3</name>
    <author>
      <name>gpx.studio</name>
      <link href="https://gpx.studio"/>
    </author>
  </metadata>
  <trk>
    <name>BEJA_ELVAS_v3</name>
    <extensions>
      <gpx_style:line>
        <gpx_style:color>2825e4</gpx_style:color>
      </gpx_style:line>
    </extensions>
    <trkseg>
      <trkpt lat="38.012942" lon="-7.861732">
        <ele>272.6</ele>
      </trkpt>
      <trkpt lat="38.013003" lon="-7.861945">
        <ele>273.7</ele>
      </trkpt>
      <trkpt lat="38.013136" lon="-7.862253">
        <ele>275.49</ele>
      </trkpt>
      <trkpt lat="38.013375" lon="-7.862557">
        <ele>278.26</ele>
      </trkpt>
      <trkpt lat="38.013381" lon="-7.862554">
        <ele>278.25</ele>
      </trkpt>
      <trkpt lat="38.013878" lon="-7.862342">
        <ele>278.01</ele>
      </trkpt>
      <trkpt lat="38.014083" lon="-7.862641">
        <ele>278.57</ele>
      </trkpt>
      <trkpt lat="38.014114" lon="-7.862678">
        <ele>278.55</ele>
      </trkpt>
      <trkpt lat="38.014114" lon="-7.862678">
        <ele>278.55</ele>
      </trkpt>
      <trkpt lat="38.014416" lon="-7.86304">
        <ele>278.47</ele>
      </trkpt>
      <trkpt lat="38.014626" lon="-7.86281">
        <ele>277.7</ele>
      </trkpt>
      <trkpt lat="38.014646" lon="-7.86279">
        <ele>277.47</ele>
      </trkpt>
      <trkpt lat="38.014694" lon="-7.862779">
        <ele>276.93</ele>
      </trkpt>
      <trkpt lat="38.014735" lon="-7.862808">
        <ele>276.66</ele>
      </trkpt>
      <trkpt lat="38.014749" lon="-7.862845">
        <ele>276.77</ele>
      </trkpt>
      <trkpt lat="38.014752" lon="-7.862892">
        <ele>277.04</ele>
      </trkpt>
      <trkpt lat="38.014742" lon="-7.862921">
        <ele>277.28</ele>
      </trkpt>
      <trkpt lat="38.014704" lon="-7.862958">
        <ele>277.78</ele>
      </trkpt>
      <trkpt lat="38.014679" lon="-7.862962">
        <ele>277.98</ele>
      </trkpt>
      <trkpt lat="38.014626" lon="-7.86304">
        <ele>278.91</ele>
      </trkpt>
      <trkpt lat="38.014448" lon="-7.863243">
        <ele>281.35</ele>
      </trkpt>
      <trkpt lat="38.014341" lon="-7.863366">
        <ele>282.82</ele>
      </trkpt>
      <trkpt lat="38.01407" lon="-7.863631">
        <ele>284</ele>
      </trkpt>
      <trkpt lat="38.013879" lon="-7.863952">
        <ele>283.9</ele>
      </trkpt>
      <trkpt lat="38.01384" lon="-7.864159">
        <ele>283.43</ele>
      </trkpt>
      <trkpt lat="38.013834" lon="-7.864249">
        <ele>283.39</ele>
      </trkpt>
      <trkpt lat="38.013596" lon="-7.864563">
        <ele>281.29</ele>
      </trkpt>
      <trkpt lat="38.013146" lon="-7.865083">
        <ele>274.4</ele>
      </trkpt>
      <trkpt lat="38.013134" lon="-7.865097">
        <ele>274.22</ele>
      </trkpt>
      <trkpt lat="38.013523" lon="-7.865734">
        <ele>274.05</ele>
      </trkpt>
      <trkpt lat="38.014149" lon="-7.866135">
        <ele>273.94</ele>
      </trkpt>
      <trkpt lat="38.014271" lon="-7.866262">
        <ele>273.69</ele>
      </trkpt>
      <trkpt lat="38.014415" lon="-7.866365">
        <ele>274</ele>
      </trkpt>
      <trkpt lat="38.014617" lon="-7.866459">
        <ele>274.06</ele>
      </trkpt>
      <trkpt lat="38.014781" lon="-7.866551">
        <ele>274.2</ele>
      </trkpt>
      <trkpt lat="38.014958" lon="-7.866656">
        <ele>274.23</ele>
      </trkpt>
      <trkpt lat="38.015152" lon="-7.866771">
        <ele>274.27</ele>
      </trkpt>
      <trkpt lat="38.015466" lon="-7.86693">
        <ele>274.32</ele>
      </trkpt>
      <trkpt lat="38.015607" lon="-7.867015">
        <ele>273.91</ele>
      </trkpt>
      <trkpt lat="38.015873" lon="-7.867149">
        <ele>274.02</ele>
      </trkpt>
      <trkpt lat="38.016169" lon="-7.867332">
        <ele>273.98</ele>
      </trkpt>
      <trkpt lat="38.016717" lon="-7.867732">
        <ele>272</ele>
      </trkpt>
      <trkpt lat="38.017677" lon="-7.868385">
        <ele>266.89</ele>
      </trkpt>
      <trkpt lat="38.017853" lon="-7.868472">
        <ele>265.97</ele>
      </trkpt>
      <trkpt lat="38.01832486280535" lon="-7.8687049066411054">
        <ele>263.50481898210796</ele>
      </trkpt>
      <trkpt lat="38.018325" lon="-7.868705">
        <ele>263.51</ele>
      </trkpt>
      <trkpt lat="38.018477" lon="-7.86878">
        <ele>262.71</ele>
      </trkpt>
      <trkpt lat="38.018604" lon="-7.868867">
        <ele>262.02</ele>
      </trkpt>
      <trkpt lat="38.018624" lon="-7.868893">
        <ele>261.93</ele>
      </trkpt>
      <trkpt lat="38.018665" lon="-7.868905">
        <ele>261.8</ele>
      </trkpt>
      <trkpt lat="38.018776" lon="-7.869016">
        <ele>261.03</ele>
      </trkpt>
      <trkpt lat="38.018922" lon="-7.869191">
        <ele>259.26</ele>
      </trkpt>
      <trkpt lat="38.01892172777478" lon="-7.8691906165407115">
        <ele>259.2709946817929</ele>
      </trkpt>
      <trkpt lat="38.019003" lon="-7.869288">
        <ele>258.29</ele>
      </trkpt>
      <trkpt lat="38.019268" lon="-7.869639">
        <ele>256.51</ele>
      </trkpt>
      <trkpt lat="38.019326" lon="-7.869749">
        <ele>256.07</ele>
      </trkpt>
      <trkpt lat="38.019395" lon="-7.869907">
        <ele>255.57</ele>
      </trkpt>
      <trkpt lat="38.019462" lon="-7.870026">
        <ele>254.47</ele>
      </trkpt>
      <trkpt lat="38.019515" lon="-7.870103">
        <ele>253.96</ele>
      </trkpt>
      <trkpt lat="38.019842" lon="-7.870503">
        <ele>251.15</ele>
      </trkpt>
      <trkpt lat="38.01996" lon="-7.870659">
        <ele>250.64</ele>
      </trkpt>
      <trkpt lat="38.020105" lon="-7.870754">
        <ele>250.08</ele>
      </trkpt>
      <trkpt lat="38.020227" lon="-7.870748">
        <ele>250.05</ele>
      </trkpt>
      <trkpt lat="38.02026" lon="-7.870716">
        <ele>250.06</ele>
      </trkpt>
      <trkpt lat="38.020298" lon="-7.870698">
        <ele>249.95</ele>
      </trkpt>
      <trkpt lat="38.020339" lon="-7.870695">
        <ele>249.78</ele>
      </trkpt>
      <trkpt lat="38.020378" lon="-7.870707">
        <ele>249.56</ele>
      </trkpt>
      <trkpt lat="38.02041" lon="-7.87073">
        <ele>249.29</ele>
      </trkpt>
      <trkpt lat="38.020436" lon="-7.870763">
        <ele>249.03</ele>
      </trkpt>
      <trkpt lat="38.020455" lon="-7.870803">
        <ele>249</ele>
      </trkpt>
      <trkpt lat="38.020464" lon="-7.870848">
        <ele>249</ele>
      </trkpt>
      <trkpt lat="38.020464" lon="-7.870894">
        <ele>249</ele>
      </trkpt>
      <trkpt lat="38.020455" lon="-7.870938">
        <ele>249</ele>
      </trkpt>
      <trkpt lat="38.020526" lon="-7.871155">
        <ele>248</ele>
      </trkpt>
      <trkpt lat="38.021288" lon="-7.872077">
        <ele>245</ele>
      </trkpt>
      <trkpt lat="38.021457" lon="-7.872348">
        <ele>244.47</ele>
      </trkpt>
      <trkpt lat="38.021714" lon="-7.872784">
        <ele>243.61</ele>
      </trkpt>
      <trkpt lat="38.022113" lon="-7.873625">
        <ele>241.19</ele>
      </trkpt>
      <trkpt lat="38.022447" lon="-7.874356">
        <ele>238.33</ele>
      </trkpt>
      <trkpt lat="38.022806" lon="-7.875154">
        <ele>236.2</ele>
      </trkpt>
      <trkpt lat="38.023055" lon="-7.875531">
        <ele>235.86</ele>
      </trkpt>
      <trkpt lat="38.023214" lon="-7.87567">
        <ele>236.5</ele>
      </trkpt>
      <trkpt lat="38.023368" lon="-7.875724">
        <ele>236.66</ele>
      </trkpt>
      <trkpt lat="38.023566" lon="-7.875744">
        <ele>236.87</ele>
      </trkpt>
      <trkpt lat="38.023684" lon="-7.875706">
        <ele>236.92</ele>
      </trkpt>
      <trkpt lat="38.024941" lon="-7.875306">
        <ele>237.47</ele>
      </trkpt>
      <trkpt lat="38.025053" lon="-7.875262">
        <ele>237.88</ele>
      </trkpt>
      <trkpt lat="38.025151" lon="-7.875194">
        <ele>237.98</ele>
      </trkpt>
      <trkpt lat="38.025262" lon="-7.875103">
        <ele>238</ele>
      </trkpt>
      <trkpt lat="38.025334" lon="-7.875028">
        <ele>238</ele>
      </trkpt>
      <trkpt lat="38.02535" lon="-7.874959">
        <ele>238</ele>
      </trkpt>
      <trkpt lat="38.025377" lon="-7.874895">
        <ele>237.99</ele>
      </trkpt>
      <trkpt lat="38.025411" lon="-7.874837">
        <ele>237.94</ele>
      </trkpt>
      <trkpt lat="38.025454" lon="-7.874788">
        <ele>238</ele>
      </trkpt>
      <trkpt lat="38.025502" lon="-7.87475">
        <ele>238</ele>
      </trkpt>
      <trkpt lat="38.025555" lon="-7.874723">
        <ele>238</ele>
      </trkpt>
      <trkpt lat="38.025616" lon="-7.874708">
        <ele>238</ele>
      </trkpt>
      <trkpt lat="38.025677" lon="-7.874708">
        <ele>238</ele>
      </trkpt>
      <trkpt lat="38.025737" lon="-7.874722">
        <ele>238</ele>
      </trkpt>
      <trkpt lat="38.025794" lon="-7.874751">
        <ele>238</ele>
      </trkpt>
      <trkpt lat="38.025827" lon="-7.874776">
        <ele>238</ele>
      </trkpt>
      <trkpt lat="38.025886" lon="-7.874841">
        <ele>238</ele>
      </trkpt>
      <trkpt lat="38.02591" lon="-7.87488">
        <ele>238</ele>
      </trkpt>
      <trkpt lat="38.026083" lon="-7.874905">
        <ele>238</ele>
      </trkpt>
      <trkpt lat="38.026279" lon="-7.874904">
        <ele>238</ele>
      </trkpt>
      <trkpt lat="38.027541" lon="-7.874544">
        <ele>237.07</ele>
      </trkpt>
      <trkpt lat="38.028464" lon="-7.874266">
        <ele>236.76</ele>
      </trkpt>
      <trkpt lat="38.029536" lon="-7.873939">
        <ele>233.84</ele>
      </trkpt>
      <trkpt lat="38.031527" lon="-7.873333">
        <ele>225.82</ele>
      </trkpt>
      <trkpt lat="38.032486" lon="-7.873041">
        <ele>221.95</ele>
      </trkpt>
      <trkpt lat="38.033711" lon="-7.872685">
        <ele>216.64</ele>
      </trkpt>
      <trkpt lat="38.034013" lon="-7.872624">
        <ele>215.53</ele>
      </trkpt>
      <trkpt lat="38.034276" lon="-7.872596">
        <ele>214.38</ele>
      </trkpt>
      <trkpt lat="38.034516" lon="-7.872588">
        <ele>213.98</ele>
      </trkpt>
      <trkpt lat="38.034835" lon="-7.872603">
        <ele>212.74</ele>
      </trkpt>
      <trkpt lat="38.034974" lon="-7.87262">
        <ele>212.37</ele>
      </trkpt>
      <trkpt lat="38.035114" lon="-7.872637">
        <ele>212</ele>
      </trkpt>
      <trkpt lat="38.035365" lon="-7.872688">
        <ele>211.11</ele>
      </trkpt>
      <trkpt lat="38.035717" lon="-7.872792">
        <ele>210.32</ele>
      </trkpt>
      <trkpt lat="38.036023" lon="-7.872905">
        <ele>209.93</ele>
      </trkpt>
      <trkpt lat="38.036544" lon="-7.873187">
        <ele>208</ele>
      </trkpt>
      <trkpt lat="38.037326" lon="-7.87361">
        <ele>207.63</ele>
      </trkpt>
      <trkpt lat="38.038906" lon="-7.874442">
        <ele>206</ele>
      </trkpt>
      <trkpt lat="38.040416" lon="-7.875271">
        <ele>204.47</ele>
      </trkpt>
      <trkpt lat="38.041869" lon="-7.876069">
        <ele>203</ele>
      </trkpt>
      <trkpt lat="38.042292" lon="-7.876286">
        <ele>202</ele>
      </trkpt>
      <trkpt lat="38.042588" lon="-7.876422">
        <ele>202</ele>
      </trkpt>
      <trkpt lat="38.043402" lon="-7.8767">
        <ele>200.18</ele>
      </trkpt>
      <trkpt lat="38.043641" lon="-7.876764">
        <ele>199.94</ele>
      </trkpt>
      <trkpt lat="38.043935" lon="-7.876814">
        <ele>199.44</ele>
      </trkpt>
      <trkpt lat="38.044258" lon="-7.87684">
        <ele>199</ele>
      </trkpt>
      <trkpt lat="38.04446" lon="-7.876835">
        <ele>199</ele>
      </trkpt>
      <trkpt lat="38.044547" lon="-7.876808">
        <ele>199</ele>
      </trkpt>
      <trkpt lat="38.044614" lon="-7.876755">
        <ele>198.8</ele>
      </trkpt>
      <trkpt lat="38.044658" lon="-7.876708">
        <ele>198.53</ele>
      </trkpt>
      <trkpt lat="38.044695" lon="-7.876671">
        <ele>198.32</ele>
      </trkpt>
      <trkpt lat="38.044738" lon="-7.876648">
        <ele>198.18</ele>
      </trkpt>
      <trkpt lat="38.044784" lon="-7.876641">
        <ele>198.14</ele>
      </trkpt>
      <trkpt lat="38.04483" lon="-7.87665">
        <ele>198.16</ele>
      </trkpt>
      <trkpt lat="38.044943" lon="-7.876694">
        <ele>198</ele>
      </trkpt>
      <trkpt lat="38.045021" lon="-7.876712">
        <ele>198</ele>
      </trkpt>
      <trkpt lat="38.0451" lon="-7.876717">
        <ele>198</ele>
      </trkpt>
      <trkpt lat="38.045247" lon="-7.876706">
        <ele>198</ele>
      </trkpt>
      <trkpt lat="38.046155" lon="-7.876531">
        <ele>196.5</ele>
      </trkpt>
      <trkpt lat="38.046656" lon="-7.876455">
        <ele>196</ele>
      </trkpt>
      <trkpt lat="38.04732" lon="-7.876287">
        <ele>195.06</ele>
      </trkpt>
      <trkpt lat="38.049779" lon="-7.875665">
        <ele>191</ele>
      </trkpt>
      <trkpt lat="38.051134" lon="-7.875338">
        <ele>191.68</ele>
      </trkpt>
      <trkpt lat="38.051772" lon="-7.875184">
        <ele>192</ele>
      </trkpt>
      <trkpt lat="38.052085" lon="-7.875099">
        <ele>192.95</ele>
      </trkpt>
      <trkpt lat="38.052396" lon="-7.874999">
        <ele>193</ele>
      </trkpt>
      <trkpt lat="38.052631" lon="-7.874907">
        <ele>193.04</ele>
      </trkpt>
      <trkpt lat="38.052862" lon="-7.874796">
        <ele>193.22</ele>
      </trkpt>
      <trkpt lat="38.053223" lon="-7.874598">
        <ele>193.43</ele>
      </trkpt>
      <trkpt lat="38.053569" lon="-7.874363">
        <ele>195.02</ele>
      </trkpt>
      <trkpt lat="38.055068" lon="-7.873262">
        <ele>198.67</ele>
      </trkpt>
      <trkpt lat="38.055595" lon="-7.872875">
        <ele>199.95</ele>
      </trkpt>
      <trkpt lat="38.05582" lon="-7.87271">
        <ele>198.51</ele>
      </trkpt>
      <trkpt lat="38.056169" lon="-7.872458">
        <ele>199.91</ele>
      </trkpt>
      <trkpt lat="38.056673" lon="-7.872101">
        <ele>200.5</ele>
      </trkpt>
      <trkpt lat="38.056955" lon="-7.871925">
        <ele>200.51</ele>
      </trkpt>
      <trkpt lat="38.057248" lon="-7.871777">
        <ele>200.29</ele>
      </trkpt>
      <trkpt lat="38.057548" lon="-7.871657">
        <ele>199.96</ele>
      </trkpt>
      <trkpt lat="38.057855" lon="-7.871567">
        <ele>199.48</ele>
      </trkpt>
      <trkpt lat="38.058166" lon="-7.871508">
        <ele>198.56</ele>
      </trkpt>
      <trkpt lat="38.05848" lon="-7.871478">
        <ele>198.76</ele>
      </trkpt>
      <trkpt lat="38.058795" lon="-7.871479">
        <ele>197.87</ele>
      </trkpt>
      <trkpt lat="38.059109" lon="-7.87151">
        <ele>197.28</ele>
      </trkpt>
      <trkpt lat="38.05942" lon="-7.871572">
        <ele>197</ele>
      </trkpt>
      <trkpt lat="38.059726" lon="-7.871664">
        <ele>196.8</ele>
      </trkpt>
      <trkpt lat="38.059868" lon="-7.871716">
        <ele>196.7</ele>
      </trkpt>
      <trkpt lat="38.061097" lon="-7.872169">
        <ele>195.86</ele>
      </trkpt>
      <trkpt lat="38.061561" lon="-7.872299">
        <ele>195</ele>
      </trkpt>
      <trkpt lat="38.06196" lon="-7.872369">
        <ele>195</ele>
      </trkpt>
      <trkpt lat="38.062261" lon="-7.872403">
        <ele>195</ele>
      </trkpt>
      <trkpt lat="38.062539" lon="-7.8724">
        <ele>195</ele>
      </trkpt>
      <trkpt lat="38.062842" lon="-7.872366">
        <ele>194.24</ele>
      </trkpt>
      <trkpt lat="38.063315" lon="-7.872286">
        <ele>194</ele>
      </trkpt>
      <trkpt lat="38.063505" lon="-7.872096">
        <ele>194</ele>
      </trkpt>
      <trkpt lat="38.063536" lon="-7.872013">
        <ele>194</ele>
      </trkpt>
      <trkpt lat="38.063586" lon="-7.871945">
        <ele>194</ele>
      </trkpt>
      <trkpt lat="38.063669" lon="-7.871893">
        <ele>194</ele>
      </trkpt>
      <trkpt lat="38.063715" lon="-7.871883">
        <ele>194</ele>
      </trkpt>
      <trkpt lat="38.063792" lon="-7.871892">
        <ele>194</ele>
      </trkpt>
      <trkpt lat="38.063863" lon="-7.871933">
        <ele>194</ele>
      </trkpt>
      <trkpt lat="38.06392" lon="-7.872001">
        <ele>194.14</ele>
      </trkpt>
      <trkpt lat="38.064919" lon="-7.871897">
        <ele>193</ele>
      </trkpt>
      <trkpt lat="38.06566" lon="-7.871707">
        <ele>192.01</ele>
      </trkpt>
      <trkpt lat="38.067163" lon="-7.871327">
        <ele>194</ele>
      </trkpt>
      <trkpt lat="38.068398" lon="-7.871021">
        <ele>193.52</ele>
      </trkpt>
      <trkpt lat="38.069744" lon="-7.870687">
        <ele>193</ele>
      </trkpt>
      <trkpt lat="38.071185" lon="-7.87035">
        <ele>192</ele>
      </trkpt>
      <trkpt lat="38.072662" lon="-7.869912">
        <ele>192.67</ele>
      </trkpt>
      <trkpt lat="38.0734" lon="-7.869668">
        <ele>193</ele>
      </trkpt>
      <trkpt lat="38.074814" lon="-7.868985">
        <ele>193.98</ele>
      </trkpt>
      <trkpt lat="38.077964" lon="-7.867182">
        <ele>182.26</ele>
      </trkpt>
      <trkpt lat="38.080252" lon="-7.86587">
        <ele>173.64</ele>
      </trkpt>
      <trkpt lat="38.081727" lon="-7.865025">
        <ele>170.47</ele>
      </trkpt>
      <trkpt lat="38.082871" lon="-7.864369">
        <ele>172.37</ele>
      </trkpt>
      <trkpt lat="38.084922" lon="-7.863193">
        <ele>180</ele>
      </trkpt>
      <trkpt lat="38.086582" lon="-7.862242">
        <ele>180</ele>
      </trkpt>
      <trkpt lat="38.089505" lon="-7.860566">
        <ele>174</ele>
      </trkpt>
      <trkpt lat="38.091782" lon="-7.859275">
        <ele>174</ele>
      </trkpt>
      <trkpt lat="38.094008" lon="-7.858012">
        <ele>166</ele>
      </trkpt>
      <trkpt lat="38.094855" lon="-7.857523">
        <ele>166.36</ele>
      </trkpt>
      <trkpt lat="38.095684" lon="-7.857056">
        <ele>168</ele>
      </trkpt>
      <trkpt lat="38.097198" lon="-7.856202">
        <ele>173.93</ele>
      </trkpt>
      <trkpt lat="38.097484" lon="-7.856032">
        <ele>174.69</ele>
      </trkpt>
      <trkpt lat="38.098226" lon="-7.855619">
        <ele>177.04</ele>
      </trkpt>
      <trkpt lat="38.098539" lon="-7.855456">
        <ele>178.83</ele>
      </trkpt>
      <trkpt lat="38.098859" lon="-7.855315">
        <ele>179.88</ele>
      </trkpt>
      <trkpt lat="38.099122" lon="-7.855225">
        <ele>180.05</ele>
      </trkpt>
      <trkpt lat="38.099388" lon="-7.855151">
        <ele>180.82</ele>
      </trkpt>
      <trkpt lat="38.099657" lon="-7.855092">
        <ele>181</ele>
      </trkpt>
      <trkpt lat="38.099927" lon="-7.855049">
        <ele>181</ele>
      </trkpt>
      <trkpt lat="38.100798" lon="-7.854964">
        <ele>179.42</ele>
      </trkpt>
      <trkpt lat="38.103544" lon="-7.854728">
        <ele>174.19</ele>
      </trkpt>
      <trkpt lat="38.105642" lon="-7.854517">
        <ele>172</ele>
      </trkpt>
      <trkpt lat="38.106431" lon="-7.854499">
        <ele>170.86</ele>
      </trkpt>
      <trkpt lat="38.108517" lon="-7.854426">
        <ele>167</ele>
      </trkpt>
      <trkpt lat="38.108962" lon="-7.854411">
        <ele>166.33</ele>
      </trkpt>
      <trkpt lat="38.108962" lon="-7.854411">
        <ele>166.33</ele>
      </trkpt>
      <trkpt lat="38.10994" lon="-7.854362">
        <ele>164.93</ele>
      </trkpt>
      <trkpt lat="38.110796" lon="-7.854317">
        <ele>161.6</ele>
      </trkpt>
      <trkpt lat="38.111028" lon="-7.854288">
        <ele>159.98</ele>
      </trkpt>
      <trkpt lat="38.111365" lon="-7.854231">
        <ele>158.91</ele>
      </trkpt>
      <trkpt lat="38.111626" lon="-7.854161">
        <ele>157.47</ele>
      </trkpt>
      <trkpt lat="38.111817" lon="-7.854091">
        <ele>156.97</ele>
      </trkpt>
      <trkpt lat="38.11197" lon="-7.854023">
        <ele>156</ele>
      </trkpt>
      <trkpt lat="38.112532" lon="-7.853724">
        <ele>154.16</ele>
      </trkpt>
      <trkpt lat="38.112711" lon="-7.853599">
        <ele>153.45</ele>
      </trkpt>
      <trkpt lat="38.113124" lon="-7.853248">
        <ele>152</ele>
      </trkpt>
      <trkpt lat="38.113274" lon="-7.853106">
        <ele>151.09</ele>
      </trkpt>
      <trkpt lat="38.113537" lon="-7.852813">
        <ele>150.21</ele>
      </trkpt>
      <trkpt lat="38.116029" lon="-7.849861">
        <ele>143.97</ele>
      </trkpt>
      <trkpt lat="38.116217" lon="-7.849656">
        <ele>143.55</ele>
      </trkpt>
      <trkpt lat="38.116582" lon="-7.84931">
        <ele>142.96</ele>
      </trkpt>
      <trkpt lat="38.116756" lon="-7.849171">
        <ele>142.81</ele>
      </trkpt>
      <trkpt lat="38.117022" lon="-7.848975">
        <ele>142.3</ele>
      </trkpt>
      <trkpt lat="38.117253" lon="-7.848832">
        <ele>141.95</ele>
      </trkpt>
      <trkpt lat="38.117531" lon="-7.848674">
        <ele>141.91</ele>
      </trkpt>
      <trkpt lat="38.118278" lon="-7.848306">
        <ele>140.39</ele>
      </trkpt>
      <trkpt lat="38.118472" lon="-7.848168">
        <ele>141.65</ele>
      </trkpt>
      <trkpt lat="38.118955" lon="-7.847927">
        <ele>143</ele>
      </trkpt>
      <trkpt lat="38.11944" lon="-7.847708">
        <ele>144</ele>
      </trkpt>
      <trkpt lat="38.119503" lon="-7.847765">
        <ele>143.93</ele>
      </trkpt>
      <trkpt lat="38.119556" lon="-7.847829">
        <ele>144</ele>
      </trkpt>
      <trkpt lat="38.119684" lon="-7.848049">
        <ele>144</ele>
      </trkpt>
      <trkpt lat="38.119732" lon="-7.848111">
        <ele>144.42</ele>
      </trkpt>
      <trkpt lat="38.119803" lon="-7.848182">
        <ele>144.71</ele>
      </trkpt>
      <trkpt lat="38.119899" lon="-7.84832">
        <ele>145.16</ele>
      </trkpt>
      <trkpt lat="38.120043" lon="-7.848483">
        <ele>145.7</ele>
      </trkpt>
      <trkpt lat="38.12138" lon="-7.849995">
        <ele>150.7</ele>
      </trkpt>
      <trkpt lat="38.121657" lon="-7.850294">
        <ele>151.67</ele>
      </trkpt>
      <trkpt lat="38.122404" lon="-7.851151">
        <ele>155</ele>
      </trkpt>
      <trkpt lat="38.122965" lon="-7.851793">
        <ele>155.65</ele>
      </trkpt>
      <trkpt lat="38.123319" lon="-7.852176">
        <ele>155.95</ele>
      </trkpt>
      <trkpt lat="38.123704" lon="-7.852559">
        <ele>155.69</ele>
      </trkpt>
      <trkpt lat="38.124495" lon="-7.85317">
        <ele>155</ele>
      </trkpt>
      <trkpt lat="38.125705" lon="-7.85413">
        <ele>152.42</ele>
      </trkpt>
      <trkpt lat="38.127769" lon="-7.855739">
        <ele>149.28</ele>
      </trkpt>
      <trkpt lat="38.129288" lon="-7.856931">
        <ele>150</ele>
      </trkpt>
      <trkpt lat="38.130143" lon="-7.857596">
        <ele>148.66</ele>
      </trkpt>
      <trkpt lat="38.132043" lon="-7.859072">
        <ele>148.42</ele>
      </trkpt>
      <trkpt lat="38.133744" lon="-7.860398">
        <ele>153</ele>
      </trkpt>
      <trkpt lat="38.134992" lon="-7.861368">
        <ele>154</ele>
      </trkpt>
      <trkpt lat="38.136007" lon="-7.862175">
        <ele>152.96</ele>
      </trkpt>
      <trkpt lat="38.136533" lon="-7.862625">
        <ele>152.4</ele>
      </trkpt>
      <trkpt lat="38.136894" lon="-7.863">
        <ele>152.6</ele>
      </trkpt>
      <trkpt lat="38.140471" lon="-7.866976">
        <ele>152</ele>
      </trkpt>
      <trkpt lat="38.14148" lon="-7.868081">
        <ele>151.31</ele>
      </trkpt>
      <trkpt lat="38.142608" lon="-7.86935">
        <ele>152</ele>
      </trkpt>
      <trkpt lat="38.143575" lon="-7.870411">
        <ele>152</ele>
      </trkpt>
      <trkpt lat="38.147471" lon="-7.874725">
        <ele>153.92</ele>
      </trkpt>
      <trkpt lat="38.152008" lon="-7.879753">
        <ele>158</ele>
      </trkpt>
      <trkpt lat="38.153773" lon="-7.88172">
        <ele>163.78</ele>
      </trkpt>
      <trkpt lat="38.154671" lon="-7.882706">
        <ele>164.96</ele>
      </trkpt>
      <trkpt lat="38.156276" lon="-7.88447">
        <ele>164.19</ele>
      </trkpt>
      <trkpt lat="38.156874" lon="-7.885115">
        <ele>163</ele>
      </trkpt>
      <trkpt lat="38.157654" lon="-7.885975">
        <ele>160.6</ele>
      </trkpt>
      <trkpt lat="38.158118" lon="-7.886466">
        <ele>160.86</ele>
      </trkpt>
      <trkpt lat="38.159138" lon="-7.887611">
        <ele>162.08</ele>
      </trkpt>
      <trkpt lat="38.159454" lon="-7.888006">
        <ele>161.85</ele>
      </trkpt>
      <trkpt lat="38.161474" lon="-7.890861">
        <ele>162</ele>
      </trkpt>
      <trkpt lat="38.162082" lon="-7.891706">
        <ele>163</ele>
      </trkpt>
      <trkpt lat="38.16211" lon="-7.891742">
        <ele>163</ele>
      </trkpt>
      <trkpt lat="38.162248" lon="-7.891829">
        <ele>163.32</ele>
      </trkpt>
      <trkpt lat="38.162316" lon="-7.891819">
        <ele>163.38</ele>
      </trkpt>
      <trkpt lat="38.162375" lon="-7.891837">
        <ele>163.49</ele>
      </trkpt>
      <trkpt lat="38.16241" lon="-7.891868">
        <ele>163.67</ele>
      </trkpt>
      <trkpt lat="38.162439" lon="-7.891911">
        <ele>163.8</ele>
      </trkpt>
      <trkpt lat="38.162457" lon="-7.891962">
        <ele>163.79</ele>
      </trkpt>
      <trkpt lat="38.162463" lon="-7.892018">
        <ele>163.85</ele>
      </trkpt>
      <trkpt lat="38.162457" lon="-7.892073">
        <ele>163.96</ele>
      </trkpt>
      <trkpt lat="38.162478" lon="-7.89219">
        <ele>164</ele>
      </trkpt>
      <trkpt lat="38.162505" lon="-7.892262">
        <ele>164</ele>
      </trkpt>
      <trkpt lat="38.162789" lon="-7.892671">
        <ele>164</ele>
      </trkpt>
      <trkpt lat="38.163375" lon="-7.893494">
        <ele>166</ele>
      </trkpt>
      <trkpt lat="38.16389" lon="-7.894242">
        <ele>168</ele>
      </trkpt>
      <trkpt lat="38.163947" lon="-7.894306">
        <ele>168.25</ele>
      </trkpt>
      <trkpt lat="38.16472" lon="-7.895379">
        <ele>170.08</ele>
      </trkpt>
      <trkpt lat="38.164869" lon="-7.895579">
        <ele>171</ele>
      </trkpt>
      <trkpt lat="38.164929" lon="-7.895645">
        <ele>171</ele>
      </trkpt>
      <trkpt lat="38.164962" lon="-7.89568">
        <ele>171</ele>
      </trkpt>
      <trkpt lat="38.166203" lon="-7.896713">
        <ele>174</ele>
      </trkpt>
      <trkpt lat="38.166258" lon="-7.896726">
        <ele>174</ele>
      </trkpt>
      <trkpt lat="38.166325" lon="-7.896709">
        <ele>174</ele>
      </trkpt>
      <trkpt lat="38.166364" lon="-7.896599">
        <ele>174.03</ele>
      </trkpt>
      <trkpt lat="38.166514" lon="-7.896391">
        <ele>174.16</ele>
      </trkpt>
      <trkpt lat="38.166685" lon="-7.896154">
        <ele>174.32</ele>
      </trkpt>
      <trkpt lat="38.167119" lon="-7.895461">
        <ele>176.74</ele>
      </trkpt>
      <trkpt lat="38.167542" lon="-7.894909">
        <ele>179</ele>
      </trkpt>
      <trkpt lat="38.167644" lon="-7.894819">
        <ele>178.83</ele>
      </trkpt>
      <trkpt lat="38.168213" lon="-7.894499">
        <ele>176.97</ele>
      </trkpt>
      <trkpt lat="38.168546" lon="-7.894291">
        <ele>176.83</ele>
      </trkpt>
      <trkpt lat="38.169012" lon="-7.893981">
        <ele>177.99</ele>
      </trkpt>
      <trkpt lat="38.16918" lon="-7.893885">
        <ele>178</ele>
      </trkpt>
      <trkpt lat="38.169947" lon="-7.893831">
        <ele>177.32</ele>
      </trkpt>
      <trkpt lat="38.170031" lon="-7.893826">
        <ele>177</ele>
      </trkpt>
      <trkpt lat="38.17008" lon="-7.893788">
        <ele>177</ele>
      </trkpt>
      <trkpt lat="38.170086" lon="-7.893757">
        <ele>177</ele>
      </trkpt>
      <trkpt lat="38.170111" lon="-7.893701">
        <ele>177</ele>
      </trkpt>
      <trkpt lat="38.170098" lon="-7.893615">
        <ele>176.83</ele>
      </trkpt>
      <trkpt lat="38.170051" lon="-7.893492">
        <ele>176.12</ele>
      </trkpt>
      <trkpt lat="38.169981" lon="-7.893382">
        <ele>176.08</ele>
      </trkpt>
      <trkpt lat="38.169821" lon="-7.89313">
        <ele>176</ele>
      </trkpt>
      <trkpt lat="38.168739" lon="-7.891224">
        <ele>175</ele>
      </trkpt>
      <trkpt lat="38.168522" lon="-7.890876">
        <ele>174.99</ele>
      </trkpt>
      <trkpt lat="38.168217" lon="-7.89036">
        <ele>175</ele>
      </trkpt>
      <trkpt lat="38.168172" lon="-7.890223">
        <ele>175</ele>
      </trkpt>
      <trkpt lat="38.168057" lon="-7.89002">
        <ele>175</ele>
      </trkpt>
      <trkpt lat="38.168027" lon="-7.889999">
        <ele>175</ele>
      </trkpt>
      <trkpt lat="38.168003" lon="-7.889968">
        <ele>175</ele>
      </trkpt>
      <trkpt lat="38.167987" lon="-7.88993">
        <ele>175</ele>
      </trkpt>
      <trkpt lat="38.167979" lon="-7.889888">
        <ele>175</ele>
      </trkpt>
      <trkpt lat="38.167982" lon="-7.889843">
        <ele>174.91</ele>
      </trkpt>
      <trkpt lat="38.167994" lon="-7.889801">
        <ele>174.73</ele>
      </trkpt>
      <trkpt lat="38.168015" lon="-7.889766">
        <ele>174.66</ele>
      </trkpt>
      <trkpt lat="38.168084" lon="-7.889724">
        <ele>174.91</ele>
      </trkpt>
      <trkpt lat="38.168122" lon="-7.889725">
        <ele>174.87</ele>
      </trkpt>
      <trkpt lat="38.168159" lon="-7.889742">
        <ele>174.7</ele>
      </trkpt>
      <trkpt lat="38.168285" lon="-7.889746">
        <ele>174.58</ele>
      </trkpt>
      <trkpt lat="38.168909" lon="-7.889275">
        <ele>175</ele>
      </trkpt>
      <trkpt lat="38.171355" lon="-7.887217">
        <ele>180.01</ele>
      </trkpt>
      <trkpt lat="38.171987" lon="-7.886677">
        <ele>181</ele>
      </trkpt>
      <trkpt lat="38.172384" lon="-7.886315">
        <ele>179.93</ele>
      </trkpt>
      <trkpt lat="38.173692" lon="-7.885117">
        <ele>185.73</ele>
      </trkpt>
      <trkpt lat="38.174066" lon="-7.884816">
        <ele>186.37</ele>
      </trkpt>
      <trkpt lat="38.174449" lon="-7.884473">
        <ele>186</ele>
      </trkpt>
      <trkpt lat="38.175727" lon="-7.883087">
        <ele>184.93</ele>
      </trkpt>
      <trkpt lat="38.176777" lon="-7.881962">
        <ele>190.94</ele>
      </trkpt>
      <trkpt lat="38.17722" lon="-7.881494">
        <ele>191.64</ele>
      </trkpt>
      <trkpt lat="38.178222" lon="-7.879097">
        <ele>191</ele>
      </trkpt>
      <trkpt lat="38.178588" lon="-7.878193">
        <ele>190</ele>
      </trkpt>
      <trkpt lat="38.178695" lon="-7.877864">
        <ele>189.64</ele>
      </trkpt>
      <trkpt lat="38.178931" lon="-7.876948">
        <ele>189.9</ele>
      </trkpt>
      <trkpt lat="38.17912" lon="-7.876259">
        <ele>189.46</ele>
      </trkpt>
      <trkpt lat="38.179171" lon="-7.876095">
        <ele>189</ele>
      </trkpt>
      <trkpt lat="38.179229" lon="-7.875942">
        <ele>189</ele>
      </trkpt>
      <trkpt lat="38.179335" lon="-7.875737">
        <ele>189</ele>
      </trkpt>
      <trkpt lat="38.17949" lon="-7.875508">
        <ele>188.76</ele>
      </trkpt>
      <trkpt lat="38.18049" lon="-7.874126">
        <ele>186.52</ele>
      </trkpt>
      <trkpt lat="38.180883" lon="-7.87358">
        <ele>183.64</ele>
      </trkpt>
      <trkpt lat="38.181274" lon="-7.873064">
        <ele>180.48</ele>
      </trkpt>
      <trkpt lat="38.181779" lon="-7.872407">
        <ele>179.08</ele>
      </trkpt>
      <trkpt lat="38.182124" lon="-7.872002">
        <ele>179.41</ele>
      </trkpt>
      <trkpt lat="38.182241" lon="-7.8719">
        <ele>179.37</ele>
      </trkpt>
      <trkpt lat="38.182584" lon="-7.871601">
        <ele>179.26</ele>
      </trkpt>
      <trkpt lat="38.184073" lon="-7.870274">
        <ele>185.88</ele>
      </trkpt>
      <trkpt lat="38.184274" lon="-7.870083">
        <ele>186.99</ele>
      </trkpt>
      <trkpt lat="38.184489" lon="-7.869852">
        <ele>188.47</ele>
      </trkpt>
      <trkpt lat="38.185107" lon="-7.869136">
        <ele>191.39</ele>
      </trkpt>
      <trkpt lat="38.188352" lon="-7.865372">
        <ele>195</ele>
      </trkpt>
      <trkpt lat="38.189121" lon="-7.864479">
        <ele>193.7</ele>
      </trkpt>
      <trkpt lat="38.189705" lon="-7.863797">
        <ele>197.42</ele>
      </trkpt>
      <trkpt lat="38.1909" lon="-7.862386">
        <ele>201.07</ele>
      </trkpt>
      <trkpt lat="38.191696" lon="-7.861445">
        <ele>200.32</ele>
      </trkpt>
      <trkpt lat="38.193654" lon="-7.859167">
        <ele>192.55</ele>
      </trkpt>
      <trkpt lat="38.194045" lon="-7.858712">
        <ele>192.99</ele>
      </trkpt>
      <trkpt lat="38.194511" lon="-7.858098">
        <ele>192.09</ele>
      </trkpt>
      <trkpt lat="38.194861" lon="-7.857622">
        <ele>189.56</ele>
      </trkpt>
      <trkpt lat="38.195737" lon="-7.856431">
        <ele>188.27</ele>
      </trkpt>
      <trkpt lat="38.195955" lon="-7.856193">
        <ele>188.28</ele>
      </trkpt>
      <trkpt lat="38.196113" lon="-7.856069">
        <ele>188.64</ele>
      </trkpt>
      <trkpt lat="38.196295" lon="-7.855949">
        <ele>188.38</ele>
      </trkpt>
      <trkpt lat="38.196696" lon="-7.855638">
        <ele>188.53</ele>
      </trkpt>
      <trkpt lat="38.196789" lon="-7.85555">
        <ele>188.03</ele>
      </trkpt>
      <trkpt lat="38.197201" lon="-7.855104">
        <ele>188.23</ele>
      </trkpt>
      <trkpt lat="38.199582" lon="-7.852762">
        <ele>192.73</ele>
      </trkpt>
      <trkpt lat="38.199955" lon="-7.852415">
        <ele>193.75</ele>
      </trkpt>
      <trkpt lat="38.201185" lon="-7.85127">
        <ele>197.1</ele>
      </trkpt>
      <trkpt lat="38.201492" lon="-7.850924">
        <ele>197</ele>
      </trkpt>
      <trkpt lat="38.202078" lon="-7.850123">
        <ele>197</ele>
      </trkpt>
      <trkpt lat="38.202687" lon="-7.849342">
        <ele>197.65</ele>
      </trkpt>
      <trkpt lat="38.202873" lon="-7.849178">
        <ele>198.11</ele>
      </trkpt>
      <trkpt lat="38.204348" lon="-7.848251">
        <ele>202.92</ele>
      </trkpt>
      <trkpt lat="38.204516" lon="-7.848113">
        <ele>203.72</ele>
      </trkpt>
      <trkpt lat="38.205176" lon="-7.847331">
        <ele>206.75</ele>
      </trkpt>
      <trkpt lat="38.206796" lon="-7.845422">
        <ele>208</ele>
      </trkpt>
      <trkpt lat="38.207064" lon="-7.845137">
        <ele>208.02</ele>
      </trkpt>
      <trkpt lat="38.207571" lon="-7.844646">
        <ele>209</ele>
      </trkpt>
      <trkpt lat="38.207817" lon="-7.84444">
        <ele>209.27</ele>
      </trkpt>
      <trkpt lat="38.209696" lon="-7.842922">
        <ele>216</ele>
      </trkpt>
      <trkpt lat="38.210128" lon="-7.84253">
        <ele>217.16</ele>
      </trkpt>
      <trkpt lat="38.211604" lon="-7.841031">
        <ele>222</ele>
      </trkpt>
      <trkpt lat="38.211972" lon="-7.84063">
        <ele>223.64</ele>
      </trkpt>
      <trkpt lat="38.212104" lon="-7.840431">
        <ele>224.51</ele>
      </trkpt>
      <trkpt lat="38.21219" lon="-7.840275">
        <ele>225.1</ele>
      </trkpt>
      <trkpt lat="38.212607" lon="-7.839403">
        <ele>226.2</ele>
      </trkpt>
      <trkpt lat="38.212759" lon="-7.839061">
        <ele>227</ele>
      </trkpt>
      <trkpt lat="38.212842" lon="-7.838826">
        <ele>227</ele>
      </trkpt>
      <trkpt lat="38.213015" lon="-7.838246">
        <ele>228</ele>
      </trkpt>
      <trkpt lat="38.213335" lon="-7.837036">
        <ele>230</ele>
      </trkpt>
      <trkpt lat="38.213647" lon="-7.835901">
        <ele>232.98</ele>
      </trkpt>
      <trkpt lat="38.213741" lon="-7.835493">
        <ele>233.69</ele>
      </trkpt>
      <trkpt lat="38.213758" lon="-7.835306">
        <ele>234.41</ele>
      </trkpt>
      <trkpt lat="38.213792" lon="-7.833989">
        <ele>232</ele>
      </trkpt>
      <trkpt lat="38.213791" lon="-7.833558">
        <ele>231</ele>
      </trkpt>
      <trkpt lat="38.213774" lon="-7.833168">
        <ele>230.47</ele>
      </trkpt>
      <trkpt lat="38.213707" lon="-7.832272">
        <ele>228.93</ele>
      </trkpt>
      <trkpt lat="38.21369" lon="-7.831912">
        <ele>229.23</ele>
      </trkpt>
      <trkpt lat="38.213695" lon="-7.831557">
        <ele>229.01</ele>
      </trkpt>
      <trkpt lat="38.213769" lon="-7.829922">
        <ele>227.09</ele>
      </trkpt>
      <trkpt lat="38.213766" lon="-7.829497">
        <ele>227</ele>
      </trkpt>
      <trkpt lat="38.213743" lon="-7.829371">
        <ele>226.56</ele>
      </trkpt>
      <trkpt lat="38.213705" lon="-7.829242">
        <ele>226.36</ele>
      </trkpt>
      <trkpt lat="38.213597" lon="-7.828994">
        <ele>226</ele>
      </trkpt>
      <trkpt lat="38.211944" lon="-7.827203">
        <ele>223.7</ele>
      </trkpt>
      <trkpt lat="38.211679" lon="-7.826876">
        <ele>222.43</ele>
      </trkpt>
      <trkpt lat="38.211504" lon="-7.826645">
        <ele>221.46</ele>
      </trkpt>
      <trkpt lat="38.211351" lon="-7.826399">
        <ele>221</ele>
      </trkpt>
      <trkpt lat="38.211231" lon="-7.826177">
        <ele>219.75</ele>
      </trkpt>
      <trkpt lat="38.211107" lon="-7.825925">
        <ele>219.24</ele>
      </trkpt>
      <trkpt lat="38.210958" lon="-7.825587">
        <ele>217.33</ele>
      </trkpt>
      <trkpt lat="38.210857" lon="-7.825282">
        <ele>216.54</ele>
      </trkpt>
      <trkpt lat="38.2108" lon="-7.825081">
        <ele>215.37</ele>
      </trkpt>
      <trkpt lat="38.21076" lon="-7.824912">
        <ele>214.73</ele>
      </trkpt>
      <trkpt lat="38.210685" lon="-7.824518">
        <ele>214</ele>
      </trkpt>
      <trkpt lat="38.210607" lon="-7.823987">
        <ele>211.44</ele>
      </trkpt>
      <trkpt lat="38.210533" lon="-7.823379">
        <ele>209.51</ele>
      </trkpt>
      <trkpt lat="38.210411" lon="-7.822427">
        <ele>206.06</ele>
      </trkpt>
      <trkpt lat="38.21037" lon="-7.822105">
        <ele>207.99</ele>
      </trkpt>
      <trkpt lat="38.210328" lon="-7.821783">
        <ele>207.47</ele>
      </trkpt>
      <trkpt lat="38.210008" lon="-7.819326">
        <ele>200</ele>
      </trkpt>
      <trkpt lat="38.209964" lon="-7.818981">
        <ele>200.61</ele>
      </trkpt>
      <trkpt lat="38.209443" lon="-7.815017">
        <ele>192.85</ele>
      </trkpt>
      <trkpt lat="38.209274" lon="-7.813697">
        <ele>188.18</ele>
      </trkpt>
      <trkpt lat="38.209234" lon="-7.813463">
        <ele>187.55</ele>
      </trkpt>
      <trkpt lat="38.20921" lon="-7.813362">
        <ele>187.13</ele>
      </trkpt>
      <trkpt lat="38.208991" lon="-7.812693">
        <ele>186.82</ele>
      </trkpt>
      <trkpt lat="38.208957" lon="-7.812532">
        <ele>186.87</ele>
      </trkpt>
      <trkpt lat="38.20895" lon="-7.812428">
        <ele>186.82</ele>
      </trkpt>
      <trkpt lat="38.208955" lon="-7.812299">
        <ele>186.79</ele>
      </trkpt>
      <trkpt lat="38.208991" lon="-7.812112">
        <ele>184.07</ele>
      </trkpt>
      <trkpt lat="38.209078" lon="-7.811864">
        <ele>186.24</ele>
      </trkpt>
      <trkpt lat="38.20915" lon="-7.811643">
        <ele>186.19</ele>
      </trkpt>
      <trkpt lat="38.209198" lon="-7.811464">
        <ele>186.79</ele>
      </trkpt>
      <trkpt lat="38.209229" lon="-7.811251">
        <ele>186.52</ele>
      </trkpt>
      <trkpt lat="38.209227" lon="-7.811099">
        <ele>186.55</ele>
      </trkpt>
      <trkpt lat="38.209159" lon="-7.810558">
        <ele>186.65</ele>
      </trkpt>
      <trkpt lat="38.20891" lon="-7.808716">
        <ele>191.68</ele>
      </trkpt>
      <trkpt lat="38.208897" lon="-7.808547">
        <ele>192.54</ele>
      </trkpt>
      <trkpt lat="38.2089" lon="-7.808203">
        <ele>192.95</ele>
      </trkpt>
      <trkpt lat="38.208918" lon="-7.808023">
        <ele>193.76</ele>
      </trkpt>
      <trkpt lat="38.20909817859727" lon="-7.806807296825115">
        <ele>195.93018215284675</ele>
      </trkpt>
      <trkpt lat="38.209099" lon="-7.806807">
        <ele>195.88</ele>
      </trkpt>
      <trkpt lat="38.209187" lon="-7.806208">
        <ele>197</ele>
      </trkpt>
      <trkpt lat="38.209304" lon="-7.805973">
        <ele>197.94</ele>
      </trkpt>
      <trkpt lat="38.209342" lon="-7.805938">
        <ele>198</ele>
      </trkpt>
      <trkpt lat="38.209351" lon="-7.805915">
        <ele>198.11</ele>
      </trkpt>
      <trkpt lat="38.209363" lon="-7.805885">
        <ele>198.24</ele>
      </trkpt>
      <trkpt lat="38.209726" lon="-7.805347">
        <ele>201.36</ele>
      </trkpt>
      <trkpt lat="38.209727652195625" lon="-7.805349001630604">
        <ele>200.8710344274067</ele>
      </trkpt>
      <trkpt lat="38.209918" lon="-7.805064">
        <ele>202.01</ele>
      </trkpt>
      <trkpt lat="38.210573" lon="-7.804018">
        <ele>204.26</ele>
      </trkpt>
      <trkpt lat="38.210944" lon="-7.803127">
        <ele>208.24</ele>
      </trkpt>
      <trkpt lat="38.211024" lon="-7.802936">
        <ele>209.2</ele>
      </trkpt>
      <trkpt lat="38.211854" lon="-7.801461">
        <ele>216.03</ele>
      </trkpt>
      <trkpt lat="38.212048" lon="-7.801153">
        <ele>216.35</ele>
      </trkpt>
      <trkpt lat="38.212089" lon="-7.801105">
        <ele>216.36</ele>
      </trkpt>
      <trkpt lat="38.212181" lon="-7.801036">
        <ele>216.18</ele>
      </trkpt>
      <trkpt lat="38.212398" lon="-7.800949">
        <ele>216.06</ele>
      </trkpt>
      <trkpt lat="38.213212" lon="-7.80076">
        <ele>214.67</ele>
      </trkpt>
      <trkpt lat="38.214365" lon="-7.800492">
        <ele>218.24</ele>
      </trkpt>
      <trkpt lat="38.21466" lon="-7.800413">
        <ele>219.51</ele>
      </trkpt>
      <trkpt lat="38.214802" lon="-7.80036">
        <ele>220.19</ele>
      </trkpt>
      <trkpt lat="38.215019" lon="-7.800231">
        <ele>220.07</ele>
      </trkpt>
      <trkpt lat="38.21539" lon="-7.799971">
        <ele>218.48</ele>
      </trkpt>
      <trkpt lat="38.215497" lon="-7.799916">
        <ele>217.44</ele>
      </trkpt>
      <trkpt lat="38.21559" lon="-7.799892">
        <ele>216.98</ele>
      </trkpt>
      <trkpt lat="38.21569" lon="-7.799885">
        <ele>216.83</ele>
      </trkpt>
      <trkpt lat="38.215822" lon="-7.799889">
        <ele>215.97</ele>
      </trkpt>
      <trkpt lat="38.216613" lon="-7.799954">
        <ele>211.84</ele>
      </trkpt>
      <trkpt lat="38.217207" lon="-7.799984">
        <ele>211.55</ele>
      </trkpt>
      <trkpt lat="38.217349" lon="-7.79998">
        <ele>211.43</ele>
      </trkpt>
      <trkpt lat="38.217515" lon="-7.799944">
        <ele>211.13</ele>
      </trkpt>
      <trkpt lat="38.218937" lon="-7.799344">
        <ele>211.32</ele>
      </trkpt>
      <trkpt lat="38.219094" lon="-7.799394">
        <ele>211.98</ele>
      </trkpt>
      <trkpt lat="38.219194" lon="-7.799395">
        <ele>211.97</ele>
      </trkpt>
      <trkpt lat="38.219289" lon="-7.799385">
        <ele>212.03</ele>
      </trkpt>
      <trkpt lat="38.221983" lon="-7.79895">
        <ele>216.56</ele>
      </trkpt>
      <trkpt lat="38.22312" lon="-7.798975">
        <ele>216.74</ele>
      </trkpt>
      <trkpt lat="38.22476" lon="-7.79901">
        <ele>219.05</ele>
      </trkpt>
      <trkpt lat="38.22476" lon="-7.79901">
        <ele>219.05</ele>
      </trkpt>
      <trkpt lat="38.228624" lon="-7.799082">
        <ele>226.79</ele>
      </trkpt>
      <trkpt lat="38.229494" lon="-7.799153">
        <ele>228.51</ele>
      </trkpt>
      <trkpt lat="38.230966" lon="-7.799176">
        <ele>232</ele>
      </trkpt>
      <trkpt lat="38.231407" lon="-7.799113">
        <ele>231.86</ele>
      </trkpt>
      <trkpt lat="38.232867" lon="-7.799066">
        <ele>230.91</ele>
      </trkpt>
      <trkpt lat="38.233726" lon="-7.799042">
        <ele>233</ele>
      </trkpt>
      <trkpt lat="38.233898" lon="-7.79903">
        <ele>233.73</ele>
      </trkpt>
      <trkpt lat="38.234041" lon="-7.799003">
        <ele>233.75</ele>
      </trkpt>
      <trkpt lat="38.234886" lon="-7.798797">
        <ele>236.6</ele>
      </trkpt>
      <trkpt lat="38.236085" lon="-7.798291">
        <ele>241.6</ele>
      </trkpt>
      <trkpt lat="38.236638" lon="-7.797998">
        <ele>243.24</ele>
      </trkpt>
      <trkpt lat="38.237538" lon="-7.797437">
        <ele>247.19</ele>
      </trkpt>
      <trkpt lat="38.23811" lon="-7.797025">
        <ele>248.99</ele>
      </trkpt>
      <trkpt lat="38.239178" lon="-7.796219">
        <ele>251.49</ele>
      </trkpt>
      <trkpt lat="38.240203" lon="-7.795365">
        <ele>255.4</ele>
      </trkpt>
      <trkpt lat="38.24088" lon="-7.794779">
        <ele>259.16</ele>
      </trkpt>
      <trkpt lat="38.241557" lon="-7.794194">
        <ele>260.52</ele>
      </trkpt>
      <trkpt lat="38.243191" lon="-7.793024">
        <ele>267.86</ele>
      </trkpt>
      <trkpt lat="38.245501" lon="-7.791394">
        <ele>281.28</ele>
      </trkpt>
      <trkpt lat="38.246209" lon="-7.790912">
        <ele>286.23</ele>
      </trkpt>
      <trkpt lat="38.24729" lon="-7.790295">
        <ele>291.59</ele>
      </trkpt>
      <trkpt lat="38.248048" lon="-7.789844">
        <ele>293.22</ele>
      </trkpt>
      <trkpt lat="38.248275" lon="-7.789675">
        <ele>293.71</ele>
      </trkpt>
      <trkpt lat="38.248489" lon="-7.789488">
        <ele>294.43</ele>
      </trkpt>
      <trkpt lat="38.248986" lon="-7.788951">
        <ele>295.45</ele>
      </trkpt>
      <trkpt lat="38.249992" lon="-7.787788">
        <ele>298.97</ele>
      </trkpt>
      <trkpt lat="38.250522" lon="-7.787188">
        <ele>301.99</ele>
      </trkpt>
      <trkpt lat="38.25183" lon="-7.785783">
        <ele>312.73</ele>
      </trkpt>
      <trkpt lat="38.252021" lon="-7.785575">
        <ele>312.93</ele>
      </trkpt>
      <trkpt lat="38.252151" lon="-7.785453">
        <ele>314.56</ele>
      </trkpt>
      <trkpt lat="38.25229" lon="-7.785358">
        <ele>314.72</ele>
      </trkpt>
      <trkpt lat="38.252843" lon="-7.785044">
        <ele>312.04</ele>
      </trkpt>
      <trkpt lat="38.25329" lon="-7.784764">
        <ele>308.99</ele>
      </trkpt>
      <trkpt lat="38.253432" lon="-7.784628">
        <ele>308.25</ele>
      </trkpt>
      <trkpt lat="38.253826" lon="-7.784168">
        <ele>304.84</ele>
      </trkpt>
      <trkpt lat="38.253998" lon="-7.783983">
        <ele>302.82</ele>
      </trkpt>
      <trkpt lat="38.254237" lon="-7.783753">
        <ele>301.09</ele>
      </trkpt>
      <trkpt lat="38.254404" lon="-7.783614">
        <ele>300.28</ele>
      </trkpt>
      <trkpt lat="38.254574" lon="-7.783454">
        <ele>300</ele>
      </trkpt>
      <trkpt lat="38.254809" lon="-7.783202">
        <ele>298.93</ele>
      </trkpt>
      <trkpt lat="38.25519" lon="-7.78273">
        <ele>297.08</ele>
      </trkpt>
      <trkpt lat="38.255449" lon="-7.782381">
        <ele>296.11</ele>
      </trkpt>
      <trkpt lat="38.257044" lon="-7.780426">
        <ele>287.96</ele>
      </trkpt>
      <trkpt lat="38.257438" lon="-7.779928">
        <ele>285.08</ele>
      </trkpt>
      <trkpt lat="38.259805" lon="-7.776936">
        <ele>277.22</ele>
      </trkpt>
      <trkpt lat="38.260935" lon="-7.775526">
        <ele>272.83</ele>
      </trkpt>
      <trkpt lat="38.262442" lon="-7.773645">
        <ele>269.92</ele>
      </trkpt>
      <trkpt lat="38.264172" lon="-7.771497">
        <ele>272.22</ele>
      </trkpt>
      <trkpt lat="38.264568" lon="-7.771105">
        <ele>273.39</ele>
      </trkpt>
      <trkpt lat="38.264994" lon="-7.770714">
        <ele>276.44</ele>
      </trkpt>
      <trkpt lat="38.265183" lon="-7.770467">
        <ele>277.4</ele>
      </trkpt>
      <trkpt lat="38.265512" lon="-7.769914">
        <ele>274.57</ele>
      </trkpt>
      <trkpt lat="38.266072" lon="-7.768927">
        <ele>271</ele>
      </trkpt>
      <trkpt lat="38.268094" lon="-7.765818">
        <ele>264.24</ele>
      </trkpt>
      <trkpt lat="38.26971" lon="-7.763325">
        <ele>262.7</ele>
      </trkpt>
      <trkpt lat="38.27032" lon="-7.762384">
        <ele>260.12</ele>
      </trkpt>
      <trkpt lat="38.271582" lon="-7.760417">
        <ele>252.2</ele>
      </trkpt>
      <trkpt lat="38.271692" lon="-7.760221">
        <ele>251.38</ele>
      </trkpt>
      <trkpt lat="38.271825" lon="-7.759915">
        <ele>251.52</ele>
      </trkpt>
      <trkpt lat="38.272086" lon="-7.759261">
        <ele>253.77</ele>
      </trkpt>
      <trkpt lat="38.273077" lon="-7.756879">
        <ele>262.29</ele>
      </trkpt>
      <trkpt lat="38.273819" lon="-7.755092">
        <ele>263.17</ele>
      </trkpt>
      <trkpt lat="38.274067" lon="-7.754497">
        <ele>264.81</ele>
      </trkpt>
      <trkpt lat="38.27481" lon="-7.752711">
        <ele>274.26</ele>
      </trkpt>
      <trkpt lat="38.275057" lon="-7.752115">
        <ele>282.8</ele>
      </trkpt>
      <trkpt lat="38.275084" lon="-7.75198">
        <ele>284.43</ele>
      </trkpt>
      <trkpt lat="38.275068" lon="-7.751923">
        <ele>284.45</ele>
      </trkpt>
      <trkpt lat="38.275032" lon="-7.751885">
        <ele>283.42</ele>
      </trkpt>
      <trkpt lat="38.274769" lon="-7.751699">
        <ele>278.79</ele>
      </trkpt>
      <trkpt lat="38.274711" lon="-7.751634">
        <ele>280.95</ele>
      </trkpt>
      <trkpt lat="38.274642" lon="-7.751453">
        <ele>281.84</ele>
      </trkpt>
      <trkpt lat="38.274599" lon="-7.751217">
        <ele>282.15</ele>
      </trkpt>
      <trkpt lat="38.274597" lon="-7.751087">
        <ele>282.13</ele>
      </trkpt>
      <trkpt lat="38.274615" lon="-7.750926">
        <ele>281.71</ele>
      </trkpt>
      <trkpt lat="38.274693" lon="-7.750678">
        <ele>281.45</ele>
      </trkpt>
      <trkpt lat="38.274853" lon="-7.750285">
        <ele>279.54</ele>
      </trkpt>
      <trkpt lat="38.275047" lon="-7.749943">
        <ele>277.49</ele>
      </trkpt>
      <trkpt lat="38.276007" lon="-7.748773">
        <ele>268.53</ele>
      </trkpt>
      <trkpt lat="38.276161" lon="-7.748635">
        <ele>270.69</ele>
      </trkpt>
      <trkpt lat="38.276329" lon="-7.748535">
        <ele>272.28</ele>
      </trkpt>
      <trkpt lat="38.276938" lon="-7.748296">
        <ele>275.47</ele>
      </trkpt>
      <trkpt lat="38.277889" lon="-7.747953">
        <ele>281.03</ele>
      </trkpt>
      <trkpt lat="38.278226" lon="-7.747805">
        <ele>278.91</ele>
      </trkpt>
      <trkpt lat="38.278563" lon="-7.747615">
        <ele>277.01</ele>
      </trkpt>
      <trkpt lat="38.278826" lon="-7.747413">
        <ele>276.55</ele>
      </trkpt>
      <trkpt lat="38.279029" lon="-7.747215">
        <ele>275.67</ele>
      </trkpt>
      <trkpt lat="38.280362" lon="-7.745703">
        <ele>271.26</ele>
      </trkpt>
      <trkpt lat="38.280948" lon="-7.745038">
        <ele>274.17</ele>
      </trkpt>
      <trkpt lat="38.282129" lon="-7.74369">
        <ele>283.56</ele>
      </trkpt>
      <trkpt lat="38.282326" lon="-7.743465">
        <ele>283.73</ele>
      </trkpt>
      <trkpt lat="38.282844" lon="-7.742666">
        <ele>285.96</ele>
      </trkpt>
      <trkpt lat="38.284" lon="-7.740957">
        <ele>286.96</ele>
      </trkpt>
      <trkpt lat="38.285532" lon="-7.738779">
        <ele>278</ele>
      </trkpt>
      <trkpt lat="38.287184" lon="-7.736669">
        <ele>269.34</ele>
      </trkpt>
      <trkpt lat="38.288051" lon="-7.73556">
        <ele>268.78</ele>
      </trkpt>
      <trkpt lat="38.288849" lon="-7.734508">
        <ele>271.46</ele>
      </trkpt>
      <trkpt lat="38.289313" lon="-7.733871">
        <ele>274.13</ele>
      </trkpt>
      <trkpt lat="38.28972" lon="-7.733283">
        <ele>278.05</ele>
      </trkpt>
      <trkpt lat="38.290221" lon="-7.73259">
        <ele>283.42</ele>
      </trkpt>
      <trkpt lat="38.290554" lon="-7.732128">
        <ele>284</ele>
      </trkpt>
      <trkpt lat="38.292191" lon="-7.729802">
        <ele>296.59</ele>
      </trkpt>
      <trkpt lat="38.292551" lon="-7.729295">
        <ele>298.12</ele>
      </trkpt>
      <trkpt lat="38.293401" lon="-7.728105">
        <ele>305.44</ele>
      </trkpt>
      <trkpt lat="38.29406" lon="-7.727212">
        <ele>310.54</ele>
      </trkpt>
      <trkpt lat="38.294966" lon="-7.725891">
        <ele>311.63</ele>
      </trkpt>
      <trkpt lat="38.295872" lon="-7.72457">
        <ele>304.99</ele>
      </trkpt>
      <trkpt lat="38.297115" lon="-7.722729">
        <ele>302</ele>
      </trkpt>
      <trkpt lat="38.297715" lon="-7.721772">
        <ele>299.17</ele>
      </trkpt>
      <trkpt lat="38.298374" lon="-7.720912">
        <ele>304.71</ele>
      </trkpt>
      <trkpt lat="38.298706" lon="-7.720442">
        <ele>308.01</ele>
      </trkpt>
      <trkpt lat="38.299389" lon="-7.719384">
        <ele>313.73</ele>
      </trkpt>
      <trkpt lat="38.300396" lon="-7.717823">
        <ele>314.58</ele>
      </trkpt>
      <trkpt lat="38.300888" lon="-7.717058">
        <ele>312.84</ele>
      </trkpt>
      <trkpt lat="38.301708" lon="-7.715782">
        <ele>306.91</ele>
      </trkpt>
      <trkpt lat="38.303127" lon="-7.713524">
        <ele>299.88</ele>
      </trkpt>
      <trkpt lat="38.303807" lon="-7.712377">
        <ele>298</ele>
      </trkpt>
      <trkpt lat="38.304386" lon="-7.711553">
        <ele>298.66</ele>
      </trkpt>
      <trkpt lat="38.304422" lon="-7.711458">
        <ele>298.78</ele>
      </trkpt>
      <trkpt lat="38.304448" lon="-7.711336">
        <ele>298.29</ele>
      </trkpt>
      <trkpt lat="38.304454" lon="-7.711202">
        <ele>298.3</ele>
      </trkpt>
      <trkpt lat="38.30443" lon="-7.711018">
        <ele>298.82</ele>
      </trkpt>
      <trkpt lat="38.304357" lon="-7.710711">
        <ele>298.82</ele>
      </trkpt>
      <trkpt lat="38.304338" lon="-7.710569">
        <ele>298.77</ele>
      </trkpt>
      <trkpt lat="38.304346" lon="-7.710426">
        <ele>298.5</ele>
      </trkpt>
      <trkpt lat="38.304378" lon="-7.710265">
        <ele>298.74</ele>
      </trkpt>
      <trkpt lat="38.304435" lon="-7.710108">
        <ele>299</ele>
      </trkpt>
      <trkpt lat="38.304487" lon="-7.710024">
        <ele>299</ele>
      </trkpt>
      <trkpt lat="38.304525" lon="-7.710011">
        <ele>299</ele>
      </trkpt>
      <trkpt lat="38.304561" lon="-7.710009">
        <ele>299.09</ele>
      </trkpt>
      <trkpt lat="38.304564" lon="-7.709971">
        <ele>299.11</ele>
      </trkpt>
      <trkpt lat="38.304464" lon="-7.709841">
        <ele>299</ele>
      </trkpt>
      <trkpt lat="38.304142" lon="-7.709487">
        <ele>298</ele>
      </trkpt>
      <trkpt lat="38.30357" lon="-7.708937">
        <ele>296</ele>
      </trkpt>
      <trkpt lat="38.302801" lon="-7.70823">
        <ele>293.99</ele>
      </trkpt>
      <trkpt lat="38.302512" lon="-7.707998">
        <ele>292.94</ele>
      </trkpt>
      <trkpt lat="38.302159" lon="-7.707756">
        <ele>291.83</ele>
      </trkpt>
      <trkpt lat="38.301285" lon="-7.707203">
        <ele>290</ele>
      </trkpt>
      <trkpt lat="38.301003" lon="-7.707003">
        <ele>289.9</ele>
      </trkpt>
      <trkpt lat="38.300901" lon="-7.706913">
        <ele>289.99</ele>
      </trkpt>
      <trkpt lat="38.300786" lon="-7.706796">
        <ele>289.61</ele>
      </trkpt>
      <trkpt lat="38.300659" lon="-7.706647">
        <ele>289.65</ele>
      </trkpt>
      <trkpt lat="38.300559" lon="-7.706512">
        <ele>289.56</ele>
      </trkpt>
      <trkpt lat="38.300449" lon="-7.706345">
        <ele>289.02</ele>
      </trkpt>
      <trkpt lat="38.300308" lon="-7.706156">
        <ele>289</ele>
      </trkpt>
      <trkpt lat="38.30017" lon="-7.706003">
        <ele>289</ele>
      </trkpt>
      <trkpt lat="38.300138" lon="-7.706002">
        <ele>289</ele>
      </trkpt>
      <trkpt lat="38.300065" lon="-7.705964">
        <ele>289.14</ele>
      </trkpt>
      <trkpt lat="38.300019" lon="-7.705908">
        <ele>289.22</ele>
      </trkpt>
      <trkpt lat="38.299976" lon="-7.705805">
        <ele>289.11</ele>
      </trkpt>
      <trkpt lat="38.299972" lon="-7.705707">
        <ele>289.03</ele>
      </trkpt>
      <trkpt lat="38.299996" lon="-7.705613">
        <ele>288.94</ele>
      </trkpt>
      <trkpt lat="38.300028" lon="-7.705565">
        <ele>288.74</ele>
      </trkpt>
      <trkpt lat="38.300031" lon="-7.705403">
        <ele>288.47</ele>
      </trkpt>
      <trkpt lat="38.300021" lon="-7.705033">
        <ele>288.22</ele>
      </trkpt>
      <trkpt lat="38.300002" lon="-7.704748">
        <ele>287.69</ele>
      </trkpt>
      <trkpt lat="38.299995" lon="-7.704488">
        <ele>287.74</ele>
      </trkpt>
      <trkpt lat="38.300008" lon="-7.704246">
        <ele>286.76</ele>
      </trkpt>
      <trkpt lat="38.300027" lon="-7.704034">
        <ele>287</ele>
      </trkpt>
      <trkpt lat="38.300067" lon="-7.703751">
        <ele>286.41</ele>
      </trkpt>
      <trkpt lat="38.300262" lon="-7.702596">
        <ele>284.23</ele>
      </trkpt>
      <trkpt lat="38.300375" lon="-7.70182">
        <ele>282.53</ele>
      </trkpt>
      <trkpt lat="38.300398" lon="-7.70154">
        <ele>281.75</ele>
      </trkpt>
      <trkpt lat="38.300394" lon="-7.701124">
        <ele>281.15</ele>
      </trkpt>
      <trkpt lat="38.300369" lon="-7.700895">
        <ele>280.37</ele>
      </trkpt>
      <trkpt lat="38.300333" lon="-7.700673">
        <ele>280.26</ele>
      </trkpt>
      <trkpt lat="38.300253" lon="-7.700324">
        <ele>279.01</ele>
      </trkpt>
      <trkpt lat="38.300157" lon="-7.700024">
        <ele>278.1</ele>
      </trkpt>
      <trkpt lat="38.300062" lon="-7.699772">
        <ele>277.25</ele>
      </trkpt>
      <trkpt lat="38.299762" lon="-7.699051">
        <ele>274.6</ele>
      </trkpt>
      <trkpt lat="38.299598" lon="-7.698625">
        <ele>273.63</ele>
      </trkpt>
      <trkpt lat="38.299495" lon="-7.698347">
        <ele>272.76</ele>
      </trkpt>
      <trkpt lat="38.299383" lon="-7.698013">
        <ele>272.11</ele>
      </trkpt>
      <trkpt lat="38.299229" lon="-7.697792">
        <ele>271.34</ele>
      </trkpt>
      <trkpt lat="38.299149" lon="-7.697772">
        <ele>270.61</ele>
      </trkpt>
      <trkpt lat="38.299113" lon="-7.697747">
        <ele>270.64</ele>
      </trkpt>
      <trkpt lat="38.299069" lon="-7.697694">
        <ele>270.4</ele>
      </trkpt>
      <trkpt lat="38.29904" lon="-7.697626">
        <ele>270.18</ele>
      </trkpt>
      <trkpt lat="38.299028" lon="-7.697558">
        <ele>270.1</ele>
      </trkpt>
      <trkpt lat="38.299032" lon="-7.697489">
        <ele>270.13</ele>
      </trkpt>
      <trkpt lat="38.29905" lon="-7.697424">
        <ele>270.26</ele>
      </trkpt>
      <trkpt lat="38.299081" lon="-7.697368">
        <ele>270.41</ele>
      </trkpt>
      <trkpt lat="38.299075" lon="-7.697184">
        <ele>269.87</ele>
      </trkpt>
      <trkpt lat="38.299042" lon="-7.697011">
        <ele>269.2</ele>
      </trkpt>
      <trkpt lat="38.298773" lon="-7.696207">
        <ele>267.33</ele>
      </trkpt>
      <trkpt lat="38.298277" lon="-7.694755">
        <ele>268</ele>
      </trkpt>
      <trkpt lat="38.297846" lon="-7.693493">
        <ele>270.51</ele>
      </trkpt>
      <trkpt lat="38.297304" lon="-7.691898">
        <ele>279.01</ele>
      </trkpt>
      <trkpt lat="38.297073" lon="-7.691184">
        <ele>282.51</ele>
      </trkpt>
      <trkpt lat="38.296883" lon="-7.690516">
        <ele>283.05</ele>
      </trkpt>
      <trkpt lat="38.296791" lon="-7.690159">
        <ele>284.09</ele>
      </trkpt>
      <trkpt lat="38.296699" lon="-7.689801">
        <ele>283</ele>
      </trkpt>
      <trkpt lat="38.296409" lon="-7.688572">
        <ele>282.69</ele>
      </trkpt>
      <trkpt lat="38.296191" lon="-7.68765">
        <ele>280.03</ele>
      </trkpt>
      <trkpt lat="38.29501" lon="-7.682515">
        <ele>266.65</ele>
      </trkpt>
      <trkpt lat="38.294627" lon="-7.680851">
        <ele>267.41</ele>
      </trkpt>
      <trkpt lat="38.294125" lon="-7.678665">
        <ele>272.92</ele>
      </trkpt>
      <trkpt lat="38.294031" lon="-7.67817">
        <ele>273.21</ele>
      </trkpt>
      <trkpt lat="38.293971" lon="-7.677789">
        <ele>274.63</ele>
      </trkpt>
      <trkpt lat="38.293932" lon="-7.677432">
        <ele>274.7</ele>
      </trkpt>
      <trkpt lat="38.293891" lon="-7.676873">
        <ele>274.48</ele>
      </trkpt>
      <trkpt lat="38.293874" lon="-7.67641">
        <ele>274.92</ele>
      </trkpt>
      <trkpt lat="38.29381" lon="-7.674024">
        <ele>272.56</ele>
      </trkpt>
      <trkpt lat="38.293799" lon="-7.673831">
        <ele>272.64</ele>
      </trkpt>
      <trkpt lat="38.293775" lon="-7.67361">
        <ele>272.63</ele>
      </trkpt>
      <trkpt lat="38.293703" lon="-7.673188">
        <ele>271.91</ele>
      </trkpt>
      <trkpt lat="38.293655" lon="-7.672992">
        <ele>272</ele>
      </trkpt>
      <trkpt lat="38.29358" lon="-7.672744">
        <ele>271.82</ele>
      </trkpt>
      <trkpt lat="38.293484" lon="-7.672474">
        <ele>272</ele>
      </trkpt>
      <trkpt lat="38.293322" lon="-7.672131">
        <ele>271.81</ele>
      </trkpt>
      <trkpt lat="38.292538" lon="-7.670665">
        <ele>271.03</ele>
      </trkpt>
      <trkpt lat="38.292371" lon="-7.670338">
        <ele>271.1</ele>
      </trkpt>
      <trkpt lat="38.292175" lon="-7.669892">
        <ele>271</ele>
      </trkpt>
      <trkpt lat="38.292062" lon="-7.669586">
        <ele>269.82</ele>
      </trkpt>
      <trkpt lat="38.291951" lon="-7.669261">
        <ele>269.75</ele>
      </trkpt>
      <trkpt lat="38.291867" lon="-7.668954">
        <ele>269.54</ele>
      </trkpt>
      <trkpt lat="38.291756" lon="-7.668479">
        <ele>269.77</ele>
      </trkpt>
      <trkpt lat="38.291278" lon="-7.666166">
        <ele>269.53</ele>
      </trkpt>
      <trkpt lat="38.290881" lon="-7.664245">
        <ele>263.45</ele>
      </trkpt>
      <trkpt lat="38.290572" lon="-7.662934">
        <ele>259.83</ele>
      </trkpt>
      <trkpt lat="38.290112" lon="-7.661165">
        <ele>255.17</ele>
      </trkpt>
      <trkpt lat="38.290039" lon="-7.660831">
        <ele>253.4</ele>
      </trkpt>
      <trkpt lat="38.289972" lon="-7.660434">
        <ele>253.07</ele>
      </trkpt>
      <trkpt lat="38.289926" lon="-7.660067">
        <ele>251</ele>
      </trkpt>
      <trkpt lat="38.289901" lon="-7.659766">
        <ele>251</ele>
      </trkpt>
      <trkpt lat="38.289881" lon="-7.659201">
        <ele>250.34</ele>
      </trkpt>
      <trkpt lat="38.28989" lon="-7.657687">
        <ele>246</ele>
      </trkpt>
      <trkpt lat="38.289883" lon="-7.657066">
        <ele>244.65</ele>
      </trkpt>
      <trkpt lat="38.289866" lon="-7.656612">
        <ele>244.52</ele>
      </trkpt>
      <trkpt lat="38.289826" lon="-7.656109">
        <ele>244.89</ele>
      </trkpt>
      <trkpt lat="38.289801" lon="-7.655872">
        <ele>244</ele>
      </trkpt>
      <trkpt lat="38.289554" lon="-7.65408">
        <ele>248</ele>
      </trkpt>
      <trkpt lat="38.289488" lon="-7.653503">
        <ele>249</ele>
      </trkpt>
      <trkpt lat="38.289465" lon="-7.653229">
        <ele>249.4</ele>
      </trkpt>
      <trkpt lat="38.289438" lon="-7.652669">
        <ele>250.17</ele>
      </trkpt>
      <trkpt lat="38.289436" lon="-7.65233">
        <ele>250.11</ele>
      </trkpt>
      <trkpt lat="38.289446" lon="-7.651889">
        <ele>249.79</ele>
      </trkpt>
      <trkpt lat="38.289475" lon="-7.651202">
        <ele>249.09</ele>
      </trkpt>
      <trkpt lat="38.289479" lon="-7.650787">
        <ele>248.36</ele>
      </trkpt>
      <trkpt lat="38.289458" lon="-7.65048">
        <ele>248</ele>
      </trkpt>
      <trkpt lat="38.289435" lon="-7.650296">
        <ele>248.03</ele>
      </trkpt>
      <trkpt lat="38.289411" lon="-7.650142">
        <ele>247.96</ele>
      </trkpt>
      <trkpt lat="38.289347" lon="-7.649851">
        <ele>247.84</ele>
      </trkpt>
      <trkpt lat="38.289272" lon="-7.649597">
        <ele>247.27</ele>
      </trkpt>
      <trkpt lat="38.289195" lon="-7.649391">
        <ele>246.72</ele>
      </trkpt>
      <trkpt lat="38.289025" lon="-7.64901">
        <ele>246.69</ele>
      </trkpt>
      <trkpt lat="38.288062" lon="-7.647108">
        <ele>244.68</ele>
      </trkpt>
      <trkpt lat="38.287736" lon="-7.646441">
        <ele>244</ele>
      </trkpt>
      <trkpt lat="38.287332" lon="-7.645644">
        <ele>244.34</ele>
      </trkpt>
      <trkpt lat="38.287113" lon="-7.645265">
        <ele>243.84</ele>
      </trkpt>
      <trkpt lat="38.286916" lon="-7.644977">
        <ele>243</ele>
      </trkpt>
      <trkpt lat="38.286603" lon="-7.6446">
        <ele>241.31</ele>
      </trkpt>
      <trkpt lat="38.286476" lon="-7.644456">
        <ele>241.09</ele>
      </trkpt>
      <trkpt lat="38.286233" lon="-7.644218">
        <ele>242.18</ele>
      </trkpt>
      <trkpt lat="38.285892" lon="-7.643914">
        <ele>241.55</ele>
      </trkpt>
      <trkpt lat="38.285687" lon="-7.643724">
        <ele>238.86</ele>
      </trkpt>
      <trkpt lat="38.285519" lon="-7.643556">
        <ele>237.85</ele>
      </trkpt>
      <trkpt lat="38.285435" lon="-7.643459">
        <ele>236.94</ele>
      </trkpt>
      <trkpt lat="38.28533" lon="-7.643317">
        <ele>236.7</ele>
      </trkpt>
      <trkpt lat="38.285198" lon="-7.643104">
        <ele>237.55</ele>
      </trkpt>
      <trkpt lat="38.285099" lon="-7.642907">
        <ele>238.42</ele>
      </trkpt>
      <trkpt lat="38.284965" lon="-7.642596">
        <ele>235.95</ele>
      </trkpt>
      <trkpt lat="38.284923" lon="-7.642475">
        <ele>235.49</ele>
      </trkpt>
      <trkpt lat="38.284871" lon="-7.642284">
        <ele>234.03</ele>
      </trkpt>
      <trkpt lat="38.284832" lon="-7.642102">
        <ele>233</ele>
      </trkpt>
      <trkpt lat="38.284796" lon="-7.641877">
        <ele>231.68</ele>
      </trkpt>
      <trkpt lat="38.284767" lon="-7.64158">
        <ele>230.31</ele>
      </trkpt>
      <trkpt lat="38.284704" lon="-7.640016">
        <ele>224.39</ele>
      </trkpt>
      <trkpt lat="38.284674" lon="-7.6397">
        <ele>223.43</ele>
      </trkpt>
      <trkpt lat="38.284629" lon="-7.639422">
        <ele>221.97</ele>
      </trkpt>
      <trkpt lat="38.284599" lon="-7.639286">
        <ele>221.82</ele>
      </trkpt>
      <trkpt lat="38.284519" lon="-7.63902">
        <ele>220.6</ele>
      </trkpt>
      <trkpt lat="38.28441" lon="-7.638738">
        <ele>218.97</ele>
      </trkpt>
      <trkpt lat="38.284275" lon="-7.638468">
        <ele>218.32</ele>
      </trkpt>
      <trkpt lat="38.284137" lon="-7.638254">
        <ele>217.79</ele>
      </trkpt>
      <trkpt lat="38.283982" lon="-7.638056">
        <ele>216.64</ele>
      </trkpt>
      <trkpt lat="38.283907" lon="-7.637973">
        <ele>216.58</ele>
      </trkpt>
      <trkpt lat="38.28371" lon="-7.637787">
        <ele>216.55</ele>
      </trkpt>
      <trkpt lat="38.283575" lon="-7.637679">
        <ele>215.84</ele>
      </trkpt>
      <trkpt lat="38.283412" lon="-7.637562">
        <ele>215.03</ele>
      </trkpt>
      <trkpt lat="38.281905" lon="-7.636577">
        <ele>203.79</ele>
      </trkpt>
      <trkpt lat="38.281442" lon="-7.636274">
        <ele>203.64</ele>
      </trkpt>
      <trkpt lat="38.279892" lon="-7.635266">
        <ele>198.78</ele>
      </trkpt>
      <trkpt lat="38.279715" lon="-7.635136">
        <ele>198</ele>
      </trkpt>
      <trkpt lat="38.279545" lon="-7.634997">
        <ele>198.34</ele>
      </trkpt>
      <trkpt lat="38.279321" lon="-7.634799">
        <ele>198.95</ele>
      </trkpt>
      <trkpt lat="38.279139" lon="-7.634611">
        <ele>198.87</ele>
      </trkpt>
      <trkpt lat="38.27901" lon="-7.634463">
        <ele>199.44</ele>
      </trkpt>
      <trkpt lat="38.278776" lon="-7.634173">
        <ele>198.95</ele>
      </trkpt>
      <trkpt lat="38.278576" lon="-7.633886">
        <ele>197.6</ele>
      </trkpt>
      <trkpt lat="38.278168" lon="-7.633221">
        <ele>198.37</ele>
      </trkpt>
      <trkpt lat="38.27766" lon="-7.632377">
        <ele>197.11</ele>
      </trkpt>
      <trkpt lat="38.27732" lon="-7.631815">
        <ele>193.4</ele>
      </trkpt>
      <trkpt lat="38.276619" lon="-7.630661">
        <ele>192.22</ele>
      </trkpt>
      <trkpt lat="38.276257" lon="-7.63007">
        <ele>188.64</ele>
      </trkpt>
      <trkpt lat="38.27614" lon="-7.629878">
        <ele>188.31</ele>
      </trkpt>
      <trkpt lat="38.275639" lon="-7.62906">
        <ele>193.38</ele>
      </trkpt>
      <trkpt lat="38.275305" lon="-7.628514">
        <ele>192.06</ele>
      </trkpt>
      <trkpt lat="38.274971" lon="-7.627968">
        <ele>193.18</ele>
      </trkpt>
      <trkpt lat="38.274637" lon="-7.627422">
        <ele>191.07</ele>
      </trkpt>
      <trkpt lat="38.273981" lon="-7.626357">
        <ele>189.84</ele>
      </trkpt>
      <trkpt lat="38.273122" lon="-7.624953">
        <ele>191.46</ele>
      </trkpt>
      <trkpt lat="38.272938" lon="-7.62465">
        <ele>190.4</ele>
      </trkpt>
      <trkpt lat="38.272522" lon="-7.623947">
        <ele>192</ele>
      </trkpt>
      <trkpt lat="38.272291" lon="-7.623522">
        <ele>191.97</ele>
      </trkpt>
      <trkpt lat="38.272085" lon="-7.623122">
        <ele>192</ele>
      </trkpt>
      <trkpt lat="38.271645" lon="-7.622186">
        <ele>194.5</ele>
      </trkpt>
      <trkpt lat="38.271088" lon="-7.620968">
        <ele>199.41</ele>
      </trkpt>
      <trkpt lat="38.270931" lon="-7.620662">
        <ele>200.15</ele>
      </trkpt>
      <trkpt lat="38.270793" lon="-7.620431">
        <ele>201.47</ele>
      </trkpt>
      <trkpt lat="38.27053" lon="-7.620044">
        <ele>203.74</ele>
      </trkpt>
      <trkpt lat="38.270411" lon="-7.619888">
        <ele>204.72</ele>
      </trkpt>
      <trkpt lat="38.270235" lon="-7.619684">
        <ele>205.85</ele>
      </trkpt>
      <trkpt lat="38.269828" lon="-7.619269">
        <ele>208.42</ele>
      </trkpt>
      <trkpt lat="38.268431" lon="-7.617925">
        <ele>214</ele>
      </trkpt>
      <trkpt lat="38.268247" lon="-7.61774">
        <ele>214.89</ele>
      </trkpt>
      <trkpt lat="38.26809" lon="-7.617558">
        <ele>215.01</ele>
      </trkpt>
      <trkpt lat="38.267866" lon="-7.617267">
        <ele>215.91</ele>
      </trkpt>
      <trkpt lat="38.26777" lon="-7.617129">
        <ele>216.39</ele>
      </trkpt>
      <trkpt lat="38.267478" lon="-7.616637">
        <ele>217.54</ele>
      </trkpt>
      <trkpt lat="38.267068" lon="-7.615881">
        <ele>219.3</ele>
      </trkpt>
      <trkpt lat="38.266867" lon="-7.615483">
        <ele>219.92</ele>
      </trkpt>
      <trkpt lat="38.266777" lon="-7.615256">
        <ele>220.44</ele>
      </trkpt>
      <trkpt lat="38.266672" lon="-7.614933">
        <ele>221.24</ele>
      </trkpt>
      <trkpt lat="38.266591" lon="-7.614589">
        <ele>222.16</ele>
      </trkpt>
      <trkpt lat="38.266564" lon="-7.614421">
        <ele>222.35</ele>
      </trkpt>
      <trkpt lat="38.266529" lon="-7.614149">
        <ele>223</ele>
      </trkpt>
      <trkpt lat="38.266426" lon="-7.613059">
        <ele>225.51</ele>
      </trkpt>
      <trkpt lat="38.266357" lon="-7.612596">
        <ele>226.86</ele>
      </trkpt>
      <trkpt lat="38.2663" lon="-7.61232">
        <ele>226.74</ele>
      </trkpt>
      <trkpt lat="38.266181" lon="-7.611859">
        <ele>227.44</ele>
      </trkpt>
      <trkpt lat="38.265772" lon="-7.61068">
        <ele>229.62</ele>
      </trkpt>
      <trkpt lat="38.265316" lon="-7.609388">
        <ele>229.26</ele>
      </trkpt>
      <trkpt lat="38.264381" lon="-7.606747">
        <ele>221.97</ele>
      </trkpt>
      <trkpt lat="38.264185" lon="-7.606223">
        <ele>220.89</ele>
      </trkpt>
      <trkpt lat="38.264041" lon="-7.605873">
        <ele>219.03</ele>
      </trkpt>
      <trkpt lat="38.263848" lon="-7.605445">
        <ele>217.72</ele>
      </trkpt>
      <trkpt lat="38.263372" lon="-7.604457">
        <ele>216</ele>
      </trkpt>
      <trkpt lat="38.263166" lon="-7.604049">
        <ele>216.09</ele>
      </trkpt>
      <trkpt lat="38.262972" lon="-7.60373">
        <ele>215.78</ele>
      </trkpt>
      <trkpt lat="38.262874" lon="-7.603597">
        <ele>215.33</ele>
      </trkpt>
      <trkpt lat="38.262678" lon="-7.60336">
        <ele>214.44</ele>
      </trkpt>
      <trkpt lat="38.262568" lon="-7.603243">
        <ele>214.54</ele>
      </trkpt>
      <trkpt lat="38.262426" lon="-7.60311">
        <ele>214</ele>
      </trkpt>
      <trkpt lat="38.262285" lon="-7.603008">
        <ele>214</ele>
      </trkpt>
      <trkpt lat="38.262032" lon="-7.602843">
        <ele>214</ele>
      </trkpt>
      <trkpt lat="38.261677" lon="-7.602675">
        <ele>213.71</ele>
      </trkpt>
      <trkpt lat="38.261167" lon="-7.602482">
        <ele>213.66</ele>
      </trkpt>
      <trkpt lat="38.260884" lon="-7.602346">
        <ele>213.1</ele>
      </trkpt>
      <trkpt lat="38.260757" lon="-7.602275">
        <ele>213.6</ele>
      </trkpt>
      <trkpt lat="38.260637" lon="-7.602194">
        <ele>213</ele>
      </trkpt>
      <trkpt lat="38.260505" lon="-7.602091">
        <ele>213.72</ele>
      </trkpt>
      <trkpt lat="38.260301" lon="-7.60191">
        <ele>213.92</ele>
      </trkpt>
      <trkpt lat="38.260106" lon="-7.601695">
        <ele>213.9</ele>
      </trkpt>
      <trkpt lat="38.25991" lon="-7.601432">
        <ele>214</ele>
      </trkpt>
      <trkpt lat="38.259376" lon="-7.600613">
        <ele>215.17</ele>
      </trkpt>
      <trkpt lat="38.259253" lon="-7.600405">
        <ele>215.05</ele>
      </trkpt>
      <trkpt lat="38.259147" lon="-7.600211">
        <ele>214.29</ele>
      </trkpt>
      <trkpt lat="38.258931" lon="-7.599727">
        <ele>214.24</ele>
      </trkpt>
      <trkpt lat="38.258836" lon="-7.599478">
        <ele>213.94</ele>
      </trkpt>
      <trkpt lat="38.258712" lon="-7.599101">
        <ele>212.75</ele>
      </trkpt>
      <trkpt lat="38.258641" lon="-7.598847">
        <ele>211.04</ele>
      </trkpt>
      <trkpt lat="38.25857" lon="-7.598593">
        <ele>211.51</ele>
      </trkpt>
      <trkpt lat="38.25821" lon="-7.597263">
        <ele>205.06</ele>
      </trkpt>
      <trkpt lat="38.258083" lon="-7.596825">
        <ele>203.14</ele>
      </trkpt>
      <trkpt lat="38.25798" lon="-7.59655">
        <ele>202.41</ele>
      </trkpt>
      <trkpt lat="38.257913" lon="-7.596391">
        <ele>201.71</ele>
      </trkpt>
      <trkpt lat="38.257827" lon="-7.596216">
        <ele>201.13</ele>
      </trkpt>
      <trkpt lat="38.257706" lon="-7.596002">
        <ele>200.65</ele>
      </trkpt>
      <trkpt lat="38.257532" lon="-7.595749">
        <ele>199.76</ele>
      </trkpt>
      <trkpt lat="38.257349" lon="-7.59553">
        <ele>199.86</ele>
      </trkpt>
      <trkpt lat="38.257178" lon="-7.595358">
        <ele>199.18</ele>
      </trkpt>
      <trkpt lat="38.256952" lon="-7.595167">
        <ele>199.84</ele>
      </trkpt>
      <trkpt lat="38.256276" lon="-7.594591">
        <ele>197.3</ele>
      </trkpt>
      <trkpt lat="38.254468" lon="-7.593055">
        <ele>212.07</ele>
      </trkpt>
      <trkpt lat="38.254196" lon="-7.592816">
        <ele>215.1</ele>
      </trkpt>
      <trkpt lat="38.253969" lon="-7.592594">
        <ele>219.22</ele>
      </trkpt>
      <trkpt lat="38.253777" lon="-7.592388">
        <ele>220</ele>
      </trkpt>
      <trkpt lat="38.253562" lon="-7.592127">
        <ele>221.7</ele>
      </trkpt>
      <trkpt lat="38.253251" lon="-7.591692">
        <ele>224.19</ele>
      </trkpt>
      <trkpt lat="38.253017" lon="-7.59132">
        <ele>226.79</ele>
      </trkpt>
      <trkpt lat="38.252161" lon="-7.590013">
        <ele>237.35</ele>
      </trkpt>
      <trkpt lat="38.251817" lon="-7.589491">
        <ele>239.44</ele>
      </trkpt>
      <trkpt lat="38.251301" lon="-7.588708">
        <ele>238.45</ele>
      </trkpt>
      <trkpt lat="38.251133" lon="-7.588449">
        <ele>239.68</ele>
      </trkpt>
      <trkpt lat="38.250123" lon="-7.586899">
        <ele>235.48</ele>
      </trkpt>
      <trkpt lat="38.249742" lon="-7.586324">
        <ele>235.13</ele>
      </trkpt>
      <trkpt lat="38.249594" lon="-7.586119">
        <ele>234.95</ele>
      </trkpt>
      <trkpt lat="38.249403" lon="-7.585881">
        <ele>233.71</ele>
      </trkpt>
      <trkpt lat="38.249308" lon="-7.585766">
        <ele>234.63</ele>
      </trkpt>
      <trkpt lat="38.249185" lon="-7.585631">
        <ele>235.13</ele>
      </trkpt>
      <trkpt lat="38.248983" lon="-7.585436">
        <ele>235.28</ele>
      </trkpt>
      <trkpt lat="38.248815" lon="-7.585287">
        <ele>236.3</ele>
      </trkpt>
      <trkpt lat="38.248507" lon="-7.585054">
        <ele>238.28</ele>
      </trkpt>
      <trkpt lat="38.248345" lon="-7.584946">
        <ele>239.25</ele>
      </trkpt>
      <trkpt lat="38.247908" lon="-7.584677">
        <ele>243.81</ele>
      </trkpt>
      <trkpt lat="38.24747106217551" lon="-7.5844070417185705">
        <ele>245.70115042939273</ele>
      </trkpt>
      <trkpt lat="38.247471" lon="-7.584408">
        <ele>245.87</ele>
      </trkpt>
      <trkpt lat="38.247252" lon="-7.584274">
        <ele>246.9</ele>
      </trkpt>
      <trkpt lat="38.247185" lon="-7.58407">
        <ele>247.74</ele>
      </trkpt>
      <trkpt lat="38.247167" lon="-7.583954">
        <ele>247.43</ele>
      </trkpt>
      <trkpt lat="38.247174" lon="-7.583891">
        <ele>247.21</ele>
      </trkpt>
      <trkpt lat="38.247183" lon="-7.583814">
        <ele>246.95</ele>
      </trkpt>
      <trkpt lat="38.247228" lon="-7.583702">
        <ele>246.51</ele>
      </trkpt>
      <trkpt lat="38.247354" lon="-7.583504">
        <ele>244.98</ele>
      </trkpt>
      <trkpt lat="38.247495" lon="-7.583383">
        <ele>243.43</ele>
      </trkpt>
      <trkpt lat="38.24767" lon="-7.583295">
        <ele>242.25</ele>
      </trkpt>
      <trkpt lat="38.24767023914103" lon="-7.58329501857875">
        <ele>242.24726336674587</ele>
      </trkpt>
      <trkpt lat="38.24919" lon="-7.582532">
        <ele>231.99</ele>
      </trkpt>
      <trkpt lat="38.24955" lon="-7.582397">
        <ele>230.66</ele>
      </trkpt>
      <trkpt lat="38.249798" lon="-7.582317">
        <ele>229.43</ele>
      </trkpt>
      <trkpt lat="38.249962" lon="-7.582278">
        <ele>228.7</ele>
      </trkpt>
      <trkpt lat="38.250455" lon="-7.58222">
        <ele>228.64</ele>
      </trkpt>
      <trkpt lat="38.250748" lon="-7.582209">
        <ele>227.74</ele>
      </trkpt>
      <trkpt lat="38.251025" lon="-7.582229">
        <ele>226.51</ele>
      </trkpt>
      <trkpt lat="38.251622" lon="-7.582291">
        <ele>228.01</ele>
      </trkpt>
      <trkpt lat="38.25212" lon="-7.582326">
        <ele>230.74</ele>
      </trkpt>
      <trkpt lat="38.252372" lon="-7.582293">
        <ele>232.66</ele>
      </trkpt>
      <trkpt lat="38.252652" lon="-7.582218">
        <ele>233.34</ele>
      </trkpt>
      <trkpt lat="38.252873" lon="-7.58209">
        <ele>234.33</ele>
      </trkpt>
      <trkpt lat="38.25306" lon="-7.581931">
        <ele>234.56</ele>
      </trkpt>
      <trkpt lat="38.253266" lon="-7.581721">
        <ele>233.31</ele>
      </trkpt>
      <trkpt lat="38.253664" lon="-7.581155">
        <ele>235.15</ele>
      </trkpt>
      <trkpt lat="38.254062" lon="-7.580594">
        <ele>234.86</ele>
      </trkpt>
      <trkpt lat="38.255789" lon="-7.578227">
        <ele>232.13</ele>
      </trkpt>
      <trkpt lat="38.256047" lon="-7.577712">
        <ele>231.75</ele>
      </trkpt>
      <trkpt lat="38.25615" lon="-7.577219">
        <ele>231.15</ele>
      </trkpt>
      <trkpt lat="38.256176" lon="-7.576747">
        <ele>228.97</ele>
      </trkpt>
      <trkpt lat="38.256133" lon="-7.576361">
        <ele>226.7</ele>
      </trkpt>
      <trkpt lat="38.256088" lon="-7.576228">
        <ele>225.53</ele>
      </trkpt>
      <trkpt lat="38.255756" lon="-7.575234">
        <ele>221.13</ele>
      </trkpt>
      <trkpt lat="38.255705" lon="-7.574878">
        <ele>218.44</ele>
      </trkpt>
      <trkpt lat="38.255697" lon="-7.574457">
        <ele>216.38</ele>
      </trkpt>
      <trkpt lat="38.255769" lon="-7.574085">
        <ele>215.47</ele>
      </trkpt>
      <trkpt lat="38.255861" lon="-7.573759">
        <ele>214.2</ele>
      </trkpt>
      <trkpt lat="38.256259" lon="-7.573074">
        <ele>213.06</ele>
      </trkpt>
      <trkpt lat="38.256985" lon="-7.572043">
        <ele>214.4</ele>
      </trkpt>
      <trkpt lat="38.257497" lon="-7.571562">
        <ele>217.2</ele>
      </trkpt>
      <trkpt lat="38.258008" lon="-7.571297">
        <ele>217.76</ele>
      </trkpt>
      <trkpt lat="38.258437" lon="-7.57117">
        <ele>219</ele>
      </trkpt>
      <trkpt lat="38.258865" lon="-7.57096">
        <ele>219.49</ele>
      </trkpt>
      <trkpt lat="38.259287" lon="-7.570524">
        <ele>221.48</ele>
      </trkpt>
      <trkpt lat="38.259826" lon="-7.56928">
        <ele>223.22</ele>
      </trkpt>
      <trkpt lat="38.260189" lon="-7.568379">
        <ele>226.01</ele>
      </trkpt>
      <trkpt lat="38.260553" lon="-7.567478">
        <ele>225.39</ele>
      </trkpt>
      <trkpt lat="38.261038" lon="-7.566276">
        <ele>221.91</ele>
      </trkpt>
      <trkpt lat="38.26139" lon="-7.565648">
        <ele>219.67</ele>
      </trkpt>
      <trkpt lat="38.26183" lon="-7.56509">
        <ele>218.09</ele>
      </trkpt>
      <trkpt lat="38.263552" lon="-7.563339">
        <ele>218.85</ele>
      </trkpt>
      <trkpt lat="38.265316" lon="-7.561552">
        <ele>223.64</ele>
      </trkpt>
      <trkpt lat="38.266125" lon="-7.560734">
        <ele>230.95</ele>
      </trkpt>
      <trkpt lat="38.266538" lon="-7.560456">
        <ele>234.08</ele>
      </trkpt>
      <trkpt lat="38.266914" lon="-7.560353">
        <ele>236.95</ele>
      </trkpt>
      <trkpt lat="38.267361" lon="-7.56038">
        <ele>238.09</ele>
      </trkpt>
      <trkpt lat="38.267726" lon="-7.560461">
        <ele>241.55</ele>
      </trkpt>
      <trkpt lat="38.268191" lon="-7.560565">
        <ele>243.44</ele>
      </trkpt>
      <trkpt lat="38.269488" lon="-7.560854">
        <ele>242.33</ele>
      </trkpt>
      <trkpt lat="38.269793" lon="-7.560876">
        <ele>240.29</ele>
      </trkpt>
      <trkpt lat="38.270123" lon="-7.560825">
        <ele>239.05</ele>
      </trkpt>
      <trkpt lat="38.27039" lon="-7.560718">
        <ele>238.67</ele>
      </trkpt>
      <trkpt lat="38.270601" lon="-7.560571">
        <ele>238.46</ele>
      </trkpt>
      <trkpt lat="38.270809" lon="-7.560378">
        <ele>237</ele>
      </trkpt>
      <trkpt lat="38.271232" lon="-7.559907">
        <ele>235.34</ele>
      </trkpt>
      <trkpt lat="38.271585" lon="-7.559624">
        <ele>232.18</ele>
      </trkpt>
      <trkpt lat="38.271797" lon="-7.559521">
        <ele>230.21</ele>
      </trkpt>
      <trkpt lat="38.272018" lon="-7.559468">
        <ele>229.92</ele>
      </trkpt>
      <trkpt lat="38.272209" lon="-7.559437">
        <ele>229.95</ele>
      </trkpt>
      <trkpt lat="38.272426" lon="-7.559451">
        <ele>229.86</ele>
      </trkpt>
      <trkpt lat="38.272667" lon="-7.559487">
        <ele>227.65</ele>
      </trkpt>
      <trkpt lat="38.272972" lon="-7.55963">
        <ele>224.06</ele>
      </trkpt>
      <trkpt lat="38.273277" lon="-7.559774">
        <ele>223.14</ele>
      </trkpt>
      <trkpt lat="38.273688" lon="-7.559948">
        <ele>220.89</ele>
      </trkpt>
      <trkpt lat="38.27425" lon="-7.56023">
        <ele>217.7</ele>
      </trkpt>
      <trkpt lat="38.274672" lon="-7.560375">
        <ele>216.94</ele>
      </trkpt>
      <trkpt lat="38.274971" lon="-7.560433">
        <ele>216.31</ele>
      </trkpt>
      <trkpt lat="38.275216" lon="-7.560438">
        <ele>216</ele>
      </trkpt>
      <trkpt lat="38.275724" lon="-7.560353">
        <ele>217.25</ele>
      </trkpt>
      <trkpt lat="38.276049" lon="-7.56018">
        <ele>218.07</ele>
      </trkpt>
      <trkpt lat="38.276267" lon="-7.56002">
        <ele>217.6</ele>
      </trkpt>
      <trkpt lat="38.277504" lon="-7.55898">
        <ele>209.5</ele>
      </trkpt>
      <trkpt lat="38.278937" lon="-7.557664">
        <ele>196.7</ele>
      </trkpt>
      <trkpt lat="38.27915" lon="-7.55749">
        <ele>195.44</ele>
      </trkpt>
      <trkpt lat="38.279308" lon="-7.557373">
        <ele>194.98</ele>
      </trkpt>
      <trkpt lat="38.279609" lon="-7.557178">
        <ele>192.75</ele>
      </trkpt>
      <trkpt lat="38.279899" lon="-7.557027">
        <ele>190.96</ele>
      </trkpt>
      <trkpt lat="38.280203" lon="-7.556897">
        <ele>189.35</ele>
      </trkpt>
      <trkpt lat="38.280439" lon="-7.556825">
        <ele>187.32</ele>
      </trkpt>
      <trkpt lat="38.280665" lon="-7.556769">
        <ele>185.31</ele>
      </trkpt>
      <trkpt lat="38.280865" lon="-7.556732">
        <ele>184.08</ele>
      </trkpt>
      <trkpt lat="38.281386" lon="-7.556681">
        <ele>181.52</ele>
      </trkpt>
      <trkpt lat="38.281484" lon="-7.556657">
        <ele>180.96</ele>
      </trkpt>
      <trkpt lat="38.2816" lon="-7.556607">
        <ele>180.45</ele>
      </trkpt>
      <trkpt lat="38.281669" lon="-7.556566">
        <ele>180.1</ele>
      </trkpt>
      <trkpt lat="38.281743" lon="-7.556499">
        <ele>180</ele>
      </trkpt>
      <trkpt lat="38.281861" lon="-7.556234">
        <ele>180</ele>
      </trkpt>
      <trkpt lat="38.281899" lon="-7.556058">
        <ele>180</ele>
      </trkpt>
      <trkpt lat="38.281928" lon="-7.555956">
        <ele>180.19</ele>
      </trkpt>
      <trkpt lat="38.281958" lon="-7.555905">
        <ele>180.22</ele>
      </trkpt>
      <trkpt lat="38.281996" lon="-7.555865">
        <ele>180.06</ele>
      </trkpt>
      <trkpt lat="38.28204" lon="-7.555836">
        <ele>180.03</ele>
      </trkpt>
      <trkpt lat="38.282088" lon="-7.555821">
        <ele>180.12</ele>
      </trkpt>
      <trkpt lat="38.282267" lon="-7.55582">
        <ele>180.13</ele>
      </trkpt>
      <trkpt lat="38.282372" lon="-7.55578">
        <ele>180.1</ele>
      </trkpt>
      <trkpt lat="38.282549" lon="-7.555661">
        <ele>180.08</ele>
      </trkpt>
      <trkpt lat="38.28299" lon="-7.555199">
        <ele>182.75</ele>
      </trkpt>
      <trkpt lat="38.28365" lon="-7.554505">
        <ele>183.4</ele>
      </trkpt>
      <trkpt lat="38.284107" lon="-7.554084">
        <ele>184.6</ele>
      </trkpt>
      <trkpt lat="38.284319" lon="-7.553918">
        <ele>183.81</ele>
      </trkpt>
      <trkpt lat="38.284549" lon="-7.553753">
        <ele>183.89</ele>
      </trkpt>
      <trkpt lat="38.284753" lon="-7.553643">
        <ele>184.31</ele>
      </trkpt>
      <trkpt lat="38.284947" lon="-7.553553">
        <ele>183.44</ele>
      </trkpt>
      <trkpt lat="38.285162" lon="-7.553483">
        <ele>181.61</ele>
      </trkpt>
      <trkpt lat="38.285362" lon="-7.553432">
        <ele>180.97</ele>
      </trkpt>
      <trkpt lat="38.285583" lon="-7.553401">
        <ele>179.62</ele>
      </trkpt>
      <trkpt lat="38.286006" lon="-7.553435">
        <ele>179.62</ele>
      </trkpt>
      <trkpt lat="38.286216" lon="-7.553482">
        <ele>179.44</ele>
      </trkpt>
      <trkpt lat="38.286416" lon="-7.553551">
        <ele>179.31</ele>
      </trkpt>
      <trkpt lat="38.286605" lon="-7.553638">
        <ele>178.56</ele>
      </trkpt>
      <trkpt lat="38.286807" lon="-7.553756">
        <ele>177.13</ele>
      </trkpt>
      <trkpt lat="38.287027" lon="-7.553909">
        <ele>176.24</ele>
      </trkpt>
      <trkpt lat="38.287245" lon="-7.554111">
        <ele>176.92</ele>
      </trkpt>
      <trkpt lat="38.287504" lon="-7.554382">
        <ele>174.84</ele>
      </trkpt>
      <trkpt lat="38.287799" lon="-7.554731">
        <ele>174.79</ele>
      </trkpt>
      <trkpt lat="38.288317" lon="-7.55543">
        <ele>170.85</ele>
      </trkpt>
      <trkpt lat="38.288666" lon="-7.555921">
        <ele>171.5</ele>
      </trkpt>
      <trkpt lat="38.288841" lon="-7.556166">
        <ele>168.3</ele>
      </trkpt>
      <trkpt lat="38.289213" lon="-7.55668">
        <ele>169.13</ele>
      </trkpt>
      <trkpt lat="38.289586" lon="-7.557193">
        <ele>167.15</ele>
      </trkpt>
      <trkpt lat="38.289794" lon="-7.557442">
        <ele>164.7</ele>
      </trkpt>
      <trkpt lat="38.289965" lon="-7.557626">
        <ele>162.41</ele>
      </trkpt>
      <trkpt lat="38.290317" lon="-7.557953">
        <ele>160.62</ele>
      </trkpt>
      <trkpt lat="38.290475" lon="-7.55806">
        <ele>162</ele>
      </trkpt>
      <trkpt lat="38.290604" lon="-7.558117">
        <ele>162.7</ele>
      </trkpt>
      <trkpt lat="38.29079" lon="-7.55818">
        <ele>163.89</ele>
      </trkpt>
      <trkpt lat="38.290956" lon="-7.558216">
        <ele>164.33</ele>
      </trkpt>
      <trkpt lat="38.291155" lon="-7.558228">
        <ele>164.84</ele>
      </trkpt>
      <trkpt lat="38.291485" lon="-7.558212">
        <ele>165.26</ele>
      </trkpt>
      <trkpt lat="38.291598" lon="-7.558192">
        <ele>165.67</ele>
      </trkpt>
      <trkpt lat="38.291688" lon="-7.558161">
        <ele>166.18</ele>
      </trkpt>
      <trkpt lat="38.29186" lon="-7.558083">
        <ele>165.04</ele>
      </trkpt>
      <trkpt lat="38.29203" lon="-7.557981">
        <ele>166.06</ele>
      </trkpt>
      <trkpt lat="38.292337" lon="-7.557705">
        <ele>165.93</ele>
      </trkpt>
      <trkpt lat="38.293304" lon="-7.556528">
        <ele>166.76</ele>
      </trkpt>
      <trkpt lat="38.293404" lon="-7.556406">
        <ele>166.67</ele>
      </trkpt>
      <trkpt lat="38.293633" lon="-7.556211">
        <ele>167.06</ele>
      </trkpt>
      <trkpt lat="38.293904" lon="-7.556055">
        <ele>167.07</ele>
      </trkpt>
      <trkpt lat="38.294118" lon="-7.555989">
        <ele>167.79</ele>
      </trkpt>
      <trkpt lat="38.294332" lon="-7.555923">
        <ele>166.27</ele>
      </trkpt>
      <trkpt lat="38.294869" lon="-7.555814">
        <ele>165.92</ele>
      </trkpt>
      <trkpt lat="38.295138" lon="-7.55576">
        <ele>163.48</ele>
      </trkpt>
      <trkpt lat="38.298523" lon="-7.555065">
        <ele>162.47</ele>
      </trkpt>
      <trkpt lat="38.298945" lon="-7.55498">
        <ele>164.43</ele>
      </trkpt>
      <trkpt lat="38.299621" lon="-7.554827">
        <ele>164.2</ele>
      </trkpt>
      <trkpt lat="38.300198" lon="-7.554652">
        <ele>162.47</ele>
      </trkpt>
      <trkpt lat="38.300438" lon="-7.554562">
        <ele>161.5</ele>
      </trkpt>
      <trkpt lat="38.301158" lon="-7.55429">
        <ele>163.61</ele>
      </trkpt>
      <trkpt lat="38.301804" lon="-7.553971">
        <ele>165.66</ele>
      </trkpt>
      <trkpt lat="38.302053" lon="-7.553832">
        <ele>166.14</ele>
      </trkpt>
      <trkpt lat="38.302551" lon="-7.553555">
        <ele>172.43</ele>
      </trkpt>
      <trkpt lat="38.303297" lon="-7.55314">
        <ele>174.42</ele>
      </trkpt>
      <trkpt lat="38.303795" lon="-7.552864">
        <ele>180.55</ele>
      </trkpt>
      <trkpt lat="38.304336" lon="-7.552502">
        <ele>184.69</ele>
      </trkpt>
      <trkpt lat="38.305706" lon="-7.551407">
        <ele>194.03</ele>
      </trkpt>
      <trkpt lat="38.306151" lon="-7.551027">
        <ele>197.76</ele>
      </trkpt>
      <trkpt lat="38.306391" lon="-7.550751">
        <ele>201.76</ele>
      </trkpt>
      <trkpt lat="38.306576" lon="-7.55043">
        <ele>204.54</ele>
      </trkpt>
      <trkpt lat="38.306712" lon="-7.550052">
        <ele>207.74</ele>
      </trkpt>
      <trkpt lat="38.30717" lon="-7.548185">
        <ele>219.5</ele>
      </trkpt>
      <trkpt lat="38.307247" lon="-7.547874">
        <ele>219.67</ele>
      </trkpt>
      <trkpt lat="38.307448" lon="-7.547396">
        <ele>221.13</ele>
      </trkpt>
      <trkpt lat="38.307644" lon="-7.547107">
        <ele>220.85</ele>
      </trkpt>
      <trkpt lat="38.307886" lon="-7.546875">
        <ele>221.26</ele>
      </trkpt>
      <trkpt lat="38.308179" lon="-7.546714">
        <ele>223.03</ele>
      </trkpt>
      <trkpt lat="38.308481" lon="-7.546662">
        <ele>224.37</ele>
      </trkpt>
      <trkpt lat="38.308768" lon="-7.546678">
        <ele>224.54</ele>
      </trkpt>
      <trkpt lat="38.309019" lon="-7.546746">
        <ele>225.89</ele>
      </trkpt>
      <trkpt lat="38.30978" lon="-7.547094">
        <ele>225.9</ele>
      </trkpt>
      <trkpt lat="38.310033" lon="-7.547209">
        <ele>227.76</ele>
      </trkpt>
      <trkpt lat="38.310564" lon="-7.547452">
        <ele>228.41</ele>
      </trkpt>
      <trkpt lat="38.311359" lon="-7.547815">
        <ele>220.59</ele>
      </trkpt>
      <trkpt lat="38.31189" lon="-7.548058">
        <ele>219.04</ele>
      </trkpt>
      <trkpt lat="38.312155" lon="-7.548179">
        <ele>219.95</ele>
      </trkpt>
      <trkpt lat="38.312442" lon="-7.548279">
        <ele>219.47</ele>
      </trkpt>
      <trkpt lat="38.312769" lon="-7.548327">
        <ele>219.41</ele>
      </trkpt>
      <trkpt lat="38.313115" lon="-7.548287">
        <ele>216.09</ele>
      </trkpt>
      <trkpt lat="38.313373" lon="-7.548199">
        <ele>213.1</ele>
      </trkpt>
      <trkpt lat="38.313647" lon="-7.548026">
        <ele>209.01</ele>
      </trkpt>
      <trkpt lat="38.313835" lon="-7.54785">
        <ele>205.76</ele>
      </trkpt>
      <trkpt lat="38.314022" lon="-7.547673">
        <ele>205.22</ele>
      </trkpt>
      <trkpt lat="38.314413" lon="-7.547189">
        <ele>203.45</ele>
      </trkpt>
      <trkpt lat="38.314609" lon="-7.546947">
        <ele>200.07</ele>
      </trkpt>
      <trkpt lat="38.315498" lon="-7.545848">
        <ele>195.84</ele>
      </trkpt>
      <trkpt lat="38.316716" lon="-7.544494">
        <ele>198</ele>
      </trkpt>
      <trkpt lat="38.317122" lon="-7.544043">
        <ele>195.49</ele>
      </trkpt>
      <trkpt lat="38.317888" lon="-7.543191">
        <ele>197.66</ele>
      </trkpt>
      <trkpt lat="38.318136" lon="-7.542915">
        <ele>198.36</ele>
      </trkpt>
      <trkpt lat="38.318514" lon="-7.542401">
        <ele>200.07</ele>
      </trkpt>
      <trkpt lat="38.319779" lon="-7.540227">
        <ele>215.64</ele>
      </trkpt>
      <trkpt lat="38.319943" lon="-7.539978">
        <ele>217.65</ele>
      </trkpt>
      <trkpt lat="38.320148" lon="-7.539765">
        <ele>217.86</ele>
      </trkpt>
      <trkpt lat="38.320371" lon="-7.539577">
        <ele>216.9</ele>
      </trkpt>
      <trkpt lat="38.320622" lon="-7.539407">
        <ele>216.41</ele>
      </trkpt>
      <trkpt lat="38.321123" lon="-7.539067">
        <ele>218.98</ele>
      </trkpt>
      <trkpt lat="38.321373" lon="-7.538897">
        <ele>222.01</ele>
      </trkpt>
      <trkpt lat="38.322625" lon="-7.538048">
        <ele>227.03</ele>
      </trkpt>
      <trkpt lat="38.322902" lon="-7.537751">
        <ele>227.45</ele>
      </trkpt>
      <trkpt lat="38.323097" lon="-7.53749">
        <ele>227.89</ele>
      </trkpt>
      <trkpt lat="38.323406" lon="-7.536933">
        <ele>230.47</ele>
      </trkpt>
      <trkpt lat="38.32356" lon="-7.536672">
        <ele>232.98</ele>
      </trkpt>
      <trkpt lat="38.323714" lon="-7.536483">
        <ele>234.12</ele>
      </trkpt>
      <trkpt lat="38.324979" lon="-7.535348">
        <ele>234.66</ele>
      </trkpt>
      <trkpt lat="38.325222" lon="-7.535199">
        <ele>233.97</ele>
      </trkpt>
      <trkpt lat="38.325486" lon="-7.535079">
        <ele>234.04</ele>
      </trkpt>
      <trkpt lat="38.325766" lon="-7.535031">
        <ele>232.78</ele>
      </trkpt>
      <trkpt lat="38.326006" lon="-7.535023">
        <ele>231</ele>
      </trkpt>
      <trkpt lat="38.32622" lon="-7.535063">
        <ele>229.69</ele>
      </trkpt>
      <trkpt lat="38.326796" lon="-7.535199">
        <ele>225.11</ele>
      </trkpt>
      <trkpt lat="38.327016" lon="-7.535227">
        <ele>223.52</ele>
      </trkpt>
      <trkpt lat="38.327217" lon="-7.535215">
        <ele>223</ele>
      </trkpt>
      <trkpt lat="38.327444" lon="-7.535151">
        <ele>221.21</ele>
      </trkpt>
      <trkpt lat="38.327667" lon="-7.535039">
        <ele>220.63</ele>
      </trkpt>
      <trkpt lat="38.327936" lon="-7.53487">
        <ele>222.24</ele>
      </trkpt>
      <trkpt lat="38.328395" lon="-7.534393">
        <ele>225.33</ele>
      </trkpt>
      <trkpt lat="38.328624" lon="-7.534155">
        <ele>225.35</ele>
      </trkpt>
      <trkpt lat="38.32884" lon="-7.533891">
        <ele>226.38</ele>
      </trkpt>
      <trkpt lat="38.328992" lon="-7.533646">
        <ele>226.92</ele>
      </trkpt>
      <trkpt lat="38.329119" lon="-7.533367">
        <ele>227.1</ele>
      </trkpt>
      <trkpt lat="38.329223" lon="-7.533019">
        <ele>227.85</ele>
      </trkpt>
      <trkpt lat="38.329262" lon="-7.532858">
        <ele>228.59</ele>
      </trkpt>
      <trkpt lat="38.329322" lon="-7.532427">
        <ele>228.42</ele>
      </trkpt>
      <trkpt lat="38.329431" lon="-7.531106">
        <ele>228.5</ele>
      </trkpt>
      <trkpt lat="38.329539" lon="-7.529785">
        <ele>225.09</ele>
      </trkpt>
      <trkpt lat="38.329594" lon="-7.529125">
        <ele>225.59</ele>
      </trkpt>
      <trkpt lat="38.329616" lon="-7.528764">
        <ele>226.43</ele>
      </trkpt>
      <trkpt lat="38.329622" lon="-7.528467">
        <ele>227.43</ele>
      </trkpt>
      <trkpt lat="38.329619" lon="-7.528102">
        <ele>227.89</ele>
      </trkpt>
      <trkpt lat="38.329564" lon="-7.52737">
        <ele>229.56</ele>
      </trkpt>
      <trkpt lat="38.329413" lon="-7.525616">
        <ele>223.51</ele>
      </trkpt>
      <trkpt lat="38.32942" lon="-7.525026">
        <ele>225.11</ele>
      </trkpt>
      <trkpt lat="38.329485" lon="-7.524628">
        <ele>226.21</ele>
      </trkpt>
      <trkpt lat="38.329582" lon="-7.524244">
        <ele>227.56</ele>
      </trkpt>
      <trkpt lat="38.329757" lon="-7.523811">
        <ele>226.58</ele>
      </trkpt>
      <trkpt lat="38.330017" lon="-7.523387">
        <ele>225.46</ele>
      </trkpt>
      <trkpt lat="38.330239" lon="-7.523125">
        <ele>223.92</ele>
      </trkpt>
      <trkpt lat="38.330552" lon="-7.522843">
        <ele>221.15</ele>
      </trkpt>
      <trkpt lat="38.331212" lon="-7.522405">
        <ele>216.85</ele>
      </trkpt>
      <trkpt lat="38.331503" lon="-7.522195">
        <ele>215.1</ele>
      </trkpt>
      <trkpt lat="38.331795" lon="-7.521939">
        <ele>214.91</ele>
      </trkpt>
      <trkpt lat="38.332011" lon="-7.521723">
        <ele>214.31</ele>
      </trkpt>
      <trkpt lat="38.332516" lon="-7.521107">
        <ele>215.92</ele>
      </trkpt>
      <trkpt lat="38.332765" lon="-7.520689">
        <ele>218.38</ele>
      </trkpt>
      <trkpt lat="38.3333" lon="-7.519943">
        <ele>224.03</ele>
      </trkpt>
      <trkpt lat="38.333508" lon="-7.519697">
        <ele>223.29</ele>
      </trkpt>
      <trkpt lat="38.334339" lon="-7.518714">
        <ele>215.24</ele>
      </trkpt>
      <trkpt lat="38.33452" lon="-7.518513">
        <ele>212.05</ele>
      </trkpt>
      <trkpt lat="38.334701" lon="-7.518312">
        <ele>211.25</ele>
      </trkpt>
      <trkpt lat="38.334954" lon="-7.51791">
        <ele>212.51</ele>
      </trkpt>
      <trkpt lat="38.335047" lon="-7.517692">
        <ele>212.81</ele>
      </trkpt>
      <trkpt lat="38.335112" lon="-7.517474">
        <ele>213.51</ele>
      </trkpt>
      <trkpt lat="38.335172" lon="-7.517159">
        <ele>213.91</ele>
      </trkpt>
      <trkpt lat="38.335202" lon="-7.516864">
        <ele>215.52</ele>
      </trkpt>
      <trkpt lat="38.33521" lon="-7.516113">
        <ele>216.56</ele>
      </trkpt>
      <trkpt lat="38.33521" lon="-7.515315">
        <ele>215</ele>
      </trkpt>
      <trkpt lat="38.33526" lon="-7.514506">
        <ele>213.59</ele>
      </trkpt>
      <trkpt lat="38.335259" lon="-7.513813">
        <ele>213.36</ele>
      </trkpt>
      <trkpt lat="38.335256" lon="-7.512139">
        <ele>217.92</ele>
      </trkpt>
      <trkpt lat="38.335288" lon="-7.511567">
        <ele>218.41</ele>
      </trkpt>
      <trkpt lat="38.335378" lon="-7.51089">
        <ele>218.53</ele>
      </trkpt>
      <trkpt lat="38.335496" lon="-7.510394">
        <ele>218</ele>
      </trkpt>
      <trkpt lat="38.335626" lon="-7.509952">
        <ele>217.76</ele>
      </trkpt>
      <trkpt lat="38.335784" lon="-7.509571">
        <ele>217</ele>
      </trkpt>
      <trkpt lat="38.336022" lon="-7.509097">
        <ele>215.76</ele>
      </trkpt>
      <trkpt lat="38.336303" lon="-7.508623">
        <ele>214.49</ele>
      </trkpt>
      <trkpt lat="38.337007" lon="-7.507655">
        <ele>213.93</ele>
      </trkpt>
      <trkpt lat="38.337711" lon="-7.506687">
        <ele>216.59</ele>
      </trkpt>
      <trkpt lat="38.337994" lon="-7.506387">
        <ele>217</ele>
      </trkpt>
      <trkpt lat="38.338254" lon="-7.506186">
        <ele>217</ele>
      </trkpt>
      <trkpt lat="38.338569" lon="-7.506002">
        <ele>215.89</ele>
      </trkpt>
      <trkpt lat="38.338724" lon="-7.505944">
        <ele>214.73</ele>
      </trkpt>
      <trkpt lat="38.338895" lon="-7.505895">
        <ele>214</ele>
      </trkpt>
      <trkpt lat="38.339182" lon="-7.505865">
        <ele>212.71</ele>
      </trkpt>
      <trkpt lat="38.339356" lon="-7.505872">
        <ele>212.53</ele>
      </trkpt>
      <trkpt lat="38.339509" lon="-7.505894">
        <ele>211.37</ele>
      </trkpt>
      <trkpt lat="38.339725" lon="-7.505949">
        <ele>210.94</ele>
      </trkpt>
      <trkpt lat="38.33993" lon="-7.506025">
        <ele>211</ele>
      </trkpt>
      <trkpt lat="38.340091" lon="-7.506108">
        <ele>210.94</ele>
      </trkpt>
      <trkpt lat="38.340241" lon="-7.506201">
        <ele>211</ele>
      </trkpt>
      <trkpt lat="38.340555" lon="-7.506472">
        <ele>211</ele>
      </trkpt>
      <trkpt lat="38.340859" lon="-7.506704">
        <ele>212</ele>
      </trkpt>
      <trkpt lat="38.340964" lon="-7.506734">
        <ele>212</ele>
      </trkpt>
      <trkpt lat="38.341028" lon="-7.506727">
        <ele>211.81</ele>
      </trkpt>
      <trkpt lat="38.341096" lon="-7.506746">
        <ele>211.62</ele>
      </trkpt>
      <trkpt lat="38.341155" lon="-7.506789">
        <ele>211.57</ele>
      </trkpt>
      <trkpt lat="38.341202" lon="-7.506854">
        <ele>211.55</ele>
      </trkpt>
      <trkpt lat="38.34123" lon="-7.506926">
        <ele>211.76</ele>
      </trkpt>
      <trkpt lat="38.341263" lon="-7.507106">
        <ele>212</ele>
      </trkpt>
      <trkpt lat="38.341322" lon="-7.507227">
        <ele>212.35</ele>
      </trkpt>
      <trkpt lat="38.341442" lon="-7.507374">
        <ele>213.12</ele>
      </trkpt>
      <trkpt lat="38.341722" lon="-7.507756">
        <ele>213.5</ele>
      </trkpt>
      <trkpt lat="38.344471" lon="-7.510551">
        <ele>215</ele>
      </trkpt>
      <trkpt lat="38.346004" lon="-7.512107">
        <ele>214</ele>
      </trkpt>
      <trkpt lat="38.346171" lon="-7.512237">
        <ele>214</ele>
      </trkpt>
      <trkpt lat="38.346245" lon="-7.512284">
        <ele>214</ele>
      </trkpt>
      <trkpt lat="38.346362" lon="-7.512313">
        <ele>214.07</ele>
      </trkpt>
      <trkpt lat="38.34643" lon="-7.512296">
        <ele>214.18</ele>
      </trkpt>
      <trkpt lat="38.346504" lon="-7.512312">
        <ele>214.08</ele>
      </trkpt>
      <trkpt lat="38.346563" lon="-7.512357">
        <ele>214.8</ele>
      </trkpt>
      <trkpt lat="38.34661" lon="-7.512432">
        <ele>215.17</ele>
      </trkpt>
      <trkpt lat="38.346667" lon="-7.512623">
        <ele>214.42</ele>
      </trkpt>
      <trkpt lat="38.346743" lon="-7.512774">
        <ele>214.28</ele>
      </trkpt>
      <trkpt lat="38.346996" lon="-7.513058">
        <ele>214.58</ele>
      </trkpt>
      <trkpt lat="38.347155" lon="-7.513265">
        <ele>214.89</ele>
      </trkpt>
      <trkpt lat="38.347599" lon="-7.513656">
        <ele>215</ele>
      </trkpt>
      <trkpt lat="38.347889" lon="-7.513878">
        <ele>214.98</ele>
      </trkpt>
      <trkpt lat="38.348215" lon="-7.514092">
        <ele>214.9</ele>
      </trkpt>
      <trkpt lat="38.34858" lon="-7.514292">
        <ele>215.71</ele>
      </trkpt>
      <trkpt lat="38.349185" lon="-7.51457">
        <ele>216.03</ele>
      </trkpt>
      <trkpt lat="38.349592" lon="-7.514707">
        <ele>216.16</ele>
      </trkpt>
      <trkpt lat="38.350184" lon="-7.514869">
        <ele>217.22</ele>
      </trkpt>
      <trkpt lat="38.351109" lon="-7.514931">
        <ele>216.13</ele>
      </trkpt>
      <trkpt lat="38.35327" lon="-7.514885">
        <ele>210.99</ele>
      </trkpt>
      <trkpt lat="38.355431" lon="-7.514839">
        <ele>201</ele>
      </trkpt>
      <trkpt lat="38.356512" lon="-7.514816">
        <ele>202.59</ele>
      </trkpt>
      <trkpt lat="38.358132" lon="-7.514781">
        <ele>209</ele>
      </trkpt>
      <trkpt lat="38.360834" lon="-7.514724">
        <ele>209</ele>
      </trkpt>
      <trkpt lat="38.363456" lon="-7.514668">
        <ele>211</ele>
      </trkpt>
      <trkpt lat="38.364287" lon="-7.51465">
        <ele>213.4</ele>
      </trkpt>
      <trkpt lat="38.364568" lon="-7.514547">
        <ele>213.99</ele>
      </trkpt>
      <trkpt lat="38.364654" lon="-7.514485">
        <ele>214.28</ele>
      </trkpt>
      <trkpt lat="38.364715" lon="-7.514417">
        <ele>214.15</ele>
      </trkpt>
      <trkpt lat="38.364776" lon="-7.514388">
        <ele>214.4</ele>
      </trkpt>
      <trkpt lat="38.36484" lon="-7.514384">
        <ele>214.85</ele>
      </trkpt>
      <trkpt lat="38.364902" lon="-7.514406">
        <ele>215</ele>
      </trkpt>
      <trkpt lat="38.364949" lon="-7.514441">
        <ele>215</ele>
      </trkpt>
      <trkpt lat="38.364986" lon="-7.514491">
        <ele>215</ele>
      </trkpt>
      <trkpt lat="38.365046" lon="-7.514547">
        <ele>215.37</ele>
      </trkpt>
      <trkpt lat="38.365115" lon="-7.514584">
        <ele>215.94</ele>
      </trkpt>
      <trkpt lat="38.365189" lon="-7.514603">
        <ele>216</ele>
      </trkpt>
      <trkpt lat="38.365333" lon="-7.514621">
        <ele>216</ele>
      </trkpt>
      <trkpt lat="38.366964" lon="-7.514583">
        <ele>220.88</ele>
      </trkpt>
      <trkpt lat="38.367605" lon="-7.514608">
        <ele>222.29</ele>
      </trkpt>
      <trkpt lat="38.367922" lon="-7.514658">
        <ele>223.33</ele>
      </trkpt>
      <trkpt lat="38.368187" lon="-7.514723">
        <ele>223.06</ele>
      </trkpt>
      <trkpt lat="38.36856" lon="-7.514853">
        <ele>223.31</ele>
      </trkpt>
      <trkpt lat="38.36885" lon="-7.515007">
        <ele>223.78</ele>
      </trkpt>
      <trkpt lat="38.368873" lon="-7.514944">
        <ele>223.95</ele>
      </trkpt>
      <trkpt lat="38.36891" lon="-7.514893">
        <ele>224</ele>
      </trkpt>
      <trkpt lat="38.368957" lon="-7.514859">
        <ele>224</ele>
      </trkpt>
      <trkpt lat="38.36901" lon="-7.514844">
        <ele>224</ele>
      </trkpt>
      <trkpt lat="38.369065" lon="-7.514851">
        <ele>223.93</ele>
      </trkpt>
      <trkpt lat="38.369115" lon="-7.514878">
        <ele>223.9</ele>
      </trkpt>
      <trkpt lat="38.369156" lon="-7.514923">
        <ele>224</ele>
      </trkpt>
      <trkpt lat="38.369185" lon="-7.514982">
        <ele>223.9</ele>
      </trkpt>
      <trkpt lat="38.369198" lon="-7.51505">
        <ele>223.8</ele>
      </trkpt>
      <trkpt lat="38.369195" lon="-7.515119">
        <ele>223.63</ele>
      </trkpt>
      <trkpt lat="38.369175" lon="-7.515184">
        <ele>223.38</ele>
      </trkpt>
      <trkpt lat="38.370619" lon="-7.515924">
        <ele>222.09</ele>
      </trkpt>
      <trkpt lat="38.37382" lon="-7.51763">
        <ele>221.6</ele>
      </trkpt>
      <trkpt lat="38.374226" lon="-7.517792">
        <ele>221</ele>
      </trkpt>
      <trkpt lat="38.374383" lon="-7.517826">
        <ele>220.75</ele>
      </trkpt>
      <trkpt lat="38.377424" lon="-7.518474">
        <ele>216</ele>
      </trkpt>
      <trkpt lat="38.37849" lon="-7.518701">
        <ele>216</ele>
      </trkpt>
      <trkpt lat="38.379683" lon="-7.519036">
        <ele>215.06</ele>
      </trkpt>
      <trkpt lat="38.382072" lon="-7.519907">
        <ele>212.3</ele>
      </trkpt>
      <trkpt lat="38.382374" lon="-7.520041">
        <ele>211.87</ele>
      </trkpt>
      <trkpt lat="38.382753" lon="-7.52027">
        <ele>211.95</ele>
      </trkpt>
      <trkpt lat="38.384549" lon="-7.521457">
        <ele>212</ele>
      </trkpt>
      <trkpt lat="38.385267" lon="-7.521943">
        <ele>210.97</ele>
      </trkpt>
      <trkpt lat="38.385787" lon="-7.52228">
        <ele>211</ele>
      </trkpt>
      <trkpt lat="38.386039" lon="-7.522408">
        <ele>210.94</ele>
      </trkpt>
      <trkpt lat="38.386306" lon="-7.522506">
        <ele>210.17</ele>
      </trkpt>
      <trkpt lat="38.386637" lon="-7.522572">
        <ele>209.77</ele>
      </trkpt>
      <trkpt lat="38.386905" lon="-7.522566">
        <ele>209</ele>
      </trkpt>
      <trkpt lat="38.387205" lon="-7.522524">
        <ele>208.29</ele>
      </trkpt>
      <trkpt lat="38.387622" lon="-7.522417">
        <ele>208</ele>
      </trkpt>
      <trkpt lat="38.387978" lon="-7.522277">
        <ele>207.44</ele>
      </trkpt>
      <trkpt lat="38.388065" lon="-7.522228">
        <ele>207</ele>
      </trkpt>
      <trkpt lat="38.388164" lon="-7.522157">
        <ele>207</ele>
      </trkpt>
      <trkpt lat="38.388247" lon="-7.52207">
        <ele>206.82</ele>
      </trkpt>
      <trkpt lat="38.388304" lon="-7.521956">
        <ele>206.9</ele>
      </trkpt>
      <trkpt lat="38.388305" lon="-7.521876">
        <ele>206.91</ele>
      </trkpt>
      <trkpt lat="38.388323" lon="-7.5218">
        <ele>206.96</ele>
      </trkpt>
      <trkpt lat="38.388358" lon="-7.521734">
        <ele>206.48</ele>
      </trkpt>
      <trkpt lat="38.388407" lon="-7.521684">
        <ele>206.14</ele>
      </trkpt>
      <trkpt lat="38.388464" lon="-7.521653">
        <ele>206</ele>
      </trkpt>
      <trkpt lat="38.388526" lon="-7.521644">
        <ele>206</ele>
      </trkpt>
      <trkpt lat="38.388585" lon="-7.521657">
        <ele>206</ele>
      </trkpt>
      <trkpt lat="38.388639" lon="-7.52169">
        <ele>206</ele>
      </trkpt>
      <trkpt lat="38.388684" lon="-7.521741">
        <ele>206</ele>
      </trkpt>
      <trkpt lat="38.388714" lon="-7.521801">
        <ele>206</ele>
      </trkpt>
      <trkpt lat="38.388819" lon="-7.521895">
        <ele>206</ele>
      </trkpt>
      <trkpt lat="38.388958" lon="-7.521965">
        <ele>206</ele>
      </trkpt>
      <trkpt lat="38.389157" lon="-7.521991">
        <ele>205.62</ele>
      </trkpt>
      <trkpt lat="38.389422" lon="-7.522003">
        <ele>205</ele>
      </trkpt>
      <trkpt lat="38.389711" lon="-7.521983">
        <ele>204.95</ele>
      </trkpt>
      <trkpt lat="38.390187" lon="-7.522016">
        <ele>204.67</ele>
      </trkpt>
      <trkpt lat="38.390591" lon="-7.522089">
        <ele>204.66</ele>
      </trkpt>
      <trkpt lat="38.391" lon="-7.522234">
        <ele>204.64</ele>
      </trkpt>
      <trkpt lat="38.391445" lon="-7.522412">
        <ele>204.64</ele>
      </trkpt>
      <trkpt lat="38.394456" lon="-7.524012">
        <ele>205.3</ele>
      </trkpt>
      <trkpt lat="38.396627" lon="-7.525166">
        <ele>205.78</ele>
      </trkpt>
      <trkpt lat="38.397614" lon="-7.52569">
        <ele>208</ele>
      </trkpt>
      <trkpt lat="38.400822" lon="-7.527394">
        <ele>207</ele>
      </trkpt>
      <trkpt lat="38.401845" lon="-7.527945">
        <ele>207.29</ele>
      </trkpt>
      <trkpt lat="38.402869" lon="-7.528496">
        <ele>210.01</ele>
      </trkpt>
      <trkpt lat="38.406129" lon="-7.530241">
        <ele>208.12</ele>
      </trkpt>
      <trkpt lat="38.409748" lon="-7.532173">
        <ele>213</ele>
      </trkpt>
      <trkpt lat="38.410157" lon="-7.532403">
        <ele>211.99</ele>
      </trkpt>
      <trkpt lat="38.41048" lon="-7.532518">
        <ele>211</ele>
      </trkpt>
      <trkpt lat="38.412332" lon="-7.532835">
        <ele>210</ele>
      </trkpt>
      <trkpt lat="38.413024" lon="-7.532977">
        <ele>209.66</ele>
      </trkpt>
      <trkpt lat="38.413271" lon="-7.533071">
        <ele>209.14</ele>
      </trkpt>
      <trkpt lat="38.415155" lon="-7.534261">
        <ele>211.53</ele>
      </trkpt>
      <trkpt lat="38.416507" lon="-7.535162">
        <ele>215</ele>
      </trkpt>
      <trkpt lat="38.417047" lon="-7.535501">
        <ele>216.15</ele>
      </trkpt>
      <trkpt lat="38.417258" lon="-7.535591">
        <ele>217</ele>
      </trkpt>
      <trkpt lat="38.417559" lon="-7.535536">
        <ele>218</ele>
      </trkpt>
      <trkpt lat="38.417592" lon="-7.535509">
        <ele>218.15</ele>
      </trkpt>
      <trkpt lat="38.417645" lon="-7.535488">
        <ele>218.39</ele>
      </trkpt>
      <trkpt lat="38.417701" lon="-7.53549">
        <ele>218.68</ele>
      </trkpt>
      <trkpt lat="38.417753" lon="-7.535516">
        <ele>218.89</ele>
      </trkpt>
      <trkpt lat="38.41781" lon="-7.535589">
        <ele>219</ele>
      </trkpt>
      <trkpt lat="38.417923" lon="-7.535705">
        <ele>219.1</ele>
      </trkpt>
      <trkpt lat="38.418046" lon="-7.535801">
        <ele>220.36</ele>
      </trkpt>
      <trkpt lat="38.41847" lon="-7.535884">
        <ele>221.76</ele>
      </trkpt>
      <trkpt lat="38.418581" lon="-7.53587">
        <ele>222.12</ele>
      </trkpt>
      <trkpt lat="38.419147" lon="-7.53572">
        <ele>221.99</ele>
      </trkpt>
      <trkpt lat="38.41928" lon="-7.535674">
        <ele>221.47</ele>
      </trkpt>
      <trkpt lat="38.419356" lon="-7.535669">
        <ele>221.48</ele>
      </trkpt>
      <trkpt lat="38.419426" lon="-7.535681">
        <ele>221.84</ele>
      </trkpt>
      <trkpt lat="38.419479" lon="-7.535701">
        <ele>222</ele>
      </trkpt>
      <trkpt lat="38.419714" lon="-7.535852">
        <ele>221.22</ele>
      </trkpt>
      <trkpt lat="38.420964" lon="-7.536685">
        <ele>222.38</ele>
      </trkpt>
      <trkpt lat="38.421131" lon="-7.536814">
        <ele>222.56</ele>
      </trkpt>
      <trkpt lat="38.421391" lon="-7.537075">
        <ele>222.45</ele>
      </trkpt>
      <trkpt lat="38.421491" lon="-7.537203">
        <ele>222.45</ele>
      </trkpt>
      <trkpt lat="38.42161" lon="-7.537328">
        <ele>222.64</ele>
      </trkpt>
      <trkpt lat="38.421723" lon="-7.537423">
        <ele>222.09</ele>
      </trkpt>
      <trkpt lat="38.421875" lon="-7.537512">
        <ele>222</ele>
      </trkpt>
      <trkpt lat="38.422312" lon="-7.537662">
        <ele>220.78</ele>
      </trkpt>
      <trkpt lat="38.422422" lon="-7.537657">
        <ele>220.01</ele>
      </trkpt>
      <trkpt lat="38.422527" lon="-7.537623">
        <ele>220.06</ele>
      </trkpt>
      <trkpt lat="38.422564" lon="-7.537597">
        <ele>220</ele>
      </trkpt>
      <trkpt lat="38.422604" lon="-7.537588">
        <ele>220</ele>
      </trkpt>
      <trkpt lat="38.422697" lon="-7.537523">
        <ele>219.93</ele>
      </trkpt>
      <trkpt lat="38.422784" lon="-7.537417">
        <ele>219.24</ele>
      </trkpt>
      <trkpt lat="38.423078" lon="-7.536838">
        <ele>218.22</ele>
      </trkpt>
      <trkpt lat="38.423775" lon="-7.535463">
        <ele>218</ele>
      </trkpt>
      <trkpt lat="38.424039" lon="-7.534887">
        <ele>218</ele>
      </trkpt>
      <trkpt lat="38.424176" lon="-7.534634">
        <ele>218.29</ele>
      </trkpt>
      <trkpt lat="38.423513" lon="-7.53366">
        <ele>224.97</ele>
      </trkpt>
      <trkpt lat="38.423487" lon="-7.533595">
        <ele>225.38</ele>
      </trkpt>
      <trkpt lat="38.423486" lon="-7.533513">
        <ele>225.83</ele>
      </trkpt>
      <trkpt lat="38.423595" lon="-7.533143">
        <ele>224.28</ele>
      </trkpt>
      <trkpt lat="38.423745" lon="-7.532695">
        <ele>222.51</ele>
      </trkpt>
      <trkpt lat="38.423841" lon="-7.53249">
        <ele>220.67</ele>
      </trkpt>
      <trkpt lat="38.423941" lon="-7.532223">
        <ele>219.69</ele>
      </trkpt>
      <trkpt lat="38.424222" lon="-7.531564">
        <ele>217</ele>
      </trkpt>
      <trkpt lat="38.424949" lon="-7.529813">
        <ele>214.93</ele>
      </trkpt>
      <trkpt lat="38.425036" lon="-7.529577">
        <ele>214.6</ele>
      </trkpt>
      <trkpt lat="38.425101" lon="-7.529296">
        <ele>214</ele>
      </trkpt>
      <trkpt lat="38.425118" lon="-7.529157">
        <ele>214.04</ele>
      </trkpt>
      <trkpt lat="38.425124" lon="-7.529022">
        <ele>214.01</ele>
      </trkpt>
      <trkpt lat="38.425118" lon="-7.528439">
        <ele>212.07</ele>
      </trkpt>
      <trkpt lat="38.425067" lon="-7.526302">
        <ele>204.25</ele>
      </trkpt>
      <trkpt lat="38.42502" lon="-7.524264">
        <ele>202</ele>
      </trkpt>
      <trkpt lat="38.424994" lon="-7.523303">
        <ele>199.7</ele>
      </trkpt>
      <trkpt lat="38.424957" lon="-7.523078">
        <ele>199</ele>
      </trkpt>
      <trkpt lat="38.424888" lon="-7.522767">
        <ele>199</ele>
      </trkpt>
      <trkpt lat="38.424845" lon="-7.522638">
        <ele>199</ele>
      </trkpt>
      <trkpt lat="38.424807" lon="-7.52255">
        <ele>198.85</ele>
      </trkpt>
      <trkpt lat="38.42476" lon="-7.522463">
        <ele>198.38</ele>
      </trkpt>
      <trkpt lat="38.424741" lon="-7.52238">
        <ele>198.25</ele>
      </trkpt>
      <trkpt lat="38.424743" lon="-7.522294">
        <ele>198.25</ele>
      </trkpt>
      <trkpt lat="38.424764" lon="-7.522212">
        <ele>198.2</ele>
      </trkpt>
      <trkpt lat="38.424802" lon="-7.522145">
        <ele>198.06</ele>
      </trkpt>
      <trkpt lat="38.424886" lon="-7.521949">
        <ele>197.98</ele>
      </trkpt>
      <trkpt lat="38.42491" lon="-7.521794">
        <ele>197.53</ele>
      </trkpt>
      <trkpt lat="38.424936" lon="-7.521149">
        <ele>196.09</ele>
      </trkpt>
      <trkpt lat="38.424868" lon="-7.518273">
        <ele>191.92</ele>
      </trkpt>
      <trkpt lat="38.424817" lon="-7.51614">
        <ele>191</ele>
      </trkpt>
      <trkpt lat="38.424546" lon="-7.514718">
        <ele>187</ele>
      </trkpt>
      <trkpt lat="38.423702" lon="-7.510288">
        <ele>185.07</ele>
      </trkpt>
      <trkpt lat="38.423481" lon="-7.509187">
        <ele>184.82</ele>
      </trkpt>
      <trkpt lat="38.423308" lon="-7.508106">
        <ele>186.15</ele>
      </trkpt>
      <trkpt lat="38.423275" lon="-7.507861">
        <ele>186.71</ele>
      </trkpt>
      <trkpt lat="38.423259" lon="-7.507515">
        <ele>187.23</ele>
      </trkpt>
      <trkpt lat="38.423299" lon="-7.506877">
        <ele>187</ele>
      </trkpt>
      <trkpt lat="38.423464" lon="-7.506202">
        <ele>186.3</ele>
      </trkpt>
      <trkpt lat="38.423862" lon="-7.504919">
        <ele>183</ele>
      </trkpt>
      <trkpt lat="38.42425" lon="-7.50367">
        <ele>183</ele>
      </trkpt>
      <trkpt lat="38.424635" lon="-7.502433">
        <ele>180.22</ele>
      </trkpt>
      <trkpt lat="38.424997" lon="-7.50127">
        <ele>180.55</ele>
      </trkpt>
      <trkpt lat="38.425213" lon="-7.500577">
        <ele>180.75</ele>
      </trkpt>
      <trkpt lat="38.425366" lon="-7.499928">
        <ele>180.81</ele>
      </trkpt>
      <trkpt lat="38.425481" lon="-7.496922">
        <ele>175</ele>
      </trkpt>
      <trkpt lat="38.425612" lon="-7.49294">
        <ele>171.2</ele>
      </trkpt>
      <trkpt lat="38.425617" lon="-7.492631">
        <ele>171.38</ele>
      </trkpt>
      <trkpt lat="38.425598" lon="-7.492389">
        <ele>171.61</ele>
      </trkpt>
      <trkpt lat="38.425541" lon="-7.49213">
        <ele>172</ele>
      </trkpt>
      <trkpt lat="38.425469" lon="-7.491958">
        <ele>171.65</ele>
      </trkpt>
      <trkpt lat="38.424771" lon="-7.490496">
        <ele>170.04</ele>
      </trkpt>
      <trkpt lat="38.422536" lon="-7.485816">
        <ele>168.9</ele>
      </trkpt>
      <trkpt lat="38.421978" lon="-7.484647">
        <ele>167.05</ele>
      </trkpt>
      <trkpt lat="38.421878" lon="-7.48445">
        <ele>167.93</ele>
      </trkpt>
      <trkpt lat="38.421743" lon="-7.484231">
        <ele>167</ele>
      </trkpt>
      <trkpt lat="38.420739" lon="-7.482954">
        <ele>165.9</ele>
      </trkpt>
      <trkpt lat="38.420567" lon="-7.482682">
        <ele>165.43</ele>
      </trkpt>
      <trkpt lat="38.420526" lon="-7.482584">
        <ele>165.89</ele>
      </trkpt>
      <trkpt lat="38.420472" lon="-7.482417">
        <ele>165.06</ele>
      </trkpt>
      <trkpt lat="38.420443" lon="-7.482294">
        <ele>165.19</ele>
      </trkpt>
      <trkpt lat="38.420422" lon="-7.482122">
        <ele>165.12</ele>
      </trkpt>
      <trkpt lat="38.420415" lon="-7.481934">
        <ele>164.86</ele>
      </trkpt>
      <trkpt lat="38.420423" lon="-7.481808">
        <ele>164.71</ele>
      </trkpt>
      <trkpt lat="38.420469" lon="-7.4816">
        <ele>164.27</ele>
      </trkpt>
      <trkpt lat="38.420552" lon="-7.481357">
        <ele>164.69</ele>
      </trkpt>
      <trkpt lat="38.42076" lon="-7.480819">
        <ele>162.37</ele>
      </trkpt>
      <trkpt lat="38.420898" lon="-7.480463">
        <ele>163.66</ele>
      </trkpt>
      <trkpt lat="38.420966" lon="-7.480221">
        <ele>164.29</ele>
      </trkpt>
      <trkpt lat="38.420982" lon="-7.480009">
        <ele>164.62</ele>
      </trkpt>
      <trkpt lat="38.420977" lon="-7.479819">
        <ele>164.69</ele>
      </trkpt>
      <trkpt lat="38.42095" lon="-7.479592">
        <ele>164.93</ele>
      </trkpt>
      <trkpt lat="38.420839" lon="-7.478959">
        <ele>166.29</ele>
      </trkpt>
      <trkpt lat="38.420528" lon="-7.477268">
        <ele>164.98</ele>
      </trkpt>
      <trkpt lat="38.42035" lon="-7.476418">
        <ele>165</ele>
      </trkpt>
      <trkpt lat="38.420242" lon="-7.475656">
        <ele>164.97</ele>
      </trkpt>
      <trkpt lat="38.419325" lon="-7.470569">
        <ele>161</ele>
      </trkpt>
      <trkpt lat="38.418939" lon="-7.468388">
        <ele>159.44</ele>
      </trkpt>
      <trkpt lat="38.418907" lon="-7.468206">
        <ele>159.52</ele>
      </trkpt>
      <trkpt lat="38.418421" lon="-7.465471">
        <ele>162.38</ele>
      </trkpt>
      <trkpt lat="38.417434" lon="-7.460015">
        <ele>170</ele>
      </trkpt>
      <trkpt lat="38.416736" lon="-7.456081">
        <ele>170</ele>
      </trkpt>
      <trkpt lat="38.41645" lon="-7.453613">
        <ele>168</ele>
      </trkpt>
      <trkpt lat="38.416259" lon="-7.451936">
        <ele>169.3</ele>
      </trkpt>
      <trkpt lat="38.415457" lon="-7.444889">
        <ele>167</ele>
      </trkpt>
      <trkpt lat="38.41515" lon="-7.442204">
        <ele>173.86</ele>
      </trkpt>
      <trkpt lat="38.415035" lon="-7.441197">
        <ele>173.1</ele>
      </trkpt>
      <trkpt lat="38.414946" lon="-7.440376">
        <ele>173</ele>
      </trkpt>
      <trkpt lat="38.414867" lon="-7.439272">
        <ele>171</ele>
      </trkpt>
      <trkpt lat="38.414834" lon="-7.43863">
        <ele>170.66</ele>
      </trkpt>
      <trkpt lat="38.414822" lon="-7.43784">
        <ele>169.72</ele>
      </trkpt>
      <trkpt lat="38.414836" lon="-7.437142">
        <ele>169.26</ele>
      </trkpt>
      <trkpt lat="38.414886" lon="-7.436181">
        <ele>168.89</ele>
      </trkpt>
      <trkpt lat="38.414953" lon="-7.435485">
        <ele>168.85</ele>
      </trkpt>
      <trkpt lat="38.415087" lon="-7.434481">
        <ele>170</ele>
      </trkpt>
      <trkpt lat="38.415275" lon="-7.433142">
        <ele>169.38</ele>
      </trkpt>
      <trkpt lat="38.415554" lon="-7.431148">
        <ele>171.86</ele>
      </trkpt>
      <trkpt lat="38.415693" lon="-7.430165">
        <ele>175.59</ele>
      </trkpt>
      <trkpt lat="38.416455" lon="-7.424739">
        <ele>185.39</ele>
      </trkpt>
      <trkpt lat="38.416696" lon="-7.423002">
        <ele>183.45</ele>
      </trkpt>
      <trkpt lat="38.416885" lon="-7.421398">
        <ele>180</ele>
      </trkpt>
      <trkpt lat="38.416946" lon="-7.420574">
        <ele>176.82</ele>
      </trkpt>
      <trkpt lat="38.416969" lon="-7.41955">
        <ele>173.66</ele>
      </trkpt>
      <trkpt lat="38.416929" lon="-7.418515">
        <ele>171.61</ele>
      </trkpt>
      <trkpt lat="38.416843" lon="-7.417555">
        <ele>169.64</ele>
      </trkpt>
      <trkpt lat="38.416645" lon="-7.416278">
        <ele>168.66</ele>
      </trkpt>
      <trkpt lat="38.416489" lon="-7.415655">
        <ele>166.11</ele>
      </trkpt>
      <trkpt lat="38.416334" lon="-7.415031">
        <ele>165.72</ele>
      </trkpt>
      <trkpt lat="38.41616900351792" lon="-7.41447774042069">
        <ele>163.97803080109975</ele>
      </trkpt>
      <trkpt lat="38.416169" lon="-7.414478">
        <ele>163.98</ele>
      </trkpt>
      <trkpt lat="38.416065" lon="-7.414129">
        <ele>162.88</ele>
      </trkpt>
      <trkpt lat="38.415994" lon="-7.413832">
        <ele>161.23</ele>
      </trkpt>
      <trkpt lat="38.415788" lon="-7.413245">
        <ele>159.07</ele>
      </trkpt>
      <trkpt lat="38.415789" lon="-7.413067">
        <ele>157.69</ele>
      </trkpt>
      <trkpt lat="38.415816" lon="-7.412915">
        <ele>157.95</ele>
      </trkpt>
      <trkpt lat="38.41591" lon="-7.412801">
        <ele>157.95</ele>
      </trkpt>
      <trkpt lat="38.416279" lon="-7.412571">
        <ele>159.29</ele>
      </trkpt>
      <trkpt lat="38.41627882753919" lon="-7.412570749281897">
        <ele>159.2904660682873</ele>
      </trkpt>
      <trkpt lat="38.417294" lon="-7.411937">
        <ele>162.98</ele>
      </trkpt>
      <trkpt lat="38.417995" lon="-7.411509">
        <ele>166.03</ele>
      </trkpt>
      <trkpt lat="38.418717" lon="-7.4111">
        <ele>168.79</ele>
      </trkpt>
      <trkpt lat="38.419312" lon="-7.410823">
        <ele>173.08</ele>
      </trkpt>
      <trkpt lat="38.419898" lon="-7.4106">
        <ele>175.17</ele>
      </trkpt>
      <trkpt lat="38.420418" lon="-7.41045">
        <ele>177.43</ele>
      </trkpt>
      <trkpt lat="38.420964" lon="-7.410328">
        <ele>179.26</ele>
      </trkpt>
      <trkpt lat="38.421502" lon="-7.410263">
        <ele>182.27</ele>
      </trkpt>
      <trkpt lat="38.42185" lon="-7.410233">
        <ele>183.21</ele>
      </trkpt>
      <trkpt lat="38.422512" lon="-7.410226">
        <ele>183.77</ele>
      </trkpt>
      <trkpt lat="38.423165" lon="-7.410246">
        <ele>183.5</ele>
      </trkpt>
      <trkpt lat="38.424783" lon="-7.41032">
        <ele>178.86</ele>
      </trkpt>
      <trkpt lat="38.425073" lon="-7.410329">
        <ele>178.97</ele>
      </trkpt>
      <trkpt lat="38.425568" lon="-7.410324">
        <ele>178.91</ele>
      </trkpt>
      <trkpt lat="38.426032" lon="-7.410289">
        <ele>177.13</ele>
      </trkpt>
      <trkpt lat="38.426478" lon="-7.410231">
        <ele>177.67</ele>
      </trkpt>
      <trkpt lat="38.426876" lon="-7.410139">
        <ele>178.81</ele>
      </trkpt>
      <trkpt lat="38.427175" lon="-7.410058">
        <ele>178.72</ele>
      </trkpt>
      <trkpt lat="38.427455" lon="-7.409954">
        <ele>180</ele>
      </trkpt>
      <trkpt lat="38.427838" lon="-7.409781">
        <ele>181.18</ele>
      </trkpt>
      <trkpt lat="38.428337" lon="-7.409488">
        <ele>182.18</ele>
      </trkpt>
      <trkpt lat="38.428662" lon="-7.409248">
        <ele>183.14</ele>
      </trkpt>
      <trkpt lat="38.428958" lon="-7.409007">
        <ele>182.67</ele>
      </trkpt>
      <trkpt lat="38.429198" lon="-7.408772">
        <ele>182.95</ele>
      </trkpt>
      <trkpt lat="38.429416" lon="-7.408539">
        <ele>182.97</ele>
      </trkpt>
      <trkpt lat="38.429576" lon="-7.408352">
        <ele>183.75</ele>
      </trkpt>
      <trkpt lat="38.429725" lon="-7.408163">
        <ele>184.85</ele>
      </trkpt>
      <trkpt lat="38.429918" lon="-7.407892">
        <ele>185.08</ele>
      </trkpt>
      <trkpt lat="38.430171" lon="-7.4075">
        <ele>185.41</ele>
      </trkpt>
      <trkpt lat="38.430462" lon="-7.406939">
        <ele>185.09</ele>
      </trkpt>
      <trkpt lat="38.430648" lon="-7.406515">
        <ele>183.88</ele>
      </trkpt>
      <trkpt lat="38.430829" lon="-7.406008">
        <ele>181.5</ele>
      </trkpt>
      <trkpt lat="38.430982" lon="-7.405473">
        <ele>181.47</ele>
      </trkpt>
      <trkpt lat="38.431093" lon="-7.404951">
        <ele>181</ele>
      </trkpt>
      <trkpt lat="38.431139" lon="-7.404676">
        <ele>180.76</ele>
      </trkpt>
      <trkpt lat="38.431215" lon="-7.403919">
        <ele>179.42</ele>
      </trkpt>
      <trkpt lat="38.431231" lon="-7.403503">
        <ele>178.59</ele>
      </trkpt>
      <trkpt lat="38.431229" lon="-7.40314">
        <ele>178.6</ele>
      </trkpt>
      <trkpt lat="38.431215" lon="-7.402743">
        <ele>178</ele>
      </trkpt>
      <trkpt lat="38.431164" lon="-7.402073">
        <ele>176.83</ele>
      </trkpt>
      <trkpt lat="38.431117" lon="-7.401683">
        <ele>176.13</ele>
      </trkpt>
      <trkpt lat="38.431014" lon="-7.400935">
        <ele>176.22</ele>
      </trkpt>
      <trkpt lat="38.430826" lon="-7.399831">
        <ele>178.19</ele>
      </trkpt>
      <trkpt lat="38.430766" lon="-7.399485">
        <ele>176.15</ele>
      </trkpt>
      <trkpt lat="38.430706" lon="-7.39914">
        <ele>177.51</ele>
      </trkpt>
      <trkpt lat="38.430328" lon="-7.397006">
        <ele>172.85</ele>
      </trkpt>
      <trkpt lat="38.430139" lon="-7.395941">
        <ele>173</ele>
      </trkpt>
      <trkpt lat="38.429988" lon="-7.394962">
        <ele>172</ele>
      </trkpt>
      <trkpt lat="38.429959" lon="-7.394676">
        <ele>172</ele>
      </trkpt>
      <trkpt lat="38.429936" lon="-7.394347">
        <ele>172</ele>
      </trkpt>
      <trkpt lat="38.429928" lon="-7.39385">
        <ele>171.79</ele>
      </trkpt>
      <trkpt lat="38.429962" lon="-7.393344">
        <ele>170.23</ele>
      </trkpt>
      <trkpt lat="38.430002" lon="-7.393045">
        <ele>170.58</ele>
      </trkpt>
      <trkpt lat="38.430058" lon="-7.392735">
        <ele>170.58</ele>
      </trkpt>
      <trkpt lat="38.430139" lon="-7.392377">
        <ele>168.45</ele>
      </trkpt>
      <trkpt lat="38.430262" lon="-7.391975">
        <ele>166.92</ele>
      </trkpt>
      <trkpt lat="38.430455" lon="-7.391484">
        <ele>167.08</ele>
      </trkpt>
      <trkpt lat="38.43061" lon="-7.391155">
        <ele>169</ele>
      </trkpt>
      <trkpt lat="38.430733" lon="-7.390945">
        <ele>170.12</ele>
      </trkpt>
      <trkpt lat="38.431005" lon="-7.390492">
        <ele>168.81</ele>
      </trkpt>
      <trkpt lat="38.431386" lon="-7.389945">
        <ele>168.48</ele>
      </trkpt>
      <trkpt lat="38.431947" lon="-7.389141">
        <ele>175.88</ele>
      </trkpt>
      <trkpt lat="38.433497" lon="-7.386928">
        <ele>185.02</ele>
      </trkpt>
      <trkpt lat="38.433876" lon="-7.38636">
        <ele>188.75</ele>
      </trkpt>
      <trkpt lat="38.433991" lon="-7.386168">
        <ele>190.82</ele>
      </trkpt>
      <trkpt lat="38.434103" lon="-7.385953">
        <ele>192.35</ele>
      </trkpt>
      <trkpt lat="38.434206" lon="-7.385738">
        <ele>194.51</ele>
      </trkpt>
      <trkpt lat="38.434306" lon="-7.385473">
        <ele>198.48</ele>
      </trkpt>
      <trkpt lat="38.434458" lon="-7.384954">
        <ele>206</ele>
      </trkpt>
      <trkpt lat="38.434519" lon="-7.384713">
        <ele>208.27</ele>
      </trkpt>
      <trkpt lat="38.434613" lon="-7.384245">
        <ele>210.38</ele>
      </trkpt>
      <trkpt lat="38.434707" lon="-7.383769">
        <ele>210.52</ele>
      </trkpt>
      <trkpt lat="38.434738" lon="-7.383664">
        <ele>211.36</ele>
      </trkpt>
      <trkpt lat="38.43478" lon="-7.383574">
        <ele>212.83</ele>
      </trkpt>
      <trkpt lat="38.434896" lon="-7.383428">
        <ele>216.19</ele>
      </trkpt>
      <trkpt lat="38.434954" lon="-7.38338">
        <ele>217.44</ele>
      </trkpt>
      <trkpt lat="38.43502" lon="-7.383343">
        <ele>218.73</ele>
      </trkpt>
      <trkpt lat="38.435098" lon="-7.383321">
        <ele>220.13</ele>
      </trkpt>
      <trkpt lat="38.435175" lon="-7.383317">
        <ele>221.19</ele>
      </trkpt>
      <trkpt lat="38.435312" lon="-7.383357">
        <ele>222.61</ele>
      </trkpt>
      <trkpt lat="38.435606" lon="-7.383514">
        <ele>226.56</ele>
      </trkpt>
      <trkpt lat="38.43571" lon="-7.383549">
        <ele>228.34</ele>
      </trkpt>
      <trkpt lat="38.435875" lon="-7.383559">
        <ele>229.94</ele>
      </trkpt>
      <trkpt lat="38.436031" lon="-7.383533">
        <ele>231.2</ele>
      </trkpt>
      <trkpt lat="38.436169" lon="-7.383492">
        <ele>231.98</ele>
      </trkpt>
      <trkpt lat="38.436298" lon="-7.38344">
        <ele>233.31</ele>
      </trkpt>
      <trkpt lat="38.436435" lon="-7.383357">
        <ele>234.18</ele>
      </trkpt>
      <trkpt lat="38.436544" lon="-7.383256">
        <ele>235.6</ele>
      </trkpt>
      <trkpt lat="38.436657" lon="-7.38311">
        <ele>237.19</ele>
      </trkpt>
      <trkpt lat="38.436791" lon="-7.382892">
        <ele>239.27</ele>
      </trkpt>
      <trkpt lat="38.43699" lon="-7.38258">
        <ele>238.28</ele>
      </trkpt>
      <trkpt lat="38.437055" lon="-7.382501">
        <ele>238.84</ele>
      </trkpt>
      <trkpt lat="38.437133" lon="-7.382432">
        <ele>239.67</ele>
      </trkpt>
      <trkpt lat="38.437297" lon="-7.382309">
        <ele>241.95</ele>
      </trkpt>
      <trkpt lat="38.437415" lon="-7.38223">
        <ele>242.69</ele>
      </trkpt>
      <trkpt lat="38.437624" lon="-7.38213">
        <ele>245.71</ele>
      </trkpt>
      <trkpt lat="38.437726" lon="-7.382115">
        <ele>246.91</ele>
      </trkpt>
      <trkpt lat="38.437903" lon="-7.382116">
        <ele>248.59</ele>
      </trkpt>
      <trkpt lat="38.438244" lon="-7.382254">
        <ele>252.42</ele>
      </trkpt>
      <trkpt lat="38.438587" lon="-7.382506">
        <ele>257.86</ele>
      </trkpt>
      <trkpt lat="38.438864" lon="-7.382584">
        <ele>261.17</ele>
      </trkpt>
      <trkpt lat="38.439363" lon="-7.382454">
        <ele>267.87</ele>
      </trkpt>
      <trkpt lat="38.440185" lon="-7.382189">
        <ele>275.5</ele>
      </trkpt>
      <trkpt lat="38.440409" lon="-7.382014">
        <ele>277.57</ele>
      </trkpt>
      <trkpt lat="38.441369" lon="-7.381002">
        <ele>284.45</ele>
      </trkpt>
      <trkpt lat="38.441561" lon="-7.38079">
        <ele>286.1</ele>
      </trkpt>
      <trkpt lat="38.441769" lon="-7.380481">
        <ele>287.64</ele>
      </trkpt>
      <trkpt lat="38.441898" lon="-7.380256">
        <ele>289.26</ele>
      </trkpt>
      <trkpt lat="38.442169" lon="-7.379755">
        <ele>294.94</ele>
      </trkpt>
      <trkpt lat="38.442204" lon="-7.379649">
        <ele>295.62</ele>
      </trkpt>
      <trkpt lat="38.442201" lon="-7.379463">
        <ele>295.75</ele>
      </trkpt>
      <trkpt lat="38.442172" lon="-7.379433">
        <ele>295.48</ele>
      </trkpt>
      <trkpt lat="38.442151" lon="-7.379394">
        <ele>295.4</ele>
      </trkpt>
      <trkpt lat="38.442141" lon="-7.379348">
        <ele>295.34</ele>
      </trkpt>
      <trkpt lat="38.442143" lon="-7.379301">
        <ele>295.24</ele>
      </trkpt>
      <trkpt lat="38.442156" lon="-7.379256">
        <ele>295.16</ele>
      </trkpt>
      <trkpt lat="38.442187" lon="-7.379211">
        <ele>295.05</ele>
      </trkpt>
      <trkpt lat="38.442224" lon="-7.379109">
        <ele>293.94</ele>
      </trkpt>
      <trkpt lat="38.442253" lon="-7.379056">
        <ele>293.5</ele>
      </trkpt>
      <trkpt lat="38.442338" lon="-7.378964">
        <ele>291.73</ele>
      </trkpt>
      <trkpt lat="38.442441" lon="-7.378883">
        <ele>289.16</ele>
      </trkpt>
      <trkpt lat="38.442653" lon="-7.378763">
        <ele>286.3</ele>
      </trkpt>
      <trkpt lat="38.442999" lon="-7.378589">
        <ele>284.37</ele>
      </trkpt>
      <trkpt lat="38.443224" lon="-7.378501">
        <ele>285.43</ele>
      </trkpt>
      <trkpt lat="38.443299" lon="-7.378482">
        <ele>285.98</ele>
      </trkpt>
      <trkpt lat="38.443408" lon="-7.378468">
        <ele>285.79</ele>
      </trkpt>
      <trkpt lat="38.443575" lon="-7.378483">
        <ele>286.65</ele>
      </trkpt>
      <trkpt lat="38.443828" lon="-7.378555">
        <ele>287.52</ele>
      </trkpt>
      <trkpt lat="38.444384" lon="-7.378725">
        <ele>284.63</ele>
      </trkpt>
      <trkpt lat="38.444515" lon="-7.378743">
        <ele>283.01</ele>
      </trkpt>
      <trkpt lat="38.444562" lon="-7.378743">
        <ele>282.78</ele>
      </trkpt>
      <trkpt lat="38.444637" lon="-7.378721">
        <ele>281.92</ele>
      </trkpt>
      <trkpt lat="38.444699" lon="-7.378694">
        <ele>281.58</ele>
      </trkpt>
      <trkpt lat="38.444777" lon="-7.378637">
        <ele>280.59</ele>
      </trkpt>
      <trkpt lat="38.444851" lon="-7.378555">
        <ele>278.88</ele>
      </trkpt>
      <trkpt lat="38.444924" lon="-7.378446">
        <ele>277.43</ele>
      </trkpt>
      <trkpt lat="38.444995" lon="-7.378297">
        <ele>274.79</ele>
      </trkpt>
      <trkpt lat="38.445283" lon="-7.377533">
        <ele>269.35</ele>
      </trkpt>
      <trkpt lat="38.44546" lon="-7.377053">
        <ele>268.61</ele>
      </trkpt>
      <trkpt lat="38.445529" lon="-7.376896">
        <ele>268.47</ele>
      </trkpt>
      <trkpt lat="38.445584" lon="-7.376806">
        <ele>268.1</ele>
      </trkpt>
      <trkpt lat="38.445642" lon="-7.37675">
        <ele>267.5</ele>
      </trkpt>
      <trkpt lat="38.445727" lon="-7.376693">
        <ele>266.84</ele>
      </trkpt>
      <trkpt lat="38.445827" lon="-7.376663">
        <ele>266.49</ele>
      </trkpt>
      <trkpt lat="38.445936" lon="-7.37665">
        <ele>265.41</ele>
      </trkpt>
      <trkpt lat="38.446036" lon="-7.376654">
        <ele>264.42</ele>
      </trkpt>
      <trkpt lat="38.446574" lon="-7.376739">
        <ele>258.84</ele>
      </trkpt>
      <trkpt lat="38.44672" lon="-7.376744">
        <ele>257.1</ele>
      </trkpt>
      <trkpt lat="38.446991" lon="-7.376714">
        <ele>254.05</ele>
      </trkpt>
      <trkpt lat="38.447173" lon="-7.376657">
        <ele>251.91</ele>
      </trkpt>
      <trkpt lat="38.447329" lon="-7.376567">
        <ele>250.95</ele>
      </trkpt>
      <trkpt lat="38.447472" lon="-7.376465">
        <ele>250.2</ele>
      </trkpt>
      <trkpt lat="38.447641" lon="-7.376353">
        <ele>251.32</ele>
      </trkpt>
      <trkpt lat="38.447802" lon="-7.376269">
        <ele>251.56</ele>
      </trkpt>
      <trkpt lat="38.447929" lon="-7.376224">
        <ele>250.53</ele>
      </trkpt>
      <trkpt lat="38.448067" lon="-7.376191">
        <ele>248.93</ele>
      </trkpt>
      <trkpt lat="38.448195" lon="-7.376175">
        <ele>247.09</ele>
      </trkpt>
      <trkpt lat="38.448883" lon="-7.376181">
        <ele>240.34</ele>
      </trkpt>
      <trkpt lat="38.449089" lon="-7.376153">
        <ele>239.14</ele>
      </trkpt>
      <trkpt lat="38.449219" lon="-7.376103">
        <ele>238.88</ele>
      </trkpt>
      <trkpt lat="38.449631" lon="-7.375792">
        <ele>233.54</ele>
      </trkpt>
      <trkpt lat="38.449768" lon="-7.375705">
        <ele>231.71</ele>
      </trkpt>
      <trkpt lat="38.449879" lon="-7.375658">
        <ele>231.12</ele>
      </trkpt>
      <trkpt lat="38.450039" lon="-7.375629">
        <ele>230.44</ele>
      </trkpt>
      <trkpt lat="38.450294" lon="-7.37562">
        <ele>228.45</ele>
      </trkpt>
      <trkpt lat="38.45180908525648" lon="-7.375628448430798">
        <ele>216.4062925397985</ele>
      </trkpt>
      <trkpt lat="38.451809" lon="-7.375629">
        <ele>216.41</ele>
      </trkpt>
      <trkpt lat="38.451985" lon="-7.37563">
        <ele>215.01</ele>
      </trkpt>
      <trkpt lat="38.452169" lon="-7.375661">
        <ele>214.49</ele>
      </trkpt>
      <trkpt lat="38.452259" lon="-7.375689">
        <ele>214.29</ele>
      </trkpt>
      <trkpt lat="38.452287" lon="-7.375717">
        <ele>214.21</ele>
      </trkpt>
      <trkpt lat="38.452319" lon="-7.375731">
        <ele>214.04</ele>
      </trkpt>
      <trkpt lat="38.452466" lon="-7.375805">
        <ele>213.97</ele>
      </trkpt>
      <trkpt lat="38.452559" lon="-7.375932">
        <ele>214</ele>
      </trkpt>
      <trkpt lat="38.452597" lon="-7.376094">
        <ele>214.17</ele>
      </trkpt>
      <trkpt lat="38.45259696313011" lon="-7.37609421386658">
        <ele>214.0799955525377</ele>
      </trkpt>
      <trkpt lat="38.452638" lon="-7.376264">
        <ele>214.34</ele>
      </trkpt>
      <trkpt lat="38.452832" lon="-7.376804">
        <ele>208.94</ele>
      </trkpt>
      <trkpt lat="38.452856" lon="-7.376917">
        <ele>208.28</ele>
      </trkpt>
      <trkpt lat="38.452854" lon="-7.376972">
        <ele>207.96</ele>
      </trkpt>
      <trkpt lat="38.452838" lon="-7.377075">
        <ele>207.48</ele>
      </trkpt>
      <trkpt lat="38.452596" lon="-7.37772">
        <ele>205.82</ele>
      </trkpt>
      <trkpt lat="38.45236" lon="-7.378335">
        <ele>201.8</ele>
      </trkpt>
      <trkpt lat="38.452222" lon="-7.378756">
        <ele>198.94</ele>
      </trkpt>
      <trkpt lat="38.452002" lon="-7.379483">
        <ele>196.31</ele>
      </trkpt>
      <trkpt lat="38.451893" lon="-7.379875">
        <ele>193.33</ele>
      </trkpt>
      <trkpt lat="38.451881" lon="-7.38002">
        <ele>192.31</ele>
      </trkpt>
      <trkpt lat="38.451886" lon="-7.380127">
        <ele>191.72</ele>
      </trkpt>
      <trkpt lat="38.451906" lon="-7.38024">
        <ele>191.08</ele>
      </trkpt>
      <trkpt lat="38.451972" lon="-7.380412">
        <ele>189.98</ele>
      </trkpt>
      <trkpt lat="38.452005" lon="-7.380475">
        <ele>189.75</ele>
      </trkpt>
      <trkpt lat="38.452096" lon="-7.380573">
        <ele>189.02</ele>
      </trkpt>
      <trkpt lat="38.452165" lon="-7.380618">
        <ele>188.81</ele>
      </trkpt>
      <trkpt lat="38.45288" lon="-7.381018">
        <ele>185.95</ele>
      </trkpt>
      <trkpt lat="38.452834" lon="-7.381102">
        <ele>186</ele>
      </trkpt>
      <trkpt lat="38.452783" lon="-7.381158">
        <ele>186</ele>
      </trkpt>
      <trkpt lat="38.452522" lon="-7.381962">
        <ele>188.57</ele>
      </trkpt>
      <trkpt lat="38.451991" lon="-7.383533">
        <ele>195.1</ele>
      </trkpt>
      <trkpt lat="38.451566" lon="-7.384789">
        <ele>198.32</ele>
      </trkpt>
      <trkpt lat="38.451493" lon="-7.385187">
        <ele>199.72</ele>
      </trkpt>
      <trkpt lat="38.451489" lon="-7.385335">
        <ele>200.14</ele>
      </trkpt>
      <trkpt lat="38.451513" lon="-7.385401">
        <ele>200.04</ele>
      </trkpt>
      <trkpt lat="38.451519" lon="-7.385474">
        <ele>199.99</ele>
      </trkpt>
      <trkpt lat="38.451506" lon="-7.385545">
        <ele>200.01</ele>
      </trkpt>
      <trkpt lat="38.451476" lon="-7.385607">
        <ele>199.83</ele>
      </trkpt>
      <trkpt lat="38.451431" lon="-7.385654">
        <ele>199.81</ele>
      </trkpt>
      <trkpt lat="38.451334" lon="-7.385786">
        <ele>199.9</ele>
      </trkpt>
      <trkpt lat="38.45121" lon="-7.386177">
        <ele>199.28</ele>
      </trkpt>
      <trkpt lat="38.450766" lon="-7.388939">
        <ele>190.36</ele>
      </trkpt>
      <trkpt lat="38.450321" lon="-7.390146">
        <ele>190.88</ele>
      </trkpt>
      <trkpt lat="38.450089" lon="-7.390691">
        <ele>191.61</ele>
      </trkpt>
      <trkpt lat="38.44934" lon="-7.391995">
        <ele>194.17</ele>
      </trkpt>
      <trkpt lat="38.449157" lon="-7.39243">
        <ele>195.09</ele>
      </trkpt>
      <trkpt lat="38.44901" lon="-7.39284">
        <ele>195.62</ele>
      </trkpt>
      <trkpt lat="38.448918" lon="-7.393148">
        <ele>195.94</ele>
      </trkpt>
      <trkpt lat="38.448593" lon="-7.394413">
        <ele>195.72</ele>
      </trkpt>
      <trkpt lat="38.448463" lon="-7.395095">
        <ele>195.68</ele>
      </trkpt>
      <trkpt lat="38.44844" lon="-7.395422">
        <ele>194.95</ele>
      </trkpt>
      <trkpt lat="38.448442" lon="-7.395716">
        <ele>194.81</ele>
      </trkpt>
      <trkpt lat="38.448589" lon="-7.39778">
        <ele>194.74</ele>
      </trkpt>
      <trkpt lat="38.448577" lon="-7.398144">
        <ele>193.84</ele>
      </trkpt>
      <trkpt lat="38.448508" lon="-7.398893">
        <ele>194.34</ele>
      </trkpt>
      <trkpt lat="38.448417" lon="-7.399746">
        <ele>194</ele>
      </trkpt>
      <trkpt lat="38.448374" lon="-7.402688">
        <ele>195</ele>
      </trkpt>
      <trkpt lat="38.44833" lon="-7.403442">
        <ele>195.63</ele>
      </trkpt>
      <trkpt lat="38.448485" lon="-7.405848">
        <ele>195</ele>
      </trkpt>
      <trkpt lat="38.448528" lon="-7.40633">
        <ele>195</ele>
      </trkpt>
      <trkpt lat="38.448592" lon="-7.406753">
        <ele>195</ele>
      </trkpt>
      <trkpt lat="38.448622" lon="-7.407137">
        <ele>195</ele>
      </trkpt>
      <trkpt lat="38.448598" lon="-7.40874">
        <ele>194.76</ele>
      </trkpt>
      <trkpt lat="38.448604" lon="-7.409074">
        <ele>194.63</ele>
      </trkpt>
      <trkpt lat="38.448655" lon="-7.409404">
        <ele>194.45</ele>
      </trkpt>
      <trkpt lat="38.448918" lon="-7.410491">
        <ele>194.65</ele>
      </trkpt>
      <trkpt lat="38.449009" lon="-7.410924">
        <ele>195</ele>
      </trkpt>
      <trkpt lat="38.44907" lon="-7.41137">
        <ele>196</ele>
      </trkpt>
      <trkpt lat="38.449121" lon="-7.412255">
        <ele>196</ele>
      </trkpt>
      <trkpt lat="38.449216" lon="-7.418392">
        <ele>198.87</ele>
      </trkpt>
      <trkpt lat="38.449241" lon="-7.418719">
        <ele>199</ele>
      </trkpt>
      <trkpt lat="38.449671" lon="-7.422431">
        <ele>199.81</ele>
      </trkpt>
      <trkpt lat="38.449724" lon="-7.422506">
        <ele>199.85</ele>
      </trkpt>
      <trkpt lat="38.449772" lon="-7.422661">
        <ele>199.99</ele>
      </trkpt>
      <trkpt lat="38.449834" lon="-7.422763">
        <ele>200</ele>
      </trkpt>
      <trkpt lat="38.449907" lon="-7.42282">
        <ele>200</ele>
      </trkpt>
      <trkpt lat="38.450078" lon="-7.422808">
        <ele>200</ele>
      </trkpt>
      <trkpt lat="38.451364" lon="-7.422201">
        <ele>199.75</ele>
      </trkpt>
      <trkpt lat="38.452661" lon="-7.421588">
        <ele>199.5</ele>
      </trkpt>
      <trkpt lat="38.460102" lon="-7.418078">
        <ele>205</ele>
      </trkpt>
      <trkpt lat="38.461378" lon="-7.417449">
        <ele>206.2</ele>
      </trkpt>
      <trkpt lat="38.46171" lon="-7.417316">
        <ele>207.8</ele>
      </trkpt>
      <trkpt lat="38.462001" lon="-7.417231">
        <ele>208.83</ele>
      </trkpt>
      <trkpt lat="38.462739" lon="-7.417059">
        <ele>210.28</ele>
      </trkpt>
      <trkpt lat="38.462752" lon="-7.417178">
        <ele>210.08</ele>
      </trkpt>
      <trkpt lat="38.463366" lon="-7.417038">
        <ele>212</ele>
      </trkpt>
      <trkpt lat="38.463501" lon="-7.417023">
        <ele>212</ele>
      </trkpt>
      <trkpt lat="38.463937" lon="-7.416885">
        <ele>212</ele>
      </trkpt>
      <trkpt lat="38.464073" lon="-7.416877">
        <ele>212</ele>
      </trkpt>
      <trkpt lat="38.464157" lon="-7.416916">
        <ele>212</ele>
      </trkpt>
      <trkpt lat="38.464351" lon="-7.416882">
        <ele>213</ele>
      </trkpt>
      <trkpt lat="38.465526" lon="-7.416581">
        <ele>215</ele>
      </trkpt>
      <trkpt lat="38.46566" lon="-7.416522">
        <ele>215</ele>
      </trkpt>
      <trkpt lat="38.465803" lon="-7.416424">
        <ele>215</ele>
      </trkpt>
      <trkpt lat="38.466469" lon="-7.415835">
        <ele>214.01</ele>
      </trkpt>
      <trkpt lat="38.468239" lon="-7.414244">
        <ele>216.78</ele>
      </trkpt>
      <trkpt lat="38.468902" lon="-7.413647">
        <ele>219.38</ele>
      </trkpt>
      <trkpt lat="38.469786" lon="-7.41285">
        <ele>226.51</ele>
      </trkpt>
      <trkpt lat="38.470558" lon="-7.412187">
        <ele>232.82</ele>
      </trkpt>
      <trkpt lat="38.470769" lon="-7.412082">
        <ele>234.62</ele>
      </trkpt>
      <trkpt lat="38.470985" lon="-7.412007">
        <ele>236.68</ele>
      </trkpt>
      <trkpt lat="38.471159" lon="-7.411979">
        <ele>237.99</ele>
      </trkpt>
      <trkpt lat="38.471362" lon="-7.411984">
        <ele>239.82</ele>
      </trkpt>
      <trkpt lat="38.471629" lon="-7.412034">
        <ele>239.93</ele>
      </trkpt>
      <trkpt lat="38.471912" lon="-7.412118">
        <ele>241.2</ele>
      </trkpt>
      <trkpt lat="38.472631" lon="-7.412491">
        <ele>246.45</ele>
      </trkpt>
      <trkpt lat="38.47383" lon="-7.413113">
        <ele>251.89</ele>
      </trkpt>
      <trkpt lat="38.474287" lon="-7.413321">
        <ele>251.31</ele>
      </trkpt>
      <trkpt lat="38.475657" lon="-7.413783">
        <ele>246.84</ele>
      </trkpt>
      <trkpt lat="38.476695" lon="-7.414096">
        <ele>243.82</ele>
      </trkpt>
      <trkpt lat="38.477805" lon="-7.414449">
        <ele>239.94</ele>
      </trkpt>
      <trkpt lat="38.478039" lon="-7.414504">
        <ele>240.26</ele>
      </trkpt>
      <trkpt lat="38.478192" lon="-7.414509">
        <ele>239.56</ele>
      </trkpt>
      <trkpt lat="38.478372" lon="-7.414497">
        <ele>239.22</ele>
      </trkpt>
      <trkpt lat="38.480113" lon="-7.414215">
        <ele>233.67</ele>
      </trkpt>
      <trkpt lat="38.481212" lon="-7.414029">
        <ele>232.75</ele>
      </trkpt>
      <trkpt lat="38.482802" lon="-7.41376">
        <ele>234.95</ele>
      </trkpt>
      <trkpt lat="38.483644" lon="-7.413618">
        <ele>238.16</ele>
      </trkpt>
      <trkpt lat="38.483835" lon="-7.413567">
        <ele>237.81</ele>
      </trkpt>
      <trkpt lat="38.483987" lon="-7.413505">
        <ele>236.45</ele>
      </trkpt>
      <trkpt lat="38.484182" lon="-7.413395">
        <ele>235.7</ele>
      </trkpt>
      <trkpt lat="38.48436" lon="-7.413264">
        <ele>234.93</ele>
      </trkpt>
      <trkpt lat="38.485171" lon="-7.412577">
        <ele>230.1</ele>
      </trkpt>
      <trkpt lat="38.486304" lon="-7.411601">
        <ele>225.38</ele>
      </trkpt>
      <trkpt lat="38.486946" lon="-7.411062">
        <ele>226.24</ele>
      </trkpt>
      <trkpt lat="38.487802" lon="-7.410344">
        <ele>223.97</ele>
      </trkpt>
      <trkpt lat="38.488569" lon="-7.409747">
        <ele>222.92</ele>
      </trkpt>
      <trkpt lat="38.48993" lon="-7.408768">
        <ele>221.91</ele>
      </trkpt>
      <trkpt lat="38.490807" lon="-7.408139">
        <ele>216.24</ele>
      </trkpt>
      <trkpt lat="38.491595" lon="-7.407577">
        <ele>213</ele>
      </trkpt>
      <trkpt lat="38.491746" lon="-7.407501">
        <ele>213</ele>
      </trkpt>
      <trkpt lat="38.491941" lon="-7.407439">
        <ele>213</ele>
      </trkpt>
      <trkpt lat="38.492145" lon="-7.407394">
        <ele>212.83</ele>
      </trkpt>
      <trkpt lat="38.492365" lon="-7.407369">
        <ele>212.29</ele>
      </trkpt>
      <trkpt lat="38.492496" lon="-7.407371">
        <ele>211.72</ele>
      </trkpt>
      <trkpt lat="38.492726" lon="-7.407416">
        <ele>210.98</ele>
      </trkpt>
      <trkpt lat="38.492874" lon="-7.40748">
        <ele>209.93</ele>
      </trkpt>
      <trkpt lat="38.493826" lon="-7.407981">
        <ele>204.81</ele>
      </trkpt>
      <trkpt lat="38.493945" lon="-7.408013">
        <ele>203.96</ele>
      </trkpt>
      <trkpt lat="38.494146" lon="-7.408044">
        <ele>203.13</ele>
      </trkpt>
      <trkpt lat="38.494701" lon="-7.408071">
        <ele>200.07</ele>
      </trkpt>
      <trkpt lat="38.494815" lon="-7.408092">
        <ele>199.41</ele>
      </trkpt>
      <trkpt lat="38.494905" lon="-7.408121">
        <ele>198.94</ele>
      </trkpt>
      <trkpt lat="38.495229" lon="-7.408279">
        <ele>197.47</ele>
      </trkpt>
      <trkpt lat="38.495962" lon="-7.408786">
        <ele>195.01</ele>
      </trkpt>
      <trkpt lat="38.496166" lon="-7.408901">
        <ele>194.82</ele>
      </trkpt>
      <trkpt lat="38.497084" lon="-7.409188">
        <ele>192.21</ele>
      </trkpt>
      <trkpt lat="38.497931" lon="-7.409448">
        <ele>191.77</ele>
      </trkpt>
      <trkpt lat="38.498104" lon="-7.409523">
        <ele>191.32</ele>
      </trkpt>
      <trkpt lat="38.498218" lon="-7.409586">
        <ele>191.39</ele>
      </trkpt>
      <trkpt lat="38.498522" lon="-7.409796">
        <ele>191.69</ele>
      </trkpt>
      <trkpt lat="38.4987" lon="-7.409922">
        <ele>189.58</ele>
      </trkpt>
      <trkpt lat="38.499065" lon="-7.410188">
        <ele>191.5</ele>
      </trkpt>
      <trkpt lat="38.500133" lon="-7.410986">
        <ele>195.28</ele>
      </trkpt>
      <trkpt lat="38.500779" lon="-7.411423">
        <ele>198.84</ele>
      </trkpt>
      <trkpt lat="38.501514" lon="-7.411857">
        <ele>202.6</ele>
      </trkpt>
      <trkpt lat="38.50323" lon="-7.412869">
        <ele>204.34</ele>
      </trkpt>
      <trkpt lat="38.506415" lon="-7.414748">
        <ele>216.67</ele>
      </trkpt>
      <trkpt lat="38.506906" lon="-7.415037">
        <ele>216.87</ele>
      </trkpt>
      <trkpt lat="38.50705" lon="-7.415066">
        <ele>216.27</ele>
      </trkpt>
      <trkpt lat="38.50716" lon="-7.415065">
        <ele>216</ele>
      </trkpt>
      <trkpt lat="38.507237" lon="-7.415046">
        <ele>216</ele>
      </trkpt>
      <trkpt lat="38.507351" lon="-7.415003">
        <ele>215.33</ele>
      </trkpt>
      <trkpt lat="38.508778" lon="-7.414152">
        <ele>211.57</ele>
      </trkpt>
      <trkpt lat="38.509491" lon="-7.413727">
        <ele>212.15</ele>
      </trkpt>
      <trkpt lat="38.509602" lon="-7.413657">
        <ele>212.67</ele>
      </trkpt>
      <trkpt lat="38.509697" lon="-7.413581">
        <ele>213</ele>
      </trkpt>
      <trkpt lat="38.509837" lon="-7.413437">
        <ele>213.13</ele>
      </trkpt>
      <trkpt lat="38.510236" lon="-7.412975">
        <ele>213.37</ele>
      </trkpt>
      <trkpt lat="38.511218" lon="-7.411832">
        <ele>205.43</ele>
      </trkpt>
      <trkpt lat="38.511984" lon="-7.410932">
        <ele>204</ele>
      </trkpt>
      <trkpt lat="38.512109" lon="-7.41082">
        <ele>203.02</ele>
      </trkpt>
      <trkpt lat="38.512208" lon="-7.410754">
        <ele>203.34</ele>
      </trkpt>
      <trkpt lat="38.512298" lon="-7.410715">
        <ele>202.9</ele>
      </trkpt>
      <trkpt lat="38.512838" lon="-7.410527">
        <ele>200.3</ele>
      </trkpt>
      <trkpt lat="38.514204" lon="-7.410052">
        <ele>202.63</ele>
      </trkpt>
      <trkpt lat="38.515057" lon="-7.409759">
        <ele>205.95</ele>
      </trkpt>
      <trkpt lat="38.517582" lon="-7.4089">
        <ele>211.32</ele>
      </trkpt>
      <trkpt lat="38.51887" lon="-7.408459">
        <ele>216.89</ele>
      </trkpt>
      <trkpt lat="38.519009" lon="-7.408432">
        <ele>217.34</ele>
      </trkpt>
      <trkpt lat="38.519158" lon="-7.40844">
        <ele>218.4</ele>
      </trkpt>
      <trkpt lat="38.519638" lon="-7.408549">
        <ele>220.34</ele>
      </trkpt>
      <trkpt lat="38.520188" lon="-7.408623">
        <ele>222.99</ele>
      </trkpt>
      <trkpt lat="38.520292" lon="-7.408656">
        <ele>223.57</ele>
      </trkpt>
      <trkpt lat="38.520367" lon="-7.408697">
        <ele>223.7</ele>
      </trkpt>
      <trkpt lat="38.521107" lon="-7.409212">
        <ele>225</ele>
      </trkpt>
      <trkpt lat="38.521195" lon="-7.409087">
        <ele>225</ele>
      </trkpt>
      <trkpt lat="38.521306" lon="-7.408976">
        <ele>224.64</ele>
      </trkpt>
      <trkpt lat="38.521424" lon="-7.408892">
        <ele>224.29</ele>
      </trkpt>
      <trkpt lat="38.522247" lon="-7.408402">
        <ele>220.59</ele>
      </trkpt>
      <trkpt lat="38.523625" lon="-7.407581">
        <ele>214.41</ele>
      </trkpt>
      <trkpt lat="38.523739" lon="-7.40753">
        <ele>214</ele>
      </trkpt>
      <trkpt lat="38.523862" lon="-7.407491">
        <ele>213.82</ele>
      </trkpt>
      <trkpt lat="38.524423" lon="-7.407378">
        <ele>212.89</ele>
      </trkpt>
      <trkpt lat="38.524828" lon="-7.407276">
        <ele>213.77</ele>
      </trkpt>
      <trkpt lat="38.52702" lon="-7.406575">
        <ele>219.85</ele>
      </trkpt>
      <trkpt lat="38.527273" lon="-7.406498">
        <ele>221.5</ele>
      </trkpt>
      <trkpt lat="38.527714" lon="-7.406365">
        <ele>221</ele>
      </trkpt>
      <trkpt lat="38.528328" lon="-7.40615">
        <ele>217.63</ele>
      </trkpt>
      <trkpt lat="38.528425" lon="-7.406094">
        <ele>217.37</ele>
      </trkpt>
      <trkpt lat="38.528504" lon="-7.406034">
        <ele>217.14</ele>
      </trkpt>
      <trkpt lat="38.528582" lon="-7.405952">
        <ele>216.83</ele>
      </trkpt>
      <trkpt lat="38.52863" lon="-7.405889">
        <ele>216.38</ele>
      </trkpt>
      <trkpt lat="38.529144" lon="-7.405108">
        <ele>212.39</ele>
      </trkpt>
      <trkpt lat="38.529659" lon="-7.404326">
        <ele>211.52</ele>
      </trkpt>
      <trkpt lat="38.530173" lon="-7.403545">
        <ele>207.38</ele>
      </trkpt>
      <trkpt lat="38.530345" lon="-7.403284">
        <ele>207.54</ele>
      </trkpt>
      <trkpt lat="38.530516" lon="-7.403023">
        <ele>209.72</ele>
      </trkpt>
      <trkpt lat="38.5306" lon="-7.402875">
        <ele>210.86</ele>
      </trkpt>
      <trkpt lat="38.530694" lon="-7.402622">
        <ele>212.26</ele>
      </trkpt>
      <trkpt lat="38.530718" lon="-7.402488">
        <ele>212.81</ele>
      </trkpt>
      <trkpt lat="38.530724" lon="-7.402327">
        <ele>213.07</ele>
      </trkpt>
      <trkpt lat="38.530696" lon="-7.40189">
        <ele>214.52</ele>
      </trkpt>
      <trkpt lat="38.530696" lon="-7.401784">
        <ele>215.13</ele>
      </trkpt>
      <trkpt lat="38.530704" lon="-7.401667">
        <ele>214.95</ele>
      </trkpt>
      <trkpt lat="38.53093" lon="-7.400268">
        <ele>214.94</ele>
      </trkpt>
      <trkpt lat="38.530992" lon="-7.399928">
        <ele>215.35</ele>
      </trkpt>
      <trkpt lat="38.531177" lon="-7.398907">
        <ele>207.91</ele>
      </trkpt>
      <trkpt lat="38.531487" lon="-7.397206">
        <ele>212.32</ele>
      </trkpt>
      <trkpt lat="38.531611" lon="-7.396525">
        <ele>217.53</ele>
      </trkpt>
      <trkpt lat="38.531734" lon="-7.395845">
        <ele>224.9</ele>
      </trkpt>
      <trkpt lat="38.531772" lon="-7.395676">
        <ele>225.35</ele>
      </trkpt>
      <trkpt lat="38.531812" lon="-7.395534">
        <ele>226.44</ele>
      </trkpt>
      <trkpt lat="38.531857" lon="-7.39542">
        <ele>226.78</ele>
      </trkpt>
      <trkpt lat="38.531935" lon="-7.395253">
        <ele>227.24</ele>
      </trkpt>
      <trkpt lat="38.532327" lon="-7.394643">
        <ele>231</ele>
      </trkpt>
      <trkpt lat="38.532937" lon="-7.393691">
        <ele>229.2</ele>
      </trkpt>
      <trkpt lat="38.533054" lon="-7.39354">
        <ele>228.33</ele>
      </trkpt>
      <trkpt lat="38.533218" lon="-7.393372">
        <ele>227.04</ele>
      </trkpt>
      <trkpt lat="38.533315" lon="-7.393297">
        <ele>226.98</ele>
      </trkpt>
      <trkpt lat="38.534322" lon="-7.392617">
        <ele>233.1</ele>
      </trkpt>
      <trkpt lat="38.534374" lon="-7.392602">
        <ele>233.4</ele>
      </trkpt>
      <trkpt lat="38.534466" lon="-7.392621">
        <ele>234.03</ele>
      </trkpt>
      <trkpt lat="38.534703" lon="-7.392764">
        <ele>234.86</ele>
      </trkpt>
      <trkpt lat="38.534852" lon="-7.392822">
        <ele>235.23</ele>
      </trkpt>
      <trkpt lat="38.534935" lon="-7.392822">
        <ele>235.85</ele>
      </trkpt>
      <trkpt lat="38.535006" lon="-7.392807">
        <ele>236.29</ele>
      </trkpt>
      <trkpt lat="38.53555" lon="-7.392598">
        <ele>240.12</ele>
      </trkpt>
      <trkpt lat="38.535739" lon="-7.39255">
        <ele>241.63</ele>
      </trkpt>
      <trkpt lat="38.535836" lon="-7.392553">
        <ele>242.61</ele>
      </trkpt>
      <trkpt lat="38.536082" lon="-7.392658">
        <ele>244.54</ele>
      </trkpt>
      <trkpt lat="38.536345" lon="-7.392768">
        <ele>245.87</ele>
      </trkpt>
      <trkpt lat="38.536721" lon="-7.392978">
        <ele>245.1</ele>
      </trkpt>
      <trkpt lat="38.536867" lon="-7.393029">
        <ele>245.41</ele>
      </trkpt>
      <trkpt lat="38.536962" lon="-7.393035">
        <ele>245.84</ele>
      </trkpt>
      <trkpt lat="38.537197" lon="-7.393025">
        <ele>246.2</ele>
      </trkpt>
      <trkpt lat="38.537294" lon="-7.392999">
        <ele>245.96</ele>
      </trkpt>
      <trkpt lat="38.537625" lon="-7.392827">
        <ele>246.78</ele>
      </trkpt>
      <trkpt lat="38.537706" lon="-7.3928">
        <ele>246.93</ele>
      </trkpt>
      <trkpt lat="38.537789" lon="-7.392799">
        <ele>246.94</ele>
      </trkpt>
      <trkpt lat="38.537865" lon="-7.392822">
        <ele>247.23</ele>
      </trkpt>
      <trkpt lat="38.537946" lon="-7.392866">
        <ele>247.55</ele>
      </trkpt>
      <trkpt lat="38.538007" lon="-7.392921">
        <ele>247.23</ele>
      </trkpt>
      <trkpt lat="38.538689" lon="-7.393668">
        <ele>245.96</ele>
      </trkpt>
      <trkpt lat="38.53881" lon="-7.393772">
        <ele>245.26</ele>
      </trkpt>
      <trkpt lat="38.538999" lon="-7.393884">
        <ele>244.82</ele>
      </trkpt>
      <trkpt lat="38.539112" lon="-7.393907">
        <ele>243.96</ele>
      </trkpt>
      <trkpt lat="38.53934" lon="-7.393911">
        <ele>242.81</ele>
      </trkpt>
      <trkpt lat="38.539638" lon="-7.393878">
        <ele>241.39</ele>
      </trkpt>
      <trkpt lat="38.540212" lon="-7.393781">
        <ele>241.77</ele>
      </trkpt>
      <trkpt lat="38.540394" lon="-7.393769">
        <ele>241.7</ele>
      </trkpt>
      <trkpt lat="38.540595" lon="-7.393783">
        <ele>241.78</ele>
      </trkpt>
      <trkpt lat="38.540804" lon="-7.393816">
        <ele>241.7</ele>
      </trkpt>
      <trkpt lat="38.541862" lon="-7.394048">
        <ele>242.51</ele>
      </trkpt>
      <trkpt lat="38.543713" lon="-7.394453">
        <ele>234.03</ele>
      </trkpt>
      <trkpt lat="38.544506" lon="-7.394626">
        <ele>236.62</ele>
      </trkpt>
      <trkpt lat="38.545549" lon="-7.394848">
        <ele>236.55</ele>
      </trkpt>
      <trkpt lat="38.547011" lon="-7.39515">
        <ele>242.84</ele>
      </trkpt>
      <trkpt lat="38.547093" lon="-7.395167">
        <ele>243.19</ele>
      </trkpt>
      <trkpt lat="38.547271" lon="-7.395236">
        <ele>243.85</ele>
      </trkpt>
      <trkpt lat="38.547431" lon="-7.395362">
        <ele>244.02</ele>
      </trkpt>
      <trkpt lat="38.548071" lon="-7.395987">
        <ele>245.6</ele>
      </trkpt>
      <trkpt lat="38.549754" lon="-7.397692">
        <ele>234.19</ele>
      </trkpt>
      <trkpt lat="38.549964" lon="-7.397905">
        <ele>233.91</ele>
      </trkpt>
      <trkpt lat="38.551437" lon="-7.399396">
        <ele>239.6</ele>
      </trkpt>
      <trkpt lat="38.551937" lon="-7.39988">
        <ele>243.23</ele>
      </trkpt>
      <trkpt lat="38.55213" lon="-7.399993">
        <ele>243.94</ele>
      </trkpt>
      <trkpt lat="38.552273" lon="-7.400051">
        <ele>243.46</ele>
      </trkpt>
      <trkpt lat="38.553274" lon="-7.400174">
        <ele>239</ele>
      </trkpt>
      <trkpt lat="38.554025" lon="-7.400266">
        <ele>238.52</ele>
      </trkpt>
      <trkpt lat="38.555559" lon="-7.400452">
        <ele>244.54</ele>
      </trkpt>
      <trkpt lat="38.557126" lon="-7.400638">
        <ele>245</ele>
      </trkpt>
      <trkpt lat="38.559215" lon="-7.40088">
        <ele>249.81</ele>
      </trkpt>
      <trkpt lat="38.560011" lon="-7.400972">
        <ele>247</ele>
      </trkpt>
      <trkpt lat="38.561346" lon="-7.401124">
        <ele>248</ele>
      </trkpt>
      <trkpt lat="38.562414" lon="-7.401246">
        <ele>241.24</ele>
      </trkpt>
      <trkpt lat="38.563215" lon="-7.401338">
        <ele>241.63</ele>
      </trkpt>
      <trkpt lat="38.56402" lon="-7.40143">
        <ele>244.48</ele>
      </trkpt>
      <trkpt lat="38.564593" lon="-7.401495">
        <ele>240.99</ele>
      </trkpt>
      <trkpt lat="38.565096" lon="-7.401553">
        <ele>237.92</ele>
      </trkpt>
      <trkpt lat="38.565635" lon="-7.401614">
        <ele>237.92</ele>
      </trkpt>
      <trkpt lat="38.567249" lon="-7.401799">
        <ele>233.07</ele>
      </trkpt>
      <trkpt lat="38.567444" lon="-7.401782">
        <ele>233</ele>
      </trkpt>
      <trkpt lat="38.567671" lon="-7.401718">
        <ele>232.92</ele>
      </trkpt>
      <trkpt lat="38.56792" lon="-7.401569">
        <ele>232.05</ele>
      </trkpt>
      <trkpt lat="38.569364" lon="-7.400388">
        <ele>228.7</ele>
      </trkpt>
      <trkpt lat="38.569692" lon="-7.400154">
        <ele>229</ele>
      </trkpt>
      <trkpt lat="38.569961" lon="-7.400075">
        <ele>229.02</ele>
      </trkpt>
      <trkpt lat="38.570208" lon="-7.400082">
        <ele>229.94</ele>
      </trkpt>
      <trkpt lat="38.57045" lon="-7.400186">
        <ele>230.01</ele>
      </trkpt>
      <trkpt lat="38.571578" lon="-7.401033">
        <ele>229.93</ele>
      </trkpt>
      <trkpt lat="38.572707" lon="-7.401879">
        <ele>222.93</ele>
      </trkpt>
      <trkpt lat="38.573886" lon="-7.402762">
        <ele>219</ele>
      </trkpt>
      <trkpt lat="38.574201" lon="-7.402876">
        <ele>217.35</ele>
      </trkpt>
      <trkpt lat="38.574515" lon="-7.40299">
        <ele>217.97</ele>
      </trkpt>
      <trkpt lat="38.576366" lon="-7.403533">
        <ele>213.17</ele>
      </trkpt>
      <trkpt lat="38.577502" lon="-7.403873">
        <ele>214</ele>
      </trkpt>
      <trkpt lat="38.578062" lon="-7.404039">
        <ele>212.58</ele>
      </trkpt>
      <trkpt lat="38.579166" lon="-7.404365">
        <ele>215</ele>
      </trkpt>
      <trkpt lat="38.579827" lon="-7.404566">
        <ele>212.28</ele>
      </trkpt>
      <trkpt lat="38.579934" lon="-7.404533">
        <ele>211.94</ele>
      </trkpt>
      <trkpt lat="38.580119" lon="-7.404445">
        <ele>211.54</ele>
      </trkpt>
      <trkpt lat="38.580311" lon="-7.404126">
        <ele>211.98</ele>
      </trkpt>
      <trkpt lat="38.580507" lon="-7.4039">
        <ele>212.69</ele>
      </trkpt>
      <trkpt lat="38.580739" lon="-7.403742">
        <ele>213.24</ele>
      </trkpt>
      <trkpt lat="38.580943" lon="-7.403616">
        <ele>214.3</ele>
      </trkpt>
      <trkpt lat="38.581134" lon="-7.403536">
        <ele>215.17</ele>
      </trkpt>
      <trkpt lat="38.581482" lon="-7.403475">
        <ele>217.61</ele>
      </trkpt>
      <trkpt lat="38.581744" lon="-7.403432">
        <ele>217.67</ele>
      </trkpt>
      <trkpt lat="38.582529" lon="-7.403304">
        <ele>216</ele>
      </trkpt>
      <trkpt lat="38.583313" lon="-7.403175">
        <ele>212.3</ele>
      </trkpt>
      <trkpt lat="38.584098" lon="-7.403047">
        <ele>214.16</ele>
      </trkpt>
      <trkpt lat="38.585148" lon="-7.402877">
        <ele>212.66</ele>
      </trkpt>
      <trkpt lat="38.586207" lon="-7.40271">
        <ele>207.08</ele>
      </trkpt>
      <trkpt lat="38.588061" lon="-7.402417">
        <ele>204.31</ele>
      </trkpt>
      <trkpt lat="38.589121" lon="-7.402249">
        <ele>199</ele>
      </trkpt>
      <trkpt lat="38.590446" lon="-7.40204">
        <ele>188.47</ele>
      </trkpt>
      <trkpt lat="38.59124" lon="-7.401914">
        <ele>188.11</ele>
      </trkpt>
      <trkpt lat="38.592035" lon="-7.401788">
        <ele>181.93</ele>
      </trkpt>
      <trkpt lat="38.592752" lon="-7.401675">
        <ele>179.77</ele>
      </trkpt>
      <trkpt lat="38.594419" lon="-7.401412">
        <ele>171.01</ele>
      </trkpt>
      <trkpt lat="38.594949" lon="-7.401328">
        <ele>171.35</ele>
      </trkpt>
      <trkpt lat="38.596008" lon="-7.40116">
        <ele>175.18</ele>
      </trkpt>
      <trkpt lat="38.597068" lon="-7.400993">
        <ele>175.4</ele>
      </trkpt>
      <trkpt lat="38.597837" lon="-7.400857">
        <ele>172.56</ele>
      </trkpt>
      <trkpt lat="38.598077" lon="-7.40083">
        <ele>171.25</ele>
      </trkpt>
      <trkpt lat="38.598228" lon="-7.400831">
        <ele>171.24</ele>
      </trkpt>
      <trkpt lat="38.598446" lon="-7.400855">
        <ele>171.01</ele>
      </trkpt>
      <trkpt lat="38.598639" lon="-7.400904">
        <ele>169.82</ele>
      </trkpt>
      <trkpt lat="38.59876" lon="-7.400946">
        <ele>169.31</ele>
      </trkpt>
      <trkpt lat="38.598841" lon="-7.400997">
        <ele>168.41</ele>
      </trkpt>
      <trkpt lat="38.599063" lon="-7.401188">
        <ele>167.08</ele>
      </trkpt>
      <trkpt lat="38.599239" lon="-7.401365">
        <ele>165.32</ele>
      </trkpt>
      <trkpt lat="38.599494" lon="-7.401607">
        <ele>165.79</ele>
      </trkpt>
      <trkpt lat="38.599911" lon="-7.402006">
        <ele>161.56</ele>
      </trkpt>
      <trkpt lat="38.600091" lon="-7.402196">
        <ele>164.37</ele>
      </trkpt>
      <trkpt lat="38.600158" lon="-7.402284">
        <ele>164.65</ele>
      </trkpt>
      <trkpt lat="38.600248" lon="-7.402463">
        <ele>164.83</ele>
      </trkpt>
      <trkpt lat="38.600367" lon="-7.402769">
        <ele>165.21</ele>
      </trkpt>
      <trkpt lat="38.600671" lon="-7.40348">
        <ele>167.46</ele>
      </trkpt>
      <trkpt lat="38.600872" lon="-7.403841">
        <ele>169.93</ele>
      </trkpt>
      <trkpt lat="38.601134" lon="-7.404063">
        <ele>171.92</ele>
      </trkpt>
      <trkpt lat="38.602009" lon="-7.404635">
        <ele>178.42</ele>
      </trkpt>
      <trkpt lat="38.603787" lon="-7.405737">
        <ele>188.9</ele>
      </trkpt>
      <trkpt lat="38.604519" lon="-7.406193">
        <ele>188.25</ele>
      </trkpt>
      <trkpt lat="38.605896" lon="-7.407066">
        <ele>198.67</ele>
      </trkpt>
      <trkpt lat="38.606083" lon="-7.407208">
        <ele>199.18</ele>
      </trkpt>
      <trkpt lat="38.606193" lon="-7.40732">
        <ele>198.45</ele>
      </trkpt>
      <trkpt lat="38.606276" lon="-7.407422">
        <ele>197.83</ele>
      </trkpt>
      <trkpt lat="38.60671" lon="-7.408106">
        <ele>194.6</ele>
      </trkpt>
      <trkpt lat="38.60683" lon="-7.408267">
        <ele>193.99</ele>
      </trkpt>
      <trkpt lat="38.606903" lon="-7.408328">
        <ele>193.77</ele>
      </trkpt>
      <trkpt lat="38.606985" lon="-7.408378">
        <ele>193.2</ele>
      </trkpt>
      <trkpt lat="38.607103" lon="-7.40842">
        <ele>193.29</ele>
      </trkpt>
      <trkpt lat="38.607312" lon="-7.408459">
        <ele>194.77</ele>
      </trkpt>
      <trkpt lat="38.607994" lon="-7.408566">
        <ele>198.97</ele>
      </trkpt>
      <trkpt lat="38.608247" lon="-7.408608">
        <ele>199.02</ele>
      </trkpt>
      <trkpt lat="38.608438" lon="-7.40865">
        <ele>199.65</ele>
      </trkpt>
      <trkpt lat="38.60856" lon="-7.408688">
        <ele>200.37</ele>
      </trkpt>
      <trkpt lat="38.608705" lon="-7.408747">
        <ele>199.76</ele>
      </trkpt>
      <trkpt lat="38.608852" lon="-7.408825">
        <ele>199.14</ele>
      </trkpt>
      <trkpt lat="38.608987" lon="-7.408911">
        <ele>198.89</ele>
      </trkpt>
      <trkpt lat="38.609217" lon="-7.409043">
        <ele>196.89</ele>
      </trkpt>
      <trkpt lat="38.609366" lon="-7.409095">
        <ele>194.65</ele>
      </trkpt>
      <trkpt lat="38.60948" lon="-7.409109">
        <ele>193.88</ele>
      </trkpt>
      <trkpt lat="38.60959" lon="-7.409105">
        <ele>193.04</ele>
      </trkpt>
      <trkpt lat="38.609714" lon="-7.409083">
        <ele>191.98</ele>
      </trkpt>
      <trkpt lat="38.609865" lon="-7.409023">
        <ele>190.85</ele>
      </trkpt>
      <trkpt lat="38.609981" lon="-7.408951">
        <ele>189.94</ele>
      </trkpt>
      <trkpt lat="38.610322" lon="-7.408674">
        <ele>188</ele>
      </trkpt>
      <trkpt lat="38.610452" lon="-7.408587">
        <ele>187.71</ele>
      </trkpt>
      <trkpt lat="38.610606" lon="-7.408513">
        <ele>186.85</ele>
      </trkpt>
      <trkpt lat="38.610719" lon="-7.408493">
        <ele>186.38</ele>
      </trkpt>
      <trkpt lat="38.610842" lon="-7.408507">
        <ele>185.58</ele>
      </trkpt>
      <trkpt lat="38.610962" lon="-7.408549">
        <ele>184.58</ele>
      </trkpt>
      <trkpt lat="38.611792" lon="-7.409144">
        <ele>182</ele>
      </trkpt>
      <trkpt lat="38.613392" lon="-7.410301">
        <ele>182.02</ele>
      </trkpt>
      <trkpt lat="38.614991" lon="-7.411458">
        <ele>186.56</ele>
      </trkpt>
      <trkpt lat="38.615174" lon="-7.411575">
        <ele>188.08</ele>
      </trkpt>
      <trkpt lat="38.615262" lon="-7.41162">
        <ele>188.52</ele>
      </trkpt>
      <trkpt lat="38.615335" lon="-7.411646">
        <ele>189.21</ele>
      </trkpt>
      <trkpt lat="38.615456" lon="-7.411659">
        <ele>190.19</ele>
      </trkpt>
      <trkpt lat="38.61555" lon="-7.411648">
        <ele>190.82</ele>
      </trkpt>
      <trkpt lat="38.615663" lon="-7.411616">
        <ele>191.47</ele>
      </trkpt>
      <trkpt lat="38.61586" lon="-7.411525">
        <ele>192.48</ele>
      </trkpt>
      <trkpt lat="38.616082" lon="-7.411399">
        <ele>194.13</ele>
      </trkpt>
      <trkpt lat="38.616798" lon="-7.410951">
        <ele>198.95</ele>
      </trkpt>
      <trkpt lat="38.61705" lon="-7.410803">
        <ele>201.58</ele>
      </trkpt>
      <trkpt lat="38.617414" lon="-7.410649">
        <ele>202.88</ele>
      </trkpt>
      <trkpt lat="38.617697" lon="-7.410573">
        <ele>202.68</ele>
      </trkpt>
      <trkpt lat="38.617877" lon="-7.410562">
        <ele>202</ele>
      </trkpt>
      <trkpt lat="38.618011" lon="-7.410568">
        <ele>202</ele>
      </trkpt>
      <trkpt lat="38.620121" lon="-7.410686">
        <ele>198.95</ele>
      </trkpt>
      <trkpt lat="38.620367" lon="-7.410707">
        <ele>198.16</ele>
      </trkpt>
      <trkpt lat="38.620458" lon="-7.410729">
        <ele>197.61</ele>
      </trkpt>
      <trkpt lat="38.621085" lon="-7.411011">
        <ele>191.62</ele>
      </trkpt>
      <trkpt lat="38.621181" lon="-7.411033">
        <ele>190.85</ele>
      </trkpt>
      <trkpt lat="38.621306" lon="-7.411027">
        <ele>189.96</ele>
      </trkpt>
      <trkpt lat="38.62148" lon="-7.411001">
        <ele>188.47</ele>
      </trkpt>
      <trkpt lat="38.62164" lon="-7.410935">
        <ele>187.5</ele>
      </trkpt>
      <trkpt lat="38.621779" lon="-7.410847">
        <ele>187.48</ele>
      </trkpt>
      <trkpt lat="38.622023" lon="-7.410652">
        <ele>187.7</ele>
      </trkpt>
      <trkpt lat="38.622166" lon="-7.410521">
        <ele>187.53</ele>
      </trkpt>
      <trkpt lat="38.624439" lon="-7.408575">
        <ele>177.9</ele>
      </trkpt>
      <trkpt lat="38.625637" lon="-7.407547">
        <ele>176.81</ele>
      </trkpt>
      <trkpt lat="38.627465" lon="-7.405974">
        <ele>165.44</ele>
      </trkpt>
      <trkpt lat="38.627929" lon="-7.40558">
        <ele>163.89</ele>
      </trkpt>
      <trkpt lat="38.629552" lon="-7.4042">
        <ele>164</ele>
      </trkpt>
      <trkpt lat="38.63173" lon="-7.402316">
        <ele>160.77</ele>
      </trkpt>
      <trkpt lat="38.631944" lon="-7.402129">
        <ele>162.38</ele>
      </trkpt>
      <trkpt lat="38.632537" lon="-7.401612">
        <ele>162.52</ele>
      </trkpt>
      <trkpt lat="38.632713" lon="-7.401414">
        <ele>162.73</ele>
      </trkpt>
      <trkpt lat="38.632845" lon="-7.401218">
        <ele>162.98</ele>
      </trkpt>
      <trkpt lat="38.63294" lon="-7.401049">
        <ele>163.37</ele>
      </trkpt>
      <trkpt lat="38.633018" lon="-7.400872">
        <ele>164.66</ele>
      </trkpt>
      <trkpt lat="38.633156" lon="-7.400406">
        <ele>165.57</ele>
      </trkpt>
      <trkpt lat="38.63323" lon="-7.400129">
        <ele>166.49</ele>
      </trkpt>
      <trkpt lat="38.63341" lon="-7.399348">
        <ele>170.15</ele>
      </trkpt>
      <trkpt lat="38.633459" lon="-7.399177">
        <ele>171.38</ele>
      </trkpt>
      <trkpt lat="38.633522" lon="-7.399009">
        <ele>171.22</ele>
      </trkpt>
      <trkpt lat="38.633609" lon="-7.398813">
        <ele>171.6</ele>
      </trkpt>
      <trkpt lat="38.633695" lon="-7.398659">
        <ele>172.06</ele>
      </trkpt>
      <trkpt lat="38.633803" lon="-7.398499">
        <ele>172</ele>
      </trkpt>
      <trkpt lat="38.633922" lon="-7.398359">
        <ele>171.94</ele>
      </trkpt>
      <trkpt lat="38.634152" lon="-7.398072">
        <ele>175.24</ele>
      </trkpt>
      <trkpt lat="38.634395" lon="-7.397799">
        <ele>175.12</ele>
      </trkpt>
      <trkpt lat="38.634572" lon="-7.397638">
        <ele>176.22</ele>
      </trkpt>
      <trkpt lat="38.634689" lon="-7.397585">
        <ele>176.38</ele>
      </trkpt>
      <trkpt lat="38.634804" lon="-7.397559">
        <ele>175.92</ele>
      </trkpt>
      <trkpt lat="38.63495" lon="-7.397553">
        <ele>175.85</ele>
      </trkpt>
      <trkpt lat="38.635142" lon="-7.397563">
        <ele>177.21</ele>
      </trkpt>
      <trkpt lat="38.636231" lon="-7.397663">
        <ele>187.37</ele>
      </trkpt>
      <trkpt lat="38.637064" lon="-7.397737">
        <ele>190.23</ele>
      </trkpt>
      <trkpt lat="38.637342" lon="-7.397762">
        <ele>189.49</ele>
      </trkpt>
      <trkpt lat="38.637703" lon="-7.397804">
        <ele>190.4</ele>
      </trkpt>
      <trkpt lat="38.637848" lon="-7.397845">
        <ele>190.95</ele>
      </trkpt>
      <trkpt lat="38.637948" lon="-7.397899">
        <ele>191.71</ele>
      </trkpt>
      <trkpt lat="38.638035" lon="-7.39797">
        <ele>192.38</ele>
      </trkpt>
      <trkpt lat="38.638306" lon="-7.398283">
        <ele>194.56</ele>
      </trkpt>
      <trkpt lat="38.638428" lon="-7.398404">
        <ele>195.59</ele>
      </trkpt>
      <trkpt lat="38.638525" lon="-7.398453">
        <ele>196.07</ele>
      </trkpt>
      <trkpt lat="38.638605" lon="-7.398481">
        <ele>195.8</ele>
      </trkpt>
      <trkpt lat="38.639179" lon="-7.398541">
        <ele>195.15</ele>
      </trkpt>
      <trkpt lat="38.639753" lon="-7.3986">
        <ele>200.34</ele>
      </trkpt>
      <trkpt lat="38.642011" lon="-7.39992">
        <ele>206.64</ele>
      </trkpt>
      <trkpt lat="38.643424" lon="-7.400966">
        <ele>208.64</ele>
      </trkpt>
      <trkpt lat="38.644052" lon="-7.40143">
        <ele>213.12</ele>
      </trkpt>
      <trkpt lat="38.645796" lon="-7.402841">
        <ele>225.23</ele>
      </trkpt>
      <trkpt lat="38.64645" lon="-7.40337">
        <ele>227.34</ele>
      </trkpt>
      <trkpt lat="38.647007" lon="-7.403859">
        <ele>230.6</ele>
      </trkpt>
      <trkpt lat="38.647261" lon="-7.404044">
        <ele>232.58</ele>
      </trkpt>
      <trkpt lat="38.64748" lon="-7.404168">
        <ele>234.62</ele>
      </trkpt>
      <trkpt lat="38.64769" lon="-7.404251">
        <ele>236.87</ele>
      </trkpt>
      <trkpt lat="38.648172" lon="-7.404415">
        <ele>238.77</ele>
      </trkpt>
      <trkpt lat="38.649393" lon="-7.40479">
        <ele>237.27</ele>
      </trkpt>
      <trkpt lat="38.650554" lon="-7.405162">
        <ele>242.04</ele>
      </trkpt>
      <trkpt lat="38.651375" lon="-7.405425">
        <ele>241.81</ele>
      </trkpt>
      <trkpt lat="38.652256" lon="-7.405706">
        <ele>246.27</ele>
      </trkpt>
      <trkpt lat="38.653007" lon="-7.405944">
        <ele>245.49</ele>
      </trkpt>
      <trkpt lat="38.654009" lon="-7.406262">
        <ele>248.95</ele>
      </trkpt>
      <trkpt lat="38.65476" lon="-7.4065">
        <ele>249.58</ele>
      </trkpt>
      <trkpt lat="38.655291" lon="-7.406705">
        <ele>251.06</ele>
      </trkpt>
      <trkpt lat="38.65555" lon="-7.406754">
        <ele>251.8</ele>
      </trkpt>
      <trkpt lat="38.655961" lon="-7.406752">
        <ele>251.37</ele>
      </trkpt>
      <trkpt lat="38.656417" lon="-7.406725">
        <ele>247.65</ele>
      </trkpt>
      <trkpt lat="38.656944" lon="-7.4067">
        <ele>246.16</ele>
      </trkpt>
      <trkpt lat="38.657734" lon="-7.406663">
        <ele>249</ele>
      </trkpt>
      <trkpt lat="38.658525" lon="-7.406625">
        <ele>246.55</ele>
      </trkpt>
      <trkpt lat="38.659051" lon="-7.4066">
        <ele>246.7</ele>
      </trkpt>
      <trkpt lat="38.65934" lon="-7.406563">
        <ele>247</ele>
      </trkpt>
      <trkpt lat="38.659567" lon="-7.40648">
        <ele>246.68</ele>
      </trkpt>
      <trkpt lat="38.659715" lon="-7.40639">
        <ele>246.01</ele>
      </trkpt>
      <trkpt lat="38.660417" lon="-7.405917">
        <ele>242.46</ele>
      </trkpt>
      <trkpt lat="38.66102" lon="-7.40554">
        <ele>241.42</ele>
      </trkpt>
      <trkpt lat="38.661522" lon="-7.405154">
        <ele>241.17</ele>
      </trkpt>
      <trkpt lat="38.66219" lon="-7.40431">
        <ele>244.02</ele>
      </trkpt>
      <trkpt lat="38.662833" lon="-7.403489">
        <ele>248.91</ele>
      </trkpt>
      <trkpt lat="38.66294" lon="-7.403404">
        <ele>250.2</ele>
      </trkpt>
      <trkpt lat="38.663067" lon="-7.403365">
        <ele>250.5</ele>
      </trkpt>
      <trkpt lat="38.663689" lon="-7.40333">
        <ele>253.56</ele>
      </trkpt>
      <trkpt lat="38.664201" lon="-7.403368">
        <ele>257.29</ele>
      </trkpt>
      <trkpt lat="38.66512" lon="-7.403602">
        <ele>262.41</ele>
      </trkpt>
      <trkpt lat="38.665339" lon="-7.403622">
        <ele>263.81</ele>
      </trkpt>
      <trkpt lat="38.665567" lon="-7.403588">
        <ele>265.02</ele>
      </trkpt>
      <trkpt lat="38.665728" lon="-7.403537">
        <ele>265.67</ele>
      </trkpt>
      <trkpt lat="38.665933" lon="-7.40348">
        <ele>266.34</ele>
      </trkpt>
      <trkpt lat="38.66605" lon="-7.403493">
        <ele>266.15</ele>
      </trkpt>
      <trkpt lat="38.666189" lon="-7.403533">
        <ele>266.69</ele>
      </trkpt>
      <trkpt lat="38.666584" lon="-7.403721">
        <ele>271.16</ele>
      </trkpt>
      <trkpt lat="38.667702" lon="-7.40436">
        <ele>278.73</ele>
      </trkpt>
      <trkpt lat="38.667944" lon="-7.404542">
        <ele>280.07</ele>
      </trkpt>
      <trkpt lat="38.668274" lon="-7.404684">
        <ele>281.06</ele>
      </trkpt>
      <trkpt lat="38.668681" lon="-7.4047">
        <ele>282.41</ele>
      </trkpt>
      <trkpt lat="38.66974" lon="-7.40472">
        <ele>289.56</ele>
      </trkpt>
      <trkpt lat="38.671864" lon="-7.403787">
        <ele>286.82</ele>
      </trkpt>
      <trkpt lat="38.672151" lon="-7.403639">
        <ele>285.64</ele>
      </trkpt>
      <trkpt lat="38.672429" lon="-7.403441">
        <ele>284.79</ele>
      </trkpt>
      <trkpt lat="38.672534" lon="-7.403348">
        <ele>284.16</ele>
      </trkpt>
      <trkpt lat="38.673097" lon="-7.402724">
        <ele>288.79</ele>
      </trkpt>
      <trkpt lat="38.673433" lon="-7.40244">
        <ele>292.2</ele>
      </trkpt>
      <trkpt lat="38.67366" lon="-7.402326">
        <ele>294.5</ele>
      </trkpt>
      <trkpt lat="38.673886" lon="-7.402212">
        <ele>293.12</ele>
      </trkpt>
      <trkpt lat="38.674285" lon="-7.402095">
        <ele>294.03</ele>
      </trkpt>
      <trkpt lat="38.675672" lon="-7.40201">
        <ele>302.38</ele>
      </trkpt>
      <trkpt lat="38.675954" lon="-7.401991">
        <ele>301.99</ele>
      </trkpt>
      <trkpt lat="38.676518" lon="-7.401952">
        <ele>304.46</ele>
      </trkpt>
      <trkpt lat="38.67663" lon="-7.401923">
        <ele>304.97</ele>
      </trkpt>
      <trkpt lat="38.676738" lon="-7.401882">
        <ele>305.34</ele>
      </trkpt>
      <trkpt lat="38.676855" lon="-7.401813">
        <ele>304.94</ele>
      </trkpt>
      <trkpt lat="38.676998" lon="-7.401707">
        <ele>303.45</ele>
      </trkpt>
      <trkpt lat="38.677667" lon="-7.401125">
        <ele>300.98</ele>
      </trkpt>
      <trkpt lat="38.678336" lon="-7.400543">
        <ele>303.05</ele>
      </trkpt>
      <trkpt lat="38.67854" lon="-7.400376">
        <ele>304.01</ele>
      </trkpt>
      <trkpt lat="38.67878" lon="-7.400223">
        <ele>304.2</ele>
      </trkpt>
      <trkpt lat="38.680007" lon="-7.399707">
        <ele>306</ele>
      </trkpt>
      <trkpt lat="38.680138" lon="-7.39966">
        <ele>306</ele>
      </trkpt>
      <trkpt lat="38.680358" lon="-7.399612">
        <ele>306</ele>
      </trkpt>
      <trkpt lat="38.68061" lon="-7.39964">
        <ele>306.08</ele>
      </trkpt>
      <trkpt lat="38.681912" lon="-7.39997">
        <ele>307.6</ele>
      </trkpt>
      <trkpt lat="38.682458" lon="-7.400119">
        <ele>306.66</ele>
      </trkpt>
      <trkpt lat="38.682512" lon="-7.400133">
        <ele>306.57</ele>
      </trkpt>
      <trkpt lat="38.682861" lon="-7.400169">
        <ele>307.24</ele>
      </trkpt>
      <trkpt lat="38.683439" lon="-7.400142">
        <ele>308.44</ele>
      </trkpt>
      <trkpt lat="38.683757" lon="-7.400177">
        <ele>309</ele>
      </trkpt>
      <trkpt lat="38.684086" lon="-7.400244">
        <ele>309.61</ele>
      </trkpt>
      <trkpt lat="38.684346" lon="-7.400325">
        <ele>310</ele>
      </trkpt>
      <trkpt lat="38.684572" lon="-7.400427">
        <ele>310.42</ele>
      </trkpt>
      <trkpt lat="38.684997" lon="-7.400679">
        <ele>311.72</ele>
      </trkpt>
      <trkpt lat="38.68539" lon="-7.400893">
        <ele>311.89</ele>
      </trkpt>
      <trkpt lat="38.685656" lon="-7.401014">
        <ele>313.84</ele>
      </trkpt>
      <trkpt lat="38.685933" lon="-7.401092">
        <ele>314.55</ele>
      </trkpt>
      <trkpt lat="38.686288" lon="-7.401158">
        <ele>314.66</ele>
      </trkpt>
      <trkpt lat="38.686486" lon="-7.401191">
        <ele>308.77</ele>
      </trkpt>
      <trkpt lat="38.686934" lon="-7.401239">
        <ele>313.62</ele>
      </trkpt>
      <trkpt lat="38.687358" lon="-7.40128">
        <ele>311.59</ele>
      </trkpt>
      <trkpt lat="38.6877" lon="-7.401344">
        <ele>310.84</ele>
      </trkpt>
      <trkpt lat="38.68797" lon="-7.401422">
        <ele>309.89</ele>
      </trkpt>
      <trkpt lat="38.68819" lon="-7.401524">
        <ele>308.57</ele>
      </trkpt>
      <trkpt lat="38.688473" lon="-7.401702">
        <ele>306.74</ele>
      </trkpt>
      <trkpt lat="38.689251" lon="-7.402291">
        <ele>301.72</ele>
      </trkpt>
      <trkpt lat="38.689917" lon="-7.402796">
        <ele>302.12</ele>
      </trkpt>
      <trkpt lat="38.690704" lon="-7.403428">
        <ele>304.72</ele>
      </trkpt>
      <trkpt lat="38.691216" lon="-7.40381">
        <ele>301.96</ele>
      </trkpt>
      <trkpt lat="38.691787" lon="-7.404237">
        <ele>301.19</ele>
      </trkpt>
      <trkpt lat="38.692037" lon="-7.404352">
        <ele>300.91</ele>
      </trkpt>
      <trkpt lat="38.692485" lon="-7.404322">
        <ele>299.94</ele>
      </trkpt>
      <trkpt lat="38.69294" lon="-7.404288">
        <ele>301.44</ele>
      </trkpt>
      <trkpt lat="38.693819" lon="-7.404224">
        <ele>307.38</ele>
      </trkpt>
      <trkpt lat="38.694038" lon="-7.404218">
        <ele>309.43</ele>
      </trkpt>
      <trkpt lat="38.694218" lon="-7.404224">
        <ele>310.84</ele>
      </trkpt>
      <trkpt lat="38.694558" lon="-7.404261">
        <ele>312.82</ele>
      </trkpt>
      <trkpt lat="38.694671" lon="-7.404287">
        <ele>313.04</ele>
      </trkpt>
      <trkpt lat="38.694933" lon="-7.404383">
        <ele>313.59</ele>
      </trkpt>
      <trkpt lat="38.695223" lon="-7.404536">
        <ele>313.75</ele>
      </trkpt>
      <trkpt lat="38.695602" lon="-7.404807">
        <ele>313.42</ele>
      </trkpt>
      <trkpt lat="38.696642" lon="-7.405699">
        <ele>312.69</ele>
      </trkpt>
      <trkpt lat="38.696948" lon="-7.405997">
        <ele>312.32</ele>
      </trkpt>
      <trkpt lat="38.697364" lon="-7.406339">
        <ele>313.42318698698205</ele>
      </trkpt>
      <trkpt lat="38.697540064357696" lon="-7.406312439018791">
        <ele>313.62419696814226</ele>
      </trkpt>
      <trkpt lat="38.69794203903092" lon="-7.406473611646732">
        <ele>315.7871003656613</ele>
      </trkpt>
      <trkpt lat="38.69836707167286" lon="-7.4066616702823005">
        <ele>319.7024954232707</ele>
      </trkpt>
      <trkpt lat="38.69848948718794" lon="-7.406715833874614">
        <ele>320.51097176521614</ele>
      </trkpt>
      <trkpt lat="38.69868090143973" lon="-7.40680342769366">
        <ele>320.89069950736194</ele>
      </trkpt>
      <trkpt lat="38.698844970390496" lon="-7.406845472727838">
        <ele>321.70351535485395</ele>
      </trkpt>
      <trkpt lat="38.69899263212477" lon="-7.406810435199674">
        <ele>322.66687927455723</ele>
      </trkpt>
      <trkpt lat="38.699156700360476" lon="-7.406740360143317">
        <ele>324.73553006244094</ele>
      </trkpt>
      <trkpt lat="38.69929760077579" lon="-7.406635218448088">
        <ele>325.9941296765846</ele>
      </trkpt>
      <trkpt lat="38.699561" lon="-7.406571">
        <ele>324.97</ele>
      </trkpt>
      <trkpt lat="38.699818" lon="-7.406455">
        <ele>324.73</ele>
      </trkpt>
      <trkpt lat="38.699943" lon="-7.406329">
        <ele>324.76</ele>
      </trkpt>
      <trkpt lat="38.700054" lon="-7.406168">
        <ele>325.21</ele>
      </trkpt>
      <trkpt lat="38.700135" lon="-7.406019">
        <ele>325.82</ele>
      </trkpt>
      <trkpt lat="38.700231" lon="-7.40585">
        <ele>326.02</ele>
      </trkpt>
      <trkpt lat="38.700275" lon="-7.405708">
        <ele>326.01</ele>
      </trkpt>
      <trkpt lat="38.700344" lon="-7.405531">
        <ele>326.45</ele>
      </trkpt>
      <trkpt lat="38.700422" lon="-7.405388">
        <ele>326.74</ele>
      </trkpt>
      <trkpt lat="38.700554" lon="-7.405299">
        <ele>327.11</ele>
      </trkpt>
      <trkpt lat="38.700737" lon="-7.405175">
        <ele>329.83</ele>
      </trkpt>
      <trkpt lat="38.700839" lon="-7.405072">
        <ele>331.3</ele>
      </trkpt>
      <trkpt lat="38.70114" lon="-7.404863">
        <ele>337.02</ele>
      </trkpt>
      <trkpt lat="38.701133" lon="-7.404847">
        <ele>337.06</ele>
      </trkpt>
      <trkpt lat="38.701021" lon="-7.404556">
        <ele>337.68</ele>
      </trkpt>
      <trkpt lat="38.701009" lon="-7.404501">
        <ele>337.8</ele>
      </trkpt>
      <trkpt lat="38.700997" lon="-7.404412">
        <ele>337.89</ele>
      </trkpt>
      <trkpt lat="38.701011" lon="-7.404354">
        <ele>338.29</ele>
      </trkpt>
      <trkpt lat="38.701087" lon="-7.40418">
        <ele>339.3</ele>
      </trkpt>
      <trkpt lat="38.701391" lon="-7.403652">
        <ele>339.4</ele>
      </trkpt>
      <trkpt lat="38.701485" lon="-7.403488">
        <ele>339.43</ele>
      </trkpt>
      <trkpt lat="38.701621" lon="-7.403212">
        <ele>339.64</ele>
      </trkpt>
      <trkpt lat="38.701692" lon="-7.403108">
        <ele>339.54</ele>
      </trkpt>
      <trkpt lat="38.701753" lon="-7.403059">
        <ele>340</ele>
      </trkpt>
      <trkpt lat="38.701876" lon="-7.403031">
        <ele>341.36</ele>
      </trkpt>
      <trkpt lat="38.701898" lon="-7.403026">
        <ele>341.6</ele>
      </trkpt>
      <trkpt lat="38.701948" lon="-7.403103">
        <ele>342.42</ele>
      </trkpt>
      <trkpt lat="38.702168" lon="-7.403527">
        <ele>345</ele>
      </trkpt>
      <trkpt lat="38.702227" lon="-7.403876">
        <ele>344.47</ele>
      </trkpt>
      <trkpt lat="38.702227" lon="-7.403863">
        <ele>344.47</ele>
      </trkpt>
      <trkpt lat="38.702348" lon="-7.403895">
        <ele>343.75</ele>
      </trkpt>
      <trkpt lat="38.702468" lon="-7.403899">
        <ele>343.4</ele>
      </trkpt>
      <trkpt lat="38.702561" lon="-7.403878">
        <ele>343.53</ele>
      </trkpt>
      <trkpt lat="38.702768" lon="-7.403745">
        <ele>344.99</ele>
      </trkpt>
      <trkpt lat="38.703056" lon="-7.403605">
        <ele>346.19</ele>
      </trkpt>
      <trkpt lat="38.703226" lon="-7.40355">
        <ele>347.42</ele>
      </trkpt>
      <trkpt lat="38.703287" lon="-7.403552">
        <ele>348.4584125892428</ele>
      </trkpt>
      <trkpt lat="38.70338089480461" lon="-7.403542757252211">
        <ele>349.1037726628656</ele>
      </trkpt>
      <trkpt lat="38.70350343151395" lon="-7.403588939388442">
        <ele>349.9635825120024</ele>
      </trkpt>
      <trkpt lat="38.703714866910815" lon="-7.403668988424528">
        <ele>351.891235844241</ele>
      </trkpt>
      <trkpt lat="38.703887859042766" lon="-7.403742879842895">
        <ele>353.2105150981229</ele>
      </trkpt>
      <trkpt lat="38.70404643479648" lon="-7.403829086496728">
        <ele>354.99229943619355</ele>
      </trkpt>
      <trkpt lat="38.704226938587766" lon="-7.404065754789315">
        <ele>355.7184347243273</ele>
      </trkpt>
      <trkpt lat="38.70435187649721" lon="-7.404232010479291">
        <ele>356.24990450539156</ele>
      </trkpt>
      <trkpt lat="38.7045176591557" lon="-7.40447831520612">
        <ele>356.36951891585966</ele>
      </trkpt>
      <trkpt lat="38.704526" lon="-7.404469">
        <ele>356.8</ele>
      </trkpt>
      <trkpt lat="38.70484" lon="-7.404949">
        <ele>357.61</ele>
      </trkpt>
      <trkpt lat="38.705388" lon="-7.405786">
        <ele>359.02</ele>
      </trkpt>
      <trkpt lat="38.706053" lon="-7.406782">
        <ele>353.4779329997282</ele>
      </trkpt>
      <trkpt lat="38.70615822331132" lon="-7.406795748728854">
        <ele>354.2718788790814</ele>
      </trkpt>
      <trkpt lat="38.706309586277655" lon="-7.406820379201378">
        <ele>354.6492547842805</ele>
      </trkpt>
      <trkpt lat="38.706436923128564" lon="-7.406814221583659">
        <ele>355.03435808225595</ele>
      </trkpt>
      <trkpt lat="38.70672042700011" lon="-7.4066294930381105">
        <ele>357.3164605828413</ele>
      </trkpt>
      <trkpt lat="38.706734" lon="-7.406659">
        <ele>357.46</ele>
      </trkpt>
      <trkpt lat="38.706872" lon="-7.406559">
        <ele>358.52</ele>
      </trkpt>
      <trkpt lat="38.70732" lon="-7.406284">
        <ele>361.15</ele>
      </trkpt>
      <trkpt lat="38.707594" lon="-7.406148">
        <ele>361.33</ele>
      </trkpt>
      <trkpt lat="38.707844" lon="-7.40601">
        <ele>361.67</ele>
      </trkpt>
      <trkpt lat="38.708374" lon="-7.405795">
        <ele>362.5</ele>
      </trkpt>
      <trkpt lat="38.709038" lon="-7.405586">
        <ele>365.76</ele>
      </trkpt>
      <trkpt lat="38.70929" lon="-7.405586">
        <ele>366.75</ele>
      </trkpt>
      <trkpt lat="38.709557" lon="-7.405675">
        <ele>368.22</ele>
      </trkpt>
      <trkpt lat="38.709736" lon="-7.405783">
        <ele>369.39</ele>
      </trkpt>
      <trkpt lat="38.710401" lon="-7.406143">
        <ele>372.78</ele>
      </trkpt>
      <trkpt lat="38.710626" lon="-7.406246">
        <ele>374.31</ele>
      </trkpt>
      <trkpt lat="38.710851" lon="-7.406317">
        <ele>375.13</ele>
      </trkpt>
      <trkpt lat="38.711169" lon="-7.406368">
        <ele>377.2</ele>
      </trkpt>
      <trkpt lat="38.711368" lon="-7.406386">
        <ele>378.58</ele>
      </trkpt>
      <trkpt lat="38.711841" lon="-7.406382">
        <ele>381.56</ele>
      </trkpt>
      <trkpt lat="38.712168" lon="-7.40638">
        <ele>383.62</ele>
      </trkpt>
      <trkpt lat="38.712701" lon="-7.406376">
        <ele>384</ele>
      </trkpt>
      <trkpt lat="38.7135" lon="-7.40637">
        <ele>381.98</ele>
      </trkpt>
      <trkpt lat="38.714567" lon="-7.406362">
        <ele>377.45</ele>
      </trkpt>
      <trkpt lat="38.715366" lon="-7.406355">
        <ele>371.39</ele>
      </trkpt>
      <trkpt lat="38.71714" lon="-7.406342">
        <ele>365.03</ele>
      </trkpt>
      <trkpt lat="38.717498" lon="-7.406339">
        <ele>365.47</ele>
      </trkpt>
      <trkpt lat="38.718031" lon="-7.406335">
        <ele>361.15</ele>
      </trkpt>
      <trkpt lat="38.718564" lon="-7.406331">
        <ele>362.03</ele>
      </trkpt>
      <trkpt lat="38.719364" lon="-7.406325">
        <ele>356.34</ele>
      </trkpt>
      <trkpt lat="38.7201" lon="-7.406319">
        <ele>353.67</ele>
      </trkpt>
      <trkpt lat="38.720357" lon="-7.406293">
        <ele>352.84</ele>
      </trkpt>
      <trkpt lat="38.721644" lon="-7.406162">
        <ele>360.6</ele>
      </trkpt>
      <trkpt lat="38.722417" lon="-7.406083">
        <ele>365.26</ele>
      </trkpt>
      <trkpt lat="38.724431" lon="-7.405784">
        <ele>377.54</ele>
      </trkpt>
      <trkpt lat="38.726355" lon="-7.405488">
        <ele>384.32</ele>
      </trkpt>
      <trkpt lat="38.726567" lon="-7.405426">
        <ele>384.96</ele>
      </trkpt>
      <trkpt lat="38.726741" lon="-7.405353">
        <ele>384.11</ele>
      </trkpt>
      <trkpt lat="38.726947" lon="-7.405248">
        <ele>383.38</ele>
      </trkpt>
      <trkpt lat="38.727117" lon="-7.405161">
        <ele>382.79</ele>
      </trkpt>
      <trkpt lat="38.72776" lon="-7.40486">
        <ele>381.01</ele>
      </trkpt>
      <trkpt lat="38.727871" lon="-7.404835">
        <ele>381.04</ele>
      </trkpt>
      <trkpt lat="38.727966" lon="-7.404841">
        <ele>380.76</ele>
      </trkpt>
      <trkpt lat="38.728075" lon="-7.404889">
        <ele>380.26</ele>
      </trkpt>
      <trkpt lat="38.728164" lon="-7.404955">
        <ele>379.56</ele>
      </trkpt>
      <trkpt lat="38.728571" lon="-7.405349">
        <ele>377.2</ele>
      </trkpt>
      <trkpt lat="38.728665" lon="-7.405401">
        <ele>376.8</ele>
      </trkpt>
      <trkpt lat="38.728741" lon="-7.405419">
        <ele>376.34</ele>
      </trkpt>
      <trkpt lat="38.728814" lon="-7.405426">
        <ele>375.84</ele>
      </trkpt>
      <trkpt lat="38.728925" lon="-7.40542">
        <ele>375.44</ele>
      </trkpt>
      <trkpt lat="38.729379" lon="-7.405335">
        <ele>374.9</ele>
      </trkpt>
      <trkpt lat="38.72966" lon="-7.405305">
        <ele>372.6</ele>
      </trkpt>
      <trkpt lat="38.7302" lon="-7.405333">
        <ele>369.96</ele>
      </trkpt>
      <trkpt lat="38.730553" lon="-7.40522">
        <ele>367.34</ele>
      </trkpt>
      <trkpt lat="38.73073" lon="-7.405163">
        <ele>366.03</ele>
      </trkpt>
      <trkpt lat="38.731461" lon="-7.40486">
        <ele>362</ele>
      </trkpt>
      <trkpt lat="38.732679" lon="-7.404356">
        <ele>362</ele>
      </trkpt>
      <trkpt lat="38.733277" lon="-7.404134">
        <ele>362</ele>
      </trkpt>
      <trkpt lat="38.734828" lon="-7.403542">
        <ele>371.94</ele>
      </trkpt>
      <trkpt lat="38.735066" lon="-7.403469">
        <ele>373.23</ele>
      </trkpt>
      <trkpt lat="38.735257" lon="-7.40343">
        <ele>374.79</ele>
      </trkpt>
      <trkpt lat="38.735337" lon="-7.40343">
        <ele>375.11</ele>
      </trkpt>
      <trkpt lat="38.735813" lon="-7.403429">
        <ele>377</ele>
      </trkpt>
      <trkpt lat="38.736389" lon="-7.403485">
        <ele>377.02</ele>
      </trkpt>
      <trkpt lat="38.736744" lon="-7.403556">
        <ele>377.16</ele>
      </trkpt>
      <trkpt lat="38.738789" lon="-7.404131">
        <ele>377.94</ele>
      </trkpt>
      <trkpt lat="38.740098" lon="-7.404646">
        <ele>379.75</ele>
      </trkpt>
      <trkpt lat="38.741405" lon="-7.4052">
        <ele>383.04</ele>
      </trkpt>
      <trkpt lat="38.741851" lon="-7.405388">
        <ele>384.16</ele>
      </trkpt>
      <trkpt lat="38.743603" lon="-7.406131">
        <ele>395.22</ele>
      </trkpt>
      <trkpt lat="38.744605" lon="-7.406555">
        <ele>399.27</ele>
      </trkpt>
      <trkpt lat="38.745515" lon="-7.407229">
        <ele>401.29</ele>
      </trkpt>
      <trkpt lat="38.746299" lon="-7.407809">
        <ele>406.27</ele>
      </trkpt>
      <trkpt lat="38.747793" lon="-7.408915">
        <ele>412.32</ele>
      </trkpt>
      <trkpt lat="38.748082" lon="-7.409075">
        <ele>412.49</ele>
      </trkpt>
      <trkpt lat="38.748457" lon="-7.409139">
        <ele>413.94</ele>
      </trkpt>
      <trkpt lat="38.748781" lon="-7.409106">
        <ele>415.06</ele>
      </trkpt>
      <trkpt lat="38.749003" lon="-7.409023">
        <ele>415.66</ele>
      </trkpt>
      <trkpt lat="38.750114" lon="-7.408689">
        <ele>415.14</ele>
      </trkpt>
      <trkpt lat="38.750335" lon="-7.408669">
        <ele>414.67</ele>
      </trkpt>
      <trkpt lat="38.75062" lon="-7.408697">
        <ele>414.51</ele>
      </trkpt>
      <trkpt lat="38.751388" lon="-7.408832">
        <ele>417.69</ele>
      </trkpt>
      <trkpt lat="38.752526" lon="-7.409034">
        <ele>425</ele>
      </trkpt>
      <trkpt lat="38.753059" lon="-7.40913">
        <ele>424</ele>
      </trkpt>
      <trkpt lat="38.753247" lon="-7.409184">
        <ele>423.48</ele>
      </trkpt>
      <trkpt lat="38.753914" lon="-7.40946">
        <ele>421.19</ele>
      </trkpt>
      <trkpt lat="38.754771" lon="-7.409845">
        <ele>416.47</ele>
      </trkpt>
      <trkpt lat="38.755195" lon="-7.410017">
        <ele>415.6</ele>
      </trkpt>
      <trkpt lat="38.755301" lon="-7.410051">
        <ele>414.9</ele>
      </trkpt>
      <trkpt lat="38.755422" lon="-7.410114">
        <ele>414.48</ele>
      </trkpt>
      <trkpt lat="38.755574" lon="-7.410212">
        <ele>414.1</ele>
      </trkpt>
      <trkpt lat="38.755748" lon="-7.410343">
        <ele>413.61</ele>
      </trkpt>
      <trkpt lat="38.755925" lon="-7.410446">
        <ele>413.17</ele>
      </trkpt>
      <trkpt lat="38.756013" lon="-7.410461">
        <ele>412.96</ele>
      </trkpt>
      <trkpt lat="38.756076" lon="-7.410456">
        <ele>412.55</ele>
      </trkpt>
      <trkpt lat="38.756243" lon="-7.410364">
        <ele>410.97</ele>
      </trkpt>
      <trkpt lat="38.756378" lon="-7.410313">
        <ele>408.79</ele>
      </trkpt>
      <trkpt lat="38.756473" lon="-7.410243">
        <ele>408.09</ele>
      </trkpt>
      <trkpt lat="38.756581" lon="-7.41023">
        <ele>407.38</ele>
      </trkpt>
      <trkpt lat="38.756792" lon="-7.410225">
        <ele>406</ele>
      </trkpt>
      <trkpt lat="38.758681" lon="-7.410268">
        <ele>403.9</ele>
      </trkpt>
      <trkpt lat="38.758828" lon="-7.410298">
        <ele>403.37</ele>
      </trkpt>
      <trkpt lat="38.758932" lon="-7.410319">
        <ele>403</ele>
      </trkpt>
      <trkpt lat="38.761596" lon="-7.41206">
        <ele>404.05</ele>
      </trkpt>
      <trkpt lat="38.764008" lon="-7.413413">
        <ele>408.53</ele>
      </trkpt>
      <trkpt lat="38.765081" lon="-7.414014">
        <ele>409</ele>
      </trkpt>
      <trkpt lat="38.765676" lon="-7.414259">
        <ele>408</ele>
      </trkpt>
      <trkpt lat="38.76818" lon="-7.415354">
        <ele>402.18</ele>
      </trkpt>
      <trkpt lat="38.768586" lon="-7.415503">
        <ele>402</ele>
      </trkpt>
      <trkpt lat="38.76929" lon="-7.415737">
        <ele>401</ele>
      </trkpt>
      <trkpt lat="38.770482" lon="-7.41604">
        <ele>399.77</ele>
      </trkpt>
      <trkpt lat="38.771042" lon="-7.416196">
        <ele>398.69</ele>
      </trkpt>
      <trkpt lat="38.771585" lon="-7.416348">
        <ele>398</ele>
      </trkpt>
      <trkpt lat="38.771828" lon="-7.416489">
        <ele>398</ele>
      </trkpt>
      <trkpt lat="38.771932" lon="-7.416565">
        <ele>398</ele>
      </trkpt>
      <trkpt lat="38.772685" lon="-7.417381">
        <ele>397</ele>
      </trkpt>
      <trkpt lat="38.773469" lon="-7.418283">
        <ele>397</ele>
      </trkpt>
      <trkpt lat="38.773725" lon="-7.418547">
        <ele>397</ele>
      </trkpt>
      <trkpt lat="38.773808" lon="-7.418608">
        <ele>397</ele>
      </trkpt>
      <trkpt lat="38.775226" lon="-7.419423">
        <ele>394.91</ele>
      </trkpt>
      <trkpt lat="38.775322" lon="-7.419541">
        <ele>394.94</ele>
      </trkpt>
      <trkpt lat="38.775519" lon="-7.419781">
        <ele>395</ele>
      </trkpt>
      <trkpt lat="38.775792" lon="-7.420139">
        <ele>395</ele>
      </trkpt>
      <trkpt lat="38.777147" lon="-7.421968">
        <ele>398</ele>
      </trkpt>
      <trkpt lat="38.777219" lon="-7.421845">
        <ele>398</ele>
      </trkpt>
      <trkpt lat="38.777353" lon="-7.421578">
        <ele>398</ele>
      </trkpt>
      <trkpt lat="38.777841" lon="-7.420523">
        <ele>400.02</ele>
      </trkpt>
      <trkpt lat="38.778152" lon="-7.419748">
        <ele>402</ele>
      </trkpt>
      <trkpt lat="38.778331" lon="-7.419374">
        <ele>401.3721033441521</ele>
      </trkpt>
      <trkpt lat="38.77857385055603" lon="-7.418959341086435">
        <ele>398.23104358164585</ele>
      </trkpt>
      <trkpt lat="38.778821944117496" lon="-7.418478274456006">
        <ele>395.1948031801808</ele>
      </trkpt>
      <trkpt lat="38.77896800844533" lon="-7.418195047944181">
        <ele>393.59856781054765</ele>
      </trkpt>
      <trkpt lat="38.77920632786533" lon="-7.417705915387985">
        <ele>393.32648092614045</ele>
      </trkpt>
      <trkpt lat="38.77933466499138" lon="-7.417442513158647">
        <ele>393.7256309947164</ele>
      </trkpt>
      <trkpt lat="38.77956601324597" lon="-7.416947901799172">
        <ele>395.4649336696741</ele>
      </trkpt>
      <trkpt lat="38.77960965616322" lon="-7.416854595356597">
        <ele>395.8472002422033</ele>
      </trkpt>
      <trkpt lat="38.779783816690696" lon="-7.416525361388068">
        <ele>397.62441214643763</ele>
      </trkpt>
      <trkpt lat="38.779775" lon="-7.416542">
        <ele>396.99</ele>
      </trkpt>
      <trkpt lat="38.780211" lon="-7.416895">
        <ele>395.01</ele>
      </trkpt>
      <trkpt lat="38.780247" lon="-7.416967">
        <ele>394.43</ele>
      </trkpt>
      <trkpt lat="38.780757" lon="-7.417357">
        <ele>391.16</ele>
      </trkpt>
      <trkpt lat="38.781048" lon="-7.417617">
        <ele>388.6</ele>
      </trkpt>
      <trkpt lat="38.781348" lon="-7.417968">
        <ele>386.42</ele>
      </trkpt>
      <trkpt lat="38.781921" lon="-7.418606">
        <ele>385</ele>
      </trkpt>
      <trkpt lat="38.781978" lon="-7.418694">
        <ele>384.99</ele>
      </trkpt>
      <trkpt lat="38.782033" lon="-7.418809">
        <ele>384.58</ele>
      </trkpt>
      <trkpt lat="38.782092" lon="-7.419011">
        <ele>384.54</ele>
      </trkpt>
      <trkpt lat="38.782203" lon="-7.419942">
        <ele>386</ele>
      </trkpt>
      <trkpt lat="38.782226" lon="-7.420083">
        <ele>386</ele>
      </trkpt>
      <trkpt lat="38.782369" lon="-7.420356">
        <ele>387</ele>
      </trkpt>
      <trkpt lat="38.782459" lon="-7.420423">
        <ele>387.4</ele>
      </trkpt>
      <trkpt lat="38.782591" lon="-7.420478">
        <ele>387.99</ele>
      </trkpt>
      <trkpt lat="38.78309" lon="-7.420627">
        <ele>389.4</ele>
      </trkpt>
      <trkpt lat="38.783958" lon="-7.421178">
        <ele>396.77</ele>
      </trkpt>
      <trkpt lat="38.784308" lon="-7.421485">
        <ele>398.39</ele>
      </trkpt>
      <trkpt lat="38.78469" lon="-7.421861">
        <ele>399.46</ele>
      </trkpt>
      <trkpt lat="38.784904" lon="-7.42224">
        <ele>399.83</ele>
      </trkpt>
      <trkpt lat="38.785207" lon="-7.422954">
        <ele>399.96</ele>
      </trkpt>
      <trkpt lat="38.785315" lon="-7.42321">
        <ele>400</ele>
      </trkpt>
      <trkpt lat="38.785498" lon="-7.423601">
        <ele>400</ele>
      </trkpt>
      <trkpt lat="38.785618" lon="-7.423775">
        <ele>400</ele>
      </trkpt>
      <trkpt lat="38.786963" lon="-7.42532">
        <ele>400</ele>
      </trkpt>
      <trkpt lat="38.787163" lon="-7.425453">
        <ele>400</ele>
      </trkpt>
      <trkpt lat="38.7872" lon="-7.425445">
        <ele>400</ele>
      </trkpt>
      <trkpt lat="38.787237" lon="-7.425449">
        <ele>400</ele>
      </trkpt>
      <trkpt lat="38.787283" lon="-7.425474">
        <ele>400</ele>
      </trkpt>
      <trkpt lat="38.78732" lon="-7.425517">
        <ele>400</ele>
      </trkpt>
      <trkpt lat="38.787342" lon="-7.425574">
        <ele>400</ele>
      </trkpt>
      <trkpt lat="38.787349" lon="-7.425645">
        <ele>400</ele>
      </trkpt>
      <trkpt lat="38.787482" lon="-7.425911">
        <ele>400</ele>
      </trkpt>
      <trkpt lat="38.787757" lon="-7.426184">
        <ele>400.09</ele>
      </trkpt>
      <trkpt lat="38.78799" lon="-7.426372">
        <ele>400.89</ele>
      </trkpt>
      <trkpt lat="38.788935" lon="-7.427283">
        <ele>401.06</ele>
      </trkpt>
      <trkpt lat="38.789014" lon="-7.427337">
        <ele>401</ele>
      </trkpt>
      <trkpt lat="38.789105" lon="-7.427379">
        <ele>401.11</ele>
      </trkpt>
      <trkpt lat="38.789412" lon="-7.427476">
        <ele>400.54</ele>
      </trkpt>
      <trkpt lat="38.789655" lon="-7.427552">
        <ele>400.09</ele>
      </trkpt>
      <trkpt lat="38.789913" lon="-7.427652">
        <ele>400</ele>
      </trkpt>
      <trkpt lat="38.790162" lon="-7.42783">
        <ele>399.95</ele>
      </trkpt>
      <trkpt lat="38.790326" lon="-7.428009">
        <ele>399.56</ele>
      </trkpt>
      <trkpt lat="38.79049" lon="-7.428215">
        <ele>399.49</ele>
      </trkpt>
      <trkpt lat="38.790696" lon="-7.428528">
        <ele>399</ele>
      </trkpt>
      <trkpt lat="38.790947" lon="-7.428945">
        <ele>399.29</ele>
      </trkpt>
      <trkpt lat="38.791442" lon="-7.42991">
        <ele>399.33</ele>
      </trkpt>
      <trkpt lat="38.791582" lon="-7.430147">
        <ele>399.2</ele>
      </trkpt>
      <trkpt lat="38.791663" lon="-7.430257">
        <ele>399.6</ele>
      </trkpt>
      <trkpt lat="38.791813" lon="-7.4304">
        <ele>399.31</ele>
      </trkpt>
      <trkpt lat="38.79198" lon="-7.430512">
        <ele>399.33</ele>
      </trkpt>
      <trkpt lat="38.793222" lon="-7.431252">
        <ele>400.63</ele>
      </trkpt>
      <trkpt lat="38.793628" lon="-7.431602">
        <ele>401</ele>
      </trkpt>
      <trkpt lat="38.794742" lon="-7.433037">
        <ele>404</ele>
      </trkpt>
      <trkpt lat="38.794772" lon="-7.433087">
        <ele>404.05</ele>
      </trkpt>
      <trkpt lat="38.79567" lon="-7.434582">
        <ele>406</ele>
      </trkpt>
      <trkpt lat="38.796004" lon="-7.435076">
        <ele>406.41</ele>
      </trkpt>
      <trkpt lat="38.796446" lon="-7.435663">
        <ele>407.33</ele>
      </trkpt>
      <trkpt lat="38.795583" lon="-7.436534">
        <ele>410.84</ele>
      </trkpt>
      <trkpt lat="38.794721" lon="-7.437405">
        <ele>416.55</ele>
      </trkpt>
      <trkpt lat="38.794353" lon="-7.437777">
        <ele>416</ele>
      </trkpt>
      <trkpt lat="38.793643" lon="-7.438494">
        <ele>411.75</ele>
      </trkpt>
      <trkpt lat="38.79278" lon="-7.439366">
        <ele>412.38</ele>
      </trkpt>
      <trkpt lat="38.792658" lon="-7.439525">
        <ele>412.4</ele>
      </trkpt>
      <trkpt lat="38.792582" lon="-7.439731">
        <ele>412.93</ele>
      </trkpt>
      <trkpt lat="38.792552" lon="-7.439965">
        <ele>412.88</ele>
      </trkpt>
      <trkpt lat="38.792683" lon="-7.44092">
        <ele>414.86</ele>
      </trkpt>
      <trkpt lat="38.79266" lon="-7.441183">
        <ele>415.25</ele>
      </trkpt>
      <trkpt lat="38.79261" lon="-7.441403">
        <ele>415.96</ele>
      </trkpt>
      <trkpt lat="38.792435" lon="-7.441714">
        <ele>416.55</ele>
      </trkpt>
      <trkpt lat="38.792151" lon="-7.442036">
        <ele>416.88</ele>
      </trkpt>
      <trkpt lat="38.79207" lon="-7.442231">
        <ele>416.61</ele>
      </trkpt>
      <trkpt lat="38.792051" lon="-7.442568">
        <ele>417.14</ele>
      </trkpt>
      <trkpt lat="38.792079" lon="-7.443089">
        <ele>417.35</ele>
      </trkpt>
      <trkpt lat="38.792146" lon="-7.443604">
        <ele>418.29</ele>
      </trkpt>
      <trkpt lat="38.79221" lon="-7.443902">
        <ele>419.48</ele>
      </trkpt>
      <trkpt lat="38.792246" lon="-7.444066">
        <ele>420.13</ele>
      </trkpt>
      <trkpt lat="38.792463" lon="-7.444599">
        <ele>423.23</ele>
      </trkpt>
      <trkpt lat="38.792504" lon="-7.444739">
        <ele>424.05</ele>
      </trkpt>
      <trkpt lat="38.792519" lon="-7.444868">
        <ele>424.8</ele>
      </trkpt>
      <trkpt lat="38.792522" lon="-7.445737">
        <ele>429.24</ele>
      </trkpt>
      <trkpt lat="38.792535" lon="-7.446038">
        <ele>429.94</ele>
      </trkpt>
      <trkpt lat="38.792618" lon="-7.446633">
        <ele>430.98</ele>
      </trkpt>
      <trkpt lat="38.792619" lon="-7.446752">
        <ele>430.72</ele>
      </trkpt>
      <trkpt lat="38.792597" lon="-7.446926">
        <ele>430.19</ele>
      </trkpt>
      <trkpt lat="38.792577" lon="-7.447254">
        <ele>429.96</ele>
      </trkpt>
      <trkpt lat="38.793016" lon="-7.447572">
        <ele>429.46</ele>
      </trkpt>
      <trkpt lat="38.79315" lon="-7.447702">
        <ele>428.48</ele>
      </trkpt>
      <trkpt lat="38.793261" lon="-7.447822">
        <ele>427.47</ele>
      </trkpt>
      <trkpt lat="38.79326619905784" lon="-7.447829069618321">
        <ele>427.4636730999098</ele>
      </trkpt>
      <trkpt lat="38.793266" lon="-7.447829">
        <ele>427.44</ele>
      </trkpt>
      <trkpt lat="38.793346" lon="-7.447939">
        <ele>427.05</ele>
      </trkpt>
      <trkpt lat="38.793299" lon="-7.44803">
        <ele>426.67</ele>
      </trkpt>
      <trkpt lat="38.793216" lon="-7.448195">
        <ele>426</ele>
      </trkpt>
      <trkpt lat="38.793165" lon="-7.448233">
        <ele>426.13</ele>
      </trkpt>
      <trkpt lat="38.793164646884776" lon="-7.4482328458442195">
        <ele>426.1274270069506</ele>
      </trkpt>
      <trkpt lat="38.792813" lon="-7.448492">
        <ele>427</ele>
      </trkpt>
      <trkpt lat="38.792549" lon="-7.448605">
        <ele>427.55</ele>
      </trkpt>
      <trkpt lat="38.792259" lon="-7.448634">
        <ele>429</ele>
      </trkpt>
      <trkpt lat="38.791933" lon="-7.44857">
        <ele>430.42</ele>
      </trkpt>
      <trkpt lat="38.791649" lon="-7.448441">
        <ele>431.81</ele>
      </trkpt>
      <trkpt lat="38.791239" lon="-7.448087">
        <ele>433.54</ele>
      </trkpt>
      <trkpt lat="38.790913" lon="-7.447754">
        <ele>435.63</ele>
      </trkpt>
      <trkpt lat="38.790679" lon="-7.447658">
        <ele>436.01</ele>
      </trkpt>
      <trkpt lat="38.790386" lon="-7.447701">
        <ele>437.07</ele>
      </trkpt>
      <trkpt lat="38.790074" lon="-7.447868">
        <ele>438.23</ele>
      </trkpt>
      <trkpt lat="38.789801" lon="-7.448001">
        <ele>439.64</ele>
      </trkpt>
      <trkpt lat="38.789416" lon="-7.448269">
        <ele>443.08</ele>
      </trkpt>
      <trkpt lat="38.789118" lon="-7.448615">
        <ele>448.36</ele>
      </trkpt>
      <trkpt lat="38.788833" lon="-7.44911">
        <ele>453.32</ele>
      </trkpt>
      <trkpt lat="38.78869" lon="-7.449357">
        <ele>454</ele>
      </trkpt>
      <trkpt lat="38.788609" lon="-7.44946">
        <ele>454</ele>
      </trkpt>
      <trkpt lat="38.788513" lon="-7.449534">
        <ele>453.98</ele>
      </trkpt>
      <trkpt lat="38.788427" lon="-7.449584">
        <ele>454</ele>
      </trkpt>
      <trkpt lat="38.7883" lon="-7.449626">
        <ele>453.55</ele>
      </trkpt>
      <trkpt lat="38.787576" lon="-7.449718">
        <ele>454.22</ele>
      </trkpt>
      <trkpt lat="38.787326" lon="-7.449776">
        <ele>455.51</ele>
      </trkpt>
      <trkpt lat="38.786465" lon="-7.449912">
        <ele>460.7</ele>
      </trkpt>
      <trkpt lat="38.7863" lon="-7.449945">
        <ele>461.31</ele>
      </trkpt>
      <trkpt lat="38.786066" lon="-7.450014">
        <ele>462.57</ele>
      </trkpt>
      <trkpt lat="38.785603" lon="-7.45019">
        <ele>463.73</ele>
      </trkpt>
      <trkpt lat="38.785482" lon="-7.450255">
        <ele>463.24</ele>
      </trkpt>
      <trkpt lat="38.785282" lon="-7.450462">
        <ele>464.11</ele>
      </trkpt>
      <trkpt lat="38.785196" lon="-7.450573">
        <ele>464.95</ele>
      </trkpt>
      <trkpt lat="38.785064" lon="-7.45073">
        <ele>467.54</ele>
      </trkpt>
      <trkpt lat="38.784966" lon="-7.450825">
        <ele>465.04</ele>
      </trkpt>
      <trkpt lat="38.784839" lon="-7.450864">
        <ele>464.12</ele>
      </trkpt>
      <trkpt lat="38.784692" lon="-7.450822">
        <ele>464</ele>
      </trkpt>
      <trkpt lat="38.784607" lon="-7.450769">
        <ele>464.04</ele>
      </trkpt>
      <trkpt lat="38.784306" lon="-7.450619">
        <ele>465</ele>
      </trkpt>
      <trkpt lat="38.783972" lon="-7.450512">
        <ele>465</ele>
      </trkpt>
      <trkpt lat="38.78357" lon="-7.450501">
        <ele>465</ele>
      </trkpt>
      <trkpt lat="38.782901" lon="-7.450544">
        <ele>465</ele>
      </trkpt>
      <trkpt lat="38.781814" lon="-7.450651">
        <ele>464.87</ele>
      </trkpt>
      <trkpt lat="38.781254" lon="-7.450812">
        <ele>464.53</ele>
      </trkpt>
      <trkpt lat="38.780844" lon="-7.450973">
        <ele>465</ele>
      </trkpt>
      <trkpt lat="38.780384" lon="-7.451316">
        <ele>465.08</ele>
      </trkpt>
      <trkpt lat="38.780128" lon="-7.451588">
        <ele>465.62</ele>
      </trkpt>
      <trkpt lat="38.779949" lon="-7.451778">
        <ele>466</ele>
      </trkpt>
      <trkpt lat="38.779631" lon="-7.452239">
        <ele>467.5</ele>
      </trkpt>
      <trkpt lat="38.779384" lon="-7.452702">
        <ele>468.14</ele>
      </trkpt>
      <trkpt lat="38.779158" lon="-7.453443">
        <ele>468.03</ele>
      </trkpt>
      <trkpt lat="38.778756" lon="-7.454923">
        <ele>466.73</ele>
      </trkpt>
      <trkpt lat="38.778602" lon="-7.455468">
        <ele>465.48</ele>
      </trkpt>
      <trkpt lat="38.778351" lon="-7.456134">
        <ele>464.72</ele>
      </trkpt>
      <trkpt lat="38.778169" lon="-7.45633">
        <ele>464.56</ele>
      </trkpt>
      <trkpt lat="38.777423" lon="-7.456831">
        <ele>462.67</ele>
      </trkpt>
      <trkpt lat="38.777035" lon="-7.457126">
        <ele>461.01</ele>
      </trkpt>
      <trkpt lat="38.776919" lon="-7.457243">
        <ele>460.46</ele>
      </trkpt>
      <trkpt lat="38.776819" lon="-7.457378">
        <ele>459.53</ele>
      </trkpt>
      <trkpt lat="38.776748" lon="-7.457541">
        <ele>459</ele>
      </trkpt>
      <trkpt lat="38.776706" lon="-7.457697">
        <ele>458.12</ele>
      </trkpt>
      <trkpt lat="38.776697" lon="-7.457845">
        <ele>457.62</ele>
      </trkpt>
      <trkpt lat="38.776704" lon="-7.458011">
        <ele>457.46</ele>
      </trkpt>
      <trkpt lat="38.776846" lon="-7.458494">
        <ele>456</ele>
      </trkpt>
      <trkpt lat="38.7771" lon="-7.459098">
        <ele>455.8</ele>
      </trkpt>
      <trkpt lat="38.777532" lon="-7.459932">
        <ele>456.53</ele>
      </trkpt>
      <trkpt lat="38.77805" lon="-7.460586">
        <ele>457.59</ele>
      </trkpt>
      <trkpt lat="38.77838" lon="-7.460983">
        <ele>458.81</ele>
      </trkpt>
      <trkpt lat="38.778993" lon="-7.461721">
        <ele>461.78</ele>
      </trkpt>
      <trkpt lat="38.779559" lon="-7.462401">
        <ele>467.51</ele>
      </trkpt>
      <trkpt lat="38.780107" lon="-7.463028">
        <ele>471.3</ele>
      </trkpt>
      <trkpt lat="38.780473" lon="-7.463446">
        <ele>471.82</ele>
      </trkpt>
      <trkpt lat="38.780595" lon="-7.463641">
        <ele>471.06</ele>
      </trkpt>
      <trkpt lat="38.780672" lon="-7.463914">
        <ele>471.35</ele>
      </trkpt>
      <trkpt lat="38.780879" lon="-7.46554">
        <ele>471.19</ele>
      </trkpt>
      <trkpt lat="38.780962" lon="-7.466191">
        <ele>470.1</ele>
      </trkpt>
      <trkpt lat="38.781045" lon="-7.466841">
        <ele>466.5</ele>
      </trkpt>
      <trkpt lat="38.781141" lon="-7.467034">
        <ele>465.58</ele>
      </trkpt>
      <trkpt lat="38.78119" lon="-7.467081">
        <ele>465.24</ele>
      </trkpt>
      <trkpt lat="38.781398" lon="-7.467155">
        <ele>466.31</ele>
      </trkpt>
      <trkpt lat="38.782144" lon="-7.467004">
        <ele>471.99</ele>
      </trkpt>
      <trkpt lat="38.78245" lon="-7.466916">
        <ele>475.56</ele>
      </trkpt>
      <trkpt lat="38.782784" lon="-7.466712">
        <ele>478.41</ele>
      </trkpt>
      <trkpt lat="38.78311" lon="-7.466476">
        <ele>480.47</ele>
      </trkpt>
      <trkpt lat="38.783373" lon="-7.466307">
        <ele>480.89</ele>
      </trkpt>
      <trkpt lat="38.783788" lon="-7.466079">
        <ele>480.45</ele>
      </trkpt>
      <trkpt lat="38.784089" lon="-7.466026">
        <ele>480.85</ele>
      </trkpt>
      <trkpt lat="38.784284" lon="-7.466031">
        <ele>481.21</ele>
      </trkpt>
      <trkpt lat="38.78434" lon="-7.465983">
        <ele>481.62</ele>
      </trkpt>
      <trkpt lat="38.784434" lon="-7.465849">
        <ele>481.85</ele>
      </trkpt>
      <trkpt lat="38.784532" lon="-7.465661">
        <ele>482.06</ele>
      </trkpt>
      <trkpt lat="38.784591" lon="-7.465457">
        <ele>482.49</ele>
      </trkpt>
      <trkpt lat="38.784669" lon="-7.465019">
        <ele>483</ele>
      </trkpt>
      <trkpt lat="38.784842" lon="-7.464609">
        <ele>483</ele>
      </trkpt>
      <trkpt lat="38.785871" lon="-7.463405">
        <ele>482.34</ele>
      </trkpt>
      <trkpt lat="38.786171" lon="-7.463054">
        <ele>482.15</ele>
      </trkpt>
      <trkpt lat="38.78639" lon="-7.462777">
        <ele>481.83</ele>
      </trkpt>
      <trkpt lat="38.786363" lon="-7.462696">
        <ele>481.16</ele>
      </trkpt>
      <trkpt lat="38.786359" lon="-7.462606">
        <ele>480.63</ele>
      </trkpt>
      <trkpt lat="38.786379" lon="-7.462522">
        <ele>480.36</ele>
      </trkpt>
      <trkpt lat="38.786425" lon="-7.462445">
        <ele>480.16</ele>
      </trkpt>
      <trkpt lat="38.786484" lon="-7.462399">
        <ele>480.16</ele>
      </trkpt>
      <trkpt lat="38.786556" lon="-7.462381">
        <ele>480.23</ele>
      </trkpt>
      <trkpt lat="38.786624" lon="-7.462396">
        <ele>480.41</ele>
      </trkpt>
      <trkpt lat="38.786689" lon="-7.462446">
        <ele>480.84</ele>
      </trkpt>
      <trkpt lat="38.786782" lon="-7.462303">
        <ele>479.19</ele>
      </trkpt>
      <trkpt lat="38.787953" lon="-7.461015">
        <ele>476.67</ele>
      </trkpt>
      <trkpt lat="38.788162" lon="-7.460843">
        <ele>476.68</ele>
      </trkpt>
      <trkpt lat="38.788521" lon="-7.46065">
        <ele>475.55</ele>
      </trkpt>
      <trkpt lat="38.788959" lon="-7.46062">
        <ele>475.4</ele>
      </trkpt>
      <trkpt lat="38.789307" lon="-7.460725">
        <ele>475.01</ele>
      </trkpt>
      <trkpt lat="38.789796" lon="-7.461018">
        <ele>474.47</ele>
      </trkpt>
      <trkpt lat="38.789919" lon="-7.460658">
        <ele>474</ele>
      </trkpt>
      <trkpt lat="38.790294" lon="-7.459724">
        <ele>473.26</ele>
      </trkpt>
      <trkpt lat="38.790456" lon="-7.459322">
        <ele>472.4</ele>
      </trkpt>
      <trkpt lat="38.790525" lon="-7.45913">
        <ele>472.07</ele>
      </trkpt>
      <trkpt lat="38.790546" lon="-7.458999">
        <ele>472.09</ele>
      </trkpt>
      <trkpt lat="38.790547" lon="-7.458908">
        <ele>472.13</ele>
      </trkpt>
      <trkpt lat="38.790608" lon="-7.458756">
        <ele>472</ele>
      </trkpt>
      <trkpt lat="38.79065" lon="-7.458677">
        <ele>472</ele>
      </trkpt>
      <trkpt lat="38.790684" lon="-7.458558">
        <ele>472</ele>
      </trkpt>
      <trkpt lat="38.790738" lon="-7.458625">
        <ele>471.92</ele>
      </trkpt>
      <trkpt lat="38.791867" lon="-7.460271">
        <ele>474.77</ele>
      </trkpt>
      <trkpt lat="38.792148" lon="-7.460755">
        <ele>476.08</ele>
      </trkpt>
      <trkpt lat="38.793403" lon="-7.4626">
        <ele>480.97</ele>
      </trkpt>
      <trkpt lat="38.793946" lon="-7.463399">
        <ele>480.93</ele>
      </trkpt>
      <trkpt lat="38.794862" lon="-7.464706">
        <ele>485</ele>
      </trkpt>
      <trkpt lat="38.795962" lon="-7.466274">
        <ele>486.64</ele>
      </trkpt>
      <trkpt lat="38.797426" lon="-7.468367">
        <ele>483.45</ele>
      </trkpt>
      <trkpt lat="38.798699" lon="-7.470213">
        <ele>483.93</ele>
      </trkpt>
      <trkpt lat="38.799025" lon="-7.470686">
        <ele>482.65</ele>
      </trkpt>
      <trkpt lat="38.799789" lon="-7.471795">
        <ele>479.66</ele>
      </trkpt>
      <trkpt lat="38.800516" lon="-7.472849">
        <ele>481.34</ele>
      </trkpt>
      <trkpt lat="38.801263" lon="-7.473896">
        <ele>480.07</ele>
      </trkpt>
      <trkpt lat="38.802197" lon="-7.475204">
        <ele>475.15</ele>
      </trkpt>
      <trkpt lat="38.802786" lon="-7.4759">
        <ele>471.61</ele>
      </trkpt>
      <trkpt lat="38.80343" lon="-7.476563">
        <ele>468.65</ele>
      </trkpt>
      <trkpt lat="38.803755" lon="-7.476829">
        <ele>466.19</ele>
      </trkpt>
      <trkpt lat="38.804123" lon="-7.477095">
        <ele>466.09</ele>
      </trkpt>
      <trkpt lat="38.804489" lon="-7.477334">
        <ele>463.33</ele>
      </trkpt>
      <trkpt lat="38.804883" lon="-7.477555">
        <ele>462.82</ele>
      </trkpt>
      <trkpt lat="38.805338" lon="-7.477743">
        <ele>462</ele>
      </trkpt>
      <trkpt lat="38.805799" lon="-7.477888">
        <ele>461.07</ele>
      </trkpt>
      <trkpt lat="38.806283" lon="-7.477986">
        <ele>459.65</ele>
      </trkpt>
      <trkpt lat="38.80648" lon="-7.478015">
        <ele>459.38</ele>
      </trkpt>
      <trkpt lat="38.80676" lon="-7.478056">
        <ele>459</ele>
      </trkpt>
      <trkpt lat="38.807284" lon="-7.478043">
        <ele>457.74</ele>
      </trkpt>
      <trkpt lat="38.807801" lon="-7.478001">
        <ele>456.43</ele>
      </trkpt>
      <trkpt lat="38.808306" lon="-7.477883">
        <ele>455.2</ele>
      </trkpt>
      <trkpt lat="38.80879" lon="-7.477718">
        <ele>453.78</ele>
      </trkpt>
      <trkpt lat="38.809309" lon="-7.477504">
        <ele>452.08</ele>
      </trkpt>
      <trkpt lat="38.809799" lon="-7.477243">
        <ele>450.09</ele>
      </trkpt>
      <trkpt lat="38.810178" lon="-7.477008">
        <ele>449.37</ele>
      </trkpt>
      <trkpt lat="38.810535" lon="-7.476755">
        <ele>448.38</ele>
      </trkpt>
      <trkpt lat="38.811179" lon="-7.476255">
        <ele>444.42</ele>
      </trkpt>
      <trkpt lat="38.811827" lon="-7.475721">
        <ele>440.64</ele>
      </trkpt>
      <trkpt lat="38.812358" lon="-7.475176">
        <ele>437.64</ele>
      </trkpt>
      <trkpt lat="38.81306" lon="-7.474559">
        <ele>430.4</ele>
      </trkpt>
      <trkpt lat="38.81322" lon="-7.474418">
        <ele>432.59</ele>
      </trkpt>
      <trkpt lat="38.813387" lon="-7.474223">
        <ele>431.95</ele>
      </trkpt>
      <trkpt lat="38.81345" lon="-7.474003">
        <ele>431.26</ele>
      </trkpt>
      <trkpt lat="38.813446" lon="-7.473757">
        <ele>431.09</ele>
      </trkpt>
      <trkpt lat="38.813354" lon="-7.473514">
        <ele>430.43</ele>
      </trkpt>
      <trkpt lat="38.813207" lon="-7.473363">
        <ele>430.12</ele>
      </trkpt>
      <trkpt lat="38.81301" lon="-7.473309">
        <ele>430.12</ele>
      </trkpt>
      <trkpt lat="38.812846" lon="-7.473336">
        <ele>429.6</ele>
      </trkpt>
      <trkpt lat="38.812701" lon="-7.473436">
        <ele>429.11</ele>
      </trkpt>
      <trkpt lat="38.81238" lon="-7.473627">
        <ele>430</ele>
      </trkpt>
      <trkpt lat="38.81231" lon="-7.473654">
        <ele>430</ele>
      </trkpt>
      <trkpt lat="38.812225" lon="-7.473642">
        <ele>429.97</ele>
      </trkpt>
      <trkpt lat="38.812165" lon="-7.473622">
        <ele>430</ele>
      </trkpt>
      <trkpt lat="38.812112" lon="-7.473579">
        <ele>429.94</ele>
      </trkpt>
      <trkpt lat="38.812049" lon="-7.473488">
        <ele>429.46</ele>
      </trkpt>
      <trkpt lat="38.811643" lon="-7.47253">
        <ele>430.38</ele>
      </trkpt>
      <trkpt lat="38.811643" lon="-7.47253">
        <ele>430.38</ele>
      </trkpt>
      <trkpt lat="38.811378" lon="-7.471904">
        <ele>430.98</ele>
      </trkpt>
      <trkpt lat="38.810868" lon="-7.470577">
        <ele>429</ele>
      </trkpt>
      <trkpt lat="38.810805" lon="-7.470339">
        <ele>428.83</ele>
      </trkpt>
      <trkpt lat="38.810147" lon="-7.468612">
        <ele>425.72</ele>
      </trkpt>
      <trkpt lat="38.809917" lon="-7.468043">
        <ele>424.23</ele>
      </trkpt>
      <trkpt lat="38.809771" lon="-7.467663">
        <ele>424</ele>
      </trkpt>
      <trkpt lat="38.809597" lon="-7.467259">
        <ele>423</ele>
      </trkpt>
      <trkpt lat="38.808998" lon="-7.465759">
        <ele>421.89</ele>
      </trkpt>
      <trkpt lat="38.80883" lon="-7.465304">
        <ele>422</ele>
      </trkpt>
      <trkpt lat="38.80873" lon="-7.464972">
        <ele>422</ele>
      </trkpt>
      <trkpt lat="38.80866" lon="-7.464691">
        <ele>421.95</ele>
      </trkpt>
      <trkpt lat="38.808613" lon="-7.464462">
        <ele>421.49</ele>
      </trkpt>
      <trkpt lat="38.808553" lon="-7.464096">
        <ele>421</ele>
      </trkpt>
      <trkpt lat="38.808522" lon="-7.463758">
        <ele>420.99</ele>
      </trkpt>
      <trkpt lat="38.808496" lon="-7.463271">
        <ele>420.44</ele>
      </trkpt>
      <trkpt lat="38.8085" lon="-7.462987">
        <ele>419.71</ele>
      </trkpt>
      <trkpt lat="38.80852" lon="-7.462583">
        <ele>420.99</ele>
      </trkpt>
      <trkpt lat="38.808583" lon="-7.462083">
        <ele>420</ele>
      </trkpt>
      <trkpt lat="38.808668" lon="-7.461589">
        <ele>420</ele>
      </trkpt>
      <trkpt lat="38.808751" lon="-7.461227">
        <ele>419.39</ele>
      </trkpt>
      <trkpt lat="38.808865" lon="-7.460812">
        <ele>418.37</ele>
      </trkpt>
      <trkpt lat="38.809119" lon="-7.460154">
        <ele>418.31</ele>
      </trkpt>
      <trkpt lat="38.809318" lon="-7.459679">
        <ele>418</ele>
      </trkpt>
      <trkpt lat="38.809678" lon="-7.458824">
        <ele>416.6</ele>
      </trkpt>
      <trkpt lat="38.81032" lon="-7.457384">
        <ele>412.56</ele>
      </trkpt>
      <trkpt lat="38.810396" lon="-7.45727">
        <ele>411.59</ele>
      </trkpt>
      <trkpt lat="38.811591" lon="-7.45444">
        <ele>399.48</ele>
      </trkpt>
      <trkpt lat="38.811839" lon="-7.453863">
        <ele>395.65</ele>
      </trkpt>
      <trkpt lat="38.812961" lon="-7.451241">
        <ele>386.97</ele>
      </trkpt>
      <trkpt lat="38.812991" lon="-7.451126">
        <ele>386.86</ele>
      </trkpt>
      <trkpt lat="38.813659" lon="-7.449528">
        <ele>381.66</ele>
      </trkpt>
      <trkpt lat="38.814483" lon="-7.447581">
        <ele>377.07</ele>
      </trkpt>
      <trkpt lat="38.814804" lon="-7.446862">
        <ele>376.93</ele>
      </trkpt>
      <trkpt lat="38.814867" lon="-7.446768">
        <ele>376.53</ele>
      </trkpt>
      <trkpt lat="38.815177" lon="-7.446046">
        <ele>374.37</ele>
      </trkpt>
      <trkpt lat="38.815805" lon="-7.444585">
        <ele>370</ele>
      </trkpt>
      <trkpt lat="38.816951" lon="-7.441914">
        <ele>357.62</ele>
      </trkpt>
      <trkpt lat="38.817053" lon="-7.441699">
        <ele>356.78</ele>
      </trkpt>
      <trkpt lat="38.819186" lon="-7.437576">
        <ele>335.22</ele>
      </trkpt>
      <trkpt lat="38.819494" lon="-7.43697">
        <ele>334.66</ele>
      </trkpt>
      <trkpt lat="38.819623" lon="-7.4367">
        <ele>334.74</ele>
      </trkpt>
      <trkpt lat="38.81981" lon="-7.436259">
        <ele>334.2</ele>
      </trkpt>
      <trkpt lat="38.819957" lon="-7.435888">
        <ele>334.4</ele>
      </trkpt>
      <trkpt lat="38.820049" lon="-7.435625">
        <ele>333</ele>
      </trkpt>
      <trkpt lat="38.820141" lon="-7.435362">
        <ele>333.83</ele>
      </trkpt>
      <trkpt lat="38.820318" lon="-7.43475">
        <ele>332.03</ele>
      </trkpt>
      <trkpt lat="38.820535" lon="-7.433874">
        <ele>330.87</ele>
      </trkpt>
      <trkpt lat="38.820593" lon="-7.43362">
        <ele>329.45</ele>
      </trkpt>
      <trkpt lat="38.820737" lon="-7.432842">
        <ele>329</ele>
      </trkpt>
      <trkpt lat="38.820956" lon="-7.431774">
        <ele>327.93</ele>
      </trkpt>
      <trkpt lat="38.821062" lon="-7.4312">
        <ele>326.5</ele>
      </trkpt>
      <trkpt lat="38.821167" lon="-7.430685">
        <ele>325.95</ele>
      </trkpt>
      <trkpt lat="38.821441" lon="-7.429279">
        <ele>328.2</ele>
      </trkpt>
      <trkpt lat="38.821689" lon="-7.428014">
        <ele>333.05</ele>
      </trkpt>
      <trkpt lat="38.821822" lon="-7.427436">
        <ele>334.16</ele>
      </trkpt>
      <trkpt lat="38.821947" lon="-7.426997">
        <ele>335.01</ele>
      </trkpt>
      <trkpt lat="38.822062" lon="-7.426664">
        <ele>336.01</ele>
      </trkpt>
      <trkpt lat="38.822208" lon="-7.426281">
        <ele>336.8</ele>
      </trkpt>
      <trkpt lat="38.822354" lon="-7.42595">
        <ele>337.85</ele>
      </trkpt>
      <trkpt lat="38.8225" lon="-7.425654">
        <ele>338</ele>
      </trkpt>
      <trkpt lat="38.822717" lon="-7.425255">
        <ele>339.02</ele>
      </trkpt>
      <trkpt lat="38.82292" lon="-7.42492">
        <ele>339.75</ele>
      </trkpt>
      <trkpt lat="38.823999" lon="-7.423388">
        <ele>338.92</ele>
      </trkpt>
      <trkpt lat="38.824133" lon="-7.42316">
        <ele>338.59</ele>
      </trkpt>
      <trkpt lat="38.824269" lon="-7.422891">
        <ele>338.01</ele>
      </trkpt>
      <trkpt lat="38.824483" lon="-7.422421">
        <ele>337.03</ele>
      </trkpt>
      <trkpt lat="38.824573" lon="-7.422159">
        <ele>336</ele>
      </trkpt>
      <trkpt lat="38.824736" lon="-7.421588">
        <ele>334</ele>
      </trkpt>
      <trkpt lat="38.824802" lon="-7.421274">
        <ele>333</ele>
      </trkpt>
      <trkpt lat="38.824859" lon="-7.420928">
        <ele>331.48</ele>
      </trkpt>
      <trkpt lat="38.824944" lon="-7.420254">
        <ele>330.19</ele>
      </trkpt>
      <trkpt lat="38.825149" lon="-7.41878">
        <ele>330.23</ele>
      </trkpt>
      <trkpt lat="38.825333" lon="-7.41743">
        <ele>330.05</ele>
      </trkpt>
      <trkpt lat="38.825549" lon="-7.415859">
        <ele>325.85</ele>
      </trkpt>
      <trkpt lat="38.825628" lon="-7.415335">
        <ele>324.28</ele>
      </trkpt>
      <trkpt lat="38.825744" lon="-7.414787">
        <ele>322</ele>
      </trkpt>
      <trkpt lat="38.825859" lon="-7.414366">
        <ele>320.32</ele>
      </trkpt>
      <trkpt lat="38.825984" lon="-7.413962">
        <ele>319</ele>
      </trkpt>
      <trkpt lat="38.826334" lon="-7.412986">
        <ele>316.6</ele>
      </trkpt>
      <trkpt lat="38.826633" lon="-7.412129">
        <ele>314.99</ele>
      </trkpt>
      <trkpt lat="38.826803" lon="-7.411675">
        <ele>314.86</ele>
      </trkpt>
      <trkpt lat="38.82689" lon="-7.411464">
        <ele>315.29</ele>
      </trkpt>
      <trkpt lat="38.826983" lon="-7.411261">
        <ele>315.69</ele>
      </trkpt>
      <trkpt lat="38.827167" lon="-7.410924">
        <ele>315.87</ele>
      </trkpt>
      <trkpt lat="38.827391" lon="-7.410555">
        <ele>316.95</ele>
      </trkpt>
      <trkpt lat="38.828231" lon="-7.409346">
        <ele>316.62</ele>
      </trkpt>
      <trkpt lat="38.828571" lon="-7.408857">
        <ele>316.49</ele>
      </trkpt>
      <trkpt lat="38.829094" lon="-7.408107">
        <ele>313.19</ele>
      </trkpt>
      <trkpt lat="38.830883" lon="-7.405538">
        <ele>296.89</ele>
      </trkpt>
      <trkpt lat="38.831027" lon="-7.405339">
        <ele>296.01</ele>
      </trkpt>
      <trkpt lat="38.831121" lon="-7.405217">
        <ele>292.45</ele>
      </trkpt>
      <trkpt lat="38.831338" lon="-7.404966">
        <ele>294.69</ele>
      </trkpt>
      <trkpt lat="38.831494" lon="-7.404805">
        <ele>294.31</ele>
      </trkpt>
      <trkpt lat="38.831846" lon="-7.404495">
        <ele>294.61</ele>
      </trkpt>
      <trkpt lat="38.832054" lon="-7.404331">
        <ele>294.08</ele>
      </trkpt>
      <trkpt lat="38.832288" lon="-7.404167">
        <ele>294.62</ele>
      </trkpt>
      <trkpt lat="38.832341" lon="-7.404139">
        <ele>294.71</ele>
      </trkpt>
      <trkpt lat="38.832563" lon="-7.404022">
        <ele>295.06</ele>
      </trkpt>
      <trkpt lat="38.832837" lon="-7.403891">
        <ele>295.45</ele>
      </trkpt>
      <trkpt lat="38.834238" lon="-7.403392">
        <ele>300.35</ele>
      </trkpt>
      <trkpt lat="38.834693" lon="-7.403205">
        <ele>301.57</ele>
      </trkpt>
      <trkpt lat="38.834902" lon="-7.403107">
        <ele>303.01</ele>
      </trkpt>
      <trkpt lat="38.835137" lon="-7.40298">
        <ele>303.58</ele>
      </trkpt>
      <trkpt lat="38.83532" lon="-7.402851">
        <ele>304.49</ele>
      </trkpt>
      <trkpt lat="38.835517" lon="-7.402699">
        <ele>304.59</ele>
      </trkpt>
      <trkpt lat="38.835836" lon="-7.402423">
        <ele>305.98</ele>
      </trkpt>
      <trkpt lat="38.836873" lon="-7.401384">
        <ele>309.18</ele>
      </trkpt>
      <trkpt lat="38.837273" lon="-7.400935">
        <ele>309.57</ele>
      </trkpt>
      <trkpt lat="38.837436" lon="-7.400719">
        <ele>309.16</ele>
      </trkpt>
      <trkpt lat="38.837663" lon="-7.40039">
        <ele>308.96</ele>
      </trkpt>
      <trkpt lat="38.837823" lon="-7.400112">
        <ele>308.37</ele>
      </trkpt>
      <trkpt lat="38.838129" lon="-7.399619">
        <ele>305.38</ele>
      </trkpt>
      <trkpt lat="38.838472" lon="-7.399044">
        <ele>301.17</ele>
      </trkpt>
      <trkpt lat="38.839187" lon="-7.397866">
        <ele>296.46</ele>
      </trkpt>
      <trkpt lat="38.839668" lon="-7.397071">
        <ele>291.28</ele>
      </trkpt>
      <trkpt lat="38.839748" lon="-7.396891">
        <ele>292.71</ele>
      </trkpt>
      <trkpt lat="38.839876" lon="-7.396557">
        <ele>291.99</ele>
      </trkpt>
      <trkpt lat="38.83999" lon="-7.396153">
        <ele>292.75</ele>
      </trkpt>
      <trkpt lat="38.840095" lon="-7.395581">
        <ele>289.74</ele>
      </trkpt>
      <trkpt lat="38.840132" lon="-7.395362">
        <ele>289.07</ele>
      </trkpt>
      <trkpt lat="38.840204" lon="-7.395032">
        <ele>285.26</ele>
      </trkpt>
      <trkpt lat="38.840283" lon="-7.394694">
        <ele>284.35</ele>
      </trkpt>
      <trkpt lat="38.840354" lon="-7.394493">
        <ele>285.42</ele>
      </trkpt>
      <trkpt lat="38.840445" lon="-7.394266">
        <ele>285.34</ele>
      </trkpt>
      <trkpt lat="38.840885" lon="-7.393372">
        <ele>281.86</ele>
      </trkpt>
      <trkpt lat="38.841069" lon="-7.392989">
        <ele>281.71</ele>
      </trkpt>
      <trkpt lat="38.841247" lon="-7.392529">
        <ele>280.02</ele>
      </trkpt>
      <trkpt lat="38.841318" lon="-7.392251">
        <ele>280.16</ele>
      </trkpt>
      <trkpt lat="38.841367" lon="-7.391983">
        <ele>278.18</ele>
      </trkpt>
      <trkpt lat="38.841404" lon="-7.391677">
        <ele>276.13</ele>
      </trkpt>
      <trkpt lat="38.841416" lon="-7.391424">
        <ele>274.57</ele>
      </trkpt>
      <trkpt lat="38.841418" lon="-7.391098">
        <ele>273.13</ele>
      </trkpt>
      <trkpt lat="38.841402" lon="-7.390688">
        <ele>271.79</ele>
      </trkpt>
      <trkpt lat="38.841381" lon="-7.390068">
        <ele>267.11</ele>
      </trkpt>
      <trkpt lat="38.84137" lon="-7.389677">
        <ele>271.69</ele>
      </trkpt>
      <trkpt lat="38.841345" lon="-7.388807">
        <ele>272.97</ele>
      </trkpt>
      <trkpt lat="38.841346" lon="-7.388489">
        <ele>273.02</ele>
      </trkpt>
      <trkpt lat="38.841356" lon="-7.388225">
        <ele>274.16</ele>
      </trkpt>
      <trkpt lat="38.841383" lon="-7.387947">
        <ele>275.08</ele>
      </trkpt>
      <trkpt lat="38.841436" lon="-7.387572">
        <ele>276.09</ele>
      </trkpt>
      <trkpt lat="38.84151" lon="-7.387213">
        <ele>275.45</ele>
      </trkpt>
      <trkpt lat="38.841613" lon="-7.386827">
        <ele>275.65</ele>
      </trkpt>
      <trkpt lat="38.841749" lon="-7.386412">
        <ele>277.07</ele>
      </trkpt>
      <trkpt lat="38.841887" lon="-7.386084">
        <ele>277.94</ele>
      </trkpt>
      <trkpt lat="38.842088" lon="-7.385659">
        <ele>280.16</ele>
      </trkpt>
      <trkpt lat="38.842505" lon="-7.385009">
        <ele>283.23</ele>
      </trkpt>
      <trkpt lat="38.843156" lon="-7.384039">
        <ele>289.24</ele>
      </trkpt>
      <trkpt lat="38.843367" lon="-7.383741">
        <ele>290.26</ele>
      </trkpt>
      <trkpt lat="38.843768" lon="-7.383173">
        <ele>292.21</ele>
      </trkpt>
      <trkpt lat="38.844809" lon="-7.381651">
        <ele>297.96</ele>
      </trkpt>
      <trkpt lat="38.845048" lon="-7.381218">
        <ele>299.21</ele>
      </trkpt>
      <trkpt lat="38.845169" lon="-7.380935">
        <ele>299.48</ele>
      </trkpt>
      <trkpt lat="38.845268" lon="-7.380634">
        <ele>300.09</ele>
      </trkpt>
      <trkpt lat="38.84534" lon="-7.380317">
        <ele>300.22</ele>
      </trkpt>
      <trkpt lat="38.845377" lon="-7.380055">
        <ele>299.31</ele>
      </trkpt>
      <trkpt lat="38.845424" lon="-7.379535">
        <ele>300.23</ele>
      </trkpt>
      <trkpt lat="38.845428" lon="-7.379292">
        <ele>299.38</ele>
      </trkpt>
      <trkpt lat="38.84539" lon="-7.378722">
        <ele>296.35</ele>
      </trkpt>
      <trkpt lat="38.845312" lon="-7.377867">
        <ele>294.27</ele>
      </trkpt>
      <trkpt lat="38.845296" lon="-7.377622">
        <ele>293.38</ele>
      </trkpt>
      <trkpt lat="38.845292" lon="-7.3772">
        <ele>291.64</ele>
      </trkpt>
      <trkpt lat="38.845306" lon="-7.37698">
        <ele>290.63</ele>
      </trkpt>
      <trkpt lat="38.845343" lon="-7.376685">
        <ele>289.08</ele>
      </trkpt>
      <trkpt lat="38.845378" lon="-7.376495">
        <ele>288.99</ele>
      </trkpt>
      <trkpt lat="38.845476" lon="-7.376116">
        <ele>286.65</ele>
      </trkpt>
      <trkpt lat="38.845569" lon="-7.375852">
        <ele>285.3</ele>
      </trkpt>
      <trkpt lat="38.845733" lon="-7.375442">
        <ele>282.91</ele>
      </trkpt>
      <trkpt lat="38.846251" lon="-7.374277">
        <ele>277.65</ele>
      </trkpt>
      <trkpt lat="38.846381" lon="-7.373986">
        <ele>274.82</ele>
      </trkpt>
      <trkpt lat="38.846572" lon="-7.373539">
        <ele>276.68</ele>
      </trkpt>
      <trkpt lat="38.846641" lon="-7.373373">
        <ele>276.95</ele>
      </trkpt>
      <trkpt lat="38.84676" lon="-7.373041">
        <ele>277.36</ele>
      </trkpt>
      <trkpt lat="38.846872" lon="-7.372689">
        <ele>278</ele>
      </trkpt>
      <trkpt lat="38.846953" lon="-7.372392">
        <ele>278.48</ele>
      </trkpt>
      <trkpt lat="38.847677" lon="-7.369413">
        <ele>282</ele>
      </trkpt>
      <trkpt lat="38.847786" lon="-7.368911">
        <ele>282.77</ele>
      </trkpt>
      <trkpt lat="38.847843" lon="-7.368545">
        <ele>282.48</ele>
      </trkpt>
      <trkpt lat="38.847889" lon="-7.368071">
        <ele>283.59</ele>
      </trkpt>
      <trkpt lat="38.847905" lon="-7.367653">
        <ele>283.89</ele>
      </trkpt>
      <trkpt lat="38.847854" lon="-7.366795">
        <ele>283.5</ele>
      </trkpt>
      <trkpt lat="38.847626" lon="-7.364871">
        <ele>289.41</ele>
      </trkpt>
      <trkpt lat="38.847436" lon="-7.363254">
        <ele>296.47</ele>
      </trkpt>
      <trkpt lat="38.847383" lon="-7.362831">
        <ele>296.68</ele>
      </trkpt>
      <trkpt lat="38.847204" lon="-7.361345">
        <ele>297.71</ele>
      </trkpt>
      <trkpt lat="38.847147" lon="-7.360968">
        <ele>298</ele>
      </trkpt>
      <trkpt lat="38.847018" lon="-7.359986">
        <ele>299</ele>
      </trkpt>
      <trkpt lat="38.846968" lon="-7.359452">
        <ele>300</ele>
      </trkpt>
      <trkpt lat="38.846961" lon="-7.359258">
        <ele>300</ele>
      </trkpt>
      <trkpt lat="38.846964" lon="-7.358964">
        <ele>300.69</ele>
      </trkpt>
      <trkpt lat="38.846981" lon="-7.358477">
        <ele>301.04</ele>
      </trkpt>
      <trkpt lat="38.847082" lon="-7.357685">
        <ele>302</ele>
      </trkpt>
      <trkpt lat="38.847173" lon="-7.357262">
        <ele>301.71</ele>
      </trkpt>
      <trkpt lat="38.847526" lon="-7.355923">
        <ele>301.11</ele>
      </trkpt>
      <trkpt lat="38.847593" lon="-7.355739">
        <ele>301.52</ele>
      </trkpt>
      <trkpt lat="38.848147" lon="-7.353565">
        <ele>297.76</ele>
      </trkpt>
      <trkpt lat="38.84844" lon="-7.352412">
        <ele>298.2</ele>
      </trkpt>
      <trkpt lat="38.848681" lon="-7.351438">
        <ele>299.58</ele>
      </trkpt>
      <trkpt lat="38.848759" lon="-7.351056">
        <ele>300.43</ele>
      </trkpt>
      <trkpt lat="38.848804" lon="-7.350706">
        <ele>300.77</ele>
      </trkpt>
      <trkpt lat="38.848827" lon="-7.350449">
        <ele>301.47</ele>
      </trkpt>
      <trkpt lat="38.848841" lon="-7.350174">
        <ele>301.78</ele>
      </trkpt>
      <trkpt lat="38.848847" lon="-7.349854">
        <ele>302.88</ele>
      </trkpt>
      <trkpt lat="38.848847" lon="-7.348599">
        <ele>305.9</ele>
      </trkpt>
      <trkpt lat="38.848819" lon="-7.348277">
        <ele>306.6</ele>
      </trkpt>
      <trkpt lat="38.848801" lon="-7.347581">
        <ele>308.9</ele>
      </trkpt>
      <trkpt lat="38.848798" lon="-7.347161">
        <ele>309.72</ele>
      </trkpt>
      <trkpt lat="38.84878" lon="-7.347057">
        <ele>309.94</ele>
      </trkpt>
      <trkpt lat="38.848788" lon="-7.34682">
        <ele>310.14</ele>
      </trkpt>
      <trkpt lat="38.848753" lon="-7.344251">
        <ele>315.2</ele>
      </trkpt>
      <trkpt lat="38.848756" lon="-7.343778">
        <ele>317.65</ele>
      </trkpt>
      <trkpt lat="38.848774" lon="-7.343577">
        <ele>318.07</ele>
      </trkpt>
      <trkpt lat="38.848736" lon="-7.340053">
        <ele>333.39</ele>
      </trkpt>
      <trkpt lat="38.848754" lon="-7.339748">
        <ele>334.56</ele>
      </trkpt>
      <trkpt lat="38.848778" lon="-7.339498">
        <ele>335.37</ele>
      </trkpt>
      <trkpt lat="38.848839" lon="-7.339122">
        <ele>335.18</ele>
      </trkpt>
      <trkpt lat="38.848878" lon="-7.338932">
        <ele>336.24</ele>
      </trkpt>
      <trkpt lat="38.848936" lon="-7.338719">
        <ele>336.31</ele>
      </trkpt>
      <trkpt lat="38.849022" lon="-7.33846">
        <ele>335.79</ele>
      </trkpt>
      <trkpt lat="38.849128" lon="-7.338229">
        <ele>335.47</ele>
      </trkpt>
      <trkpt lat="38.849236" lon="-7.338026">
        <ele>335.22</ele>
      </trkpt>
      <trkpt lat="38.849361" lon="-7.337822">
        <ele>335.56</ele>
      </trkpt>
      <trkpt lat="38.849509" lon="-7.337604">
        <ele>334.5</ele>
      </trkpt>
      <trkpt lat="38.849699" lon="-7.337391">
        <ele>334.03</ele>
      </trkpt>
      <trkpt lat="38.850113" lon="-7.336959">
        <ele>331.44</ele>
      </trkpt>
      <trkpt lat="38.851982" lon="-7.335013">
        <ele>319.46</ele>
      </trkpt>
      <trkpt lat="38.852128" lon="-7.334852">
        <ele>318.76</ele>
      </trkpt>
      <trkpt lat="38.852447" lon="-7.33442">
        <ele>316.64</ele>
      </trkpt>
      <trkpt lat="38.852717" lon="-7.333969">
        <ele>314.02</ele>
      </trkpt>
      <trkpt lat="38.85284" lon="-7.333733">
        <ele>312.65</ele>
      </trkpt>
      <trkpt lat="38.853062" lon="-7.333245">
        <ele>310.35</ele>
      </trkpt>
      <trkpt lat="38.853645" lon="-7.331588">
        <ele>306.51</ele>
      </trkpt>
      <trkpt lat="38.853862" lon="-7.33079">
        <ele>306.73</ele>
      </trkpt>
      <trkpt lat="38.853974" lon="-7.330264">
        <ele>307</ele>
      </trkpt>
      <trkpt lat="38.854032" lon="-7.32989">
        <ele>307.31</ele>
      </trkpt>
      <trkpt lat="38.854071" lon="-7.329453">
        <ele>306.99</ele>
      </trkpt>
      <trkpt lat="38.854088" lon="-7.329016">
        <ele>306.1</ele>
      </trkpt>
      <trkpt lat="38.854092" lon="-7.328738">
        <ele>306.08</ele>
      </trkpt>
      <trkpt lat="38.854078" lon="-7.328097">
        <ele>306.03</ele>
      </trkpt>
      <trkpt lat="38.854086" lon="-7.327204">
        <ele>304.86</ele>
      </trkpt>
      <trkpt lat="38.854035" lon="-7.325354">
        <ele>299.41</ele>
      </trkpt>
      <trkpt lat="38.853991" lon="-7.323424">
        <ele>299.91</ele>
      </trkpt>
      <trkpt lat="38.854008" lon="-7.322963">
        <ele>301.48</ele>
      </trkpt>
      <trkpt lat="38.854049" lon="-7.322496">
        <ele>303.13</ele>
      </trkpt>
      <trkpt lat="38.85411" lon="-7.322048">
        <ele>304.19</ele>
      </trkpt>
      <trkpt lat="38.854212" lon="-7.32153">
        <ele>304.29</ele>
      </trkpt>
      <trkpt lat="38.854273" lon="-7.321291">
        <ele>304.52</ele>
      </trkpt>
      <trkpt lat="38.854396" lon="-7.32089">
        <ele>304.61</ele>
      </trkpt>
      <trkpt lat="38.854861" lon="-7.319501">
        <ele>306.95</ele>
      </trkpt>
      <trkpt lat="38.855375" lon="-7.318008">
        <ele>310.35</ele>
      </trkpt>
      <trkpt lat="38.855633" lon="-7.317259">
        <ele>312.05</ele>
      </trkpt>
      <trkpt lat="38.85677" lon="-7.313949">
        <ele>313.79</ele>
      </trkpt>
      <trkpt lat="38.857072" lon="-7.313068">
        <ele>313.55</ele>
      </trkpt>
      <trkpt lat="38.857195" lon="-7.312706">
        <ele>311</ele>
      </trkpt>
      <trkpt lat="38.85732" lon="-7.312338">
        <ele>314.35</ele>
      </trkpt>
      <trkpt lat="38.858026" lon="-7.310268">
        <ele>317.78</ele>
      </trkpt>
      <trkpt lat="38.858869" lon="-7.307797">
        <ele>328.29</ele>
      </trkpt>
      <trkpt lat="38.85941" lon="-7.306211">
        <ele>333.18</ele>
      </trkpt>
      <trkpt lat="38.860048" lon="-7.304345">
        <ele>337.17</ele>
      </trkpt>
      <trkpt lat="38.860831" lon="-7.302055">
        <ele>345.9</ele>
      </trkpt>
      <trkpt lat="38.860977" lon="-7.301585">
        <ele>345.54</ele>
      </trkpt>
      <trkpt lat="38.861057" lon="-7.301245">
        <ele>346.14</ele>
      </trkpt>
      <trkpt lat="38.861099" lon="-7.301036">
        <ele>346.65</ele>
      </trkpt>
      <trkpt lat="38.86117" lon="-7.30048">
        <ele>347.94</ele>
      </trkpt>
      <trkpt lat="38.86121" lon="-7.299977">
        <ele>349.27</ele>
      </trkpt>
      <trkpt lat="38.861215" lon="-7.29973">
        <ele>350</ele>
      </trkpt>
      <trkpt lat="38.861206" lon="-7.299405">
        <ele>350.94</ele>
      </trkpt>
      <trkpt lat="38.861186" lon="-7.29915">
        <ele>352.32</ele>
      </trkpt>
      <trkpt lat="38.861143" lon="-7.298736">
        <ele>353.6</ele>
      </trkpt>
      <trkpt lat="38.860945" lon="-7.297126">
        <ele>360.24</ele>
      </trkpt>
      <trkpt lat="38.86069" lon="-7.295061">
        <ele>364.51</ele>
      </trkpt>
      <trkpt lat="38.860509" lon="-7.293594">
        <ele>371.72</ele>
      </trkpt>
      <trkpt lat="38.86042" lon="-7.292866">
        <ele>373.59</ele>
      </trkpt>
      <trkpt lat="38.860375" lon="-7.292502">
        <ele>372.87</ele>
      </trkpt>
      <trkpt lat="38.86024" lon="-7.291415">
        <ele>379.15</ele>
      </trkpt>
      <trkpt lat="38.859983" lon="-7.289399">
        <ele>388.03</ele>
      </trkpt>
      <trkpt lat="38.85987" lon="-7.288714">
        <ele>391.09</ele>
      </trkpt>
      <trkpt lat="38.859842" lon="-7.288492">
        <ele>392.02</ele>
      </trkpt>
      <trkpt lat="38.859812" lon="-7.288159">
        <ele>393.32</ele>
      </trkpt>
      <trkpt lat="38.859714" lon="-7.287398">
        <ele>395.97</ele>
      </trkpt>
      <trkpt lat="38.859488" lon="-7.285541">
        <ele>397.42</ele>
      </trkpt>
      <trkpt lat="38.859462" lon="-7.285327">
        <ele>397.83</ele>
      </trkpt>
      <trkpt lat="38.859427" lon="-7.284925">
        <ele>397.93</ele>
      </trkpt>
      <trkpt lat="38.859397" lon="-7.284682">
        <ele>397.74</ele>
      </trkpt>
      <trkpt lat="38.859262" lon="-7.283675">
        <ele>396.57</ele>
      </trkpt>
      <trkpt lat="38.85909" lon="-7.282335">
        <ele>402.18</ele>
      </trkpt>
      <trkpt lat="38.859078" lon="-7.282124">
        <ele>403.41</ele>
      </trkpt>
      <trkpt lat="38.859087" lon="-7.281894">
        <ele>404.32</ele>
      </trkpt>
      <trkpt lat="38.85911" lon="-7.281739">
        <ele>404.98</ele>
      </trkpt>
      <trkpt lat="38.85916" lon="-7.281568">
        <ele>405.94</ele>
      </trkpt>
      <trkpt lat="38.859229" lon="-7.281387">
        <ele>406.13</ele>
      </trkpt>
      <trkpt lat="38.859649" lon="-7.280492">
        <ele>409.69</ele>
      </trkpt>
      <trkpt lat="38.860041" lon="-7.279669">
        <ele>409.29</ele>
      </trkpt>
      <trkpt lat="38.861064" lon="-7.277488">
        <ele>418.07</ele>
      </trkpt>
      <trkpt lat="38.861417" lon="-7.276787">
        <ele>420.43</ele>
      </trkpt>
      <trkpt lat="38.861553" lon="-7.276492">
        <ele>421.46</ele>
      </trkpt>
      <trkpt lat="38.861553" lon="-7.276492">
        <ele>421.46</ele>
      </trkpt>
      <trkpt lat="38.861757" lon="-7.276048">
        <ele>423</ele>
      </trkpt>
      <trkpt lat="38.862198" lon="-7.274783">
        <ele>428.68</ele>
      </trkpt>
      <trkpt lat="38.862484" lon="-7.273599">
        <ele>433.97</ele>
      </trkpt>
      <trkpt lat="38.862747" lon="-7.272785">
        <ele>435</ele>
      </trkpt>
      <trkpt lat="38.862786" lon="-7.272569">
        <ele>435</ele>
      </trkpt>
      <trkpt lat="38.862783" lon="-7.272391">
        <ele>434.03</ele>
      </trkpt>
      <trkpt lat="38.86275" lon="-7.271944">
        <ele>435</ele>
      </trkpt>
      <trkpt lat="38.862742" lon="-7.271708">
        <ele>435</ele>
      </trkpt>
      <trkpt lat="38.86276" lon="-7.271446">
        <ele>435.57</ele>
      </trkpt>
      <trkpt lat="38.862836" lon="-7.270614">
        <ele>437</ele>
      </trkpt>
      <trkpt lat="38.86297" lon="-7.269537">
        <ele>438.84</ele>
      </trkpt>
      <trkpt lat="38.863098" lon="-7.268501">
        <ele>440.61</ele>
      </trkpt>
      <trkpt lat="38.863157" lon="-7.268184">
        <ele>441</ele>
      </trkpt>
      <trkpt lat="38.863245" lon="-7.267923">
        <ele>441.51</ele>
      </trkpt>
      <trkpt lat="38.863741" lon="-7.266628">
        <ele>443</ele>
      </trkpt>
      <trkpt lat="38.863828" lon="-7.266346">
        <ele>443.82</ele>
      </trkpt>
      <trkpt lat="38.864104" lon="-7.26523">
        <ele>447.65</ele>
      </trkpt>
      <trkpt lat="38.864139" lon="-7.264979">
        <ele>448</ele>
      </trkpt>
      <trkpt lat="38.864142" lon="-7.264555">
        <ele>449.09</ele>
      </trkpt>
      <trkpt lat="38.864174" lon="-7.263924">
        <ele>450.56</ele>
      </trkpt>
      <trkpt lat="38.86422" lon="-7.263288">
        <ele>453.42</ele>
      </trkpt>
      <trkpt lat="38.864308" lon="-7.260483">
        <ele>462</ele>
      </trkpt>
      <trkpt lat="38.864352" lon="-7.25908">
        <ele>463.8</ele>
      </trkpt>
      <trkpt lat="38.86435" lon="-7.258591">
        <ele>463.83</ele>
      </trkpt>
      <trkpt lat="38.864338" lon="-7.258127">
        <ele>464.1</ele>
      </trkpt>
      <trkpt lat="38.864309" lon="-7.257665">
        <ele>463.23</ele>
      </trkpt>
      <trkpt lat="38.864268" lon="-7.257235">
        <ele>461.24</ele>
      </trkpt>
      <trkpt lat="38.864192" lon="-7.256601">
        <ele>461.1</ele>
      </trkpt>
      <trkpt lat="38.864116" lon="-7.255966">
        <ele>457.08</ele>
      </trkpt>
      <trkpt lat="38.86404" lon="-7.255331">
        <ele>455.81</ele>
      </trkpt>
      <trkpt lat="38.863993" lon="-7.254974">
        <ele>452.86</ele>
      </trkpt>
      <trkpt lat="38.863918" lon="-7.254407">
        <ele>451.17</ele>
      </trkpt>
      <trkpt lat="38.863898" lon="-7.25426">
        <ele>450.73</ele>
      </trkpt>
      <trkpt lat="38.863659" lon="-7.252887">
        <ele>443.61</ele>
      </trkpt>
      <trkpt lat="38.863393" lon="-7.251636">
        <ele>437.3</ele>
      </trkpt>
      <trkpt lat="38.863155" lon="-7.250298">
        <ele>432.87</ele>
      </trkpt>
      <trkpt lat="38.863037" lon="-7.249674">
        <ele>428.99</ele>
      </trkpt>
      <trkpt lat="38.862931" lon="-7.249047">
        <ele>425.32</ele>
      </trkpt>
      <trkpt lat="38.862859" lon="-7.248538">
        <ele>423.37</ele>
      </trkpt>
      <trkpt lat="38.862754" lon="-7.247979">
        <ele>422.2</ele>
      </trkpt>
      <trkpt lat="38.862702" lon="-7.247668">
        <ele>420.37</ele>
      </trkpt>
      <trkpt lat="38.862667" lon="-7.247403">
        <ele>419.8</ele>
      </trkpt>
      <trkpt lat="38.862643" lon="-7.247156">
        <ele>419.92</ele>
      </trkpt>
      <trkpt lat="38.862625" lon="-7.2468">
        <ele>418.37</ele>
      </trkpt>
      <trkpt lat="38.862626" lon="-7.24625">
        <ele>416.54</ele>
      </trkpt>
      <trkpt lat="38.86265" lon="-7.245901">
        <ele>414.95</ele>
      </trkpt>
      <trkpt lat="38.862685" lon="-7.245549">
        <ele>412.96</ele>
      </trkpt>
      <trkpt lat="38.86282" lon="-7.244622">
        <ele>409.69</ele>
      </trkpt>
      <trkpt lat="38.863644" lon="-7.239083">
        <ele>395.64</ele>
      </trkpt>
      <trkpt lat="38.864147" lon="-7.235713">
        <ele>388.81</ele>
      </trkpt>
      <trkpt lat="38.864294" lon="-7.234752">
        <ele>385.17</ele>
      </trkpt>
      <trkpt lat="38.865031" lon="-7.229946">
        <ele>376.04</ele>
      </trkpt>
      <trkpt lat="38.865306" lon="-7.228129">
        <ele>374.28</ele>
      </trkpt>
      <trkpt lat="38.865306" lon="-7.228129">
        <ele>374.28</ele>
      </trkpt>
      <trkpt lat="38.865487" lon="-7.226925">
        <ele>372.73</ele>
      </trkpt>
      <trkpt lat="38.865542" lon="-7.226378">
        <ele>372</ele>
      </trkpt>
      <trkpt lat="38.866109" lon="-7.222638">
        <ele>367.49</ele>
      </trkpt>
      <trkpt lat="38.866415" lon="-7.220543">
        <ele>364.62</ele>
      </trkpt>
      <trkpt lat="38.866715" lon="-7.218661">
        <ele>362.76</ele>
      </trkpt>
      <trkpt lat="38.866882" lon="-7.217698">
        <ele>361.02</ele>
      </trkpt>
      <trkpt lat="38.866971" lon="-7.217266">
        <ele>360.51</ele>
      </trkpt>
      <trkpt lat="38.867086" lon="-7.216405">
        <ele>358.92</ele>
      </trkpt>
      <trkpt lat="38.867248" lon="-7.21535">
        <ele>356.64</ele>
      </trkpt>
      <trkpt lat="38.86735" lon="-7.214722">
        <ele>356</ele>
      </trkpt>
      <trkpt lat="38.867423" lon="-7.21438">
        <ele>355.25</ele>
      </trkpt>
      <trkpt lat="38.86749" lon="-7.214122">
        <ele>355.19</ele>
      </trkpt>
      <trkpt lat="38.867624" lon="-7.213714">
        <ele>355.97</ele>
      </trkpt>
      <trkpt lat="38.867743" lon="-7.213408">
        <ele>355.11</ele>
      </trkpt>
      <trkpt lat="38.868224" lon="-7.212311">
        <ele>353.92</ele>
      </trkpt>
      <trkpt lat="38.868894" lon="-7.210807">
        <ele>346.32</ele>
      </trkpt>
      <trkpt lat="38.869267" lon="-7.209972">
        <ele>339.98</ele>
      </trkpt>
      <trkpt lat="38.869995" lon="-7.208327">
        <ele>331.76</ele>
      </trkpt>
      <trkpt lat="38.870199" lon="-7.207871">
        <ele>330.66</ele>
      </trkpt>
      <trkpt lat="38.870286" lon="-7.207648">
        <ele>328.77</ele>
      </trkpt>
      <trkpt lat="38.870375" lon="-7.2074">
        <ele>328.21</ele>
      </trkpt>
      <trkpt lat="38.870399" lon="-7.207268">
        <ele>327.45</ele>
      </trkpt>
      <trkpt lat="38.87048" lon="-7.206972">
        <ele>324.83</ele>
      </trkpt>
      <trkpt lat="38.870583" lon="-7.206479">
        <ele>320.69</ele>
      </trkpt>
      <trkpt lat="38.870631" lon="-7.206163">
        <ele>320.13</ele>
      </trkpt>
      <trkpt lat="38.870683" lon="-7.205685">
        <ele>321.02</ele>
      </trkpt>
      <trkpt lat="38.870697" lon="-7.205383">
        <ele>322.12</ele>
      </trkpt>
      <trkpt lat="38.870699" lon="-7.204895">
        <ele>322.27</ele>
      </trkpt>
      <trkpt lat="38.870687" lon="-7.204646">
        <ele>322.08</ele>
      </trkpt>
      <trkpt lat="38.870658" lon="-7.204287">
        <ele>322.83</ele>
      </trkpt>
      <trkpt lat="38.870618" lon="-7.203961">
        <ele>322.5</ele>
      </trkpt>
      <trkpt lat="38.870583" lon="-7.203768">
        <ele>322.5</ele>
      </trkpt>
      <trkpt lat="38.870537" lon="-7.203551">
        <ele>322.95</ele>
      </trkpt>
      <trkpt lat="38.870266" lon="-7.202436">
        <ele>325.87</ele>
      </trkpt>
      <trkpt lat="38.870182" lon="-7.202028">
        <ele>326.09</ele>
      </trkpt>
      <trkpt lat="38.87015" lon="-7.201815">
        <ele>327.01</ele>
      </trkpt>
      <trkpt lat="38.870101" lon="-7.201385">
        <ele>327.33</ele>
      </trkpt>
      <trkpt lat="38.870087" lon="-7.20112">
        <ele>327.88</ele>
      </trkpt>
      <trkpt lat="38.87008" lon="-7.20077">
        <ele>327.78</ele>
      </trkpt>
      <trkpt lat="38.870088" lon="-7.200491">
        <ele>326.85</ele>
      </trkpt>
      <trkpt lat="38.870108" lon="-7.200171">
        <ele>326.03</ele>
      </trkpt>
      <trkpt lat="38.870139" lon="-7.199895">
        <ele>324.97</ele>
      </trkpt>
      <trkpt lat="38.870183" lon="-7.199599">
        <ele>323.79</ele>
      </trkpt>
      <trkpt lat="38.870335" lon="-7.198955">
        <ele>322</ele>
      </trkpt>
      <trkpt lat="38.87044" lon="-7.198665">
        <ele>321</ele>
      </trkpt>
      <trkpt lat="38.87086" lon="-7.197158">
        <ele>319.34</ele>
      </trkpt>
      <trkpt lat="38.871614" lon="-7.19449">
        <ele>319</ele>
      </trkpt>
      <trkpt lat="38.871782" lon="-7.193954">
        <ele>317.78</ele>
      </trkpt>
      <trkpt lat="38.871832" lon="-7.193791">
        <ele>317.4</ele>
      </trkpt>
      <trkpt lat="38.872445" lon="-7.192071">
        <ele>314.81</ele>
      </trkpt>
      <trkpt lat="38.87257" lon="-7.191578">
        <ele>313.89</ele>
      </trkpt>
      <trkpt lat="38.872584" lon="-7.191525">
        <ele>313.79</ele>
      </trkpt>
      <trkpt lat="38.872594" lon="-7.1914">
        <ele>313.72</ele>
      </trkpt>
      <trkpt lat="38.872575" lon="-7.191228">
        <ele>313.86</ele>
      </trkpt>
      <trkpt lat="38.872572" lon="-7.191166">
        <ele>313.67</ele>
      </trkpt>
      <trkpt lat="38.872582" lon="-7.191105">
        <ele>313.33</ele>
      </trkpt>
      <trkpt lat="38.872604" lon="-7.19105">
        <ele>313.06</ele>
      </trkpt>
      <trkpt lat="38.872638" lon="-7.191005">
        <ele>313</ele>
      </trkpt>
      <trkpt lat="38.872771" lon="-7.190881">
        <ele>312.46</ele>
      </trkpt>
      <trkpt lat="38.872808" lon="-7.190829">
        <ele>312.09</ele>
      </trkpt>
      <trkpt lat="38.872879" lon="-7.1907">
        <ele>312</ele>
      </trkpt>
      <trkpt lat="38.873229" lon="-7.189719">
        <ele>310.31</ele>
      </trkpt>
      <trkpt lat="38.873447" lon="-7.18918">
        <ele>310</ele>
      </trkpt>
      <trkpt lat="38.873506" lon="-7.189064">
        <ele>310</ele>
      </trkpt>
      <trkpt lat="38.873706" lon="-7.188681">
        <ele>309.18</ele>
      </trkpt>
      <trkpt lat="38.874125" lon="-7.187938">
        <ele>308</ele>
      </trkpt>
      <trkpt lat="38.874407" lon="-7.187414">
        <ele>309.61</ele>
      </trkpt>
      <trkpt lat="38.874492" lon="-7.187234">
        <ele>309.83</ele>
      </trkpt>
      <trkpt lat="38.874759" lon="-7.186587">
        <ele>310.59</ele>
      </trkpt>
      <trkpt lat="38.87496" lon="-7.186063">
        <ele>311.09</ele>
      </trkpt>
      <trkpt lat="38.875009" lon="-7.185924">
        <ele>311.32</ele>
      </trkpt>
      <trkpt lat="38.875022" lon="-7.185757">
        <ele>311.82</ele>
      </trkpt>
      <trkpt lat="38.875002" lon="-7.185697">
        <ele>312.04</ele>
      </trkpt>
      <trkpt lat="38.874999" lon="-7.185631">
        <ele>312.42</ele>
      </trkpt>
      <trkpt lat="38.875014" lon="-7.185568">
        <ele>312.79</ele>
      </trkpt>
      <trkpt lat="38.875044" lon="-7.185515">
        <ele>313.04</ele>
      </trkpt>
      <trkpt lat="38.875087" lon="-7.185479">
        <ele>313.03</ele>
      </trkpt>
      <trkpt lat="38.875121" lon="-7.185372">
        <ele>313</ele>
      </trkpt>
      <trkpt lat="38.875128" lon="-7.185324">
        <ele>312.82</ele>
      </trkpt>
      <trkpt lat="38.875146" lon="-7.185102">
        <ele>312.17</ele>
      </trkpt>
      <trkpt lat="38.875184" lon="-7.183897">
        <ele>310.62</ele>
      </trkpt>
      <trkpt lat="38.87519" lon="-7.183477">
        <ele>310.67</ele>
      </trkpt>
      <trkpt lat="38.875222" lon="-7.18254">
        <ele>309.06</ele>
      </trkpt>
      <trkpt lat="38.875259" lon="-7.181435">
        <ele>304.33</ele>
      </trkpt>
      <trkpt lat="38.875302" lon="-7.180846">
        <ele>302.12</ele>
      </trkpt>
      <trkpt lat="38.875289" lon="-7.180684">
        <ele>302.59</ele>
      </trkpt>
      <trkpt lat="38.875258" lon="-7.180645">
        <ele>302.82</ele>
      </trkpt>
      <trkpt lat="38.875238" lon="-7.180595">
        <ele>302.97</ele>
      </trkpt>
      <trkpt lat="38.875232" lon="-7.18054">
        <ele>303.02</ele>
      </trkpt>
      <trkpt lat="38.875238" lon="-7.18049">
        <ele>302.98</ele>
      </trkpt>
      <trkpt lat="38.875256" lon="-7.180445">
        <ele>302.93</ele>
      </trkpt>
      <trkpt lat="38.875284" lon="-7.180409">
        <ele>302.92</ele>
      </trkpt>
      <trkpt lat="38.875312" lon="-7.180268">
        <ele>303.6</ele>
      </trkpt>
      <trkpt lat="38.875311" lon="-7.180016">
        <ele>304.05</ele>
      </trkpt>
      <trkpt lat="38.875319" lon="-7.179558">
        <ele>303.54</ele>
      </trkpt>
      <trkpt lat="38.875371" lon="-7.178175">
        <ele>303.23</ele>
      </trkpt>
      <trkpt lat="38.875389" lon="-7.177625">
        <ele>297.22</ele>
      </trkpt>
      <trkpt lat="38.875416" lon="-7.176936">
        <ele>293.73</ele>
      </trkpt>
      <trkpt lat="38.87543" lon="-7.176736">
        <ele>292.93</ele>
      </trkpt>
      <trkpt lat="38.875502" lon="-7.17635">
        <ele>293</ele>
      </trkpt>
      <trkpt lat="38.875589" lon="-7.176073">
        <ele>294</ele>
      </trkpt>
      <trkpt lat="38.875662" lon="-7.1759">
        <ele>295</ele>
      </trkpt>
      <trkpt lat="38.875916" lon="-7.17531">
        <ele>292.57</ele>
      </trkpt>
      <trkpt lat="38.876088" lon="-7.175018">
        <ele>292</ele>
      </trkpt>
      <trkpt lat="38.876148" lon="-7.174931">
        <ele>292</ele>
      </trkpt>
      <trkpt lat="38.876339" lon="-7.174706">
        <ele>290.76</ele>
      </trkpt>
      <trkpt lat="38.876551" lon="-7.174502">
        <ele>290.04</ele>
      </trkpt>
      <trkpt lat="38.876572" lon="-7.174465">
        <ele>289.67</ele>
      </trkpt>
      <trkpt lat="38.876608" lon="-7.174351">
        <ele>288.74</ele>
      </trkpt>
      <trkpt lat="38.876624" lon="-7.174298">
        <ele>288.31</ele>
      </trkpt>
      <trkpt lat="38.876671" lon="-7.174236">
        <ele>287.59</ele>
      </trkpt>
      <trkpt lat="38.876702" lon="-7.174216">
        <ele>287.26</ele>
      </trkpt>
      <trkpt lat="38.876748" lon="-7.174206">
        <ele>287.15</ele>
      </trkpt>
      <trkpt lat="38.87681" lon="-7.174158">
        <ele>287</ele>
      </trkpt>
      <trkpt lat="38.876954" lon="-7.173952">
        <ele>287</ele>
      </trkpt>
      <trkpt lat="38.877476" lon="-7.173069">
        <ele>289.97</ele>
      </trkpt>
      <trkpt lat="38.877548" lon="-7.172885">
        <ele>289.72</ele>
      </trkpt>
      <trkpt lat="38.877576" lon="-7.172766">
        <ele>289.64</ele>
      </trkpt>
      <trkpt lat="38.877578" lon="-7.172758">
        <ele>289.63</ele>
      </trkpt>
      <trkpt lat="38.877578" lon="-7.172538">
        <ele>290</ele>
      </trkpt>
      <trkpt lat="38.877621" lon="-7.172192">
        <ele>291.1</ele>
      </trkpt>
      <trkpt lat="38.877627" lon="-7.172041">
        <ele>291.13</ele>
      </trkpt>
      <trkpt lat="38.877623" lon="-7.171809">
        <ele>291.04</ele>
      </trkpt>
      <trkpt lat="38.877454" lon="-7.170838">
        <ele>292</ele>
      </trkpt>
      <trkpt lat="38.877379" lon="-7.17043">
        <ele>292.8</ele>
      </trkpt>
      <trkpt lat="38.877284" lon="-7.169917">
        <ele>296.85</ele>
      </trkpt>
      <trkpt lat="38.877213" lon="-7.169543">
        <ele>296.56</ele>
      </trkpt>
      <trkpt lat="38.877105" lon="-7.169019">
        <ele>295</ele>
      </trkpt>
      <trkpt lat="38.877082" lon="-7.168949">
        <ele>294.92</ele>
      </trkpt>
      <trkpt lat="38.877044" lon="-7.168877">
        <ele>294.59</ele>
      </trkpt>
      <trkpt lat="38.876994" lon="-7.168809">
        <ele>294.11</ele>
      </trkpt>
      <trkpt lat="38.876948" lon="-7.168786">
        <ele>293.93</ele>
      </trkpt>
      <trkpt lat="38.876907" lon="-7.168749">
        <ele>293.71</ele>
      </trkpt>
      <trkpt lat="38.876875" lon="-7.168701">
        <ele>293.36</ele>
      </trkpt>
      <trkpt lat="38.876849" lon="-7.168636">
        <ele>293.28</ele>
      </trkpt>
      <trkpt lat="38.876837" lon="-7.168565">
        <ele>293.62</ele>
      </trkpt>
      <trkpt lat="38.876841" lon="-7.168492">
        <ele>294.07</ele>
      </trkpt>
      <trkpt lat="38.876859" lon="-7.168423">
        <ele>294.47</ele>
      </trkpt>
      <trkpt lat="38.876881" lon="-7.168377">
        <ele>294.74</ele>
      </trkpt>
      <trkpt lat="38.876928" lon="-7.16832">
        <ele>295.07</ele>
      </trkpt>
      <trkpt lat="38.876985" lon="-7.168284">
        <ele>295.28</ele>
      </trkpt>
      <trkpt lat="38.877048" lon="-7.168271">
        <ele>295.35</ele>
      </trkpt>
      <trkpt lat="38.877112" lon="-7.168282">
        <ele>295.3</ele>
      </trkpt>
      <trkpt lat="38.87717" lon="-7.168318">
        <ele>295.5</ele>
      </trkpt>
      <trkpt lat="38.877206" lon="-7.168358">
        <ele>295.62</ele>
      </trkpt>
      <trkpt lat="38.877235" lon="-7.168408">
        <ele>295.53</ele>
      </trkpt>
      <trkpt lat="38.877688" lon="-7.168487">
        <ele>299.32</ele>
      </trkpt>
      <trkpt lat="38.877762" lon="-7.168475">
        <ele>299.88</ele>
      </trkpt>
      <trkpt lat="38.877863" lon="-7.168446">
        <ele>301.05</ele>
      </trkpt>
      <trkpt lat="38.877936" lon="-7.168407">
        <ele>301.71</ele>
      </trkpt>
      <trkpt lat="38.878007" lon="-7.168355">
        <ele>302.46</ele>
      </trkpt>
      <trkpt lat="38.878075" lon="-7.168284">
        <ele>303.28</ele>
      </trkpt>
      <trkpt lat="38.878135" lon="-7.168201">
        <ele>304.17</ele>
      </trkpt>
      <trkpt lat="38.878184" lon="-7.16811">
        <ele>305.06</ele>
      </trkpt>
      <trkpt lat="38.878228" lon="-7.167998">
        <ele>306.06</ele>
      </trkpt>
      <trkpt lat="38.878253" lon="-7.167878">
        <ele>307.56</ele>
      </trkpt>
      <trkpt lat="38.878267" lon="-7.167691">
        <ele>309.03</ele>
      </trkpt>
      <trkpt lat="38.878273" lon="-7.167483">
        <ele>310.32</ele>
      </trkpt>
      <trkpt lat="38.878284" lon="-7.167265">
        <ele>309.58</ele>
      </trkpt>
      <trkpt lat="38.878283" lon="-7.167078">
        <ele>308.25</ele>
      </trkpt>
      <trkpt lat="38.878294" lon="-7.166569">
        <ele>307.34</ele>
      </trkpt>
    </trkseg>
  </trk>
</gpx>
