<?xml version="1.0"?>
<gpx xmlns="http://www.topografix.com/GPX/1/1" xmlns:xsi="http://www.w3.org/2001/XMLSchema-instance" version="1.1" creator="AllTrails.com" xsi:schemaLocation="http://www.topografix.com/GPX/1/1 http://www.topografix.com/GPX/1/1/gpx.xsd">
  <metadata>
    <name><![CDATA[Melgaço_Fafe_VP]]></name>
    <desc><![CDATA[]]></desc>
    <link href="http://www.alltrails.com">
      <text>AllTrails, LLC</text>
    </link>
    <bounds minlat="41.42682" minlon="-8.73181" maxlat="42.11344" maxlon="-8.17051"/>
  </metadata>
  <trk>
    <name><![CDATA[Melgaço_Fafe_VP]]></name>
    <src>AllTrails</src>
    <trkseg>
      <trkpt lat="42.11325" lon="-8.25988">
        <ele>176.96</ele>
      </trkpt>
      <trkpt lat="42.11315" lon="-8.25951">
        <ele>181.22</ele>
      </trkpt>
      <trkpt lat="42.11316" lon="-8.25918">
        <ele>181.76</ele>
      </trkpt>
      <trkpt lat="42.11314" lon="-8.25906">
        <ele>181.34</ele>
      </trkpt>
      <trkpt lat="42.11306" lon="-8.259">
        <ele>180.44</ele>
      </trkpt>
      <trkpt lat="42.11299" lon="-8.25896">
        <ele>179.37</ele>
      </trkpt>
      <trkpt lat="42.11295" lon="-8.25888">
        <ele>178.45</ele>
      </trkpt>
      <trkpt lat="42.113" lon="-8.25868">
        <ele>178.45</ele>
      </trkpt>
      <trkpt lat="42.11304" lon="-8.25849">
        <ele>179.19</ele>
      </trkpt>
      <trkpt lat="42.11308" lon="-8.25826">
        <ele>181.14</ele>
      </trkpt>
      <trkpt lat="42.11344" lon="-8.25673">
        <ele>191.61</ele>
      </trkpt>
      <trkpt lat="42.11344" lon="-8.25664">
        <ele>192.42</ele>
      </trkpt>
      <trkpt lat="42.11341" lon="-8.25651">
        <ele>192.43</ele>
      </trkpt>
      <trkpt lat="42.11337" lon="-8.25641">
        <ele>192.25</ele>
      </trkpt>
      <trkpt lat="42.11329" lon="-8.2563">
        <ele>190.74</ele>
      </trkpt>
      <trkpt lat="42.11321" lon="-8.25626">
        <ele>189.05</ele>
      </trkpt>
      <trkpt lat="42.11321" lon="-8.25626">
        <ele>189.05</ele>
      </trkpt>
      <trkpt lat="42.11309" lon="-8.2562">
        <ele>186.98</ele>
      </trkpt>
      <trkpt lat="42.1129" lon="-8.2562">
        <ele>185.44</ele>
      </trkpt>
      <trkpt lat="42.11278" lon="-8.25623">
        <ele>184.3</ele>
      </trkpt>
      <trkpt lat="42.11265" lon="-8.25627">
        <ele>185.68</ele>
      </trkpt>
      <trkpt lat="42.11254" lon="-8.25633">
        <ele>185.96</ele>
      </trkpt>
      <trkpt lat="42.11243" lon="-8.25642">
        <ele>184.86</ele>
      </trkpt>
      <trkpt lat="42.11232" lon="-8.25652">
        <ele>183.77</ele>
      </trkpt>
      <trkpt lat="42.11177" lon="-8.25722">
        <ele>181.53</ele>
      </trkpt>
      <trkpt lat="42.11158" lon="-8.25753">
        <ele>179.13</ele>
      </trkpt>
      <trkpt lat="42.11152" lon="-8.2577">
        <ele>177.12</ele>
      </trkpt>
      <trkpt lat="42.11152" lon="-8.25785">
        <ele>176.32</ele>
      </trkpt>
      <trkpt lat="42.11154" lon="-8.2581">
        <ele>175.59</ele>
      </trkpt>
      <trkpt lat="42.11156" lon="-8.2583">
        <ele>174.01</ele>
      </trkpt>
      <trkpt lat="42.11154" lon="-8.25853">
        <ele>175.85</ele>
      </trkpt>
      <trkpt lat="42.11144" lon="-8.25914">
        <ele>174.42</ele>
      </trkpt>
      <trkpt lat="42.11138" lon="-8.25933">
        <ele>172.76</ele>
      </trkpt>
      <trkpt lat="42.11135" lon="-8.25942">
        <ele>171.9</ele>
      </trkpt>
      <trkpt lat="42.11122" lon="-8.25964">
        <ele>170.46</ele>
      </trkpt>
      <trkpt lat="42.11117" lon="-8.25972">
        <ele>169.61</ele>
      </trkpt>
      <trkpt lat="42.11111" lon="-8.25977">
        <ele>169.85</ele>
      </trkpt>
      <trkpt lat="42.11098" lon="-8.25987">
        <ele>171.52</ele>
      </trkpt>
      <trkpt lat="42.1108" lon="-8.25997">
        <ele>171.53</ele>
      </trkpt>
      <trkpt lat="42.11056" lon="-8.26008">
        <ele>168.85</ele>
      </trkpt>
      <trkpt lat="42.11032" lon="-8.26019">
        <ele>167.53</ele>
      </trkpt>
      <trkpt lat="42.11026" lon="-8.26023">
        <ele>166.88</ele>
      </trkpt>
      <trkpt lat="42.11022" lon="-8.26028">
        <ele>165.98</ele>
      </trkpt>
      <trkpt lat="42.11025" lon="-8.26035">
        <ele>165.27</ele>
      </trkpt>
      <trkpt lat="42.11026" lon="-8.26043">
        <ele>164.43</ele>
      </trkpt>
      <trkpt lat="42.11025" lon="-8.26048">
        <ele>163.96</ele>
      </trkpt>
      <trkpt lat="42.11023" lon="-8.26052">
        <ele>163.68</ele>
      </trkpt>
      <trkpt lat="42.1102" lon="-8.26056">
        <ele>163.5</ele>
      </trkpt>
      <trkpt lat="42.11017" lon="-8.26058">
        <ele>163.41</ele>
      </trkpt>
      <trkpt lat="42.11013" lon="-8.26059">
        <ele>163.49</ele>
      </trkpt>
      <trkpt lat="42.11009" lon="-8.26059">
        <ele>163.73</ele>
      </trkpt>
      <trkpt lat="42.11006" lon="-8.26057">
        <ele>164.29</ele>
      </trkpt>
      <trkpt lat="42.10999" lon="-8.26073">
        <ele>161.44</ele>
      </trkpt>
      <trkpt lat="42.10966" lon="-8.26173">
        <ele>160.07</ele>
      </trkpt>
      <trkpt lat="42.10947" lon="-8.26229">
        <ele>161.35</ele>
      </trkpt>
      <trkpt lat="42.10939" lon="-8.26247">
        <ele>160.33</ele>
      </trkpt>
      <trkpt lat="42.10924" lon="-8.26278">
        <ele>165.75</ele>
      </trkpt>
      <trkpt lat="42.10916" lon="-8.26292">
        <ele>167.52</ele>
      </trkpt>
      <trkpt lat="42.10895" lon="-8.26317">
        <ele>164.0</ele>
      </trkpt>
      <trkpt lat="42.10878" lon="-8.26331">
        <ele>158.54</ele>
      </trkpt>
      <trkpt lat="42.10868" lon="-8.26337">
        <ele>155.93</ele>
      </trkpt>
      <trkpt lat="42.10857" lon="-8.26341">
        <ele>155.29</ele>
      </trkpt>
      <trkpt lat="42.10841" lon="-8.26349">
        <ele>155.98</ele>
      </trkpt>
      <trkpt lat="42.10832" lon="-8.2636">
        <ele>153.37</ele>
      </trkpt>
      <trkpt lat="42.10827" lon="-8.2637">
        <ele>153.25</ele>
      </trkpt>
      <trkpt lat="42.10827" lon="-8.26373">
        <ele>153.1</ele>
      </trkpt>
      <trkpt lat="42.10825" lon="-8.26379">
        <ele>152.74</ele>
      </trkpt>
      <trkpt lat="42.10822" lon="-8.26384">
        <ele>152.21</ele>
      </trkpt>
      <trkpt lat="42.10818" lon="-8.26388">
        <ele>151.45</ele>
      </trkpt>
      <trkpt lat="42.10813" lon="-8.26389">
        <ele>150.8</ele>
      </trkpt>
      <trkpt lat="42.10809" lon="-8.26388">
        <ele>150.54</ele>
      </trkpt>
      <trkpt lat="42.10788" lon="-8.26399">
        <ele>154.16</ele>
      </trkpt>
      <trkpt lat="42.10778" lon="-8.26406">
        <ele>156.57</ele>
      </trkpt>
      <trkpt lat="42.10767" lon="-8.26414">
        <ele>155.81</ele>
      </trkpt>
      <trkpt lat="42.10683" lon="-8.26489">
        <ele>148.5</ele>
      </trkpt>
      <trkpt lat="42.10667" lon="-8.26504">
        <ele>151.94</ele>
      </trkpt>
      <trkpt lat="42.10647" lon="-8.26523">
        <ele>154.59</ele>
      </trkpt>
      <trkpt lat="42.10632" lon="-8.26539">
        <ele>155.55</ele>
      </trkpt>
      <trkpt lat="42.10627" lon="-8.26548">
        <ele>155.99</ele>
      </trkpt>
      <trkpt lat="42.1062" lon="-8.26566">
        <ele>157.78</ele>
      </trkpt>
      <trkpt lat="42.10617" lon="-8.26578">
        <ele>158.75</ele>
      </trkpt>
      <trkpt lat="42.10617" lon="-8.26589">
        <ele>158.74</ele>
      </trkpt>
      <trkpt lat="42.10618" lon="-8.266">
        <ele>158.16</ele>
      </trkpt>
      <trkpt lat="42.10622" lon="-8.26618">
        <ele>156.79</ele>
      </trkpt>
      <trkpt lat="42.10626" lon="-8.26628">
        <ele>155.71</ele>
      </trkpt>
      <trkpt lat="42.10634" lon="-8.2664">
        <ele>153.88</ele>
      </trkpt>
      <trkpt lat="42.10654" lon="-8.26665">
        <ele>148.62</ele>
      </trkpt>
      <trkpt lat="42.10663" lon="-8.26673">
        <ele>146.48</ele>
      </trkpt>
      <trkpt lat="42.10674" lon="-8.26686">
        <ele>146.05</ele>
      </trkpt>
      <trkpt lat="42.10682" lon="-8.26697">
        <ele>146.81</ele>
      </trkpt>
      <trkpt lat="42.10692" lon="-8.26718">
        <ele>148.78</ele>
      </trkpt>
      <trkpt lat="42.10696" lon="-8.26732">
        <ele>149.46</ele>
      </trkpt>
      <trkpt lat="42.107" lon="-8.26748">
        <ele>149.97</ele>
      </trkpt>
      <trkpt lat="42.10701" lon="-8.26768">
        <ele>150.99</ele>
      </trkpt>
      <trkpt lat="42.107" lon="-8.26777">
        <ele>151.56</ele>
      </trkpt>
      <trkpt lat="42.10698" lon="-8.26786">
        <ele>151.45</ele>
      </trkpt>
      <trkpt lat="42.10695" lon="-8.26793">
        <ele>151.41</ele>
      </trkpt>
      <trkpt lat="42.10691" lon="-8.26799">
        <ele>151.35</ele>
      </trkpt>
      <trkpt lat="42.10683" lon="-8.26808">
        <ele>150.68</ele>
      </trkpt>
      <trkpt lat="42.10676" lon="-8.26819">
        <ele>149.39</ele>
      </trkpt>
      <trkpt lat="42.10672" lon="-8.26833">
        <ele>147.85</ele>
      </trkpt>
      <trkpt lat="42.10672" lon="-8.26841">
        <ele>146.53</ele>
      </trkpt>
      <trkpt lat="42.10673" lon="-8.26852">
        <ele>144.72</ele>
      </trkpt>
      <trkpt lat="42.10675" lon="-8.2687">
        <ele>142.47</ele>
      </trkpt>
      <trkpt lat="42.1068" lon="-8.26891">
        <ele>140.37</ele>
      </trkpt>
      <trkpt lat="42.10684" lon="-8.26901">
        <ele>139.4</ele>
      </trkpt>
      <trkpt lat="42.10711" lon="-8.26947">
        <ele>134.53</ele>
      </trkpt>
      <trkpt lat="42.10716" lon="-8.26959">
        <ele>134.87</ele>
      </trkpt>
      <trkpt lat="42.10718" lon="-8.26968">
        <ele>135.13</ele>
      </trkpt>
      <trkpt lat="42.1072" lon="-8.26979">
        <ele>135.4</ele>
      </trkpt>
      <trkpt lat="42.10721" lon="-8.26989">
        <ele>135.69</ele>
      </trkpt>
      <trkpt lat="42.10721" lon="-8.26999">
        <ele>136.05</ele>
      </trkpt>
      <trkpt lat="42.10717" lon="-8.27018">
        <ele>135.61</ele>
      </trkpt>
      <trkpt lat="42.10714" lon="-8.27025">
        <ele>135.43</ele>
      </trkpt>
      <trkpt lat="42.10707" lon="-8.27035">
        <ele>135.29</ele>
      </trkpt>
      <trkpt lat="42.10702" lon="-8.27041">
        <ele>135.25</ele>
      </trkpt>
      <trkpt lat="42.10695" lon="-8.27048">
        <ele>135.25</ele>
      </trkpt>
      <trkpt lat="42.10686" lon="-8.27052">
        <ele>135.28</ele>
      </trkpt>
      <trkpt lat="42.10663" lon="-8.2706">
        <ele>134.26</ele>
      </trkpt>
      <trkpt lat="42.10655" lon="-8.27064">
        <ele>133.25</ele>
      </trkpt>
      <trkpt lat="42.10649" lon="-8.2707">
        <ele>132.17</ele>
      </trkpt>
      <trkpt lat="42.10642" lon="-8.27081">
        <ele>130.48</ele>
      </trkpt>
      <trkpt lat="42.10638" lon="-8.27091">
        <ele>130.32</ele>
      </trkpt>
      <trkpt lat="42.10631" lon="-8.27111">
        <ele>131.0</ele>
      </trkpt>
      <trkpt lat="42.10629" lon="-8.27127">
        <ele>130.26</ele>
      </trkpt>
      <trkpt lat="42.1063" lon="-8.27134">
        <ele>129.88</ele>
      </trkpt>
      <trkpt lat="42.10634" lon="-8.27145">
        <ele>128.91</ele>
      </trkpt>
      <trkpt lat="42.10642" lon="-8.27159">
        <ele>127.78</ele>
      </trkpt>
      <trkpt lat="42.10644" lon="-8.27165">
        <ele>127.49</ele>
      </trkpt>
      <trkpt lat="42.10645" lon="-8.27173">
        <ele>127.11</ele>
      </trkpt>
      <trkpt lat="42.10645" lon="-8.27184">
        <ele>126.54</ele>
      </trkpt>
      <trkpt lat="42.10643" lon="-8.27199">
        <ele>125.62</ele>
      </trkpt>
      <trkpt lat="42.10633" lon="-8.27257">
        <ele>125.64</ele>
      </trkpt>
      <trkpt lat="42.10632" lon="-8.27265">
        <ele>125.19</ele>
      </trkpt>
      <trkpt lat="42.10631" lon="-8.27277">
        <ele>124.48</ele>
      </trkpt>
      <trkpt lat="42.10633" lon="-8.27308">
        <ele>120.62</ele>
      </trkpt>
      <trkpt lat="42.10633" lon="-8.27315">
        <ele>119.52</ele>
      </trkpt>
      <trkpt lat="42.10632" lon="-8.27321">
        <ele>118.63</ele>
      </trkpt>
      <trkpt lat="42.10629" lon="-8.27328">
        <ele>117.82</ele>
      </trkpt>
      <trkpt lat="42.10625" lon="-8.27334">
        <ele>117.4</ele>
      </trkpt>
      <trkpt lat="42.10614" lon="-8.2735">
        <ele>116.29</ele>
      </trkpt>
      <trkpt lat="42.1061" lon="-8.27357">
        <ele>115.72</ele>
      </trkpt>
      <trkpt lat="42.10608" lon="-8.27364">
        <ele>115.14</ele>
      </trkpt>
      <trkpt lat="42.10607" lon="-8.2738">
        <ele>113.55</ele>
      </trkpt>
      <trkpt lat="42.10608" lon="-8.27388">
        <ele>112.54</ele>
      </trkpt>
      <trkpt lat="42.1061" lon="-8.27395">
        <ele>110.87</ele>
      </trkpt>
      <trkpt lat="42.10615" lon="-8.27404">
        <ele>108.56</ele>
      </trkpt>
      <trkpt lat="42.10628" lon="-8.27422">
        <ele>106.37</ele>
      </trkpt>
      <trkpt lat="42.10633" lon="-8.27434">
        <ele>105.8</ele>
      </trkpt>
      <trkpt lat="42.10634" lon="-8.27445">
        <ele>105.26</ele>
      </trkpt>
      <trkpt lat="42.10632" lon="-8.27459">
        <ele>107.35</ele>
      </trkpt>
      <trkpt lat="42.10628" lon="-8.27471">
        <ele>108.67</ele>
      </trkpt>
      <trkpt lat="42.10619" lon="-8.27482">
        <ele>108.81</ele>
      </trkpt>
      <trkpt lat="42.10535" lon="-8.27563">
        <ele>106.61</ele>
      </trkpt>
      <trkpt lat="42.10518" lon="-8.27575">
        <ele>108.01</ele>
      </trkpt>
      <trkpt lat="42.10495" lon="-8.27581">
        <ele>110.75</ele>
      </trkpt>
      <trkpt lat="42.10479" lon="-8.27591">
        <ele>111.36</ele>
      </trkpt>
      <trkpt lat="42.10471" lon="-8.27596">
        <ele>110.81</ele>
      </trkpt>
      <trkpt lat="42.10465" lon="-8.27605">
        <ele>109.62</ele>
      </trkpt>
      <trkpt lat="42.1046" lon="-8.27613">
        <ele>108.76</ele>
      </trkpt>
      <trkpt lat="42.1045" lon="-8.2764">
        <ele>106.18</ele>
      </trkpt>
      <trkpt lat="42.10443" lon="-8.27653">
        <ele>103.56</ele>
      </trkpt>
      <trkpt lat="42.10431" lon="-8.27669">
        <ele>101.59</ele>
      </trkpt>
      <trkpt lat="42.10406" lon="-8.27689">
        <ele>95.55</ele>
      </trkpt>
      <trkpt lat="42.10401" lon="-8.27696">
        <ele>91.97</ele>
      </trkpt>
      <trkpt lat="42.1039" lon="-8.27722">
        <ele>84.35</ele>
      </trkpt>
      <trkpt lat="42.10385" lon="-8.27729">
        <ele>81.28</ele>
      </trkpt>
      <trkpt lat="42.10381" lon="-8.27733">
        <ele>79.94</ele>
      </trkpt>
      <trkpt lat="42.10376" lon="-8.27736">
        <ele>79.23</ele>
      </trkpt>
      <trkpt lat="42.10371" lon="-8.27738">
        <ele>79.02</ele>
      </trkpt>
      <trkpt lat="42.10365" lon="-8.27739">
        <ele>79.27</ele>
      </trkpt>
      <trkpt lat="42.10359" lon="-8.27739">
        <ele>79.52</ele>
      </trkpt>
      <trkpt lat="42.10353" lon="-8.27736">
        <ele>79.72</ele>
      </trkpt>
      <trkpt lat="42.10346" lon="-8.27733">
        <ele>79.78</ele>
      </trkpt>
      <trkpt lat="42.10337" lon="-8.27725">
        <ele>80.04</ele>
      </trkpt>
      <trkpt lat="42.10334" lon="-8.2772">
        <ele>80.61</ele>
      </trkpt>
      <trkpt lat="42.10327" lon="-8.277">
        <ele>85.51</ele>
      </trkpt>
      <trkpt lat="42.10324" lon="-8.27695">
        <ele>86.54</ele>
      </trkpt>
      <trkpt lat="42.10316" lon="-8.27689">
        <ele>87.21</ele>
      </trkpt>
      <trkpt lat="42.10312" lon="-8.27687">
        <ele>87.45</ele>
      </trkpt>
      <trkpt lat="42.10302" lon="-8.27687">
        <ele>88.21</ele>
      </trkpt>
      <trkpt lat="42.10294" lon="-8.27689">
        <ele>89.72</ele>
      </trkpt>
      <trkpt lat="42.10288" lon="-8.27693">
        <ele>90.15</ele>
      </trkpt>
      <trkpt lat="42.10284" lon="-8.27697">
        <ele>90.29</ele>
      </trkpt>
      <trkpt lat="42.10281" lon="-8.27702">
        <ele>90.22</ele>
      </trkpt>
      <trkpt lat="42.10278" lon="-8.27709">
        <ele>89.86</ele>
      </trkpt>
      <trkpt lat="42.10275" lon="-8.27727">
        <ele>87.2</ele>
      </trkpt>
      <trkpt lat="42.1027" lon="-8.27739">
        <ele>84.78</ele>
      </trkpt>
      <trkpt lat="42.10265" lon="-8.27745">
        <ele>82.73</ele>
      </trkpt>
      <trkpt lat="42.1026" lon="-8.27749">
        <ele>80.74</ele>
      </trkpt>
      <trkpt lat="42.10256" lon="-8.27751">
        <ele>79.4</ele>
      </trkpt>
      <trkpt lat="42.1025" lon="-8.27753">
        <ele>77.78</ele>
      </trkpt>
      <trkpt lat="42.10244" lon="-8.27753">
        <ele>78.17</ele>
      </trkpt>
      <trkpt lat="42.10237" lon="-8.27751">
        <ele>78.83</ele>
      </trkpt>
      <trkpt lat="42.10224" lon="-8.27744">
        <ele>82.41</ele>
      </trkpt>
      <trkpt lat="42.10217" lon="-8.27739">
        <ele>85.43</ele>
      </trkpt>
      <trkpt lat="42.10212" lon="-8.27733">
        <ele>88.2</ele>
      </trkpt>
      <trkpt lat="42.10201" lon="-8.27718">
        <ele>92.84</ele>
      </trkpt>
      <trkpt lat="42.10194" lon="-8.27712">
        <ele>94.15</ele>
      </trkpt>
      <trkpt lat="42.10188" lon="-8.27709">
        <ele>93.94</ele>
      </trkpt>
      <trkpt lat="42.10182" lon="-8.27709">
        <ele>93.09</ele>
      </trkpt>
      <trkpt lat="42.10178" lon="-8.27711">
        <ele>92.17</ele>
      </trkpt>
      <trkpt lat="42.10172" lon="-8.27715">
        <ele>90.72</ele>
      </trkpt>
      <trkpt lat="42.10167" lon="-8.27722">
        <ele>89.07</ele>
      </trkpt>
      <trkpt lat="42.10162" lon="-8.27733">
        <ele>87.44</ele>
      </trkpt>
      <trkpt lat="42.1016" lon="-8.27748">
        <ele>85.92</ele>
      </trkpt>
      <trkpt lat="42.1016" lon="-8.27754">
        <ele>86.3</ele>
      </trkpt>
      <trkpt lat="42.10161" lon="-8.27762">
        <ele>87.34</ele>
      </trkpt>
      <trkpt lat="42.10165" lon="-8.27774">
        <ele>88.64</ele>
      </trkpt>
      <trkpt lat="42.10197" lon="-8.2782">
        <ele>88.94</ele>
      </trkpt>
      <trkpt lat="42.10209" lon="-8.27834">
        <ele>91.61</ele>
      </trkpt>
      <trkpt lat="42.10222" lon="-8.27843">
        <ele>92.41</ele>
      </trkpt>
      <trkpt lat="42.10235" lon="-8.2785">
        <ele>95.24</ele>
      </trkpt>
      <trkpt lat="42.10359" lon="-8.27891">
        <ele>78.49</ele>
      </trkpt>
      <trkpt lat="42.10365" lon="-8.27894">
        <ele>77.26</ele>
      </trkpt>
      <trkpt lat="42.1037" lon="-8.27899">
        <ele>77.08</ele>
      </trkpt>
      <trkpt lat="42.10373" lon="-8.27904">
        <ele>77.35</ele>
      </trkpt>
      <trkpt lat="42.10381" lon="-8.27921">
        <ele>77.91</ele>
      </trkpt>
      <trkpt lat="42.10386" lon="-8.27932">
        <ele>77.1</ele>
      </trkpt>
      <trkpt lat="42.10392" lon="-8.27958">
        <ele>76.54</ele>
      </trkpt>
      <trkpt lat="42.10396" lon="-8.27981">
        <ele>76.33</ele>
      </trkpt>
      <trkpt lat="42.10396" lon="-8.27993">
        <ele>77.19</ele>
      </trkpt>
      <trkpt lat="42.10395" lon="-8.28008">
        <ele>78.6</ele>
      </trkpt>
      <trkpt lat="42.10388" lon="-8.28053">
        <ele>91.35</ele>
      </trkpt>
      <trkpt lat="42.10389" lon="-8.28064">
        <ele>94.07</ele>
      </trkpt>
      <trkpt lat="42.10395" lon="-8.28083">
        <ele>96.05</ele>
      </trkpt>
      <trkpt lat="42.10399" lon="-8.28089">
        <ele>95.05</ele>
      </trkpt>
      <trkpt lat="42.10404" lon="-8.28094">
        <ele>93.74</ele>
      </trkpt>
      <trkpt lat="42.10411" lon="-8.28099">
        <ele>92.02</ele>
      </trkpt>
      <trkpt lat="42.10438" lon="-8.28109">
        <ele>88.09</ele>
      </trkpt>
      <trkpt lat="42.10444" lon="-8.28113">
        <ele>87.1</ele>
      </trkpt>
      <trkpt lat="42.10448" lon="-8.28117">
        <ele>86.74</ele>
      </trkpt>
      <trkpt lat="42.10451" lon="-8.28123">
        <ele>86.53</ele>
      </trkpt>
      <trkpt lat="42.10455" lon="-8.28132">
        <ele>86.24</ele>
      </trkpt>
      <trkpt lat="42.10475" lon="-8.28187">
        <ele>80.8</ele>
      </trkpt>
      <trkpt lat="42.10482" lon="-8.282">
        <ele>78.84</ele>
      </trkpt>
      <trkpt lat="42.10489" lon="-8.28208">
        <ele>77.87</ele>
      </trkpt>
      <trkpt lat="42.10512" lon="-8.28223">
        <ele>77.66</ele>
      </trkpt>
      <trkpt lat="42.10518" lon="-8.28228">
        <ele>78.11</ele>
      </trkpt>
      <trkpt lat="42.10524" lon="-8.28236">
        <ele>79.05</ele>
      </trkpt>
      <trkpt lat="42.10526" lon="-8.28241">
        <ele>79.72</ele>
      </trkpt>
      <trkpt lat="42.10528" lon="-8.28257">
        <ele>80.67</ele>
      </trkpt>
      <trkpt lat="42.10527" lon="-8.28271">
        <ele>80.27</ele>
      </trkpt>
      <trkpt lat="42.10524" lon="-8.28281">
        <ele>80.14</ele>
      </trkpt>
      <trkpt lat="42.10517" lon="-8.28294">
        <ele>80.39</ele>
      </trkpt>
      <trkpt lat="42.10512" lon="-8.283">
        <ele>80.57</ele>
      </trkpt>
      <trkpt lat="42.10506" lon="-8.28304">
        <ele>80.78</ele>
      </trkpt>
      <trkpt lat="42.105" lon="-8.28308">
        <ele>81.09</ele>
      </trkpt>
      <trkpt lat="42.1048" lon="-8.28316">
        <ele>80.83</ele>
      </trkpt>
      <trkpt lat="42.10474" lon="-8.28321">
        <ele>80.52</ele>
      </trkpt>
      <trkpt lat="42.1047" lon="-8.28327">
        <ele>80.38</ele>
      </trkpt>
      <trkpt lat="42.10467" lon="-8.28335">
        <ele>80.48</ele>
      </trkpt>
      <trkpt lat="42.10466" lon="-8.28343">
        <ele>80.21</ele>
      </trkpt>
      <trkpt lat="42.10465" lon="-8.28352">
        <ele>79.96</ele>
      </trkpt>
      <trkpt lat="42.10466" lon="-8.28361">
        <ele>79.35</ele>
      </trkpt>
      <trkpt lat="42.10468" lon="-8.28373">
        <ele>77.53</ele>
      </trkpt>
      <trkpt lat="42.10472" lon="-8.28384">
        <ele>74.78</ele>
      </trkpt>
      <trkpt lat="42.10476" lon="-8.28391">
        <ele>74.73</ele>
      </trkpt>
      <trkpt lat="42.10484" lon="-8.28399">
        <ele>76.17</ele>
      </trkpt>
      <trkpt lat="42.10503" lon="-8.28414">
        <ele>77.65</ele>
      </trkpt>
      <trkpt lat="42.10507" lon="-8.2842">
        <ele>78.08</ele>
      </trkpt>
      <trkpt lat="42.10511" lon="-8.28428">
        <ele>78.25</ele>
      </trkpt>
      <trkpt lat="42.10515" lon="-8.28441">
        <ele>77.88</ele>
      </trkpt>
      <trkpt lat="42.10516" lon="-8.2845">
        <ele>77.5</ele>
      </trkpt>
      <trkpt lat="42.10516" lon="-8.28463">
        <ele>76.96</ele>
      </trkpt>
      <trkpt lat="42.10497" lon="-8.28621">
        <ele>74.54</ele>
      </trkpt>
      <trkpt lat="42.1049" lon="-8.28648">
        <ele>72.87</ele>
      </trkpt>
      <trkpt lat="42.10485" lon="-8.28661">
        <ele>71.44</ele>
      </trkpt>
      <trkpt lat="42.10473" lon="-8.28678">
        <ele>68.85</ele>
      </trkpt>
      <trkpt lat="42.10467" lon="-8.28685">
        <ele>67.64</ele>
      </trkpt>
      <trkpt lat="42.10459" lon="-8.28689">
        <ele>66.64</ele>
      </trkpt>
      <trkpt lat="42.10452" lon="-8.28693">
        <ele>65.7</ele>
      </trkpt>
      <trkpt lat="42.10395" lon="-8.28707">
        <ele>69.7</ele>
      </trkpt>
      <trkpt lat="42.10384" lon="-8.28711">
        <ele>70.69</ele>
      </trkpt>
      <trkpt lat="42.10377" lon="-8.28715">
        <ele>71.66</ele>
      </trkpt>
      <trkpt lat="42.10372" lon="-8.2872">
        <ele>72.2</ele>
      </trkpt>
      <trkpt lat="42.10368" lon="-8.28727">
        <ele>72.59</ele>
      </trkpt>
      <trkpt lat="42.10363" lon="-8.2874">
        <ele>73.02</ele>
      </trkpt>
      <trkpt lat="42.10363" lon="-8.28754">
        <ele>72.94</ele>
      </trkpt>
      <trkpt lat="42.10365" lon="-8.28764">
        <ele>73.24</ele>
      </trkpt>
      <trkpt lat="42.10375" lon="-8.28788">
        <ele>72.0</ele>
      </trkpt>
      <trkpt lat="42.10376" lon="-8.28796">
        <ele>71.93</ele>
      </trkpt>
      <trkpt lat="42.10375" lon="-8.28805">
        <ele>72.0</ele>
      </trkpt>
      <trkpt lat="42.10365" lon="-8.28845">
        <ele>73.42</ele>
      </trkpt>
      <trkpt lat="42.10365" lon="-8.28872">
        <ele>76.76</ele>
      </trkpt>
      <trkpt lat="42.10362" lon="-8.28887">
        <ele>78.7</ele>
      </trkpt>
      <trkpt lat="42.10357" lon="-8.289">
        <ele>80.69</ele>
      </trkpt>
      <trkpt lat="42.1035" lon="-8.28914">
        <ele>83.21</ele>
      </trkpt>
      <trkpt lat="42.10339" lon="-8.28924">
        <ele>85.09</ele>
      </trkpt>
      <trkpt lat="42.10265" lon="-8.28961">
        <ele>81.36</ele>
      </trkpt>
      <trkpt lat="42.10126" lon="-8.29031">
        <ele>81.27</ele>
      </trkpt>
      <trkpt lat="42.10117" lon="-8.29039">
        <ele>81.76</ele>
      </trkpt>
      <trkpt lat="42.10081" lon="-8.29091">
        <ele>85.22</ele>
      </trkpt>
      <trkpt lat="42.10073" lon="-8.29101">
        <ele>86.74</ele>
      </trkpt>
      <trkpt lat="42.10063" lon="-8.29108">
        <ele>88.59</ele>
      </trkpt>
      <trkpt lat="42.10002" lon="-8.29148">
        <ele>87.41</ele>
      </trkpt>
      <trkpt lat="42.09994" lon="-8.29156">
        <ele>86.3</ele>
      </trkpt>
      <trkpt lat="42.09988" lon="-8.29164">
        <ele>84.99</ele>
      </trkpt>
      <trkpt lat="42.09983" lon="-8.29197">
        <ele>79.39</ele>
      </trkpt>
      <trkpt lat="42.09976" lon="-8.29231">
        <ele>77.92</ele>
      </trkpt>
      <trkpt lat="42.0997" lon="-8.29247">
        <ele>79.14</ele>
      </trkpt>
      <trkpt lat="42.09965" lon="-8.29279">
        <ele>81.64</ele>
      </trkpt>
      <trkpt lat="42.09963" lon="-8.2931">
        <ele>84.92</ele>
      </trkpt>
      <trkpt lat="42.09973" lon="-8.29403">
        <ele>89.89</ele>
      </trkpt>
      <trkpt lat="42.09972" lon="-8.29432">
        <ele>88.91</ele>
      </trkpt>
      <trkpt lat="42.09971" lon="-8.29452">
        <ele>88.1</ele>
      </trkpt>
      <trkpt lat="42.09966" lon="-8.29478">
        <ele>88.93</ele>
      </trkpt>
      <trkpt lat="42.09943" lon="-8.29612">
        <ele>100.4</ele>
      </trkpt>
      <trkpt lat="42.09937" lon="-8.29628">
        <ele>101.2</ele>
      </trkpt>
      <trkpt lat="42.09928" lon="-8.29641">
        <ele>103.25</ele>
      </trkpt>
      <trkpt lat="42.09908" lon="-8.29658">
        <ele>107.85</ele>
      </trkpt>
      <trkpt lat="42.09895" lon="-8.29671">
        <ele>109.24</ele>
      </trkpt>
      <trkpt lat="42.09886" lon="-8.29683">
        <ele>110.89</ele>
      </trkpt>
      <trkpt lat="42.09878" lon="-8.29701">
        <ele>111.91</ele>
      </trkpt>
      <trkpt lat="42.09877" lon="-8.29712">
        <ele>110.43</ele>
      </trkpt>
      <trkpt lat="42.0988" lon="-8.29726">
        <ele>107.34</ele>
      </trkpt>
      <trkpt lat="42.0989" lon="-8.29763">
        <ele>101.98</ele>
      </trkpt>
      <trkpt lat="42.09903" lon="-8.29841">
        <ele>109.49</ele>
      </trkpt>
      <trkpt lat="42.09903" lon="-8.29859">
        <ele>115.33</ele>
      </trkpt>
      <trkpt lat="42.09901" lon="-8.29873">
        <ele>116.78</ele>
      </trkpt>
      <trkpt lat="42.09897" lon="-8.29883">
        <ele>117.49</ele>
      </trkpt>
      <trkpt lat="42.09891" lon="-8.29896">
        <ele>117.29</ele>
      </trkpt>
      <trkpt lat="42.09817" lon="-8.30015">
        <ele>122.76</ele>
      </trkpt>
      <trkpt lat="42.09786" lon="-8.30062">
        <ele>127.77</ele>
      </trkpt>
      <trkpt lat="42.09772" lon="-8.30092">
        <ele>125.35</ele>
      </trkpt>
      <trkpt lat="42.09763" lon="-8.30132">
        <ele>121.37</ele>
      </trkpt>
      <trkpt lat="42.09757" lon="-8.3015">
        <ele>119.06</ele>
      </trkpt>
      <trkpt lat="42.09748" lon="-8.30159">
        <ele>116.85</ele>
      </trkpt>
      <trkpt lat="42.09733" lon="-8.30168">
        <ele>115.9</ele>
      </trkpt>
      <trkpt lat="42.09626" lon="-8.30224">
        <ele>117.3</ele>
      </trkpt>
      <trkpt lat="42.0955" lon="-8.30262">
        <ele>118.81</ele>
      </trkpt>
      <trkpt lat="42.09485" lon="-8.30281">
        <ele>120.29</ele>
      </trkpt>
      <trkpt lat="42.09461" lon="-8.30286">
        <ele>121.3</ele>
      </trkpt>
      <trkpt lat="42.09412" lon="-8.30283">
        <ele>120.36</ele>
      </trkpt>
      <trkpt lat="42.09374" lon="-8.3029">
        <ele>124.18</ele>
      </trkpt>
      <trkpt lat="42.09348" lon="-8.30313">
        <ele>128.06</ele>
      </trkpt>
      <trkpt lat="42.09321" lon="-8.3036">
        <ele>125.9</ele>
      </trkpt>
      <trkpt lat="42.09249" lon="-8.30426">
        <ele>123.48</ele>
      </trkpt>
      <trkpt lat="42.09215" lon="-8.3047">
        <ele>118.12</ele>
      </trkpt>
      <trkpt lat="42.09198" lon="-8.30498">
        <ele>119.2</ele>
      </trkpt>
      <trkpt lat="42.0918" lon="-8.30535">
        <ele>117.24</ele>
      </trkpt>
      <trkpt lat="42.09148" lon="-8.30621">
        <ele>121.93</ele>
      </trkpt>
      <trkpt lat="42.09058" lon="-8.30853">
        <ele>123.03</ele>
      </trkpt>
      <trkpt lat="42.09028" lon="-8.30932">
        <ele>126.88</ele>
      </trkpt>
      <trkpt lat="42.09015" lon="-8.30975">
        <ele>116.96</ele>
      </trkpt>
      <trkpt lat="42.09003" lon="-8.31051">
        <ele>115.34</ele>
      </trkpt>
      <trkpt lat="42.08994" lon="-8.31076">
        <ele>116.24</ele>
      </trkpt>
      <trkpt lat="42.0898" lon="-8.31106">
        <ele>117.5</ele>
      </trkpt>
      <trkpt lat="42.08937" lon="-8.31168">
        <ele>125.84</ele>
      </trkpt>
      <trkpt lat="42.08906" lon="-8.3121">
        <ele>119.65</ele>
      </trkpt>
      <trkpt lat="42.08897" lon="-8.31231">
        <ele>116.69</ele>
      </trkpt>
      <trkpt lat="42.08897" lon="-8.31231">
        <ele>116.69</ele>
      </trkpt>
      <trkpt lat="42.08883" lon="-8.31267">
        <ele>116.58</ele>
      </trkpt>
      <trkpt lat="42.08831" lon="-8.3143">
        <ele>112.69</ele>
      </trkpt>
      <trkpt lat="42.08777" lon="-8.31561">
        <ele>116.72</ele>
      </trkpt>
      <trkpt lat="42.08728" lon="-8.31666">
        <ele>112.77</ele>
      </trkpt>
      <trkpt lat="42.08715" lon="-8.31696">
        <ele>115.48</ele>
      </trkpt>
      <trkpt lat="42.08675" lon="-8.31787">
        <ele>114.5</ele>
      </trkpt>
      <trkpt lat="42.08621" lon="-8.31902">
        <ele>103.95</ele>
      </trkpt>
      <trkpt lat="42.08536" lon="-8.32033">
        <ele>115.21</ele>
      </trkpt>
      <trkpt lat="42.08459" lon="-8.32108">
        <ele>123.53</ele>
      </trkpt>
      <trkpt lat="42.08439" lon="-8.3213">
        <ele>121.97</ele>
      </trkpt>
      <trkpt lat="42.0843" lon="-8.32144">
        <ele>121.57</ele>
      </trkpt>
      <trkpt lat="42.0842" lon="-8.32163">
        <ele>121.68</ele>
      </trkpt>
      <trkpt lat="42.08382" lon="-8.32256">
        <ele>116.17</ele>
      </trkpt>
      <trkpt lat="42.08334" lon="-8.32367">
        <ele>112.75</ele>
      </trkpt>
      <trkpt lat="42.08313" lon="-8.32409">
        <ele>110.1</ele>
      </trkpt>
      <trkpt lat="42.08273" lon="-8.32476">
        <ele>107.33</ele>
      </trkpt>
      <trkpt lat="42.08231" lon="-8.32548">
        <ele>105.45</ele>
      </trkpt>
      <trkpt lat="42.08151" lon="-8.32696">
        <ele>115.12</ele>
      </trkpt>
      <trkpt lat="42.08142" lon="-8.32709">
        <ele>119.19</ele>
      </trkpt>
      <trkpt lat="42.08126" lon="-8.3273">
        <ele>123.44</ele>
      </trkpt>
      <trkpt lat="42.08113" lon="-8.32742">
        <ele>125.75</ele>
      </trkpt>
      <trkpt lat="42.08102" lon="-8.32746">
        <ele>126.05</ele>
      </trkpt>
      <trkpt lat="42.08092" lon="-8.32747">
        <ele>125.96</ele>
      </trkpt>
      <trkpt lat="42.08086" lon="-8.32746">
        <ele>125.88</ele>
      </trkpt>
      <trkpt lat="42.0808" lon="-8.32743">
        <ele>124.7</ele>
      </trkpt>
      <trkpt lat="42.08015" lon="-8.32704">
        <ele>120.28</ele>
      </trkpt>
      <trkpt lat="42.08005" lon="-8.32699">
        <ele>118.43</ele>
      </trkpt>
      <trkpt lat="42.07991" lon="-8.32699">
        <ele>116.36</ele>
      </trkpt>
      <trkpt lat="42.07982" lon="-8.32704">
        <ele>115.29</ele>
      </trkpt>
      <trkpt lat="42.07962" lon="-8.32727">
        <ele>113.94</ele>
      </trkpt>
      <trkpt lat="42.07905" lon="-8.32773">
        <ele>121.86</ele>
      </trkpt>
      <trkpt lat="42.07898" lon="-8.32782">
        <ele>124.09</ele>
      </trkpt>
      <trkpt lat="42.07894" lon="-8.32791">
        <ele>125.62</ele>
      </trkpt>
      <trkpt lat="42.07893" lon="-8.32807">
        <ele>126.88</ele>
      </trkpt>
      <trkpt lat="42.07897" lon="-8.32823">
        <ele>124.47</ele>
      </trkpt>
      <trkpt lat="42.07921" lon="-8.32868">
        <ele>120.14</ele>
      </trkpt>
      <trkpt lat="42.07971" lon="-8.32955">
        <ele>117.22</ele>
      </trkpt>
      <trkpt lat="42.0798" lon="-8.32978">
        <ele>115.41</ele>
      </trkpt>
      <trkpt lat="42.07983" lon="-8.32998">
        <ele>115.05</ele>
      </trkpt>
      <trkpt lat="42.07989" lon="-8.33219">
        <ele>121.51</ele>
      </trkpt>
      <trkpt lat="42.07987" lon="-8.33241">
        <ele>122.3</ele>
      </trkpt>
      <trkpt lat="42.07983" lon="-8.33253">
        <ele>122.91</ele>
      </trkpt>
      <trkpt lat="42.07983" lon="-8.33253">
        <ele>122.91</ele>
      </trkpt>
      <trkpt lat="42.08001" lon="-8.33293">
        <ele>127.48</ele>
      </trkpt>
      <trkpt lat="42.08003" lon="-8.333">
        <ele>127.88</ele>
      </trkpt>
      <trkpt lat="42.08003" lon="-8.33306">
        <ele>128.51</ele>
      </trkpt>
      <trkpt lat="42.08002" lon="-8.33314">
        <ele>129.62</ele>
      </trkpt>
      <trkpt lat="42.08" lon="-8.33321">
        <ele>130.67</ele>
      </trkpt>
      <trkpt lat="42.07987" lon="-8.33348">
        <ele>129.92</ele>
      </trkpt>
      <trkpt lat="42.07983" lon="-8.3337">
        <ele>126.5</ele>
      </trkpt>
      <trkpt lat="42.07984" lon="-8.33385">
        <ele>124.41</ele>
      </trkpt>
      <trkpt lat="42.07988" lon="-8.33397">
        <ele>123.17</ele>
      </trkpt>
      <trkpt lat="42.07993" lon="-8.33406">
        <ele>122.8</ele>
      </trkpt>
      <trkpt lat="42.07999" lon="-8.33414">
        <ele>123.02</ele>
      </trkpt>
      <trkpt lat="42.08" lon="-8.33428">
        <ele>120.96</ele>
      </trkpt>
      <trkpt lat="42.08" lon="-8.33432">
        <ele>120.24</ele>
      </trkpt>
      <trkpt lat="42.07976" lon="-8.33465">
        <ele>117.92</ele>
      </trkpt>
      <trkpt lat="42.07968" lon="-8.33478">
        <ele>117.94</ele>
      </trkpt>
      <trkpt lat="42.07954" lon="-8.33503">
        <ele>119.38</ele>
      </trkpt>
      <trkpt lat="42.07938" lon="-8.33541">
        <ele>120.51</ele>
      </trkpt>
      <trkpt lat="42.07934" lon="-8.33562">
        <ele>120.84</ele>
      </trkpt>
      <trkpt lat="42.07932" lon="-8.33584">
        <ele>122.42</ele>
      </trkpt>
      <trkpt lat="42.07931" lon="-8.33602">
        <ele>121.53</ele>
      </trkpt>
      <trkpt lat="42.07931" lon="-8.33621">
        <ele>119.47</ele>
      </trkpt>
      <trkpt lat="42.07933" lon="-8.33638">
        <ele>117.08</ele>
      </trkpt>
      <trkpt lat="42.07935" lon="-8.33654">
        <ele>114.76</ele>
      </trkpt>
      <trkpt lat="42.07939" lon="-8.33669">
        <ele>112.91</ele>
      </trkpt>
      <trkpt lat="42.07945" lon="-8.33688">
        <ele>110.28</ele>
      </trkpt>
      <trkpt lat="42.07951" lon="-8.33706">
        <ele>110.56</ele>
      </trkpt>
      <trkpt lat="42.07961" lon="-8.33726">
        <ele>110.11</ele>
      </trkpt>
      <trkpt lat="42.07983" lon="-8.33763">
        <ele>106.92</ele>
      </trkpt>
      <trkpt lat="42.08045" lon="-8.33855">
        <ele>116.4</ele>
      </trkpt>
      <trkpt lat="42.08086" lon="-8.33917">
        <ele>113.66</ele>
      </trkpt>
      <trkpt lat="42.08094" lon="-8.33931">
        <ele>110.86</ele>
      </trkpt>
      <trkpt lat="42.08103" lon="-8.3395">
        <ele>107.89</ele>
      </trkpt>
      <trkpt lat="42.08118" lon="-8.33986">
        <ele>100.14</ele>
      </trkpt>
      <trkpt lat="42.08125" lon="-8.34007">
        <ele>98.75</ele>
      </trkpt>
      <trkpt lat="42.08132" lon="-8.34029">
        <ele>97.7</ele>
      </trkpt>
      <trkpt lat="42.08141" lon="-8.3407">
        <ele>94.52</ele>
      </trkpt>
      <trkpt lat="42.08154" lon="-8.34149">
        <ele>87.71</ele>
      </trkpt>
      <trkpt lat="42.0824" lon="-8.34719">
        <ele>64.59</ele>
      </trkpt>
      <trkpt lat="42.08245" lon="-8.34745">
        <ele>64.84</ele>
      </trkpt>
      <trkpt lat="42.0825" lon="-8.34769">
        <ele>64.68</ele>
      </trkpt>
      <trkpt lat="42.08255" lon="-8.34783">
        <ele>64.97</ele>
      </trkpt>
      <trkpt lat="42.0826" lon="-8.34797">
        <ele>64.75</ele>
      </trkpt>
      <trkpt lat="42.08272" lon="-8.34825">
        <ele>65.75</ele>
      </trkpt>
      <trkpt lat="42.08289" lon="-8.34852">
        <ele>65.6</ele>
      </trkpt>
      <trkpt lat="42.08313" lon="-8.34881">
        <ele>65.35</ele>
      </trkpt>
      <trkpt lat="42.08324" lon="-8.34892">
        <ele>63.86</ele>
      </trkpt>
      <trkpt lat="42.08352" lon="-8.34912">
        <ele>60.23</ele>
      </trkpt>
      <trkpt lat="42.08369" lon="-8.34921">
        <ele>58.79</ele>
      </trkpt>
      <trkpt lat="42.08496" lon="-8.34984">
        <ele>65.13</ele>
      </trkpt>
      <trkpt lat="42.0851" lon="-8.34993">
        <ele>66.78</ele>
      </trkpt>
      <trkpt lat="42.08527" lon="-8.35004">
        <ele>68.34</ele>
      </trkpt>
      <trkpt lat="42.08543" lon="-8.35018">
        <ele>65.83</ele>
      </trkpt>
      <trkpt lat="42.08559" lon="-8.35033">
        <ele>64.48</ele>
      </trkpt>
      <trkpt lat="42.08574" lon="-8.35051">
        <ele>62.11</ele>
      </trkpt>
      <trkpt lat="42.08587" lon="-8.35069">
        <ele>61.56</ele>
      </trkpt>
      <trkpt lat="42.086" lon="-8.35091">
        <ele>60.74</ele>
      </trkpt>
      <trkpt lat="42.0861" lon="-8.3511">
        <ele>59.08</ele>
      </trkpt>
      <trkpt lat="42.08618" lon="-8.35129">
        <ele>58.37</ele>
      </trkpt>
      <trkpt lat="42.08625" lon="-8.35149">
        <ele>57.14</ele>
      </trkpt>
      <trkpt lat="42.08631" lon="-8.35171">
        <ele>56.13</ele>
      </trkpt>
      <trkpt lat="42.08636" lon="-8.35196">
        <ele>55.06</ele>
      </trkpt>
      <trkpt lat="42.08644" lon="-8.35245">
        <ele>54.25</ele>
      </trkpt>
      <trkpt lat="42.0867" lon="-8.35493">
        <ele>49.55</ele>
      </trkpt>
      <trkpt lat="42.08696" lon="-8.35741">
        <ele>51.27</ele>
      </trkpt>
      <trkpt lat="42.08699" lon="-8.35775">
        <ele>49.26</ele>
      </trkpt>
      <trkpt lat="42.08701" lon="-8.35806">
        <ele>49.12</ele>
      </trkpt>
      <trkpt lat="42.08703" lon="-8.35854">
        <ele>47.57</ele>
      </trkpt>
      <trkpt lat="42.08702" lon="-8.35877">
        <ele>47.31</ele>
      </trkpt>
      <trkpt lat="42.08699" lon="-8.35921">
        <ele>49.14</ele>
      </trkpt>
      <trkpt lat="42.08694" lon="-8.35967">
        <ele>50.18</ele>
      </trkpt>
      <trkpt lat="42.08691" lon="-8.35985">
        <ele>50.44</ele>
      </trkpt>
      <trkpt lat="42.08684" lon="-8.36014">
        <ele>51.19</ele>
      </trkpt>
      <trkpt lat="42.08668" lon="-8.36072">
        <ele>53.76</ele>
      </trkpt>
      <trkpt lat="42.08668" lon="-8.36072">
        <ele>53.76</ele>
      </trkpt>
      <trkpt lat="42.08657" lon="-8.36101">
        <ele>54.73</ele>
      </trkpt>
      <trkpt lat="42.08648" lon="-8.36124">
        <ele>56.5</ele>
      </trkpt>
      <trkpt lat="42.08623" lon="-8.36176">
        <ele>56.61</ele>
      </trkpt>
      <trkpt lat="42.08587" lon="-8.36239">
        <ele>56.52</ele>
      </trkpt>
      <trkpt lat="42.08469" lon="-8.36436">
        <ele>51.07</ele>
      </trkpt>
      <trkpt lat="42.08429" lon="-8.36509">
        <ele>59.62</ele>
      </trkpt>
      <trkpt lat="42.08167" lon="-8.37021">
        <ele>62.89</ele>
      </trkpt>
      <trkpt lat="42.08131" lon="-8.3708">
        <ele>70.16</ele>
      </trkpt>
      <trkpt lat="42.08104" lon="-8.37118">
        <ele>66.54</ele>
      </trkpt>
      <trkpt lat="42.08086" lon="-8.37138">
        <ele>67.62</ele>
      </trkpt>
      <trkpt lat="42.08056" lon="-8.37168">
        <ele>71.88</ele>
      </trkpt>
      <trkpt lat="42.08042" lon="-8.37181">
        <ele>74.44</ele>
      </trkpt>
      <trkpt lat="42.08026" lon="-8.37194">
        <ele>75.05</ele>
      </trkpt>
      <trkpt lat="42.07981" lon="-8.3723">
        <ele>73.88</ele>
      </trkpt>
      <trkpt lat="42.07837" lon="-8.3734">
        <ele>73.77</ele>
      </trkpt>
      <trkpt lat="42.07758" lon="-8.37402">
        <ele>65.54</ele>
      </trkpt>
      <trkpt lat="42.07733" lon="-8.37425">
        <ele>58.13</ele>
      </trkpt>
      <trkpt lat="42.07714" lon="-8.37446">
        <ele>59.49</ele>
      </trkpt>
      <trkpt lat="42.07694" lon="-8.37471">
        <ele>53.2</ele>
      </trkpt>
      <trkpt lat="42.07684" lon="-8.37486">
        <ele>48.58</ele>
      </trkpt>
      <trkpt lat="42.07656" lon="-8.37538">
        <ele>45.43</ele>
      </trkpt>
      <trkpt lat="42.07649" lon="-8.37558">
        <ele>43.64</ele>
      </trkpt>
      <trkpt lat="42.0764" lon="-8.37583">
        <ele>43.96</ele>
      </trkpt>
      <trkpt lat="42.07633" lon="-8.37608">
        <ele>45.24</ele>
      </trkpt>
      <trkpt lat="42.07625" lon="-8.37639">
        <ele>45.5</ele>
      </trkpt>
      <trkpt lat="42.0762" lon="-8.37668">
        <ele>46.37</ele>
      </trkpt>
      <trkpt lat="42.07615" lon="-8.37697">
        <ele>46.44</ele>
      </trkpt>
      <trkpt lat="42.07602" lon="-8.378">
        <ele>60.05</ele>
      </trkpt>
      <trkpt lat="42.07597" lon="-8.37827">
        <ele>63.83</ele>
      </trkpt>
      <trkpt lat="42.0759" lon="-8.37859">
        <ele>66.57</ele>
      </trkpt>
      <trkpt lat="42.07578" lon="-8.37905">
        <ele>67.66</ele>
      </trkpt>
      <trkpt lat="42.07561" lon="-8.37951">
        <ele>67.51</ele>
      </trkpt>
      <trkpt lat="42.07542" lon="-8.3799">
        <ele>66.28</ele>
      </trkpt>
      <trkpt lat="42.07429" lon="-8.38184">
        <ele>69.51</ele>
      </trkpt>
      <trkpt lat="42.07419" lon="-8.38205">
        <ele>66.94</ele>
      </trkpt>
      <trkpt lat="42.07405" lon="-8.38234">
        <ele>66.91</ele>
      </trkpt>
      <trkpt lat="42.07393" lon="-8.38266">
        <ele>66.42</ele>
      </trkpt>
      <trkpt lat="42.07383" lon="-8.38295">
        <ele>64.05</ele>
      </trkpt>
      <trkpt lat="42.07375" lon="-8.38328">
        <ele>64.0</ele>
      </trkpt>
      <trkpt lat="42.07368" lon="-8.3836">
        <ele>62.82</ele>
      </trkpt>
      <trkpt lat="42.07363" lon="-8.38391">
        <ele>62.63</ele>
      </trkpt>
      <trkpt lat="42.0736" lon="-8.38419">
        <ele>60.95</ele>
      </trkpt>
      <trkpt lat="42.07358" lon="-8.38447">
        <ele>58.81</ele>
      </trkpt>
      <trkpt lat="42.07353" lon="-8.38642">
        <ele>45.68</ele>
      </trkpt>
      <trkpt lat="42.07354" lon="-8.38721">
        <ele>48.81</ele>
      </trkpt>
      <trkpt lat="42.07352" lon="-8.38763">
        <ele>46.14</ele>
      </trkpt>
      <trkpt lat="42.07349" lon="-8.3879">
        <ele>44.29</ele>
      </trkpt>
      <trkpt lat="42.07339" lon="-8.38883">
        <ele>37.37</ele>
      </trkpt>
      <trkpt lat="42.07332" lon="-8.38932">
        <ele>34.23</ele>
      </trkpt>
      <trkpt lat="42.07317" lon="-8.39021">
        <ele>34.27</ele>
      </trkpt>
      <trkpt lat="42.07306" lon="-8.39077">
        <ele>37.13</ele>
      </trkpt>
      <trkpt lat="42.07298" lon="-8.3914">
        <ele>34.74</ele>
      </trkpt>
      <trkpt lat="42.07293" lon="-8.3917">
        <ele>35.17</ele>
      </trkpt>
      <trkpt lat="42.07282" lon="-8.39217">
        <ele>38.23</ele>
      </trkpt>
      <trkpt lat="42.07275" lon="-8.39241">
        <ele>40.29</ele>
      </trkpt>
      <trkpt lat="42.07266" lon="-8.39266">
        <ele>42.22</ele>
      </trkpt>
      <trkpt lat="42.07249" lon="-8.39303">
        <ele>44.15</ele>
      </trkpt>
      <trkpt lat="42.0724" lon="-8.39321">
        <ele>44.2</ele>
      </trkpt>
      <trkpt lat="42.07087" lon="-8.39575">
        <ele>50.87</ele>
      </trkpt>
      <trkpt lat="42.07072" lon="-8.39603">
        <ele>49.11</ele>
      </trkpt>
      <trkpt lat="42.0706" lon="-8.39629">
        <ele>48.36</ele>
      </trkpt>
      <trkpt lat="42.07048" lon="-8.39657">
        <ele>49.7</ele>
      </trkpt>
      <trkpt lat="42.07037" lon="-8.39686">
        <ele>53.58</ele>
      </trkpt>
      <trkpt lat="42.07026" lon="-8.39717">
        <ele>56.41</ele>
      </trkpt>
      <trkpt lat="42.07017" lon="-8.39749">
        <ele>57.19</ele>
      </trkpt>
      <trkpt lat="42.06978" lon="-8.39894">
        <ele>68.56</ele>
      </trkpt>
      <trkpt lat="42.06978" lon="-8.39894">
        <ele>68.56</ele>
      </trkpt>
      <trkpt lat="42.06909" lon="-8.40155">
        <ele>85.12</ele>
      </trkpt>
      <trkpt lat="42.06904" lon="-8.40177">
        <ele>83.48</ele>
      </trkpt>
      <trkpt lat="42.06886" lon="-8.40262">
        <ele>82.62</ele>
      </trkpt>
      <trkpt lat="42.06881" lon="-8.40293">
        <ele>86.38</ele>
      </trkpt>
      <trkpt lat="42.0687" lon="-8.40431">
        <ele>76.25</ele>
      </trkpt>
      <trkpt lat="42.06871" lon="-8.40505">
        <ele>71.35</ele>
      </trkpt>
      <trkpt lat="42.06874" lon="-8.40564">
        <ele>67.02</ele>
      </trkpt>
      <trkpt lat="42.06878" lon="-8.406">
        <ele>64.02</ele>
      </trkpt>
      <trkpt lat="42.06903" lon="-8.40819">
        <ele>68.59</ele>
      </trkpt>
      <trkpt lat="42.06905" lon="-8.40847">
        <ele>67.15</ele>
      </trkpt>
      <trkpt lat="42.06907" lon="-8.40874">
        <ele>66.71</ele>
      </trkpt>
      <trkpt lat="42.06909" lon="-8.40927">
        <ele>68.48</ele>
      </trkpt>
      <trkpt lat="42.06907" lon="-8.40983">
        <ele>63.31</ele>
      </trkpt>
      <trkpt lat="42.06902" lon="-8.41045">
        <ele>55.32</ele>
      </trkpt>
      <trkpt lat="42.06894" lon="-8.41101">
        <ele>52.43</ele>
      </trkpt>
      <trkpt lat="42.06799" lon="-8.41589">
        <ele>55.34</ele>
      </trkpt>
      <trkpt lat="42.06793" lon="-8.41634">
        <ele>54.8</ele>
      </trkpt>
      <trkpt lat="42.0679" lon="-8.41678">
        <ele>50.62</ele>
      </trkpt>
      <trkpt lat="42.0679" lon="-8.41703">
        <ele>47.53</ele>
      </trkpt>
      <trkpt lat="42.06791" lon="-8.41728">
        <ele>45.9</ele>
      </trkpt>
      <trkpt lat="42.06794" lon="-8.41751">
        <ele>46.31</ele>
      </trkpt>
      <trkpt lat="42.06798" lon="-8.41774">
        <ele>46.44</ele>
      </trkpt>
      <trkpt lat="42.06802" lon="-8.41795">
        <ele>44.77</ele>
      </trkpt>
      <trkpt lat="42.06836" lon="-8.41928">
        <ele>53.31</ele>
      </trkpt>
      <trkpt lat="42.06846" lon="-8.41957">
        <ele>56.32</ele>
      </trkpt>
      <trkpt lat="42.06858" lon="-8.41995">
        <ele>56.6</ele>
      </trkpt>
      <trkpt lat="42.06894" lon="-8.42132">
        <ele>45.63</ele>
      </trkpt>
      <trkpt lat="42.06903" lon="-8.42174">
        <ele>44.19</ele>
      </trkpt>
      <trkpt lat="42.06909" lon="-8.42217">
        <ele>41.47</ele>
      </trkpt>
      <trkpt lat="42.06915" lon="-8.42249">
        <ele>40.8</ele>
      </trkpt>
      <trkpt lat="42.06918" lon="-8.42274">
        <ele>41.97</ele>
      </trkpt>
      <trkpt lat="42.0692" lon="-8.42301">
        <ele>45.08</ele>
      </trkpt>
      <trkpt lat="42.06922" lon="-8.42328">
        <ele>45.77</ele>
      </trkpt>
      <trkpt lat="42.06922" lon="-8.42357">
        <ele>45.85</ele>
      </trkpt>
      <trkpt lat="42.06921" lon="-8.42391">
        <ele>48.9</ele>
      </trkpt>
      <trkpt lat="42.06918" lon="-8.42421">
        <ele>52.41</ele>
      </trkpt>
      <trkpt lat="42.0691" lon="-8.42469">
        <ele>56.85</ele>
      </trkpt>
      <trkpt lat="42.06901" lon="-8.4251">
        <ele>57.47</ele>
      </trkpt>
      <trkpt lat="42.06886" lon="-8.4256">
        <ele>53.14</ele>
      </trkpt>
      <trkpt lat="42.06867" lon="-8.42608">
        <ele>52.18</ele>
      </trkpt>
      <trkpt lat="42.06848" lon="-8.42651">
        <ele>46.84</ele>
      </trkpt>
      <trkpt lat="42.06621" lon="-8.43132">
        <ele>50.34</ele>
      </trkpt>
      <trkpt lat="42.06546" lon="-8.43286">
        <ele>70.81</ele>
      </trkpt>
      <trkpt lat="42.0652" lon="-8.43348">
        <ele>74.83</ele>
      </trkpt>
      <trkpt lat="42.06503" lon="-8.43394">
        <ele>71.83</ele>
      </trkpt>
      <trkpt lat="42.06489" lon="-8.43439">
        <ele>70.22</ele>
      </trkpt>
      <trkpt lat="42.06484" lon="-8.43463">
        <ele>68.39</ele>
      </trkpt>
      <trkpt lat="42.06478" lon="-8.43504">
        <ele>68.15</ele>
      </trkpt>
      <trkpt lat="42.06476" lon="-8.43535">
        <ele>66.12</ele>
      </trkpt>
      <trkpt lat="42.06478" lon="-8.43561">
        <ele>64.65</ele>
      </trkpt>
      <trkpt lat="42.06483" lon="-8.43613">
        <ele>65.32</ele>
      </trkpt>
      <trkpt lat="42.06487" lon="-8.43634">
        <ele>62.22</ele>
      </trkpt>
      <trkpt lat="42.06501" lon="-8.43683">
        <ele>54.24</ele>
      </trkpt>
      <trkpt lat="42.0651" lon="-8.43701">
        <ele>52.34</ele>
      </trkpt>
      <trkpt lat="42.06535" lon="-8.43751">
        <ele>48.83</ele>
      </trkpt>
      <trkpt lat="42.06566" lon="-8.43805">
        <ele>57.59</ele>
      </trkpt>
      <trkpt lat="42.0671" lon="-8.44067">
        <ele>30.5</ele>
      </trkpt>
      <trkpt lat="42.06724" lon="-8.44097">
        <ele>27.73</ele>
      </trkpt>
      <trkpt lat="42.06736" lon="-8.44128">
        <ele>29.9</ele>
      </trkpt>
      <trkpt lat="42.06748" lon="-8.44162">
        <ele>35.17</ele>
      </trkpt>
      <trkpt lat="42.06763" lon="-8.44237">
        <ele>47.94</ele>
      </trkpt>
      <trkpt lat="42.06766" lon="-8.44272">
        <ele>53.47</ele>
      </trkpt>
      <trkpt lat="42.06768" lon="-8.44304">
        <ele>55.91</ele>
      </trkpt>
      <trkpt lat="42.06766" lon="-8.44361">
        <ele>55.27</ele>
      </trkpt>
      <trkpt lat="42.0676" lon="-8.44416">
        <ele>60.43</ele>
      </trkpt>
      <trkpt lat="42.06746" lon="-8.44502">
        <ele>68.72</ele>
      </trkpt>
      <trkpt lat="42.06712" lon="-8.44705">
        <ele>74.61</ele>
      </trkpt>
      <trkpt lat="42.06699" lon="-8.44824">
        <ele>78.52</ele>
      </trkpt>
      <trkpt lat="42.06696" lon="-8.44862">
        <ele>73.11</ele>
      </trkpt>
      <trkpt lat="42.06697" lon="-8.44932">
        <ele>80.11</ele>
      </trkpt>
      <trkpt lat="42.06699" lon="-8.44955">
        <ele>81.23</ele>
      </trkpt>
      <trkpt lat="42.06704" lon="-8.44983">
        <ele>81.71</ele>
      </trkpt>
      <trkpt lat="42.06711" lon="-8.45012">
        <ele>83.19</ele>
      </trkpt>
      <trkpt lat="42.06726" lon="-8.45053">
        <ele>82.78</ele>
      </trkpt>
      <trkpt lat="42.06745" lon="-8.45091">
        <ele>81.28</ele>
      </trkpt>
      <trkpt lat="42.06758" lon="-8.45112">
        <ele>77.2</ele>
      </trkpt>
      <trkpt lat="42.06772" lon="-8.45131">
        <ele>71.4</ele>
      </trkpt>
      <trkpt lat="42.06803" lon="-8.45167">
        <ele>68.5</ele>
      </trkpt>
      <trkpt lat="42.06829" lon="-8.45191">
        <ele>59.87</ele>
      </trkpt>
      <trkpt lat="42.06862" lon="-8.45215">
        <ele>62.95</ele>
      </trkpt>
      <trkpt lat="42.06947" lon="-8.45272">
        <ele>62.21</ele>
      </trkpt>
      <trkpt lat="42.06976" lon="-8.45296">
        <ele>61.45</ele>
      </trkpt>
      <trkpt lat="42.07004" lon="-8.45323">
        <ele>63.64</ele>
      </trkpt>
      <trkpt lat="42.07027" lon="-8.45354">
        <ele>62.2</ele>
      </trkpt>
      <trkpt lat="42.07044" lon="-8.45384">
        <ele>66.23</ele>
      </trkpt>
      <trkpt lat="42.07062" lon="-8.45418">
        <ele>63.88</ele>
      </trkpt>
      <trkpt lat="42.07074" lon="-8.4545">
        <ele>56.75</ele>
      </trkpt>
      <trkpt lat="42.07086" lon="-8.45482">
        <ele>58.27</ele>
      </trkpt>
      <trkpt lat="42.07137" lon="-8.45637">
        <ele>50.73</ele>
      </trkpt>
      <trkpt lat="42.07152" lon="-8.45708">
        <ele>51.5</ele>
      </trkpt>
      <trkpt lat="42.07155" lon="-8.45742">
        <ele>55.79</ele>
      </trkpt>
      <trkpt lat="42.07156" lon="-8.45777">
        <ele>61.87</ele>
      </trkpt>
      <trkpt lat="42.07153" lon="-8.4581">
        <ele>65.24</ele>
      </trkpt>
      <trkpt lat="42.07147" lon="-8.45845">
        <ele>68.56</ele>
      </trkpt>
      <trkpt lat="42.07139" lon="-8.45881">
        <ele>73.41</ele>
      </trkpt>
      <trkpt lat="42.0713" lon="-8.45912">
        <ele>73.01</ele>
      </trkpt>
      <trkpt lat="42.0708" lon="-8.46049">
        <ele>70.19</ele>
      </trkpt>
      <trkpt lat="42.07065" lon="-8.46099">
        <ele>64.9</ele>
      </trkpt>
      <trkpt lat="42.07055" lon="-8.46146">
        <ele>65.02</ele>
      </trkpt>
      <trkpt lat="42.07051" lon="-8.46197">
        <ele>63.82</ele>
      </trkpt>
      <trkpt lat="42.07054" lon="-8.46276">
        <ele>53.21</ele>
      </trkpt>
      <trkpt lat="42.07066" lon="-8.46383">
        <ele>51.02</ele>
      </trkpt>
      <trkpt lat="42.07067" lon="-8.46403">
        <ele>52.96</ele>
      </trkpt>
      <trkpt lat="42.07071" lon="-8.46411">
        <ele>52.75</ele>
      </trkpt>
      <trkpt lat="42.07074" lon="-8.46429">
        <ele>52.65</ele>
      </trkpt>
      <trkpt lat="42.07082" lon="-8.4645">
        <ele>50.84</ele>
      </trkpt>
      <trkpt lat="42.07114" lon="-8.46502">
        <ele>45.54</ele>
      </trkpt>
      <trkpt lat="42.07177" lon="-8.46594">
        <ele>51.2</ele>
      </trkpt>
      <trkpt lat="42.07189" lon="-8.46618">
        <ele>53.6</ele>
      </trkpt>
      <trkpt lat="42.07195" lon="-8.46649">
        <ele>57.41</ele>
      </trkpt>
      <trkpt lat="42.07193" lon="-8.46681">
        <ele>61.01</ele>
      </trkpt>
      <trkpt lat="42.07181" lon="-8.46707">
        <ele>61.52</ele>
      </trkpt>
      <trkpt lat="42.07155" lon="-8.46764">
        <ele>61.5</ele>
      </trkpt>
      <trkpt lat="42.07153" lon="-8.4679">
        <ele>61.28</ele>
      </trkpt>
      <trkpt lat="42.07156" lon="-8.46817">
        <ele>60.27</ele>
      </trkpt>
      <trkpt lat="42.07161" lon="-8.46828">
        <ele>59.86</ele>
      </trkpt>
      <trkpt lat="42.0717" lon="-8.46836">
        <ele>59.04</ele>
      </trkpt>
      <trkpt lat="42.07204" lon="-8.46843">
        <ele>54.08</ele>
      </trkpt>
      <trkpt lat="42.0722" lon="-8.46851">
        <ele>53.39</ele>
      </trkpt>
      <trkpt lat="42.0725" lon="-8.46905">
        <ele>55.0</ele>
      </trkpt>
      <trkpt lat="42.07254" lon="-8.46909">
        <ele>54.52</ele>
      </trkpt>
      <trkpt lat="42.07263" lon="-8.46912">
        <ele>53.13</ele>
      </trkpt>
      <trkpt lat="42.07277" lon="-8.46915">
        <ele>50.49</ele>
      </trkpt>
      <trkpt lat="42.07296" lon="-8.46922">
        <ele>49.09</ele>
      </trkpt>
      <trkpt lat="42.07328" lon="-8.46952">
        <ele>44.34</ele>
      </trkpt>
      <trkpt lat="42.0734" lon="-8.46959">
        <ele>40.68</ele>
      </trkpt>
      <trkpt lat="42.07353" lon="-8.46963">
        <ele>39.8</ele>
      </trkpt>
      <trkpt lat="42.07411" lon="-8.46958">
        <ele>35.42</ele>
      </trkpt>
      <trkpt lat="42.07421" lon="-8.46958">
        <ele>33.39</ele>
      </trkpt>
      <trkpt lat="42.07432" lon="-8.46961">
        <ele>30.8</ele>
      </trkpt>
      <trkpt lat="42.07471" lon="-8.46979">
        <ele>22.15</ele>
      </trkpt>
      <trkpt lat="42.07481" lon="-8.46979">
        <ele>21.37</ele>
      </trkpt>
      <trkpt lat="42.07488" lon="-8.46977">
        <ele>20.86</ele>
      </trkpt>
      <trkpt lat="42.07504" lon="-8.46966">
        <ele>20.96</ele>
      </trkpt>
      <trkpt lat="42.07512" lon="-8.46961">
        <ele>21.97</ele>
      </trkpt>
      <trkpt lat="42.07524" lon="-8.4696">
        <ele>22.52</ele>
      </trkpt>
      <trkpt lat="42.07593" lon="-8.46975">
        <ele>22.91</ele>
      </trkpt>
      <trkpt lat="42.07593" lon="-8.46975">
        <ele>22.91</ele>
      </trkpt>
      <trkpt lat="42.07611" lon="-8.46979">
        <ele>21.52</ele>
      </trkpt>
      <trkpt lat="42.07631" lon="-8.46982">
        <ele>26.98</ele>
      </trkpt>
      <trkpt lat="42.07634" lon="-8.46979">
        <ele>28.32</ele>
      </trkpt>
      <trkpt lat="42.07638" lon="-8.46978">
        <ele>29.69</ele>
      </trkpt>
      <trkpt lat="42.07641" lon="-8.46979">
        <ele>29.8</ele>
      </trkpt>
      <trkpt lat="42.07645" lon="-8.46982">
        <ele>29.32</ele>
      </trkpt>
      <trkpt lat="42.07646" lon="-8.46986">
        <ele>28.65</ele>
      </trkpt>
      <trkpt lat="42.07647" lon="-8.46991">
        <ele>27.82</ele>
      </trkpt>
      <trkpt lat="42.07646" lon="-8.46996">
        <ele>26.94</ele>
      </trkpt>
      <trkpt lat="42.07637" lon="-8.47015">
        <ele>24.59</ele>
      </trkpt>
      <trkpt lat="42.07632" lon="-8.47036">
        <ele>23.15</ele>
      </trkpt>
      <trkpt lat="42.07635" lon="-8.47049">
        <ele>23.65</ele>
      </trkpt>
      <trkpt lat="42.07638" lon="-8.47055">
        <ele>23.93</ele>
      </trkpt>
      <trkpt lat="42.07643" lon="-8.4706">
        <ele>25.1</ele>
      </trkpt>
      <trkpt lat="42.07648" lon="-8.47063">
        <ele>26.2</ele>
      </trkpt>
      <trkpt lat="42.07654" lon="-8.47065">
        <ele>27.38</ele>
      </trkpt>
      <trkpt lat="42.07682" lon="-8.47062">
        <ele>27.4</ele>
      </trkpt>
      <trkpt lat="42.07696" lon="-8.47062">
        <ele>26.04</ele>
      </trkpt>
      <trkpt lat="42.07711" lon="-8.47066">
        <ele>25.46</ele>
      </trkpt>
      <trkpt lat="42.07724" lon="-8.47075">
        <ele>25.56</ele>
      </trkpt>
      <trkpt lat="42.07735" lon="-8.47085">
        <ele>25.64</ele>
      </trkpt>
      <trkpt lat="42.07744" lon="-8.47097">
        <ele>27.52</ele>
      </trkpt>
      <trkpt lat="42.0775" lon="-8.47109">
        <ele>29.47</ele>
      </trkpt>
      <trkpt lat="42.07754" lon="-8.47122">
        <ele>30.41</ele>
      </trkpt>
      <trkpt lat="42.07756" lon="-8.47141">
        <ele>32.56</ele>
      </trkpt>
      <trkpt lat="42.07729" lon="-8.47593">
        <ele>36.02</ele>
      </trkpt>
      <trkpt lat="42.07717" lon="-8.47805">
        <ele>33.42</ele>
      </trkpt>
      <trkpt lat="42.07712" lon="-8.48077">
        <ele>33.34</ele>
      </trkpt>
      <trkpt lat="42.07711" lon="-8.48081">
        <ele>32.92</ele>
      </trkpt>
      <trkpt lat="42.07706" lon="-8.48086">
        <ele>33.34</ele>
      </trkpt>
      <trkpt lat="42.07685" lon="-8.4809">
        <ele>34.25</ele>
      </trkpt>
      <trkpt lat="42.07717" lon="-8.48249">
        <ele>41.25</ele>
      </trkpt>
      <trkpt lat="42.07721" lon="-8.48251">
        <ele>41.75</ele>
      </trkpt>
      <trkpt lat="42.07724" lon="-8.48255">
        <ele>42.13</ele>
      </trkpt>
      <trkpt lat="42.07725" lon="-8.48261">
        <ele>41.93</ele>
      </trkpt>
      <trkpt lat="42.07724" lon="-8.48267">
        <ele>41.21</ele>
      </trkpt>
      <trkpt lat="42.07719" lon="-8.48275">
        <ele>39.63</ele>
      </trkpt>
      <trkpt lat="42.07715" lon="-8.48279">
        <ele>38.67</ele>
      </trkpt>
      <trkpt lat="42.07699" lon="-8.48293">
        <ele>35.73</ele>
      </trkpt>
      <trkpt lat="42.077" lon="-8.48298">
        <ele>35.85</ele>
      </trkpt>
      <trkpt lat="42.07699" lon="-8.48303">
        <ele>35.67</ele>
      </trkpt>
      <trkpt lat="42.07696" lon="-8.48306">
        <ele>35.27</ele>
      </trkpt>
      <trkpt lat="42.07693" lon="-8.48307">
        <ele>35.31</ele>
      </trkpt>
      <trkpt lat="42.07695" lon="-8.4832">
        <ele>36.62</ele>
      </trkpt>
      <trkpt lat="42.07711" lon="-8.48497">
        <ele>41.04</ele>
      </trkpt>
      <trkpt lat="42.07735" lon="-8.48714">
        <ele>33.38</ele>
      </trkpt>
      <trkpt lat="42.07736" lon="-8.48762">
        <ele>34.74</ele>
      </trkpt>
      <trkpt lat="42.07731" lon="-8.48813">
        <ele>38.64</ele>
      </trkpt>
      <trkpt lat="42.07721" lon="-8.48862">
        <ele>42.03</ele>
      </trkpt>
      <trkpt lat="42.07705" lon="-8.48917">
        <ele>40.52</ele>
      </trkpt>
      <trkpt lat="42.0769" lon="-8.48953">
        <ele>46.25</ele>
      </trkpt>
      <trkpt lat="42.07681" lon="-8.48971">
        <ele>45.04</ele>
      </trkpt>
      <trkpt lat="42.07679" lon="-8.48978">
        <ele>44.41</ele>
      </trkpt>
      <trkpt lat="42.07668" lon="-8.48991">
        <ele>43.06</ele>
      </trkpt>
      <trkpt lat="42.07668" lon="-8.48996">
        <ele>43.03</ele>
      </trkpt>
      <trkpt lat="42.07665" lon="-8.49002">
        <ele>42.57</ele>
      </trkpt>
      <trkpt lat="42.07663" lon="-8.49005">
        <ele>42.08</ele>
      </trkpt>
      <trkpt lat="42.07657" lon="-8.49016">
        <ele>40.91</ele>
      </trkpt>
      <trkpt lat="42.07651" lon="-8.49025">
        <ele>40.41</ele>
      </trkpt>
      <trkpt lat="42.07617" lon="-8.49085">
        <ele>41.93</ele>
      </trkpt>
      <trkpt lat="42.07568" lon="-8.49181">
        <ele>44.43</ele>
      </trkpt>
      <trkpt lat="42.07557" lon="-8.49204">
        <ele>43.46</ele>
      </trkpt>
      <trkpt lat="42.07547" lon="-8.4923">
        <ele>44.95</ele>
      </trkpt>
      <trkpt lat="42.07538" lon="-8.49258">
        <ele>45.32</ele>
      </trkpt>
      <trkpt lat="42.07533" lon="-8.49284">
        <ele>43.32</ele>
      </trkpt>
      <trkpt lat="42.07531" lon="-8.49303">
        <ele>41.96</ele>
      </trkpt>
      <trkpt lat="42.07531" lon="-8.49303">
        <ele>41.96</ele>
      </trkpt>
      <trkpt lat="42.07531" lon="-8.49305">
        <ele>41.81</ele>
      </trkpt>
      <trkpt lat="42.07533" lon="-8.49326">
        <ele>39.28</ele>
      </trkpt>
      <trkpt lat="42.07536" lon="-8.49353">
        <ele>36.28</ele>
      </trkpt>
      <trkpt lat="42.0754" lon="-8.49356">
        <ele>35.33</ele>
      </trkpt>
      <trkpt lat="42.07542" lon="-8.4936">
        <ele>34.56</ele>
      </trkpt>
      <trkpt lat="42.07543" lon="-8.49365">
        <ele>33.79</ele>
      </trkpt>
      <trkpt lat="42.07544" lon="-8.4937">
        <ele>33.04</ele>
      </trkpt>
      <trkpt lat="42.07543" lon="-8.49374">
        <ele>32.7</ele>
      </trkpt>
      <trkpt lat="42.07539" lon="-8.49382">
        <ele>32.13</ele>
      </trkpt>
      <trkpt lat="42.07536" lon="-8.49385">
        <ele>31.98</ele>
      </trkpt>
      <trkpt lat="42.07532" lon="-8.49386">
        <ele>32.17</ele>
      </trkpt>
      <trkpt lat="42.07528" lon="-8.49386">
        <ele>32.5</ele>
      </trkpt>
      <trkpt lat="42.07524" lon="-8.49384">
        <ele>34.45</ele>
      </trkpt>
      <trkpt lat="42.07504" lon="-8.49389">
        <ele>41.41</ele>
      </trkpt>
      <trkpt lat="42.07498" lon="-8.49393">
        <ele>43.63</ele>
      </trkpt>
      <trkpt lat="42.07479" lon="-8.49407">
        <ele>47.48</ele>
      </trkpt>
      <trkpt lat="42.07459" lon="-8.49419">
        <ele>48.39</ele>
      </trkpt>
      <trkpt lat="42.07408" lon="-8.49457">
        <ele>45.44</ele>
      </trkpt>
      <trkpt lat="42.07377" lon="-8.4948">
        <ele>46.19</ele>
      </trkpt>
      <trkpt lat="42.0735" lon="-8.49501">
        <ele>48.28</ele>
      </trkpt>
      <trkpt lat="42.07306" lon="-8.49524">
        <ele>45.22</ele>
      </trkpt>
      <trkpt lat="42.07267" lon="-8.49537">
        <ele>47.4</ele>
      </trkpt>
      <trkpt lat="42.0726" lon="-8.49541">
        <ele>47.18</ele>
      </trkpt>
      <trkpt lat="42.07254" lon="-8.49544">
        <ele>47.53</ele>
      </trkpt>
      <trkpt lat="42.07251" lon="-8.49551">
        <ele>47.8</ele>
      </trkpt>
      <trkpt lat="42.07248" lon="-8.49555">
        <ele>48.01</ele>
      </trkpt>
      <trkpt lat="42.07245" lon="-8.49557">
        <ele>47.87</ele>
      </trkpt>
      <trkpt lat="42.0724" lon="-8.49558">
        <ele>47.83</ele>
      </trkpt>
      <trkpt lat="42.07234" lon="-8.49557">
        <ele>47.93</ele>
      </trkpt>
      <trkpt lat="42.07232" lon="-8.49555">
        <ele>48.08</ele>
      </trkpt>
      <trkpt lat="42.07227" lon="-8.49549">
        <ele>49.17</ele>
      </trkpt>
      <trkpt lat="42.07218" lon="-8.49546">
        <ele>49.96</ele>
      </trkpt>
      <trkpt lat="42.07185" lon="-8.49547">
        <ele>49.13</ele>
      </trkpt>
      <trkpt lat="42.07161" lon="-8.49545">
        <ele>49.05</ele>
      </trkpt>
      <trkpt lat="42.07131" lon="-8.49537">
        <ele>48.51</ele>
      </trkpt>
      <trkpt lat="42.07044" lon="-8.49528">
        <ele>47.13</ele>
      </trkpt>
      <trkpt lat="42.06991" lon="-8.49531">
        <ele>49.66</ele>
      </trkpt>
      <trkpt lat="42.06852" lon="-8.49562">
        <ele>68.54</ele>
      </trkpt>
      <trkpt lat="42.06823" lon="-8.49564">
        <ele>76.25</ele>
      </trkpt>
      <trkpt lat="42.06767" lon="-8.49562">
        <ele>79.47</ele>
      </trkpt>
      <trkpt lat="42.06763" lon="-8.49567">
        <ele>79.28</ele>
      </trkpt>
      <trkpt lat="42.06759" lon="-8.49571">
        <ele>79.14</ele>
      </trkpt>
      <trkpt lat="42.06755" lon="-8.49586">
        <ele>79.0</ele>
      </trkpt>
      <trkpt lat="42.06738" lon="-8.4975">
        <ele>69.02</ele>
      </trkpt>
      <trkpt lat="42.06734" lon="-8.49787">
        <ele>69.13</ele>
      </trkpt>
      <trkpt lat="42.06725" lon="-8.49925">
        <ele>77.17</ele>
      </trkpt>
      <trkpt lat="42.06718" lon="-8.50008">
        <ele>78.94</ele>
      </trkpt>
      <trkpt lat="42.06709" lon="-8.50077">
        <ele>82.18</ele>
      </trkpt>
      <trkpt lat="42.06694" lon="-8.50148">
        <ele>81.7</ele>
      </trkpt>
      <trkpt lat="42.06679" lon="-8.50201">
        <ele>82.6</ele>
      </trkpt>
      <trkpt lat="42.06662" lon="-8.50254">
        <ele>78.1</ele>
      </trkpt>
      <trkpt lat="42.06649" lon="-8.50286">
        <ele>78.36</ele>
      </trkpt>
      <trkpt lat="42.06608" lon="-8.50374">
        <ele>78.31</ele>
      </trkpt>
      <trkpt lat="42.06598" lon="-8.50399">
        <ele>75.52</ele>
      </trkpt>
      <trkpt lat="42.06598" lon="-8.50404">
        <ele>74.76</ele>
      </trkpt>
      <trkpt lat="42.06597" lon="-8.5041">
        <ele>73.99</ele>
      </trkpt>
      <trkpt lat="42.06594" lon="-8.50414">
        <ele>73.99</ele>
      </trkpt>
      <trkpt lat="42.06591" lon="-8.50418">
        <ele>74.36</ele>
      </trkpt>
      <trkpt lat="42.06587" lon="-8.5042">
        <ele>75.22</ele>
      </trkpt>
      <trkpt lat="42.06584" lon="-8.5042">
        <ele>75.86</ele>
      </trkpt>
      <trkpt lat="42.0657" lon="-8.50431">
        <ele>76.29</ele>
      </trkpt>
      <trkpt lat="42.06564" lon="-8.50439">
        <ele>77.83</ele>
      </trkpt>
      <trkpt lat="42.06427" lon="-8.50639">
        <ele>66.48</ele>
      </trkpt>
      <trkpt lat="42.06186" lon="-8.50991">
        <ele>70.85</ele>
      </trkpt>
      <trkpt lat="42.06179" lon="-8.51003">
        <ele>68.3</ele>
      </trkpt>
      <trkpt lat="42.06174" lon="-8.51014">
        <ele>65.91</ele>
      </trkpt>
      <trkpt lat="42.0617" lon="-8.51026">
        <ele>63.62</ele>
      </trkpt>
      <trkpt lat="42.06169" lon="-8.51035">
        <ele>62.19</ele>
      </trkpt>
      <trkpt lat="42.06166" lon="-8.51039">
        <ele>61.37</ele>
      </trkpt>
      <trkpt lat="42.06163" lon="-8.51043">
        <ele>60.75</ele>
      </trkpt>
      <trkpt lat="42.06158" lon="-8.51045">
        <ele>60.4</ele>
      </trkpt>
      <trkpt lat="42.06147" lon="-8.51051">
        <ele>59.54</ele>
      </trkpt>
      <trkpt lat="42.06139" lon="-8.51061">
        <ele>59.2</ele>
      </trkpt>
      <trkpt lat="42.06121" lon="-8.51087">
        <ele>62.4</ele>
      </trkpt>
      <trkpt lat="42.06064" lon="-8.5118">
        <ele>76.0</ele>
      </trkpt>
      <trkpt lat="42.06045" lon="-8.51228">
        <ele>75.77</ele>
      </trkpt>
      <trkpt lat="42.06031" lon="-8.51279">
        <ele>74.26</ele>
      </trkpt>
      <trkpt lat="42.06023" lon="-8.5134">
        <ele>73.24</ele>
      </trkpt>
      <trkpt lat="42.06023" lon="-8.51407">
        <ele>74.72</ele>
      </trkpt>
      <trkpt lat="42.06037" lon="-8.51503">
        <ele>66.48</ele>
      </trkpt>
      <trkpt lat="42.06177" lon="-8.5218">
        <ele>41.81</ele>
      </trkpt>
      <trkpt lat="42.06185" lon="-8.52245">
        <ele>47.5</ele>
      </trkpt>
      <trkpt lat="42.06185" lon="-8.52298">
        <ele>54.83</ele>
      </trkpt>
      <trkpt lat="42.06178" lon="-8.52348">
        <ele>56.6</ele>
      </trkpt>
      <trkpt lat="42.06166" lon="-8.52391">
        <ele>54.8</ele>
      </trkpt>
      <trkpt lat="42.06149" lon="-8.52431">
        <ele>49.03</ele>
      </trkpt>
      <trkpt lat="42.06125" lon="-8.5247">
        <ele>41.74</ele>
      </trkpt>
      <trkpt lat="42.05964" lon="-8.52674">
        <ele>38.39</ele>
      </trkpt>
      <trkpt lat="42.05906" lon="-8.52751">
        <ele>51.3</ele>
      </trkpt>
      <trkpt lat="42.05776" lon="-8.52915">
        <ele>64.18</ele>
      </trkpt>
      <trkpt lat="42.05719" lon="-8.52991">
        <ele>65.05</ele>
      </trkpt>
      <trkpt lat="42.05703" lon="-8.53013">
        <ele>62.94</ele>
      </trkpt>
      <trkpt lat="42.05695" lon="-8.5303">
        <ele>60.66</ele>
      </trkpt>
      <trkpt lat="42.05692" lon="-8.5304">
        <ele>59.86</ele>
      </trkpt>
      <trkpt lat="42.05691" lon="-8.53047">
        <ele>59.33</ele>
      </trkpt>
      <trkpt lat="42.05689" lon="-8.53052">
        <ele>59.49</ele>
      </trkpt>
      <trkpt lat="42.05686" lon="-8.53056">
        <ele>60.26</ele>
      </trkpt>
      <trkpt lat="42.05682" lon="-8.53058">
        <ele>61.42</ele>
      </trkpt>
      <trkpt lat="42.05677" lon="-8.53059">
        <ele>63.1</ele>
      </trkpt>
      <trkpt lat="42.05659" lon="-8.53071">
        <ele>64.93</ele>
      </trkpt>
      <trkpt lat="42.05648" lon="-8.53082">
        <ele>63.74</ele>
      </trkpt>
      <trkpt lat="42.05642" lon="-8.53086">
        <ele>64.34</ele>
      </trkpt>
      <trkpt lat="42.05551" lon="-8.53197">
        <ele>44.55</ele>
      </trkpt>
      <trkpt lat="42.05492" lon="-8.53272">
        <ele>39.6</ele>
      </trkpt>
      <trkpt lat="42.05421" lon="-8.53364">
        <ele>52.23</ele>
      </trkpt>
      <trkpt lat="42.05325" lon="-8.53484">
        <ele>52.38</ele>
      </trkpt>
      <trkpt lat="42.05296" lon="-8.53516">
        <ele>50.87</ele>
      </trkpt>
      <trkpt lat="42.05279" lon="-8.53528">
        <ele>51.85</ele>
      </trkpt>
      <trkpt lat="42.05263" lon="-8.53539">
        <ele>50.34</ele>
      </trkpt>
      <trkpt lat="42.05242" lon="-8.53549">
        <ele>49.44</ele>
      </trkpt>
      <trkpt lat="42.05221" lon="-8.53556">
        <ele>48.63</ele>
      </trkpt>
      <trkpt lat="42.05201" lon="-8.5356">
        <ele>42.89</ele>
      </trkpt>
      <trkpt lat="42.05182" lon="-8.53561">
        <ele>38.24</ele>
      </trkpt>
      <trkpt lat="42.05055" lon="-8.53545">
        <ele>34.41</ele>
      </trkpt>
      <trkpt lat="42.05023" lon="-8.53543">
        <ele>41.45</ele>
      </trkpt>
      <trkpt lat="42.04982" lon="-8.53549">
        <ele>39.5</ele>
      </trkpt>
      <trkpt lat="42.04947" lon="-8.5356">
        <ele>34.25</ele>
      </trkpt>
      <trkpt lat="42.0491" lon="-8.53583">
        <ele>39.7</ele>
      </trkpt>
      <trkpt lat="42.04871" lon="-8.53624">
        <ele>42.44</ele>
      </trkpt>
      <trkpt lat="42.04841" lon="-8.53677">
        <ele>44.01</ele>
      </trkpt>
      <trkpt lat="42.04822" lon="-8.53735">
        <ele>44.24</ele>
      </trkpt>
      <trkpt lat="42.04809" lon="-8.53804">
        <ele>51.75</ele>
      </trkpt>
      <trkpt lat="42.04753" lon="-8.54332">
        <ele>57.88</ele>
      </trkpt>
      <trkpt lat="42.04751" lon="-8.54382">
        <ele>55.69</ele>
      </trkpt>
      <trkpt lat="42.04755" lon="-8.54436">
        <ele>49.81</ele>
      </trkpt>
      <trkpt lat="42.04794" lon="-8.54626">
        <ele>51.73</ele>
      </trkpt>
      <trkpt lat="42.04804" lon="-8.54686">
        <ele>50.7</ele>
      </trkpt>
      <trkpt lat="42.04808" lon="-8.5473">
        <ele>48.27</ele>
      </trkpt>
      <trkpt lat="42.04823" lon="-8.5505">
        <ele>37.8</ele>
      </trkpt>
      <trkpt lat="42.04824" lon="-8.55102">
        <ele>41.89</ele>
      </trkpt>
      <trkpt lat="42.04824" lon="-8.55145">
        <ele>41.73</ele>
      </trkpt>
      <trkpt lat="42.04823" lon="-8.55179">
        <ele>39.84</ele>
      </trkpt>
      <trkpt lat="42.0482" lon="-8.55208">
        <ele>37.58</ele>
      </trkpt>
      <trkpt lat="42.04793" lon="-8.55376">
        <ele>28.74</ele>
      </trkpt>
      <trkpt lat="42.0479" lon="-8.55433">
        <ele>23.71</ele>
      </trkpt>
      <trkpt lat="42.04792" lon="-8.55489">
        <ele>22.17</ele>
      </trkpt>
      <trkpt lat="42.04816" lon="-8.55665">
        <ele>18.87</ele>
      </trkpt>
      <trkpt lat="42.04817" lon="-8.55736">
        <ele>23.2</ele>
      </trkpt>
      <trkpt lat="42.04804" lon="-8.55799">
        <ele>24.99</ele>
      </trkpt>
      <trkpt lat="42.04783" lon="-8.55853">
        <ele>29.26</ele>
      </trkpt>
      <trkpt lat="42.0476" lon="-8.55895">
        <ele>26.86</ele>
      </trkpt>
      <trkpt lat="42.04703" lon="-8.55968">
        <ele>28.99</ele>
      </trkpt>
      <trkpt lat="42.0462" lon="-8.56073">
        <ele>41.46</ele>
      </trkpt>
      <trkpt lat="42.0461" lon="-8.56088">
        <ele>43.28</ele>
      </trkpt>
      <trkpt lat="42.04582" lon="-8.56116">
        <ele>42.74</ele>
      </trkpt>
      <trkpt lat="42.04556" lon="-8.56131">
        <ele>34.86</ele>
      </trkpt>
      <trkpt lat="42.04539" lon="-8.56139">
        <ele>33.25</ele>
      </trkpt>
      <trkpt lat="42.04526" lon="-8.56143">
        <ele>33.79</ele>
      </trkpt>
      <trkpt lat="42.04503" lon="-8.56149">
        <ele>40.46</ele>
      </trkpt>
      <trkpt lat="42.04478" lon="-8.56152">
        <ele>41.66</ele>
      </trkpt>
      <trkpt lat="42.04463" lon="-8.56151">
        <ele>41.7</ele>
      </trkpt>
      <trkpt lat="42.04361" lon="-8.56139">
        <ele>42.02</ele>
      </trkpt>
      <trkpt lat="42.04324" lon="-8.56138">
        <ele>39.25</ele>
      </trkpt>
      <trkpt lat="42.04292" lon="-8.56141">
        <ele>43.31</ele>
      </trkpt>
      <trkpt lat="42.04251" lon="-8.56152">
        <ele>54.57</ele>
      </trkpt>
      <trkpt lat="42.04209" lon="-8.56183">
        <ele>63.22</ele>
      </trkpt>
      <trkpt lat="42.04181" lon="-8.56211">
        <ele>66.56</ele>
      </trkpt>
      <trkpt lat="42.04152" lon="-8.56254">
        <ele>62.63</ele>
      </trkpt>
      <trkpt lat="42.04078" lon="-8.56399">
        <ele>78.03</ele>
      </trkpt>
      <trkpt lat="42.04067" lon="-8.56424">
        <ele>75.41</ele>
      </trkpt>
      <trkpt lat="42.04055" lon="-8.56455">
        <ele>74.18</ele>
      </trkpt>
      <trkpt lat="42.04039" lon="-8.56516">
        <ele>67.85</ele>
      </trkpt>
      <trkpt lat="42.04032" lon="-8.56559">
        <ele>65.98</ele>
      </trkpt>
      <trkpt lat="42.04034" lon="-8.56611">
        <ele>67.32</ele>
      </trkpt>
      <trkpt lat="42.0404" lon="-8.56653">
        <ele>69.82</ele>
      </trkpt>
      <trkpt lat="42.04052" lon="-8.56695">
        <ele>69.59</ele>
      </trkpt>
      <trkpt lat="42.04089" lon="-8.56786">
        <ele>70.48</ele>
      </trkpt>
      <trkpt lat="42.04113" lon="-8.56844">
        <ele>66.59</ele>
      </trkpt>
      <trkpt lat="42.04142" lon="-8.56915">
        <ele>66.83</ele>
      </trkpt>
      <trkpt lat="42.04148" lon="-8.56936">
        <ele>68.53</ele>
      </trkpt>
      <trkpt lat="42.04156" lon="-8.56982">
        <ele>70.78</ele>
      </trkpt>
      <trkpt lat="42.04158" lon="-8.57032">
        <ele>67.23</ele>
      </trkpt>
      <trkpt lat="42.04152" lon="-8.57299">
        <ele>57.51</ele>
      </trkpt>
      <trkpt lat="42.04151" lon="-8.57378">
        <ele>59.67</ele>
      </trkpt>
      <trkpt lat="42.04155" lon="-8.57436">
        <ele>57.93</ele>
      </trkpt>
      <trkpt lat="42.04164" lon="-8.57478">
        <ele>58.16</ele>
      </trkpt>
      <trkpt lat="42.04177" lon="-8.57521">
        <ele>51.61</ele>
      </trkpt>
      <trkpt lat="42.04187" lon="-8.57545">
        <ele>45.22</ele>
      </trkpt>
      <trkpt lat="42.04213" lon="-8.57584">
        <ele>35.84</ele>
      </trkpt>
      <trkpt lat="42.04242" lon="-8.57625">
        <ele>32.34</ele>
      </trkpt>
      <trkpt lat="42.04259" lon="-8.57647">
        <ele>30.07</ele>
      </trkpt>
      <trkpt lat="42.04271" lon="-8.57654">
        <ele>30.87</ele>
      </trkpt>
      <trkpt lat="42.04277" lon="-8.57652">
        <ele>33.08</ele>
      </trkpt>
      <trkpt lat="42.04283" lon="-8.57652">
        <ele>34.21</ele>
      </trkpt>
      <trkpt lat="42.04289" lon="-8.57655">
        <ele>34.28</ele>
      </trkpt>
      <trkpt lat="42.04294" lon="-8.5766">
        <ele>33.62</ele>
      </trkpt>
      <trkpt lat="42.04297" lon="-8.57668">
        <ele>31.89</ele>
      </trkpt>
      <trkpt lat="42.04299" lon="-8.57674">
        <ele>31.12</ele>
      </trkpt>
      <trkpt lat="42.04299" lon="-8.57682">
        <ele>29.53</ele>
      </trkpt>
      <trkpt lat="42.04304" lon="-8.57695">
        <ele>27.7</ele>
      </trkpt>
      <trkpt lat="42.04317" lon="-8.5772">
        <ele>24.73</ele>
      </trkpt>
      <trkpt lat="42.04415" lon="-8.57826">
        <ele>19.57</ele>
      </trkpt>
      <trkpt lat="42.04436" lon="-8.57852">
        <ele>23.74</ele>
      </trkpt>
      <trkpt lat="42.04459" lon="-8.57888">
        <ele>27.38</ele>
      </trkpt>
      <trkpt lat="42.04477" lon="-8.57936">
        <ele>28.24</ele>
      </trkpt>
      <trkpt lat="42.04497" lon="-8.58032">
        <ele>29.56</ele>
      </trkpt>
      <trkpt lat="42.04522" lon="-8.58174">
        <ele>30.15</ele>
      </trkpt>
      <trkpt lat="42.04665" lon="-8.58969">
        <ele>17.42</ele>
      </trkpt>
      <trkpt lat="42.04694" lon="-8.59127">
        <ele>23.32</ele>
      </trkpt>
      <trkpt lat="42.04745" lon="-8.59413">
        <ele>17.29</ele>
      </trkpt>
      <trkpt lat="42.04759" lon="-8.59495">
        <ele>14.58</ele>
      </trkpt>
      <trkpt lat="42.04824" lon="-8.5985">
        <ele>10.66</ele>
      </trkpt>
      <trkpt lat="42.04837" lon="-8.59897">
        <ele>12.64</ele>
      </trkpt>
      <trkpt lat="42.04853" lon="-8.59946">
        <ele>11.36</ele>
      </trkpt>
      <trkpt lat="42.04879" lon="-8.59996">
        <ele>12.81</ele>
      </trkpt>
      <trkpt lat="42.0498" lon="-8.60152">
        <ele>10.06</ele>
      </trkpt>
      <trkpt lat="42.04998" lon="-8.60186">
        <ele>10.29</ele>
      </trkpt>
      <trkpt lat="42.05007" lon="-8.60207">
        <ele>11.65</ele>
      </trkpt>
      <trkpt lat="42.05014" lon="-8.60231">
        <ele>12.96</ele>
      </trkpt>
      <trkpt lat="42.05019" lon="-8.60255">
        <ele>13.49</ele>
      </trkpt>
      <trkpt lat="42.05022" lon="-8.60278">
        <ele>15.45</ele>
      </trkpt>
      <trkpt lat="42.05024" lon="-8.60302">
        <ele>14.83</ele>
      </trkpt>
      <trkpt lat="42.05023" lon="-8.60329">
        <ele>14.33</ele>
      </trkpt>
      <trkpt lat="42.05008" lon="-8.6053">
        <ele>17.85</ele>
      </trkpt>
      <trkpt lat="42.05005" lon="-8.60557">
        <ele>18.25</ele>
      </trkpt>
      <trkpt lat="42.04998" lon="-8.60591">
        <ele>17.72</ele>
      </trkpt>
      <trkpt lat="42.04992" lon="-8.60607">
        <ele>17.15</ele>
      </trkpt>
      <trkpt lat="42.04939" lon="-8.60753">
        <ele>17.13</ele>
      </trkpt>
      <trkpt lat="42.0493" lon="-8.6078">
        <ele>14.36</ele>
      </trkpt>
      <trkpt lat="42.04924" lon="-8.60805">
        <ele>12.56</ele>
      </trkpt>
      <trkpt lat="42.04921" lon="-8.60829">
        <ele>9.65</ele>
      </trkpt>
      <trkpt lat="42.04919" lon="-8.60853">
        <ele>8.44</ele>
      </trkpt>
      <trkpt lat="42.04907" lon="-8.60996">
        <ele>13.66</ele>
      </trkpt>
      <trkpt lat="42.04898" lon="-8.61134">
        <ele>15.48</ele>
      </trkpt>
      <trkpt lat="42.04893" lon="-8.61179">
        <ele>16.54</ele>
      </trkpt>
      <trkpt lat="42.04887" lon="-8.61217">
        <ele>16.81</ele>
      </trkpt>
      <trkpt lat="42.04883" lon="-8.61231">
        <ele>17.63</ele>
      </trkpt>
      <trkpt lat="42.04883" lon="-8.61231">
        <ele>17.63</ele>
      </trkpt>
      <trkpt lat="42.04883" lon="-8.61231">
        <ele>17.63</ele>
      </trkpt>
      <trkpt lat="42.04876" lon="-8.61249">
        <ele>18.93</ele>
      </trkpt>
      <trkpt lat="42.04866" lon="-8.61269">
        <ele>20.01</ele>
      </trkpt>
      <trkpt lat="42.04855" lon="-8.6129">
        <ele>21.0</ele>
      </trkpt>
      <trkpt lat="42.0481" lon="-8.61348">
        <ele>22.36</ele>
      </trkpt>
      <trkpt lat="42.04731" lon="-8.61444">
        <ele>27.24</ele>
      </trkpt>
      <trkpt lat="42.04558" lon="-8.6166">
        <ele>15.65</ele>
      </trkpt>
      <trkpt lat="42.04329" lon="-8.61944">
        <ele>16.96</ele>
      </trkpt>
      <trkpt lat="42.04286" lon="-8.62015">
        <ele>26.33</ele>
      </trkpt>
      <trkpt lat="42.04069" lon="-8.62441">
        <ele>23.16</ele>
      </trkpt>
      <trkpt lat="42.04042" lon="-8.6248">
        <ele>24.77</ele>
      </trkpt>
      <trkpt lat="42.03838" lon="-8.6267">
        <ele>25.01</ele>
      </trkpt>
      <trkpt lat="42.03751" lon="-8.62752">
        <ele>53.53</ele>
      </trkpt>
      <trkpt lat="42.03719" lon="-8.6277">
        <ele>46.08</ele>
      </trkpt>
      <trkpt lat="42.03689" lon="-8.62776">
        <ele>37.31</ele>
      </trkpt>
      <trkpt lat="42.03666" lon="-8.62773">
        <ele>33.44</ele>
      </trkpt>
      <trkpt lat="42.03637" lon="-8.62758">
        <ele>31.29</ele>
      </trkpt>
      <trkpt lat="42.03601" lon="-8.62729">
        <ele>36.93</ele>
      </trkpt>
      <trkpt lat="42.03577" lon="-8.62717">
        <ele>43.26</ele>
      </trkpt>
      <trkpt lat="42.03546" lon="-8.62716">
        <ele>51.14</ele>
      </trkpt>
      <trkpt lat="42.03524" lon="-8.62725">
        <ele>55.14</ele>
      </trkpt>
      <trkpt lat="42.03502" lon="-8.62743">
        <ele>56.93</ele>
      </trkpt>
      <trkpt lat="42.03362" lon="-8.62915">
        <ele>70.77</ele>
      </trkpt>
      <trkpt lat="42.03334" lon="-8.6294">
        <ele>61.0</ele>
      </trkpt>
      <trkpt lat="42.03316" lon="-8.6295">
        <ele>60.07</ele>
      </trkpt>
      <trkpt lat="42.032" lon="-8.62986">
        <ele>47.9</ele>
      </trkpt>
      <trkpt lat="42.03171" lon="-8.62994">
        <ele>49.14</ele>
      </trkpt>
      <trkpt lat="42.03129" lon="-8.6301">
        <ele>59.1</ele>
      </trkpt>
      <trkpt lat="42.03094" lon="-8.63032">
        <ele>63.91</ele>
      </trkpt>
      <trkpt lat="42.02936" lon="-8.63223">
        <ele>51.09</ele>
      </trkpt>
      <trkpt lat="42.02893" lon="-8.63274">
        <ele>56.76</ele>
      </trkpt>
      <trkpt lat="42.02851" lon="-8.63324">
        <ele>61.13</ele>
      </trkpt>
      <trkpt lat="42.02842" lon="-8.63337">
        <ele>58.8</ele>
      </trkpt>
      <trkpt lat="42.02835" lon="-8.63351">
        <ele>57.54</ele>
      </trkpt>
      <trkpt lat="42.02829" lon="-8.63369">
        <ele>56.7</ele>
      </trkpt>
      <trkpt lat="42.0282" lon="-8.63414">
        <ele>58.4</ele>
      </trkpt>
      <trkpt lat="42.02784" lon="-8.63625">
        <ele>43.28</ele>
      </trkpt>
      <trkpt lat="42.0276" lon="-8.63768">
        <ele>43.77</ele>
      </trkpt>
      <trkpt lat="42.02747" lon="-8.63839">
        <ele>43.78</ele>
      </trkpt>
      <trkpt lat="42.02745" lon="-8.63846">
        <ele>44.56</ele>
      </trkpt>
      <trkpt lat="42.02725" lon="-8.63958">
        <ele>48.66</ele>
      </trkpt>
      <trkpt lat="42.02705" lon="-8.64073">
        <ele>64.17</ele>
      </trkpt>
      <trkpt lat="42.02703" lon="-8.64093">
        <ele>65.19</ele>
      </trkpt>
      <trkpt lat="42.02698" lon="-8.64125">
        <ele>64.18</ele>
      </trkpt>
      <trkpt lat="42.02695" lon="-8.64167">
        <ele>57.85</ele>
      </trkpt>
      <trkpt lat="42.02694" lon="-8.64194">
        <ele>52.17</ele>
      </trkpt>
      <trkpt lat="42.02698" lon="-8.64198">
        <ele>51.28</ele>
      </trkpt>
      <trkpt lat="42.02701" lon="-8.64202">
        <ele>50.6</ele>
      </trkpt>
      <trkpt lat="42.02703" lon="-8.64211">
        <ele>49.26</ele>
      </trkpt>
      <trkpt lat="42.02703" lon="-8.64219">
        <ele>48.09</ele>
      </trkpt>
      <trkpt lat="42.02701" lon="-8.64225">
        <ele>47.74</ele>
      </trkpt>
      <trkpt lat="42.02699" lon="-8.64229">
        <ele>47.94</ele>
      </trkpt>
      <trkpt lat="42.02696" lon="-8.64232">
        <ele>47.88</ele>
      </trkpt>
      <trkpt lat="42.02692" lon="-8.64235">
        <ele>48.67</ele>
      </trkpt>
      <trkpt lat="42.02688" lon="-8.64236">
        <ele>49.96</ele>
      </trkpt>
      <trkpt lat="42.02683" lon="-8.64235">
        <ele>51.44</ele>
      </trkpt>
      <trkpt lat="42.02679" lon="-8.64233">
        <ele>52.56</ele>
      </trkpt>
      <trkpt lat="42.02676" lon="-8.64229">
        <ele>53.3</ele>
      </trkpt>
      <trkpt lat="42.02673" lon="-8.64224">
        <ele>54.03</ele>
      </trkpt>
      <trkpt lat="42.02671" lon="-8.64218">
        <ele>54.84</ele>
      </trkpt>
      <trkpt lat="42.02665" lon="-8.64211">
        <ele>56.56</ele>
      </trkpt>
      <trkpt lat="42.02637" lon="-8.64198">
        <ele>56.58</ele>
      </trkpt>
      <trkpt lat="42.0258" lon="-8.64179">
        <ele>49.99</ele>
      </trkpt>
      <trkpt lat="42.02277" lon="-8.64079">
        <ele>47.04</ele>
      </trkpt>
      <trkpt lat="42.01846" lon="-8.63936">
        <ele>37.27</ele>
      </trkpt>
      <trkpt lat="42.01809" lon="-8.63925">
        <ele>34.45</ele>
      </trkpt>
      <trkpt lat="42.01575" lon="-8.63848">
        <ele>23.99</ele>
      </trkpt>
      <trkpt lat="42.01264" lon="-8.63751">
        <ele>20.0</ele>
      </trkpt>
      <trkpt lat="42.01099" lon="-8.637">
        <ele>26.73</ele>
      </trkpt>
      <trkpt lat="42.01041" lon="-8.63683">
        <ele>24.51</ele>
      </trkpt>
      <trkpt lat="42.00987" lon="-8.6367">
        <ele>20.63</ele>
      </trkpt>
      <trkpt lat="42.00942" lon="-8.63664">
        <ele>16.83</ele>
      </trkpt>
      <trkpt lat="42.00874" lon="-8.63661">
        <ele>16.45</ele>
      </trkpt>
      <trkpt lat="42.00836" lon="-8.63665">
        <ele>17.8</ele>
      </trkpt>
      <trkpt lat="42.00674" lon="-8.63691">
        <ele>20.83</ele>
      </trkpt>
      <trkpt lat="42.00465" lon="-8.63727">
        <ele>20.65</ele>
      </trkpt>
      <trkpt lat="42.00396" lon="-8.63738">
        <ele>26.65</ele>
      </trkpt>
      <trkpt lat="42.00362" lon="-8.63748">
        <ele>20.38</ele>
      </trkpt>
      <trkpt lat="42.0036" lon="-8.63752">
        <ele>20.07</ele>
      </trkpt>
      <trkpt lat="42.00357" lon="-8.63754">
        <ele>20.23</ele>
      </trkpt>
      <trkpt lat="42.00354" lon="-8.63755">
        <ele>20.37</ele>
      </trkpt>
      <trkpt lat="42.0035" lon="-8.63753">
        <ele>20.67</ele>
      </trkpt>
      <trkpt lat="42.00347" lon="-8.6375">
        <ele>21.02</ele>
      </trkpt>
      <trkpt lat="42.00324" lon="-8.63749">
        <ele>23.15</ele>
      </trkpt>
      <trkpt lat="42.0024" lon="-8.63765">
        <ele>32.77</ele>
      </trkpt>
      <trkpt lat="42.00139" lon="-8.63786">
        <ele>14.59</ele>
      </trkpt>
      <trkpt lat="42.00044" lon="-8.63824">
        <ele>26.59</ele>
      </trkpt>
      <trkpt lat="41.99688" lon="-8.64032">
        <ele>18.71</ele>
      </trkpt>
      <trkpt lat="41.9961" lon="-8.64073">
        <ele>14.59</ele>
      </trkpt>
      <trkpt lat="41.99538" lon="-8.64098">
        <ele>17.78</ele>
      </trkpt>
      <trkpt lat="41.99491" lon="-8.6411">
        <ele>19.61</ele>
      </trkpt>
      <trkpt lat="41.99373" lon="-8.64138">
        <ele>13.16</ele>
      </trkpt>
      <trkpt lat="41.99329" lon="-8.64146">
        <ele>12.23</ele>
      </trkpt>
      <trkpt lat="41.99267" lon="-8.64163">
        <ele>13.45</ele>
      </trkpt>
      <trkpt lat="41.99068" lon="-8.64212">
        <ele>13.88</ele>
      </trkpt>
      <trkpt lat="41.99036" lon="-8.64222">
        <ele>13.99</ele>
      </trkpt>
      <trkpt lat="41.99015" lon="-8.64232">
        <ele>17.03</ele>
      </trkpt>
      <trkpt lat="41.98975" lon="-8.64253">
        <ele>15.37</ele>
      </trkpt>
      <trkpt lat="41.98947" lon="-8.64271">
        <ele>17.16</ele>
      </trkpt>
      <trkpt lat="41.98926" lon="-8.64287">
        <ele>18.99</ele>
      </trkpt>
      <trkpt lat="41.98895" lon="-8.64313">
        <ele>21.6</ele>
      </trkpt>
      <trkpt lat="41.98869" lon="-8.64341">
        <ele>18.36</ele>
      </trkpt>
      <trkpt lat="41.98843" lon="-8.6437">
        <ele>18.98</ele>
      </trkpt>
      <trkpt lat="41.98823" lon="-8.64398">
        <ele>17.13</ele>
      </trkpt>
      <trkpt lat="41.98801" lon="-8.64431">
        <ele>17.17</ele>
      </trkpt>
      <trkpt lat="41.98783" lon="-8.64462">
        <ele>18.95</ele>
      </trkpt>
      <trkpt lat="41.98767" lon="-8.64494">
        <ele>19.13</ele>
      </trkpt>
      <trkpt lat="41.98753" lon="-8.64528">
        <ele>20.34</ele>
      </trkpt>
      <trkpt lat="41.9874" lon="-8.64562">
        <ele>21.89</ele>
      </trkpt>
      <trkpt lat="41.98728" lon="-8.646">
        <ele>22.62</ele>
      </trkpt>
      <trkpt lat="41.98716" lon="-8.64645">
        <ele>23.08</ele>
      </trkpt>
      <trkpt lat="41.9871" lon="-8.64676">
        <ele>22.66</ele>
      </trkpt>
      <trkpt lat="41.98704" lon="-8.64706">
        <ele>20.62</ele>
      </trkpt>
      <trkpt lat="41.987" lon="-8.6474">
        <ele>18.14</ele>
      </trkpt>
      <trkpt lat="41.98697" lon="-8.64772">
        <ele>15.58</ele>
      </trkpt>
      <trkpt lat="41.98678" lon="-8.65018">
        <ele>26.41</ele>
      </trkpt>
      <trkpt lat="41.9867" lon="-8.65115">
        <ele>22.33</ele>
      </trkpt>
      <trkpt lat="41.98661" lon="-8.65203">
        <ele>33.51</ele>
      </trkpt>
      <trkpt lat="41.9865" lon="-8.65298">
        <ele>31.15</ele>
      </trkpt>
      <trkpt lat="41.98644" lon="-8.6534">
        <ele>29.61</ele>
      </trkpt>
      <trkpt lat="41.98628" lon="-8.65431">
        <ele>36.77</ele>
      </trkpt>
      <trkpt lat="41.98601" lon="-8.65577">
        <ele>38.61</ele>
      </trkpt>
      <trkpt lat="41.98582" lon="-8.65673">
        <ele>41.2</ele>
      </trkpt>
      <trkpt lat="41.98567" lon="-8.65729">
        <ele>45.67</ele>
      </trkpt>
      <trkpt lat="41.98555" lon="-8.65765">
        <ele>49.11</ele>
      </trkpt>
      <trkpt lat="41.98543" lon="-8.65795">
        <ele>47.21</ele>
      </trkpt>
      <trkpt lat="41.98521" lon="-8.65848">
        <ele>48.96</ele>
      </trkpt>
      <trkpt lat="41.9851" lon="-8.65873">
        <ele>45.39</ele>
      </trkpt>
      <trkpt lat="41.98505" lon="-8.6589">
        <ele>41.2</ele>
      </trkpt>
      <trkpt lat="41.98504" lon="-8.65897">
        <ele>41.74</ele>
      </trkpt>
      <trkpt lat="41.98505" lon="-8.65906">
        <ele>42.93</ele>
      </trkpt>
      <trkpt lat="41.98504" lon="-8.65912">
        <ele>43.36</ele>
      </trkpt>
      <trkpt lat="41.98501" lon="-8.65918">
        <ele>43.44</ele>
      </trkpt>
      <trkpt lat="41.98498" lon="-8.65922">
        <ele>43.57</ele>
      </trkpt>
      <trkpt lat="41.98494" lon="-8.65926">
        <ele>43.6</ele>
      </trkpt>
      <trkpt lat="41.98489" lon="-8.65927">
        <ele>42.93</ele>
      </trkpt>
      <trkpt lat="41.98475" lon="-8.65942">
        <ele>44.62</ele>
      </trkpt>
      <trkpt lat="41.98395" lon="-8.66087">
        <ele>38.65</ele>
      </trkpt>
      <trkpt lat="41.98387" lon="-8.66106">
        <ele>37.34</ele>
      </trkpt>
      <trkpt lat="41.98365" lon="-8.66154">
        <ele>37.37</ele>
      </trkpt>
      <trkpt lat="41.98358" lon="-8.66173">
        <ele>36.55</ele>
      </trkpt>
      <trkpt lat="41.98347" lon="-8.66213">
        <ele>29.96</ele>
      </trkpt>
      <trkpt lat="41.98322" lon="-8.66336">
        <ele>29.74</ele>
      </trkpt>
      <trkpt lat="41.98309" lon="-8.66377">
        <ele>25.35</ele>
      </trkpt>
      <trkpt lat="41.98292" lon="-8.66416">
        <ele>17.13</ele>
      </trkpt>
      <trkpt lat="41.98224" lon="-8.66547">
        <ele>21.32</ele>
      </trkpt>
      <trkpt lat="41.98197" lon="-8.66607">
        <ele>25.21</ele>
      </trkpt>
      <trkpt lat="41.98106" lon="-8.6684">
        <ele>28.54</ele>
      </trkpt>
      <trkpt lat="41.9795" lon="-8.67229">
        <ele>25.5</ele>
      </trkpt>
      <trkpt lat="41.97899" lon="-8.67361">
        <ele>28.01</ele>
      </trkpt>
      <trkpt lat="41.97845" lon="-8.67491">
        <ele>25.43</ele>
      </trkpt>
      <trkpt lat="41.97783" lon="-8.67645">
        <ele>21.6</ele>
      </trkpt>
      <trkpt lat="41.97584" lon="-8.68147">
        <ele>21.75</ele>
      </trkpt>
      <trkpt lat="41.97544" lon="-8.68246">
        <ele>20.54</ele>
      </trkpt>
      <trkpt lat="41.97524" lon="-8.68292">
        <ele>27.13</ele>
      </trkpt>
      <trkpt lat="41.97501" lon="-8.68326">
        <ele>29.64</ele>
      </trkpt>
      <trkpt lat="41.97481" lon="-8.68348">
        <ele>26.71</ele>
      </trkpt>
      <trkpt lat="41.97456" lon="-8.6837">
        <ele>25.63</ele>
      </trkpt>
      <trkpt lat="41.97416" lon="-8.68395">
        <ele>24.61</ele>
      </trkpt>
      <trkpt lat="41.97278" lon="-8.68462">
        <ele>17.16</ele>
      </trkpt>
      <trkpt lat="41.97248" lon="-8.6848">
        <ele>18.85</ele>
      </trkpt>
      <trkpt lat="41.97221" lon="-8.68501">
        <ele>23.88</ele>
      </trkpt>
      <trkpt lat="41.97195" lon="-8.68527">
        <ele>23.91</ele>
      </trkpt>
      <trkpt lat="41.9717" lon="-8.68566">
        <ele>26.47</ele>
      </trkpt>
      <trkpt lat="41.97155" lon="-8.68592">
        <ele>28.51</ele>
      </trkpt>
      <trkpt lat="41.9715" lon="-8.68605">
        <ele>29.47</ele>
      </trkpt>
      <trkpt lat="41.9715" lon="-8.68611">
        <ele>29.6</ele>
      </trkpt>
      <trkpt lat="41.9715" lon="-8.68618">
        <ele>30.24</ele>
      </trkpt>
      <trkpt lat="41.9715" lon="-8.68624">
        <ele>30.81</ele>
      </trkpt>
      <trkpt lat="41.97147" lon="-8.6863">
        <ele>31.55</ele>
      </trkpt>
      <trkpt lat="41.97143" lon="-8.68634">
        <ele>32.2</ele>
      </trkpt>
      <trkpt lat="41.97141" lon="-8.68636">
        <ele>32.54</ele>
      </trkpt>
      <trkpt lat="41.97135" lon="-8.68644">
        <ele>33.18</ele>
      </trkpt>
      <trkpt lat="41.97127" lon="-8.68658">
        <ele>33.69</ele>
      </trkpt>
      <trkpt lat="41.97022" lon="-8.69025">
        <ele>15.18</ele>
      </trkpt>
      <trkpt lat="41.97015" lon="-8.69055">
        <ele>14.47</ele>
      </trkpt>
      <trkpt lat="41.97009" lon="-8.69085">
        <ele>11.26</ele>
      </trkpt>
      <trkpt lat="41.97006" lon="-8.69106">
        <ele>10.4</ele>
      </trkpt>
      <trkpt lat="41.97004" lon="-8.69128">
        <ele>11.18</ele>
      </trkpt>
      <trkpt lat="41.97003" lon="-8.69172">
        <ele>9.86</ele>
      </trkpt>
      <trkpt lat="41.97011" lon="-8.6923">
        <ele>16.19</ele>
      </trkpt>
      <trkpt lat="41.97023" lon="-8.69289">
        <ele>22.32</ele>
      </trkpt>
      <trkpt lat="41.97031" lon="-8.69318">
        <ele>21.1</ele>
      </trkpt>
      <trkpt lat="41.97039" lon="-8.69344">
        <ele>19.62</ele>
      </trkpt>
      <trkpt lat="41.97056" lon="-8.69383">
        <ele>22.06</ele>
      </trkpt>
      <trkpt lat="41.9706" lon="-8.69387">
        <ele>22.64</ele>
      </trkpt>
      <trkpt lat="41.97061" lon="-8.6939">
        <ele>22.82</ele>
      </trkpt>
      <trkpt lat="41.97061" lon="-8.69394">
        <ele>22.97</ele>
      </trkpt>
      <trkpt lat="41.97061" lon="-8.69398">
        <ele>23.11</ele>
      </trkpt>
      <trkpt lat="41.97059" lon="-8.69402">
        <ele>22.97</ele>
      </trkpt>
      <trkpt lat="41.9706" lon="-8.69426">
        <ele>23.81</ele>
      </trkpt>
      <trkpt lat="41.97061" lon="-8.6944">
        <ele>24.13</ele>
      </trkpt>
      <trkpt lat="41.97069" lon="-8.6947">
        <ele>24.51</ele>
      </trkpt>
      <trkpt lat="41.97077" lon="-8.69505">
        <ele>23.0</ele>
      </trkpt>
      <trkpt lat="41.97092" lon="-8.69587">
        <ele>19.09</ele>
      </trkpt>
      <trkpt lat="41.97099" lon="-8.69636">
        <ele>19.41</ele>
      </trkpt>
      <trkpt lat="41.97102" lon="-8.6968">
        <ele>23.53</ele>
      </trkpt>
      <trkpt lat="41.97104" lon="-8.69728">
        <ele>24.54</ele>
      </trkpt>
      <trkpt lat="41.97102" lon="-8.69793">
        <ele>29.56</ele>
      </trkpt>
      <trkpt lat="41.97099" lon="-8.69814">
        <ele>28.3</ele>
      </trkpt>
      <trkpt lat="41.97096" lon="-8.69846">
        <ele>26.54</ele>
      </trkpt>
      <trkpt lat="41.97087" lon="-8.69909">
        <ele>22.32</ele>
      </trkpt>
      <trkpt lat="41.9708" lon="-8.69948">
        <ele>23.33</ele>
      </trkpt>
      <trkpt lat="41.97071" lon="-8.69984">
        <ele>24.63</ele>
      </trkpt>
      <trkpt lat="41.97057" lon="-8.70034">
        <ele>28.04</ele>
      </trkpt>
      <trkpt lat="41.96939" lon="-8.70443">
        <ele>35.63</ele>
      </trkpt>
      <trkpt lat="41.96926" lon="-8.70483">
        <ele>38.72</ele>
      </trkpt>
      <trkpt lat="41.96915" lon="-8.70513">
        <ele>40.09</ele>
      </trkpt>
      <trkpt lat="41.96873" lon="-8.70613">
        <ele>41.57</ele>
      </trkpt>
      <trkpt lat="41.96724" lon="-8.70964">
        <ele>48.02</ele>
      </trkpt>
      <trkpt lat="41.96717" lon="-8.7098">
        <ele>47.68</ele>
      </trkpt>
      <trkpt lat="41.96701" lon="-8.71024">
        <ele>46.58</ele>
      </trkpt>
      <trkpt lat="41.96678" lon="-8.71076">
        <ele>40.99</ele>
      </trkpt>
      <trkpt lat="41.9666" lon="-8.71112">
        <ele>40.24</ele>
      </trkpt>
      <trkpt lat="41.96615" lon="-8.71187">
        <ele>36.05</ele>
      </trkpt>
      <trkpt lat="41.96555" lon="-8.71263">
        <ele>41.13</ele>
      </trkpt>
      <trkpt lat="41.9651" lon="-8.71316">
        <ele>47.04</ele>
      </trkpt>
      <trkpt lat="41.9646" lon="-8.71379">
        <ele>54.14</ele>
      </trkpt>
      <trkpt lat="41.96424" lon="-8.7142">
        <ele>48.14</ele>
      </trkpt>
      <trkpt lat="41.96362" lon="-8.71486">
        <ele>34.45</ele>
      </trkpt>
      <trkpt lat="41.9627" lon="-8.71595">
        <ele>36.1</ele>
      </trkpt>
      <trkpt lat="41.96251" lon="-8.71623">
        <ele>37.43</ele>
      </trkpt>
      <trkpt lat="41.96239" lon="-8.71644">
        <ele>37.68</ele>
      </trkpt>
      <trkpt lat="41.96221" lon="-8.71679">
        <ele>37.58</ele>
      </trkpt>
      <trkpt lat="41.9614" lon="-8.7186">
        <ele>42.96</ele>
      </trkpt>
      <trkpt lat="41.95998" lon="-8.72181">
        <ele>51.74</ele>
      </trkpt>
      <trkpt lat="41.9599" lon="-8.72202">
        <ele>49.8</ele>
      </trkpt>
      <trkpt lat="41.95975" lon="-8.72247">
        <ele>49.08</ele>
      </trkpt>
      <trkpt lat="41.95959" lon="-8.72305">
        <ele>50.89</ele>
      </trkpt>
      <trkpt lat="41.9594" lon="-8.72395">
        <ele>52.33</ele>
      </trkpt>
      <trkpt lat="41.9591" lon="-8.72599">
        <ele>50.55</ele>
      </trkpt>
      <trkpt lat="41.95905" lon="-8.72654">
        <ele>50.65</ele>
      </trkpt>
      <trkpt lat="41.95901" lon="-8.72681">
        <ele>52.16</ele>
      </trkpt>
      <trkpt lat="41.95896" lon="-8.72693">
        <ele>53.38</ele>
      </trkpt>
      <trkpt lat="41.95889" lon="-8.72748">
        <ele>55.92</ele>
      </trkpt>
      <trkpt lat="41.95885" lon="-8.72756">
        <ele>56.19</ele>
      </trkpt>
      <trkpt lat="41.95879" lon="-8.7276">
        <ele>56.23</ele>
      </trkpt>
      <trkpt lat="41.95872" lon="-8.72761">
        <ele>56.16</ele>
      </trkpt>
      <trkpt lat="41.95862" lon="-8.72762">
        <ele>56.01</ele>
      </trkpt>
      <trkpt lat="41.95842" lon="-8.72764">
        <ele>57.37</ele>
      </trkpt>
      <trkpt lat="41.95833" lon="-8.72769">
        <ele>57.63</ele>
      </trkpt>
      <trkpt lat="41.95761" lon="-8.72864">
        <ele>53.44</ele>
      </trkpt>
      <trkpt lat="41.95738" lon="-8.72889">
        <ele>52.42</ele>
      </trkpt>
      <trkpt lat="41.95682" lon="-8.72916">
        <ele>49.12</ele>
      </trkpt>
      <trkpt lat="41.95658" lon="-8.72937">
        <ele>48.18</ele>
      </trkpt>
      <trkpt lat="41.95599" lon="-8.73019">
        <ele>42.36</ele>
      </trkpt>
      <trkpt lat="41.95529" lon="-8.73074">
        <ele>45.1</ele>
      </trkpt>
      <trkpt lat="41.95506" lon="-8.73102">
        <ele>44.37</ele>
      </trkpt>
      <trkpt lat="41.95461" lon="-8.73181">
        <ele>51.16</ele>
      </trkpt>
      <trkpt lat="41.95461" lon="-8.73181">
        <ele>51.16</ele>
      </trkpt>
      <trkpt lat="41.95457" lon="-8.7318">
        <ele>51.35</ele>
      </trkpt>
      <trkpt lat="41.95451" lon="-8.73178">
        <ele>51.87</ele>
      </trkpt>
      <trkpt lat="41.95448" lon="-8.73174">
        <ele>52.88</ele>
      </trkpt>
      <trkpt lat="41.95444" lon="-8.73154">
        <ele>53.12</ele>
      </trkpt>
      <trkpt lat="41.95402" lon="-8.73025">
        <ele>54.86</ele>
      </trkpt>
      <trkpt lat="41.95392" lon="-8.72999">
        <ele>54.63</ele>
      </trkpt>
      <trkpt lat="41.95381" lon="-8.72985">
        <ele>54.33</ele>
      </trkpt>
      <trkpt lat="41.9536" lon="-8.72963">
        <ele>54.05</ele>
      </trkpt>
      <trkpt lat="41.9535" lon="-8.72951">
        <ele>54.71</ele>
      </trkpt>
      <trkpt lat="41.95342" lon="-8.72936">
        <ele>55.68</ele>
      </trkpt>
      <trkpt lat="41.95336" lon="-8.72903">
        <ele>57.35</ele>
      </trkpt>
      <trkpt lat="41.9533" lon="-8.72864">
        <ele>60.4</ele>
      </trkpt>
      <trkpt lat="41.95326" lon="-8.72843">
        <ele>63.28</ele>
      </trkpt>
      <trkpt lat="41.95318" lon="-8.7282">
        <ele>66.94</ele>
      </trkpt>
      <trkpt lat="41.95295" lon="-8.72771">
        <ele>76.76</ele>
      </trkpt>
      <trkpt lat="41.95291" lon="-8.72758">
        <ele>79.56</ele>
      </trkpt>
      <trkpt lat="41.9529" lon="-8.72746">
        <ele>80.73</ele>
      </trkpt>
      <trkpt lat="41.95292" lon="-8.72734">
        <ele>80.19</ele>
      </trkpt>
      <trkpt lat="41.95367" lon="-8.72528">
        <ele>88.5</ele>
      </trkpt>
      <trkpt lat="41.95377" lon="-8.72506">
        <ele>85.66</ele>
      </trkpt>
      <trkpt lat="41.95394" lon="-8.72479">
        <ele>82.7</ele>
      </trkpt>
      <trkpt lat="41.95395" lon="-8.72471">
        <ele>83.71</ele>
      </trkpt>
      <trkpt lat="41.95397" lon="-8.7243">
        <ele>87.88</ele>
      </trkpt>
      <trkpt lat="41.95441" lon="-8.72295">
        <ele>96.4</ele>
      </trkpt>
      <trkpt lat="41.95454" lon="-8.72251">
        <ele>96.83</ele>
      </trkpt>
      <trkpt lat="41.95462" lon="-8.72222">
        <ele>96.21</ele>
      </trkpt>
      <trkpt lat="41.95463" lon="-8.72212">
        <ele>95.87</ele>
      </trkpt>
      <trkpt lat="41.95461" lon="-8.72201">
        <ele>96.28</ele>
      </trkpt>
      <trkpt lat="41.95458" lon="-8.72194">
        <ele>97.0</ele>
      </trkpt>
      <trkpt lat="41.95326" lon="-8.72013">
        <ele>96.8</ele>
      </trkpt>
      <trkpt lat="41.95307" lon="-8.71994">
        <ele>91.2</ele>
      </trkpt>
      <trkpt lat="41.95273" lon="-8.71967">
        <ele>91.8</ele>
      </trkpt>
      <trkpt lat="41.95231" lon="-8.7194">
        <ele>106.04</ele>
      </trkpt>
      <trkpt lat="41.95222" lon="-8.71929">
        <ele>109.95</ele>
      </trkpt>
      <trkpt lat="41.95215" lon="-8.71911">
        <ele>110.21</ele>
      </trkpt>
      <trkpt lat="41.95206" lon="-8.7188">
        <ele>110.39</ele>
      </trkpt>
      <trkpt lat="41.95197" lon="-8.71852">
        <ele>109.62</ele>
      </trkpt>
      <trkpt lat="41.9519" lon="-8.71839">
        <ele>109.48</ele>
      </trkpt>
      <trkpt lat="41.95178" lon="-8.71829">
        <ele>110.43</ele>
      </trkpt>
      <trkpt lat="41.9515" lon="-8.71819">
        <ele>111.0</ele>
      </trkpt>
      <trkpt lat="41.95085" lon="-8.71772">
        <ele>109.16</ele>
      </trkpt>
      <trkpt lat="41.95055" lon="-8.71752">
        <ele>112.5</ele>
      </trkpt>
      <trkpt lat="41.95018" lon="-8.71734">
        <ele>117.86</ele>
      </trkpt>
      <trkpt lat="41.94981" lon="-8.71728">
        <ele>117.61</ele>
      </trkpt>
      <trkpt lat="41.94891" lon="-8.71707">
        <ele>131.75</ele>
      </trkpt>
      <trkpt lat="41.9488" lon="-8.717">
        <ele>132.68</ele>
      </trkpt>
      <trkpt lat="41.94873" lon="-8.7169">
        <ele>133.06</ele>
      </trkpt>
      <trkpt lat="41.94868" lon="-8.71678">
        <ele>133.27</ele>
      </trkpt>
      <trkpt lat="41.94866" lon="-8.71657">
        <ele>131.81</ele>
      </trkpt>
      <trkpt lat="41.94867" lon="-8.71643">
        <ele>129.94</ele>
      </trkpt>
      <trkpt lat="41.94869" lon="-8.71636">
        <ele>130.06</ele>
      </trkpt>
      <trkpt lat="41.94873" lon="-8.71628">
        <ele>131.65</ele>
      </trkpt>
      <trkpt lat="41.94883" lon="-8.71618">
        <ele>133.74</ele>
      </trkpt>
      <trkpt lat="41.94895" lon="-8.71607">
        <ele>136.06</ele>
      </trkpt>
      <trkpt lat="41.94921" lon="-8.71586">
        <ele>136.59</ele>
      </trkpt>
      <trkpt lat="41.94936" lon="-8.71569">
        <ele>134.29</ele>
      </trkpt>
      <trkpt lat="41.94948" lon="-8.71546">
        <ele>131.02</ele>
      </trkpt>
      <trkpt lat="41.94953" lon="-8.71523">
        <ele>130.15</ele>
      </trkpt>
      <trkpt lat="41.94949" lon="-8.71498">
        <ele>132.42</ele>
      </trkpt>
      <trkpt lat="41.94941" lon="-8.71482">
        <ele>135.84</ele>
      </trkpt>
      <trkpt lat="41.94918" lon="-8.71452">
        <ele>146.88</ele>
      </trkpt>
      <trkpt lat="41.94915" lon="-8.71439">
        <ele>148.42</ele>
      </trkpt>
      <trkpt lat="41.94915" lon="-8.71427">
        <ele>148.83</ele>
      </trkpt>
      <trkpt lat="41.94918" lon="-8.71414">
        <ele>149.29</ele>
      </trkpt>
      <trkpt lat="41.94926" lon="-8.71404">
        <ele>150.31</ele>
      </trkpt>
      <trkpt lat="41.94965" lon="-8.71377">
        <ele>148.0</ele>
      </trkpt>
      <trkpt lat="41.94976" lon="-8.71364">
        <ele>148.59</ele>
      </trkpt>
      <trkpt lat="41.94984" lon="-8.71346">
        <ele>153.79</ele>
      </trkpt>
      <trkpt lat="41.94986" lon="-8.71321">
        <ele>157.7</ele>
      </trkpt>
      <trkpt lat="41.94986" lon="-8.71278">
        <ele>158.52</ele>
      </trkpt>
      <trkpt lat="41.9499" lon="-8.71254">
        <ele>163.72</ele>
      </trkpt>
      <trkpt lat="41.95019" lon="-8.71198">
        <ele>166.48</ele>
      </trkpt>
      <trkpt lat="41.9504" lon="-8.71146">
        <ele>152.34</ele>
      </trkpt>
      <trkpt lat="41.95046" lon="-8.71123">
        <ele>154.66</ele>
      </trkpt>
      <trkpt lat="41.95049" lon="-8.71102">
        <ele>157.35</ele>
      </trkpt>
      <trkpt lat="41.95046" lon="-8.71065">
        <ele>161.18</ele>
      </trkpt>
      <trkpt lat="41.95046" lon="-8.71047">
        <ele>162.86</ele>
      </trkpt>
      <trkpt lat="41.9505" lon="-8.71025">
        <ele>162.2</ele>
      </trkpt>
      <trkpt lat="41.95057" lon="-8.71012">
        <ele>161.59</ele>
      </trkpt>
      <trkpt lat="41.9507" lon="-8.71005">
        <ele>161.17</ele>
      </trkpt>
      <trkpt lat="41.95103" lon="-8.70981">
        <ele>166.63</ele>
      </trkpt>
      <trkpt lat="41.95115" lon="-8.70968">
        <ele>168.73</ele>
      </trkpt>
      <trkpt lat="41.95124" lon="-8.7095">
        <ele>171.59</ele>
      </trkpt>
      <trkpt lat="41.95126" lon="-8.7093">
        <ele>174.23</ele>
      </trkpt>
      <trkpt lat="41.95124" lon="-8.70906">
        <ele>177.81</ele>
      </trkpt>
      <trkpt lat="41.95118" lon="-8.7087">
        <ele>181.77</ele>
      </trkpt>
      <trkpt lat="41.9512" lon="-8.70848">
        <ele>179.64</ele>
      </trkpt>
      <trkpt lat="41.95127" lon="-8.7083">
        <ele>177.76</ele>
      </trkpt>
      <trkpt lat="41.95165" lon="-8.70769">
        <ele>182.75</ele>
      </trkpt>
      <trkpt lat="41.95174" lon="-8.70745">
        <ele>181.72</ele>
      </trkpt>
      <trkpt lat="41.9518" lon="-8.70719">
        <ele>180.75</ele>
      </trkpt>
      <trkpt lat="41.95185" lon="-8.70686">
        <ele>180.89</ele>
      </trkpt>
      <trkpt lat="41.95187" lon="-8.70652">
        <ele>183.1</ele>
      </trkpt>
      <trkpt lat="41.95182" lon="-8.70572">
        <ele>186.26</ele>
      </trkpt>
      <trkpt lat="41.9517" lon="-8.70471">
        <ele>186.7</ele>
      </trkpt>
      <trkpt lat="41.95167" lon="-8.70421">
        <ele>192.67</ele>
      </trkpt>
      <trkpt lat="41.95167" lon="-8.70403">
        <ele>194.96</ele>
      </trkpt>
      <trkpt lat="41.95162" lon="-8.70361">
        <ele>199.17</ele>
      </trkpt>
      <trkpt lat="41.95156" lon="-8.70316">
        <ele>200.15</ele>
      </trkpt>
      <trkpt lat="41.9515" lon="-8.70289">
        <ele>198.42</ele>
      </trkpt>
      <trkpt lat="41.95129" lon="-8.70242">
        <ele>193.34</ele>
      </trkpt>
      <trkpt lat="41.9511" lon="-8.70215">
        <ele>192.9</ele>
      </trkpt>
      <trkpt lat="41.95006" lon="-8.70104">
        <ele>196.02</ele>
      </trkpt>
      <trkpt lat="41.94974" lon="-8.70081">
        <ele>204.05</ele>
      </trkpt>
      <trkpt lat="41.94922" lon="-8.70056">
        <ele>208.95</ele>
      </trkpt>
      <trkpt lat="41.94861" lon="-8.70034">
        <ele>225.05</ele>
      </trkpt>
      <trkpt lat="41.94716" lon="-8.70001">
        <ele>218.6</ele>
      </trkpt>
      <trkpt lat="41.94655" lon="-8.69986">
        <ele>208.22</ele>
      </trkpt>
      <trkpt lat="41.94589" lon="-8.6996">
        <ele>217.97</ele>
      </trkpt>
      <trkpt lat="41.94568" lon="-8.69947">
        <ele>217.47</ele>
      </trkpt>
      <trkpt lat="41.94552" lon="-8.69935">
        <ele>215.85</ele>
      </trkpt>
      <trkpt lat="41.94536" lon="-8.69921">
        <ele>214.44</ele>
      </trkpt>
      <trkpt lat="41.94443" lon="-8.69839">
        <ele>218.96</ele>
      </trkpt>
      <trkpt lat="41.94427" lon="-8.69831">
        <ele>221.02</ele>
      </trkpt>
      <trkpt lat="41.94403" lon="-8.69821">
        <ele>223.16</ele>
      </trkpt>
      <trkpt lat="41.94391" lon="-8.69814">
        <ele>223.67</ele>
      </trkpt>
      <trkpt lat="41.94383" lon="-8.69801">
        <ele>224.57</ele>
      </trkpt>
      <trkpt lat="41.94378" lon="-8.69782">
        <ele>226.42</ele>
      </trkpt>
      <trkpt lat="41.94372" lon="-8.69615">
        <ele>229.98</ele>
      </trkpt>
      <trkpt lat="41.94371" lon="-8.69602">
        <ele>229.23</ele>
      </trkpt>
      <trkpt lat="41.94367" lon="-8.69592">
        <ele>229.1</ele>
      </trkpt>
      <trkpt lat="41.94361" lon="-8.69582">
        <ele>229.01</ele>
      </trkpt>
      <trkpt lat="41.9431" lon="-8.69548">
        <ele>231.9</ele>
      </trkpt>
      <trkpt lat="41.94287" lon="-8.69537">
        <ele>233.89</ele>
      </trkpt>
      <trkpt lat="41.94258" lon="-8.69533">
        <ele>234.52</ele>
      </trkpt>
      <trkpt lat="41.94196" lon="-8.69528">
        <ele>237.75</ele>
      </trkpt>
      <trkpt lat="41.94183" lon="-8.69526">
        <ele>239.71</ele>
      </trkpt>
      <trkpt lat="41.94093" lon="-8.69487">
        <ele>241.94</ele>
      </trkpt>
      <trkpt lat="41.94077" lon="-8.69484">
        <ele>246.87</ele>
      </trkpt>
      <trkpt lat="41.94063" lon="-8.69486">
        <ele>252.05</ele>
      </trkpt>
      <trkpt lat="41.94012" lon="-8.69505">
        <ele>257.61</ele>
      </trkpt>
      <trkpt lat="41.93993" lon="-8.69509">
        <ele>257.37</ele>
      </trkpt>
      <trkpt lat="41.93975" lon="-8.69509">
        <ele>258.45</ele>
      </trkpt>
      <trkpt lat="41.93958" lon="-8.69506">
        <ele>259.91</ele>
      </trkpt>
      <trkpt lat="41.93942" lon="-8.69498">
        <ele>260.57</ele>
      </trkpt>
      <trkpt lat="41.93883" lon="-8.69458">
        <ele>268.79</ele>
      </trkpt>
      <trkpt lat="41.93835" lon="-8.69431">
        <ele>268.86</ele>
      </trkpt>
      <trkpt lat="41.93794" lon="-8.69411">
        <ele>270.28</ele>
      </trkpt>
      <trkpt lat="41.9378" lon="-8.69405">
        <ele>270.47</ele>
      </trkpt>
      <trkpt lat="41.93766" lon="-8.69402">
        <ele>270.17</ele>
      </trkpt>
      <trkpt lat="41.93757" lon="-8.69404">
        <ele>271.12</ele>
      </trkpt>
      <trkpt lat="41.93746" lon="-8.69408">
        <ele>272.02</ele>
      </trkpt>
      <trkpt lat="41.93726" lon="-8.69422">
        <ele>273.3</ele>
      </trkpt>
      <trkpt lat="41.93716" lon="-8.69425">
        <ele>273.88</ele>
      </trkpt>
      <trkpt lat="41.93707" lon="-8.69424">
        <ele>273.89</ele>
      </trkpt>
      <trkpt lat="41.93683" lon="-8.69405">
        <ele>272.44</ele>
      </trkpt>
      <trkpt lat="41.93666" lon="-8.69397">
        <ele>272.4</ele>
      </trkpt>
      <trkpt lat="41.93634" lon="-8.69393">
        <ele>274.84</ele>
      </trkpt>
      <trkpt lat="41.93618" lon="-8.69385">
        <ele>275.96</ele>
      </trkpt>
      <trkpt lat="41.93604" lon="-8.69377">
        <ele>277.65</ele>
      </trkpt>
      <trkpt lat="41.93594" lon="-8.69369">
        <ele>279.97</ele>
      </trkpt>
      <trkpt lat="41.93573" lon="-8.69347">
        <ele>284.34</ele>
      </trkpt>
      <trkpt lat="41.93553" lon="-8.69334">
        <ele>286.8</ele>
      </trkpt>
      <trkpt lat="41.93493" lon="-8.69316">
        <ele>295.04</ele>
      </trkpt>
      <trkpt lat="41.93468" lon="-8.69301">
        <ele>296.18</ele>
      </trkpt>
      <trkpt lat="41.93434" lon="-8.69272">
        <ele>294.48</ele>
      </trkpt>
      <trkpt lat="41.93414" lon="-8.69261">
        <ele>301.09</ele>
      </trkpt>
      <trkpt lat="41.93372" lon="-8.69246">
        <ele>303.02</ele>
      </trkpt>
      <trkpt lat="41.93362" lon="-8.69237">
        <ele>303.92</ele>
      </trkpt>
      <trkpt lat="41.93352" lon="-8.6922">
        <ele>303.9</ele>
      </trkpt>
      <trkpt lat="41.93333" lon="-8.6917">
        <ele>298.75</ele>
      </trkpt>
      <trkpt lat="41.93307" lon="-8.69126">
        <ele>296.84</ele>
      </trkpt>
      <trkpt lat="41.93296" lon="-8.69099">
        <ele>295.88</ele>
      </trkpt>
      <trkpt lat="41.93276" lon="-8.69008">
        <ele>287.01</ele>
      </trkpt>
      <trkpt lat="41.93269" lon="-8.68995">
        <ele>289.06</ele>
      </trkpt>
      <trkpt lat="41.93259" lon="-8.68986">
        <ele>291.55</ele>
      </trkpt>
      <trkpt lat="41.93246" lon="-8.68981">
        <ele>293.36</ele>
      </trkpt>
      <trkpt lat="41.93213" lon="-8.68987">
        <ele>292.87</ele>
      </trkpt>
      <trkpt lat="41.93179" lon="-8.68996">
        <ele>290.11</ele>
      </trkpt>
      <trkpt lat="41.93154" lon="-8.68998">
        <ele>284.82</ele>
      </trkpt>
      <trkpt lat="41.93129" lon="-8.68994">
        <ele>280.36</ele>
      </trkpt>
      <trkpt lat="41.93107" lon="-8.6899">
        <ele>280.7</ele>
      </trkpt>
      <trkpt lat="41.93083" lon="-8.68991">
        <ele>279.09</ele>
      </trkpt>
      <trkpt lat="41.9306" lon="-8.68984">
        <ele>283.53</ele>
      </trkpt>
      <trkpt lat="41.93006" lon="-8.68949">
        <ele>273.84</ele>
      </trkpt>
      <trkpt lat="41.92982" lon="-8.68943">
        <ele>269.41</ele>
      </trkpt>
      <trkpt lat="41.92869" lon="-8.68937">
        <ele>273.94</ele>
      </trkpt>
      <trkpt lat="41.92824" lon="-8.68932">
        <ele>275.61</ele>
      </trkpt>
      <trkpt lat="41.928" lon="-8.68934">
        <ele>273.75</ele>
      </trkpt>
      <trkpt lat="41.92795" lon="-8.68938">
        <ele>274.06</ele>
      </trkpt>
      <trkpt lat="41.92792" lon="-8.68938">
        <ele>274.14</ele>
      </trkpt>
      <trkpt lat="41.92786" lon="-8.68935">
        <ele>274.12</ele>
      </trkpt>
      <trkpt lat="41.92783" lon="-8.68928">
        <ele>273.74</ele>
      </trkpt>
      <trkpt lat="41.92783" lon="-8.68924">
        <ele>273.48</ele>
      </trkpt>
      <trkpt lat="41.92784" lon="-8.68918">
        <ele>273.09</ele>
      </trkpt>
      <trkpt lat="41.92779" lon="-8.68898">
        <ele>272.94</ele>
      </trkpt>
      <trkpt lat="41.92777" lon="-8.68891">
        <ele>273.14</ele>
      </trkpt>
      <trkpt lat="41.92769" lon="-8.68873">
        <ele>275.15</ele>
      </trkpt>
      <trkpt lat="41.92759" lon="-8.68858">
        <ele>277.38</ele>
      </trkpt>
      <trkpt lat="41.92756" lon="-8.6885">
        <ele>277.78</ele>
      </trkpt>
      <trkpt lat="41.92753" lon="-8.6884">
        <ele>277.95</ele>
      </trkpt>
      <trkpt lat="41.92752" lon="-8.68829">
        <ele>277.71</ele>
      </trkpt>
      <trkpt lat="41.92753" lon="-8.68819">
        <ele>277.32</ele>
      </trkpt>
      <trkpt lat="41.92754" lon="-8.68808">
        <ele>276.93</ele>
      </trkpt>
      <trkpt lat="41.92758" lon="-8.688">
        <ele>277.37</ele>
      </trkpt>
      <trkpt lat="41.92768" lon="-8.68787">
        <ele>278.79</ele>
      </trkpt>
      <trkpt lat="41.92855" lon="-8.68686">
        <ele>276.59</ele>
      </trkpt>
      <trkpt lat="41.92865" lon="-8.68671">
        <ele>276.56</ele>
      </trkpt>
      <trkpt lat="41.92872" lon="-8.68645">
        <ele>278.39</ele>
      </trkpt>
      <trkpt lat="41.92867" lon="-8.6845">
        <ele>278.45</ele>
      </trkpt>
      <trkpt lat="41.92866" lon="-8.68431">
        <ele>279.1</ele>
      </trkpt>
      <trkpt lat="41.92847" lon="-8.68358">
        <ele>280.25</ele>
      </trkpt>
      <trkpt lat="41.92822" lon="-8.68301">
        <ele>282.35</ele>
      </trkpt>
      <trkpt lat="41.92812" lon="-8.68271">
        <ele>282.95</ele>
      </trkpt>
      <trkpt lat="41.92803" lon="-8.68242">
        <ele>285.21</ele>
      </trkpt>
      <trkpt lat="41.92798" lon="-8.6823">
        <ele>287.05</ele>
      </trkpt>
      <trkpt lat="41.9279" lon="-8.68221">
        <ele>288.98</ele>
      </trkpt>
      <trkpt lat="41.92782" lon="-8.68214">
        <ele>291.2</ele>
      </trkpt>
      <trkpt lat="41.9276" lon="-8.68199">
        <ele>294.18</ele>
      </trkpt>
      <trkpt lat="41.92751" lon="-8.68191">
        <ele>295.5</ele>
      </trkpt>
      <trkpt lat="41.92741" lon="-8.68177">
        <ele>296.62</ele>
      </trkpt>
      <trkpt lat="41.92709" lon="-8.68114">
        <ele>295.56</ele>
      </trkpt>
      <trkpt lat="41.92703" lon="-8.68098">
        <ele>297.14</ele>
      </trkpt>
      <trkpt lat="41.92632" lon="-8.67835">
        <ele>307.8</ele>
      </trkpt>
      <trkpt lat="41.92619" lon="-8.67797">
        <ele>306.57</ele>
      </trkpt>
      <trkpt lat="41.92603" lon="-8.67762">
        <ele>307.26</ele>
      </trkpt>
      <trkpt lat="41.92576" lon="-8.67714">
        <ele>308.06</ele>
      </trkpt>
      <trkpt lat="41.9256" lon="-8.67693">
        <ele>308.57</ele>
      </trkpt>
      <trkpt lat="41.92461" lon="-8.67583">
        <ele>316.24</ele>
      </trkpt>
      <trkpt lat="41.92409" lon="-8.67538">
        <ele>315.25</ele>
      </trkpt>
      <trkpt lat="41.9239" lon="-8.67527">
        <ele>310.42</ele>
      </trkpt>
      <trkpt lat="41.92344" lon="-8.67513">
        <ele>303.25</ele>
      </trkpt>
      <trkpt lat="41.92332" lon="-8.67506">
        <ele>304.38</ele>
      </trkpt>
      <trkpt lat="41.92257" lon="-8.67447">
        <ele>302.76</ele>
      </trkpt>
      <trkpt lat="41.92242" lon="-8.67428">
        <ele>306.06</ele>
      </trkpt>
      <trkpt lat="41.92227" lon="-8.67407">
        <ele>310.38</ele>
      </trkpt>
      <trkpt lat="41.92214" lon="-8.67383">
        <ele>311.32</ele>
      </trkpt>
      <trkpt lat="41.92209" lon="-8.67369">
        <ele>313.68</ele>
      </trkpt>
      <trkpt lat="41.92208" lon="-8.67356">
        <ele>315.48</ele>
      </trkpt>
      <trkpt lat="41.92209" lon="-8.6734">
        <ele>317.46</ele>
      </trkpt>
      <trkpt lat="41.92213" lon="-8.67324">
        <ele>321.02</ele>
      </trkpt>
      <trkpt lat="41.92214" lon="-8.6731">
        <ele>323.83</ele>
      </trkpt>
      <trkpt lat="41.92213" lon="-8.67299">
        <ele>325.37</ele>
      </trkpt>
      <trkpt lat="41.92209" lon="-8.6729">
        <ele>325.46</ele>
      </trkpt>
      <trkpt lat="41.92202" lon="-8.67282">
        <ele>324.18</ele>
      </trkpt>
      <trkpt lat="41.92195" lon="-8.67279">
        <ele>322.07</ele>
      </trkpt>
      <trkpt lat="41.92187" lon="-8.67278">
        <ele>321.17</ele>
      </trkpt>
      <trkpt lat="41.92164" lon="-8.6728">
        <ele>318.22</ele>
      </trkpt>
      <trkpt lat="41.92149" lon="-8.67279">
        <ele>315.73</ele>
      </trkpt>
      <trkpt lat="41.92136" lon="-8.67276">
        <ele>314.7</ele>
      </trkpt>
      <trkpt lat="41.9201" lon="-8.67226">
        <ele>319.41</ele>
      </trkpt>
      <trkpt lat="41.91985" lon="-8.6721">
        <ele>322.2</ele>
      </trkpt>
      <trkpt lat="41.91969" lon="-8.67195">
        <ele>325.25</ele>
      </trkpt>
      <trkpt lat="41.91959" lon="-8.67189">
        <ele>327.03</ele>
      </trkpt>
      <trkpt lat="41.91955" lon="-8.67188">
        <ele>327.5</ele>
      </trkpt>
      <trkpt lat="41.91951" lon="-8.67191">
        <ele>327.6</ele>
      </trkpt>
      <trkpt lat="41.91948" lon="-8.67192">
        <ele>327.81</ele>
      </trkpt>
      <trkpt lat="41.91944" lon="-8.67191">
        <ele>328.26</ele>
      </trkpt>
      <trkpt lat="41.9194" lon="-8.67188">
        <ele>328.55</ele>
      </trkpt>
      <trkpt lat="41.91938" lon="-8.67184">
        <ele>328.81</ele>
      </trkpt>
      <trkpt lat="41.91936" lon="-8.67179">
        <ele>329.08</ele>
      </trkpt>
      <trkpt lat="41.91936" lon="-8.67174">
        <ele>329.33</ele>
      </trkpt>
      <trkpt lat="41.91937" lon="-8.67169">
        <ele>329.61</ele>
      </trkpt>
      <trkpt lat="41.91939" lon="-8.67166">
        <ele>329.78</ele>
      </trkpt>
      <trkpt lat="41.91942" lon="-8.67163">
        <ele>329.77</ele>
      </trkpt>
      <trkpt lat="41.91951" lon="-8.67141">
        <ele>329.06</ele>
      </trkpt>
      <trkpt lat="41.91959" lon="-8.67129">
        <ele>328.85</ele>
      </trkpt>
      <trkpt lat="41.92009" lon="-8.67056">
        <ele>329.32</ele>
      </trkpt>
      <trkpt lat="41.92023" lon="-8.67014">
        <ele>322.77</ele>
      </trkpt>
      <trkpt lat="41.92021" lon="-8.6699">
        <ele>317.56</ele>
      </trkpt>
      <trkpt lat="41.92019" lon="-8.66973">
        <ele>315.11</ele>
      </trkpt>
      <trkpt lat="41.92019" lon="-8.6694">
        <ele>313.84</ele>
      </trkpt>
      <trkpt lat="41.92039" lon="-8.66797">
        <ele>314.07</ele>
      </trkpt>
      <trkpt lat="41.92036" lon="-8.66766">
        <ele>308.83</ele>
      </trkpt>
      <trkpt lat="41.92019" lon="-8.6671">
        <ele>298.27</ele>
      </trkpt>
      <trkpt lat="41.92016" lon="-8.6669">
        <ele>294.17</ele>
      </trkpt>
      <trkpt lat="41.92049" lon="-8.66576">
        <ele>293.27</ele>
      </trkpt>
      <trkpt lat="41.92066" lon="-8.66552">
        <ele>292.33</ele>
      </trkpt>
      <trkpt lat="41.92159" lon="-8.66522">
        <ele>279.58</ele>
      </trkpt>
      <trkpt lat="41.92171" lon="-8.66507">
        <ele>277.97</ele>
      </trkpt>
      <trkpt lat="41.92174" lon="-8.66489">
        <ele>276.6</ele>
      </trkpt>
      <trkpt lat="41.92167" lon="-8.66475">
        <ele>276.25</ele>
      </trkpt>
      <trkpt lat="41.92148" lon="-8.66453">
        <ele>271.2</ele>
      </trkpt>
      <trkpt lat="41.92135" lon="-8.66424">
        <ele>266.76</ele>
      </trkpt>
      <trkpt lat="41.9213" lon="-8.66388">
        <ele>268.0</ele>
      </trkpt>
      <trkpt lat="41.92141" lon="-8.66354">
        <ele>267.84</ele>
      </trkpt>
      <trkpt lat="41.92163" lon="-8.66337">
        <ele>258.81</ele>
      </trkpt>
      <trkpt lat="41.92186" lon="-8.66336">
        <ele>254.53</ele>
      </trkpt>
      <trkpt lat="41.92201" lon="-8.66344">
        <ele>253.35</ele>
      </trkpt>
      <trkpt lat="41.92228" lon="-8.66388">
        <ele>256.2</ele>
      </trkpt>
      <trkpt lat="41.92236" lon="-8.66395">
        <ele>257.05</ele>
      </trkpt>
      <trkpt lat="41.92247" lon="-8.66396">
        <ele>256.12</ele>
      </trkpt>
      <trkpt lat="41.9226" lon="-8.66391">
        <ele>254.45</ele>
      </trkpt>
      <trkpt lat="41.92291" lon="-8.66354">
        <ele>247.07</ele>
      </trkpt>
      <trkpt lat="41.92306" lon="-8.66346">
        <ele>245.66</ele>
      </trkpt>
      <trkpt lat="41.92322" lon="-8.66343">
        <ele>242.15</ele>
      </trkpt>
      <trkpt lat="41.92391" lon="-8.66347">
        <ele>235.17</ele>
      </trkpt>
      <trkpt lat="41.92399" lon="-8.66344">
        <ele>233.15</ele>
      </trkpt>
      <trkpt lat="41.92412" lon="-8.66336">
        <ele>229.77</ele>
      </trkpt>
      <trkpt lat="41.92423" lon="-8.66326">
        <ele>226.67</ele>
      </trkpt>
      <trkpt lat="41.92434" lon="-8.6631">
        <ele>223.13</ele>
      </trkpt>
      <trkpt lat="41.92439" lon="-8.66294">
        <ele>221.61</ele>
      </trkpt>
      <trkpt lat="41.92472" lon="-8.66074">
        <ele>223.31</ele>
      </trkpt>
      <trkpt lat="41.92484" lon="-8.66027">
        <ele>230.52</ele>
      </trkpt>
      <trkpt lat="41.92497" lon="-8.65992">
        <ele>227.59</ele>
      </trkpt>
      <trkpt lat="41.92507" lon="-8.65936">
        <ele>223.61</ele>
      </trkpt>
      <trkpt lat="41.9251" lon="-8.65911">
        <ele>223.93</ele>
      </trkpt>
      <trkpt lat="41.92509" lon="-8.65892">
        <ele>224.22</ele>
      </trkpt>
      <trkpt lat="41.92505" lon="-8.6587">
        <ele>223.6</ele>
      </trkpt>
      <trkpt lat="41.92498" lon="-8.65847">
        <ele>224.78</ele>
      </trkpt>
      <trkpt lat="41.92488" lon="-8.65826">
        <ele>223.09</ele>
      </trkpt>
      <trkpt lat="41.92395" lon="-8.65714">
        <ele>213.33</ele>
      </trkpt>
      <trkpt lat="41.92374" lon="-8.6569">
        <ele>210.06</ele>
      </trkpt>
      <trkpt lat="41.92361" lon="-8.65672">
        <ele>207.58</ele>
      </trkpt>
      <trkpt lat="41.92353" lon="-8.65658">
        <ele>206.08</ele>
      </trkpt>
      <trkpt lat="41.92344" lon="-8.65636">
        <ele>204.5</ele>
      </trkpt>
      <trkpt lat="41.92338" lon="-8.65618">
        <ele>204.12</ele>
      </trkpt>
      <trkpt lat="41.92335" lon="-8.65602">
        <ele>202.91</ele>
      </trkpt>
      <trkpt lat="41.92333" lon="-8.65582">
        <ele>201.03</ele>
      </trkpt>
      <trkpt lat="41.92332" lon="-8.65558">
        <ele>201.06</ele>
      </trkpt>
      <trkpt lat="41.92335" lon="-8.65404">
        <ele>184.21</ele>
      </trkpt>
      <trkpt lat="41.92335" lon="-8.65377">
        <ele>181.81</ele>
      </trkpt>
      <trkpt lat="41.92334" lon="-8.65358">
        <ele>179.91</ele>
      </trkpt>
      <trkpt lat="41.92331" lon="-8.65334">
        <ele>179.44</ele>
      </trkpt>
      <trkpt lat="41.92323" lon="-8.65307">
        <ele>177.55</ele>
      </trkpt>
      <trkpt lat="41.92318" lon="-8.65295">
        <ele>176.33</ele>
      </trkpt>
      <trkpt lat="41.92307" lon="-8.65274">
        <ele>172.73</ele>
      </trkpt>
      <trkpt lat="41.92295" lon="-8.65257">
        <ele>170.19</ele>
      </trkpt>
      <trkpt lat="41.92286" lon="-8.65247">
        <ele>168.6</ele>
      </trkpt>
      <trkpt lat="41.92273" lon="-8.65235">
        <ele>168.45</ele>
      </trkpt>
      <trkpt lat="41.92259" lon="-8.65226">
        <ele>168.28</ele>
      </trkpt>
      <trkpt lat="41.92245" lon="-8.65219">
        <ele>168.08</ele>
      </trkpt>
      <trkpt lat="41.92188" lon="-8.65198">
        <ele>172.98</ele>
      </trkpt>
      <trkpt lat="41.92181" lon="-8.652">
        <ele>173.77</ele>
      </trkpt>
      <trkpt lat="41.92176" lon="-8.65205">
        <ele>174.85</ele>
      </trkpt>
      <trkpt lat="41.92171" lon="-8.65208">
        <ele>175.64</ele>
      </trkpt>
      <trkpt lat="41.92165" lon="-8.65209">
        <ele>175.97</ele>
      </trkpt>
      <trkpt lat="41.9216" lon="-8.65208">
        <ele>175.48</ele>
      </trkpt>
      <trkpt lat="41.92155" lon="-8.65206">
        <ele>174.89</ele>
      </trkpt>
      <trkpt lat="41.92151" lon="-8.65202">
        <ele>174.22</ele>
      </trkpt>
      <trkpt lat="41.92148" lon="-8.65196">
        <ele>173.48</ele>
      </trkpt>
      <trkpt lat="41.92146" lon="-8.65189">
        <ele>173.21</ele>
      </trkpt>
      <trkpt lat="41.92145" lon="-8.65182">
        <ele>173.07</ele>
      </trkpt>
      <trkpt lat="41.92145" lon="-8.65174">
        <ele>172.97</ele>
      </trkpt>
      <trkpt lat="41.92148" lon="-8.65167">
        <ele>173.31</ele>
      </trkpt>
      <trkpt lat="41.92151" lon="-8.65161">
        <ele>173.83</ele>
      </trkpt>
      <trkpt lat="41.92155" lon="-8.65158">
        <ele>174.5</ele>
      </trkpt>
      <trkpt lat="41.92159" lon="-8.65155">
        <ele>175.2</ele>
      </trkpt>
      <trkpt lat="41.92163" lon="-8.65154">
        <ele>175.87</ele>
      </trkpt>
      <trkpt lat="41.92172" lon="-8.65144">
        <ele>176.5</ele>
      </trkpt>
      <trkpt lat="41.92185" lon="-8.65125">
        <ele>175.68</ele>
      </trkpt>
      <trkpt lat="41.92195" lon="-8.65106">
        <ele>175.16</ele>
      </trkpt>
      <trkpt lat="41.92227" lon="-8.65065">
        <ele>177.29</ele>
      </trkpt>
      <trkpt lat="41.9225" lon="-8.65027">
        <ele>182.0</ele>
      </trkpt>
      <trkpt lat="41.92258" lon="-8.65009">
        <ele>181.03</ele>
      </trkpt>
      <trkpt lat="41.92267" lon="-8.64985">
        <ele>181.95</ele>
      </trkpt>
      <trkpt lat="41.92273" lon="-8.64962">
        <ele>185.1</ele>
      </trkpt>
      <trkpt lat="41.92285" lon="-8.64915">
        <ele>186.95</ele>
      </trkpt>
      <trkpt lat="41.92345" lon="-8.64642">
        <ele>200.69</ele>
      </trkpt>
      <trkpt lat="41.92353" lon="-8.64611">
        <ele>201.6</ele>
      </trkpt>
      <trkpt lat="41.92362" lon="-8.64586">
        <ele>204.56</ele>
      </trkpt>
      <trkpt lat="41.92375" lon="-8.64559">
        <ele>204.88</ele>
      </trkpt>
      <trkpt lat="41.92388" lon="-8.64536">
        <ele>204.13</ele>
      </trkpt>
      <trkpt lat="41.92409" lon="-8.64507">
        <ele>207.72</ele>
      </trkpt>
      <trkpt lat="41.92428" lon="-8.64485">
        <ele>209.45</ele>
      </trkpt>
      <trkpt lat="41.92446" lon="-8.64469">
        <ele>208.89</ele>
      </trkpt>
      <trkpt lat="41.92466" lon="-8.64455">
        <ele>206.03</ele>
      </trkpt>
      <trkpt lat="41.92509" lon="-8.6443">
        <ele>205.0</ele>
      </trkpt>
      <trkpt lat="41.92657" lon="-8.64353">
        <ele>221.58</ele>
      </trkpt>
      <trkpt lat="41.92873" lon="-8.64213">
        <ele>237.29</ele>
      </trkpt>
      <trkpt lat="41.92925" lon="-8.64181">
        <ele>227.3</ele>
      </trkpt>
      <trkpt lat="41.92952" lon="-8.64165">
        <ele>231.01</ele>
      </trkpt>
      <trkpt lat="41.92979" lon="-8.64152">
        <ele>234.37</ele>
      </trkpt>
      <trkpt lat="41.93013" lon="-8.64139">
        <ele>231.12</ele>
      </trkpt>
      <trkpt lat="41.93047" lon="-8.64128">
        <ele>230.45</ele>
      </trkpt>
      <trkpt lat="41.93198" lon="-8.64105">
        <ele>238.94</ele>
      </trkpt>
      <trkpt lat="41.93316" lon="-8.64085">
        <ele>249.4</ele>
      </trkpt>
      <trkpt lat="41.9334" lon="-8.64079">
        <ele>247.9</ele>
      </trkpt>
      <trkpt lat="41.93363" lon="-8.64071">
        <ele>246.72</ele>
      </trkpt>
      <trkpt lat="41.93398" lon="-8.64054">
        <ele>245.34</ele>
      </trkpt>
      <trkpt lat="41.9343" lon="-8.64027">
        <ele>244.54</ele>
      </trkpt>
      <trkpt lat="41.93461" lon="-8.63993">
        <ele>251.78</ele>
      </trkpt>
      <trkpt lat="41.9351" lon="-8.63931">
        <ele>259.69</ele>
      </trkpt>
      <trkpt lat="41.93539" lon="-8.63893">
        <ele>260.62</ele>
      </trkpt>
      <trkpt lat="41.93572" lon="-8.63837">
        <ele>262.54</ele>
      </trkpt>
      <trkpt lat="41.93594" lon="-8.63789">
        <ele>268.53</ele>
      </trkpt>
      <trkpt lat="41.93608" lon="-8.63733">
        <ele>282.56</ele>
      </trkpt>
      <trkpt lat="41.93612" lon="-8.63693">
        <ele>282.16</ele>
      </trkpt>
      <trkpt lat="41.93613" lon="-8.63656">
        <ele>282.27</ele>
      </trkpt>
      <trkpt lat="41.93611" lon="-8.63629">
        <ele>281.63</ele>
      </trkpt>
      <trkpt lat="41.93606" lon="-8.6359">
        <ele>278.06</ele>
      </trkpt>
      <trkpt lat="41.93596" lon="-8.63552">
        <ele>275.74</ele>
      </trkpt>
      <trkpt lat="41.93586" lon="-8.63523">
        <ele>274.8</ele>
      </trkpt>
      <trkpt lat="41.93572" lon="-8.63492">
        <ele>274.58</ele>
      </trkpt>
      <trkpt lat="41.93548" lon="-8.63454">
        <ele>275.69</ele>
      </trkpt>
      <trkpt lat="41.93528" lon="-8.63427">
        <ele>274.99</ele>
      </trkpt>
      <trkpt lat="41.93474" lon="-8.63361">
        <ele>272.54</ele>
      </trkpt>
      <trkpt lat="41.93458" lon="-8.63338">
        <ele>273.47</ele>
      </trkpt>
      <trkpt lat="41.93438" lon="-8.633">
        <ele>270.3</ele>
      </trkpt>
      <trkpt lat="41.93423" lon="-8.63264">
        <ele>264.53</ele>
      </trkpt>
      <trkpt lat="41.93412" lon="-8.63231">
        <ele>263.82</ele>
      </trkpt>
      <trkpt lat="41.93404" lon="-8.63194">
        <ele>263.91</ele>
      </trkpt>
      <trkpt lat="41.934" lon="-8.63164">
        <ele>264.75</ele>
      </trkpt>
      <trkpt lat="41.93398" lon="-8.63131">
        <ele>266.42</ele>
      </trkpt>
      <trkpt lat="41.93398" lon="-8.63106">
        <ele>265.35</ele>
      </trkpt>
      <trkpt lat="41.93398" lon="-8.63076">
        <ele>263.45</ele>
      </trkpt>
      <trkpt lat="41.934" lon="-8.63033">
        <ele>261.55</ele>
      </trkpt>
      <trkpt lat="41.93399" lon="-8.63003">
        <ele>258.95</ele>
      </trkpt>
      <trkpt lat="41.93396" lon="-8.62968">
        <ele>257.88</ele>
      </trkpt>
      <trkpt lat="41.93391" lon="-8.62939">
        <ele>258.45</ele>
      </trkpt>
      <trkpt lat="41.93377" lon="-8.6287">
        <ele>261.05</ele>
      </trkpt>
      <trkpt lat="41.93369" lon="-8.62852">
        <ele>263.09</ele>
      </trkpt>
      <trkpt lat="41.9336" lon="-8.62828">
        <ele>268.1</ele>
      </trkpt>
      <trkpt lat="41.93356" lon="-8.62825">
        <ele>268.53</ele>
      </trkpt>
      <trkpt lat="41.93352" lon="-8.62822">
        <ele>268.78</ele>
      </trkpt>
      <trkpt lat="41.93348" lon="-8.62818">
        <ele>269.17</ele>
      </trkpt>
      <trkpt lat="41.93345" lon="-8.6281">
        <ele>270.84</ele>
      </trkpt>
      <trkpt lat="41.93344" lon="-8.62802">
        <ele>272.97</ele>
      </trkpt>
      <trkpt lat="41.93344" lon="-8.62793">
        <ele>275.84</ele>
      </trkpt>
      <trkpt lat="41.93346" lon="-8.62786">
        <ele>278.64</ele>
      </trkpt>
      <trkpt lat="41.9335" lon="-8.6278">
        <ele>281.54</ele>
      </trkpt>
      <trkpt lat="41.93352" lon="-8.6277">
        <ele>283.36</ele>
      </trkpt>
      <trkpt lat="41.93352" lon="-8.62764">
        <ele>283.86</ele>
      </trkpt>
      <trkpt lat="41.93347" lon="-8.62725">
        <ele>287.12</ele>
      </trkpt>
      <trkpt lat="41.93337" lon="-8.62697">
        <ele>289.91</ele>
      </trkpt>
      <trkpt lat="41.93329" lon="-8.62678">
        <ele>291.06</ele>
      </trkpt>
      <trkpt lat="41.9331" lon="-8.6264">
        <ele>288.65</ele>
      </trkpt>
      <trkpt lat="41.93182" lon="-8.62408">
        <ele>303.39</ele>
      </trkpt>
      <trkpt lat="41.93151" lon="-8.62346">
        <ele>309.36</ele>
      </trkpt>
      <trkpt lat="41.93135" lon="-8.62309">
        <ele>308.42</ele>
      </trkpt>
      <trkpt lat="41.93123" lon="-8.62271">
        <ele>305.58</ele>
      </trkpt>
      <trkpt lat="41.93116" lon="-8.62216">
        <ele>304.14</ele>
      </trkpt>
      <trkpt lat="41.93114" lon="-8.62158">
        <ele>295.83</ele>
      </trkpt>
      <trkpt lat="41.93119" lon="-8.62117">
        <ele>292.9</ele>
      </trkpt>
      <trkpt lat="41.93126" lon="-8.62087">
        <ele>289.11</ele>
      </trkpt>
      <trkpt lat="41.93135" lon="-8.62054">
        <ele>290.04</ele>
      </trkpt>
      <trkpt lat="41.93148" lon="-8.62021">
        <ele>292.2</ele>
      </trkpt>
      <trkpt lat="41.93224" lon="-8.61858">
        <ele>273.28</ele>
      </trkpt>
      <trkpt lat="41.93242" lon="-8.61809">
        <ele>277.11</ele>
      </trkpt>
      <trkpt lat="41.93252" lon="-8.61765">
        <ele>287.38</ele>
      </trkpt>
      <trkpt lat="41.93255" lon="-8.61744">
        <ele>289.86</ele>
      </trkpt>
      <trkpt lat="41.93259" lon="-8.61698">
        <ele>287.62</ele>
      </trkpt>
      <trkpt lat="41.93255" lon="-8.61651">
        <ele>288.67</ele>
      </trkpt>
      <trkpt lat="41.93236" lon="-8.61533">
        <ele>279.84</ele>
      </trkpt>
      <trkpt lat="41.93188" lon="-8.6126">
        <ele>272.18</ele>
      </trkpt>
      <trkpt lat="41.93171" lon="-8.61199">
        <ele>277.12</ele>
      </trkpt>
      <trkpt lat="41.93151" lon="-8.61152">
        <ele>276.83</ele>
      </trkpt>
      <trkpt lat="41.93126" lon="-8.61112">
        <ele>280.74</ele>
      </trkpt>
      <trkpt lat="41.93099" lon="-8.61077">
        <ele>278.31</ele>
      </trkpt>
      <trkpt lat="41.93066" lon="-8.61046">
        <ele>271.33</ele>
      </trkpt>
      <trkpt lat="41.93008" lon="-8.60998">
        <ele>278.02</ele>
      </trkpt>
      <trkpt lat="41.92942" lon="-8.60943">
        <ele>294.97</ele>
      </trkpt>
      <trkpt lat="41.9286" lon="-8.60873">
        <ele>301.16</ele>
      </trkpt>
      <trkpt lat="41.92828" lon="-8.60843">
        <ele>305.96</ele>
      </trkpt>
      <trkpt lat="41.92799" lon="-8.60807">
        <ele>309.52</ele>
      </trkpt>
      <trkpt lat="41.92767" lon="-8.60751">
        <ele>314.12</ele>
      </trkpt>
      <trkpt lat="41.92756" lon="-8.60722">
        <ele>314.49</ele>
      </trkpt>
      <trkpt lat="41.92746" lon="-8.60689">
        <ele>316.67</ele>
      </trkpt>
      <trkpt lat="41.92737" lon="-8.60656">
        <ele>317.63</ele>
      </trkpt>
      <trkpt lat="41.92701" lon="-8.60491">
        <ele>317.19</ele>
      </trkpt>
      <trkpt lat="41.9269" lon="-8.60456">
        <ele>318.69</ele>
      </trkpt>
      <trkpt lat="41.92677" lon="-8.60434">
        <ele>315.61</ele>
      </trkpt>
      <trkpt lat="41.92659" lon="-8.60417">
        <ele>311.67</ele>
      </trkpt>
      <trkpt lat="41.92654" lon="-8.60417">
        <ele>310.77</ele>
      </trkpt>
      <trkpt lat="41.9265" lon="-8.60415">
        <ele>309.54</ele>
      </trkpt>
      <trkpt lat="41.92645" lon="-8.60412">
        <ele>307.94</ele>
      </trkpt>
      <trkpt lat="41.92642" lon="-8.60408">
        <ele>306.55</ele>
      </trkpt>
      <trkpt lat="41.92639" lon="-8.60402">
        <ele>304.84</ele>
      </trkpt>
      <trkpt lat="41.92637" lon="-8.60396">
        <ele>303.5</ele>
      </trkpt>
      <trkpt lat="41.92637" lon="-8.6039">
        <ele>302.29</ele>
      </trkpt>
      <trkpt lat="41.92637" lon="-8.60383">
        <ele>300.19</ele>
      </trkpt>
      <trkpt lat="41.92639" lon="-8.60377">
        <ele>298.15</ele>
      </trkpt>
      <trkpt lat="41.92637" lon="-8.60365">
        <ele>294.44</ele>
      </trkpt>
      <trkpt lat="41.92626" lon="-8.60328">
        <ele>285.92</ele>
      </trkpt>
      <trkpt lat="41.92615" lon="-8.60306">
        <ele>282.1</ele>
      </trkpt>
      <trkpt lat="41.92605" lon="-8.6028">
        <ele>277.27</ele>
      </trkpt>
      <trkpt lat="41.92598" lon="-8.60253">
        <ele>272.49</ele>
      </trkpt>
      <trkpt lat="41.92592" lon="-8.60221">
        <ele>267.93</ele>
      </trkpt>
      <trkpt lat="41.92588" lon="-8.60188">
        <ele>265.86</ele>
      </trkpt>
      <trkpt lat="41.92585" lon="-8.60073">
        <ele>253.98</ele>
      </trkpt>
      <trkpt lat="41.92584" lon="-8.5963">
        <ele>242.2</ele>
      </trkpt>
      <trkpt lat="41.92586" lon="-8.59594">
        <ele>247.8</ele>
      </trkpt>
      <trkpt lat="41.92591" lon="-8.59558">
        <ele>256.69</ele>
      </trkpt>
      <trkpt lat="41.926" lon="-8.59516">
        <ele>263.15</ele>
      </trkpt>
      <trkpt lat="41.92638" lon="-8.59357">
        <ele>277.67</ele>
      </trkpt>
      <trkpt lat="41.92649" lon="-8.59285">
        <ele>277.81</ele>
      </trkpt>
      <trkpt lat="41.92656" lon="-8.59231">
        <ele>280.95</ele>
      </trkpt>
      <trkpt lat="41.92659" lon="-8.59179">
        <ele>281.48</ele>
      </trkpt>
      <trkpt lat="41.92661" lon="-8.59098">
        <ele>276.82</ele>
      </trkpt>
      <trkpt lat="41.92659" lon="-8.59053">
        <ele>270.24</ele>
      </trkpt>
      <trkpt lat="41.92656" lon="-8.59028">
        <ele>270.46</ele>
      </trkpt>
      <trkpt lat="41.92652" lon="-8.59008">
        <ele>271.31</ele>
      </trkpt>
      <trkpt lat="41.92645" lon="-8.58984">
        <ele>272.61</ele>
      </trkpt>
      <trkpt lat="41.92637" lon="-8.58961">
        <ele>274.53</ele>
      </trkpt>
      <trkpt lat="41.92622" lon="-8.5893">
        <ele>276.85</ele>
      </trkpt>
      <trkpt lat="41.92614" lon="-8.58916">
        <ele>278.2</ele>
      </trkpt>
      <trkpt lat="41.92602" lon="-8.58899">
        <ele>280.54</ele>
      </trkpt>
      <trkpt lat="41.9243" lon="-8.58705">
        <ele>297.12</ele>
      </trkpt>
      <trkpt lat="41.92415" lon="-8.58691">
        <ele>295.2</ele>
      </trkpt>
      <trkpt lat="41.92402" lon="-8.58682">
        <ele>294.15</ele>
      </trkpt>
      <trkpt lat="41.92378" lon="-8.58668">
        <ele>291.47</ele>
      </trkpt>
      <trkpt lat="41.92357" lon="-8.58645">
        <ele>292.03</ele>
      </trkpt>
      <trkpt lat="41.92354" lon="-8.58645">
        <ele>292.13</ele>
      </trkpt>
      <trkpt lat="41.9235" lon="-8.58643">
        <ele>292.5</ele>
      </trkpt>
      <trkpt lat="41.92347" lon="-8.5864">
        <ele>292.88</ele>
      </trkpt>
      <trkpt lat="41.92345" lon="-8.58636">
        <ele>293.47</ele>
      </trkpt>
      <trkpt lat="41.92344" lon="-8.58632">
        <ele>294.07</ele>
      </trkpt>
      <trkpt lat="41.92344" lon="-8.58627">
        <ele>294.84</ele>
      </trkpt>
      <trkpt lat="41.92345" lon="-8.5862">
        <ele>296.07</ele>
      </trkpt>
      <trkpt lat="41.92343" lon="-8.58611">
        <ele>297.11</ele>
      </trkpt>
      <trkpt lat="41.9234" lon="-8.586">
        <ele>298.55</ele>
      </trkpt>
      <trkpt lat="41.9232" lon="-8.58572">
        <ele>298.64</ele>
      </trkpt>
      <trkpt lat="41.92156" lon="-8.58266">
        <ele>317.58</ele>
      </trkpt>
      <trkpt lat="41.92151" lon="-8.58256">
        <ele>316.93</ele>
      </trkpt>
      <trkpt lat="41.92145" lon="-8.58241">
        <ele>315.87</ele>
      </trkpt>
      <trkpt lat="41.92143" lon="-8.58228">
        <ele>314.8</ele>
      </trkpt>
      <trkpt lat="41.92143" lon="-8.58219">
        <ele>314.16</ele>
      </trkpt>
      <trkpt lat="41.92144" lon="-8.58209">
        <ele>313.8</ele>
      </trkpt>
      <trkpt lat="41.92202" lon="-8.57941">
        <ele>301.42</ele>
      </trkpt>
      <trkpt lat="41.92204" lon="-8.57926">
        <ele>298.97</ele>
      </trkpt>
      <trkpt lat="41.92204" lon="-8.57915">
        <ele>297.55</ele>
      </trkpt>
      <trkpt lat="41.92201" lon="-8.57904">
        <ele>297.36</ele>
      </trkpt>
      <trkpt lat="41.92195" lon="-8.57892">
        <ele>297.18</ele>
      </trkpt>
      <trkpt lat="41.91975" lon="-8.57574">
        <ele>281.37</ele>
      </trkpt>
      <trkpt lat="41.91975" lon="-8.57574">
        <ele>281.37</ele>
      </trkpt>
      <trkpt lat="41.91906" lon="-8.57474">
        <ele>284.73</ele>
      </trkpt>
      <trkpt lat="41.91897" lon="-8.57464">
        <ele>282.52</ele>
      </trkpt>
      <trkpt lat="41.91793" lon="-8.574">
        <ele>281.82</ele>
      </trkpt>
      <trkpt lat="41.91764" lon="-8.57369">
        <ele>286.5</ele>
      </trkpt>
      <trkpt lat="41.91754" lon="-8.57363">
        <ele>287.69</ele>
      </trkpt>
      <trkpt lat="41.91746" lon="-8.57362">
        <ele>288.82</ele>
      </trkpt>
      <trkpt lat="41.91738" lon="-8.57365">
        <ele>290.55</ele>
      </trkpt>
      <trkpt lat="41.91711" lon="-8.57385">
        <ele>298.95</ele>
      </trkpt>
      <trkpt lat="41.91705" lon="-8.57386">
        <ele>300.75</ele>
      </trkpt>
      <trkpt lat="41.91698" lon="-8.57386">
        <ele>302.77</ele>
      </trkpt>
      <trkpt lat="41.91691" lon="-8.57383">
        <ele>303.4</ele>
      </trkpt>
      <trkpt lat="41.91684" lon="-8.57378">
        <ele>302.55</ele>
      </trkpt>
      <trkpt lat="41.91679" lon="-8.57369">
        <ele>301.22</ele>
      </trkpt>
      <trkpt lat="41.91675" lon="-8.57358">
        <ele>299.51</ele>
      </trkpt>
      <trkpt lat="41.91674" lon="-8.57344">
        <ele>297.75</ele>
      </trkpt>
      <trkpt lat="41.91677" lon="-8.57313">
        <ele>292.41</ele>
      </trkpt>
      <trkpt lat="41.91678" lon="-8.57302">
        <ele>290.41</ele>
      </trkpt>
      <trkpt lat="41.91675" lon="-8.57291">
        <ele>288.54</ele>
      </trkpt>
      <trkpt lat="41.9167" lon="-8.57281">
        <ele>286.69</ele>
      </trkpt>
      <trkpt lat="41.91663" lon="-8.57271">
        <ele>286.32</ele>
      </trkpt>
      <trkpt lat="41.91609" lon="-8.57243">
        <ele>287.62</ele>
      </trkpt>
      <trkpt lat="41.91598" lon="-8.57234">
        <ele>286.22</ele>
      </trkpt>
      <trkpt lat="41.91524" lon="-8.57123">
        <ele>287.74</ele>
      </trkpt>
      <trkpt lat="41.91518" lon="-8.57111">
        <ele>289.83</ele>
      </trkpt>
      <trkpt lat="41.91513" lon="-8.57095">
        <ele>293.19</ele>
      </trkpt>
      <trkpt lat="41.91508" lon="-8.57061">
        <ele>296.17</ele>
      </trkpt>
      <trkpt lat="41.91498" lon="-8.57039">
        <ele>298.43</ele>
      </trkpt>
      <trkpt lat="41.91495" lon="-8.57032">
        <ele>298.64</ele>
      </trkpt>
      <trkpt lat="41.91479" lon="-8.57015">
        <ele>298.18</ele>
      </trkpt>
      <trkpt lat="41.91462" lon="-8.57002">
        <ele>298.19</ele>
      </trkpt>
      <trkpt lat="41.91451" lon="-8.56991">
        <ele>299.23</ele>
      </trkpt>
      <trkpt lat="41.91442" lon="-8.56975">
        <ele>302.96</ele>
      </trkpt>
      <trkpt lat="41.91438" lon="-8.56973">
        <ele>303.1</ele>
      </trkpt>
      <trkpt lat="41.9143" lon="-8.56956">
        <ele>305.17</ele>
      </trkpt>
      <trkpt lat="41.91424" lon="-8.56939">
        <ele>309.06</ele>
      </trkpt>
      <trkpt lat="41.91393" lon="-8.568">
        <ele>310.92</ele>
      </trkpt>
      <trkpt lat="41.91386" lon="-8.56777">
        <ele>313.93</ele>
      </trkpt>
      <trkpt lat="41.91378" lon="-8.56758">
        <ele>314.88</ele>
      </trkpt>
      <trkpt lat="41.91366" lon="-8.56736">
        <ele>316.83</ele>
      </trkpt>
      <trkpt lat="41.91338" lon="-8.56693">
        <ele>322.23</ele>
      </trkpt>
      <trkpt lat="41.91323" lon="-8.56679">
        <ele>326.9</ele>
      </trkpt>
      <trkpt lat="41.91278" lon="-8.56619">
        <ele>342.65</ele>
      </trkpt>
      <trkpt lat="41.91264" lon="-8.56605">
        <ele>344.25</ele>
      </trkpt>
      <trkpt lat="41.91257" lon="-8.56599">
        <ele>346.02</ele>
      </trkpt>
      <trkpt lat="41.91254" lon="-8.56599">
        <ele>346.87</ele>
      </trkpt>
      <trkpt lat="41.91242" lon="-8.56616">
        <ele>351.31</ele>
      </trkpt>
      <trkpt lat="41.91231" lon="-8.56647">
        <ele>356.73</ele>
      </trkpt>
      <trkpt lat="41.91227" lon="-8.56651">
        <ele>357.64</ele>
      </trkpt>
      <trkpt lat="41.91225" lon="-8.56652">
        <ele>358.01</ele>
      </trkpt>
      <trkpt lat="41.91219" lon="-8.56652">
        <ele>359.62</ele>
      </trkpt>
      <trkpt lat="41.91216" lon="-8.5665">
        <ele>360.66</ele>
      </trkpt>
      <trkpt lat="41.91214" lon="-8.56648">
        <ele>361.33</ele>
      </trkpt>
      <trkpt lat="41.91205" lon="-8.56629">
        <ele>364.05</ele>
      </trkpt>
      <trkpt lat="41.91199" lon="-8.56622">
        <ele>366.1</ele>
      </trkpt>
      <trkpt lat="41.91194" lon="-8.56619">
        <ele>367.83</ele>
      </trkpt>
      <trkpt lat="41.91163" lon="-8.56607">
        <ele>372.44</ele>
      </trkpt>
      <trkpt lat="41.91157" lon="-8.56607">
        <ele>372.01</ele>
      </trkpt>
      <trkpt lat="41.91151" lon="-8.56609">
        <ele>371.72</ele>
      </trkpt>
      <trkpt lat="41.91147" lon="-8.56613">
        <ele>371.94</ele>
      </trkpt>
      <trkpt lat="41.91146" lon="-8.5662">
        <ele>373.19</ele>
      </trkpt>
      <trkpt lat="41.91147" lon="-8.56627">
        <ele>374.61</ele>
      </trkpt>
      <trkpt lat="41.91153" lon="-8.56645">
        <ele>377.96</ele>
      </trkpt>
      <trkpt lat="41.91154" lon="-8.56654">
        <ele>378.62</ele>
      </trkpt>
      <trkpt lat="41.91153" lon="-8.56663">
        <ele>379.23</ele>
      </trkpt>
      <trkpt lat="41.9115" lon="-8.5667">
        <ele>380.01</ele>
      </trkpt>
      <trkpt lat="41.91145" lon="-8.56675">
        <ele>381.29</ele>
      </trkpt>
      <trkpt lat="41.91136" lon="-8.56682">
        <ele>384.28</ele>
      </trkpt>
      <trkpt lat="41.91112" lon="-8.56693">
        <ele>390.51</ele>
      </trkpt>
      <trkpt lat="41.91098" lon="-8.56697">
        <ele>390.48</ele>
      </trkpt>
      <trkpt lat="41.91086" lon="-8.56697">
        <ele>390.09</ele>
      </trkpt>
      <trkpt lat="41.91073" lon="-8.56696">
        <ele>390.02</ele>
      </trkpt>
      <trkpt lat="41.91065" lon="-8.56694">
        <ele>389.97</ele>
      </trkpt>
      <trkpt lat="41.91058" lon="-8.56691">
        <ele>389.76</ele>
      </trkpt>
      <trkpt lat="41.91052" lon="-8.56686">
        <ele>390.39</ele>
      </trkpt>
      <trkpt lat="41.9104" lon="-8.56671">
        <ele>391.46</ele>
      </trkpt>
      <trkpt lat="41.91035" lon="-8.56668">
        <ele>391.94</ele>
      </trkpt>
      <trkpt lat="41.91032" lon="-8.56668">
        <ele>392.5</ele>
      </trkpt>
      <trkpt lat="41.91029" lon="-8.5667">
        <ele>393.48</ele>
      </trkpt>
      <trkpt lat="41.91026" lon="-8.56677">
        <ele>396.04</ele>
      </trkpt>
      <trkpt lat="41.91026" lon="-8.56688">
        <ele>398.39</ele>
      </trkpt>
      <trkpt lat="41.91024" lon="-8.56698">
        <ele>400.61</ele>
      </trkpt>
      <trkpt lat="41.91021" lon="-8.56704">
        <ele>401.84</ele>
      </trkpt>
      <trkpt lat="41.91015" lon="-8.56714">
        <ele>404.2</ele>
      </trkpt>
      <trkpt lat="41.91009" lon="-8.5672">
        <ele>406.49</ele>
      </trkpt>
      <trkpt lat="41.90995" lon="-8.56727">
        <ele>409.76</ele>
      </trkpt>
      <trkpt lat="41.90986" lon="-8.56737">
        <ele>408.95</ele>
      </trkpt>
      <trkpt lat="41.90972" lon="-8.56748">
        <ele>409.76</ele>
      </trkpt>
      <trkpt lat="41.90957" lon="-8.56756">
        <ele>409.88</ele>
      </trkpt>
      <trkpt lat="41.90948" lon="-8.56758">
        <ele>411.63</ele>
      </trkpt>
      <trkpt lat="41.90939" lon="-8.56756">
        <ele>414.56</ele>
      </trkpt>
      <trkpt lat="41.90949" lon="-8.56743">
        <ele>415.07</ele>
      </trkpt>
      <trkpt lat="41.90961" lon="-8.56724">
        <ele>419.25</ele>
      </trkpt>
      <trkpt lat="41.90979" lon="-8.56686">
        <ele>417.5</ele>
      </trkpt>
      <trkpt lat="41.9098" lon="-8.5668">
        <ele>416.35</ele>
      </trkpt>
      <trkpt lat="41.90981" lon="-8.56665">
        <ele>413.87</ele>
      </trkpt>
      <trkpt lat="41.90979" lon="-8.56655">
        <ele>412.77</ele>
      </trkpt>
      <trkpt lat="41.90977" lon="-8.56647">
        <ele>412.15</ele>
      </trkpt>
      <trkpt lat="41.90974" lon="-8.56639">
        <ele>412.12</ele>
      </trkpt>
      <trkpt lat="41.90964" lon="-8.56621">
        <ele>412.6</ele>
      </trkpt>
      <trkpt lat="41.90964" lon="-8.56621">
        <ele>412.6</ele>
      </trkpt>
      <trkpt lat="41.90953" lon="-8.566">
        <ele>415.75</ele>
      </trkpt>
      <trkpt lat="41.90951" lon="-8.56592">
        <ele>416.0</ele>
      </trkpt>
      <trkpt lat="41.90941" lon="-8.56543">
        <ele>420.07</ele>
      </trkpt>
      <trkpt lat="41.90941" lon="-8.56529">
        <ele>422.53</ele>
      </trkpt>
      <trkpt lat="41.90942" lon="-8.56522">
        <ele>422.17</ele>
      </trkpt>
      <trkpt lat="41.90944" lon="-8.56515">
        <ele>421.2</ele>
      </trkpt>
      <trkpt lat="41.90975" lon="-8.56438">
        <ele>419.98</ele>
      </trkpt>
      <trkpt lat="41.90981" lon="-8.56419">
        <ele>417.85</ele>
      </trkpt>
      <trkpt lat="41.90982" lon="-8.56408">
        <ele>416.56</ele>
      </trkpt>
      <trkpt lat="41.90981" lon="-8.56379">
        <ele>412.48</ele>
      </trkpt>
      <trkpt lat="41.90972" lon="-8.5631">
        <ele>406.17</ele>
      </trkpt>
      <trkpt lat="41.90965" lon="-8.56286">
        <ele>405.48</ele>
      </trkpt>
      <trkpt lat="41.90963" lon="-8.56281">
        <ele>405.48</ele>
      </trkpt>
      <trkpt lat="41.90961" lon="-8.56279">
        <ele>405.67</ele>
      </trkpt>
      <trkpt lat="41.90959" lon="-8.56277">
        <ele>405.85</ele>
      </trkpt>
      <trkpt lat="41.90957" lon="-8.56273">
        <ele>405.85</ele>
      </trkpt>
      <trkpt lat="41.90953" lon="-8.56268">
        <ele>406.06</ele>
      </trkpt>
      <trkpt lat="41.90948" lon="-8.56264">
        <ele>406.5</ele>
      </trkpt>
      <trkpt lat="41.90919" lon="-8.56256">
        <ele>411.53</ele>
      </trkpt>
      <trkpt lat="41.90892" lon="-8.56252">
        <ele>415.68</ele>
      </trkpt>
      <trkpt lat="41.90874" lon="-8.56255">
        <ele>417.09</ele>
      </trkpt>
      <trkpt lat="41.90848" lon="-8.56264">
        <ele>419.72</ele>
      </trkpt>
      <trkpt lat="41.90842" lon="-8.56265">
        <ele>420.11</ele>
      </trkpt>
      <trkpt lat="41.90839" lon="-8.56267">
        <ele>420.37</ele>
      </trkpt>
      <trkpt lat="41.90829" lon="-8.56269">
        <ele>421.0</ele>
      </trkpt>
      <trkpt lat="41.90821" lon="-8.56269">
        <ele>421.57</ele>
      </trkpt>
      <trkpt lat="41.90813" lon="-8.56266">
        <ele>422.04</ele>
      </trkpt>
      <trkpt lat="41.90798" lon="-8.56254">
        <ele>422.49</ele>
      </trkpt>
      <trkpt lat="41.90774" lon="-8.56229">
        <ele>422.75</ele>
      </trkpt>
      <trkpt lat="41.9077" lon="-8.56222">
        <ele>423.81</ele>
      </trkpt>
      <trkpt lat="41.90768" lon="-8.56213">
        <ele>424.74</ele>
      </trkpt>
      <trkpt lat="41.90768" lon="-8.56202">
        <ele>424.99</ele>
      </trkpt>
      <trkpt lat="41.90767" lon="-8.56196">
        <ele>425.46</ele>
      </trkpt>
      <trkpt lat="41.90771" lon="-8.56174">
        <ele>424.2</ele>
      </trkpt>
      <trkpt lat="41.90776" lon="-8.56156">
        <ele>422.14</ele>
      </trkpt>
      <trkpt lat="41.90776" lon="-8.5614">
        <ele>421.49</ele>
      </trkpt>
      <trkpt lat="41.90768" lon="-8.56104">
        <ele>420.23</ele>
      </trkpt>
      <trkpt lat="41.90748" lon="-8.56026">
        <ele>419.24</ele>
      </trkpt>
      <trkpt lat="41.90743" lon="-8.56015">
        <ele>419.13</ele>
      </trkpt>
      <trkpt lat="41.90738" lon="-8.56006">
        <ele>419.24</ele>
      </trkpt>
      <trkpt lat="41.90732" lon="-8.55998">
        <ele>419.93</ele>
      </trkpt>
      <trkpt lat="41.90723" lon="-8.55992">
        <ele>422.11</ele>
      </trkpt>
      <trkpt lat="41.90627" lon="-8.55928">
        <ele>422.36</ele>
      </trkpt>
      <trkpt lat="41.90617" lon="-8.55917">
        <ele>422.99</ele>
      </trkpt>
      <trkpt lat="41.90609" lon="-8.55904">
        <ele>426.05</ele>
      </trkpt>
      <trkpt lat="41.90606" lon="-8.55889">
        <ele>429.35</ele>
      </trkpt>
      <trkpt lat="41.90607" lon="-8.55872">
        <ele>435.62</ele>
      </trkpt>
      <trkpt lat="41.90611" lon="-8.55858">
        <ele>441.34</ele>
      </trkpt>
      <trkpt lat="41.90619" lon="-8.55842">
        <ele>447.58</ele>
      </trkpt>
      <trkpt lat="41.90642" lon="-8.55798">
        <ele>457.27</ele>
      </trkpt>
      <trkpt lat="41.90648" lon="-8.55783">
        <ele>457.08</ele>
      </trkpt>
      <trkpt lat="41.90654" lon="-8.55765">
        <ele>459.8</ele>
      </trkpt>
      <trkpt lat="41.90667" lon="-8.55706">
        <ele>463.38</ele>
      </trkpt>
      <trkpt lat="41.90669" lon="-8.55691">
        <ele>461.8</ele>
      </trkpt>
      <trkpt lat="41.90669" lon="-8.55677">
        <ele>458.27</ele>
      </trkpt>
      <trkpt lat="41.90667" lon="-8.55663">
        <ele>454.51</ele>
      </trkpt>
      <trkpt lat="41.90663" lon="-8.5565">
        <ele>449.4</ele>
      </trkpt>
      <trkpt lat="41.90658" lon="-8.55638">
        <ele>445.49</ele>
      </trkpt>
      <trkpt lat="41.90651" lon="-8.55627">
        <ele>445.01</ele>
      </trkpt>
      <trkpt lat="41.90644" lon="-8.55618">
        <ele>445.8</ele>
      </trkpt>
      <trkpt lat="41.90635" lon="-8.55609">
        <ele>447.07</ele>
      </trkpt>
      <trkpt lat="41.90485" lon="-8.55499">
        <ele>467.3</ele>
      </trkpt>
      <trkpt lat="41.90428" lon="-8.55456">
        <ele>464.8</ele>
      </trkpt>
      <trkpt lat="41.90428" lon="-8.55456">
        <ele>464.8</ele>
      </trkpt>
      <trkpt lat="41.90428" lon="-8.55456">
        <ele>464.8</ele>
      </trkpt>
      <trkpt lat="41.90416" lon="-8.5545">
        <ele>466.46</ele>
      </trkpt>
      <trkpt lat="41.90403" lon="-8.55446">
        <ele>467.87</ele>
      </trkpt>
      <trkpt lat="41.9039" lon="-8.55444">
        <ele>468.94</ele>
      </trkpt>
      <trkpt lat="41.90376" lon="-8.55447">
        <ele>469.75</ele>
      </trkpt>
      <trkpt lat="41.90211" lon="-8.55502">
        <ele>497.15</ele>
      </trkpt>
      <trkpt lat="41.90194" lon="-8.55507">
        <ele>496.0</ele>
      </trkpt>
      <trkpt lat="41.90179" lon="-8.55508">
        <ele>495.84</ele>
      </trkpt>
      <trkpt lat="41.9014" lon="-8.555">
        <ele>497.92</ele>
      </trkpt>
      <trkpt lat="41.90125" lon="-8.55499">
        <ele>499.04</ele>
      </trkpt>
      <trkpt lat="41.90108" lon="-8.55502">
        <ele>500.46</ele>
      </trkpt>
      <trkpt lat="41.90087" lon="-8.5551">
        <ele>502.39</ele>
      </trkpt>
      <trkpt lat="41.90049" lon="-8.55527">
        <ele>506.26</ele>
      </trkpt>
      <trkpt lat="41.90018" lon="-8.55538">
        <ele>507.44</ele>
      </trkpt>
      <trkpt lat="41.90006" lon="-8.55542">
        <ele>506.8</ele>
      </trkpt>
      <trkpt lat="41.89993" lon="-8.55543">
        <ele>505.69</ele>
      </trkpt>
      <trkpt lat="41.89986" lon="-8.55544">
        <ele>504.86</ele>
      </trkpt>
      <trkpt lat="41.89964" lon="-8.55544">
        <ele>505.17</ele>
      </trkpt>
      <trkpt lat="41.89787" lon="-8.55533">
        <ele>513.59</ele>
      </trkpt>
      <trkpt lat="41.89767" lon="-8.5553">
        <ele>517.36</ele>
      </trkpt>
      <trkpt lat="41.89753" lon="-8.55526">
        <ele>520.24</ele>
      </trkpt>
      <trkpt lat="41.89514" lon="-8.55401">
        <ele>516.42</ele>
      </trkpt>
      <trkpt lat="41.89498" lon="-8.55396">
        <ele>518.02</ele>
      </trkpt>
      <trkpt lat="41.89483" lon="-8.55393">
        <ele>518.09</ele>
      </trkpt>
      <trkpt lat="41.89469" lon="-8.55394">
        <ele>518.03</ele>
      </trkpt>
      <trkpt lat="41.89453" lon="-8.55398">
        <ele>517.18</ele>
      </trkpt>
      <trkpt lat="41.89443" lon="-8.55402">
        <ele>516.53</ele>
      </trkpt>
      <trkpt lat="41.89434" lon="-8.55408">
        <ele>516.31</ele>
      </trkpt>
      <trkpt lat="41.89424" lon="-8.55416">
        <ele>516.02</ele>
      </trkpt>
      <trkpt lat="41.89411" lon="-8.5543">
        <ele>516.97</ele>
      </trkpt>
      <trkpt lat="41.894" lon="-8.55439">
        <ele>517.24</ele>
      </trkpt>
      <trkpt lat="41.89388" lon="-8.55446">
        <ele>517.12</ele>
      </trkpt>
      <trkpt lat="41.89375" lon="-8.55446">
        <ele>518.06</ele>
      </trkpt>
      <trkpt lat="41.89361" lon="-8.55442">
        <ele>519.04</ele>
      </trkpt>
      <trkpt lat="41.89329" lon="-8.55427">
        <ele>527.84</ele>
      </trkpt>
      <trkpt lat="41.89315" lon="-8.55422">
        <ele>529.17</ele>
      </trkpt>
      <trkpt lat="41.89307" lon="-8.5542">
        <ele>529.96</ele>
      </trkpt>
      <trkpt lat="41.89292" lon="-8.55419">
        <ele>528.17</ele>
      </trkpt>
      <trkpt lat="41.89235" lon="-8.55421">
        <ele>529.85</ele>
      </trkpt>
      <trkpt lat="41.89093" lon="-8.5543">
        <ele>517.71</ele>
      </trkpt>
      <trkpt lat="41.89073" lon="-8.55433">
        <ele>517.59</ele>
      </trkpt>
      <trkpt lat="41.89059" lon="-8.55438">
        <ele>518.55</ele>
      </trkpt>
      <trkpt lat="41.89003" lon="-8.55465">
        <ele>517.11</ele>
      </trkpt>
      <trkpt lat="41.8899" lon="-8.55468">
        <ele>518.44</ele>
      </trkpt>
      <trkpt lat="41.88973" lon="-8.5547">
        <ele>520.89</ele>
      </trkpt>
      <trkpt lat="41.88938" lon="-8.55468">
        <ele>523.08</ele>
      </trkpt>
      <trkpt lat="41.88898" lon="-8.55465">
        <ele>520.72</ele>
      </trkpt>
      <trkpt lat="41.88863" lon="-8.55457">
        <ele>524.11</ele>
      </trkpt>
      <trkpt lat="41.88685" lon="-8.55394">
        <ele>526.95</ele>
      </trkpt>
      <trkpt lat="41.8865" lon="-8.55385">
        <ele>524.76</ele>
      </trkpt>
      <trkpt lat="41.88572" lon="-8.55362">
        <ele>526.78</ele>
      </trkpt>
      <trkpt lat="41.88562" lon="-8.55357">
        <ele>527.9</ele>
      </trkpt>
      <trkpt lat="41.88474" lon="-8.55336">
        <ele>529.88</ele>
      </trkpt>
      <trkpt lat="41.88416" lon="-8.55324">
        <ele>523.42</ele>
      </trkpt>
      <trkpt lat="41.88399" lon="-8.55324">
        <ele>525.46</ele>
      </trkpt>
      <trkpt lat="41.8838" lon="-8.55329">
        <ele>528.82</ele>
      </trkpt>
      <trkpt lat="41.88322" lon="-8.55369">
        <ele>535.74</ele>
      </trkpt>
      <trkpt lat="41.88309" lon="-8.55384">
        <ele>535.31</ele>
      </trkpt>
      <trkpt lat="41.88301" lon="-8.55402">
        <ele>534.57</ele>
      </trkpt>
      <trkpt lat="41.88261" lon="-8.55519">
        <ele>534.99</ele>
      </trkpt>
      <trkpt lat="41.88254" lon="-8.55536">
        <ele>534.51</ele>
      </trkpt>
      <trkpt lat="41.88246" lon="-8.55552">
        <ele>533.38</ele>
      </trkpt>
      <trkpt lat="41.88238" lon="-8.55562">
        <ele>532.67</ele>
      </trkpt>
      <trkpt lat="41.88228" lon="-8.55571">
        <ele>532.18</ele>
      </trkpt>
      <trkpt lat="41.88215" lon="-8.5558">
        <ele>532.28</ele>
      </trkpt>
      <trkpt lat="41.88201" lon="-8.55584">
        <ele>534.35</ele>
      </trkpt>
      <trkpt lat="41.88174" lon="-8.55585">
        <ele>535.34</ele>
      </trkpt>
      <trkpt lat="41.88147" lon="-8.55591">
        <ele>533.23</ele>
      </trkpt>
      <trkpt lat="41.88141" lon="-8.55596">
        <ele>532.17</ele>
      </trkpt>
      <trkpt lat="41.88136" lon="-8.55601">
        <ele>532.3</ele>
      </trkpt>
      <trkpt lat="41.88132" lon="-8.55608">
        <ele>532.21</ele>
      </trkpt>
      <trkpt lat="41.88128" lon="-8.55617">
        <ele>532.11</ele>
      </trkpt>
      <trkpt lat="41.88126" lon="-8.55628">
        <ele>531.45</ele>
      </trkpt>
      <trkpt lat="41.88117" lon="-8.55709">
        <ele>537.51</ele>
      </trkpt>
      <trkpt lat="41.88109" lon="-8.55734">
        <ele>542.23</ele>
      </trkpt>
      <trkpt lat="41.88099" lon="-8.55751">
        <ele>544.93</ele>
      </trkpt>
      <trkpt lat="41.88082" lon="-8.55767">
        <ele>543.26</ele>
      </trkpt>
      <trkpt lat="41.88064" lon="-8.55776">
        <ele>543.21</ele>
      </trkpt>
      <trkpt lat="41.88038" lon="-8.55786">
        <ele>545.98</ele>
      </trkpt>
      <trkpt lat="41.88001" lon="-8.55786">
        <ele>550.71</ele>
      </trkpt>
      <trkpt lat="41.87924" lon="-8.55781">
        <ele>546.98</ele>
      </trkpt>
      <trkpt lat="41.87907" lon="-8.55781">
        <ele>548.05</ele>
      </trkpt>
      <trkpt lat="41.87753" lon="-8.55814">
        <ele>566.62</ele>
      </trkpt>
      <trkpt lat="41.87738" lon="-8.55812">
        <ele>565.34</ele>
      </trkpt>
      <trkpt lat="41.87692" lon="-8.55774">
        <ele>568.34</ele>
      </trkpt>
      <trkpt lat="41.87675" lon="-8.55772">
        <ele>566.39</ele>
      </trkpt>
      <trkpt lat="41.87667" lon="-8.55774">
        <ele>564.86</ele>
      </trkpt>
      <trkpt lat="41.87658" lon="-8.55778">
        <ele>566.14</ele>
      </trkpt>
      <trkpt lat="41.87635" lon="-8.55802">
        <ele>565.28</ele>
      </trkpt>
      <trkpt lat="41.87619" lon="-8.55818">
        <ele>564.36</ele>
      </trkpt>
      <trkpt lat="41.87605" lon="-8.55827">
        <ele>562.89</ele>
      </trkpt>
      <trkpt lat="41.87594" lon="-8.5583">
        <ele>560.23</ele>
      </trkpt>
      <trkpt lat="41.87584" lon="-8.55831">
        <ele>557.97</ele>
      </trkpt>
      <trkpt lat="41.87576" lon="-8.5583">
        <ele>555.99</ele>
      </trkpt>
      <trkpt lat="41.87569" lon="-8.55828">
        <ele>554.49</ele>
      </trkpt>
      <trkpt lat="41.8756" lon="-8.55823">
        <ele>553.06</ele>
      </trkpt>
      <trkpt lat="41.87546" lon="-8.55811">
        <ele>553.73</ele>
      </trkpt>
      <trkpt lat="41.87491" lon="-8.55737">
        <ele>564.07</ele>
      </trkpt>
      <trkpt lat="41.87481" lon="-8.55719">
        <ele>565.22</ele>
      </trkpt>
      <trkpt lat="41.87477" lon="-8.55699">
        <ele>566.33</ele>
      </trkpt>
      <trkpt lat="41.87472" lon="-8.55672">
        <ele>566.77</ele>
      </trkpt>
      <trkpt lat="41.87464" lon="-8.55653">
        <ele>566.21</ele>
      </trkpt>
      <trkpt lat="41.87453" lon="-8.55642">
        <ele>564.09</ele>
      </trkpt>
      <trkpt lat="41.87443" lon="-8.55637">
        <ele>561.79</ele>
      </trkpt>
      <trkpt lat="41.87428" lon="-8.55634">
        <ele>560.46</ele>
      </trkpt>
      <trkpt lat="41.8735" lon="-8.55659">
        <ele>574.05</ele>
      </trkpt>
      <trkpt lat="41.87326" lon="-8.55665">
        <ele>573.24</ele>
      </trkpt>
      <trkpt lat="41.8731" lon="-8.55671">
        <ele>572.17</ele>
      </trkpt>
      <trkpt lat="41.87293" lon="-8.55685">
        <ele>570.44</ele>
      </trkpt>
      <trkpt lat="41.87281" lon="-8.55705">
        <ele>568.62</ele>
      </trkpt>
      <trkpt lat="41.87256" lon="-8.55743">
        <ele>564.25</ele>
      </trkpt>
      <trkpt lat="41.87233" lon="-8.55757">
        <ele>561.26</ele>
      </trkpt>
      <trkpt lat="41.87218" lon="-8.55762">
        <ele>559.04</ele>
      </trkpt>
      <trkpt lat="41.87209" lon="-8.55762">
        <ele>558.25</ele>
      </trkpt>
      <trkpt lat="41.87187" lon="-8.55759">
        <ele>556.38</ele>
      </trkpt>
      <trkpt lat="41.87164" lon="-8.55748">
        <ele>553.93</ele>
      </trkpt>
      <trkpt lat="41.87145" lon="-8.55727">
        <ele>555.76</ele>
      </trkpt>
      <trkpt lat="41.87078" lon="-8.55619">
        <ele>552.75</ele>
      </trkpt>
      <trkpt lat="41.87067" lon="-8.55606">
        <ele>552.14</ele>
      </trkpt>
      <trkpt lat="41.87055" lon="-8.55598">
        <ele>550.34</ele>
      </trkpt>
      <trkpt lat="41.87045" lon="-8.55596">
        <ele>550.31</ele>
      </trkpt>
      <trkpt lat="41.8703" lon="-8.55601">
        <ele>549.15</ele>
      </trkpt>
      <trkpt lat="41.87023" lon="-8.55607">
        <ele>550.09</ele>
      </trkpt>
      <trkpt lat="41.87017" lon="-8.55614">
        <ele>551.92</ele>
      </trkpt>
      <trkpt lat="41.87011" lon="-8.55631">
        <ele>554.47</ele>
      </trkpt>
      <trkpt lat="41.87007" lon="-8.55649">
        <ele>556.77</ele>
      </trkpt>
      <trkpt lat="41.86979" lon="-8.55797">
        <ele>570.77</ele>
      </trkpt>
      <trkpt lat="41.86975" lon="-8.5582">
        <ele>575.1</ele>
      </trkpt>
      <trkpt lat="41.86975" lon="-8.55847">
        <ele>579.17</ele>
      </trkpt>
      <trkpt lat="41.86985" lon="-8.55922">
        <ele>579.34</ele>
      </trkpt>
      <trkpt lat="41.86987" lon="-8.55966">
        <ele>575.97</ele>
      </trkpt>
      <trkpt lat="41.86984" lon="-8.55991">
        <ele>576.46</ele>
      </trkpt>
      <trkpt lat="41.86974" lon="-8.56022">
        <ele>578.68</ele>
      </trkpt>
      <trkpt lat="41.86962" lon="-8.5604">
        <ele>579.38</ele>
      </trkpt>
      <trkpt lat="41.86944" lon="-8.56053">
        <ele>578.42</ele>
      </trkpt>
      <trkpt lat="41.8693" lon="-8.56059">
        <ele>576.46</ele>
      </trkpt>
      <trkpt lat="41.86909" lon="-8.56058">
        <ele>573.35</ele>
      </trkpt>
      <trkpt lat="41.86895" lon="-8.56053">
        <ele>570.23</ele>
      </trkpt>
      <trkpt lat="41.86876" lon="-8.56035">
        <ele>569.09</ele>
      </trkpt>
      <trkpt lat="41.86855" lon="-8.56006">
        <ele>568.13</ele>
      </trkpt>
      <trkpt lat="41.86839" lon="-8.55975">
        <ele>568.72</ele>
      </trkpt>
      <trkpt lat="41.86826" lon="-8.55955">
        <ele>567.56</ele>
      </trkpt>
      <trkpt lat="41.8681" lon="-8.55943">
        <ele>565.12</ele>
      </trkpt>
      <trkpt lat="41.86788" lon="-8.55934">
        <ele>563.63</ele>
      </trkpt>
      <trkpt lat="41.86767" lon="-8.55935">
        <ele>563.19</ele>
      </trkpt>
      <trkpt lat="41.86748" lon="-8.55941">
        <ele>564.17</ele>
      </trkpt>
      <trkpt lat="41.8667" lon="-8.5598">
        <ele>550.75</ele>
      </trkpt>
      <trkpt lat="41.86655" lon="-8.55981">
        <ele>549.84</ele>
      </trkpt>
      <trkpt lat="41.86639" lon="-8.55975">
        <ele>551.5</ele>
      </trkpt>
      <trkpt lat="41.86629" lon="-8.55967">
        <ele>552.94</ele>
      </trkpt>
      <trkpt lat="41.8662" lon="-8.5595">
        <ele>556.0</ele>
      </trkpt>
      <trkpt lat="41.86615" lon="-8.55929">
        <ele>559.38</ele>
      </trkpt>
      <trkpt lat="41.86612" lon="-8.55902">
        <ele>562.2</ele>
      </trkpt>
      <trkpt lat="41.86607" lon="-8.55884">
        <ele>561.28</ele>
      </trkpt>
      <trkpt lat="41.86597" lon="-8.55868">
        <ele>556.96</ele>
      </trkpt>
      <trkpt lat="41.86583" lon="-8.55857">
        <ele>553.78</ele>
      </trkpt>
      <trkpt lat="41.86475" lon="-8.55794">
        <ele>540.45</ele>
      </trkpt>
      <trkpt lat="41.86469" lon="-8.55791">
        <ele>540.73</ele>
      </trkpt>
      <trkpt lat="41.86447" lon="-8.55782">
        <ele>537.77</ele>
      </trkpt>
      <trkpt lat="41.86431" lon="-8.55781">
        <ele>540.02</ele>
      </trkpt>
      <trkpt lat="41.8641" lon="-8.55786">
        <ele>544.73</ele>
      </trkpt>
      <trkpt lat="41.86272" lon="-8.55874">
        <ele>529.77</ele>
      </trkpt>
      <trkpt lat="41.86253" lon="-8.55882">
        <ele>526.96</ele>
      </trkpt>
      <trkpt lat="41.86233" lon="-8.55885">
        <ele>527.61</ele>
      </trkpt>
      <trkpt lat="41.8622" lon="-8.55884">
        <ele>528.4</ele>
      </trkpt>
      <trkpt lat="41.86205" lon="-8.55876">
        <ele>527.66</ele>
      </trkpt>
      <trkpt lat="41.86193" lon="-8.55866">
        <ele>527.56</ele>
      </trkpt>
      <trkpt lat="41.8618" lon="-8.55853">
        <ele>524.16</ele>
      </trkpt>
      <trkpt lat="41.86166" lon="-8.55823">
        <ele>521.02</ele>
      </trkpt>
      <trkpt lat="41.86147" lon="-8.55775">
        <ele>512.98</ele>
      </trkpt>
      <trkpt lat="41.86138" lon="-8.55758">
        <ele>507.23</ele>
      </trkpt>
      <trkpt lat="41.86112" lon="-8.55701">
        <ele>505.32</ele>
      </trkpt>
      <trkpt lat="41.86106" lon="-8.5568">
        <ele>506.74</ele>
      </trkpt>
      <trkpt lat="41.86108" lon="-8.55623">
        <ele>511.6</ele>
      </trkpt>
      <trkpt lat="41.86104" lon="-8.55602">
        <ele>513.26</ele>
      </trkpt>
      <trkpt lat="41.86093" lon="-8.55576">
        <ele>514.96</ele>
      </trkpt>
      <trkpt lat="41.86065" lon="-8.5553">
        <ele>503.99</ele>
      </trkpt>
      <trkpt lat="41.86055" lon="-8.55515">
        <ele>503.19</ele>
      </trkpt>
      <trkpt lat="41.86044" lon="-8.55503">
        <ele>503.01</ele>
      </trkpt>
      <trkpt lat="41.8595" lon="-8.55456">
        <ele>494.12</ele>
      </trkpt>
      <trkpt lat="41.85935" lon="-8.55443">
        <ele>493.03</ele>
      </trkpt>
      <trkpt lat="41.85853" lon="-8.55335">
        <ele>492.32</ele>
      </trkpt>
      <trkpt lat="41.85842" lon="-8.55324">
        <ele>490.01</ele>
      </trkpt>
      <trkpt lat="41.85822" lon="-8.55313">
        <ele>488.41</ele>
      </trkpt>
      <trkpt lat="41.85788" lon="-8.55304">
        <ele>487.96</ele>
      </trkpt>
      <trkpt lat="41.85776" lon="-8.55299">
        <ele>487.32</ele>
      </trkpt>
      <trkpt lat="41.85762" lon="-8.55288">
        <ele>485.02</ele>
      </trkpt>
      <trkpt lat="41.85752" lon="-8.55277">
        <ele>482.31</ele>
      </trkpt>
      <trkpt lat="41.85741" lon="-8.55258">
        <ele>478.97</ele>
      </trkpt>
      <trkpt lat="41.85694" lon="-8.55169">
        <ele>474.54</ele>
      </trkpt>
      <trkpt lat="41.85688" lon="-8.55153">
        <ele>473.95</ele>
      </trkpt>
      <trkpt lat="41.85683" lon="-8.55136">
        <ele>473.64</ele>
      </trkpt>
      <trkpt lat="41.85679" lon="-8.55114">
        <ele>471.77</ele>
      </trkpt>
      <trkpt lat="41.85674" lon="-8.55016">
        <ele>465.58</ele>
      </trkpt>
      <trkpt lat="41.85671" lon="-8.54999">
        <ele>465.32</ele>
      </trkpt>
      <trkpt lat="41.85663" lon="-8.54986">
        <ele>466.6</ele>
      </trkpt>
      <trkpt lat="41.85653" lon="-8.54979">
        <ele>465.85</ele>
      </trkpt>
      <trkpt lat="41.85636" lon="-8.54975">
        <ele>462.33</ele>
      </trkpt>
      <trkpt lat="41.85617" lon="-8.54975">
        <ele>455.97</ele>
      </trkpt>
      <trkpt lat="41.856" lon="-8.54973">
        <ele>451.13</ele>
      </trkpt>
      <trkpt lat="41.85549" lon="-8.54949">
        <ele>452.09</ele>
      </trkpt>
      <trkpt lat="41.85521" lon="-8.5494">
        <ele>449.33</ele>
      </trkpt>
      <trkpt lat="41.85481" lon="-8.54921">
        <ele>448.19</ele>
      </trkpt>
      <trkpt lat="41.8545" lon="-8.54896">
        <ele>440.62</ele>
      </trkpt>
      <trkpt lat="41.85434" lon="-8.54884">
        <ele>437.86</ele>
      </trkpt>
      <trkpt lat="41.85403" lon="-8.54867">
        <ele>433.88</ele>
      </trkpt>
      <trkpt lat="41.85395" lon="-8.5486">
        <ele>433.6</ele>
      </trkpt>
      <trkpt lat="41.85388" lon="-8.54852">
        <ele>434.16</ele>
      </trkpt>
      <trkpt lat="41.85383" lon="-8.54839">
        <ele>436.26</ele>
      </trkpt>
      <trkpt lat="41.85379" lon="-8.54825">
        <ele>436.51</ele>
      </trkpt>
      <trkpt lat="41.85374" lon="-8.54788">
        <ele>434.91</ele>
      </trkpt>
      <trkpt lat="41.85371" lon="-8.54775">
        <ele>433.64</ele>
      </trkpt>
      <trkpt lat="41.85365" lon="-8.54763">
        <ele>431.36</ele>
      </trkpt>
      <trkpt lat="41.85359" lon="-8.54755">
        <ele>430.37</ele>
      </trkpt>
      <trkpt lat="41.85351" lon="-8.5475">
        <ele>431.09</ele>
      </trkpt>
      <trkpt lat="41.85341" lon="-8.54749">
        <ele>432.31</ele>
      </trkpt>
      <trkpt lat="41.85332" lon="-8.54751">
        <ele>433.27</ele>
      </trkpt>
      <trkpt lat="41.85321" lon="-8.54762">
        <ele>435.63</ele>
      </trkpt>
      <trkpt lat="41.85291" lon="-8.54798">
        <ele>438.6</ele>
      </trkpt>
      <trkpt lat="41.85284" lon="-8.54811">
        <ele>437.02</ele>
      </trkpt>
      <trkpt lat="41.85278" lon="-8.54823">
        <ele>435.21</ele>
      </trkpt>
      <trkpt lat="41.85273" lon="-8.5484">
        <ele>434.0</ele>
      </trkpt>
      <trkpt lat="41.8527" lon="-8.54859">
        <ele>433.03</ele>
      </trkpt>
      <trkpt lat="41.85266" lon="-8.54921">
        <ele>430.39</ele>
      </trkpt>
      <trkpt lat="41.85266" lon="-8.54937">
        <ele>428.82</ele>
      </trkpt>
      <trkpt lat="41.85269" lon="-8.54955">
        <ele>427.73</ele>
      </trkpt>
      <trkpt lat="41.85275" lon="-8.54982">
        <ele>428.33</ele>
      </trkpt>
      <trkpt lat="41.85277" lon="-8.55004">
        <ele>427.64</ele>
      </trkpt>
      <trkpt lat="41.85278" lon="-8.5503">
        <ele>424.77</ele>
      </trkpt>
      <trkpt lat="41.85275" lon="-8.55051">
        <ele>424.01</ele>
      </trkpt>
      <trkpt lat="41.8527" lon="-8.55073">
        <ele>422.9</ele>
      </trkpt>
      <trkpt lat="41.85263" lon="-8.55093">
        <ele>421.96</ele>
      </trkpt>
      <trkpt lat="41.85255" lon="-8.55108">
        <ele>421.53</ele>
      </trkpt>
      <trkpt lat="41.85246" lon="-8.55122">
        <ele>421.53</ele>
      </trkpt>
      <trkpt lat="41.85179" lon="-8.55206">
        <ele>413.34</ele>
      </trkpt>
      <trkpt lat="41.85166" lon="-8.55227">
        <ele>411.39</ele>
      </trkpt>
      <trkpt lat="41.85155" lon="-8.55254">
        <ele>409.96</ele>
      </trkpt>
      <trkpt lat="41.85145" lon="-8.55284">
        <ele>410.5</ele>
      </trkpt>
      <trkpt lat="41.85136" lon="-8.55295">
        <ele>410.96</ele>
      </trkpt>
      <trkpt lat="41.85124" lon="-8.55305">
        <ele>410.09</ele>
      </trkpt>
      <trkpt lat="41.85111" lon="-8.55309">
        <ele>408.72</ele>
      </trkpt>
      <trkpt lat="41.85091" lon="-8.55306">
        <ele>402.62</ele>
      </trkpt>
      <trkpt lat="41.85073" lon="-8.55296">
        <ele>399.12</ele>
      </trkpt>
      <trkpt lat="41.85057" lon="-8.55291">
        <ele>394.24</ele>
      </trkpt>
      <trkpt lat="41.85044" lon="-8.55294">
        <ele>395.65</ele>
      </trkpt>
      <trkpt lat="41.85003" lon="-8.5532">
        <ele>406.81</ele>
      </trkpt>
      <trkpt lat="41.8498" lon="-8.55344">
        <ele>412.08</ele>
      </trkpt>
      <trkpt lat="41.84968" lon="-8.55362">
        <ele>410.82</ele>
      </trkpt>
      <trkpt lat="41.84942" lon="-8.55439">
        <ele>400.61</ele>
      </trkpt>
      <trkpt lat="41.84923" lon="-8.55464">
        <ele>401.27</ele>
      </trkpt>
      <trkpt lat="41.84897" lon="-8.55477">
        <ele>399.04</ele>
      </trkpt>
      <trkpt lat="41.84881" lon="-8.55482">
        <ele>393.02</ele>
      </trkpt>
      <trkpt lat="41.8487" lon="-8.55481">
        <ele>388.14</ele>
      </trkpt>
      <trkpt lat="41.84827" lon="-8.55472">
        <ele>377.47</ele>
      </trkpt>
      <trkpt lat="41.84796" lon="-8.55466">
        <ele>375.73</ele>
      </trkpt>
      <trkpt lat="41.84783" lon="-8.5546">
        <ele>377.53</ele>
      </trkpt>
      <trkpt lat="41.84771" lon="-8.55453">
        <ele>377.72</ele>
      </trkpt>
      <trkpt lat="41.84753" lon="-8.55435">
        <ele>381.66</ele>
      </trkpt>
      <trkpt lat="41.84739" lon="-8.5542">
        <ele>385.63</ele>
      </trkpt>
      <trkpt lat="41.84725" lon="-8.55409">
        <ele>386.54</ele>
      </trkpt>
      <trkpt lat="41.8471" lon="-8.55406">
        <ele>385.92</ele>
      </trkpt>
      <trkpt lat="41.84698" lon="-8.55409">
        <ele>383.83</ele>
      </trkpt>
      <trkpt lat="41.84656" lon="-8.5542">
        <ele>384.49</ele>
      </trkpt>
      <trkpt lat="41.84597" lon="-8.5542">
        <ele>376.24</ele>
      </trkpt>
      <trkpt lat="41.84576" lon="-8.55425">
        <ele>375.23</ele>
      </trkpt>
      <trkpt lat="41.84562" lon="-8.55435">
        <ele>373.01</ele>
      </trkpt>
      <trkpt lat="41.84554" lon="-8.5545">
        <ele>369.64</ele>
      </trkpt>
      <trkpt lat="41.84552" lon="-8.5547">
        <ele>367.87</ele>
      </trkpt>
      <trkpt lat="41.84559" lon="-8.5549">
        <ele>367.15</ele>
      </trkpt>
      <trkpt lat="41.84609" lon="-8.55543">
        <ele>362.34</ele>
      </trkpt>
      <trkpt lat="41.84625" lon="-8.5556">
        <ele>362.14</ele>
      </trkpt>
      <trkpt lat="41.84668" lon="-8.55624">
        <ele>351.77</ele>
      </trkpt>
      <trkpt lat="41.84696" lon="-8.55651">
        <ele>351.14</ele>
      </trkpt>
      <trkpt lat="41.84725" lon="-8.55677">
        <ele>349.46</ele>
      </trkpt>
      <trkpt lat="41.84744" lon="-8.55694">
        <ele>346.22</ele>
      </trkpt>
      <trkpt lat="41.8476" lon="-8.55719">
        <ele>337.82</ele>
      </trkpt>
      <trkpt lat="41.84773" lon="-8.55747">
        <ele>335.4</ele>
      </trkpt>
      <trkpt lat="41.84781" lon="-8.55769">
        <ele>338.01</ele>
      </trkpt>
      <trkpt lat="41.84797" lon="-8.55799">
        <ele>341.68</ele>
      </trkpt>
      <trkpt lat="41.84824" lon="-8.55837">
        <ele>342.59</ele>
      </trkpt>
      <trkpt lat="41.84866" lon="-8.55889">
        <ele>341.26</ele>
      </trkpt>
      <trkpt lat="41.84884" lon="-8.55917">
        <ele>338.81</ele>
      </trkpt>
      <trkpt lat="41.84905" lon="-8.55954">
        <ele>337.01</ele>
      </trkpt>
      <trkpt lat="41.84917" lon="-8.55971">
        <ele>335.63</ele>
      </trkpt>
      <trkpt lat="41.84952" lon="-8.56016">
        <ele>328.22</ele>
      </trkpt>
      <trkpt lat="41.8497" lon="-8.56045">
        <ele>325.84</ele>
      </trkpt>
      <trkpt lat="41.84986" lon="-8.56072">
        <ele>325.59</ele>
      </trkpt>
      <trkpt lat="41.84991" lon="-8.56096">
        <ele>329.93</ele>
      </trkpt>
      <trkpt lat="41.84992" lon="-8.56114">
        <ele>333.56</ele>
      </trkpt>
      <trkpt lat="41.84979" lon="-8.56171">
        <ele>335.45</ele>
      </trkpt>
      <trkpt lat="41.84977" lon="-8.56191">
        <ele>334.55</ele>
      </trkpt>
      <trkpt lat="41.84977" lon="-8.56222">
        <ele>328.67</ele>
      </trkpt>
      <trkpt lat="41.84981" lon="-8.56384">
        <ele>320.3</ele>
      </trkpt>
      <trkpt lat="41.84976" lon="-8.56422">
        <ele>326.66</ele>
      </trkpt>
      <trkpt lat="41.84966" lon="-8.56455">
        <ele>330.77</ele>
      </trkpt>
      <trkpt lat="41.84952" lon="-8.5648">
        <ele>333.61</ele>
      </trkpt>
      <trkpt lat="41.84936" lon="-8.56497">
        <ele>335.18</ele>
      </trkpt>
      <trkpt lat="41.8488" lon="-8.56538">
        <ele>331.33</ele>
      </trkpt>
      <trkpt lat="41.84853" lon="-8.56551">
        <ele>322.73</ele>
      </trkpt>
      <trkpt lat="41.84829" lon="-8.56568">
        <ele>321.66</ele>
      </trkpt>
      <trkpt lat="41.84818" lon="-8.56588">
        <ele>320.16</ele>
      </trkpt>
      <trkpt lat="41.84795" lon="-8.56655">
        <ele>319.04</ele>
      </trkpt>
      <trkpt lat="41.84777" lon="-8.56699">
        <ele>317.08</ele>
      </trkpt>
      <trkpt lat="41.84759" lon="-8.56722">
        <ele>310.72</ele>
      </trkpt>
      <trkpt lat="41.84745" lon="-8.56734">
        <ele>307.87</ele>
      </trkpt>
      <trkpt lat="41.84729" lon="-8.56742">
        <ele>305.1</ele>
      </trkpt>
      <trkpt lat="41.84713" lon="-8.56746">
        <ele>303.81</ele>
      </trkpt>
      <trkpt lat="41.84679" lon="-8.56745">
        <ele>301.26</ele>
      </trkpt>
      <trkpt lat="41.84663" lon="-8.56742">
        <ele>299.29</ele>
      </trkpt>
      <trkpt lat="41.84622" lon="-8.56724">
        <ele>294.25</ele>
      </trkpt>
      <trkpt lat="41.8461" lon="-8.56723">
        <ele>290.89</ele>
      </trkpt>
      <trkpt lat="41.84598" lon="-8.56726">
        <ele>290.52</ele>
      </trkpt>
      <trkpt lat="41.8459" lon="-8.56735">
        <ele>289.51</ele>
      </trkpt>
      <trkpt lat="41.84585" lon="-8.56745">
        <ele>288.49</ele>
      </trkpt>
      <trkpt lat="41.84584" lon="-8.56758">
        <ele>287.96</ele>
      </trkpt>
      <trkpt lat="41.84586" lon="-8.5677">
        <ele>287.7</ele>
      </trkpt>
      <trkpt lat="41.8459" lon="-8.56781">
        <ele>287.19</ele>
      </trkpt>
      <trkpt lat="41.84615" lon="-8.56826">
        <ele>283.18</ele>
      </trkpt>
      <trkpt lat="41.84621" lon="-8.56843">
        <ele>282.79</ele>
      </trkpt>
      <trkpt lat="41.84624" lon="-8.56867">
        <ele>283.41</ele>
      </trkpt>
      <trkpt lat="41.84622" lon="-8.56891">
        <ele>284.48</ele>
      </trkpt>
      <trkpt lat="41.84619" lon="-8.5691">
        <ele>285.41</ele>
      </trkpt>
      <trkpt lat="41.84614" lon="-8.56927">
        <ele>286.77</ele>
      </trkpt>
      <trkpt lat="41.84602" lon="-8.56951">
        <ele>290.3</ele>
      </trkpt>
      <trkpt lat="41.84589" lon="-8.56967">
        <ele>293.57</ele>
      </trkpt>
      <trkpt lat="41.84562" lon="-8.56998">
        <ele>299.18</ele>
      </trkpt>
      <trkpt lat="41.8455" lon="-8.57016">
        <ele>303.34</ele>
      </trkpt>
      <trkpt lat="41.84531" lon="-8.57057">
        <ele>299.07</ele>
      </trkpt>
      <trkpt lat="41.84521" lon="-8.57071">
        <ele>292.84</ele>
      </trkpt>
      <trkpt lat="41.84513" lon="-8.57078">
        <ele>287.73</ele>
      </trkpt>
      <trkpt lat="41.84505" lon="-8.57082">
        <ele>284.33</ele>
      </trkpt>
      <trkpt lat="41.84495" lon="-8.57085">
        <ele>283.55</ele>
      </trkpt>
      <trkpt lat="41.84467" lon="-8.57085">
        <ele>286.74</ele>
      </trkpt>
      <trkpt lat="41.84459" lon="-8.57085">
        <ele>285.72</ele>
      </trkpt>
      <trkpt lat="41.84449" lon="-8.57088">
        <ele>284.1</ele>
      </trkpt>
      <trkpt lat="41.84438" lon="-8.57096">
        <ele>284.86</ele>
      </trkpt>
      <trkpt lat="41.84429" lon="-8.57107">
        <ele>285.88</ele>
      </trkpt>
      <trkpt lat="41.8442" lon="-8.57128">
        <ele>281.88</ele>
      </trkpt>
      <trkpt lat="41.84395" lon="-8.57188">
        <ele>281.13</ele>
      </trkpt>
      <trkpt lat="41.84386" lon="-8.57212">
        <ele>282.11</ele>
      </trkpt>
      <trkpt lat="41.84383" lon="-8.57226">
        <ele>281.6</ele>
      </trkpt>
      <trkpt lat="41.84378" lon="-8.57276">
        <ele>276.2</ele>
      </trkpt>
      <trkpt lat="41.84373" lon="-8.57307">
        <ele>276.47</ele>
      </trkpt>
      <trkpt lat="41.84365" lon="-8.57332">
        <ele>280.23</ele>
      </trkpt>
      <trkpt lat="41.84357" lon="-8.57349">
        <ele>281.72</ele>
      </trkpt>
      <trkpt lat="41.8434" lon="-8.57375">
        <ele>281.94</ele>
      </trkpt>
      <trkpt lat="41.84329" lon="-8.57387">
        <ele>282.45</ele>
      </trkpt>
      <trkpt lat="41.84284" lon="-8.5743">
        <ele>270.58</ele>
      </trkpt>
      <trkpt lat="41.84272" lon="-8.57442">
        <ele>264.41</ele>
      </trkpt>
      <trkpt lat="41.84263" lon="-8.57454">
        <ele>260.7</ele>
      </trkpt>
      <trkpt lat="41.84257" lon="-8.57466">
        <ele>259.49</ele>
      </trkpt>
      <trkpt lat="41.84253" lon="-8.57479">
        <ele>258.29</ele>
      </trkpt>
      <trkpt lat="41.8425" lon="-8.57492">
        <ele>256.02</ele>
      </trkpt>
      <trkpt lat="41.84246" lon="-8.57532">
        <ele>257.52</ele>
      </trkpt>
      <trkpt lat="41.84243" lon="-8.57544">
        <ele>256.98</ele>
      </trkpt>
      <trkpt lat="41.84238" lon="-8.57556">
        <ele>257.98</ele>
      </trkpt>
      <trkpt lat="41.84234" lon="-8.57564">
        <ele>258.63</ele>
      </trkpt>
      <trkpt lat="41.84234" lon="-8.57564">
        <ele>258.63</ele>
      </trkpt>
      <trkpt lat="41.84225" lon="-8.57579">
        <ele>259.79</ele>
      </trkpt>
      <trkpt lat="41.84194" lon="-8.57618">
        <ele>261.18</ele>
      </trkpt>
      <trkpt lat="41.84182" lon="-8.57635">
        <ele>259.25</ele>
      </trkpt>
      <trkpt lat="41.84174" lon="-8.57653">
        <ele>258.79</ele>
      </trkpt>
      <trkpt lat="41.84169" lon="-8.57669">
        <ele>258.41</ele>
      </trkpt>
      <trkpt lat="41.84166" lon="-8.57683">
        <ele>261.47</ele>
      </trkpt>
      <trkpt lat="41.84164" lon="-8.57695">
        <ele>262.88</ele>
      </trkpt>
      <trkpt lat="41.84163" lon="-8.57716">
        <ele>258.55</ele>
      </trkpt>
      <trkpt lat="41.84164" lon="-8.57764">
        <ele>246.07</ele>
      </trkpt>
      <trkpt lat="41.84163" lon="-8.57777">
        <ele>245.94</ele>
      </trkpt>
      <trkpt lat="41.84161" lon="-8.57792">
        <ele>247.56</ele>
      </trkpt>
      <trkpt lat="41.84157" lon="-8.57808">
        <ele>250.14</ele>
      </trkpt>
      <trkpt lat="41.84127" lon="-8.57882">
        <ele>254.28</ele>
      </trkpt>
      <trkpt lat="41.84121" lon="-8.57893">
        <ele>251.49</ele>
      </trkpt>
      <trkpt lat="41.84113" lon="-8.57901">
        <ele>248.27</ele>
      </trkpt>
      <trkpt lat="41.84104" lon="-8.57907">
        <ele>244.74</ele>
      </trkpt>
      <trkpt lat="41.84094" lon="-8.57911">
        <ele>242.11</ele>
      </trkpt>
      <trkpt lat="41.84084" lon="-8.57911">
        <ele>240.51</ele>
      </trkpt>
      <trkpt lat="41.84072" lon="-8.57907">
        <ele>236.05</ele>
      </trkpt>
      <trkpt lat="41.84064" lon="-8.57901">
        <ele>232.6</ele>
      </trkpt>
      <trkpt lat="41.84055" lon="-8.57892">
        <ele>228.13</ele>
      </trkpt>
      <trkpt lat="41.8403" lon="-8.57858">
        <ele>226.03</ele>
      </trkpt>
      <trkpt lat="41.84013" lon="-8.57844">
        <ele>226.32</ele>
      </trkpt>
      <trkpt lat="41.84005" lon="-8.5784">
        <ele>226.8</ele>
      </trkpt>
      <trkpt lat="41.83922" lon="-8.57823">
        <ele>217.33</ele>
      </trkpt>
      <trkpt lat="41.83911" lon="-8.57822">
        <ele>218.21</ele>
      </trkpt>
      <trkpt lat="41.83904" lon="-8.57824">
        <ele>218.51</ele>
      </trkpt>
      <trkpt lat="41.83895" lon="-8.57829">
        <ele>218.67</ele>
      </trkpt>
      <trkpt lat="41.83888" lon="-8.57836">
        <ele>218.97</ele>
      </trkpt>
      <trkpt lat="41.83883" lon="-8.57846">
        <ele>219.34</ele>
      </trkpt>
      <trkpt lat="41.8388" lon="-8.57854">
        <ele>219.59</ele>
      </trkpt>
      <trkpt lat="41.83879" lon="-8.57863">
        <ele>219.56</ele>
      </trkpt>
      <trkpt lat="41.83878" lon="-8.57875">
        <ele>220.24</ele>
      </trkpt>
      <trkpt lat="41.83892" lon="-8.57938">
        <ele>219.72</ele>
      </trkpt>
      <trkpt lat="41.83894" lon="-8.57955">
        <ele>220.84</ele>
      </trkpt>
      <trkpt lat="41.83896" lon="-8.57978">
        <ele>221.77</ele>
      </trkpt>
      <trkpt lat="41.83894" lon="-8.57999">
        <ele>222.26</ele>
      </trkpt>
      <trkpt lat="41.83891" lon="-8.58018">
        <ele>222.7</ele>
      </trkpt>
      <trkpt lat="41.83885" lon="-8.58037">
        <ele>225.04</ele>
      </trkpt>
      <trkpt lat="41.83874" lon="-8.58058">
        <ele>230.07</ele>
      </trkpt>
      <trkpt lat="41.83803" lon="-8.58162">
        <ele>208.78</ele>
      </trkpt>
      <trkpt lat="41.83794" lon="-8.58183">
        <ele>207.49</ele>
      </trkpt>
      <trkpt lat="41.83791" lon="-8.58205">
        <ele>207.36</ele>
      </trkpt>
      <trkpt lat="41.83791" lon="-8.58255">
        <ele>205.73</ele>
      </trkpt>
      <trkpt lat="41.8379" lon="-8.58269">
        <ele>206.2</ele>
      </trkpt>
      <trkpt lat="41.83787" lon="-8.58282">
        <ele>207.58</ele>
      </trkpt>
      <trkpt lat="41.83782" lon="-8.58296">
        <ele>209.82</ele>
      </trkpt>
      <trkpt lat="41.83774" lon="-8.58309">
        <ele>212.92</ele>
      </trkpt>
      <trkpt lat="41.83759" lon="-8.58322">
        <ele>216.25</ele>
      </trkpt>
      <trkpt lat="41.83746" lon="-8.58325">
        <ele>216.83</ele>
      </trkpt>
      <trkpt lat="41.83729" lon="-8.58322">
        <ele>212.12</ele>
      </trkpt>
      <trkpt lat="41.83683" lon="-8.58311">
        <ele>202.39</ele>
      </trkpt>
      <trkpt lat="41.83661" lon="-8.58308">
        <ele>202.94</ele>
      </trkpt>
      <trkpt lat="41.83605" lon="-8.58319">
        <ele>192.67</ele>
      </trkpt>
      <trkpt lat="41.83591" lon="-8.5832">
        <ele>187.78</ele>
      </trkpt>
      <trkpt lat="41.83547" lon="-8.58305">
        <ele>192.05</ele>
      </trkpt>
      <trkpt lat="41.83538" lon="-8.58305">
        <ele>197.15</ele>
      </trkpt>
      <trkpt lat="41.83525" lon="-8.58312">
        <ele>201.53</ele>
      </trkpt>
      <trkpt lat="41.83519" lon="-8.58316">
        <ele>202.01</ele>
      </trkpt>
      <trkpt lat="41.8351" lon="-8.58327">
        <ele>201.39</ele>
      </trkpt>
      <trkpt lat="41.83491" lon="-8.58355">
        <ele>201.48</ele>
      </trkpt>
      <trkpt lat="41.83481" lon="-8.58366">
        <ele>201.32</ele>
      </trkpt>
      <trkpt lat="41.8347" lon="-8.58375">
        <ele>203.76</ele>
      </trkpt>
      <trkpt lat="41.83457" lon="-8.58382">
        <ele>205.4</ele>
      </trkpt>
      <trkpt lat="41.83354" lon="-8.58417">
        <ele>181.42</ele>
      </trkpt>
      <trkpt lat="41.8334" lon="-8.5842">
        <ele>179.85</ele>
      </trkpt>
      <trkpt lat="41.83331" lon="-8.58419">
        <ele>179.27</ele>
      </trkpt>
      <trkpt lat="41.83322" lon="-8.58414">
        <ele>178.82</ele>
      </trkpt>
      <trkpt lat="41.83313" lon="-8.58402">
        <ele>178.2</ele>
      </trkpt>
      <trkpt lat="41.83293" lon="-8.58345">
        <ele>174.62</ele>
      </trkpt>
      <trkpt lat="41.83283" lon="-8.58311">
        <ele>171.4</ele>
      </trkpt>
      <trkpt lat="41.83276" lon="-8.5829">
        <ele>170.12</ele>
      </trkpt>
      <trkpt lat="41.83261" lon="-8.58257">
        <ele>165.51</ele>
      </trkpt>
      <trkpt lat="41.83247" lon="-8.58229">
        <ele>166.27</ele>
      </trkpt>
      <trkpt lat="41.83239" lon="-8.5822">
        <ele>169.48</ele>
      </trkpt>
      <trkpt lat="41.83228" lon="-8.58219">
        <ele>171.59</ele>
      </trkpt>
      <trkpt lat="41.83219" lon="-8.58222">
        <ele>172.15</ele>
      </trkpt>
      <trkpt lat="41.8321" lon="-8.5823">
        <ele>170.73</ele>
      </trkpt>
      <trkpt lat="41.8319" lon="-8.58263">
        <ele>165.11</ele>
      </trkpt>
      <trkpt lat="41.83176" lon="-8.5828">
        <ele>162.99</ele>
      </trkpt>
      <trkpt lat="41.83165" lon="-8.58287">
        <ele>161.45</ele>
      </trkpt>
      <trkpt lat="41.83155" lon="-8.58289">
        <ele>161.23</ele>
      </trkpt>
      <trkpt lat="41.83144" lon="-8.58284">
        <ele>163.99</ele>
      </trkpt>
      <trkpt lat="41.83116" lon="-8.58251">
        <ele>167.33</ele>
      </trkpt>
      <trkpt lat="41.83106" lon="-8.58247">
        <ele>168.35</ele>
      </trkpt>
      <trkpt lat="41.83094" lon="-8.58248">
        <ele>170.37</ele>
      </trkpt>
      <trkpt lat="41.83036" lon="-8.583">
        <ele>147.61</ele>
      </trkpt>
      <trkpt lat="41.83025" lon="-8.58304">
        <ele>146.21</ele>
      </trkpt>
      <trkpt lat="41.83013" lon="-8.58303">
        <ele>145.82</ele>
      </trkpt>
      <trkpt lat="41.82999" lon="-8.5829">
        <ele>146.05</ele>
      </trkpt>
      <trkpt lat="41.82982" lon="-8.58264">
        <ele>149.18</ele>
      </trkpt>
      <trkpt lat="41.82977" lon="-8.58261">
        <ele>149.57</ele>
      </trkpt>
      <trkpt lat="41.82972" lon="-8.5826">
        <ele>149.49</ele>
      </trkpt>
      <trkpt lat="41.82964" lon="-8.58262">
        <ele>149.4</ele>
      </trkpt>
      <trkpt lat="41.82954" lon="-8.58268">
        <ele>148.55</ele>
      </trkpt>
      <trkpt lat="41.82949" lon="-8.58278">
        <ele>146.64</ele>
      </trkpt>
      <trkpt lat="41.82946" lon="-8.58286">
        <ele>145.46</ele>
      </trkpt>
      <trkpt lat="41.82937" lon="-8.58358">
        <ele>140.34</ele>
      </trkpt>
      <trkpt lat="41.82933" lon="-8.58378">
        <ele>139.72</ele>
      </trkpt>
      <trkpt lat="41.82922" lon="-8.58414">
        <ele>141.72</ele>
      </trkpt>
      <trkpt lat="41.8292" lon="-8.58428">
        <ele>141.7</ele>
      </trkpt>
      <trkpt lat="41.8292" lon="-8.5845">
        <ele>140.99</ele>
      </trkpt>
      <trkpt lat="41.82922" lon="-8.58471">
        <ele>140.1</ele>
      </trkpt>
      <trkpt lat="41.82927" lon="-8.58484">
        <ele>137.7</ele>
      </trkpt>
      <trkpt lat="41.82948" lon="-8.58516">
        <ele>127.95</ele>
      </trkpt>
      <trkpt lat="41.82952" lon="-8.58531">
        <ele>126.38</ele>
      </trkpt>
      <trkpt lat="41.82953" lon="-8.58547">
        <ele>127.49</ele>
      </trkpt>
      <trkpt lat="41.82952" lon="-8.58564">
        <ele>128.75</ele>
      </trkpt>
      <trkpt lat="41.82947" lon="-8.58585">
        <ele>131.65</ele>
      </trkpt>
      <trkpt lat="41.82916" lon="-8.58657">
        <ele>133.81</ele>
      </trkpt>
      <trkpt lat="41.82911" lon="-8.58672">
        <ele>131.69</ele>
      </trkpt>
      <trkpt lat="41.82904" lon="-8.58699">
        <ele>128.24</ele>
      </trkpt>
      <trkpt lat="41.8289" lon="-8.58785">
        <ele>121.19</ele>
      </trkpt>
      <trkpt lat="41.82887" lon="-8.58796">
        <ele>120.87</ele>
      </trkpt>
      <trkpt lat="41.82881" lon="-8.58806">
        <ele>120.49</ele>
      </trkpt>
      <trkpt lat="41.82871" lon="-8.58817">
        <ele>119.49</ele>
      </trkpt>
      <trkpt lat="41.82863" lon="-8.5882">
        <ele>119.75</ele>
      </trkpt>
      <trkpt lat="41.82761" lon="-8.58847">
        <ele>114.12</ele>
      </trkpt>
      <trkpt lat="41.82747" lon="-8.58847">
        <ele>112.54</ele>
      </trkpt>
      <trkpt lat="41.82717" lon="-8.58838">
        <ele>112.84</ele>
      </trkpt>
      <trkpt lat="41.82691" lon="-8.58835">
        <ele>108.42</ele>
      </trkpt>
      <trkpt lat="41.82642" lon="-8.58835">
        <ele>110.18</ele>
      </trkpt>
      <trkpt lat="41.82612" lon="-8.58831">
        <ele>107.82</ele>
      </trkpt>
      <trkpt lat="41.826" lon="-8.58833">
        <ele>107.56</ele>
      </trkpt>
      <trkpt lat="41.82578" lon="-8.58842">
        <ele>106.51</ele>
      </trkpt>
      <trkpt lat="41.82571" lon="-8.58847">
        <ele>107.02</ele>
      </trkpt>
      <trkpt lat="41.82568" lon="-8.58853">
        <ele>107.0</ele>
      </trkpt>
      <trkpt lat="41.82566" lon="-8.58861">
        <ele>106.75</ele>
      </trkpt>
      <trkpt lat="41.82564" lon="-8.58871">
        <ele>105.64</ele>
      </trkpt>
      <trkpt lat="41.82556" lon="-8.59102">
        <ele>91.93</ele>
      </trkpt>
      <trkpt lat="41.82558" lon="-8.59132">
        <ele>90.19</ele>
      </trkpt>
      <trkpt lat="41.82567" lon="-8.59168">
        <ele>88.2</ele>
      </trkpt>
      <trkpt lat="41.8257" lon="-8.59184">
        <ele>88.28</ele>
      </trkpt>
      <trkpt lat="41.8257" lon="-8.59198">
        <ele>88.67</ele>
      </trkpt>
      <trkpt lat="41.82566" lon="-8.59214">
        <ele>89.77</ele>
      </trkpt>
      <trkpt lat="41.8256" lon="-8.59229">
        <ele>90.44</ele>
      </trkpt>
      <trkpt lat="41.82553" lon="-8.59236">
        <ele>90.55</ele>
      </trkpt>
      <trkpt lat="41.82548" lon="-8.59241">
        <ele>90.51</ele>
      </trkpt>
      <trkpt lat="41.82536" lon="-8.59248">
        <ele>90.73</ele>
      </trkpt>
      <trkpt lat="41.82453" lon="-8.59284">
        <ele>78.88</ele>
      </trkpt>
      <trkpt lat="41.82326" lon="-8.59337">
        <ele>70.01</ele>
      </trkpt>
      <trkpt lat="41.82309" lon="-8.59341">
        <ele>67.61</ele>
      </trkpt>
      <trkpt lat="41.82232" lon="-8.59332">
        <ele>70.85</ele>
      </trkpt>
      <trkpt lat="41.8219" lon="-8.59329">
        <ele>68.75</ele>
      </trkpt>
      <trkpt lat="41.82064" lon="-8.59316">
        <ele>59.85</ele>
      </trkpt>
      <trkpt lat="41.8205" lon="-8.59313">
        <ele>58.73</ele>
      </trkpt>
      <trkpt lat="41.8203" lon="-8.59305">
        <ele>55.49</ele>
      </trkpt>
      <trkpt lat="41.81955" lon="-8.59255">
        <ele>49.23</ele>
      </trkpt>
      <trkpt lat="41.81942" lon="-8.5925">
        <ele>46.82</ele>
      </trkpt>
      <trkpt lat="41.81864" lon="-8.59239">
        <ele>59.09</ele>
      </trkpt>
      <trkpt lat="41.81851" lon="-8.5924">
        <ele>59.08</ele>
      </trkpt>
      <trkpt lat="41.81842" lon="-8.5924">
        <ele>58.94</ele>
      </trkpt>
      <trkpt lat="41.81806" lon="-8.59246">
        <ele>59.68</ele>
      </trkpt>
      <trkpt lat="41.81747" lon="-8.59248">
        <ele>59.73</ele>
      </trkpt>
      <trkpt lat="41.81656" lon="-8.59256">
        <ele>76.55</ele>
      </trkpt>
      <trkpt lat="41.81438" lon="-8.59244">
        <ele>77.67</ele>
      </trkpt>
      <trkpt lat="41.81416" lon="-8.59245">
        <ele>78.04</ele>
      </trkpt>
      <trkpt lat="41.81393" lon="-8.59251">
        <ele>79.68</ele>
      </trkpt>
      <trkpt lat="41.81376" lon="-8.59254">
        <ele>78.79</ele>
      </trkpt>
      <trkpt lat="41.8136" lon="-8.59254">
        <ele>77.41</ele>
      </trkpt>
      <trkpt lat="41.81308" lon="-8.59248">
        <ele>77.21</ele>
      </trkpt>
      <trkpt lat="41.81264" lon="-8.5925">
        <ele>76.0</ele>
      </trkpt>
      <trkpt lat="41.81249" lon="-8.59253">
        <ele>76.01</ele>
      </trkpt>
      <trkpt lat="41.81206" lon="-8.59271">
        <ele>77.65</ele>
      </trkpt>
      <trkpt lat="41.81099" lon="-8.59343">
        <ele>75.89</ele>
      </trkpt>
      <trkpt lat="41.81088" lon="-8.59348">
        <ele>74.59</ele>
      </trkpt>
      <trkpt lat="41.81077" lon="-8.59352">
        <ele>73.69</ele>
      </trkpt>
      <trkpt lat="41.81066" lon="-8.59353">
        <ele>73.04</ele>
      </trkpt>
      <trkpt lat="41.81053" lon="-8.59353">
        <ele>72.02</ele>
      </trkpt>
      <trkpt lat="41.81041" lon="-8.59351">
        <ele>70.1</ele>
      </trkpt>
      <trkpt lat="41.81028" lon="-8.59346">
        <ele>67.51</ele>
      </trkpt>
      <trkpt lat="41.81015" lon="-8.59338">
        <ele>65.71</ele>
      </trkpt>
      <trkpt lat="41.81006" lon="-8.59331">
        <ele>64.75</ele>
      </trkpt>
      <trkpt lat="41.80996" lon="-8.59321">
        <ele>64.09</ele>
      </trkpt>
      <trkpt lat="41.80885" lon="-8.5919">
        <ele>65.14</ele>
      </trkpt>
      <trkpt lat="41.80868" lon="-8.59174">
        <ele>60.37</ele>
      </trkpt>
      <trkpt lat="41.80811" lon="-8.59129">
        <ele>55.45</ele>
      </trkpt>
      <trkpt lat="41.80792" lon="-8.59112">
        <ele>50.18</ele>
      </trkpt>
      <trkpt lat="41.80769" lon="-8.59084">
        <ele>47.94</ele>
      </trkpt>
      <trkpt lat="41.8075" lon="-8.59063">
        <ele>49.46</ele>
      </trkpt>
      <trkpt lat="41.80739" lon="-8.59053">
        <ele>50.71</ele>
      </trkpt>
      <trkpt lat="41.80653" lon="-8.59005">
        <ele>57.85</ele>
      </trkpt>
      <trkpt lat="41.80606" lon="-8.58967">
        <ele>51.93</ele>
      </trkpt>
      <trkpt lat="41.80581" lon="-8.58951">
        <ele>57.85</ele>
      </trkpt>
      <trkpt lat="41.80552" lon="-8.58937">
        <ele>60.53</ele>
      </trkpt>
      <trkpt lat="41.80515" lon="-8.58927">
        <ele>50.05</ele>
      </trkpt>
      <trkpt lat="41.80453" lon="-8.58908">
        <ele>49.2</ele>
      </trkpt>
      <trkpt lat="41.80365" lon="-8.58894">
        <ele>59.35</ele>
      </trkpt>
      <trkpt lat="41.80341" lon="-8.58895">
        <ele>53.4</ele>
      </trkpt>
      <trkpt lat="41.8031" lon="-8.58899">
        <ele>44.64</ele>
      </trkpt>
      <trkpt lat="41.80288" lon="-8.58896">
        <ele>41.67</ele>
      </trkpt>
      <trkpt lat="41.80239" lon="-8.5888">
        <ele>41.78</ele>
      </trkpt>
      <trkpt lat="41.80227" lon="-8.5888">
        <ele>43.37</ele>
      </trkpt>
      <trkpt lat="41.80217" lon="-8.58883">
        <ele>44.23</ele>
      </trkpt>
      <trkpt lat="41.80176" lon="-8.58907">
        <ele>43.89</ele>
      </trkpt>
      <trkpt lat="41.80163" lon="-8.58912">
        <ele>43.74</ele>
      </trkpt>
      <trkpt lat="41.80098" lon="-8.58909">
        <ele>43.36</ele>
      </trkpt>
      <trkpt lat="41.79986" lon="-8.58878">
        <ele>30.5</ele>
      </trkpt>
      <trkpt lat="41.79974" lon="-8.58871">
        <ele>30.06</ele>
      </trkpt>
      <trkpt lat="41.79966" lon="-8.58863">
        <ele>31.1</ele>
      </trkpt>
      <trkpt lat="41.79905" lon="-8.58786">
        <ele>51.08</ele>
      </trkpt>
      <trkpt lat="41.79891" lon="-8.58774">
        <ele>51.94</ele>
      </trkpt>
      <trkpt lat="41.7988" lon="-8.58769">
        <ele>51.56</ele>
      </trkpt>
      <trkpt lat="41.7987" lon="-8.58767">
        <ele>51.17</ele>
      </trkpt>
      <trkpt lat="41.79859" lon="-8.58767">
        <ele>50.52</ele>
      </trkpt>
      <trkpt lat="41.7985" lon="-8.58769">
        <ele>49.31</ele>
      </trkpt>
      <trkpt lat="41.79839" lon="-8.58775">
        <ele>47.73</ele>
      </trkpt>
      <trkpt lat="41.79808" lon="-8.58802">
        <ele>43.31</ele>
      </trkpt>
      <trkpt lat="41.79802" lon="-8.58806">
        <ele>42.53</ele>
      </trkpt>
      <trkpt lat="41.79791" lon="-8.5881">
        <ele>41.3</ele>
      </trkpt>
      <trkpt lat="41.7978" lon="-8.58811">
        <ele>39.73</ele>
      </trkpt>
      <trkpt lat="41.79695" lon="-8.58809">
        <ele>26.37</ele>
      </trkpt>
      <trkpt lat="41.79686" lon="-8.58807">
        <ele>26.16</ele>
      </trkpt>
      <trkpt lat="41.79676" lon="-8.58804">
        <ele>25.84</ele>
      </trkpt>
      <trkpt lat="41.79635" lon="-8.58782">
        <ele>25.95</ele>
      </trkpt>
      <trkpt lat="41.7959" lon="-8.5876">
        <ele>23.16</ele>
      </trkpt>
      <trkpt lat="41.7957" lon="-8.58757">
        <ele>22.76</ele>
      </trkpt>
      <trkpt lat="41.79553" lon="-8.58759">
        <ele>21.9</ele>
      </trkpt>
      <trkpt lat="41.79422" lon="-8.58808">
        <ele>25.37</ele>
      </trkpt>
      <trkpt lat="41.79348" lon="-8.58828">
        <ele>13.67</ele>
      </trkpt>
      <trkpt lat="41.793" lon="-8.58839">
        <ele>14.16</ele>
      </trkpt>
      <trkpt lat="41.79277" lon="-8.58843">
        <ele>15.32</ele>
      </trkpt>
      <trkpt lat="41.79182" lon="-8.58843">
        <ele>13.68</ele>
      </trkpt>
      <trkpt lat="41.79095" lon="-8.58845">
        <ele>11.96</ele>
      </trkpt>
      <trkpt lat="41.79063" lon="-8.58844">
        <ele>12.21</ele>
      </trkpt>
      <trkpt lat="41.78989" lon="-8.5883">
        <ele>13.69</ele>
      </trkpt>
      <trkpt lat="41.78974" lon="-8.58825">
        <ele>11.84</ele>
      </trkpt>
      <trkpt lat="41.78961" lon="-8.58817">
        <ele>13.18</ele>
      </trkpt>
      <trkpt lat="41.78877" lon="-8.5874">
        <ele>21.28</ele>
      </trkpt>
      <trkpt lat="41.78867" lon="-8.58733">
        <ele>22.05</ele>
      </trkpt>
      <trkpt lat="41.78846" lon="-8.58722">
        <ele>21.75</ele>
      </trkpt>
      <trkpt lat="41.78834" lon="-8.5872">
        <ele>19.08</ele>
      </trkpt>
      <trkpt lat="41.78821" lon="-8.58718">
        <ele>17.85</ele>
      </trkpt>
      <trkpt lat="41.78809" lon="-8.5872">
        <ele>16.64</ele>
      </trkpt>
      <trkpt lat="41.78778" lon="-8.58726">
        <ele>15.86</ele>
      </trkpt>
      <trkpt lat="41.78759" lon="-8.58725">
        <ele>16.51</ele>
      </trkpt>
      <trkpt lat="41.78741" lon="-8.58716">
        <ele>16.18</ele>
      </trkpt>
      <trkpt lat="41.78708" lon="-8.58692">
        <ele>15.37</ele>
      </trkpt>
      <trkpt lat="41.78697" lon="-8.58685">
        <ele>16.9</ele>
      </trkpt>
      <trkpt lat="41.78684" lon="-8.58679">
        <ele>18.34</ele>
      </trkpt>
      <trkpt lat="41.78666" lon="-8.58674">
        <ele>20.85</ele>
      </trkpt>
      <trkpt lat="41.78597" lon="-8.5866">
        <ele>12.77</ele>
      </trkpt>
      <trkpt lat="41.78587" lon="-8.58657">
        <ele>12.01</ele>
      </trkpt>
      <trkpt lat="41.78576" lon="-8.5865">
        <ele>12.83</ele>
      </trkpt>
      <trkpt lat="41.78537" lon="-8.58614">
        <ele>16.06</ele>
      </trkpt>
      <trkpt lat="41.78521" lon="-8.58601">
        <ele>18.18</ele>
      </trkpt>
      <trkpt lat="41.78506" lon="-8.58591">
        <ele>19.74</ele>
      </trkpt>
      <trkpt lat="41.78488" lon="-8.58584">
        <ele>19.16</ele>
      </trkpt>
      <trkpt lat="41.78472" lon="-8.58579">
        <ele>18.23</ele>
      </trkpt>
      <trkpt lat="41.7841" lon="-8.58566">
        <ele>20.2</ele>
      </trkpt>
      <trkpt lat="41.78398" lon="-8.58566">
        <ele>19.23</ele>
      </trkpt>
      <trkpt lat="41.78387" lon="-8.58568">
        <ele>17.94</ele>
      </trkpt>
      <trkpt lat="41.78362" lon="-8.5858">
        <ele>12.61</ele>
      </trkpt>
      <trkpt lat="41.78253" lon="-8.58639">
        <ele>12.99</ele>
      </trkpt>
      <trkpt lat="41.78235" lon="-8.58645">
        <ele>11.6</ele>
      </trkpt>
      <trkpt lat="41.78221" lon="-8.58644">
        <ele>10.77</ele>
      </trkpt>
      <trkpt lat="41.78189" lon="-8.58627">
        <ele>12.4</ele>
      </trkpt>
      <trkpt lat="41.78176" lon="-8.58622">
        <ele>12.84</ele>
      </trkpt>
      <trkpt lat="41.78165" lon="-8.5862">
        <ele>12.76</ele>
      </trkpt>
      <trkpt lat="41.78147" lon="-8.58621">
        <ele>13.08</ele>
      </trkpt>
      <trkpt lat="41.78106" lon="-8.5863">
        <ele>10.16</ele>
      </trkpt>
      <trkpt lat="41.78091" lon="-8.58632">
        <ele>11.6</ele>
      </trkpt>
      <trkpt lat="41.77992" lon="-8.58622">
        <ele>11.54</ele>
      </trkpt>
      <trkpt lat="41.77985" lon="-8.58626">
        <ele>11.15</ele>
      </trkpt>
      <trkpt lat="41.77978" lon="-8.58628">
        <ele>11.05</ele>
      </trkpt>
      <trkpt lat="41.77974" lon="-8.58632">
        <ele>10.7</ele>
      </trkpt>
      <trkpt lat="41.77963" lon="-8.58658">
        <ele>9.62</ele>
      </trkpt>
      <trkpt lat="41.77959" lon="-8.58674">
        <ele>8.58</ele>
      </trkpt>
      <trkpt lat="41.77936" lon="-8.58799">
        <ele>8.61</ele>
      </trkpt>
      <trkpt lat="41.77925" lon="-8.58863">
        <ele>6.95</ele>
      </trkpt>
      <trkpt lat="41.77913" lon="-8.58925">
        <ele>6.83</ele>
      </trkpt>
      <trkpt lat="41.7791" lon="-8.58952">
        <ele>6.11</ele>
      </trkpt>
      <trkpt lat="41.77914" lon="-8.59033">
        <ele>5.19</ele>
      </trkpt>
      <trkpt lat="41.77919" lon="-8.59091">
        <ele>5.64</ele>
      </trkpt>
      <trkpt lat="41.77919" lon="-8.59111">
        <ele>7.08</ele>
      </trkpt>
      <trkpt lat="41.77917" lon="-8.59132">
        <ele>10.02</ele>
      </trkpt>
      <trkpt lat="41.77908" lon="-8.59171">
        <ele>12.21</ele>
      </trkpt>
      <trkpt lat="41.77896" lon="-8.592">
        <ele>13.66</ele>
      </trkpt>
      <trkpt lat="41.77883" lon="-8.59228">
        <ele>17.91</ele>
      </trkpt>
      <trkpt lat="41.77852" lon="-8.59283">
        <ele>19.55</ele>
      </trkpt>
      <trkpt lat="41.77847" lon="-8.59295">
        <ele>19.19</ele>
      </trkpt>
      <trkpt lat="41.77847" lon="-8.59302">
        <ele>19.06</ele>
      </trkpt>
      <trkpt lat="41.77844" lon="-8.59309">
        <ele>19.2</ele>
      </trkpt>
      <trkpt lat="41.7784" lon="-8.59314">
        <ele>19.54</ele>
      </trkpt>
      <trkpt lat="41.77834" lon="-8.59315">
        <ele>19.67</ele>
      </trkpt>
      <trkpt lat="41.77828" lon="-8.59312">
        <ele>19.18</ele>
      </trkpt>
      <trkpt lat="41.77824" lon="-8.59306">
        <ele>18.69</ele>
      </trkpt>
      <trkpt lat="41.77814" lon="-8.59294">
        <ele>18.3</ele>
      </trkpt>
      <trkpt lat="41.77789" lon="-8.59282">
        <ele>17.91</ele>
      </trkpt>
      <trkpt lat="41.77731" lon="-8.5926">
        <ele>15.92</ele>
      </trkpt>
      <trkpt lat="41.77621" lon="-8.59219">
        <ele>18.44</ele>
      </trkpt>
      <trkpt lat="41.77591" lon="-8.59211">
        <ele>16.49</ele>
      </trkpt>
      <trkpt lat="41.77569" lon="-8.59209">
        <ele>16.59</ele>
      </trkpt>
      <trkpt lat="41.77542" lon="-8.59208">
        <ele>18.69</ele>
      </trkpt>
      <trkpt lat="41.77505" lon="-8.59214">
        <ele>22.34</ele>
      </trkpt>
      <trkpt lat="41.77462" lon="-8.59228">
        <ele>18.05</ele>
      </trkpt>
      <trkpt lat="41.77291" lon="-8.59285">
        <ele>20.06</ele>
      </trkpt>
      <trkpt lat="41.77165" lon="-8.59333">
        <ele>26.01</ele>
      </trkpt>
      <trkpt lat="41.77118" lon="-8.59349">
        <ele>25.76</ele>
      </trkpt>
      <trkpt lat="41.77099" lon="-8.59354">
        <ele>26.38</ele>
      </trkpt>
      <trkpt lat="41.77031" lon="-8.59379">
        <ele>21.3</ele>
      </trkpt>
      <trkpt lat="41.77002" lon="-8.59395">
        <ele>32.03</ele>
      </trkpt>
      <trkpt lat="41.76949" lon="-8.59431">
        <ele>29.36</ele>
      </trkpt>
      <trkpt lat="41.7693" lon="-8.59447">
        <ele>29.72</ele>
      </trkpt>
      <trkpt lat="41.76905" lon="-8.59469">
        <ele>25.77</ele>
      </trkpt>
      <trkpt lat="41.76881" lon="-8.59496">
        <ele>25.97</ele>
      </trkpt>
      <trkpt lat="41.76827" lon="-8.59562">
        <ele>32.94</ele>
      </trkpt>
      <trkpt lat="41.76801" lon="-8.59594">
        <ele>25.58</ele>
      </trkpt>
      <trkpt lat="41.76787" lon="-8.59609">
        <ele>25.87</ele>
      </trkpt>
      <trkpt lat="41.76775" lon="-8.59619">
        <ele>24.36</ele>
      </trkpt>
      <trkpt lat="41.76768" lon="-8.59623">
        <ele>22.84</ele>
      </trkpt>
      <trkpt lat="41.76762" lon="-8.5963">
        <ele>21.8</ele>
      </trkpt>
      <trkpt lat="41.7676" lon="-8.59638">
        <ele>21.76</ele>
      </trkpt>
      <trkpt lat="41.76758" lon="-8.59644">
        <ele>21.78</ele>
      </trkpt>
      <trkpt lat="41.76754" lon="-8.5965">
        <ele>21.69</ele>
      </trkpt>
      <trkpt lat="41.76748" lon="-8.59653">
        <ele>21.38</ele>
      </trkpt>
      <trkpt lat="41.76742" lon="-8.59654">
        <ele>21.06</ele>
      </trkpt>
      <trkpt lat="41.76735" lon="-8.59652">
        <ele>20.34</ele>
      </trkpt>
      <trkpt lat="41.76735" lon="-8.59652">
        <ele>20.34</ele>
      </trkpt>
      <trkpt lat="41.76729" lon="-8.59647">
        <ele>19.36</ele>
      </trkpt>
      <trkpt lat="41.76726" lon="-8.5964">
        <ele>18.39</ele>
      </trkpt>
      <trkpt lat="41.76724" lon="-8.59632">
        <ele>18.33</ele>
      </trkpt>
      <trkpt lat="41.76724" lon="-8.59624">
        <ele>18.56</ele>
      </trkpt>
      <trkpt lat="41.76726" lon="-8.59617">
        <ele>18.74</ele>
      </trkpt>
      <trkpt lat="41.76725" lon="-8.59603">
        <ele>18.58</ele>
      </trkpt>
      <trkpt lat="41.76721" lon="-8.59585">
        <ele>17.96</ele>
      </trkpt>
      <trkpt lat="41.76711" lon="-8.59561">
        <ele>18.78</ele>
      </trkpt>
      <trkpt lat="41.76686" lon="-8.59511">
        <ele>14.66</ele>
      </trkpt>
      <trkpt lat="41.76667" lon="-8.59487">
        <ele>13.95</ele>
      </trkpt>
      <trkpt lat="41.76661" lon="-8.59476">
        <ele>14.89</ele>
      </trkpt>
      <trkpt lat="41.76633" lon="-8.59438">
        <ele>17.17</ele>
      </trkpt>
      <trkpt lat="41.76491" lon="-8.59242">
        <ele>13.82</ele>
      </trkpt>
      <trkpt lat="41.7633" lon="-8.59025">
        <ele>12.36</ele>
      </trkpt>
      <trkpt lat="41.76295" lon="-8.58976">
        <ele>14.46</ele>
      </trkpt>
      <trkpt lat="41.76278" lon="-8.5896">
        <ele>14.14</ele>
      </trkpt>
      <trkpt lat="41.76268" lon="-8.58956">
        <ele>14.45</ele>
      </trkpt>
      <trkpt lat="41.76261" lon="-8.58957">
        <ele>14.9</ele>
      </trkpt>
      <trkpt lat="41.76256" lon="-8.58956">
        <ele>15.21</ele>
      </trkpt>
      <trkpt lat="41.76251" lon="-8.58952">
        <ele>15.65</ele>
      </trkpt>
      <trkpt lat="41.76247" lon="-8.58946">
        <ele>16.17</ele>
      </trkpt>
      <trkpt lat="41.76244" lon="-8.58939">
        <ele>16.3</ele>
      </trkpt>
      <trkpt lat="41.76243" lon="-8.58932">
        <ele>16.17</ele>
      </trkpt>
      <trkpt lat="41.76244" lon="-8.58926">
        <ele>16.0</ele>
      </trkpt>
      <trkpt lat="41.76245" lon="-8.5892">
        <ele>15.88</ele>
      </trkpt>
      <trkpt lat="41.76243" lon="-8.58911">
        <ele>16.0</ele>
      </trkpt>
      <trkpt lat="41.76241" lon="-8.58906">
        <ele>16.07</ele>
      </trkpt>
      <trkpt lat="41.76229" lon="-8.58888">
        <ele>15.04</ele>
      </trkpt>
      <trkpt lat="41.7622" lon="-8.58879">
        <ele>14.5</ele>
      </trkpt>
      <trkpt lat="41.76207" lon="-8.5887">
        <ele>13.52</ele>
      </trkpt>
      <trkpt lat="41.76192" lon="-8.58862">
        <ele>12.18</ele>
      </trkpt>
      <trkpt lat="41.76177" lon="-8.58858">
        <ele>13.63</ele>
      </trkpt>
      <trkpt lat="41.76154" lon="-8.58857">
        <ele>17.43</ele>
      </trkpt>
      <trkpt lat="41.7613" lon="-8.58861">
        <ele>23.87</ele>
      </trkpt>
      <trkpt lat="41.76047" lon="-8.58905">
        <ele>21.53</ele>
      </trkpt>
      <trkpt lat="41.76008" lon="-8.58915">
        <ele>19.54</ele>
      </trkpt>
      <trkpt lat="41.75967" lon="-8.58914">
        <ele>20.68</ele>
      </trkpt>
      <trkpt lat="41.75929" lon="-8.58902">
        <ele>29.73</ele>
      </trkpt>
      <trkpt lat="41.75894" lon="-8.58881">
        <ele>37.92</ele>
      </trkpt>
      <trkpt lat="41.75844" lon="-8.58834">
        <ele>41.31</ele>
      </trkpt>
      <trkpt lat="41.75828" lon="-8.58825">
        <ele>39.43</ele>
      </trkpt>
      <trkpt lat="41.75819" lon="-8.58819">
        <ele>38.48</ele>
      </trkpt>
      <trkpt lat="41.75815" lon="-8.58818">
        <ele>37.44</ele>
      </trkpt>
      <trkpt lat="41.75811" lon="-8.58816">
        <ele>36.61</ele>
      </trkpt>
      <trkpt lat="41.75809" lon="-8.58811">
        <ele>37.09</ele>
      </trkpt>
      <trkpt lat="41.75808" lon="-8.58808">
        <ele>37.41</ele>
      </trkpt>
      <trkpt lat="41.75804" lon="-8.58804">
        <ele>36.94</ele>
      </trkpt>
      <trkpt lat="41.75795" lon="-8.58791">
        <ele>37.23</ele>
      </trkpt>
      <trkpt lat="41.75792" lon="-8.58784">
        <ele>37.77</ele>
      </trkpt>
      <trkpt lat="41.75663" lon="-8.58658">
        <ele>37.56</ele>
      </trkpt>
      <trkpt lat="41.75588" lon="-8.58595">
        <ele>40.93</ele>
      </trkpt>
      <trkpt lat="41.75581" lon="-8.5859">
        <ele>41.19</ele>
      </trkpt>
      <trkpt lat="41.75573" lon="-8.58589">
        <ele>40.91</ele>
      </trkpt>
      <trkpt lat="41.75566" lon="-8.5859">
        <ele>40.35</ele>
      </trkpt>
      <trkpt lat="41.75562" lon="-8.58588">
        <ele>40.29</ele>
      </trkpt>
      <trkpt lat="41.75558" lon="-8.58585">
        <ele>40.17</ele>
      </trkpt>
      <trkpt lat="41.75555" lon="-8.58581">
        <ele>40.65</ele>
      </trkpt>
      <trkpt lat="41.75552" lon="-8.58576">
        <ele>42.72</ele>
      </trkpt>
      <trkpt lat="41.75551" lon="-8.58567">
        <ele>44.52</ele>
      </trkpt>
      <trkpt lat="41.75543" lon="-8.5855">
        <ele>49.16</ele>
      </trkpt>
      <trkpt lat="41.75523" lon="-8.58524">
        <ele>52.79</ele>
      </trkpt>
      <trkpt lat="41.75513" lon="-8.58509">
        <ele>53.98</ele>
      </trkpt>
      <trkpt lat="41.75506" lon="-8.58489">
        <ele>56.8</ele>
      </trkpt>
      <trkpt lat="41.75496" lon="-8.58466">
        <ele>59.0</ele>
      </trkpt>
      <trkpt lat="41.7549" lon="-8.58439">
        <ele>61.15</ele>
      </trkpt>
      <trkpt lat="41.75484" lon="-8.58396">
        <ele>63.07</ele>
      </trkpt>
      <trkpt lat="41.75457" lon="-8.58238">
        <ele>66.6</ele>
      </trkpt>
      <trkpt lat="41.75451" lon="-8.58217">
        <ele>70.48</ele>
      </trkpt>
      <trkpt lat="41.75442" lon="-8.58198">
        <ele>70.91</ele>
      </trkpt>
      <trkpt lat="41.75431" lon="-8.58179">
        <ele>74.19</ele>
      </trkpt>
      <trkpt lat="41.75404" lon="-8.58154">
        <ele>74.89</ele>
      </trkpt>
      <trkpt lat="41.75355" lon="-8.58119">
        <ele>75.18</ele>
      </trkpt>
      <trkpt lat="41.75276" lon="-8.58061">
        <ele>87.24</ele>
      </trkpt>
      <trkpt lat="41.75234" lon="-8.58035">
        <ele>94.61</ele>
      </trkpt>
      <trkpt lat="41.75191" lon="-8.58011">
        <ele>103.64</ele>
      </trkpt>
      <trkpt lat="41.75156" lon="-8.57995">
        <ele>105.02</ele>
      </trkpt>
      <trkpt lat="41.75056" lon="-8.57958">
        <ele>91.62</ele>
      </trkpt>
      <trkpt lat="41.75021" lon="-8.57944">
        <ele>82.51</ele>
      </trkpt>
      <trkpt lat="41.74996" lon="-8.5793">
        <ele>77.19</ele>
      </trkpt>
      <trkpt lat="41.7482" lon="-8.5776">
        <ele>90.35</ele>
      </trkpt>
      <trkpt lat="41.74784" lon="-8.57709">
        <ele>96.29</ele>
      </trkpt>
      <trkpt lat="41.74725" lon="-8.57601">
        <ele>104.63</ele>
      </trkpt>
      <trkpt lat="41.74717" lon="-8.57581">
        <ele>107.32</ele>
      </trkpt>
      <trkpt lat="41.74711" lon="-8.57555">
        <ele>109.87</ele>
      </trkpt>
      <trkpt lat="41.747" lon="-8.57475">
        <ele>111.58</ele>
      </trkpt>
      <trkpt lat="41.74699" lon="-8.57443">
        <ele>107.84</ele>
      </trkpt>
      <trkpt lat="41.74704" lon="-8.57386">
        <ele>110.32</ele>
      </trkpt>
      <trkpt lat="41.74704" lon="-8.57363">
        <ele>114.36</ele>
      </trkpt>
      <trkpt lat="41.74701" lon="-8.57346">
        <ele>116.78</ele>
      </trkpt>
      <trkpt lat="41.74696" lon="-8.5733">
        <ele>118.49</ele>
      </trkpt>
      <trkpt lat="41.74687" lon="-8.57313">
        <ele>117.33</ele>
      </trkpt>
      <trkpt lat="41.74661" lon="-8.57269">
        <ele>104.89</ele>
      </trkpt>
      <trkpt lat="41.74642" lon="-8.57247">
        <ele>96.56</ele>
      </trkpt>
      <trkpt lat="41.74411" lon="-8.57072">
        <ele>97.9</ele>
      </trkpt>
      <trkpt lat="41.74307" lon="-8.56993">
        <ele>105.64</ele>
      </trkpt>
      <trkpt lat="41.74262" lon="-8.56957">
        <ele>106.71</ele>
      </trkpt>
      <trkpt lat="41.74196" lon="-8.56889">
        <ele>98.28</ele>
      </trkpt>
      <trkpt lat="41.74101" lon="-8.56788">
        <ele>101.62</ele>
      </trkpt>
      <trkpt lat="41.7409" lon="-8.56772">
        <ele>104.38</ele>
      </trkpt>
      <trkpt lat="41.74016" lon="-8.56639">
        <ele>97.3</ele>
      </trkpt>
      <trkpt lat="41.73996" lon="-8.56606">
        <ele>101.37</ele>
      </trkpt>
      <trkpt lat="41.73982" lon="-8.5659">
        <ele>101.27</ele>
      </trkpt>
      <trkpt lat="41.73968" lon="-8.56576">
        <ele>99.84</ele>
      </trkpt>
      <trkpt lat="41.73946" lon="-8.56559">
        <ele>96.88</ele>
      </trkpt>
      <trkpt lat="41.73909" lon="-8.56545">
        <ele>101.65</ele>
      </trkpt>
      <trkpt lat="41.73725" lon="-8.56472">
        <ele>116.42</ele>
      </trkpt>
      <trkpt lat="41.73596" lon="-8.56398">
        <ele>137.27</ele>
      </trkpt>
      <trkpt lat="41.73553" lon="-8.56356">
        <ele>130.41</ele>
      </trkpt>
      <trkpt lat="41.73521" lon="-8.56301">
        <ele>126.4</ele>
      </trkpt>
      <trkpt lat="41.73505" lon="-8.56258">
        <ele>124.64</ele>
      </trkpt>
      <trkpt lat="41.73477" lon="-8.56174">
        <ele>127.17</ele>
      </trkpt>
      <trkpt lat="41.73418" lon="-8.56009">
        <ele>133.13</ele>
      </trkpt>
      <trkpt lat="41.73404" lon="-8.55975">
        <ele>133.55</ele>
      </trkpt>
      <trkpt lat="41.73338" lon="-8.55855">
        <ele>138.25</ele>
      </trkpt>
      <trkpt lat="41.73328" lon="-8.55827">
        <ele>141.24</ele>
      </trkpt>
      <trkpt lat="41.73325" lon="-8.55798">
        <ele>145.29</ele>
      </trkpt>
      <trkpt lat="41.73326" lon="-8.55696">
        <ele>152.6</ele>
      </trkpt>
      <trkpt lat="41.73323" lon="-8.5566">
        <ele>147.47</ele>
      </trkpt>
      <trkpt lat="41.73314" lon="-8.55627">
        <ele>144.02</ele>
      </trkpt>
      <trkpt lat="41.73252" lon="-8.55458">
        <ele>131.85</ele>
      </trkpt>
      <trkpt lat="41.73192" lon="-8.55334">
        <ele>132.15</ele>
      </trkpt>
      <trkpt lat="41.73177" lon="-8.55309">
        <ele>134.15</ele>
      </trkpt>
      <trkpt lat="41.7316" lon="-8.55293">
        <ele>137.1</ele>
      </trkpt>
      <trkpt lat="41.73137" lon="-8.55279">
        <ele>135.87</ele>
      </trkpt>
      <trkpt lat="41.73035" lon="-8.5526">
        <ele>120.31</ele>
      </trkpt>
      <trkpt lat="41.73006" lon="-8.55249">
        <ele>125.08</ele>
      </trkpt>
      <trkpt lat="41.7297" lon="-8.55227">
        <ele>129.6</ele>
      </trkpt>
      <trkpt lat="41.72927" lon="-8.55196">
        <ele>121.9</ele>
      </trkpt>
      <trkpt lat="41.72924" lon="-8.55203">
        <ele>119.96</ele>
      </trkpt>
      <trkpt lat="41.72927" lon="-8.55196">
        <ele>121.9</ele>
      </trkpt>
      <trkpt lat="41.72896" lon="-8.55173">
        <ele>114.26</ele>
      </trkpt>
      <trkpt lat="41.72855" lon="-8.55138">
        <ele>115.0</ele>
      </trkpt>
      <trkpt lat="41.72747" lon="-8.54999">
        <ele>115.28</ele>
      </trkpt>
      <trkpt lat="41.72702" lon="-8.54897">
        <ele>115.63</ele>
      </trkpt>
      <trkpt lat="41.72675" lon="-8.54859">
        <ele>111.64</ele>
      </trkpt>
      <trkpt lat="41.72601" lon="-8.54766">
        <ele>104.84</ele>
      </trkpt>
      <trkpt lat="41.72484" lon="-8.54663">
        <ele>111.08</ele>
      </trkpt>
      <trkpt lat="41.72471" lon="-8.54649">
        <ele>118.04</ele>
      </trkpt>
      <trkpt lat="41.72403" lon="-8.54553">
        <ele>107.04</ele>
      </trkpt>
      <trkpt lat="41.7239" lon="-8.5453">
        <ele>111.38</ele>
      </trkpt>
      <trkpt lat="41.72378" lon="-8.54507">
        <ele>110.97</ele>
      </trkpt>
      <trkpt lat="41.72361" lon="-8.54456">
        <ele>116.26</ele>
      </trkpt>
      <trkpt lat="41.72358" lon="-8.54422">
        <ele>121.86</ele>
      </trkpt>
      <trkpt lat="41.72367" lon="-8.54294">
        <ele>118.14</ele>
      </trkpt>
      <trkpt lat="41.72369" lon="-8.54282">
        <ele>117.76</ele>
      </trkpt>
      <trkpt lat="41.72373" lon="-8.5427">
        <ele>120.1</ele>
      </trkpt>
      <trkpt lat="41.72381" lon="-8.54258">
        <ele>125.24</ele>
      </trkpt>
      <trkpt lat="41.72389" lon="-8.54248">
        <ele>130.59</ele>
      </trkpt>
      <trkpt lat="41.72439" lon="-8.54201">
        <ele>136.08</ele>
      </trkpt>
      <trkpt lat="41.72444" lon="-8.54189">
        <ele>137.72</ele>
      </trkpt>
      <trkpt lat="41.72445" lon="-8.54177">
        <ele>139.5</ele>
      </trkpt>
      <trkpt lat="41.72441" lon="-8.54144">
        <ele>136.85</ele>
      </trkpt>
      <trkpt lat="41.72437" lon="-8.54136">
        <ele>134.92</ele>
      </trkpt>
      <trkpt lat="41.72427" lon="-8.54129">
        <ele>133.82</ele>
      </trkpt>
      <trkpt lat="41.72408" lon="-8.54126">
        <ele>132.83</ele>
      </trkpt>
      <trkpt lat="41.72354" lon="-8.54123">
        <ele>126.15</ele>
      </trkpt>
      <trkpt lat="41.72324" lon="-8.54118">
        <ele>125.03</ele>
      </trkpt>
      <trkpt lat="41.72274" lon="-8.54095">
        <ele>134.41</ele>
      </trkpt>
      <trkpt lat="41.72253" lon="-8.54092">
        <ele>140.89</ele>
      </trkpt>
      <trkpt lat="41.7223" lon="-8.54096">
        <ele>143.07</ele>
      </trkpt>
      <trkpt lat="41.72207" lon="-8.54103">
        <ele>143.44</ele>
      </trkpt>
      <trkpt lat="41.72183" lon="-8.54104">
        <ele>140.31</ele>
      </trkpt>
      <trkpt lat="41.72162" lon="-8.54099">
        <ele>136.81</ele>
      </trkpt>
      <trkpt lat="41.72144" lon="-8.54088">
        <ele>142.48</ele>
      </trkpt>
      <trkpt lat="41.72121" lon="-8.54068">
        <ele>142.77</ele>
      </trkpt>
      <trkpt lat="41.72104" lon="-8.54042">
        <ele>147.6</ele>
      </trkpt>
      <trkpt lat="41.7209" lon="-8.54006">
        <ele>145.67</ele>
      </trkpt>
      <trkpt lat="41.72079" lon="-8.53917">
        <ele>137.22</ele>
      </trkpt>
      <trkpt lat="41.72071" lon="-8.53893">
        <ele>135.68</ele>
      </trkpt>
      <trkpt lat="41.72058" lon="-8.53874">
        <ele>139.01</ele>
      </trkpt>
      <trkpt lat="41.72039" lon="-8.53864">
        <ele>145.0</ele>
      </trkpt>
      <trkpt lat="41.72024" lon="-8.5386">
        <ele>147.48</ele>
      </trkpt>
      <trkpt lat="41.71737" lon="-8.53806">
        <ele>159.3</ele>
      </trkpt>
      <trkpt lat="41.71714" lon="-8.53797">
        <ele>162.18</ele>
      </trkpt>
      <trkpt lat="41.71698" lon="-8.53785">
        <ele>164.12</ele>
      </trkpt>
      <trkpt lat="41.71676" lon="-8.5376">
        <ele>167.78</ele>
      </trkpt>
      <trkpt lat="41.71643" lon="-8.53705">
        <ele>174.54</ele>
      </trkpt>
      <trkpt lat="41.71634" lon="-8.53693">
        <ele>176.75</ele>
      </trkpt>
      <trkpt lat="41.71627" lon="-8.53686">
        <ele>178.76</ele>
      </trkpt>
      <trkpt lat="41.7162" lon="-8.53682">
        <ele>180.44</ele>
      </trkpt>
      <trkpt lat="41.71612" lon="-8.5368">
        <ele>181.99</ele>
      </trkpt>
      <trkpt lat="41.71598" lon="-8.5368">
        <ele>182.1</ele>
      </trkpt>
      <trkpt lat="41.71592" lon="-8.53682">
        <ele>181.76</ele>
      </trkpt>
      <trkpt lat="41.71584" lon="-8.53685">
        <ele>181.35</ele>
      </trkpt>
      <trkpt lat="41.71577" lon="-8.53691">
        <ele>182.21</ele>
      </trkpt>
      <trkpt lat="41.71567" lon="-8.53703">
        <ele>184.21</ele>
      </trkpt>
      <trkpt lat="41.71557" lon="-8.53719">
        <ele>185.86</ele>
      </trkpt>
      <trkpt lat="41.71551" lon="-8.53726">
        <ele>186.86</ele>
      </trkpt>
      <trkpt lat="41.71547" lon="-8.5373">
        <ele>187.21</ele>
      </trkpt>
      <trkpt lat="41.71536" lon="-8.53735">
        <ele>188.12</ele>
      </trkpt>
      <trkpt lat="41.71523" lon="-8.53737">
        <ele>188.77</ele>
      </trkpt>
      <trkpt lat="41.71508" lon="-8.53738">
        <ele>188.72</ele>
      </trkpt>
      <trkpt lat="41.71507" lon="-8.53749">
        <ele>185.08</ele>
      </trkpt>
      <trkpt lat="41.71506" lon="-8.53751">
        <ele>184.62</ele>
      </trkpt>
      <trkpt lat="41.71507" lon="-8.53749">
        <ele>185.08</ele>
      </trkpt>
      <trkpt lat="41.71508" lon="-8.53738">
        <ele>188.72</ele>
      </trkpt>
      <trkpt lat="41.71479" lon="-8.5374">
        <ele>194.83</ele>
      </trkpt>
      <trkpt lat="41.71381" lon="-8.53757">
        <ele>205.91</ele>
      </trkpt>
      <trkpt lat="41.71358" lon="-8.53761">
        <ele>208.69</ele>
      </trkpt>
      <trkpt lat="41.71339" lon="-8.53767">
        <ele>211.18</ele>
      </trkpt>
      <trkpt lat="41.7132" lon="-8.53777">
        <ele>212.11</ele>
      </trkpt>
      <trkpt lat="41.71275" lon="-8.53804">
        <ele>219.66</ele>
      </trkpt>
      <trkpt lat="41.71238" lon="-8.53837">
        <ele>225.27</ele>
      </trkpt>
      <trkpt lat="41.7121" lon="-8.53878">
        <ele>215.6</ele>
      </trkpt>
      <trkpt lat="41.71192" lon="-8.53931">
        <ele>203.83</ele>
      </trkpt>
      <trkpt lat="41.71182" lon="-8.53954">
        <ele>196.43</ele>
      </trkpt>
      <trkpt lat="41.71169" lon="-8.53971">
        <ele>196.76</ele>
      </trkpt>
      <trkpt lat="41.71153" lon="-8.53982">
        <ele>195.45</ele>
      </trkpt>
      <trkpt lat="41.71134" lon="-8.53989">
        <ele>194.33</ele>
      </trkpt>
      <trkpt lat="41.71015" lon="-8.54015">
        <ele>206.42</ele>
      </trkpt>
      <trkpt lat="41.70981" lon="-8.54022">
        <ele>213.62</ele>
      </trkpt>
      <trkpt lat="41.70937" lon="-8.54029">
        <ele>212.89</ele>
      </trkpt>
      <trkpt lat="41.70925" lon="-8.54029">
        <ele>212.37</ele>
      </trkpt>
      <trkpt lat="41.70893" lon="-8.54025">
        <ele>210.6</ele>
      </trkpt>
      <trkpt lat="41.70867" lon="-8.54016">
        <ele>209.24</ele>
      </trkpt>
      <trkpt lat="41.70758" lon="-8.5397">
        <ele>200.35</ele>
      </trkpt>
      <trkpt lat="41.70722" lon="-8.53944">
        <ele>204.06</ele>
      </trkpt>
      <trkpt lat="41.70571" lon="-8.53814">
        <ele>214.56</ele>
      </trkpt>
      <trkpt lat="41.70561" lon="-8.53807">
        <ele>214.2</ele>
      </trkpt>
      <trkpt lat="41.70541" lon="-8.53798">
        <ele>215.31</ele>
      </trkpt>
      <trkpt lat="41.70519" lon="-8.53791">
        <ele>214.59</ele>
      </trkpt>
      <trkpt lat="41.70494" lon="-8.53792">
        <ele>212.03</ele>
      </trkpt>
      <trkpt lat="41.70475" lon="-8.53798">
        <ele>213.32</ele>
      </trkpt>
      <trkpt lat="41.70388" lon="-8.53845">
        <ele>230.33</ele>
      </trkpt>
      <trkpt lat="41.70359" lon="-8.53848">
        <ele>229.71</ele>
      </trkpt>
      <trkpt lat="41.70332" lon="-8.5384">
        <ele>229.97</ele>
      </trkpt>
      <trkpt lat="41.70314" lon="-8.53828">
        <ele>229.71</ele>
      </trkpt>
      <trkpt lat="41.70219" lon="-8.53747">
        <ele>220.74</ele>
      </trkpt>
      <trkpt lat="41.7006" lon="-8.53609">
        <ele>214.03</ele>
      </trkpt>
      <trkpt lat="41.70032" lon="-8.53585">
        <ele>209.63</ele>
      </trkpt>
      <trkpt lat="41.70017" lon="-8.53574">
        <ele>207.63</ele>
      </trkpt>
      <trkpt lat="41.70005" lon="-8.53567">
        <ele>206.43</ele>
      </trkpt>
      <trkpt lat="41.69799" lon="-8.53477">
        <ele>216.88</ele>
      </trkpt>
      <trkpt lat="41.69772" lon="-8.53471">
        <ele>214.02</ele>
      </trkpt>
      <trkpt lat="41.6957" lon="-8.53445">
        <ele>207.46</ele>
      </trkpt>
      <trkpt lat="41.69531" lon="-8.53441">
        <ele>205.17</ele>
      </trkpt>
      <trkpt lat="41.69503" lon="-8.5344">
        <ele>204.27</ele>
      </trkpt>
      <trkpt lat="41.69484" lon="-8.53436">
        <ele>200.78</ele>
      </trkpt>
      <trkpt lat="41.69466" lon="-8.53431">
        <ele>197.96</ele>
      </trkpt>
      <trkpt lat="41.69448" lon="-8.53423">
        <ele>196.24</ele>
      </trkpt>
      <trkpt lat="41.69422" lon="-8.53407">
        <ele>197.52</ele>
      </trkpt>
      <trkpt lat="41.69397" lon="-8.53386">
        <ele>194.67</ele>
      </trkpt>
      <trkpt lat="41.69377" lon="-8.53364">
        <ele>193.7</ele>
      </trkpt>
      <trkpt lat="41.69364" lon="-8.53346">
        <ele>195.73</ele>
      </trkpt>
      <trkpt lat="41.69349" lon="-8.53323">
        <ele>197.26</ele>
      </trkpt>
      <trkpt lat="41.69339" lon="-8.53301">
        <ele>195.28</ele>
      </trkpt>
      <trkpt lat="41.69317" lon="-8.53239">
        <ele>197.32</ele>
      </trkpt>
      <trkpt lat="41.69309" lon="-8.53219">
        <ele>197.71</ele>
      </trkpt>
      <trkpt lat="41.693" lon="-8.53197">
        <ele>194.84</ele>
      </trkpt>
      <trkpt lat="41.69291" lon="-8.53185">
        <ele>192.91</ele>
      </trkpt>
      <trkpt lat="41.69283" lon="-8.53179">
        <ele>191.56</ele>
      </trkpt>
      <trkpt lat="41.69273" lon="-8.53172">
        <ele>190.97</ele>
      </trkpt>
      <trkpt lat="41.69264" lon="-8.53168">
        <ele>191.63</ele>
      </trkpt>
      <trkpt lat="41.69226" lon="-8.53163">
        <ele>190.09</ele>
      </trkpt>
      <trkpt lat="41.69205" lon="-8.53154">
        <ele>190.72</ele>
      </trkpt>
      <trkpt lat="41.69184" lon="-8.53136">
        <ele>190.57</ele>
      </trkpt>
      <trkpt lat="41.69134" lon="-8.53069">
        <ele>190.35</ele>
      </trkpt>
      <trkpt lat="41.69116" lon="-8.53051">
        <ele>188.75</ele>
      </trkpt>
      <trkpt lat="41.69089" lon="-8.53036">
        <ele>188.83</ele>
      </trkpt>
      <trkpt lat="41.69061" lon="-8.53029">
        <ele>192.06</ele>
      </trkpt>
      <trkpt lat="41.69034" lon="-8.53033">
        <ele>196.56</ele>
      </trkpt>
      <trkpt lat="41.68988" lon="-8.53048">
        <ele>196.75</ele>
      </trkpt>
      <trkpt lat="41.6896" lon="-8.53047">
        <ele>190.06</ele>
      </trkpt>
      <trkpt lat="41.68946" lon="-8.53042">
        <ele>187.26</ele>
      </trkpt>
      <trkpt lat="41.68914" lon="-8.53029">
        <ele>188.33</ele>
      </trkpt>
      <trkpt lat="41.68896" lon="-8.53026">
        <ele>182.58</ele>
      </trkpt>
      <trkpt lat="41.68879" lon="-8.53028">
        <ele>179.62</ele>
      </trkpt>
      <trkpt lat="41.68838" lon="-8.53043">
        <ele>178.69</ele>
      </trkpt>
      <trkpt lat="41.6882" lon="-8.53044">
        <ele>178.76</ele>
      </trkpt>
      <trkpt lat="41.68803" lon="-8.53036">
        <ele>176.39</ele>
      </trkpt>
      <trkpt lat="41.68788" lon="-8.53022">
        <ele>174.27</ele>
      </trkpt>
      <trkpt lat="41.68756" lon="-8.52963">
        <ele>170.11</ele>
      </trkpt>
      <trkpt lat="41.68747" lon="-8.52951">
        <ele>172.0</ele>
      </trkpt>
      <trkpt lat="41.68736" lon="-8.52942">
        <ele>172.89</ele>
      </trkpt>
      <trkpt lat="41.68718" lon="-8.52933">
        <ele>173.75</ele>
      </trkpt>
      <trkpt lat="41.68659" lon="-8.52923">
        <ele>176.47</ele>
      </trkpt>
      <trkpt lat="41.68646" lon="-8.52918">
        <ele>174.63</ele>
      </trkpt>
      <trkpt lat="41.68633" lon="-8.5291">
        <ele>172.69</ele>
      </trkpt>
      <trkpt lat="41.68621" lon="-8.52899">
        <ele>171.25</ele>
      </trkpt>
      <trkpt lat="41.68593" lon="-8.52868">
        <ele>170.33</ele>
      </trkpt>
      <trkpt lat="41.6858" lon="-8.5286">
        <ele>168.84</ele>
      </trkpt>
      <trkpt lat="41.68317" lon="-8.52745">
        <ele>183.52</ele>
      </trkpt>
      <trkpt lat="41.68294" lon="-8.52739">
        <ele>179.32</ele>
      </trkpt>
      <trkpt lat="41.6828" lon="-8.52742">
        <ele>178.31</ele>
      </trkpt>
      <trkpt lat="41.68278" lon="-8.52744">
        <ele>178.37</ele>
      </trkpt>
      <trkpt lat="41.68275" lon="-8.52745">
        <ele>178.33</ele>
      </trkpt>
      <trkpt lat="41.68269" lon="-8.52743">
        <ele>177.93</ele>
      </trkpt>
      <trkpt lat="41.68266" lon="-8.52741">
        <ele>177.73</ele>
      </trkpt>
      <trkpt lat="41.68264" lon="-8.52738">
        <ele>177.57</ele>
      </trkpt>
      <trkpt lat="41.68263" lon="-8.5273">
        <ele>177.31</ele>
      </trkpt>
      <trkpt lat="41.6825" lon="-8.52718">
        <ele>177.39</ele>
      </trkpt>
      <trkpt lat="41.68241" lon="-8.52713">
        <ele>176.02</ele>
      </trkpt>
      <trkpt lat="41.68066" lon="-8.52636">
        <ele>161.34</ele>
      </trkpt>
      <trkpt lat="41.67962" lon="-8.52593">
        <ele>162.02</ele>
      </trkpt>
      <trkpt lat="41.67596" lon="-8.52432">
        <ele>178.33</ele>
      </trkpt>
      <trkpt lat="41.67561" lon="-8.52418">
        <ele>171.24</ele>
      </trkpt>
      <trkpt lat="41.67536" lon="-8.52409">
        <ele>171.46</ele>
      </trkpt>
      <trkpt lat="41.675" lon="-8.52399">
        <ele>176.18</ele>
      </trkpt>
      <trkpt lat="41.67339" lon="-8.5238">
        <ele>167.85</ele>
      </trkpt>
      <trkpt lat="41.66944" lon="-8.52332">
        <ele>179.13</ele>
      </trkpt>
      <trkpt lat="41.66832" lon="-8.52317">
        <ele>187.09</ele>
      </trkpt>
      <trkpt lat="41.66823" lon="-8.52315">
        <ele>187.37</ele>
      </trkpt>
      <trkpt lat="41.66814" lon="-8.52311">
        <ele>188.07</ele>
      </trkpt>
      <trkpt lat="41.66801" lon="-8.52304">
        <ele>188.37</ele>
      </trkpt>
      <trkpt lat="41.66791" lon="-8.52296">
        <ele>188.79</ele>
      </trkpt>
      <trkpt lat="41.66743" lon="-8.52243">
        <ele>197.25</ele>
      </trkpt>
      <trkpt lat="41.66716" lon="-8.52209">
        <ele>199.5</ele>
      </trkpt>
      <trkpt lat="41.66648" lon="-8.52088">
        <ele>192.55</ele>
      </trkpt>
      <trkpt lat="41.66633" lon="-8.52067">
        <ele>192.96</ele>
      </trkpt>
      <trkpt lat="41.66625" lon="-8.52059">
        <ele>193.25</ele>
      </trkpt>
      <trkpt lat="41.66612" lon="-8.52049">
        <ele>193.03</ele>
      </trkpt>
      <trkpt lat="41.66459" lon="-8.51968">
        <ele>192.04</ele>
      </trkpt>
      <trkpt lat="41.6644" lon="-8.51963">
        <ele>191.14</ele>
      </trkpt>
      <trkpt lat="41.66422" lon="-8.51963">
        <ele>193.09</ele>
      </trkpt>
      <trkpt lat="41.66405" lon="-8.51967">
        <ele>195.13</ele>
      </trkpt>
      <trkpt lat="41.66267" lon="-8.52016">
        <ele>200.14</ele>
      </trkpt>
      <trkpt lat="41.66258" lon="-8.52017">
        <ele>201.13</ele>
      </trkpt>
      <trkpt lat="41.66247" lon="-8.52017">
        <ele>202.77</ele>
      </trkpt>
      <trkpt lat="41.66237" lon="-8.52016">
        <ele>204.81</ele>
      </trkpt>
      <trkpt lat="41.66111" lon="-8.51978">
        <ele>209.15</ele>
      </trkpt>
      <trkpt lat="41.65968" lon="-8.51935">
        <ele>201.48</ele>
      </trkpt>
      <trkpt lat="41.65936" lon="-8.51924">
        <ele>197.59</ele>
      </trkpt>
      <trkpt lat="41.6584" lon="-8.51892">
        <ele>190.64</ele>
      </trkpt>
      <trkpt lat="41.65808" lon="-8.51879">
        <ele>189.6</ele>
      </trkpt>
      <trkpt lat="41.65792" lon="-8.51857">
        <ele>189.13</ele>
      </trkpt>
      <trkpt lat="41.65781" lon="-8.51833">
        <ele>188.6</ele>
      </trkpt>
      <trkpt lat="41.65756" lon="-8.51715">
        <ele>187.72</ele>
      </trkpt>
      <trkpt lat="41.65748" lon="-8.51687">
        <ele>187.67</ele>
      </trkpt>
      <trkpt lat="41.65734" lon="-8.51662">
        <ele>187.28</ele>
      </trkpt>
      <trkpt lat="41.65537" lon="-8.51429">
        <ele>172.4</ele>
      </trkpt>
      <trkpt lat="41.65488" lon="-8.51371">
        <ele>171.78</ele>
      </trkpt>
      <trkpt lat="41.65461" lon="-8.51339">
        <ele>165.05</ele>
      </trkpt>
      <trkpt lat="41.65451" lon="-8.51324">
        <ele>163.68</ele>
      </trkpt>
      <trkpt lat="41.65444" lon="-8.51307">
        <ele>164.75</ele>
      </trkpt>
      <trkpt lat="41.6544" lon="-8.5129">
        <ele>164.81</ele>
      </trkpt>
      <trkpt lat="41.65437" lon="-8.51272">
        <ele>164.7</ele>
      </trkpt>
      <trkpt lat="41.65438" lon="-8.51242">
        <ele>165.86</ele>
      </trkpt>
      <trkpt lat="41.65446" lon="-8.51189">
        <ele>162.66</ele>
      </trkpt>
      <trkpt lat="41.6548" lon="-8.5099">
        <ele>158.16</ele>
      </trkpt>
      <trkpt lat="41.65504" lon="-8.5084">
        <ele>154.5</ele>
      </trkpt>
      <trkpt lat="41.65505" lon="-8.50812">
        <ele>155.5</ele>
      </trkpt>
      <trkpt lat="41.65503" lon="-8.50797">
        <ele>157.22</ele>
      </trkpt>
      <trkpt lat="41.65498" lon="-8.50778">
        <ele>159.75</ele>
      </trkpt>
      <trkpt lat="41.6549" lon="-8.50755">
        <ele>158.03</ele>
      </trkpt>
      <trkpt lat="41.6548" lon="-8.5074">
        <ele>157.54</ele>
      </trkpt>
      <trkpt lat="41.65466" lon="-8.50725">
        <ele>157.18</ele>
      </trkpt>
      <trkpt lat="41.65342" lon="-8.5062">
        <ele>141.32</ele>
      </trkpt>
      <trkpt lat="41.65094" lon="-8.50413">
        <ele>144.58</ele>
      </trkpt>
      <trkpt lat="41.6499" lon="-8.50323">
        <ele>138.61</ele>
      </trkpt>
      <trkpt lat="41.64979" lon="-8.50302">
        <ele>136.54</ele>
      </trkpt>
      <trkpt lat="41.64975" lon="-8.5029">
        <ele>136.72</ele>
      </trkpt>
      <trkpt lat="41.64968" lon="-8.50239">
        <ele>130.58</ele>
      </trkpt>
      <trkpt lat="41.64952" lon="-8.50032">
        <ele>132.3</ele>
      </trkpt>
      <trkpt lat="41.64949" lon="-8.50009">
        <ele>129.19</ele>
      </trkpt>
      <trkpt lat="41.64943" lon="-8.49986">
        <ele>126.38</ele>
      </trkpt>
      <trkpt lat="41.64934" lon="-8.49972">
        <ele>123.87</ele>
      </trkpt>
      <trkpt lat="41.64843" lon="-8.49872">
        <ele>113.66</ele>
      </trkpt>
      <trkpt lat="41.64608" lon="-8.49615">
        <ele>111.44</ele>
      </trkpt>
      <trkpt lat="41.646" lon="-8.49604">
        <ele>112.66</ele>
      </trkpt>
      <trkpt lat="41.64505" lon="-8.49435">
        <ele>114.1</ele>
      </trkpt>
      <trkpt lat="41.64476" lon="-8.49409">
        <ele>108.13</ele>
      </trkpt>
      <trkpt lat="41.64376" lon="-8.49364">
        <ele>102.23</ele>
      </trkpt>
      <trkpt lat="41.6434" lon="-8.49339">
        <ele>98.86</ele>
      </trkpt>
      <trkpt lat="41.64183" lon="-8.49192">
        <ele>83.81</ele>
      </trkpt>
      <trkpt lat="41.64159" lon="-8.49162">
        <ele>81.73</ele>
      </trkpt>
      <trkpt lat="41.64144" lon="-8.49131">
        <ele>84.63</ele>
      </trkpt>
      <trkpt lat="41.64139" lon="-8.49115">
        <ele>85.01</ele>
      </trkpt>
      <trkpt lat="41.64135" lon="-8.49095">
        <ele>86.91</ele>
      </trkpt>
      <trkpt lat="41.64114" lon="-8.48914">
        <ele>86.72</ele>
      </trkpt>
      <trkpt lat="41.64095" lon="-8.48746">
        <ele>73.57</ele>
      </trkpt>
      <trkpt lat="41.64083" lon="-8.48653">
        <ele>76.5</ele>
      </trkpt>
      <trkpt lat="41.64077" lon="-8.48632">
        <ele>77.33</ele>
      </trkpt>
      <trkpt lat="41.63983" lon="-8.4847">
        <ele>66.31</ele>
      </trkpt>
      <trkpt lat="41.63978" lon="-8.48444">
        <ele>69.85</ele>
      </trkpt>
      <trkpt lat="41.63979" lon="-8.48415">
        <ele>71.29</ele>
      </trkpt>
      <trkpt lat="41.64019" lon="-8.48309">
        <ele>63.35</ele>
      </trkpt>
      <trkpt lat="41.64022" lon="-8.48289">
        <ele>60.28</ele>
      </trkpt>
      <trkpt lat="41.64022" lon="-8.48267">
        <ele>57.82</ele>
      </trkpt>
      <trkpt lat="41.64016" lon="-8.4825">
        <ele>57.27</ele>
      </trkpt>
      <trkpt lat="41.64004" lon="-8.48231">
        <ele>58.67</ele>
      </trkpt>
      <trkpt lat="41.63999" lon="-8.48226">
        <ele>58.93</ele>
      </trkpt>
      <trkpt lat="41.63912" lon="-8.48141">
        <ele>52.7</ele>
      </trkpt>
      <trkpt lat="41.63882" lon="-8.48104">
        <ele>50.58</ele>
      </trkpt>
      <trkpt lat="41.63844" lon="-8.48043">
        <ele>51.46</ele>
      </trkpt>
      <trkpt lat="41.63806" lon="-8.47971">
        <ele>54.12</ele>
      </trkpt>
      <trkpt lat="41.63777" lon="-8.47935">
        <ele>54.07</ele>
      </trkpt>
      <trkpt lat="41.63655" lon="-8.47846">
        <ele>63.61</ele>
      </trkpt>
      <trkpt lat="41.63642" lon="-8.47833">
        <ele>59.94</ele>
      </trkpt>
      <trkpt lat="41.63632" lon="-8.47819">
        <ele>60.68</ele>
      </trkpt>
      <trkpt lat="41.63618" lon="-8.47786">
        <ele>64.26</ele>
      </trkpt>
      <trkpt lat="41.63613" lon="-8.47768">
        <ele>66.64</ele>
      </trkpt>
      <trkpt lat="41.63586" lon="-8.47646">
        <ele>71.87</ele>
      </trkpt>
      <trkpt lat="41.63577" lon="-8.47625">
        <ele>70.06</ele>
      </trkpt>
      <trkpt lat="41.63566" lon="-8.47611">
        <ele>67.01</ele>
      </trkpt>
      <trkpt lat="41.63553" lon="-8.47602">
        <ele>64.42</ele>
      </trkpt>
      <trkpt lat="41.63535" lon="-8.47596">
        <ele>65.75</ele>
      </trkpt>
      <trkpt lat="41.62914" lon="-8.47426">
        <ele>38.29</ele>
      </trkpt>
      <trkpt lat="41.62288" lon="-8.47253">
        <ele>40.87</ele>
      </trkpt>
      <trkpt lat="41.62272" lon="-8.47254">
        <ele>38.36</ele>
      </trkpt>
      <trkpt lat="41.62269" lon="-8.47256">
        <ele>38.07</ele>
      </trkpt>
      <trkpt lat="41.62266" lon="-8.47256">
        <ele>37.9</ele>
      </trkpt>
      <trkpt lat="41.62263" lon="-8.47255">
        <ele>37.77</ele>
      </trkpt>
      <trkpt lat="41.6226" lon="-8.47253">
        <ele>37.64</ele>
      </trkpt>
      <trkpt lat="41.62258" lon="-8.4725">
        <ele>37.58</ele>
      </trkpt>
      <trkpt lat="41.62244" lon="-8.47237">
        <ele>36.6</ele>
      </trkpt>
      <trkpt lat="41.62232" lon="-8.47235">
        <ele>34.95</ele>
      </trkpt>
      <trkpt lat="41.62023" lon="-8.47164">
        <ele>33.96</ele>
      </trkpt>
      <trkpt lat="41.6198" lon="-8.47162">
        <ele>31.11</ele>
      </trkpt>
      <trkpt lat="41.61774" lon="-8.47182">
        <ele>44.03</ele>
      </trkpt>
      <trkpt lat="41.61756" lon="-8.47181">
        <ele>43.23</ele>
      </trkpt>
      <trkpt lat="41.61706" lon="-8.47171">
        <ele>39.69</ele>
      </trkpt>
      <trkpt lat="41.61629" lon="-8.47153">
        <ele>34.0</ele>
      </trkpt>
      <trkpt lat="41.61515" lon="-8.47128">
        <ele>38.11</ele>
      </trkpt>
      <trkpt lat="41.61501" lon="-8.47127">
        <ele>40.67</ele>
      </trkpt>
      <trkpt lat="41.61469" lon="-8.47135">
        <ele>43.56</ele>
      </trkpt>
      <trkpt lat="41.61432" lon="-8.47153">
        <ele>40.75</ele>
      </trkpt>
      <trkpt lat="41.61308" lon="-8.4722">
        <ele>35.23</ele>
      </trkpt>
      <trkpt lat="41.61294" lon="-8.47226">
        <ele>36.57</ele>
      </trkpt>
      <trkpt lat="41.61161" lon="-8.47295">
        <ele>37.56</ele>
      </trkpt>
      <trkpt lat="41.61121" lon="-8.47292">
        <ele>37.19</ele>
      </trkpt>
      <trkpt lat="41.61085" lon="-8.47272">
        <ele>37.11</ele>
      </trkpt>
      <trkpt lat="41.60961" lon="-8.47186">
        <ele>42.62</ele>
      </trkpt>
      <trkpt lat="41.6093" lon="-8.47163">
        <ele>39.39</ele>
      </trkpt>
      <trkpt lat="41.60726" lon="-8.47021">
        <ele>40.17</ele>
      </trkpt>
      <trkpt lat="41.60592" lon="-8.46926">
        <ele>43.76</ele>
      </trkpt>
      <trkpt lat="41.60577" lon="-8.46912">
        <ele>44.48</ele>
      </trkpt>
      <trkpt lat="41.60535" lon="-8.46869">
        <ele>38.58</ele>
      </trkpt>
      <trkpt lat="41.60515" lon="-8.46846">
        <ele>36.37</ele>
      </trkpt>
      <trkpt lat="41.60489" lon="-8.46802">
        <ele>37.86</ele>
      </trkpt>
      <trkpt lat="41.60477" lon="-8.46789">
        <ele>37.01</ele>
      </trkpt>
      <trkpt lat="41.60472" lon="-8.46785">
        <ele>36.74</ele>
      </trkpt>
      <trkpt lat="41.60468" lon="-8.46784">
        <ele>36.81</ele>
      </trkpt>
      <trkpt lat="41.60464" lon="-8.46781">
        <ele>36.92</ele>
      </trkpt>
      <trkpt lat="41.60461" lon="-8.46777">
        <ele>37.03</ele>
      </trkpt>
      <trkpt lat="41.60459" lon="-8.46772">
        <ele>37.22</ele>
      </trkpt>
      <trkpt lat="41.60459" lon="-8.46766">
        <ele>37.44</ele>
      </trkpt>
      <trkpt lat="41.60459" lon="-8.46761">
        <ele>37.63</ele>
      </trkpt>
      <trkpt lat="41.60462" lon="-8.46754">
        <ele>38.08</ele>
      </trkpt>
      <trkpt lat="41.60464" lon="-8.46729">
        <ele>40.45</ele>
      </trkpt>
      <trkpt lat="41.60462" lon="-8.46714">
        <ele>41.71</ele>
      </trkpt>
      <trkpt lat="41.60457" lon="-8.46685">
        <ele>43.86</ele>
      </trkpt>
      <trkpt lat="41.60457" lon="-8.46685">
        <ele>43.86</ele>
      </trkpt>
      <trkpt lat="41.60454" lon="-8.46631">
        <ele>47.82</ele>
      </trkpt>
      <trkpt lat="41.60454" lon="-8.466">
        <ele>48.72</ele>
      </trkpt>
      <trkpt lat="41.60456" lon="-8.46571">
        <ele>49.05</ele>
      </trkpt>
      <trkpt lat="41.6046" lon="-8.46539">
        <ele>50.04</ele>
      </trkpt>
      <trkpt lat="41.60466" lon="-8.46509">
        <ele>51.85</ele>
      </trkpt>
      <trkpt lat="41.60583" lon="-8.46137">
        <ele>55.01</ele>
      </trkpt>
      <trkpt lat="41.60591" lon="-8.46106">
        <ele>53.22</ele>
      </trkpt>
      <trkpt lat="41.60625" lon="-8.4599">
        <ele>38.04</ele>
      </trkpt>
      <trkpt lat="41.60639" lon="-8.45933">
        <ele>37.2</ele>
      </trkpt>
      <trkpt lat="41.60644" lon="-8.45896">
        <ele>38.88</ele>
      </trkpt>
      <trkpt lat="41.60646" lon="-8.45868">
        <ele>39.02</ele>
      </trkpt>
      <trkpt lat="41.60647" lon="-8.45838">
        <ele>38.53</ele>
      </trkpt>
      <trkpt lat="41.60647" lon="-8.45813">
        <ele>37.94</ele>
      </trkpt>
      <trkpt lat="41.60645" lon="-8.45784">
        <ele>39.04</ele>
      </trkpt>
      <trkpt lat="41.60641" lon="-8.45757">
        <ele>40.72</ele>
      </trkpt>
      <trkpt lat="41.60628" lon="-8.45677">
        <ele>43.41</ele>
      </trkpt>
      <trkpt lat="41.60605" lon="-8.45547">
        <ele>35.06</ele>
      </trkpt>
      <trkpt lat="41.60593" lon="-8.45487">
        <ele>32.88</ele>
      </trkpt>
      <trkpt lat="41.60584" lon="-8.45435">
        <ele>32.78</ele>
      </trkpt>
      <trkpt lat="41.60573" lon="-8.45385">
        <ele>34.52</ele>
      </trkpt>
      <trkpt lat="41.60559" lon="-8.45334">
        <ele>37.12</ele>
      </trkpt>
      <trkpt lat="41.60539" lon="-8.4528">
        <ele>34.32</ele>
      </trkpt>
      <trkpt lat="41.60512" lon="-8.45226">
        <ele>26.17</ele>
      </trkpt>
      <trkpt lat="41.60494" lon="-8.45198">
        <ele>21.72</ele>
      </trkpt>
      <trkpt lat="41.60469" lon="-8.45161">
        <ele>20.72</ele>
      </trkpt>
      <trkpt lat="41.60398" lon="-8.45083">
        <ele>17.34</ele>
      </trkpt>
      <trkpt lat="41.60073" lon="-8.44732">
        <ele>31.02</ele>
      </trkpt>
      <trkpt lat="41.5992" lon="-8.44562">
        <ele>42.58</ele>
      </trkpt>
      <trkpt lat="41.59594" lon="-8.44213">
        <ele>56.0</ele>
      </trkpt>
      <trkpt lat="41.59442" lon="-8.44048">
        <ele>51.29</ele>
      </trkpt>
      <trkpt lat="41.59411" lon="-8.44016">
        <ele>52.82</ele>
      </trkpt>
      <trkpt lat="41.59376" lon="-8.43984">
        <ele>52.33</ele>
      </trkpt>
      <trkpt lat="41.59339" lon="-8.43954">
        <ele>51.64</ele>
      </trkpt>
      <trkpt lat="41.5927" lon="-8.43907">
        <ele>53.02</ele>
      </trkpt>
      <trkpt lat="41.59207" lon="-8.43875">
        <ele>50.5</ele>
      </trkpt>
      <trkpt lat="41.5914" lon="-8.43847">
        <ele>54.57</ele>
      </trkpt>
      <trkpt lat="41.59102" lon="-8.43834">
        <ele>53.94</ele>
      </trkpt>
      <trkpt lat="41.59067" lon="-8.43823">
        <ele>57.93</ele>
      </trkpt>
      <trkpt lat="41.58677" lon="-8.43681">
        <ele>68.87</ele>
      </trkpt>
      <trkpt lat="41.58238" lon="-8.4352">
        <ele>81.57</ele>
      </trkpt>
      <trkpt lat="41.57808" lon="-8.43366">
        <ele>66.84</ele>
      </trkpt>
      <trkpt lat="41.57747" lon="-8.43336">
        <ele>70.84</ele>
      </trkpt>
      <trkpt lat="41.57684" lon="-8.43295">
        <ele>70.81</ele>
      </trkpt>
      <trkpt lat="41.57639" lon="-8.43258">
        <ele>62.16</ele>
      </trkpt>
      <trkpt lat="41.5761" lon="-8.43234">
        <ele>63.42</ele>
      </trkpt>
      <trkpt lat="41.57277" lon="-8.42936">
        <ele>89.15</ele>
      </trkpt>
      <trkpt lat="41.57219" lon="-8.42876">
        <ele>100.97</ele>
      </trkpt>
      <trkpt lat="41.57205" lon="-8.42859">
        <ele>104.19</ele>
      </trkpt>
      <trkpt lat="41.57174" lon="-8.42807">
        <ele>105.81</ele>
      </trkpt>
      <trkpt lat="41.57149" lon="-8.42759">
        <ele>100.51</ele>
      </trkpt>
      <trkpt lat="41.57124" lon="-8.42708">
        <ele>100.49</ele>
      </trkpt>
      <trkpt lat="41.56957" lon="-8.42313">
        <ele>137.01</ele>
      </trkpt>
      <trkpt lat="41.56927" lon="-8.42265">
        <ele>137.04</ele>
      </trkpt>
      <trkpt lat="41.56894" lon="-8.42226">
        <ele>134.85</ele>
      </trkpt>
      <trkpt lat="41.5685" lon="-8.42197">
        <ele>148.17</ele>
      </trkpt>
      <trkpt lat="41.56742" lon="-8.42148">
        <ele>157.33</ele>
      </trkpt>
      <trkpt lat="41.56694" lon="-8.42117">
        <ele>157.52</ele>
      </trkpt>
      <trkpt lat="41.56654" lon="-8.42082">
        <ele>154.98</ele>
      </trkpt>
      <trkpt lat="41.56541" lon="-8.41965">
        <ele>163.41</ele>
      </trkpt>
      <trkpt lat="41.56483" lon="-8.41915">
        <ele>174.05</ele>
      </trkpt>
      <trkpt lat="41.56459" lon="-8.419">
        <ele>179.92</ele>
      </trkpt>
      <trkpt lat="41.56438" lon="-8.41891">
        <ele>181.6</ele>
      </trkpt>
      <trkpt lat="41.56407" lon="-8.4188">
        <ele>176.41</ele>
      </trkpt>
      <trkpt lat="41.56372" lon="-8.41873">
        <ele>175.84</ele>
      </trkpt>
      <trkpt lat="41.56331" lon="-8.41869">
        <ele>181.52</ele>
      </trkpt>
      <trkpt lat="41.56243" lon="-8.41866">
        <ele>178.1</ele>
      </trkpt>
      <trkpt lat="41.56219" lon="-8.41871">
        <ele>182.86</ele>
      </trkpt>
      <trkpt lat="41.562" lon="-8.41876">
        <ele>182.02</ele>
      </trkpt>
      <trkpt lat="41.56194" lon="-8.41876">
        <ele>181.94</ele>
      </trkpt>
      <trkpt lat="41.56182" lon="-8.41879">
        <ele>182.13</ele>
      </trkpt>
      <trkpt lat="41.56166" lon="-8.41887">
        <ele>182.89</ele>
      </trkpt>
      <trkpt lat="41.56161" lon="-8.41894">
        <ele>183.04</ele>
      </trkpt>
      <trkpt lat="41.56154" lon="-8.41899">
        <ele>183.15</ele>
      </trkpt>
      <trkpt lat="41.56108" lon="-8.41911">
        <ele>181.64</ele>
      </trkpt>
      <trkpt lat="41.56081" lon="-8.41917">
        <ele>182.54</ele>
      </trkpt>
      <trkpt lat="41.56066" lon="-8.41918">
        <ele>185.89</ele>
      </trkpt>
      <trkpt lat="41.56057" lon="-8.41918">
        <ele>187.83</ele>
      </trkpt>
      <trkpt lat="41.5605" lon="-8.41917">
        <ele>188.23</ele>
      </trkpt>
      <trkpt lat="41.56034" lon="-8.41911">
        <ele>188.89</ele>
      </trkpt>
      <trkpt lat="41.56019" lon="-8.41904">
        <ele>189.48</ele>
      </trkpt>
      <trkpt lat="41.56013" lon="-8.41899">
        <ele>189.49</ele>
      </trkpt>
      <trkpt lat="41.56008" lon="-8.41893">
        <ele>189.35</ele>
      </trkpt>
      <trkpt lat="41.56005" lon="-8.41886">
        <ele>189.27</ele>
      </trkpt>
      <trkpt lat="41.56002" lon="-8.4187">
        <ele>189.7</ele>
      </trkpt>
      <trkpt lat="41.56001" lon="-8.41861">
        <ele>190.0</ele>
      </trkpt>
      <trkpt lat="41.56002" lon="-8.41851">
        <ele>189.66</ele>
      </trkpt>
      <trkpt lat="41.56008" lon="-8.41834">
        <ele>189.31</ele>
      </trkpt>
      <trkpt lat="41.56012" lon="-8.41827">
        <ele>189.56</ele>
      </trkpt>
      <trkpt lat="41.56018" lon="-8.41821">
        <ele>189.8</ele>
      </trkpt>
      <trkpt lat="41.56037" lon="-8.41796">
        <ele>191.15</ele>
      </trkpt>
      <trkpt lat="41.56043" lon="-8.41785">
        <ele>192.63</ele>
      </trkpt>
      <trkpt lat="41.56057" lon="-8.41754">
        <ele>191.16</ele>
      </trkpt>
      <trkpt lat="41.56062" lon="-8.41745">
        <ele>190.75</ele>
      </trkpt>
      <trkpt lat="41.56068" lon="-8.41739">
        <ele>190.43</ele>
      </trkpt>
      <trkpt lat="41.56073" lon="-8.41734">
        <ele>189.87</ele>
      </trkpt>
      <trkpt lat="41.56083" lon="-8.41731">
        <ele>187.46</ele>
      </trkpt>
      <trkpt lat="41.56096" lon="-8.41734">
        <ele>188.08</ele>
      </trkpt>
      <trkpt lat="41.56113" lon="-8.41741">
        <ele>187.06</ele>
      </trkpt>
      <trkpt lat="41.56119" lon="-8.41743">
        <ele>186.97</ele>
      </trkpt>
      <trkpt lat="41.56125" lon="-8.41743">
        <ele>187.51</ele>
      </trkpt>
      <trkpt lat="41.56132" lon="-8.41739">
        <ele>188.79</ele>
      </trkpt>
      <trkpt lat="41.56138" lon="-8.41735">
        <ele>189.6</ele>
      </trkpt>
      <trkpt lat="41.56145" lon="-8.41725">
        <ele>189.47</ele>
      </trkpt>
      <trkpt lat="41.5615" lon="-8.41713">
        <ele>189.4</ele>
      </trkpt>
      <trkpt lat="41.56154" lon="-8.41703">
        <ele>189.5</ele>
      </trkpt>
      <trkpt lat="41.56158" lon="-8.41692">
        <ele>189.71</ele>
      </trkpt>
      <trkpt lat="41.5617" lon="-8.41609">
        <ele>188.9</ele>
      </trkpt>
      <trkpt lat="41.56185" lon="-8.41453">
        <ele>192.85</ele>
      </trkpt>
      <trkpt lat="41.56193" lon="-8.41367">
        <ele>195.85</ele>
      </trkpt>
      <trkpt lat="41.56201" lon="-8.41295">
        <ele>204.65</ele>
      </trkpt>
      <trkpt lat="41.56216" lon="-8.41179">
        <ele>203.09</ele>
      </trkpt>
      <trkpt lat="41.56221" lon="-8.41134">
        <ele>207.65</ele>
      </trkpt>
      <trkpt lat="41.56226" lon="-8.41104">
        <ele>210.69</ele>
      </trkpt>
      <trkpt lat="41.56241" lon="-8.41">
        <ele>207.3</ele>
      </trkpt>
      <trkpt lat="41.5625" lon="-8.40928">
        <ele>210.0</ele>
      </trkpt>
      <trkpt lat="41.5625" lon="-8.40897">
        <ele>206.46</ele>
      </trkpt>
      <trkpt lat="41.5625" lon="-8.40883">
        <ele>204.79</ele>
      </trkpt>
      <trkpt lat="41.56246" lon="-8.40868">
        <ele>204.97</ele>
      </trkpt>
      <trkpt lat="41.56242" lon="-8.40849">
        <ele>202.95</ele>
      </trkpt>
      <trkpt lat="41.56233" lon="-8.40827">
        <ele>199.78</ele>
      </trkpt>
      <trkpt lat="41.56221" lon="-8.40806">
        <ele>192.78</ele>
      </trkpt>
      <trkpt lat="41.56213" lon="-8.40795">
        <ele>186.72</ele>
      </trkpt>
      <trkpt lat="41.56191" lon="-8.40776">
        <ele>177.48</ele>
      </trkpt>
      <trkpt lat="41.56178" lon="-8.40769">
        <ele>176.4</ele>
      </trkpt>
      <trkpt lat="41.56166" lon="-8.40765">
        <ele>176.48</ele>
      </trkpt>
      <trkpt lat="41.56127" lon="-8.4076">
        <ele>186.09</ele>
      </trkpt>
      <trkpt lat="41.56103" lon="-8.40758">
        <ele>190.04</ele>
      </trkpt>
      <trkpt lat="41.55999" lon="-8.40757">
        <ele>190.59</ele>
      </trkpt>
      <trkpt lat="41.55945" lon="-8.40754">
        <ele>180.97</ele>
      </trkpt>
      <trkpt lat="41.55859" lon="-8.40747">
        <ele>194.07</ele>
      </trkpt>
      <trkpt lat="41.55829" lon="-8.40743">
        <ele>194.08</ele>
      </trkpt>
      <trkpt lat="41.55791" lon="-8.40739">
        <ele>187.1</ele>
      </trkpt>
      <trkpt lat="41.55496" lon="-8.4071">
        <ele>180.89</ele>
      </trkpt>
      <trkpt lat="41.55434" lon="-8.40706">
        <ele>171.72</ele>
      </trkpt>
      <trkpt lat="41.55425" lon="-8.40709">
        <ele>172.48</ele>
      </trkpt>
      <trkpt lat="41.55396" lon="-8.40706">
        <ele>174.5</ele>
      </trkpt>
      <trkpt lat="41.55374" lon="-8.40703">
        <ele>175.0</ele>
      </trkpt>
      <trkpt lat="41.55324" lon="-8.40693">
        <ele>178.14</ele>
      </trkpt>
      <trkpt lat="41.55311" lon="-8.40691">
        <ele>182.23</ele>
      </trkpt>
      <trkpt lat="41.55299" lon="-8.40697">
        <ele>183.58</ele>
      </trkpt>
      <trkpt lat="41.55282" lon="-8.4071">
        <ele>182.03</ele>
      </trkpt>
      <trkpt lat="41.55241" lon="-8.40757">
        <ele>185.9</ele>
      </trkpt>
      <trkpt lat="41.55226" lon="-8.40786">
        <ele>181.68</ele>
      </trkpt>
      <trkpt lat="41.55201" lon="-8.4084">
        <ele>180.33</ele>
      </trkpt>
      <trkpt lat="41.55135" lon="-8.40999">
        <ele>183.03</ele>
      </trkpt>
      <trkpt lat="41.55084" lon="-8.41121">
        <ele>180.03</ele>
      </trkpt>
      <trkpt lat="41.54983" lon="-8.41358">
        <ele>181.81</ele>
      </trkpt>
      <trkpt lat="41.54973" lon="-8.41378">
        <ele>181.68</ele>
      </trkpt>
      <trkpt lat="41.5491" lon="-8.41529">
        <ele>183.93</ele>
      </trkpt>
      <trkpt lat="41.54896" lon="-8.41565">
        <ele>182.9</ele>
      </trkpt>
      <trkpt lat="41.5488" lon="-8.41603">
        <ele>184.47</ele>
      </trkpt>
      <trkpt lat="41.54863" lon="-8.41636">
        <ele>183.95</ele>
      </trkpt>
      <trkpt lat="41.54827" lon="-8.41686">
        <ele>190.01</ele>
      </trkpt>
      <trkpt lat="41.54768" lon="-8.41749">
        <ele>173.87</ele>
      </trkpt>
      <trkpt lat="41.54728" lon="-8.41789">
        <ele>178.82</ele>
      </trkpt>
      <trkpt lat="41.54724" lon="-8.41797">
        <ele>182.68</ele>
      </trkpt>
      <trkpt lat="41.54665" lon="-8.41858">
        <ele>191.98</ele>
      </trkpt>
      <trkpt lat="41.54652" lon="-8.41874">
        <ele>192.58</ele>
      </trkpt>
      <trkpt lat="41.54631" lon="-8.41905">
        <ele>193.18</ele>
      </trkpt>
      <trkpt lat="41.54617" lon="-8.41932">
        <ele>191.23</ele>
      </trkpt>
      <trkpt lat="41.54601" lon="-8.41974">
        <ele>180.3</ele>
      </trkpt>
      <trkpt lat="41.54596" lon="-8.41987">
        <ele>177.84</ele>
      </trkpt>
      <trkpt lat="41.54587" lon="-8.41981">
        <ele>178.78</ele>
      </trkpt>
      <trkpt lat="41.54405" lon="-8.41874">
        <ele>178.49</ele>
      </trkpt>
      <trkpt lat="41.54394" lon="-8.41869">
        <ele>176.0</ele>
      </trkpt>
      <trkpt lat="41.54387" lon="-8.41867">
        <ele>174.16</ele>
      </trkpt>
      <trkpt lat="41.54377" lon="-8.41863">
        <ele>169.68</ele>
      </trkpt>
      <trkpt lat="41.5437" lon="-8.41855">
        <ele>164.83</ele>
      </trkpt>
      <trkpt lat="41.54332" lon="-8.41834">
        <ele>158.24</ele>
      </trkpt>
      <trkpt lat="41.54288" lon="-8.41815">
        <ele>165.29</ele>
      </trkpt>
      <trkpt lat="41.54273" lon="-8.41799">
        <ele>167.43</ele>
      </trkpt>
      <trkpt lat="41.54214" lon="-8.4177">
        <ele>172.17</ele>
      </trkpt>
      <trkpt lat="41.54212" lon="-8.41775">
        <ele>172.33</ele>
      </trkpt>
      <trkpt lat="41.54208" lon="-8.4178">
        <ele>173.11</ele>
      </trkpt>
      <trkpt lat="41.54201" lon="-8.4178">
        <ele>174.6</ele>
      </trkpt>
      <trkpt lat="41.54197" lon="-8.41778">
        <ele>175.45</ele>
      </trkpt>
      <trkpt lat="41.54189" lon="-8.41779">
        <ele>178.36</ele>
      </trkpt>
      <trkpt lat="41.54185" lon="-8.41782">
        <ele>180.13</ele>
      </trkpt>
      <trkpt lat="41.5417" lon="-8.41794">
        <ele>187.07</ele>
      </trkpt>
      <trkpt lat="41.54146" lon="-8.41817">
        <ele>192.31</ele>
      </trkpt>
      <trkpt lat="41.54115" lon="-8.41849">
        <ele>196.91</ele>
      </trkpt>
      <trkpt lat="41.54092" lon="-8.41872">
        <ele>195.85</ele>
      </trkpt>
      <trkpt lat="41.54065" lon="-8.41895">
        <ele>189.48</ele>
      </trkpt>
      <trkpt lat="41.54052" lon="-8.419">
        <ele>187.34</ele>
      </trkpt>
      <trkpt lat="41.54038" lon="-8.41901">
        <ele>185.44</ele>
      </trkpt>
      <trkpt lat="41.53999" lon="-8.41887">
        <ele>174.32</ele>
      </trkpt>
      <trkpt lat="41.53934" lon="-8.41864">
        <ele>167.19</ele>
      </trkpt>
      <trkpt lat="41.53888" lon="-8.4185">
        <ele>174.45</ele>
      </trkpt>
      <trkpt lat="41.53878" lon="-8.41849">
        <ele>177.43</ele>
      </trkpt>
      <trkpt lat="41.5387" lon="-8.41849">
        <ele>179.6</ele>
      </trkpt>
      <trkpt lat="41.53863" lon="-8.41851">
        <ele>181.45</ele>
      </trkpt>
      <trkpt lat="41.5386" lon="-8.41851">
        <ele>182.29</ele>
      </trkpt>
      <trkpt lat="41.53857" lon="-8.41849">
        <ele>183.1</ele>
      </trkpt>
      <trkpt lat="41.53845" lon="-8.41866">
        <ele>185.92</ele>
      </trkpt>
      <trkpt lat="41.53768" lon="-8.41999">
        <ele>201.84</ele>
      </trkpt>
      <trkpt lat="41.53761" lon="-8.42015">
        <ele>200.86</ele>
      </trkpt>
      <trkpt lat="41.53756" lon="-8.42034">
        <ele>199.3</ele>
      </trkpt>
      <trkpt lat="41.53756" lon="-8.42046">
        <ele>198.09</ele>
      </trkpt>
      <trkpt lat="41.53756" lon="-8.42057">
        <ele>197.14</ele>
      </trkpt>
      <trkpt lat="41.53759" lon="-8.42066">
        <ele>196.59</ele>
      </trkpt>
      <trkpt lat="41.53762" lon="-8.42079">
        <ele>195.66</ele>
      </trkpt>
      <trkpt lat="41.53789" lon="-8.42151">
        <ele>191.92</ele>
      </trkpt>
      <trkpt lat="41.53801" lon="-8.42186">
        <ele>196.88</ele>
      </trkpt>
      <trkpt lat="41.53805" lon="-8.42202">
        <ele>199.15</ele>
      </trkpt>
      <trkpt lat="41.53807" lon="-8.42215">
        <ele>200.88</ele>
      </trkpt>
      <trkpt lat="41.53807" lon="-8.4223">
        <ele>202.73</ele>
      </trkpt>
      <trkpt lat="41.53805" lon="-8.42244">
        <ele>204.37</ele>
      </trkpt>
      <trkpt lat="41.53801" lon="-8.42256">
        <ele>205.67</ele>
      </trkpt>
      <trkpt lat="41.53795" lon="-8.42271">
        <ele>207.47</ele>
      </trkpt>
      <trkpt lat="41.53783" lon="-8.42285">
        <ele>210.59</ele>
      </trkpt>
      <trkpt lat="41.53734" lon="-8.42321">
        <ele>215.36</ele>
      </trkpt>
      <trkpt lat="41.537" lon="-8.42342">
        <ele>215.04</ele>
      </trkpt>
      <trkpt lat="41.53688" lon="-8.42347">
        <ele>214.78</ele>
      </trkpt>
      <trkpt lat="41.53675" lon="-8.42349">
        <ele>214.17</ele>
      </trkpt>
      <trkpt lat="41.53661" lon="-8.42347">
        <ele>213.81</ele>
      </trkpt>
      <trkpt lat="41.53634" lon="-8.42336">
        <ele>214.48</ele>
      </trkpt>
      <trkpt lat="41.53624" lon="-8.42336">
        <ele>215.85</ele>
      </trkpt>
      <trkpt lat="41.53617" lon="-8.42339">
        <ele>216.42</ele>
      </trkpt>
      <trkpt lat="41.53612" lon="-8.42344">
        <ele>216.36</ele>
      </trkpt>
      <trkpt lat="41.53608" lon="-8.42344">
        <ele>216.89</ele>
      </trkpt>
      <trkpt lat="41.53604" lon="-8.42342">
        <ele>217.55</ele>
      </trkpt>
      <trkpt lat="41.53601" lon="-8.42338">
        <ele>217.94</ele>
      </trkpt>
      <trkpt lat="41.53599" lon="-8.42333">
        <ele>217.99</ele>
      </trkpt>
      <trkpt lat="41.5359" lon="-8.42318">
        <ele>217.87</ele>
      </trkpt>
      <trkpt lat="41.53563" lon="-8.42281">
        <ele>208.69</ele>
      </trkpt>
      <trkpt lat="41.53547" lon="-8.42254">
        <ele>204.86</ele>
      </trkpt>
      <trkpt lat="41.53533" lon="-8.42234">
        <ele>202.6</ele>
      </trkpt>
      <trkpt lat="41.534" lon="-8.4201">
        <ele>202.29</ele>
      </trkpt>
      <trkpt lat="41.5337" lon="-8.41969">
        <ele>193.65</ele>
      </trkpt>
      <trkpt lat="41.53361" lon="-8.4196">
        <ele>188.99</ele>
      </trkpt>
      <trkpt lat="41.53347" lon="-8.41951">
        <ele>188.13</ele>
      </trkpt>
      <trkpt lat="41.53324" lon="-8.41941">
        <ele>188.92</ele>
      </trkpt>
      <trkpt lat="41.53213" lon="-8.41906">
        <ele>194.83</ele>
      </trkpt>
      <trkpt lat="41.52816" lon="-8.4178">
        <ele>186.71</ele>
      </trkpt>
      <trkpt lat="41.52795" lon="-8.41779">
        <ele>186.46</ele>
      </trkpt>
      <trkpt lat="41.52773" lon="-8.41781">
        <ele>186.81</ele>
      </trkpt>
      <trkpt lat="41.52583" lon="-8.41828">
        <ele>171.04</ele>
      </trkpt>
      <trkpt lat="41.52564" lon="-8.41831">
        <ele>171.18</ele>
      </trkpt>
      <trkpt lat="41.52559" lon="-8.41835">
        <ele>170.76</ele>
      </trkpt>
      <trkpt lat="41.52553" lon="-8.41834">
        <ele>170.58</ele>
      </trkpt>
      <trkpt lat="41.52438" lon="-8.41863">
        <ele>168.07</ele>
      </trkpt>
      <trkpt lat="41.52386" lon="-8.41876">
        <ele>168.54</ele>
      </trkpt>
      <trkpt lat="41.5234" lon="-8.41892">
        <ele>163.03</ele>
      </trkpt>
      <trkpt lat="41.52321" lon="-8.41896">
        <ele>164.88</ele>
      </trkpt>
      <trkpt lat="41.52197" lon="-8.41928">
        <ele>171.78</ele>
      </trkpt>
      <trkpt lat="41.52142" lon="-8.41939">
        <ele>169.22</ele>
      </trkpt>
      <trkpt lat="41.52131" lon="-8.41939">
        <ele>167.96</ele>
      </trkpt>
      <trkpt lat="41.51918" lon="-8.41991">
        <ele>156.6</ele>
      </trkpt>
      <trkpt lat="41.51884" lon="-8.41998">
        <ele>163.83</ele>
      </trkpt>
      <trkpt lat="41.51812" lon="-8.4201">
        <ele>179.92</ele>
      </trkpt>
      <trkpt lat="41.51743" lon="-8.42016">
        <ele>174.32</ele>
      </trkpt>
      <trkpt lat="41.51699" lon="-8.42022">
        <ele>169.9</ele>
      </trkpt>
      <trkpt lat="41.51664" lon="-8.42028">
        <ele>177.85</ele>
      </trkpt>
      <trkpt lat="41.5164" lon="-8.42036">
        <ele>184.78</ele>
      </trkpt>
      <trkpt lat="41.51599" lon="-8.42063">
        <ele>183.67</ele>
      </trkpt>
      <trkpt lat="41.51573" lon="-8.42079">
        <ele>182.43</ele>
      </trkpt>
      <trkpt lat="41.51552" lon="-8.42088">
        <ele>180.75</ele>
      </trkpt>
      <trkpt lat="41.51531" lon="-8.42091">
        <ele>179.75</ele>
      </trkpt>
      <trkpt lat="41.5151" lon="-8.4209">
        <ele>178.29</ele>
      </trkpt>
      <trkpt lat="41.51472" lon="-8.4208">
        <ele>174.47</ele>
      </trkpt>
      <trkpt lat="41.51324" lon="-8.42025">
        <ele>173.56</ele>
      </trkpt>
      <trkpt lat="41.51319" lon="-8.42026">
        <ele>173.06</ele>
      </trkpt>
      <trkpt lat="41.51299" lon="-8.42019">
        <ele>171.29</ele>
      </trkpt>
      <trkpt lat="41.51277" lon="-8.42015">
        <ele>169.95</ele>
      </trkpt>
      <trkpt lat="41.5127" lon="-8.42012">
        <ele>169.64</ele>
      </trkpt>
      <trkpt lat="41.51256" lon="-8.42002">
        <ele>169.83</ele>
      </trkpt>
      <trkpt lat="41.51248" lon="-8.41998">
        <ele>170.5</ele>
      </trkpt>
      <trkpt lat="41.51233" lon="-8.41992">
        <ele>173.46</ele>
      </trkpt>
      <trkpt lat="41.51221" lon="-8.41991">
        <ele>175.37</ele>
      </trkpt>
      <trkpt lat="41.51219" lon="-8.41994">
        <ele>175.37</ele>
      </trkpt>
      <trkpt lat="41.51214" lon="-8.41997">
        <ele>175.6</ele>
      </trkpt>
      <trkpt lat="41.5121" lon="-8.41997">
        <ele>175.85</ele>
      </trkpt>
      <trkpt lat="41.51206" lon="-8.41996">
        <ele>176.06</ele>
      </trkpt>
      <trkpt lat="41.51203" lon="-8.41993">
        <ele>176.11</ele>
      </trkpt>
      <trkpt lat="41.51201" lon="-8.41989">
        <ele>176.02</ele>
      </trkpt>
      <trkpt lat="41.51199" lon="-8.41984">
        <ele>175.8</ele>
      </trkpt>
      <trkpt lat="41.51187" lon="-8.41976">
        <ele>174.88</ele>
      </trkpt>
      <trkpt lat="41.51133" lon="-8.41957">
        <ele>176.64</ele>
      </trkpt>
      <trkpt lat="41.51112" lon="-8.41946">
        <ele>178.9</ele>
      </trkpt>
      <trkpt lat="41.50999" lon="-8.41906">
        <ele>193.26</ele>
      </trkpt>
      <trkpt lat="41.5098" lon="-8.41894">
        <ele>195.11</ele>
      </trkpt>
      <trkpt lat="41.50963" lon="-8.41879">
        <ele>191.61</ele>
      </trkpt>
      <trkpt lat="41.50944" lon="-8.41859">
        <ele>187.19</ele>
      </trkpt>
      <trkpt lat="41.50929" lon="-8.41835">
        <ele>187.39</ele>
      </trkpt>
      <trkpt lat="41.50916" lon="-8.4181">
        <ele>188.24</ele>
      </trkpt>
      <trkpt lat="41.50902" lon="-8.41766">
        <ele>191.18</ele>
      </trkpt>
      <trkpt lat="41.50862" lon="-8.41623">
        <ele>192.07</ele>
      </trkpt>
      <trkpt lat="41.50857" lon="-8.41608">
        <ele>192.74</ele>
      </trkpt>
      <trkpt lat="41.50853" lon="-8.41598">
        <ele>193.92</ele>
      </trkpt>
      <trkpt lat="41.50848" lon="-8.41588">
        <ele>195.51</ele>
      </trkpt>
      <trkpt lat="41.5084" lon="-8.4158">
        <ele>198.89</ele>
      </trkpt>
      <trkpt lat="41.50834" lon="-8.41577">
        <ele>201.78</ele>
      </trkpt>
      <trkpt lat="41.50826" lon="-8.41573">
        <ele>208.33</ele>
      </trkpt>
      <trkpt lat="41.50815" lon="-8.41573">
        <ele>215.07</ele>
      </trkpt>
      <trkpt lat="41.50807" lon="-8.41575">
        <ele>219.58</ele>
      </trkpt>
      <trkpt lat="41.50801" lon="-8.41579">
        <ele>221.75</ele>
      </trkpt>
      <trkpt lat="41.50795" lon="-8.41584">
        <ele>223.33</ele>
      </trkpt>
      <trkpt lat="41.50787" lon="-8.41594">
        <ele>223.43</ele>
      </trkpt>
      <trkpt lat="41.50734" lon="-8.41682">
        <ele>213.26</ele>
      </trkpt>
      <trkpt lat="41.50723" lon="-8.41696">
        <ele>210.97</ele>
      </trkpt>
      <trkpt lat="41.50712" lon="-8.41706">
        <ele>211.64</ele>
      </trkpt>
      <trkpt lat="41.50704" lon="-8.41708">
        <ele>212.01</ele>
      </trkpt>
      <trkpt lat="41.50694" lon="-8.41708">
        <ele>212.58</ele>
      </trkpt>
      <trkpt lat="41.50683" lon="-8.41702">
        <ele>214.31</ele>
      </trkpt>
      <trkpt lat="41.50671" lon="-8.4169">
        <ele>217.84</ele>
      </trkpt>
      <trkpt lat="41.50642" lon="-8.41655">
        <ele>227.65</ele>
      </trkpt>
      <trkpt lat="41.50628" lon="-8.41643">
        <ele>234.28</ele>
      </trkpt>
      <trkpt lat="41.50616" lon="-8.41639">
        <ele>235.46</ele>
      </trkpt>
      <trkpt lat="41.50602" lon="-8.41638">
        <ele>235.04</ele>
      </trkpt>
      <trkpt lat="41.50584" lon="-8.41644">
        <ele>232.16</ele>
      </trkpt>
      <trkpt lat="41.50562" lon="-8.41652">
        <ele>236.28</ele>
      </trkpt>
      <trkpt lat="41.50548" lon="-8.4166">
        <ele>236.98</ele>
      </trkpt>
      <trkpt lat="41.50539" lon="-8.4167">
        <ele>237.93</ele>
      </trkpt>
      <trkpt lat="41.50512" lon="-8.41717">
        <ele>235.21</ele>
      </trkpt>
      <trkpt lat="41.50497" lon="-8.4173">
        <ele>234.83</ele>
      </trkpt>
      <trkpt lat="41.50487" lon="-8.41734">
        <ele>232.19</ele>
      </trkpt>
      <trkpt lat="41.50477" lon="-8.41736">
        <ele>229.89</ele>
      </trkpt>
      <trkpt lat="41.50462" lon="-8.41737">
        <ele>228.94</ele>
      </trkpt>
      <trkpt lat="41.5045" lon="-8.41736">
        <ele>229.43</ele>
      </trkpt>
      <trkpt lat="41.50436" lon="-8.41732">
        <ele>229.25</ele>
      </trkpt>
      <trkpt lat="41.50257" lon="-8.41665">
        <ele>238.54</ele>
      </trkpt>
      <trkpt lat="41.50092" lon="-8.416">
        <ele>249.7</ele>
      </trkpt>
      <trkpt lat="41.50066" lon="-8.41589">
        <ele>251.02</ele>
      </trkpt>
      <trkpt lat="41.50058" lon="-8.41579">
        <ele>251.33</ele>
      </trkpt>
      <trkpt lat="41.5005" lon="-8.41566">
        <ele>252.8</ele>
      </trkpt>
      <trkpt lat="41.50047" lon="-8.41552">
        <ele>254.09</ele>
      </trkpt>
      <trkpt lat="41.50046" lon="-8.41497">
        <ele>248.94</ele>
      </trkpt>
      <trkpt lat="41.50042" lon="-8.41478">
        <ele>250.58</ele>
      </trkpt>
      <trkpt lat="41.50033" lon="-8.41463">
        <ele>251.19</ele>
      </trkpt>
      <trkpt lat="41.50023" lon="-8.41454">
        <ele>251.12</ele>
      </trkpt>
      <trkpt lat="41.50014" lon="-8.4145">
        <ele>251.2</ele>
      </trkpt>
      <trkpt lat="41.50004" lon="-8.41448">
        <ele>251.22</ele>
      </trkpt>
      <trkpt lat="41.49931" lon="-8.41463">
        <ele>257.1</ele>
      </trkpt>
      <trkpt lat="41.49922" lon="-8.41463">
        <ele>255.15</ele>
      </trkpt>
      <trkpt lat="41.49916" lon="-8.41463">
        <ele>253.92</ele>
      </trkpt>
      <trkpt lat="41.49903" lon="-8.41458">
        <ele>253.07</ele>
      </trkpt>
      <trkpt lat="41.4984" lon="-8.41414">
        <ele>255.89</ele>
      </trkpt>
      <trkpt lat="41.49826" lon="-8.414">
        <ele>255.39</ele>
      </trkpt>
      <trkpt lat="41.49826" lon="-8.414">
        <ele>255.39</ele>
      </trkpt>
      <trkpt lat="41.49816" lon="-8.41382">
        <ele>254.75</ele>
      </trkpt>
      <trkpt lat="41.49811" lon="-8.41363">
        <ele>255.36</ele>
      </trkpt>
      <trkpt lat="41.4981" lon="-8.41349">
        <ele>256.08</ele>
      </trkpt>
      <trkpt lat="41.4981" lon="-8.41335">
        <ele>257.01</ele>
      </trkpt>
      <trkpt lat="41.49813" lon="-8.41318">
        <ele>258.02</ele>
      </trkpt>
      <trkpt lat="41.49825" lon="-8.41279">
        <ele>260.93</ele>
      </trkpt>
      <trkpt lat="41.4984" lon="-8.41251">
        <ele>264.44</ele>
      </trkpt>
      <trkpt lat="41.49862" lon="-8.41218">
        <ele>268.82</ele>
      </trkpt>
      <trkpt lat="41.49868" lon="-8.41208">
        <ele>270.93</ele>
      </trkpt>
      <trkpt lat="41.4987" lon="-8.41197">
        <ele>272.89</ele>
      </trkpt>
      <trkpt lat="41.4987" lon="-8.41178">
        <ele>273.91</ele>
      </trkpt>
      <trkpt lat="41.49866" lon="-8.41164">
        <ele>274.59</ele>
      </trkpt>
      <trkpt lat="41.49861" lon="-8.41154">
        <ele>276.27</ele>
      </trkpt>
      <trkpt lat="41.49851" lon="-8.41142">
        <ele>277.47</ele>
      </trkpt>
      <trkpt lat="41.49841" lon="-8.41136">
        <ele>276.73</ele>
      </trkpt>
      <trkpt lat="41.49816" lon="-8.41124">
        <ele>269.36</ele>
      </trkpt>
      <trkpt lat="41.49804" lon="-8.41115">
        <ele>265.43</ele>
      </trkpt>
      <trkpt lat="41.49796" lon="-8.41106">
        <ele>262.39</ele>
      </trkpt>
      <trkpt lat="41.4979" lon="-8.41096">
        <ele>260.6</ele>
      </trkpt>
      <trkpt lat="41.49783" lon="-8.41078">
        <ele>260.29</ele>
      </trkpt>
      <trkpt lat="41.49777" lon="-8.41048">
        <ele>261.62</ele>
      </trkpt>
      <trkpt lat="41.49772" lon="-8.40983">
        <ele>264.35</ele>
      </trkpt>
      <trkpt lat="41.49773" lon="-8.40964">
        <ele>268.51</ele>
      </trkpt>
      <trkpt lat="41.49777" lon="-8.40949">
        <ele>274.3</ele>
      </trkpt>
      <trkpt lat="41.49782" lon="-8.40935">
        <ele>277.4</ele>
      </trkpt>
      <trkpt lat="41.4991" lon="-8.40744">
        <ele>282.66</ele>
      </trkpt>
      <trkpt lat="41.49919" lon="-8.40723">
        <ele>282.23</ele>
      </trkpt>
      <trkpt lat="41.49924" lon="-8.40701">
        <ele>282.57</ele>
      </trkpt>
      <trkpt lat="41.49936" lon="-8.40615">
        <ele>283.22</ele>
      </trkpt>
      <trkpt lat="41.49943" lon="-8.40579">
        <ele>286.88</ele>
      </trkpt>
      <trkpt lat="41.49955" lon="-8.40548">
        <ele>289.28</ele>
      </trkpt>
      <trkpt lat="41.49977" lon="-8.40502">
        <ele>290.67</ele>
      </trkpt>
      <trkpt lat="41.49979" lon="-8.40487">
        <ele>289.19</ele>
      </trkpt>
      <trkpt lat="41.49979" lon="-8.4047">
        <ele>287.42</ele>
      </trkpt>
      <trkpt lat="41.49972" lon="-8.40429">
        <ele>285.99</ele>
      </trkpt>
      <trkpt lat="41.49971" lon="-8.40396">
        <ele>287.06</ele>
      </trkpt>
      <trkpt lat="41.49972" lon="-8.40334">
        <ele>284.92</ele>
      </trkpt>
      <trkpt lat="41.49976" lon="-8.40292">
        <ele>285.31</ele>
      </trkpt>
      <trkpt lat="41.49983" lon="-8.40265">
        <ele>286.24</ele>
      </trkpt>
      <trkpt lat="41.49995" lon="-8.40226">
        <ele>288.2</ele>
      </trkpt>
      <trkpt lat="41.50004" lon="-8.40204">
        <ele>288.67</ele>
      </trkpt>
      <trkpt lat="41.50017" lon="-8.40184">
        <ele>290.09</ele>
      </trkpt>
      <trkpt lat="41.5003" lon="-8.40169">
        <ele>291.79</ele>
      </trkpt>
      <trkpt lat="41.50055" lon="-8.40147">
        <ele>293.69</ele>
      </trkpt>
      <trkpt lat="41.50063" lon="-8.40137">
        <ele>292.15</ele>
      </trkpt>
      <trkpt lat="41.50069" lon="-8.40126">
        <ele>290.81</ele>
      </trkpt>
      <trkpt lat="41.50094" lon="-8.40055">
        <ele>292.4</ele>
      </trkpt>
      <trkpt lat="41.50107" lon="-8.40027">
        <ele>294.44</ele>
      </trkpt>
      <trkpt lat="41.5014" lon="-8.39965">
        <ele>298.9</ele>
      </trkpt>
      <trkpt lat="41.50146" lon="-8.3995">
        <ele>299.24</ele>
      </trkpt>
      <trkpt lat="41.50149" lon="-8.39933">
        <ele>298.51</ele>
      </trkpt>
      <trkpt lat="41.50151" lon="-8.39833">
        <ele>293.39</ele>
      </trkpt>
      <trkpt lat="41.50154" lon="-8.39805">
        <ele>296.25</ele>
      </trkpt>
      <trkpt lat="41.5016" lon="-8.39784">
        <ele>297.37</ele>
      </trkpt>
      <trkpt lat="41.50172" lon="-8.39748">
        <ele>298.39</ele>
      </trkpt>
      <trkpt lat="41.50177" lon="-8.39726">
        <ele>298.25</ele>
      </trkpt>
      <trkpt lat="41.50179" lon="-8.39706">
        <ele>297.19</ele>
      </trkpt>
      <trkpt lat="41.50179" lon="-8.39687">
        <ele>296.28</ele>
      </trkpt>
      <trkpt lat="41.50175" lon="-8.39663">
        <ele>294.95</ele>
      </trkpt>
      <trkpt lat="41.50167" lon="-8.39633">
        <ele>291.57</ele>
      </trkpt>
      <trkpt lat="41.50166" lon="-8.39613">
        <ele>292.7</ele>
      </trkpt>
      <trkpt lat="41.50173" lon="-8.39589">
        <ele>297.53</ele>
      </trkpt>
      <trkpt lat="41.50183" lon="-8.39559">
        <ele>302.89</ele>
      </trkpt>
      <trkpt lat="41.50197" lon="-8.3953">
        <ele>307.12</ele>
      </trkpt>
      <trkpt lat="41.50249" lon="-8.39449">
        <ele>295.26</ele>
      </trkpt>
      <trkpt lat="41.50255" lon="-8.39434">
        <ele>294.38</ele>
      </trkpt>
      <trkpt lat="41.5026" lon="-8.39416">
        <ele>294.22</ele>
      </trkpt>
      <trkpt lat="41.50286" lon="-8.39186">
        <ele>296.59</ele>
      </trkpt>
      <trkpt lat="41.50286" lon="-8.39162">
        <ele>297.13</ele>
      </trkpt>
      <trkpt lat="41.50268" lon="-8.38996">
        <ele>300.62</ele>
      </trkpt>
      <trkpt lat="41.50245" lon="-8.38897">
        <ele>288.18</ele>
      </trkpt>
      <trkpt lat="41.5021" lon="-8.38765">
        <ele>294.98</ele>
      </trkpt>
      <trkpt lat="41.50207" lon="-8.38746">
        <ele>298.03</ele>
      </trkpt>
      <trkpt lat="41.50208" lon="-8.38734">
        <ele>298.71</ele>
      </trkpt>
      <trkpt lat="41.50212" lon="-8.38718">
        <ele>299.5</ele>
      </trkpt>
      <trkpt lat="41.50215" lon="-8.38712">
        <ele>299.87</ele>
      </trkpt>
      <trkpt lat="41.50223" lon="-8.38699">
        <ele>300.1</ele>
      </trkpt>
      <trkpt lat="41.50261" lon="-8.38656">
        <ele>295.3</ele>
      </trkpt>
      <trkpt lat="41.50272" lon="-8.38637">
        <ele>294.99</ele>
      </trkpt>
      <trkpt lat="41.50279" lon="-8.38616">
        <ele>292.81</ele>
      </trkpt>
      <trkpt lat="41.50287" lon="-8.38571">
        <ele>294.38</ele>
      </trkpt>
      <trkpt lat="41.50295" lon="-8.38551">
        <ele>293.86</ele>
      </trkpt>
      <trkpt lat="41.50326" lon="-8.38505">
        <ele>289.36</ele>
      </trkpt>
      <trkpt lat="41.50333" lon="-8.38492">
        <ele>288.66</ele>
      </trkpt>
      <trkpt lat="41.50361" lon="-8.38387">
        <ele>285.05</ele>
      </trkpt>
      <trkpt lat="41.50375" lon="-8.3827">
        <ele>280.48</ele>
      </trkpt>
      <trkpt lat="41.50394" lon="-8.38196">
        <ele>276.14</ele>
      </trkpt>
      <trkpt lat="41.50398" lon="-8.38172">
        <ele>271.94</ele>
      </trkpt>
      <trkpt lat="41.50396" lon="-8.38145">
        <ele>269.76</ele>
      </trkpt>
      <trkpt lat="41.5039" lon="-8.3812">
        <ele>269.28</ele>
      </trkpt>
      <trkpt lat="41.50375" lon="-8.38076">
        <ele>267.0</ele>
      </trkpt>
      <trkpt lat="41.50366" lon="-8.38057">
        <ele>268.94</ele>
      </trkpt>
      <trkpt lat="41.50358" lon="-8.38043">
        <ele>269.23</ele>
      </trkpt>
      <trkpt lat="41.50347" lon="-8.38031">
        <ele>271.12</ele>
      </trkpt>
      <trkpt lat="41.5032" lon="-8.38007">
        <ele>269.13</ele>
      </trkpt>
      <trkpt lat="41.50309" lon="-8.37994">
        <ele>269.91</ele>
      </trkpt>
      <trkpt lat="41.50295" lon="-8.37973">
        <ele>271.12</ele>
      </trkpt>
      <trkpt lat="41.50287" lon="-8.37951">
        <ele>265.7</ele>
      </trkpt>
      <trkpt lat="41.50284" lon="-8.37931">
        <ele>262.76</ele>
      </trkpt>
      <trkpt lat="41.50283" lon="-8.37905">
        <ele>262.6</ele>
      </trkpt>
      <trkpt lat="41.50293" lon="-8.37834">
        <ele>256.65</ele>
      </trkpt>
      <trkpt lat="41.50294" lon="-8.37818">
        <ele>255.32</ele>
      </trkpt>
      <trkpt lat="41.50289" lon="-8.37627">
        <ele>247.36</ele>
      </trkpt>
      <trkpt lat="41.50288" lon="-8.37422">
        <ele>245.47</ele>
      </trkpt>
      <trkpt lat="41.5029" lon="-8.37375">
        <ele>246.06</ele>
      </trkpt>
      <trkpt lat="41.50294" lon="-8.37334">
        <ele>245.54</ele>
      </trkpt>
      <trkpt lat="41.503" lon="-8.37292">
        <ele>252.58</ele>
      </trkpt>
      <trkpt lat="41.50313" lon="-8.37253">
        <ele>255.68</ele>
      </trkpt>
      <trkpt lat="41.50384" lon="-8.37102">
        <ele>239.44</ele>
      </trkpt>
      <trkpt lat="41.50397" lon="-8.37061">
        <ele>234.4</ele>
      </trkpt>
      <trkpt lat="41.50404" lon="-8.37014">
        <ele>233.06</ele>
      </trkpt>
      <trkpt lat="41.5044" lon="-8.36762">
        <ele>220.67</ele>
      </trkpt>
      <trkpt lat="41.50445" lon="-8.36706">
        <ele>214.68</ele>
      </trkpt>
      <trkpt lat="41.50448" lon="-8.3664">
        <ele>208.88</ele>
      </trkpt>
      <trkpt lat="41.50447" lon="-8.36608">
        <ele>205.12</ele>
      </trkpt>
      <trkpt lat="41.50444" lon="-8.36592">
        <ele>204.35</ele>
      </trkpt>
      <trkpt lat="41.50442" lon="-8.36588">
        <ele>204.32</ele>
      </trkpt>
      <trkpt lat="41.50442" lon="-8.36588">
        <ele>204.32</ele>
      </trkpt>
      <trkpt lat="41.50434" lon="-8.36566">
        <ele>202.34</ele>
      </trkpt>
      <trkpt lat="41.50422" lon="-8.36548">
        <ele>197.82</ele>
      </trkpt>
      <trkpt lat="41.50406" lon="-8.36535">
        <ele>194.97</ele>
      </trkpt>
      <trkpt lat="41.5035" lon="-8.36502">
        <ele>196.4</ele>
      </trkpt>
      <trkpt lat="41.50267" lon="-8.36455">
        <ele>191.6</ele>
      </trkpt>
      <trkpt lat="41.50246" lon="-8.36448">
        <ele>190.11</ele>
      </trkpt>
      <trkpt lat="41.50229" lon="-8.36445">
        <ele>189.28</ele>
      </trkpt>
      <trkpt lat="41.50208" lon="-8.36444">
        <ele>188.45</ele>
      </trkpt>
      <trkpt lat="41.5013" lon="-8.3645">
        <ele>188.18</ele>
      </trkpt>
      <trkpt lat="41.50109" lon="-8.36456">
        <ele>189.76</ele>
      </trkpt>
      <trkpt lat="41.50091" lon="-8.36463">
        <ele>188.69</ele>
      </trkpt>
      <trkpt lat="41.50067" lon="-8.36477">
        <ele>187.78</ele>
      </trkpt>
      <trkpt lat="41.50041" lon="-8.36488">
        <ele>184.77</ele>
      </trkpt>
      <trkpt lat="41.50028" lon="-8.36489">
        <ele>182.27</ele>
      </trkpt>
      <trkpt lat="41.49999" lon="-8.3649">
        <ele>183.06</ele>
      </trkpt>
      <trkpt lat="41.49843" lon="-8.36488">
        <ele>158.96</ele>
      </trkpt>
      <trkpt lat="41.49828" lon="-8.36485">
        <ele>156.71</ele>
      </trkpt>
      <trkpt lat="41.49813" lon="-8.3648">
        <ele>150.81</ele>
      </trkpt>
      <trkpt lat="41.49806" lon="-8.36476">
        <ele>147.25</ele>
      </trkpt>
      <trkpt lat="41.49792" lon="-8.36465">
        <ele>145.75</ele>
      </trkpt>
      <trkpt lat="41.49656" lon="-8.36329">
        <ele>156.7</ele>
      </trkpt>
      <trkpt lat="41.49638" lon="-8.36316">
        <ele>158.04</ele>
      </trkpt>
      <trkpt lat="41.496" lon="-8.36296">
        <ele>150.76</ele>
      </trkpt>
      <trkpt lat="41.49588" lon="-8.36291">
        <ele>148.54</ele>
      </trkpt>
      <trkpt lat="41.49517" lon="-8.36256">
        <ele>143.12</ele>
      </trkpt>
      <trkpt lat="41.49393" lon="-8.36185">
        <ele>127.93</ele>
      </trkpt>
      <trkpt lat="41.49282" lon="-8.36118">
        <ele>141.21</ele>
      </trkpt>
      <trkpt lat="41.49221" lon="-8.36082">
        <ele>127.78</ele>
      </trkpt>
      <trkpt lat="41.49092" lon="-8.36004">
        <ele>114.56</ele>
      </trkpt>
      <trkpt lat="41.49069" lon="-8.35986">
        <ele>116.78</ele>
      </trkpt>
      <trkpt lat="41.48908" lon="-8.3584">
        <ele>123.61</ele>
      </trkpt>
      <trkpt lat="41.48856" lon="-8.35792">
        <ele>131.2</ele>
      </trkpt>
      <trkpt lat="41.48848" lon="-8.35781">
        <ele>131.07</ele>
      </trkpt>
      <trkpt lat="41.48756" lon="-8.35628">
        <ele>123.04</ele>
      </trkpt>
      <trkpt lat="41.48738" lon="-8.3559">
        <ele>122.9</ele>
      </trkpt>
      <trkpt lat="41.48732" lon="-8.35571">
        <ele>123.91</ele>
      </trkpt>
      <trkpt lat="41.48714" lon="-8.355">
        <ele>126.7</ele>
      </trkpt>
      <trkpt lat="41.48693" lon="-8.35436">
        <ele>128.56</ele>
      </trkpt>
      <trkpt lat="41.48653" lon="-8.3529">
        <ele>138.89</ele>
      </trkpt>
      <trkpt lat="41.48641" lon="-8.35278">
        <ele>140.82</ele>
      </trkpt>
      <trkpt lat="41.48636" lon="-8.35277">
        <ele>140.85</ele>
      </trkpt>
      <trkpt lat="41.48632" lon="-8.35274">
        <ele>140.78</ele>
      </trkpt>
      <trkpt lat="41.48565" lon="-8.35297">
        <ele>135.41</ele>
      </trkpt>
      <trkpt lat="41.48534" lon="-8.35319">
        <ele>132.35</ele>
      </trkpt>
      <trkpt lat="41.48506" lon="-8.35337">
        <ele>131.29</ele>
      </trkpt>
      <trkpt lat="41.48481" lon="-8.3535">
        <ele>132.69</ele>
      </trkpt>
      <trkpt lat="41.48458" lon="-8.3535">
        <ele>132.48</ele>
      </trkpt>
      <trkpt lat="41.4838" lon="-8.35335">
        <ele>130.12</ele>
      </trkpt>
      <trkpt lat="41.48356" lon="-8.35329">
        <ele>133.69</ele>
      </trkpt>
      <trkpt lat="41.48348" lon="-8.35324">
        <ele>133.31</ele>
      </trkpt>
      <trkpt lat="41.48336" lon="-8.35316">
        <ele>132.47</ele>
      </trkpt>
      <trkpt lat="41.48326" lon="-8.35306">
        <ele>131.59</ele>
      </trkpt>
      <trkpt lat="41.48318" lon="-8.35296">
        <ele>131.42</ele>
      </trkpt>
      <trkpt lat="41.48311" lon="-8.35281">
        <ele>130.84</ele>
      </trkpt>
      <trkpt lat="41.48304" lon="-8.35255">
        <ele>130.5</ele>
      </trkpt>
      <trkpt lat="41.48295" lon="-8.35241">
        <ele>132.41</ele>
      </trkpt>
      <trkpt lat="41.48289" lon="-8.35238">
        <ele>133.66</ele>
      </trkpt>
      <trkpt lat="41.48285" lon="-8.35233">
        <ele>134.27</ele>
      </trkpt>
      <trkpt lat="41.48282" lon="-8.35225">
        <ele>134.41</ele>
      </trkpt>
      <trkpt lat="41.48282" lon="-8.35222">
        <ele>134.21</ele>
      </trkpt>
      <trkpt lat="41.48282" lon="-8.35217">
        <ele>133.5</ele>
      </trkpt>
      <trkpt lat="41.48285" lon="-8.35209">
        <ele>131.53</ele>
      </trkpt>
      <trkpt lat="41.48289" lon="-8.35203">
        <ele>129.23</ele>
      </trkpt>
      <trkpt lat="41.48295" lon="-8.352">
        <ele>126.52</ele>
      </trkpt>
      <trkpt lat="41.483" lon="-8.35175">
        <ele>124.46</ele>
      </trkpt>
      <trkpt lat="41.4829" lon="-8.34696">
        <ele>114.45</ele>
      </trkpt>
      <trkpt lat="41.48288" lon="-8.34653">
        <ele>113.34</ele>
      </trkpt>
      <trkpt lat="41.48288" lon="-8.34575">
        <ele>109.84</ele>
      </trkpt>
      <trkpt lat="41.48288" lon="-8.34541">
        <ele>107.07</ele>
      </trkpt>
      <trkpt lat="41.48286" lon="-8.34483">
        <ele>105.32</ele>
      </trkpt>
      <trkpt lat="41.48282" lon="-8.34453">
        <ele>105.79</ele>
      </trkpt>
      <trkpt lat="41.4826" lon="-8.3442">
        <ele>105.77</ele>
      </trkpt>
      <trkpt lat="41.48244" lon="-8.3441">
        <ele>106.41</ele>
      </trkpt>
      <trkpt lat="41.48205" lon="-8.34386">
        <ele>105.18</ele>
      </trkpt>
      <trkpt lat="41.48166" lon="-8.34364">
        <ele>98.51</ele>
      </trkpt>
      <trkpt lat="41.48143" lon="-8.34363">
        <ele>101.68</ele>
      </trkpt>
      <trkpt lat="41.48139" lon="-8.34365">
        <ele>102.54</ele>
      </trkpt>
      <trkpt lat="41.48135" lon="-8.34365">
        <ele>103.82</ele>
      </trkpt>
      <trkpt lat="41.48131" lon="-8.34363">
        <ele>104.83</ele>
      </trkpt>
      <trkpt lat="41.48128" lon="-8.34361">
        <ele>105.51</ele>
      </trkpt>
      <trkpt lat="41.48126" lon="-8.34357">
        <ele>105.44</ele>
      </trkpt>
      <trkpt lat="41.48124" lon="-8.34349">
        <ele>104.64</ele>
      </trkpt>
      <trkpt lat="41.48112" lon="-8.34328">
        <ele>104.95</ele>
      </trkpt>
      <trkpt lat="41.48079" lon="-8.34307">
        <ele>117.93</ele>
      </trkpt>
      <trkpt lat="41.48076" lon="-8.34304">
        <ele>117.9</ele>
      </trkpt>
      <trkpt lat="41.48061" lon="-8.34291">
        <ele>117.37</ele>
      </trkpt>
      <trkpt lat="41.4805" lon="-8.34279">
        <ele>116.82</ele>
      </trkpt>
      <trkpt lat="41.4803" lon="-8.34242">
        <ele>116.48</ele>
      </trkpt>
      <trkpt lat="41.4802" lon="-8.34212">
        <ele>121.94</ele>
      </trkpt>
      <trkpt lat="41.48017" lon="-8.34188">
        <ele>124.73</ele>
      </trkpt>
      <trkpt lat="41.48017" lon="-8.34163">
        <ele>126.53</ele>
      </trkpt>
      <trkpt lat="41.48029" lon="-8.34099">
        <ele>126.04</ele>
      </trkpt>
      <trkpt lat="41.48033" lon="-8.34071">
        <ele>126.99</ele>
      </trkpt>
      <trkpt lat="41.48032" lon="-8.34045">
        <ele>127.81</ele>
      </trkpt>
      <trkpt lat="41.48024" lon="-8.3402">
        <ele>128.55</ele>
      </trkpt>
      <trkpt lat="41.48005" lon="-8.33989">
        <ele>129.06</ele>
      </trkpt>
      <trkpt lat="41.47975" lon="-8.33946">
        <ele>126.49</ele>
      </trkpt>
      <trkpt lat="41.47949" lon="-8.33919">
        <ele>127.14</ele>
      </trkpt>
      <trkpt lat="41.47892" lon="-8.33866">
        <ele>134.92</ele>
      </trkpt>
      <trkpt lat="41.47883" lon="-8.33858">
        <ele>134.82</ele>
      </trkpt>
      <trkpt lat="41.47861" lon="-8.33838">
        <ele>134.99</ele>
      </trkpt>
      <trkpt lat="41.47814" lon="-8.33805">
        <ele>129.39</ele>
      </trkpt>
      <trkpt lat="41.47725" lon="-8.33753">
        <ele>130.78</ele>
      </trkpt>
      <trkpt lat="41.47711" lon="-8.33744">
        <ele>131.82</ele>
      </trkpt>
      <trkpt lat="41.47662" lon="-8.33691">
        <ele>136.32</ele>
      </trkpt>
      <trkpt lat="41.47625" lon="-8.33647">
        <ele>132.69</ele>
      </trkpt>
      <trkpt lat="41.47605" lon="-8.33618">
        <ele>136.58</ele>
      </trkpt>
      <trkpt lat="41.47578" lon="-8.33573">
        <ele>144.81</ele>
      </trkpt>
      <trkpt lat="41.47566" lon="-8.33561">
        <ele>143.09</ele>
      </trkpt>
      <trkpt lat="41.47562" lon="-8.33561">
        <ele>142.97</ele>
      </trkpt>
      <trkpt lat="41.47559" lon="-8.3356">
        <ele>142.74</ele>
      </trkpt>
      <trkpt lat="41.47556" lon="-8.33557">
        <ele>142.22</ele>
      </trkpt>
      <trkpt lat="41.47554" lon="-8.33553">
        <ele>142.3</ele>
      </trkpt>
      <trkpt lat="41.47553" lon="-8.33548">
        <ele>142.56</ele>
      </trkpt>
      <trkpt lat="41.47553" lon="-8.33541">
        <ele>142.75</ele>
      </trkpt>
      <trkpt lat="41.47551" lon="-8.33533">
        <ele>143.07</ele>
      </trkpt>
      <trkpt lat="41.47548" lon="-8.33517">
        <ele>143.8</ele>
      </trkpt>
      <trkpt lat="41.47526" lon="-8.33479">
        <ele>137.94</ele>
      </trkpt>
      <trkpt lat="41.47463" lon="-8.33365">
        <ele>136.54</ele>
      </trkpt>
      <trkpt lat="41.47449" lon="-8.33345">
        <ele>137.04</ele>
      </trkpt>
      <trkpt lat="41.47432" lon="-8.33324">
        <ele>135.69</ele>
      </trkpt>
      <trkpt lat="41.47417" lon="-8.33309">
        <ele>133.16</ele>
      </trkpt>
      <trkpt lat="41.47233" lon="-8.33122">
        <ele>119.4</ele>
      </trkpt>
      <trkpt lat="41.46911" lon="-8.32794">
        <ele>120.75</ele>
      </trkpt>
      <trkpt lat="41.46827" lon="-8.32715">
        <ele>122.54</ele>
      </trkpt>
      <trkpt lat="41.46805" lon="-8.3269">
        <ele>127.76</ele>
      </trkpt>
      <trkpt lat="41.46771" lon="-8.32657">
        <ele>145.84</ele>
      </trkpt>
      <trkpt lat="41.46719" lon="-8.32609">
        <ele>144.45</ele>
      </trkpt>
      <trkpt lat="41.46594" lon="-8.32506">
        <ele>148.78</ele>
      </trkpt>
      <trkpt lat="41.46521" lon="-8.32446">
        <ele>142.92</ele>
      </trkpt>
      <trkpt lat="41.46486" lon="-8.32423">
        <ele>142.22</ele>
      </trkpt>
      <trkpt lat="41.46386" lon="-8.32362">
        <ele>144.66</ele>
      </trkpt>
      <trkpt lat="41.46368" lon="-8.32349">
        <ele>145.77</ele>
      </trkpt>
      <trkpt lat="41.46358" lon="-8.32339">
        <ele>144.33</ele>
      </trkpt>
      <trkpt lat="41.46346" lon="-8.3232">
        <ele>144.53</ele>
      </trkpt>
      <trkpt lat="41.4634" lon="-8.32297">
        <ele>145.56</ele>
      </trkpt>
      <trkpt lat="41.46308" lon="-8.32147">
        <ele>153.23</ele>
      </trkpt>
      <trkpt lat="41.46302" lon="-8.32125">
        <ele>153.12</ele>
      </trkpt>
      <trkpt lat="41.46296" lon="-8.32108">
        <ele>152.93</ele>
      </trkpt>
      <trkpt lat="41.4629" lon="-8.32096">
        <ele>152.39</ele>
      </trkpt>
      <trkpt lat="41.46277" lon="-8.32077">
        <ele>151.76</ele>
      </trkpt>
      <trkpt lat="41.46273" lon="-8.32075">
        <ele>151.63</ele>
      </trkpt>
      <trkpt lat="41.46269" lon="-8.32069">
        <ele>151.49</ele>
      </trkpt>
      <trkpt lat="41.46269" lon="-8.3206">
        <ele>151.37</ele>
      </trkpt>
      <trkpt lat="41.46271" lon="-8.32053">
        <ele>151.41</ele>
      </trkpt>
      <trkpt lat="41.46273" lon="-8.32051">
        <ele>151.47</ele>
      </trkpt>
      <trkpt lat="41.4628" lon="-8.32035">
        <ele>152.76</ele>
      </trkpt>
      <trkpt lat="41.46282" lon="-8.32029">
        <ele>153.51</ele>
      </trkpt>
      <trkpt lat="41.46282" lon="-8.32023">
        <ele>153.81</ele>
      </trkpt>
      <trkpt lat="41.46281" lon="-8.32005">
        <ele>154.38</ele>
      </trkpt>
      <trkpt lat="41.46259" lon="-8.31873">
        <ele>154.72</ele>
      </trkpt>
      <trkpt lat="41.46245" lon="-8.31759">
        <ele>160.72</ele>
      </trkpt>
      <trkpt lat="41.46237" lon="-8.31701">
        <ele>161.49</ele>
      </trkpt>
      <trkpt lat="41.46225" lon="-8.3164">
        <ele>159.66</ele>
      </trkpt>
      <trkpt lat="41.46217" lon="-8.31617">
        <ele>160.27</ele>
      </trkpt>
      <trkpt lat="41.46211" lon="-8.31605">
        <ele>161.26</ele>
      </trkpt>
      <trkpt lat="41.46145" lon="-8.31502">
        <ele>181.68</ele>
      </trkpt>
      <trkpt lat="41.46056" lon="-8.31359">
        <ele>173.09</ele>
      </trkpt>
      <trkpt lat="41.46041" lon="-8.31338">
        <ele>176.54</ele>
      </trkpt>
      <trkpt lat="41.46037" lon="-8.31334">
        <ele>177.33</ele>
      </trkpt>
      <trkpt lat="41.46035" lon="-8.31328">
        <ele>178.53</ele>
      </trkpt>
      <trkpt lat="41.4602" lon="-8.31302">
        <ele>182.85</ele>
      </trkpt>
      <trkpt lat="41.45983" lon="-8.31243">
        <ele>192.11</ele>
      </trkpt>
      <trkpt lat="41.45975" lon="-8.31232">
        <ele>193.66</ele>
      </trkpt>
      <trkpt lat="41.45958" lon="-8.31214">
        <ele>193.1</ele>
      </trkpt>
      <trkpt lat="41.45943" lon="-8.31204">
        <ele>190.79</ele>
      </trkpt>
      <trkpt lat="41.4593" lon="-8.31199">
        <ele>188.92</ele>
      </trkpt>
      <trkpt lat="41.45887" lon="-8.3119">
        <ele>182.77</ele>
      </trkpt>
      <trkpt lat="41.45842" lon="-8.31183">
        <ele>177.46</ele>
      </trkpt>
      <trkpt lat="41.4582" lon="-8.3118">
        <ele>172.77</ele>
      </trkpt>
      <trkpt lat="41.45748" lon="-8.3117">
        <ele>158.46</ele>
      </trkpt>
      <trkpt lat="41.45696" lon="-8.31162">
        <ele>163.41</ele>
      </trkpt>
      <trkpt lat="41.4568" lon="-8.31158">
        <ele>164.05</ele>
      </trkpt>
      <trkpt lat="41.45664" lon="-8.3115">
        <ele>163.88</ele>
      </trkpt>
      <trkpt lat="41.45548" lon="-8.31063">
        <ele>168.05</ele>
      </trkpt>
      <trkpt lat="41.45485" lon="-8.31013">
        <ele>167.83</ele>
      </trkpt>
      <trkpt lat="41.45429" lon="-8.3097">
        <ele>167.59</ele>
      </trkpt>
      <trkpt lat="41.45416" lon="-8.30964">
        <ele>165.53</ele>
      </trkpt>
      <trkpt lat="41.45403" lon="-8.30963">
        <ele>165.66</ele>
      </trkpt>
      <trkpt lat="41.45389" lon="-8.30967">
        <ele>166.0</ele>
      </trkpt>
      <trkpt lat="41.45309" lon="-8.30999">
        <ele>170.17</ele>
      </trkpt>
      <trkpt lat="41.45298" lon="-8.31001">
        <ele>169.76</ele>
      </trkpt>
      <trkpt lat="41.45287" lon="-8.31001">
        <ele>169.77</ele>
      </trkpt>
      <trkpt lat="41.45184" lon="-8.30992">
        <ele>173.77</ele>
      </trkpt>
      <trkpt lat="41.45169" lon="-8.30989">
        <ele>169.34</ele>
      </trkpt>
      <trkpt lat="41.45149" lon="-8.3098">
        <ele>169.88</ele>
      </trkpt>
      <trkpt lat="41.45126" lon="-8.30965">
        <ele>172.22</ele>
      </trkpt>
      <trkpt lat="41.45115" lon="-8.30957">
        <ele>172.48</ele>
      </trkpt>
      <trkpt lat="41.45109" lon="-8.30951">
        <ele>172.09</ele>
      </trkpt>
      <trkpt lat="41.451" lon="-8.30939">
        <ele>171.74</ele>
      </trkpt>
      <trkpt lat="41.45091" lon="-8.30921">
        <ele>172.73</ele>
      </trkpt>
      <trkpt lat="41.45082" lon="-8.30897">
        <ele>173.94</ele>
      </trkpt>
      <trkpt lat="41.45076" lon="-8.30868">
        <ele>173.16</ele>
      </trkpt>
      <trkpt lat="41.45075" lon="-8.30853">
        <ele>173.47</ele>
      </trkpt>
      <trkpt lat="41.45072" lon="-8.30711">
        <ele>181.78</ele>
      </trkpt>
      <trkpt lat="41.45069" lon="-8.30687">
        <ele>184.84</ele>
      </trkpt>
      <trkpt lat="41.45064" lon="-8.3065">
        <ele>189.24</ele>
      </trkpt>
      <trkpt lat="41.45053" lon="-8.30604">
        <ele>194.93</ele>
      </trkpt>
      <trkpt lat="41.45048" lon="-8.30589">
        <ele>196.91</ele>
      </trkpt>
      <trkpt lat="41.45037" lon="-8.30563">
        <ele>200.26</ele>
      </trkpt>
      <trkpt lat="41.45022" lon="-8.30533">
        <ele>211.82</ele>
      </trkpt>
      <trkpt lat="41.45015" lon="-8.30515">
        <ele>213.53</ele>
      </trkpt>
      <trkpt lat="41.45002" lon="-8.30498">
        <ele>210.16</ele>
      </trkpt>
      <trkpt lat="41.44976" lon="-8.30465">
        <ele>210.44</ele>
      </trkpt>
      <trkpt lat="41.44944" lon="-8.30433">
        <ele>214.11</ele>
      </trkpt>
      <trkpt lat="41.44926" lon="-8.30409">
        <ele>210.99</ele>
      </trkpt>
      <trkpt lat="41.44914" lon="-8.30376">
        <ele>211.73</ele>
      </trkpt>
      <trkpt lat="41.44911" lon="-8.3037">
        <ele>211.47</ele>
      </trkpt>
      <trkpt lat="41.44803" lon="-8.30092">
        <ele>191.18</ele>
      </trkpt>
      <trkpt lat="41.44779" lon="-8.30031">
        <ele>179.84</ele>
      </trkpt>
      <trkpt lat="41.44759" lon="-8.29977">
        <ele>175.46</ele>
      </trkpt>
      <trkpt lat="41.44752" lon="-8.29962">
        <ele>176.49</ele>
      </trkpt>
      <trkpt lat="41.4469" lon="-8.29924">
        <ele>171.35</ele>
      </trkpt>
      <trkpt lat="41.4468" lon="-8.29907">
        <ele>174.28</ele>
      </trkpt>
      <trkpt lat="41.44456" lon="-8.29769">
        <ele>176.85</ele>
      </trkpt>
      <trkpt lat="41.44442" lon="-8.29764">
        <ele>178.88</ele>
      </trkpt>
      <trkpt lat="41.44434" lon="-8.29766">
        <ele>179.99</ele>
      </trkpt>
      <trkpt lat="41.44427" lon="-8.29765">
        <ele>181.23</ele>
      </trkpt>
      <trkpt lat="41.44392" lon="-8.29743">
        <ele>185.78</ele>
      </trkpt>
      <trkpt lat="41.44371" lon="-8.29729">
        <ele>185.53</ele>
      </trkpt>
      <trkpt lat="41.44367" lon="-8.29724">
        <ele>185.85</ele>
      </trkpt>
      <trkpt lat="41.44363" lon="-8.29708">
        <ele>185.97</ele>
      </trkpt>
      <trkpt lat="41.44364" lon="-8.29702">
        <ele>185.92</ele>
      </trkpt>
      <trkpt lat="41.44364" lon="-8.29697">
        <ele>185.91</ele>
      </trkpt>
      <trkpt lat="41.44362" lon="-8.29691">
        <ele>186.1</ele>
      </trkpt>
      <trkpt lat="41.44357" lon="-8.29686">
        <ele>186.1</ele>
      </trkpt>
      <trkpt lat="41.44153" lon="-8.29565">
        <ele>190.33</ele>
      </trkpt>
      <trkpt lat="41.44129" lon="-8.2955">
        <ele>190.07</ele>
      </trkpt>
      <trkpt lat="41.44125" lon="-8.29547">
        <ele>189.88</ele>
      </trkpt>
      <trkpt lat="41.44116" lon="-8.29538">
        <ele>188.74</ele>
      </trkpt>
      <trkpt lat="41.44104" lon="-8.29522">
        <ele>187.35</ele>
      </trkpt>
      <trkpt lat="41.44099" lon="-8.29513">
        <ele>187.18</ele>
      </trkpt>
      <trkpt lat="41.44093" lon="-8.29505">
        <ele>186.7</ele>
      </trkpt>
      <trkpt lat="41.44083" lon="-8.29504">
        <ele>186.43</ele>
      </trkpt>
      <trkpt lat="41.44079" lon="-8.29481">
        <ele>185.0</ele>
      </trkpt>
      <trkpt lat="41.4408" lon="-8.29438">
        <ele>188.1</ele>
      </trkpt>
      <trkpt lat="41.44088" lon="-8.29324">
        <ele>198.05</ele>
      </trkpt>
      <trkpt lat="41.4409" lon="-8.29312">
        <ele>196.33</ele>
      </trkpt>
      <trkpt lat="41.44115" lon="-8.29261">
        <ele>198.37</ele>
      </trkpt>
      <trkpt lat="41.44124" lon="-8.29248">
        <ele>198.56</ele>
      </trkpt>
      <trkpt lat="41.4415" lon="-8.29245">
        <ele>201.57</ele>
      </trkpt>
      <trkpt lat="41.44211" lon="-8.29177">
        <ele>181.96</ele>
      </trkpt>
      <trkpt lat="41.44187" lon="-8.2914">
        <ele>178.36</ele>
      </trkpt>
      <trkpt lat="41.44206" lon="-8.29116">
        <ele>177.04</ele>
      </trkpt>
      <trkpt lat="41.44227" lon="-8.29145">
        <ele>178.5</ele>
      </trkpt>
      <trkpt lat="41.44245" lon="-8.29171">
        <ele>180.14</ele>
      </trkpt>
      <trkpt lat="41.44251" lon="-8.29161">
        <ele>181.44</ele>
      </trkpt>
      <trkpt lat="41.44252" lon="-8.29155">
        <ele>182.87</ele>
      </trkpt>
      <trkpt lat="41.44264" lon="-8.28984">
        <ele>193.81</ele>
      </trkpt>
      <trkpt lat="41.44273" lon="-8.28825">
        <ele>184.12</ele>
      </trkpt>
      <trkpt lat="41.44277" lon="-8.28761">
        <ele>183.1</ele>
      </trkpt>
      <trkpt lat="41.44277" lon="-8.28747">
        <ele>183.64</ele>
      </trkpt>
      <trkpt lat="41.44285" lon="-8.28672">
        <ele>189.86</ele>
      </trkpt>
      <trkpt lat="41.44293" lon="-8.28646">
        <ele>189.59</ele>
      </trkpt>
      <trkpt lat="41.44301" lon="-8.28629">
        <ele>188.81</ele>
      </trkpt>
      <trkpt lat="41.4431" lon="-8.28604">
        <ele>188.18</ele>
      </trkpt>
      <trkpt lat="41.44311" lon="-8.28578">
        <ele>189.5</ele>
      </trkpt>
      <trkpt lat="41.44306" lon="-8.28538">
        <ele>193.84</ele>
      </trkpt>
      <trkpt lat="41.44307" lon="-8.28526">
        <ele>196.55</ele>
      </trkpt>
      <trkpt lat="41.44319" lon="-8.28492">
        <ele>203.43</ele>
      </trkpt>
      <trkpt lat="41.44354" lon="-8.28439">
        <ele>205.0</ele>
      </trkpt>
      <trkpt lat="41.44372" lon="-8.28419">
        <ele>206.0</ele>
      </trkpt>
      <trkpt lat="41.44375" lon="-8.28417">
        <ele>205.97</ele>
      </trkpt>
      <trkpt lat="41.44388" lon="-8.284">
        <ele>203.96</ele>
      </trkpt>
      <trkpt lat="41.44389" lon="-8.28395">
        <ele>203.43</ele>
      </trkpt>
      <trkpt lat="41.44398" lon="-8.28381">
        <ele>201.69</ele>
      </trkpt>
      <trkpt lat="41.44402" lon="-8.28378">
        <ele>201.11</ele>
      </trkpt>
      <trkpt lat="41.44408" lon="-8.28366">
        <ele>200.25</ele>
      </trkpt>
      <trkpt lat="41.4441" lon="-8.2836">
        <ele>199.95</ele>
      </trkpt>
      <trkpt lat="41.44457" lon="-8.28237">
        <ele>200.13</ele>
      </trkpt>
      <trkpt lat="41.44459" lon="-8.28228">
        <ele>200.49</ele>
      </trkpt>
      <trkpt lat="41.44459" lon="-8.28218">
        <ele>201.45</ele>
      </trkpt>
      <trkpt lat="41.44458" lon="-8.28212">
        <ele>202.32</ele>
      </trkpt>
      <trkpt lat="41.44459" lon="-8.28207">
        <ele>202.86</ele>
      </trkpt>
      <trkpt lat="41.44461" lon="-8.28202">
        <ele>203.37</ele>
      </trkpt>
      <trkpt lat="41.44464" lon="-8.28199">
        <ele>203.62</ele>
      </trkpt>
      <trkpt lat="41.44467" lon="-8.28196">
        <ele>203.94</ele>
      </trkpt>
      <trkpt lat="41.44471" lon="-8.28186">
        <ele>204.39</ele>
      </trkpt>
      <trkpt lat="41.44492" lon="-8.28166">
        <ele>205.05</ele>
      </trkpt>
      <trkpt lat="41.44512" lon="-8.28145">
        <ele>204.3</ele>
      </trkpt>
      <trkpt lat="41.4452" lon="-8.28126">
        <ele>206.31</ele>
      </trkpt>
      <trkpt lat="41.44538" lon="-8.28056">
        <ele>217.86</ele>
      </trkpt>
      <trkpt lat="41.44539" lon="-8.28051">
        <ele>217.92</ele>
      </trkpt>
      <trkpt lat="41.44538" lon="-8.28047">
        <ele>218.65</ele>
      </trkpt>
      <trkpt lat="41.44534" lon="-8.28044">
        <ele>220.6</ele>
      </trkpt>
      <trkpt lat="41.44531" lon="-8.28043">
        <ele>221.98</ele>
      </trkpt>
      <trkpt lat="41.44527" lon="-8.28045">
        <ele>223.33</ele>
      </trkpt>
      <trkpt lat="41.44523" lon="-8.28049">
        <ele>223.82</ele>
      </trkpt>
      <trkpt lat="41.44501" lon="-8.28092">
        <ele>219.26</ele>
      </trkpt>
      <trkpt lat="41.44472" lon="-8.28112">
        <ele>218.66</ele>
      </trkpt>
      <trkpt lat="41.44439" lon="-8.28111">
        <ele>219.84</ele>
      </trkpt>
      <trkpt lat="41.44389" lon="-8.28097">
        <ele>223.54</ele>
      </trkpt>
      <trkpt lat="41.44389" lon="-8.28097">
        <ele>223.54</ele>
      </trkpt>
      <trkpt lat="41.44385" lon="-8.28096">
        <ele>223.24</ele>
      </trkpt>
      <trkpt lat="41.44378" lon="-8.28092">
        <ele>223.14</ele>
      </trkpt>
      <trkpt lat="41.44374" lon="-8.28078">
        <ele>225.15</ele>
      </trkpt>
      <trkpt lat="41.44386" lon="-8.28015">
        <ele>233.53</ele>
      </trkpt>
      <trkpt lat="41.44385" lon="-8.28">
        <ele>233.6</ele>
      </trkpt>
      <trkpt lat="41.44375" lon="-8.27978">
        <ele>232.77</ele>
      </trkpt>
      <trkpt lat="41.44369" lon="-8.27967">
        <ele>232.74</ele>
      </trkpt>
      <trkpt lat="41.44363" lon="-8.27964">
        <ele>231.61</ele>
      </trkpt>
      <trkpt lat="41.44338" lon="-8.27964">
        <ele>229.3</ele>
      </trkpt>
      <trkpt lat="41.4433" lon="-8.27957">
        <ele>231.36</ele>
      </trkpt>
      <trkpt lat="41.4433" lon="-8.27946">
        <ele>235.32</ele>
      </trkpt>
      <trkpt lat="41.44335" lon="-8.27922">
        <ele>243.49</ele>
      </trkpt>
      <trkpt lat="41.44334" lon="-8.27909">
        <ele>246.48</ele>
      </trkpt>
      <trkpt lat="41.44316" lon="-8.2788">
        <ele>247.94</ele>
      </trkpt>
      <trkpt lat="41.44296" lon="-8.27843">
        <ele>246.81</ele>
      </trkpt>
      <trkpt lat="41.4429" lon="-8.27824">
        <ele>247.92</ele>
      </trkpt>
      <trkpt lat="41.44288" lon="-8.27799">
        <ele>250.96</ele>
      </trkpt>
      <trkpt lat="41.44283" lon="-8.27788">
        <ele>251.71</ele>
      </trkpt>
      <trkpt lat="41.44273" lon="-8.27777">
        <ele>252.35</ele>
      </trkpt>
      <trkpt lat="41.44261" lon="-8.27775">
        <ele>253.12</ele>
      </trkpt>
      <trkpt lat="41.44243" lon="-8.27783">
        <ele>253.88</ele>
      </trkpt>
      <trkpt lat="41.44179" lon="-8.27817">
        <ele>256.37</ele>
      </trkpt>
      <trkpt lat="41.44148" lon="-8.27828">
        <ele>262.56</ele>
      </trkpt>
      <trkpt lat="41.44141" lon="-8.27834">
        <ele>264.14</ele>
      </trkpt>
      <trkpt lat="41.44104" lon="-8.27885">
        <ele>260.91</ele>
      </trkpt>
      <trkpt lat="41.44092" lon="-8.27895">
        <ele>260.48</ele>
      </trkpt>
      <trkpt lat="41.4408" lon="-8.27899">
        <ele>261.64</ele>
      </trkpt>
      <trkpt lat="41.44041" lon="-8.27893">
        <ele>268.07</ele>
      </trkpt>
      <trkpt lat="41.44032" lon="-8.27894">
        <ele>269.36</ele>
      </trkpt>
      <trkpt lat="41.44024" lon="-8.27903">
        <ele>269.35</ele>
      </trkpt>
      <trkpt lat="41.43992" lon="-8.27992">
        <ele>268.43</ele>
      </trkpt>
      <trkpt lat="41.43984" lon="-8.28002">
        <ele>270.72</ele>
      </trkpt>
      <trkpt lat="41.43926" lon="-8.28054">
        <ele>283.98</ele>
      </trkpt>
      <trkpt lat="41.43916" lon="-8.28065">
        <ele>285.46</ele>
      </trkpt>
      <trkpt lat="41.43882" lon="-8.28113">
        <ele>283.77</ele>
      </trkpt>
      <trkpt lat="41.43865" lon="-8.28135">
        <ele>274.56</ele>
      </trkpt>
      <trkpt lat="41.43858" lon="-8.2814">
        <ele>273.0</ele>
      </trkpt>
      <trkpt lat="41.43851" lon="-8.28139">
        <ele>274.06</ele>
      </trkpt>
      <trkpt lat="41.43824" lon="-8.28119">
        <ele>282.53</ele>
      </trkpt>
      <trkpt lat="41.43814" lon="-8.28118">
        <ele>282.12</ele>
      </trkpt>
      <trkpt lat="41.43785" lon="-8.28121">
        <ele>283.35</ele>
      </trkpt>
      <trkpt lat="41.43779" lon="-8.28128">
        <ele>282.8</ele>
      </trkpt>
      <trkpt lat="41.43775" lon="-8.28141">
        <ele>281.06</ele>
      </trkpt>
      <trkpt lat="41.43778" lon="-8.2818">
        <ele>276.52</ele>
      </trkpt>
      <trkpt lat="41.43775" lon="-8.28192">
        <ele>275.56</ele>
      </trkpt>
      <trkpt lat="41.43767" lon="-8.28202">
        <ele>275.66</ele>
      </trkpt>
      <trkpt lat="41.43755" lon="-8.2821">
        <ele>277.16</ele>
      </trkpt>
      <trkpt lat="41.4374" lon="-8.2821">
        <ele>280.75</ele>
      </trkpt>
      <trkpt lat="41.437" lon="-8.28202">
        <ele>291.8</ele>
      </trkpt>
      <trkpt lat="41.43685" lon="-8.28205">
        <ele>293.79</ele>
      </trkpt>
      <trkpt lat="41.43661" lon="-8.28235">
        <ele>290.15</ele>
      </trkpt>
      <trkpt lat="41.4365" lon="-8.28239">
        <ele>288.38</ele>
      </trkpt>
      <trkpt lat="41.43551" lon="-8.28218">
        <ele>305.67</ele>
      </trkpt>
      <trkpt lat="41.43543" lon="-8.28221">
        <ele>306.87</ele>
      </trkpt>
      <trkpt lat="41.43538" lon="-8.28225">
        <ele>307.38</ele>
      </trkpt>
      <trkpt lat="41.43533" lon="-8.28235">
        <ele>307.23</ele>
      </trkpt>
      <trkpt lat="41.4353" lon="-8.28262">
        <ele>304.91</ele>
      </trkpt>
      <trkpt lat="41.43527" lon="-8.28298">
        <ele>302.05</ele>
      </trkpt>
      <trkpt lat="41.43527" lon="-8.28314">
        <ele>300.66</ele>
      </trkpt>
      <trkpt lat="41.43532" lon="-8.28336">
        <ele>298.46</ele>
      </trkpt>
      <trkpt lat="41.43534" lon="-8.28349">
        <ele>299.79</ele>
      </trkpt>
      <trkpt lat="41.43534" lon="-8.2836">
        <ele>301.28</ele>
      </trkpt>
      <trkpt lat="41.43532" lon="-8.28371">
        <ele>302.29</ele>
      </trkpt>
      <trkpt lat="41.43528" lon="-8.28382">
        <ele>303.7</ele>
      </trkpt>
      <trkpt lat="41.43514" lon="-8.28405">
        <ele>305.83</ele>
      </trkpt>
      <trkpt lat="41.43505" lon="-8.28414">
        <ele>305.38</ele>
      </trkpt>
      <trkpt lat="41.43497" lon="-8.28419">
        <ele>305.19</ele>
      </trkpt>
      <trkpt lat="41.43486" lon="-8.2842">
        <ele>306.98</ele>
      </trkpt>
      <trkpt lat="41.43478" lon="-8.28419">
        <ele>308.56</ele>
      </trkpt>
      <trkpt lat="41.43424" lon="-8.28396">
        <ele>311.4</ele>
      </trkpt>
      <trkpt lat="41.43356" lon="-8.28367">
        <ele>320.26</ele>
      </trkpt>
      <trkpt lat="41.43353" lon="-8.28364">
        <ele>321.34</ele>
      </trkpt>
      <trkpt lat="41.43352" lon="-8.28359">
        <ele>322.37</ele>
      </trkpt>
      <trkpt lat="41.43351" lon="-8.28354">
        <ele>323.53</ele>
      </trkpt>
      <trkpt lat="41.43352" lon="-8.2835">
        <ele>324.11</ele>
      </trkpt>
      <trkpt lat="41.43355" lon="-8.28345">
        <ele>324.54</ele>
      </trkpt>
      <trkpt lat="41.43358" lon="-8.28342">
        <ele>324.65</ele>
      </trkpt>
      <trkpt lat="41.43363" lon="-8.2834">
        <ele>324.48</ele>
      </trkpt>
      <trkpt lat="41.43376" lon="-8.2834">
        <ele>323.9</ele>
      </trkpt>
      <trkpt lat="41.43396" lon="-8.28335">
        <ele>324.56</ele>
      </trkpt>
      <trkpt lat="41.43407" lon="-8.28327">
        <ele>325.61</ele>
      </trkpt>
      <trkpt lat="41.43413" lon="-8.28315">
        <ele>326.49</ele>
      </trkpt>
      <trkpt lat="41.43434" lon="-8.28213">
        <ele>334.96</ele>
      </trkpt>
      <trkpt lat="41.43424" lon="-8.28155">
        <ele>341.68</ele>
      </trkpt>
      <trkpt lat="41.43426" lon="-8.28141">
        <ele>344.26</ele>
      </trkpt>
      <trkpt lat="41.43456" lon="-8.28075">
        <ele>350.28</ele>
      </trkpt>
      <trkpt lat="41.43465" lon="-8.28068">
        <ele>348.0</ele>
      </trkpt>
      <trkpt lat="41.43512" lon="-8.28069">
        <ele>341.51</ele>
      </trkpt>
      <trkpt lat="41.43524" lon="-8.28064">
        <ele>341.79</ele>
      </trkpt>
      <trkpt lat="41.43533" lon="-8.28053">
        <ele>341.04</ele>
      </trkpt>
      <trkpt lat="41.43539" lon="-8.28037">
        <ele>344.86</ele>
      </trkpt>
      <trkpt lat="41.43544" lon="-8.28009">
        <ele>352.3</ele>
      </trkpt>
      <trkpt lat="41.43548" lon="-8.27964">
        <ele>361.55</ele>
      </trkpt>
      <trkpt lat="41.43553" lon="-8.27955">
        <ele>361.1</ele>
      </trkpt>
      <trkpt lat="41.43567" lon="-8.27946">
        <ele>357.14</ele>
      </trkpt>
      <trkpt lat="41.43577" lon="-8.27936">
        <ele>355.9</ele>
      </trkpt>
      <trkpt lat="41.43585" lon="-8.27895">
        <ele>362.42</ele>
      </trkpt>
      <trkpt lat="41.43597" lon="-8.27885">
        <ele>360.62</ele>
      </trkpt>
      <trkpt lat="41.43634" lon="-8.27873">
        <ele>354.62</ele>
      </trkpt>
      <trkpt lat="41.43648" lon="-8.27867">
        <ele>350.83</ele>
      </trkpt>
      <trkpt lat="41.43654" lon="-8.27857">
        <ele>349.76</ele>
      </trkpt>
      <trkpt lat="41.43655" lon="-8.27842">
        <ele>352.06</ele>
      </trkpt>
      <trkpt lat="41.43647" lon="-8.2783">
        <ele>357.54</ele>
      </trkpt>
      <trkpt lat="41.43586" lon="-8.27825">
        <ele>372.8</ele>
      </trkpt>
      <trkpt lat="41.43575" lon="-8.27825">
        <ele>374.09</ele>
      </trkpt>
      <trkpt lat="41.43564" lon="-8.27834">
        <ele>372.33</ele>
      </trkpt>
      <trkpt lat="41.43545" lon="-8.27876">
        <ele>370.68</ele>
      </trkpt>
      <trkpt lat="41.43536" lon="-8.27886">
        <ele>371.74</ele>
      </trkpt>
      <trkpt lat="41.43524" lon="-8.27893">
        <ele>374.47</ele>
      </trkpt>
      <trkpt lat="41.43452" lon="-8.27909">
        <ele>387.9</ele>
      </trkpt>
      <trkpt lat="41.43425" lon="-8.27913">
        <ele>390.76</ele>
      </trkpt>
      <trkpt lat="41.43402" lon="-8.27913">
        <ele>392.72</ele>
      </trkpt>
      <trkpt lat="41.43388" lon="-8.27917">
        <ele>393.02</ele>
      </trkpt>
      <trkpt lat="41.43378" lon="-8.27929">
        <ele>390.92</ele>
      </trkpt>
      <trkpt lat="41.43361" lon="-8.27956">
        <ele>388.37</ele>
      </trkpt>
      <trkpt lat="41.43349" lon="-8.27972">
        <ele>389.52</ele>
      </trkpt>
      <trkpt lat="41.43331" lon="-8.27982">
        <ele>390.99</ele>
      </trkpt>
      <trkpt lat="41.4331" lon="-8.2798">
        <ele>389.84</ele>
      </trkpt>
      <trkpt lat="41.43294" lon="-8.27973">
        <ele>388.45</ele>
      </trkpt>
      <trkpt lat="41.43276" lon="-8.27957">
        <ele>388.12</ele>
      </trkpt>
      <trkpt lat="41.43267" lon="-8.27944">
        <ele>390.09</ele>
      </trkpt>
      <trkpt lat="41.43251" lon="-8.27906">
        <ele>391.1</ele>
      </trkpt>
      <trkpt lat="41.4324" lon="-8.27892">
        <ele>393.96</ele>
      </trkpt>
      <trkpt lat="41.43204" lon="-8.27869">
        <ele>399.16</ele>
      </trkpt>
      <trkpt lat="41.43181" lon="-8.27849">
        <ele>400.68</ele>
      </trkpt>
      <trkpt lat="41.43166" lon="-8.27839">
        <ele>400.76</ele>
      </trkpt>
      <trkpt lat="41.4312" lon="-8.27815">
        <ele>403.63</ele>
      </trkpt>
      <trkpt lat="41.43113" lon="-8.27799">
        <ele>407.03</ele>
      </trkpt>
      <trkpt lat="41.43115" lon="-8.27783">
        <ele>411.3</ele>
      </trkpt>
      <trkpt lat="41.43123" lon="-8.27773">
        <ele>414.13</ele>
      </trkpt>
      <trkpt lat="41.43139" lon="-8.27775">
        <ele>416.3</ele>
      </trkpt>
      <trkpt lat="41.43157" lon="-8.2779">
        <ele>412.86</ele>
      </trkpt>
      <trkpt lat="41.43174" lon="-8.2781">
        <ele>408.94</ele>
      </trkpt>
      <trkpt lat="41.43191" lon="-8.27825">
        <ele>407.6</ele>
      </trkpt>
      <trkpt lat="41.43211" lon="-8.27829">
        <ele>408.38</ele>
      </trkpt>
      <trkpt lat="41.43237" lon="-8.27828">
        <ele>410.5</ele>
      </trkpt>
      <trkpt lat="41.43256" lon="-8.27823">
        <ele>411.96</ele>
      </trkpt>
      <trkpt lat="41.43268" lon="-8.27812">
        <ele>413.43</ele>
      </trkpt>
      <trkpt lat="41.43301" lon="-8.27755">
        <ele>423.11</ele>
      </trkpt>
      <trkpt lat="41.43311" lon="-8.27744">
        <ele>424.8</ele>
      </trkpt>
      <trkpt lat="41.43336" lon="-8.27737">
        <ele>426.22</ele>
      </trkpt>
      <trkpt lat="41.43349" lon="-8.27732">
        <ele>427.99</ele>
      </trkpt>
      <trkpt lat="41.43363" lon="-8.27709">
        <ele>430.64</ele>
      </trkpt>
      <trkpt lat="41.43384" lon="-8.27661">
        <ele>435.94</ele>
      </trkpt>
      <trkpt lat="41.43409" lon="-8.27621">
        <ele>439.83</ele>
      </trkpt>
      <trkpt lat="41.43426" lon="-8.27597">
        <ele>437.66</ele>
      </trkpt>
      <trkpt lat="41.43433" lon="-8.27577">
        <ele>437.23</ele>
      </trkpt>
      <trkpt lat="41.43439" lon="-8.27562">
        <ele>437.06</ele>
      </trkpt>
      <trkpt lat="41.43458" lon="-8.27493">
        <ele>438.65</ele>
      </trkpt>
      <trkpt lat="41.43467" lon="-8.27479">
        <ele>439.5</ele>
      </trkpt>
      <trkpt lat="41.43494" lon="-8.27467">
        <ele>436.95</ele>
      </trkpt>
      <trkpt lat="41.43503" lon="-8.27456">
        <ele>435.23</ele>
      </trkpt>
      <trkpt lat="41.43509" lon="-8.27421">
        <ele>433.43</ele>
      </trkpt>
      <trkpt lat="41.43512" lon="-8.27376">
        <ele>433.48</ele>
      </trkpt>
      <trkpt lat="41.43507" lon="-8.27352">
        <ele>436.97</ele>
      </trkpt>
      <trkpt lat="41.43496" lon="-8.27338">
        <ele>442.42</ele>
      </trkpt>
      <trkpt lat="41.43467" lon="-8.27317">
        <ele>456.11</ele>
      </trkpt>
      <trkpt lat="41.43456" lon="-8.27303">
        <ele>461.21</ele>
      </trkpt>
      <trkpt lat="41.43447" lon="-8.27275">
        <ele>469.04</ele>
      </trkpt>
      <trkpt lat="41.4344" lon="-8.27265">
        <ele>471.99</ele>
      </trkpt>
      <trkpt lat="41.43424" lon="-8.27263">
        <ele>473.32</ele>
      </trkpt>
      <trkpt lat="41.43416" lon="-8.27278">
        <ele>470.16</ele>
      </trkpt>
      <trkpt lat="41.43423" lon="-8.27316">
        <ele>466.56</ele>
      </trkpt>
      <trkpt lat="41.43424" lon="-8.27336">
        <ele>463.89</ele>
      </trkpt>
      <trkpt lat="41.43416" lon="-8.27349">
        <ele>464.42</ele>
      </trkpt>
      <trkpt lat="41.43308" lon="-8.27388">
        <ele>479.33</ele>
      </trkpt>
      <trkpt lat="41.43282" lon="-8.27391">
        <ele>477.03</ele>
      </trkpt>
      <trkpt lat="41.43208" lon="-8.27393">
        <ele>482.7</ele>
      </trkpt>
      <trkpt lat="41.432" lon="-8.27389">
        <ele>483.78</ele>
      </trkpt>
      <trkpt lat="41.43142" lon="-8.27347">
        <ele>489.76</ele>
      </trkpt>
      <trkpt lat="41.43111" lon="-8.27311">
        <ele>497.62</ele>
      </trkpt>
      <trkpt lat="41.43078" lon="-8.27291">
        <ele>501.17</ele>
      </trkpt>
      <trkpt lat="41.43026" lon="-8.27266">
        <ele>510.8</ele>
      </trkpt>
      <trkpt lat="41.42951" lon="-8.27254">
        <ele>509.95</ele>
      </trkpt>
      <trkpt lat="41.42918" lon="-8.27235">
        <ele>510.77</ele>
      </trkpt>
      <trkpt lat="41.42898" lon="-8.27226">
        <ele>512.44</ele>
      </trkpt>
      <trkpt lat="41.42882" lon="-8.27228">
        <ele>512.22</ele>
      </trkpt>
      <trkpt lat="41.42859" lon="-8.27237">
        <ele>512.19</ele>
      </trkpt>
      <trkpt lat="41.42859" lon="-8.27237">
        <ele>512.19</ele>
      </trkpt>
      <trkpt lat="41.42844" lon="-8.27243">
        <ele>513.9</ele>
      </trkpt>
      <trkpt lat="41.42771" lon="-8.27243">
        <ele>517.72</ele>
      </trkpt>
      <trkpt lat="41.42757" lon="-8.27245">
        <ele>520.68</ele>
      </trkpt>
      <trkpt lat="41.42743" lon="-8.27247">
        <ele>522.76</ele>
      </trkpt>
      <trkpt lat="41.42712" lon="-8.27261">
        <ele>524.17</ele>
      </trkpt>
      <trkpt lat="41.42696" lon="-8.27266">
        <ele>526.01</ele>
      </trkpt>
      <trkpt lat="41.42689" lon="-8.27265">
        <ele>527.07</ele>
      </trkpt>
      <trkpt lat="41.42684" lon="-8.2726">
        <ele>528.18</ele>
      </trkpt>
      <trkpt lat="41.42682" lon="-8.27253">
        <ele>529.07</ele>
      </trkpt>
      <trkpt lat="41.42682" lon="-8.2725">
        <ele>529.34</ele>
      </trkpt>
      <trkpt lat="41.42683" lon="-8.27239">
        <ele>528.58</ele>
      </trkpt>
      <trkpt lat="41.42687" lon="-8.27233">
        <ele>528.15</ele>
      </trkpt>
      <trkpt lat="41.427" lon="-8.27224">
        <ele>528.15</ele>
      </trkpt>
      <trkpt lat="41.4276" lon="-8.27191">
        <ele>532.46</ele>
      </trkpt>
      <trkpt lat="41.42776" lon="-8.27176">
        <ele>535.09</ele>
      </trkpt>
      <trkpt lat="41.42804" lon="-8.27137">
        <ele>542.21</ele>
      </trkpt>
      <trkpt lat="41.42815" lon="-8.27127">
        <ele>545.84</ele>
      </trkpt>
      <trkpt lat="41.42828" lon="-8.27122">
        <ele>547.31</ele>
      </trkpt>
      <trkpt lat="41.42858" lon="-8.27114">
        <ele>548.28</ele>
      </trkpt>
      <trkpt lat="41.42867" lon="-8.2711">
        <ele>548.17</ele>
      </trkpt>
      <trkpt lat="41.42875" lon="-8.27105">
        <ele>548.26</ele>
      </trkpt>
      <trkpt lat="41.42901" lon="-8.27077">
        <ele>558.71</ele>
      </trkpt>
      <trkpt lat="41.42926" lon="-8.27052">
        <ele>563.3</ele>
      </trkpt>
      <trkpt lat="41.42951" lon="-8.27033">
        <ele>565.6</ele>
      </trkpt>
      <trkpt lat="41.42976" lon="-8.27024">
        <ele>566.36</ele>
      </trkpt>
      <trkpt lat="41.4302" lon="-8.27015">
        <ele>567.47</ele>
      </trkpt>
      <trkpt lat="41.43027" lon="-8.27015">
        <ele>567.1</ele>
      </trkpt>
      <trkpt lat="41.43041" lon="-8.27023">
        <ele>565.47</ele>
      </trkpt>
      <trkpt lat="41.43052" lon="-8.27034">
        <ele>563.72</ele>
      </trkpt>
      <trkpt lat="41.43067" lon="-8.27046">
        <ele>562.81</ele>
      </trkpt>
      <trkpt lat="41.43092" lon="-8.27059">
        <ele>563.13</ele>
      </trkpt>
      <trkpt lat="41.43103" lon="-8.27064">
        <ele>563.1</ele>
      </trkpt>
      <trkpt lat="41.43118" lon="-8.27066">
        <ele>563.96</ele>
      </trkpt>
      <trkpt lat="41.43157" lon="-8.27066">
        <ele>566.79</ele>
      </trkpt>
      <trkpt lat="41.43174" lon="-8.27065">
        <ele>568.13</ele>
      </trkpt>
      <trkpt lat="41.43189" lon="-8.2706">
        <ele>569.72</ele>
      </trkpt>
      <trkpt lat="41.43202" lon="-8.27053">
        <ele>571.38</ele>
      </trkpt>
      <trkpt lat="41.43215" lon="-8.27037">
        <ele>572.81</ele>
      </trkpt>
      <trkpt lat="41.43225" lon="-8.27016">
        <ele>573.54</ele>
      </trkpt>
      <trkpt lat="41.43228" lon="-8.27007">
        <ele>574.39</ele>
      </trkpt>
      <trkpt lat="41.4323" lon="-8.26996">
        <ele>576.17</ele>
      </trkpt>
      <trkpt lat="41.43227" lon="-8.26975">
        <ele>582.56</ele>
      </trkpt>
      <trkpt lat="41.43226" lon="-8.26966">
        <ele>583.84</ele>
      </trkpt>
      <trkpt lat="41.43231" lon="-8.26944">
        <ele>584.16</ele>
      </trkpt>
      <trkpt lat="41.4325" lon="-8.26921">
        <ele>585.91</ele>
      </trkpt>
      <trkpt lat="41.43253" lon="-8.26913">
        <ele>587.4</ele>
      </trkpt>
      <trkpt lat="41.43255" lon="-8.26905">
        <ele>588.26</ele>
      </trkpt>
      <trkpt lat="41.43255" lon="-8.26895">
        <ele>589.34</ele>
      </trkpt>
      <trkpt lat="41.43252" lon="-8.26876">
        <ele>589.07</ele>
      </trkpt>
      <trkpt lat="41.43247" lon="-8.26864">
        <ele>588.29</ele>
      </trkpt>
      <trkpt lat="41.43241" lon="-8.26847">
        <ele>585.43</ele>
      </trkpt>
      <trkpt lat="41.43241" lon="-8.26847">
        <ele>585.43</ele>
      </trkpt>
      <trkpt lat="41.4322" lon="-8.26836">
        <ele>586.14</ele>
      </trkpt>
      <trkpt lat="41.43208" lon="-8.2683">
        <ele>584.5</ele>
      </trkpt>
      <trkpt lat="41.43188" lon="-8.26819">
        <ele>582.14</ele>
      </trkpt>
      <trkpt lat="41.43168" lon="-8.26815">
        <ele>578.59</ele>
      </trkpt>
      <trkpt lat="41.4315" lon="-8.26814">
        <ele>575.6</ele>
      </trkpt>
      <trkpt lat="41.43122" lon="-8.26819">
        <ele>573.57</ele>
      </trkpt>
      <trkpt lat="41.43113" lon="-8.26816">
        <ele>573.08</ele>
      </trkpt>
      <trkpt lat="41.43105" lon="-8.26811">
        <ele>573.88</ele>
      </trkpt>
      <trkpt lat="41.43096" lon="-8.268">
        <ele>575.14</ele>
      </trkpt>
      <trkpt lat="41.43091" lon="-8.26785">
        <ele>575.23</ele>
      </trkpt>
      <trkpt lat="41.4309" lon="-8.26767">
        <ele>573.73</ele>
      </trkpt>
      <trkpt lat="41.43093" lon="-8.26764">
        <ele>573.53</ele>
      </trkpt>
      <trkpt lat="41.4313" lon="-8.26765">
        <ele>574.17</ele>
      </trkpt>
      <trkpt lat="41.43129" lon="-8.26759">
        <ele>574.12</ele>
      </trkpt>
      <trkpt lat="41.43169" lon="-8.2675">
        <ele>571.34</ele>
      </trkpt>
      <trkpt lat="41.43183" lon="-8.26743">
        <ele>571.41</ele>
      </trkpt>
      <trkpt lat="41.43207" lon="-8.26718">
        <ele>563.94</ele>
      </trkpt>
      <trkpt lat="41.43222" lon="-8.26698">
        <ele>559.03</ele>
      </trkpt>
      <trkpt lat="41.43227" lon="-8.26686">
        <ele>557.51</ele>
      </trkpt>
      <trkpt lat="41.43227" lon="-8.26676">
        <ele>556.73</ele>
      </trkpt>
      <trkpt lat="41.43225" lon="-8.26666">
        <ele>556.0</ele>
      </trkpt>
      <trkpt lat="41.43217" lon="-8.2666">
        <ele>556.1</ele>
      </trkpt>
      <trkpt lat="41.43202" lon="-8.26659">
        <ele>556.33</ele>
      </trkpt>
      <trkpt lat="41.43193" lon="-8.26652">
        <ele>556.07</ele>
      </trkpt>
      <trkpt lat="41.43189" lon="-8.26648">
        <ele>556.11</ele>
      </trkpt>
      <trkpt lat="41.43187" lon="-8.2664">
        <ele>555.63</ele>
      </trkpt>
      <trkpt lat="41.43185" lon="-8.26614">
        <ele>556.86</ele>
      </trkpt>
      <trkpt lat="41.43186" lon="-8.26584">
        <ele>555.94</ele>
      </trkpt>
      <trkpt lat="41.43187" lon="-8.26576">
        <ele>555.63</ele>
      </trkpt>
      <trkpt lat="41.43191" lon="-8.2657">
        <ele>554.71</ele>
      </trkpt>
      <trkpt lat="41.43244" lon="-8.26538">
        <ele>548.71</ele>
      </trkpt>
      <trkpt lat="41.43272" lon="-8.26522">
        <ele>547.42</ele>
      </trkpt>
      <trkpt lat="41.43312" lon="-8.26499">
        <ele>544.85</ele>
      </trkpt>
      <trkpt lat="41.43343" lon="-8.26484">
        <ele>547.49</ele>
      </trkpt>
      <trkpt lat="41.43357" lon="-8.26478">
        <ele>544.18</ele>
      </trkpt>
      <trkpt lat="41.43435" lon="-8.26456">
        <ele>536.64</ele>
      </trkpt>
      <trkpt lat="41.43444" lon="-8.26454">
        <ele>535.11</ele>
      </trkpt>
      <trkpt lat="41.43452" lon="-8.26454">
        <ele>536.38</ele>
      </trkpt>
      <trkpt lat="41.43478" lon="-8.26461">
        <ele>539.84</ele>
      </trkpt>
      <trkpt lat="41.43494" lon="-8.26467">
        <ele>538.87</ele>
      </trkpt>
      <trkpt lat="41.43502" lon="-8.2648">
        <ele>535.6</ele>
      </trkpt>
      <trkpt lat="41.43505" lon="-8.26487">
        <ele>533.49</ele>
      </trkpt>
      <trkpt lat="41.43511" lon="-8.26525">
        <ele>524.77</ele>
      </trkpt>
      <trkpt lat="41.43515" lon="-8.26559">
        <ele>518.29</ele>
      </trkpt>
      <trkpt lat="41.43526" lon="-8.26572">
        <ele>515.56</ele>
      </trkpt>
      <trkpt lat="41.43535" lon="-8.26575">
        <ele>515.01</ele>
      </trkpt>
      <trkpt lat="41.43612" lon="-8.26577">
        <ele>497.73</ele>
      </trkpt>
      <trkpt lat="41.43625" lon="-8.26569">
        <ele>496.58</ele>
      </trkpt>
      <trkpt lat="41.43642" lon="-8.2654">
        <ele>499.65</ele>
      </trkpt>
      <trkpt lat="41.43647" lon="-8.26534">
        <ele>500.0</ele>
      </trkpt>
      <trkpt lat="41.43652" lon="-8.26529">
        <ele>500.31</ele>
      </trkpt>
      <trkpt lat="41.43662" lon="-8.26526">
        <ele>499.23</ele>
      </trkpt>
      <trkpt lat="41.43672" lon="-8.26527">
        <ele>497.04</ele>
      </trkpt>
      <trkpt lat="41.43692" lon="-8.26535">
        <ele>490.43</ele>
      </trkpt>
      <trkpt lat="41.43707" lon="-8.26544">
        <ele>492.34</ele>
      </trkpt>
      <trkpt lat="41.43716" lon="-8.26548">
        <ele>495.56</ele>
      </trkpt>
      <trkpt lat="41.43725" lon="-8.2655">
        <ele>497.82</ele>
      </trkpt>
      <trkpt lat="41.43733" lon="-8.26548">
        <ele>496.83</ele>
      </trkpt>
      <trkpt lat="41.43742" lon="-8.26539">
        <ele>496.17</ele>
      </trkpt>
      <trkpt lat="41.43749" lon="-8.26527">
        <ele>496.33</ele>
      </trkpt>
      <trkpt lat="41.4376" lon="-8.26503">
        <ele>502.49</ele>
      </trkpt>
      <trkpt lat="41.43773" lon="-8.26486">
        <ele>504.2</ele>
      </trkpt>
      <trkpt lat="41.43839" lon="-8.26427">
        <ele>497.06</ele>
      </trkpt>
      <trkpt lat="41.4385" lon="-8.2641">
        <ele>494.63</ele>
      </trkpt>
      <trkpt lat="41.43861" lon="-8.26378">
        <ele>494.02</ele>
      </trkpt>
      <trkpt lat="41.43874" lon="-8.26323">
        <ele>489.26</ele>
      </trkpt>
      <trkpt lat="41.43896" lon="-8.2633">
        <ele>488.25</ele>
      </trkpt>
      <trkpt lat="41.43928" lon="-8.26343">
        <ele>482.37</ele>
      </trkpt>
      <trkpt lat="41.43967" lon="-8.26337">
        <ele>475.02</ele>
      </trkpt>
      <trkpt lat="41.43989" lon="-8.26328">
        <ele>473.37</ele>
      </trkpt>
      <trkpt lat="41.43995" lon="-8.26314">
        <ele>474.45</ele>
      </trkpt>
      <trkpt lat="41.43999" lon="-8.26302">
        <ele>474.29</ele>
      </trkpt>
      <trkpt lat="41.44004" lon="-8.26275">
        <ele>468.24</ele>
      </trkpt>
      <trkpt lat="41.44019" lon="-8.26251">
        <ele>465.0</ele>
      </trkpt>
      <trkpt lat="41.44053" lon="-8.26232">
        <ele>459.08</ele>
      </trkpt>
      <trkpt lat="41.44066" lon="-8.2624">
        <ele>456.96</ele>
      </trkpt>
      <trkpt lat="41.44086" lon="-8.26251">
        <ele>455.18</ele>
      </trkpt>
      <trkpt lat="41.44119" lon="-8.26254">
        <ele>454.44</ele>
      </trkpt>
      <trkpt lat="41.44136" lon="-8.26247">
        <ele>449.67</ele>
      </trkpt>
      <trkpt lat="41.44154" lon="-8.26229">
        <ele>446.33</ele>
      </trkpt>
      <trkpt lat="41.442" lon="-8.26163">
        <ele>439.05</ele>
      </trkpt>
      <trkpt lat="41.44253" lon="-8.2607">
        <ele>431.03</ele>
      </trkpt>
      <trkpt lat="41.44269" lon="-8.26047">
        <ele>426.24</ele>
      </trkpt>
      <trkpt lat="41.44277" lon="-8.2604">
        <ele>423.61</ele>
      </trkpt>
      <trkpt lat="41.44287" lon="-8.26035">
        <ele>420.51</ele>
      </trkpt>
      <trkpt lat="41.44325" lon="-8.26023">
        <ele>409.88</ele>
      </trkpt>
      <trkpt lat="41.44334" lon="-8.26021">
        <ele>407.39</ele>
      </trkpt>
      <trkpt lat="41.44369" lon="-8.26032">
        <ele>403.21</ele>
      </trkpt>
      <trkpt lat="41.44383" lon="-8.26031">
        <ele>401.05</ele>
      </trkpt>
      <trkpt lat="41.44409" lon="-8.26021">
        <ele>393.77</ele>
      </trkpt>
      <trkpt lat="41.44423" lon="-8.26021">
        <ele>394.27</ele>
      </trkpt>
      <trkpt lat="41.44486" lon="-8.26025">
        <ele>394.05</ele>
      </trkpt>
      <trkpt lat="41.4451" lon="-8.26022">
        <ele>393.22</ele>
      </trkpt>
      <trkpt lat="41.44554" lon="-8.26005">
        <ele>392.39</ele>
      </trkpt>
      <trkpt lat="41.44615" lon="-8.25985">
        <ele>395.69</ele>
      </trkpt>
      <trkpt lat="41.44626" lon="-8.25978">
        <ele>393.98</ele>
      </trkpt>
      <trkpt lat="41.44638" lon="-8.25965">
        <ele>391.02</ele>
      </trkpt>
      <trkpt lat="41.44652" lon="-8.25945">
        <ele>386.68</ele>
      </trkpt>
      <trkpt lat="41.44664" lon="-8.25939">
        <ele>383.38</ele>
      </trkpt>
      <trkpt lat="41.44747" lon="-8.25928">
        <ele>362.93</ele>
      </trkpt>
      <trkpt lat="41.44763" lon="-8.2593">
        <ele>360.49</ele>
      </trkpt>
      <trkpt lat="41.44806" lon="-8.25943">
        <ele>358.7</ele>
      </trkpt>
      <trkpt lat="41.44817" lon="-8.25954">
        <ele>356.89</ele>
      </trkpt>
      <trkpt lat="41.44837" lon="-8.25991">
        <ele>357.05</ele>
      </trkpt>
      <trkpt lat="41.44856" lon="-8.26019">
        <ele>358.07</ele>
      </trkpt>
      <trkpt lat="41.44926" lon="-8.26099">
        <ele>349.5</ele>
      </trkpt>
      <trkpt lat="41.44934" lon="-8.26106">
        <ele>349.22</ele>
      </trkpt>
      <trkpt lat="41.44955" lon="-8.26117">
        <ele>347.12</ele>
      </trkpt>
      <trkpt lat="41.44999" lon="-8.26137">
        <ele>350.13</ele>
      </trkpt>
      <trkpt lat="41.45012" lon="-8.26148">
        <ele>348.94</ele>
      </trkpt>
      <trkpt lat="41.4503" lon="-8.26168">
        <ele>346.63</ele>
      </trkpt>
      <trkpt lat="41.45038" lon="-8.26174">
        <ele>345.38</ele>
      </trkpt>
      <trkpt lat="41.45045" lon="-8.26177">
        <ele>343.92</ele>
      </trkpt>
      <trkpt lat="41.45053" lon="-8.26178">
        <ele>341.91</ele>
      </trkpt>
      <trkpt lat="41.45123" lon="-8.26181">
        <ele>332.22</ele>
      </trkpt>
      <trkpt lat="41.45133" lon="-8.26179">
        <ele>331.17</ele>
      </trkpt>
      <trkpt lat="41.45133" lon="-8.26164">
        <ele>331.27</ele>
      </trkpt>
      <trkpt lat="41.45005" lon="-8.2607">
        <ele>335.06</ele>
      </trkpt>
      <trkpt lat="41.44973" lon="-8.26043">
        <ele>346.09</ele>
      </trkpt>
      <trkpt lat="41.44914" lon="-8.25966">
        <ele>345.01</ele>
      </trkpt>
      <trkpt lat="41.44866" lon="-8.25902">
        <ele>341.5</ele>
      </trkpt>
      <trkpt lat="41.44844" lon="-8.25878">
        <ele>338.74</ele>
      </trkpt>
      <trkpt lat="41.44821" lon="-8.25861">
        <ele>339.64</ele>
      </trkpt>
      <trkpt lat="41.44783" lon="-8.25845">
        <ele>342.06</ele>
      </trkpt>
      <trkpt lat="41.44738" lon="-8.25818">
        <ele>337.97</ele>
      </trkpt>
      <trkpt lat="41.44712" lon="-8.25799">
        <ele>338.28</ele>
      </trkpt>
      <trkpt lat="41.44671" lon="-8.25754">
        <ele>339.66</ele>
      </trkpt>
      <trkpt lat="41.44655" lon="-8.25737">
        <ele>338.5</ele>
      </trkpt>
      <trkpt lat="41.44641" lon="-8.25731">
        <ele>340.02</ele>
      </trkpt>
      <trkpt lat="41.44615" lon="-8.25737">
        <ele>341.34</ele>
      </trkpt>
      <trkpt lat="41.44559" lon="-8.25759">
        <ele>336.09</ele>
      </trkpt>
      <trkpt lat="41.44532" lon="-8.25765">
        <ele>330.68</ele>
      </trkpt>
      <trkpt lat="41.44513" lon="-8.25763">
        <ele>331.09</ele>
      </trkpt>
      <trkpt lat="41.44508" lon="-8.25758">
        <ele>331.55</ele>
      </trkpt>
      <trkpt lat="41.44498" lon="-8.25751">
        <ele>332.59</ele>
      </trkpt>
      <trkpt lat="41.44485" lon="-8.25732">
        <ele>338.16</ele>
      </trkpt>
      <trkpt lat="41.44475" lon="-8.25701">
        <ele>341.98</ele>
      </trkpt>
      <trkpt lat="41.44469" lon="-8.25665">
        <ele>345.21</ele>
      </trkpt>
      <trkpt lat="41.44435" lon="-8.25496">
        <ele>347.9</ele>
      </trkpt>
      <trkpt lat="41.44428" lon="-8.2547">
        <ele>345.51</ele>
      </trkpt>
      <trkpt lat="41.44416" lon="-8.25449">
        <ele>343.03</ele>
      </trkpt>
      <trkpt lat="41.44406" lon="-8.25443">
        <ele>344.28</ele>
      </trkpt>
      <trkpt lat="41.44393" lon="-8.25439">
        <ele>347.91</ele>
      </trkpt>
      <trkpt lat="41.44378" lon="-8.25441">
        <ele>352.74</ele>
      </trkpt>
      <trkpt lat="41.44348" lon="-8.25455">
        <ele>359.78</ele>
      </trkpt>
      <trkpt lat="41.44316" lon="-8.25471">
        <ele>357.7</ele>
      </trkpt>
      <trkpt lat="41.44291" lon="-8.25479">
        <ele>357.06</ele>
      </trkpt>
      <trkpt lat="41.44271" lon="-8.2547">
        <ele>356.46</ele>
      </trkpt>
      <trkpt lat="41.44255" lon="-8.25456">
        <ele>359.92</ele>
      </trkpt>
      <trkpt lat="41.44249" lon="-8.25442">
        <ele>361.21</ele>
      </trkpt>
      <trkpt lat="41.44246" lon="-8.25426">
        <ele>361.67</ele>
      </trkpt>
      <trkpt lat="41.44245" lon="-8.2541">
        <ele>361.52</ele>
      </trkpt>
      <trkpt lat="41.44248" lon="-8.25283">
        <ele>364.09</ele>
      </trkpt>
      <trkpt lat="41.44245" lon="-8.25249">
        <ele>362.83</ele>
      </trkpt>
      <trkpt lat="41.44239" lon="-8.2521">
        <ele>360.14</ele>
      </trkpt>
      <trkpt lat="41.44232" lon="-8.25182">
        <ele>356.95</ele>
      </trkpt>
      <trkpt lat="41.44205" lon="-8.25096">
        <ele>351.0</ele>
      </trkpt>
      <trkpt lat="41.44199" lon="-8.25082">
        <ele>349.53</ele>
      </trkpt>
      <trkpt lat="41.44191" lon="-8.25068">
        <ele>348.72</ele>
      </trkpt>
      <trkpt lat="41.4412" lon="-8.24979">
        <ele>360.07</ele>
      </trkpt>
      <trkpt lat="41.44106" lon="-8.24961">
        <ele>363.1</ele>
      </trkpt>
      <trkpt lat="41.44095" lon="-8.24945">
        <ele>365.86</ele>
      </trkpt>
      <trkpt lat="41.44084" lon="-8.24934">
        <ele>369.01</ele>
      </trkpt>
      <trkpt lat="41.44072" lon="-8.24925">
        <ele>371.57</ele>
      </trkpt>
      <trkpt lat="41.44067" lon="-8.24924">
        <ele>372.28</ele>
      </trkpt>
      <trkpt lat="41.44063" lon="-8.2492">
        <ele>373.01</ele>
      </trkpt>
      <trkpt lat="41.44059" lon="-8.24915">
        <ele>373.91</ele>
      </trkpt>
      <trkpt lat="41.44056" lon="-8.24908">
        <ele>375.5</ele>
      </trkpt>
      <trkpt lat="41.44055" lon="-8.249">
        <ele>376.98</ele>
      </trkpt>
      <trkpt lat="41.44057" lon="-8.24892">
        <ele>378.19</ele>
      </trkpt>
      <trkpt lat="41.44059" lon="-8.24887">
        <ele>378.03</ele>
      </trkpt>
      <trkpt lat="41.44062" lon="-8.24882">
        <ele>376.75</ele>
      </trkpt>
      <trkpt lat="41.44066" lon="-8.24879">
        <ele>375.92</ele>
      </trkpt>
      <trkpt lat="41.44082" lon="-8.2484">
        <ele>371.75</ele>
      </trkpt>
      <trkpt lat="41.44082" lon="-8.24827">
        <ele>370.08</ele>
      </trkpt>
      <trkpt lat="41.4408" lon="-8.24813">
        <ele>368.2</ele>
      </trkpt>
      <trkpt lat="41.44077" lon="-8.24796">
        <ele>366.94</ele>
      </trkpt>
      <trkpt lat="41.44075" lon="-8.24777">
        <ele>366.93</ele>
      </trkpt>
      <trkpt lat="41.44077" lon="-8.2476">
        <ele>370.14</ele>
      </trkpt>
      <trkpt lat="41.44083" lon="-8.24742">
        <ele>374.95</ele>
      </trkpt>
      <trkpt lat="41.44095" lon="-8.24727">
        <ele>379.56</ele>
      </trkpt>
      <trkpt lat="41.44206" lon="-8.2465">
        <ele>376.52</ele>
      </trkpt>
      <trkpt lat="41.44226" lon="-8.24637">
        <ele>376.06</ele>
      </trkpt>
      <trkpt lat="41.44243" lon="-8.24632">
        <ele>371.95</ele>
      </trkpt>
      <trkpt lat="41.44267" lon="-8.2463">
        <ele>368.51</ele>
      </trkpt>
      <trkpt lat="41.44459" lon="-8.24626">
        <ele>376.8</ele>
      </trkpt>
      <trkpt lat="41.44473" lon="-8.24622">
        <ele>380.87</ele>
      </trkpt>
      <trkpt lat="41.44492" lon="-8.24614">
        <ele>381.98</ele>
      </trkpt>
      <trkpt lat="41.44517" lon="-8.24591">
        <ele>382.72</ele>
      </trkpt>
      <trkpt lat="41.44568" lon="-8.24542">
        <ele>374.63</ele>
      </trkpt>
      <trkpt lat="41.4458" lon="-8.24533">
        <ele>373.33</ele>
      </trkpt>
      <trkpt lat="41.44597" lon="-8.24525">
        <ele>371.89</ele>
      </trkpt>
      <trkpt lat="41.44642" lon="-8.24513">
        <ele>370.12</ele>
      </trkpt>
      <trkpt lat="41.44685" lon="-8.24501">
        <ele>373.07</ele>
      </trkpt>
      <trkpt lat="41.44701" lon="-8.24494">
        <ele>375.38</ele>
      </trkpt>
      <trkpt lat="41.44719" lon="-8.24481">
        <ele>375.76</ele>
      </trkpt>
      <trkpt lat="41.44821" lon="-8.24375">
        <ele>384.0</ele>
      </trkpt>
      <trkpt lat="41.44836" lon="-8.24359">
        <ele>382.36</ele>
      </trkpt>
      <trkpt lat="41.44844" lon="-8.24347">
        <ele>381.29</ele>
      </trkpt>
      <trkpt lat="41.44856" lon="-8.24322">
        <ele>382.59</ele>
      </trkpt>
      <trkpt lat="41.44889" lon="-8.24236">
        <ele>397.51</ele>
      </trkpt>
      <trkpt lat="41.44901" lon="-8.24213">
        <ele>398.4</ele>
      </trkpt>
      <trkpt lat="41.44914" lon="-8.24197">
        <ele>397.04</ele>
      </trkpt>
      <trkpt lat="41.44928" lon="-8.24185">
        <ele>395.44</ele>
      </trkpt>
      <trkpt lat="41.44991" lon="-8.24137">
        <ele>386.22</ele>
      </trkpt>
      <trkpt lat="41.45009" lon="-8.24121">
        <ele>387.27</ele>
      </trkpt>
      <trkpt lat="41.4502" lon="-8.24106">
        <ele>388.27</ele>
      </trkpt>
      <trkpt lat="41.45028" lon="-8.2409">
        <ele>389.25</ele>
      </trkpt>
      <trkpt lat="41.45069" lon="-8.23963">
        <ele>389.57</ele>
      </trkpt>
      <trkpt lat="41.45077" lon="-8.2394">
        <ele>389.5</ele>
      </trkpt>
      <trkpt lat="41.45088" lon="-8.23923">
        <ele>387.73</ele>
      </trkpt>
      <trkpt lat="41.45102" lon="-8.23907">
        <ele>385.04</ele>
      </trkpt>
      <trkpt lat="41.45134" lon="-8.23884">
        <ele>380.46</ele>
      </trkpt>
      <trkpt lat="41.45208" lon="-8.23836">
        <ele>388.72</ele>
      </trkpt>
      <trkpt lat="41.45217" lon="-8.23827">
        <ele>392.33</ele>
      </trkpt>
      <trkpt lat="41.45228" lon="-8.23815">
        <ele>394.74</ele>
      </trkpt>
      <trkpt lat="41.45334" lon="-8.23667">
        <ele>402.78</ele>
      </trkpt>
      <trkpt lat="41.4535" lon="-8.23641">
        <ele>399.72</ele>
      </trkpt>
      <trkpt lat="41.45363" lon="-8.23611">
        <ele>400.79</ele>
      </trkpt>
      <trkpt lat="41.45373" lon="-8.23579">
        <ele>399.24</ele>
      </trkpt>
      <trkpt lat="41.45398" lon="-8.23484">
        <ele>386.4</ele>
      </trkpt>
      <trkpt lat="41.45472" lon="-8.23206">
        <ele>389.8</ele>
      </trkpt>
      <trkpt lat="41.4548" lon="-8.23181">
        <ele>389.45</ele>
      </trkpt>
      <trkpt lat="41.45488" lon="-8.23164">
        <ele>387.89</ele>
      </trkpt>
      <trkpt lat="41.45513" lon="-8.23126">
        <ele>382.57</ele>
      </trkpt>
      <trkpt lat="41.45548" lon="-8.23083">
        <ele>382.77</ele>
      </trkpt>
      <trkpt lat="41.45593" lon="-8.2302">
        <ele>390.11</ele>
      </trkpt>
      <trkpt lat="41.45741" lon="-8.22817">
        <ele>384.23</ele>
      </trkpt>
      <trkpt lat="41.45754" lon="-8.22797">
        <ele>376.88</ele>
      </trkpt>
      <trkpt lat="41.4576" lon="-8.22781">
        <ele>372.37</ele>
      </trkpt>
      <trkpt lat="41.45763" lon="-8.22766">
        <ele>369.35</ele>
      </trkpt>
      <trkpt lat="41.45761" lon="-8.22749">
        <ele>366.37</ele>
      </trkpt>
      <trkpt lat="41.45756" lon="-8.22732">
        <ele>365.71</ele>
      </trkpt>
      <trkpt lat="41.45748" lon="-8.22716">
        <ele>365.28</ele>
      </trkpt>
      <trkpt lat="41.45716" lon="-8.22661">
        <ele>362.74</ele>
      </trkpt>
      <trkpt lat="41.45706" lon="-8.22639">
        <ele>360.49</ele>
      </trkpt>
      <trkpt lat="41.45702" lon="-8.22616">
        <ele>361.06</ele>
      </trkpt>
      <trkpt lat="41.45704" lon="-8.2258">
        <ele>361.76</ele>
      </trkpt>
      <trkpt lat="41.4573" lon="-8.2238">
        <ele>351.17</ele>
      </trkpt>
      <trkpt lat="41.45733" lon="-8.22358">
        <ele>351.43</ele>
      </trkpt>
      <trkpt lat="41.45738" lon="-8.22333">
        <ele>354.25</ele>
      </trkpt>
      <trkpt lat="41.4575" lon="-8.2231">
        <ele>359.84</ele>
      </trkpt>
      <trkpt lat="41.45765" lon="-8.22292">
        <ele>356.26</ele>
      </trkpt>
      <trkpt lat="41.45784" lon="-8.22281">
        <ele>353.33</ele>
      </trkpt>
      <trkpt lat="41.45805" lon="-8.22277">
        <ele>351.96</ele>
      </trkpt>
      <trkpt lat="41.45832" lon="-8.22274">
        <ele>351.6</ele>
      </trkpt>
      <trkpt lat="41.45856" lon="-8.22273">
        <ele>355.12</ele>
      </trkpt>
      <trkpt lat="41.45868" lon="-8.22267">
        <ele>353.63</ele>
      </trkpt>
      <trkpt lat="41.45877" lon="-8.22256">
        <ele>349.94</ele>
      </trkpt>
      <trkpt lat="41.45883" lon="-8.2224">
        <ele>347.21</ele>
      </trkpt>
      <trkpt lat="41.45883" lon="-8.22225">
        <ele>345.47</ele>
      </trkpt>
      <trkpt lat="41.45879" lon="-8.22211">
        <ele>343.8</ele>
      </trkpt>
      <trkpt lat="41.45872" lon="-8.22198">
        <ele>342.54</ele>
      </trkpt>
      <trkpt lat="41.4586" lon="-8.22187">
        <ele>342.25</ele>
      </trkpt>
      <trkpt lat="41.45807" lon="-8.22147">
        <ele>339.62</ele>
      </trkpt>
      <trkpt lat="41.45799" lon="-8.22138">
        <ele>338.47</ele>
      </trkpt>
      <trkpt lat="41.45793" lon="-8.22128">
        <ele>339.64</ele>
      </trkpt>
      <trkpt lat="41.45788" lon="-8.22116">
        <ele>341.01</ele>
      </trkpt>
      <trkpt lat="41.45786" lon="-8.22105">
        <ele>341.7</ele>
      </trkpt>
      <trkpt lat="41.45785" lon="-8.22091">
        <ele>342.02</ele>
      </trkpt>
      <trkpt lat="41.45785" lon="-8.22076">
        <ele>342.1</ele>
      </trkpt>
      <trkpt lat="41.45797" lon="-8.21975">
        <ele>339.2</ele>
      </trkpt>
      <trkpt lat="41.45797" lon="-8.2196">
        <ele>338.94</ele>
      </trkpt>
      <trkpt lat="41.4578" lon="-8.21806">
        <ele>341.29</ele>
      </trkpt>
      <trkpt lat="41.45776" lon="-8.21783">
        <ele>337.46</ele>
      </trkpt>
      <trkpt lat="41.4577" lon="-8.21765">
        <ele>336.27</ele>
      </trkpt>
      <trkpt lat="41.4576" lon="-8.21747">
        <ele>336.94</ele>
      </trkpt>
      <trkpt lat="41.45747" lon="-8.21735">
        <ele>338.48</ele>
      </trkpt>
      <trkpt lat="41.45734" lon="-8.21727">
        <ele>338.61</ele>
      </trkpt>
      <trkpt lat="41.4572" lon="-8.21722">
        <ele>338.59</ele>
      </trkpt>
      <trkpt lat="41.45704" lon="-8.21722">
        <ele>342.62</ele>
      </trkpt>
      <trkpt lat="41.4569" lon="-8.21726">
        <ele>345.01</ele>
      </trkpt>
      <trkpt lat="41.4568" lon="-8.21732">
        <ele>345.63</ele>
      </trkpt>
      <trkpt lat="41.45635" lon="-8.2177">
        <ele>340.22</ele>
      </trkpt>
      <trkpt lat="41.45611" lon="-8.21787">
        <ele>336.33</ele>
      </trkpt>
      <trkpt lat="41.45597" lon="-8.21792">
        <ele>334.95</ele>
      </trkpt>
      <trkpt lat="41.45586" lon="-8.21792">
        <ele>334.15</ele>
      </trkpt>
      <trkpt lat="41.45573" lon="-8.21787">
        <ele>332.81</ele>
      </trkpt>
      <trkpt lat="41.45557" lon="-8.21773">
        <ele>329.88</ele>
      </trkpt>
      <trkpt lat="41.45539" lon="-8.21745">
        <ele>330.82</ele>
      </trkpt>
      <trkpt lat="41.45472" lon="-8.21627">
        <ele>332.97</ele>
      </trkpt>
      <trkpt lat="41.45451" lon="-8.21597">
        <ele>338.0</ele>
      </trkpt>
      <trkpt lat="41.45445" lon="-8.2159">
        <ele>338.65</ele>
      </trkpt>
      <trkpt lat="41.45418" lon="-8.21565">
        <ele>335.17</ele>
      </trkpt>
      <trkpt lat="41.45296" lon="-8.21475">
        <ele>328.63</ele>
      </trkpt>
      <trkpt lat="41.45279" lon="-8.21458">
        <ele>326.73</ele>
      </trkpt>
      <trkpt lat="41.45156" lon="-8.21295">
        <ele>326.14</ele>
      </trkpt>
      <trkpt lat="41.45057" lon="-8.21176">
        <ele>315.97</ele>
      </trkpt>
      <trkpt lat="41.45045" lon="-8.2116">
        <ele>314.82</ele>
      </trkpt>
      <trkpt lat="41.45036" lon="-8.21145">
        <ele>313.63</ele>
      </trkpt>
      <trkpt lat="41.45029" lon="-8.21129">
        <ele>313.04</ele>
      </trkpt>
      <trkpt lat="41.44933" lon="-8.20856">
        <ele>301.95</ele>
      </trkpt>
      <trkpt lat="41.4492" lon="-8.20815">
        <ele>302.1</ele>
      </trkpt>
      <trkpt lat="41.44915" lon="-8.2079">
        <ele>303.89</ele>
      </trkpt>
      <trkpt lat="41.44915" lon="-8.20763">
        <ele>306.18</ele>
      </trkpt>
      <trkpt lat="41.44918" lon="-8.20742">
        <ele>307.06</ele>
      </trkpt>
      <trkpt lat="41.44925" lon="-8.20722">
        <ele>308.39</ele>
      </trkpt>
      <trkpt lat="41.44935" lon="-8.20702">
        <ele>311.03</ele>
      </trkpt>
      <trkpt lat="41.44951" lon="-8.20683">
        <ele>311.41</ele>
      </trkpt>
      <trkpt lat="41.44966" lon="-8.20671">
        <ele>310.06</ele>
      </trkpt>
      <trkpt lat="41.44984" lon="-8.20662">
        <ele>308.38</ele>
      </trkpt>
      <trkpt lat="41.45092" lon="-8.20652">
        <ele>298.28</ele>
      </trkpt>
      <trkpt lat="41.4511" lon="-8.2064">
        <ele>297.2</ele>
      </trkpt>
      <trkpt lat="41.45122" lon="-8.20622">
        <ele>296.4</ele>
      </trkpt>
      <trkpt lat="41.45159" lon="-8.20518">
        <ele>288.2</ele>
      </trkpt>
      <trkpt lat="41.45163" lon="-8.20493">
        <ele>285.72</ele>
      </trkpt>
      <trkpt lat="41.45161" lon="-8.20479">
        <ele>283.92</ele>
      </trkpt>
      <trkpt lat="41.45157" lon="-8.20464">
        <ele>282.21</ele>
      </trkpt>
      <trkpt lat="41.45152" lon="-8.20453">
        <ele>280.83</ele>
      </trkpt>
      <trkpt lat="41.4513" lon="-8.20427">
        <ele>276.52</ele>
      </trkpt>
      <trkpt lat="41.45016" lon="-8.20311">
        <ele>264.35</ele>
      </trkpt>
      <trkpt lat="41.44993" lon="-8.20286">
        <ele>262.37</ele>
      </trkpt>
      <trkpt lat="41.44988" lon="-8.20279">
        <ele>262.06</ele>
      </trkpt>
      <trkpt lat="41.44973" lon="-8.20259">
        <ele>265.32</ele>
      </trkpt>
      <trkpt lat="41.44962" lon="-8.20232">
        <ele>267.04</ele>
      </trkpt>
      <trkpt lat="41.44959" lon="-8.2022">
        <ele>267.17</ele>
      </trkpt>
      <trkpt lat="41.44954" lon="-8.20189">
        <ele>268.49</ele>
      </trkpt>
      <trkpt lat="41.44955" lon="-8.20151">
        <ele>273.69</ele>
      </trkpt>
      <trkpt lat="41.44965" lon="-8.20109">
        <ele>281.66</ele>
      </trkpt>
      <trkpt lat="41.4498" lon="-8.20079">
        <ele>282.73</ele>
      </trkpt>
      <trkpt lat="41.44992" lon="-8.20063">
        <ele>284.24</ele>
      </trkpt>
      <trkpt lat="41.45081" lon="-8.1997">
        <ele>284.08</ele>
      </trkpt>
      <trkpt lat="41.45105" lon="-8.19943">
        <ele>275.12</ele>
      </trkpt>
      <trkpt lat="41.45114" lon="-8.19929">
        <ele>272.84</ele>
      </trkpt>
      <trkpt lat="41.45124" lon="-8.19903">
        <ele>270.13</ele>
      </trkpt>
      <trkpt lat="41.45145" lon="-8.19807">
        <ele>260.88</ele>
      </trkpt>
      <trkpt lat="41.45154" lon="-8.19773">
        <ele>261.64</ele>
      </trkpt>
      <trkpt lat="41.45164" lon="-8.19748">
        <ele>263.13</ele>
      </trkpt>
      <trkpt lat="41.45231" lon="-8.19599">
        <ele>258.13</ele>
      </trkpt>
      <trkpt lat="41.45234" lon="-8.19588">
        <ele>257.27</ele>
      </trkpt>
      <trkpt lat="41.45236" lon="-8.19573">
        <ele>256.06</ele>
      </trkpt>
      <trkpt lat="41.45235" lon="-8.19561">
        <ele>254.93</ele>
      </trkpt>
      <trkpt lat="41.45232" lon="-8.19549">
        <ele>254.77</ele>
      </trkpt>
      <trkpt lat="41.45227" lon="-8.19537">
        <ele>254.75</ele>
      </trkpt>
      <trkpt lat="41.45203" lon="-8.19501">
        <ele>245.97</ele>
      </trkpt>
      <trkpt lat="41.45178" lon="-8.19465">
        <ele>251.78</ele>
      </trkpt>
      <trkpt lat="41.45158" lon="-8.19429">
        <ele>255.24</ele>
      </trkpt>
      <trkpt lat="41.45155" lon="-8.19412">
        <ele>255.58</ele>
      </trkpt>
      <trkpt lat="41.45155" lon="-8.194">
        <ele>255.58</ele>
      </trkpt>
      <trkpt lat="41.45152" lon="-8.19394">
        <ele>255.47</ele>
      </trkpt>
      <trkpt lat="41.45151" lon="-8.1939">
        <ele>255.44</ele>
      </trkpt>
      <trkpt lat="41.45152" lon="-8.19385">
        <ele>255.96</ele>
      </trkpt>
      <trkpt lat="41.45153" lon="-8.19381">
        <ele>256.5</ele>
      </trkpt>
      <trkpt lat="41.45156" lon="-8.19377">
        <ele>257.16</ele>
      </trkpt>
      <trkpt lat="41.45159" lon="-8.19374">
        <ele>257.72</ele>
      </trkpt>
      <trkpt lat="41.45166" lon="-8.19359">
        <ele>260.33</ele>
      </trkpt>
      <trkpt lat="41.45274" lon="-8.19141">
        <ele>277.28</ele>
      </trkpt>
      <trkpt lat="41.45279" lon="-8.19122">
        <ele>275.68</ele>
      </trkpt>
      <trkpt lat="41.45282" lon="-8.19105">
        <ele>274.29</ele>
      </trkpt>
      <trkpt lat="41.45283" lon="-8.19087">
        <ele>273.05</ele>
      </trkpt>
      <trkpt lat="41.45281" lon="-8.1907">
        <ele>272.4</ele>
      </trkpt>
      <trkpt lat="41.45278" lon="-8.19055">
        <ele>271.99</ele>
      </trkpt>
      <trkpt lat="41.45255" lon="-8.18987">
        <ele>274.92</ele>
      </trkpt>
      <trkpt lat="41.4525" lon="-8.18977">
        <ele>275.66</ele>
      </trkpt>
      <trkpt lat="41.45221" lon="-8.18899">
        <ele>282.1</ele>
      </trkpt>
      <trkpt lat="41.45214" lon="-8.18873">
        <ele>284.31</ele>
      </trkpt>
      <trkpt lat="41.45213" lon="-8.18844">
        <ele>287.31</ele>
      </trkpt>
      <trkpt lat="41.45215" lon="-8.18822">
        <ele>289.39</ele>
      </trkpt>
      <trkpt lat="41.45219" lon="-8.18804">
        <ele>291.48</ele>
      </trkpt>
      <trkpt lat="41.45222" lon="-8.18796">
        <ele>292.3</ele>
      </trkpt>
      <trkpt lat="41.45241" lon="-8.18754">
        <ele>291.07</ele>
      </trkpt>
      <trkpt lat="41.45248" lon="-8.18732">
        <ele>290.08</ele>
      </trkpt>
      <trkpt lat="41.4525" lon="-8.18722">
        <ele>290.02</ele>
      </trkpt>
      <trkpt lat="41.45249" lon="-8.18714">
        <ele>290.57</ele>
      </trkpt>
      <trkpt lat="41.4525" lon="-8.18708">
        <ele>291.02</ele>
      </trkpt>
      <trkpt lat="41.45252" lon="-8.18703">
        <ele>291.42</ele>
      </trkpt>
      <trkpt lat="41.45254" lon="-8.18699">
        <ele>291.84</ele>
      </trkpt>
      <trkpt lat="41.45258" lon="-8.18696">
        <ele>292.38</ele>
      </trkpt>
      <trkpt lat="41.45262" lon="-8.18694">
        <ele>292.96</ele>
      </trkpt>
      <trkpt lat="41.45266" lon="-8.18694">
        <ele>293.25</ele>
      </trkpt>
      <trkpt lat="41.45282" lon="-8.18677">
        <ele>298.47</ele>
      </trkpt>
      <trkpt lat="41.45285" lon="-8.18672">
        <ele>299.98</ele>
      </trkpt>
      <trkpt lat="41.45352" lon="-8.18534">
        <ele>299.3</ele>
      </trkpt>
      <trkpt lat="41.45356" lon="-8.18517">
        <ele>298.61</ele>
      </trkpt>
      <trkpt lat="41.45358" lon="-8.18502">
        <ele>298.07</ele>
      </trkpt>
      <trkpt lat="41.45352" lon="-8.18473">
        <ele>299.31</ele>
      </trkpt>
      <trkpt lat="41.45314" lon="-8.18283">
        <ele>308.41</ele>
      </trkpt>
      <trkpt lat="41.45315" lon="-8.18261">
        <ele>308.13</ele>
      </trkpt>
      <trkpt lat="41.45341" lon="-8.18154">
        <ele>313.18</ele>
      </trkpt>
      <trkpt lat="41.45375" lon="-8.18018">
        <ele>318.53</ele>
      </trkpt>
      <trkpt lat="41.45376" lon="-8.17999">
        <ele>319.54</ele>
      </trkpt>
      <trkpt lat="41.45374" lon="-8.17981">
        <ele>318.02</ele>
      </trkpt>
      <trkpt lat="41.4537" lon="-8.17966">
        <ele>316.74</ele>
      </trkpt>
      <trkpt lat="41.45355" lon="-8.17935">
        <ele>315.41</ele>
      </trkpt>
      <trkpt lat="41.45327" lon="-8.17883">
        <ele>314.49</ele>
      </trkpt>
      <trkpt lat="41.45313" lon="-8.17869">
        <ele>314.1</ele>
      </trkpt>
      <trkpt lat="41.45222" lon="-8.17803">
        <ele>311.75</ele>
      </trkpt>
      <trkpt lat="41.45199" lon="-8.17788">
        <ele>313.67</ele>
      </trkpt>
      <trkpt lat="41.45147" lon="-8.1775">
        <ele>316.42</ele>
      </trkpt>
      <trkpt lat="41.45116" lon="-8.17716">
        <ele>315.43</ele>
      </trkpt>
      <trkpt lat="41.45107" lon="-8.1769">
        <ele>316.6</ele>
      </trkpt>
      <trkpt lat="41.45081" lon="-8.1758">
        <ele>328.29</ele>
      </trkpt>
      <trkpt lat="41.4508" lon="-8.17579">
        <ele>328.4</ele>
      </trkpt>
      <trkpt lat="41.45078" lon="-8.17561">
        <ele>329.19</ele>
      </trkpt>
      <trkpt lat="41.45077" lon="-8.1753">
        <ele>329.25</ele>
      </trkpt>
      <trkpt lat="41.45082" lon="-8.17501">
        <ele>328.96</ele>
      </trkpt>
      <trkpt lat="41.45097" lon="-8.17444">
        <ele>329.49</ele>
      </trkpt>
      <trkpt lat="41.45102" lon="-8.17427">
        <ele>328.7</ele>
      </trkpt>
      <trkpt lat="41.45106" lon="-8.17406">
        <ele>329.19</ele>
      </trkpt>
      <trkpt lat="41.4512" lon="-8.17349">
        <ele>332.19</ele>
      </trkpt>
      <trkpt lat="41.45135" lon="-8.17292">
        <ele>336.2</ele>
      </trkpt>
      <trkpt lat="41.45136" lon="-8.17287">
        <ele>336.24</ele>
      </trkpt>
      <trkpt lat="41.45148" lon="-8.17241">
        <ele>335.99</ele>
      </trkpt>
      <trkpt lat="41.45151" lon="-8.17212">
        <ele>337.7</ele>
      </trkpt>
      <trkpt lat="41.45158" lon="-8.1716">
        <ele>339.53</ele>
      </trkpt>
      <trkpt lat="41.45163" lon="-8.17113">
        <ele>339.21</ele>
      </trkpt>
      <trkpt lat="41.45166" lon="-8.17068">
        <ele>341.92</ele>
      </trkpt>
      <trkpt lat="41.45166" lon="-8.17051">
        <ele>341.24</ele>
      </trkpt>
    </trkseg>
  </trk>
</gpx>
