<?xml version="1.0" encoding="UTF-8"?>
<gpx creator="https://gpx.studio" version="1.1" schemaLocation="http://www.topografix.com/GPX/1/1 http://www.topografix.com/GPX/1/1/gpx.xsd http://www.garmin.com/xmlschemas/GpxExtensions/v3 http://www.garmin.com/xmlschemas/GpxExtensionsv3.xsd http://www.garmin.com/xmlschemas/TrackPointExtension/v1 http://www.garmin.com/xmlschemas/TrackPointExtensionv1.xsd http://www.garmin.com/xmlschemas/PowerExtension/v1 http://www.garmin.com/xmlschemas/PowerExtensionv1.xsd http://www.topografix.com/GPX/gpx_style/0/2 http://www.topografix.com/GPX/gpx_style/0/2/gpx_style.xsd" xmlns="http://www.topografix.com/GPX/1/1" xmlns:xsi="http://www.w3.org/2001/XMLSchema-instance" xsi:schemaLocation="http://www.topografix.com/GPX/1/1 http://www.topografix.com/GPX/1/1/gpx.xsd http://www.garmin.com/xmlschemas/GpxExtensions/v3 http://www.garmin.com/xmlschemas/GpxExtensionsv3.xsd http://www.garmin.com/xmlschemas/TrackPointExtension/v1 http://www.garmin.com/xmlschemas/TrackPointExtensionv1.xsd http://www.garmin.com/xmlschemas/PowerExtension/v1 http://www.garmin.com/xmlschemas/PowerExtensionv1.xsd http://www.topografix.com/GPX/gpx_style/0/2 http://www.topografix.com/GPX/gpx_style/0/2/gpx_style.xsd" xmlns:gpxtpx="http://www.garmin.com/xmlschemas/TrackPointExtension/v1" xmlns:gpxx="http://www.garmin.com/xmlschemas/GpxExtensions/v3" xmlns:gpxpx="http://www.garmin.com/xmlschemas/PowerExtension/v1" xmlns:gpx_style="http://www.topografix.com/GPX/gpx_style/0/2">
  <metadata>
    <name>Maia_Porto_VF</name>
    <author>
      <name>gpx.studio</name>
      <link href="https://gpx.studio"/>
    </author>
  </metadata>
  <trk>
    <name>Maia_Porto_VF</name>
    <extensions>
      <gpx_style:line>
        <gpx_style:color>1e00ff</gpx_style:color>
      </gpx_style:line>
    </extensions>
    <trkseg>
      <trkpt lat="41.232664" lon="-8.6226">
        <ele>100.27</ele>
      </trkpt>
      <trkpt lat="41.232718" lon="-8.62186">
        <ele>101.02</ele>
      </trkpt>
      <trkpt lat="41.232739" lon="-8.621788">
        <ele>101.02</ele>
      </trkpt>
      <trkpt lat="41.232776" lon="-8.621721">
        <ele>101</ele>
      </trkpt>
      <trkpt lat="41.232874" lon="-8.621587">
        <ele>101.74</ele>
      </trkpt>
      <trkpt lat="41.232888" lon="-8.621569">
        <ele>101.83</ele>
      </trkpt>
      <trkpt lat="41.233121" lon="-8.621656">
        <ele>102</ele>
      </trkpt>
      <trkpt lat="41.233188" lon="-8.621663">
        <ele>102</ele>
      </trkpt>
      <trkpt lat="41.233645" lon="-8.621823">
        <ele>101.21</ele>
      </trkpt>
      <trkpt lat="41.23364513424766" lon="-8.621822288317583">
        <ele>101.19499454681471</ele>
      </trkpt>
      <trkpt lat="41.234048" lon="-8.621934">
        <ele>100.72</ele>
      </trkpt>
      <trkpt lat="41.234263" lon="-8.621979">
        <ele>100.68</ele>
      </trkpt>
      <trkpt lat="41.234417" lon="-8.621995">
        <ele>100.66</ele>
      </trkpt>
      <trkpt lat="41.234735" lon="-8.622006">
        <ele>100.24</ele>
      </trkpt>
      <trkpt lat="41.235256" lon="-8.622019">
        <ele>99.8</ele>
      </trkpt>
      <trkpt lat="41.236296" lon="-8.621967">
        <ele>97</ele>
      </trkpt>
      <trkpt lat="41.237267" lon="-8.62193">
        <ele>95.29</ele>
      </trkpt>
      <trkpt lat="41.23749" lon="-8.621905">
        <ele>95.18</ele>
      </trkpt>
      <trkpt lat="41.237982" lon="-8.621817">
        <ele>95</ele>
      </trkpt>
      <trkpt lat="41.23808" lon="-8.621795">
        <ele>95</ele>
      </trkpt>
      <trkpt lat="41.238208" lon="-8.621746">
        <ele>95</ele>
      </trkpt>
      <trkpt lat="41.238564" lon="-8.621668">
        <ele>94.76</ele>
      </trkpt>
      <trkpt lat="41.23869" lon="-8.621654">
        <ele>94.44</ele>
      </trkpt>
      <trkpt lat="41.238751" lon="-8.621648">
        <ele>94.29</ele>
      </trkpt>
      <trkpt lat="41.238781" lon="-8.622278">
        <ele>96</ele>
      </trkpt>
      <trkpt lat="41.238764" lon="-8.622636">
        <ele>97.18</ele>
      </trkpt>
      <trkpt lat="41.238711" lon="-8.623398">
        <ele>98.98</ele>
      </trkpt>
      <trkpt lat="41.238674" lon="-8.623681">
        <ele>100</ele>
      </trkpt>
      <trkpt lat="41.238635" lon="-8.624179">
        <ele>100</ele>
      </trkpt>
      <trkpt lat="41.238622" lon="-8.624253">
        <ele>100</ele>
      </trkpt>
      <trkpt lat="41.238596" lon="-8.62433">
        <ele>100</ele>
      </trkpt>
      <trkpt lat="41.238575" lon="-8.624373">
        <ele>100</ele>
      </trkpt>
      <trkpt lat="41.238496" lon="-8.624461">
        <ele>100</ele>
      </trkpt>
      <trkpt lat="41.237439" lon="-8.625162">
        <ele>101.05</ele>
      </trkpt>
      <trkpt lat="41.237389" lon="-8.625208">
        <ele>101.4</ele>
      </trkpt>
      <trkpt lat="41.237353" lon="-8.625277">
        <ele>101.84</ele>
      </trkpt>
      <trkpt lat="41.237341" lon="-8.625369">
        <ele>102.09</ele>
      </trkpt>
      <trkpt lat="41.237326" lon="-8.625482">
        <ele>102.4</ele>
      </trkpt>
      <trkpt lat="41.237345" lon="-8.625609">
        <ele>102.86</ele>
      </trkpt>
      <trkpt lat="41.2374" lon="-8.625754">
        <ele>103</ele>
      </trkpt>
      <trkpt lat="41.237481" lon="-8.625832">
        <ele>103</ele>
      </trkpt>
      <trkpt lat="41.237527" lon="-8.625923">
        <ele>103</ele>
      </trkpt>
      <trkpt lat="41.23755" lon="-8.626029">
        <ele>102.86</ele>
      </trkpt>
      <trkpt lat="41.237607" lon="-8.626075">
        <ele>102.63</ele>
      </trkpt>
      <trkpt lat="41.238454" lon="-8.626397">
        <ele>100.79</ele>
      </trkpt>
      <trkpt lat="41.238806" lon="-8.626528">
        <ele>98.38</ele>
      </trkpt>
      <trkpt lat="41.23896" lon="-8.626585">
        <ele>94.94</ele>
      </trkpt>
      <trkpt lat="41.239308" lon="-8.626715">
        <ele>94.79</ele>
      </trkpt>
      <trkpt lat="41.239478" lon="-8.626778">
        <ele>93.41</ele>
      </trkpt>
      <trkpt lat="41.23967" lon="-8.626849">
        <ele>95.17</ele>
      </trkpt>
      <trkpt lat="41.239926" lon="-8.626944">
        <ele>91.44</ele>
      </trkpt>
      <trkpt lat="41.240138" lon="-8.627023">
        <ele>91.19</ele>
      </trkpt>
      <trkpt lat="41.24022" lon="-8.627053">
        <ele>86.53</ele>
      </trkpt>
      <trkpt lat="41.240363" lon="-8.627107">
        <ele>84.09</ele>
      </trkpt>
      <trkpt lat="41.240534" lon="-8.62717">
        <ele>86.77</ele>
      </trkpt>
      <trkpt lat="41.240673" lon="-8.627222">
        <ele>82.67</ele>
      </trkpt>
      <trkpt lat="41.241224" lon="-8.627423">
        <ele>81.44</ele>
      </trkpt>
      <trkpt lat="41.241272" lon="-8.627424">
        <ele>81.72</ele>
      </trkpt>
      <trkpt lat="41.241356" lon="-8.627391">
        <ele>81.97</ele>
      </trkpt>
      <trkpt lat="41.241444" lon="-8.627313">
        <ele>82.46</ele>
      </trkpt>
      <trkpt lat="41.241508" lon="-8.627094">
        <ele>83.1</ele>
      </trkpt>
      <trkpt lat="41.241545" lon="-8.62701">
        <ele>83</ele>
      </trkpt>
      <trkpt lat="41.241605" lon="-8.626925">
        <ele>82.88</ele>
      </trkpt>
      <trkpt lat="41.241714" lon="-8.626831">
        <ele>84.52</ele>
      </trkpt>
      <trkpt lat="41.241855" lon="-8.626807">
        <ele>86.05</ele>
      </trkpt>
      <trkpt lat="41.241955" lon="-8.62684">
        <ele>87.26</ele>
      </trkpt>
      <trkpt lat="41.242023" lon="-8.626877">
        <ele>87.47</ele>
      </trkpt>
      <trkpt lat="41.242102" lon="-8.626963">
        <ele>87.78</ele>
      </trkpt>
      <trkpt lat="41.24215" lon="-8.627048">
        <ele>87.42</ele>
      </trkpt>
      <trkpt lat="41.242179" lon="-8.627132">
        <ele>86.79</ele>
      </trkpt>
      <trkpt lat="41.242194" lon="-8.627226">
        <ele>87.06</ele>
      </trkpt>
      <trkpt lat="41.242196" lon="-8.627328">
        <ele>87.07</ele>
      </trkpt>
      <trkpt lat="41.242184" lon="-8.627455">
        <ele>86.67</ele>
      </trkpt>
      <trkpt lat="41.242238" lon="-8.627628">
        <ele>86.65</ele>
      </trkpt>
      <trkpt lat="41.24229" lon="-8.627732">
        <ele>87.01</ele>
      </trkpt>
      <trkpt lat="41.242323" lon="-8.627778">
        <ele>87.17</ele>
      </trkpt>
      <trkpt lat="41.242385" lon="-8.627838">
        <ele>89.58</ele>
      </trkpt>
      <trkpt lat="41.242442" lon="-8.627875">
        <ele>92.98</ele>
      </trkpt>
      <trkpt lat="41.243117" lon="-8.628129">
        <ele>94.39</ele>
      </trkpt>
      <trkpt lat="41.243368" lon="-8.628222">
        <ele>98.64</ele>
      </trkpt>
      <trkpt lat="41.244103" lon="-8.628495">
        <ele>101.24</ele>
      </trkpt>
      <trkpt lat="41.244312" lon="-8.628573">
        <ele>102.52</ele>
      </trkpt>
      <trkpt lat="41.244362" lon="-8.628599">
        <ele>103.42</ele>
      </trkpt>
      <trkpt lat="41.24466" lon="-8.62885">
        <ele>105</ele>
      </trkpt>
      <trkpt lat="41.244735" lon="-8.628884">
        <ele>105</ele>
      </trkpt>
      <trkpt lat="41.244846" lon="-8.628904">
        <ele>105</ele>
      </trkpt>
      <trkpt lat="41.2449" lon="-8.628867">
        <ele>105</ele>
      </trkpt>
      <trkpt lat="41.24494" lon="-8.628857">
        <ele>105.13</ele>
      </trkpt>
      <trkpt lat="41.244992" lon="-8.628865">
        <ele>105.28</ele>
      </trkpt>
      <trkpt lat="41.245053" lon="-8.628903">
        <ele>105.18</ele>
      </trkpt>
      <trkpt lat="41.245085" lon="-8.628944">
        <ele>105</ele>
      </trkpt>
      <trkpt lat="41.245116" lon="-8.629024">
        <ele>105</ele>
      </trkpt>
      <trkpt lat="41.245181" lon="-8.629094">
        <ele>105</ele>
      </trkpt>
      <trkpt lat="41.24524" lon="-8.629133">
        <ele>105</ele>
      </trkpt>
      <trkpt lat="41.245342" lon="-8.629177">
        <ele>104.29</ele>
      </trkpt>
      <trkpt lat="41.247388" lon="-8.629926">
        <ele>106.03</ele>
      </trkpt>
      <trkpt lat="41.248668" lon="-8.630396">
        <ele>107.13</ele>
      </trkpt>
      <trkpt lat="41.24885" lon="-8.630469">
        <ele>108</ele>
      </trkpt>
      <trkpt lat="41.250241" lon="-8.630977">
        <ele>113</ele>
      </trkpt>
      <trkpt lat="41.250758" lon="-8.631166">
        <ele>113</ele>
      </trkpt>
      <trkpt lat="41.251302" lon="-8.631279">
        <ele>113</ele>
      </trkpt>
      <trkpt lat="41.251421" lon="-8.631314">
        <ele>113</ele>
      </trkpt>
      <trkpt lat="41.251866" lon="-8.631444">
        <ele>113</ele>
      </trkpt>
      <trkpt lat="41.253375" lon="-8.632">
        <ele>113</ele>
      </trkpt>
      <trkpt lat="41.255165" lon="-8.632656">
        <ele>117.05</ele>
      </trkpt>
      <trkpt lat="41.256202" lon="-8.633036">
        <ele>119.14</ele>
      </trkpt>
      <trkpt lat="41.256313" lon="-8.633031">
        <ele>119.38</ele>
      </trkpt>
      <trkpt lat="41.256343" lon="-8.632996">
        <ele>119.67</ele>
      </trkpt>
      <trkpt lat="41.25638" lon="-8.63297">
        <ele>119.79</ele>
      </trkpt>
      <trkpt lat="41.256444" lon="-8.632925">
        <ele>120</ele>
      </trkpt>
      <trkpt lat="41.256564" lon="-8.632672">
        <ele>118.95</ele>
      </trkpt>
      <trkpt lat="41.256993" lon="-8.630571">
        <ele>115.29</ele>
      </trkpt>
      <trkpt lat="41.257381" lon="-8.6287">
        <ele>107.17</ele>
      </trkpt>
      <trkpt lat="41.25746" lon="-8.628364">
        <ele>106.77</ele>
      </trkpt>
      <trkpt lat="41.257502" lon="-8.628211">
        <ele>106.1</ele>
      </trkpt>
      <trkpt lat="41.257936" lon="-8.626853">
        <ele>102.2</ele>
      </trkpt>
      <trkpt lat="41.258436" lon="-8.625342">
        <ele>98</ele>
      </trkpt>
      <trkpt lat="41.258984" lon="-8.623676">
        <ele>97</ele>
      </trkpt>
      <trkpt lat="41.259129" lon="-8.623191">
        <ele>98.01</ele>
      </trkpt>
      <trkpt lat="41.259183" lon="-8.62295">
        <ele>98.44</ele>
      </trkpt>
      <trkpt lat="41.259228" lon="-8.622702">
        <ele>98.84</ele>
      </trkpt>
      <trkpt lat="41.259432" lon="-8.621141">
        <ele>103.74</ele>
      </trkpt>
      <trkpt lat="41.259666" lon="-8.619291">
        <ele>111</ele>
      </trkpt>
      <trkpt lat="41.259744" lon="-8.618717">
        <ele>112</ele>
      </trkpt>
      <trkpt lat="41.259882" lon="-8.617887">
        <ele>114.85</ele>
      </trkpt>
      <trkpt lat="41.25999675783227" lon="-8.617244469760902">
        <ele>113.04341516169816</ele>
      </trkpt>
      <trkpt lat="41.260084" lon="-8.616756">
        <ele>111.67</ele>
      </trkpt>
      <trkpt lat="41.260074" lon="-8.616511">
        <ele>110.93</ele>
      </trkpt>
      <trkpt lat="41.260054" lon="-8.616406">
        <ele>110.85</ele>
      </trkpt>
      <trkpt lat="41.260007" lon="-8.61634">
        <ele>111</ele>
      </trkpt>
      <trkpt lat="41.259994" lon="-8.616301">
        <ele>111</ele>
      </trkpt>
      <trkpt lat="41.259988" lon="-8.616218">
        <ele>111</ele>
      </trkpt>
      <trkpt lat="41.259995" lon="-8.616177">
        <ele>110.84</ele>
      </trkpt>
      <trkpt lat="41.260027" lon="-8.616105">
        <ele>110.42</ele>
      </trkpt>
      <trkpt lat="41.260068" lon="-8.616063">
        <ele>110.12</ele>
      </trkpt>
      <trkpt lat="41.260122" lon="-8.616042">
        <ele>110.02</ele>
      </trkpt>
      <trkpt lat="41.260177" lon="-8.616048">
        <ele>110</ele>
      </trkpt>
      <trkpt lat="41.260204" lon="-8.616061">
        <ele>110</ele>
      </trkpt>
      <trkpt lat="41.260247" lon="-8.616105">
        <ele>110</ele>
      </trkpt>
      <trkpt lat="41.260356" lon="-8.616137">
        <ele>109.48</ele>
      </trkpt>
      <trkpt lat="41.260566" lon="-8.616151">
        <ele>108.62</ele>
      </trkpt>
      <trkpt lat="41.261956" lon="-8.616128">
        <ele>105</ele>
      </trkpt>
      <trkpt lat="41.262128" lon="-8.616103">
        <ele>105.41</ele>
      </trkpt>
      <trkpt lat="41.262332" lon="-8.616034">
        <ele>104.22</ele>
      </trkpt>
      <trkpt lat="41.262491" lon="-8.61596">
        <ele>103.57</ele>
      </trkpt>
      <trkpt lat="41.263461" lon="-8.615271">
        <ele>100.27</ele>
      </trkpt>
      <trkpt lat="41.26357" lon="-8.615166">
        <ele>99.96</ele>
      </trkpt>
      <trkpt lat="41.26366" lon="-8.615065">
        <ele>99.35</ele>
      </trkpt>
      <trkpt lat="41.263799" lon="-8.614861">
        <ele>98.85</ele>
      </trkpt>
      <trkpt lat="41.264205" lon="-8.614185">
        <ele>96.12</ele>
      </trkpt>
      <trkpt lat="41.264312" lon="-8.61402">
        <ele>95.86</ele>
      </trkpt>
      <trkpt lat="41.264487" lon="-8.613798">
        <ele>94.53</ele>
      </trkpt>
      <trkpt lat="41.264599" lon="-8.613694">
        <ele>93.87</ele>
      </trkpt>
      <trkpt lat="41.264766" lon="-8.613568">
        <ele>93.58</ele>
      </trkpt>
      <trkpt lat="41.26497" lon="-8.613439">
        <ele>92.81</ele>
      </trkpt>
      <trkpt lat="41.265058" lon="-8.613395">
        <ele>92.42</ele>
      </trkpt>
      <trkpt lat="41.26516" lon="-8.613353">
        <ele>92.58</ele>
      </trkpt>
      <trkpt lat="41.265589" lon="-8.613217">
        <ele>94.86</ele>
      </trkpt>
      <trkpt lat="41.265696" lon="-8.613169">
        <ele>94.39</ele>
      </trkpt>
      <trkpt lat="41.265799" lon="-8.613094">
        <ele>92.66</ele>
      </trkpt>
      <trkpt lat="41.266035" lon="-8.61285">
        <ele>89.13</ele>
      </trkpt>
      <trkpt lat="41.266197" lon="-8.61262">
        <ele>88.16</ele>
      </trkpt>
      <trkpt lat="41.266456" lon="-8.612296">
        <ele>87</ele>
      </trkpt>
      <trkpt lat="41.266574" lon="-8.612092">
        <ele>87.56</ele>
      </trkpt>
      <trkpt lat="41.266598" lon="-8.61201">
        <ele>87.48</ele>
      </trkpt>
      <trkpt lat="41.266602" lon="-8.611955">
        <ele>87.24</ele>
      </trkpt>
      <trkpt lat="41.266629" lon="-8.611876">
        <ele>87.03</ele>
      </trkpt>
      <trkpt lat="41.26667" lon="-8.611825">
        <ele>87.19</ele>
      </trkpt>
      <trkpt lat="41.266742" lon="-8.611788">
        <ele>87.29</ele>
      </trkpt>
      <trkpt lat="41.266796" lon="-8.611792">
        <ele>87.34</ele>
      </trkpt>
      <trkpt lat="41.266828" lon="-8.611806">
        <ele>87.42</ele>
      </trkpt>
      <trkpt lat="41.266957" lon="-8.611791">
        <ele>87.71</ele>
      </trkpt>
      <trkpt lat="41.267201" lon="-8.611696">
        <ele>88</ele>
      </trkpt>
      <trkpt lat="41.267357" lon="-8.611663">
        <ele>88.66</ele>
      </trkpt>
      <trkpt lat="41.267588" lon="-8.611584">
        <ele>89.45</ele>
      </trkpt>
      <trkpt lat="41.2683" lon="-8.611406">
        <ele>91.79</ele>
      </trkpt>
      <trkpt lat="41.268883" lon="-8.611256">
        <ele>94.11</ele>
      </trkpt>
      <trkpt lat="41.269163" lon="-8.611156">
        <ele>95</ele>
      </trkpt>
      <trkpt lat="41.269454" lon="-8.61103">
        <ele>96.01</ele>
      </trkpt>
      <trkpt lat="41.269716" lon="-8.610888">
        <ele>96.08</ele>
      </trkpt>
      <trkpt lat="41.270487" lon="-8.610437">
        <ele>96.93</ele>
      </trkpt>
      <trkpt lat="41.270556" lon="-8.610367">
        <ele>97</ele>
      </trkpt>
      <trkpt lat="41.271667" lon="-8.609742">
        <ele>97.43</ele>
      </trkpt>
      <trkpt lat="41.271747" lon="-8.60972">
        <ele>97.74</ele>
      </trkpt>
      <trkpt lat="41.272018" lon="-8.609569">
        <ele>98.42</ele>
      </trkpt>
      <trkpt lat="41.272509" lon="-8.609331">
        <ele>98.99</ele>
      </trkpt>
      <trkpt lat="41.272991" lon="-8.60914">
        <ele>100</ele>
      </trkpt>
      <trkpt lat="41.273712" lon="-8.608895">
        <ele>102</ele>
      </trkpt>
      <trkpt lat="41.276365" lon="-8.607541">
        <ele>108.37</ele>
      </trkpt>
      <trkpt lat="41.276555" lon="-8.60746">
        <ele>108.16</ele>
      </trkpt>
      <trkpt lat="41.276967" lon="-8.60734">
        <ele>108.94</ele>
      </trkpt>
      <trkpt lat="41.278595" lon="-8.606871">
        <ele>112</ele>
      </trkpt>
      <trkpt lat="41.279518" lon="-8.606519">
        <ele>112</ele>
      </trkpt>
      <trkpt lat="41.280658" lon="-8.606031">
        <ele>112.93</ele>
      </trkpt>
      <trkpt lat="41.280942" lon="-8.605917">
        <ele>113</ele>
      </trkpt>
      <trkpt lat="41.2813" lon="-8.605787">
        <ele>114</ele>
      </trkpt>
      <trkpt lat="41.281515" lon="-8.605731">
        <ele>114.21</ele>
      </trkpt>
      <trkpt lat="41.282312" lon="-8.605523">
        <ele>115</ele>
      </trkpt>
      <trkpt lat="41.28278" lon="-8.605479">
        <ele>114.92</ele>
      </trkpt>
      <trkpt lat="41.283028" lon="-8.60547">
        <ele>117.86</ele>
      </trkpt>
      <trkpt lat="41.283327" lon="-8.605459">
        <ele>119</ele>
      </trkpt>
      <trkpt lat="41.283519" lon="-8.605442">
        <ele>119</ele>
      </trkpt>
      <trkpt lat="41.283717" lon="-8.605373">
        <ele>120</ele>
      </trkpt>
      <trkpt lat="41.283849" lon="-8.605302">
        <ele>119.7</ele>
      </trkpt>
      <trkpt lat="41.284031" lon="-8.60516">
        <ele>119.78</ele>
      </trkpt>
      <trkpt lat="41.284628" lon="-8.604587">
        <ele>119.73</ele>
      </trkpt>
      <trkpt lat="41.285813" lon="-8.603428">
        <ele>119.84</ele>
      </trkpt>
      <trkpt lat="41.28638" lon="-8.602875">
        <ele>121.84</ele>
      </trkpt>
      <trkpt lat="41.286576" lon="-8.602673">
        <ele>122.89</ele>
      </trkpt>
      <trkpt lat="41.286596" lon="-8.602652">
        <ele>123</ele>
      </trkpt>
      <trkpt lat="41.286518" lon="-8.602428">
        <ele>122.71</ele>
      </trkpt>
      <trkpt lat="41.28648" lon="-8.60209">
        <ele>122.9</ele>
      </trkpt>
      <trkpt lat="41.286452" lon="-8.600562">
        <ele>123.37</ele>
      </trkpt>
      <trkpt lat="41.286443" lon="-8.599249">
        <ele>126</ele>
      </trkpt>
      <trkpt lat="41.286433" lon="-8.598984">
        <ele>127.09</ele>
      </trkpt>
      <trkpt lat="41.286399" lon="-8.598735">
        <ele>128.54</ele>
      </trkpt>
      <trkpt lat="41.286337" lon="-8.598518">
        <ele>129.33</ele>
      </trkpt>
      <trkpt lat="41.286178" lon="-8.598266">
        <ele>131.64</ele>
      </trkpt>
      <trkpt lat="41.285839" lon="-8.5978">
        <ele>134.32</ele>
      </trkpt>
      <trkpt lat="41.285669" lon="-8.597567">
        <ele>134.15</ele>
      </trkpt>
      <trkpt lat="41.285631" lon="-8.597501">
        <ele>134.04</ele>
      </trkpt>
      <trkpt lat="41.285594" lon="-8.597437">
        <ele>133.93</ele>
      </trkpt>
      <trkpt lat="41.285563" lon="-8.597317">
        <ele>134.33</ele>
      </trkpt>
      <trkpt lat="41.285554" lon="-8.597202">
        <ele>134.37</ele>
      </trkpt>
      <trkpt lat="41.285569" lon="-8.597091">
        <ele>134.55</ele>
      </trkpt>
      <trkpt lat="41.285596" lon="-8.596975">
        <ele>134.76</ele>
      </trkpt>
      <trkpt lat="41.285768" lon="-8.596455">
        <ele>136.96</ele>
      </trkpt>
      <trkpt lat="41.285792" lon="-8.59613">
        <ele>138.23</ele>
      </trkpt>
      <trkpt lat="41.285776" lon="-8.595347">
        <ele>140</ele>
      </trkpt>
      <trkpt lat="41.285802" lon="-8.595206">
        <ele>140.09</ele>
      </trkpt>
      <trkpt lat="41.285814" lon="-8.595029">
        <ele>141.07</ele>
      </trkpt>
      <trkpt lat="41.285877" lon="-8.594467">
        <ele>142</ele>
      </trkpt>
      <trkpt lat="41.28592" lon="-8.59393">
        <ele>143.27</ele>
      </trkpt>
      <trkpt lat="41.285913" lon="-8.59375">
        <ele>143.89</ele>
      </trkpt>
      <trkpt lat="41.285893" lon="-8.593586">
        <ele>144.6</ele>
      </trkpt>
      <trkpt lat="41.285846" lon="-8.593399">
        <ele>145.17</ele>
      </trkpt>
      <trkpt lat="41.285498" lon="-8.592477">
        <ele>147.96</ele>
      </trkpt>
      <trkpt lat="41.284954" lon="-8.591032">
        <ele>147.93</ele>
      </trkpt>
      <trkpt lat="41.284605" lon="-8.590052">
        <ele>146.09</ele>
      </trkpt>
      <trkpt lat="41.284551" lon="-8.589936">
        <ele>146</ele>
      </trkpt>
      <trkpt lat="41.284491" lon="-8.589852">
        <ele>145.78</ele>
      </trkpt>
      <trkpt lat="41.284422" lon="-8.589784">
        <ele>145.38</ele>
      </trkpt>
      <trkpt lat="41.284237" lon="-8.589655">
        <ele>145</ele>
      </trkpt>
      <trkpt lat="41.284118" lon="-8.589593">
        <ele>145</ele>
      </trkpt>
      <trkpt lat="41.284075" lon="-8.589557">
        <ele>145</ele>
      </trkpt>
      <trkpt lat="41.284023" lon="-8.589492">
        <ele>145</ele>
      </trkpt>
      <trkpt lat="41.283935" lon="-8.589335">
        <ele>144.98</ele>
      </trkpt>
      <trkpt lat="41.283881" lon="-8.58926">
        <ele>144.67</ele>
      </trkpt>
      <trkpt lat="41.283831" lon="-8.589224">
        <ele>144.22</ele>
      </trkpt>
      <trkpt lat="41.283791" lon="-8.589171">
        <ele>144</ele>
      </trkpt>
      <trkpt lat="41.283765" lon="-8.589112">
        <ele>144</ele>
      </trkpt>
      <trkpt lat="41.28375" lon="-8.589047">
        <ele>144</ele>
      </trkpt>
      <trkpt lat="41.283748" lon="-8.588978">
        <ele>143.68</ele>
      </trkpt>
      <trkpt lat="41.283757" lon="-8.588911">
        <ele>143.37</ele>
      </trkpt>
      <trkpt lat="41.283779" lon="-8.58885">
        <ele>143.43</ele>
      </trkpt>
      <trkpt lat="41.283838" lon="-8.588768">
        <ele>144.17</ele>
      </trkpt>
      <trkpt lat="41.283871" lon="-8.588687">
        <ele>144.42</ele>
      </trkpt>
      <trkpt lat="41.283887" lon="-8.588622">
        <ele>144.54</ele>
      </trkpt>
      <trkpt lat="41.283883" lon="-8.588347">
        <ele>144.98</ele>
      </trkpt>
      <trkpt lat="41.283861" lon="-8.588178">
        <ele>145.95</ele>
      </trkpt>
      <trkpt lat="41.283799" lon="-8.5879">
        <ele>146.57</ele>
      </trkpt>
      <trkpt lat="41.283337" lon="-8.586656">
        <ele>150</ele>
      </trkpt>
      <trkpt lat="41.28323" lon="-8.586381">
        <ele>151.54</ele>
      </trkpt>
      <trkpt lat="41.282817" lon="-8.585249">
        <ele>154.98</ele>
      </trkpt>
      <trkpt lat="41.282768" lon="-8.585007">
        <ele>154.89</ele>
      </trkpt>
      <trkpt lat="41.282747" lon="-8.584736">
        <ele>154.72</ele>
      </trkpt>
      <trkpt lat="41.282844" lon="-8.583231">
        <ele>154.93</ele>
      </trkpt>
      <trkpt lat="41.283085" lon="-8.579772">
        <ele>145.06</ele>
      </trkpt>
      <trkpt lat="41.283139" lon="-8.579589">
        <ele>144.78</ele>
      </trkpt>
      <trkpt lat="41.283234" lon="-8.579416">
        <ele>144.56</ele>
      </trkpt>
      <trkpt lat="41.283552" lon="-8.579113">
        <ele>142.38</ele>
      </trkpt>
      <trkpt lat="41.283882" lon="-8.578815">
        <ele>139.8</ele>
      </trkpt>
      <trkpt lat="41.28399" lon="-8.578679">
        <ele>138.88</ele>
      </trkpt>
      <trkpt lat="41.284049" lon="-8.578536">
        <ele>138.79</ele>
      </trkpt>
      <trkpt lat="41.284077" lon="-8.578311">
        <ele>137.69</ele>
      </trkpt>
      <trkpt lat="41.28402" lon="-8.576951">
        <ele>131.58</ele>
      </trkpt>
      <trkpt lat="41.283974" lon="-8.576577">
        <ele>130.6</ele>
      </trkpt>
      <trkpt lat="41.283724" lon="-8.575013">
        <ele>125.51</ele>
      </trkpt>
      <trkpt lat="41.283701" lon="-8.574826">
        <ele>124.42</ele>
      </trkpt>
      <trkpt lat="41.283697" lon="-8.574695">
        <ele>124</ele>
      </trkpt>
      <trkpt lat="41.283717" lon="-8.572588">
        <ele>117.52</ele>
      </trkpt>
      <trkpt lat="41.283729" lon="-8.571111">
        <ele>113.94</ele>
      </trkpt>
      <trkpt lat="41.283719" lon="-8.570099">
        <ele>112</ele>
      </trkpt>
      <trkpt lat="41.283725" lon="-8.569463">
        <ele>111.71</ele>
      </trkpt>
      <trkpt lat="41.283749" lon="-8.568361">
        <ele>111</ele>
      </trkpt>
      <trkpt lat="41.283742" lon="-8.568167">
        <ele>111</ele>
      </trkpt>
      <trkpt lat="41.283719" lon="-8.568011">
        <ele>111.2</ele>
      </trkpt>
      <trkpt lat="41.283569" lon="-8.567902">
        <ele>111.07</ele>
      </trkpt>
      <trkpt lat="41.283527" lon="-8.567888">
        <ele>111</ele>
      </trkpt>
      <trkpt lat="41.283433" lon="-8.567877">
        <ele>111</ele>
      </trkpt>
      <trkpt lat="41.283318" lon="-8.567936">
        <ele>110.45</ele>
      </trkpt>
      <trkpt lat="41.282724" lon="-8.568391">
        <ele>109.2</ele>
      </trkpt>
      <trkpt lat="41.280458" lon="-8.570142">
        <ele>110</ele>
      </trkpt>
      <trkpt lat="41.278799" lon="-8.571457">
        <ele>112.64</ele>
      </trkpt>
      <trkpt lat="41.278132" lon="-8.571986">
        <ele>117.79</ele>
      </trkpt>
      <trkpt lat="41.276932" lon="-8.572897">
        <ele>128.42</ele>
      </trkpt>
      <trkpt lat="41.276783" lon="-8.572991">
        <ele>129.31</ele>
      </trkpt>
      <trkpt lat="41.276641" lon="-8.573059">
        <ele>130.22</ele>
      </trkpt>
      <trkpt lat="41.276535" lon="-8.573122">
        <ele>131.19</ele>
      </trkpt>
      <trkpt lat="41.276091" lon="-8.573332">
        <ele>133.9</ele>
      </trkpt>
      <trkpt lat="41.275686" lon="-8.573541">
        <ele>133.95</ele>
      </trkpt>
      <trkpt lat="41.27551" lon="-8.573622">
        <ele>133.85</ele>
      </trkpt>
      <trkpt lat="41.27534" lon="-8.573678">
        <ele>133.75</ele>
      </trkpt>
      <trkpt lat="41.274164" lon="-8.573942">
        <ele>138.82</ele>
      </trkpt>
      <trkpt lat="41.273677" lon="-8.574034">
        <ele>140.81</ele>
      </trkpt>
      <trkpt lat="41.273047" lon="-8.574185">
        <ele>143</ele>
      </trkpt>
      <trkpt lat="41.272869" lon="-8.574211">
        <ele>143.44</ele>
      </trkpt>
      <trkpt lat="41.272752" lon="-8.574224">
        <ele>143.95</ele>
      </trkpt>
      <trkpt lat="41.272142" lon="-8.574361">
        <ele>144.43</ele>
      </trkpt>
      <trkpt lat="41.271579" lon="-8.574485">
        <ele>147.68</ele>
      </trkpt>
      <trkpt lat="41.270805" lon="-8.574652">
        <ele>148</ele>
      </trkpt>
      <trkpt lat="41.26978" lon="-8.574885">
        <ele>142.96</ele>
      </trkpt>
      <trkpt lat="41.268706" lon="-8.575106">
        <ele>142.01</ele>
      </trkpt>
      <trkpt lat="41.268131" lon="-8.575058">
        <ele>142.03</ele>
      </trkpt>
      <trkpt lat="41.267732" lon="-8.574997">
        <ele>142.41</ele>
      </trkpt>
      <trkpt lat="41.265785" lon="-8.574747">
        <ele>142</ele>
      </trkpt>
      <trkpt lat="41.264774" lon="-8.574607">
        <ele>142.02</ele>
      </trkpt>
      <trkpt lat="41.264583" lon="-8.574648">
        <ele>141.81</ele>
      </trkpt>
      <trkpt lat="41.263902" lon="-8.574795">
        <ele>139.4</ele>
      </trkpt>
      <trkpt lat="41.26369" lon="-8.574937">
        <ele>138.38</ele>
      </trkpt>
      <trkpt lat="41.263153" lon="-8.575353">
        <ele>139.56</ele>
      </trkpt>
      <trkpt lat="41.263009" lon="-8.575503">
        <ele>139.05</ele>
      </trkpt>
      <trkpt lat="41.26294" lon="-8.575685">
        <ele>138.79</ele>
      </trkpt>
      <trkpt lat="41.262827" lon="-8.576451">
        <ele>135.46</ele>
      </trkpt>
      <trkpt lat="41.26278" lon="-8.576831">
        <ele>132.92</ele>
      </trkpt>
      <trkpt lat="41.262719" lon="-8.576999">
        <ele>132.39</ele>
      </trkpt>
      <trkpt lat="41.262634" lon="-8.577142">
        <ele>131.42</ele>
      </trkpt>
      <trkpt lat="41.262443" lon="-8.577283">
        <ele>130.45</ele>
      </trkpt>
      <trkpt lat="41.26188" lon="-8.577339">
        <ele>126.94</ele>
      </trkpt>
      <trkpt lat="41.261624" lon="-8.577344">
        <ele>125.83</ele>
      </trkpt>
      <trkpt lat="41.26144" lon="-8.577383">
        <ele>124.43</ele>
      </trkpt>
      <trkpt lat="41.261312" lon="-8.577467">
        <ele>123.45</ele>
      </trkpt>
      <trkpt lat="41.261163" lon="-8.577633">
        <ele>122.33</ele>
      </trkpt>
      <trkpt lat="41.261046" lon="-8.577785">
        <ele>121.34</ele>
      </trkpt>
      <trkpt lat="41.260934" lon="-8.577886">
        <ele>120.01</ele>
      </trkpt>
      <trkpt lat="41.260771" lon="-8.577953">
        <ele>120.12</ele>
      </trkpt>
      <trkpt lat="41.260651" lon="-8.57798">
        <ele>119.09</ele>
      </trkpt>
      <trkpt lat="41.260267" lon="-8.578002">
        <ele>116.23</ele>
      </trkpt>
      <trkpt lat="41.260106" lon="-8.578032">
        <ele>115.39</ele>
      </trkpt>
      <trkpt lat="41.259998" lon="-8.578084">
        <ele>114.36</ele>
      </trkpt>
      <trkpt lat="41.259843" lon="-8.57825">
        <ele>113.49</ele>
      </trkpt>
      <trkpt lat="41.258855" lon="-8.579483">
        <ele>107.05</ele>
      </trkpt>
      <trkpt lat="41.258308" lon="-8.580173">
        <ele>106.81</ele>
      </trkpt>
      <trkpt lat="41.258203" lon="-8.580304">
        <ele>106.77</ele>
      </trkpt>
      <trkpt lat="41.257671" lon="-8.581017">
        <ele>108.66</ele>
      </trkpt>
      <trkpt lat="41.257506" lon="-8.581237">
        <ele>107.65</ele>
      </trkpt>
      <trkpt lat="41.257414" lon="-8.581328">
        <ele>106.95</ele>
      </trkpt>
      <trkpt lat="41.256556" lon="-8.581487">
        <ele>103.85</ele>
      </trkpt>
      <trkpt lat="41.256492" lon="-8.581588">
        <ele>103.64</ele>
      </trkpt>
      <trkpt lat="41.256125" lon="-8.582453">
        <ele>102.6</ele>
      </trkpt>
      <trkpt lat="41.256014" lon="-8.582561">
        <ele>104.04</ele>
      </trkpt>
      <trkpt lat="41.255978" lon="-8.582596">
        <ele>104.14</ele>
      </trkpt>
      <trkpt lat="41.25582" lon="-8.582671">
        <ele>104</ele>
      </trkpt>
      <trkpt lat="41.255366" lon="-8.582783">
        <ele>104.32</ele>
      </trkpt>
      <trkpt lat="41.254739" lon="-8.583025">
        <ele>105</ele>
      </trkpt>
      <trkpt lat="41.254519" lon="-8.583087">
        <ele>105</ele>
      </trkpt>
      <trkpt lat="41.253751" lon="-8.583169">
        <ele>101.51</ele>
      </trkpt>
      <trkpt lat="41.253641" lon="-8.58323">
        <ele>100.72</ele>
      </trkpt>
      <trkpt lat="41.253576" lon="-8.58329">
        <ele>100.37</ele>
      </trkpt>
      <trkpt lat="41.253532" lon="-8.58335">
        <ele>100.02</ele>
      </trkpt>
      <trkpt lat="41.253514" lon="-8.58342">
        <ele>99.62</ele>
      </trkpt>
      <trkpt lat="41.253437" lon="-8.583532">
        <ele>98.96</ele>
      </trkpt>
      <trkpt lat="41.253425" lon="-8.583566">
        <ele>98.78</ele>
      </trkpt>
      <trkpt lat="41.253355" lon="-8.583755">
        <ele>97.79</ele>
      </trkpt>
      <trkpt lat="41.253056" lon="-8.586324">
        <ele>87.73</ele>
      </trkpt>
      <trkpt lat="41.252843" lon="-8.58816">
        <ele>77.23</ele>
      </trkpt>
      <trkpt lat="41.252698" lon="-8.589352">
        <ele>73</ele>
      </trkpt>
      <trkpt lat="41.252576" lon="-8.590341">
        <ele>72.66</ele>
      </trkpt>
      <trkpt lat="41.252594" lon="-8.590893">
        <ele>73.51</ele>
      </trkpt>
      <trkpt lat="41.252645" lon="-8.591249">
        <ele>74.91</ele>
      </trkpt>
      <trkpt lat="41.252733" lon="-8.591574">
        <ele>75.79</ele>
      </trkpt>
      <trkpt lat="41.252884" lon="-8.591941">
        <ele>77.66</ele>
      </trkpt>
      <trkpt lat="41.252934" lon="-8.591911">
        <ele>77.76</ele>
      </trkpt>
      <trkpt lat="41.252988" lon="-8.591904">
        <ele>77.71</ele>
      </trkpt>
      <trkpt lat="41.25304" lon="-8.59192">
        <ele>77.81</ele>
      </trkpt>
      <trkpt lat="41.253086" lon="-8.591958">
        <ele>78</ele>
      </trkpt>
      <trkpt lat="41.253121" lon="-8.592012">
        <ele>78</ele>
      </trkpt>
      <trkpt lat="41.253142" lon="-8.592079">
        <ele>78</ele>
      </trkpt>
      <trkpt lat="41.253145" lon="-8.592146">
        <ele>78.09</ele>
      </trkpt>
      <trkpt lat="41.253134" lon="-8.592212">
        <ele>78.33</ele>
      </trkpt>
      <trkpt lat="41.253108" lon="-8.59227">
        <ele>78.39</ele>
      </trkpt>
      <trkpt lat="41.25307" lon="-8.592316">
        <ele>78.17</ele>
      </trkpt>
      <trkpt lat="41.253025" lon="-8.592344">
        <ele>78</ele>
      </trkpt>
      <trkpt lat="41.252976" lon="-8.592353">
        <ele>78</ele>
      </trkpt>
      <trkpt lat="41.252928" lon="-8.592343">
        <ele>78</ele>
      </trkpt>
      <trkpt lat="41.252883" lon="-8.592315">
        <ele>78</ele>
      </trkpt>
      <trkpt lat="41.252716" lon="-8.592511">
        <ele>77.42</ele>
      </trkpt>
      <trkpt lat="41.252327" lon="-8.592769">
        <ele>76.26</ele>
      </trkpt>
      <trkpt lat="41.252079" lon="-8.592971">
        <ele>75.24</ele>
      </trkpt>
      <trkpt lat="41.251215" lon="-8.593711">
        <ele>71.18</ele>
      </trkpt>
      <trkpt lat="41.249922" lon="-8.594858">
        <ele>71.98</ele>
      </trkpt>
      <trkpt lat="41.24932" lon="-8.595421">
        <ele>73.16</ele>
      </trkpt>
      <trkpt lat="41.248847" lon="-8.595818">
        <ele>74.26</ele>
      </trkpt>
      <trkpt lat="41.248172" lon="-8.596351">
        <ele>73.69</ele>
      </trkpt>
      <trkpt lat="41.24784" lon="-8.596633">
        <ele>72.94</ele>
      </trkpt>
      <trkpt lat="41.24764" lon="-8.596853">
        <ele>71.6</ele>
      </trkpt>
      <trkpt lat="41.247162" lon="-8.597633">
        <ele>67.47</ele>
      </trkpt>
      <trkpt lat="41.24677" lon="-8.598256">
        <ele>64.56</ele>
      </trkpt>
      <trkpt lat="41.24658" lon="-8.598541">
        <ele>62.71</ele>
      </trkpt>
      <trkpt lat="41.246337" lon="-8.599001">
        <ele>61.13</ele>
      </trkpt>
      <trkpt lat="41.245793" lon="-8.600005">
        <ele>60.16</ele>
      </trkpt>
      <trkpt lat="41.24555" lon="-8.600333">
        <ele>59.95</ele>
      </trkpt>
      <trkpt lat="41.245232" lon="-8.600795">
        <ele>60.35</ele>
      </trkpt>
      <trkpt lat="41.245" lon="-8.60114">
        <ele>61</ele>
      </trkpt>
      <trkpt lat="41.244708" lon="-8.601637">
        <ele>62.3</ele>
      </trkpt>
      <trkpt lat="41.244629" lon="-8.601757">
        <ele>63.11</ele>
      </trkpt>
      <trkpt lat="41.24375" lon="-8.602778">
        <ele>70.85</ele>
      </trkpt>
      <trkpt lat="41.243655" lon="-8.602909">
        <ele>71.45</ele>
      </trkpt>
      <trkpt lat="41.243543" lon="-8.603124">
        <ele>72.97</ele>
      </trkpt>
      <trkpt lat="41.243484" lon="-8.603285">
        <ele>73</ele>
      </trkpt>
      <trkpt lat="41.243299" lon="-8.603886">
        <ele>71.62</ele>
      </trkpt>
      <trkpt lat="41.242988" lon="-8.604925">
        <ele>66.74</ele>
      </trkpt>
      <trkpt lat="41.242818" lon="-8.605512">
        <ele>66.73</ele>
      </trkpt>
      <trkpt lat="41.242579" lon="-8.606306">
        <ele>70.02</ele>
      </trkpt>
      <trkpt lat="41.242562" lon="-8.606439">
        <ele>70.13</ele>
      </trkpt>
      <trkpt lat="41.242557" lon="-8.606575">
        <ele>70.86</ele>
      </trkpt>
      <trkpt lat="41.24257" lon="-8.606855">
        <ele>69.98</ele>
      </trkpt>
      <trkpt lat="41.242664" lon="-8.608318">
        <ele>68.7</ele>
      </trkpt>
      <trkpt lat="41.242625" lon="-8.608448">
        <ele>68.4</ele>
      </trkpt>
      <trkpt lat="41.242613" lon="-8.608524">
        <ele>68.31</ele>
      </trkpt>
      <trkpt lat="41.242517" lon="-8.609049">
        <ele>67.27</ele>
      </trkpt>
      <trkpt lat="41.242473" lon="-8.609208">
        <ele>67</ele>
      </trkpt>
      <trkpt lat="41.242423" lon="-8.609311">
        <ele>66.85</ele>
      </trkpt>
      <trkpt lat="41.241926" lon="-8.610005">
        <ele>67</ele>
      </trkpt>
      <trkpt lat="41.24182" lon="-8.610172">
        <ele>66.84</ele>
      </trkpt>
      <trkpt lat="41.241786" lon="-8.610243">
        <ele>67</ele>
      </trkpt>
      <trkpt lat="41.241729" lon="-8.610395">
        <ele>67</ele>
      </trkpt>
      <trkpt lat="41.241513" lon="-8.611139">
        <ele>70.27</ele>
      </trkpt>
      <trkpt lat="41.241456" lon="-8.611335">
        <ele>71.13</ele>
      </trkpt>
      <trkpt lat="41.241408" lon="-8.61156">
        <ele>73.02</ele>
      </trkpt>
      <trkpt lat="41.241266" lon="-8.611921">
        <ele>75.1</ele>
      </trkpt>
      <trkpt lat="41.241093" lon="-8.612263">
        <ele>76.49</ele>
      </trkpt>
      <trkpt lat="41.240876" lon="-8.612621">
        <ele>78.02</ele>
      </trkpt>
      <trkpt lat="41.240824" lon="-8.61273">
        <ele>78.42</ele>
      </trkpt>
      <trkpt lat="41.240772" lon="-8.613171">
        <ele>79.36</ele>
      </trkpt>
      <trkpt lat="41.240714" lon="-8.61345">
        <ele>81.36</ele>
      </trkpt>
      <trkpt lat="41.240553" lon="-8.613917">
        <ele>83.44</ele>
      </trkpt>
      <trkpt lat="41.240437" lon="-8.614304">
        <ele>84.95</ele>
      </trkpt>
      <trkpt lat="41.240376" lon="-8.61463">
        <ele>86.01</ele>
      </trkpt>
      <trkpt lat="41.240331" lon="-8.614762">
        <ele>87.15</ele>
      </trkpt>
      <trkpt lat="41.240239" lon="-8.614897">
        <ele>87.8</ele>
      </trkpt>
      <trkpt lat="41.239916" lon="-8.615213">
        <ele>89.34</ele>
      </trkpt>
      <trkpt lat="41.239728" lon="-8.615376">
        <ele>90.99</ele>
      </trkpt>
      <trkpt lat="41.239662" lon="-8.615415">
        <ele>90.73</ele>
      </trkpt>
      <trkpt lat="41.239581" lon="-8.615444">
        <ele>90.44</ele>
      </trkpt>
      <trkpt lat="41.239044" lon="-8.615636">
        <ele>90.88</ele>
      </trkpt>
      <trkpt lat="41.239005" lon="-8.615658">
        <ele>91</ele>
      </trkpt>
      <trkpt lat="41.238914" lon="-8.615798">
        <ele>90.37</ele>
      </trkpt>
      <trkpt lat="41.238834" lon="-8.615951">
        <ele>90.04</ele>
      </trkpt>
      <trkpt lat="41.238754" lon="-8.616131">
        <ele>90</ele>
      </trkpt>
      <trkpt lat="41.238663" lon="-8.616388">
        <ele>89.98</ele>
      </trkpt>
      <trkpt lat="41.238367" lon="-8.617336">
        <ele>90.53</ele>
      </trkpt>
      <trkpt lat="41.238186" lon="-8.617967">
        <ele>91.08</ele>
      </trkpt>
      <trkpt lat="41.236699" lon="-8.615268">
        <ele>87</ele>
      </trkpt>
      <trkpt lat="41.236676" lon="-8.61526">
        <ele>87</ele>
      </trkpt>
      <trkpt lat="41.236598" lon="-8.615231">
        <ele>87</ele>
      </trkpt>
      <trkpt lat="41.236511" lon="-8.615237">
        <ele>87</ele>
      </trkpt>
      <trkpt lat="41.236467" lon="-8.615279">
        <ele>87</ele>
      </trkpt>
      <trkpt lat="41.236417" lon="-8.615307">
        <ele>87</ele>
      </trkpt>
      <trkpt lat="41.236363" lon="-8.615449">
        <ele>87.61</ele>
      </trkpt>
      <trkpt lat="41.236295" lon="-8.616236">
        <ele>90</ele>
      </trkpt>
      <trkpt lat="41.236174" lon="-8.617796">
        <ele>87.88</ele>
      </trkpt>
      <trkpt lat="41.236152" lon="-8.617958">
        <ele>87.28</ele>
      </trkpt>
      <trkpt lat="41.236106" lon="-8.61817">
        <ele>87</ele>
      </trkpt>
      <trkpt lat="41.23605" lon="-8.618347">
        <ele>87</ele>
      </trkpt>
      <trkpt lat="41.236007" lon="-8.618454">
        <ele>87</ele>
      </trkpt>
      <trkpt lat="41.235947" lon="-8.618561">
        <ele>87</ele>
      </trkpt>
      <trkpt lat="41.235947" lon="-8.618561">
        <ele>87</ele>
      </trkpt>
      <trkpt lat="41.235853" lon="-8.618703">
        <ele>87</ele>
      </trkpt>
      <trkpt lat="41.235758" lon="-8.618813">
        <ele>87.16</ele>
      </trkpt>
      <trkpt lat="41.235659" lon="-8.618913">
        <ele>87.4</ele>
      </trkpt>
      <trkpt lat="41.234612" lon="-8.619822">
        <ele>93.57</ele>
      </trkpt>
      <trkpt lat="41.234582" lon="-8.619812">
        <ele>93.79</ele>
      </trkpt>
      <trkpt lat="41.23432" lon="-8.620057">
        <ele>95.32</ele>
      </trkpt>
      <trkpt lat="41.23384" lon="-8.62047">
        <ele>98.9</ele>
      </trkpt>
      <trkpt lat="41.23356" lon="-8.620718">
        <ele>100.69</ele>
      </trkpt>
      <trkpt lat="41.233409" lon="-8.62087">
        <ele>101</ele>
      </trkpt>
      <trkpt lat="41.233115" lon="-8.62126">
        <ele>102</ele>
      </trkpt>
      <trkpt lat="41.23311" lon="-8.621379">
        <ele>102</ele>
      </trkpt>
      <trkpt lat="41.233118" lon="-8.621486">
        <ele>102</ele>
      </trkpt>
      <trkpt lat="41.233145" lon="-8.621593">
        <ele>102</ele>
      </trkpt>
      <trkpt lat="41.233188" lon="-8.621663">
        <ele>102</ele>
      </trkpt>
      <trkpt lat="41.23359" lon="-8.621807">
        <ele>101.26</ele>
      </trkpt>
      <trkpt lat="41.234048" lon="-8.621934">
        <ele>100.72</ele>
      </trkpt>
      <trkpt lat="41.234263" lon="-8.621979">
        <ele>100.68</ele>
      </trkpt>
      <trkpt lat="41.234417" lon="-8.621995">
        <ele>100.66</ele>
      </trkpt>
      <trkpt lat="41.235256" lon="-8.622019">
        <ele>99.8</ele>
      </trkpt>
      <trkpt lat="41.235256" lon="-8.622019">
        <ele>99.8</ele>
      </trkpt>
      <trkpt lat="41.236296" lon="-8.621967">
        <ele>97</ele>
      </trkpt>
      <trkpt lat="41.237267" lon="-8.62193">
        <ele>95.29</ele>
      </trkpt>
      <trkpt lat="41.23749" lon="-8.621905">
        <ele>95.18</ele>
      </trkpt>
      <trkpt lat="41.238058" lon="-8.6218">
        <ele>95</ele>
      </trkpt>
      <trkpt lat="41.238208" lon="-8.621746">
        <ele>95</ele>
      </trkpt>
      <trkpt lat="41.238564" lon="-8.621668">
        <ele>94.76</ele>
      </trkpt>
      <trkpt lat="41.238751" lon="-8.621648">
        <ele>94.29</ele>
      </trkpt>
      <trkpt lat="41.238781" lon="-8.622278">
        <ele>96</ele>
      </trkpt>
      <trkpt lat="41.238764" lon="-8.622636">
        <ele>97.18</ele>
      </trkpt>
      <trkpt lat="41.238711" lon="-8.623398">
        <ele>98.98</ele>
      </trkpt>
      <trkpt lat="41.238674" lon="-8.623681">
        <ele>100</ele>
      </trkpt>
      <trkpt lat="41.238635" lon="-8.624179">
        <ele>100</ele>
      </trkpt>
      <trkpt lat="41.238622" lon="-8.624253">
        <ele>100</ele>
      </trkpt>
      <trkpt lat="41.238575" lon="-8.624373">
        <ele>100</ele>
      </trkpt>
      <trkpt lat="41.238496" lon="-8.624461">
        <ele>100</ele>
      </trkpt>
      <trkpt lat="41.237439" lon="-8.625162">
        <ele>101.05</ele>
      </trkpt>
      <trkpt lat="41.237389" lon="-8.625208">
        <ele>101.4</ele>
      </trkpt>
      <trkpt lat="41.237353" lon="-8.625277">
        <ele>101.84</ele>
      </trkpt>
      <trkpt lat="41.237326" lon="-8.625482">
        <ele>102.4</ele>
      </trkpt>
      <trkpt lat="41.237345" lon="-8.625609">
        <ele>102.86</ele>
      </trkpt>
      <trkpt lat="41.2374" lon="-8.625754">
        <ele>103</ele>
      </trkpt>
      <trkpt lat="41.237481" lon="-8.625832">
        <ele>103</ele>
      </trkpt>
      <trkpt lat="41.237527" lon="-8.625923">
        <ele>103</ele>
      </trkpt>
      <trkpt lat="41.23755" lon="-8.626029">
        <ele>102.86</ele>
      </trkpt>
      <trkpt lat="41.237607" lon="-8.626075">
        <ele>102.63</ele>
      </trkpt>
      <trkpt lat="41.238454" lon="-8.626397">
        <ele>100.79</ele>
      </trkpt>
      <trkpt lat="41.238806" lon="-8.626528">
        <ele>98.38</ele>
      </trkpt>
      <trkpt lat="41.23896" lon="-8.626585">
        <ele>94.94</ele>
      </trkpt>
      <trkpt lat="41.239099" lon="-8.626637">
        <ele>93.99</ele>
      </trkpt>
      <trkpt lat="41.239323" lon="-8.62672">
        <ele>94.84</ele>
      </trkpt>
      <trkpt lat="41.239478" lon="-8.626778">
        <ele>93.41</ele>
      </trkpt>
      <trkpt lat="41.23967" lon="-8.626849">
        <ele>95.17</ele>
      </trkpt>
      <trkpt lat="41.240006" lon="-8.626974">
        <ele>91.35</ele>
      </trkpt>
      <trkpt lat="41.240138" lon="-8.627023">
        <ele>91.19</ele>
      </trkpt>
      <trkpt lat="41.24022" lon="-8.627053">
        <ele>86.53</ele>
      </trkpt>
      <trkpt lat="41.2403" lon="-8.627083">
        <ele>84.58</ele>
      </trkpt>
      <trkpt lat="41.240363" lon="-8.627107">
        <ele>84.09</ele>
      </trkpt>
      <trkpt lat="41.240534" lon="-8.62717">
        <ele>86.77</ele>
      </trkpt>
      <trkpt lat="41.240673" lon="-8.627222">
        <ele>82.67</ele>
      </trkpt>
      <trkpt lat="41.241224" lon="-8.627423">
        <ele>81.44</ele>
      </trkpt>
      <trkpt lat="41.241272" lon="-8.627424">
        <ele>81.72</ele>
      </trkpt>
      <trkpt lat="41.241356" lon="-8.627391">
        <ele>81.97</ele>
      </trkpt>
      <trkpt lat="41.241444" lon="-8.627313">
        <ele>82.46</ele>
      </trkpt>
      <trkpt lat="41.241508" lon="-8.627094">
        <ele>83.1</ele>
      </trkpt>
      <trkpt lat="41.241545" lon="-8.62701">
        <ele>83</ele>
      </trkpt>
      <trkpt lat="41.241605" lon="-8.626925">
        <ele>82.88</ele>
      </trkpt>
      <trkpt lat="41.241714" lon="-8.626831">
        <ele>84.52</ele>
      </trkpt>
      <trkpt lat="41.241855" lon="-8.626807">
        <ele>86.05</ele>
      </trkpt>
      <trkpt lat="41.241955" lon="-8.62684">
        <ele>87.26</ele>
      </trkpt>
      <trkpt lat="41.242023" lon="-8.626877">
        <ele>87.47</ele>
      </trkpt>
      <trkpt lat="41.242102" lon="-8.626963">
        <ele>87.78</ele>
      </trkpt>
      <trkpt lat="41.24215" lon="-8.627048">
        <ele>87.42</ele>
      </trkpt>
      <trkpt lat="41.242179" lon="-8.627132">
        <ele>86.79</ele>
      </trkpt>
      <trkpt lat="41.242194" lon="-8.627226">
        <ele>87.06</ele>
      </trkpt>
      <trkpt lat="41.242196" lon="-8.627328">
        <ele>87.07</ele>
      </trkpt>
      <trkpt lat="41.242184" lon="-8.627455">
        <ele>86.67</ele>
      </trkpt>
      <trkpt lat="41.242238" lon="-8.627628">
        <ele>86.65</ele>
      </trkpt>
      <trkpt lat="41.24229" lon="-8.627732">
        <ele>87.01</ele>
      </trkpt>
      <trkpt lat="41.242323" lon="-8.627778">
        <ele>87.17</ele>
      </trkpt>
      <trkpt lat="41.242385" lon="-8.627838">
        <ele>89.58</ele>
      </trkpt>
      <trkpt lat="41.242442" lon="-8.627875">
        <ele>92.98</ele>
      </trkpt>
      <trkpt lat="41.243117" lon="-8.628129">
        <ele>94.39</ele>
      </trkpt>
      <trkpt lat="41.243368" lon="-8.628222">
        <ele>98.64</ele>
      </trkpt>
      <trkpt lat="41.243827" lon="-8.628392">
        <ele>100.04</ele>
      </trkpt>
      <trkpt lat="41.244312" lon="-8.628573">
        <ele>102.52</ele>
      </trkpt>
      <trkpt lat="41.244362" lon="-8.628599">
        <ele>103.42</ele>
      </trkpt>
      <trkpt lat="41.244415" lon="-8.62864">
        <ele>104.01</ele>
      </trkpt>
      <trkpt lat="41.24466" lon="-8.62885">
        <ele>105</ele>
      </trkpt>
      <trkpt lat="41.244735" lon="-8.628884">
        <ele>105</ele>
      </trkpt>
      <trkpt lat="41.244846" lon="-8.628904">
        <ele>105</ele>
      </trkpt>
      <trkpt lat="41.2449" lon="-8.628867">
        <ele>105</ele>
      </trkpt>
      <trkpt lat="41.24494" lon="-8.628857">
        <ele>105.13</ele>
      </trkpt>
      <trkpt lat="41.244992" lon="-8.628865">
        <ele>105.28</ele>
      </trkpt>
      <trkpt lat="41.245053" lon="-8.628903">
        <ele>105.18</ele>
      </trkpt>
      <trkpt lat="41.245085" lon="-8.628944">
        <ele>105</ele>
      </trkpt>
      <trkpt lat="41.245116" lon="-8.629024">
        <ele>105</ele>
      </trkpt>
      <trkpt lat="41.245181" lon="-8.629094">
        <ele>105</ele>
      </trkpt>
      <trkpt lat="41.24524" lon="-8.629133">
        <ele>105</ele>
      </trkpt>
      <trkpt lat="41.245342" lon="-8.629177">
        <ele>104.29</ele>
      </trkpt>
      <trkpt lat="41.248668" lon="-8.630396">
        <ele>107.13</ele>
      </trkpt>
      <trkpt lat="41.249406" lon="-8.630672">
        <ele>109.93</ele>
      </trkpt>
      <trkpt lat="41.250241" lon="-8.630977">
        <ele>113</ele>
      </trkpt>
      <trkpt lat="41.250758" lon="-8.631166">
        <ele>113</ele>
      </trkpt>
      <trkpt lat="41.251302" lon="-8.631279">
        <ele>113</ele>
      </trkpt>
      <trkpt lat="41.251866" lon="-8.631444">
        <ele>113</ele>
      </trkpt>
      <trkpt lat="41.253375" lon="-8.632">
        <ele>113</ele>
      </trkpt>
      <trkpt lat="41.256202" lon="-8.633036">
        <ele>119.14</ele>
      </trkpt>
      <trkpt lat="41.256313" lon="-8.633031">
        <ele>119.38</ele>
      </trkpt>
      <trkpt lat="41.256343" lon="-8.632996">
        <ele>119.67</ele>
      </trkpt>
      <trkpt lat="41.256444" lon="-8.632925">
        <ele>120</ele>
      </trkpt>
      <trkpt lat="41.256564" lon="-8.632672">
        <ele>118.95</ele>
      </trkpt>
      <trkpt lat="41.256634" lon="-8.632326">
        <ele>118.45</ele>
      </trkpt>
      <trkpt lat="41.256634" lon="-8.632326">
        <ele>118.45</ele>
      </trkpt>
      <trkpt lat="41.256993" lon="-8.630571">
        <ele>115.29</ele>
      </trkpt>
      <trkpt lat="41.257381" lon="-8.6287">
        <ele>107.17</ele>
      </trkpt>
      <trkpt lat="41.25746" lon="-8.628364">
        <ele>106.77</ele>
      </trkpt>
      <trkpt lat="41.257502" lon="-8.628211">
        <ele>106.1</ele>
      </trkpt>
      <trkpt lat="41.257936" lon="-8.626853">
        <ele>102.2</ele>
      </trkpt>
      <trkpt lat="41.258664" lon="-8.624649">
        <ele>96.61</ele>
      </trkpt>
      <trkpt lat="41.258984" lon="-8.623676">
        <ele>97</ele>
      </trkpt>
      <trkpt lat="41.259129" lon="-8.623191">
        <ele>98.01</ele>
      </trkpt>
      <trkpt lat="41.259183" lon="-8.62295">
        <ele>98.44</ele>
      </trkpt>
      <trkpt lat="41.259228" lon="-8.622702">
        <ele>98.84</ele>
      </trkpt>
      <trkpt lat="41.259364" lon="-8.621677">
        <ele>102.16</ele>
      </trkpt>
      <trkpt lat="41.259666" lon="-8.619291">
        <ele>111</ele>
      </trkpt>
      <trkpt lat="41.259744" lon="-8.618717">
        <ele>112</ele>
      </trkpt>
      <trkpt lat="41.259882" lon="-8.617887">
        <ele>114.85</ele>
      </trkpt>
      <trkpt lat="41.260084" lon="-8.616756">
        <ele>111.67</ele>
      </trkpt>
      <trkpt lat="41.260074" lon="-8.616511">
        <ele>110.93</ele>
      </trkpt>
      <trkpt lat="41.260054" lon="-8.616406">
        <ele>110.85</ele>
      </trkpt>
      <trkpt lat="41.260007" lon="-8.61634">
        <ele>111</ele>
      </trkpt>
      <trkpt lat="41.259994" lon="-8.616301">
        <ele>111</ele>
      </trkpt>
      <trkpt lat="41.259988" lon="-8.616218">
        <ele>111</ele>
      </trkpt>
      <trkpt lat="41.259995" lon="-8.616177">
        <ele>110.84</ele>
      </trkpt>
      <trkpt lat="41.260027" lon="-8.616105">
        <ele>110.42</ele>
      </trkpt>
      <trkpt lat="41.260045" lon="-8.616083">
        <ele>110.26</ele>
      </trkpt>
      <trkpt lat="41.260068" lon="-8.616063">
        <ele>110.12</ele>
      </trkpt>
      <trkpt lat="41.260122" lon="-8.616042">
        <ele>110.02</ele>
      </trkpt>
      <trkpt lat="41.260177" lon="-8.616048">
        <ele>110</ele>
      </trkpt>
      <trkpt lat="41.260204" lon="-8.616061">
        <ele>110</ele>
      </trkpt>
      <trkpt lat="41.260247" lon="-8.616105">
        <ele>110</ele>
      </trkpt>
      <trkpt lat="41.260356" lon="-8.616137">
        <ele>109.48</ele>
      </trkpt>
      <trkpt lat="41.260529" lon="-8.616152">
        <ele>108.74</ele>
      </trkpt>
      <trkpt lat="41.261243" lon="-8.61614">
        <ele>106.39</ele>
      </trkpt>
      <trkpt lat="41.261243" lon="-8.61614">
        <ele>106.39</ele>
      </trkpt>
      <trkpt lat="41.261956" lon="-8.616128">
        <ele>105</ele>
      </trkpt>
      <trkpt lat="41.262128" lon="-8.616103">
        <ele>105.41</ele>
      </trkpt>
      <trkpt lat="41.262332" lon="-8.616034">
        <ele>104.22</ele>
      </trkpt>
      <trkpt lat="41.262491" lon="-8.61596">
        <ele>103.57</ele>
      </trkpt>
      <trkpt lat="41.263461" lon="-8.615271">
        <ele>100.27</ele>
      </trkpt>
      <trkpt lat="41.26357" lon="-8.615166">
        <ele>99.96</ele>
      </trkpt>
      <trkpt lat="41.26366" lon="-8.615065">
        <ele>99.35</ele>
      </trkpt>
      <trkpt lat="41.263757" lon="-8.614925">
        <ele>99</ele>
      </trkpt>
      <trkpt lat="41.26413" lon="-8.614302">
        <ele>96.3</ele>
      </trkpt>
      <trkpt lat="41.264312" lon="-8.61402">
        <ele>95.86</ele>
      </trkpt>
      <trkpt lat="41.264487" lon="-8.613798">
        <ele>94.53</ele>
      </trkpt>
      <trkpt lat="41.264599" lon="-8.613694">
        <ele>93.87</ele>
      </trkpt>
      <trkpt lat="41.264766" lon="-8.613568">
        <ele>93.58</ele>
      </trkpt>
      <trkpt lat="41.26497" lon="-8.613439">
        <ele>92.81</ele>
      </trkpt>
      <trkpt lat="41.26516" lon="-8.613353">
        <ele>92.58</ele>
      </trkpt>
      <trkpt lat="41.265589" lon="-8.613217">
        <ele>94.86</ele>
      </trkpt>
      <trkpt lat="41.265696" lon="-8.613169">
        <ele>94.39</ele>
      </trkpt>
      <trkpt lat="41.265799" lon="-8.613094">
        <ele>92.66</ele>
      </trkpt>
      <trkpt lat="41.266035" lon="-8.61285">
        <ele>89.13</ele>
      </trkpt>
      <trkpt lat="41.266197" lon="-8.61262">
        <ele>88.16</ele>
      </trkpt>
      <trkpt lat="41.266456" lon="-8.612296">
        <ele>87</ele>
      </trkpt>
      <trkpt lat="41.266574" lon="-8.612092">
        <ele>87.56</ele>
      </trkpt>
      <trkpt lat="41.266598" lon="-8.61201">
        <ele>87.48</ele>
      </trkpt>
      <trkpt lat="41.266602" lon="-8.611955">
        <ele>87.24</ele>
      </trkpt>
      <trkpt lat="41.266629" lon="-8.611876">
        <ele>87.03</ele>
      </trkpt>
      <trkpt lat="41.26667" lon="-8.611825">
        <ele>87.19</ele>
      </trkpt>
      <trkpt lat="41.266742" lon="-8.611788">
        <ele>87.29</ele>
      </trkpt>
      <trkpt lat="41.266796" lon="-8.611792">
        <ele>87.34</ele>
      </trkpt>
      <trkpt lat="41.266828" lon="-8.611806">
        <ele>87.42</ele>
      </trkpt>
      <trkpt lat="41.266957" lon="-8.611791">
        <ele>87.71</ele>
      </trkpt>
      <trkpt lat="41.267201" lon="-8.611696">
        <ele>88</ele>
      </trkpt>
      <trkpt lat="41.267357" lon="-8.611663">
        <ele>88.66</ele>
      </trkpt>
      <trkpt lat="41.267588" lon="-8.611584">
        <ele>89.45</ele>
      </trkpt>
      <trkpt lat="41.268883" lon="-8.611256">
        <ele>94.11</ele>
      </trkpt>
      <trkpt lat="41.269163" lon="-8.611156">
        <ele>95</ele>
      </trkpt>
      <trkpt lat="41.269454" lon="-8.61103">
        <ele>96.01</ele>
      </trkpt>
      <trkpt lat="41.269716" lon="-8.610888">
        <ele>96.08</ele>
      </trkpt>
      <trkpt lat="41.270487" lon="-8.610437">
        <ele>96.93</ele>
      </trkpt>
      <trkpt lat="41.270556" lon="-8.610367">
        <ele>97</ele>
      </trkpt>
      <trkpt lat="41.271667" lon="-8.609742">
        <ele>97.43</ele>
      </trkpt>
      <trkpt lat="41.271747" lon="-8.60972">
        <ele>97.74</ele>
      </trkpt>
      <trkpt lat="41.272018" lon="-8.609569">
        <ele>98.42</ele>
      </trkpt>
      <trkpt lat="41.272521" lon="-8.609326">
        <ele>99</ele>
      </trkpt>
      <trkpt lat="41.272991" lon="-8.60914">
        <ele>100</ele>
      </trkpt>
      <trkpt lat="41.273436" lon="-8.60899">
        <ele>101.32</ele>
      </trkpt>
      <trkpt lat="41.273712" lon="-8.608895">
        <ele>102</ele>
      </trkpt>
      <trkpt lat="41.276365" lon="-8.607541">
        <ele>108.37</ele>
      </trkpt>
      <trkpt lat="41.276555" lon="-8.60746">
        <ele>108.16</ele>
      </trkpt>
      <trkpt lat="41.278595" lon="-8.606871">
        <ele>112</ele>
      </trkpt>
      <trkpt lat="41.279518" lon="-8.606519">
        <ele>112</ele>
      </trkpt>
      <trkpt lat="41.280658" lon="-8.606031">
        <ele>112.93</ele>
      </trkpt>
      <trkpt lat="41.280978" lon="-8.605904">
        <ele>113.1</ele>
      </trkpt>
      <trkpt lat="41.2813" lon="-8.605787">
        <ele>114</ele>
      </trkpt>
      <trkpt lat="41.282312" lon="-8.605523">
        <ele>115</ele>
      </trkpt>
      <trkpt lat="41.28278" lon="-8.605479">
        <ele>114.92</ele>
      </trkpt>
      <trkpt lat="41.283028" lon="-8.60547">
        <ele>117.86</ele>
      </trkpt>
      <trkpt lat="41.283327" lon="-8.605459">
        <ele>119</ele>
      </trkpt>
      <trkpt lat="41.283519" lon="-8.605442">
        <ele>119</ele>
      </trkpt>
      <trkpt lat="41.283717" lon="-8.605373">
        <ele>120</ele>
      </trkpt>
      <trkpt lat="41.283849" lon="-8.605302">
        <ele>119.7</ele>
      </trkpt>
      <trkpt lat="41.284031" lon="-8.60516">
        <ele>119.78</ele>
      </trkpt>
      <trkpt lat="41.284628" lon="-8.604587">
        <ele>119.73</ele>
      </trkpt>
      <trkpt lat="41.285813" lon="-8.603428">
        <ele>119.84</ele>
      </trkpt>
      <trkpt lat="41.28638" lon="-8.602875">
        <ele>121.84</ele>
      </trkpt>
      <trkpt lat="41.286596" lon="-8.602652">
        <ele>123</ele>
      </trkpt>
      <trkpt lat="41.286518" lon="-8.602428">
        <ele>122.71</ele>
      </trkpt>
      <trkpt lat="41.28648" lon="-8.60209">
        <ele>122.9</ele>
      </trkpt>
      <trkpt lat="41.286452" lon="-8.600562">
        <ele>123.37</ele>
      </trkpt>
      <trkpt lat="41.286443" lon="-8.599249">
        <ele>126</ele>
      </trkpt>
      <trkpt lat="41.286433" lon="-8.598984">
        <ele>127.09</ele>
      </trkpt>
      <trkpt lat="41.286399" lon="-8.598735">
        <ele>128.54</ele>
      </trkpt>
      <trkpt lat="41.286337" lon="-8.598518">
        <ele>129.33</ele>
      </trkpt>
      <trkpt lat="41.286178" lon="-8.598266">
        <ele>131.64</ele>
      </trkpt>
      <trkpt lat="41.286106" lon="-8.598166">
        <ele>132.21</ele>
      </trkpt>
      <trkpt lat="41.285669" lon="-8.597567">
        <ele>134.15</ele>
      </trkpt>
      <trkpt lat="41.285594" lon="-8.597437">
        <ele>133.93</ele>
      </trkpt>
      <trkpt lat="41.285563" lon="-8.597317">
        <ele>134.33</ele>
      </trkpt>
      <trkpt lat="41.285554" lon="-8.597202">
        <ele>134.37</ele>
      </trkpt>
      <trkpt lat="41.285569" lon="-8.597091">
        <ele>134.55</ele>
      </trkpt>
      <trkpt lat="41.285596" lon="-8.596975">
        <ele>134.76</ele>
      </trkpt>
      <trkpt lat="41.285768" lon="-8.596455">
        <ele>136.96</ele>
      </trkpt>
      <trkpt lat="41.285792" lon="-8.59613">
        <ele>138.23</ele>
      </trkpt>
      <trkpt lat="41.285776" lon="-8.595347">
        <ele>140</ele>
      </trkpt>
      <trkpt lat="41.285802" lon="-8.595206">
        <ele>140.09</ele>
      </trkpt>
      <trkpt lat="41.285814" lon="-8.595029">
        <ele>141.07</ele>
      </trkpt>
      <trkpt lat="41.285877" lon="-8.594467">
        <ele>142</ele>
      </trkpt>
      <trkpt lat="41.28592" lon="-8.59393">
        <ele>143.27</ele>
      </trkpt>
      <trkpt lat="41.285913" lon="-8.59375">
        <ele>143.89</ele>
      </trkpt>
      <trkpt lat="41.285893" lon="-8.593586">
        <ele>144.6</ele>
      </trkpt>
      <trkpt lat="41.285846" lon="-8.593399">
        <ele>145.17</ele>
      </trkpt>
      <trkpt lat="41.285498" lon="-8.592477">
        <ele>147.96</ele>
      </trkpt>
      <trkpt lat="41.284954" lon="-8.591032">
        <ele>147.93</ele>
      </trkpt>
      <trkpt lat="41.284605" lon="-8.590052">
        <ele>146.09</ele>
      </trkpt>
      <trkpt lat="41.284551" lon="-8.589936">
        <ele>146</ele>
      </trkpt>
      <trkpt lat="41.284491" lon="-8.589852">
        <ele>145.78</ele>
      </trkpt>
      <trkpt lat="41.284422" lon="-8.589784">
        <ele>145.38</ele>
      </trkpt>
      <trkpt lat="41.284237" lon="-8.589655">
        <ele>145</ele>
      </trkpt>
      <trkpt lat="41.284118" lon="-8.589593">
        <ele>145</ele>
      </trkpt>
      <trkpt lat="41.284075" lon="-8.589557">
        <ele>145</ele>
      </trkpt>
      <trkpt lat="41.284031" lon="-8.589506">
        <ele>145</ele>
      </trkpt>
      <trkpt lat="41.283935" lon="-8.589335">
        <ele>144.98</ele>
      </trkpt>
      <trkpt lat="41.283881" lon="-8.58926">
        <ele>144.67</ele>
      </trkpt>
      <trkpt lat="41.283831" lon="-8.589224">
        <ele>144.22</ele>
      </trkpt>
      <trkpt lat="41.283791" lon="-8.589171">
        <ele>144</ele>
      </trkpt>
      <trkpt lat="41.283765" lon="-8.589112">
        <ele>144</ele>
      </trkpt>
      <trkpt lat="41.28375" lon="-8.589047">
        <ele>144</ele>
      </trkpt>
      <trkpt lat="41.283748" lon="-8.588978">
        <ele>143.68</ele>
      </trkpt>
      <trkpt lat="41.283757" lon="-8.588911">
        <ele>143.37</ele>
      </trkpt>
      <trkpt lat="41.283779" lon="-8.58885">
        <ele>143.43</ele>
      </trkpt>
      <trkpt lat="41.283838" lon="-8.588768">
        <ele>144.17</ele>
      </trkpt>
      <trkpt lat="41.283871" lon="-8.588687">
        <ele>144.42</ele>
      </trkpt>
      <trkpt lat="41.283887" lon="-8.588622">
        <ele>144.54</ele>
      </trkpt>
      <trkpt lat="41.283883" lon="-8.588347">
        <ele>144.98</ele>
      </trkpt>
      <trkpt lat="41.283861" lon="-8.588178">
        <ele>145.95</ele>
      </trkpt>
      <trkpt lat="41.283799" lon="-8.5879">
        <ele>146.57</ele>
      </trkpt>
      <trkpt lat="41.283337" lon="-8.586656">
        <ele>150</ele>
      </trkpt>
      <trkpt lat="41.28323" lon="-8.586381">
        <ele>151.54</ele>
      </trkpt>
      <trkpt lat="41.282817" lon="-8.585249">
        <ele>154.98</ele>
      </trkpt>
      <trkpt lat="41.282768" lon="-8.585007">
        <ele>154.89</ele>
      </trkpt>
      <trkpt lat="41.282747" lon="-8.584736">
        <ele>154.72</ele>
      </trkpt>
      <trkpt lat="41.282849" lon="-8.583152">
        <ele>155</ele>
      </trkpt>
      <trkpt lat="41.282991" lon="-8.581132">
        <ele>148.87</ele>
      </trkpt>
      <trkpt lat="41.282991" lon="-8.581132">
        <ele>148.87</ele>
      </trkpt>
      <trkpt lat="41.283085" lon="-8.579772">
        <ele>145.06</ele>
      </trkpt>
      <trkpt lat="41.283139" lon="-8.579589">
        <ele>144.78</ele>
      </trkpt>
      <trkpt lat="41.283234" lon="-8.579416">
        <ele>144.56</ele>
      </trkpt>
      <trkpt lat="41.283552" lon="-8.579113">
        <ele>142.38</ele>
      </trkpt>
      <trkpt lat="41.283882" lon="-8.578815">
        <ele>139.8</ele>
      </trkpt>
      <trkpt lat="41.28399" lon="-8.578679">
        <ele>138.88</ele>
      </trkpt>
      <trkpt lat="41.284049" lon="-8.578536">
        <ele>138.79</ele>
      </trkpt>
      <trkpt lat="41.284077" lon="-8.578311">
        <ele>137.69</ele>
      </trkpt>
      <trkpt lat="41.28402" lon="-8.576951">
        <ele>131.58</ele>
      </trkpt>
      <trkpt lat="41.283974" lon="-8.576577">
        <ele>130.6</ele>
      </trkpt>
      <trkpt lat="41.283724" lon="-8.575013">
        <ele>125.51</ele>
      </trkpt>
      <trkpt lat="41.283701" lon="-8.574826">
        <ele>124.42</ele>
      </trkpt>
      <trkpt lat="41.283697" lon="-8.574695">
        <ele>124</ele>
      </trkpt>
      <trkpt lat="41.283729" lon="-8.571111">
        <ele>113.94</ele>
      </trkpt>
      <trkpt lat="41.283719" lon="-8.570099">
        <ele>112</ele>
      </trkpt>
      <trkpt lat="41.283725" lon="-8.569463">
        <ele>111.71</ele>
      </trkpt>
      <trkpt lat="41.283749" lon="-8.568361">
        <ele>111</ele>
      </trkpt>
      <trkpt lat="41.283742" lon="-8.568167">
        <ele>111</ele>
      </trkpt>
      <trkpt lat="41.283719" lon="-8.568011">
        <ele>111.2</ele>
      </trkpt>
      <trkpt lat="41.283052" lon="-8.564648">
        <ele>112.08</ele>
      </trkpt>
      <trkpt lat="41.282937" lon="-8.564128">
        <ele>113</ele>
      </trkpt>
      <trkpt lat="41.282853" lon="-8.563858">
        <ele>113.19</ele>
      </trkpt>
      <trkpt lat="41.282796" lon="-8.563702">
        <ele>113.33</ele>
      </trkpt>
      <trkpt lat="41.28271" lon="-8.563503">
        <ele>113.67</ele>
      </trkpt>
      <trkpt lat="41.281733" lon="-8.561483">
        <ele>117</ele>
      </trkpt>
      <trkpt lat="41.281271" lon="-8.560507">
        <ele>117.81</ele>
      </trkpt>
      <trkpt lat="41.280294" lon="-8.558477">
        <ele>114.91</ele>
      </trkpt>
      <trkpt lat="41.279524" lon="-8.556875">
        <ele>117.95</ele>
      </trkpt>
      <trkpt lat="41.279094" lon="-8.556003">
        <ele>119.99</ele>
      </trkpt>
      <trkpt lat="41.279041" lon="-8.555856">
        <ele>119.17</ele>
      </trkpt>
      <trkpt lat="41.279014" lon="-8.555667">
        <ele>119.16</ele>
      </trkpt>
      <trkpt lat="41.279028" lon="-8.555444">
        <ele>119</ele>
      </trkpt>
      <trkpt lat="41.279481" lon="-8.553685">
        <ele>114.46</ele>
      </trkpt>
      <trkpt lat="41.279484" lon="-8.553554">
        <ele>114.22</ele>
      </trkpt>
      <trkpt lat="41.279458" lon="-8.553367">
        <ele>113.53</ele>
      </trkpt>
      <trkpt lat="41.279334" lon="-8.552644">
        <ele>114</ele>
      </trkpt>
      <trkpt lat="41.279271" lon="-8.552449">
        <ele>114.33</ele>
      </trkpt>
      <trkpt lat="41.279192" lon="-8.552281">
        <ele>113</ele>
      </trkpt>
      <trkpt lat="41.279069" lon="-8.552059">
        <ele>113.24</ele>
      </trkpt>
      <trkpt lat="41.278269" lon="-8.550847">
        <ele>118</ele>
      </trkpt>
      <trkpt lat="41.277603" lon="-8.549094">
        <ele>126.01</ele>
      </trkpt>
      <trkpt lat="41.276767" lon="-8.54779">
        <ele>131.77</ele>
      </trkpt>
      <trkpt lat="41.276366" lon="-8.547182">
        <ele>133</ele>
      </trkpt>
      <trkpt lat="41.276212" lon="-8.546926">
        <ele>133.13</ele>
      </trkpt>
      <trkpt lat="41.276104" lon="-8.546704">
        <ele>133.03</ele>
      </trkpt>
      <trkpt lat="41.275828" lon="-8.545883">
        <ele>134.88</ele>
      </trkpt>
      <trkpt lat="41.275522" lon="-8.544987">
        <ele>139</ele>
      </trkpt>
      <trkpt lat="41.275176" lon="-8.543928">
        <ele>141.56</ele>
      </trkpt>
      <trkpt lat="41.275116" lon="-8.543744">
        <ele>142</ele>
      </trkpt>
      <trkpt lat="41.275049" lon="-8.543414">
        <ele>142.14</ele>
      </trkpt>
      <trkpt lat="41.275012" lon="-8.542632">
        <ele>143.67</ele>
      </trkpt>
      <trkpt lat="41.274949" lon="-8.541689">
        <ele>147</ele>
      </trkpt>
      <trkpt lat="41.274935" lon="-8.541552">
        <ele>147.04</ele>
      </trkpt>
      <trkpt lat="41.274901" lon="-8.541432">
        <ele>147.74</ele>
      </trkpt>
      <trkpt lat="41.274852" lon="-8.541322">
        <ele>148.37</ele>
      </trkpt>
      <trkpt lat="41.274797" lon="-8.541239">
        <ele>148.86</ele>
      </trkpt>
      <trkpt lat="41.274357" lon="-8.540888">
        <ele>150.29</ele>
      </trkpt>
      <trkpt lat="41.274277" lon="-8.540802">
        <ele>151.04</ele>
      </trkpt>
      <trkpt lat="41.274019" lon="-8.540411">
        <ele>152.53</ele>
      </trkpt>
      <trkpt lat="41.273642" lon="-8.539825">
        <ele>152.26</ele>
      </trkpt>
      <trkpt lat="41.273243" lon="-8.539151">
        <ele>151.01</ele>
      </trkpt>
      <trkpt lat="41.272516" lon="-8.538011">
        <ele>146.05</ele>
      </trkpt>
      <trkpt lat="41.271591" lon="-8.536531">
        <ele>139.8</ele>
      </trkpt>
      <trkpt lat="41.271011" lon="-8.535604">
        <ele>138.07</ele>
      </trkpt>
      <trkpt lat="41.27093" lon="-8.535487">
        <ele>138.4</ele>
      </trkpt>
      <trkpt lat="41.270763" lon="-8.535208">
        <ele>137.23</ele>
      </trkpt>
      <trkpt lat="41.270683" lon="-8.535064">
        <ele>137</ele>
      </trkpt>
      <trkpt lat="41.270624" lon="-8.534915">
        <ele>136.5</ele>
      </trkpt>
      <trkpt lat="41.270597" lon="-8.534696">
        <ele>136.55</ele>
      </trkpt>
      <trkpt lat="41.27057" lon="-8.534122">
        <ele>135.89</ele>
      </trkpt>
      <trkpt lat="41.270554" lon="-8.533316">
        <ele>134</ele>
      </trkpt>
      <trkpt lat="41.270534" lon="-8.53317">
        <ele>134</ele>
      </trkpt>
      <trkpt lat="41.270491" lon="-8.533007">
        <ele>133.91</ele>
      </trkpt>
      <trkpt lat="41.270386" lon="-8.53277">
        <ele>134</ele>
      </trkpt>
      <trkpt lat="41.270206" lon="-8.532452">
        <ele>133.98</ele>
      </trkpt>
      <trkpt lat="41.26998" lon="-8.532183">
        <ele>133.98</ele>
      </trkpt>
      <trkpt lat="41.269518" lon="-8.531741">
        <ele>134.09</ele>
      </trkpt>
      <trkpt lat="41.269332" lon="-8.53154">
        <ele>133.19</ele>
      </trkpt>
      <trkpt lat="41.26892" lon="-8.530761">
        <ele>132.33</ele>
      </trkpt>
      <trkpt lat="41.268531" lon="-8.529914">
        <ele>131.92</ele>
      </trkpt>
      <trkpt lat="41.268369" lon="-8.529741">
        <ele>131.85</ele>
      </trkpt>
      <trkpt lat="41.267679" lon="-8.529274">
        <ele>131.58</ele>
      </trkpt>
      <trkpt lat="41.26655" lon="-8.527786">
        <ele>130.96</ele>
      </trkpt>
      <trkpt lat="41.2661" lon="-8.527254">
        <ele>129.17</ele>
      </trkpt>
      <trkpt lat="41.265825" lon="-8.527092">
        <ele>129.19</ele>
      </trkpt>
      <trkpt lat="41.265737" lon="-8.527003">
        <ele>129.71</ele>
      </trkpt>
      <trkpt lat="41.265662" lon="-8.526853">
        <ele>130.05</ele>
      </trkpt>
      <trkpt lat="41.265632" lon="-8.526402">
        <ele>130.29</ele>
      </trkpt>
      <trkpt lat="41.265586" lon="-8.526243">
        <ele>129.25</ele>
      </trkpt>
      <trkpt lat="41.265577" lon="-8.526212">
        <ele>129.05</ele>
      </trkpt>
      <trkpt lat="41.265418" lon="-8.526004">
        <ele>128.62</ele>
      </trkpt>
      <trkpt lat="41.26504" lon="-8.525818">
        <ele>128.94</ele>
      </trkpt>
      <trkpt lat="41.264822" lon="-8.525676">
        <ele>130.7</ele>
      </trkpt>
      <trkpt lat="41.264554" lon="-8.525412">
        <ele>132.73</ele>
      </trkpt>
      <trkpt lat="41.264479" lon="-8.525363">
        <ele>135.63</ele>
      </trkpt>
      <trkpt lat="41.263913" lon="-8.525159">
        <ele>138.38</ele>
      </trkpt>
      <trkpt lat="41.26379" lon="-8.525104">
        <ele>139.05</ele>
      </trkpt>
      <trkpt lat="41.263572" lon="-8.524957">
        <ele>140.16</ele>
      </trkpt>
      <trkpt lat="41.263283" lon="-8.524703">
        <ele>141.46</ele>
      </trkpt>
      <trkpt lat="41.263173" lon="-8.524573">
        <ele>142.27</ele>
      </trkpt>
      <trkpt lat="41.262916" lon="-8.524179">
        <ele>144.06</ele>
      </trkpt>
      <trkpt lat="41.262682" lon="-8.523655">
        <ele>144.78</ele>
      </trkpt>
      <trkpt lat="41.262523" lon="-8.523195">
        <ele>146.64</ele>
      </trkpt>
      <trkpt lat="41.262441" lon="-8.522834">
        <ele>146.43</ele>
      </trkpt>
      <trkpt lat="41.262455" lon="-8.522446">
        <ele>145.91</ele>
      </trkpt>
      <trkpt lat="41.262491" lon="-8.522026">
        <ele>146.06</ele>
      </trkpt>
      <trkpt lat="41.262483" lon="-8.521892">
        <ele>145.98</ele>
      </trkpt>
      <trkpt lat="41.262397" lon="-8.521744">
        <ele>146.2</ele>
      </trkpt>
      <trkpt lat="41.2622" lon="-8.521681">
        <ele>146.79</ele>
      </trkpt>
      <trkpt lat="41.261938" lon="-8.521681">
        <ele>148.68</ele>
      </trkpt>
      <trkpt lat="41.261821" lon="-8.521602">
        <ele>149.06</ele>
      </trkpt>
      <trkpt lat="41.261662" lon="-8.521282">
        <ele>150.71</ele>
      </trkpt>
      <trkpt lat="41.261609" lon="-8.521054">
        <ele>150.52</ele>
      </trkpt>
      <trkpt lat="41.26164" lon="-8.520841">
        <ele>149.95</ele>
      </trkpt>
      <trkpt lat="41.261869" lon="-8.520422">
        <ele>151.57</ele>
      </trkpt>
      <trkpt lat="41.261891" lon="-8.52031">
        <ele>151.9</ele>
      </trkpt>
      <trkpt lat="41.261895" lon="-8.520206">
        <ele>152.29</ele>
      </trkpt>
      <trkpt lat="41.261872" lon="-8.520089">
        <ele>153.65</ele>
      </trkpt>
      <trkpt lat="41.261823" lon="-8.519995">
        <ele>154.92</ele>
      </trkpt>
      <trkpt lat="41.261763" lon="-8.519932">
        <ele>155.17</ele>
      </trkpt>
      <trkpt lat="41.261599" lon="-8.519807">
        <ele>154.71</ele>
      </trkpt>
      <trkpt lat="41.261545" lon="-8.519711">
        <ele>154.44</ele>
      </trkpt>
      <trkpt lat="41.261506" lon="-8.519568">
        <ele>154.67</ele>
      </trkpt>
      <trkpt lat="41.261487" lon="-8.519393">
        <ele>154.52</ele>
      </trkpt>
      <trkpt lat="41.26151" lon="-8.519196">
        <ele>153.85</ele>
      </trkpt>
      <trkpt lat="41.262078" lon="-8.518201">
        <ele>154.13</ele>
      </trkpt>
      <trkpt lat="41.262124" lon="-8.518074">
        <ele>154</ele>
      </trkpt>
      <trkpt lat="41.262142" lon="-8.51793">
        <ele>154.12</ele>
      </trkpt>
      <trkpt lat="41.262128" lon="-8.517775">
        <ele>154.5</ele>
      </trkpt>
      <trkpt lat="41.261925" lon="-8.516963">
        <ele>153.9</ele>
      </trkpt>
      <trkpt lat="41.261714" lon="-8.51612">
        <ele>151.85</ele>
      </trkpt>
      <trkpt lat="41.261573" lon="-8.51576">
        <ele>150.78</ele>
      </trkpt>
      <trkpt lat="41.261432" lon="-8.5154">
        <ele>147.6</ele>
      </trkpt>
      <trkpt lat="41.261393" lon="-8.51517">
        <ele>146.08</ele>
      </trkpt>
      <trkpt lat="41.261361" lon="-8.514829">
        <ele>145.55</ele>
      </trkpt>
      <trkpt lat="41.261332" lon="-8.51465">
        <ele>145.96</ele>
      </trkpt>
      <trkpt lat="41.261286" lon="-8.514535">
        <ele>146</ele>
      </trkpt>
      <trkpt lat="41.261219" lon="-8.514447">
        <ele>146</ele>
      </trkpt>
      <trkpt lat="41.261122" lon="-8.514393">
        <ele>145.97</ele>
      </trkpt>
      <trkpt lat="41.260591" lon="-8.51425">
        <ele>146.93</ele>
      </trkpt>
      <trkpt lat="41.260489" lon="-8.514189">
        <ele>146.6</ele>
      </trkpt>
      <trkpt lat="41.260405" lon="-8.5141">
        <ele>146.61</ele>
      </trkpt>
      <trkpt lat="41.260264" lon="-8.513876">
        <ele>147.51</ele>
      </trkpt>
      <trkpt lat="41.259988" lon="-8.513433">
        <ele>146.17</ele>
      </trkpt>
      <trkpt lat="41.259719" lon="-8.512994">
        <ele>149.37</ele>
      </trkpt>
      <trkpt lat="41.259602" lon="-8.512758">
        <ele>149.81</ele>
      </trkpt>
      <trkpt lat="41.259537" lon="-8.512451">
        <ele>150.09</ele>
      </trkpt>
      <trkpt lat="41.259512" lon="-8.51223">
        <ele>150.47</ele>
      </trkpt>
      <trkpt lat="41.259485" lon="-8.512125">
        <ele>150.56</ele>
      </trkpt>
      <trkpt lat="41.259444" lon="-8.512063">
        <ele>149.92</ele>
      </trkpt>
      <trkpt lat="41.259312" lon="-8.51198">
        <ele>149.51</ele>
      </trkpt>
      <trkpt lat="41.259139" lon="-8.511926">
        <ele>150.79</ele>
      </trkpt>
      <trkpt lat="41.258882" lon="-8.511889">
        <ele>152.05</ele>
      </trkpt>
      <trkpt lat="41.25873" lon="-8.51183">
        <ele>152</ele>
      </trkpt>
      <trkpt lat="41.258555" lon="-8.511657">
        <ele>152.49</ele>
      </trkpt>
      <trkpt lat="41.258295" lon="-8.511338">
        <ele>153.68</ele>
      </trkpt>
      <trkpt lat="41.258052" lon="-8.511067">
        <ele>152.89</ele>
      </trkpt>
      <trkpt lat="41.257996" lon="-8.510965">
        <ele>152.49</ele>
      </trkpt>
      <trkpt lat="41.257996" lon="-8.510804">
        <ele>152.52</ele>
      </trkpt>
      <trkpt lat="41.258004" lon="-8.510677">
        <ele>151.75</ele>
      </trkpt>
      <trkpt lat="41.258038" lon="-8.510526">
        <ele>150.82</ele>
      </trkpt>
      <trkpt lat="41.258201" lon="-8.510146">
        <ele>149.17</ele>
      </trkpt>
      <trkpt lat="41.258385" lon="-8.509802">
        <ele>148.47</ele>
      </trkpt>
      <trkpt lat="41.258425" lon="-8.509756">
        <ele>148.16</ele>
      </trkpt>
      <trkpt lat="41.258738" lon="-8.50962">
        <ele>145.62</ele>
      </trkpt>
      <trkpt lat="41.258839" lon="-8.509568">
        <ele>145.8</ele>
      </trkpt>
      <trkpt lat="41.25893" lon="-8.509507">
        <ele>145.96</ele>
      </trkpt>
      <trkpt lat="41.259025" lon="-8.509388">
        <ele>146.18</ele>
      </trkpt>
      <trkpt lat="41.259057" lon="-8.509273">
        <ele>145.76</ele>
      </trkpt>
      <trkpt lat="41.259082" lon="-8.509145">
        <ele>145.36</ele>
      </trkpt>
      <trkpt lat="41.259059" lon="-8.508941">
        <ele>145.29</ele>
      </trkpt>
      <trkpt lat="41.25902" lon="-8.508758">
        <ele>144.55</ele>
      </trkpt>
      <trkpt lat="41.258953" lon="-8.508352">
        <ele>144.65</ele>
      </trkpt>
      <trkpt lat="41.258963" lon="-8.508152">
        <ele>144.26</ele>
      </trkpt>
      <trkpt lat="41.259014" lon="-8.50755">
        <ele>141.38</ele>
      </trkpt>
      <trkpt lat="41.259002" lon="-8.507438">
        <ele>141.05</ele>
      </trkpt>
      <trkpt lat="41.258899" lon="-8.50711">
        <ele>140.25</ele>
      </trkpt>
      <trkpt lat="41.258864" lon="-8.506961">
        <ele>139.85</ele>
      </trkpt>
      <trkpt lat="41.25887" lon="-8.506828">
        <ele>139.08</ele>
      </trkpt>
      <trkpt lat="41.258934" lon="-8.506677">
        <ele>138.2</ele>
      </trkpt>
      <trkpt lat="41.259123" lon="-8.506402">
        <ele>136.59</ele>
      </trkpt>
      <trkpt lat="41.259369" lon="-8.505996">
        <ele>134.14</ele>
      </trkpt>
      <trkpt lat="41.259464" lon="-8.505792">
        <ele>134</ele>
      </trkpt>
      <trkpt lat="41.259533" lon="-8.505587">
        <ele>133.13</ele>
      </trkpt>
      <trkpt lat="41.259774" lon="-8.504436">
        <ele>130.01</ele>
      </trkpt>
      <trkpt lat="41.259875" lon="-8.503948">
        <ele>128.47</ele>
      </trkpt>
      <trkpt lat="41.259953" lon="-8.503496">
        <ele>127.28</ele>
      </trkpt>
      <trkpt lat="41.259966" lon="-8.503323">
        <ele>126.85</ele>
      </trkpt>
      <trkpt lat="41.259947" lon="-8.503148">
        <ele>126.35</ele>
      </trkpt>
      <trkpt lat="41.259895" lon="-8.502958">
        <ele>125.95</ele>
      </trkpt>
      <trkpt lat="41.259069" lon="-8.501011">
        <ele>121.56</ele>
      </trkpt>
      <trkpt lat="41.258415" lon="-8.499516">
        <ele>116.78</ele>
      </trkpt>
      <trkpt lat="41.258368" lon="-8.499372">
        <ele>116.1</ele>
      </trkpt>
      <trkpt lat="41.258317" lon="-8.499169">
        <ele>115.55</ele>
      </trkpt>
      <trkpt lat="41.258202" lon="-8.498506">
        <ele>115.27</ele>
      </trkpt>
      <trkpt lat="41.258102" lon="-8.49838">
        <ele>115.08</ele>
      </trkpt>
      <trkpt lat="41.258071" lon="-8.498301">
        <ele>115</ele>
      </trkpt>
      <trkpt lat="41.258056" lon="-8.498211">
        <ele>115.02</ele>
      </trkpt>
      <trkpt lat="41.258065" lon="-8.49813">
        <ele>115.39</ele>
      </trkpt>
      <trkpt lat="41.258111" lon="-8.49805">
        <ele>116.11</ele>
      </trkpt>
      <trkpt lat="41.258152" lon="-8.497953">
        <ele>116.22</ele>
      </trkpt>
      <trkpt lat="41.25835" lon="-8.497162">
        <ele>116.01</ele>
      </trkpt>
      <trkpt lat="41.258433" lon="-8.496893">
        <ele>116.65</ele>
      </trkpt>
      <trkpt lat="41.258866" lon="-8.496037">
        <ele>114.34</ele>
      </trkpt>
      <trkpt lat="41.258948" lon="-8.495829">
        <ele>114.3</ele>
      </trkpt>
      <trkpt lat="41.259223" lon="-8.494889">
        <ele>114.13</ele>
      </trkpt>
      <trkpt lat="41.260011" lon="-8.492103">
        <ele>115.93</ele>
      </trkpt>
      <trkpt lat="41.26012" lon="-8.491692">
        <ele>116.7</ele>
      </trkpt>
      <trkpt lat="41.260239" lon="-8.491243">
        <ele>117.54</ele>
      </trkpt>
      <trkpt lat="41.260359" lon="-8.49062">
        <ele>119</ele>
      </trkpt>
      <trkpt lat="41.260366" lon="-8.490297">
        <ele>120</ele>
      </trkpt>
      <trkpt lat="41.260339" lon="-8.490164">
        <ele>120</ele>
      </trkpt>
      <trkpt lat="41.260295" lon="-8.49004">
        <ele>120.53</ele>
      </trkpt>
      <trkpt lat="41.260232" lon="-8.489996">
        <ele>120.44</ele>
      </trkpt>
      <trkpt lat="41.260195" lon="-8.489943">
        <ele>120.34</ele>
      </trkpt>
      <trkpt lat="41.260172" lon="-8.489878">
        <ele>120.52</ele>
      </trkpt>
      <trkpt lat="41.260163" lon="-8.489807">
        <ele>120.89</ele>
      </trkpt>
      <trkpt lat="41.260171" lon="-8.489736">
        <ele>120.72</ele>
      </trkpt>
      <trkpt lat="41.260193" lon="-8.489665">
        <ele>120.47</ele>
      </trkpt>
      <trkpt lat="41.260197" lon="-8.489478">
        <ele>120.29</ele>
      </trkpt>
      <trkpt lat="41.260143" lon="-8.489228">
        <ele>120.21</ele>
      </trkpt>
      <trkpt lat="41.259693" lon="-8.488013">
        <ele>118.61</ele>
      </trkpt>
      <trkpt lat="41.259389" lon="-8.487196">
        <ele>120.03</ele>
      </trkpt>
      <trkpt lat="41.259229" lon="-8.486745">
        <ele>120.61</ele>
      </trkpt>
      <trkpt lat="41.259183" lon="-8.48658">
        <ele>120.72</ele>
      </trkpt>
      <trkpt lat="41.259137" lon="-8.486337">
        <ele>120.24</ele>
      </trkpt>
      <trkpt lat="41.259137" lon="-8.486168">
        <ele>120.18</ele>
      </trkpt>
      <trkpt lat="41.259203" lon="-8.485777">
        <ele>119.81</ele>
      </trkpt>
      <trkpt lat="41.259572" lon="-8.483917">
        <ele>117.45</ele>
      </trkpt>
      <trkpt lat="41.259568" lon="-8.483724">
        <ele>117.31</ele>
      </trkpt>
      <trkpt lat="41.259541" lon="-8.483538">
        <ele>117</ele>
      </trkpt>
      <trkpt lat="41.259479" lon="-8.48336">
        <ele>116.9</ele>
      </trkpt>
      <trkpt lat="41.25945" lon="-8.483226">
        <ele>116.36</ele>
      </trkpt>
      <trkpt lat="41.258837" lon="-8.481953">
        <ele>115.57</ele>
      </trkpt>
      <trkpt lat="41.258053" lon="-8.480399">
        <ele>115.88</ele>
      </trkpt>
      <trkpt lat="41.257928" lon="-8.480118">
        <ele>115.26</ele>
      </trkpt>
      <trkpt lat="41.257805" lon="-8.479769">
        <ele>115.22</ele>
      </trkpt>
      <trkpt lat="41.257339" lon="-8.477882">
        <ele>117</ele>
      </trkpt>
      <trkpt lat="41.256832" lon="-8.475778">
        <ele>121.86</ele>
      </trkpt>
      <trkpt lat="41.256743" lon="-8.475536">
        <ele>122.43</ele>
      </trkpt>
      <trkpt lat="41.256726" lon="-8.475507">
        <ele>122.56</ele>
      </trkpt>
      <trkpt lat="41.256489" lon="-8.475109">
        <ele>124.34</ele>
      </trkpt>
      <trkpt lat="41.256408" lon="-8.474945">
        <ele>125.29</ele>
      </trkpt>
      <trkpt lat="41.256371" lon="-8.474774">
        <ele>125.69</ele>
      </trkpt>
      <trkpt lat="41.25634" lon="-8.474436">
        <ele>126.12</ele>
      </trkpt>
      <trkpt lat="41.256393" lon="-8.473533">
        <ele>128.07</ele>
      </trkpt>
      <trkpt lat="41.256433" lon="-8.47329">
        <ele>128.93</ele>
      </trkpt>
      <trkpt lat="41.256806" lon="-8.47189">
        <ele>135.06</ele>
      </trkpt>
      <trkpt lat="41.256766" lon="-8.471875">
        <ele>135.14</ele>
      </trkpt>
      <trkpt lat="41.256723" lon="-8.47184">
        <ele>135.34</ele>
      </trkpt>
      <trkpt lat="41.256709" lon="-8.471771">
        <ele>135.75</ele>
      </trkpt>
      <trkpt lat="41.256414" lon="-8.471551">
        <ele>135.06</ele>
      </trkpt>
      <trkpt lat="41.25638" lon="-8.471512">
        <ele>134.78</ele>
      </trkpt>
      <trkpt lat="41.256356" lon="-8.471464">
        <ele>134.69</ele>
      </trkpt>
      <trkpt lat="41.256327" lon="-8.471359">
        <ele>134.61</ele>
      </trkpt>
      <trkpt lat="41.256328" lon="-8.471296">
        <ele>134.4</ele>
      </trkpt>
      <trkpt lat="41.256378" lon="-8.471109">
        <ele>135.24</ele>
      </trkpt>
      <trkpt lat="41.256554" lon="-8.470559">
        <ele>136.99</ele>
      </trkpt>
      <trkpt lat="41.256575" lon="-8.470451">
        <ele>137.76</ele>
      </trkpt>
      <trkpt lat="41.256581" lon="-8.470352">
        <ele>138.21</ele>
      </trkpt>
      <trkpt lat="41.256564" lon="-8.470259">
        <ele>137.77</ele>
      </trkpt>
      <trkpt lat="41.256531" lon="-8.470165">
        <ele>136.66</ele>
      </trkpt>
      <trkpt lat="41.256308" lon="-8.469941">
        <ele>132.55</ele>
      </trkpt>
      <trkpt lat="41.255921" lon="-8.46955">
        <ele>133.26</ele>
      </trkpt>
      <trkpt lat="41.255647" lon="-8.46936">
        <ele>133.45</ele>
      </trkpt>
      <trkpt lat="41.25545" lon="-8.469248">
        <ele>134.14</ele>
      </trkpt>
      <trkpt lat="41.255191" lon="-8.469127">
        <ele>133.97</ele>
      </trkpt>
      <trkpt lat="41.254756" lon="-8.468999">
        <ele>134.91</ele>
      </trkpt>
      <trkpt lat="41.254382" lon="-8.468773">
        <ele>136.25</ele>
      </trkpt>
      <trkpt lat="41.253995" lon="-8.468458">
        <ele>138.36</ele>
      </trkpt>
      <trkpt lat="41.253737" lon="-8.468284">
        <ele>140.42</ele>
      </trkpt>
      <trkpt lat="41.253603" lon="-8.468194">
        <ele>141.49</ele>
      </trkpt>
      <trkpt lat="41.253069" lon="-8.468003">
        <ele>141.53</ele>
      </trkpt>
      <trkpt lat="41.252895" lon="-8.46792">
        <ele>141.81</ele>
      </trkpt>
      <trkpt lat="41.252612" lon="-8.467684">
        <ele>144.21</ele>
      </trkpt>
      <trkpt lat="41.251682" lon="-8.466929">
        <ele>144.52</ele>
      </trkpt>
      <trkpt lat="41.251566" lon="-8.466865">
        <ele>145.46</ele>
      </trkpt>
      <trkpt lat="41.251461" lon="-8.466846">
        <ele>145.34</ele>
      </trkpt>
      <trkpt lat="41.25126" lon="-8.466868">
        <ele>145.23</ele>
      </trkpt>
      <trkpt lat="41.251123" lon="-8.466902">
        <ele>144.22</ele>
      </trkpt>
      <trkpt lat="41.251001" lon="-8.466917">
        <ele>143.93</ele>
      </trkpt>
      <trkpt lat="41.250869" lon="-8.466886">
        <ele>145.17</ele>
      </trkpt>
      <trkpt lat="41.250751" lon="-8.46679">
        <ele>146.18</ele>
      </trkpt>
      <trkpt lat="41.250373" lon="-8.466378">
        <ele>149.64</ele>
      </trkpt>
      <trkpt lat="41.249994" lon="-8.465966">
        <ele>150.44</ele>
      </trkpt>
      <trkpt lat="41.249651" lon="-8.465562">
        <ele>149.57</ele>
      </trkpt>
      <trkpt lat="41.249555" lon="-8.465438">
        <ele>148.98</ele>
      </trkpt>
      <trkpt lat="41.249375" lon="-8.465148">
        <ele>148.15</ele>
      </trkpt>
      <trkpt lat="41.248471" lon="-8.463699">
        <ele>151.81</ele>
      </trkpt>
      <trkpt lat="41.248096" lon="-8.463128">
        <ele>153.89</ele>
      </trkpt>
      <trkpt lat="41.248023" lon="-8.463016">
        <ele>154.3</ele>
      </trkpt>
      <trkpt lat="41.247871" lon="-8.462851">
        <ele>155.48</ele>
      </trkpt>
      <trkpt lat="41.24774" lon="-8.462759">
        <ele>156.1</ele>
      </trkpt>
      <trkpt lat="41.247578" lon="-8.462694">
        <ele>157.11</ele>
      </trkpt>
      <trkpt lat="41.246542" lon="-8.462595">
        <ele>159.22</ele>
      </trkpt>
      <trkpt lat="41.244883" lon="-8.462432">
        <ele>168.18</ele>
      </trkpt>
      <trkpt lat="41.244572" lon="-8.4624">
        <ele>167</ele>
      </trkpt>
      <trkpt lat="41.244482" lon="-8.46244">
        <ele>167</ele>
      </trkpt>
      <trkpt lat="41.243128" lon="-8.462303">
        <ele>162.41</ele>
      </trkpt>
      <trkpt lat="41.243082" lon="-8.462277">
        <ele>162.04</ele>
      </trkpt>
      <trkpt lat="41.24305" lon="-8.462239">
        <ele>161.68</ele>
      </trkpt>
      <trkpt lat="41.242823" lon="-8.462155">
        <ele>160.32</ele>
      </trkpt>
      <trkpt lat="41.242767" lon="-8.462162">
        <ele>160.19</ele>
      </trkpt>
      <trkpt lat="41.242702" lon="-8.462146">
        <ele>159.99</ele>
      </trkpt>
      <trkpt lat="41.242399" lon="-8.462021">
        <ele>158.97</ele>
      </trkpt>
      <trkpt lat="41.242334" lon="-8.461949">
        <ele>158.41</ele>
      </trkpt>
      <trkpt lat="41.241508" lon="-8.461602">
        <ele>154.34</ele>
      </trkpt>
      <trkpt lat="41.240676" lon="-8.461255">
        <ele>152.31</ele>
      </trkpt>
      <trkpt lat="41.240519" lon="-8.461146">
        <ele>152.18</ele>
      </trkpt>
      <trkpt lat="41.240417" lon="-8.461031">
        <ele>151.69</ele>
      </trkpt>
      <trkpt lat="41.239924" lon="-8.460474">
        <ele>149.35</ele>
      </trkpt>
      <trkpt lat="41.23973" lon="-8.460356">
        <ele>148.53</ele>
      </trkpt>
      <trkpt lat="41.239501" lon="-8.460297">
        <ele>148.57</ele>
      </trkpt>
      <trkpt lat="41.239043" lon="-8.460179">
        <ele>145.18</ele>
      </trkpt>
      <trkpt lat="41.238692" lon="-8.460053">
        <ele>142.11</ele>
      </trkpt>
      <trkpt lat="41.238092" lon="-8.459815">
        <ele>142.3</ele>
      </trkpt>
      <trkpt lat="41.237896" lon="-8.459756">
        <ele>141.31</ele>
      </trkpt>
      <trkpt lat="41.237545" lon="-8.45979">
        <ele>139.62</ele>
      </trkpt>
      <trkpt lat="41.237252" lon="-8.459791">
        <ele>139.79</ele>
      </trkpt>
      <trkpt lat="41.236965" lon="-8.459696">
        <ele>138.49</ele>
      </trkpt>
      <trkpt lat="41.236668" lon="-8.459592">
        <ele>139.11</ele>
      </trkpt>
      <trkpt lat="41.236411" lon="-8.459543">
        <ele>138.36</ele>
      </trkpt>
      <trkpt lat="41.236259" lon="-8.459543">
        <ele>138.49</ele>
      </trkpt>
      <trkpt lat="41.236051" lon="-8.459665">
        <ele>139.14</ele>
      </trkpt>
      <trkpt lat="41.235485" lon="-8.460246">
        <ele>135.93</ele>
      </trkpt>
      <trkpt lat="41.235358" lon="-8.460344">
        <ele>134.84</ele>
      </trkpt>
      <trkpt lat="41.235214" lon="-8.460391">
        <ele>133.73</ele>
      </trkpt>
      <trkpt lat="41.23478" lon="-8.460339">
        <ele>133.58</ele>
      </trkpt>
      <trkpt lat="41.234544" lon="-8.460277">
        <ele>133.24</ele>
      </trkpt>
      <trkpt lat="41.23443" lon="-8.460191">
        <ele>134.12</ele>
      </trkpt>
      <trkpt lat="41.234334" lon="-8.460004">
        <ele>132.84</ele>
      </trkpt>
      <trkpt lat="41.234256" lon="-8.459687">
        <ele>131.07</ele>
      </trkpt>
      <trkpt lat="41.234191" lon="-8.459506">
        <ele>131.45</ele>
      </trkpt>
      <trkpt lat="41.234097" lon="-8.459389">
        <ele>130.66</ele>
      </trkpt>
      <trkpt lat="41.233961" lon="-8.459314">
        <ele>129.87</ele>
      </trkpt>
      <trkpt lat="41.233872" lon="-8.459265">
        <ele>129.35</ele>
      </trkpt>
      <trkpt lat="41.233779" lon="-8.45923">
        <ele>128.33</ele>
      </trkpt>
      <trkpt lat="41.233256" lon="-8.459029">
        <ele>130.66</ele>
      </trkpt>
      <trkpt lat="41.233026" lon="-8.459068">
        <ele>131.2</ele>
      </trkpt>
      <trkpt lat="41.232433" lon="-8.459341">
        <ele>132.48</ele>
      </trkpt>
      <trkpt lat="41.232195" lon="-8.45945">
        <ele>131.39</ele>
      </trkpt>
      <trkpt lat="41.231937" lon="-8.459478">
        <ele>130.82</ele>
      </trkpt>
      <trkpt lat="41.231473" lon="-8.459427">
        <ele>130.65</ele>
      </trkpt>
      <trkpt lat="41.231242" lon="-8.459402">
        <ele>133.56</ele>
      </trkpt>
      <trkpt lat="41.230929" lon="-8.459398">
        <ele>130.42</ele>
      </trkpt>
      <trkpt lat="41.230616" lon="-8.459395">
        <ele>132.02</ele>
      </trkpt>
      <trkpt lat="41.230222" lon="-8.459525">
        <ele>130.94</ele>
      </trkpt>
      <trkpt lat="41.230089" lon="-8.459512">
        <ele>130.54</ele>
      </trkpt>
      <trkpt lat="41.229968" lon="-8.459454">
        <ele>129.96</ele>
      </trkpt>
      <trkpt lat="41.22972" lon="-8.459147">
        <ele>129.39</ele>
      </trkpt>
      <trkpt lat="41.229483" lon="-8.458523">
        <ele>128.18</ele>
      </trkpt>
      <trkpt lat="41.229307" lon="-8.458041">
        <ele>124.87</ele>
      </trkpt>
      <trkpt lat="41.229196" lon="-8.457878">
        <ele>125.71</ele>
      </trkpt>
      <trkpt lat="41.228911" lon="-8.457683">
        <ele>124.31</ele>
      </trkpt>
      <trkpt lat="41.228606" lon="-8.457235">
        <ele>123.57</ele>
      </trkpt>
      <trkpt lat="41.228421" lon="-8.456825">
        <ele>122.62</ele>
      </trkpt>
      <trkpt lat="41.2283" lon="-8.456737">
        <ele>123.11</ele>
      </trkpt>
      <trkpt lat="41.227313" lon="-8.456433">
        <ele>119.84</ele>
      </trkpt>
      <trkpt lat="41.227055" lon="-8.456377">
        <ele>117.28</ele>
      </trkpt>
      <trkpt lat="41.227026" lon="-8.456018">
        <ele>118.72</ele>
      </trkpt>
      <trkpt lat="41.22698" lon="-8.455455">
        <ele>118.2</ele>
      </trkpt>
      <trkpt lat="41.226909" lon="-8.454583">
        <ele>117.39</ele>
      </trkpt>
      <trkpt lat="41.226705" lon="-8.452072">
        <ele>120.03</ele>
      </trkpt>
      <trkpt lat="41.226608" lon="-8.450925">
        <ele>118.17</ele>
      </trkpt>
      <trkpt lat="41.22655" lon="-8.450341">
        <ele>121.38</ele>
      </trkpt>
      <trkpt lat="41.226476" lon="-8.450098">
        <ele>122.64</ele>
      </trkpt>
      <trkpt lat="41.226326" lon="-8.449766">
        <ele>124.26</ele>
      </trkpt>
      <trkpt lat="41.225631" lon="-8.448222">
        <ele>124.68</ele>
      </trkpt>
      <trkpt lat="41.225587" lon="-8.448055">
        <ele>124.34</ele>
      </trkpt>
      <trkpt lat="41.225577" lon="-8.447873">
        <ele>123.91</ele>
      </trkpt>
      <trkpt lat="41.22563" lon="-8.447544">
        <ele>124.4</ele>
      </trkpt>
      <trkpt lat="41.225891" lon="-8.446237">
        <ele>128.05</ele>
      </trkpt>
      <trkpt lat="41.225952" lon="-8.44607">
        <ele>128.91</ele>
      </trkpt>
      <trkpt lat="41.22619" lon="-8.445661">
        <ele>130.3</ele>
      </trkpt>
      <trkpt lat="41.226321" lon="-8.445537">
        <ele>131.9</ele>
      </trkpt>
      <trkpt lat="41.226457" lon="-8.445515">
        <ele>132.68</ele>
      </trkpt>
      <trkpt lat="41.226584" lon="-8.445561">
        <ele>133.16</ele>
      </trkpt>
      <trkpt lat="41.227109" lon="-8.445867">
        <ele>134.96</ele>
      </trkpt>
      <trkpt lat="41.227372" lon="-8.44602">
        <ele>137.38</ele>
      </trkpt>
      <trkpt lat="41.227575" lon="-8.446075">
        <ele>136.64</ele>
      </trkpt>
      <trkpt lat="41.227802" lon="-8.44611">
        <ele>135.98</ele>
      </trkpt>
      <trkpt lat="41.228256" lon="-8.446181">
        <ele>138.24</ele>
      </trkpt>
      <trkpt lat="41.228373" lon="-8.446169">
        <ele>137.83</ele>
      </trkpt>
      <trkpt lat="41.228467" lon="-8.446134">
        <ele>136.71</ele>
      </trkpt>
      <trkpt lat="41.228596" lon="-8.446053">
        <ele>137.13</ele>
      </trkpt>
      <trkpt lat="41.22869" lon="-8.445964">
        <ele>136.13</ele>
      </trkpt>
      <trkpt lat="41.228797" lon="-8.445796">
        <ele>133.38</ele>
      </trkpt>
      <trkpt lat="41.228912" lon="-8.44551">
        <ele>134.43</ele>
      </trkpt>
      <trkpt lat="41.229371" lon="-8.444366">
        <ele>133.53</ele>
      </trkpt>
      <trkpt lat="41.229412" lon="-8.444143">
        <ele>133.74</ele>
      </trkpt>
      <trkpt lat="41.22937" lon="-8.443709">
        <ele>131.49</ele>
      </trkpt>
      <trkpt lat="41.22929" lon="-8.443301">
        <ele>130.46</ele>
      </trkpt>
      <trkpt lat="41.229202" lon="-8.443121">
        <ele>128.46</ele>
      </trkpt>
      <trkpt lat="41.228716" lon="-8.442551">
        <ele>126.43</ele>
      </trkpt>
      <trkpt lat="41.227228" lon="-8.440911">
        <ele>126.98</ele>
      </trkpt>
      <trkpt lat="41.227083" lon="-8.440681">
        <ele>127.11</ele>
      </trkpt>
      <trkpt lat="41.227003" lon="-8.440426">
        <ele>127.46</ele>
      </trkpt>
      <trkpt lat="41.226976" lon="-8.440053">
        <ele>128.33</ele>
      </trkpt>
      <trkpt lat="41.226985" lon="-8.439431">
        <ele>128.96</ele>
      </trkpt>
      <trkpt lat="41.22698" lon="-8.437681">
        <ele>129.21</ele>
      </trkpt>
      <trkpt lat="41.226978" lon="-8.436965">
        <ele>132.63</ele>
      </trkpt>
      <trkpt lat="41.226935" lon="-8.436649">
        <ele>132.78</ele>
      </trkpt>
      <trkpt lat="41.226838" lon="-8.436414">
        <ele>133.94</ele>
      </trkpt>
      <trkpt lat="41.2267" lon="-8.436212">
        <ele>134.81</ele>
      </trkpt>
      <trkpt lat="41.226166" lon="-8.435698">
        <ele>134.85</ele>
      </trkpt>
      <trkpt lat="41.225916" lon="-8.435519">
        <ele>134.22</ele>
      </trkpt>
      <trkpt lat="41.225887" lon="-8.435507">
        <ele>134.45</ele>
      </trkpt>
      <trkpt lat="41.225664" lon="-8.435407">
        <ele>136.24</ele>
      </trkpt>
      <trkpt lat="41.225161" lon="-8.435182">
        <ele>136.1</ele>
      </trkpt>
      <trkpt lat="41.224658" lon="-8.434957">
        <ele>138.28</ele>
      </trkpt>
      <trkpt lat="41.224406" lon="-8.434845">
        <ele>136.45</ele>
      </trkpt>
      <trkpt lat="41.223903" lon="-8.43462">
        <ele>139.69</ele>
      </trkpt>
      <trkpt lat="41.223676" lon="-8.434466">
        <ele>139.19</ele>
      </trkpt>
      <trkpt lat="41.22348" lon="-8.434271">
        <ele>138.52</ele>
      </trkpt>
      <trkpt lat="41.222469" lon="-8.433128">
        <ele>141.21</ele>
      </trkpt>
      <trkpt lat="41.222332" lon="-8.432923">
        <ele>142.05</ele>
      </trkpt>
      <trkpt lat="41.222288" lon="-8.432728">
        <ele>142.46</ele>
      </trkpt>
      <trkpt lat="41.222305" lon="-8.432486">
        <ele>141.99</ele>
      </trkpt>
      <trkpt lat="41.222405" lon="-8.432248">
        <ele>140.7</ele>
      </trkpt>
      <trkpt lat="41.223253" lon="-8.430967">
        <ele>143.56</ele>
      </trkpt>
      <trkpt lat="41.223592" lon="-8.430454">
        <ele>141.89</ele>
      </trkpt>
      <trkpt lat="41.223728" lon="-8.430222">
        <ele>140.07</ele>
      </trkpt>
      <trkpt lat="41.224011" lon="-8.429793">
        <ele>139.04</ele>
      </trkpt>
      <trkpt lat="41.224157" lon="-8.429576">
        <ele>139.98</ele>
      </trkpt>
      <trkpt lat="41.224686" lon="-8.428759">
        <ele>137.91</ele>
      </trkpt>
      <trkpt lat="41.225305" lon="-8.427811">
        <ele>138.13</ele>
      </trkpt>
      <trkpt lat="41.225395" lon="-8.427686">
        <ele>139.24</ele>
      </trkpt>
      <trkpt lat="41.225875" lon="-8.426708">
        <ele>139.71</ele>
      </trkpt>
      <trkpt lat="41.226091" lon="-8.42626">
        <ele>139.33</ele>
      </trkpt>
      <trkpt lat="41.226284" lon="-8.425742">
        <ele>140.57</ele>
      </trkpt>
      <trkpt lat="41.226382" lon="-8.425556">
        <ele>140.62</ele>
      </trkpt>
      <trkpt lat="41.226641" lon="-8.425194">
        <ele>141.25</ele>
      </trkpt>
      <trkpt lat="41.226855" lon="-8.425072">
        <ele>143.04</ele>
      </trkpt>
      <trkpt lat="41.226984" lon="-8.42507">
        <ele>143.54</ele>
      </trkpt>
      <trkpt lat="41.227132" lon="-8.425151">
        <ele>144.26</ele>
      </trkpt>
      <trkpt lat="41.227411" lon="-8.425435">
        <ele>144.87</ele>
      </trkpt>
      <trkpt lat="41.227567" lon="-8.425524">
        <ele>143.95</ele>
      </trkpt>
      <trkpt lat="41.227799" lon="-8.425598">
        <ele>143.14</ele>
      </trkpt>
      <trkpt lat="41.22803" lon="-8.425671">
        <ele>145.55</ele>
      </trkpt>
      <trkpt lat="41.228136" lon="-8.425662">
        <ele>145.09</ele>
      </trkpt>
      <trkpt lat="41.228263" lon="-8.425587">
        <ele>143.5</ele>
      </trkpt>
      <trkpt lat="41.228331" lon="-8.425475">
        <ele>142.83</ele>
      </trkpt>
      <trkpt lat="41.228423" lon="-8.425099">
        <ele>145.2</ele>
      </trkpt>
      <trkpt lat="41.228473" lon="-8.425007">
        <ele>146.27</ele>
      </trkpt>
      <trkpt lat="41.229196" lon="-8.424478">
        <ele>145.85</ele>
      </trkpt>
      <trkpt lat="41.229391" lon="-8.424404">
        <ele>145.55</ele>
      </trkpt>
      <trkpt lat="41.230503" lon="-8.424296">
        <ele>148.93</ele>
      </trkpt>
      <trkpt lat="41.231141" lon="-8.424233">
        <ele>153</ele>
      </trkpt>
      <trkpt lat="41.231322" lon="-8.424155">
        <ele>155.76</ele>
      </trkpt>
      <trkpt lat="41.231693" lon="-8.423868">
        <ele>156.06</ele>
      </trkpt>
      <trkpt lat="41.231837" lon="-8.423833">
        <ele>156</ele>
      </trkpt>
      <trkpt lat="41.231959" lon="-8.423881">
        <ele>156.93</ele>
      </trkpt>
      <trkpt lat="41.232274" lon="-8.424128">
        <ele>159.66</ele>
      </trkpt>
      <trkpt lat="41.232466" lon="-8.424206">
        <ele>161.47</ele>
      </trkpt>
      <trkpt lat="41.232805" lon="-8.424256">
        <ele>164.47</ele>
      </trkpt>
      <trkpt lat="41.232987" lon="-8.424242">
        <ele>165.4</ele>
      </trkpt>
      <trkpt lat="41.233622" lon="-8.4239">
        <ele>168.34</ele>
      </trkpt>
      <trkpt lat="41.233856" lon="-8.423781">
        <ele>170.59</ele>
      </trkpt>
      <trkpt lat="41.234028" lon="-8.423764">
        <ele>170.71</ele>
      </trkpt>
      <trkpt lat="41.23491" lon="-8.423847">
        <ele>174.84</ele>
      </trkpt>
      <trkpt lat="41.235008" lon="-8.423838">
        <ele>175.21</ele>
      </trkpt>
      <trkpt lat="41.235141" lon="-8.423751">
        <ele>175.97</ele>
      </trkpt>
      <trkpt lat="41.235672" lon="-8.423043">
        <ele>181.42</ele>
      </trkpt>
      <trkpt lat="41.235731" lon="-8.422915">
        <ele>181.69</ele>
      </trkpt>
      <trkpt lat="41.235911" lon="-8.422222">
        <ele>183.75</ele>
      </trkpt>
      <trkpt lat="41.236023" lon="-8.422035">
        <ele>186.39</ele>
      </trkpt>
      <trkpt lat="41.236324" lon="-8.421822">
        <ele>188.03</ele>
      </trkpt>
      <trkpt lat="41.236382" lon="-8.421734">
        <ele>189.12</ele>
      </trkpt>
      <trkpt lat="41.236411" lon="-8.421649">
        <ele>189.56</ele>
      </trkpt>
      <trkpt lat="41.236421" lon="-8.421526">
        <ele>190.52</ele>
      </trkpt>
      <trkpt lat="41.236244" lon="-8.42008">
        <ele>196.22</ele>
      </trkpt>
      <trkpt lat="41.236209" lon="-8.419636">
        <ele>199.07</ele>
      </trkpt>
      <trkpt lat="41.236223" lon="-8.419044">
        <ele>204.71</ele>
      </trkpt>
      <trkpt lat="41.236241" lon="-8.418758">
        <ele>207.9</ele>
      </trkpt>
      <trkpt lat="41.2363" lon="-8.418562">
        <ele>210.69</ele>
      </trkpt>
      <trkpt lat="41.23644" lon="-8.41828">
        <ele>209.18</ele>
      </trkpt>
      <trkpt lat="41.236594" lon="-8.417704">
        <ele>210</ele>
      </trkpt>
      <trkpt lat="41.23667" lon="-8.417394">
        <ele>210.93</ele>
      </trkpt>
      <trkpt lat="41.236739" lon="-8.417211">
        <ele>211</ele>
      </trkpt>
      <trkpt lat="41.236845" lon="-8.417041">
        <ele>211</ele>
      </trkpt>
      <trkpt lat="41.237069" lon="-8.416804">
        <ele>211</ele>
      </trkpt>
      <trkpt lat="41.237262" lon="-8.416469">
        <ele>210.64</ele>
      </trkpt>
      <trkpt lat="41.237299" lon="-8.416421">
        <ele>210.56</ele>
      </trkpt>
      <trkpt lat="41.237644" lon="-8.416114">
        <ele>210.5</ele>
      </trkpt>
      <trkpt lat="41.237684" lon="-8.416066">
        <ele>210.5</ele>
      </trkpt>
      <trkpt lat="41.237759" lon="-8.415934">
        <ele>209.52</ele>
      </trkpt>
      <trkpt lat="41.237791" lon="-8.415904">
        <ele>209.34</ele>
      </trkpt>
      <trkpt lat="41.237829" lon="-8.415889">
        <ele>209.47</ele>
      </trkpt>
      <trkpt lat="41.237854" lon="-8.415847">
        <ele>209.24</ele>
      </trkpt>
      <trkpt lat="41.237926" lon="-8.415674">
        <ele>208.32</ele>
      </trkpt>
      <trkpt lat="41.237992" lon="-8.415589">
        <ele>207.19</ele>
      </trkpt>
      <trkpt lat="41.238466" lon="-8.415214">
        <ele>202.31</ele>
      </trkpt>
      <trkpt lat="41.238561" lon="-8.41505">
        <ele>200.38</ele>
      </trkpt>
      <trkpt lat="41.238603" lon="-8.414864">
        <ele>198.09</ele>
      </trkpt>
      <trkpt lat="41.238585" lon="-8.414668">
        <ele>196.3</ele>
      </trkpt>
      <trkpt lat="41.238116" lon="-8.413472">
        <ele>188.57</ele>
      </trkpt>
      <trkpt lat="41.238005" lon="-8.413188">
        <ele>187</ele>
      </trkpt>
      <trkpt lat="41.237931" lon="-8.413037">
        <ele>186.79</ele>
      </trkpt>
      <trkpt lat="41.23779" lon="-8.412866">
        <ele>185.78</ele>
      </trkpt>
      <trkpt lat="41.237623" lon="-8.412827">
        <ele>185.27</ele>
      </trkpt>
      <trkpt lat="41.237492" lon="-8.412847">
        <ele>184.56</ele>
      </trkpt>
      <trkpt lat="41.237366" lon="-8.412883">
        <ele>184.78</ele>
      </trkpt>
      <trkpt lat="41.237306" lon="-8.412915">
        <ele>185.08</ele>
      </trkpt>
      <trkpt lat="41.237274" lon="-8.412956">
        <ele>185.31</ele>
      </trkpt>
      <trkpt lat="41.23723" lon="-8.412968">
        <ele>185.26</ele>
      </trkpt>
      <trkpt lat="41.237188" lon="-8.412948">
        <ele>185.09</ele>
      </trkpt>
      <trkpt lat="41.237161" lon="-8.412902">
        <ele>184.98</ele>
      </trkpt>
      <trkpt lat="41.237155" lon="-8.412849">
        <ele>184.68</ele>
      </trkpt>
      <trkpt lat="41.237159" lon="-8.412823">
        <ele>184.53</ele>
      </trkpt>
      <trkpt lat="41.237182" lon="-8.41278">
        <ele>184.28</ele>
      </trkpt>
      <trkpt lat="41.237198" lon="-8.412764">
        <ele>184.19</ele>
      </trkpt>
      <trkpt lat="41.23706" lon="-8.412152">
        <ele>183.51</ele>
      </trkpt>
      <trkpt lat="41.236983" lon="-8.411972">
        <ele>184.29</ele>
      </trkpt>
      <trkpt lat="41.236889" lon="-8.411873">
        <ele>184.99</ele>
      </trkpt>
      <trkpt lat="41.236759" lon="-8.411811">
        <ele>187.44</ele>
      </trkpt>
      <trkpt lat="41.236587" lon="-8.411824">
        <ele>188.75</ele>
      </trkpt>
      <trkpt lat="41.23627" lon="-8.411902">
        <ele>190.55</ele>
      </trkpt>
      <trkpt lat="41.236105" lon="-8.411897">
        <ele>189.54</ele>
      </trkpt>
      <trkpt lat="41.236015" lon="-8.411871">
        <ele>187.89</ele>
      </trkpt>
      <trkpt lat="41.235924" lon="-8.411802">
        <ele>188.37</ele>
      </trkpt>
      <trkpt lat="41.235749" lon="-8.411609">
        <ele>188.17</ele>
      </trkpt>
      <trkpt lat="41.235401" lon="-8.411225">
        <ele>192.06</ele>
      </trkpt>
      <trkpt lat="41.23456" lon="-8.410348">
        <ele>193.66</ele>
      </trkpt>
      <trkpt lat="41.234349" lon="-8.410129">
        <ele>192.14</ele>
      </trkpt>
      <trkpt lat="41.234328" lon="-8.410115">
        <ele>192.22</ele>
      </trkpt>
      <trkpt lat="41.234182" lon="-8.410095">
        <ele>192.04</ele>
      </trkpt>
      <trkpt lat="41.233699" lon="-8.409997">
        <ele>192</ele>
      </trkpt>
      <trkpt lat="41.232904" lon="-8.409836">
        <ele>194.84</ele>
      </trkpt>
      <trkpt lat="41.232822" lon="-8.409835">
        <ele>195.19</ele>
      </trkpt>
      <trkpt lat="41.232678" lon="-8.409888">
        <ele>196.13</ele>
      </trkpt>
      <trkpt lat="41.232558" lon="-8.410024">
        <ele>196.87</ele>
      </trkpt>
      <trkpt lat="41.232455" lon="-8.41026">
        <ele>197.25</ele>
      </trkpt>
      <trkpt lat="41.232345" lon="-8.410788">
        <ele>197.26</ele>
      </trkpt>
      <trkpt lat="41.232262" lon="-8.411304">
        <ele>197.22</ele>
      </trkpt>
      <trkpt lat="41.232208" lon="-8.41199">
        <ele>198</ele>
      </trkpt>
      <trkpt lat="41.232226" lon="-8.412059">
        <ele>198</ele>
      </trkpt>
      <trkpt lat="41.232233" lon="-8.412128">
        <ele>197.88</ele>
      </trkpt>
      <trkpt lat="41.23223" lon="-8.412197">
        <ele>197.94</ele>
      </trkpt>
      <trkpt lat="41.232217" lon="-8.412264">
        <ele>197.74</ele>
      </trkpt>
      <trkpt lat="41.232195" lon="-8.412326">
        <ele>197.52</ele>
      </trkpt>
      <trkpt lat="41.232163" lon="-8.412383">
        <ele>197.51</ele>
      </trkpt>
      <trkpt lat="41.232124" lon="-8.41243">
        <ele>197.6</ele>
      </trkpt>
      <trkpt lat="41.232078" lon="-8.412467">
        <ele>197.61</ele>
      </trkpt>
      <trkpt lat="41.232029" lon="-8.41249">
        <ele>197.72</ele>
      </trkpt>
      <trkpt lat="41.231976" lon="-8.4125">
        <ele>197.96</ele>
      </trkpt>
      <trkpt lat="41.231924" lon="-8.412496">
        <ele>198</ele>
      </trkpt>
      <trkpt lat="41.231872" lon="-8.412478">
        <ele>198</ele>
      </trkpt>
      <trkpt lat="41.231826" lon="-8.412449">
        <ele>198</ele>
      </trkpt>
      <trkpt lat="41.231784" lon="-8.412407">
        <ele>198</ele>
      </trkpt>
      <trkpt lat="41.231746" lon="-8.412354">
        <ele>198</ele>
      </trkpt>
      <trkpt lat="41.231721" lon="-8.412293">
        <ele>198</ele>
      </trkpt>
      <trkpt lat="41.231389" lon="-8.411911">
        <ele>203.04</ele>
      </trkpt>
      <trkpt lat="41.230568" lon="-8.410944">
        <ele>218.22</ele>
      </trkpt>
      <trkpt lat="41.230409" lon="-8.410719">
        <ele>220</ele>
      </trkpt>
      <trkpt lat="41.230384" lon="-8.410654">
        <ele>220.08</ele>
      </trkpt>
      <trkpt lat="41.230325" lon="-8.410623">
        <ele>220.26</ele>
      </trkpt>
      <trkpt lat="41.230274" lon="-8.410575">
        <ele>220.58</ele>
      </trkpt>
      <trkpt lat="41.230238" lon="-8.410522">
        <ele>220.91</ele>
      </trkpt>
      <trkpt lat="41.230211" lon="-8.410462">
        <ele>221</ele>
      </trkpt>
      <trkpt lat="41.230193" lon="-8.410395">
        <ele>221</ele>
      </trkpt>
      <trkpt lat="41.230185" lon="-8.410324">
        <ele>221</ele>
      </trkpt>
      <trkpt lat="41.230188" lon="-8.410253">
        <ele>221.31</ele>
      </trkpt>
      <trkpt lat="41.230202" lon="-8.410185">
        <ele>221.53</ele>
      </trkpt>
      <trkpt lat="41.230225" lon="-8.410122">
        <ele>221.74</ele>
      </trkpt>
      <trkpt lat="41.230257" lon="-8.410066">
        <ele>221.85</ele>
      </trkpt>
      <trkpt lat="41.230296" lon="-8.410019">
        <ele>221.71</ele>
      </trkpt>
      <trkpt lat="41.230342" lon="-8.409984">
        <ele>221.56</ele>
      </trkpt>
      <trkpt lat="41.230392" lon="-8.409961">
        <ele>221.5</ele>
      </trkpt>
      <trkpt lat="41.230461" lon="-8.409883">
        <ele>222.11</ele>
      </trkpt>
      <trkpt lat="41.230516" lon="-8.409788">
        <ele>221.75</ele>
      </trkpt>
      <trkpt lat="41.230557" lon="-8.409681">
        <ele>221.11</ele>
      </trkpt>
      <trkpt lat="41.230607" lon="-8.409364">
        <ele>223.14</ele>
      </trkpt>
      <trkpt lat="41.23079" lon="-8.408177">
        <ele>224.48</ele>
      </trkpt>
      <trkpt lat="41.230838" lon="-8.407763">
        <ele>226.15</ele>
      </trkpt>
      <trkpt lat="41.230849" lon="-8.407534">
        <ele>227.88</ele>
      </trkpt>
      <trkpt lat="41.230827" lon="-8.407384">
        <ele>228.86</ele>
      </trkpt>
      <trkpt lat="41.230763" lon="-8.407208">
        <ele>229.12</ele>
      </trkpt>
      <trkpt lat="41.230727" lon="-8.407143">
        <ele>229.5</ele>
      </trkpt>
      <trkpt lat="41.230717" lon="-8.407105">
        <ele>229.72</ele>
      </trkpt>
      <trkpt lat="41.230572" lon="-8.407021">
        <ele>230.37</ele>
      </trkpt>
      <trkpt lat="41.230338" lon="-8.406942">
        <ele>231.33</ele>
      </trkpt>
      <trkpt lat="41.22964" lon="-8.407008">
        <ele>227.28</ele>
      </trkpt>
      <trkpt lat="41.229018" lon="-8.407034">
        <ele>225.48</ele>
      </trkpt>
      <trkpt lat="41.228566" lon="-8.40703">
        <ele>223.78</ele>
      </trkpt>
      <trkpt lat="41.228335" lon="-8.407055">
        <ele>221.06</ele>
      </trkpt>
      <trkpt lat="41.228097" lon="-8.407089">
        <ele>219.98</ele>
      </trkpt>
      <trkpt lat="41.227857" lon="-8.407139">
        <ele>218.52</ele>
      </trkpt>
      <trkpt lat="41.227722" lon="-8.407228">
        <ele>218.83</ele>
      </trkpt>
      <trkpt lat="41.227459" lon="-8.407522">
        <ele>218.31</ele>
      </trkpt>
      <trkpt lat="41.227373" lon="-8.407676">
        <ele>218.36</ele>
      </trkpt>
      <trkpt lat="41.227327" lon="-8.407865">
        <ele>217.94</ele>
      </trkpt>
      <trkpt lat="41.227336" lon="-8.408368">
        <ele>213.8</ele>
      </trkpt>
      <trkpt lat="41.227278" lon="-8.408574">
        <ele>212.91</ele>
      </trkpt>
      <trkpt lat="41.22708" lon="-8.408851">
        <ele>211.29</ele>
      </trkpt>
      <trkpt lat="41.226775" lon="-8.40925">
        <ele>210.65</ele>
      </trkpt>
      <trkpt lat="41.226697" lon="-8.409314">
        <ele>209.88</ele>
      </trkpt>
      <trkpt lat="41.226604" lon="-8.409337">
        <ele>209.62</ele>
      </trkpt>
      <trkpt lat="41.226517" lon="-8.409329">
        <ele>209.33</ele>
      </trkpt>
      <trkpt lat="41.225537" lon="-8.409144">
        <ele>203.9</ele>
      </trkpt>
      <trkpt lat="41.224973" lon="-8.409046">
        <ele>203.43</ele>
      </trkpt>
      <trkpt lat="41.224794" lon="-8.409033">
        <ele>203.97</ele>
      </trkpt>
      <trkpt lat="41.2247" lon="-8.409034">
        <ele>204.79</ele>
      </trkpt>
      <trkpt lat="41.2244" lon="-8.409248">
        <ele>202.65</ele>
      </trkpt>
      <trkpt lat="41.224273" lon="-8.409276">
        <ele>201.7</ele>
      </trkpt>
      <trkpt lat="41.224157" lon="-8.409226">
        <ele>201.63</ele>
      </trkpt>
      <trkpt lat="41.22364" lon="-8.408754">
        <ele>200.58</ele>
      </trkpt>
      <trkpt lat="41.223516" lon="-8.408694">
        <ele>199.78</ele>
      </trkpt>
      <trkpt lat="41.223059" lon="-8.408639">
        <ele>199.28</ele>
      </trkpt>
      <trkpt lat="41.22276" lon="-8.408613">
        <ele>200.15</ele>
      </trkpt>
      <trkpt lat="41.22257" lon="-8.408637">
        <ele>200.37</ele>
      </trkpt>
      <trkpt lat="41.22235" lon="-8.408776">
        <ele>201</ele>
      </trkpt>
      <trkpt lat="41.221815" lon="-8.409162">
        <ele>202.99</ele>
      </trkpt>
      <trkpt lat="41.221576" lon="-8.409311">
        <ele>203.07</ele>
      </trkpt>
      <trkpt lat="41.221164" lon="-8.409569">
        <ele>203.2</ele>
      </trkpt>
      <trkpt lat="41.22099" lon="-8.409694">
        <ele>202.15</ele>
      </trkpt>
      <trkpt lat="41.220893" lon="-8.40978">
        <ele>201.84</ele>
      </trkpt>
      <trkpt lat="41.220806" lon="-8.409875">
        <ele>201.61</ele>
      </trkpt>
      <trkpt lat="41.220603" lon="-8.410221">
        <ele>201.95</ele>
      </trkpt>
      <trkpt lat="41.220373" lon="-8.410443">
        <ele>204.89</ele>
      </trkpt>
      <trkpt lat="41.219999" lon="-8.410676">
        <ele>207.02</ele>
      </trkpt>
      <trkpt lat="41.219944" lon="-8.410717">
        <ele>207.27</ele>
      </trkpt>
      <trkpt lat="41.2199" lon="-8.410788">
        <ele>207.79</ele>
      </trkpt>
      <trkpt lat="41.219898" lon="-8.410842">
        <ele>208.01</ele>
      </trkpt>
      <trkpt lat="41.219884" lon="-8.410892">
        <ele>208.3</ele>
      </trkpt>
      <trkpt lat="41.219859" lon="-8.410933">
        <ele>208.54</ele>
      </trkpt>
      <trkpt lat="41.219825" lon="-8.410963">
        <ele>208.71</ele>
      </trkpt>
      <trkpt lat="41.219786" lon="-8.410977">
        <ele>208.83</ele>
      </trkpt>
      <trkpt lat="41.219742" lon="-8.410973">
        <ele>208.89</ele>
      </trkpt>
      <trkpt lat="41.219702" lon="-8.41095">
        <ele>208.93</ele>
      </trkpt>
      <trkpt lat="41.219625" lon="-8.410921">
        <ele>209.19</ele>
      </trkpt>
      <trkpt lat="41.219545" lon="-8.410944">
        <ele>209.62</ele>
      </trkpt>
      <trkpt lat="41.219372" lon="-8.411041">
        <ele>210.47</ele>
      </trkpt>
      <trkpt lat="41.21927" lon="-8.411114">
        <ele>211.09</ele>
      </trkpt>
      <trkpt lat="41.219145" lon="-8.411238">
        <ele>212.13</ele>
      </trkpt>
      <trkpt lat="41.218616" lon="-8.411909">
        <ele>217.21</ele>
      </trkpt>
      <trkpt lat="41.218379" lon="-8.412231">
        <ele>220.13</ele>
      </trkpt>
      <trkpt lat="41.218278" lon="-8.412338">
        <ele>220.95</ele>
      </trkpt>
      <trkpt lat="41.217599" lon="-8.413207">
        <ele>228.78</ele>
      </trkpt>
      <trkpt lat="41.217423" lon="-8.413502">
        <ele>230.7</ele>
      </trkpt>
      <trkpt lat="41.217172" lon="-8.414198">
        <ele>235.08</ele>
      </trkpt>
      <trkpt lat="41.216868" lon="-8.414754">
        <ele>236.93</ele>
      </trkpt>
      <trkpt lat="41.216503" lon="-8.415409">
        <ele>236.99</ele>
      </trkpt>
      <trkpt lat="41.216265" lon="-8.415818">
        <ele>236.42</ele>
      </trkpt>
      <trkpt lat="41.21598946234207" lon="-8.416321117812117">
        <ele>237.6494557568146</ele>
      </trkpt>
      <trkpt lat="41.215989" lon="-8.416321">
        <ele>237.65</ele>
      </trkpt>
      <trkpt lat="41.215949" lon="-8.416395">
        <ele>237.83</ele>
      </trkpt>
      <trkpt lat="41.21587" lon="-8.416502">
        <ele>238.55</ele>
      </trkpt>
      <trkpt lat="41.215772" lon="-8.416577">
        <ele>239.51</ele>
      </trkpt>
      <trkpt lat="41.215671" lon="-8.416637">
        <ele>240.17</ele>
      </trkpt>
      <trkpt lat="41.215611" lon="-8.416631">
        <ele>240.92</ele>
      </trkpt>
      <trkpt lat="41.215559" lon="-8.416654">
        <ele>240.81</ele>
      </trkpt>
      <trkpt lat="41.21553" lon="-8.416686">
        <ele>240.19</ele>
      </trkpt>
      <trkpt lat="41.215433" lon="-8.416706">
        <ele>241.45</ele>
      </trkpt>
      <trkpt lat="41.215314" lon="-8.416713">
        <ele>242.45</ele>
      </trkpt>
      <trkpt lat="41.215208" lon="-8.416696">
        <ele>242.67</ele>
      </trkpt>
      <trkpt lat="41.215207706804534" lon="-8.416695848071477">
        <ele>242.67678425631615</ele>
      </trkpt>
      <trkpt lat="41.214911" lon="-8.416647">
        <ele>243.31</ele>
      </trkpt>
      <trkpt lat="41.214702" lon="-8.416633">
        <ele>244.15</ele>
      </trkpt>
      <trkpt lat="41.214393" lon="-8.416636">
        <ele>245.26</ele>
      </trkpt>
      <trkpt lat="41.214211" lon="-8.416658">
        <ele>246.22</ele>
      </trkpt>
      <trkpt lat="41.213969" lon="-8.416785">
        <ele>246.12</ele>
      </trkpt>
      <trkpt lat="41.213216" lon="-8.417419">
        <ele>247.72</ele>
      </trkpt>
      <trkpt lat="41.212882" lon="-8.417711">
        <ele>247.09</ele>
      </trkpt>
      <trkpt lat="41.212287" lon="-8.418191">
        <ele>245.94</ele>
      </trkpt>
      <trkpt lat="41.212072" lon="-8.418441">
        <ele>245.04</ele>
      </trkpt>
      <trkpt lat="41.211887" lon="-8.4188">
        <ele>244.78</ele>
      </trkpt>
      <trkpt lat="41.211759" lon="-8.418999">
        <ele>244</ele>
      </trkpt>
      <trkpt lat="41.211187" lon="-8.419725">
        <ele>242.81</ele>
      </trkpt>
      <trkpt lat="41.210907" lon="-8.420035">
        <ele>242.57</ele>
      </trkpt>
      <trkpt lat="41.210696" lon="-8.419854">
        <ele>239.72</ele>
      </trkpt>
      <trkpt lat="41.21055" lon="-8.419772">
        <ele>239.42</ele>
      </trkpt>
      <trkpt lat="41.210354" lon="-8.419765">
        <ele>238</ele>
      </trkpt>
      <trkpt lat="41.210155" lon="-8.419796">
        <ele>237.4</ele>
      </trkpt>
      <trkpt lat="41.209887" lon="-8.419891">
        <ele>236.12</ele>
      </trkpt>
      <trkpt lat="41.209147" lon="-8.420153">
        <ele>232.6</ele>
      </trkpt>
      <trkpt lat="41.209021" lon="-8.420222">
        <ele>232</ele>
      </trkpt>
      <trkpt lat="41.208748" lon="-8.420517">
        <ele>231</ele>
      </trkpt>
      <trkpt lat="41.207835" lon="-8.421565">
        <ele>225.98</ele>
      </trkpt>
      <trkpt lat="41.207646" lon="-8.421728">
        <ele>225.31</ele>
      </trkpt>
      <trkpt lat="41.207481" lon="-8.421815">
        <ele>225</ele>
      </trkpt>
      <trkpt lat="41.20728" lon="-8.421853">
        <ele>224.98</ele>
      </trkpt>
      <trkpt lat="41.207005" lon="-8.421847">
        <ele>222.99</ele>
      </trkpt>
      <trkpt lat="41.206544" lon="-8.421815">
        <ele>219.91</ele>
      </trkpt>
      <trkpt lat="41.206367" lon="-8.421822">
        <ele>219.55</ele>
      </trkpt>
      <trkpt lat="41.206214" lon="-8.421871">
        <ele>219.07</ele>
      </trkpt>
      <trkpt lat="41.206015" lon="-8.422013">
        <ele>218.36</ele>
      </trkpt>
      <trkpt lat="41.205721" lon="-8.422362">
        <ele>216</ele>
      </trkpt>
      <trkpt lat="41.205273" lon="-8.422914">
        <ele>211.53</ele>
      </trkpt>
      <trkpt lat="41.204659" lon="-8.423715">
        <ele>206.95</ele>
      </trkpt>
      <trkpt lat="41.203941" lon="-8.424652">
        <ele>201.59</ele>
      </trkpt>
      <trkpt lat="41.2034" lon="-8.425344">
        <ele>202.39</ele>
      </trkpt>
      <trkpt lat="41.203194" lon="-8.425582">
        <ele>203.9</ele>
      </trkpt>
      <trkpt lat="41.202967" lon="-8.425872">
        <ele>205.91</ele>
      </trkpt>
      <trkpt lat="41.202811" lon="-8.426021">
        <ele>205.9</ele>
      </trkpt>
      <trkpt lat="41.202724" lon="-8.426166">
        <ele>206.1</ele>
      </trkpt>
      <trkpt lat="41.202715" lon="-8.426213">
        <ele>206.34</ele>
      </trkpt>
      <trkpt lat="41.202698" lon="-8.42625">
        <ele>206.45</ele>
      </trkpt>
      <trkpt lat="41.202672" lon="-8.426278">
        <ele>206.43</ele>
      </trkpt>
      <trkpt lat="41.202641" lon="-8.426295">
        <ele>206.28</ele>
      </trkpt>
      <trkpt lat="41.202435" lon="-8.426279">
        <ele>204.56</ele>
      </trkpt>
      <trkpt lat="41.202311" lon="-8.426291">
        <ele>204</ele>
      </trkpt>
      <trkpt lat="41.201837" lon="-8.426415">
        <ele>201.22</ele>
      </trkpt>
      <trkpt lat="41.201431" lon="-8.426533">
        <ele>197.7</ele>
      </trkpt>
      <trkpt lat="41.201176" lon="-8.426601">
        <ele>193.91</ele>
      </trkpt>
      <trkpt lat="41.20092" lon="-8.426669">
        <ele>192.97</ele>
      </trkpt>
      <trkpt lat="41.200125" lon="-8.426853">
        <ele>188.69</ele>
      </trkpt>
      <trkpt lat="41.199517" lon="-8.426994">
        <ele>183.27</ele>
      </trkpt>
      <trkpt lat="41.198135" lon="-8.427354">
        <ele>176.46</ele>
      </trkpt>
      <trkpt lat="41.197809" lon="-8.427489">
        <ele>173.75</ele>
      </trkpt>
      <trkpt lat="41.197524" lon="-8.427691">
        <ele>173.67</ele>
      </trkpt>
      <trkpt lat="41.197187" lon="-8.428017">
        <ele>171.23</ele>
      </trkpt>
      <trkpt lat="41.196619" lon="-8.428609">
        <ele>165.69</ele>
      </trkpt>
      <trkpt lat="41.196578" lon="-8.428687">
        <ele>165.24</ele>
      </trkpt>
      <trkpt lat="41.196533" lon="-8.428808">
        <ele>164.94</ele>
      </trkpt>
      <trkpt lat="41.196506" lon="-8.428936">
        <ele>164.79</ele>
      </trkpt>
      <trkpt lat="41.196486" lon="-8.429171">
        <ele>163.87</ele>
      </trkpt>
      <trkpt lat="41.196502" lon="-8.429359">
        <ele>163.22</ele>
      </trkpt>
      <trkpt lat="41.196491" lon="-8.429478">
        <ele>162.73</ele>
      </trkpt>
      <trkpt lat="41.196467" lon="-8.4296">
        <ele>162.22</ele>
      </trkpt>
      <trkpt lat="41.196419" lon="-8.429687">
        <ele>161.79</ele>
      </trkpt>
      <trkpt lat="41.196235" lon="-8.430331">
        <ele>162.09</ele>
      </trkpt>
      <trkpt lat="41.196211" lon="-8.43047">
        <ele>162.28</ele>
      </trkpt>
      <trkpt lat="41.196198" lon="-8.430615">
        <ele>162.07</ele>
      </trkpt>
      <trkpt lat="41.196204" lon="-8.430786">
        <ele>161.21</ele>
      </trkpt>
      <trkpt lat="41.196234" lon="-8.430979">
        <ele>159.98</ele>
      </trkpt>
      <trkpt lat="41.196301" lon="-8.431225">
        <ele>159.99</ele>
      </trkpt>
      <trkpt lat="41.196397" lon="-8.431513">
        <ele>158.88</ele>
      </trkpt>
      <trkpt lat="41.196543" lon="-8.43192">
        <ele>157.53</ele>
      </trkpt>
      <trkpt lat="41.196666" lon="-8.432301">
        <ele>156.23</ele>
      </trkpt>
      <trkpt lat="41.196698" lon="-8.432505">
        <ele>155.04</ele>
      </trkpt>
      <trkpt lat="41.196693" lon="-8.432697">
        <ele>154</ele>
      </trkpt>
      <trkpt lat="41.196637" lon="-8.433012">
        <ele>153.16</ele>
      </trkpt>
      <trkpt lat="41.196607" lon="-8.433105">
        <ele>152.4</ele>
      </trkpt>
      <trkpt lat="41.196537" lon="-8.433245">
        <ele>151.62</ele>
      </trkpt>
      <trkpt lat="41.196335" lon="-8.433582">
        <ele>149.87</ele>
      </trkpt>
      <trkpt lat="41.196311" lon="-8.433654">
        <ele>149.74</ele>
      </trkpt>
      <trkpt lat="41.196299" lon="-8.433784">
        <ele>149.29</ele>
      </trkpt>
      <trkpt lat="41.196305" lon="-8.433836">
        <ele>148.94</ele>
      </trkpt>
      <trkpt lat="41.196298" lon="-8.433888">
        <ele>148.69</ele>
      </trkpt>
      <trkpt lat="41.196278" lon="-8.433935">
        <ele>148.84</ele>
      </trkpt>
      <trkpt lat="41.196249" lon="-8.433971">
        <ele>149</ele>
      </trkpt>
      <trkpt lat="41.196212" lon="-8.433992">
        <ele>149</ele>
      </trkpt>
      <trkpt lat="41.19617" lon="-8.433997">
        <ele>149</ele>
      </trkpt>
      <trkpt lat="41.19613" lon="-8.433983">
        <ele>149</ele>
      </trkpt>
      <trkpt lat="41.196029" lon="-8.43401">
        <ele>148.46</ele>
      </trkpt>
      <trkpt lat="41.195963" lon="-8.434054">
        <ele>148.03</ele>
      </trkpt>
      <trkpt lat="41.195037" lon="-8.435443">
        <ele>144.98</ele>
      </trkpt>
      <trkpt lat="41.194842" lon="-8.435747">
        <ele>144.19</ele>
      </trkpt>
      <trkpt lat="41.194606" lon="-8.435975">
        <ele>144</ele>
      </trkpt>
      <trkpt lat="41.194606" lon="-8.435975">
        <ele>144</ele>
      </trkpt>
      <trkpt lat="41.194364" lon="-8.436133">
        <ele>144</ele>
      </trkpt>
      <trkpt lat="41.194129" lon="-8.436218">
        <ele>144</ele>
      </trkpt>
      <trkpt lat="41.193946" lon="-8.436261">
        <ele>144</ele>
      </trkpt>
      <trkpt lat="41.193788" lon="-8.436266">
        <ele>143.82</ele>
      </trkpt>
      <trkpt lat="41.19359" lon="-8.436247">
        <ele>143.72</ele>
      </trkpt>
      <trkpt lat="41.193395" lon="-8.436199">
        <ele>144.44</ele>
      </trkpt>
      <trkpt lat="41.192218" lon="-8.435616">
        <ele>142.3</ele>
      </trkpt>
      <trkpt lat="41.191961" lon="-8.435487">
        <ele>144.12</ele>
      </trkpt>
      <trkpt lat="41.191837" lon="-8.435434">
        <ele>143.98</ele>
      </trkpt>
      <trkpt lat="41.191837" lon="-8.435434">
        <ele>143.98</ele>
      </trkpt>
      <trkpt lat="41.191672" lon="-8.435404">
        <ele>143.63</ele>
      </trkpt>
      <trkpt lat="41.19154" lon="-8.435415">
        <ele>143.7</ele>
      </trkpt>
      <trkpt lat="41.191408" lon="-8.435449">
        <ele>144.16</ele>
      </trkpt>
      <trkpt lat="41.191001" lon="-8.435721">
        <ele>144.25</ele>
      </trkpt>
      <trkpt lat="41.190854" lon="-8.435787">
        <ele>144.09</ele>
      </trkpt>
      <trkpt lat="41.190693" lon="-8.435825">
        <ele>144.26</ele>
      </trkpt>
      <trkpt lat="41.190521" lon="-8.435824">
        <ele>144</ele>
      </trkpt>
      <trkpt lat="41.190369" lon="-8.435799">
        <ele>143.56</ele>
      </trkpt>
      <trkpt lat="41.190267" lon="-8.435756">
        <ele>142.54</ele>
      </trkpt>
      <trkpt lat="41.189764" lon="-8.43547">
        <ele>139.03</ele>
      </trkpt>
      <trkpt lat="41.18963" lon="-8.435423">
        <ele>139.47</ele>
      </trkpt>
      <trkpt lat="41.189516" lon="-8.435396">
        <ele>138.66</ele>
      </trkpt>
      <trkpt lat="41.189329" lon="-8.435411">
        <ele>138.97</ele>
      </trkpt>
      <trkpt lat="41.189179" lon="-8.435463">
        <ele>139.1</ele>
      </trkpt>
      <trkpt lat="41.189006" lon="-8.435591">
        <ele>137.97</ele>
      </trkpt>
      <trkpt lat="41.188031" lon="-8.436581">
        <ele>131.34</ele>
      </trkpt>
      <trkpt lat="41.187729" lon="-8.436871">
        <ele>128.83</ele>
      </trkpt>
      <trkpt lat="41.187498" lon="-8.43707">
        <ele>128.48</ele>
      </trkpt>
      <trkpt lat="41.187276" lon="-8.437188">
        <ele>129</ele>
      </trkpt>
      <trkpt lat="41.187081" lon="-8.437245">
        <ele>129</ele>
      </trkpt>
      <trkpt lat="41.187081" lon="-8.437245">
        <ele>129</ele>
      </trkpt>
      <trkpt lat="41.186501" lon="-8.437389">
        <ele>126.97</ele>
      </trkpt>
      <trkpt lat="41.186383" lon="-8.437404">
        <ele>126.28</ele>
      </trkpt>
      <trkpt lat="41.186225" lon="-8.437463">
        <ele>126.57</ele>
      </trkpt>
      <trkpt lat="41.186156" lon="-8.437524">
        <ele>126.18</ele>
      </trkpt>
      <trkpt lat="41.186122" lon="-8.437573">
        <ele>126.6</ele>
      </trkpt>
      <trkpt lat="41.186081" lon="-8.437602">
        <ele>126.85</ele>
      </trkpt>
      <trkpt lat="41.186035" lon="-8.437614">
        <ele>126.99</ele>
      </trkpt>
      <trkpt lat="41.18599" lon="-8.437605">
        <ele>126.67</ele>
      </trkpt>
      <trkpt lat="41.185948" lon="-8.437578">
        <ele>126.35</ele>
      </trkpt>
      <trkpt lat="41.185915" lon="-8.437535">
        <ele>126.09</ele>
      </trkpt>
      <trkpt lat="41.185879" lon="-8.437488">
        <ele>126.74</ele>
      </trkpt>
      <trkpt lat="41.185844" lon="-8.437459">
        <ele>126.31</ele>
      </trkpt>
      <trkpt lat="41.185801" lon="-8.437438">
        <ele>125.85</ele>
      </trkpt>
      <trkpt lat="41.185725" lon="-8.437426">
        <ele>124.27</ele>
      </trkpt>
      <trkpt lat="41.185552" lon="-8.437415">
        <ele>122.35</ele>
      </trkpt>
      <trkpt lat="41.185447" lon="-8.437414">
        <ele>124.32</ele>
      </trkpt>
      <trkpt lat="41.185355" lon="-8.437442">
        <ele>126.63</ele>
      </trkpt>
      <trkpt lat="41.185299" lon="-8.437475">
        <ele>127.53</ele>
      </trkpt>
      <trkpt lat="41.185227" lon="-8.437541">
        <ele>126.02</ele>
      </trkpt>
      <trkpt lat="41.185151" lon="-8.437642">
        <ele>126.65</ele>
      </trkpt>
      <trkpt lat="41.184725" lon="-8.438426">
        <ele>131.23</ele>
      </trkpt>
      <trkpt lat="41.184247" lon="-8.439292">
        <ele>132.67</ele>
      </trkpt>
      <trkpt lat="41.184224" lon="-8.439372">
        <ele>132.97</ele>
      </trkpt>
      <trkpt lat="41.18421" lon="-8.439515">
        <ele>133.66</ele>
      </trkpt>
      <trkpt lat="41.184214" lon="-8.439564">
        <ele>133.95</ele>
      </trkpt>
      <trkpt lat="41.184205" lon="-8.439612">
        <ele>134.16</ele>
      </trkpt>
      <trkpt lat="41.184186" lon="-8.439654">
        <ele>134.26</ele>
      </trkpt>
      <trkpt lat="41.184152" lon="-8.439689">
        <ele>134.2</ele>
      </trkpt>
      <trkpt lat="41.184123" lon="-8.439705">
        <ele>134.06</ele>
      </trkpt>
      <trkpt lat="41.184037" lon="-8.439785">
        <ele>133.76</ele>
      </trkpt>
      <trkpt lat="41.18399" lon="-8.439848">
        <ele>133.36</ele>
      </trkpt>
      <trkpt lat="41.183178" lon="-8.441319">
        <ele>123.8</ele>
      </trkpt>
      <trkpt lat="41.182418" lon="-8.442694">
        <ele>119</ele>
      </trkpt>
      <trkpt lat="41.182381" lon="-8.442803">
        <ele>119</ele>
      </trkpt>
      <trkpt lat="41.182356" lon="-8.442942">
        <ele>119</ele>
      </trkpt>
      <trkpt lat="41.182352" lon="-8.443049">
        <ele>119</ele>
      </trkpt>
      <trkpt lat="41.182371" lon="-8.443139">
        <ele>119</ele>
      </trkpt>
      <trkpt lat="41.182415" lon="-8.443222">
        <ele>119</ele>
      </trkpt>
      <trkpt lat="41.182497" lon="-8.443271">
        <ele>119</ele>
      </trkpt>
      <trkpt lat="41.182563" lon="-8.443367">
        <ele>118.89</ele>
      </trkpt>
      <trkpt lat="41.182594" lon="-8.443472">
        <ele>118.28</ele>
      </trkpt>
      <trkpt lat="41.182598" lon="-8.443552">
        <ele>117.72</ele>
      </trkpt>
      <trkpt lat="41.182584" lon="-8.443643">
        <ele>117.03</ele>
      </trkpt>
      <trkpt lat="41.182532" lon="-8.443754">
        <ele>117.77</ele>
      </trkpt>
      <trkpt lat="41.182515" lon="-8.443869">
        <ele>119</ele>
      </trkpt>
      <trkpt lat="41.18252" lon="-8.444041">
        <ele>119</ele>
      </trkpt>
      <trkpt lat="41.18254" lon="-8.444169">
        <ele>119.02</ele>
      </trkpt>
      <trkpt lat="41.183173" lon="-8.445088">
        <ele>120.2</ele>
      </trkpt>
      <trkpt lat="41.184651870692846" lon="-8.447809490258404">
        <ele>123.11479320565185</ele>
      </trkpt>
      <trkpt lat="41.184651" lon="-8.44781">
        <ele>123.06</ele>
      </trkpt>
      <trkpt lat="41.184772" lon="-8.448033">
        <ele>123.24</ele>
      </trkpt>
      <trkpt lat="41.184984" lon="-8.448502">
        <ele>124</ele>
      </trkpt>
      <trkpt lat="41.185113" lon="-8.448849">
        <ele>124</ele>
      </trkpt>
      <trkpt lat="41.185155" lon="-8.448984">
        <ele>124.22</ele>
      </trkpt>
      <trkpt lat="41.185176" lon="-8.449083">
        <ele>124.38</ele>
      </trkpt>
      <trkpt lat="41.185218" lon="-8.449389">
        <ele>124.74</ele>
      </trkpt>
      <trkpt lat="41.185262" lon="-8.449867">
        <ele>125</ele>
      </trkpt>
      <trkpt lat="41.185246" lon="-8.449965">
        <ele>125</ele>
      </trkpt>
      <trkpt lat="41.185217" lon="-8.450044">
        <ele>125</ele>
      </trkpt>
      <trkpt lat="41.185174" lon="-8.45011">
        <ele>125</ele>
      </trkpt>
      <trkpt lat="41.185069" lon="-8.450221">
        <ele>125.43</ele>
      </trkpt>
      <trkpt lat="41.185051" lon="-8.45023">
        <ele>125.58</ele>
      </trkpt>
      <trkpt lat="41.185051" lon="-8.45023">
        <ele>125.58</ele>
      </trkpt>
      <trkpt lat="41.184992" lon="-8.45027">
        <ele>125.97</ele>
      </trkpt>
      <trkpt lat="41.184865" lon="-8.450288">
        <ele>125.36</ele>
      </trkpt>
      <trkpt lat="41.184831" lon="-8.450285">
        <ele>125.49</ele>
      </trkpt>
      <trkpt lat="41.184657" lon="-8.450271">
        <ele>126.16</ele>
      </trkpt>
      <trkpt lat="41.184387" lon="-8.450182">
        <ele>127.79</ele>
      </trkpt>
      <trkpt lat="41.184356" lon="-8.450164">
        <ele>128.01</ele>
      </trkpt>
      <trkpt lat="41.184356204830195" lon="-8.45016376601788">
        <ele>128.0128597473193</ele>
      </trkpt>
      <trkpt lat="41.184235" lon="-8.450092">
        <ele>128.89</ele>
      </trkpt>
      <trkpt lat="41.18411" lon="-8.449986">
        <ele>130.26</ele>
      </trkpt>
      <trkpt lat="41.183918" lon="-8.449783">
        <ele>133.17</ele>
      </trkpt>
      <trkpt lat="41.183806" lon="-8.449695">
        <ele>134.22</ele>
      </trkpt>
      <trkpt lat="41.183687" lon="-8.449632">
        <ele>135.38</ele>
      </trkpt>
      <trkpt lat="41.18356" lon="-8.449589">
        <ele>136.65</ele>
      </trkpt>
      <trkpt lat="41.18344" lon="-8.449569">
        <ele>138.01</ele>
      </trkpt>
      <trkpt lat="41.183252" lon="-8.449573">
        <ele>139.14</ele>
      </trkpt>
      <trkpt lat="41.182512" lon="-8.449626">
        <ele>139.49</ele>
      </trkpt>
      <trkpt lat="41.182199" lon="-8.449649">
        <ele>142.12</ele>
      </trkpt>
      <trkpt lat="41.181885" lon="-8.449671">
        <ele>142.23</ele>
      </trkpt>
      <trkpt lat="41.181626" lon="-8.449643">
        <ele>142.72</ele>
      </trkpt>
      <trkpt lat="41.181506" lon="-8.449629">
        <ele>142.95</ele>
      </trkpt>
      <trkpt lat="41.181273" lon="-8.449525">
        <ele>144</ele>
      </trkpt>
      <trkpt lat="41.181113" lon="-8.449423">
        <ele>144</ele>
      </trkpt>
      <trkpt lat="41.180938" lon="-8.449255">
        <ele>144.36</ele>
      </trkpt>
      <trkpt lat="41.180702" lon="-8.448954">
        <ele>145.61</ele>
      </trkpt>
      <trkpt lat="41.180479" lon="-8.448472">
        <ele>145.08</ele>
      </trkpt>
      <trkpt lat="41.179705" lon="-8.446795">
        <ele>148.11</ele>
      </trkpt>
      <trkpt lat="41.179418" lon="-8.446435">
        <ele>149</ele>
      </trkpt>
      <trkpt lat="41.179186" lon="-8.446256">
        <ele>149.09</ele>
      </trkpt>
      <trkpt lat="41.178955" lon="-8.446076">
        <ele>151.23</ele>
      </trkpt>
      <trkpt lat="41.178723" lon="-8.445896">
        <ele>155.63</ele>
      </trkpt>
      <trkpt lat="41.178492" lon="-8.445717">
        <ele>153.25</ele>
      </trkpt>
      <trkpt lat="41.177335" lon="-8.444818">
        <ele>156.27</ele>
      </trkpt>
      <trkpt lat="41.176641" lon="-8.444279">
        <ele>160.55</ele>
      </trkpt>
      <trkpt lat="41.176095" lon="-8.443855">
        <ele>159.41</ele>
      </trkpt>
      <trkpt lat="41.174383" lon="-8.442526">
        <ele>156.99</ele>
      </trkpt>
      <trkpt lat="41.17221538855663" lon="-8.441094775315324">
        <ele>156.83087687925956</ele>
      </trkpt>
      <trkpt lat="41.172215" lon="-8.441096">
        <ele>156.87</ele>
      </trkpt>
      <trkpt lat="41.171931" lon="-8.440907">
        <ele>156.81</ele>
      </trkpt>
      <trkpt lat="41.171518" lon="-8.440696">
        <ele>157.51</ele>
      </trkpt>
      <trkpt lat="41.171391" lon="-8.440566">
        <ele>157.1</ele>
      </trkpt>
      <trkpt lat="41.171386" lon="-8.440505">
        <ele>157.14</ele>
      </trkpt>
      <trkpt lat="41.17137" lon="-8.440447">
        <ele>157.26</ele>
      </trkpt>
      <trkpt lat="41.171343" lon="-8.440397">
        <ele>157.32</ele>
      </trkpt>
      <trkpt lat="41.171298" lon="-8.440354">
        <ele>157.42</ele>
      </trkpt>
      <trkpt lat="41.171287" lon="-8.440344">
        <ele>157.44</ele>
      </trkpt>
      <trkpt lat="41.171208" lon="-8.440247">
        <ele>156.97</ele>
      </trkpt>
      <trkpt lat="41.171154" lon="-8.440094">
        <ele>156.08</ele>
      </trkpt>
      <trkpt lat="41.171123" lon="-8.439922">
        <ele>155.84</ele>
      </trkpt>
      <trkpt lat="41.171086" lon="-8.439813">
        <ele>155.77</ele>
      </trkpt>
      <trkpt lat="41.17108602768475" lon="-8.439812833223012">
        <ele>155.76999330789155</ele>
      </trkpt>
      <trkpt lat="41.170954" lon="-8.439423">
        <ele>155.52</ele>
      </trkpt>
      <trkpt lat="41.170841" lon="-8.439114">
        <ele>155</ele>
      </trkpt>
      <trkpt lat="41.17072" lon="-8.4389">
        <ele>155</ele>
      </trkpt>
      <trkpt lat="41.170578" lon="-8.438707">
        <ele>155</ele>
      </trkpt>
      <trkpt lat="41.169397" lon="-8.437595">
        <ele>154.89</ele>
      </trkpt>
      <trkpt lat="41.169181" lon="-8.437396">
        <ele>157</ele>
      </trkpt>
      <trkpt lat="41.169059" lon="-8.437269">
        <ele>157.65</ele>
      </trkpt>
      <trkpt lat="41.16883" lon="-8.437049">
        <ele>157.74</ele>
      </trkpt>
      <trkpt lat="41.168173" lon="-8.43642">
        <ele>158.01</ele>
      </trkpt>
      <trkpt lat="41.167384" lon="-8.435746">
        <ele>155.77</ele>
      </trkpt>
      <trkpt lat="41.166417" lon="-8.434931">
        <ele>156.45</ele>
      </trkpt>
      <trkpt lat="41.166304" lon="-8.434798">
        <ele>155.72</ele>
      </trkpt>
      <trkpt lat="41.165283" lon="-8.433282">
        <ele>149</ele>
      </trkpt>
      <trkpt lat="41.164954" lon="-8.432793">
        <ele>148.48</ele>
      </trkpt>
      <trkpt lat="41.164805" lon="-8.432654">
        <ele>148.04</ele>
      </trkpt>
      <trkpt lat="41.164635" lon="-8.432626">
        <ele>147.91</ele>
      </trkpt>
      <trkpt lat="41.164338" lon="-8.432719">
        <ele>147.82</ele>
      </trkpt>
      <trkpt lat="41.164214" lon="-8.432715">
        <ele>148.3</ele>
      </trkpt>
      <trkpt lat="41.164118" lon="-8.432651">
        <ele>148.42</ele>
      </trkpt>
      <trkpt lat="41.163817" lon="-8.432306">
        <ele>148.24</ele>
      </trkpt>
      <trkpt lat="41.163651" lon="-8.432082">
        <ele>147.68</ele>
      </trkpt>
      <trkpt lat="41.163611" lon="-8.43195">
        <ele>146.83</ele>
      </trkpt>
      <trkpt lat="41.163574" lon="-8.43142">
        <ele>145.31</ele>
      </trkpt>
      <trkpt lat="41.163555" lon="-8.431226">
        <ele>144.23</ele>
      </trkpt>
      <trkpt lat="41.163536" lon="-8.431123">
        <ele>143.23</ele>
      </trkpt>
      <trkpt lat="41.163472" lon="-8.430937">
        <ele>142.63</ele>
      </trkpt>
      <trkpt lat="41.163261" lon="-8.430502">
        <ele>140.71</ele>
      </trkpt>
      <trkpt lat="41.163203" lon="-8.430296">
        <ele>140.32</ele>
      </trkpt>
      <trkpt lat="41.163149" lon="-8.429599">
        <ele>138.24</ele>
      </trkpt>
      <trkpt lat="41.163091" lon="-8.429389">
        <ele>136.91</ele>
      </trkpt>
      <trkpt lat="41.162629" lon="-8.428726">
        <ele>134.59</ele>
      </trkpt>
      <trkpt lat="41.162376" lon="-8.428364">
        <ele>133.32</ele>
      </trkpt>
      <trkpt lat="41.162305" lon="-8.428207">
        <ele>131.72</ele>
      </trkpt>
      <trkpt lat="41.162148" lon="-8.427393">
        <ele>130</ele>
      </trkpt>
      <trkpt lat="41.161954" lon="-8.426343">
        <ele>134.9</ele>
      </trkpt>
      <trkpt lat="41.161893" lon="-8.426151">
        <ele>134.6</ele>
      </trkpt>
      <trkpt lat="41.161817" lon="-8.426012">
        <ele>134.37</ele>
      </trkpt>
      <trkpt lat="41.161709" lon="-8.425924">
        <ele>133.41</ele>
      </trkpt>
      <trkpt lat="41.161505" lon="-8.425851">
        <ele>131.93</ele>
      </trkpt>
      <trkpt lat="41.161171" lon="-8.425828">
        <ele>132.83</ele>
      </trkpt>
      <trkpt lat="41.160883" lon="-8.425811">
        <ele>130.45</ele>
      </trkpt>
      <trkpt lat="41.160547" lon="-8.425707">
        <ele>128.55</ele>
      </trkpt>
      <trkpt lat="41.160252" lon="-8.425579">
        <ele>124.91</ele>
      </trkpt>
      <trkpt lat="41.160034" lon="-8.425424">
        <ele>122.94</ele>
      </trkpt>
      <trkpt lat="41.159529" lon="-8.424931">
        <ele>118.32</ele>
      </trkpt>
      <trkpt lat="41.158523" lon="-8.424128">
        <ele>112.4</ele>
      </trkpt>
      <trkpt lat="41.158376" lon="-8.42392">
        <ele>110.38</ele>
      </trkpt>
      <trkpt lat="41.15813" lon="-8.423259">
        <ele>108.27</ele>
      </trkpt>
      <trkpt lat="41.158054" lon="-8.422877">
        <ele>106.77</ele>
      </trkpt>
      <trkpt lat="41.158048" lon="-8.422679">
        <ele>105.68</ele>
      </trkpt>
      <trkpt lat="41.1581" lon="-8.421779">
        <ele>101.75</ele>
      </trkpt>
      <trkpt lat="41.158123" lon="-8.421352">
        <ele>98.1</ele>
      </trkpt>
      <trkpt lat="41.158146" lon="-8.420925">
        <ele>97.96</ele>
      </trkpt>
      <trkpt lat="41.158114" lon="-8.420754">
        <ele>97.95</ele>
      </trkpt>
      <trkpt lat="41.158035" lon="-8.420612">
        <ele>97.94</ele>
      </trkpt>
      <trkpt lat="41.157926" lon="-8.420546">
        <ele>97.63</ele>
      </trkpt>
      <trkpt lat="41.157278" lon="-8.420385">
        <ele>96.76</ele>
      </trkpt>
      <trkpt lat="41.157087" lon="-8.420266">
        <ele>94.8</ele>
      </trkpt>
      <trkpt lat="41.156649" lon="-8.41963">
        <ele>92.05</ele>
      </trkpt>
      <trkpt lat="41.156616" lon="-8.419553">
        <ele>91.64</ele>
      </trkpt>
      <trkpt lat="41.156593" lon="-8.4195">
        <ele>91.36</ele>
      </trkpt>
      <trkpt lat="41.156431" lon="-8.418629">
        <ele>89.62</ele>
      </trkpt>
      <trkpt lat="41.156335" lon="-8.417024">
        <ele>86.36</ele>
      </trkpt>
      <trkpt lat="41.156296" lon="-8.416819">
        <ele>88.4</ele>
      </trkpt>
      <trkpt lat="41.156186" lon="-8.416552">
        <ele>87.85</ele>
      </trkpt>
      <trkpt lat="41.155935" lon="-8.415982">
        <ele>86</ele>
      </trkpt>
      <trkpt lat="41.155784" lon="-8.415641">
        <ele>86.83</ele>
      </trkpt>
      <trkpt lat="41.155579" lon="-8.41513">
        <ele>89.13</ele>
      </trkpt>
      <trkpt lat="41.155396" lon="-8.414511">
        <ele>82.75</ele>
      </trkpt>
      <trkpt lat="41.155138" lon="-8.413635">
        <ele>80.19</ele>
      </trkpt>
      <trkpt lat="41.154882" lon="-8.412752">
        <ele>85.34</ele>
      </trkpt>
      <trkpt lat="41.154826" lon="-8.412636">
        <ele>86.56</ele>
      </trkpt>
      <trkpt lat="41.154538" lon="-8.412142">
        <ele>88.57</ele>
      </trkpt>
      <trkpt lat="41.15441" lon="-8.411982">
        <ele>89.52</ele>
      </trkpt>
      <trkpt lat="41.153939" lon="-8.411573">
        <ele>88.12</ele>
      </trkpt>
      <trkpt lat="41.153795" lon="-8.411476">
        <ele>87.01</ele>
      </trkpt>
      <trkpt lat="41.153707" lon="-8.411838">
        <ele>86.33</ele>
      </trkpt>
      <trkpt lat="41.153638" lon="-8.412027">
        <ele>85.8</ele>
      </trkpt>
      <trkpt lat="41.153514" lon="-8.412318">
        <ele>84.84</ele>
      </trkpt>
      <trkpt lat="41.153424" lon="-8.412464">
        <ele>84.14</ele>
      </trkpt>
      <trkpt lat="41.153385" lon="-8.412527">
        <ele>83.84</ele>
      </trkpt>
      <trkpt lat="41.152421" lon="-8.413676">
        <ele>78.09</ele>
      </trkpt>
      <trkpt lat="41.152317" lon="-8.413843">
        <ele>76.49</ele>
      </trkpt>
      <trkpt lat="41.151989" lon="-8.414449">
        <ele>75.74</ele>
      </trkpt>
      <trkpt lat="41.151714" lon="-8.41498">
        <ele>75.95</ele>
      </trkpt>
      <trkpt lat="41.15157" lon="-8.415138">
        <ele>75.8</ele>
      </trkpt>
      <trkpt lat="41.151462" lon="-8.415216">
        <ele>75.88</ele>
      </trkpt>
      <trkpt lat="41.150536" lon="-8.41575">
        <ele>77.01</ele>
      </trkpt>
      <trkpt lat="41.150058" lon="-8.416028">
        <ele>75.27</ele>
      </trkpt>
      <trkpt lat="41.149102" lon="-8.416585">
        <ele>80.84</ele>
      </trkpt>
      <trkpt lat="41.148623" lon="-8.416864">
        <ele>78.12</ele>
      </trkpt>
      <trkpt lat="41.148384" lon="-8.417003">
        <ele>80.03</ele>
      </trkpt>
      <trkpt lat="41.148196" lon="-8.417075">
        <ele>81</ele>
      </trkpt>
      <trkpt lat="41.148073" lon="-8.417092">
        <ele>81.12</ele>
      </trkpt>
      <trkpt lat="41.147969" lon="-8.417084">
        <ele>81.59</ele>
      </trkpt>
      <trkpt lat="41.146719" lon="-8.416731">
        <ele>82.93</ele>
      </trkpt>
      <trkpt lat="41.146271" lon="-8.416604">
        <ele>81.18</ele>
      </trkpt>
      <trkpt lat="41.145713" lon="-8.416445">
        <ele>81.84</ele>
      </trkpt>
      <trkpt lat="41.145261" lon="-8.416183">
        <ele>83.86</ele>
      </trkpt>
      <trkpt lat="41.144753" lon="-8.415422">
        <ele>87.55</ele>
      </trkpt>
      <trkpt lat="41.144681" lon="-8.415345">
        <ele>87.84</ele>
      </trkpt>
      <trkpt lat="41.144592" lon="-8.415294">
        <ele>87</ele>
      </trkpt>
      <trkpt lat="41.144487" lon="-8.415259">
        <ele>87</ele>
      </trkpt>
      <trkpt lat="41.144099" lon="-8.415183">
        <ele>86.89</ele>
      </trkpt>
      <trkpt lat="41.14393" lon="-8.415173">
        <ele>86.94</ele>
      </trkpt>
      <trkpt lat="41.143806" lon="-8.415205">
        <ele>87.24</ele>
      </trkpt>
      <trkpt lat="41.143716" lon="-8.415291">
        <ele>86.24</ele>
      </trkpt>
      <trkpt lat="41.143633" lon="-8.415439">
        <ele>85.72</ele>
      </trkpt>
      <trkpt lat="41.143348" lon="-8.416404">
        <ele>83.16</ele>
      </trkpt>
      <trkpt lat="41.143265" lon="-8.416624">
        <ele>82.31</ele>
      </trkpt>
      <trkpt lat="41.143164" lon="-8.416778">
        <ele>81.93</ele>
      </trkpt>
      <trkpt lat="41.142877" lon="-8.417177">
        <ele>81.32</ele>
      </trkpt>
      <trkpt lat="41.142754" lon="-8.417319">
        <ele>80.79</ele>
      </trkpt>
      <trkpt lat="41.142617" lon="-8.417426">
        <ele>80.14</ele>
      </trkpt>
      <trkpt lat="41.142307" lon="-8.417581">
        <ele>80.18</ele>
      </trkpt>
      <trkpt lat="41.141997" lon="-8.417735">
        <ele>82.32</ele>
      </trkpt>
      <trkpt lat="41.141746" lon="-8.417839">
        <ele>81.97</ele>
      </trkpt>
      <trkpt lat="41.141499" lon="-8.417935">
        <ele>79.34</ele>
      </trkpt>
      <trkpt lat="41.141314" lon="-8.417912">
        <ele>81.07</ele>
      </trkpt>
      <trkpt lat="41.141073" lon="-8.417744">
        <ele>80.35</ele>
      </trkpt>
      <trkpt lat="41.140831" lon="-8.417576">
        <ele>82.6</ele>
      </trkpt>
      <trkpt lat="41.139708" lon="-8.416799">
        <ele>81.13</ele>
      </trkpt>
      <trkpt lat="41.139591" lon="-8.41677">
        <ele>81.13</ele>
      </trkpt>
      <trkpt lat="41.139522" lon="-8.416753">
        <ele>81.13</ele>
      </trkpt>
      <trkpt lat="41.138685" lon="-8.416833">
        <ele>79.71</ele>
      </trkpt>
      <trkpt lat="41.138511" lon="-8.416931">
        <ele>79.41</ele>
      </trkpt>
      <trkpt lat="41.137762" lon="-8.417818">
        <ele>75.77</ele>
      </trkpt>
      <trkpt lat="41.137389" lon="-8.41807">
        <ele>76.07</ele>
      </trkpt>
      <trkpt lat="41.136706" lon="-8.418486">
        <ele>74.49</ele>
      </trkpt>
      <trkpt lat="41.136429" lon="-8.418586">
        <ele>75</ele>
      </trkpt>
      <trkpt lat="41.135768" lon="-8.41872">
        <ele>73.35</ele>
      </trkpt>
      <trkpt lat="41.135524" lon="-8.418652">
        <ele>73.38</ele>
      </trkpt>
      <trkpt lat="41.134841" lon="-8.418087">
        <ele>75.01</ele>
      </trkpt>
      <trkpt lat="41.134722" lon="-8.418026">
        <ele>76.06</ele>
      </trkpt>
      <trkpt lat="41.134575" lon="-8.418004">
        <ele>76.35</ele>
      </trkpt>
      <trkpt lat="41.134219" lon="-8.418099">
        <ele>75.61</ele>
      </trkpt>
      <trkpt lat="41.134104" lon="-8.41813">
        <ele>75.38</ele>
      </trkpt>
      <trkpt lat="41.133886" lon="-8.418222">
        <ele>75</ele>
      </trkpt>
      <trkpt lat="41.133779" lon="-8.418341">
        <ele>75.58</ele>
      </trkpt>
      <trkpt lat="41.133718" lon="-8.41848">
        <ele>75.44</ele>
      </trkpt>
      <trkpt lat="41.133686" lon="-8.418679">
        <ele>75.27</ele>
      </trkpt>
      <trkpt lat="41.133648" lon="-8.419403">
        <ele>75.45</ele>
      </trkpt>
      <trkpt lat="41.133624" lon="-8.41971">
        <ele>76</ele>
      </trkpt>
      <trkpt lat="41.133615" lon="-8.420005">
        <ele>76.48</ele>
      </trkpt>
      <trkpt lat="41.133624" lon="-8.420132">
        <ele>76.85</ele>
      </trkpt>
      <trkpt lat="41.13367" lon="-8.420373">
        <ele>77.36</ele>
      </trkpt>
      <trkpt lat="41.133712" lon="-8.420403">
        <ele>77.39</ele>
      </trkpt>
      <trkpt lat="41.133747" lon="-8.420448">
        <ele>77.63</ele>
      </trkpt>
      <trkpt lat="41.133772" lon="-8.420507">
        <ele>77.67</ele>
      </trkpt>
      <trkpt lat="41.133782" lon="-8.420589">
        <ele>77.32</ele>
      </trkpt>
      <trkpt lat="41.133774" lon="-8.420654">
        <ele>77</ele>
      </trkpt>
      <trkpt lat="41.133752" lon="-8.420716">
        <ele>77</ele>
      </trkpt>
      <trkpt lat="41.133728" lon="-8.420752">
        <ele>77</ele>
      </trkpt>
      <trkpt lat="41.133686" lon="-8.42079">
        <ele>77</ele>
      </trkpt>
      <trkpt lat="41.1336" lon="-8.420923">
        <ele>77.06</ele>
      </trkpt>
      <trkpt lat="41.133547" lon="-8.421074">
        <ele>77</ele>
      </trkpt>
      <trkpt lat="41.133454" lon="-8.42286">
        <ele>76.97</ele>
      </trkpt>
      <trkpt lat="41.133468" lon="-8.423058">
        <ele>76.18</ele>
      </trkpt>
      <trkpt lat="41.133575" lon="-8.423397">
        <ele>74.9</ele>
      </trkpt>
      <trkpt lat="41.133828" lon="-8.424137">
        <ele>74.6</ele>
      </trkpt>
      <trkpt lat="41.133842" lon="-8.424287">
        <ele>74.84</ele>
      </trkpt>
      <trkpt lat="41.133741" lon="-8.425176">
        <ele>74.12</ele>
      </trkpt>
      <trkpt lat="41.133652" lon="-8.425857">
        <ele>72.16</ele>
      </trkpt>
      <trkpt lat="41.133585" lon="-8.426068">
        <ele>74.99</ele>
      </trkpt>
      <trkpt lat="41.133508" lon="-8.426164">
        <ele>75.15</ele>
      </trkpt>
      <trkpt lat="41.133367" lon="-8.426208">
        <ele>75.77</ele>
      </trkpt>
      <trkpt lat="41.133161" lon="-8.426168">
        <ele>77.09</ele>
      </trkpt>
      <trkpt lat="41.13304" lon="-8.426176">
        <ele>77.66</ele>
      </trkpt>
      <trkpt lat="41.132327" lon="-8.426529">
        <ele>81.96</ele>
      </trkpt>
      <trkpt lat="41.132189" lon="-8.426579">
        <ele>83.72</ele>
      </trkpt>
      <trkpt lat="41.131509" lon="-8.426591">
        <ele>86.87</ele>
      </trkpt>
      <trkpt lat="41.13095" lon="-8.426598">
        <ele>87.45</ele>
      </trkpt>
      <trkpt lat="41.130525" lon="-8.426605">
        <ele>91.42</ele>
      </trkpt>
      <trkpt lat="41.13016" lon="-8.426611">
        <ele>94.83</ele>
      </trkpt>
      <trkpt lat="41.12999" lon="-8.426647">
        <ele>95.77</ele>
      </trkpt>
      <trkpt lat="41.129869" lon="-8.426756">
        <ele>96.86</ele>
      </trkpt>
      <trkpt lat="41.129799" lon="-8.426924">
        <ele>97.63</ele>
      </trkpt>
      <trkpt lat="41.129784" lon="-8.427163">
        <ele>99.15</ele>
      </trkpt>
      <trkpt lat="41.129806" lon="-8.427392">
        <ele>98.52</ele>
      </trkpt>
      <trkpt lat="41.129813" lon="-8.427686">
        <ele>98.31</ele>
      </trkpt>
      <trkpt lat="41.129768" lon="-8.427899">
        <ele>97.98</ele>
      </trkpt>
      <trkpt lat="41.129693" lon="-8.428016">
        <ele>99.08</ele>
      </trkpt>
      <trkpt lat="41.129581" lon="-8.428106">
        <ele>99.01</ele>
      </trkpt>
      <trkpt lat="41.129326" lon="-8.428127">
        <ele>101.92</ele>
      </trkpt>
      <trkpt lat="41.128817" lon="-8.428169">
        <ele>102.66</ele>
      </trkpt>
      <trkpt lat="41.128674" lon="-8.428233">
        <ele>104.38</ele>
      </trkpt>
      <trkpt lat="41.1286" lon="-8.428342">
        <ele>106.63</ele>
      </trkpt>
      <trkpt lat="41.128558" lon="-8.428548">
        <ele>107.65</ele>
      </trkpt>
      <trkpt lat="41.128612" lon="-8.42904">
        <ele>109.12</ele>
      </trkpt>
      <trkpt lat="41.128593" lon="-8.429202">
        <ele>108.64</ele>
      </trkpt>
      <trkpt lat="41.128542" lon="-8.429323">
        <ele>108.07</ele>
      </trkpt>
      <trkpt lat="41.128247" lon="-8.429671">
        <ele>108.9</ele>
      </trkpt>
      <trkpt lat="41.128186" lon="-8.429793">
        <ele>109.8</ele>
      </trkpt>
      <trkpt lat="41.128161" lon="-8.430019">
        <ele>111.39</ele>
      </trkpt>
      <trkpt lat="41.128213" lon="-8.430363">
        <ele>113.78</ele>
      </trkpt>
      <trkpt lat="41.128264" lon="-8.430707">
        <ele>112.01</ele>
      </trkpt>
      <trkpt lat="41.128346" lon="-8.431072">
        <ele>114.21</ele>
      </trkpt>
      <trkpt lat="41.128506" lon="-8.431357">
        <ele>115.08</ele>
      </trkpt>
      <trkpt lat="41.12871" lon="-8.431499">
        <ele>115.63</ele>
      </trkpt>
      <trkpt lat="41.128998" lon="-8.431566">
        <ele>116.01</ele>
      </trkpt>
      <trkpt lat="41.12916" lon="-8.431615">
        <ele>116.15</ele>
      </trkpt>
      <trkpt lat="41.129321" lon="-8.431768">
        <ele>116.63</ele>
      </trkpt>
      <trkpt lat="41.129914" lon="-8.432415">
        <ele>118.98</ele>
      </trkpt>
      <trkpt lat="41.130818" lon="-8.433414">
        <ele>127.42</ele>
      </trkpt>
      <trkpt lat="41.130975" lon="-8.433628">
        <ele>127.77</ele>
      </trkpt>
      <trkpt lat="41.131089" lon="-8.433906">
        <ele>129.94</ele>
      </trkpt>
      <trkpt lat="41.131204" lon="-8.434185">
        <ele>130.02</ele>
      </trkpt>
      <trkpt lat="41.13125" lon="-8.434408">
        <ele>128.72</ele>
      </trkpt>
      <trkpt lat="41.131236" lon="-8.43452">
        <ele>128.94</ele>
      </trkpt>
      <trkpt lat="41.131197" lon="-8.434605">
        <ele>129.15</ele>
      </trkpt>
      <trkpt lat="41.131077" lon="-8.434819">
        <ele>131.27</ele>
      </trkpt>
      <trkpt lat="41.130933" lon="-8.435005">
        <ele>131.24</ele>
      </trkpt>
      <trkpt lat="41.130839" lon="-8.435076">
        <ele>130.25</ele>
      </trkpt>
      <trkpt lat="41.130778" lon="-8.4351">
        <ele>129.67</ele>
      </trkpt>
      <trkpt lat="41.130687" lon="-8.435085">
        <ele>130.03</ele>
      </trkpt>
      <trkpt lat="41.130607" lon="-8.435022">
        <ele>130.84</ele>
      </trkpt>
      <trkpt lat="41.13043" lon="-8.43478">
        <ele>133.28</ele>
      </trkpt>
      <trkpt lat="41.130359" lon="-8.434731">
        <ele>133.37</ele>
      </trkpt>
      <trkpt lat="41.130172" lon="-8.434702">
        <ele>133.75</ele>
      </trkpt>
      <trkpt lat="41.130031" lon="-8.434736">
        <ele>134.7</ele>
      </trkpt>
      <trkpt lat="41.129467" lon="-8.435035">
        <ele>134.38</ele>
      </trkpt>
      <trkpt lat="41.129115" lon="-8.435249">
        <ele>136.06</ele>
      </trkpt>
      <trkpt lat="41.128817" lon="-8.435431">
        <ele>132.42</ele>
      </trkpt>
      <trkpt lat="41.128559" lon="-8.435614">
        <ele>134.46</ele>
      </trkpt>
      <trkpt lat="41.12848" lon="-8.435732">
        <ele>133.96</ele>
      </trkpt>
      <trkpt lat="41.128461" lon="-8.435784">
        <ele>133.69</ele>
      </trkpt>
      <trkpt lat="41.128455" lon="-8.435902">
        <ele>133.51</ele>
      </trkpt>
      <trkpt lat="41.128496" lon="-8.436175">
        <ele>132.38</ele>
      </trkpt>
      <trkpt lat="41.128687" lon="-8.437202">
        <ele>131.5</ele>
      </trkpt>
      <trkpt lat="41.128751" lon="-8.437544">
        <ele>128.41</ele>
      </trkpt>
      <trkpt lat="41.128795" lon="-8.437785">
        <ele>128.01</ele>
      </trkpt>
      <trkpt lat="41.128779" lon="-8.437986">
        <ele>129.23</ele>
      </trkpt>
      <trkpt lat="41.128391" lon="-8.439212">
        <ele>127.34</ele>
      </trkpt>
      <trkpt lat="41.128294" lon="-8.439518">
        <ele>122.85</ele>
      </trkpt>
      <trkpt lat="41.128155" lon="-8.439957">
        <ele>124.66</ele>
      </trkpt>
      <trkpt lat="41.128109" lon="-8.440051">
        <ele>125.48</ele>
      </trkpt>
      <trkpt lat="41.128033" lon="-8.440152">
        <ele>125.59</ele>
      </trkpt>
      <trkpt lat="41.127931" lon="-8.440201">
        <ele>125.6</ele>
      </trkpt>
      <trkpt lat="41.127146" lon="-8.440393">
        <ele>123.47</ele>
      </trkpt>
      <trkpt lat="41.126979" lon="-8.440495">
        <ele>121.42</ele>
      </trkpt>
      <trkpt lat="41.126847" lon="-8.440647">
        <ele>119.43</ele>
      </trkpt>
      <trkpt lat="41.126767" lon="-8.440832">
        <ele>117.49</ele>
      </trkpt>
      <trkpt lat="41.126564" lon="-8.441965">
        <ele>111.56</ele>
      </trkpt>
      <trkpt lat="41.126486" lon="-8.442111">
        <ele>113.59</ele>
      </trkpt>
      <trkpt lat="41.12632" lon="-8.442312">
        <ele>113.41</ele>
      </trkpt>
      <trkpt lat="41.126239" lon="-8.442507">
        <ele>111.18</ele>
      </trkpt>
      <trkpt lat="41.126175" lon="-8.443172">
        <ele>108.13</ele>
      </trkpt>
      <trkpt lat="41.126112" lon="-8.443837">
        <ele>102.2</ele>
      </trkpt>
      <trkpt lat="41.126039" lon="-8.444026">
        <ele>100.31</ele>
      </trkpt>
      <trkpt lat="41.125932" lon="-8.444122">
        <ele>101</ele>
      </trkpt>
      <trkpt lat="41.125791" lon="-8.444149">
        <ele>101.44</ele>
      </trkpt>
      <trkpt lat="41.125666" lon="-8.444083">
        <ele>100.91</ele>
      </trkpt>
      <trkpt lat="41.12502" lon="-8.44352">
        <ele>96.42</ele>
      </trkpt>
      <trkpt lat="41.124924" lon="-8.443441">
        <ele>97.43</ele>
      </trkpt>
      <trkpt lat="41.124768" lon="-8.443369">
        <ele>96.38</ele>
      </trkpt>
      <trkpt lat="41.124635" lon="-8.443393">
        <ele>94.99</ele>
      </trkpt>
      <trkpt lat="41.124467" lon="-8.443532">
        <ele>91.87</ele>
      </trkpt>
      <trkpt lat="41.124217" lon="-8.443786">
        <ele>90.18</ele>
      </trkpt>
      <trkpt lat="41.123966" lon="-8.444039">
        <ele>92.23</ele>
      </trkpt>
      <trkpt lat="41.123847" lon="-8.444141">
        <ele>91.69</ele>
      </trkpt>
      <trkpt lat="41.123728" lon="-8.444168">
        <ele>92.01</ele>
      </trkpt>
      <trkpt lat="41.123613" lon="-8.444122">
        <ele>91.52</ele>
      </trkpt>
      <trkpt lat="41.123445" lon="-8.443988">
        <ele>90.42</ele>
      </trkpt>
      <trkpt lat="41.123287" lon="-8.443841">
        <ele>88.25</ele>
      </trkpt>
      <trkpt lat="41.123164" lon="-8.443809">
        <ele>88.88</ele>
      </trkpt>
      <trkpt lat="41.122936" lon="-8.443798">
        <ele>88.18</ele>
      </trkpt>
      <trkpt lat="41.122892" lon="-8.443804">
        <ele>87.99</ele>
      </trkpt>
      <trkpt lat="41.122748" lon="-8.443822">
        <ele>87.36</ele>
      </trkpt>
      <trkpt lat="41.122605" lon="-8.44391">
        <ele>86.72</ele>
      </trkpt>
      <trkpt lat="41.122421" lon="-8.44405">
        <ele>85.28</ele>
      </trkpt>
      <trkpt lat="41.122263" lon="-8.444149">
        <ele>83.08</ele>
      </trkpt>
      <trkpt lat="41.122089" lon="-8.444168">
        <ele>82.84</ele>
      </trkpt>
      <trkpt lat="41.121707" lon="-8.444112">
        <ele>80.52</ele>
      </trkpt>
      <trkpt lat="41.121548" lon="-8.444142">
        <ele>79.22</ele>
      </trkpt>
      <trkpt lat="41.121249" lon="-8.444254">
        <ele>75.09</ele>
      </trkpt>
      <trkpt lat="41.121039" lon="-8.444294">
        <ele>74.57</ele>
      </trkpt>
      <trkpt lat="41.120909" lon="-8.444238">
        <ele>73.52</ele>
      </trkpt>
      <trkpt lat="41.120853" lon="-8.444106">
        <ele>71.81</ele>
      </trkpt>
      <trkpt lat="41.120841" lon="-8.443921">
        <ele>71.07</ele>
      </trkpt>
      <trkpt lat="41.120874" lon="-8.443691">
        <ele>69.99</ele>
      </trkpt>
      <trkpt lat="41.120956" lon="-8.443473">
        <ele>69.23</ele>
      </trkpt>
      <trkpt lat="41.121045" lon="-8.443363">
        <ele>69.11</ele>
      </trkpt>
      <trkpt lat="41.121166" lon="-8.443299">
        <ele>68.8</ele>
      </trkpt>
      <trkpt lat="41.121279" lon="-8.443299">
        <ele>69.43</ele>
      </trkpt>
      <trkpt lat="41.121412" lon="-8.443334">
        <ele>69.81</ele>
      </trkpt>
      <trkpt lat="41.121901" lon="-8.44354">
        <ele>68.82</ele>
      </trkpt>
      <trkpt lat="41.122006" lon="-8.443554">
        <ele>69.47</ele>
      </trkpt>
      <trkpt lat="41.122142" lon="-8.4435">
        <ele>71.11</ele>
      </trkpt>
      <trkpt lat="41.122253" lon="-8.443401">
        <ele>71.43</ele>
      </trkpt>
      <trkpt lat="41.122338" lon="-8.443224">
        <ele>69.84</ele>
      </trkpt>
      <trkpt lat="41.122354" lon="-8.443044">
        <ele>66.89</ele>
      </trkpt>
      <trkpt lat="41.122326" lon="-8.442913">
        <ele>65.54</ele>
      </trkpt>
      <trkpt lat="41.122223" lon="-8.442781">
        <ele>64.43</ele>
      </trkpt>
      <trkpt lat="41.122011" lon="-8.442655">
        <ele>64.39</ele>
      </trkpt>
      <trkpt lat="41.121839" lon="-8.442526">
        <ele>63.8</ele>
      </trkpt>
      <trkpt lat="41.12176" lon="-8.442403">
        <ele>64.49</ele>
      </trkpt>
      <trkpt lat="41.121726" lon="-8.442269">
        <ele>65.59</ele>
      </trkpt>
      <trkpt lat="41.121752" lon="-8.442028">
        <ele>66.31</ele>
      </trkpt>
      <trkpt lat="41.121841" lon="-8.441851">
        <ele>65.16</ele>
      </trkpt>
      <trkpt lat="41.12213" lon="-8.441523">
        <ele>63.4</ele>
      </trkpt>
      <trkpt lat="41.122326" lon="-8.441124">
        <ele>65.89</ele>
      </trkpt>
      <trkpt lat="41.122514" lon="-8.440778">
        <ele>65.47</ele>
      </trkpt>
      <trkpt lat="41.123089" lon="-8.439976">
        <ele>62</ele>
      </trkpt>
      <trkpt lat="41.123215" lon="-8.439782">
        <ele>57.01</ele>
      </trkpt>
      <trkpt lat="41.123285" lon="-8.439563">
        <ele>54.52</ele>
      </trkpt>
      <trkpt lat="41.12332" lon="-8.439353">
        <ele>53.52</ele>
      </trkpt>
      <trkpt lat="41.123343" lon="-8.438944">
        <ele>52.17</ele>
      </trkpt>
      <trkpt lat="41.123383" lon="-8.438551">
        <ele>51.57</ele>
      </trkpt>
      <trkpt lat="41.123418" lon="-8.438111">
        <ele>53.78</ele>
      </trkpt>
      <trkpt lat="41.123427" lon="-8.437846">
        <ele>54.12</ele>
      </trkpt>
      <trkpt lat="41.123411" lon="-8.437693">
        <ele>53.28</ele>
      </trkpt>
      <trkpt lat="41.123383" lon="-8.437634">
        <ele>51.18</ele>
      </trkpt>
      <trkpt lat="41.123318" lon="-8.43757">
        <ele>48.08</ele>
      </trkpt>
      <trkpt lat="41.123149" lon="-8.437454">
        <ele>48.4</ele>
      </trkpt>
      <trkpt lat="41.122949" lon="-8.437353">
        <ele>47.34</ele>
      </trkpt>
      <trkpt lat="41.122791" lon="-8.437304">
        <ele>48.01</ele>
      </trkpt>
      <trkpt lat="41.1227" lon="-8.437345">
        <ele>50.01</ele>
      </trkpt>
      <trkpt lat="41.122528" lon="-8.437508">
        <ele>53.16</ele>
      </trkpt>
      <trkpt lat="41.122296" lon="-8.437712">
        <ele>51.41</ele>
      </trkpt>
      <trkpt lat="41.122134" lon="-8.437875">
        <ele>51.31</ele>
      </trkpt>
      <trkpt lat="41.122073" lon="-8.43805">
        <ele>53.96</ele>
      </trkpt>
      <trkpt lat="41.122071" lon="-8.438184">
        <ele>55.74</ele>
      </trkpt>
      <trkpt lat="41.122107" lon="-8.43835">
        <ele>56.54</ele>
      </trkpt>
      <trkpt lat="41.12213" lon="-8.438484">
        <ele>54.92</ele>
      </trkpt>
      <trkpt lat="41.122097" lon="-8.438642">
        <ele>54.88</ele>
      </trkpt>
      <trkpt lat="41.122021" lon="-8.438817">
        <ele>54.89</ele>
      </trkpt>
      <trkpt lat="41.121885" lon="-8.438964">
        <ele>55.45</ele>
      </trkpt>
      <trkpt lat="41.121372" lon="-8.439393">
        <ele>58.54</ele>
      </trkpt>
      <trkpt lat="41.12122" lon="-8.439422">
        <ele>59.67</ele>
      </trkpt>
      <trkpt lat="41.120901" lon="-8.439411">
        <ele>60.25</ele>
      </trkpt>
      <trkpt lat="41.12017" lon="-8.43938">
        <ele>66.57</ele>
      </trkpt>
      <trkpt lat="41.119869" lon="-8.439377">
        <ele>67.24</ele>
      </trkpt>
      <trkpt lat="41.11964" lon="-8.439324">
        <ele>66.93</ele>
      </trkpt>
      <trkpt lat="41.119337" lon="-8.439155">
        <ele>67.53</ele>
      </trkpt>
      <trkpt lat="41.119002" lon="-8.438997">
        <ele>68.61</ele>
      </trkpt>
      <trkpt lat="41.117747" lon="-8.438506">
        <ele>71.38</ele>
      </trkpt>
      <trkpt lat="41.117456" lon="-8.43838">
        <ele>72.34</ele>
      </trkpt>
      <trkpt lat="41.116874" lon="-8.437945">
        <ele>74.65</ele>
      </trkpt>
      <trkpt lat="41.116702" lon="-8.437824">
        <ele>77.53</ele>
      </trkpt>
      <trkpt lat="41.116569" lon="-8.43776">
        <ele>77.8</ele>
      </trkpt>
      <trkpt lat="41.11644" lon="-8.437755">
        <ele>77.88</ele>
      </trkpt>
      <trkpt lat="41.116353" lon="-8.4378">
        <ele>78.29</ele>
      </trkpt>
      <trkpt lat="41.11628" lon="-8.437916">
        <ele>78.83</ele>
      </trkpt>
      <trkpt lat="41.116252" lon="-8.438052">
        <ele>80.16</ele>
      </trkpt>
      <trkpt lat="41.116272" lon="-8.438205">
        <ele>82.91</ele>
      </trkpt>
      <trkpt lat="41.116328" lon="-8.438318">
        <ele>84.68</ele>
      </trkpt>
      <trkpt lat="41.116446" lon="-8.438423">
        <ele>84.78</ele>
      </trkpt>
      <trkpt lat="41.11667" lon="-8.438605">
        <ele>82.53</ele>
      </trkpt>
      <trkpt lat="41.116779" lon="-8.438774">
        <ele>83.38</ele>
      </trkpt>
      <trkpt lat="41.116937" lon="-8.439042">
        <ele>83.98</ele>
      </trkpt>
      <trkpt lat="41.117013" lon="-8.439224">
        <ele>83.81</ele>
      </trkpt>
      <trkpt lat="41.117034" lon="-8.439423">
        <ele>84.77</ele>
      </trkpt>
      <trkpt lat="41.116999" lon="-8.43963">
        <ele>85.66</ele>
      </trkpt>
      <trkpt lat="41.116902" lon="-8.439766">
        <ele>85.47</ele>
      </trkpt>
      <trkpt lat="41.116733" lon="-8.439839">
        <ele>85.15</ele>
      </trkpt>
      <trkpt lat="41.116525" lon="-8.439875">
        <ele>84.33</ele>
      </trkpt>
      <trkpt lat="41.116044" lon="-8.439959">
        <ele>88.52</ele>
      </trkpt>
      <trkpt lat="41.115866" lon="-8.440035">
        <ele>88.58</ele>
      </trkpt>
      <trkpt lat="41.115532" lon="-8.440204">
        <ele>90.18</ele>
      </trkpt>
      <trkpt lat="41.115136" lon="-8.440413">
        <ele>94.42</ele>
      </trkpt>
      <trkpt lat="41.114995" lon="-8.440466">
        <ele>95.88</ele>
      </trkpt>
      <trkpt lat="41.114855" lon="-8.440434">
        <ele>96.06</ele>
      </trkpt>
      <trkpt lat="41.114746" lon="-8.440356">
        <ele>96.48</ele>
      </trkpt>
      <trkpt lat="41.114494" lon="-8.439997">
        <ele>97.98</ele>
      </trkpt>
      <trkpt lat="41.114453" lon="-8.439833">
        <ele>98.88</ele>
      </trkpt>
      <trkpt lat="41.114459" lon="-8.439546">
        <ele>99.76</ele>
      </trkpt>
      <trkpt lat="41.114488" lon="-8.439305">
        <ele>100.73</ele>
      </trkpt>
      <trkpt lat="41.114534" lon="-8.439155">
        <ele>101.1</ele>
      </trkpt>
      <trkpt lat="41.114758" lon="-8.438629">
        <ele>100.67</ele>
      </trkpt>
      <trkpt lat="41.114948" lon="-8.438165">
        <ele>103</ele>
      </trkpt>
      <trkpt lat="41.114997" lon="-8.43798">
        <ele>102.3</ele>
      </trkpt>
      <trkpt lat="41.114994" lon="-8.437378">
        <ele>101.03</ele>
      </trkpt>
      <trkpt lat="41.114983" lon="-8.436078">
        <ele>107.46</ele>
      </trkpt>
      <trkpt lat="41.114954" lon="-8.435882">
        <ele>108.61</ele>
      </trkpt>
      <trkpt lat="41.114925" lon="-8.435808">
        <ele>109.37</ele>
      </trkpt>
      <trkpt lat="41.114839" lon="-8.435676">
        <ele>109.76</ele>
      </trkpt>
      <trkpt lat="41.114766" lon="-8.435624">
        <ele>110.38</ele>
      </trkpt>
      <trkpt lat="41.114511" lon="-8.435557">
        <ele>112.49</ele>
      </trkpt>
      <trkpt lat="41.114174" lon="-8.435491">
        <ele>115.09</ele>
      </trkpt>
      <trkpt lat="41.114048" lon="-8.43543">
        <ele>114.64</ele>
      </trkpt>
      <trkpt lat="41.113813" lon="-8.435258">
        <ele>114.47</ele>
      </trkpt>
      <trkpt lat="41.113633" lon="-8.435113">
        <ele>116.5</ele>
      </trkpt>
      <trkpt lat="41.113475" lon="-8.435083">
        <ele>116.15</ele>
      </trkpt>
      <trkpt lat="41.113332" lon="-8.435134">
        <ele>115.69</ele>
      </trkpt>
      <trkpt lat="41.113109" lon="-8.43537">
        <ele>116.34</ele>
      </trkpt>
      <trkpt lat="41.112808" lon="-8.435676">
        <ele>119.2</ele>
      </trkpt>
      <trkpt lat="41.112665" lon="-8.435799">
        <ele>119.69</ele>
      </trkpt>
      <trkpt lat="41.112556" lon="-8.435829">
        <ele>120.62</ele>
      </trkpt>
      <trkpt lat="41.11224" lon="-8.435786">
        <ele>121.67</ele>
      </trkpt>
      <trkpt lat="41.112075" lon="-8.435735">
        <ele>121.26</ele>
      </trkpt>
      <trkpt lat="41.112002" lon="-8.435663">
        <ele>121.68</ele>
      </trkpt>
      <trkpt lat="41.111947" lon="-8.435563">
        <ele>122.2</ele>
      </trkpt>
      <trkpt lat="41.111753" lon="-8.434995">
        <ele>122.8</ele>
      </trkpt>
      <trkpt lat="41.111646" lon="-8.434705">
        <ele>125.4</ele>
      </trkpt>
      <trkpt lat="41.111557" lon="-8.434592">
        <ele>126.71</ele>
      </trkpt>
      <trkpt lat="41.111376" lon="-8.434482">
        <ele>127.65</ele>
      </trkpt>
      <trkpt lat="41.110888" lon="-8.434232">
        <ele>131.2</ele>
      </trkpt>
      <trkpt lat="41.110738" lon="-8.434203">
        <ele>132.22</ele>
      </trkpt>
      <trkpt lat="41.110513" lon="-8.434228">
        <ele>133.68</ele>
      </trkpt>
      <trkpt lat="41.110305" lon="-8.434274">
        <ele>135.03</ele>
      </trkpt>
      <trkpt lat="41.110105" lon="-8.434369">
        <ele>136.27</ele>
      </trkpt>
      <trkpt lat="41.109906" lon="-8.434447">
        <ele>137.4</ele>
      </trkpt>
      <trkpt lat="41.109735" lon="-8.434472">
        <ele>138.31</ele>
      </trkpt>
      <trkpt lat="41.10952" lon="-8.434431">
        <ele>139.48</ele>
      </trkpt>
      <trkpt lat="41.109324" lon="-8.434344">
        <ele>140.64</ele>
      </trkpt>
      <trkpt lat="41.1091" lon="-8.434098">
        <ele>142.53</ele>
      </trkpt>
      <trkpt lat="41.109023" lon="-8.433989">
        <ele>143.35</ele>
      </trkpt>
      <trkpt lat="41.108671" lon="-8.433382">
        <ele>149.51</ele>
      </trkpt>
      <trkpt lat="41.108489" lon="-8.433079">
        <ele>149.96</ele>
      </trkpt>
      <trkpt lat="41.108361" lon="-8.432926">
        <ele>150.16</ele>
      </trkpt>
      <trkpt lat="41.108162" lon="-8.43281">
        <ele>150.36</ele>
      </trkpt>
      <trkpt lat="41.107969" lon="-8.432831">
        <ele>150.53</ele>
      </trkpt>
      <trkpt lat="41.107773" lon="-8.432955">
        <ele>150.77</ele>
      </trkpt>
      <trkpt lat="41.107663" lon="-8.433099">
        <ele>151</ele>
      </trkpt>
      <trkpt lat="41.107551" lon="-8.433451">
        <ele>151.01</ele>
      </trkpt>
      <trkpt lat="41.107402" lon="-8.433852">
        <ele>150.76</ele>
      </trkpt>
      <trkpt lat="41.107141" lon="-8.43423">
        <ele>150.5</ele>
      </trkpt>
      <trkpt lat="41.10691" lon="-8.434463">
        <ele>151.35</ele>
      </trkpt>
      <trkpt lat="41.106227" lon="-8.435018">
        <ele>152.56</ele>
      </trkpt>
      <trkpt lat="41.105955" lon="-8.435237">
        <ele>151.26</ele>
      </trkpt>
      <trkpt lat="41.104952" lon="-8.436027">
        <ele>146.88</ele>
      </trkpt>
      <trkpt lat="41.104604" lon="-8.436133">
        <ele>149.6</ele>
      </trkpt>
      <trkpt lat="41.104258" lon="-8.43612">
        <ele>148.77</ele>
      </trkpt>
      <trkpt lat="41.103573" lon="-8.435721">
        <ele>148.64</ele>
      </trkpt>
      <trkpt lat="41.103189" lon="-8.435471">
        <ele>146.58</ele>
      </trkpt>
      <trkpt lat="41.102739" lon="-8.435182">
        <ele>147.35</ele>
      </trkpt>
      <trkpt lat="41.102374" lon="-8.434944">
        <ele>147.04</ele>
      </trkpt>
      <trkpt lat="41.102162" lon="-8.434756">
        <ele>146.47</ele>
      </trkpt>
      <trkpt lat="41.101948" lon="-8.434504">
        <ele>147.02</ele>
      </trkpt>
      <trkpt lat="41.101147" lon="-8.43346">
        <ele>143.76</ele>
      </trkpt>
      <trkpt lat="41.100771" lon="-8.432945">
        <ele>142.24</ele>
      </trkpt>
      <trkpt lat="41.099965" lon="-8.431839">
        <ele>143.08</ele>
      </trkpt>
      <trkpt lat="41.099754" lon="-8.431407">
        <ele>141.92</ele>
      </trkpt>
      <trkpt lat="41.099699" lon="-8.431265">
        <ele>142.77</ele>
      </trkpt>
      <trkpt lat="41.099542" lon="-8.430644">
        <ele>142.55</ele>
      </trkpt>
      <trkpt lat="41.099344" lon="-8.429797">
        <ele>140.29</ele>
      </trkpt>
      <trkpt lat="41.099122" lon="-8.429276">
        <ele>141.62</ele>
      </trkpt>
      <trkpt lat="41.098819" lon="-8.428852">
        <ele>143.14</ele>
      </trkpt>
      <trkpt lat="41.098546" lon="-8.428586">
        <ele>143.29</ele>
      </trkpt>
      <trkpt lat="41.098332" lon="-8.428461">
        <ele>142.59</ele>
      </trkpt>
      <trkpt lat="41.098119" lon="-8.428337">
        <ele>143.93</ele>
      </trkpt>
      <trkpt lat="41.097871" lon="-8.428278">
        <ele>145.45</ele>
      </trkpt>
      <trkpt lat="41.097622" lon="-8.428219">
        <ele>144.96</ele>
      </trkpt>
      <trkpt lat="41.097214" lon="-8.428262">
        <ele>145.92</ele>
      </trkpt>
      <trkpt lat="41.096753" lon="-8.428493">
        <ele>144.63</ele>
      </trkpt>
      <trkpt lat="41.095795" lon="-8.429099">
        <ele>142.73</ele>
      </trkpt>
      <trkpt lat="41.095271" lon="-8.42944">
        <ele>147.53</ele>
      </trkpt>
      <trkpt lat="41.094747" lon="-8.429782">
        <ele>150.23</ele>
      </trkpt>
      <trkpt lat="41.094399" lon="-8.43001">
        <ele>150.18</ele>
      </trkpt>
      <trkpt lat="41.094016" lon="-8.430261">
        <ele>150.12</ele>
      </trkpt>
      <trkpt lat="41.093547" lon="-8.430569">
        <ele>152.51</ele>
      </trkpt>
      <trkpt lat="41.092725" lon="-8.431093">
        <ele>160.91</ele>
      </trkpt>
      <trkpt lat="41.092536" lon="-8.431189">
        <ele>163.34</ele>
      </trkpt>
      <trkpt lat="41.092067" lon="-8.431363">
        <ele>163.49</ele>
      </trkpt>
      <trkpt lat="41.091663" lon="-8.431417">
        <ele>165.19</ele>
      </trkpt>
      <trkpt lat="41.091458" lon="-8.431422">
        <ele>166.38</ele>
      </trkpt>
      <trkpt lat="41.091223" lon="-8.431403">
        <ele>167.4</ele>
      </trkpt>
      <trkpt lat="41.091007" lon="-8.431354">
        <ele>167.15</ele>
      </trkpt>
      <trkpt lat="41.090802" lon="-8.431283">
        <ele>167.42</ele>
      </trkpt>
      <trkpt lat="41.090345" lon="-8.431073">
        <ele>168.73</ele>
      </trkpt>
      <trkpt lat="41.089399" lon="-8.430508">
        <ele>168</ele>
      </trkpt>
      <trkpt lat="41.089169" lon="-8.430381">
        <ele>168.39</ele>
      </trkpt>
      <trkpt lat="41.087509" lon="-8.429371">
        <ele>160.98</ele>
      </trkpt>
      <trkpt lat="41.087104" lon="-8.429125">
        <ele>159.09</ele>
      </trkpt>
      <trkpt lat="41.085772" lon="-8.428343">
        <ele>150.28</ele>
      </trkpt>
      <trkpt lat="41.085007" lon="-8.427885">
        <ele>146.98</ele>
      </trkpt>
      <trkpt lat="41.084135" lon="-8.427378">
        <ele>141.72</ele>
      </trkpt>
      <trkpt lat="41.083902" lon="-8.42723">
        <ele>139.54</ele>
      </trkpt>
      <trkpt lat="41.083206" lon="-8.426784">
        <ele>138</ele>
      </trkpt>
      <trkpt lat="41.082881" lon="-8.426525">
        <ele>137</ele>
      </trkpt>
      <trkpt lat="41.082175" lon="-8.425926">
        <ele>133.93</ele>
      </trkpt>
      <trkpt lat="41.081777" lon="-8.425581">
        <ele>134.32</ele>
      </trkpt>
      <trkpt lat="41.081068" lon="-8.424955">
        <ele>132.41</ele>
      </trkpt>
      <trkpt lat="41.080546" lon="-8.424561">
        <ele>130.83</ele>
      </trkpt>
      <trkpt lat="41.080275" lon="-8.424406">
        <ele>130.79</ele>
      </trkpt>
      <trkpt lat="41.07937" lon="-8.424028">
        <ele>125.59</ele>
      </trkpt>
      <trkpt lat="41.078374" lon="-8.423601">
        <ele>125.46</ele>
      </trkpt>
      <trkpt lat="41.078209" lon="-8.423524">
        <ele>124.96</ele>
      </trkpt>
      <trkpt lat="41.077726" lon="-8.42333">
        <ele>121.49</ele>
      </trkpt>
      <trkpt lat="41.077073" lon="-8.423059">
        <ele>121.28</ele>
      </trkpt>
      <trkpt lat="41.07687" lon="-8.423013">
        <ele>121.73</ele>
      </trkpt>
      <trkpt lat="41.076553" lon="-8.422992">
        <ele>124.65</ele>
      </trkpt>
      <trkpt lat="41.076175" lon="-8.42296">
        <ele>125.85</ele>
      </trkpt>
      <trkpt lat="41.076047" lon="-8.422973">
        <ele>126.16</ele>
      </trkpt>
      <trkpt lat="41.075934" lon="-8.422938">
        <ele>124.79</ele>
      </trkpt>
      <trkpt lat="41.075785" lon="-8.42282">
        <ele>122.97</ele>
      </trkpt>
      <trkpt lat="41.075702" lon="-8.422692">
        <ele>122.04</ele>
      </trkpt>
      <trkpt lat="41.075617" lon="-8.422608">
        <ele>121.74</ele>
      </trkpt>
      <trkpt lat="41.075544" lon="-8.422507">
        <ele>121.23</ele>
      </trkpt>
      <trkpt lat="41.075469" lon="-8.422418">
        <ele>120.38</ele>
      </trkpt>
      <trkpt lat="41.075392" lon="-8.422343">
        <ele>119.51</ele>
      </trkpt>
      <trkpt lat="41.075216" lon="-8.422267">
        <ele>118.69</ele>
      </trkpt>
      <trkpt lat="41.074668" lon="-8.422208">
        <ele>122.8</ele>
      </trkpt>
      <trkpt lat="41.074334" lon="-8.42214">
        <ele>124.58</ele>
      </trkpt>
      <trkpt lat="41.073706" lon="-8.422109">
        <ele>131.07</ele>
      </trkpt>
      <trkpt lat="41.073497" lon="-8.422122">
        <ele>132.94</ele>
      </trkpt>
      <trkpt lat="41.07337" lon="-8.422151">
        <ele>133.91</ele>
      </trkpt>
      <trkpt lat="41.073161" lon="-8.422275">
        <ele>133.51</ele>
      </trkpt>
      <trkpt lat="41.073026" lon="-8.422417">
        <ele>132.31</ele>
      </trkpt>
      <trkpt lat="41.072876" lon="-8.422647">
        <ele>133.44</ele>
      </trkpt>
      <trkpt lat="41.072678" lon="-8.422993">
        <ele>135.32</ele>
      </trkpt>
      <trkpt lat="41.072594" lon="-8.423151">
        <ele>135.88</ele>
      </trkpt>
      <trkpt lat="41.072392" lon="-8.423555">
        <ele>134.1</ele>
      </trkpt>
      <trkpt lat="41.072258" lon="-8.423894">
        <ele>131.4</ele>
      </trkpt>
      <trkpt lat="41.072113" lon="-8.42436">
        <ele>128.07</ele>
      </trkpt>
      <trkpt lat="41.071891" lon="-8.42513">
        <ele>123</ele>
      </trkpt>
      <trkpt lat="41.071479" lon="-8.42657">
        <ele>118.33</ele>
      </trkpt>
      <trkpt lat="41.071358" lon="-8.42682">
        <ele>116.72</ele>
      </trkpt>
      <trkpt lat="41.071196" lon="-8.427025">
        <ele>114.7</ele>
      </trkpt>
      <trkpt lat="41.070702" lon="-8.427369">
        <ele>113.76</ele>
      </trkpt>
      <trkpt lat="41.07055" lon="-8.427531">
        <ele>111.86</ele>
      </trkpt>
      <trkpt lat="41.070383" lon="-8.427826">
        <ele>108.93</ele>
      </trkpt>
      <trkpt lat="41.069931" lon="-8.428735">
        <ele>105.85</ele>
      </trkpt>
      <trkpt lat="41.069775" lon="-8.428943">
        <ele>104.64</ele>
      </trkpt>
      <trkpt lat="41.06963" lon="-8.429026">
        <ele>103.53</ele>
      </trkpt>
      <trkpt lat="41.069469" lon="-8.429049">
        <ele>102.18</ele>
      </trkpt>
      <trkpt lat="41.068895" lon="-8.428978">
        <ele>100.45</ele>
      </trkpt>
      <trkpt lat="41.068646" lon="-8.429003">
        <ele>100.54</ele>
      </trkpt>
      <trkpt lat="41.068351" lon="-8.429154">
        <ele>98.32</ele>
      </trkpt>
      <trkpt lat="41.068096" lon="-8.429326">
        <ele>96.83</ele>
      </trkpt>
      <trkpt lat="41.067898" lon="-8.429602">
        <ele>97.65</ele>
      </trkpt>
      <trkpt lat="41.067476" lon="-8.430187">
        <ele>93.23</ele>
      </trkpt>
      <trkpt lat="41.066946" lon="-8.431305">
        <ele>85.47</ele>
      </trkpt>
      <trkpt lat="41.066449" lon="-8.432332">
        <ele>79.99</ele>
      </trkpt>
      <trkpt lat="41.066316" lon="-8.43265">
        <ele>78.96</ele>
      </trkpt>
      <trkpt lat="41.066066" lon="-8.433466">
        <ele>75</ele>
      </trkpt>
      <trkpt lat="41.065925" lon="-8.433896">
        <ele>73.04</ele>
      </trkpt>
      <trkpt lat="41.065842" lon="-8.434232">
        <ele>72.93</ele>
      </trkpt>
      <trkpt lat="41.065835" lon="-8.434426">
        <ele>71.76</ele>
      </trkpt>
      <trkpt lat="41.065879" lon="-8.434609">
        <ele>71.78</ele>
      </trkpt>
      <trkpt lat="41.065978" lon="-8.434777">
        <ele>70.79</ele>
      </trkpt>
      <trkpt lat="41.066538" lon="-8.435399">
        <ele>67.41</ele>
      </trkpt>
      <trkpt lat="41.06666" lon="-8.435549">
        <ele>67.76</ele>
      </trkpt>
      <trkpt lat="41.066732" lon="-8.435763">
        <ele>64.92</ele>
      </trkpt>
      <trkpt lat="41.066734" lon="-8.436077">
        <ele>62.7</ele>
      </trkpt>
      <trkpt lat="41.066525" lon="-8.437401">
        <ele>58.16</ele>
      </trkpt>
      <trkpt lat="41.066505" lon="-8.437617">
        <ele>55.45</ele>
      </trkpt>
      <trkpt lat="41.06647" lon="-8.438">
        <ele>55.11</ele>
      </trkpt>
      <trkpt lat="41.066435" lon="-8.438384">
        <ele>56.9</ele>
      </trkpt>
      <trkpt lat="41.066249" lon="-8.439024">
        <ele>56.19</ele>
      </trkpt>
      <trkpt lat="41.065984" lon="-8.439943">
        <ele>56.15</ele>
      </trkpt>
      <trkpt lat="41.065933" lon="-8.440205">
        <ele>54.37</ele>
      </trkpt>
      <trkpt lat="41.06597" lon="-8.440497">
        <ele>54.53</ele>
      </trkpt>
      <trkpt lat="41.066064" lon="-8.44069">
        <ele>54.07</ele>
      </trkpt>
      <trkpt lat="41.066624" lon="-8.441537">
        <ele>53.05</ele>
      </trkpt>
      <trkpt lat="41.066716" lon="-8.441721">
        <ele>52.54</ele>
      </trkpt>
      <trkpt lat="41.06674" lon="-8.441854">
        <ele>52.24</ele>
      </trkpt>
      <trkpt lat="41.066759" lon="-8.44205">
        <ele>52.39</ele>
      </trkpt>
      <trkpt lat="41.066705" lon="-8.442906">
        <ele>52.58</ele>
      </trkpt>
      <trkpt lat="41.066735" lon="-8.4432">
        <ele>51.8</ele>
      </trkpt>
      <trkpt lat="41.067146" lon="-8.444507">
        <ele>45.37</ele>
      </trkpt>
      <trkpt lat="41.067432" lon="-8.445471">
        <ele>54.97</ele>
      </trkpt>
      <trkpt lat="41.067528" lon="-8.445793">
        <ele>56.82</ele>
      </trkpt>
      <trkpt lat="41.067718" lon="-8.446436">
        <ele>56.78</ele>
      </trkpt>
      <trkpt lat="41.067909" lon="-8.447079">
        <ele>60.5</ele>
      </trkpt>
      <trkpt lat="41.067964" lon="-8.447237">
        <ele>61.55</ele>
      </trkpt>
      <trkpt lat="41.068031" lon="-8.447386">
        <ele>62.01</ele>
      </trkpt>
      <trkpt lat="41.068111" lon="-8.447535">
        <ele>62.56</ele>
      </trkpt>
      <trkpt lat="41.068225" lon="-8.447668">
        <ele>63.25</ele>
      </trkpt>
      <trkpt lat="41.068569" lon="-8.447932">
        <ele>63.42</ele>
      </trkpt>
      <trkpt lat="41.071516" lon="-8.450173">
        <ele>83.37</ele>
      </trkpt>
      <trkpt lat="41.072252" lon="-8.450707">
        <ele>83.25</ele>
      </trkpt>
      <trkpt lat="41.072604" lon="-8.451009">
        <ele>80.75</ele>
      </trkpt>
      <trkpt lat="41.07271" lon="-8.451122">
        <ele>80.14</ele>
      </trkpt>
      <trkpt lat="41.072805" lon="-8.451296">
        <ele>79.78</ele>
      </trkpt>
      <trkpt lat="41.072877" lon="-8.45152">
        <ele>80.23</ele>
      </trkpt>
      <trkpt lat="41.072926" lon="-8.451952">
        <ele>77.17</ele>
      </trkpt>
      <trkpt lat="41.072974" lon="-8.452385">
        <ele>76.12</ele>
      </trkpt>
      <trkpt lat="41.073124" lon="-8.452739">
        <ele>75.81</ele>
      </trkpt>
      <trkpt lat="41.073167" lon="-8.452803">
        <ele>75.98</ele>
      </trkpt>
      <trkpt lat="41.073195" lon="-8.452892">
        <ele>75.96</ele>
      </trkpt>
      <trkpt lat="41.073199" lon="-8.452973">
        <ele>75.9</ele>
      </trkpt>
      <trkpt lat="41.073184" lon="-8.453054">
        <ele>75.57</ele>
      </trkpt>
      <trkpt lat="41.073152" lon="-8.453127">
        <ele>75.15</ele>
      </trkpt>
      <trkpt lat="41.073078" lon="-8.453491">
        <ele>75.11</ele>
      </trkpt>
      <trkpt lat="41.07311" lon="-8.453798">
        <ele>76.69</ele>
      </trkpt>
      <trkpt lat="41.073195" lon="-8.454682">
        <ele>75.09</ele>
      </trkpt>
      <trkpt lat="41.07323" lon="-8.455059">
        <ele>76.03</ele>
      </trkpt>
      <trkpt lat="41.07326" lon="-8.455381">
        <ele>73.08</ele>
      </trkpt>
      <trkpt lat="41.073292" lon="-8.455722">
        <ele>72.24</ele>
      </trkpt>
      <trkpt lat="41.073381" lon="-8.456671">
        <ele>72.24</ele>
      </trkpt>
      <trkpt lat="41.073407" lon="-8.456886">
        <ele>72</ele>
      </trkpt>
      <trkpt lat="41.073522" lon="-8.458151">
        <ele>68.93</ele>
      </trkpt>
      <trkpt lat="41.073664" lon="-8.459696">
        <ele>62</ele>
      </trkpt>
      <trkpt lat="41.073858" lon="-8.461509">
        <ele>55.51</ele>
      </trkpt>
      <trkpt lat="41.073908" lon="-8.461985">
        <ele>56.01</ele>
      </trkpt>
      <trkpt lat="41.073972" lon="-8.462421">
        <ele>53.14</ele>
      </trkpt>
      <trkpt lat="41.074052" lon="-8.462701">
        <ele>53.2</ele>
      </trkpt>
      <trkpt lat="41.074458" lon="-8.463869">
        <ele>46.37</ele>
      </trkpt>
      <trkpt lat="41.074832" lon="-8.464994">
        <ele>43.44</ele>
      </trkpt>
      <trkpt lat="41.074971" lon="-8.465343">
        <ele>40.93</ele>
      </trkpt>
      <trkpt lat="41.075153" lon="-8.465591">
        <ele>37.89</ele>
      </trkpt>
      <trkpt lat="41.075334" lon="-8.46584">
        <ele>37.38</ele>
      </trkpt>
      <trkpt lat="41.075454" lon="-8.466061">
        <ele>38.64</ele>
      </trkpt>
      <trkpt lat="41.075599" lon="-8.466388">
        <ele>37.7</ele>
      </trkpt>
      <trkpt lat="41.075744" lon="-8.466716">
        <ele>33.35</ele>
      </trkpt>
      <trkpt lat="41.07608" lon="-8.467479">
        <ele>30.38</ele>
      </trkpt>
      <trkpt lat="41.076382" lon="-8.468189">
        <ele>27.78</ele>
      </trkpt>
      <trkpt lat="41.076431" lon="-8.468322">
        <ele>27.71</ele>
      </trkpt>
      <trkpt lat="41.076481" lon="-8.468536">
        <ele>27.61</ele>
      </trkpt>
      <trkpt lat="41.076622" lon="-8.469855">
        <ele>21.9</ele>
      </trkpt>
      <trkpt lat="41.076701" lon="-8.470577">
        <ele>21.79</ele>
      </trkpt>
      <trkpt lat="41.076729" lon="-8.470737">
        <ele>21.22</ele>
      </trkpt>
      <trkpt lat="41.076774" lon="-8.470883">
        <ele>20.66</ele>
      </trkpt>
      <trkpt lat="41.076856" lon="-8.471014">
        <ele>20.96</ele>
      </trkpt>
      <trkpt lat="41.076966" lon="-8.471118">
        <ele>21.84</ele>
      </trkpt>
      <trkpt lat="41.077167" lon="-8.47126">
        <ele>21.56</ele>
      </trkpt>
      <trkpt lat="41.077503" lon="-8.471536">
        <ele>19.73</ele>
      </trkpt>
      <trkpt lat="41.077659" lon="-8.471728">
        <ele>20</ele>
      </trkpt>
      <trkpt lat="41.077894" lon="-8.47198">
        <ele>20.46</ele>
      </trkpt>
      <trkpt lat="41.077915" lon="-8.47201">
        <ele>20.28</ele>
      </trkpt>
      <trkpt lat="41.077927" lon="-8.472047">
        <ele>20.34</ele>
      </trkpt>
      <trkpt lat="41.07793" lon="-8.472087">
        <ele>20.46</ele>
      </trkpt>
      <trkpt lat="41.077923" lon="-8.47213">
        <ele>20.52</ele>
      </trkpt>
      <trkpt lat="41.077906" lon="-8.472192">
        <ele>20.65</ele>
      </trkpt>
      <trkpt lat="41.077893" lon="-8.472334">
        <ele>20.88</ele>
      </trkpt>
      <trkpt lat="41.077899" lon="-8.472543">
        <ele>20.27</ele>
      </trkpt>
      <trkpt lat="41.077921" lon="-8.472799">
        <ele>20.71</ele>
      </trkpt>
      <trkpt lat="41.07793" lon="-8.473129">
        <ele>21.27</ele>
      </trkpt>
      <trkpt lat="41.077894" lon="-8.473399">
        <ele>21</ele>
      </trkpt>
      <trkpt lat="41.077833" lon="-8.473665">
        <ele>20.9</ele>
      </trkpt>
      <trkpt lat="41.077774" lon="-8.473821">
        <ele>21.41</ele>
      </trkpt>
      <trkpt lat="41.077588" lon="-8.474239">
        <ele>21.51</ele>
      </trkpt>
      <trkpt lat="41.077501" lon="-8.474435">
        <ele>21.56</ele>
      </trkpt>
      <trkpt lat="41.077434" lon="-8.474716">
        <ele>20.7</ele>
      </trkpt>
      <trkpt lat="41.077401" lon="-8.475082">
        <ele>19.91</ele>
      </trkpt>
      <trkpt lat="41.077369" lon="-8.47593">
        <ele>18.79</ele>
      </trkpt>
      <trkpt lat="41.077283" lon="-8.476219">
        <ele>19.68</ele>
      </trkpt>
      <trkpt lat="41.077144" lon="-8.476582">
        <ele>20.86</ele>
      </trkpt>
      <trkpt lat="41.076866" lon="-8.477307">
        <ele>20.03</ele>
      </trkpt>
      <trkpt lat="41.076782" lon="-8.477676">
        <ele>20.44</ele>
      </trkpt>
      <trkpt lat="41.076714" lon="-8.478243">
        <ele>20.25</ele>
      </trkpt>
      <trkpt lat="41.076686" lon="-8.479281">
        <ele>17.84</ele>
      </trkpt>
      <trkpt lat="41.076641" lon="-8.479544">
        <ele>17.78</ele>
      </trkpt>
      <trkpt lat="41.076537" lon="-8.479842">
        <ele>19</ele>
      </trkpt>
      <trkpt lat="41.076245" lon="-8.480438">
        <ele>19.76</ele>
      </trkpt>
      <trkpt lat="41.076199" lon="-8.480586">
        <ele>19.83</ele>
      </trkpt>
      <trkpt lat="41.076179" lon="-8.480753">
        <ele>19.35</ele>
      </trkpt>
      <trkpt lat="41.076211" lon="-8.481582">
        <ele>19.75</ele>
      </trkpt>
      <trkpt lat="41.076188" lon="-8.481975">
        <ele>19.9</ele>
      </trkpt>
      <trkpt lat="41.076149" lon="-8.482233">
        <ele>19.69</ele>
      </trkpt>
      <trkpt lat="41.076107" lon="-8.482376">
        <ele>19.87</ele>
      </trkpt>
      <trkpt lat="41.075413" lon="-8.484739">
        <ele>22.91</ele>
      </trkpt>
      <trkpt lat="41.075279" lon="-8.485256">
        <ele>24.09</ele>
      </trkpt>
      <trkpt lat="41.074995" lon="-8.485702">
        <ele>25.43</ele>
      </trkpt>
      <trkpt lat="41.074795" lon="-8.486129">
        <ele>26.39</ele>
      </trkpt>
      <trkpt lat="41.074664" lon="-8.486669">
        <ele>27.22</ele>
      </trkpt>
      <trkpt lat="41.074598" lon="-8.487008">
        <ele>25.14</ele>
      </trkpt>
      <trkpt lat="41.074532" lon="-8.487348">
        <ele>25.6</ele>
      </trkpt>
      <trkpt lat="41.074422" lon="-8.488013">
        <ele>26.27</ele>
      </trkpt>
      <trkpt lat="41.074414" lon="-8.488288">
        <ele>26.46</ele>
      </trkpt>
      <trkpt lat="41.074453" lon="-8.488638">
        <ele>23.91</ele>
      </trkpt>
      <trkpt lat="41.074432" lon="-8.488885">
        <ele>23.56</ele>
      </trkpt>
      <trkpt lat="41.074367" lon="-8.489093">
        <ele>23.97</ele>
      </trkpt>
      <trkpt lat="41.074007" lon="-8.48974">
        <ele>22.71</ele>
      </trkpt>
      <trkpt lat="41.073873" lon="-8.490135">
        <ele>22.5</ele>
      </trkpt>
      <trkpt lat="41.073814" lon="-8.490494">
        <ele>21.27</ele>
      </trkpt>
      <trkpt lat="41.073797" lon="-8.490858">
        <ele>20.07</ele>
      </trkpt>
      <trkpt lat="41.073781" lon="-8.491222">
        <ele>21.29</ele>
      </trkpt>
      <trkpt lat="41.073803" lon="-8.491564">
        <ele>21.52</ele>
      </trkpt>
      <trkpt lat="41.073825" lon="-8.491905">
        <ele>18.33</ele>
      </trkpt>
      <trkpt lat="41.073869" lon="-8.492588">
        <ele>16.12</ele>
      </trkpt>
      <trkpt lat="41.073892" lon="-8.492929">
        <ele>16.93</ele>
      </trkpt>
      <trkpt lat="41.07388" lon="-8.493118">
        <ele>17.98</ele>
      </trkpt>
      <trkpt lat="41.073837" lon="-8.493272">
        <ele>19.49</ele>
      </trkpt>
      <trkpt lat="41.073738" lon="-8.493418">
        <ele>20.75</ele>
      </trkpt>
      <trkpt lat="41.073623" lon="-8.493512">
        <ele>21.05</ele>
      </trkpt>
      <trkpt lat="41.073303" lon="-8.493622">
        <ele>23.76</ele>
      </trkpt>
      <trkpt lat="41.073252" lon="-8.493651">
        <ele>23.44</ele>
      </trkpt>
      <trkpt lat="41.073138" lon="-8.493716">
        <ele>22.73</ele>
      </trkpt>
      <trkpt lat="41.073029" lon="-8.493827">
        <ele>23.55</ele>
      </trkpt>
      <trkpt lat="41.072944" lon="-8.493963">
        <ele>24.87</ele>
      </trkpt>
      <trkpt lat="41.072801" lon="-8.494376">
        <ele>26.25</ele>
      </trkpt>
      <trkpt lat="41.072719" lon="-8.494801">
        <ele>28.54</ele>
      </trkpt>
      <trkpt lat="41.072694" lon="-8.495424">
        <ele>30.13</ele>
      </trkpt>
      <trkpt lat="41.072757" lon="-8.495693">
        <ele>32.34</ele>
      </trkpt>
      <trkpt lat="41.072862" lon="-8.495925">
        <ele>36.3</ele>
      </trkpt>
      <trkpt lat="41.073002" lon="-8.496233">
        <ele>35.73</ele>
      </trkpt>
      <trkpt lat="41.073046" lon="-8.496394">
        <ele>33.77</ele>
      </trkpt>
      <trkpt lat="41.073025" lon="-8.49665">
        <ele>30.93</ele>
      </trkpt>
      <trkpt lat="41.072929" lon="-8.49696">
        <ele>34.37</ele>
      </trkpt>
      <trkpt lat="41.072742" lon="-8.497359">
        <ele>37.75</ele>
      </trkpt>
      <trkpt lat="41.07257" lon="-8.497724">
        <ele>33.54</ele>
      </trkpt>
      <trkpt lat="41.072398" lon="-8.498089">
        <ele>37.61</ele>
      </trkpt>
      <trkpt lat="41.072342" lon="-8.498281">
        <ele>38.83</ele>
      </trkpt>
      <trkpt lat="41.072353" lon="-8.49856">
        <ele>40.15</ele>
      </trkpt>
      <trkpt lat="41.072433" lon="-8.498892">
        <ele>39.28</ele>
      </trkpt>
      <trkpt lat="41.072593" lon="-8.499557">
        <ele>43.78</ele>
      </trkpt>
      <trkpt lat="41.072672" lon="-8.499889">
        <ele>42.73</ele>
      </trkpt>
      <trkpt lat="41.07271" lon="-8.500029">
        <ele>42.56</ele>
      </trkpt>
      <trkpt lat="41.072916" lon="-8.500457">
        <ele>41.85</ele>
      </trkpt>
      <trkpt lat="41.072976" lon="-8.500648">
        <ele>42.73</ele>
      </trkpt>
      <trkpt lat="41.072984" lon="-8.500824">
        <ele>39.41</ele>
      </trkpt>
      <trkpt lat="41.072992" lon="-8.501153">
        <ele>39.53</ele>
      </trkpt>
      <trkpt lat="41.073" lon="-8.501482">
        <ele>43.11</ele>
      </trkpt>
      <trkpt lat="41.073009" lon="-8.501811">
        <ele>42.91</ele>
      </trkpt>
      <trkpt lat="41.073017" lon="-8.50214">
        <ele>40.17</ele>
      </trkpt>
      <trkpt lat="41.073001" lon="-8.502608">
        <ele>42.56</ele>
      </trkpt>
      <trkpt lat="41.072963" lon="-8.502869">
        <ele>42.93</ele>
      </trkpt>
      <trkpt lat="41.072878" lon="-8.503286">
        <ele>42.34</ele>
      </trkpt>
      <trkpt lat="41.072603" lon="-8.504208">
        <ele>42.35</ele>
      </trkpt>
      <trkpt lat="41.072618" lon="-8.504515">
        <ele>43.53</ele>
      </trkpt>
      <trkpt lat="41.072719" lon="-8.505111">
        <ele>44.7</ele>
      </trkpt>
      <trkpt lat="41.072711" lon="-8.505369">
        <ele>43.96</ele>
      </trkpt>
      <trkpt lat="41.072622" lon="-8.505618">
        <ele>42.84</ele>
      </trkpt>
      <trkpt lat="41.072514" lon="-8.505874">
        <ele>42.79</ele>
      </trkpt>
      <trkpt lat="41.072503" lon="-8.506088">
        <ele>43.69</ele>
      </trkpt>
      <trkpt lat="41.072672" lon="-8.507302">
        <ele>44.65</ele>
      </trkpt>
      <trkpt lat="41.072722" lon="-8.507694">
        <ele>46.38</ele>
      </trkpt>
      <trkpt lat="41.072873" lon="-8.50887">
        <ele>45.68</ele>
      </trkpt>
      <trkpt lat="41.072909" lon="-8.509217">
        <ele>45.47</ele>
      </trkpt>
      <trkpt lat="41.072969" lon="-8.509513">
        <ele>45.77</ele>
      </trkpt>
      <trkpt lat="41.073105" lon="-8.509897">
        <ele>43.43</ele>
      </trkpt>
      <trkpt lat="41.074305" lon="-8.511538">
        <ele>45.85</ele>
      </trkpt>
      <trkpt lat="41.074505" lon="-8.511812">
        <ele>43.54</ele>
      </trkpt>
      <trkpt lat="41.074726" lon="-8.511937">
        <ele>43.07</ele>
      </trkpt>
      <trkpt lat="41.074914" lon="-8.511967">
        <ele>44.54</ele>
      </trkpt>
      <trkpt lat="41.075186" lon="-8.511938">
        <ele>46.98</ele>
      </trkpt>
      <trkpt lat="41.075526" lon="-8.511903">
        <ele>45</ele>
      </trkpt>
      <trkpt lat="41.0759" lon="-8.511879">
        <ele>44.56</ele>
      </trkpt>
      <trkpt lat="41.076165" lon="-8.511868">
        <ele>49.1</ele>
      </trkpt>
      <trkpt lat="41.076376" lon="-8.511916">
        <ele>49.56</ele>
      </trkpt>
      <trkpt lat="41.076559" lon="-8.512024">
        <ele>50.15</ele>
      </trkpt>
      <trkpt lat="41.076713" lon="-8.512186">
        <ele>47.34</ele>
      </trkpt>
      <trkpt lat="41.076818" lon="-8.512409">
        <ele>45.4</ele>
      </trkpt>
      <trkpt lat="41.076852" lon="-8.512705">
        <ele>45.56</ele>
      </trkpt>
      <trkpt lat="41.076818" lon="-8.512976">
        <ele>44.85</ele>
      </trkpt>
      <trkpt lat="41.076716" lon="-8.513404">
        <ele>46.37</ele>
      </trkpt>
      <trkpt lat="41.076736" lon="-8.513652">
        <ele>48.64</ele>
      </trkpt>
      <trkpt lat="41.076821" lon="-8.513803">
        <ele>50.18</ele>
      </trkpt>
      <trkpt lat="41.076956" lon="-8.513935">
        <ele>51.27</ele>
      </trkpt>
      <trkpt lat="41.076985" lon="-8.513963">
        <ele>51.5</ele>
      </trkpt>
      <trkpt lat="41.077412" lon="-8.514284">
        <ele>47.27</ele>
      </trkpt>
      <trkpt lat="41.077884" lon="-8.514637">
        <ele>46.13</ele>
      </trkpt>
      <trkpt lat="41.078216" lon="-8.514902">
        <ele>47.92</ele>
      </trkpt>
      <trkpt lat="41.07859" lon="-8.515299">
        <ele>48.45</ele>
      </trkpt>
      <trkpt lat="41.078735" lon="-8.515371">
        <ele>48.1</ele>
      </trkpt>
      <trkpt lat="41.079343" lon="-8.51551">
        <ele>48.19</ele>
      </trkpt>
      <trkpt lat="41.079647" lon="-8.515579">
        <ele>45.98</ele>
      </trkpt>
      <trkpt lat="41.079834" lon="-8.515599">
        <ele>46.81</ele>
      </trkpt>
      <trkpt lat="41.07995" lon="-8.515578">
        <ele>47.07</ele>
      </trkpt>
      <trkpt lat="41.080135" lon="-8.515448">
        <ele>46.88</ele>
      </trkpt>
      <trkpt lat="41.080367" lon="-8.515163">
        <ele>44.29</ele>
      </trkpt>
      <trkpt lat="41.080492" lon="-8.515095">
        <ele>44.72</ele>
      </trkpt>
      <trkpt lat="41.080648" lon="-8.515088">
        <ele>44.79</ele>
      </trkpt>
      <trkpt lat="41.080837" lon="-8.515169">
        <ele>44.41</ele>
      </trkpt>
      <trkpt lat="41.080973" lon="-8.515317">
        <ele>45.75</ele>
      </trkpt>
      <trkpt lat="41.081181" lon="-8.515932">
        <ele>43.22</ele>
      </trkpt>
      <trkpt lat="41.081263" lon="-8.516262">
        <ele>45.01</ele>
      </trkpt>
      <trkpt lat="41.08136" lon="-8.516521">
        <ele>44.56</ele>
      </trkpt>
      <trkpt lat="41.081432" lon="-8.516624">
        <ele>44.53</ele>
      </trkpt>
      <trkpt lat="41.081513" lon="-8.51667">
        <ele>45.19</ele>
      </trkpt>
      <trkpt lat="41.081626" lon="-8.516713">
        <ele>46.27</ele>
      </trkpt>
      <trkpt lat="41.081743" lon="-8.516719">
        <ele>46.46</ele>
      </trkpt>
      <trkpt lat="41.082137" lon="-8.516685">
        <ele>45.47</ele>
      </trkpt>
      <trkpt lat="41.082238" lon="-8.516702">
        <ele>44.89</ele>
      </trkpt>
      <trkpt lat="41.082238" lon="-8.516702">
        <ele>44.89</ele>
      </trkpt>
      <trkpt lat="41.082396" lon="-8.516728">
        <ele>43.99</ele>
      </trkpt>
      <trkpt lat="41.082606" lon="-8.516806">
        <ele>45.59</ele>
      </trkpt>
      <trkpt lat="41.082802" lon="-8.516998">
        <ele>46.58</ele>
      </trkpt>
      <trkpt lat="41.082997" lon="-8.517191">
        <ele>44.64</ele>
      </trkpt>
      <trkpt lat="41.083483" lon="-8.517672">
        <ele>45.16</ele>
      </trkpt>
      <trkpt lat="41.083787" lon="-8.517887">
        <ele>45.15</ele>
      </trkpt>
      <trkpt lat="41.084268" lon="-8.518071">
        <ele>42.82</ele>
      </trkpt>
      <trkpt lat="41.084822" lon="-8.518314">
        <ele>41.68</ele>
      </trkpt>
      <trkpt lat="41.085308" lon="-8.518565">
        <ele>39.58</ele>
      </trkpt>
      <trkpt lat="41.086187" lon="-8.51908">
        <ele>35.67</ele>
      </trkpt>
      <trkpt lat="41.08681" lon="-8.519401">
        <ele>32.98</ele>
      </trkpt>
      <trkpt lat="41.086991" lon="-8.519483">
        <ele>32.22</ele>
      </trkpt>
      <trkpt lat="41.087197" lon="-8.519552">
        <ele>31.38</ele>
      </trkpt>
      <trkpt lat="41.088701" lon="-8.519725">
        <ele>27.11</ele>
      </trkpt>
      <trkpt lat="41.088804" lon="-8.519752">
        <ele>26.16</ele>
      </trkpt>
      <trkpt lat="41.088912" lon="-8.519785">
        <ele>28.13</ele>
      </trkpt>
      <trkpt lat="41.08896" lon="-8.519809">
        <ele>29.31</ele>
      </trkpt>
      <trkpt lat="41.089069" lon="-8.519904">
        <ele>29.94</ele>
      </trkpt>
      <trkpt lat="41.08943" lon="-8.520304">
        <ele>30.83</ele>
      </trkpt>
      <trkpt lat="41.089608" lon="-8.520476">
        <ele>29.72</ele>
      </trkpt>
      <trkpt lat="41.089732" lon="-8.520548">
        <ele>28.3</ele>
      </trkpt>
      <trkpt lat="41.090007" lon="-8.520658">
        <ele>28.8</ele>
      </trkpt>
      <trkpt lat="41.090282" lon="-8.520767">
        <ele>24.47</ele>
      </trkpt>
      <trkpt lat="41.090531" lon="-8.520867">
        <ele>25.35</ele>
      </trkpt>
      <trkpt lat="41.090832" lon="-8.520987">
        <ele>26.41</ele>
      </trkpt>
      <trkpt lat="41.092035" lon="-8.521456">
        <ele>24.09</ele>
      </trkpt>
      <trkpt lat="41.092808" lon="-8.521747">
        <ele>24.85</ele>
      </trkpt>
      <trkpt lat="41.093054" lon="-8.521718">
        <ele>25.92</ele>
      </trkpt>
      <trkpt lat="41.093168" lon="-8.521651">
        <ele>27.17</ele>
      </trkpt>
      <trkpt lat="41.093437" lon="-8.521401">
        <ele>27.38</ele>
      </trkpt>
      <trkpt lat="41.093707" lon="-8.521152">
        <ele>22.09</ele>
      </trkpt>
      <trkpt lat="41.09384" lon="-8.521077">
        <ele>21.11</ele>
      </trkpt>
      <trkpt lat="41.094034" lon="-8.521124">
        <ele>22.27</ele>
      </trkpt>
      <trkpt lat="41.094178" lon="-8.521367">
        <ele>21.9</ele>
      </trkpt>
      <trkpt lat="41.094247" lon="-8.521794">
        <ele>22.88</ele>
      </trkpt>
      <trkpt lat="41.094364" lon="-8.522066">
        <ele>24.97</ele>
      </trkpt>
      <trkpt lat="41.094549" lon="-8.522226">
        <ele>25.66</ele>
      </trkpt>
      <trkpt lat="41.095413" lon="-8.522487">
        <ele>26.73</ele>
      </trkpt>
      <trkpt lat="41.095853" lon="-8.52262">
        <ele>25.2</ele>
      </trkpt>
      <trkpt lat="41.09616" lon="-8.522643">
        <ele>27.09</ele>
      </trkpt>
      <trkpt lat="41.09649" lon="-8.522654">
        <ele>26.24</ele>
      </trkpt>
      <trkpt lat="41.096664" lon="-8.522724">
        <ele>26.14</ele>
      </trkpt>
      <trkpt lat="41.096854" lon="-8.5228">
        <ele>26.03</ele>
      </trkpt>
      <trkpt lat="41.097029" lon="-8.522929">
        <ele>26</ele>
      </trkpt>
      <trkpt lat="41.097717" lon="-8.523764">
        <ele>26.99</ele>
      </trkpt>
      <trkpt lat="41.098104" lon="-8.524099">
        <ele>26.79</ele>
      </trkpt>
      <trkpt lat="41.098444" lon="-8.524358">
        <ele>26.38</ele>
      </trkpt>
      <trkpt lat="41.09869" lon="-8.524504">
        <ele>28.23</ele>
      </trkpt>
      <trkpt lat="41.099183" lon="-8.524796">
        <ele>26.24</ele>
      </trkpt>
      <trkpt lat="41.09955" lon="-8.524983">
        <ele>24.41</ele>
      </trkpt>
      <trkpt lat="41.099768" lon="-8.525066">
        <ele>25.22</ele>
      </trkpt>
      <trkpt lat="41.100406" lon="-8.525301">
        <ele>20.49</ele>
      </trkpt>
      <trkpt lat="41.100655" lon="-8.525386">
        <ele>22.95</ele>
      </trkpt>
      <trkpt lat="41.100903" lon="-8.525471">
        <ele>16.78</ele>
      </trkpt>
      <trkpt lat="41.101032" lon="-8.525532">
        <ele>16.43</ele>
      </trkpt>
      <trkpt lat="41.101319" lon="-8.525733">
        <ele>19.81</ele>
      </trkpt>
      <trkpt lat="41.101472" lon="-8.525814">
        <ele>20.1</ele>
      </trkpt>
      <trkpt lat="41.101558" lon="-8.525832">
        <ele>21.22</ele>
      </trkpt>
      <trkpt lat="41.101658" lon="-8.525825">
        <ele>21.28</ele>
      </trkpt>
      <trkpt lat="41.101949" lon="-8.525685">
        <ele>20.94</ele>
      </trkpt>
      <trkpt lat="41.102032" lon="-8.525686">
        <ele>20.61</ele>
      </trkpt>
      <trkpt lat="41.102097" lon="-8.52571">
        <ele>19.96</ele>
      </trkpt>
      <trkpt lat="41.102159" lon="-8.525759">
        <ele>21.35</ele>
      </trkpt>
      <trkpt lat="41.102213" lon="-8.525867">
        <ele>23.2</ele>
      </trkpt>
      <trkpt lat="41.102347" lon="-8.526396">
        <ele>26.47</ele>
      </trkpt>
      <trkpt lat="41.102392" lon="-8.526559">
        <ele>24.77</ele>
      </trkpt>
      <trkpt lat="41.102443" lon="-8.52666">
        <ele>24.41</ele>
      </trkpt>
      <trkpt lat="41.102549" lon="-8.526777">
        <ele>25.15</ele>
      </trkpt>
      <trkpt lat="41.102738" lon="-8.526941">
        <ele>25.78</ele>
      </trkpt>
      <trkpt lat="41.102803" lon="-8.527051">
        <ele>24.34</ele>
      </trkpt>
      <trkpt lat="41.102961" lon="-8.527431">
        <ele>21.61</ele>
      </trkpt>
      <trkpt lat="41.103201" lon="-8.527951">
        <ele>20.74</ele>
      </trkpt>
      <trkpt lat="41.103457" lon="-8.528319">
        <ele>20.28</ele>
      </trkpt>
      <trkpt lat="41.103565" lon="-8.528453">
        <ele>19.7</ele>
      </trkpt>
      <trkpt lat="41.104108" lon="-8.529128">
        <ele>16.77</ele>
      </trkpt>
      <trkpt lat="41.104198" lon="-8.529202">
        <ele>17.28</ele>
      </trkpt>
      <trkpt lat="41.104295" lon="-8.529255">
        <ele>17.44</ele>
      </trkpt>
      <trkpt lat="41.104413" lon="-8.529276">
        <ele>18.87</ele>
      </trkpt>
      <trkpt lat="41.104512" lon="-8.529266">
        <ele>19.09</ele>
      </trkpt>
      <trkpt lat="41.104619" lon="-8.529231">
        <ele>18.85</ele>
      </trkpt>
      <trkpt lat="41.104749" lon="-8.529097">
        <ele>20.1</ele>
      </trkpt>
      <trkpt lat="41.104969" lon="-8.528788">
        <ele>22.07</ele>
      </trkpt>
      <trkpt lat="41.105345" lon="-8.528271">
        <ele>20</ele>
      </trkpt>
      <trkpt lat="41.105901" lon="-8.527483">
        <ele>20.3</ele>
      </trkpt>
      <trkpt lat="41.106115" lon="-8.527205">
        <ele>19.11</ele>
      </trkpt>
      <trkpt lat="41.106365" lon="-8.526994">
        <ele>16.43</ele>
      </trkpt>
      <trkpt lat="41.106608" lon="-8.526835">
        <ele>15.71</ele>
      </trkpt>
      <trkpt lat="41.106693" lon="-8.526814">
        <ele>14.89</ele>
      </trkpt>
      <trkpt lat="41.106791" lon="-8.526854">
        <ele>13.66</ele>
      </trkpt>
      <trkpt lat="41.106849" lon="-8.526898">
        <ele>13.35</ele>
      </trkpt>
      <trkpt lat="41.106902" lon="-8.526962">
        <ele>13</ele>
      </trkpt>
      <trkpt lat="41.106946" lon="-8.527082">
        <ele>13.63</ele>
      </trkpt>
      <trkpt lat="41.106953" lon="-8.527184">
        <ele>14.66</ele>
      </trkpt>
      <trkpt lat="41.106939" lon="-8.52731">
        <ele>16.15</ele>
      </trkpt>
      <trkpt lat="41.106923" lon="-8.527353">
        <ele>16.28</ele>
      </trkpt>
      <trkpt lat="41.106885" lon="-8.527451">
        <ele>16.61</ele>
      </trkpt>
      <trkpt lat="41.106597" lon="-8.528014">
        <ele>21.01</ele>
      </trkpt>
      <trkpt lat="41.106402" lon="-8.528444">
        <ele>22.01</ele>
      </trkpt>
      <trkpt lat="41.106338" lon="-8.528652">
        <ele>21.06</ele>
      </trkpt>
      <trkpt lat="41.106276" lon="-8.528942">
        <ele>23.72</ele>
      </trkpt>
      <trkpt lat="41.106265" lon="-8.529036">
        <ele>24.09</ele>
      </trkpt>
      <trkpt lat="41.106265" lon="-8.529248">
        <ele>23.07</ele>
      </trkpt>
      <trkpt lat="41.106272" lon="-8.529529">
        <ele>24.61</ele>
      </trkpt>
      <trkpt lat="41.106299" lon="-8.529994">
        <ele>27.24</ele>
      </trkpt>
      <trkpt lat="41.106325" lon="-8.530235">
        <ele>27.86</ele>
      </trkpt>
      <trkpt lat="41.106372" lon="-8.530473">
        <ele>26.83</ele>
      </trkpt>
      <trkpt lat="41.106444" lon="-8.530738">
        <ele>24.91</ele>
      </trkpt>
      <trkpt lat="41.106645" lon="-8.531415">
        <ele>26.1</ele>
      </trkpt>
      <trkpt lat="41.106715" lon="-8.531584">
        <ele>25.96</ele>
      </trkpt>
      <trkpt lat="41.106795" lon="-8.531707">
        <ele>26.35</ele>
      </trkpt>
      <trkpt lat="41.106936" lon="-8.531861">
        <ele>25.95</ele>
      </trkpt>
      <trkpt lat="41.107026" lon="-8.53194">
        <ele>27.69</ele>
      </trkpt>
      <trkpt lat="41.107392" lon="-8.532258">
        <ele>28.73</ele>
      </trkpt>
      <trkpt lat="41.108178" lon="-8.532952">
        <ele>25.01</ele>
      </trkpt>
      <trkpt lat="41.108773" lon="-8.533477">
        <ele>25.87</ele>
      </trkpt>
      <trkpt lat="41.10942" lon="-8.534044">
        <ele>22.69</ele>
      </trkpt>
      <trkpt lat="41.109654" lon="-8.53425">
        <ele>23.17</ele>
      </trkpt>
      <trkpt lat="41.109765" lon="-8.534336">
        <ele>24.24</ele>
      </trkpt>
      <trkpt lat="41.109893" lon="-8.534398">
        <ele>23.87</ele>
      </trkpt>
      <trkpt lat="41.109966" lon="-8.534416">
        <ele>23.8</ele>
      </trkpt>
      <trkpt lat="41.110158" lon="-8.534426">
        <ele>24.49</ele>
      </trkpt>
      <trkpt lat="41.110341" lon="-8.534456">
        <ele>24.75</ele>
      </trkpt>
      <trkpt lat="41.110496" lon="-8.534523">
        <ele>25.31</ele>
      </trkpt>
      <trkpt lat="41.110558" lon="-8.534574">
        <ele>25.28</ele>
      </trkpt>
      <trkpt lat="41.110745" lon="-8.534851">
        <ele>26.4</ele>
      </trkpt>
      <trkpt lat="41.111117" lon="-8.53551">
        <ele>27.19</ele>
      </trkpt>
      <trkpt lat="41.111251" lon="-8.535698">
        <ele>26.72</ele>
      </trkpt>
      <trkpt lat="41.111327" lon="-8.535784">
        <ele>26.41</ele>
      </trkpt>
      <trkpt lat="41.111512" lon="-8.535953">
        <ele>26.39</ele>
      </trkpt>
      <trkpt lat="41.111664" lon="-8.536055">
        <ele>25.79</ele>
      </trkpt>
      <trkpt lat="41.111863" lon="-8.536172">
        <ele>25.81</ele>
      </trkpt>
      <trkpt lat="41.111947" lon="-8.536242">
        <ele>25.41</ele>
      </trkpt>
      <trkpt lat="41.112007" lon="-8.536305">
        <ele>24.49</ele>
      </trkpt>
      <trkpt lat="41.112077" lon="-8.536408">
        <ele>24.68</ele>
      </trkpt>
      <trkpt lat="41.11213" lon="-8.53652">
        <ele>23.87</ele>
      </trkpt>
      <trkpt lat="41.11223" lon="-8.536787">
        <ele>25.19</ele>
      </trkpt>
      <trkpt lat="41.112271" lon="-8.536877">
        <ele>24.08</ele>
      </trkpt>
      <trkpt lat="41.112361" lon="-8.537008">
        <ele>23.33</ele>
      </trkpt>
      <trkpt lat="41.112537" lon="-8.5372">
        <ele>26.41</ele>
      </trkpt>
      <trkpt lat="41.112885" lon="-8.537545">
        <ele>24.3</ele>
      </trkpt>
      <trkpt lat="41.113068" lon="-8.53772">
        <ele>24.96</ele>
      </trkpt>
      <trkpt lat="41.11317" lon="-8.537787">
        <ele>24.08</ele>
      </trkpt>
      <trkpt lat="41.113257" lon="-8.537822">
        <ele>23.91</ele>
      </trkpt>
      <trkpt lat="41.11369" lon="-8.537892">
        <ele>21.85</ele>
      </trkpt>
      <trkpt lat="41.113793" lon="-8.537932">
        <ele>22.63</ele>
      </trkpt>
      <trkpt lat="41.113897" lon="-8.53801">
        <ele>23.68</ele>
      </trkpt>
      <trkpt lat="41.114386" lon="-8.538482">
        <ele>22.4</ele>
      </trkpt>
      <trkpt lat="41.114626" lon="-8.538714">
        <ele>23.42</ele>
      </trkpt>
      <trkpt lat="41.114862" lon="-8.538924">
        <ele>22.44</ele>
      </trkpt>
      <trkpt lat="41.115162" lon="-8.539115">
        <ele>20.76</ele>
      </trkpt>
      <trkpt lat="41.115602" lon="-8.53934">
        <ele>19.48</ele>
      </trkpt>
      <trkpt lat="41.115822" lon="-8.539453">
        <ele>15.91</ele>
      </trkpt>
      <trkpt lat="41.116041" lon="-8.539577">
        <ele>15.66</ele>
      </trkpt>
      <trkpt lat="41.116138" lon="-8.539645">
        <ele>20.06</ele>
      </trkpt>
      <trkpt lat="41.116217" lon="-8.539746">
        <ele>20.46</ele>
      </trkpt>
      <trkpt lat="41.116376" lon="-8.540044">
        <ele>21.63</ele>
      </trkpt>
      <trkpt lat="41.116473" lon="-8.540339">
        <ele>21.03</ele>
      </trkpt>
      <trkpt lat="41.116593" lon="-8.540587">
        <ele>20.41</ele>
      </trkpt>
      <trkpt lat="41.116788" lon="-8.540859">
        <ele>20.31</ele>
      </trkpt>
      <trkpt lat="41.117004" lon="-8.541078">
        <ele>19.79</ele>
      </trkpt>
      <trkpt lat="41.117159" lon="-8.541177">
        <ele>19.97</ele>
      </trkpt>
      <trkpt lat="41.117274" lon="-8.541235">
        <ele>18.91</ele>
      </trkpt>
      <trkpt lat="41.118069" lon="-8.541667">
        <ele>18.58</ele>
      </trkpt>
      <trkpt lat="41.118232" lon="-8.541771">
        <ele>17.29</ele>
      </trkpt>
      <trkpt lat="41.118344" lon="-8.541891">
        <ele>16.57</ele>
      </trkpt>
      <trkpt lat="41.118474" lon="-8.542062">
        <ele>16.48</ele>
      </trkpt>
      <trkpt lat="41.118561" lon="-8.54224">
        <ele>16.4</ele>
      </trkpt>
      <trkpt lat="41.118633" lon="-8.542422">
        <ele>16.32</ele>
      </trkpt>
      <trkpt lat="41.118676" lon="-8.542585">
        <ele>16.25</ele>
      </trkpt>
      <trkpt lat="41.118696" lon="-8.542714">
        <ele>20.3</ele>
      </trkpt>
      <trkpt lat="41.118713" lon="-8.542903">
        <ele>20.3</ele>
      </trkpt>
      <trkpt lat="41.118746" lon="-8.543068">
        <ele>20.31</ele>
      </trkpt>
      <trkpt lat="41.118806" lon="-8.543206">
        <ele>20.32</ele>
      </trkpt>
      <trkpt lat="41.118877" lon="-8.543309">
        <ele>20.32</ele>
      </trkpt>
      <trkpt lat="41.120138" lon="-8.544353">
        <ele>21.89</ele>
      </trkpt>
      <trkpt lat="41.120595" lon="-8.544735">
        <ele>20.99</ele>
      </trkpt>
      <trkpt lat="41.120823" lon="-8.544926">
        <ele>22.99</ele>
      </trkpt>
      <trkpt lat="41.121366" lon="-8.545545">
        <ele>25.34</ele>
      </trkpt>
      <trkpt lat="41.121547" lon="-8.545752">
        <ele>24.74</ele>
      </trkpt>
      <trkpt lat="41.121666" lon="-8.545861">
        <ele>24.86</ele>
      </trkpt>
      <trkpt lat="41.121809" lon="-8.54595">
        <ele>24.19</ele>
      </trkpt>
      <trkpt lat="41.122013" lon="-8.546068">
        <ele>25.31</ele>
      </trkpt>
      <trkpt lat="41.122317" lon="-8.546278">
        <ele>26.7</ele>
      </trkpt>
      <trkpt lat="41.122762" lon="-8.546609">
        <ele>29.29</ele>
      </trkpt>
      <trkpt lat="41.122918" lon="-8.546746">
        <ele>29.59</ele>
      </trkpt>
      <trkpt lat="41.123033" lon="-8.546864">
        <ele>29.19</ele>
      </trkpt>
      <trkpt lat="41.123119" lon="-8.546996">
        <ele>28.97</ele>
      </trkpt>
      <trkpt lat="41.123201" lon="-8.547186">
        <ele>30.18</ele>
      </trkpt>
      <trkpt lat="41.123775" lon="-8.548609">
        <ele>25.3</ele>
      </trkpt>
      <trkpt lat="41.123906" lon="-8.548936">
        <ele>26.13</ele>
      </trkpt>
      <trkpt lat="41.124037" lon="-8.549264">
        <ele>24.21</ele>
      </trkpt>
      <trkpt lat="41.124104" lon="-8.5494">
        <ele>23.01</ele>
      </trkpt>
      <trkpt lat="41.1242" lon="-8.549536">
        <ele>22.97</ele>
      </trkpt>
      <trkpt lat="41.124385" lon="-8.549707">
        <ele>20.89</ele>
      </trkpt>
      <trkpt lat="41.124517" lon="-8.549814">
        <ele>19.99</ele>
      </trkpt>
      <trkpt lat="41.124617" lon="-8.549912">
        <ele>19.07</ele>
      </trkpt>
      <trkpt lat="41.124718" lon="-8.550029">
        <ele>19.23</ele>
      </trkpt>
      <trkpt lat="41.124792" lon="-8.550171">
        <ele>19.41</ele>
      </trkpt>
      <trkpt lat="41.124864" lon="-8.550336">
        <ele>19.23</ele>
      </trkpt>
      <trkpt lat="41.124921" lon="-8.550512">
        <ele>18.77</ele>
      </trkpt>
      <trkpt lat="41.124977" lon="-8.550932">
        <ele>19.15</ele>
      </trkpt>
      <trkpt lat="41.124974" lon="-8.551093">
        <ele>17.81</ele>
      </trkpt>
      <trkpt lat="41.124949" lon="-8.551302">
        <ele>16.75</ele>
      </trkpt>
      <trkpt lat="41.124907" lon="-8.551484">
        <ele>15.99</ele>
      </trkpt>
      <trkpt lat="41.12487" lon="-8.551613">
        <ele>16.23</ele>
      </trkpt>
      <trkpt lat="41.124689" lon="-8.55216">
        <ele>17.7</ele>
      </trkpt>
      <trkpt lat="41.124665" lon="-8.552276">
        <ele>17.61</ele>
      </trkpt>
      <trkpt lat="41.124652" lon="-8.552391">
        <ele>17.1</ele>
      </trkpt>
      <trkpt lat="41.124655" lon="-8.552567">
        <ele>16.22</ele>
      </trkpt>
      <trkpt lat="41.124721" lon="-8.552945">
        <ele>17.04</ele>
      </trkpt>
      <trkpt lat="41.124855" lon="-8.553702">
        <ele>14.95</ele>
      </trkpt>
      <trkpt lat="41.124921" lon="-8.554081">
        <ele>16.71</ele>
      </trkpt>
      <trkpt lat="41.124953" lon="-8.554535">
        <ele>16.74</ele>
      </trkpt>
      <trkpt lat="41.124999" lon="-8.554982">
        <ele>17.77</ele>
      </trkpt>
      <trkpt lat="41.125056" lon="-8.55524">
        <ele>18.07</ele>
      </trkpt>
      <trkpt lat="41.125144" lon="-8.555481">
        <ele>18.4</ele>
      </trkpt>
      <trkpt lat="41.125469" lon="-8.556188">
        <ele>19.56</ele>
      </trkpt>
      <trkpt lat="41.125893" lon="-8.557392">
        <ele>18.65</ele>
      </trkpt>
      <trkpt lat="41.126309" lon="-8.55857">
        <ele>12.02</ele>
      </trkpt>
      <trkpt lat="41.12633" lon="-8.55856">
        <ele>12</ele>
      </trkpt>
      <trkpt lat="41.126369" lon="-8.558561">
        <ele>11.73</ele>
      </trkpt>
      <trkpt lat="41.126403" lon="-8.558581">
        <ele>11.46</ele>
      </trkpt>
      <trkpt lat="41.126433" lon="-8.558624">
        <ele>11.23</ele>
      </trkpt>
      <trkpt lat="41.126447" lon="-8.558687">
        <ele>11.12</ele>
      </trkpt>
      <trkpt lat="41.126439" lon="-8.558743">
        <ele>11.18</ele>
      </trkpt>
      <trkpt lat="41.126423" lon="-8.558777">
        <ele>11.35</ele>
      </trkpt>
      <trkpt lat="41.126392" lon="-8.558809">
        <ele>11.52</ele>
      </trkpt>
      <trkpt lat="41.12644" lon="-8.558918">
        <ele>11.54</ele>
      </trkpt>
      <trkpt lat="41.126572" lon="-8.559313">
        <ele>11.62</ele>
      </trkpt>
      <trkpt lat="41.126639" lon="-8.559537">
        <ele>11.43</ele>
      </trkpt>
      <trkpt lat="41.126655" lon="-8.559565">
        <ele>11.24</ele>
      </trkpt>
      <trkpt lat="41.12669" lon="-8.559562">
        <ele>11.45</ele>
      </trkpt>
      <trkpt lat="41.126738" lon="-8.559587">
        <ele>12.17</ele>
      </trkpt>
      <trkpt lat="41.12677" lon="-8.559637">
        <ele>12.82</ele>
      </trkpt>
      <trkpt lat="41.126778" lon="-8.55967">
        <ele>13.13</ele>
      </trkpt>
      <trkpt lat="41.126776" lon="-8.559726">
        <ele>13.74</ele>
      </trkpt>
      <trkpt lat="41.126756" lon="-8.559781">
        <ele>14.18</ele>
      </trkpt>
      <trkpt lat="41.126724" lon="-8.559814">
        <ele>14.44</ele>
      </trkpt>
      <trkpt lat="41.12669" lon="-8.559828">
        <ele>14.25</ele>
      </trkpt>
      <trkpt lat="41.126651" lon="-8.559823">
        <ele>13.72</ele>
      </trkpt>
      <trkpt lat="41.12664" lon="-8.559942">
        <ele>14.36</ele>
      </trkpt>
      <trkpt lat="41.126602" lon="-8.560176">
        <ele>14.75</ele>
      </trkpt>
      <trkpt lat="41.126491" lon="-8.560531">
        <ele>16.27</ele>
      </trkpt>
      <trkpt lat="41.126159" lon="-8.561342">
        <ele>17.66</ele>
      </trkpt>
      <trkpt lat="41.126049" lon="-8.561658">
        <ele>16.72</ele>
      </trkpt>
      <trkpt lat="41.126028" lon="-8.56181">
        <ele>16.38</ele>
      </trkpt>
      <trkpt lat="41.12601" lon="-8.562135">
        <ele>15.71</ele>
      </trkpt>
      <trkpt lat="41.126012" lon="-8.562338">
        <ele>15.15</ele>
      </trkpt>
      <trkpt lat="41.126055" lon="-8.562748">
        <ele>13.85</ele>
      </trkpt>
      <trkpt lat="41.126231" lon="-8.563897">
        <ele>13.23</ele>
      </trkpt>
      <trkpt lat="41.12629" lon="-8.564188">
        <ele>13.28</ele>
      </trkpt>
      <trkpt lat="41.126324" lon="-8.564309">
        <ele>12.96</ele>
      </trkpt>
      <trkpt lat="41.126372" lon="-8.564442">
        <ele>12.96</ele>
      </trkpt>
      <trkpt lat="41.126518" lon="-8.564705">
        <ele>12.18</ele>
      </trkpt>
      <trkpt lat="41.126956" lon="-8.565411">
        <ele>11.52</ele>
      </trkpt>
      <trkpt lat="41.127011" lon="-8.565483">
        <ele>11.48</ele>
      </trkpt>
      <trkpt lat="41.127079" lon="-8.565572">
        <ele>11.43</ele>
      </trkpt>
      <trkpt lat="41.127255" lon="-8.565732">
        <ele>11.67</ele>
      </trkpt>
      <trkpt lat="41.127557" lon="-8.565975">
        <ele>11.57</ele>
      </trkpt>
      <trkpt lat="41.128469" lon="-8.566664">
        <ele>11</ele>
      </trkpt>
      <trkpt lat="41.128871" lon="-8.566952">
        <ele>11.59</ele>
      </trkpt>
      <trkpt lat="41.129206" lon="-8.567264">
        <ele>11.8</ele>
      </trkpt>
      <trkpt lat="41.129607" lon="-8.567668">
        <ele>14.58</ele>
      </trkpt>
      <trkpt lat="41.129791" lon="-8.567831">
        <ele>15.54</ele>
      </trkpt>
      <trkpt lat="41.129958" lon="-8.567926">
        <ele>16.04</ele>
      </trkpt>
      <trkpt lat="41.130975" lon="-8.568451">
        <ele>19.31</ele>
      </trkpt>
      <trkpt lat="41.131623" lon="-8.568807">
        <ele>19.37</ele>
      </trkpt>
      <trkpt lat="41.132232" lon="-8.569213">
        <ele>18.63</ele>
      </trkpt>
      <trkpt lat="41.132457" lon="-8.569328">
        <ele>18.88</ele>
      </trkpt>
      <trkpt lat="41.132972" lon="-8.569466">
        <ele>18.23</ele>
      </trkpt>
      <trkpt lat="41.133151" lon="-8.569481">
        <ele>17.97</ele>
      </trkpt>
      <trkpt lat="41.133268" lon="-8.569462">
        <ele>16.95</ele>
      </trkpt>
      <trkpt lat="41.133349" lon="-8.569428">
        <ele>15.81</ele>
      </trkpt>
      <trkpt lat="41.133492" lon="-8.569333">
        <ele>16.01</ele>
      </trkpt>
      <trkpt lat="41.133623" lon="-8.569187">
        <ele>15.63</ele>
      </trkpt>
      <trkpt lat="41.133761" lon="-8.569108">
        <ele>14.43</ele>
      </trkpt>
      <trkpt lat="41.133918" lon="-8.569097">
        <ele>13.84</ele>
      </trkpt>
      <trkpt lat="41.134007" lon="-8.569128">
        <ele>13.78</ele>
      </trkpt>
      <trkpt lat="41.134083" lon="-8.569166">
        <ele>13.91</ele>
      </trkpt>
      <trkpt lat="41.134147" lon="-8.569215">
        <ele>14.19</ele>
      </trkpt>
      <trkpt lat="41.134197" lon="-8.569277">
        <ele>14.7</ele>
      </trkpt>
      <trkpt lat="41.134248" lon="-8.569374">
        <ele>15.49</ele>
      </trkpt>
      <trkpt lat="41.134286" lon="-8.569478">
        <ele>16.68</ele>
      </trkpt>
      <trkpt lat="41.134314" lon="-8.569602">
        <ele>16.79</ele>
      </trkpt>
      <trkpt lat="41.134333" lon="-8.569867">
        <ele>17.19</ele>
      </trkpt>
      <trkpt lat="41.134352" lon="-8.569994">
        <ele>17.47</ele>
      </trkpt>
      <trkpt lat="41.134396" lon="-8.570121">
        <ele>18.24</ele>
      </trkpt>
      <trkpt lat="41.13445" lon="-8.570192">
        <ele>18.41</ele>
      </trkpt>
      <trkpt lat="41.134503" lon="-8.570244">
        <ele>17.73</ele>
      </trkpt>
      <trkpt lat="41.134634" lon="-8.570327">
        <ele>17.62</ele>
      </trkpt>
      <trkpt lat="41.135086" lon="-8.570488">
        <ele>18.65</ele>
      </trkpt>
      <trkpt lat="41.135311" lon="-8.570569">
        <ele>17.39</ele>
      </trkpt>
      <trkpt lat="41.136221" lon="-8.57088">
        <ele>17.21</ele>
      </trkpt>
      <trkpt lat="41.136587" lon="-8.570986">
        <ele>18.19</ele>
      </trkpt>
      <trkpt lat="41.136844" lon="-8.571018">
        <ele>16.18</ele>
      </trkpt>
      <trkpt lat="41.137068" lon="-8.571036">
        <ele>18.57</ele>
      </trkpt>
      <trkpt lat="41.137971" lon="-8.571097">
        <ele>18.56</ele>
      </trkpt>
      <trkpt lat="41.138269" lon="-8.571152">
        <ele>19.79</ele>
      </trkpt>
      <trkpt lat="41.139301" lon="-8.571468">
        <ele>21.4</ele>
      </trkpt>
      <trkpt lat="41.139959" lon="-8.571875">
        <ele>23.23</ele>
      </trkpt>
      <trkpt lat="41.140192" lon="-8.571943">
        <ele>22.7</ele>
      </trkpt>
      <trkpt lat="41.140316" lon="-8.57195">
        <ele>22.22</ele>
      </trkpt>
      <trkpt lat="41.140437" lon="-8.571925">
        <ele>22.71</ele>
      </trkpt>
      <trkpt lat="41.140615" lon="-8.571845">
        <ele>23.25</ele>
      </trkpt>
      <trkpt lat="41.140695" lon="-8.571835">
        <ele>22.9</ele>
      </trkpt>
      <trkpt lat="41.140766" lon="-8.571838">
        <ele>23.07</ele>
      </trkpt>
      <trkpt lat="41.140865" lon="-8.571884">
        <ele>22.31</ele>
      </trkpt>
      <trkpt lat="41.140966" lon="-8.571961">
        <ele>22.74</ele>
      </trkpt>
      <trkpt lat="41.141015" lon="-8.572019">
        <ele>23.02</ele>
      </trkpt>
      <trkpt lat="41.141057" lon="-8.572087">
        <ele>23.15</ele>
      </trkpt>
      <trkpt lat="41.141201" lon="-8.572495">
        <ele>22.45</ele>
      </trkpt>
      <trkpt lat="41.141272" lon="-8.572667">
        <ele>23.57</ele>
      </trkpt>
      <trkpt lat="41.141351" lon="-8.5728">
        <ele>23.34</ele>
      </trkpt>
      <trkpt lat="41.141426" lon="-8.572881">
        <ele>22.95</ele>
      </trkpt>
      <trkpt lat="41.141497" lon="-8.572936">
        <ele>23.29</ele>
      </trkpt>
      <trkpt lat="41.14158" lon="-8.572979">
        <ele>23.74</ele>
      </trkpt>
      <trkpt lat="41.141751" lon="-8.573016">
        <ele>22.81</ele>
      </trkpt>
      <trkpt lat="41.141833" lon="-8.573005">
        <ele>23.13</ele>
      </trkpt>
      <trkpt lat="41.141995" lon="-8.572928">
        <ele>23.14</ele>
      </trkpt>
      <trkpt lat="41.142234" lon="-8.572761">
        <ele>25.84</ele>
      </trkpt>
      <trkpt lat="41.142479" lon="-8.572577">
        <ele>26.95</ele>
      </trkpt>
      <trkpt lat="41.142578" lon="-8.572539">
        <ele>24.79</ele>
      </trkpt>
      <trkpt lat="41.142684" lon="-8.572513">
        <ele>23.03</ele>
      </trkpt>
      <trkpt lat="41.14281" lon="-8.572529">
        <ele>22.7</ele>
      </trkpt>
      <trkpt lat="41.142872" lon="-8.572549">
        <ele>23.75</ele>
      </trkpt>
      <trkpt lat="41.143004" lon="-8.572622">
        <ele>23.47</ele>
      </trkpt>
      <trkpt lat="41.143224" lon="-8.572807">
        <ele>22.11</ele>
      </trkpt>
      <trkpt lat="41.143599" lon="-8.573153">
        <ele>18.31</ele>
      </trkpt>
      <trkpt lat="41.143774" lon="-8.573238">
        <ele>16.73</ele>
      </trkpt>
      <trkpt lat="41.143877" lon="-8.573342">
        <ele>15.48</ele>
      </trkpt>
      <trkpt lat="41.143971" lon="-8.5734">
        <ele>15</ele>
      </trkpt>
      <trkpt lat="41.144031" lon="-8.573388">
        <ele>15</ele>
      </trkpt>
      <trkpt lat="41.144092" lon="-8.573419">
        <ele>14.91</ele>
      </trkpt>
      <trkpt lat="41.144131" lon="-8.573487">
        <ele>14.61</ele>
      </trkpt>
      <trkpt lat="41.144139" lon="-8.573522">
        <ele>14.55</ele>
      </trkpt>
      <trkpt lat="41.144134" lon="-8.5736">
        <ele>14.41</ele>
      </trkpt>
      <trkpt lat="41.144104" lon="-8.573665">
        <ele>14.27</ele>
      </trkpt>
      <trkpt lat="41.144081" lon="-8.573689">
        <ele>14.19</ele>
      </trkpt>
      <trkpt lat="41.144055" lon="-8.573755">
        <ele>14.19</ele>
      </trkpt>
      <trkpt lat="41.144042" lon="-8.573845">
        <ele>14.29</ele>
      </trkpt>
      <trkpt lat="41.143954" lon="-8.575098">
        <ele>12</ele>
      </trkpt>
      <trkpt lat="41.143951" lon="-8.575368">
        <ele>11.43</ele>
      </trkpt>
      <trkpt lat="41.143975" lon="-8.57565">
        <ele>11</ele>
      </trkpt>
      <trkpt lat="41.144015" lon="-8.575878">
        <ele>10.73</ele>
      </trkpt>
      <trkpt lat="41.144145" lon="-8.576244">
        <ele>10</ele>
      </trkpt>
      <trkpt lat="41.1444" lon="-8.576902">
        <ele>9.27</ele>
      </trkpt>
      <trkpt lat="41.144777" lon="-8.577613">
        <ele>9.57</ele>
      </trkpt>
      <trkpt lat="41.144813" lon="-8.57766">
        <ele>9.27</ele>
      </trkpt>
      <trkpt lat="41.144834" lon="-8.577717">
        <ele>9</ele>
      </trkpt>
      <trkpt lat="41.144837" lon="-8.577774">
        <ele>9</ele>
      </trkpt>
      <trkpt lat="41.144828" lon="-8.577832">
        <ele>9</ele>
      </trkpt>
      <trkpt lat="41.144806" lon="-8.577884">
        <ele>9</ele>
      </trkpt>
      <trkpt lat="41.144772" lon="-8.577924">
        <ele>9</ele>
      </trkpt>
      <trkpt lat="41.144747" lon="-8.577939">
        <ele>9</ele>
      </trkpt>
      <trkpt lat="41.144694" lon="-8.577953">
        <ele>9</ele>
      </trkpt>
      <trkpt lat="41.144619" lon="-8.578066">
        <ele>9</ele>
      </trkpt>
      <trkpt lat="41.144384" lon="-8.578805">
        <ele>8</ele>
      </trkpt>
      <trkpt lat="41.14422" lon="-8.579194">
        <ele>8.32</ele>
      </trkpt>
      <trkpt lat="41.143902" lon="-8.57985">
        <ele>8.07</ele>
      </trkpt>
      <trkpt lat="41.143805" lon="-8.580111">
        <ele>8.32</ele>
      </trkpt>
      <trkpt lat="41.143735" lon="-8.5804">
        <ele>8.11</ele>
      </trkpt>
      <trkpt lat="41.143712" lon="-8.580544">
        <ele>8.82</ele>
      </trkpt>
      <trkpt lat="41.143692" lon="-8.580733">
        <ele>9</ele>
      </trkpt>
      <trkpt lat="41.143672" lon="-8.58103">
        <ele>8.03</ele>
      </trkpt>
      <trkpt lat="41.143722" lon="-8.581557">
        <ele>8.57</ele>
      </trkpt>
      <trkpt lat="41.143763" lon="-8.582108">
        <ele>7.75</ele>
      </trkpt>
      <trkpt lat="41.143764" lon="-8.582413">
        <ele>7.77</ele>
      </trkpt>
      <trkpt lat="41.143679" lon="-8.583303">
        <ele>8.3</ele>
      </trkpt>
      <trkpt lat="41.143616" lon="-8.584059">
        <ele>8.24</ele>
      </trkpt>
      <trkpt lat="41.143605" lon="-8.58447">
        <ele>8.84</ele>
      </trkpt>
      <trkpt lat="41.143621" lon="-8.584988">
        <ele>7.23</ele>
      </trkpt>
      <trkpt lat="41.14361" lon="-8.585203">
        <ele>7.28</ele>
      </trkpt>
      <trkpt lat="41.143577" lon="-8.58547">
        <ele>9.12</ele>
      </trkpt>
      <trkpt lat="41.143525" lon="-8.585725">
        <ele>8.27</ele>
      </trkpt>
      <trkpt lat="41.143428" lon="-8.586042">
        <ele>8.43</ele>
      </trkpt>
      <trkpt lat="41.143319" lon="-8.5863">
        <ele>8.25</ele>
      </trkpt>
      <trkpt lat="41.143262" lon="-8.586411">
        <ele>7.77</ele>
      </trkpt>
      <trkpt lat="41.143126" lon="-8.586649">
        <ele>7.77</ele>
      </trkpt>
      <trkpt lat="41.143043" lon="-8.586765">
        <ele>8.3</ele>
      </trkpt>
      <trkpt lat="41.142949" lon="-8.586884">
        <ele>7.25</ele>
      </trkpt>
      <trkpt lat="41.142765" lon="-8.587067">
        <ele>6.86</ele>
      </trkpt>
      <trkpt lat="41.142024" lon="-8.587689">
        <ele>6.95</ele>
      </trkpt>
      <trkpt lat="41.141835" lon="-8.587865">
        <ele>6.76</ele>
      </trkpt>
      <trkpt lat="41.141637" lon="-8.588088">
        <ele>6.96</ele>
      </trkpt>
      <trkpt lat="41.141363" lon="-8.588465">
        <ele>7.63</ele>
      </trkpt>
      <trkpt lat="41.140658" lon="-8.589464">
        <ele>7.41</ele>
      </trkpt>
      <trkpt lat="41.140578" lon="-8.589589">
        <ele>8.08</ele>
      </trkpt>
      <trkpt lat="41.140451" lon="-8.589845">
        <ele>8.39</ele>
      </trkpt>
      <trkpt lat="41.140346" lon="-8.590121">
        <ele>7.91</ele>
      </trkpt>
      <trkpt lat="41.140271" lon="-8.590439">
        <ele>7.35</ele>
      </trkpt>
      <trkpt lat="41.140225" lon="-8.590772">
        <ele>7.78</ele>
      </trkpt>
      <trkpt lat="41.140162" lon="-8.591507">
        <ele>7.23</ele>
      </trkpt>
      <trkpt lat="41.140106" lon="-8.592267">
        <ele>6.26</ele>
      </trkpt>
      <trkpt lat="41.140058" lon="-8.59283">
        <ele>8.54</ele>
      </trkpt>
      <trkpt lat="41.13999" lon="-8.59369">
        <ele>6.23</ele>
      </trkpt>
      <trkpt lat="41.139936" lon="-8.594365">
        <ele>9.04</ele>
      </trkpt>
      <trkpt lat="41.139909" lon="-8.594702">
        <ele>7.79</ele>
      </trkpt>
      <trkpt lat="41.139924" lon="-8.594925">
        <ele>8.36</ele>
      </trkpt>
      <trkpt lat="41.139949" lon="-8.595106">
        <ele>9.71</ele>
      </trkpt>
      <trkpt lat="41.140005" lon="-8.595347">
        <ele>9.51</ele>
      </trkpt>
      <trkpt lat="41.140066" lon="-8.595514">
        <ele>9.69</ele>
      </trkpt>
      <trkpt lat="41.140192" lon="-8.59582">
        <ele>8.95</ele>
      </trkpt>
      <trkpt lat="41.140335" lon="-8.596105">
        <ele>9.45</ele>
      </trkpt>
      <trkpt lat="41.14077" lon="-8.59704">
        <ele>10.7</ele>
      </trkpt>
      <trkpt lat="41.140915" lon="-8.597351">
        <ele>13.7</ele>
      </trkpt>
      <trkpt lat="41.141228" lon="-8.598035">
        <ele>15.83</ele>
      </trkpt>
      <trkpt lat="41.141384" lon="-8.598376">
        <ele>13.13</ele>
      </trkpt>
      <trkpt lat="41.141472" lon="-8.598565">
        <ele>9.64</ele>
      </trkpt>
      <trkpt lat="41.141584" lon="-8.598823">
        <ele>8.45</ele>
      </trkpt>
      <trkpt lat="41.141697" lon="-8.599081">
        <ele>11.46</ele>
      </trkpt>
      <trkpt lat="41.141771" lon="-8.59933">
        <ele>12.45</ele>
      </trkpt>
      <trkpt lat="41.141842" lon="-8.599617">
        <ele>12.39</ele>
      </trkpt>
      <trkpt lat="41.141949" lon="-8.600063">
        <ele>15.85</ele>
      </trkpt>
      <trkpt lat="41.142002" lon="-8.600476">
        <ele>8.65</ele>
      </trkpt>
      <trkpt lat="41.142039" lon="-8.600844">
        <ele>10.79</ele>
      </trkpt>
      <trkpt lat="41.142071" lon="-8.601307">
        <ele>10.67</ele>
      </trkpt>
      <trkpt lat="41.142045" lon="-8.601693">
        <ele>13.62</ele>
      </trkpt>
      <trkpt lat="41.141947" lon="-8.602395">
        <ele>12.64</ele>
      </trkpt>
      <trkpt lat="41.141897" lon="-8.602747">
        <ele>10.43</ele>
      </trkpt>
      <trkpt lat="41.141844" lon="-8.603182">
        <ele>9.1</ele>
      </trkpt>
      <trkpt lat="41.14179" lon="-8.603618">
        <ele>9.86</ele>
      </trkpt>
      <trkpt lat="41.141764" lon="-8.603987">
        <ele>12.22</ele>
      </trkpt>
      <trkpt lat="41.141773" lon="-8.604257">
        <ele>12.74</ele>
      </trkpt>
      <trkpt lat="41.141812" lon="-8.604538">
        <ele>11.38</ele>
      </trkpt>
      <trkpt lat="41.141832" lon="-8.604752">
        <ele>11.05</ele>
      </trkpt>
      <trkpt lat="41.141829" lon="-8.60497">
        <ele>10.98</ele>
      </trkpt>
      <trkpt lat="41.141801" lon="-8.605206">
        <ele>10.41</ele>
      </trkpt>
      <trkpt lat="41.141782" lon="-8.605358">
        <ele>12.59</ele>
      </trkpt>
      <trkpt lat="41.141699" lon="-8.605817">
        <ele>11.78</ele>
      </trkpt>
      <trkpt lat="41.141609" lon="-8.606252">
        <ele>11.48</ele>
      </trkpt>
      <trkpt lat="41.141508" lon="-8.60669">
        <ele>12.05</ele>
      </trkpt>
      <trkpt lat="41.14143" lon="-8.60697">
        <ele>9.97</ele>
      </trkpt>
      <trkpt lat="41.141353" lon="-8.607251">
        <ele>11.22</ele>
      </trkpt>
      <trkpt lat="41.141343" lon="-8.607314">
        <ele>10.71</ele>
      </trkpt>
      <trkpt lat="41.141126" lon="-8.608281">
        <ele>8.06</ele>
      </trkpt>
      <trkpt lat="41.141053" lon="-8.608603">
        <ele>8.62</ele>
      </trkpt>
      <trkpt lat="41.140981" lon="-8.608926">
        <ele>11.4</ele>
      </trkpt>
      <trkpt lat="41.140874" lon="-8.609416">
        <ele>10.92</ele>
      </trkpt>
      <trkpt lat="41.140836" lon="-8.609647">
        <ele>11.7</ele>
      </trkpt>
      <trkpt lat="41.140841" lon="-8.609722">
        <ele>11.95</ele>
      </trkpt>
      <trkpt lat="41.140866" lon="-8.60992">
        <ele>15.03</ele>
      </trkpt>
      <trkpt lat="41.140893" lon="-8.610014">
        <ele>17.91</ele>
      </trkpt>
      <trkpt lat="41.140928" lon="-8.610091">
        <ele>18.96</ele>
      </trkpt>
      <trkpt lat="41.14113" lon="-8.610397">
        <ele>18.04</ele>
      </trkpt>
      <trkpt lat="41.141196" lon="-8.610558">
        <ele>18.02</ele>
      </trkpt>
      <trkpt lat="41.141239" lon="-8.610719">
        <ele>17.99</ele>
      </trkpt>
      <trkpt lat="41.141569" lon="-8.612869">
        <ele>21.19</ele>
      </trkpt>
      <trkpt lat="41.141575" lon="-8.612948">
        <ele>21.12</ele>
      </trkpt>
      <trkpt lat="41.141569" lon="-8.613015">
        <ele>21.05</ele>
      </trkpt>
      <trkpt lat="41.141557" lon="-8.613063">
        <ele>21.01</ele>
      </trkpt>
      <trkpt lat="41.141425" lon="-8.613438">
        <ele>16.46</ele>
      </trkpt>
      <trkpt lat="41.141435" lon="-8.613489">
        <ele>16.66</ele>
      </trkpt>
      <trkpt lat="41.141411" lon="-8.613624">
        <ele>17</ele>
      </trkpt>
      <trkpt lat="41.141191" lon="-8.614261">
        <ele>17.48</ele>
      </trkpt>
      <trkpt lat="41.141153" lon="-8.614278">
        <ele>17.32</ele>
      </trkpt>
      <trkpt lat="41.141056" lon="-8.614558">
        <ele>17.93</ele>
      </trkpt>
      <trkpt lat="41.14116" lon="-8.614546">
        <ele>18.95</ele>
      </trkpt>
      <trkpt lat="41.141381" lon="-8.614542">
        <ele>20.82</ele>
      </trkpt>
      <trkpt lat="41.141613" lon="-8.614551">
        <ele>23.31</ele>
      </trkpt>
      <trkpt lat="41.141739" lon="-8.614531">
        <ele>26.35</ele>
      </trkpt>
      <trkpt lat="41.141839" lon="-8.61449">
        <ele>25.84</ele>
      </trkpt>
      <trkpt lat="41.142473" lon="-8.61426">
        <ele>30.28</ele>
      </trkpt>
      <trkpt lat="41.142738" lon="-8.614152">
        <ele>31.76</ele>
      </trkpt>
      <trkpt lat="41.142831" lon="-8.614071">
        <ele>32.15</ele>
      </trkpt>
      <trkpt lat="41.143083" lon="-8.613727">
        <ele>34.41</ele>
      </trkpt>
      <trkpt lat="41.143517" lon="-8.613161">
        <ele>39.7</ele>
      </trkpt>
      <trkpt lat="41.143975" lon="-8.612526">
        <ele>43.9</ele>
      </trkpt>
      <trkpt lat="41.144218" lon="-8.612201">
        <ele>47.64</ele>
      </trkpt>
      <trkpt lat="41.144422" lon="-8.611914">
        <ele>52.04</ele>
      </trkpt>
      <trkpt lat="41.144671" lon="-8.611579">
        <ele>50.9</ele>
      </trkpt>
      <trkpt lat="41.145008" lon="-8.611119">
        <ele>53.57</ele>
      </trkpt>
      <trkpt lat="41.145016" lon="-8.611109">
        <ele>53.63</ele>
      </trkpt>
      <trkpt lat="41.145123" lon="-8.610952">
        <ele>54.4</ele>
      </trkpt>
      <trkpt lat="41.145147" lon="-8.610916">
        <ele>54.57</ele>
      </trkpt>
      <trkpt lat="41.145147" lon="-8.610916">
        <ele>54.57</ele>
      </trkpt>
      <trkpt lat="41.145365" lon="-8.610903">
        <ele>52.32</ele>
      </trkpt>
      <trkpt lat="41.145812" lon="-8.610836">
        <ele>56.22</ele>
      </trkpt>
      <trkpt lat="41.145812" lon="-8.610836">
        <ele>56.22</ele>
      </trkpt>
      <trkpt lat="41.14584" lon="-8.610832">
        <ele>56.24</ele>
      </trkpt>
      <trkpt lat="41.146018" lon="-8.610866">
        <ele>57.04</ele>
      </trkpt>
      <trkpt lat="41.146043" lon="-8.610886">
        <ele>57.09</ele>
      </trkpt>
      <trkpt lat="41.146055" lon="-8.610936">
        <ele>56.98</ele>
      </trkpt>
      <trkpt lat="41.146055" lon="-8.610936">
        <ele>56.98</ele>
      </trkpt>
      <trkpt lat="41.146062" lon="-8.610969">
        <ele>56.91</ele>
      </trkpt>
      <trkpt lat="41.146053" lon="-8.611314">
        <ele>57.55</ele>
      </trkpt>
      <trkpt lat="41.146134" lon="-8.611297">
        <ele>57.37</ele>
      </trkpt>
      <trkpt lat="41.146565" lon="-8.611202">
        <ele>59.65</ele>
      </trkpt>
      <trkpt lat="41.146565" lon="-8.611202">
        <ele>59.65</ele>
      </trkpt>
      <trkpt lat="41.146843" lon="-8.611141">
        <ele>60.33</ele>
      </trkpt>
      <trkpt lat="41.147843" lon="-8.610942">
        <ele>66.03</ele>
      </trkpt>
      <trkpt lat="41.148297" lon="-8.610819">
        <ele>68.7</ele>
      </trkpt>
      <trkpt lat="41.148827" lon="-8.610631">
        <ele>71.79</ele>
      </trkpt>
      <trkpt lat="41.149013" lon="-8.610548">
        <ele>73.09</ele>
      </trkpt>
      <trkpt lat="41.149199" lon="-8.61045">
        <ele>74.52</ele>
      </trkpt>
      <trkpt lat="41.149567" lon="-8.610239">
        <ele>76.8</ele>
      </trkpt>
      <trkpt lat="41.149649" lon="-8.610216">
        <ele>77</ele>
      </trkpt>
      <trkpt lat="41.14973" lon="-8.610206">
        <ele>77.62</ele>
      </trkpt>
      <trkpt lat="41.149813" lon="-8.610211">
        <ele>78.26</ele>
      </trkpt>
      <trkpt lat="41.150345" lon="-8.610351">
        <ele>81.42</ele>
      </trkpt>
      <trkpt lat="41.150426" lon="-8.610337">
        <ele>81.99</ele>
      </trkpt>
      <trkpt lat="41.150525" lon="-8.610303">
        <ele>82</ele>
      </trkpt>
      <trkpt lat="41.150606" lon="-8.610243">
        <ele>82.13</ele>
      </trkpt>
      <trkpt lat="41.150777" lon="-8.610092">
        <ele>82.63602486161628</ele>
      </trkpt>
      <trkpt lat="41.15083718788239" lon="-8.609992861747742">
        <ele>82.98403930663743</ele>
      </trkpt>
      <trkpt lat="41.1508000799016" lon="-8.60986049730913">
        <ele>83.82783911709953</ele>
      </trkpt>
      <trkpt lat="41.150680294042594" lon="-8.609433220274704">
        <ele>86.55165726123941</ele>
      </trkpt>
      <trkpt lat="41.15052340020281" lon="-8.608873578801665">
        <ele>89.23818203428007</ele>
      </trkpt>
      <trkpt lat="41.150366506363014" lon="-8.608313937328628">
        <ele>88.01209550101306</ele>
      </trkpt>
      <trkpt lat="41.15020961252323" lon="-8.60775429585559">
        <ele>86.81945133617464</ele>
      </trkpt>
      <trkpt lat="41.15020705428279" lon="-8.607745170593262">
        <ele>86.8211669921983</ele>
      </trkpt>
      <trkpt lat="41.15007850439004" lon="-8.607172928196858">
        <ele>87.05276344128632</ele>
      </trkpt>
      <trkpt lat="41.149949954497295" lon="-8.606600685800453">
        <ele>88.08062798567492</ele>
      </trkpt>
      <trkpt lat="41.149821404604545" lon="-8.60602844340405">
        <ele>90.27246850611031</ele>
      </trkpt>
      <trkpt lat="41.149692854711795" lon="-8.605456201007645">
        <ele>92.6441461931937</ele>
      </trkpt>
      <trkpt lat="41.14956430481905" lon="-8.604883958611241">
        <ele>95.31581483284941</ele>
      </trkpt>
      <trkpt lat="41.149484008908956" lon="-8.60452651977539">
        <ele>97.9320068359375</ele>
      </trkpt>
      <trkpt lat="41.149362977517626" lon="-8.603951398386034">
        <ele>100.08590680706476</ele>
      </trkpt>
      <trkpt lat="41.149241946126295" lon="-8.603376276996677">
        <ele>101.99164594277067</ele>
      </trkpt>
      <trkpt lat="41.149120914734965" lon="-8.60280115560732">
        <ele>101.5567424302204</ele>
      </trkpt>
      <trkpt lat="41.148999883343635" lon="-8.602226034217964">
        <ele>100.6147033417326</ele>
      </trkpt>
      <trkpt lat="41.14896696598663" lon="-8.602069616317749">
        <ele>100.44235229492188</ele>
      </trkpt>
      <trkpt lat="41.14851780482475" lon="-8.602041491279625">
        <ele>100.16621305687809</ele>
      </trkpt>
      <trkpt lat="41.14806864366287" lon="-8.6020133662415">
        <ele>99.75420224260176</ele>
      </trkpt>
      <trkpt lat="41.147619482500986" lon="-8.601985241203376">
        <ele>99.96161985544714</ele>
      </trkpt>
      <trkpt lat="41.147170321339104" lon="-8.601957116165254">
        <ele>98.77152802765355</ele>
      </trkpt>
      <trkpt lat="41.146910872146435" lon="-8.601940870285034">
        <ele>97.5029296875</ele>
      </trkpt>
      <trkpt lat="41.14646146835361" lon="-8.601920708372923">
        <ele>94.70382034976649</ele>
      </trkpt>
      <trkpt lat="41.146012064560786" lon="-8.601900546460811">
        <ele>92.92465553520074</ele>
      </trkpt>
      <trkpt lat="41.14571515727795" lon="-8.601887226104736">
        <ele>92.05798339841306</ele>
      </trkpt>
      <trkpt lat="41.14562317070102" lon="-8.602471724080539">
        <ele>91.60939888829536</ele>
      </trkpt>
      <trkpt lat="41.145531184124096" lon="-8.603056222056344">
        <ele>91.0665254079288</ele>
      </trkpt>
      <trkpt lat="41.14543919754718" lon="-8.603640720032146">
        <ele>91.39186130125351</ele>
      </trkpt>
      <trkpt lat="41.14534721097025" lon="-8.60422521800795">
        <ele>91.86493279302165</ele>
      </trkpt>
      <trkpt lat="41.14533947209148" lon="-8.60427439212799">
        <ele>91.80398559570312</ele>
      </trkpt>
      <trkpt lat="41.14517384675577" lon="-8.604440689086914">
        <ele>91.011474609375</ele>
      </trkpt>
      <trkpt lat="41.14485067416453" lon="-8.60454261302948">
        <ele>89.90099334716797</ele>
      </trkpt>
      <trkpt lat="41.14442582775777" lon="-8.6047382281005">
        <ele>87.98550507317455</ele>
      </trkpt>
      <trkpt lat="41.14404677543547" lon="-8.604912757873535">
        <ele>86.64678955078125</ele>
      </trkpt>
      <trkpt lat="41.14385230066979" lon="-8.604374382872422">
        <ele>83.68093241373407</ele>
      </trkpt>
      <trkpt lat="41.143657825904114" lon="-8.60383600787131">
        <ele>80.30947306640788</ele>
      </trkpt>
      <trkpt lat="41.14346335113843" lon="-8.603297632870197">
        <ele>76.70144379141084</ele>
      </trkpt>
      <trkpt lat="41.14326887637275" lon="-8.602759257869085">
        <ele>73.37931801876661</ele>
      </trkpt>
      <trkpt lat="41.14309339532477" lon="-8.60227346420288">
        <ele>70.96826171875</ele>
      </trkpt>
      <trkpt lat="41.14287524707973" lon="-8.602080345153809">
        <ele>70.89947509765625</ele>
      </trkpt>
      <trkpt lat="41.14242866679837" lon="-8.602010579293673">
        <ele>47.00790677669122</ele>
      </trkpt>
      <trkpt lat="41.142394510422605" lon="-8.602005243301392">
        <ele>45.36430359027355</ele>
      </trkpt>
      <trkpt lat="41.1419504576" lon="-8.601911241493896">
        <ele>3.641691495137547</ele>
      </trkpt>
      <trkpt lat="41.141558262630866" lon="-8.601828217506409">
        <ele>-0.46026229859901946</ele>
      </trkpt>
      <trkpt lat="41.14111502666195" lon="-8.601727649751004">
        <ele>20.739607052160352</ele>
      </trkpt>
      <trkpt lat="41.14067179069304" lon="-8.601627081995597">
        <ele>55.309239071584535</ele>
      </trkpt>
      <trkpt lat="41.140228554724125" lon="-8.601526514240192">
        <ele>37.64084751415803</ele>
      </trkpt>
      <trkpt lat="41.13978531875521" lon="-8.601425946484786">
        <ele>49.409648784850546</ele>
      </trkpt>
      <trkpt lat="41.13947769649724" lon="-8.601356148719788">
        <ele>55.60559081989322</ele>
      </trkpt>
      <trkpt lat="41.1390308205093" lon="-8.601289809437212">
        <ele>69.4992102670732</ele>
      </trkpt>
      <trkpt lat="41.13858394452136" lon="-8.601223470154638">
        <ele>70.11819650507563</ele>
      </trkpt>
      <trkpt lat="41.13817680413763" lon="-8.601163029670715">
        <ele>69.69081115722656</ele>
      </trkpt>
      <trkpt lat="41.137745011441" lon="-8.60132966280618">
        <ele>69.523341472941</ele>
      </trkpt>
      <trkpt lat="41.1373566630852" lon="-8.601479530334473">
        <ele>70.30703735354803</ele>
      </trkpt>
      <trkpt lat="41.13694884767233" lon="-8.601731041001417">
        <ele>71.76066474904414</ele>
      </trkpt>
      <trkpt lat="41.13661731531789" lon="-8.601935505867004">
        <ele>72.63577270499967</ele>
      </trkpt>
      <trkpt lat="41.136204541396744" lon="-8.602172324352644">
        <ele>74.03972652047429</ele>
      </trkpt>
      <trkpt lat="41.135962803782945" lon="-8.60231101512909">
        <ele>74.00138092041016</ele>
      </trkpt>
      <trkpt lat="41.135574942013875" lon="-8.602471947669983">
        <ele>73.68589782714844</ele>
      </trkpt>
      <trkpt lat="41.13523556108464" lon="-8.602514863014221">
        <ele>74.33096313480627</ele>
      </trkpt>
      <trkpt lat="41.13493254091412" lon="-8.602477312088013">
        <ele>69.52824401855469</ele>
      </trkpt>
      <trkpt lat="41.13466992230076" lon="-8.602418303489685">
        <ele>67.93856811523438</ele>
      </trkpt>
      <trkpt lat="41.13427413416947" lon="-8.602134946769414">
        <ele>74.20880348561298</ele>
      </trkpt>
      <trkpt lat="41.134257810972684" lon="-8.602123260498047">
        <ele>74.18359375</ele>
      </trkpt>
      <trkpt lat="41.13396439730097" lon="-8.601670856574039">
        <ele>70.94880964528181</ele>
      </trkpt>
      <trkpt lat="41.13375680940078" lon="-8.601350784301758">
        <ele>68.316162109375</ele>
      </trkpt>
      <trkpt lat="41.13352457468888" lon="-8.600839556586399">
        <ele>64.5158715701491</ele>
      </trkpt>
      <trkpt lat="41.133292339976975" lon="-8.600328328871038">
        <ele>60.440879240362065</ele>
      </trkpt>
      <trkpt lat="41.13306010526507" lon="-8.59981710115568">
        <ele>56.37952198030538</ele>
      </trkpt>
      <trkpt lat="41.13282787055317" lon="-8.599305873440318">
        <ele>52.46725355441393</ele>
      </trkpt>
      <trkpt lat="41.13282348175315" lon="-8.59929621219635">
        <ele>52.390907287597656</ele>
      </trkpt>
      <trkpt lat="41.13259725627945" lon="-8.598780262778964">
        <ele>48.214815623165364</ele>
      </trkpt>
      <trkpt lat="41.13237103080576" lon="-8.59826431336158">
        <ele>45.598268420950674</ele>
      </trkpt>
      <trkpt lat="41.132164891916005" lon="-8.59779417514801">
        <ele>44.9831314087385</ele>
      </trkpt>
      <trkpt lat="41.13187397896249" lon="-8.597424030303955">
        <ele>45.329925537109375</ele>
      </trkpt>
      <trkpt lat="41.131570943264165" lon="-8.597209453582764">
        <ele>45.66668701171875</ele>
      </trkpt>
      <trkpt lat="41.13113456939956" lon="-8.597091436386108">
        <ele>45.38345336912505</ele>
      </trkpt>
      <trkpt lat="41.131134" lon="-8.597073">
        <ele>45.04</ele>
      </trkpt>
      <trkpt lat="41.131053" lon="-8.597107">
        <ele>45.02</ele>
      </trkpt>
      <trkpt lat="41.13102" lon="-8.59716">
        <ele>45.27</ele>
      </trkpt>
      <trkpt lat="41.130948" lon="-8.59722">
        <ele>45.53</ele>
      </trkpt>
      <trkpt lat="41.130866" lon="-8.597248">
        <ele>45.23</ele>
      </trkpt>
      <trkpt lat="41.130781" lon="-8.59724">
        <ele>45.76</ele>
      </trkpt>
      <trkpt lat="41.130702" lon="-8.597198">
        <ele>46</ele>
      </trkpt>
      <trkpt lat="41.130611" lon="-8.597198">
        <ele>46</ele>
      </trkpt>
      <trkpt lat="41.130553" lon="-8.597216">
        <ele>46.42</ele>
      </trkpt>
      <trkpt lat="41.130211" lon="-8.597519">
        <ele>49.02</ele>
      </trkpt>
      <trkpt lat="41.129912" lon="-8.597702">
        <ele>51.38</ele>
      </trkpt>
      <trkpt lat="41.129783" lon="-8.597759">
        <ele>52.34</ele>
      </trkpt>
      <trkpt lat="41.129647" lon="-8.597802">
        <ele>53</ele>
      </trkpt>
      <trkpt lat="41.127801" lon="-8.598108">
        <ele>65.06</ele>
      </trkpt>
      <trkpt lat="41.126609" lon="-8.598304">
        <ele>75.24</ele>
      </trkpt>
      <trkpt lat="41.125402" lon="-8.598508">
        <ele>86.3</ele>
      </trkpt>
      <trkpt lat="41.125265" lon="-8.598545">
        <ele>87.46</ele>
      </trkpt>
      <trkpt lat="41.125205" lon="-8.598575">
        <ele>87.85</ele>
      </trkpt>
      <trkpt lat="41.12518" lon="-8.59862">
        <ele>87.98</ele>
      </trkpt>
      <trkpt lat="41.125113" lon="-8.59869">
        <ele>88.61</ele>
      </trkpt>
      <trkpt lat="41.125047" lon="-8.59872">
        <ele>88.98</ele>
      </trkpt>
      <trkpt lat="41.124971" lon="-8.59872">
        <ele>89</ele>
      </trkpt>
      <trkpt lat="41.12491" lon="-8.598701">
        <ele>89</ele>
      </trkpt>
      <trkpt lat="41.124857" lon="-8.59866">
        <ele>88.6</ele>
      </trkpt>
      <trkpt lat="41.124813" lon="-8.598602">
        <ele>87.92</ele>
      </trkpt>
      <trkpt lat="41.124782" lon="-8.598532">
        <ele>87.28</ele>
      </trkpt>
      <trkpt lat="41.124636" lon="-8.598504">
        <ele>87.16</ele>
      </trkpt>
      <trkpt lat="41.12386" lon="-8.598521">
        <ele>87.2</ele>
      </trkpt>
      <trkpt lat="41.122841" lon="-8.598551">
        <ele>92.35</ele>
      </trkpt>
      <trkpt lat="41.122568" lon="-8.598618">
        <ele>94.04</ele>
      </trkpt>
      <trkpt lat="41.122313" lon="-8.598741">
        <ele>96.18407812090015</ele>
      </trkpt>
      <trkpt lat="41.121998335311275" lon="-8.598947525024414">
        <ele>97.9278564453125</ele>
      </trkpt>
      <trkpt lat="41.12164782118189" lon="-8.599321423972098">
        <ele>98.64612718305438</ele>
      </trkpt>
      <trkpt lat="41.121545733373154" lon="-8.599430322647095">
        <ele>99.87705993652344</ele>
      </trkpt>
      <trkpt lat="41.12119322050734" lon="-8.59980089230148">
        <ele>103.7299103123066</ele>
      </trkpt>
      <trkpt lat="41.120846618888066" lon="-8.600165247917175">
        <ele>106.51244354248047</ele>
      </trkpt>
      <trkpt lat="41.12054757342389" lon="-8.60053539276123">
        <ele>106.01522827148438</ele>
      </trkpt>
      <trkpt lat="41.120248423063266" lon="-8.600981031889443">
        <ele>109.69223142777611</ele>
      </trkpt>
      <trkpt lat="41.12018386764461" lon="-8.601077198982239">
        <ele>111.28353881835938</ele>
      </trkpt>
      <trkpt lat="41.1200106354034" lon="-8.601628020168079">
        <ele>112.25463065059894</ele>
      </trkpt>
      <trkpt lat="41.12001009639408" lon="-8.601629734039307">
        <ele>112.27136230508518</ele>
      </trkpt>
      <trkpt lat="41.11998180800745" lon="-8.602133989334106">
        <ele>113.65200805664062</ele>
      </trkpt>
      <trkpt lat="41.12001239564137" lon="-8.602729500359253">
        <ele>116.87664530490234</ele>
      </trkpt>
      <trkpt lat="41.12001817878806" lon="-8.602842092514038">
        <ele>117.56988525390625</ele>
      </trkpt>
      <trkpt lat="41.120035460632714" lon="-8.603438545385163">
        <ele>120.70772748556436</ele>
      </trkpt>
      <trkpt lat="41.12003838476855" lon="-8.60353946685791">
        <ele>121.14428710931043</ele>
      </trkpt>
      <trkpt lat="41.12004242596393" lon="-8.604081273078918">
        <ele>123.61555480969028</ele>
      </trkpt>
      <trkpt lat="41.12004646715903" lon="-8.604585528373718">
        <ele>126.2801742553711</ele>
      </trkpt>
      <trkpt lat="41.12004646715903" lon="-8.604585528373718">
        <ele>126.2801742553711</ele>
      </trkpt>
      <trkpt lat="41.11993331360199" lon="-8.604880571365356">
        <ele>128.59488677949884</ele>
      </trkpt>
      <trkpt lat="41.11984036589129" lon="-8.604950308799744">
        <ele>129.41687011725705</ele>
      </trkpt>
      <trkpt lat="41.119533233389575" lon="-8.604998588562012">
        <ele>130.64880371089828</ele>
      </trkpt>
      <trkpt lat="41.119270553135976" lon="-8.60505223274231">
        <ele>131.74041748046875</ele>
      </trkpt>
      <trkpt lat="41.11918568698323" lon="-8.605116605758667">
        <ele>132.21754455566406</ele>
      </trkpt>
      <trkpt lat="41.119133150738406" lon="-8.605443835258484">
        <ele>133.53441619873047</ele>
      </trkpt>
      <trkpt lat="41.119153356991404" lon="-8.605813980102539">
        <ele>135.9294433595628</ele>
      </trkpt>
      <trkpt lat="41.119121026983635" lon="-8.606092929840088">
        <ele>137.05209350585938</ele>
      </trkpt>
      <trkpt lat="41.118955335443985" lon="-8.606189489364624">
        <ele>137.88199615478516</ele>
      </trkpt>
      <trkpt lat="41.11864011623814" lon="-8.606243133544922">
        <ele>139.4254150390625</ele>
      </trkpt>
      <trkpt lat="41.1181915364004" lon="-8.606284483861124">
        <ele>141.54695556768374</ele>
      </trkpt>
      <trkpt lat="41.118058" lon="-8.606294">
        <ele>141.47</ele>
      </trkpt>
      <trkpt lat="41.11761" lon="-8.606328">
        <ele>145.60012211957485</ele>
      </trkpt>
      <trkpt lat="41.11716135077717" lon="-8.606368001254875">
        <ele>148.06410042356538</ele>
      </trkpt>
      <trkpt lat="41.11675685200774" lon="-8.606404066085815">
        <ele>149.19761657714844</ele>
      </trkpt>
      <trkpt lat="41.11630802542599" lon="-8.606440392587105">
        <ele>152.8526949604631</ele>
      </trkpt>
      <trkpt lat="41.116094059467315" lon="-8.606457710266113">
        <ele>153.5570983885516</ele>
      </trkpt>
      <trkpt lat="41.115677789999125" lon="-8.606425523757935">
        <ele>156.89251708982</ele>
      </trkpt>
      <trkpt lat="41.11559291920105" lon="-8.606441617012024">
        <ele>156.99656677246094</ele>
      </trkpt>
      <trkpt lat="41.11564141681336" lon="-8.60654890537262">
        <ele>156.71653747563607</ele>
      </trkpt>
      <trkpt lat="41.11562929241367" lon="-8.606715202331543">
        <ele>156.6969604491875</ele>
      </trkpt>
      <trkpt lat="41.1156494997453" lon="-8.606817126274109">
        <ele>156.64564132688406</ele>
      </trkpt>
      <trkpt lat="41.11601552752401" lon="-8.607163811784293">
        <ele>156.227103771698</ele>
      </trkpt>
      <trkpt lat="41.11638155530273" lon="-8.607510497294479">
        <ele>155.8223885414371</ele>
      </trkpt>
      <trkpt lat="41.11645374649348" lon="-8.607578873634338">
        <ele>155.70944213867188</ele>
      </trkpt>
      <trkpt lat="41.11686592565691" lon="-8.607817440533802">
        <ele>155.34519038561916</ele>
      </trkpt>
      <trkpt lat="41.1171488663972" lon="-8.607981204986572">
        <ele>154.82144165037505</ele>
      </trkpt>
      <trkpt lat="41.11757354607652" lon="-8.608177377295176">
        <ele>154.33077250438234</ele>
      </trkpt>
      <trkpt lat="41.11799822575584" lon="-8.608373549603778">
        <ele>154.08967793976802</ele>
      </trkpt>
      <trkpt lat="41.118159201969036" lon="-8.608447909355164">
        <ele>153.90893554687457</ele>
      </trkpt>
      <trkpt lat="41.11857923413021" lon="-8.608660987379707">
        <ele>153.43484332910822</ele>
      </trkpt>
      <trkpt lat="41.11899926629138" lon="-8.60887406540425">
        <ele>152.9417427405525</ele>
      </trkpt>
      <trkpt lat="41.11941929845255" lon="-8.609087143428793">
        <ele>151.840984000269</ele>
      </trkpt>
      <trkpt lat="41.11942816141428" lon="-8.609091639518738">
        <ele>151.80713653564453</ele>
      </trkpt>
      <trkpt lat="41.119853295952424" lon="-8.60928607413718">
        <ele>149.24511896894063</ele>
      </trkpt>
      <trkpt lat="41.11990906638579" lon="-8.609311580657959">
        <ele>148.84039306640625</ele>
      </trkpt>
      <trkpt lat="41.120297173525714" lon="-8.60961302065799">
        <ele>145.8111902219722</ele>
      </trkpt>
      <trkpt lat="41.12066880823576" lon="-8.609901666641235">
        <ele>142.67958068847656</ele>
      </trkpt>
      <trkpt lat="41.12106178278916" lon="-8.610191785251613">
        <ele>139.6206127548606</ele>
      </trkpt>
      <trkpt lat="41.12142450018115" lon="-8.610459566116333">
        <ele>136.890625</ele>
      </trkpt>
      <trkpt lat="41.12180287400153" lon="-8.61078208344016">
        <ele>133.78500345290328</ele>
      </trkpt>
      <trkpt lat="41.12218124782191" lon="-8.611104600763987">
        <ele>131.0952403759236</ele>
      </trkpt>
      <trkpt lat="41.12255962164229" lon="-8.611427118087814">
        <ele>128.39974711022066</ele>
      </trkpt>
      <trkpt lat="41.12257620646332" lon="-8.611441254615784">
        <ele>128.2551612854004</ele>
      </trkpt>
      <trkpt lat="41.12240920686426" lon="-8.61199547742751">
        <ele>129.42843550594708</ele>
      </trkpt>
      <trkpt lat="41.12239840049696" lon="-8.61203134059906">
        <ele>129.6187973022461</ele>
      </trkpt>
      <trkpt lat="41.12218548977825" lon="-8.612557099417039">
        <ele>129.38447752222712</ele>
      </trkpt>
      <trkpt lat="41.12197257905954" lon="-8.613082858235018">
        <ele>127.36735405924098</ele>
      </trkpt>
      <trkpt lat="41.12175966834083" lon="-8.613608617052996">
        <ele>125.06528403089737</ele>
      </trkpt>
      <trkpt lat="41.12164676086209" lon="-8.613887429237366">
        <ele>123.8685302734375</ele>
      </trkpt>
      <trkpt lat="41.121433469267316" lon="-8.614412911025523">
        <ele>121.9710802085632</ele>
      </trkpt>
      <trkpt lat="41.12122017767254" lon="-8.61493839281368">
        <ele>120.84115670731646</ele>
      </trkpt>
      <trkpt lat="41.12116990974903" lon="-8.615062236785889">
        <ele>120.44389343261719</ele>
      </trkpt>
      <trkpt lat="41.121056758128844" lon="-8.615169525146484">
        <ele>119.89392089841476</ele>
      </trkpt>
      <trkpt lat="41.12060867914613" lon="-8.615219538204816">
        <ele>120.49170544928016</ele>
      </trkpt>
      <trkpt lat="41.120160600163416" lon="-8.615269551263145">
        <ele>121.15745341074779</ele>
      </trkpt>
      <trkpt lat="41.119712521180695" lon="-8.615319564321476">
        <ele>121.34500684555493</ele>
      </trkpt>
      <trkpt lat="41.119711047118386" lon="-8.615319728851318">
        <ele>121.345703125</ele>
      </trkpt>
      <trkpt lat="41.119302883070105" lon="-8.6152982711792">
        <ele>121.43298339842386</ele>
      </trkpt>
      <trkpt lat="41.118862386348354" lon="-8.615228533744812">
        <ele>121.60537719726562</ele>
      </trkpt>
      <trkpt lat="41.118587579556646" lon="-8.615169525146484">
        <ele>121.7109375</ele>
      </trkpt>
      <trkpt lat="41.1184663409004" lon="-8.615185618400574">
        <ele>121.91607666015625</ele>
      </trkpt>
      <trkpt lat="41.11835722591832" lon="-8.615325093269348">
        <ele>121.6867790222168</ele>
      </trkpt>
      <trkpt lat="41.11825619336577" lon="-8.61579716205597">
        <ele>119.38967895507812</ele>
      </trkpt>
      <trkpt lat="41.11815101521912" lon="-8.616377480494032">
        <ele>115.83865737785358</ele>
      </trkpt>
      <trkpt lat="41.118045837072465" lon="-8.616957798932095">
        <ele>112.0081192979788</ele>
      </trkpt>
      <trkpt lat="41.11794065892582" lon="-8.617538117370156">
        <ele>108.09961226496118</ele>
      </trkpt>
      <trkpt lat="41.11792076417606" lon="-8.617647886276245">
        <ele>107.35704803466797</ele>
      </trkpt>
      <trkpt lat="41.11785206160039" lon="-8.61803948879242">
        <ele>104.81428527829733</ele>
      </trkpt>
      <trkpt lat="41.11791268152385" lon="-8.618318438529968">
        <ele>103.58098220842518</ele>
      </trkpt>
      <trkpt lat="41.11814303672227" lon="-8.618500828742981">
        <ele>103.03861999511719</ele>
      </trkpt>
      <trkpt lat="41.118564612884654" lon="-8.618708465266167">
        <ele>100.92915549765479</ele>
      </trkpt>
      <trkpt lat="41.118986189047035" lon="-8.61891610178935">
        <ele>97.45352554947952</ele>
      </trkpt>
      <trkpt lat="41.119407765209424" lon="-8.619123738312537">
        <ele>95.24729393981411</ele>
      </trkpt>
      <trkpt lat="41.119829341371805" lon="-8.61933137483572">
        <ele>93.45517984031878</ele>
      </trkpt>
      <trkpt lat="41.1199292723999" lon="-8.619380593299866">
        <ele>93.17965698242188</ele>
      </trkpt>
      <trkpt lat="41.12035513021547" lon="-8.619572220782496">
        <ele>92.16091406281491</ele>
      </trkpt>
      <trkpt lat="41.12078098803105" lon="-8.619763848265126">
        <ele>91.13554249215494</ele>
      </trkpt>
      <trkpt lat="41.120883" lon="-8.619806">
        <ele>90.85</ele>
      </trkpt>
      <trkpt lat="41.120995" lon="-8.619784">
        <ele>89.56</ele>
      </trkpt>
      <trkpt lat="41.121052" lon="-8.619723">
        <ele>89.44</ele>
      </trkpt>
      <trkpt lat="41.12112" lon="-8.619688">
        <ele>89.56</ele>
      </trkpt>
      <trkpt lat="41.121193" lon="-8.619681">
        <ele>89.65</ele>
      </trkpt>
      <trkpt lat="41.121264" lon="-8.619703">
        <ele>89.62</ele>
      </trkpt>
      <trkpt lat="41.121327" lon="-8.619752">
        <ele>89.6</ele>
      </trkpt>
      <trkpt lat="41.121376" lon="-8.619823">
        <ele>89.72</ele>
      </trkpt>
      <trkpt lat="41.121471" lon="-8.620075">
        <ele>89.24</ele>
      </trkpt>
      <trkpt lat="41.121676" lon="-8.620251">
        <ele>88.7</ele>
      </trkpt>
      <trkpt lat="41.121903" lon="-8.620372">
        <ele>89.93</ele>
      </trkpt>
      <trkpt lat="41.122148" lon="-8.620502">
        <ele>88.03</ele>
      </trkpt>
      <trkpt lat="41.122722" lon="-8.6208">
        <ele>87</ele>
      </trkpt>
      <trkpt lat="41.123028" lon="-8.620928">
        <ele>87</ele>
      </trkpt>
      <trkpt lat="41.123743" lon="-8.6213">
        <ele>86</ele>
      </trkpt>
      <trkpt lat="41.124229" lon="-8.621585">
        <ele>84.93</ele>
      </trkpt>
      <trkpt lat="41.124442" lon="-8.62173">
        <ele>83.53</ele>
      </trkpt>
      <trkpt lat="41.124767" lon="-8.621982">
        <ele>82.31</ele>
      </trkpt>
      <trkpt lat="41.125022" lon="-8.622189">
        <ele>81.02</ele>
      </trkpt>
      <trkpt lat="41.126037" lon="-8.623185">
        <ele>73.28</ele>
      </trkpt>
      <trkpt lat="41.126615" lon="-8.623764">
        <ele>68.84</ele>
      </trkpt>
      <trkpt lat="41.127251" lon="-8.624324">
        <ele>66.06</ele>
      </trkpt>
      <trkpt lat="41.127423" lon="-8.624478">
        <ele>69.15</ele>
      </trkpt>
      <trkpt lat="41.127564" lon="-8.624527">
        <ele>71.04</ele>
      </trkpt>
      <trkpt lat="41.127667" lon="-8.624601">
        <ele>67.64</ele>
      </trkpt>
      <trkpt lat="41.127722" lon="-8.624616">
        <ele>67.26</ele>
      </trkpt>
      <trkpt lat="41.127745" lon="-8.624642">
        <ele>67.05</ele>
      </trkpt>
      <trkpt lat="41.127761" lon="-8.624677">
        <ele>67.27</ele>
      </trkpt>
      <trkpt lat="41.127894" lon="-8.62466">
        <ele>68.16</ele>
      </trkpt>
      <trkpt lat="41.127987" lon="-8.624661">
        <ele>68</ele>
      </trkpt>
      <trkpt lat="41.128234" lon="-8.624665">
        <ele>67.56</ele>
      </trkpt>
      <trkpt lat="41.128419" lon="-8.624721">
        <ele>68.02</ele>
      </trkpt>
      <trkpt lat="41.128709" lon="-8.624852">
        <ele>68.73</ele>
      </trkpt>
      <trkpt lat="41.129035" lon="-8.624962">
        <ele>69.9</ele>
      </trkpt>
      <trkpt lat="41.129206" lon="-8.624939">
        <ele>70.31</ele>
      </trkpt>
      <trkpt lat="41.129405" lon="-8.624837">
        <ele>71.32</ele>
      </trkpt>
      <trkpt lat="41.129632" lon="-8.624615">
        <ele>72.58</ele>
      </trkpt>
      <trkpt lat="41.129896" lon="-8.624445">
        <ele>74.86</ele>
      </trkpt>
      <trkpt lat="41.129892" lon="-8.624429">
        <ele>74.74</ele>
      </trkpt>
      <trkpt lat="41.129818" lon="-8.624211">
        <ele>73.39</ele>
      </trkpt>
      <trkpt lat="41.129764" lon="-8.624118">
        <ele>72.48</ele>
      </trkpt>
      <trkpt lat="41.129586" lon="-8.623963">
        <ele>70.92</ele>
      </trkpt>
      <trkpt lat="41.129552" lon="-8.623922">
        <ele>70.45</ele>
      </trkpt>
      <trkpt lat="41.129491" lon="-8.623808">
        <ele>69.15</ele>
      </trkpt>
      <trkpt lat="41.129469" lon="-8.623739">
        <ele>68.57</ele>
      </trkpt>
      <trkpt lat="41.129456" lon="-8.623673">
        <ele>67.77</ele>
      </trkpt>
      <trkpt lat="41.129454" lon="-8.623602">
        <ele>66.92</ele>
      </trkpt>
      <trkpt lat="41.129471" lon="-8.623478">
        <ele>65.9</ele>
      </trkpt>
      <trkpt lat="41.129522" lon="-8.623369">
        <ele>64.5</ele>
      </trkpt>
      <trkpt lat="41.129599" lon="-8.623275">
        <ele>63.61</ele>
      </trkpt>
      <trkpt lat="41.129643" lon="-8.623242">
        <ele>62.74</ele>
      </trkpt>
      <trkpt lat="41.12969" lon="-8.623222">
        <ele>61.94</ele>
      </trkpt>
      <trkpt lat="41.129784" lon="-8.623209">
        <ele>61.08</ele>
      </trkpt>
      <trkpt lat="41.130201" lon="-8.623245">
        <ele>57.07</ele>
      </trkpt>
      <trkpt lat="41.130252" lon="-8.623236">
        <ele>56.63</ele>
      </trkpt>
      <trkpt lat="41.130339" lon="-8.623191">
        <ele>55.7</ele>
      </trkpt>
      <trkpt lat="41.1304" lon="-8.623131">
        <ele>55.27</ele>
      </trkpt>
      <trkpt lat="41.130457" lon="-8.623052">
        <ele>54.81</ele>
      </trkpt>
      <trkpt lat="41.130804" lon="-8.622497">
        <ele>52.78</ele>
      </trkpt>
      <trkpt lat="41.131192" lon="-8.621876">
        <ele>50.51</ele>
      </trkpt>
      <trkpt lat="41.131744" lon="-8.620994">
        <ele>50.19</ele>
      </trkpt>
      <trkpt lat="41.131772" lon="-8.620939">
        <ele>50.48</ele>
      </trkpt>
      <trkpt lat="41.131804" lon="-8.620838">
        <ele>51.04</ele>
      </trkpt>
      <trkpt lat="41.131815" lon="-8.620749">
        <ele>51.21</ele>
      </trkpt>
      <trkpt lat="41.131809" lon="-8.620656">
        <ele>51.52</ele>
      </trkpt>
      <trkpt lat="41.131784" lon="-8.620558">
        <ele>52.44</ele>
      </trkpt>
      <trkpt lat="41.131744" lon="-8.620469">
        <ele>53.13</ele>
      </trkpt>
      <trkpt lat="41.131686" lon="-8.620398">
        <ele>53.91</ele>
      </trkpt>
      <trkpt lat="41.131377" lon="-8.620111">
        <ele>57.99</ele>
      </trkpt>
      <trkpt lat="41.131303" lon="-8.62003">
        <ele>58.96</ele>
      </trkpt>
      <trkpt lat="41.131228" lon="-8.619922">
        <ele>59.39</ele>
      </trkpt>
      <trkpt lat="41.131162" lon="-8.619796">
        <ele>60.13</ele>
      </trkpt>
      <trkpt lat="41.131111" lon="-8.619679">
        <ele>61.02</ele>
      </trkpt>
      <trkpt lat="41.131073" lon="-8.619561">
        <ele>61.7</ele>
      </trkpt>
      <trkpt lat="41.131038" lon="-8.619374">
        <ele>63.84</ele>
      </trkpt>
      <trkpt lat="41.131031" lon="-8.619119">
        <ele>66.12</ele>
      </trkpt>
      <trkpt lat="41.131043" lon="-8.61899">
        <ele>67.61</ele>
      </trkpt>
      <trkpt lat="41.131113" lon="-8.618472">
        <ele>69.11</ele>
      </trkpt>
      <trkpt lat="41.131158" lon="-8.618222">
        <ele>69.21</ele>
      </trkpt>
      <trkpt lat="41.131211" lon="-8.618">
        <ele>69.92</ele>
      </trkpt>
      <trkpt lat="41.131251" lon="-8.617842">
        <ele>70.52</ele>
      </trkpt>
      <trkpt lat="41.131306" lon="-8.617673">
        <ele>70.34</ele>
      </trkpt>
      <trkpt lat="41.131612" lon="-8.617005">
        <ele>69.6</ele>
      </trkpt>
      <trkpt lat="41.132317" lon="-8.615321">
        <ele>67.46</ele>
      </trkpt>
      <trkpt lat="41.132464" lon="-8.614917">
        <ele>66.78</ele>
      </trkpt>
      <trkpt lat="41.132608" lon="-8.614441">
        <ele>65.99</ele>
      </trkpt>
      <trkpt lat="41.132698" lon="-8.614072">
        <ele>65.87</ele>
      </trkpt>
      <trkpt lat="41.13284" lon="-8.613326">
        <ele>65.56</ele>
      </trkpt>
      <trkpt lat="41.132824" lon="-8.613159">
        <ele>66.23</ele>
      </trkpt>
      <trkpt lat="41.132757" lon="-8.612833">
        <ele>66.25</ele>
      </trkpt>
      <trkpt lat="41.132775" lon="-8.612637">
        <ele>66.28</ele>
      </trkpt>
      <trkpt lat="41.132807" lon="-8.612501">
        <ele>66.56</ele>
      </trkpt>
      <trkpt lat="41.132821" lon="-8.612422">
        <ele>66.55</ele>
      </trkpt>
      <trkpt lat="41.132895" lon="-8.612233">
        <ele>66.53</ele>
      </trkpt>
      <trkpt lat="41.13293" lon="-8.612074">
        <ele>66.51</ele>
      </trkpt>
      <trkpt lat="41.132924" lon="-8.611549">
        <ele>65.76</ele>
      </trkpt>
      <trkpt lat="41.132992" lon="-8.610966">
        <ele>64.92</ele>
      </trkpt>
      <trkpt lat="41.133063" lon="-8.610621">
        <ele>64.42</ele>
      </trkpt>
      <trkpt lat="41.133353" lon="-8.609586">
        <ele>62.88</ele>
      </trkpt>
      <trkpt lat="41.133468" lon="-8.608999">
        <ele>62.83</ele>
      </trkpt>
      <trkpt lat="41.133437" lon="-8.608962">
        <ele>63.51</ele>
      </trkpt>
      <trkpt lat="41.133424" lon="-8.608928">
        <ele>63.87</ele>
      </trkpt>
      <trkpt lat="41.133424" lon="-8.608853">
        <ele>64</ele>
      </trkpt>
      <trkpt lat="41.133455" lon="-8.608791">
        <ele>63.53</ele>
      </trkpt>
      <trkpt lat="41.133508" lon="-8.608763">
        <ele>64.57</ele>
      </trkpt>
      <trkpt lat="41.133537" lon="-8.608765">
        <ele>64.78</ele>
      </trkpt>
      <trkpt lat="41.133564" lon="-8.60878">
        <ele>64.63</ele>
      </trkpt>
      <trkpt lat="41.133587" lon="-8.608805">
        <ele>64.11</ele>
      </trkpt>
      <trkpt lat="41.133603" lon="-8.608838">
        <ele>64.01</ele>
      </trkpt>
      <trkpt lat="41.133609" lon="-8.608916">
        <ele>63.25</ele>
      </trkpt>
      <trkpt lat="41.133647" lon="-8.60894">
        <ele>63.85</ele>
      </trkpt>
      <trkpt lat="41.133667" lon="-8.608966">
        <ele>63.95</ele>
      </trkpt>
      <trkpt lat="41.134038" lon="-8.609701">
        <ele>56.82</ele>
      </trkpt>
      <trkpt lat="41.134449" lon="-8.610495">
        <ele>53.21</ele>
      </trkpt>
      <trkpt lat="41.13456" lon="-8.610663">
        <ele>52.28</ele>
      </trkpt>
      <trkpt lat="41.135005" lon="-8.611131">
        <ele>48.44</ele>
      </trkpt>
      <trkpt lat="41.135204" lon="-8.611338">
        <ele>44.49</ele>
      </trkpt>
      <trkpt lat="41.135334" lon="-8.611445">
        <ele>41.7</ele>
      </trkpt>
      <trkpt lat="41.135481" lon="-8.61151">
        <ele>40.57</ele>
      </trkpt>
      <trkpt lat="41.135613" lon="-8.61153">
        <ele>40.18</ele>
      </trkpt>
      <trkpt lat="41.135869" lon="-8.611513">
        <ele>36.11</ele>
      </trkpt>
      <trkpt lat="41.135877" lon="-8.611513">
        <ele>32.25</ele>
      </trkpt>
      <trkpt lat="41.136509" lon="-8.611456">
        <ele>31.58</ele>
      </trkpt>
      <trkpt lat="41.136621" lon="-8.611436">
        <ele>31</ele>
      </trkpt>
      <trkpt lat="41.136795" lon="-8.611335">
        <ele>30.27</ele>
      </trkpt>
      <trkpt lat="41.137085" lon="-8.611137">
        <ele>26.02</ele>
      </trkpt>
      <trkpt lat="41.137375" lon="-8.610939">
        <ele>25.02</ele>
      </trkpt>
      <trkpt lat="41.137601" lon="-8.610727">
        <ele>21.94</ele>
      </trkpt>
      <trkpt lat="41.137877" lon="-8.610469">
        <ele>20.55</ele>
      </trkpt>
      <trkpt lat="41.138128" lon="-8.610234">
        <ele>16.35</ele>
      </trkpt>
      <trkpt lat="41.138751" lon="-8.609717">
        <ele>12.89</ele>
      </trkpt>
      <trkpt lat="41.138914" lon="-8.609423">
        <ele>11.72</ele>
      </trkpt>
      <trkpt lat="41.138961" lon="-8.609335">
        <ele>14.63</ele>
      </trkpt>
      <trkpt lat="41.139001" lon="-8.60924">
        <ele>27.806738510861685</ele>
      </trkpt>
      <trkpt lat="41.13914641579842" lon="-8.609193563461304">
        <ele>26.676116943359375</ele>
      </trkpt>
      <trkpt lat="41.13958592002981" lon="-8.609319744046918">
        <ele>21.32289527225242</ele>
      </trkpt>
      <trkpt lat="41.139744335844284" lon="-8.609365224838257">
        <ele>9.468292236328125</ele>
      </trkpt>
      <trkpt lat="41.14017773230124" lon="-8.609524354454594">
        <ele>0.06305194769825362</ele>
      </trkpt>
      <trkpt lat="41.140611128758195" lon="-8.609683484070933">
        <ele>2.270907450024184</ele>
      </trkpt>
      <trkpt lat="41.14081088239263" lon="-8.609756827354431">
        <ele>9.020729064941406</ele>
      </trkpt>
      <trkpt lat="41.14084320171426" lon="-8.609917759895325">
        <ele>11.591331482002786</ele>
      </trkpt>
      <trkpt lat="41.14084320171426" lon="-8.609917759895325">
        <ele>11.591331482002786</ele>
      </trkpt>
      <trkpt lat="41.14111064094677" lon="-8.610397759107599">
        <ele>13.784302433898725</ele>
      </trkpt>
      <trkpt lat="41.141210832876766" lon="-8.610577583312988">
        <ele>14.22027587890625</ele>
      </trkpt>
      <trkpt lat="41.141210832876766" lon="-8.610577583312988">
        <ele>14.22027587890625</ele>
      </trkpt>
      <trkpt lat="41.14130115526526" lon="-8.611162500872625">
        <ele>37.938032269392764</ele>
      </trkpt>
      <trkpt lat="41.1413421292211" lon="-8.61142784357071">
        <ele>41.94242572784424</ele>
      </trkpt>
      <trkpt lat="41.141429864865806" lon="-8.612013456201243">
        <ele>44.19103996194793</ele>
      </trkpt>
      <trkpt lat="41.14149362467643" lon="-8.612439036369324">
        <ele>44.11677551269531</ele>
      </trkpt>
      <trkpt lat="41.141569" lon="-8.612869">
        <ele>21.19</ele>
      </trkpt>
      <trkpt lat="41.141575" lon="-8.612948">
        <ele>21.12</ele>
      </trkpt>
      <trkpt lat="41.141569" lon="-8.613015">
        <ele>21.05</ele>
      </trkpt>
      <trkpt lat="41.141557" lon="-8.613063">
        <ele>21.01</ele>
      </trkpt>
      <trkpt lat="41.141425" lon="-8.613438">
        <ele>16.46</ele>
      </trkpt>
      <trkpt lat="41.141435" lon="-8.613489">
        <ele>16.66</ele>
      </trkpt>
      <trkpt lat="41.141411" lon="-8.613624">
        <ele>17</ele>
      </trkpt>
      <trkpt lat="41.141191" lon="-8.614261">
        <ele>17.48</ele>
      </trkpt>
      <trkpt lat="41.141153" lon="-8.614278">
        <ele>17.32</ele>
      </trkpt>
      <trkpt lat="41.141056" lon="-8.614558">
        <ele>17.93</ele>
      </trkpt>
      <trkpt lat="41.141061" lon="-8.614557">
        <ele>17.98</ele>
      </trkpt>
      <trkpt lat="41.141199" lon="-8.614542">
        <ele>19.34</ele>
      </trkpt>
      <trkpt lat="41.141613" lon="-8.614551">
        <ele>23.31</ele>
      </trkpt>
      <trkpt lat="41.141739" lon="-8.614531">
        <ele>26.35</ele>
      </trkpt>
      <trkpt lat="41.141898" lon="-8.614469">
        <ele>26.25</ele>
      </trkpt>
      <trkpt lat="41.142473" lon="-8.61426">
        <ele>30.28</ele>
      </trkpt>
      <trkpt lat="41.142738" lon="-8.614152">
        <ele>31.76</ele>
      </trkpt>
      <trkpt lat="41.142831" lon="-8.614071">
        <ele>32.15</ele>
      </trkpt>
      <trkpt lat="41.143083" lon="-8.613727">
        <ele>34.41</ele>
      </trkpt>
      <trkpt lat="41.14338" lon="-8.61334">
        <ele>38.03</ele>
      </trkpt>
      <trkpt lat="41.143517" lon="-8.613161">
        <ele>39.7</ele>
      </trkpt>
      <trkpt lat="41.143975" lon="-8.612526">
        <ele>43.9</ele>
      </trkpt>
      <trkpt lat="41.144218" lon="-8.612201">
        <ele>47.64</ele>
      </trkpt>
      <trkpt lat="41.144371" lon="-8.611986">
        <ele>51.03</ele>
      </trkpt>
      <trkpt lat="41.144371" lon="-8.611986">
        <ele>54.79684439205075</ele>
      </trkpt>
      <trkpt lat="41.14468250161495" lon="-8.61155537049846">
        <ele>51.70158570147274</ele>
      </trkpt>
      <trkpt lat="41.144994003229904" lon="-8.61112474099692">
        <ele>54.241629419715835</ele>
      </trkpt>
      <trkpt lat="41.14513950974356" lon="-8.61092358827591">
        <ele>54.74040412902832</ele>
      </trkpt>
      <trkpt lat="41.145141" lon="-8.610925">
        <ele>54.53</ele>
      </trkpt>
      <trkpt lat="41.145147" lon="-8.610916">
        <ele>54.57</ele>
      </trkpt>
      <trkpt lat="41.145365" lon="-8.610903">
        <ele>52.32</ele>
      </trkpt>
      <trkpt lat="41.14584" lon="-8.610832">
        <ele>56.24</ele>
      </trkpt>
      <trkpt lat="41.145881" lon="-8.61084">
        <ele>56.42</ele>
      </trkpt>
      <trkpt lat="41.145881" lon="-8.61084">
        <ele>56.42</ele>
      </trkpt>
      <trkpt lat="41.146018" lon="-8.610866">
        <ele>57.04</ele>
      </trkpt>
      <trkpt lat="41.146043" lon="-8.610886">
        <ele>57.09</ele>
      </trkpt>
      <trkpt lat="41.146062" lon="-8.610969">
        <ele>56.91</ele>
      </trkpt>
      <trkpt lat="41.146053" lon="-8.611314">
        <ele>57.55</ele>
      </trkpt>
      <trkpt lat="41.146065" lon="-8.611312">
        <ele>57.52</ele>
      </trkpt>
      <trkpt lat="41.146244" lon="-8.611273">
        <ele>57.45</ele>
      </trkpt>
      <trkpt lat="41.146244344588354" lon="-8.611272275447845">
        <ele>57.11152648925781</ele>
      </trkpt>
      <trkpt lat="41.146244" lon="-8.611273">
        <ele>57.45</ele>
      </trkpt>
      <trkpt lat="41.146997" lon="-8.611109">
        <ele>61.52</ele>
      </trkpt>
      <trkpt lat="41.147843" lon="-8.610942">
        <ele>66.03</ele>
      </trkpt>
      <trkpt lat="41.148094" lon="-8.610874">
        <ele>67.51</ele>
      </trkpt>
      <trkpt lat="41.148108" lon="-8.61087">
        <ele>67.59</ele>
      </trkpt>
      <trkpt lat="41.148343" lon="-8.610802">
        <ele>68.95</ele>
      </trkpt>
      <trkpt lat="41.148639" lon="-8.610699">
        <ele>70.55</ele>
      </trkpt>
      <trkpt lat="41.148827" lon="-8.610631">
        <ele>71.79</ele>
      </trkpt>
      <trkpt lat="41.14896" lon="-8.610571">
        <ele>72.72</ele>
      </trkpt>
      <trkpt lat="41.149336" lon="-8.610371">
        <ele>75.44</ele>
      </trkpt>
      <trkpt lat="41.149567" lon="-8.610239">
        <ele>76.8</ele>
      </trkpt>
      <trkpt lat="41.149649" lon="-8.610216">
        <ele>77</ele>
      </trkpt>
      <trkpt lat="41.149779" lon="-8.610209">
        <ele>78</ele>
      </trkpt>
      <trkpt lat="41.149813" lon="-8.610211">
        <ele>78.26</ele>
      </trkpt>
      <trkpt lat="41.150303" lon="-8.61034">
        <ele>81.18</ele>
      </trkpt>
      <trkpt lat="41.150345" lon="-8.610351">
        <ele>81.42</ele>
      </trkpt>
      <trkpt lat="41.150426" lon="-8.610337">
        <ele>81.99</ele>
      </trkpt>
      <trkpt lat="41.150525" lon="-8.610303">
        <ele>82</ele>
      </trkpt>
      <trkpt lat="41.150606" lon="-8.610243">
        <ele>82.13</ele>
      </trkpt>
      <trkpt lat="41.150719" lon="-8.610143">
        <ele>82.38</ele>
      </trkpt>
      <trkpt lat="41.150864" lon="-8.610016">
        <ele>82.99</ele>
      </trkpt>
      <trkpt lat="41.1509" lon="-8.609984">
        <ele>83.17</ele>
      </trkpt>
      <trkpt lat="41.150857" lon="-8.609971">
        <ele>83.25</ele>
      </trkpt>
      <trkpt lat="41.150824" lon="-8.60996">
        <ele>83.31</ele>
      </trkpt>
      <trkpt lat="41.150761" lon="-8.609917">
        <ele>83.56</ele>
      </trkpt>
      <trkpt lat="41.150722" lon="-8.609839">
        <ele>84.02</ele>
      </trkpt>
      <trkpt lat="41.150707" lon="-8.609777">
        <ele>84.37</ele>
      </trkpt>
      <trkpt lat="41.150655" lon="-8.609567">
        <ele>85.59</ele>
      </trkpt>
      <trkpt lat="41.150604" lon="-8.60937">
        <ele>86.78</ele>
      </trkpt>
      <trkpt lat="41.150508" lon="-8.609001">
        <ele>88.83</ele>
      </trkpt>
      <trkpt lat="41.150437" lon="-8.608695">
        <ele>88.92</ele>
      </trkpt>
      <trkpt lat="41.150348" lon="-8.608295">
        <ele>88.1</ele>
      </trkpt>
      <trkpt lat="41.150243" lon="-8.607821">
        <ele>87.14</ele>
      </trkpt>
      <trkpt lat="41.150174" lon="-8.607511">
        <ele>87</ele>
      </trkpt>
      <trkpt lat="41.150112" lon="-8.607232">
        <ele>87.14</ele>
      </trkpt>
      <trkpt lat="41.150011" lon="-8.606777">
        <ele>88.08</ele>
      </trkpt>
      <trkpt lat="41.149902" lon="-8.606291">
        <ele>89.34</ele>
      </trkpt>
      <trkpt lat="41.149818" lon="-8.605929">
        <ele>90.8</ele>
      </trkpt>
      <trkpt lat="41.149721" lon="-8.605504">
        <ele>92.22</ele>
      </trkpt>
      <trkpt lat="41.149607" lon="-8.605008">
        <ele>95.08</ele>
      </trkpt>
      <trkpt lat="41.14949" lon="-8.604505">
        <ele>97.42</ele>
      </trkpt>
      <trkpt lat="41.149368" lon="-8.603989">
        <ele>100</ele>
      </trkpt>
      <trkpt lat="41.149319" lon="-8.603752">
        <ele>100.58</ele>
      </trkpt>
      <trkpt lat="41.149173" lon="-8.603045">
        <ele>101.93</ele>
      </trkpt>
      <trkpt lat="41.149014" lon="-8.602245">
        <ele>101.05</ele>
      </trkpt>
      <trkpt lat="41.148982" lon="-8.602083">
        <ele>100.75</ele>
      </trkpt>
      <trkpt lat="41.148889" lon="-8.602081">
        <ele>100.11</ele>
      </trkpt>
      <trkpt lat="41.148889" lon="-8.602078">
        <ele>100.11</ele>
      </trkpt>
      <trkpt lat="41.148889" lon="-8.602081">
        <ele>100.11</ele>
      </trkpt>
      <trkpt lat="41.148396" lon="-8.602043">
        <ele>100.06</ele>
      </trkpt>
      <trkpt lat="41.14767" lon="-8.601988">
        <ele>100</ele>
      </trkpt>
      <trkpt lat="41.147041" lon="-8.601951">
        <ele>98.83</ele>
      </trkpt>
      <trkpt lat="41.146868" lon="-8.601939">
        <ele>97.52</ele>
      </trkpt>
      <trkpt lat="41.146835" lon="-8.601955">
        <ele>97.27</ele>
      </trkpt>
      <trkpt lat="41.146499" lon="-8.601935">
        <ele>95.42</ele>
      </trkpt>
      <trkpt lat="41.146206" lon="-8.601912">
        <ele>93.9</ele>
      </trkpt>
      <trkpt lat="41.145866" lon="-8.601885">
        <ele>92.56</ele>
      </trkpt>
      <trkpt lat="41.145691" lon="-8.601872">
        <ele>92</ele>
      </trkpt>
      <trkpt lat="41.145643" lon="-8.601932">
        <ele>92</ele>
      </trkpt>
      <trkpt lat="41.145629" lon="-8.602075">
        <ele>91.93</ele>
      </trkpt>
      <trkpt lat="41.145512" lon="-8.603253">
        <ele>91.06</ele>
      </trkpt>
      <trkpt lat="41.145469" lon="-8.603502">
        <ele>91.11</ele>
      </trkpt>
      <trkpt lat="41.145333" lon="-8.604276">
        <ele>92</ele>
      </trkpt>
      <trkpt lat="41.145314" lon="-8.604324">
        <ele>92</ele>
      </trkpt>
      <trkpt lat="41.145274" lon="-8.604381">
        <ele>91.8</ele>
      </trkpt>
      <trkpt lat="41.145039" lon="-8.604482">
        <ele>90.68</ele>
      </trkpt>
      <trkpt lat="41.144271" lon="-8.604826">
        <ele>87.57</ele>
      </trkpt>
      <trkpt lat="41.144032" lon="-8.604932">
        <ele>87</ele>
      </trkpt>
      <trkpt lat="41.143858" lon="-8.604389">
        <ele>84.5</ele>
      </trkpt>
      <trkpt lat="41.14359" lon="-8.603599">
        <ele>78.87</ele>
      </trkpt>
      <trkpt lat="41.143195" lon="-8.602437">
        <ele>72.39</ele>
      </trkpt>
      <trkpt lat="41.14317" lon="-8.602371">
        <ele>71.98</ele>
      </trkpt>
      <trkpt lat="41.143105" lon="-8.602257">
        <ele>71.47</ele>
      </trkpt>
      <trkpt lat="41.143051" lon="-8.602186">
        <ele>71.46</ele>
      </trkpt>
      <trkpt lat="41.143027" lon="-8.602154">
        <ele>71.46</ele>
      </trkpt>
      <trkpt lat="41.142982" lon="-8.602132">
        <ele>71.45</ele>
      </trkpt>
      <trkpt lat="41.142856" lon="-8.602096">
        <ele>71.36676235283622</ele>
      </trkpt>
      <trkpt lat="41.14272470204122" lon="-8.602073536639466">
        <ele>69.41362787257482</ele>
      </trkpt>
      <trkpt lat="41.1424609688535" lon="-8.60201159497737">
        <ele>48.50551354294143</ele>
      </trkpt>
      <trkpt lat="41.14208061708166" lon="-8.601932976713528">
        <ele>13.010106769975792</ele>
      </trkpt>
      <trkpt lat="41.1416361084005" lon="-8.601842854097">
        <ele>-0.5224348646556872</ele>
      </trkpt>
      <trkpt lat="41.14161971074799" lon="-8.601839529528974">
        <ele>-0.509576240697955</ele>
      </trkpt>
      <trkpt lat="41.14117531492409" lon="-8.6017484316839">
        <ele>11.31897707160655</ele>
      </trkpt>
      <trkpt lat="41.14084105373681" lon="-8.601679910621783">
        <ele>31.248467217575392</ele>
      </trkpt>
      <trkpt lat="41.14039718924725" lon="-8.60158435562105">
        <ele>50.75553198560855</ele>
      </trkpt>
      <trkpt lat="41.1399533247577" lon="-8.601488800620318">
        <ele>42.063515519718834</ele>
      </trkpt>
      <trkpt lat="41.13994363459804" lon="-8.601486714525947">
        <ele>42.55082872276919</ele>
      </trkpt>
      <trkpt lat="41.139499139703396" lon="-8.601396475346972">
        <ele>55.05187269064349</ele>
      </trkpt>
      <trkpt lat="41.13905464480875" lon="-8.601306236167996">
        <ele>69.52358754165925</ele>
      </trkpt>
      <trkpt lat="41.139025396696155" lon="-8.601300298359263">
        <ele>69.70921101249861</ele>
      </trkpt>
      <trkpt lat="41.138623" lon="-8.601219">
        <ele>69.89</ele>
      </trkpt>
      <trkpt lat="41.138497" lon="-8.601194">
        <ele>69.91</ele>
      </trkpt>
      <trkpt lat="41.138208" lon="-8.601172">
        <ele>69.95</ele>
      </trkpt>
      <trkpt lat="41.13817" lon="-8.60118">
        <ele>69.96</ele>
      </trkpt>
      <trkpt lat="41.137845" lon="-8.60125">
        <ele>70.01</ele>
      </trkpt>
      <trkpt lat="41.137728" lon="-8.601306">
        <ele>70.03</ele>
      </trkpt>
      <trkpt lat="41.137277" lon="-8.601531">
        <ele>70</ele>
      </trkpt>
      <trkpt lat="41.136896" lon="-8.601767">
        <ele>71.09</ele>
      </trkpt>
      <trkpt lat="41.136" lon="-8.60231">
        <ele>73.73</ele>
      </trkpt>
      <trkpt lat="41.135846" lon="-8.602403">
        <ele>74.19</ele>
      </trkpt>
      <trkpt lat="41.135846" lon="-8.602403">
        <ele>74.19</ele>
      </trkpt>
      <trkpt lat="41.135846" lon="-8.602403">
        <ele>74.19</ele>
      </trkpt>
      <trkpt lat="41.135846" lon="-8.602403">
        <ele>74.19</ele>
      </trkpt>
      <trkpt lat="41.135846" lon="-8.602403">
        <ele>74.19</ele>
      </trkpt>
      <trkpt lat="41.135846" lon="-8.602403">
        <ele>74.19</ele>
      </trkpt>
      <trkpt lat="41.135846" lon="-8.602403">
        <ele>74.19</ele>
      </trkpt>
      <trkpt lat="41.135846" lon="-8.602403">
        <ele>73.66068218945622</ele>
      </trkpt>
      <trkpt lat="41.1357067614361" lon="-8.602440991519927">
        <ele>73.63202470775008</ele>
      </trkpt>
      <trkpt lat="41.13554121858621" lon="-8.602501515969465">
        <ele>73.54129096341339</ele>
      </trkpt>
      <trkpt lat="41.13541646137966" lon="-8.602526999948765">
        <ele>73.88507515585093</ele>
      </trkpt>
      <trkpt lat="41.13529410311958" lon="-8.60252062895421">
        <ele>74.25067013458774</ele>
      </trkpt>
      <trkpt lat="41.13515974868909" lon="-8.602530185446113">
        <ele>73.97671389472202</ele>
      </trkpt>
      <trkpt lat="41.13502299478978" lon="-8.602507886965043">
        <ele>71.354560838825</ele>
      </trkpt>
      <trkpt lat="41.13491503098308" lon="-8.602488773980298">
        <ele>69.67827208333823</ele>
      </trkpt>
      <trkpt lat="41.134797641790215" lon="-8.60244345324233">
        <ele>68.98744226543558</ele>
      </trkpt>
      <trkpt lat="41.13471606887242" lon="-8.602421154761288">
        <ele>68.3549321553467</ele>
      </trkpt>
      <trkpt lat="41.134658487928306" lon="-8.602408412772093">
        <ele>67.8001111788674</ele>
      </trkpt>
      <trkpt lat="41.13446415186934" lon="-8.602271436384598">
        <ele>70.5303212327251</ele>
      </trkpt>
      <trkpt lat="41.13426501679206" lon="-8.602144016489945">
        <ele>73.96573761516376</ele>
      </trkpt>
      <trkpt lat="41.134185842436295" lon="-8.602045266071883">
        <ele>73.35708982770646</ele>
      </trkpt>
      <trkpt lat="41.134041888817734" lon="-8.60187006371686">
        <ele>71.93241311172233</ele>
      </trkpt>
      <trkpt lat="41.133767936362155" lon="-8.60139663680755">
        <ele>68.62322177291406</ele>
      </trkpt>
      <trkpt lat="41.13373958519503" lon="-8.60134764215482">
        <ele>68.19868190179398</ele>
      </trkpt>
      <trkpt lat="41.13353564942233" lon="-8.600888930533841">
        <ele>64.8618656811233</ele>
      </trkpt>
      <trkpt lat="41.13330619170638" lon="-8.60037549652844">
        <ele>60.812182766767044</ele>
      </trkpt>
      <trkpt lat="41.133194" lon="-8.60012">
        <ele>59.44</ele>
      </trkpt>
      <trkpt lat="41.132872" lon="-8.5994">
        <ele>53.72</ele>
      </trkpt>
      <trkpt lat="41.132655" lon="-8.598914">
        <ele>49.47</ele>
      </trkpt>
      <trkpt lat="41.1323" lon="-8.598102">
        <ele>45.2</ele>
      </trkpt>
      <trkpt lat="41.132159" lon="-8.59778">
        <ele>45</ele>
      </trkpt>
      <trkpt lat="41.131913" lon="-8.597455">
        <ele>45</ele>
      </trkpt>
      <trkpt lat="41.131726" lon="-8.597289">
        <ele>45.61</ele>
      </trkpt>
      <trkpt lat="41.131594" lon="-8.597223">
        <ele>45.64</ele>
      </trkpt>
      <trkpt lat="41.13149" lon="-8.597171">
        <ele>45.67</ele>
      </trkpt>
      <trkpt lat="41.131182" lon="-8.597069">
        <ele>45.11</ele>
      </trkpt>
      <trkpt lat="41.131117" lon="-8.597075">
        <ele>45.02</ele>
      </trkpt>
      <trkpt lat="41.131053" lon="-8.597107">
        <ele>45.02</ele>
      </trkpt>
      <trkpt lat="41.131017" lon="-8.597162">
        <ele>45.28</ele>
      </trkpt>
      <trkpt lat="41.130948" lon="-8.59722">
        <ele>45.53</ele>
      </trkpt>
      <trkpt lat="41.130866" lon="-8.597248">
        <ele>45.23</ele>
      </trkpt>
      <trkpt lat="41.130781" lon="-8.59724">
        <ele>45.76</ele>
      </trkpt>
      <trkpt lat="41.130702" lon="-8.597198">
        <ele>46</ele>
      </trkpt>
      <trkpt lat="41.130611" lon="-8.597198">
        <ele>46</ele>
      </trkpt>
      <trkpt lat="41.130544" lon="-8.597224">
        <ele>46.47</ele>
      </trkpt>
      <trkpt lat="41.130211" lon="-8.597519">
        <ele>49.02</ele>
      </trkpt>
      <trkpt lat="41.129912" lon="-8.597702">
        <ele>51.38</ele>
      </trkpt>
      <trkpt lat="41.129794" lon="-8.597755">
        <ele>52.28</ele>
      </trkpt>
      <trkpt lat="41.129701" lon="-8.597785">
        <ele>52.74</ele>
      </trkpt>
      <trkpt lat="41.129647" lon="-8.597802">
        <ele>53</ele>
      </trkpt>
      <trkpt lat="41.12867" lon="-8.597964">
        <ele>58.9</ele>
      </trkpt>
      <trkpt lat="41.127346" lon="-8.598182">
        <ele>68.89</ele>
      </trkpt>
      <trkpt lat="41.126131" lon="-8.598385">
        <ele>79.62</ele>
      </trkpt>
      <trkpt lat="41.125402" lon="-8.598508">
        <ele>86.3</ele>
      </trkpt>
      <trkpt lat="41.125287" lon="-8.598534">
        <ele>87.31</ele>
      </trkpt>
      <trkpt lat="41.125205" lon="-8.598575">
        <ele>87.85</ele>
      </trkpt>
      <trkpt lat="41.12518" lon="-8.59862">
        <ele>87.98</ele>
      </trkpt>
      <trkpt lat="41.125113" lon="-8.59869">
        <ele>88.61</ele>
      </trkpt>
      <trkpt lat="41.125047" lon="-8.59872">
        <ele>88.98</ele>
      </trkpt>
      <trkpt lat="41.124971" lon="-8.59872">
        <ele>89</ele>
      </trkpt>
      <trkpt lat="41.12491" lon="-8.598701">
        <ele>89</ele>
      </trkpt>
      <trkpt lat="41.124857" lon="-8.59866">
        <ele>88.6</ele>
      </trkpt>
      <trkpt lat="41.124813" lon="-8.598602">
        <ele>87.92</ele>
      </trkpt>
      <trkpt lat="41.124782" lon="-8.598532">
        <ele>87.28</ele>
      </trkpt>
      <trkpt lat="41.124636" lon="-8.598504">
        <ele>87.16</ele>
      </trkpt>
      <trkpt lat="41.124395" lon="-8.598509">
        <ele>87.17</ele>
      </trkpt>
      <trkpt lat="41.12386" lon="-8.598521">
        <ele>87.2</ele>
      </trkpt>
      <trkpt lat="41.122841" lon="-8.598551">
        <ele>92.35</ele>
      </trkpt>
      <trkpt lat="41.122568" lon="-8.598618">
        <ele>94.04</ele>
      </trkpt>
      <trkpt lat="41.122405" lon="-8.598693">
        <ele>95.32</ele>
      </trkpt>
      <trkpt lat="41.122046" lon="-8.598891">
        <ele>97.09</ele>
      </trkpt>
      <trkpt lat="41.121874" lon="-8.599055">
        <ele>97.84</ele>
      </trkpt>
      <trkpt lat="41.121698" lon="-8.599264">
        <ele>97.84</ele>
      </trkpt>
      <trkpt lat="41.12126" lon="-8.599781">
        <ele>102.3</ele>
      </trkpt>
      <trkpt lat="41.120749" lon="-8.600384">
        <ele>104.25</ele>
      </trkpt>
      <trkpt lat="41.120647" lon="-8.600512">
        <ele>106.21</ele>
      </trkpt>
      <trkpt lat="41.120546" lon="-8.600636">
        <ele>105.28</ele>
      </trkpt>
      <trkpt lat="41.120444" lon="-8.600761">
        <ele>104.34</ele>
      </trkpt>
      <trkpt lat="41.120245" lon="-8.601067">
        <ele>106.99</ele>
      </trkpt>
      <trkpt lat="41.120176" lon="-8.601211">
        <ele>110.5</ele>
      </trkpt>
      <trkpt lat="41.120063" lon="-8.601528">
        <ele>110.8</ele>
      </trkpt>
      <trkpt lat="41.120027" lon="-8.601821">
        <ele>112.24</ele>
      </trkpt>
      <trkpt lat="41.120024" lon="-8.60214">
        <ele>113.65</ele>
      </trkpt>
      <trkpt lat="41.120021" lon="-8.602418">
        <ele>114.89</ele>
      </trkpt>
      <trkpt lat="41.120044" lon="-8.602896">
        <ele>117.92085739910652</ele>
      </trkpt>
      <trkpt lat="41.120030623759824" lon="-8.603492629770843">
        <ele>120.96918718271547</ele>
      </trkpt>
      <trkpt lat="41.12002501712712" lon="-8.60374270632019">
        <ele>121.75314254982405</ele>
      </trkpt>
      <trkpt lat="41.120031" lon="-8.604098">
        <ele>124.09</ele>
      </trkpt>
      <trkpt lat="41.120043" lon="-8.604576">
        <ele>126.39</ele>
      </trkpt>
      <trkpt lat="41.120038" lon="-8.604603">
        <ele>126.54</ele>
      </trkpt>
      <trkpt lat="41.12002" lon="-8.604695">
        <ele>127.08</ele>
      </trkpt>
      <trkpt lat="41.119982" lon="-8.604794">
        <ele>127.65</ele>
      </trkpt>
      <trkpt lat="41.119931" lon="-8.604863">
        <ele>128.05</ele>
      </trkpt>
      <trkpt lat="41.119827" lon="-8.604978">
        <ele>128.78</ele>
      </trkpt>
      <trkpt lat="41.119654" lon="-8.604997">
        <ele>129.61</ele>
      </trkpt>
      <trkpt lat="41.119341" lon="-8.605033">
        <ele>131.12</ele>
      </trkpt>
      <trkpt lat="41.119249" lon="-8.605054">
        <ele>131.84</ele>
      </trkpt>
      <trkpt lat="41.119188" lon="-8.605104">
        <ele>132.38</ele>
      </trkpt>
      <trkpt lat="41.11915" lon="-8.605184">
        <ele>132.89</ele>
      </trkpt>
      <trkpt lat="41.119141" lon="-8.605301">
        <ele>133.6</ele>
      </trkpt>
      <trkpt lat="41.119149" lon="-8.605615">
        <ele>135.08</ele>
      </trkpt>
      <trkpt lat="41.119157" lon="-8.605937">
        <ele>136.39</ele>
      </trkpt>
      <trkpt lat="41.119112" lon="-8.606067">
        <ele>136.73</ele>
      </trkpt>
      <trkpt lat="41.119049" lon="-8.606147">
        <ele>137.11</ele>
      </trkpt>
      <trkpt lat="41.119006" lon="-8.606172">
        <ele>137.36</ele>
      </trkpt>
      <trkpt lat="41.118956" lon="-8.606192">
        <ele>137.73</ele>
      </trkpt>
      <trkpt lat="41.118748" lon="-8.60623">
        <ele>138.24</ele>
      </trkpt>
      <trkpt lat="41.117931" lon="-8.606305">
        <ele>142.18</ele>
      </trkpt>
      <trkpt lat="41.117229" lon="-8.606351">
        <ele>147.27</ele>
      </trkpt>
      <trkpt lat="41.116954" lon="-8.606376">
        <ele>148.42</ele>
      </trkpt>
      <trkpt lat="41.116648" lon="-8.606403">
        <ele>149.69</ele>
      </trkpt>
      <trkpt lat="41.116431" lon="-8.606423">
        <ele>151.31759534939158</ele>
      </trkpt>
      <trkpt lat="41.11624882807865" lon="-8.606435522746153">
        <ele>153.2568384899009</ele>
      </trkpt>
      <trkpt lat="41.115997655160356" lon="-8.60645669071124">
        <ele>154.21912962831</ele>
      </trkpt>
      <trkpt lat="41.115768445581665" lon="-8.606482717384466">
        <ele>156.4447025487117</ele>
      </trkpt>
      <trkpt lat="41.115642467282726" lon="-8.606489758090333">
        <ele>156.82671252221286</ele>
      </trkpt>
      <trkpt lat="41.11565572816815" lon="-8.606542563385318">
        <ele>156.7047688684446</ele>
      </trkpt>
      <trkpt lat="41.11565838034474" lon="-8.606602409387222">
        <ele>156.61926120937264</ele>
      </trkpt>
      <trkpt lat="41.115657054256445" lon="-8.606674576623305">
        <ele>156.6329204145493</ele>
      </trkpt>
      <trkpt lat="41.11564909772537" lon="-8.606706259800717">
        <ele>156.6542139822608</ele>
      </trkpt>
      <trkpt lat="41.11560931505866" lon="-8.606767865977986">
        <ele>156.74278166161673</ele>
      </trkpt>
      <trkpt lat="41.115686" lon="-8.606847">
        <ele>156.17</ele>
      </trkpt>
      <trkpt lat="41.116039" lon="-8.607184">
        <ele>156</ele>
      </trkpt>
      <trkpt lat="41.116427" lon="-8.607552">
        <ele>156</ele>
      </trkpt>
      <trkpt lat="41.116521" lon="-8.607618">
        <ele>155.72</ele>
      </trkpt>
      <trkpt lat="41.11676" lon="-8.607785">
        <ele>155</ele>
      </trkpt>
      <trkpt lat="41.117387" lon="-8.60809">
        <ele>154.03</ele>
      </trkpt>
      <trkpt lat="41.119054" lon="-8.608891">
        <ele>152.77</ele>
      </trkpt>
      <trkpt lat="41.119306" lon="-8.609012">
        <ele>152.49</ele>
      </trkpt>
      <trkpt lat="41.119876" lon="-8.609304">
        <ele>148.41</ele>
      </trkpt>
      <trkpt lat="41.120252" lon="-8.609583">
        <ele>145.45</ele>
      </trkpt>
      <trkpt lat="41.121737" lon="-8.610698">
        <ele>134.04</ele>
      </trkpt>
      <trkpt lat="41.122504" lon="-8.611379">
        <ele>128.59</ele>
      </trkpt>
      <trkpt lat="41.122589" lon="-8.611435">
        <ele>127.74</ele>
      </trkpt>
      <trkpt lat="41.12263" lon="-8.611462">
        <ele>127.34</ele>
      </trkpt>
      <trkpt lat="41.122573" lon="-8.611607">
        <ele>127.21</ele>
      </trkpt>
      <trkpt lat="41.122381" lon="-8.612095">
        <ele>129.38</ele>
      </trkpt>
      <trkpt lat="41.122201" lon="-8.612524">
        <ele>129.4</ele>
      </trkpt>
      <trkpt lat="41.122006" lon="-8.613013">
        <ele>127.3</ele>
      </trkpt>
      <trkpt lat="41.121459" lon="-8.614411">
        <ele>120.83</ele>
      </trkpt>
      <trkpt lat="41.121391" lon="-8.614583">
        <ele>120.02</ele>
      </trkpt>
      <trkpt lat="41.121351" lon="-8.614714">
        <ele>119.81</ele>
      </trkpt>
      <trkpt lat="41.121346" lon="-8.614731">
        <ele>119.78</ele>
      </trkpt>
      <trkpt lat="41.121289" lon="-8.61483">
        <ele>119.93</ele>
      </trkpt>
      <trkpt lat="41.12124" lon="-8.614949">
        <ele>119.86</ele>
      </trkpt>
      <trkpt lat="41.121204" lon="-8.615034">
        <ele>119.81</ele>
      </trkpt>
      <trkpt lat="41.121151" lon="-8.6151">
        <ele>119.43</ele>
      </trkpt>
      <trkpt lat="41.121057" lon="-8.615183">
        <ele>119.74</ele>
      </trkpt>
      <trkpt lat="41.12087" lon="-8.61521">
        <ele>120.3</ele>
      </trkpt>
      <trkpt lat="41.120546" lon="-8.615255">
        <ele>120.96</ele>
      </trkpt>
      <trkpt lat="41.120418" lon="-8.615263">
        <ele>121.14</ele>
      </trkpt>
      <trkpt lat="41.119941" lon="-8.615295">
        <ele>121</ele>
      </trkpt>
      <trkpt lat="41.119464" lon="-8.615319">
        <ele>121</ele>
      </trkpt>
      <trkpt lat="41.11939" lon="-8.615313">
        <ele>121</ele>
      </trkpt>
      <trkpt lat="41.118905" lon="-8.615239">
        <ele>121</ele>
      </trkpt>
      <trkpt lat="41.118804" lon="-8.615209">
        <ele>121.45</ele>
      </trkpt>
      <trkpt lat="41.118682" lon="-8.615172">
        <ele>122</ele>
      </trkpt>
      <trkpt lat="41.118609" lon="-8.61516">
        <ele>122</ele>
      </trkpt>
      <trkpt lat="41.118475" lon="-8.615176">
        <ele>122</ele>
      </trkpt>
      <trkpt lat="41.11844" lon="-8.615205">
        <ele>122</ele>
      </trkpt>
      <trkpt lat="41.1184" lon="-8.615218">
        <ele>122</ele>
      </trkpt>
      <trkpt lat="41.118349" lon="-8.615342">
        <ele>122</ele>
      </trkpt>
      <trkpt lat="41.11833" lon="-8.615423">
        <ele>121.59</ele>
      </trkpt>
      <trkpt lat="41.118042" lon="-8.616976">
        <ele>111.32</ele>
      </trkpt>
      <trkpt lat="41.117863" lon="-8.617969">
        <ele>105.37</ele>
      </trkpt>
      <trkpt lat="41.117875" lon="-8.618193">
        <ele>103.76</ele>
      </trkpt>
      <trkpt lat="41.117914" lon="-8.618316">
        <ele>103.01</ele>
      </trkpt>
      <trkpt lat="41.117964" lon="-8.618383">
        <ele>102.87</ele>
      </trkpt>
      <trkpt lat="41.118069" lon="-8.618481">
        <ele>101.62</ele>
      </trkpt>
      <trkpt lat="41.118823" lon="-8.618843">
        <ele>97.82</ele>
      </trkpt>
      <trkpt lat="41.119617" lon="-8.619226">
        <ele>94.09</ele>
      </trkpt>
      <trkpt lat="41.120406" lon="-8.61961">
        <ele>91.2</ele>
      </trkpt>
      <trkpt lat="41.120784" lon="-8.619792">
        <ele>91</ele>
      </trkpt>
      <trkpt lat="41.12084" lon="-8.619809">
        <ele>91</ele>
      </trkpt>
      <trkpt lat="41.12094" lon="-8.619797">
        <ele>90.31</ele>
      </trkpt>
      <trkpt lat="41.120995" lon="-8.619784">
        <ele>89.56</ele>
      </trkpt>
      <trkpt lat="41.121052" lon="-8.619723">
        <ele>89.44</ele>
      </trkpt>
      <trkpt lat="41.12112" lon="-8.619688">
        <ele>89.56</ele>
      </trkpt>
      <trkpt lat="41.121193" lon="-8.619681">
        <ele>89.65</ele>
      </trkpt>
      <trkpt lat="41.121264" lon="-8.619703">
        <ele>89.62</ele>
      </trkpt>
      <trkpt lat="41.121327" lon="-8.619752">
        <ele>89.6</ele>
      </trkpt>
      <trkpt lat="41.121376" lon="-8.619823">
        <ele>89.72</ele>
      </trkpt>
      <trkpt lat="41.121471" lon="-8.620075">
        <ele>89.24</ele>
      </trkpt>
      <trkpt lat="41.121658" lon="-8.620242">
        <ele>88.61</ele>
      </trkpt>
      <trkpt lat="41.121811" lon="-8.620323">
        <ele>89.43</ele>
      </trkpt>
      <trkpt lat="41.122722" lon="-8.6208">
        <ele>87</ele>
      </trkpt>
      <trkpt lat="41.122824" lon="-8.620843">
        <ele>87</ele>
      </trkpt>
      <trkpt lat="41.123028" lon="-8.620928">
        <ele>87</ele>
      </trkpt>
      <trkpt lat="41.123743" lon="-8.6213">
        <ele>86</ele>
      </trkpt>
      <trkpt lat="41.124229" lon="-8.621585">
        <ele>84.93</ele>
      </trkpt>
      <trkpt lat="41.12451" lon="-8.621781">
        <ele>83.32</ele>
      </trkpt>
      <trkpt lat="41.125022" lon="-8.622189">
        <ele>81.02</ele>
      </trkpt>
      <trkpt lat="41.125597" lon="-8.622747">
        <ele>76.64</ele>
      </trkpt>
      <trkpt lat="41.12634" lon="-8.623488">
        <ele>70.96</ele>
      </trkpt>
      <trkpt lat="41.126615" lon="-8.623764">
        <ele>68.84</ele>
      </trkpt>
      <trkpt lat="41.127251" lon="-8.624324">
        <ele>66.06</ele>
      </trkpt>
      <trkpt lat="41.127423" lon="-8.624478">
        <ele>69.15</ele>
      </trkpt>
      <trkpt lat="41.127467" lon="-8.624493">
        <ele>69.74</ele>
      </trkpt>
      <trkpt lat="41.127564" lon="-8.624527">
        <ele>71.04</ele>
      </trkpt>
      <trkpt lat="41.127667" lon="-8.624601">
        <ele>67.64</ele>
      </trkpt>
      <trkpt lat="41.127722" lon="-8.624616">
        <ele>67.26</ele>
      </trkpt>
      <trkpt lat="41.127745" lon="-8.624642">
        <ele>67.05</ele>
      </trkpt>
      <trkpt lat="41.127761" lon="-8.624677">
        <ele>67.27</ele>
      </trkpt>
      <trkpt lat="41.127894" lon="-8.62466">
        <ele>68.16</ele>
      </trkpt>
      <trkpt lat="41.128234" lon="-8.624665">
        <ele>67.56</ele>
      </trkpt>
      <trkpt lat="41.128419" lon="-8.624721">
        <ele>68.02</ele>
      </trkpt>
      <trkpt lat="41.128748" lon="-8.624866">
        <ele>68.87</ele>
      </trkpt>
      <trkpt lat="41.129035" lon="-8.624962">
        <ele>69.9</ele>
      </trkpt>
      <trkpt lat="41.129206" lon="-8.624939">
        <ele>70.31</ele>
      </trkpt>
      <trkpt lat="41.129405" lon="-8.624837">
        <ele>71.32</ele>
      </trkpt>
      <trkpt lat="41.129632" lon="-8.624615">
        <ele>72.58</ele>
      </trkpt>
      <trkpt lat="41.129896" lon="-8.624445">
        <ele>74.86</ele>
      </trkpt>
      <trkpt lat="41.129877" lon="-8.624376">
        <ele>74.33</ele>
      </trkpt>
      <trkpt lat="41.129803" lon="-8.624187">
        <ele>73.15</ele>
      </trkpt>
      <trkpt lat="41.129764" lon="-8.624118">
        <ele>72.48</ele>
      </trkpt>
      <trkpt lat="41.129586" lon="-8.623963">
        <ele>70.92</ele>
      </trkpt>
      <trkpt lat="41.129552" lon="-8.623922">
        <ele>70.45</ele>
      </trkpt>
      <trkpt lat="41.129491" lon="-8.623808">
        <ele>69.15</ele>
      </trkpt>
      <trkpt lat="41.129469" lon="-8.623739">
        <ele>68.57</ele>
      </trkpt>
      <trkpt lat="41.129456" lon="-8.623673">
        <ele>67.77</ele>
      </trkpt>
      <trkpt lat="41.129454" lon="-8.623602">
        <ele>66.92</ele>
      </trkpt>
      <trkpt lat="41.129471" lon="-8.623478">
        <ele>65.9</ele>
      </trkpt>
      <trkpt lat="41.129522" lon="-8.623369">
        <ele>64.5</ele>
      </trkpt>
      <trkpt lat="41.129599" lon="-8.623275">
        <ele>63.61</ele>
      </trkpt>
      <trkpt lat="41.129643" lon="-8.623242">
        <ele>62.74</ele>
      </trkpt>
      <trkpt lat="41.12969" lon="-8.623222">
        <ele>61.94</ele>
      </trkpt>
      <trkpt lat="41.129784" lon="-8.623209">
        <ele>61.08</ele>
      </trkpt>
      <trkpt lat="41.130201" lon="-8.623245">
        <ele>57.07</ele>
      </trkpt>
      <trkpt lat="41.130252" lon="-8.623236">
        <ele>56.63</ele>
      </trkpt>
      <trkpt lat="41.130297" lon="-8.623217">
        <ele>56.17</ele>
      </trkpt>
      <trkpt lat="41.130339" lon="-8.623191">
        <ele>55.7</ele>
      </trkpt>
      <trkpt lat="41.1304" lon="-8.623131">
        <ele>55.27</ele>
      </trkpt>
      <trkpt lat="41.130457" lon="-8.623052">
        <ele>54.81</ele>
      </trkpt>
      <trkpt lat="41.130657" lon="-8.622733">
        <ele>53.64</ele>
      </trkpt>
      <trkpt lat="41.131192" lon="-8.621876">
        <ele>50.51</ele>
      </trkpt>
      <trkpt lat="41.131744" lon="-8.620994">
        <ele>50.19</ele>
      </trkpt>
      <trkpt lat="41.131772" lon="-8.620939">
        <ele>50.48</ele>
      </trkpt>
      <trkpt lat="41.131804" lon="-8.620838">
        <ele>51.04</ele>
      </trkpt>
      <trkpt lat="41.131815" lon="-8.620749">
        <ele>51.21</ele>
      </trkpt>
      <trkpt lat="41.131809" lon="-8.620656">
        <ele>51.52</ele>
      </trkpt>
      <trkpt lat="41.131784" lon="-8.620558">
        <ele>52.44</ele>
      </trkpt>
      <trkpt lat="41.131744" lon="-8.620469">
        <ele>53.13</ele>
      </trkpt>
      <trkpt lat="41.131686" lon="-8.620398">
        <ele>53.91</ele>
      </trkpt>
      <trkpt lat="41.131377" lon="-8.620111">
        <ele>57.99</ele>
      </trkpt>
      <trkpt lat="41.131303" lon="-8.62003">
        <ele>58.96</ele>
      </trkpt>
      <trkpt lat="41.131228" lon="-8.619922">
        <ele>59.39</ele>
      </trkpt>
      <trkpt lat="41.131163" lon="-8.619798">
        <ele>60.11</ele>
      </trkpt>
      <trkpt lat="41.131111" lon="-8.619679">
        <ele>61.02</ele>
      </trkpt>
      <trkpt lat="41.131073" lon="-8.619561">
        <ele>61.7</ele>
      </trkpt>
      <trkpt lat="41.131038" lon="-8.619374">
        <ele>63.84</ele>
      </trkpt>
      <trkpt lat="41.131031" lon="-8.619119">
        <ele>66.12</ele>
      </trkpt>
      <trkpt lat="41.131043" lon="-8.61899">
        <ele>67.61</ele>
      </trkpt>
      <trkpt lat="41.131104" lon="-8.618534">
        <ele>69.17</ele>
      </trkpt>
      <trkpt lat="41.131158" lon="-8.618222">
        <ele>69.21</ele>
      </trkpt>
      <trkpt lat="41.131251" lon="-8.617842">
        <ele>70.52</ele>
      </trkpt>
      <trkpt lat="41.131306" lon="-8.617673">
        <ele>70.34</ele>
      </trkpt>
      <trkpt lat="41.131577" lon="-8.617091">
        <ele>69.69</ele>
      </trkpt>
      <trkpt lat="41.131857" lon="-8.616414">
        <ele>68.94</ele>
      </trkpt>
      <trkpt lat="41.132317" lon="-8.615321">
        <ele>67.46</ele>
      </trkpt>
      <trkpt lat="41.132464" lon="-8.614917">
        <ele>66.78</ele>
      </trkpt>
      <trkpt lat="41.132608" lon="-8.614441">
        <ele>65.99</ele>
      </trkpt>
      <trkpt lat="41.132698" lon="-8.614072">
        <ele>65.87</ele>
      </trkpt>
      <trkpt lat="41.132771" lon="-8.613702">
        <ele>65.76</ele>
      </trkpt>
      <trkpt lat="41.132771" lon="-8.613702">
        <ele>65.76</ele>
      </trkpt>
      <trkpt lat="41.13284" lon="-8.613326">
        <ele>65.56</ele>
      </trkpt>
      <trkpt lat="41.132824" lon="-8.613159">
        <ele>66.23</ele>
      </trkpt>
      <trkpt lat="41.132757" lon="-8.612833">
        <ele>66.25</ele>
      </trkpt>
      <trkpt lat="41.132775" lon="-8.612637">
        <ele>66.28</ele>
      </trkpt>
      <trkpt lat="41.132807" lon="-8.612501">
        <ele>66.56</ele>
      </trkpt>
      <trkpt lat="41.132821" lon="-8.612422">
        <ele>66.55</ele>
      </trkpt>
      <trkpt lat="41.132895" lon="-8.612233">
        <ele>66.53</ele>
      </trkpt>
      <trkpt lat="41.13293" lon="-8.612074">
        <ele>66.51</ele>
      </trkpt>
      <trkpt lat="41.132924" lon="-8.611549">
        <ele>65.76</ele>
      </trkpt>
      <trkpt lat="41.132992" lon="-8.610966">
        <ele>64.92</ele>
      </trkpt>
      <trkpt lat="41.133063" lon="-8.610621">
        <ele>64.42</ele>
      </trkpt>
      <trkpt lat="41.133353" lon="-8.609586">
        <ele>62.88</ele>
      </trkpt>
      <trkpt lat="41.133468" lon="-8.608999">
        <ele>62.83</ele>
      </trkpt>
      <trkpt lat="41.133437" lon="-8.608962">
        <ele>63.51</ele>
      </trkpt>
      <trkpt lat="41.133424" lon="-8.608928">
        <ele>63.87</ele>
      </trkpt>
      <trkpt lat="41.133424" lon="-8.608853">
        <ele>64</ele>
      </trkpt>
      <trkpt lat="41.133461" lon="-8.608787">
        <ele>63.64</ele>
      </trkpt>
      <trkpt lat="41.133508" lon="-8.608763">
        <ele>64.57</ele>
      </trkpt>
      <trkpt lat="41.133537" lon="-8.608765">
        <ele>64.78</ele>
      </trkpt>
      <trkpt lat="41.133564" lon="-8.60878">
        <ele>64.63</ele>
      </trkpt>
      <trkpt lat="41.133587" lon="-8.608805">
        <ele>64.11</ele>
      </trkpt>
      <trkpt lat="41.133603" lon="-8.608838">
        <ele>64.01</ele>
      </trkpt>
      <trkpt lat="41.133609" lon="-8.608916">
        <ele>63.25</ele>
      </trkpt>
      <trkpt lat="41.133647" lon="-8.60894">
        <ele>63.85</ele>
      </trkpt>
      <trkpt lat="41.133681" lon="-8.608995">
        <ele>63.68</ele>
      </trkpt>
      <trkpt lat="41.133995" lon="-8.609617">
        <ele>57.63</ele>
      </trkpt>
      <trkpt lat="41.134449" lon="-8.610495">
        <ele>53.21</ele>
      </trkpt>
      <trkpt lat="41.134576" lon="-8.61068">
        <ele>52.13</ele>
      </trkpt>
      <trkpt lat="41.13499" lon="-8.611115">
        <ele>48.75</ele>
      </trkpt>
      <trkpt lat="41.135204" lon="-8.611338">
        <ele>44.49</ele>
      </trkpt>
      <trkpt lat="41.135259" lon="-8.611383">
        <ele>43.31</ele>
      </trkpt>
      <trkpt lat="41.135334" lon="-8.611445">
        <ele>41.7</ele>
      </trkpt>
      <trkpt lat="41.135481" lon="-8.61151">
        <ele>40.57</ele>
      </trkpt>
      <trkpt lat="41.135613" lon="-8.61153">
        <ele>40.18</ele>
      </trkpt>
      <trkpt lat="41.135869" lon="-8.611513">
        <ele>36.11</ele>
      </trkpt>
      <trkpt lat="41.135877" lon="-8.611513">
        <ele>32.25</ele>
      </trkpt>
      <trkpt lat="41.136158" lon="-8.611487">
        <ele>31.78</ele>
      </trkpt>
      <trkpt lat="41.136509" lon="-8.611456">
        <ele>31.58</ele>
      </trkpt>
      <trkpt lat="41.136621" lon="-8.611436">
        <ele>31</ele>
      </trkpt>
      <trkpt lat="41.136795" lon="-8.611335">
        <ele>30.27</ele>
      </trkpt>
      <trkpt lat="41.136947" lon="-8.611231">
        <ele>28.04</ele>
      </trkpt>
      <trkpt lat="41.137085" lon="-8.611137">
        <ele>26.02</ele>
      </trkpt>
      <trkpt lat="41.137375" lon="-8.610939">
        <ele>25.02</ele>
      </trkpt>
      <trkpt lat="41.137626" lon="-8.610704">
        <ele>21.6</ele>
      </trkpt>
      <trkpt lat="41.137877" lon="-8.610469">
        <ele>20.55</ele>
      </trkpt>
      <trkpt lat="41.138062" lon="-8.610296">
        <ele>17.45</ele>
      </trkpt>
      <trkpt lat="41.138128" lon="-8.610234">
        <ele>16.35</ele>
      </trkpt>
      <trkpt lat="41.138751" lon="-8.609717">
        <ele>12.89</ele>
      </trkpt>
      <trkpt lat="41.138914" lon="-8.609423">
        <ele>11.72</ele>
      </trkpt>
      <trkpt lat="41.138939" lon="-8.609375">
        <ele>13.31</ele>
      </trkpt>
      <trkpt lat="41.138939" lon="-8.609375">
        <ele>13.31</ele>
      </trkpt>
      <trkpt lat="41.138961" lon="-8.609335">
        <ele>14.63</ele>
      </trkpt>
      <trkpt lat="41.139037" lon="-8.609155">
        <ele>30.15</ele>
      </trkpt>
      <trkpt lat="41.139091" lon="-8.609171">
        <ele>31.336431646909965</ele>
      </trkpt>
      <trkpt lat="41.13952863170828" lon="-8.609308176420452">
        <ele>22.992627142737764</ele>
      </trkpt>
      <trkpt lat="41.13971983671806" lon="-8.60936810996347">
        <ele>11.044587050907499</ele>
      </trkpt>
      <trkpt lat="41.14015755276324" lon="-8.609504812494041">
        <ele>-0.5002703126804149</ele>
      </trkpt>
      <trkpt lat="41.14039781153306" lon="-8.609579847398948">
        <ele>26.31684124908368</ele>
      </trkpt>
      <trkpt lat="41.140793" lon="-8.609707">
        <ele>9.93</ele>
      </trkpt>
      <trkpt lat="41.140841" lon="-8.609722">
        <ele>11.95</ele>
      </trkpt>
      <trkpt lat="41.140866" lon="-8.60992">
        <ele>15.03</ele>
      </trkpt>
      <trkpt lat="41.140893" lon="-8.610014">
        <ele>17.91</ele>
      </trkpt>
      <trkpt lat="41.140917" lon="-8.610067">
        <ele>18.63</ele>
      </trkpt>
      <trkpt lat="41.14113" lon="-8.610397">
        <ele>18.04</ele>
      </trkpt>
      <trkpt lat="41.141196" lon="-8.610558">
        <ele>18.02</ele>
      </trkpt>
      <trkpt lat="41.141258" lon="-8.610813">
        <ele>17.97</ele>
      </trkpt>
      <trkpt lat="41.141569" lon="-8.612869">
        <ele>21.19</ele>
      </trkpt>
      <trkpt lat="41.141575" lon="-8.612948">
        <ele>21.12</ele>
      </trkpt>
      <trkpt lat="41.141569" lon="-8.613015">
        <ele>21.05</ele>
      </trkpt>
      <trkpt lat="41.141557" lon="-8.613063">
        <ele>21.01</ele>
      </trkpt>
      <trkpt lat="41.141425" lon="-8.613438">
        <ele>16.46</ele>
      </trkpt>
      <trkpt lat="41.141435" lon="-8.613489">
        <ele>16.66</ele>
      </trkpt>
      <trkpt lat="41.141411" lon="-8.613624">
        <ele>17</ele>
      </trkpt>
      <trkpt lat="41.141191" lon="-8.614261">
        <ele>17.48</ele>
      </trkpt>
      <trkpt lat="41.141153" lon="-8.614278">
        <ele>17.32</ele>
      </trkpt>
      <trkpt lat="41.141084" lon="-8.614476">
        <ele>17.73</ele>
      </trkpt>
      <trkpt lat="41.141056" lon="-8.614558">
        <ele>17.93</ele>
      </trkpt>
      <trkpt lat="41.141199" lon="-8.614542">
        <ele>19.34</ele>
      </trkpt>
      <trkpt lat="41.141613" lon="-8.614551">
        <ele>23.31</ele>
      </trkpt>
      <trkpt lat="41.141746" lon="-8.614528">
        <ele>26.32</ele>
      </trkpt>
      <trkpt lat="41.141839" lon="-8.61449">
        <ele>25.84</ele>
      </trkpt>
      <trkpt lat="41.142473" lon="-8.61426">
        <ele>30.28</ele>
      </trkpt>
      <trkpt lat="41.142738" lon="-8.614152">
        <ele>31.76</ele>
      </trkpt>
      <trkpt lat="41.142831" lon="-8.614071">
        <ele>32.15</ele>
      </trkpt>
      <trkpt lat="41.142909" lon="-8.613965">
        <ele>32.84</ele>
      </trkpt>
      <trkpt lat="41.143517" lon="-8.613161">
        <ele>39.7</ele>
      </trkpt>
      <trkpt lat="41.143975" lon="-8.612526">
        <ele>43.9</ele>
      </trkpt>
      <trkpt lat="41.144119" lon="-8.612333">
        <ele>46.12</ele>
      </trkpt>
      <trkpt lat="41.144422" lon="-8.611914">
        <ele>52.04</ele>
      </trkpt>
      <trkpt lat="41.144671" lon="-8.611579">
        <ele>50.9</ele>
      </trkpt>
      <trkpt lat="41.145016" lon="-8.611109">
        <ele>53.63</ele>
      </trkpt>
      <trkpt lat="41.145147" lon="-8.610916">
        <ele>54.57</ele>
      </trkpt>
      <trkpt lat="41.14538" lon="-8.610901">
        <ele>52.46</ele>
      </trkpt>
      <trkpt lat="41.145839" lon="-8.610832">
        <ele>56.24</ele>
      </trkpt>
      <trkpt lat="41.14584" lon="-8.610832">
        <ele>56.24</ele>
      </trkpt>
      <trkpt lat="41.146006" lon="-8.610864">
        <ele>56.98</ele>
      </trkpt>
      <trkpt lat="41.146043" lon="-8.610886">
        <ele>57.09</ele>
      </trkpt>
      <trkpt lat="41.146062" lon="-8.610969">
        <ele>56.91</ele>
      </trkpt>
      <trkpt lat="41.146056" lon="-8.611199">
        <ele>57.34</ele>
      </trkpt>
      <trkpt lat="41.146053" lon="-8.611314">
        <ele>57.55</ele>
      </trkpt>
      <trkpt lat="41.146153" lon="-8.611293">
        <ele>57.33</ele>
      </trkpt>
      <trkpt lat="41.146439" lon="-8.61123">
        <ele>59.22</ele>
      </trkpt>
      <trkpt lat="41.146792" lon="-8.611153">
        <ele>60.21</ele>
      </trkpt>
      <trkpt lat="41.147232" lon="-8.611062">
        <ele>62.67</ele>
      </trkpt>
      <trkpt lat="41.147843" lon="-8.610942">
        <ele>66.03</ele>
      </trkpt>
      <trkpt lat="41.14811" lon="-8.610869">
        <ele>67.6</ele>
      </trkpt>
      <trkpt lat="41.148099" lon="-8.610873">
        <ele>67.53</ele>
      </trkpt>
      <trkpt lat="41.148297" lon="-8.610819">
        <ele>68.7</ele>
      </trkpt>
      <trkpt lat="41.148753" lon="-8.610659">
        <ele>71.24</ele>
      </trkpt>
      <trkpt lat="41.149013" lon="-8.610548">
        <ele>73.09</ele>
      </trkpt>
      <trkpt lat="41.149344" lon="-8.610366">
        <ele>75.49</ele>
      </trkpt>
      <trkpt lat="41.149567" lon="-8.610239">
        <ele>76.8</ele>
      </trkpt>
      <trkpt lat="41.149649" lon="-8.610216">
        <ele>77</ele>
      </trkpt>
      <trkpt lat="41.14973" lon="-8.610206">
        <ele>77.62</ele>
      </trkpt>
      <trkpt lat="41.149813" lon="-8.610211">
        <ele>78.26</ele>
      </trkpt>
      <trkpt lat="41.150162" lon="-8.610303">
        <ele>80.4</ele>
      </trkpt>
      <trkpt lat="41.150345" lon="-8.610351">
        <ele>81.42</ele>
      </trkpt>
      <trkpt lat="41.150426" lon="-8.610337">
        <ele>81.99</ele>
      </trkpt>
      <trkpt lat="41.150525" lon="-8.610303">
        <ele>82</ele>
      </trkpt>
      <trkpt lat="41.150606" lon="-8.610243">
        <ele>82.13</ele>
      </trkpt>
      <trkpt lat="41.150755" lon="-8.610112">
        <ele>82.46</ele>
      </trkpt>
      <trkpt lat="41.150862" lon="-8.610017">
        <ele>82.98</ele>
      </trkpt>
      <trkpt lat="41.1509" lon="-8.609984">
        <ele>83.17</ele>
      </trkpt>
      <trkpt lat="41.150841" lon="-8.609965">
        <ele>83.28</ele>
      </trkpt>
      <trkpt lat="41.150788" lon="-8.609936">
        <ele>83.45</ele>
      </trkpt>
      <trkpt lat="41.150761" lon="-8.609917">
        <ele>83.56</ele>
      </trkpt>
      <trkpt lat="41.150722" lon="-8.609839">
        <ele>84.02</ele>
      </trkpt>
      <trkpt lat="41.150709" lon="-8.609788">
        <ele>84.31</ele>
      </trkpt>
      <trkpt lat="41.150611" lon="-8.609397">
        <ele>86.62</ele>
      </trkpt>
      <trkpt lat="41.150533" lon="-8.609098">
        <ele>88.44</ele>
      </trkpt>
      <trkpt lat="41.150485" lon="-8.608911">
        <ele>89.18</ele>
      </trkpt>
      <trkpt lat="41.150423" lon="-8.608634">
        <ele>88.79</ele>
      </trkpt>
      <trkpt lat="41.150261" lon="-8.607901">
        <ele>87.31</ele>
      </trkpt>
      <trkpt lat="41.150202" lon="-8.607637">
        <ele>87</ele>
      </trkpt>
      <trkpt lat="41.150127" lon="-8.6073">
        <ele>87.02</ele>
      </trkpt>
      <trkpt lat="41.150065" lon="-8.607023">
        <ele>87.52</ele>
      </trkpt>
      <trkpt lat="41.150068" lon="-8.607022">
        <ele>87.53</ele>
      </trkpt>
      <trkpt lat="41.150065" lon="-8.607023">
        <ele>87.52</ele>
      </trkpt>
      <trkpt lat="41.149998" lon="-8.606721">
        <ele>88.21</ele>
      </trkpt>
      <trkpt lat="41.14988" lon="-8.606192">
        <ele>89.75</ele>
      </trkpt>
      <trkpt lat="41.14981" lon="-8.605893">
        <ele>90.94</ele>
      </trkpt>
      <trkpt lat="41.149721" lon="-8.605501">
        <ele>92.23</ele>
      </trkpt>
      <trkpt lat="41.149652" lon="-8.6052">
        <ele>93.98</ele>
      </trkpt>
      <trkpt lat="41.149492" lon="-8.604513">
        <ele>97.38</ele>
      </trkpt>
      <trkpt lat="41.149368" lon="-8.603989">
        <ele>100</ele>
      </trkpt>
      <trkpt lat="41.149315" lon="-8.603733">
        <ele>100.63</ele>
      </trkpt>
      <trkpt lat="41.149198" lon="-8.603171">
        <ele>102</ele>
      </trkpt>
      <trkpt lat="41.14908" lon="-8.602577">
        <ele>101.42</ele>
      </trkpt>
      <trkpt lat="41.148982" lon="-8.602083">
        <ele>100.75</ele>
      </trkpt>
      <trkpt lat="41.148878" lon="-8.60208">
        <ele>100.11</ele>
      </trkpt>
      <trkpt lat="41.148544" lon="-8.602055">
        <ele>100.08</ele>
      </trkpt>
      <trkpt lat="41.148046" lon="-8.602017">
        <ele>100.03</ele>
      </trkpt>
      <trkpt lat="41.147495" lon="-8.601975">
        <ele>99.73</ele>
      </trkpt>
      <trkpt lat="41.146868" lon="-8.601939">
        <ele>97.52</ele>
      </trkpt>
      <trkpt lat="41.146835" lon="-8.601955">
        <ele>97.27</ele>
      </trkpt>
      <trkpt lat="41.146778" lon="-8.601951">
        <ele>96.96</ele>
      </trkpt>
      <trkpt lat="41.146014" lon="-8.601897">
        <ele>93.15</ele>
      </trkpt>
      <trkpt lat="41.145691" lon="-8.601872">
        <ele>92</ele>
      </trkpt>
      <trkpt lat="41.145643" lon="-8.601932">
        <ele>92</ele>
      </trkpt>
      <trkpt lat="41.145635" lon="-8.602021">
        <ele>91.97</ele>
      </trkpt>
      <trkpt lat="41.145566" lon="-8.60271">
        <ele>91.46</ele>
      </trkpt>
      <trkpt lat="41.145512" lon="-8.603253">
        <ele>91.06</ele>
      </trkpt>
      <trkpt lat="41.145462" lon="-8.603539">
        <ele>91.15</ele>
      </trkpt>
      <trkpt lat="41.145333" lon="-8.604276">
        <ele>92</ele>
      </trkpt>
      <trkpt lat="41.145314" lon="-8.604324">
        <ele>92</ele>
      </trkpt>
      <trkpt lat="41.145274" lon="-8.604381">
        <ele>91.8</ele>
      </trkpt>
      <trkpt lat="41.145093" lon="-8.604459">
        <ele>90.94</ele>
      </trkpt>
      <trkpt lat="41.144264" lon="-8.604829">
        <ele>87.54</ele>
      </trkpt>
      <trkpt lat="41.144032" lon="-8.604932">
        <ele>87</ele>
      </trkpt>
      <trkpt lat="41.143858" lon="-8.604389">
        <ele>84.5</ele>
      </trkpt>
      <trkpt lat="41.143676" lon="-8.603852">
        <ele>80.68</ele>
      </trkpt>
      <trkpt lat="41.143237" lon="-8.602554">
        <ele>73.08</ele>
      </trkpt>
      <trkpt lat="41.14317" lon="-8.602371">
        <ele>71.98</ele>
      </trkpt>
      <trkpt lat="41.143105" lon="-8.602257">
        <ele>71.47</ele>
      </trkpt>
      <trkpt lat="41.143018" lon="-8.602149">
        <ele>71.46</ele>
      </trkpt>
      <trkpt lat="41.142954" lon="-8.602118">
        <ele>71.44</ele>
      </trkpt>
      <trkpt lat="41.142896" lon="-8.602105">
        <ele>71.60473590258445</ele>
      </trkpt>
      <trkpt lat="41.14253781946812" lon="-8.602030061000477">
        <ele>53.72499418560921</ele>
      </trkpt>
      <trkpt lat="41.142217392635104" lon="-8.601960308517306">
        <ele>32.284731151745234</ele>
      </trkpt>
      <trkpt lat="41.14177318362644" lon="-8.601867617101352">
        <ele>-0.3790807629124082</ele>
      </trkpt>
      <trkpt lat="41.14160455007746" lon="-8.601832428975655">
        <ele>-0.49615255789081336</ele>
      </trkpt>
      <trkpt lat="41.14115994220232" lon="-8.601743174195038">
        <ele>13.589759345203907</ele>
      </trkpt>
      <trkpt lat="41.14077726746254" lon="-8.601666352456476">
        <ele>33.10065506701639</ele>
      </trkpt>
      <trkpt lat="41.14033336878086" lon="-8.601571078001651">
        <ele>48.27693125250567</ele>
      </trkpt>
      <trkpt lat="41.139890584090864" lon="-8.601476042644066">
        <ele>45.276028994374634</ele>
      </trkpt>
      <trkpt lat="41.13944648799589" lon="-8.601382405523017">
        <ele>56.19506648155628</ele>
      </trkpt>
      <trkpt lat="41.139100851383205" lon="-8.601309528463958">
        <ele>69.15857781051932</ele>
      </trkpt>
      <trkpt lat="41.13865476929106" lon="-8.601234356887794">
        <ele>70.0407177232937</ele>
      </trkpt>
      <trkpt lat="41.138368" lon="-8.601184">
        <ele>69.93</ele>
      </trkpt>
      <trkpt lat="41.138208" lon="-8.601172">
        <ele>69.95</ele>
      </trkpt>
      <trkpt lat="41.137914" lon="-8.601235">
        <ele>70</ele>
      </trkpt>
      <trkpt lat="41.137845" lon="-8.60125">
        <ele>70.01</ele>
      </trkpt>
      <trkpt lat="41.137621" lon="-8.601358">
        <ele>70.05</ele>
      </trkpt>
      <trkpt lat="41.137277" lon="-8.601531">
        <ele>70</ele>
      </trkpt>
      <trkpt lat="41.136567" lon="-8.601966">
        <ele>72.06</ele>
      </trkpt>
      <trkpt lat="41.136076" lon="-8.602264">
        <ele>73.51</ele>
      </trkpt>
      <trkpt lat="41.135846" lon="-8.602403">
        <ele>74.19</ele>
      </trkpt>
      <trkpt lat="41.135846" lon="-8.602403">
        <ele>74.19</ele>
      </trkpt>
      <trkpt lat="41.135466" lon="-8.602521">
        <ele>74.22</ele>
      </trkpt>
      <trkpt lat="41.135072" lon="-8.602515">
        <ele>74.25</ele>
      </trkpt>
      <trkpt lat="41.134662" lon="-8.602406">
        <ele>74.28</ele>
      </trkpt>
      <trkpt lat="41.134254" lon="-8.602125">
        <ele>74.32</ele>
      </trkpt>
      <trkpt lat="41.134035" lon="-8.60186">
        <ele>72.86</ele>
      </trkpt>
      <trkpt lat="41.133823" lon="-8.601525">
        <ele>70.34</ele>
      </trkpt>
      <trkpt lat="41.133175" lon="-8.600077">
        <ele>59.1</ele>
      </trkpt>
      <trkpt lat="41.132655" lon="-8.598914">
        <ele>49.47</ele>
      </trkpt>
      <trkpt lat="41.132283" lon="-8.598064">
        <ele>45</ele>
      </trkpt>
      <trkpt lat="41.132159" lon="-8.59778">
        <ele>45</ele>
      </trkpt>
      <trkpt lat="41.131913" lon="-8.597455">
        <ele>45</ele>
      </trkpt>
      <trkpt lat="41.131726" lon="-8.597289">
        <ele>45.61</ele>
      </trkpt>
      <trkpt lat="41.13149" lon="-8.597171">
        <ele>45.67</ele>
      </trkpt>
      <trkpt lat="41.13136" lon="-8.597128">
        <ele>45.43</ele>
      </trkpt>
      <trkpt lat="41.131182" lon="-8.597069">
        <ele>45.11</ele>
      </trkpt>
      <trkpt lat="41.131117" lon="-8.597075">
        <ele>45.02</ele>
      </trkpt>
      <trkpt lat="41.131053" lon="-8.597107">
        <ele>45.02</ele>
      </trkpt>
      <trkpt lat="41.13102" lon="-8.59716">
        <ele>45.27</ele>
      </trkpt>
      <trkpt lat="41.130948" lon="-8.59722">
        <ele>45.53</ele>
      </trkpt>
      <trkpt lat="41.130866" lon="-8.597248">
        <ele>45.23</ele>
      </trkpt>
      <trkpt lat="41.130781" lon="-8.59724">
        <ele>45.76</ele>
      </trkpt>
      <trkpt lat="41.130702" lon="-8.597198">
        <ele>46</ele>
      </trkpt>
      <trkpt lat="41.130611" lon="-8.597198">
        <ele>46</ele>
      </trkpt>
      <trkpt lat="41.130553" lon="-8.597216">
        <ele>46.42</ele>
      </trkpt>
      <trkpt lat="41.130211" lon="-8.597519">
        <ele>49.02</ele>
      </trkpt>
      <trkpt lat="41.129912" lon="-8.597702">
        <ele>51.38</ele>
      </trkpt>
      <trkpt lat="41.129794" lon="-8.597755">
        <ele>52.28</ele>
      </trkpt>
      <trkpt lat="41.129688" lon="-8.597789">
        <ele>52.8</ele>
      </trkpt>
      <trkpt lat="41.128188" lon="-8.598044">
        <ele>61.82</ele>
      </trkpt>
      <trkpt lat="41.126736" lon="-8.598283">
        <ele>74.08</ele>
      </trkpt>
      <trkpt lat="41.125402" lon="-8.598508">
        <ele>86.3</ele>
      </trkpt>
      <trkpt lat="41.125287" lon="-8.598534">
        <ele>87.31</ele>
      </trkpt>
      <trkpt lat="41.125205" lon="-8.598575">
        <ele>87.85</ele>
      </trkpt>
      <trkpt lat="41.12518" lon="-8.59862">
        <ele>87.98</ele>
      </trkpt>
      <trkpt lat="41.125113" lon="-8.59869">
        <ele>88.61</ele>
      </trkpt>
      <trkpt lat="41.125047" lon="-8.59872">
        <ele>88.98</ele>
      </trkpt>
      <trkpt lat="41.124971" lon="-8.59872">
        <ele>89</ele>
      </trkpt>
      <trkpt lat="41.12491" lon="-8.598701">
        <ele>89</ele>
      </trkpt>
      <trkpt lat="41.124857" lon="-8.59866">
        <ele>88.6</ele>
      </trkpt>
      <trkpt lat="41.124813" lon="-8.598602">
        <ele>87.92</ele>
      </trkpt>
      <trkpt lat="41.124782" lon="-8.598532">
        <ele>87.28</ele>
      </trkpt>
      <trkpt lat="41.124636" lon="-8.598504">
        <ele>87.16</ele>
      </trkpt>
      <trkpt lat="41.124022" lon="-8.598518">
        <ele>87.19</ele>
      </trkpt>
      <trkpt lat="41.122841" lon="-8.598551">
        <ele>92.35</ele>
      </trkpt>
      <trkpt lat="41.122568" lon="-8.598618">
        <ele>94.04</ele>
      </trkpt>
      <trkpt lat="41.122362" lon="-8.598712">
        <ele>95.65</ele>
      </trkpt>
      <trkpt lat="41.122046" lon="-8.598891">
        <ele>97.09</ele>
      </trkpt>
      <trkpt lat="41.121874" lon="-8.599055">
        <ele>97.84</ele>
      </trkpt>
      <trkpt lat="41.121698" lon="-8.599264">
        <ele>97.84</ele>
      </trkpt>
      <trkpt lat="41.121318" lon="-8.599712">
        <ele>102.07</ele>
      </trkpt>
      <trkpt lat="41.120945" lon="-8.600153">
        <ele>103.5</ele>
      </trkpt>
      <trkpt lat="41.120749" lon="-8.600384">
        <ele>104.25</ele>
      </trkpt>
      <trkpt lat="41.120647" lon="-8.600512">
        <ele>106.21</ele>
      </trkpt>
      <trkpt lat="41.120444" lon="-8.600761">
        <ele>104.34</ele>
      </trkpt>
      <trkpt lat="41.120245" lon="-8.601067">
        <ele>106.99</ele>
      </trkpt>
      <trkpt lat="41.120176" lon="-8.601211">
        <ele>110.5</ele>
      </trkpt>
      <trkpt lat="41.120063" lon="-8.601528">
        <ele>110.8</ele>
      </trkpt>
      <trkpt lat="41.120027" lon="-8.601821">
        <ele>112.24</ele>
      </trkpt>
      <trkpt lat="41.120021" lon="-8.602418">
        <ele>114.89</ele>
      </trkpt>
      <trkpt lat="41.120047" lon="-8.602966">
        <ele>118.73</ele>
      </trkpt>
      <trkpt lat="41.120073" lon="-8.603516">
        <ele>121.19397157138104</ele>
      </trkpt>
      <trkpt lat="41.120031" lon="-8.604106">
        <ele>124.13</ele>
      </trkpt>
      <trkpt lat="41.120043" lon="-8.604576">
        <ele>126.39</ele>
      </trkpt>
      <trkpt lat="41.12002" lon="-8.604695">
        <ele>127.08</ele>
      </trkpt>
      <trkpt lat="41.119988" lon="-8.604777">
        <ele>127.56</ele>
      </trkpt>
      <trkpt lat="41.119918" lon="-8.60488">
        <ele>128.15</ele>
      </trkpt>
      <trkpt lat="41.119827" lon="-8.604978">
        <ele>128.78</ele>
      </trkpt>
      <trkpt lat="41.119519" lon="-8.605013">
        <ele>130.26</ele>
      </trkpt>
      <trkpt lat="41.11931" lon="-8.605036">
        <ele>131.27</ele>
      </trkpt>
      <trkpt lat="41.119249" lon="-8.605054">
        <ele>131.84</ele>
      </trkpt>
      <trkpt lat="41.119188" lon="-8.605104">
        <ele>132.38</ele>
      </trkpt>
      <trkpt lat="41.11915" lon="-8.605184">
        <ele>132.89</ele>
      </trkpt>
      <trkpt lat="41.119141" lon="-8.605301">
        <ele>133.6</ele>
      </trkpt>
      <trkpt lat="41.119157" lon="-8.605937">
        <ele>136.39</ele>
      </trkpt>
      <trkpt lat="41.119112" lon="-8.606067">
        <ele>136.73</ele>
      </trkpt>
      <trkpt lat="41.119052" lon="-8.606143">
        <ele>137.1</ele>
      </trkpt>
      <trkpt lat="41.118956" lon="-8.606192">
        <ele>137.73</ele>
      </trkpt>
      <trkpt lat="41.11882" lon="-8.606223">
        <ele>137.96</ele>
      </trkpt>
      <trkpt lat="41.117912" lon="-8.606307">
        <ele>142.28</ele>
      </trkpt>
      <trkpt lat="41.117229" lon="-8.606351">
        <ele>147.27</ele>
      </trkpt>
      <trkpt lat="41.11667" lon="-8.606401">
        <ele>149.58214149427556</ele>
      </trkpt>
      <trkpt lat="41.11622141632757" lon="-8.606442275750291">
        <ele>153.30308580138853</ele>
      </trkpt>
      <trkpt lat="41.1162051670228" lon="-8.606443770905571">
        <ele>153.35357055077063</ele>
      </trkpt>
      <trkpt lat="41.11597837495975" lon="-8.606464179941014">
        <ele>154.2030761613827</ele>
      </trkpt>
      <trkpt lat="41.11581151471438" lon="-8.60647760470843">
        <ele>156.2555025066433</ele>
      </trkpt>
      <trkpt lat="41.11564804997934" lon="-8.606494412578314">
        <ele>156.80882366317292</ele>
      </trkpt>
      <trkpt lat="41.11565725927082" lon="-8.606540252221862">
        <ele>156.70662384794608</ele>
      </trkpt>
      <trkpt lat="41.11566071275476" lon="-8.606621235592343">
        <ele>156.61796035602208</ele>
      </trkpt>
      <trkpt lat="41.11565725927082" lon="-8.606686939081953">
        <ele>156.63445680988937</ele>
      </trkpt>
      <trkpt lat="41.11563538720145" lon="-8.606722082807948">
        <ele>156.68583260220774</ele>
      </trkpt>
      <trkpt lat="41.11561696861037" lon="-8.606758754522986">
        <ele>156.73396157663933</ele>
      </trkpt>
      <trkpt lat="41.11562042209647" lon="-8.60678473032138">
        <ele>156.7078303024214</ele>
      </trkpt>
      <trkpt lat="41.115722" lon="-8.606882">
        <ele>155.99</ele>
      </trkpt>
      <trkpt lat="41.116336" lon="-8.607466">
        <ele>156</ele>
      </trkpt>
      <trkpt lat="41.116427" lon="-8.607552">
        <ele>156</ele>
      </trkpt>
      <trkpt lat="41.11676" lon="-8.607785">
        <ele>155</ele>
      </trkpt>
      <trkpt lat="41.11684" lon="-8.607824">
        <ele>155.01</ele>
      </trkpt>
      <trkpt lat="41.117524" lon="-8.608156">
        <ele>154</ele>
      </trkpt>
      <trkpt lat="41.118143" lon="-8.608455">
        <ele>153.99</ele>
      </trkpt>
      <trkpt lat="41.118798" lon="-8.608768">
        <ele>153.07</ele>
      </trkpt>
      <trkpt lat="41.119416" lon="-8.609068">
        <ele>151.7</ele>
      </trkpt>
      <trkpt lat="41.119876" lon="-8.609304">
        <ele>148.41</ele>
      </trkpt>
      <trkpt lat="41.120046" lon="-8.60943">
        <ele>147.08</ele>
      </trkpt>
      <trkpt lat="41.120833" lon="-8.610014">
        <ele>140.89</ele>
      </trkpt>
      <trkpt lat="41.121559" lon="-8.610563">
        <ele>135.39</ele>
      </trkpt>
      <trkpt lat="41.121735" lon="-8.610696">
        <ele>134.06</ele>
      </trkpt>
      <trkpt lat="41.122298" lon="-8.611198">
        <ele>129.99</ele>
      </trkpt>
      <trkpt lat="41.122504" lon="-8.611379">
        <ele>128.59</ele>
      </trkpt>
      <trkpt lat="41.122613" lon="-8.611451">
        <ele>127.5</ele>
      </trkpt>
      <trkpt lat="41.12263" lon="-8.611462">
        <ele>127.34</ele>
      </trkpt>
      <trkpt lat="41.122508" lon="-8.611773">
        <ele>127.95</ele>
      </trkpt>
      <trkpt lat="41.122297" lon="-8.612301">
        <ele>130</ele>
      </trkpt>
      <trkpt lat="41.122049" lon="-8.612903">
        <ele>127.88</ele>
      </trkpt>
      <trkpt lat="41.121841" lon="-8.613432">
        <ele>125.09</ele>
      </trkpt>
      <trkpt lat="41.121596" lon="-8.614059">
        <ele>122.42</ele>
      </trkpt>
      <trkpt lat="41.12138" lon="-8.61462">
        <ele>119.96</ele>
      </trkpt>
      <trkpt lat="41.121346" lon="-8.614731">
        <ele>119.78</ele>
      </trkpt>
      <trkpt lat="41.121289" lon="-8.61483">
        <ele>119.93</ele>
      </trkpt>
      <trkpt lat="41.121242" lon="-8.614944">
        <ele>119.86</ele>
      </trkpt>
      <trkpt lat="41.121204" lon="-8.615034">
        <ele>119.81</ele>
      </trkpt>
      <trkpt lat="41.121151" lon="-8.6151">
        <ele>119.43</ele>
      </trkpt>
      <trkpt lat="41.1211" lon="-8.615144">
        <ele>119.59</ele>
      </trkpt>
      <trkpt lat="41.121057" lon="-8.615183">
        <ele>119.74</ele>
      </trkpt>
      <trkpt lat="41.120891" lon="-8.615207">
        <ele>120.26</ele>
      </trkpt>
      <trkpt lat="41.120546" lon="-8.615255">
        <ele>120.96</ele>
      </trkpt>
      <trkpt lat="41.120289" lon="-8.615272">
        <ele>121.33</ele>
      </trkpt>
      <trkpt lat="41.119646" lon="-8.615309">
        <ele>121</ele>
      </trkpt>
      <trkpt lat="41.119464" lon="-8.615319">
        <ele>121</ele>
      </trkpt>
      <trkpt lat="41.119317" lon="-8.615307">
        <ele>121</ele>
      </trkpt>
      <trkpt lat="41.119054" lon="-8.615263">
        <ele>121</ele>
      </trkpt>
      <trkpt lat="41.118905" lon="-8.615239">
        <ele>121</ele>
      </trkpt>
      <trkpt lat="41.118682" lon="-8.615172">
        <ele>122</ele>
      </trkpt>
      <trkpt lat="41.118609" lon="-8.61516">
        <ele>122</ele>
      </trkpt>
      <trkpt lat="41.118475" lon="-8.615176">
        <ele>122</ele>
      </trkpt>
      <trkpt lat="41.11844" lon="-8.615205">
        <ele>122</ele>
      </trkpt>
      <trkpt lat="41.1184" lon="-8.615218">
        <ele>122</ele>
      </trkpt>
      <trkpt lat="41.118349" lon="-8.615342">
        <ele>122</ele>
      </trkpt>
      <trkpt lat="41.118273" lon="-8.615716">
        <ele>119.75</ele>
      </trkpt>
      <trkpt lat="41.117945" lon="-8.617512">
        <ele>107.65</ele>
      </trkpt>
      <trkpt lat="41.117863" lon="-8.617969">
        <ele>105.37</ele>
      </trkpt>
      <trkpt lat="41.117875" lon="-8.618193">
        <ele>103.76</ele>
      </trkpt>
      <trkpt lat="41.117914" lon="-8.618316">
        <ele>103.01</ele>
      </trkpt>
      <trkpt lat="41.117964" lon="-8.618383">
        <ele>102.87</ele>
      </trkpt>
      <trkpt lat="41.118064" lon="-8.618478">
        <ele>101.65</ele>
      </trkpt>
      <trkpt lat="41.118317" lon="-8.6186">
        <ele>100.37</ele>
      </trkpt>
      <trkpt lat="41.119294" lon="-8.61907">
        <ele>95.44</ele>
      </trkpt>
      <trkpt lat="41.120037" lon="-8.61943">
        <ele>92.49</ele>
      </trkpt>
      <trkpt lat="41.120745" lon="-8.619774">
        <ele>91</ele>
      </trkpt>
      <trkpt lat="41.12084" lon="-8.619809">
        <ele>91</ele>
      </trkpt>
      <trkpt lat="41.120908" lon="-8.619804">
        <ele>90.76</ele>
      </trkpt>
      <trkpt lat="41.120995" lon="-8.619784">
        <ele>89.56</ele>
      </trkpt>
      <trkpt lat="41.121052" lon="-8.619723">
        <ele>89.44</ele>
      </trkpt>
      <trkpt lat="41.12112" lon="-8.619688">
        <ele>89.56</ele>
      </trkpt>
      <trkpt lat="41.121193" lon="-8.619681">
        <ele>89.65</ele>
      </trkpt>
      <trkpt lat="41.121264" lon="-8.619703">
        <ele>89.62</ele>
      </trkpt>
      <trkpt lat="41.121327" lon="-8.619752">
        <ele>89.6</ele>
      </trkpt>
      <trkpt lat="41.121369" lon="-8.619813">
        <ele>89.7</ele>
      </trkpt>
      <trkpt lat="41.121471" lon="-8.620075">
        <ele>89.24</ele>
      </trkpt>
      <trkpt lat="41.121658" lon="-8.620242">
        <ele>88.61</ele>
      </trkpt>
      <trkpt lat="41.121903" lon="-8.620372">
        <ele>89.93</ele>
      </trkpt>
      <trkpt lat="41.122136" lon="-8.620496">
        <ele>88.12</ele>
      </trkpt>
      <trkpt lat="41.122722" lon="-8.6208">
        <ele>87</ele>
      </trkpt>
      <trkpt lat="41.122921" lon="-8.620883">
        <ele>87</ele>
      </trkpt>
      <trkpt lat="41.123028" lon="-8.620928">
        <ele>87</ele>
      </trkpt>
      <trkpt lat="41.123743" lon="-8.6213">
        <ele>86</ele>
      </trkpt>
      <trkpt lat="41.123926" lon="-8.621408">
        <ele>85.6</ele>
      </trkpt>
      <trkpt lat="41.124229" lon="-8.621585">
        <ele>84.93</ele>
      </trkpt>
      <trkpt lat="41.124442" lon="-8.62173">
        <ele>83.53</ele>
      </trkpt>
      <trkpt lat="41.124652" lon="-8.621889">
        <ele>82.88</ele>
      </trkpt>
      <trkpt lat="41.124998" lon="-8.622169">
        <ele>81.15</ele>
      </trkpt>
      <trkpt lat="41.125761" lon="-8.622909">
        <ele>75.4</ele>
      </trkpt>
      <trkpt lat="41.126615" lon="-8.623764">
        <ele>68.84</ele>
      </trkpt>
      <trkpt lat="41.126778" lon="-8.623907">
        <ele>67.57</ele>
      </trkpt>
      <trkpt lat="41.127251" lon="-8.624324">
        <ele>66.06</ele>
      </trkpt>
      <trkpt lat="41.127431" lon="-8.62448">
        <ele>69.25</ele>
      </trkpt>
      <trkpt lat="41.127564" lon="-8.624527">
        <ele>71.04</ele>
      </trkpt>
      <trkpt lat="41.127667" lon="-8.624601">
        <ele>67.64</ele>
      </trkpt>
      <trkpt lat="41.127722" lon="-8.624616">
        <ele>67.26</ele>
      </trkpt>
      <trkpt lat="41.127745" lon="-8.624642">
        <ele>67.05</ele>
      </trkpt>
      <trkpt lat="41.127761" lon="-8.624677">
        <ele>67.27</ele>
      </trkpt>
      <trkpt lat="41.127884" lon="-8.624661">
        <ele>68.1</ele>
      </trkpt>
      <trkpt lat="41.128234" lon="-8.624665">
        <ele>67.56</ele>
      </trkpt>
      <trkpt lat="41.128463" lon="-8.624741">
        <ele>68.13</ele>
      </trkpt>
      <trkpt lat="41.128709" lon="-8.624852">
        <ele>68.73</ele>
      </trkpt>
      <trkpt lat="41.129035" lon="-8.624962">
        <ele>69.9</ele>
      </trkpt>
      <trkpt lat="41.129073" lon="-8.624957">
        <ele>69.99</ele>
      </trkpt>
      <trkpt lat="41.129206" lon="-8.624939">
        <ele>70.31</ele>
      </trkpt>
      <trkpt lat="41.129405" lon="-8.624837">
        <ele>71.32</ele>
      </trkpt>
      <trkpt lat="41.129632" lon="-8.624615">
        <ele>72.58</ele>
      </trkpt>
      <trkpt lat="41.129791" lon="-8.624512">
        <ele>74.39</ele>
      </trkpt>
      <trkpt lat="41.129896" lon="-8.624445">
        <ele>74.86</ele>
      </trkpt>
      <trkpt lat="41.129818" lon="-8.624211">
        <ele>73.39</ele>
      </trkpt>
      <trkpt lat="41.129785" lon="-8.624156">
        <ele>72.85</ele>
      </trkpt>
      <trkpt lat="41.129764" lon="-8.624118">
        <ele>72.48</ele>
      </trkpt>
      <trkpt lat="41.129586" lon="-8.623963">
        <ele>70.92</ele>
      </trkpt>
      <trkpt lat="41.129552" lon="-8.623922">
        <ele>70.45</ele>
      </trkpt>
      <trkpt lat="41.129491" lon="-8.623808">
        <ele>69.15</ele>
      </trkpt>
      <trkpt lat="41.129469" lon="-8.623739">
        <ele>68.57</ele>
      </trkpt>
      <trkpt lat="41.129456" lon="-8.623673">
        <ele>67.77</ele>
      </trkpt>
      <trkpt lat="41.129454" lon="-8.623602">
        <ele>66.92</ele>
      </trkpt>
      <trkpt lat="41.129471" lon="-8.623478">
        <ele>65.9</ele>
      </trkpt>
      <trkpt lat="41.129522" lon="-8.623369">
        <ele>64.5</ele>
      </trkpt>
      <trkpt lat="41.129567" lon="-8.623314">
        <ele>63.98</ele>
      </trkpt>
      <trkpt lat="41.129599" lon="-8.623275">
        <ele>63.61</ele>
      </trkpt>
      <trkpt lat="41.129643" lon="-8.623242">
        <ele>62.74</ele>
      </trkpt>
      <trkpt lat="41.12969" lon="-8.623222">
        <ele>61.94</ele>
      </trkpt>
      <trkpt lat="41.129784" lon="-8.623209">
        <ele>61.08</ele>
      </trkpt>
      <trkpt lat="41.130201" lon="-8.623245">
        <ele>57.07</ele>
      </trkpt>
      <trkpt lat="41.130285" lon="-8.623222">
        <ele>56.29</ele>
      </trkpt>
      <trkpt lat="41.130339" lon="-8.623191">
        <ele>55.7</ele>
      </trkpt>
      <trkpt lat="41.1304" lon="-8.623131">
        <ele>55.27</ele>
      </trkpt>
      <trkpt lat="41.130457" lon="-8.623052">
        <ele>54.81</ele>
      </trkpt>
      <trkpt lat="41.131063" lon="-8.622083">
        <ele>51.26</ele>
      </trkpt>
      <trkpt lat="41.131642" lon="-8.621157">
        <ele>50.25</ele>
      </trkpt>
      <trkpt lat="41.131772" lon="-8.620939">
        <ele>50.48</ele>
      </trkpt>
      <trkpt lat="41.131804" lon="-8.620838">
        <ele>51.04</ele>
      </trkpt>
      <trkpt lat="41.131815" lon="-8.620749">
        <ele>51.21</ele>
      </trkpt>
      <trkpt lat="41.131809" lon="-8.620656">
        <ele>51.52</ele>
      </trkpt>
      <trkpt lat="41.131784" lon="-8.620558">
        <ele>52.44</ele>
      </trkpt>
      <trkpt lat="41.131744" lon="-8.620469">
        <ele>53.13</ele>
      </trkpt>
      <trkpt lat="41.131686" lon="-8.620398">
        <ele>53.91</ele>
      </trkpt>
      <trkpt lat="41.131377" lon="-8.620111">
        <ele>57.99</ele>
      </trkpt>
      <trkpt lat="41.131303" lon="-8.62003">
        <ele>58.96</ele>
      </trkpt>
      <trkpt lat="41.131215" lon="-8.619897">
        <ele>59.54</ele>
      </trkpt>
      <trkpt lat="41.131111" lon="-8.619679">
        <ele>61.02</ele>
      </trkpt>
      <trkpt lat="41.131073" lon="-8.619561">
        <ele>61.7</ele>
      </trkpt>
      <trkpt lat="41.131038" lon="-8.619374">
        <ele>63.84</ele>
      </trkpt>
      <trkpt lat="41.131031" lon="-8.619119">
        <ele>66.12</ele>
      </trkpt>
      <trkpt lat="41.131043" lon="-8.61899">
        <ele>67.61</ele>
      </trkpt>
      <trkpt lat="41.131107" lon="-8.618515">
        <ele>69.15</ele>
      </trkpt>
      <trkpt lat="41.131158" lon="-8.618222">
        <ele>69.21</ele>
      </trkpt>
      <trkpt lat="41.131251" lon="-8.617842">
        <ele>70.52</ele>
      </trkpt>
      <trkpt lat="41.131306" lon="-8.617673">
        <ele>70.34</ele>
      </trkpt>
      <trkpt lat="41.131601" lon="-8.617033">
        <ele>69.63</ele>
      </trkpt>
      <trkpt lat="41.132133" lon="-8.615765">
        <ele>68.23</ele>
      </trkpt>
      <trkpt lat="41.132393" lon="-8.615123">
        <ele>67.12</ele>
      </trkpt>
      <trkpt lat="41.132464" lon="-8.614917">
        <ele>66.78</ele>
      </trkpt>
      <trkpt lat="41.132608" lon="-8.614441">
        <ele>65.99</ele>
      </trkpt>
      <trkpt lat="41.132698" lon="-8.614072">
        <ele>65.87</ele>
      </trkpt>
      <trkpt lat="41.132813" lon="-8.613485">
        <ele>65.09</ele>
      </trkpt>
      <trkpt lat="41.13284" lon="-8.613326">
        <ele>65.56</ele>
      </trkpt>
      <trkpt lat="41.13283" lon="-8.613224">
        <ele>65.97</ele>
      </trkpt>
      <trkpt lat="41.13283" lon="-8.613224">
        <ele>65.97</ele>
      </trkpt>
      <trkpt lat="41.132824" lon="-8.613159">
        <ele>66.23</ele>
      </trkpt>
      <trkpt lat="41.132757" lon="-8.612833">
        <ele>66.25</ele>
      </trkpt>
      <trkpt lat="41.132775" lon="-8.612637">
        <ele>66.28</ele>
      </trkpt>
      <trkpt lat="41.132807" lon="-8.612501">
        <ele>66.56</ele>
      </trkpt>
      <trkpt lat="41.132821" lon="-8.612422">
        <ele>66.55</ele>
      </trkpt>
      <trkpt lat="41.132895" lon="-8.612233">
        <ele>66.53</ele>
      </trkpt>
      <trkpt lat="41.13293" lon="-8.612074">
        <ele>66.51</ele>
      </trkpt>
      <trkpt lat="41.132924" lon="-8.611549">
        <ele>65.76</ele>
      </trkpt>
      <trkpt lat="41.132992" lon="-8.610966">
        <ele>64.92</ele>
      </trkpt>
      <trkpt lat="41.133063" lon="-8.610621">
        <ele>64.42</ele>
      </trkpt>
      <trkpt lat="41.133353" lon="-8.609586">
        <ele>62.88</ele>
      </trkpt>
      <trkpt lat="41.133468" lon="-8.608999">
        <ele>62.83</ele>
      </trkpt>
      <trkpt lat="41.133437" lon="-8.608962">
        <ele>63.51</ele>
      </trkpt>
      <trkpt lat="41.133424" lon="-8.608928">
        <ele>63.87</ele>
      </trkpt>
      <trkpt lat="41.133424" lon="-8.608853">
        <ele>64</ele>
      </trkpt>
      <trkpt lat="41.133455" lon="-8.608791">
        <ele>63.53</ele>
      </trkpt>
      <trkpt lat="41.133508" lon="-8.608763">
        <ele>64.57</ele>
      </trkpt>
      <trkpt lat="41.133537" lon="-8.608765">
        <ele>64.78</ele>
      </trkpt>
      <trkpt lat="41.133564" lon="-8.60878">
        <ele>64.63</ele>
      </trkpt>
      <trkpt lat="41.133587" lon="-8.608805">
        <ele>64.11</ele>
      </trkpt>
      <trkpt lat="41.133603" lon="-8.608838">
        <ele>64.01</ele>
      </trkpt>
      <trkpt lat="41.133609" lon="-8.608916">
        <ele>63.25</ele>
      </trkpt>
      <trkpt lat="41.133647" lon="-8.60894">
        <ele>63.85</ele>
      </trkpt>
      <trkpt lat="41.133687" lon="-8.609005">
        <ele>63.57</ele>
      </trkpt>
      <trkpt lat="41.134114" lon="-8.609848">
        <ele>56.15</ele>
      </trkpt>
      <trkpt lat="41.134449" lon="-8.610495">
        <ele>53.21</ele>
      </trkpt>
      <trkpt lat="41.13456" lon="-8.610663">
        <ele>52.28</ele>
      </trkpt>
      <trkpt lat="41.134719" lon="-8.610832">
        <ele>50.81</ele>
      </trkpt>
      <trkpt lat="41.13499" lon="-8.611115">
        <ele>48.75</ele>
      </trkpt>
      <trkpt lat="41.135204" lon="-8.611338">
        <ele>44.49</ele>
      </trkpt>
      <trkpt lat="41.135334" lon="-8.611445">
        <ele>41.7</ele>
      </trkpt>
      <trkpt lat="41.135481" lon="-8.61151">
        <ele>40.57</ele>
      </trkpt>
      <trkpt lat="41.135613" lon="-8.61153">
        <ele>40.18</ele>
      </trkpt>
      <trkpt lat="41.13573" lon="-8.611522">
        <ele>37.92</ele>
      </trkpt>
      <trkpt lat="41.135869" lon="-8.611513">
        <ele>36.11</ele>
      </trkpt>
      <trkpt lat="41.135877" lon="-8.611513">
        <ele>32.25</ele>
      </trkpt>
      <trkpt lat="41.136509" lon="-8.611456">
        <ele>31.58</ele>
      </trkpt>
      <trkpt lat="41.136621" lon="-8.611436">
        <ele>31</ele>
      </trkpt>
      <trkpt lat="41.136795" lon="-8.611335">
        <ele>30.27</ele>
      </trkpt>
      <trkpt lat="41.137085" lon="-8.611137">
        <ele>26.02</ele>
      </trkpt>
      <trkpt lat="41.137375" lon="-8.610939">
        <ele>25.02</ele>
      </trkpt>
      <trkpt lat="41.137695" lon="-8.610639">
        <ele>21.31</ele>
      </trkpt>
      <trkpt lat="41.137877" lon="-8.610469">
        <ele>20.55</ele>
      </trkpt>
      <trkpt lat="41.138128" lon="-8.610234">
        <ele>16.35</ele>
      </trkpt>
      <trkpt lat="41.138751" lon="-8.609717">
        <ele>12.89</ele>
      </trkpt>
      <trkpt lat="41.138914" lon="-8.609423">
        <ele>11.72</ele>
      </trkpt>
      <trkpt lat="41.138961" lon="-8.609335">
        <ele>14.63</ele>
      </trkpt>
      <trkpt lat="41.139037" lon="-8.609155">
        <ele>30.15</ele>
      </trkpt>
      <trkpt lat="41.139066" lon="-8.609163">
        <ele>27.78</ele>
      </trkpt>
      <trkpt lat="41.139091" lon="-8.609171">
        <ele>25.68</ele>
      </trkpt>
      <trkpt lat="41.139091" lon="-8.609171">
        <ele>31.336431646909965</ele>
      </trkpt>
      <trkpt lat="41.1395179092452" lon="-8.60930345303683">
        <ele>22.843429917575552</ele>
      </trkpt>
      <trkpt lat="41.13995501642079" lon="-8.609443547951074">
        <ele>-0.47602136393505656</ele>
      </trkpt>
      <trkpt lat="41.14010764801645" lon="-8.609492467098363">
        <ele>-0.48337112395876336</ele>
      </trkpt>
      <trkpt lat="41.14054600955051" lon="-8.60962547353809">
        <ele>2.6341260933381574</ele>
      </trkpt>
      <trkpt lat="41.140723" lon="-8.609684">
        <ele>7.38</ele>
      </trkpt>
      <trkpt lat="41.140841" lon="-8.609722">
        <ele>11.95</ele>
      </trkpt>
      <trkpt lat="41.140858" lon="-8.609853">
        <ele>13.99</ele>
      </trkpt>
      <trkpt lat="41.140866" lon="-8.60992">
        <ele>15.03</ele>
      </trkpt>
      <trkpt lat="41.140893" lon="-8.610014">
        <ele>17.91</ele>
      </trkpt>
      <trkpt lat="41.140928" lon="-8.610091">
        <ele>18.96</ele>
      </trkpt>
      <trkpt lat="41.14113" lon="-8.610397">
        <ele>18.04</ele>
      </trkpt>
      <trkpt lat="41.141196" lon="-8.610558">
        <ele>18.02</ele>
      </trkpt>
      <trkpt lat="41.141258" lon="-8.610813">
        <ele>17.97</ele>
      </trkpt>
      <trkpt lat="41.141569" lon="-8.612869">
        <ele>21.19</ele>
      </trkpt>
      <trkpt lat="41.141575" lon="-8.612948">
        <ele>21.12</ele>
      </trkpt>
      <trkpt lat="41.141569" lon="-8.613015">
        <ele>21.05</ele>
      </trkpt>
      <trkpt lat="41.141557" lon="-8.613063">
        <ele>21.01</ele>
      </trkpt>
      <trkpt lat="41.141425" lon="-8.613438">
        <ele>16.46</ele>
      </trkpt>
      <trkpt lat="41.141435" lon="-8.613489">
        <ele>16.66</ele>
      </trkpt>
      <trkpt lat="41.141411" lon="-8.613624">
        <ele>17</ele>
      </trkpt>
      <trkpt lat="41.141191" lon="-8.614261">
        <ele>17.48</ele>
      </trkpt>
      <trkpt lat="41.141153" lon="-8.614278">
        <ele>17.32</ele>
      </trkpt>
      <trkpt lat="41.141126" lon="-8.614354">
        <ele>17.42</ele>
      </trkpt>
      <trkpt lat="41.141056" lon="-8.614558">
        <ele>17.93</ele>
      </trkpt>
      <trkpt lat="41.141242" lon="-8.614542">
        <ele>19.69</ele>
      </trkpt>
      <trkpt lat="41.141613" lon="-8.614551">
        <ele>23.31</ele>
      </trkpt>
      <trkpt lat="41.141739" lon="-8.614531">
        <ele>26.35</ele>
      </trkpt>
      <trkpt lat="41.141839" lon="-8.61449">
        <ele>25.84</ele>
      </trkpt>
      <trkpt lat="41.142215" lon="-8.614354">
        <ele>28.47</ele>
      </trkpt>
      <trkpt lat="41.142473" lon="-8.61426">
        <ele>30.28</ele>
      </trkpt>
      <trkpt lat="41.142738" lon="-8.614152">
        <ele>31.76</ele>
      </trkpt>
      <trkpt lat="41.142831" lon="-8.614071">
        <ele>32.15</ele>
      </trkpt>
      <trkpt lat="41.143075" lon="-8.613739">
        <ele>34.33</ele>
      </trkpt>
      <trkpt lat="41.143517" lon="-8.613161">
        <ele>39.7</ele>
      </trkpt>
      <trkpt lat="41.143999" lon="-8.612493">
        <ele>44.27</ele>
      </trkpt>
      <trkpt lat="41.144218" lon="-8.612201">
        <ele>47.64</ele>
      </trkpt>
      <trkpt lat="41.144422" lon="-8.611914">
        <ele>52.04</ele>
      </trkpt>
      <trkpt lat="41.144671" lon="-8.611579">
        <ele>50.9</ele>
      </trkpt>
      <trkpt lat="41.144787" lon="-8.611424">
        <ele>52.42</ele>
      </trkpt>
      <trkpt lat="41.145016" lon="-8.611109">
        <ele>53.63</ele>
      </trkpt>
      <trkpt lat="41.145147" lon="-8.610916">
        <ele>54.57</ele>
      </trkpt>
      <trkpt lat="41.145365" lon="-8.610903">
        <ele>52.32</ele>
      </trkpt>
      <trkpt lat="41.145434" lon="-8.610893">
        <ele>52.96</ele>
      </trkpt>
      <trkpt lat="41.145827" lon="-8.610834">
        <ele>56.23</ele>
      </trkpt>
      <trkpt lat="41.14584" lon="-8.610832">
        <ele>56.24</ele>
      </trkpt>
      <trkpt lat="41.145966" lon="-8.610856">
        <ele>56.81</ele>
      </trkpt>
      <trkpt lat="41.146018" lon="-8.610866">
        <ele>57.04</ele>
      </trkpt>
      <trkpt lat="41.146043" lon="-8.610886">
        <ele>57.09</ele>
      </trkpt>
      <trkpt lat="41.146062" lon="-8.610969">
        <ele>56.91</ele>
      </trkpt>
      <trkpt lat="41.146059" lon="-8.611089">
        <ele>57.13</ele>
      </trkpt>
      <trkpt lat="41.146053" lon="-8.611314">
        <ele>57.55</ele>
      </trkpt>
      <trkpt lat="41.146131" lon="-8.611298">
        <ele>57.38</ele>
      </trkpt>
      <trkpt lat="41.14676" lon="-8.61116">
        <ele>60.13</ele>
      </trkpt>
      <trkpt lat="41.147479" lon="-8.611012">
        <ele>63.88</ele>
      </trkpt>
      <trkpt lat="41.147801" lon="-8.610949">
        <ele>65.72</ele>
      </trkpt>
      <trkpt lat="41.148099" lon="-8.610872">
        <ele>67.53</ele>
      </trkpt>
    </trkseg>
  </trk>
</gpx>
