<?xml version="1.0" encoding="UTF-8" standalone="yes"?><gpx version="1.1" creator="VeloViewer" xmlns="http://www.topografix.com/GPX/1/1" xmlns:xsi="http://www.w3.org/2001/XMLSchema-instance"><metadata><link href="veloviewer.com"><text>VeloViewer</text></link><time>2026-05-22T06:04:26.000Z</time></metadata><wpt lat="40.33876" lon="-7.04222"><ele>856.1</ele><name>km 0</name><cmt><![CDATA[-0.01|start|||]]></cmt><type>Generic</type></wpt><wpt lat="40.3362175468" lon="-7.337415"><ele>483.2</ele><name>Bidons</name><cmt><![CDATA[46.79|bidon|||]]></cmt><type>Water</type></wpt><wpt lat="40.3412633478" lon="-7.3471867"><ele>493.8</ele><name>Bidons end</name><cmt><![CDATA[47.81|bidonend|||]]></cmt><type>Generic</type></wpt><wpt lat="40.35584004964" lon="-7.34272"><ele>502.6</ele><name>1.9km @ 4.8%</name><cmt><![CDATA[49.64|komstart|||]]></cmt><type>Generic</type></wpt><wpt lat="40.3589700515" lon="-7.35046"><ele>591.9</ele><name>KOM</name><cmt><![CDATA[51.50|komna|||]]></cmt><type>Summit</type></wpt><wpt lat="40.2251015808" lon="-7.1715057"><ele>495.6</ele><name>Bidons</name><cmt><![CDATA[80.81|bidon|||]]></cmt><type>Water</type></wpt><wpt lat="40.2209467818" lon="-7.16123"><ele>503.3</ele><name>Bidons end</name><cmt><![CDATA[81.80|bidonend|||]]></cmt><type>Generic</type></wpt><wpt lat="40.04555001195" lon="-7.36994"><ele>382.1</ele><name>Sprint</name><cmt><![CDATA[119.51|sprint|||]]></cmt><type>Sprint</type></wpt><wpt lat="40.02863501225" lon="-7.39399"><ele>347.5</ele><name>Bidons</name><cmt><![CDATA[122.49|bidon|||]]></cmt><type>Water</type></wpt><wpt lat="40.03763001236" lon="-7.39913"><ele>345.5</ele><name>Bidons end</name><cmt><![CDATA[123.61|bidonend|||]]></cmt><type>Generic</type></wpt><wpt lat="40.05760801283" lon="-7.439374"><ele>381.4</ele><name>7.0km @ 4.0%</name><cmt><![CDATA[128.29|komstart|||]]></cmt><type>Generic</type></wpt><wpt lat="40.0781500135315" lon="-7.49898"><ele>662.3</ele><name>KOM 2nd</name><cmt><![CDATA[135.31|kom2|||]]></cmt><type>2nd Category</type></wpt><wpt lat="40.0946100142" lon="-7.46882"><ele>547.6</ele><name>4.0km @ 4.5%</name><cmt><![CDATA[142.00|komstart|||]]></cmt><type>Generic</type></wpt><wpt lat="40.1162925146" lon="-7.4385825"><ele>728.9</ele><name>KOM 3rd</name><cmt><![CDATA[146.01|kom3|||]]></cmt><type>3rd Category</type></wpt><wpt lat="40.13146001575" lon="-7.4366"><ele>578.6</ele><name>Sprint</name><cmt><![CDATA[157.49|sprint|||]]></cmt><type>Sprint</type></wpt><wpt lat="40.1382800174769" lon="-7.50077"><ele>500.5</ele><name>End VeloViewer</name><cmt><![CDATA[174.77|end|||]]></cmt><type>Sprint</type></wpt><trk><name>2 beiras final</name><type>cycling</type><trkseg><trkpt lon="-7.08974" lat="40.34958"><ele>744.7</ele><time>2026-05-22T06:04:26.000Z</time></trkpt><trkpt lon="-7.09005" lat="40.34965"><ele>744.5</ele><time>2026-05-22T06:04:28.000Z</time></trkpt><trkpt lon="-7.09036" lat="40.34972"><ele>744.3</ele><time>2026-05-22T06:04:30.100Z</time></trkpt><trkpt lon="-7.0906267" lat="40.349825"><ele>744.2</ele><time>2026-05-22T06:04:32.100Z</time></trkpt><trkpt lon="-7.0908933" lat="40.34993"><ele>744.0</ele><time>2026-05-22T06:04:34.000Z</time></trkpt><trkpt lon="-7.09116" lat="40.350035"><ele>743.9</ele><time>2026-05-22T06:04:36.000Z</time></trkpt><trkpt lon="-7.0914267" lat="40.35014"><ele>744.2</ele><time>2026-05-22T06:04:38.300Z</time></trkpt><trkpt lon="-7.0916933" lat="40.350245"><ele>744.6</ele><time>2026-05-22T06:04:40.600Z</time></trkpt><trkpt lon="-7.09196" lat="40.35035"><ele>744.9</ele><time>2026-05-22T06:04:42.800Z</time></trkpt><trkpt lon="-7.09234" lat="40.35035"><ele>745.1</ele><time>2026-05-22T06:04:45.600Z</time></trkpt><trkpt lon="-7.0926125" lat="40.35031"><ele>745.1</ele><time>2026-05-22T06:04:47.400Z</time></trkpt><trkpt lon="-7.092885" lat="40.35027"><ele>745.0</ele><time>2026-05-22T06:04:49.200Z</time></trkpt><trkpt lon="-7.09343" lat="40.35019"><ele>744.8</ele><time>2026-05-22T06:04:52.900Z</time></trkpt><trkpt lon="-7.09375" lat="40.350165"><ele>745.0</ele><time>2026-05-22T06:04:55.200Z</time></trkpt><trkpt lon="-7.09407" lat="40.35014"><ele>745.1</ele><time>2026-05-22T06:04:57.400Z</time></trkpt><trkpt lon="-7.09447" lat="40.35016"><ele>745.0</ele><time>2026-05-22T06:05:00.100Z</time></trkpt><trkpt lon="-7.09482" lat="40.35024"><ele>744.8</ele><time>2026-05-22T06:05:02.500Z</time></trkpt><trkpt lon="-7.09503" lat="40.3503267"><ele>744.6</ele><time>2026-05-22T06:05:04.000Z</time></trkpt><trkpt lon="-7.09545" lat="40.3505"><ele>744.1</ele><time>2026-05-22T06:05:07.000Z</time></trkpt><trkpt lon="-7.09566" lat="40.35062"><ele>743.7</ele><time>2026-05-22T06:05:08.600Z</time></trkpt><trkpt lon="-7.09573" lat="40.35069"><ele>743.6</ele><time>2026-05-22T06:05:09.300Z</time></trkpt><trkpt lon="-7.09578" lat="40.35078"><ele>743.5</ele><time>2026-05-22T06:05:10.100Z</time></trkpt><trkpt lon="-7.09584" lat="40.35101"><ele>743.4</ele><time>2026-05-22T06:05:12.100Z</time></trkpt><trkpt lon="-7.09584" lat="40.3512"><ele>743.4</ele><time>2026-05-22T06:05:13.800Z</time></trkpt><trkpt lon="-7.095645" lat="40.35136"><ele>743.6</ele><time>2026-05-22T06:05:15.900Z</time></trkpt><trkpt lon="-7.09545" lat="40.35152"><ele>743.7</ele><time>2026-05-22T06:05:18.000Z</time></trkpt><trkpt lon="-7.095275" lat="40.3516483"><ele>743.7</ele><time>2026-05-22T06:05:19.600Z</time></trkpt><trkpt lon="-7.094925" lat="40.351905"><ele>743.4</ele><time>2026-05-22T06:05:22.700Z</time></trkpt><trkpt lon="-7.09475" lat="40.3520333"><ele>743.2</ele><time>2026-05-22T06:05:24.300Z</time></trkpt><trkpt lon="-7.0944" lat="40.35229"><ele>742.8</ele><time>2026-05-22T06:05:27.400Z</time></trkpt><trkpt lon="-7.0941683" lat="40.352445"><ele>742.5</ele><time>2026-05-22T06:05:29.300Z</time></trkpt><trkpt lon="-7.0939367" lat="40.3526"><ele>742.2</ele><time>2026-05-22T06:05:31.200Z</time></trkpt><trkpt lon="-7.093705" lat="40.352755"><ele>741.9</ele><time>2026-05-22T06:05:33.100Z</time></trkpt><trkpt lon="-7.0934733" lat="40.35291"><ele>741.9</ele><time>2026-05-22T06:05:35.300Z</time></trkpt><trkpt lon="-7.0932417" lat="40.353065"><ele>742.0</ele><time>2026-05-22T06:05:37.400Z</time></trkpt><trkpt lon="-7.09301" lat="40.35322"><ele>742.1</ele><time>2026-05-22T06:05:39.600Z</time></trkpt><trkpt lon="-7.09259" lat="40.3534"><ele>742.6</ele><time>2026-05-22T06:05:43.200Z</time></trkpt><trkpt lon="-7.09215" lat="40.35352"><ele>742.8</ele><time>2026-05-22T06:05:46.500Z</time></trkpt><trkpt lon="-7.09168" lat="40.35349"><ele>743.5</ele><time>2026-05-22T06:05:50.200Z</time></trkpt><trkpt lon="-7.09157" lat="40.35354"><ele>743.5</ele><time>2026-05-22T06:05:51.100Z</time></trkpt><trkpt lon="-7.09127" lat="40.35358"><ele>743.6</ele><time>2026-05-22T06:05:53.200Z</time></trkpt><trkpt lon="-7.09097" lat="40.35354"><ele>744.2</ele><time>2026-05-22T06:05:55.700Z</time></trkpt><trkpt lon="-7.09067" lat="40.3535"><ele>744.8</ele><time>2026-05-22T06:05:58.200Z</time></trkpt><trkpt lon="-7.090435" lat="40.353435"><ele>745.4</ele><time>2026-05-22T06:06:00.400Z</time></trkpt><trkpt lon="-7.0902" lat="40.35337"><ele>746.1</ele><time>2026-05-22T06:06:02.700Z</time></trkpt><trkpt lon="-7.0899615" lat="40.3532755"><ele>746.9</ele><time>2026-05-22T06:06:05.100Z</time></trkpt><trkpt lon="-7.089723" lat="40.353181"><ele>747.7</ele><time>2026-05-22T06:06:07.600Z</time></trkpt><trkpt lon="-7.089246" lat="40.352992"><ele>749.3</ele><time>2026-05-22T06:06:12.600Z</time></trkpt><trkpt lon="-7.0890075" lat="40.3528975"><ele>750.2</ele><time>2026-05-22T06:06:15.300Z</time></trkpt><trkpt lon="-7.088769" lat="40.352803"><ele>751.1</ele><time>2026-05-22T06:06:18.000Z</time></trkpt><trkpt lon="-7.0885305" lat="40.3527085"><ele>752.0</ele><time>2026-05-22T06:06:20.700Z</time></trkpt><trkpt lon="-7.088292" lat="40.352614"><ele>752.9</ele><time>2026-05-22T06:06:23.300Z</time></trkpt><trkpt lon="-7.0880535" lat="40.3525195"><ele>753.3</ele><time>2026-05-22T06:06:25.400Z</time></trkpt><trkpt lon="-7.087815" lat="40.352425"><ele>753.7</ele><time>2026-05-22T06:06:27.500Z</time></trkpt><trkpt lon="-7.087338" lat="40.352236"><ele>754.5</ele><time>2026-05-22T06:06:31.700Z</time></trkpt><trkpt lon="-7.0870995" lat="40.3521415"><ele>755.3</ele><time>2026-05-22T06:06:34.200Z</time></trkpt><trkpt lon="-7.086861" lat="40.352047"><ele>756.1</ele><time>2026-05-22T06:06:36.800Z</time></trkpt><trkpt lon="-7.086384" lat="40.351858"><ele>757.9</ele><time>2026-05-22T06:06:42.000Z</time></trkpt><trkpt lon="-7.0861455" lat="40.3517635"><ele>759.3</ele><time>2026-05-22T06:06:45.400Z</time></trkpt><trkpt lon="-7.085907" lat="40.351669"><ele>760.8</ele><time>2026-05-22T06:06:48.800Z</time></trkpt><trkpt lon="-7.0856685" lat="40.3515745"><ele>762.3</ele><time>2026-05-22T06:06:52.300Z</time></trkpt><trkpt lon="-7.08543" lat="40.35148"><ele>763.6</ele><time>2026-05-22T06:06:55.500Z</time></trkpt><trkpt lon="-7.0855" lat="40.3514"><ele>763.7</ele><time>2026-05-22T06:06:56.500Z</time></trkpt><trkpt lon="-7.085815" lat="40.351305"><ele>763.2</ele><time>2026-05-22T06:06:58.500Z</time></trkpt><trkpt lon="-7.08613" lat="40.35121"><ele>762.6</ele><time>2026-05-22T06:07:00.500Z</time></trkpt><trkpt lon="-7.086445" lat="40.351115"><ele>762.0</ele><time>2026-05-22T06:07:02.500Z</time></trkpt><trkpt lon="-7.08676" lat="40.35102"><ele>761.4</ele><time>2026-05-22T06:07:04.500Z</time></trkpt><trkpt lon="-7.087085" lat="40.350935"><ele>760.3</ele><time>2026-05-22T06:07:06.400Z</time></trkpt><trkpt lon="-7.08741" lat="40.35085"><ele>759.2</ele><time>2026-05-22T06:07:08.200Z</time></trkpt><trkpt lon="-7.0877533" lat="40.3507767"><ele>757.5</ele><time>2026-05-22T06:07:10.000Z</time></trkpt><trkpt lon="-7.0880967" lat="40.3507033"><ele>755.7</ele><time>2026-05-22T06:07:11.700Z</time></trkpt><trkpt lon="-7.08844" lat="40.35063"><ele>753.8</ele><time>2026-05-22T06:07:13.500Z</time></trkpt><trkpt lon="-7.08851" lat="40.35066"><ele>753.3</ele><time>2026-05-22T06:07:13.900Z</time></trkpt><trkpt lon="-7.08859" lat="40.35063"><ele>753.1</ele><time>2026-05-22T06:07:14.400Z</time></trkpt><trkpt lon="-7.08862" lat="40.35058"><ele>753.0</ele><time>2026-05-22T06:07:14.800Z</time></trkpt><trkpt lon="-7.08859" lat="40.35053"><ele>753.0</ele><time>2026-05-22T06:07:15.300Z</time></trkpt><trkpt lon="-7.08865" lat="40.35048"><ele>752.9</ele><time>2026-05-22T06:07:15.800Z</time></trkpt><trkpt lon="-7.08869" lat="40.35012"><ele>752.5</ele><time>2026-05-22T06:07:18.900Z</time></trkpt><trkpt lon="-7.08869" lat="40.349845"><ele>751.0</ele><time>2026-05-22T06:07:20.700Z</time></trkpt><trkpt lon="-7.08869" lat="40.34957"><ele>749.5</ele><time>2026-05-22T06:07:22.500Z</time></trkpt><trkpt lon="-7.08859" lat="40.34958"><ele>749.5</ele><time>2026-05-22T06:07:23.200Z</time></trkpt><trkpt lon="-7.08835" lat="40.34964"><ele>749.7</ele><time>2026-05-22T06:07:25.100Z</time></trkpt><trkpt lon="-7.08806" lat="40.3497267"><ele>750.0</ele><time>2026-05-22T06:07:27.400Z</time></trkpt><trkpt lon="-7.08777" lat="40.3498133"><ele>750.2</ele><time>2026-05-22T06:07:29.600Z</time></trkpt><trkpt lon="-7.08748" lat="40.3499"><ele>750.4</ele><time>2026-05-22T06:07:31.900Z</time></trkpt><trkpt lon="-7.087175" lat="40.34994"><ele>750.8</ele><time>2026-05-22T06:07:34.300Z</time></trkpt><trkpt lon="-7.08687" lat="40.34998"><ele>751.1</ele><time>2026-05-22T06:07:36.600Z</time></trkpt><trkpt lon="-7.08664" lat="40.34997"><ele>751.6</ele><time>2026-05-22T06:07:38.500Z</time></trkpt><trkpt lon="-7.08618" lat="40.34995"><ele>752.6</ele><time>2026-05-22T06:07:42.400Z</time></trkpt><trkpt lon="-7.0859033" lat="40.3499217"><ele>753.1</ele><time>2026-05-22T06:07:44.700Z</time></trkpt><trkpt lon="-7.0856267" lat="40.3498933"><ele>753.5</ele><time>2026-05-22T06:07:46.900Z</time></trkpt><trkpt lon="-7.08535" lat="40.349865"><ele>754.0</ele><time>2026-05-22T06:07:49.100Z</time></trkpt><trkpt lon="-7.0850733" lat="40.3498367"><ele>754.8</ele><time>2026-05-22T06:07:51.700Z</time></trkpt><trkpt lon="-7.0847967" lat="40.3498083"><ele>755.6</ele><time>2026-05-22T06:07:54.300Z</time></trkpt><trkpt lon="-7.08452" lat="40.34978"><ele>756.4</ele><time>2026-05-22T06:07:56.800Z</time></trkpt><trkpt lon="-7.08415" lat="40.34976"><ele>757.4</ele><time>2026-05-22T06:08:00.100Z</time></trkpt><trkpt lon="-7.083845" lat="40.34979"><ele>758.0</ele><time>2026-05-22T06:08:02.700Z</time></trkpt><trkpt lon="-7.08354" lat="40.34982"><ele>758.6</ele><time>2026-05-22T06:08:05.200Z</time></trkpt><trkpt lon="-7.08323" lat="40.34991"><ele>759.6</ele><time>2026-05-22T06:08:08.300Z</time></trkpt><trkpt lon="-7.083015" lat="40.3500325"><ele>760.5</ele><time>2026-05-22T06:08:10.900Z</time></trkpt><trkpt lon="-7.0828" lat="40.350155"><ele>761.3</ele><time>2026-05-22T06:08:13.500Z</time></trkpt><trkpt lon="-7.08237" lat="40.3504"><ele>763.0</ele><time>2026-05-22T06:08:18.600Z</time></trkpt><trkpt lon="-7.08221" lat="40.3502133"><ele>763.9</ele><time>2026-05-22T06:08:21.400Z</time></trkpt><trkpt lon="-7.08205" lat="40.3500267"><ele>764.8</ele><time>2026-05-22T06:08:24.100Z</time></trkpt><trkpt lon="-7.08189" lat="40.34984"><ele>765.8</ele><time>2026-05-22T06:08:27.100Z</time></trkpt><trkpt lon="-7.0817333" lat="40.34971"><ele>767.4</ele><time>2026-05-22T06:08:30.500Z</time></trkpt><trkpt lon="-7.0815767" lat="40.34958"><ele>769.1</ele><time>2026-05-22T06:08:34.000Z</time></trkpt><trkpt lon="-7.08142" lat="40.34945"><ele>770.6</ele><time>2026-05-22T06:08:37.500Z</time></trkpt><trkpt lon="-7.08119" lat="40.34931"><ele>772.1</ele><time>2026-05-22T06:08:41.000Z</time></trkpt><trkpt lon="-7.08098" lat="40.34925"><ele>772.5</ele><time>2026-05-22T06:08:42.900Z</time></trkpt><trkpt lon="-7.08068" lat="40.349205"><ele>772.6</ele><time>2026-05-22T06:08:45.000Z</time></trkpt><trkpt lon="-7.08038" lat="40.34916"><ele>772.7</ele><time>2026-05-22T06:08:47.200Z</time></trkpt><trkpt lon="-7.08018" lat="40.34909"><ele>773.0</ele><time>2026-05-22T06:08:48.800Z</time></trkpt><trkpt lon="-7.08002" lat="40.348985"><ele>773.6</ele><time>2026-05-22T06:08:50.700Z</time></trkpt><trkpt lon="-7.0797" lat="40.348775"><ele>775.0</ele><time>2026-05-22T06:08:55.000Z</time></trkpt><trkpt lon="-7.07954" lat="40.34867"><ele>776.6</ele><time>2026-05-22T06:08:58.400Z</time></trkpt><trkpt lon="-7.07938" lat="40.348565"><ele>778.4</ele><time>2026-05-22T06:09:01.900Z</time></trkpt><trkpt lon="-7.07922" lat="40.34846"><ele>780.1</ele><time>2026-05-22T06:09:05.400Z</time></trkpt><trkpt lon="-7.079015" lat="40.348365"><ele>781.5</ele><time>2026-05-22T06:09:08.600Z</time></trkpt><trkpt lon="-7.07881" lat="40.34827"><ele>782.8</ele><time>2026-05-22T06:09:11.600Z</time></trkpt><trkpt lon="-7.0784" lat="40.34808"><ele>785.4</ele><time>2026-05-22T06:09:17.700Z</time></trkpt><trkpt lon="-7.078202" lat="40.348002"><ele>786.8</ele><time>2026-05-22T06:09:20.800Z</time></trkpt><trkpt lon="-7.078004" lat="40.347924"><ele>788.2</ele><time>2026-05-22T06:09:24.000Z</time></trkpt><trkpt lon="-7.077806" lat="40.347846"><ele>789.6</ele><time>2026-05-22T06:09:27.200Z</time></trkpt><trkpt lon="-7.07741" lat="40.34769"><ele>792.5</ele><time>2026-05-22T06:09:33.600Z</time></trkpt><trkpt lon="-7.07718" lat="40.34757"><ele>794.4</ele><time>2026-05-22T06:09:37.600Z</time></trkpt><trkpt lon="-7.07694" lat="40.34741"><ele>796.2</ele><time>2026-05-22T06:09:41.900Z</time></trkpt><trkpt lon="-7.07678" lat="40.3472483"><ele>797.2</ele><time>2026-05-22T06:09:44.600Z</time></trkpt><trkpt lon="-7.07662" lat="40.3470867"><ele>798.1</ele><time>2026-05-22T06:09:47.200Z</time></trkpt><trkpt lon="-7.07646" lat="40.346925"><ele>799.0</ele><time>2026-05-22T06:09:49.900Z</time></trkpt><trkpt lon="-7.0763" lat="40.3467633"><ele>800.6</ele><time>2026-05-22T06:09:53.500Z</time></trkpt><trkpt lon="-7.07614" lat="40.3466017"><ele>802.3</ele><time>2026-05-22T06:09:57.300Z</time></trkpt><trkpt lon="-7.07598" lat="40.34644"><ele>803.9</ele><time>2026-05-22T06:10:00.900Z</time></trkpt><trkpt lon="-7.0757975" lat="40.346295"><ele>805.0</ele><time>2026-05-22T06:10:03.800Z</time></trkpt><trkpt lon="-7.075615" lat="40.34615"><ele>806.0</ele><time>2026-05-22T06:10:06.700Z</time></trkpt><trkpt lon="-7.0754325" lat="40.346005"><ele>807.1</ele><time>2026-05-22T06:10:09.500Z</time></trkpt><trkpt lon="-7.07525" lat="40.34586"><ele>808.2</ele><time>2026-05-22T06:10:12.400Z</time></trkpt><trkpt lon="-7.0750942" lat="40.34573"><ele>809.5</ele><time>2026-05-22T06:10:15.500Z</time></trkpt><trkpt lon="-7.0749383" lat="40.3456"><ele>810.9</ele><time>2026-05-22T06:10:18.700Z</time></trkpt><trkpt lon="-7.0746267" lat="40.34534"><ele>813.7</ele><time>2026-05-22T06:10:24.900Z</time></trkpt><trkpt lon="-7.0744189" lat="40.3451667"><ele>814.2</ele><time>2026-05-22T06:10:27.400Z</time></trkpt><trkpt lon="-7.0742111" lat="40.3449933"><ele>814.7</ele><time>2026-05-22T06:10:29.900Z</time></trkpt><trkpt lon="-7.0740033" lat="40.34482"><ele>815.1</ele><time>2026-05-22T06:10:32.200Z</time></trkpt><trkpt lon="-7.0737955" lat="40.3446467"><ele>814.8</ele><time>2026-05-22T06:10:34.200Z</time></trkpt><trkpt lon="-7.0735878" lat="40.3444733"><ele>814.4</ele><time>2026-05-22T06:10:36.100Z</time></trkpt><trkpt lon="-7.07338" lat="40.3443"><ele>814.0</ele><time>2026-05-22T06:10:38.000Z</time></trkpt><trkpt lon="-7.07326" lat="40.34423"><ele>813.6</ele><time>2026-05-22T06:10:38.800Z</time></trkpt><trkpt lon="-7.0730067" lat="40.3441767"><ele>812.8</ele><time>2026-05-22T06:10:40.200Z</time></trkpt><trkpt lon="-7.0725" lat="40.34407"><ele>811.4</ele><time>2026-05-22T06:10:43.100Z</time></trkpt><trkpt lon="-7.0722467" lat="40.3440167"><ele>810.8</ele><time>2026-05-22T06:10:44.700Z</time></trkpt><trkpt lon="-7.07174" lat="40.34391"><ele>809.6</ele><time>2026-05-22T06:10:47.700Z</time></trkpt><trkpt lon="-7.0714275" lat="40.3437725"><ele>808.0</ele><time>2026-05-22T06:10:49.500Z</time></trkpt><trkpt lon="-7.071115" lat="40.343635"><ele>806.1</ele><time>2026-05-22T06:10:51.200Z</time></trkpt><trkpt lon="-7.0708025" lat="40.3434975"><ele>803.4</ele><time>2026-05-22T06:10:53.000Z</time></trkpt><trkpt lon="-7.07049" lat="40.34336"><ele>800.8</ele><time>2026-05-22T06:10:54.700Z</time></trkpt><trkpt lon="-7.0701725" lat="40.3432825"><ele>799.4</ele><time>2026-05-22T06:10:56.400Z</time></trkpt><trkpt lon="-7.069855" lat="40.343205"><ele>798.2</ele><time>2026-05-22T06:10:58.100Z</time></trkpt><trkpt lon="-7.0695375" lat="40.3431275"><ele>798.1</ele><time>2026-05-22T06:11:00.300Z</time></trkpt><trkpt lon="-7.06922" lat="40.34305"><ele>798.0</ele><time>2026-05-22T06:11:02.500Z</time></trkpt><trkpt lon="-7.06883" lat="40.3429"><ele>798.2</ele><time>2026-05-22T06:11:05.600Z</time></trkpt><trkpt lon="-7.0685433" lat="40.34277"><ele>797.9</ele><time>2026-05-22T06:11:07.700Z</time></trkpt><trkpt lon="-7.0682567" lat="40.34264"><ele>797.6</ele><time>2026-05-22T06:11:09.800Z</time></trkpt><trkpt lon="-7.06797" lat="40.34251"><ele>797.2</ele><time>2026-05-22T06:11:11.900Z</time></trkpt><trkpt lon="-7.0676833" lat="40.34238"><ele>796.0</ele><time>2026-05-22T06:11:13.600Z</time></trkpt><trkpt lon="-7.0673967" lat="40.34225"><ele>794.7</ele><time>2026-05-22T06:11:15.300Z</time></trkpt><trkpt lon="-7.06711" lat="40.34212"><ele>793.5</ele><time>2026-05-22T06:11:17.000Z</time></trkpt><trkpt lon="-7.06677" lat="40.3420475"><ele>793.0</ele><time>2026-05-22T06:11:19.200Z</time></trkpt><trkpt lon="-7.06643" lat="40.341975"><ele>792.5</ele><time>2026-05-22T06:11:21.300Z</time></trkpt><trkpt lon="-7.06609" lat="40.3419025"><ele>791.4</ele><time>2026-05-22T06:11:23.200Z</time></trkpt><trkpt lon="-7.06575" lat="40.34183"><ele>790.3</ele><time>2026-05-22T06:11:25.100Z</time></trkpt><trkpt lon="-7.0655067" lat="40.3417633"><ele>789.6</ele><time>2026-05-22T06:11:26.600Z</time></trkpt><trkpt lon="-7.06502" lat="40.34163"><ele>788.5</ele><time>2026-05-22T06:11:29.600Z</time></trkpt><trkpt lon="-7.0647767" lat="40.3415633"><ele>788.5</ele><time>2026-05-22T06:11:31.300Z</time></trkpt><trkpt lon="-7.06429" lat="40.34143"><ele>788.7</ele><time>2026-05-22T06:11:34.900Z</time></trkpt><trkpt lon="-7.0640533" lat="40.3413311"><ele>789.7</ele><time>2026-05-22T06:11:37.800Z</time></trkpt><trkpt lon="-7.0638167" lat="40.3412322"><ele>790.9</ele><time>2026-05-22T06:11:40.800Z</time></trkpt><trkpt lon="-7.06358" lat="40.3411333"><ele>792.2</ele><time>2026-05-22T06:11:44.100Z</time></trkpt><trkpt lon="-7.0634025" lat="40.3410592"><ele>794.1</ele><time>2026-05-22T06:11:47.700Z</time></trkpt><trkpt lon="-7.063225" lat="40.340985"><ele>796.1</ele><time>2026-05-22T06:11:51.500Z</time></trkpt><trkpt lon="-7.0630475" lat="40.3409108"><ele>798.1</ele><time>2026-05-22T06:11:55.400Z</time></trkpt><trkpt lon="-7.06287" lat="40.3408367"><ele>800.0</ele><time>2026-05-22T06:11:59.000Z</time></trkpt><trkpt lon="-7.0626925" lat="40.3407625"><ele>801.3</ele><time>2026-05-22T06:12:02.000Z</time></trkpt><trkpt lon="-7.062515" lat="40.3406883"><ele>802.6</ele><time>2026-05-22T06:12:04.700Z</time></trkpt><trkpt lon="-7.06216" lat="40.34054"><ele>805.1</ele><time>2026-05-22T06:12:10.300Z</time></trkpt><trkpt lon="-7.061925" lat="40.340495"><ele>806.7</ele><time>2026-05-22T06:12:13.900Z</time></trkpt><trkpt lon="-7.06169" lat="40.34045"><ele>808.4</ele><time>2026-05-22T06:12:17.600Z</time></trkpt><trkpt lon="-7.061455" lat="40.340405"><ele>810.1</ele><time>2026-05-22T06:12:21.200Z</time></trkpt><trkpt lon="-7.06122" lat="40.34036"><ele>811.8</ele><time>2026-05-22T06:12:25.000Z</time></trkpt><trkpt lon="-7.0610075" lat="40.3403467"><ele>813.6</ele><time>2026-05-22T06:12:28.600Z</time></trkpt><trkpt lon="-7.060795" lat="40.3403333"><ele>815.5</ele><time>2026-05-22T06:12:32.300Z</time></trkpt><trkpt lon="-7.0605825" lat="40.34032"><ele>817.3</ele><time>2026-05-22T06:12:35.900Z</time></trkpt><trkpt lon="-7.06037" lat="40.3403067"><ele>819.1</ele><time>2026-05-22T06:12:39.600Z</time></trkpt><trkpt lon="-7.0601575" lat="40.3402933"><ele>820.7</ele><time>2026-05-22T06:12:42.900Z</time></trkpt><trkpt lon="-7.059945" lat="40.34028"><ele>822.3</ele><time>2026-05-22T06:12:46.200Z</time></trkpt><trkpt lon="-7.05952" lat="40.3402533"><ele>825.3</ele><time>2026-05-22T06:12:52.700Z</time></trkpt><trkpt lon="-7.0592367" lat="40.3402356"><ele>826.6</ele><time>2026-05-22T06:12:56.000Z</time></trkpt><trkpt lon="-7.0589533" lat="40.3402178"><ele>827.8</ele><time>2026-05-22T06:12:59.300Z</time></trkpt><trkpt lon="-7.05867" lat="40.3402"><ele>829.0</ele><time>2026-05-22T06:13:02.400Z</time></trkpt><trkpt lon="-7.05845" lat="40.3401633"><ele>829.8</ele><time>2026-05-22T06:13:04.800Z</time></trkpt><trkpt lon="-7.05801" lat="40.34009"><ele>831.4</ele><time>2026-05-22T06:13:09.300Z</time></trkpt><trkpt lon="-7.0577837" lat="40.3399913"><ele>832.0</ele><time>2026-05-22T06:13:11.500Z</time></trkpt><trkpt lon="-7.0575575" lat="40.3398925"><ele>832.5</ele><time>2026-05-22T06:13:13.700Z</time></trkpt><trkpt lon="-7.057105" lat="40.339695"><ele>833.6</ele><time>2026-05-22T06:13:18.000Z</time></trkpt><trkpt lon="-7.0568787" lat="40.3395963"><ele>834.4</ele><time>2026-05-22T06:13:20.600Z</time></trkpt><trkpt lon="-7.0566525" lat="40.3394975"><ele>835.3</ele><time>2026-05-22T06:13:23.200Z</time></trkpt><trkpt lon="-7.0562" lat="40.3393"><ele>837.0</ele><time>2026-05-22T06:13:28.100Z</time></trkpt><trkpt lon="-7.055915" lat="40.3391633"><ele>836.7</ele><time>2026-05-22T06:13:30.300Z</time></trkpt><trkpt lon="-7.05563" lat="40.3390267"><ele>836.3</ele><time>2026-05-22T06:13:32.300Z</time></trkpt><trkpt lon="-7.055345" lat="40.33889"><ele>835.8</ele><time>2026-05-22T06:13:34.400Z</time></trkpt><trkpt lon="-7.05506" lat="40.3387533"><ele>835.5</ele><time>2026-05-22T06:13:36.500Z</time></trkpt><trkpt lon="-7.054775" lat="40.3386167"><ele>835.2</ele><time>2026-05-22T06:13:38.700Z</time></trkpt><trkpt lon="-7.05449" lat="40.33848"><ele>834.9</ele><time>2026-05-22T06:13:40.800Z</time></trkpt><trkpt lon="-7.05405" lat="40.33833"><ele>835.5</ele><time>2026-05-22T06:13:44.500Z</time></trkpt><trkpt lon="-7.0538417" lat="40.3383083"><ele>836.3</ele><time>2026-05-22T06:13:46.800Z</time></trkpt><trkpt lon="-7.053425" lat="40.338265"><ele>838.1</ele><time>2026-05-22T06:13:51.500Z</time></trkpt><trkpt lon="-7.0532167" lat="40.3382433"><ele>839.0</ele><time>2026-05-22T06:13:53.800Z</time></trkpt><trkpt lon="-7.0528" lat="40.3382"><ele>840.5</ele><time>2026-05-22T06:13:58.100Z</time></trkpt><trkpt lon="-7.0525267" lat="40.3381983"><ele>841.2</ele><time>2026-05-22T06:14:00.500Z</time></trkpt><trkpt lon="-7.0522533" lat="40.3381967"><ele>841.8</ele><time>2026-05-22T06:14:02.800Z</time></trkpt><trkpt lon="-7.05198" lat="40.338195"><ele>842.3</ele><time>2026-05-22T06:14:05.000Z</time></trkpt><trkpt lon="-7.0517067" lat="40.3381933"><ele>842.0</ele><time>2026-05-22T06:14:06.700Z</time></trkpt><trkpt lon="-7.05116" lat="40.33819"><ele>841.1</ele><time>2026-05-22T06:14:10.000Z</time></trkpt><trkpt lon="-7.050865" lat="40.338225"><ele>840.2</ele><time>2026-05-22T06:14:11.600Z</time></trkpt><trkpt lon="-7.05057" lat="40.33826"><ele>839.2</ele><time>2026-05-22T06:14:13.200Z</time></trkpt><trkpt lon="-7.0502567" lat="40.3383733"><ele>837.4</ele><time>2026-05-22T06:14:14.900Z</time></trkpt><trkpt lon="-7.0499433" lat="40.3384867"><ele>835.5</ele><time>2026-05-22T06:14:16.600Z</time></trkpt><trkpt lon="-7.04963" lat="40.3386"><ele>833.7</ele><time>2026-05-22T06:14:18.300Z</time></trkpt><trkpt lon="-7.04934" lat="40.338635"><ele>832.7</ele><time>2026-05-22T06:14:19.800Z</time></trkpt><trkpt lon="-7.04905" lat="40.33867"><ele>831.8</ele><time>2026-05-22T06:14:21.400Z</time></trkpt><trkpt lon="-7.048725" lat="40.3386183"><ele>831.8</ele><time>2026-05-22T06:14:23.600Z</time></trkpt><trkpt lon="-7.0484" lat="40.3385667"><ele>831.8</ele><time>2026-05-22T06:14:25.900Z</time></trkpt><trkpt lon="-7.048075" lat="40.338515"><ele>832.0</ele><time>2026-05-22T06:14:28.300Z</time></trkpt><trkpt lon="-7.0478312" lat="40.3384763"><ele>832.7</ele><time>2026-05-22T06:14:30.600Z</time></trkpt><trkpt lon="-7.0475875" lat="40.3384375"><ele>833.4</ele><time>2026-05-22T06:14:32.900Z</time></trkpt><trkpt lon="-7.0471" lat="40.33836"><ele>835.1</ele><time>2026-05-22T06:14:37.900Z</time></trkpt><trkpt lon="-7.04688" lat="40.3383633"><ele>836.6</ele><time>2026-05-22T06:14:41.100Z</time></trkpt><trkpt lon="-7.04666" lat="40.3383667"><ele>838.2</ele><time>2026-05-22T06:14:44.500Z</time></trkpt><trkpt lon="-7.04644" lat="40.33837"><ele>839.7</ele><time>2026-05-22T06:14:47.800Z</time></trkpt><trkpt lon="-7.0461783" lat="40.3384275"><ele>840.7</ele><time>2026-05-22T06:14:50.600Z</time></trkpt><trkpt lon="-7.0459167" lat="40.338485"><ele>841.6</ele><time>2026-05-22T06:14:53.200Z</time></trkpt><trkpt lon="-7.045655" lat="40.3385425"><ele>842.5</ele><time>2026-05-22T06:14:55.900Z</time></trkpt><trkpt lon="-7.0453933" lat="40.3386"><ele>843.4</ele><time>2026-05-22T06:14:58.500Z</time></trkpt><trkpt lon="-7.0451317" lat="40.3386575"><ele>844.4</ele><time>2026-05-22T06:15:01.400Z</time></trkpt><trkpt lon="-7.04487" lat="40.338715"><ele>845.4</ele><time>2026-05-22T06:15:04.200Z</time></trkpt><trkpt lon="-7.0446083" lat="40.3387725"><ele>846.5</ele><time>2026-05-22T06:15:07.100Z</time></trkpt><trkpt lon="-7.0443467" lat="40.33883"><ele>847.5</ele><time>2026-05-22T06:15:09.900Z</time></trkpt><trkpt lon="-7.044085" lat="40.3388875"><ele>848.3</ele><time>2026-05-22T06:15:12.500Z</time></trkpt><trkpt lon="-7.0438233" lat="40.338945"><ele>849.1</ele><time>2026-05-22T06:15:15.100Z</time></trkpt><trkpt lon="-7.0433" lat="40.33906"><ele>850.8</ele><time>2026-05-22T06:15:20.200Z</time></trkpt><trkpt lon="-7.04303" lat="40.339025"><ele>851.9</ele><time>2026-05-22T06:15:23.200Z</time></trkpt><trkpt lon="-7.04276" lat="40.33899"><ele>853.1</ele><time>2026-05-22T06:15:26.300Z</time></trkpt><trkpt lon="-7.04258" lat="40.3389133"><ele>854.1</ele><time>2026-05-22T06:15:28.800Z</time></trkpt><trkpt lon="-7.04222" lat="40.33876"><ele>856.1</ele><time>2026-05-22T06:15:33.700Z</time></trkpt><trkpt lon="-7.04201" lat="40.3386933"><ele>856.8</ele><time>2026-05-22T06:15:35.900Z</time></trkpt><trkpt lon="-7.04159" lat="40.33856"><ele>858.1</ele><time>2026-05-22T06:15:40.000Z</time></trkpt><trkpt lon="-7.04133" lat="40.33855"><ele>858.4</ele><time>2026-05-22T06:15:42.000Z</time></trkpt><trkpt lon="-7.04107" lat="40.33854"><ele>858.7</ele><time>2026-05-22T06:15:44.000Z</time></trkpt><trkpt lon="-7.0408155" lat="40.3386045"><ele>858.5</ele><time>2026-05-22T06:15:45.700Z</time></trkpt><trkpt lon="-7.040561" lat="40.338669"><ele>858.3</ele><time>2026-05-22T06:15:47.400Z</time></trkpt><trkpt lon="-7.040052" lat="40.338798"><ele>857.9</ele><time>2026-05-22T06:15:50.900Z</time></trkpt><trkpt lon="-7.0397975" lat="40.3388625"><ele>858.0</ele><time>2026-05-22T06:15:52.800Z</time></trkpt><trkpt lon="-7.039543" lat="40.338927"><ele>858.2</ele><time>2026-05-22T06:15:54.700Z</time></trkpt><trkpt lon="-7.039034" lat="40.339056"><ele>858.5</ele><time>2026-05-22T06:15:58.600Z</time></trkpt><trkpt lon="-7.0387795" lat="40.3391205"><ele>858.8</ele><time>2026-05-22T06:16:00.600Z</time></trkpt><trkpt lon="-7.038525" lat="40.339185"><ele>859.1</ele><time>2026-05-22T06:16:02.700Z</time></trkpt><trkpt lon="-7.038016" lat="40.339314"><ele>859.7</ele><time>2026-05-22T06:16:06.800Z</time></trkpt><trkpt lon="-7.0377615" lat="40.3393785"><ele>859.9</ele><time>2026-05-22T06:16:08.700Z</time></trkpt><trkpt lon="-7.037507" lat="40.339443"><ele>860.0</ele><time>2026-05-22T06:16:10.600Z</time></trkpt><trkpt lon="-7.036998" lat="40.339572"><ele>860.3</ele><time>2026-05-22T06:16:14.400Z</time></trkpt><trkpt lon="-7.0367435" lat="40.3396365"><ele>860.5</ele><time>2026-05-22T06:16:16.400Z</time></trkpt><trkpt lon="-7.036489" lat="40.339701"><ele>860.7</ele><time>2026-05-22T06:16:18.300Z</time></trkpt><trkpt lon="-7.03598" lat="40.33983"><ele>861.1</ele><time>2026-05-22T06:16:22.300Z</time></trkpt><trkpt lon="-7.035695" lat="40.3398238"><ele>861.6</ele><time>2026-05-22T06:16:24.600Z</time></trkpt><trkpt lon="-7.03541" lat="40.3398175"><ele>862.2</ele><time>2026-05-22T06:16:27.000Z</time></trkpt><trkpt lon="-7.035125" lat="40.3398113"><ele>862.8</ele><time>2026-05-22T06:16:29.300Z</time></trkpt><trkpt lon="-7.03484" lat="40.339805"><ele>863.4</ele><time>2026-05-22T06:16:31.800Z</time></trkpt><trkpt lon="-7.034555" lat="40.3397988"><ele>864.4</ele><time>2026-05-22T06:16:34.600Z</time></trkpt><trkpt lon="-7.03427" lat="40.3397925"><ele>865.4</ele><time>2026-05-22T06:16:37.500Z</time></trkpt><trkpt lon="-7.033985" lat="40.3397863"><ele>866.5</ele><time>2026-05-22T06:16:40.500Z</time></trkpt><trkpt lon="-7.0337" lat="40.33978"><ele>867.5</ele><time>2026-05-22T06:16:43.400Z</time></trkpt><trkpt lon="-7.033415" lat="40.3397738"><ele>868.4</ele><time>2026-05-22T06:16:46.200Z</time></trkpt><trkpt lon="-7.03313" lat="40.3397675"><ele>869.4</ele><time>2026-05-22T06:16:49.000Z</time></trkpt><trkpt lon="-7.032845" lat="40.3397613"><ele>870.4</ele><time>2026-05-22T06:16:51.800Z</time></trkpt><trkpt lon="-7.03256" lat="40.339755"><ele>871.2</ele><time>2026-05-22T06:16:54.500Z</time></trkpt><trkpt lon="-7.032275" lat="40.3397488"><ele>871.1</ele><time>2026-05-22T06:16:56.300Z</time></trkpt><trkpt lon="-7.03199" lat="40.3397425"><ele>870.9</ele><time>2026-05-22T06:16:58.200Z</time></trkpt><trkpt lon="-7.03142" lat="40.33973"><ele>870.4</ele><time>2026-05-22T06:17:01.800Z</time></trkpt><trkpt lon="-7.03112" lat="40.33975"><ele>870.2</ele><time>2026-05-22T06:17:03.700Z</time></trkpt><trkpt lon="-7.0308767" lat="40.3397808"><ele>870.7</ele><time>2026-05-22T06:17:05.700Z</time></trkpt><trkpt lon="-7.0306333" lat="40.3398117"><ele>871.2</ele><time>2026-05-22T06:17:07.800Z</time></trkpt><trkpt lon="-7.0301467" lat="40.3398734"><ele>872.3</ele><time>2026-05-22T06:17:12.000Z</time></trkpt><trkpt lon="-7.0299033" lat="40.3399042"><ele>873.0</ele><time>2026-05-22T06:17:14.200Z</time></trkpt><trkpt lon="-7.02966" lat="40.339935"><ele>873.7</ele><time>2026-05-22T06:17:16.500Z</time></trkpt><trkpt lon="-7.0291733" lat="40.3399967"><ele>875.1</ele><time>2026-05-22T06:17:21.000Z</time></trkpt><trkpt lon="-7.02893" lat="40.3400275"><ele>875.7</ele><time>2026-05-22T06:17:23.200Z</time></trkpt><trkpt lon="-7.0286867" lat="40.3400584"><ele>876.3</ele><time>2026-05-22T06:17:25.300Z</time></trkpt><trkpt lon="-7.0282" lat="40.34012"><ele>877.4</ele><time>2026-05-22T06:17:29.500Z</time></trkpt><trkpt lon="-7.0279567" lat="40.3401509"><ele>878.1</ele><time>2026-05-22T06:17:31.800Z</time></trkpt><trkpt lon="-7.0277133" lat="40.3401817"><ele>878.9</ele><time>2026-05-22T06:17:34.100Z</time></trkpt><trkpt lon="-7.0272267" lat="40.3402434"><ele>880.3</ele><time>2026-05-22T06:17:38.600Z</time></trkpt><trkpt lon="-7.0269022" lat="40.3402845"><ele>880.8</ele><time>2026-05-22T06:17:41.200Z</time></trkpt><trkpt lon="-7.0265778" lat="40.3403256"><ele>881.3</ele><time>2026-05-22T06:17:43.800Z</time></trkpt><trkpt lon="-7.0262533" lat="40.3403667"><ele>881.7</ele><time>2026-05-22T06:17:46.400Z</time></trkpt><trkpt lon="-7.0259289" lat="40.3404078"><ele>881.1</ele><time>2026-05-22T06:17:48.300Z</time></trkpt><trkpt lon="-7.0256044" lat="40.3404489"><ele>880.4</ele><time>2026-05-22T06:17:50.200Z</time></trkpt><trkpt lon="-7.02528" lat="40.34049"><ele>879.6</ele><time>2026-05-22T06:17:52.100Z</time></trkpt><trkpt lon="-7.02484" lat="40.34049"><ele>878.0</ele><time>2026-05-22T06:17:54.300Z</time></trkpt><trkpt lon="-7.02441" lat="40.34036"><ele>877.1</ele><time>2026-05-22T06:17:57.000Z</time></trkpt><trkpt lon="-7.02417" lat="40.34025"><ele>876.8</ele><time>2026-05-22T06:17:58.800Z</time></trkpt><trkpt lon="-7.02387" lat="40.33997"><ele>876.7</ele><time>2026-05-22T06:18:01.900Z</time></trkpt><trkpt lon="-7.0237617" lat="40.3398117"><ele>877.1</ele><time>2026-05-22T06:18:03.800Z</time></trkpt><trkpt lon="-7.023545" lat="40.339495"><ele>878.2</ele><time>2026-05-22T06:18:07.800Z</time></trkpt><trkpt lon="-7.0234367" lat="40.3393367"><ele>879.2</ele><time>2026-05-22T06:18:10.500Z</time></trkpt><trkpt lon="-7.02322" lat="40.33902"><ele>881.4</ele><time>2026-05-22T06:18:16.100Z</time></trkpt><trkpt lon="-7.02301" lat="40.33887"><ele>882.3</ele><time>2026-05-22T06:18:18.700Z</time></trkpt><trkpt lon="-7.0228" lat="40.33872"><ele>883.1</ele><time>2026-05-22T06:18:21.300Z</time></trkpt><trkpt lon="-7.02273" lat="40.33866"><ele>883.4</ele><time>2026-05-22T06:18:22.300Z</time></trkpt><trkpt lon="-7.02244" lat="40.33852"><ele>884.0</ele><time>2026-05-22T06:18:25.100Z</time></trkpt><trkpt lon="-7.02221" lat="40.3384338"><ele>884.5</ele><time>2026-05-22T06:18:27.200Z</time></trkpt><trkpt lon="-7.02198" lat="40.3383475"><ele>884.9</ele><time>2026-05-22T06:18:29.200Z</time></trkpt><trkpt lon="-7.02152" lat="40.338175"><ele>885.8</ele><time>2026-05-22T06:18:33.300Z</time></trkpt><trkpt lon="-7.02129" lat="40.3380888"><ele>886.1</ele><time>2026-05-22T06:18:35.300Z</time></trkpt><trkpt lon="-7.02106" lat="40.3380025"><ele>886.5</ele><time>2026-05-22T06:18:37.300Z</time></trkpt><trkpt lon="-7.0206" lat="40.33783"><ele>887.1</ele><time>2026-05-22T06:18:41.200Z</time></trkpt><trkpt lon="-7.02037" lat="40.3377438"><ele>887.5</ele><time>2026-05-22T06:18:43.200Z</time></trkpt><trkpt lon="-7.02014" lat="40.3376575"><ele>887.9</ele><time>2026-05-22T06:18:45.300Z</time></trkpt><trkpt lon="-7.01968" lat="40.337485"><ele>888.6</ele><time>2026-05-22T06:18:49.200Z</time></trkpt><trkpt lon="-7.0193733" lat="40.33737"><ele>888.9</ele><time>2026-05-22T06:18:51.800Z</time></trkpt><trkpt lon="-7.0190667" lat="40.337255"><ele>889.1</ele><time>2026-05-22T06:18:54.300Z</time></trkpt><trkpt lon="-7.01876" lat="40.33714"><ele>889.4</ele><time>2026-05-22T06:18:56.800Z</time></trkpt><trkpt lon="-7.018505" lat="40.33708"><ele>889.6</ele><time>2026-05-22T06:18:58.800Z</time></trkpt><trkpt lon="-7.01825" lat="40.33702"><ele>889.9</ele><time>2026-05-22T06:19:00.800Z</time></trkpt><trkpt lon="-7.017985" lat="40.336975"><ele>890.4</ele><time>2026-05-22T06:19:03.000Z</time></trkpt><trkpt lon="-7.01772" lat="40.33693"><ele>890.9</ele><time>2026-05-22T06:19:05.200Z</time></trkpt><trkpt lon="-7.01719" lat="40.33684"><ele>891.9</ele><time>2026-05-22T06:19:09.600Z</time></trkpt><trkpt lon="-7.016925" lat="40.336795"><ele>892.4</ele><time>2026-05-22T06:19:11.800Z</time></trkpt><trkpt lon="-7.01666" lat="40.33675"><ele>892.9</ele><time>2026-05-22T06:19:14.100Z</time></trkpt><trkpt lon="-7.01613" lat="40.33666"><ele>893.8</ele><time>2026-05-22T06:19:18.400Z</time></trkpt><trkpt lon="-7.0158075" lat="40.3365475"><ele>892.4</ele><time>2026-05-22T06:19:20.200Z</time></trkpt><trkpt lon="-7.015485" lat="40.336435"><ele>890.6</ele><time>2026-05-22T06:19:22.000Z</time></trkpt><trkpt lon="-7.0151625" lat="40.3363225"><ele>886.9</ele><time>2026-05-22T06:19:23.900Z</time></trkpt><trkpt lon="-7.01484" lat="40.33621"><ele>883.3</ele><time>2026-05-22T06:19:25.900Z</time></trkpt><trkpt lon="-7.014595" lat="40.3361125"><ele>882.3</ele><time>2026-05-22T06:19:27.300Z</time></trkpt><trkpt lon="-7.01435" lat="40.336015"><ele>881.5</ele><time>2026-05-22T06:19:28.800Z</time></trkpt><trkpt lon="-7.01386" lat="40.33582"><ele>879.9</ele><time>2026-05-22T06:19:31.900Z</time></trkpt><trkpt lon="-7.0136117" lat="40.3356842"><ele>879.3</ele><time>2026-05-22T06:19:33.600Z</time></trkpt><trkpt lon="-7.0133633" lat="40.3355483"><ele>878.6</ele><time>2026-05-22T06:19:35.400Z</time></trkpt><trkpt lon="-7.013115" lat="40.3354125"><ele>877.9</ele><time>2026-05-22T06:19:37.100Z</time></trkpt><trkpt lon="-7.0128667" lat="40.3352767"><ele>877.2</ele><time>2026-05-22T06:19:38.900Z</time></trkpt><trkpt lon="-7.0126183" lat="40.3351408"><ele>876.5</ele><time>2026-05-22T06:19:40.600Z</time></trkpt><trkpt lon="-7.01237" lat="40.335005"><ele>875.8</ele><time>2026-05-22T06:19:42.400Z</time></trkpt><trkpt lon="-7.0121216" lat="40.3348692"><ele>875.5</ele><time>2026-05-22T06:19:44.300Z</time></trkpt><trkpt lon="-7.0118733" lat="40.3347333"><ele>875.4</ele><time>2026-05-22T06:19:46.300Z</time></trkpt><trkpt lon="-7.011625" lat="40.3345975"><ele>875.2</ele><time>2026-05-22T06:19:48.300Z</time></trkpt><trkpt lon="-7.0113767" lat="40.3344617"><ele>875.3</ele><time>2026-05-22T06:19:50.400Z</time></trkpt><trkpt lon="-7.0111283" lat="40.3343258"><ele>875.4</ele><time>2026-05-22T06:19:52.500Z</time></trkpt><trkpt lon="-7.01088" lat="40.33419"><ele>875.5</ele><time>2026-05-22T06:19:54.700Z</time></trkpt><trkpt lon="-7.01057" lat="40.33407"><ele>876.2</ele><time>2026-05-22T06:19:57.500Z</time></trkpt><trkpt lon="-7.01027" lat="40.33402"><ele>877.1</ele><time>2026-05-22T06:20:00.400Z</time></trkpt><trkpt lon="-7.01" lat="40.33402"><ele>878.3</ele><time>2026-05-22T06:20:03.500Z</time></trkpt><trkpt lon="-7.00973" lat="40.33402"><ele>879.5</ele><time>2026-05-22T06:20:06.700Z</time></trkpt><trkpt lon="-7.00946" lat="40.33402"><ele>880.8</ele><time>2026-05-22T06:20:09.800Z</time></trkpt><trkpt lon="-7.00919" lat="40.33402"><ele>881.9</ele><time>2026-05-22T06:20:12.900Z</time></trkpt><trkpt lon="-7.00892" lat="40.33402"><ele>882.1</ele><time>2026-05-22T06:20:14.800Z</time></trkpt><trkpt lon="-7.00865" lat="40.33402"><ele>882.1</ele><time>2026-05-22T06:20:16.600Z</time></trkpt><trkpt lon="-7.00811" lat="40.33402"><ele>882.0</ele><time>2026-05-22T06:20:20.200Z</time></trkpt><trkpt lon="-7.00787" lat="40.33396"><ele>881.2</ele><time>2026-05-22T06:20:21.600Z</time></trkpt><trkpt lon="-7.0075967" lat="40.3338508"><ele>880.5</ele><time>2026-05-22T06:20:23.300Z</time></trkpt><trkpt lon="-7.0073233" lat="40.3337417"><ele>879.8</ele><time>2026-05-22T06:20:25.100Z</time></trkpt><trkpt lon="-7.00705" lat="40.3336325"><ele>879.2</ele><time>2026-05-22T06:20:26.900Z</time></trkpt><trkpt lon="-7.0067767" lat="40.3335233"><ele>878.9</ele><time>2026-05-22T06:20:28.800Z</time></trkpt><trkpt lon="-7.0065033" lat="40.3334142"><ele>878.6</ele><time>2026-05-22T06:20:30.800Z</time></trkpt><trkpt lon="-7.00623" lat="40.333305"><ele>878.2</ele><time>2026-05-22T06:20:32.700Z</time></trkpt><trkpt lon="-7.0059567" lat="40.3331958"><ele>877.3</ele><time>2026-05-22T06:20:34.400Z</time></trkpt><trkpt lon="-7.0056833" lat="40.3330867"><ele>876.2</ele><time>2026-05-22T06:20:36.000Z</time></trkpt><trkpt lon="-7.00541" lat="40.3329775"><ele>875.1</ele><time>2026-05-22T06:20:37.600Z</time></trkpt><trkpt lon="-7.0051367" lat="40.3328683"><ele>873.8</ele><time>2026-05-22T06:20:39.100Z</time></trkpt><trkpt lon="-7.0048633" lat="40.3327592"><ele>872.4</ele><time>2026-05-22T06:20:40.700Z</time></trkpt><trkpt lon="-7.00459" lat="40.33265"><ele>871.1</ele><time>2026-05-22T06:20:42.200Z</time></trkpt><trkpt lon="-7.00425" lat="40.3325958"><ele>870.8</ele><time>2026-05-22T06:20:44.400Z</time></trkpt><trkpt lon="-7.00391" lat="40.3325417"><ele>870.6</ele><time>2026-05-22T06:20:46.700Z</time></trkpt><trkpt lon="-7.00357" lat="40.3324875"><ele>870.5</ele><time>2026-05-22T06:20:49.000Z</time></trkpt><trkpt lon="-7.003315" lat="40.3324469"><ele>871.0</ele><time>2026-05-22T06:20:51.100Z</time></trkpt><trkpt lon="-7.00306" lat="40.3324063"><ele>871.5</ele><time>2026-05-22T06:20:53.200Z</time></trkpt><trkpt lon="-7.00255" lat="40.332325"><ele>872.5</ele><time>2026-05-22T06:20:57.500Z</time></trkpt><trkpt lon="-7.002295" lat="40.3322844"><ele>872.8</ele><time>2026-05-22T06:20:59.500Z</time></trkpt><trkpt lon="-7.00204" lat="40.3322438"><ele>873.1</ele><time>2026-05-22T06:21:01.500Z</time></trkpt><trkpt lon="-7.00153" lat="40.3321625"><ele>873.8</ele><time>2026-05-22T06:21:05.500Z</time></trkpt><trkpt lon="-7.00119" lat="40.3321083"><ele>873.9</ele><time>2026-05-22T06:21:07.900Z</time></trkpt><trkpt lon="-7.00085" lat="40.3320542"><ele>873.9</ele><time>2026-05-22T06:21:10.300Z</time></trkpt><trkpt lon="-7.00051" lat="40.332"><ele>873.8</ele><time>2026-05-22T06:21:12.600Z</time></trkpt><trkpt lon="-7.000215" lat="40.332005"><ele>872.8</ele><time>2026-05-22T06:21:14.100Z</time></trkpt><trkpt lon="-6.99992" lat="40.33201"><ele>871.7</ele><time>2026-05-22T06:21:15.600Z</time></trkpt><trkpt lon="-6.999625" lat="40.332015"><ele>870.6</ele><time>2026-05-22T06:21:17.200Z</time></trkpt><trkpt lon="-6.99933" lat="40.33202"><ele>869.5</ele><time>2026-05-22T06:21:18.700Z</time></trkpt><trkpt lon="-6.99913" lat="40.33197"><ele>868.8</ele><time>2026-05-22T06:21:19.800Z</time></trkpt><trkpt lon="-6.999" lat="40.33187"><ele>868.1</ele><time>2026-05-22T06:21:20.700Z</time></trkpt><trkpt lon="-6.99875" lat="40.33155"><ele>867.2</ele><time>2026-05-22T06:21:23.600Z</time></trkpt><trkpt lon="-6.9986483" lat="40.331375"><ele>866.5</ele><time>2026-05-22T06:21:25.000Z</time></trkpt><trkpt lon="-6.998445" lat="40.331025"><ele>865.1</ele><time>2026-05-22T06:21:27.800Z</time></trkpt><trkpt lon="-6.9983433" lat="40.33085"><ele>864.6</ele><time>2026-05-22T06:21:29.200Z</time></trkpt><trkpt lon="-6.99814" lat="40.3305"><ele>863.7</ele><time>2026-05-22T06:21:32.200Z</time></trkpt><trkpt lon="-6.99811" lat="40.33029"><ele>864.0</ele><time>2026-05-22T06:21:34.300Z</time></trkpt><trkpt lon="-6.9981583" lat="40.3300883"><ele>865.1</ele><time>2026-05-22T06:21:37.200Z</time></trkpt><trkpt lon="-6.9982067" lat="40.3298867"><ele>866.2</ele><time>2026-05-22T06:21:40.300Z</time></trkpt><trkpt lon="-6.998255" lat="40.329685"><ele>867.4</ele><time>2026-05-22T06:21:43.300Z</time></trkpt><trkpt lon="-6.9983033" lat="40.3294833"><ele>868.6</ele><time>2026-05-22T06:21:46.400Z</time></trkpt><trkpt lon="-6.9983517" lat="40.3292817"><ele>869.8</ele><time>2026-05-22T06:21:49.500Z</time></trkpt><trkpt lon="-6.9984" lat="40.32908"><ele>870.9</ele><time>2026-05-22T06:21:52.500Z</time></trkpt><trkpt lon="-6.9984067" lat="40.3288778"><ele>871.4</ele><time>2026-05-22T06:21:54.600Z</time></trkpt><trkpt lon="-6.99842" lat="40.3284733"><ele>872.2</ele><time>2026-05-22T06:21:58.800Z</time></trkpt><trkpt lon="-6.9984267" lat="40.3282711"><ele>871.5</ele><time>2026-05-22T06:22:00.300Z</time></trkpt><trkpt lon="-6.99844" lat="40.3278667"><ele>869.9</ele><time>2026-05-22T06:22:03.200Z</time></trkpt><trkpt lon="-6.9984467" lat="40.3276644"><ele>868.9</ele><time>2026-05-22T06:22:04.500Z</time></trkpt><trkpt lon="-6.99846" lat="40.32726"><ele>866.7</ele><time>2026-05-22T06:22:07.200Z</time></trkpt><trkpt lon="-6.9985175" lat="40.327025"><ele>865.8</ele><time>2026-05-22T06:22:08.900Z</time></trkpt><trkpt lon="-6.998575" lat="40.32679"><ele>864.9</ele><time>2026-05-22T06:22:10.600Z</time></trkpt><trkpt lon="-6.9986325" lat="40.326555"><ele>864.3</ele><time>2026-05-22T06:22:12.400Z</time></trkpt><trkpt lon="-6.99869" lat="40.32632"><ele>864.0</ele><time>2026-05-22T06:22:14.400Z</time></trkpt><trkpt lon="-6.998455" lat="40.3263"><ele>865.6</ele><time>2026-05-22T06:22:17.900Z</time></trkpt><trkpt lon="-6.99822" lat="40.32628"><ele>867.4</ele><time>2026-05-22T06:22:21.800Z</time></trkpt><trkpt lon="-6.99798" lat="40.32627"><ele>868.9</ele><time>2026-05-22T06:22:25.100Z</time></trkpt><trkpt lon="-6.99774" lat="40.32626"><ele>870.3</ele><time>2026-05-22T06:22:28.400Z</time></trkpt><trkpt lon="-6.9975" lat="40.32625"><ele>871.8</ele><time>2026-05-22T06:22:31.600Z</time></trkpt><trkpt lon="-6.99726" lat="40.32624"><ele>873.2</ele><time>2026-05-22T06:22:34.900Z</time></trkpt><trkpt lon="-6.99702" lat="40.32623"><ele>874.6</ele><time>2026-05-22T06:22:38.100Z</time></trkpt><trkpt lon="-6.99678" lat="40.32622"><ele>875.8</ele><time>2026-05-22T06:22:41.000Z</time></trkpt><trkpt lon="-6.996515" lat="40.326275"><ele>875.2</ele><time>2026-05-22T06:22:42.600Z</time></trkpt><trkpt lon="-6.99625" lat="40.32633"><ele>874.0</ele><time>2026-05-22T06:22:43.900Z</time></trkpt><trkpt lon="-6.99628" lat="40.32623"><ele>872.7</ele><time>2026-05-22T06:22:44.700Z</time></trkpt><trkpt lon="-6.9962" lat="40.32597"><ele>870.7</ele><time>2026-05-22T06:22:46.400Z</time></trkpt><trkpt lon="-6.99641" lat="40.3257575"><ele>868.1</ele><time>2026-05-22T06:22:48.000Z</time></trkpt><trkpt lon="-6.99662" lat="40.325545"><ele>865.6</ele><time>2026-05-22T06:22:49.700Z</time></trkpt><trkpt lon="-6.99683" lat="40.3253325"><ele>864.1</ele><time>2026-05-22T06:22:51.400Z</time></trkpt><trkpt lon="-6.99704" lat="40.32512"><ele>862.7</ele><time>2026-05-22T06:22:53.200Z</time></trkpt><trkpt lon="-6.997235" lat="40.324905"><ele>861.3</ele><time>2026-05-22T06:22:54.900Z</time></trkpt><trkpt lon="-6.99743" lat="40.32469"><ele>859.9</ele><time>2026-05-22T06:22:56.700Z</time></trkpt><trkpt lon="-6.99741" lat="40.32464"><ele>859.8</ele><time>2026-05-22T06:22:57.100Z</time></trkpt><trkpt lon="-6.99757" lat="40.32468"><ele>859.5</ele><time>2026-05-22T06:22:58.100Z</time></trkpt><trkpt lon="-6.99779" lat="40.32452"><ele>858.5</ele><time>2026-05-22T06:22:59.700Z</time></trkpt><trkpt lon="-6.99793" lat="40.32452"><ele>857.2</ele><time>2026-05-22T06:23:00.500Z</time></trkpt><trkpt lon="-6.9981667" lat="40.3244333"><ele>854.0</ele><time>2026-05-22T06:23:01.900Z</time></trkpt><trkpt lon="-6.99864" lat="40.32426"><ele>847.9</ele><time>2026-05-22T06:23:04.700Z</time></trkpt><trkpt lon="-6.9986" lat="40.32417"><ele>847.5</ele><time>2026-05-22T06:23:05.400Z</time></trkpt><trkpt lon="-6.99882" lat="40.32385"><ele>847.2</ele><time>2026-05-22T06:23:08.400Z</time></trkpt><trkpt lon="-6.99884" lat="40.323645"><ele>847.1</ele><time>2026-05-22T06:23:10.200Z</time></trkpt><trkpt lon="-6.99886" lat="40.32344"><ele>847.1</ele><time>2026-05-22T06:23:12.000Z</time></trkpt><trkpt lon="-6.9988" lat="40.32337"><ele>847.0</ele><time>2026-05-22T06:23:12.700Z</time></trkpt><trkpt lon="-6.99861" lat="40.32314"><ele>846.7</ele><time>2026-05-22T06:23:15.000Z</time></trkpt><trkpt lon="-6.99858" lat="40.32307"><ele>846.3</ele><time>2026-05-22T06:23:15.500Z</time></trkpt><trkpt lon="-6.99853" lat="40.32285"><ele>845.6</ele><time>2026-05-22T06:23:17.200Z</time></trkpt><trkpt lon="-6.99856" lat="40.32263"><ele>844.6</ele><time>2026-05-22T06:23:18.700Z</time></trkpt><trkpt lon="-6.99854" lat="40.32239"><ele>842.2</ele><time>2026-05-22T06:23:20.200Z</time></trkpt><trkpt lon="-6.99854" lat="40.32226"><ele>839.8</ele><time>2026-05-22T06:23:21.100Z</time></trkpt><trkpt lon="-6.99872" lat="40.32188"><ele>837.1</ele><time>2026-05-22T06:23:23.700Z</time></trkpt><trkpt lon="-6.998795" lat="40.321675"><ele>835.8</ele><time>2026-05-22T06:23:25.100Z</time></trkpt><trkpt lon="-6.99887" lat="40.32147"><ele>834.4</ele><time>2026-05-22T06:23:26.500Z</time></trkpt><trkpt lon="-6.999" lat="40.32123"><ele>832.7</ele><time>2026-05-22T06:23:28.100Z</time></trkpt><trkpt lon="-6.99909" lat="40.32086"><ele>831.3</ele><time>2026-05-22T06:23:30.800Z</time></trkpt><trkpt lon="-6.9991" lat="40.32061"><ele>830.2</ele><time>2026-05-22T06:23:32.600Z</time></trkpt><trkpt lon="-6.99915" lat="40.32047"><ele>830.0</ele><time>2026-05-22T06:23:33.800Z</time></trkpt><trkpt lon="-6.9993375" lat="40.3202675"><ele>830.3</ele><time>2026-05-22T06:23:36.200Z</time></trkpt><trkpt lon="-6.999525" lat="40.320065"><ele>830.7</ele><time>2026-05-22T06:23:38.700Z</time></trkpt><trkpt lon="-6.99965" lat="40.31993"><ele>831.4</ele><time>2026-05-22T06:23:40.800Z</time></trkpt><trkpt lon="-6.9999" lat="40.31966"><ele>832.9</ele><time>2026-05-22T06:23:45.200Z</time></trkpt><trkpt lon="-7.00003" lat="40.31947"><ele>833.7</ele><time>2026-05-22T06:23:47.700Z</time></trkpt><trkpt lon="-7.00013" lat="40.31923"><ele>834.7</ele><time>2026-05-22T06:23:50.900Z</time></trkpt><trkpt lon="-7.000235" lat="40.31903"><ele>836.0</ele><time>2026-05-22T06:23:54.100Z</time></trkpt><trkpt lon="-7.00034" lat="40.31883"><ele>837.3</ele><time>2026-05-22T06:23:57.500Z</time></trkpt><trkpt lon="-7.00038" lat="40.31869"><ele>838.4</ele><time>2026-05-22T06:23:59.900Z</time></trkpt><trkpt lon="-7.00046" lat="40.31841"><ele>840.4</ele><time>2026-05-22T06:24:04.700Z</time></trkpt><trkpt lon="-7.00044" lat="40.31811"><ele>840.2</ele><time>2026-05-22T06:24:07.200Z</time></trkpt><trkpt lon="-7.000365" lat="40.317835"><ele>838.2</ele><time>2026-05-22T06:24:09.000Z</time></trkpt><trkpt lon="-7.00029" lat="40.31756"><ele>835.9</ele><time>2026-05-22T06:24:10.800Z</time></trkpt><trkpt lon="-7.00025" lat="40.317325"><ele>833.8</ele><time>2026-05-22T06:24:12.300Z</time></trkpt><trkpt lon="-7.00021" lat="40.31709"><ele>831.7</ele><time>2026-05-22T06:24:13.800Z</time></trkpt><trkpt lon="-7.00017" lat="40.316855"><ele>830.6</ele><time>2026-05-22T06:24:15.400Z</time></trkpt><trkpt lon="-7.00013" lat="40.31662"><ele>829.6</ele><time>2026-05-22T06:24:17.000Z</time></trkpt><trkpt lon="-7.00012" lat="40.3164"><ele>827.9</ele><time>2026-05-22T06:24:18.400Z</time></trkpt><trkpt lon="-7.00011" lat="40.31618"><ele>826.1</ele><time>2026-05-22T06:24:19.800Z</time></trkpt><trkpt lon="-7.00015" lat="40.31599"><ele>824.0</ele><time>2026-05-22T06:24:21.100Z</time></trkpt><trkpt lon="-7.00013" lat="40.31583"><ele>821.6</ele><time>2026-05-22T06:24:22.200Z</time></trkpt><trkpt lon="-7.00001" lat="40.31556"><ele>818.5</ele><time>2026-05-22T06:24:24.200Z</time></trkpt><trkpt lon="-6.99999" lat="40.31538"><ele>817.1</ele><time>2026-05-22T06:24:25.300Z</time></trkpt><trkpt lon="-7.0000667" lat="40.3151167"><ele>815.9</ele><time>2026-05-22T06:24:27.200Z</time></trkpt><trkpt lon="-7.0001433" lat="40.3148533"><ele>814.8</ele><time>2026-05-22T06:24:29.100Z</time></trkpt><trkpt lon="-7.00022" lat="40.31459"><ele>813.8</ele><time>2026-05-22T06:24:31.000Z</time></trkpt><trkpt lon="-7.0002167" lat="40.3144"><ele>813.6</ele><time>2026-05-22T06:24:32.600Z</time></trkpt><trkpt lon="-7.00021" lat="40.31402"><ele>813.4</ele><time>2026-05-22T06:24:35.900Z</time></trkpt><trkpt lon="-7.0002525" lat="40.31378"><ele>813.3</ele><time>2026-05-22T06:24:38.000Z</time></trkpt><trkpt lon="-7.000295" lat="40.31354"><ele>813.2</ele><time>2026-05-22T06:24:40.000Z</time></trkpt><trkpt lon="-7.0003375" lat="40.3133"><ele>813.5</ele><time>2026-05-22T06:24:42.500Z</time></trkpt><trkpt lon="-7.00038" lat="40.31306"><ele>813.9</ele><time>2026-05-22T06:24:44.900Z</time></trkpt><trkpt lon="-7.00068" lat="40.313045"><ele>814.3</ele><time>2026-05-22T06:24:47.200Z</time></trkpt><trkpt lon="-7.00098" lat="40.31303"><ele>814.6</ele><time>2026-05-22T06:24:49.500Z</time></trkpt><trkpt lon="-7.00133" lat="40.31309"><ele>814.1</ele><time>2026-05-22T06:24:51.700Z</time></trkpt><trkpt lon="-7.00163" lat="40.31323"><ele>813.4</ele><time>2026-05-22T06:24:53.700Z</time></trkpt><trkpt lon="-7.00188" lat="40.31332"><ele>813.5</ele><time>2026-05-22T06:24:55.700Z</time></trkpt><trkpt lon="-7.00213" lat="40.31341"><ele>813.8</ele><time>2026-05-22T06:24:57.800Z</time></trkpt><trkpt lon="-7.00234" lat="40.31344"><ele>814.4</ele><time>2026-05-22T06:24:59.700Z</time></trkpt><trkpt lon="-7.00274" lat="40.31346"><ele>816.7</ele><time>2026-05-22T06:25:05.000Z</time></trkpt><trkpt lon="-7.00304" lat="40.31342"><ele>818.1</ele><time>2026-05-22T06:25:08.500Z</time></trkpt><trkpt lon="-7.00332" lat="40.31334"><ele>819.5</ele><time>2026-05-22T06:25:12.000Z</time></trkpt><trkpt lon="-7.00363" lat="40.3132"><ele>819.6</ele><time>2026-05-22T06:25:14.500Z</time></trkpt><trkpt lon="-7.00393" lat="40.31301"><ele>818.3</ele><time>2026-05-22T06:25:16.600Z</time></trkpt><trkpt lon="-7.00428" lat="40.31276"><ele>814.3</ele><time>2026-05-22T06:25:19.100Z</time></trkpt><trkpt lon="-7.004565" lat="40.312625"><ele>811.8</ele><time>2026-05-22T06:25:20.700Z</time></trkpt><trkpt lon="-7.00485" lat="40.31249"><ele>809.6</ele><time>2026-05-22T06:25:22.300Z</time></trkpt><trkpt lon="-7.00503" lat="40.31242"><ele>809.0</ele><time>2026-05-22T06:25:23.400Z</time></trkpt><trkpt lon="-7.005255" lat="40.31227"><ele>809.8</ele><time>2026-05-22T06:25:26.000Z</time></trkpt><trkpt lon="-7.00548" lat="40.31212"><ele>810.9</ele><time>2026-05-22T06:25:29.100Z</time></trkpt><trkpt lon="-7.00569" lat="40.31194"><ele>813.2</ele><time>2026-05-22T06:25:34.000Z</time></trkpt><trkpt lon="-7.00582" lat="40.3118"><ele>814.3</ele><time>2026-05-22T06:25:36.800Z</time></trkpt><trkpt lon="-7.00595" lat="40.31166"><ele>815.2</ele><time>2026-05-22T06:25:39.200Z</time></trkpt><trkpt lon="-7.00612" lat="40.31152"><ele>815.2</ele><time>2026-05-22T06:25:40.800Z</time></trkpt><trkpt lon="-7.00646" lat="40.31124"><ele>814.9</ele><time>2026-05-22T06:25:44.100Z</time></trkpt><trkpt lon="-7.00658" lat="40.3112"><ele>815.0</ele><time>2026-05-22T06:25:45.000Z</time></trkpt><trkpt lon="-7.00668" lat="40.31119"><ele>815.2</ele><time>2026-05-22T06:25:45.800Z</time></trkpt><trkpt lon="-7.0068" lat="40.3112"><ele>815.4</ele><time>2026-05-22T06:25:46.800Z</time></trkpt><trkpt lon="-7.00689" lat="40.31123"><ele>815.7</ele><time>2026-05-22T06:25:47.700Z</time></trkpt><trkpt lon="-7.00698" lat="40.3113"><ele>816.2</ele><time>2026-05-22T06:25:49.100Z</time></trkpt><trkpt lon="-7.00712" lat="40.31148"><ele>817.8</ele><time>2026-05-22T06:25:52.900Z</time></trkpt><trkpt lon="-7.00724" lat="40.31155"><ele>819.0</ele><time>2026-05-22T06:25:55.300Z</time></trkpt><trkpt lon="-7.00738" lat="40.3116"><ele>820.9</ele><time>2026-05-22T06:25:58.800Z</time></trkpt><trkpt lon="-7.00754" lat="40.31162"><ele>822.1</ele><time>2026-05-22T06:26:01.300Z</time></trkpt><trkpt lon="-7.00771" lat="40.31161"><ele>823.1</ele><time>2026-05-22T06:26:03.500Z</time></trkpt><trkpt lon="-7.00792" lat="40.31154"><ele>824.9</ele><time>2026-05-22T06:26:07.300Z</time></trkpt><trkpt lon="-7.0080833" lat="40.3114533"><ele>826.3</ele><time>2026-05-22T06:26:10.300Z</time></trkpt><trkpt lon="-7.00841" lat="40.31128"><ele>829.2</ele><time>2026-05-22T06:26:16.500Z</time></trkpt><trkpt lon="-7.00862" lat="40.31115"><ele>831.5</ele><time>2026-05-22T06:26:21.100Z</time></trkpt><trkpt lon="-7.00884" lat="40.31097"><ele>833.9</ele><time>2026-05-22T06:26:26.300Z</time></trkpt><trkpt lon="-7.008945" lat="40.31085"><ele>835.5</ele><time>2026-05-22T06:26:29.500Z</time></trkpt><trkpt lon="-7.00905" lat="40.31073"><ele>837.3</ele><time>2026-05-22T06:26:32.900Z</time></trkpt><trkpt lon="-7.0091433" lat="40.3106467"><ele>839.1</ele><time>2026-05-22T06:26:36.200Z</time></trkpt><trkpt lon="-7.00933" lat="40.31048"><ele>843.0</ele><time>2026-05-22T06:26:43.100Z</time></trkpt><trkpt lon="-7.0094467" lat="40.3104"><ele>845.0</ele><time>2026-05-22T06:26:46.600Z</time></trkpt><trkpt lon="-7.00968" lat="40.31024"><ele>848.6</ele><time>2026-05-22T06:26:53.200Z</time></trkpt><trkpt lon="-7.00987" lat="40.310135"><ele>850.2</ele><time>2026-05-22T06:26:56.700Z</time></trkpt><trkpt lon="-7.01006" lat="40.31003"><ele>851.6</ele><time>2026-05-22T06:26:59.900Z</time></trkpt><trkpt lon="-7.01027" lat="40.3099433"><ele>852.3</ele><time>2026-05-22T06:27:02.100Z</time></trkpt><trkpt lon="-7.01069" lat="40.30977"><ele>853.5</ele><time>2026-05-22T06:27:06.300Z</time></trkpt><trkpt lon="-7.01111" lat="40.30963"><ele>854.4</ele><time>2026-05-22T06:27:10.000Z</time></trkpt><trkpt lon="-7.0114" lat="40.3095533"><ele>854.5</ele><time>2026-05-22T06:27:12.200Z</time></trkpt><trkpt lon="-7.01169" lat="40.3094767"><ele>854.6</ele><time>2026-05-22T06:27:14.400Z</time></trkpt><trkpt lon="-7.01198" lat="40.3094"><ele>854.7</ele><time>2026-05-22T06:27:16.500Z</time></trkpt><trkpt lon="-7.0122375" lat="40.30934"><ele>854.3</ele><time>2026-05-22T06:27:18.100Z</time></trkpt><trkpt lon="-7.012495" lat="40.30928"><ele>853.8</ele><time>2026-05-22T06:27:19.700Z</time></trkpt><trkpt lon="-7.01301" lat="40.30916"><ele>852.8</ele><time>2026-05-22T06:27:22.900Z</time></trkpt><trkpt lon="-7.01327" lat="40.30912"><ele>852.8</ele><time>2026-05-22T06:27:24.700Z</time></trkpt><trkpt lon="-7.01357" lat="40.30911"><ele>852.8</ele><time>2026-05-22T06:27:26.800Z</time></trkpt><trkpt lon="-7.013815" lat="40.3091083"><ele>852.8</ele><time>2026-05-22T06:27:28.400Z</time></trkpt><trkpt lon="-7.014305" lat="40.309105"><ele>852.6</ele><time>2026-05-22T06:27:31.600Z</time></trkpt><trkpt lon="-7.01455" lat="40.3091033"><ele>852.2</ele><time>2026-05-22T06:27:33.100Z</time></trkpt><trkpt lon="-7.01504" lat="40.3091"><ele>851.2</ele><time>2026-05-22T06:27:35.900Z</time></trkpt><trkpt lon="-7.0153033" lat="40.3090667"><ele>851.2</ele><time>2026-05-22T06:27:37.700Z</time></trkpt><trkpt lon="-7.01583" lat="40.309"><ele>851.2</ele><time>2026-05-22T06:27:41.300Z</time></trkpt><trkpt lon="-7.0160217" lat="40.308945"><ele>852.0</ele><time>2026-05-22T06:27:43.500Z</time></trkpt><trkpt lon="-7.016405" lat="40.308835"><ele>853.8</ele><time>2026-05-22T06:27:48.200Z</time></trkpt><trkpt lon="-7.0165967" lat="40.30878"><ele>855.3</ele><time>2026-05-22T06:27:51.400Z</time></trkpt><trkpt lon="-7.01698" lat="40.30867"><ele>858.4</ele><time>2026-05-22T06:27:57.900Z</time></trkpt><trkpt lon="-7.0171567" lat="40.3085867"><ele>860.0</ele><time>2026-05-22T06:28:01.300Z</time></trkpt><trkpt lon="-7.0173333" lat="40.3085033"><ele>861.6</ele><time>2026-05-22T06:28:04.600Z</time></trkpt><trkpt lon="-7.01751" lat="40.30842"><ele>863.2</ele><time>2026-05-22T06:28:08.000Z</time></trkpt><trkpt lon="-7.01768" lat="40.308345"><ele>864.6</ele><time>2026-05-22T06:28:10.900Z</time></trkpt><trkpt lon="-7.01802" lat="40.308195"><ele>867.2</ele><time>2026-05-22T06:28:16.600Z</time></trkpt><trkpt lon="-7.01819" lat="40.30812"><ele>868.3</ele><time>2026-05-22T06:28:19.200Z</time></trkpt><trkpt lon="-7.01853" lat="40.30797"><ele>870.3</ele><time>2026-05-22T06:28:24.100Z</time></trkpt><trkpt lon="-7.018795" lat="40.3079"><ele>871.3</ele><time>2026-05-22T06:28:26.900Z</time></trkpt><trkpt lon="-7.01906" lat="40.30783"><ele>872.2</ele><time>2026-05-22T06:28:29.500Z</time></trkpt><trkpt lon="-7.01937" lat="40.3078"><ele>872.4</ele><time>2026-05-22T06:28:31.800Z</time></trkpt><trkpt lon="-7.01976" lat="40.30781"><ele>872.1</ele><time>2026-05-22T06:28:34.300Z</time></trkpt><trkpt lon="-7.0200667" lat="40.30781"><ele>871.2</ele><time>2026-05-22T06:28:36.000Z</time></trkpt><trkpt lon="-7.0203733" lat="40.30781"><ele>870.1</ele><time>2026-05-22T06:28:37.600Z</time></trkpt><trkpt lon="-7.02068" lat="40.30781"><ele>869.0</ele><time>2026-05-22T06:28:39.100Z</time></trkpt><trkpt lon="-7.021025" lat="40.307775"><ele>867.5</ele><time>2026-05-22T06:28:40.900Z</time></trkpt><trkpt lon="-7.02137" lat="40.30774"><ele>866.0</ele><time>2026-05-22T06:28:42.600Z</time></trkpt><trkpt lon="-7.021715" lat="40.307705"><ele>864.6</ele><time>2026-05-22T06:28:44.400Z</time></trkpt><trkpt lon="-7.02206" lat="40.30767"><ele>863.8</ele><time>2026-05-22T06:28:46.400Z</time></trkpt><trkpt lon="-7.022405" lat="40.307635"><ele>863.1</ele><time>2026-05-22T06:28:48.400Z</time></trkpt><trkpt lon="-7.02275" lat="40.3076"><ele>862.2</ele><time>2026-05-22T06:28:50.400Z</time></trkpt><trkpt lon="-7.0230475" lat="40.3076125"><ele>860.8</ele><time>2026-05-22T06:28:51.800Z</time></trkpt><trkpt lon="-7.023345" lat="40.307625"><ele>859.3</ele><time>2026-05-22T06:28:53.300Z</time></trkpt><trkpt lon="-7.0236425" lat="40.3076375"><ele>857.8</ele><time>2026-05-22T06:28:54.800Z</time></trkpt><trkpt lon="-7.02394" lat="40.30765"><ele>856.1</ele><time>2026-05-22T06:28:56.200Z</time></trkpt><trkpt lon="-7.02432" lat="40.30762"><ele>851.9</ele><time>2026-05-22T06:28:58.300Z</time></trkpt><trkpt lon="-7.02469" lat="40.30756"><ele>850.1</ele><time>2026-05-22T06:29:00.200Z</time></trkpt><trkpt lon="-7.02514" lat="40.30746"><ele>849.4</ele><time>2026-05-22T06:29:03.000Z</time></trkpt><trkpt lon="-7.02539" lat="40.30731"><ele>849.3</ele><time>2026-05-22T06:29:05.100Z</time></trkpt><trkpt lon="-7.02564" lat="40.30716"><ele>849.2</ele><time>2026-05-22T06:29:07.200Z</time></trkpt><trkpt lon="-7.02589" lat="40.30701"><ele>849.2</ele><time>2026-05-22T06:29:09.300Z</time></trkpt><trkpt lon="-7.02608" lat="40.30685"><ele>848.8</ele><time>2026-05-22T06:29:11.100Z</time></trkpt><trkpt lon="-7.02627" lat="40.30669"><ele>848.4</ele><time>2026-05-22T06:29:12.800Z</time></trkpt><trkpt lon="-7.0264675" lat="40.3064925"><ele>847.5</ele><time>2026-05-22T06:29:14.600Z</time></trkpt><trkpt lon="-7.026665" lat="40.306295"><ele>846.4</ele><time>2026-05-22T06:29:16.300Z</time></trkpt><trkpt lon="-7.0268625" lat="40.3060975"><ele>844.1</ele><time>2026-05-22T06:29:17.900Z</time></trkpt><trkpt lon="-7.02706" lat="40.3059"><ele>841.6</ele><time>2026-05-22T06:29:19.400Z</time></trkpt><trkpt lon="-7.02721" lat="40.3056833"><ele>840.0</ele><time>2026-05-22T06:29:21.000Z</time></trkpt><trkpt lon="-7.02736" lat="40.3054667"><ele>838.4</ele><time>2026-05-22T06:29:22.600Z</time></trkpt><trkpt lon="-7.02751" lat="40.30525"><ele>836.8</ele><time>2026-05-22T06:29:24.200Z</time></trkpt><trkpt lon="-7.02763" lat="40.30501"><ele>834.9</ele><time>2026-05-22T06:29:25.800Z</time></trkpt><trkpt lon="-7.0277467" lat="40.3048183"><ele>834.1</ele><time>2026-05-22T06:29:27.300Z</time></trkpt><trkpt lon="-7.02798" lat="40.304435"><ele>832.7</ele><time>2026-05-22T06:29:30.500Z</time></trkpt><trkpt lon="-7.0280967" lat="40.3042433"><ele>832.8</ele><time>2026-05-22T06:29:32.400Z</time></trkpt><trkpt lon="-7.02833" lat="40.30386"><ele>832.9</ele><time>2026-05-22T06:29:36.200Z</time></trkpt><trkpt lon="-7.02845" lat="40.30362"><ele>832.8</ele><time>2026-05-22T06:29:38.400Z</time></trkpt><trkpt lon="-7.02858" lat="40.30343"><ele>832.3</ele><time>2026-05-22T06:29:40.100Z</time></trkpt><trkpt lon="-7.02871" lat="40.30324"><ele>831.8</ele><time>2026-05-22T06:29:41.800Z</time></trkpt><trkpt lon="-7.02889" lat="40.30305"><ele>830.7</ele><time>2026-05-22T06:29:43.400Z</time></trkpt><trkpt lon="-7.02913" lat="40.30284"><ele>828.9</ele><time>2026-05-22T06:29:45.200Z</time></trkpt><trkpt lon="-7.02939" lat="40.30269"><ele>827.0</ele><time>2026-05-22T06:29:46.800Z</time></trkpt><trkpt lon="-7.029635" lat="40.30257"><ele>825.4</ele><time>2026-05-22T06:29:48.200Z</time></trkpt><trkpt lon="-7.02988" lat="40.30245"><ele>823.8</ele><time>2026-05-22T06:29:49.600Z</time></trkpt><trkpt lon="-7.03014" lat="40.30238"><ele>822.6</ele><time>2026-05-22T06:29:51.000Z</time></trkpt><trkpt lon="-7.03065" lat="40.30234"><ele>820.9</ele><time>2026-05-22T06:29:53.700Z</time></trkpt><trkpt lon="-7.0309975" lat="40.3023375"><ele>819.9</ele><time>2026-05-22T06:29:55.600Z</time></trkpt><trkpt lon="-7.031345" lat="40.302335"><ele>818.7</ele><time>2026-05-22T06:29:57.400Z</time></trkpt><trkpt lon="-7.0316925" lat="40.3023325"><ele>816.1</ele><time>2026-05-22T06:29:59.100Z</time></trkpt><trkpt lon="-7.03204" lat="40.30233"><ele>813.4</ele><time>2026-05-22T06:30:00.800Z</time></trkpt><trkpt lon="-7.0322967" lat="40.30237"><ele>811.8</ele><time>2026-05-22T06:30:02.000Z</time></trkpt><trkpt lon="-7.03281" lat="40.30245"><ele>808.7</ele><time>2026-05-22T06:30:04.600Z</time></trkpt><trkpt lon="-7.03337" lat="40.30249"><ele>804.6</ele><time>2026-05-22T06:30:07.300Z</time></trkpt><trkpt lon="-7.03359" lat="40.30248"><ele>803.6</ele><time>2026-05-22T06:30:08.400Z</time></trkpt><trkpt lon="-7.03391" lat="40.3024167"><ele>802.5</ele><time>2026-05-22T06:30:10.100Z</time></trkpt><trkpt lon="-7.03423" lat="40.3023533"><ele>801.4</ele><time>2026-05-22T06:30:11.800Z</time></trkpt><trkpt lon="-7.03455" lat="40.30229"><ele>800.3</ele><time>2026-05-22T06:30:13.600Z</time></trkpt><trkpt lon="-7.03469" lat="40.30224"><ele>800.0</ele><time>2026-05-22T06:30:14.500Z</time></trkpt><trkpt lon="-7.03483" lat="40.30216"><ele>799.7</ele><time>2026-05-22T06:30:15.500Z</time></trkpt><trkpt lon="-7.03497" lat="40.30203"><ele>799.0</ele><time>2026-05-22T06:30:16.700Z</time></trkpt><trkpt lon="-7.03535" lat="40.30181"><ele>797.2</ele><time>2026-05-22T06:30:19.200Z</time></trkpt><trkpt lon="-7.03553" lat="40.30167"><ele>796.9</ele><time>2026-05-22T06:30:20.800Z</time></trkpt><trkpt lon="-7.03561" lat="40.30142"><ele>798.6</ele><time>2026-05-22T06:30:24.800Z</time></trkpt><trkpt lon="-7.03556" lat="40.30128"><ele>800.5</ele><time>2026-05-22T06:30:28.500Z</time></trkpt><trkpt lon="-7.035525" lat="40.301175"><ele>802.4</ele><time>2026-05-22T06:30:31.900Z</time></trkpt><trkpt lon="-7.03549" lat="40.30107"><ele>804.4</ele><time>2026-05-22T06:30:35.300Z</time></trkpt><trkpt lon="-7.03553" lat="40.30098"><ele>805.9</ele><time>2026-05-22T06:30:38.100Z</time></trkpt><trkpt lon="-7.0357" lat="40.30082"><ele>808.8</ele><time>2026-05-22T06:30:43.400Z</time></trkpt><trkpt lon="-7.03596" lat="40.30066"><ele>811.4</ele><time>2026-05-22T06:30:48.800Z</time></trkpt><trkpt lon="-7.03614" lat="40.30057"><ele>812.3</ele><time>2026-05-22T06:30:51.300Z</time></trkpt><trkpt lon="-7.0363225" lat="40.3004925"><ele>813.6</ele><time>2026-05-22T06:30:54.100Z</time></trkpt><trkpt lon="-7.036505" lat="40.300415"><ele>814.9</ele><time>2026-05-22T06:30:57.000Z</time></trkpt><trkpt lon="-7.03687" lat="40.30026"><ele>817.5</ele><time>2026-05-22T06:31:03.000Z</time></trkpt><trkpt lon="-7.0370033" lat="40.30017"><ele>819.0</ele><time>2026-05-22T06:31:05.900Z</time></trkpt><trkpt lon="-7.03727" lat="40.29999"><ele>821.8</ele><time>2026-05-22T06:31:11.700Z</time></trkpt><trkpt lon="-7.03741" lat="40.29985"><ele>822.6</ele><time>2026-05-22T06:31:14.100Z</time></trkpt><trkpt lon="-7.03748" lat="40.29971"><ele>823.8</ele><time>2026-05-22T06:31:16.700Z</time></trkpt><trkpt lon="-7.0374967" lat="40.2995233"><ele>824.9</ele><time>2026-05-22T06:31:19.500Z</time></trkpt><trkpt lon="-7.0375133" lat="40.2993367"><ele>825.9</ele><time>2026-05-22T06:31:22.300Z</time></trkpt><trkpt lon="-7.03753" lat="40.29915"><ele>827.0</ele><time>2026-05-22T06:31:25.000Z</time></trkpt><trkpt lon="-7.03758" lat="40.2989"><ele>827.8</ele><time>2026-05-22T06:31:28.000Z</time></trkpt><trkpt lon="-7.03767" lat="40.29876"><ele>827.9</ele><time>2026-05-22T06:31:29.400Z</time></trkpt><trkpt lon="-7.03779" lat="40.29869"><ele>827.4</ele><time>2026-05-22T06:31:30.200Z</time></trkpt><trkpt lon="-7.03807" lat="40.29862"><ele>824.7</ele><time>2026-05-22T06:31:31.800Z</time></trkpt><trkpt lon="-7.0384" lat="40.29861"><ele>823.1</ele><time>2026-05-22T06:31:33.500Z</time></trkpt><trkpt lon="-7.03856" lat="40.29862"><ele>822.7</ele><time>2026-05-22T06:31:34.400Z</time></trkpt><trkpt lon="-7.0388125" lat="40.2986675"><ele>822.8</ele><time>2026-05-22T06:31:36.200Z</time></trkpt><trkpt lon="-7.039065" lat="40.298715"><ele>822.9</ele><time>2026-05-22T06:31:38.000Z</time></trkpt><trkpt lon="-7.03957" lat="40.29881"><ele>823.4</ele><time>2026-05-22T06:31:41.900Z</time></trkpt><trkpt lon="-7.0398225" lat="40.2988575"><ele>824.5</ele><time>2026-05-22T06:31:44.900Z</time></trkpt><trkpt lon="-7.040075" lat="40.298905"><ele>825.8</ele><time>2026-05-22T06:31:48.100Z</time></trkpt><trkpt lon="-7.0403275" lat="40.2989525"><ele>827.2</ele><time>2026-05-22T06:31:51.200Z</time></trkpt><trkpt lon="-7.04058" lat="40.299"><ele>828.4</ele><time>2026-05-22T06:31:54.300Z</time></trkpt><trkpt lon="-7.0407967" lat="40.2990367"><ele>829.1</ele><time>2026-05-22T06:31:56.500Z</time></trkpt><trkpt lon="-7.04123" lat="40.29911"><ele>830.3</ele><time>2026-05-22T06:32:00.400Z</time></trkpt><trkpt lon="-7.04169" lat="40.29916"><ele>829.7</ele><time>2026-05-22T06:32:03.300Z</time></trkpt><trkpt lon="-7.04201" lat="40.2992175"><ele>830.1</ele><time>2026-05-22T06:32:05.800Z</time></trkpt><trkpt lon="-7.04233" lat="40.299275"><ele>830.7</ele><time>2026-05-22T06:32:08.500Z</time></trkpt><trkpt lon="-7.0425433" lat="40.2993133"><ele>831.6</ele><time>2026-05-22T06:32:10.800Z</time></trkpt><trkpt lon="-7.04297" lat="40.29939"><ele>833.1</ele><time>2026-05-22T06:32:15.200Z</time></trkpt><trkpt lon="-7.043285" lat="40.2994"><ele>832.0</ele><time>2026-05-22T06:32:16.900Z</time></trkpt><trkpt lon="-7.0436" lat="40.29941"><ele>830.7</ele><time>2026-05-22T06:32:18.400Z</time></trkpt><trkpt lon="-7.0438825" lat="40.299395"><ele>828.6</ele><time>2026-05-22T06:32:19.800Z</time></trkpt><trkpt lon="-7.044165" lat="40.29938"><ele>826.5</ele><time>2026-05-22T06:32:21.200Z</time></trkpt><trkpt lon="-7.04473" lat="40.29935"><ele>822.7</ele><time>2026-05-22T06:32:23.900Z</time></trkpt><trkpt lon="-7.04496" lat="40.299348"><ele>823.9</ele><time>2026-05-22T06:32:26.700Z</time></trkpt><trkpt lon="-7.04519" lat="40.299346"><ele>825.5</ele><time>2026-05-22T06:32:30.200Z</time></trkpt><trkpt lon="-7.04542" lat="40.299344"><ele>827.1</ele><time>2026-05-22T06:32:33.700Z</time></trkpt><trkpt lon="-7.04588" lat="40.29934"><ele>830.5</ele><time>2026-05-22T06:32:40.800Z</time></trkpt><trkpt lon="-7.0460367" lat="40.2993133"><ele>832.1</ele><time>2026-05-22T06:32:43.900Z</time></trkpt><trkpt lon="-7.04635" lat="40.29926"><ele>835.4</ele><time>2026-05-22T06:32:50.200Z</time></trkpt><trkpt lon="-7.0467" lat="40.29911"><ele>837.5</ele><time>2026-05-22T06:32:55.100Z</time></trkpt><trkpt lon="-7.04691" lat="40.29899"><ele>838.2</ele><time>2026-05-22T06:32:57.500Z</time></trkpt><trkpt lon="-7.04712" lat="40.29887"><ele>839.0</ele><time>2026-05-22T06:32:59.900Z</time></trkpt><trkpt lon="-7.04729" lat="40.29879"><ele>839.8</ele><time>2026-05-22T06:33:02.000Z</time></trkpt><trkpt lon="-7.0475" lat="40.29872"><ele>840.7</ele><time>2026-05-22T06:33:04.600Z</time></trkpt><trkpt lon="-7.0477167" lat="40.2986633"><ele>842.5</ele><time>2026-05-22T06:33:08.300Z</time></trkpt><trkpt lon="-7.0479333" lat="40.2986067"><ele>844.4</ele><time>2026-05-22T06:33:12.200Z</time></trkpt><trkpt lon="-7.04815" lat="40.29855"><ele>846.3</ele><time>2026-05-22T06:33:16.000Z</time></trkpt><trkpt lon="-7.04832" lat="40.29841"><ele>848.0</ele><time>2026-05-22T06:33:19.700Z</time></trkpt><trkpt lon="-7.04841" lat="40.29829"><ele>849.0</ele><time>2026-05-22T06:33:22.100Z</time></trkpt><trkpt lon="-7.0484625" lat="40.2981225"><ele>850.0</ele><time>2026-05-22T06:33:24.700Z</time></trkpt><trkpt lon="-7.048515" lat="40.297955"><ele>850.9</ele><time>2026-05-22T06:33:27.200Z</time></trkpt><trkpt lon="-7.04862" lat="40.29762"><ele>852.7</ele><time>2026-05-22T06:33:32.000Z</time></trkpt><trkpt lon="-7.04867" lat="40.29752"><ele>853.0</ele><time>2026-05-22T06:33:33.200Z</time></trkpt><trkpt lon="-7.04884" lat="40.29744"><ele>853.9</ele><time>2026-05-22T06:33:35.500Z</time></trkpt><trkpt lon="-7.04912" lat="40.29734"><ele>855.5</ele><time>2026-05-22T06:33:39.300Z</time></trkpt><trkpt lon="-7.0493633" lat="40.2971667"><ele>855.9</ele><time>2026-05-22T06:33:41.800Z</time></trkpt><trkpt lon="-7.0496067" lat="40.2969933"><ele>856.1</ele><time>2026-05-22T06:33:44.300Z</time></trkpt><trkpt lon="-7.04985" lat="40.29682"><ele>856.5</ele><time>2026-05-22T06:33:46.800Z</time></trkpt><trkpt lon="-7.0500433" lat="40.2967133"><ele>857.6</ele><time>2026-05-22T06:33:49.600Z</time></trkpt><trkpt lon="-7.0502367" lat="40.2966067"><ele>858.9</ele><time>2026-05-22T06:33:52.600Z</time></trkpt><trkpt lon="-7.05043" lat="40.2965"><ele>860.1</ele><time>2026-05-22T06:33:55.600Z</time></trkpt><trkpt lon="-7.05074" lat="40.29647"><ele>861.9</ele><time>2026-05-22T06:33:59.700Z</time></trkpt><trkpt lon="-7.05073" lat="40.29647"><ele>862.0</ele><time>2026-05-22T06:33:59.900Z</time></trkpt><trkpt lon="-7.05093" lat="40.29652"><ele>862.8</ele><time>2026-05-22T06:34:02.100Z</time></trkpt><trkpt lon="-7.05121" lat="40.29661"><ele>863.2</ele><time>2026-05-22T06:34:04.400Z</time></trkpt><trkpt lon="-7.05149" lat="40.2967"><ele>863.5</ele><time>2026-05-22T06:34:06.700Z</time></trkpt><trkpt lon="-7.05177" lat="40.29679"><ele>863.7</ele><time>2026-05-22T06:34:09.000Z</time></trkpt><trkpt lon="-7.05207" lat="40.2969267"><ele>863.2</ele><time>2026-05-22T06:34:11.100Z</time></trkpt><trkpt lon="-7.05237" lat="40.2970633"><ele>862.5</ele><time>2026-05-22T06:34:13.100Z</time></trkpt><trkpt lon="-7.05267" lat="40.2972"><ele>861.9</ele><time>2026-05-22T06:34:15.200Z</time></trkpt><trkpt lon="-7.05292" lat="40.2973"><ele>861.7</ele><time>2026-05-22T06:34:17.000Z</time></trkpt><trkpt lon="-7.05313" lat="40.29736"><ele>861.7</ele><time>2026-05-22T06:34:18.500Z</time></trkpt><trkpt lon="-7.05347" lat="40.2974"><ele>862.0</ele><time>2026-05-22T06:34:21.100Z</time></trkpt><trkpt lon="-7.053745" lat="40.29742"><ele>862.9</ele><time>2026-05-22T06:34:23.700Z</time></trkpt><trkpt lon="-7.05402" lat="40.29744"><ele>864.0</ele><time>2026-05-22T06:34:26.700Z</time></trkpt><trkpt lon="-7.0543" lat="40.29749"><ele>866.0</ele><time>2026-05-22T06:34:31.000Z</time></trkpt><trkpt lon="-7.05461" lat="40.29757"><ele>867.7</ele><time>2026-05-22T06:34:35.100Z</time></trkpt><trkpt lon="-7.0548067" lat="40.2976567"><ele>868.5</ele><time>2026-05-22T06:34:37.300Z</time></trkpt><trkpt lon="-7.0552" lat="40.29783"><ele>869.7</ele><time>2026-05-22T06:34:41.500Z</time></trkpt><trkpt lon="-7.0555033" lat="40.29791"><ele>869.5</ele><time>2026-05-22T06:34:43.500Z</time></trkpt><trkpt lon="-7.0558067" lat="40.29799"><ele>869.2</ele><time>2026-05-22T06:34:45.600Z</time></trkpt><trkpt lon="-7.05611" lat="40.29807"><ele>868.8</ele><time>2026-05-22T06:34:47.600Z</time></trkpt><trkpt lon="-7.056305" lat="40.29818"><ele>868.5</ele><time>2026-05-22T06:34:49.000Z</time></trkpt><trkpt lon="-7.056695" lat="40.2984"><ele>867.7</ele><time>2026-05-22T06:34:51.900Z</time></trkpt><trkpt lon="-7.05689" lat="40.29851"><ele>867.1</ele><time>2026-05-22T06:34:53.300Z</time></trkpt><trkpt lon="-7.05728" lat="40.29873"><ele>865.8</ele><time>2026-05-22T06:34:56.000Z</time></trkpt><trkpt lon="-7.0575" lat="40.2989033"><ele>864.6</ele><time>2026-05-22T06:34:57.700Z</time></trkpt><trkpt lon="-7.05772" lat="40.2990767"><ele>863.4</ele><time>2026-05-22T06:34:59.300Z</time></trkpt><trkpt lon="-7.05794" lat="40.29925"><ele>862.2</ele><time>2026-05-22T06:35:00.900Z</time></trkpt><trkpt lon="-7.05822" lat="40.29959"><ele>859.1</ele><time>2026-05-22T06:35:03.400Z</time></trkpt><trkpt lon="-7.0583267" lat="40.2997633"><ele>857.5</ele><time>2026-05-22T06:35:04.600Z</time></trkpt><trkpt lon="-7.05854" lat="40.30011"><ele>854.3</ele><time>2026-05-22T06:35:07.000Z</time></trkpt><trkpt lon="-7.0586467" lat="40.3002833"><ele>853.3</ele><time>2026-05-22T06:35:08.300Z</time></trkpt><trkpt lon="-7.05886" lat="40.30063"><ele>851.5</ele><time>2026-05-22T06:35:10.900Z</time></trkpt><trkpt lon="-7.05915" lat="40.30087"><ele>850.1</ele><time>2026-05-22T06:35:13.200Z</time></trkpt><trkpt lon="-7.05947" lat="40.30106"><ele>849.0</ele><time>2026-05-22T06:35:15.400Z</time></trkpt><trkpt lon="-7.05972" lat="40.30118"><ele>848.7</ele><time>2026-05-22T06:35:17.300Z</time></trkpt><trkpt lon="-7.06007" lat="40.30132"><ele>848.3</ele><time>2026-05-22T06:35:19.800Z</time></trkpt><trkpt lon="-7.06025" lat="40.30138"><ele>848.0</ele><time>2026-05-22T06:35:21.000Z</time></trkpt><trkpt lon="-7.06068" lat="40.30147"><ele>847.2</ele><time>2026-05-22T06:35:23.600Z</time></trkpt><trkpt lon="-7.06101" lat="40.30158"><ele>846.0</ele><time>2026-05-22T06:35:25.500Z</time></trkpt><trkpt lon="-7.06134" lat="40.30169"><ele>844.8</ele><time>2026-05-22T06:35:27.400Z</time></trkpt><trkpt lon="-7.06167" lat="40.3018"><ele>843.6</ele><time>2026-05-22T06:35:29.300Z</time></trkpt><trkpt lon="-7.0619225" lat="40.30189"><ele>842.8</ele><time>2026-05-22T06:35:30.900Z</time></trkpt><trkpt lon="-7.062175" lat="40.30198"><ele>842.1</ele><time>2026-05-22T06:35:32.400Z</time></trkpt><trkpt lon="-7.06268" lat="40.30216"><ele>840.6</ele><time>2026-05-22T06:35:35.500Z</time></trkpt><trkpt lon="-7.06301" lat="40.30225"><ele>840.3</ele><time>2026-05-22T06:35:37.700Z</time></trkpt><trkpt lon="-7.06324" lat="40.30226"><ele>840.4</ele><time>2026-05-22T06:35:39.400Z</time></trkpt><trkpt lon="-7.0635" lat="40.302235"><ele>840.5</ele><time>2026-05-22T06:35:41.200Z</time></trkpt><trkpt lon="-7.06376" lat="40.30221"><ele>840.7</ele><time>2026-05-22T06:35:43.100Z</time></trkpt><trkpt lon="-7.06403" lat="40.3021975"><ele>840.7</ele><time>2026-05-22T06:35:44.900Z</time></trkpt><trkpt lon="-7.0643" lat="40.302185"><ele>840.6</ele><time>2026-05-22T06:35:46.800Z</time></trkpt><trkpt lon="-7.06484" lat="40.30216"><ele>840.4</ele><time>2026-05-22T06:35:50.300Z</time></trkpt><trkpt lon="-7.065155" lat="40.302115"><ele>838.9</ele><time>2026-05-22T06:35:51.900Z</time></trkpt><trkpt lon="-7.06547" lat="40.30207"><ele>837.3</ele><time>2026-05-22T06:35:53.500Z</time></trkpt><trkpt lon="-7.06589" lat="40.30208"><ele>835.9</ele><time>2026-05-22T06:35:55.700Z</time></trkpt><trkpt lon="-7.06613" lat="40.30219"><ele>835.2</ele><time>2026-05-22T06:35:57.300Z</time></trkpt><trkpt lon="-7.06637" lat="40.30234"><ele>834.4</ele><time>2026-05-22T06:35:59.000Z</time></trkpt><trkpt lon="-7.06622" lat="40.302465"><ele>835.3</ele><time>2026-05-22T06:36:01.300Z</time></trkpt><trkpt lon="-7.06607" lat="40.30259"><ele>836.3</ele><time>2026-05-22T06:36:04.000Z</time></trkpt><trkpt lon="-7.06577" lat="40.30284"><ele>838.4</ele><time>2026-05-22T06:36:09.200Z</time></trkpt><trkpt lon="-7.06561" lat="40.30305"><ele>839.6</ele><time>2026-05-22T06:36:12.500Z</time></trkpt><trkpt lon="-7.06552" lat="40.30337"><ele>840.7</ele><time>2026-05-22T06:36:16.300Z</time></trkpt><trkpt lon="-7.06554" lat="40.30345"><ele>840.8</ele><time>2026-05-22T06:36:17.100Z</time></trkpt><trkpt lon="-7.0657" lat="40.30358"><ele>840.7</ele><time>2026-05-22T06:36:18.600Z</time></trkpt><trkpt lon="-7.065985" lat="40.3037"><ele>840.6</ele><time>2026-05-22T06:36:20.800Z</time></trkpt><trkpt lon="-7.06627" lat="40.30382"><ele>840.5</ele><time>2026-05-22T06:36:22.900Z</time></trkpt><trkpt lon="-7.0665" lat="40.30398"><ele>840.8</ele><time>2026-05-22T06:36:25.200Z</time></trkpt><trkpt lon="-7.06663" lat="40.3041475"><ele>841.0</ele><time>2026-05-22T06:36:27.200Z</time></trkpt><trkpt lon="-7.06676" lat="40.304315"><ele>841.3</ele><time>2026-05-22T06:36:29.100Z</time></trkpt><trkpt lon="-7.06702" lat="40.30465"><ele>841.9</ele><time>2026-05-22T06:36:33.000Z</time></trkpt><trkpt lon="-7.0672533" lat="40.3047967"><ele>842.2</ele><time>2026-05-22T06:36:35.200Z</time></trkpt><trkpt lon="-7.0674867" lat="40.3049433"><ele>842.5</ele><time>2026-05-22T06:36:37.500Z</time></trkpt><trkpt lon="-7.06772" lat="40.30509"><ele>842.7</ele><time>2026-05-22T06:36:39.800Z</time></trkpt><trkpt lon="-7.06797" lat="40.3052033"><ele>842.7</ele><time>2026-05-22T06:36:41.700Z</time></trkpt><trkpt lon="-7.06847" lat="40.30543"><ele>842.5</ele><time>2026-05-22T06:36:45.500Z</time></trkpt><trkpt lon="-7.06868" lat="40.3055"><ele>842.4</ele><time>2026-05-22T06:36:47.000Z</time></trkpt><trkpt lon="-7.0689" lat="40.30554"><ele>842.3</ele><time>2026-05-22T06:36:48.500Z</time></trkpt><trkpt lon="-7.06908" lat="40.30554"><ele>841.9</ele><time>2026-05-22T06:36:49.600Z</time></trkpt><trkpt lon="-7.069375" lat="40.30549"><ele>841.5</ele><time>2026-05-22T06:36:51.400Z</time></trkpt><trkpt lon="-7.06967" lat="40.30544"><ele>841.1</ele><time>2026-05-22T06:36:53.300Z</time></trkpt><trkpt lon="-7.069965" lat="40.30539"><ele>839.7</ele><time>2026-05-22T06:36:54.800Z</time></trkpt><trkpt lon="-7.07026" lat="40.30534"><ele>838.1</ele><time>2026-05-22T06:36:56.300Z</time></trkpt><trkpt lon="-7.07058" lat="40.30533"><ele>836.4</ele><time>2026-05-22T06:36:57.800Z</time></trkpt><trkpt lon="-7.07079" lat="40.30534"><ele>835.7</ele><time>2026-05-22T06:36:58.900Z</time></trkpt><trkpt lon="-7.0710033" lat="40.3054267"><ele>835.5</ele><time>2026-05-22T06:37:00.500Z</time></trkpt><trkpt lon="-7.07143" lat="40.3056"><ele>835.4</ele><time>2026-05-22T06:37:03.700Z</time></trkpt><trkpt lon="-7.07159" lat="40.30562"><ele>835.6</ele><time>2026-05-22T06:37:04.900Z</time></trkpt><trkpt lon="-7.07166" lat="40.30557"><ele>835.4</ele><time>2026-05-22T06:37:05.500Z</time></trkpt><trkpt lon="-7.07169" lat="40.30537"><ele>835.0</ele><time>2026-05-22T06:37:07.100Z</time></trkpt><trkpt lon="-7.07166" lat="40.30506"><ele>834.6</ele><time>2026-05-22T06:37:09.600Z</time></trkpt><trkpt lon="-7.07182" lat="40.3052375"><ele>834.6</ele><time>2026-05-22T06:37:11.600Z</time></trkpt><trkpt lon="-7.07198" lat="40.305415"><ele>834.7</ele><time>2026-05-22T06:37:13.500Z</time></trkpt><trkpt lon="-7.0723" lat="40.30577"><ele>834.2</ele><time>2026-05-22T06:37:17.100Z</time></trkpt><trkpt lon="-7.07237" lat="40.30582"><ele>832.8</ele><time>2026-05-22T06:37:17.600Z</time></trkpt><trkpt lon="-7.0726733" lat="40.3058833"><ele>831.3</ele><time>2026-05-22T06:37:19.200Z</time></trkpt><trkpt lon="-7.0729767" lat="40.3059467"><ele>830.4</ele><time>2026-05-22T06:37:20.900Z</time></trkpt><trkpt lon="-7.07328" lat="40.30601"><ele>829.4</ele><time>2026-05-22T06:37:22.600Z</time></trkpt><trkpt lon="-7.07345" lat="40.306"><ele>828.6</ele><time>2026-05-22T06:37:23.400Z</time></trkpt><trkpt lon="-7.07361" lat="40.30595"><ele>827.8</ele><time>2026-05-22T06:37:24.300Z</time></trkpt><trkpt lon="-7.073905" lat="40.305815"><ele>826.4</ele><time>2026-05-22T06:37:26.000Z</time></trkpt><trkpt lon="-7.0742" lat="40.30568"><ele>824.9</ele><time>2026-05-22T06:37:27.700Z</time></trkpt><trkpt lon="-7.07457" lat="40.30547"><ele>821.7</ele><time>2026-05-22T06:37:29.900Z</time></trkpt><trkpt lon="-7.07483" lat="40.30528"><ele>819.6</ele><time>2026-05-22T06:37:31.700Z</time></trkpt><trkpt lon="-7.07499" lat="40.30513"><ele>816.8</ele><time>2026-05-22T06:37:33.000Z</time></trkpt><trkpt lon="-7.07526" lat="40.304975"><ele>813.7</ele><time>2026-05-22T06:37:34.900Z</time></trkpt><trkpt lon="-7.07553" lat="40.30482"><ele>810.8</ele><time>2026-05-22T06:37:36.700Z</time></trkpt><trkpt lon="-7.0758133" lat="40.3047167"><ele>809.0</ele><time>2026-05-22T06:37:38.200Z</time></trkpt><trkpt lon="-7.0760967" lat="40.3046133"><ele>807.4</ele><time>2026-05-22T06:37:39.700Z</time></trkpt><trkpt lon="-7.07638" lat="40.30451"><ele>805.7</ele><time>2026-05-22T06:37:41.300Z</time></trkpt><trkpt lon="-7.07661" lat="40.3043867"><ele>804.0</ele><time>2026-05-22T06:37:42.600Z</time></trkpt><trkpt lon="-7.07707" lat="40.30414"><ele>800.7</ele><time>2026-05-22T06:37:45.300Z</time></trkpt><trkpt lon="-7.0773533" lat="40.30419"><ele>799.7</ele><time>2026-05-22T06:37:46.800Z</time></trkpt><trkpt lon="-7.07792" lat="40.30429"><ele>797.9</ele><time>2026-05-22T06:37:50.000Z</time></trkpt><trkpt lon="-7.0782033" lat="40.30434"><ele>797.6</ele><time>2026-05-22T06:37:51.800Z</time></trkpt><trkpt lon="-7.07877" lat="40.30444"><ele>797.2</ele><time>2026-05-22T06:37:55.600Z</time></trkpt><trkpt lon="-7.0791111" lat="40.3044956"><ele>797.2</ele><time>2026-05-22T06:37:57.900Z</time></trkpt><trkpt lon="-7.0794522" lat="40.3045511"><ele>797.1</ele><time>2026-05-22T06:38:00.200Z</time></trkpt><trkpt lon="-7.0797933" lat="40.3046067"><ele>797.1</ele><time>2026-05-22T06:38:02.600Z</time></trkpt><trkpt lon="-7.0801344" lat="40.3046622"><ele>797.0</ele><time>2026-05-22T06:38:04.900Z</time></trkpt><trkpt lon="-7.0804756" lat="40.3047178"><ele>797.0</ele><time>2026-05-22T06:38:07.200Z</time></trkpt><trkpt lon="-7.0808167" lat="40.3047733"><ele>797.0</ele><time>2026-05-22T06:38:09.600Z</time></trkpt><trkpt lon="-7.0810725" lat="40.304815"><ele>797.5</ele><time>2026-05-22T06:38:11.800Z</time></trkpt><trkpt lon="-7.0813283" lat="40.3048567"><ele>798.2</ele><time>2026-05-22T06:38:14.000Z</time></trkpt><trkpt lon="-7.08184" lat="40.30494"><ele>799.5</ele><time>2026-05-22T06:38:18.600Z</time></trkpt><trkpt lon="-7.08222" lat="40.30493"><ele>800.9</ele><time>2026-05-22T06:38:22.600Z</time></trkpt><trkpt lon="-7.0824517" lat="40.3049017"><ele>802.1</ele><time>2026-05-22T06:38:25.400Z</time></trkpt><trkpt lon="-7.0826833" lat="40.3048733"><ele>803.3</ele><time>2026-05-22T06:38:28.400Z</time></trkpt><trkpt lon="-7.082915" lat="40.304845"><ele>804.5</ele><time>2026-05-22T06:38:31.300Z</time></trkpt><trkpt lon="-7.0831467" lat="40.3048167"><ele>805.7</ele><time>2026-05-22T06:38:34.100Z</time></trkpt><trkpt lon="-7.08361" lat="40.30476"><ele>807.9</ele><time>2026-05-22T06:38:39.600Z</time></trkpt><trkpt lon="-7.08391" lat="40.30476"><ele>808.6</ele><time>2026-05-22T06:38:42.200Z</time></trkpt><trkpt lon="-7.0841989" lat="40.3048189"><ele>809.4</ele><time>2026-05-22T06:38:44.900Z</time></trkpt><trkpt lon="-7.0844878" lat="40.3048778"><ele>810.2</ele><time>2026-05-22T06:38:47.600Z</time></trkpt><trkpt lon="-7.0847767" lat="40.3049367"><ele>811.0</ele><time>2026-05-22T06:38:50.200Z</time></trkpt><trkpt lon="-7.0850656" lat="40.3049956"><ele>811.6</ele><time>2026-05-22T06:38:52.700Z</time></trkpt><trkpt lon="-7.0853544" lat="40.3050545"><ele>812.2</ele><time>2026-05-22T06:38:55.200Z</time></trkpt><trkpt lon="-7.0856433" lat="40.3051133"><ele>812.8</ele><time>2026-05-22T06:38:57.600Z</time></trkpt><trkpt lon="-7.0859322" lat="40.3051722"><ele>813.1</ele><time>2026-05-22T06:38:59.900Z</time></trkpt><trkpt lon="-7.0862211" lat="40.3052311"><ele>813.3</ele><time>2026-05-22T06:39:02.100Z</time></trkpt><trkpt lon="-7.08651" lat="40.30529"><ele>813.5</ele><time>2026-05-22T06:39:04.200Z</time></trkpt><trkpt lon="-7.08701" lat="40.30536"><ele>812.4</ele><time>2026-05-22T06:39:07.200Z</time></trkpt><trkpt lon="-7.0872533" lat="40.3053633"><ele>811.7</ele><time>2026-05-22T06:39:08.500Z</time></trkpt><trkpt lon="-7.08774" lat="40.30537"><ele>810.4</ele><time>2026-05-22T06:39:11.200Z</time></trkpt><trkpt lon="-7.0882" lat="40.30547"><ele>810.3</ele><time>2026-05-22T06:39:14.400Z</time></trkpt><trkpt lon="-7.08856" lat="40.30561"><ele>811.5</ele><time>2026-05-22T06:39:18.200Z</time></trkpt><trkpt lon="-7.08877" lat="40.3057225"><ele>812.8</ele><time>2026-05-22T06:39:21.400Z</time></trkpt><trkpt lon="-7.08898" lat="40.305835"><ele>814.2</ele><time>2026-05-22T06:39:24.700Z</time></trkpt><trkpt lon="-7.08919" lat="40.3059475"><ele>815.6</ele><time>2026-05-22T06:39:27.900Z</time></trkpt><trkpt lon="-7.0894" lat="40.30606"><ele>817.0</ele><time>2026-05-22T06:39:31.100Z</time></trkpt><trkpt lon="-7.08966" lat="40.3061667"><ele>817.9</ele><time>2026-05-22T06:39:33.900Z</time></trkpt><trkpt lon="-7.08992" lat="40.3062733"><ele>818.7</ele><time>2026-05-22T06:39:36.700Z</time></trkpt><trkpt lon="-7.09018" lat="40.30638"><ele>819.5</ele><time>2026-05-22T06:39:39.300Z</time></trkpt><trkpt lon="-7.0904533" lat="40.3064467"><ele>819.9</ele><time>2026-05-22T06:39:41.600Z</time></trkpt><trkpt lon="-7.0907267" lat="40.3065133"><ele>820.3</ele><time>2026-05-22T06:39:43.700Z</time></trkpt><trkpt lon="-7.091" lat="40.30658"><ele>820.6</ele><time>2026-05-22T06:39:45.900Z</time></trkpt><trkpt lon="-7.091255" lat="40.30661"><ele>820.8</ele><time>2026-05-22T06:39:47.800Z</time></trkpt><trkpt lon="-7.09151" lat="40.30664"><ele>821.0</ele><time>2026-05-22T06:39:49.700Z</time></trkpt><trkpt lon="-7.09177" lat="40.3067"><ele>821.5</ele><time>2026-05-22T06:39:51.900Z</time></trkpt><trkpt lon="-7.09203" lat="40.30676"><ele>821.9</ele><time>2026-05-22T06:39:54.100Z</time></trkpt><trkpt lon="-7.092275" lat="40.30691"><ele>822.4</ele><time>2026-05-22T06:39:56.600Z</time></trkpt><trkpt lon="-7.09252" lat="40.30706"><ele>823.1</ele><time>2026-05-22T06:39:59.200Z</time></trkpt><trkpt lon="-7.0926133" lat="40.3071733"><ele>824.1</ele><time>2026-05-22T06:40:01.600Z</time></trkpt><trkpt lon="-7.0928" lat="40.3074"><ele>826.4</ele><time>2026-05-22T06:40:06.600Z</time></trkpt><trkpt lon="-7.0929" lat="40.30757"><ele>827.5</ele><time>2026-05-22T06:40:09.400Z</time></trkpt><trkpt lon="-7.0929575" lat="40.3078"><ele>828.1</ele><time>2026-05-22T06:40:11.900Z</time></trkpt><trkpt lon="-7.093015" lat="40.30803"><ele>828.7</ele><time>2026-05-22T06:40:14.400Z</time></trkpt><trkpt lon="-7.0930725" lat="40.30826"><ele>829.2</ele><time>2026-05-22T06:40:16.900Z</time></trkpt><trkpt lon="-7.09313" lat="40.30849"><ele>829.7</ele><time>2026-05-22T06:40:19.400Z</time></trkpt><trkpt lon="-7.0933" lat="40.30882"><ele>829.1</ele><time>2026-05-22T06:40:22.200Z</time></trkpt><trkpt lon="-7.0935" lat="40.30904"><ele>828.1</ele><time>2026-05-22T06:40:24.100Z</time></trkpt><trkpt lon="-7.0936" lat="40.30913"><ele>826.2</ele><time>2026-05-22T06:40:25.000Z</time></trkpt><trkpt lon="-7.093895" lat="40.309245"><ele>824.6</ele><time>2026-05-22T06:40:26.600Z</time></trkpt><trkpt lon="-7.09419" lat="40.30936"><ele>823.3</ele><time>2026-05-22T06:40:28.300Z</time></trkpt><trkpt lon="-7.09456" lat="40.3094"><ele>822.3</ele><time>2026-05-22T06:40:30.400Z</time></trkpt><trkpt lon="-7.09489" lat="40.3095"><ele>821.4</ele><time>2026-05-22T06:40:32.400Z</time></trkpt><trkpt lon="-7.09515" lat="40.30964"><ele>821.3</ele><time>2026-05-22T06:40:34.500Z</time></trkpt><trkpt lon="-7.09533" lat="40.3098233"><ele>822.0</ele><time>2026-05-22T06:40:37.100Z</time></trkpt><trkpt lon="-7.09551" lat="40.3100067"><ele>822.8</ele><time>2026-05-22T06:40:39.700Z</time></trkpt><trkpt lon="-7.09569" lat="40.31019"><ele>823.5</ele><time>2026-05-22T06:40:42.300Z</time></trkpt><trkpt lon="-7.09587" lat="40.3103733"><ele>823.8</ele><time>2026-05-22T06:40:44.600Z</time></trkpt><trkpt lon="-7.09605" lat="40.3105567"><ele>824.1</ele><time>2026-05-22T06:40:46.800Z</time></trkpt><trkpt lon="-7.09623" lat="40.31074"><ele>824.3</ele><time>2026-05-22T06:40:49.000Z</time></trkpt><trkpt lon="-7.09637" lat="40.31093"><ele>823.8</ele><time>2026-05-22T06:40:50.700Z</time></trkpt><trkpt lon="-7.09651" lat="40.3111133"><ele>822.7</ele><time>2026-05-22T06:40:52.100Z</time></trkpt><trkpt lon="-7.09679" lat="40.31148"><ele>820.1</ele><time>2026-05-22T06:40:54.900Z</time></trkpt><trkpt lon="-7.0969" lat="40.3116633"><ele>818.8</ele><time>2026-05-22T06:40:56.200Z</time></trkpt><trkpt lon="-7.09712" lat="40.31203"><ele>816.1</ele><time>2026-05-22T06:40:58.700Z</time></trkpt><trkpt lon="-7.09723" lat="40.3122767"><ele>814.4</ele><time>2026-05-22T06:41:00.400Z</time></trkpt><trkpt lon="-7.09734" lat="40.3125233"><ele>812.8</ele><time>2026-05-22T06:41:02.100Z</time></trkpt><trkpt lon="-7.09745" lat="40.31277"><ele>811.3</ele><time>2026-05-22T06:41:03.800Z</time></trkpt><trkpt lon="-7.09751" lat="40.31302"><ele>810.7</ele><time>2026-05-22T06:41:05.800Z</time></trkpt><trkpt lon="-7.09757" lat="40.31327"><ele>810.3</ele><time>2026-05-22T06:41:07.900Z</time></trkpt><trkpt lon="-7.09763" lat="40.31352"><ele>809.9</ele><time>2026-05-22T06:41:09.900Z</time></trkpt><trkpt lon="-7.097655" lat="40.313735"><ele>810.2</ele><time>2026-05-22T06:41:12.000Z</time></trkpt><trkpt lon="-7.09768" lat="40.31395"><ele>810.5</ele><time>2026-05-22T06:41:14.200Z</time></trkpt><trkpt lon="-7.09773" lat="40.31438"><ele>811.1</ele><time>2026-05-22T06:41:18.500Z</time></trkpt><trkpt lon="-7.0978" lat="40.31469"><ele>811.7</ele><time>2026-05-22T06:41:21.700Z</time></trkpt><trkpt lon="-7.09788" lat="40.31486"><ele>812.0</ele><time>2026-05-22T06:41:23.600Z</time></trkpt><trkpt lon="-7.098" lat="40.315045"><ele>812.3</ele><time>2026-05-22T06:41:25.600Z</time></trkpt><trkpt lon="-7.09812" lat="40.31523"><ele>812.6</ele><time>2026-05-22T06:41:27.700Z</time></trkpt><trkpt lon="-7.0982933" lat="40.3154183"><ele>813.0</ele><time>2026-05-22T06:41:30.000Z</time></trkpt><trkpt lon="-7.0984667" lat="40.3156067"><ele>813.4</ele><time>2026-05-22T06:41:32.300Z</time></trkpt><trkpt lon="-7.09864" lat="40.315795"><ele>813.8</ele><time>2026-05-22T06:41:34.700Z</time></trkpt><trkpt lon="-7.0988133" lat="40.3159833"><ele>814.7</ele><time>2026-05-22T06:41:37.500Z</time></trkpt><trkpt lon="-7.0989867" lat="40.3161717"><ele>815.7</ele><time>2026-05-22T06:41:40.500Z</time></trkpt><trkpt lon="-7.09916" lat="40.31636"><ele>816.7</ele><time>2026-05-22T06:41:43.400Z</time></trkpt><trkpt lon="-7.0993" lat="40.31649"><ele>817.3</ele><time>2026-05-22T06:41:45.400Z</time></trkpt><trkpt lon="-7.0996" lat="40.3167"><ele>818.2</ele><time>2026-05-22T06:41:48.800Z</time></trkpt><trkpt lon="-7.09989" lat="40.31682"><ele>818.4</ele><time>2026-05-22T06:41:51.200Z</time></trkpt><trkpt lon="-7.1001233" lat="40.3169"><ele>818.2</ele><time>2026-05-22T06:41:52.900Z</time></trkpt><trkpt lon="-7.10059" lat="40.31706"><ele>817.9</ele><time>2026-05-22T06:41:56.100Z</time></trkpt><trkpt lon="-7.1008" lat="40.31717"><ele>817.8</ele><time>2026-05-22T06:41:57.800Z</time></trkpt><trkpt lon="-7.10097" lat="40.3173"><ele>818.0</ele><time>2026-05-22T06:41:59.600Z</time></trkpt><trkpt lon="-7.10118" lat="40.31749"><ele>818.6</ele><time>2026-05-22T06:42:02.200Z</time></trkpt><trkpt lon="-7.10139" lat="40.31776"><ele>819.6</ele><time>2026-05-22T06:42:05.800Z</time></trkpt><trkpt lon="-7.10155" lat="40.31806"><ele>819.9</ele><time>2026-05-22T06:42:09.000Z</time></trkpt><trkpt lon="-7.1016108" lat="40.3182617"><ele>820.3</ele><time>2026-05-22T06:42:11.000Z</time></trkpt><trkpt lon="-7.1016717" lat="40.3184633"><ele>820.6</ele><time>2026-05-22T06:42:13.100Z</time></trkpt><trkpt lon="-7.1017933" lat="40.3188667"><ele>821.3</ele><time>2026-05-22T06:42:17.300Z</time></trkpt><trkpt lon="-7.1018542" lat="40.3190683"><ele>821.3</ele><time>2026-05-22T06:42:19.200Z</time></trkpt><trkpt lon="-7.101915" lat="40.31927"><ele>821.3</ele><time>2026-05-22T06:42:21.000Z</time></trkpt><trkpt lon="-7.1020367" lat="40.3196733"><ele>821.2</ele><time>2026-05-22T06:42:24.600Z</time></trkpt><trkpt lon="-7.1020975" lat="40.319875"><ele>820.9</ele><time>2026-05-22T06:42:26.300Z</time></trkpt><trkpt lon="-7.1021583" lat="40.3200767"><ele>820.5</ele><time>2026-05-22T06:42:27.900Z</time></trkpt><trkpt lon="-7.10228" lat="40.32048"><ele>819.8</ele><time>2026-05-22T06:42:31.300Z</time></trkpt><trkpt lon="-7.10247" lat="40.3208"><ele>819.9</ele><time>2026-05-22T06:42:34.400Z</time></trkpt><trkpt lon="-7.10276" lat="40.321"><ele>820.1</ele><time>2026-05-22T06:42:37.300Z</time></trkpt><trkpt lon="-7.1029967" lat="40.3211289"><ele>820.2</ele><time>2026-05-22T06:42:39.300Z</time></trkpt><trkpt lon="-7.10347" lat="40.3213867"><ele>820.4</ele><time>2026-05-22T06:42:43.400Z</time></trkpt><trkpt lon="-7.1037067" lat="40.3215156"><ele>820.7</ele><time>2026-05-22T06:42:45.600Z</time></trkpt><trkpt lon="-7.1039433" lat="40.3216444"><ele>821.0</ele><time>2026-05-22T06:42:47.800Z</time></trkpt><trkpt lon="-7.10418" lat="40.3217733"><ele>821.4</ele><time>2026-05-22T06:42:50.000Z</time></trkpt><trkpt lon="-7.1044167" lat="40.3219022"><ele>821.5</ele><time>2026-05-22T06:42:52.100Z</time></trkpt><trkpt lon="-7.1046533" lat="40.3220311"><ele>821.6</ele><time>2026-05-22T06:42:54.100Z</time></trkpt><trkpt lon="-7.10489" lat="40.32216"><ele>821.8</ele><time>2026-05-22T06:42:56.200Z</time></trkpt><trkpt lon="-7.105135" lat="40.3222575"><ele>821.7</ele><time>2026-05-22T06:42:58.000Z</time></trkpt><trkpt lon="-7.10538" lat="40.322355"><ele>821.7</ele><time>2026-05-22T06:42:59.900Z</time></trkpt><trkpt lon="-7.10587" lat="40.32255"><ele>821.8</ele><time>2026-05-22T06:43:03.600Z</time></trkpt><trkpt lon="-7.106115" lat="40.3226475"><ele>822.5</ele><time>2026-05-22T06:43:06.100Z</time></trkpt><trkpt lon="-7.10636" lat="40.322745"><ele>823.3</ele><time>2026-05-22T06:43:08.700Z</time></trkpt><trkpt lon="-7.106605" lat="40.3228425"><ele>824.2</ele><time>2026-05-22T06:43:11.300Z</time></trkpt><trkpt lon="-7.10685" lat="40.32294"><ele>825.0</ele><time>2026-05-22T06:43:13.900Z</time></trkpt><trkpt lon="-7.107095" lat="40.3230375"><ele>826.3</ele><time>2026-05-22T06:43:17.200Z</time></trkpt><trkpt lon="-7.10734" lat="40.323135"><ele>827.7</ele><time>2026-05-22T06:43:20.500Z</time></trkpt><trkpt lon="-7.107585" lat="40.3232325"><ele>829.1</ele><time>2026-05-22T06:43:23.800Z</time></trkpt><trkpt lon="-7.10783" lat="40.32333"><ele>830.2</ele><time>2026-05-22T06:43:26.900Z</time></trkpt><trkpt lon="-7.108075" lat="40.3234275"><ele>829.5</ele><time>2026-05-22T06:43:28.400Z</time></trkpt><trkpt lon="-7.10832" lat="40.323525"><ele>828.6</ele><time>2026-05-22T06:43:29.900Z</time></trkpt><trkpt lon="-7.10881" lat="40.32372"><ele>826.9</ele><time>2026-05-22T06:43:32.900Z</time></trkpt><trkpt lon="-7.109055" lat="40.3238175"><ele>826.1</ele><time>2026-05-22T06:43:34.400Z</time></trkpt><trkpt lon="-7.1093" lat="40.323915"><ele>825.4</ele><time>2026-05-22T06:43:36.000Z</time></trkpt><trkpt lon="-7.10979" lat="40.32411"><ele>824.0</ele><time>2026-05-22T06:43:39.100Z</time></trkpt><trkpt lon="-7.1100825" lat="40.3242225"><ele>823.7</ele><time>2026-05-22T06:43:41.100Z</time></trkpt><trkpt lon="-7.110375" lat="40.324335"><ele>823.6</ele><time>2026-05-22T06:43:43.300Z</time></trkpt><trkpt lon="-7.11057" lat="40.32441"><ele>824.1</ele><time>2026-05-22T06:43:45.100Z</time></trkpt><trkpt lon="-7.11096" lat="40.32456"><ele>825.3</ele><time>2026-05-22T06:43:49.100Z</time></trkpt><trkpt lon="-7.1111" lat="40.32469"><ele>826.2</ele><time>2026-05-22T06:43:51.600Z</time></trkpt><trkpt lon="-7.11124" lat="40.32482"><ele>827.4</ele><time>2026-05-22T06:43:54.300Z</time></trkpt><trkpt lon="-7.111305" lat="40.3249675"><ele>828.9</ele><time>2026-05-22T06:43:57.500Z</time></trkpt><trkpt lon="-7.11137" lat="40.325115"><ele>830.5</ele><time>2026-05-22T06:44:00.800Z</time></trkpt><trkpt lon="-7.1115" lat="40.32541"><ele>833.6</ele><time>2026-05-22T06:44:07.400Z</time></trkpt><trkpt lon="-7.11164" lat="40.32554"><ele>834.8</ele><time>2026-05-22T06:44:10.300Z</time></trkpt><trkpt lon="-7.11178" lat="40.32567"><ele>836.0</ele><time>2026-05-22T06:44:13.000Z</time></trkpt><trkpt lon="-7.112025" lat="40.325735"><ele>837.2</ele><time>2026-05-22T06:44:16.000Z</time></trkpt><trkpt lon="-7.11227" lat="40.3258"><ele>838.3</ele><time>2026-05-22T06:44:19.000Z</time></trkpt><trkpt lon="-7.11253" lat="40.3258092"><ele>839.7</ele><time>2026-05-22T06:44:22.200Z</time></trkpt><trkpt lon="-7.11279" lat="40.3258183"><ele>841.1</ele><time>2026-05-22T06:44:25.500Z</time></trkpt><trkpt lon="-7.11305" lat="40.3258275"><ele>842.4</ele><time>2026-05-22T06:44:28.700Z</time></trkpt><trkpt lon="-7.11331" lat="40.3258367"><ele>843.7</ele><time>2026-05-22T06:44:31.900Z</time></trkpt><trkpt lon="-7.11357" lat="40.3258458"><ele>844.3</ele><time>2026-05-22T06:44:34.000Z</time></trkpt><trkpt lon="-7.11383" lat="40.325855"><ele>844.7</ele><time>2026-05-22T06:44:36.100Z</time></trkpt><trkpt lon="-7.11435" lat="40.3258733"><ele>845.6</ele><time>2026-05-22T06:44:40.300Z</time></trkpt><trkpt lon="-7.11461" lat="40.3258825"><ele>846.0</ele><time>2026-05-22T06:44:42.400Z</time></trkpt><trkpt lon="-7.11487" lat="40.3258917"><ele>846.4</ele><time>2026-05-22T06:44:44.400Z</time></trkpt><trkpt lon="-7.11539" lat="40.32591"><ele>847.3</ele><time>2026-05-22T06:44:48.600Z</time></trkpt><trkpt lon="-7.11561" lat="40.32596"><ele>847.9</ele><time>2026-05-22T06:44:50.700Z</time></trkpt><trkpt lon="-7.11584" lat="40.32618"><ele>849.5</ele><time>2026-05-22T06:44:54.900Z</time></trkpt><trkpt lon="-7.1159175" lat="40.32634"><ele>850.7</ele><time>2026-05-22T06:44:57.700Z</time></trkpt><trkpt lon="-7.115995" lat="40.3265"><ele>852.0</ele><time>2026-05-22T06:45:00.600Z</time></trkpt><trkpt lon="-7.11615" lat="40.32682"><ele>854.4</ele><time>2026-05-22T06:45:06.300Z</time></trkpt><trkpt lon="-7.11645" lat="40.327"><ele>855.3</ele><time>2026-05-22T06:45:09.600Z</time></trkpt><trkpt lon="-7.116715" lat="40.327055"><ele>854.7</ele><time>2026-05-22T06:45:11.200Z</time></trkpt><trkpt lon="-7.117245" lat="40.327165"><ele>853.3</ele><time>2026-05-22T06:45:14.200Z</time></trkpt><trkpt lon="-7.11751" lat="40.32722"><ele>852.8</ele><time>2026-05-22T06:45:15.900Z</time></trkpt><trkpt lon="-7.11804" lat="40.32733"><ele>852.0</ele><time>2026-05-22T06:45:19.200Z</time></trkpt><trkpt lon="-7.1181458" lat="40.32713"><ele>852.4</ele><time>2026-05-22T06:45:21.400Z</time></trkpt><trkpt lon="-7.1182517" lat="40.32693"><ele>853.0</ele><time>2026-05-22T06:45:23.700Z</time></trkpt><trkpt lon="-7.1184634" lat="40.32653"><ele>854.0</ele><time>2026-05-22T06:45:28.400Z</time></trkpt><trkpt lon="-7.1185692" lat="40.32633"><ele>854.7</ele><time>2026-05-22T06:45:30.800Z</time></trkpt><trkpt lon="-7.118675" lat="40.32613"><ele>855.3</ele><time>2026-05-22T06:45:33.200Z</time></trkpt><trkpt lon="-7.1187809" lat="40.32593"><ele>856.0</ele><time>2026-05-22T06:45:35.600Z</time></trkpt><trkpt lon="-7.1188867" lat="40.32573"><ele>856.6</ele><time>2026-05-22T06:45:38.000Z</time></trkpt><trkpt lon="-7.1189925" lat="40.32553"><ele>857.3</ele><time>2026-05-22T06:45:40.500Z</time></trkpt><trkpt lon="-7.1190984" lat="40.32533"><ele>858.0</ele><time>2026-05-22T06:45:43.000Z</time></trkpt><trkpt lon="-7.1192042" lat="40.32513"><ele>858.7</ele><time>2026-05-22T06:45:45.400Z</time></trkpt><trkpt lon="-7.11931" lat="40.32493"><ele>859.4</ele><time>2026-05-22T06:45:47.800Z</time></trkpt><trkpt lon="-7.1194159" lat="40.32473"><ele>859.6</ele><time>2026-05-22T06:45:50.000Z</time></trkpt><trkpt lon="-7.1195217" lat="40.32453"><ele>859.9</ele><time>2026-05-22T06:45:52.100Z</time></trkpt><trkpt lon="-7.1197334" lat="40.32413"><ele>860.4</ele><time>2026-05-22T06:45:56.300Z</time></trkpt><trkpt lon="-7.1198392" lat="40.32393"><ele>860.9</ele><time>2026-05-22T06:45:58.600Z</time></trkpt><trkpt lon="-7.119945" lat="40.32373"><ele>861.5</ele><time>2026-05-22T06:46:01.000Z</time></trkpt><trkpt lon="-7.1201567" lat="40.32333"><ele>862.8</ele><time>2026-05-22T06:46:05.800Z</time></trkpt><trkpt lon="-7.1202625" lat="40.32313"><ele>863.9</ele><time>2026-05-22T06:46:08.900Z</time></trkpt><trkpt lon="-7.1203683" lat="40.32293"><ele>865.1</ele><time>2026-05-22T06:46:12.100Z</time></trkpt><trkpt lon="-7.1204742" lat="40.32273"><ele>866.4</ele><time>2026-05-22T06:46:15.300Z</time></trkpt><trkpt lon="-7.12058" lat="40.32253"><ele>867.6</ele><time>2026-05-22T06:46:18.500Z</time></trkpt><trkpt lon="-7.120685" lat="40.322365"><ele>868.4</ele><time>2026-05-22T06:46:20.900Z</time></trkpt><trkpt lon="-7.12079" lat="40.3222"><ele>869.3</ele><time>2026-05-22T06:46:23.400Z</time></trkpt><trkpt lon="-7.121" lat="40.32187"><ele>871.0</ele><time>2026-05-22T06:46:28.300Z</time></trkpt><trkpt lon="-7.12125" lat="40.32172"><ele>871.9</ele><time>2026-05-22T06:46:31.200Z</time></trkpt><trkpt lon="-7.12166" lat="40.3216"><ele>872.6</ele><time>2026-05-22T06:46:34.700Z</time></trkpt><trkpt lon="-7.1221" lat="40.32155"><ele>874.2</ele><time>2026-05-22T06:46:39.200Z</time></trkpt><trkpt lon="-7.1223367" lat="40.3215533"><ele>875.5</ele><time>2026-05-22T06:46:42.200Z</time></trkpt><trkpt lon="-7.1225733" lat="40.3215567"><ele>876.8</ele><time>2026-05-22T06:46:45.200Z</time></trkpt><trkpt lon="-7.12281" lat="40.32156"><ele>878.0</ele><time>2026-05-22T06:46:48.200Z</time></trkpt><trkpt lon="-7.12307" lat="40.321555"><ele>879.4</ele><time>2026-05-22T06:46:51.500Z</time></trkpt><trkpt lon="-7.12333" lat="40.32155"><ele>880.8</ele><time>2026-05-22T06:46:54.700Z</time></trkpt><trkpt lon="-7.12354" lat="40.32153"><ele>881.6</ele><time>2026-05-22T06:46:56.900Z</time></trkpt><trkpt lon="-7.12368" lat="40.32148"><ele>882.1</ele><time>2026-05-22T06:46:58.500Z</time></trkpt><trkpt lon="-7.12383" lat="40.3214"><ele>882.4</ele><time>2026-05-22T06:46:59.900Z</time></trkpt><trkpt lon="-7.1240467" lat="40.321495"><ele>882.6</ele><time>2026-05-22T06:47:01.800Z</time></trkpt><trkpt lon="-7.12448" lat="40.321685"><ele>883.0</ele><time>2026-05-22T06:47:05.400Z</time></trkpt><trkpt lon="-7.1246967" lat="40.32178"><ele>883.6</ele><time>2026-05-22T06:47:07.600Z</time></trkpt><trkpt lon="-7.12513" lat="40.32197"><ele>884.8</ele><time>2026-05-22T06:47:11.900Z</time></trkpt><trkpt lon="-7.12534" lat="40.32205"><ele>885.3</ele><time>2026-05-22T06:47:13.900Z</time></trkpt><trkpt lon="-7.12576" lat="40.32221"><ele>886.0</ele><time>2026-05-22T06:47:17.600Z</time></trkpt><trkpt lon="-7.1260033" lat="40.32226"><ele>885.8</ele><time>2026-05-22T06:47:19.200Z</time></trkpt><trkpt lon="-7.12649" lat="40.32236"><ele>884.9</ele><time>2026-05-22T06:47:22.200Z</time></trkpt><trkpt lon="-7.12677" lat="40.32232"><ele>882.1</ele><time>2026-05-22T06:47:23.800Z</time></trkpt><trkpt lon="-7.1271" lat="40.32224"><ele>879.2</ele><time>2026-05-22T06:47:25.600Z</time></trkpt><trkpt lon="-7.12743" lat="40.32225"><ele>877.6</ele><time>2026-05-22T06:47:27.200Z</time></trkpt><trkpt lon="-7.12776" lat="40.32226"><ele>876.0</ele><time>2026-05-22T06:47:28.800Z</time></trkpt><trkpt lon="-7.12797" lat="40.32221"><ele>874.8</ele><time>2026-05-22T06:47:29.900Z</time></trkpt><trkpt lon="-7.1282133" lat="40.3220933"><ele>873.7</ele><time>2026-05-22T06:47:31.400Z</time></trkpt><trkpt lon="-7.1287" lat="40.32186"><ele>871.6</ele><time>2026-05-22T06:47:34.400Z</time></trkpt><trkpt lon="-7.1291" lat="40.32171"><ele>870.6</ele><time>2026-05-22T06:47:36.900Z</time></trkpt><trkpt lon="-7.1294325" lat="40.32165"><ele>870.4</ele><time>2026-05-22T06:47:39.100Z</time></trkpt><trkpt lon="-7.129765" lat="40.32159"><ele>870.1</ele><time>2026-05-22T06:47:41.300Z</time></trkpt><trkpt lon="-7.1300975" lat="40.32153"><ele>869.5</ele><time>2026-05-22T06:47:43.300Z</time></trkpt><trkpt lon="-7.13043" lat="40.32147"><ele>868.7</ele><time>2026-05-22T06:47:45.300Z</time></trkpt><trkpt lon="-7.130595" lat="40.321645"><ele>867.0</ele><time>2026-05-22T06:47:46.600Z</time></trkpt><trkpt lon="-7.13076" lat="40.32182"><ele>865.1</ele><time>2026-05-22T06:47:48.000Z</time></trkpt><trkpt lon="-7.13095" lat="40.32212"><ele>863.1</ele><time>2026-05-22T06:47:50.100Z</time></trkpt><trkpt lon="-7.13071" lat="40.32249"><ele>860.2</ele><time>2026-05-22T06:47:52.800Z</time></trkpt><trkpt lon="-7.130735" lat="40.32272"><ele>858.6</ele><time>2026-05-22T06:47:54.300Z</time></trkpt><trkpt lon="-7.13076" lat="40.32295"><ele>857.0</ele><time>2026-05-22T06:47:55.800Z</time></trkpt><trkpt lon="-7.1307333" lat="40.323155"><ele>856.0</ele><time>2026-05-22T06:47:57.200Z</time></trkpt><trkpt lon="-7.13068" lat="40.323565"><ele>854.1</ele><time>2026-05-22T06:48:00.000Z</time></trkpt><trkpt lon="-7.1306533" lat="40.32377"><ele>852.6</ele><time>2026-05-22T06:48:01.300Z</time></trkpt><trkpt lon="-7.1306" lat="40.32418"><ele>849.6</ele><time>2026-05-22T06:48:03.900Z</time></trkpt><trkpt lon="-7.13067" lat="40.32446"><ele>848.1</ele><time>2026-05-22T06:48:05.800Z</time></trkpt><trkpt lon="-7.13088" lat="40.3246"><ele>847.6</ele><time>2026-05-22T06:48:07.400Z</time></trkpt><trkpt lon="-7.131125" lat="40.324695"><ele>847.1</ele><time>2026-05-22T06:48:09.100Z</time></trkpt><trkpt lon="-7.13137" lat="40.32479"><ele>846.8</ele><time>2026-05-22T06:48:10.800Z</time></trkpt><trkpt lon="-7.13156" lat="40.32508"><ele>846.7</ele><time>2026-05-22T06:48:13.600Z</time></trkpt><trkpt lon="-7.13156" lat="40.325305"><ele>847.1</ele><time>2026-05-22T06:48:15.900Z</time></trkpt><trkpt lon="-7.13156" lat="40.32553"><ele>847.7</ele><time>2026-05-22T06:48:18.300Z</time></trkpt><trkpt lon="-7.1317" lat="40.32578"><ele>849.0</ele><time>2026-05-22T06:48:22.000Z</time></trkpt><trkpt lon="-7.1317667" lat="40.3259333"><ele>850.0</ele><time>2026-05-22T06:48:24.500Z</time></trkpt><trkpt lon="-7.1319" lat="40.32624"><ele>851.8</ele><time>2026-05-22T06:48:29.300Z</time></trkpt><trkpt lon="-7.13194" lat="40.32648"><ele>851.6</ele><time>2026-05-22T06:48:31.400Z</time></trkpt><trkpt lon="-7.13198" lat="40.32672"><ele>851.3</ele><time>2026-05-22T06:48:33.300Z</time></trkpt><trkpt lon="-7.13202" lat="40.32696"><ele>850.8</ele><time>2026-05-22T06:48:35.200Z</time></trkpt><trkpt lon="-7.1320833" lat="40.3272317"><ele>848.7</ele><time>2026-05-22T06:48:37.000Z</time></trkpt><trkpt lon="-7.1321467" lat="40.3275033"><ele>846.6</ele><time>2026-05-22T06:48:38.700Z</time></trkpt><trkpt lon="-7.13221" lat="40.327775"><ele>844.4</ele><time>2026-05-22T06:48:40.500Z</time></trkpt><trkpt lon="-7.1322733" lat="40.3280467"><ele>842.5</ele><time>2026-05-22T06:48:42.200Z</time></trkpt><trkpt lon="-7.1323367" lat="40.3283183"><ele>840.7</ele><time>2026-05-22T06:48:44.000Z</time></trkpt><trkpt lon="-7.1324" lat="40.32859"><ele>839.0</ele><time>2026-05-22T06:48:45.800Z</time></trkpt><trkpt lon="-7.13246" lat="40.3288225"><ele>838.3</ele><time>2026-05-22T06:48:47.600Z</time></trkpt><trkpt lon="-7.13252" lat="40.329055"><ele>837.8</ele><time>2026-05-22T06:48:49.500Z</time></trkpt><trkpt lon="-7.13258" lat="40.3292875"><ele>837.4</ele><time>2026-05-22T06:48:51.400Z</time></trkpt><trkpt lon="-7.13264" lat="40.32952"><ele>837.0</ele><time>2026-05-22T06:48:53.300Z</time></trkpt><trkpt lon="-7.13266" lat="40.32992"><ele>837.0</ele><time>2026-05-22T06:48:56.800Z</time></trkpt><trkpt lon="-7.13263" lat="40.3301067"><ele>837.2</ele><time>2026-05-22T06:48:58.700Z</time></trkpt><trkpt lon="-7.13257" lat="40.33048"><ele>837.8</ele><time>2026-05-22T06:49:02.400Z</time></trkpt><trkpt lon="-7.1324917" lat="40.3306883"><ele>838.4</ele><time>2026-05-22T06:49:04.800Z</time></trkpt><trkpt lon="-7.1324133" lat="40.3308967"><ele>839.0</ele><time>2026-05-22T06:49:07.300Z</time></trkpt><trkpt lon="-7.132335" lat="40.331105"><ele>839.6</ele><time>2026-05-22T06:49:09.600Z</time></trkpt><trkpt lon="-7.1322567" lat="40.3313133"><ele>839.3</ele><time>2026-05-22T06:49:11.400Z</time></trkpt><trkpt lon="-7.1321" lat="40.33173"><ele>838.6</ele><time>2026-05-22T06:49:14.900Z</time></trkpt><trkpt lon="-7.132105" lat="40.3320025"><ele>837.2</ele><time>2026-05-22T06:49:16.700Z</time></trkpt><trkpt lon="-7.13211" lat="40.332275"><ele>835.9</ele><time>2026-05-22T06:49:18.500Z</time></trkpt><trkpt lon="-7.132115" lat="40.3325475"><ele>834.8</ele><time>2026-05-22T06:49:20.500Z</time></trkpt><trkpt lon="-7.13212" lat="40.33282"><ele>833.9</ele><time>2026-05-22T06:49:22.500Z</time></trkpt><trkpt lon="-7.1321" lat="40.333045"><ele>833.2</ele><time>2026-05-22T06:49:24.200Z</time></trkpt><trkpt lon="-7.13208" lat="40.33327"><ele>832.6</ele><time>2026-05-22T06:49:25.900Z</time></trkpt><trkpt lon="-7.13206" lat="40.333495"><ele>831.7</ele><time>2026-05-22T06:49:27.500Z</time></trkpt><trkpt lon="-7.13204" lat="40.33372"><ele>830.7</ele><time>2026-05-22T06:49:29.100Z</time></trkpt><trkpt lon="-7.1320033" lat="40.3339933"><ele>829.1</ele><time>2026-05-22T06:49:30.900Z</time></trkpt><trkpt lon="-7.1319667" lat="40.3342667"><ele>827.5</ele><time>2026-05-22T06:49:32.700Z</time></trkpt><trkpt lon="-7.13193" lat="40.33454"><ele>826.0</ele><time>2026-05-22T06:49:34.500Z</time></trkpt><trkpt lon="-7.13204" lat="40.33475"><ele>825.4</ele><time>2026-05-22T06:49:36.200Z</time></trkpt><trkpt lon="-7.13215" lat="40.33496"><ele>825.0</ele><time>2026-05-22T06:49:38.000Z</time></trkpt><trkpt lon="-7.13209" lat="40.33521"><ele>824.7</ele><time>2026-05-22T06:49:40.100Z</time></trkpt><trkpt lon="-7.13203" lat="40.33546"><ele>824.4</ele><time>2026-05-22T06:49:42.200Z</time></trkpt><trkpt lon="-7.13207" lat="40.33555"><ele>824.1</ele><time>2026-05-22T06:49:43.000Z</time></trkpt><trkpt lon="-7.1322267" lat="40.3357133"><ele>823.3</ele><time>2026-05-22T06:49:44.400Z</time></trkpt><trkpt lon="-7.13254" lat="40.33604"><ele>821.5</ele><time>2026-05-22T06:49:47.200Z</time></trkpt><trkpt lon="-7.13254" lat="40.33612"><ele>821.2</ele><time>2026-05-22T06:49:47.700Z</time></trkpt><trkpt lon="-7.132505" lat="40.336325"><ele>820.9</ele><time>2026-05-22T06:49:49.400Z</time></trkpt><trkpt lon="-7.13247" lat="40.33653"><ele>820.6</ele><time>2026-05-22T06:49:51.200Z</time></trkpt><trkpt lon="-7.13259" lat="40.33677"><ele>820.5</ele><time>2026-05-22T06:49:53.300Z</time></trkpt><trkpt lon="-7.13252" lat="40.33717"><ele>820.1</ele><time>2026-05-22T06:49:56.700Z</time></trkpt><trkpt lon="-7.13239" lat="40.337365"><ele>819.5</ele><time>2026-05-22T06:49:58.400Z</time></trkpt><trkpt lon="-7.13226" lat="40.33756"><ele>818.7</ele><time>2026-05-22T06:50:00.000Z</time></trkpt><trkpt lon="-7.13208" lat="40.33768"><ele>816.7</ele><time>2026-05-22T06:50:01.200Z</time></trkpt><trkpt lon="-7.13162" lat="40.33775"><ele>815.8</ele><time>2026-05-22T06:50:03.900Z</time></trkpt><trkpt lon="-7.13148" lat="40.3378"><ele>815.4</ele><time>2026-05-22T06:50:04.800Z</time></trkpt><trkpt lon="-7.13141" lat="40.33786"><ele>815.0</ele><time>2026-05-22T06:50:05.300Z</time></trkpt><trkpt lon="-7.13138" lat="40.33795"><ele>814.5</ele><time>2026-05-22T06:50:05.900Z</time></trkpt><trkpt lon="-7.13131" lat="40.33808"><ele>814.2</ele><time>2026-05-22T06:50:07.000Z</time></trkpt><trkpt lon="-7.13114" lat="40.33816"><ele>813.8</ele><time>2026-05-22T06:50:08.200Z</time></trkpt><trkpt lon="-7.13102" lat="40.33828"><ele>812.8</ele><time>2026-05-22T06:50:09.200Z</time></trkpt><trkpt lon="-7.1309" lat="40.33848"><ele>811.6</ele><time>2026-05-22T06:50:10.600Z</time></trkpt><trkpt lon="-7.13086" lat="40.33861"><ele>810.7</ele><time>2026-05-22T06:50:11.500Z</time></trkpt><trkpt lon="-7.13096" lat="40.33865"><ele>810.0</ele><time>2026-05-22T06:50:12.000Z</time></trkpt><trkpt lon="-7.13102" lat="40.33872"><ele>809.3</ele><time>2026-05-22T06:50:12.500Z</time></trkpt><trkpt lon="-7.13125" lat="40.33883"><ele>808.1</ele><time>2026-05-22T06:50:13.900Z</time></trkpt><trkpt lon="-7.13161" lat="40.33893"><ele>807.3</ele><time>2026-05-22T06:50:16.100Z</time></trkpt><trkpt lon="-7.13189" lat="40.33906"><ele>807.4</ele><time>2026-05-22T06:50:18.400Z</time></trkpt><trkpt lon="-7.13193" lat="40.33918"><ele>807.6</ele><time>2026-05-22T06:50:19.700Z</time></trkpt><trkpt lon="-7.13189" lat="40.33932"><ele>808.0</ele><time>2026-05-22T06:50:21.200Z</time></trkpt><trkpt lon="-7.13182" lat="40.33948"><ele>808.6</ele><time>2026-05-22T06:50:23.200Z</time></trkpt><trkpt lon="-7.13179" lat="40.33964"><ele>809.2</ele><time>2026-05-22T06:50:25.100Z</time></trkpt><trkpt lon="-7.13184" lat="40.33991"><ele>810.4</ele><time>2026-05-22T06:50:28.700Z</time></trkpt><trkpt lon="-7.13193" lat="40.34008"><ele>810.8</ele><time>2026-05-22T06:50:30.600Z</time></trkpt><trkpt lon="-7.13201" lat="40.34034"><ele>811.3</ele><time>2026-05-22T06:50:33.300Z</time></trkpt><trkpt lon="-7.13205" lat="40.34046"><ele>811.5</ele><time>2026-05-22T06:50:34.600Z</time></trkpt><trkpt lon="-7.13213" lat="40.34064"><ele>811.8</ele><time>2026-05-22T06:50:36.500Z</time></trkpt><trkpt lon="-7.13229" lat="40.341"><ele>812.7</ele><time>2026-05-22T06:50:40.500Z</time></trkpt><trkpt lon="-7.13235" lat="40.34107"><ele>813.1</ele><time>2026-05-22T06:50:41.600Z</time></trkpt><trkpt lon="-7.13239" lat="40.34131"><ele>813.4</ele><time>2026-05-22T06:50:44.000Z</time></trkpt><trkpt lon="-7.13242" lat="40.34134"><ele>813.5</ele><time>2026-05-22T06:50:44.400Z</time></trkpt><trkpt lon="-7.13252" lat="40.34134"><ele>813.6</ele><time>2026-05-22T06:50:45.200Z</time></trkpt><trkpt lon="-7.13254" lat="40.3413"><ele>813.7</ele><time>2026-05-22T06:50:45.700Z</time></trkpt><trkpt lon="-7.13254" lat="40.34127"><ele>813.8</ele><time>2026-05-22T06:50:46.000Z</time></trkpt><trkpt lon="-7.13266" lat="40.34123"><ele>814.6</ele><time>2026-05-22T06:50:47.700Z</time></trkpt><trkpt lon="-7.13288" lat="40.3411267"><ele>815.1</ele><time>2026-05-22T06:50:49.900Z</time></trkpt><trkpt lon="-7.13332" lat="40.34092"><ele>815.9</ele><time>2026-05-22T06:50:54.000Z</time></trkpt><trkpt lon="-7.13354" lat="40.3408167"><ele>816.7</ele><time>2026-05-22T06:50:56.500Z</time></trkpt><trkpt lon="-7.13376" lat="40.3407133"><ele>817.6</ele><time>2026-05-22T06:50:59.000Z</time></trkpt><trkpt lon="-7.13398" lat="40.34061"><ele>818.4</ele><time>2026-05-22T06:51:01.500Z</time></trkpt><trkpt lon="-7.1342067" lat="40.34056"><ele>818.9</ele><time>2026-05-22T06:51:03.400Z</time></trkpt><trkpt lon="-7.13466" lat="40.34046"><ele>819.7</ele><time>2026-05-22T06:51:07.200Z</time></trkpt><trkpt lon="-7.13495" lat="40.34045"><ele>820.0</ele><time>2026-05-22T06:51:09.400Z</time></trkpt><trkpt lon="-7.13524" lat="40.34044"><ele>820.2</ele><time>2026-05-22T06:51:11.500Z</time></trkpt><trkpt lon="-7.1355267" lat="40.34042"><ele>820.3</ele><time>2026-05-22T06:51:13.500Z</time></trkpt><trkpt lon="-7.1361" lat="40.34038"><ele>820.3</ele><time>2026-05-22T06:51:17.400Z</time></trkpt><trkpt lon="-7.1363925" lat="40.3403681"><ele>819.8</ele><time>2026-05-22T06:51:19.200Z</time></trkpt><trkpt lon="-7.136685" lat="40.3403563"><ele>819.3</ele><time>2026-05-22T06:51:20.900Z</time></trkpt><trkpt lon="-7.13727" lat="40.3403325"><ele>818.2</ele><time>2026-05-22T06:51:24.400Z</time></trkpt><trkpt lon="-7.1375625" lat="40.3403206"><ele>817.2</ele><time>2026-05-22T06:51:25.900Z</time></trkpt><trkpt lon="-7.137855" lat="40.3403088"><ele>816.1</ele><time>2026-05-22T06:51:27.400Z</time></trkpt><trkpt lon="-7.13844" lat="40.340285"><ele>814.0</ele><time>2026-05-22T06:51:30.500Z</time></trkpt><trkpt lon="-7.1387325" lat="40.3402731"><ele>813.4</ele><time>2026-05-22T06:51:32.200Z</time></trkpt><trkpt lon="-7.139025" lat="40.3402613"><ele>812.8</ele><time>2026-05-22T06:51:33.900Z</time></trkpt><trkpt lon="-7.13961" lat="40.3402375"><ele>811.7</ele><time>2026-05-22T06:51:37.300Z</time></trkpt><trkpt lon="-7.1399025" lat="40.3402256"><ele>811.6</ele><time>2026-05-22T06:51:39.200Z</time></trkpt><trkpt lon="-7.140195" lat="40.3402138"><ele>811.5</ele><time>2026-05-22T06:51:41.200Z</time></trkpt><trkpt lon="-7.14078" lat="40.34019"><ele>811.4</ele><time>2026-05-22T06:51:45.100Z</time></trkpt><trkpt lon="-7.141055" lat="40.340195"><ele>811.4</ele><time>2026-05-22T06:51:46.900Z</time></trkpt><trkpt lon="-7.14133" lat="40.3402"><ele>811.3</ele><time>2026-05-22T06:51:48.800Z</time></trkpt><trkpt lon="-7.14188" lat="40.34021"><ele>811.1</ele><time>2026-05-22T06:51:52.400Z</time></trkpt><trkpt lon="-7.1422167" lat="40.3402467"><ele>810.3</ele><time>2026-05-22T06:51:54.300Z</time></trkpt><trkpt lon="-7.1425533" lat="40.3402833"><ele>809.4</ele><time>2026-05-22T06:51:56.200Z</time></trkpt><trkpt lon="-7.14289" lat="40.34032"><ele>808.5</ele><time>2026-05-22T06:51:58.100Z</time></trkpt><trkpt lon="-7.143198" lat="40.3403687"><ele>807.7</ele><time>2026-05-22T06:51:59.900Z</time></trkpt><trkpt lon="-7.143506" lat="40.3404173"><ele>807.0</ele><time>2026-05-22T06:52:01.700Z</time></trkpt><trkpt lon="-7.143814" lat="40.340466"><ele>806.1</ele><time>2026-05-22T06:52:03.400Z</time></trkpt><trkpt lon="-7.144122" lat="40.3405147"><ele>805.1</ele><time>2026-05-22T06:52:05.100Z</time></trkpt><trkpt lon="-7.14443" lat="40.3405634"><ele>804.1</ele><time>2026-05-22T06:52:06.800Z</time></trkpt><trkpt lon="-7.144738" lat="40.340612"><ele>803.1</ele><time>2026-05-22T06:52:08.500Z</time></trkpt><trkpt lon="-7.145046" lat="40.3406607"><ele>802.5</ele><time>2026-05-22T06:52:10.300Z</time></trkpt><trkpt lon="-7.145354" lat="40.3407094"><ele>801.8</ele><time>2026-05-22T06:52:12.100Z</time></trkpt><trkpt lon="-7.145662" lat="40.340758"><ele>801.1</ele><time>2026-05-22T06:52:13.900Z</time></trkpt><trkpt lon="-7.14597" lat="40.3408067"><ele>799.9</ele><time>2026-05-22T06:52:15.500Z</time></trkpt><trkpt lon="-7.146278" lat="40.3408554"><ele>798.7</ele><time>2026-05-22T06:52:17.100Z</time></trkpt><trkpt lon="-7.146586" lat="40.340904"><ele>797.5</ele><time>2026-05-22T06:52:18.800Z</time></trkpt><trkpt lon="-7.146894" lat="40.3409527"><ele>796.3</ele><time>2026-05-22T06:52:20.400Z</time></trkpt><trkpt lon="-7.147202" lat="40.3410013"><ele>795.1</ele><time>2026-05-22T06:52:22.000Z</time></trkpt><trkpt lon="-7.14751" lat="40.34105"><ele>794.0</ele><time>2026-05-22T06:52:23.600Z</time></trkpt><trkpt lon="-7.1478333" lat="40.3410467"><ele>793.0</ele><time>2026-05-22T06:52:25.400Z</time></trkpt><trkpt lon="-7.1481567" lat="40.3410433"><ele>792.0</ele><time>2026-05-22T06:52:27.100Z</time></trkpt><trkpt lon="-7.14848" lat="40.34104"><ele>791.0</ele><time>2026-05-22T06:52:28.800Z</time></trkpt><trkpt lon="-7.1487833" lat="40.340964"><ele>789.3</ele><time>2026-05-22T06:52:30.400Z</time></trkpt><trkpt lon="-7.1490867" lat="40.340888"><ele>787.7</ele><time>2026-05-22T06:52:32.000Z</time></trkpt><trkpt lon="-7.14939" lat="40.340812"><ele>786.0</ele><time>2026-05-22T06:52:33.500Z</time></trkpt><trkpt lon="-7.1496933" lat="40.340736"><ele>784.8</ele><time>2026-05-22T06:52:35.200Z</time></trkpt><trkpt lon="-7.1499967" lat="40.34066"><ele>783.5</ele><time>2026-05-22T06:52:36.800Z</time></trkpt><trkpt lon="-7.1503" lat="40.340584"><ele>782.3</ele><time>2026-05-22T06:52:38.400Z</time></trkpt><trkpt lon="-7.1506034" lat="40.340508"><ele>781.0</ele><time>2026-05-22T06:52:40.000Z</time></trkpt><trkpt lon="-7.1509067" lat="40.340432"><ele>779.8</ele><time>2026-05-22T06:52:41.700Z</time></trkpt><trkpt lon="-7.15121" lat="40.340356"><ele>778.6</ele><time>2026-05-22T06:52:43.300Z</time></trkpt><trkpt lon="-7.1515134" lat="40.34028"><ele>777.4</ele><time>2026-05-22T06:52:44.900Z</time></trkpt><trkpt lon="-7.1518167" lat="40.340204"><ele>776.2</ele><time>2026-05-22T06:52:46.600Z</time></trkpt><trkpt lon="-7.15212" lat="40.340128"><ele>775.0</ele><time>2026-05-22T06:52:48.300Z</time></trkpt><trkpt lon="-7.1524233" lat="40.340052"><ele>774.5</ele><time>2026-05-22T06:52:50.200Z</time></trkpt><trkpt lon="-7.1527267" lat="40.339976"><ele>774.1</ele><time>2026-05-22T06:52:52.100Z</time></trkpt><trkpt lon="-7.15303" lat="40.3399"><ele>773.6</ele><time>2026-05-22T06:52:54.100Z</time></trkpt><trkpt lon="-7.1533167" lat="40.3397967"><ele>772.9</ele><time>2026-05-22T06:52:55.900Z</time></trkpt><trkpt lon="-7.1536033" lat="40.3396933"><ele>772.1</ele><time>2026-05-22T06:52:57.700Z</time></trkpt><trkpt lon="-7.15389" lat="40.33959"><ele>771.2</ele><time>2026-05-22T06:52:59.400Z</time></trkpt><trkpt lon="-7.15402" lat="40.33953"><ele>770.5</ele><time>2026-05-22T06:53:00.200Z</time></trkpt><trkpt lon="-7.1542431" lat="40.3393913"><ele>769.1</ele><time>2026-05-22T06:53:01.600Z</time></trkpt><trkpt lon="-7.1544663" lat="40.3392525"><ele>767.7</ele><time>2026-05-22T06:53:03.000Z</time></trkpt><trkpt lon="-7.1549125" lat="40.338975"><ele>765.0</ele><time>2026-05-22T06:53:05.800Z</time></trkpt><trkpt lon="-7.1551357" lat="40.3388363"><ele>764.2</ele><time>2026-05-22T06:53:07.500Z</time></trkpt><trkpt lon="-7.1553588" lat="40.3386975"><ele>763.5</ele><time>2026-05-22T06:53:09.100Z</time></trkpt><trkpt lon="-7.155805" lat="40.33842"><ele>762.0</ele><time>2026-05-22T06:53:12.300Z</time></trkpt><trkpt lon="-7.1560282" lat="40.3382813"><ele>760.8</ele><time>2026-05-22T06:53:13.800Z</time></trkpt><trkpt lon="-7.1562513" lat="40.3381425"><ele>759.4</ele><time>2026-05-22T06:53:15.200Z</time></trkpt><trkpt lon="-7.1566975" lat="40.337865"><ele>756.8</ele><time>2026-05-22T06:53:18.000Z</time></trkpt><trkpt lon="-7.1569206" lat="40.3377263"><ele>755.9</ele><time>2026-05-22T06:53:19.600Z</time></trkpt><trkpt lon="-7.1571438" lat="40.3375875"><ele>755.1</ele><time>2026-05-22T06:53:21.200Z</time></trkpt><trkpt lon="-7.15759" lat="40.33731"><ele>753.4</ele><time>2026-05-22T06:53:24.300Z</time></trkpt><trkpt lon="-7.15784" lat="40.33715"><ele>752.6</ele><time>2026-05-22T06:53:26.200Z</time></trkpt><trkpt lon="-7.15809" lat="40.33699"><ele>752.0</ele><time>2026-05-22T06:53:28.100Z</time></trkpt><trkpt lon="-7.15844" lat="40.33683"><ele>751.3</ele><time>2026-05-22T06:53:30.500Z</time></trkpt><trkpt lon="-7.15887" lat="40.33671"><ele>749.6</ele><time>2026-05-22T06:53:32.900Z</time></trkpt><trkpt lon="-7.15929" lat="40.33668"><ele>747.8</ele><time>2026-05-22T06:53:35.000Z</time></trkpt><trkpt lon="-7.15965" lat="40.3367233"><ele>746.0</ele><time>2026-05-22T06:53:36.800Z</time></trkpt><trkpt lon="-7.16001" lat="40.3367667"><ele>744.2</ele><time>2026-05-22T06:53:38.600Z</time></trkpt><trkpt lon="-7.16037" lat="40.33681"><ele>742.6</ele><time>2026-05-22T06:53:40.400Z</time></trkpt><trkpt lon="-7.16068" lat="40.33681"><ele>743.0</ele><time>2026-05-22T06:53:42.800Z</time></trkpt><trkpt lon="-7.16098" lat="40.33677"><ele>743.7</ele><time>2026-05-22T06:53:45.300Z</time></trkpt><trkpt lon="-7.161235" lat="40.33669"><ele>744.0</ele><time>2026-05-22T06:53:47.500Z</time></trkpt><trkpt lon="-7.16149" lat="40.33661"><ele>744.3</ele><time>2026-05-22T06:53:49.600Z</time></trkpt><trkpt lon="-7.16173" lat="40.33647"><ele>744.6</ele><time>2026-05-22T06:53:51.800Z</time></trkpt><trkpt lon="-7.1619038" lat="40.3363088"><ele>744.7</ele><time>2026-05-22T06:53:53.700Z</time></trkpt><trkpt lon="-7.1620775" lat="40.3361475"><ele>744.7</ele><time>2026-05-22T06:53:55.600Z</time></trkpt><trkpt lon="-7.162425" lat="40.335825"><ele>744.8</ele><time>2026-05-22T06:53:59.300Z</time></trkpt><trkpt lon="-7.1625988" lat="40.3356638"><ele>744.9</ele><time>2026-05-22T06:54:01.300Z</time></trkpt><trkpt lon="-7.1627725" lat="40.3355025"><ele>745.1</ele><time>2026-05-22T06:54:03.200Z</time></trkpt><trkpt lon="-7.16312" lat="40.33518"><ele>745.5</ele><time>2026-05-22T06:54:07.200Z</time></trkpt><trkpt lon="-7.1633425" lat="40.33505"><ele>746.3</ele><time>2026-05-22T06:54:09.900Z</time></trkpt><trkpt lon="-7.163565" lat="40.33492"><ele>747.3</ele><time>2026-05-22T06:54:12.600Z</time></trkpt><trkpt lon="-7.1637875" lat="40.33479"><ele>748.2</ele><time>2026-05-22T06:54:15.400Z</time></trkpt><trkpt lon="-7.16401" lat="40.33466"><ele>749.2</ele><time>2026-05-22T06:54:18.300Z</time></trkpt><trkpt lon="-7.16419" lat="40.334585"><ele>750.4</ele><time>2026-05-22T06:54:21.000Z</time></trkpt><trkpt lon="-7.16437" lat="40.33451"><ele>751.7</ele><time>2026-05-22T06:54:23.900Z</time></trkpt><trkpt lon="-7.16473" lat="40.33436"><ele>754.3</ele><time>2026-05-22T06:54:29.600Z</time></trkpt><trkpt lon="-7.1648967" lat="40.3343067"><ele>755.4</ele><time>2026-05-22T06:54:32.100Z</time></trkpt><trkpt lon="-7.16523" lat="40.3342"><ele>757.7</ele><time>2026-05-22T06:54:37.200Z</time></trkpt><trkpt lon="-7.1654467" lat="40.33416"><ele>759.2</ele><time>2026-05-22T06:54:40.600Z</time></trkpt><trkpt lon="-7.1656633" lat="40.33412"><ele>760.9</ele><time>2026-05-22T06:54:44.000Z</time></trkpt><trkpt lon="-7.16588" lat="40.33408"><ele>762.4</ele><time>2026-05-22T06:54:47.300Z</time></trkpt><trkpt lon="-7.1661067" lat="40.33408"><ele>763.4</ele><time>2026-05-22T06:54:49.900Z</time></trkpt><trkpt lon="-7.16656" lat="40.33408"><ele>765.1</ele><time>2026-05-22T06:54:54.600Z</time></trkpt><trkpt lon="-7.1668811" lat="40.3340978"><ele>765.5</ele><time>2026-05-22T06:54:57.200Z</time></trkpt><trkpt lon="-7.1672022" lat="40.3341156"><ele>765.9</ele><time>2026-05-22T06:54:59.600Z</time></trkpt><trkpt lon="-7.1675233" lat="40.3341333"><ele>766.3</ele><time>2026-05-22T06:55:02.100Z</time></trkpt><trkpt lon="-7.1678444" lat="40.3341511"><ele>765.9</ele><time>2026-05-22T06:55:04.100Z</time></trkpt><trkpt lon="-7.1681656" lat="40.3341689"><ele>765.4</ele><time>2026-05-22T06:55:06.000Z</time></trkpt><trkpt lon="-7.1684867" lat="40.3341867"><ele>764.9</ele><time>2026-05-22T06:55:08.000Z</time></trkpt><trkpt lon="-7.1688078" lat="40.3342045"><ele>764.4</ele><time>2026-05-22T06:55:09.900Z</time></trkpt><trkpt lon="-7.1691289" lat="40.3342222"><ele>763.9</ele><time>2026-05-22T06:55:11.800Z</time></trkpt><trkpt lon="-7.16945" lat="40.33424"><ele>763.5</ele><time>2026-05-22T06:55:13.800Z</time></trkpt><trkpt lon="-7.16985" lat="40.3343"><ele>763.3</ele><time>2026-05-22T06:55:16.500Z</time></trkpt><trkpt lon="-7.17018" lat="40.33441"><ele>763.4</ele><time>2026-05-22T06:55:19.000Z</time></trkpt><trkpt lon="-7.17043" lat="40.33455"><ele>763.7</ele><time>2026-05-22T06:55:21.300Z</time></trkpt><trkpt lon="-7.17062" lat="40.3347"><ele>764.0</ele><time>2026-05-22T06:55:23.300Z</time></trkpt><trkpt lon="-7.17074" lat="40.33483"><ele>764.4</ele><time>2026-05-22T06:55:25.100Z</time></trkpt><trkpt lon="-7.17083" lat="40.335015"><ele>764.7</ele><time>2026-05-22T06:55:27.100Z</time></trkpt><trkpt lon="-7.17092" lat="40.3352"><ele>765.0</ele><time>2026-05-22T06:55:29.000Z</time></trkpt><trkpt lon="-7.1709975" lat="40.3354013"><ele>765.4</ele><time>2026-05-22T06:55:31.200Z</time></trkpt><trkpt lon="-7.171075" lat="40.3356025"><ele>765.8</ele><time>2026-05-22T06:55:33.400Z</time></trkpt><trkpt lon="-7.17123" lat="40.336005"><ele>766.7</ele><time>2026-05-22T06:55:37.700Z</time></trkpt><trkpt lon="-7.1713075" lat="40.3362063"><ele>767.2</ele><time>2026-05-22T06:55:40.000Z</time></trkpt><trkpt lon="-7.171385" lat="40.3364075"><ele>767.8</ele><time>2026-05-22T06:55:42.300Z</time></trkpt><trkpt lon="-7.17154" lat="40.33681"><ele>769.0</ele><time>2026-05-22T06:55:47.000Z</time></trkpt><trkpt lon="-7.17162" lat="40.336985"><ele>769.8</ele><time>2026-05-22T06:55:49.400Z</time></trkpt><trkpt lon="-7.1717" lat="40.33716"><ele>770.8</ele><time>2026-05-22T06:55:51.900Z</time></trkpt><trkpt lon="-7.17184" lat="40.33738"><ele>772.8</ele><time>2026-05-22T06:55:56.500Z</time></trkpt><trkpt lon="-7.17205" lat="40.33762"><ele>774.3</ele><time>2026-05-22T06:56:00.500Z</time></trkpt><trkpt lon="-7.17229" lat="40.33782"><ele>775.8</ele><time>2026-05-22T06:56:04.500Z</time></trkpt><trkpt lon="-7.17257" lat="40.33802"><ele>778.2</ele><time>2026-05-22T06:56:09.900Z</time></trkpt><trkpt lon="-7.1728139" lat="40.3381286"><ele>779.2</ele><time>2026-05-22T06:56:12.700Z</time></trkpt><trkpt lon="-7.1730578" lat="40.3382372"><ele>780.1</ele><time>2026-05-22T06:56:15.400Z</time></trkpt><trkpt lon="-7.1733018" lat="40.3383457"><ele>780.9</ele><time>2026-05-22T06:56:18.100Z</time></trkpt><trkpt lon="-7.1735457" lat="40.3384543"><ele>781.8</ele><time>2026-05-22T06:56:20.800Z</time></trkpt><trkpt lon="-7.1737896" lat="40.3385629"><ele>782.7</ele><time>2026-05-22T06:56:23.400Z</time></trkpt><trkpt lon="-7.1740335" lat="40.3386715"><ele>783.5</ele><time>2026-05-22T06:56:26.100Z</time></trkpt><trkpt lon="-7.1742774" lat="40.33878"><ele>784.4</ele><time>2026-05-22T06:56:28.700Z</time></trkpt><trkpt lon="-7.1745214" lat="40.3388886"><ele>785.2</ele><time>2026-05-22T06:56:31.400Z</time></trkpt><trkpt lon="-7.1747653" lat="40.3389972"><ele>786.1</ele><time>2026-05-22T06:56:34.000Z</time></trkpt><trkpt lon="-7.1750092" lat="40.3391058"><ele>786.9</ele><time>2026-05-22T06:56:36.700Z</time></trkpt><trkpt lon="-7.1752531" lat="40.3392143"><ele>787.8</ele><time>2026-05-22T06:56:39.300Z</time></trkpt><trkpt lon="-7.1754971" lat="40.3393229"><ele>788.6</ele><time>2026-05-22T06:56:42.000Z</time></trkpt><trkpt lon="-7.175741" lat="40.3394315"><ele>789.4</ele><time>2026-05-22T06:56:44.500Z</time></trkpt><trkpt lon="-7.1759849" lat="40.3395401"><ele>790.1</ele><time>2026-05-22T06:56:47.000Z</time></trkpt><trkpt lon="-7.1762289" lat="40.3396486"><ele>790.9</ele><time>2026-05-22T06:56:49.600Z</time></trkpt><trkpt lon="-7.1764728" lat="40.3397572"><ele>791.7</ele><time>2026-05-22T06:56:52.100Z</time></trkpt><trkpt lon="-7.1767167" lat="40.3398658"><ele>792.4</ele><time>2026-05-22T06:56:54.600Z</time></trkpt><trkpt lon="-7.1769606" lat="40.3399743"><ele>793.1</ele><time>2026-05-22T06:56:57.100Z</time></trkpt><trkpt lon="-7.1772046" lat="40.3400829"><ele>793.9</ele><time>2026-05-22T06:56:59.600Z</time></trkpt><trkpt lon="-7.1774485" lat="40.3401915"><ele>794.6</ele><time>2026-05-22T06:57:02.100Z</time></trkpt><trkpt lon="-7.1776924" lat="40.3403"><ele>795.4</ele><time>2026-05-22T06:57:04.700Z</time></trkpt><trkpt lon="-7.1779364" lat="40.3404086"><ele>796.2</ele><time>2026-05-22T06:57:07.300Z</time></trkpt><trkpt lon="-7.1781803" lat="40.3405172"><ele>797.0</ele><time>2026-05-22T06:57:09.900Z</time></trkpt><trkpt lon="-7.1784242" lat="40.3406257"><ele>797.8</ele><time>2026-05-22T06:57:12.500Z</time></trkpt><trkpt lon="-7.1786682" lat="40.3407343"><ele>798.5</ele><time>2026-05-22T06:57:14.900Z</time></trkpt><trkpt lon="-7.1789121" lat="40.3408429"><ele>799.2</ele><time>2026-05-22T06:57:17.400Z</time></trkpt><trkpt lon="-7.1791561" lat="40.3409514"><ele>799.9</ele><time>2026-05-22T06:57:19.900Z</time></trkpt><trkpt lon="-7.1794" lat="40.34106"><ele>800.6</ele><time>2026-05-22T06:57:22.300Z</time></trkpt><trkpt lon="-7.17973" lat="40.34133"><ele>801.3</ele><time>2026-05-22T06:57:26.100Z</time></trkpt><trkpt lon="-7.1798767" lat="40.3414733"><ele>801.5</ele><time>2026-05-22T06:57:27.900Z</time></trkpt><trkpt lon="-7.18017" lat="40.34176"><ele>801.9</ele><time>2026-05-22T06:57:31.400Z</time></trkpt><trkpt lon="-7.18043" lat="40.34196"><ele>801.7</ele><time>2026-05-22T06:57:33.800Z</time></trkpt><trkpt lon="-7.18062" lat="40.34204"><ele>801.4</ele><time>2026-05-22T06:57:35.200Z</time></trkpt><trkpt lon="-7.18094" lat="40.34212"><ele>801.0</ele><time>2026-05-22T06:57:37.200Z</time></trkpt><trkpt lon="-7.18115" lat="40.34213"><ele>800.6</ele><time>2026-05-22T06:57:38.400Z</time></trkpt><trkpt lon="-7.1816" lat="40.3421"><ele>799.9</ele><time>2026-05-22T06:57:41.200Z</time></trkpt><trkpt lon="-7.18184" lat="40.34199"><ele>799.7</ele><time>2026-05-22T06:57:43.000Z</time></trkpt><trkpt lon="-7.18209" lat="40.34182"><ele>799.9</ele><time>2026-05-22T06:57:45.400Z</time></trkpt><trkpt lon="-7.1822489" lat="40.3416211"><ele>800.5</ele><time>2026-05-22T06:57:47.900Z</time></trkpt><trkpt lon="-7.1824078" lat="40.3414222"><ele>801.2</ele><time>2026-05-22T06:57:50.500Z</time></trkpt><trkpt lon="-7.1825667" lat="40.3412233"><ele>801.9</ele><time>2026-05-22T06:57:53.100Z</time></trkpt><trkpt lon="-7.1826858" lat="40.3410742"><ele>802.7</ele><time>2026-05-22T06:57:55.500Z</time></trkpt><trkpt lon="-7.182805" lat="40.340925"><ele>803.6</ele><time>2026-05-22T06:57:57.900Z</time></trkpt><trkpt lon="-7.1830433" lat="40.3406267"><ele>805.3</ele><time>2026-05-22T06:58:02.600Z</time></trkpt><trkpt lon="-7.1832022" lat="40.3404278"><ele>805.8</ele><time>2026-05-22T06:58:05.100Z</time></trkpt><trkpt lon="-7.1833611" lat="40.3402289"><ele>806.2</ele><time>2026-05-22T06:58:07.500Z</time></trkpt><trkpt lon="-7.18352" lat="40.34003"><ele>806.7</ele><time>2026-05-22T06:58:09.900Z</time></trkpt><trkpt lon="-7.18374" lat="40.3398"><ele>807.5</ele><time>2026-05-22T06:58:13.000Z</time></trkpt><trkpt lon="-7.183915" lat="40.33965"><ele>807.9</ele><time>2026-05-22T06:58:15.100Z</time></trkpt><trkpt lon="-7.18409" lat="40.3395"><ele>808.3</ele><time>2026-05-22T06:58:17.200Z</time></trkpt><trkpt lon="-7.18429" lat="40.33937"><ele>809.0</ele><time>2026-05-22T06:58:19.500Z</time></trkpt><trkpt lon="-7.18449" lat="40.33924"><ele>809.7</ele><time>2026-05-22T06:58:21.900Z</time></trkpt><trkpt lon="-7.184735" lat="40.339105"><ele>810.3</ele><time>2026-05-22T06:58:24.400Z</time></trkpt><trkpt lon="-7.18498" lat="40.33897"><ele>810.9</ele><time>2026-05-22T06:58:26.800Z</time></trkpt><trkpt lon="-7.1852233" lat="40.3388517"><ele>811.3</ele><time>2026-05-22T06:58:29.100Z</time></trkpt><trkpt lon="-7.1854667" lat="40.3387333"><ele>811.8</ele><time>2026-05-22T06:58:31.400Z</time></trkpt><trkpt lon="-7.18571" lat="40.338615"><ele>812.2</ele><time>2026-05-22T06:58:33.700Z</time></trkpt><trkpt lon="-7.1859533" lat="40.3384967"><ele>813.0</ele><time>2026-05-22T06:58:36.300Z</time></trkpt><trkpt lon="-7.1861967" lat="40.3383783"><ele>813.8</ele><time>2026-05-22T06:58:38.900Z</time></trkpt><trkpt lon="-7.18644" lat="40.33826"><ele>814.6</ele><time>2026-05-22T06:58:41.500Z</time></trkpt><trkpt lon="-7.186665" lat="40.338145"><ele>814.8</ele><time>2026-05-22T06:58:43.500Z</time></trkpt><trkpt lon="-7.18689" lat="40.33803"><ele>815.0</ele><time>2026-05-22T06:58:45.400Z</time></trkpt><trkpt lon="-7.18734" lat="40.3378"><ele>815.3</ele><time>2026-05-22T06:58:49.300Z</time></trkpt><trkpt lon="-7.18763" lat="40.3376"><ele>814.8</ele><time>2026-05-22T06:58:51.700Z</time></trkpt><trkpt lon="-7.1878067" lat="40.33744"><ele>814.1</ele><time>2026-05-22T06:58:53.300Z</time></trkpt><trkpt lon="-7.18816" lat="40.33712"><ele>812.6</ele><time>2026-05-22T06:58:56.300Z</time></trkpt><trkpt lon="-7.1883367" lat="40.33696"><ele>811.9</ele><time>2026-05-22T06:58:57.900Z</time></trkpt><trkpt lon="-7.18869" lat="40.33664"><ele>810.4</ele><time>2026-05-22T06:59:00.900Z</time></trkpt><trkpt lon="-7.18888" lat="40.33651"><ele>809.0</ele><time>2026-05-22T06:59:02.100Z</time></trkpt><trkpt lon="-7.18906" lat="40.33644"><ele>807.9</ele><time>2026-05-22T06:59:03.100Z</time></trkpt><trkpt lon="-7.1893667" lat="40.3363775"><ele>807.3</ele><time>2026-05-22T06:59:05.000Z</time></trkpt><trkpt lon="-7.1896733" lat="40.336315"><ele>806.9</ele><time>2026-05-22T06:59:06.900Z</time></trkpt><trkpt lon="-7.18998" lat="40.3362525"><ele>806.4</ele><time>2026-05-22T06:59:08.800Z</time></trkpt><trkpt lon="-7.1902867" lat="40.33619"><ele>805.6</ele><time>2026-05-22T06:59:10.600Z</time></trkpt><trkpt lon="-7.1905933" lat="40.3361275"><ele>804.7</ele><time>2026-05-22T06:59:12.400Z</time></trkpt><trkpt lon="-7.1909" lat="40.336065"><ele>803.8</ele><time>2026-05-22T06:59:14.100Z</time></trkpt><trkpt lon="-7.1912067" lat="40.3360025"><ele>803.1</ele><time>2026-05-22T06:59:15.900Z</time></trkpt><trkpt lon="-7.1915133" lat="40.33594"><ele>802.3</ele><time>2026-05-22T06:59:17.700Z</time></trkpt><trkpt lon="-7.19182" lat="40.3358775"><ele>801.5</ele><time>2026-05-22T06:59:19.500Z</time></trkpt><trkpt lon="-7.1921267" lat="40.335815"><ele>800.8</ele><time>2026-05-22T06:59:21.300Z</time></trkpt><trkpt lon="-7.1924333" lat="40.3357525"><ele>800.0</ele><time>2026-05-22T06:59:23.100Z</time></trkpt><trkpt lon="-7.19274" lat="40.33569"><ele>799.2</ele><time>2026-05-22T06:59:24.900Z</time></trkpt><trkpt lon="-7.19319" lat="40.33552"><ele>798.0</ele><time>2026-05-22T06:59:27.800Z</time></trkpt><trkpt lon="-7.1935" lat="40.33526"><ele>797.2</ele><time>2026-05-22T06:59:30.500Z</time></trkpt><trkpt lon="-7.193645" lat="40.3350325"><ele>796.4</ele><time>2026-05-22T06:59:32.400Z</time></trkpt><trkpt lon="-7.19379" lat="40.334805"><ele>795.7</ele><time>2026-05-22T06:59:34.300Z</time></trkpt><trkpt lon="-7.193935" lat="40.3345775"><ele>794.8</ele><time>2026-05-22T06:59:36.200Z</time></trkpt><trkpt lon="-7.19408" lat="40.33435"><ele>794.0</ele><time>2026-05-22T06:59:38.000Z</time></trkpt><trkpt lon="-7.19428" lat="40.33416"><ele>793.3</ele><time>2026-05-22T06:59:39.900Z</time></trkpt><trkpt lon="-7.19448" lat="40.33397"><ele>792.5</ele><time>2026-05-22T06:59:41.700Z</time></trkpt><trkpt lon="-7.19469" lat="40.33383"><ele>791.0</ele><time>2026-05-22T06:59:43.000Z</time></trkpt><trkpt lon="-7.1949" lat="40.33369"><ele>789.4</ele><time>2026-05-22T06:59:44.400Z</time></trkpt><trkpt lon="-7.19514" lat="40.33358"><ele>788.1</ele><time>2026-05-22T06:59:45.800Z</time></trkpt><trkpt lon="-7.19544" lat="40.33348"><ele>787.0</ele><time>2026-05-22T06:59:47.500Z</time></trkpt><trkpt lon="-7.19574" lat="40.33338"><ele>786.0</ele><time>2026-05-22T06:59:49.300Z</time></trkpt><trkpt lon="-7.19604" lat="40.33328"><ele>785.2</ele><time>2026-05-22T06:59:51.100Z</time></trkpt><trkpt lon="-7.19634" lat="40.33318"><ele>784.3</ele><time>2026-05-22T06:59:52.900Z</time></trkpt><trkpt lon="-7.1965689" lat="40.3330822"><ele>783.1</ele><time>2026-05-22T06:59:54.200Z</time></trkpt><trkpt lon="-7.1970267" lat="40.3328867"><ele>780.6</ele><time>2026-05-22T06:59:56.800Z</time></trkpt><trkpt lon="-7.1972556" lat="40.3327889"><ele>779.4</ele><time>2026-05-22T06:59:58.100Z</time></trkpt><trkpt lon="-7.1977133" lat="40.3325933"><ele>776.9</ele><time>2026-05-22T07:00:00.700Z</time></trkpt><trkpt lon="-7.1979422" lat="40.3324956"><ele>776.1</ele><time>2026-05-22T07:00:02.100Z</time></trkpt><trkpt lon="-7.1984" lat="40.3323"><ele>774.6</ele><time>2026-05-22T07:00:05.000Z</time></trkpt><trkpt lon="-7.19861" lat="40.33224"><ele>773.7</ele><time>2026-05-22T07:00:06.100Z</time></trkpt><trkpt lon="-7.19897" lat="40.33219"><ele>772.1</ele><time>2026-05-22T07:00:08.000Z</time></trkpt><trkpt lon="-7.19925" lat="40.3322"><ele>770.6</ele><time>2026-05-22T07:00:09.300Z</time></trkpt><trkpt lon="-7.1995983" lat="40.3322517"><ele>768.6</ele><time>2026-05-22T07:00:11.000Z</time></trkpt><trkpt lon="-7.1999467" lat="40.3323033"><ele>766.6</ele><time>2026-05-22T07:00:12.800Z</time></trkpt><trkpt lon="-7.200295" lat="40.332355"><ele>764.5</ele><time>2026-05-22T07:00:14.500Z</time></trkpt><trkpt lon="-7.2006433" lat="40.3324067"><ele>762.2</ele><time>2026-05-22T07:00:16.200Z</time></trkpt><trkpt lon="-7.2009917" lat="40.3324583"><ele>759.8</ele><time>2026-05-22T07:00:17.900Z</time></trkpt><trkpt lon="-7.20134" lat="40.33251"><ele>757.5</ele><time>2026-05-22T07:00:19.500Z</time></trkpt><trkpt lon="-7.20166" lat="40.33251"><ele>756.0</ele><time>2026-05-22T07:00:21.100Z</time></trkpt><trkpt lon="-7.20198" lat="40.33251"><ele>754.6</ele><time>2026-05-22T07:00:22.700Z</time></trkpt><trkpt lon="-7.2023" lat="40.33251"><ele>753.4</ele><time>2026-05-22T07:00:24.400Z</time></trkpt><trkpt lon="-7.20262" lat="40.33251"><ele>752.2</ele><time>2026-05-22T07:00:26.000Z</time></trkpt><trkpt lon="-7.20289" lat="40.33249"><ele>751.0</ele><time>2026-05-22T07:00:27.400Z</time></trkpt><trkpt lon="-7.20323" lat="40.33238"><ele>749.4</ele><time>2026-05-22T07:00:29.200Z</time></trkpt><trkpt lon="-7.2035425" lat="40.33226"><ele>747.7</ele><time>2026-05-22T07:00:30.900Z</time></trkpt><trkpt lon="-7.203855" lat="40.33214"><ele>746.0</ele><time>2026-05-22T07:00:32.700Z</time></trkpt><trkpt lon="-7.2041675" lat="40.33202"><ele>743.8</ele><time>2026-05-22T07:00:34.300Z</time></trkpt><trkpt lon="-7.20448" lat="40.3319"><ele>741.7</ele><time>2026-05-22T07:00:36.000Z</time></trkpt><trkpt lon="-7.20476" lat="40.33178"><ele>739.9</ele><time>2026-05-22T07:00:37.600Z</time></trkpt><trkpt lon="-7.20504" lat="40.33166"><ele>737.9</ele><time>2026-05-22T07:00:39.100Z</time></trkpt><trkpt lon="-7.2052" lat="40.33165"><ele>736.5</ele><time>2026-05-22T07:00:40.000Z</time></trkpt><trkpt lon="-7.20555" lat="40.3316"><ele>733.2</ele><time>2026-05-22T07:00:41.900Z</time></trkpt><trkpt lon="-7.20588" lat="40.33158"><ele>730.4</ele><time>2026-05-22T07:00:43.700Z</time></trkpt><trkpt lon="-7.20635" lat="40.33161"><ele>726.8</ele><time>2026-05-22T07:00:45.900Z</time></trkpt><trkpt lon="-7.2065867" lat="40.3316733"><ele>725.4</ele><time>2026-05-22T07:00:47.200Z</time></trkpt><trkpt lon="-7.20706" lat="40.3318"><ele>722.5</ele><time>2026-05-22T07:00:49.600Z</time></trkpt><trkpt lon="-7.20739" lat="40.33179"><ele>718.8</ele><time>2026-05-22T07:00:51.400Z</time></trkpt><trkpt lon="-7.2077233" lat="40.3317033"><ele>717.6</ele><time>2026-05-22T07:00:53.200Z</time></trkpt><trkpt lon="-7.2080567" lat="40.3316167"><ele>716.7</ele><time>2026-05-22T07:00:55.200Z</time></trkpt><trkpt lon="-7.20839" lat="40.33153"><ele>716.0</ele><time>2026-05-22T07:00:57.200Z</time></trkpt><trkpt lon="-7.2086425" lat="40.3314975"><ele>716.2</ele><time>2026-05-22T07:00:59.200Z</time></trkpt><trkpt lon="-7.208895" lat="40.331465"><ele>716.6</ele><time>2026-05-22T07:01:01.200Z</time></trkpt><trkpt lon="-7.2094" lat="40.3314"><ele>717.4</ele><time>2026-05-22T07:01:05.200Z</time></trkpt><trkpt lon="-7.2096525" lat="40.3313675"><ele>717.9</ele><time>2026-05-22T07:01:07.300Z</time></trkpt><trkpt lon="-7.209905" lat="40.331335"><ele>718.4</ele><time>2026-05-22T07:01:09.500Z</time></trkpt><trkpt lon="-7.21041" lat="40.33127"><ele>719.6</ele><time>2026-05-22T07:01:13.900Z</time></trkpt><trkpt lon="-7.21069" lat="40.33104"><ele>721.2</ele><time>2026-05-22T07:01:18.200Z</time></trkpt><trkpt lon="-7.21078" lat="40.33102"><ele>721.4</ele><time>2026-05-22T07:01:19.000Z</time></trkpt><trkpt lon="-7.2109" lat="40.3311"><ele>721.7</ele><time>2026-05-22T07:01:20.300Z</time></trkpt><trkpt lon="-7.2110667" lat="40.3312233"><ele>722.7</ele><time>2026-05-22T07:01:22.900Z</time></trkpt><trkpt lon="-7.2114" lat="40.33147"><ele>724.8</ele><time>2026-05-22T07:01:28.400Z</time></trkpt><trkpt lon="-7.21149" lat="40.33169"><ele>726.0</ele><time>2026-05-22T07:01:31.600Z</time></trkpt><trkpt lon="-7.21161" lat="40.33182"><ele>727.1</ele><time>2026-05-22T07:01:34.300Z</time></trkpt><trkpt lon="-7.21198" lat="40.33199"><ele>728.2</ele><time>2026-05-22T07:01:38.000Z</time></trkpt><trkpt lon="-7.212185" lat="40.3319825"><ele>729.3</ele><time>2026-05-22T07:01:40.600Z</time></trkpt><trkpt lon="-7.21239" lat="40.331975"><ele>730.5</ele><time>2026-05-22T07:01:43.400Z</time></trkpt><trkpt lon="-7.2128" lat="40.33196"><ele>732.7</ele><time>2026-05-22T07:01:48.600Z</time></trkpt><trkpt lon="-7.21292" lat="40.33198"><ele>732.7</ele><time>2026-05-22T07:01:49.400Z</time></trkpt><trkpt lon="-7.2132567" lat="40.3320967"><ele>730.3</ele><time>2026-05-22T07:01:51.200Z</time></trkpt><trkpt lon="-7.2135933" lat="40.3322133"><ele>727.6</ele><time>2026-05-22T07:01:52.900Z</time></trkpt><trkpt lon="-7.21393" lat="40.33233"><ele>724.5</ele><time>2026-05-22T07:01:54.900Z</time></trkpt><trkpt lon="-7.214" lat="40.3324"><ele>722.5</ele><time>2026-05-22T07:01:55.500Z</time></trkpt><trkpt lon="-7.21408" lat="40.33264"><ele>720.5</ele><time>2026-05-22T07:01:57.100Z</time></trkpt><trkpt lon="-7.21416" lat="40.33288"><ele>718.9</ele><time>2026-05-22T07:01:58.700Z</time></trkpt><trkpt lon="-7.21427" lat="40.3330533"><ele>717.5</ele><time>2026-05-22T07:01:59.900Z</time></trkpt><trkpt lon="-7.21449" lat="40.3334"><ele>714.5</ele><time>2026-05-22T07:02:02.300Z</time></trkpt><trkpt lon="-7.21456" lat="40.33346"><ele>713.6</ele><time>2026-05-22T07:02:02.900Z</time></trkpt><trkpt lon="-7.21466" lat="40.3335"><ele>712.4</ele><time>2026-05-22T07:02:03.500Z</time></trkpt><trkpt lon="-7.21482" lat="40.33353"><ele>709.7</ele><time>2026-05-22T07:02:04.400Z</time></trkpt><trkpt lon="-7.2150867" lat="40.3335367"><ele>708.1</ele><time>2026-05-22T07:02:05.700Z</time></trkpt><trkpt lon="-7.21562" lat="40.33355"><ele>705.8</ele><time>2026-05-22T07:02:08.300Z</time></trkpt><trkpt lon="-7.21579" lat="40.33359"><ele>705.2</ele><time>2026-05-22T07:02:09.300Z</time></trkpt><trkpt lon="-7.21597" lat="40.33371"><ele>704.4</ele><time>2026-05-22T07:02:10.600Z</time></trkpt><trkpt lon="-7.21602" lat="40.33387"><ele>704.2</ele><time>2026-05-22T07:02:11.900Z</time></trkpt><trkpt lon="-7.21592" lat="40.33403"><ele>704.1</ele><time>2026-05-22T07:02:13.400Z</time></trkpt><trkpt lon="-7.21553" lat="40.33422"><ele>704.0</ele><time>2026-05-22T07:02:16.500Z</time></trkpt><trkpt lon="-7.21541" lat="40.33432"><ele>703.7</ele><time>2026-05-22T07:02:17.500Z</time></trkpt><trkpt lon="-7.21541" lat="40.33443"><ele>703.1</ele><time>2026-05-22T07:02:18.300Z</time></trkpt><trkpt lon="-7.21563" lat="40.33456"><ele>702.0</ele><time>2026-05-22T07:02:19.700Z</time></trkpt><trkpt lon="-7.21607" lat="40.33482"><ele>699.9</ele><time>2026-05-22T07:02:22.500Z</time></trkpt><trkpt lon="-7.2163" lat="40.33481"><ele>699.2</ele><time>2026-05-22T07:02:23.800Z</time></trkpt><trkpt lon="-7.21665" lat="40.33466"><ele>697.6</ele><time>2026-05-22T07:02:25.800Z</time></trkpt><trkpt lon="-7.21682" lat="40.33465"><ele>696.8</ele><time>2026-05-22T07:02:26.700Z</time></trkpt><trkpt lon="-7.21696" lat="40.33482"><ele>695.6</ele><time>2026-05-22T07:02:28.000Z</time></trkpt><trkpt lon="-7.21693" lat="40.33491"><ele>695.0</ele><time>2026-05-22T07:02:28.600Z</time></trkpt><trkpt lon="-7.21682" lat="40.33498"><ele>694.3</ele><time>2026-05-22T07:02:29.300Z</time></trkpt><trkpt lon="-7.21657" lat="40.33504"><ele>692.9</ele><time>2026-05-22T07:02:30.600Z</time></trkpt><trkpt lon="-7.21607" lat="40.33516"><ele>690.1</ele><time>2026-05-22T07:02:33.100Z</time></trkpt><trkpt lon="-7.21595" lat="40.33523"><ele>689.0</ele><time>2026-05-22T07:02:33.800Z</time></trkpt><trkpt lon="-7.21595" lat="40.33534"><ele>688.3</ele><time>2026-05-22T07:02:34.500Z</time></trkpt><trkpt lon="-7.21604" lat="40.33544"><ele>686.9</ele><time>2026-05-22T07:02:35.400Z</time></trkpt><trkpt lon="-7.21621" lat="40.33548"><ele>684.0</ele><time>2026-05-22T07:02:36.300Z</time></trkpt><trkpt lon="-7.21655" lat="40.33545"><ele>681.8</ele><time>2026-05-22T07:02:38.000Z</time></trkpt><trkpt lon="-7.21689" lat="40.33542"><ele>679.8</ele><time>2026-05-22T07:02:39.600Z</time></trkpt><trkpt lon="-7.217195" lat="40.33534"><ele>675.8</ele><time>2026-05-22T07:02:41.400Z</time></trkpt><trkpt lon="-7.2175" lat="40.33526"><ele>671.8</ele><time>2026-05-22T07:02:43.100Z</time></trkpt><trkpt lon="-7.21785" lat="40.33507"><ele>668.2</ele><time>2026-05-22T07:02:45.400Z</time></trkpt><trkpt lon="-7.21801" lat="40.33503"><ele>665.6</ele><time>2026-05-22T07:02:46.300Z</time></trkpt><trkpt lon="-7.21818" lat="40.33508"><ele>663.6</ele><time>2026-05-22T07:02:47.300Z</time></trkpt><trkpt lon="-7.21855" lat="40.3353"><ele>661.3</ele><time>2026-05-22T07:02:49.600Z</time></trkpt><trkpt lon="-7.21872" lat="40.33531"><ele>660.2</ele><time>2026-05-22T07:02:50.400Z</time></trkpt><trkpt lon="-7.21883" lat="40.33527"><ele>659.3</ele><time>2026-05-22T07:02:51.000Z</time></trkpt><trkpt lon="-7.21893" lat="40.33516"><ele>658.1</ele><time>2026-05-22T07:02:51.800Z</time></trkpt><trkpt lon="-7.21895" lat="40.33505"><ele>657.0</ele><time>2026-05-22T07:02:52.500Z</time></trkpt><trkpt lon="-7.2189" lat="40.33495"><ele>656.1</ele><time>2026-05-22T07:02:53.200Z</time></trkpt><trkpt lon="-7.21858" lat="40.33478"><ele>654.7</ele><time>2026-05-22T07:02:55.200Z</time></trkpt><trkpt lon="-7.21846" lat="40.33467"><ele>653.2</ele><time>2026-05-22T07:02:56.200Z</time></trkpt><trkpt lon="-7.21844" lat="40.33456"><ele>652.5</ele><time>2026-05-22T07:02:56.900Z</time></trkpt><trkpt lon="-7.21848" lat="40.33447"><ele>652.1</ele><time>2026-05-22T07:02:57.600Z</time></trkpt><trkpt lon="-7.21874" lat="40.33426"><ele>651.0</ele><time>2026-05-22T07:02:59.600Z</time></trkpt><trkpt lon="-7.218985" lat="40.3340775"><ele>650.2</ele><time>2026-05-22T07:03:01.600Z</time></trkpt><trkpt lon="-7.21923" lat="40.333895"><ele>649.5</ele><time>2026-05-22T07:03:03.600Z</time></trkpt><trkpt lon="-7.219475" lat="40.3337125"><ele>648.5</ele><time>2026-05-22T07:03:05.500Z</time></trkpt><trkpt lon="-7.21972" lat="40.33353"><ele>647.4</ele><time>2026-05-22T07:03:07.300Z</time></trkpt><trkpt lon="-7.21996" lat="40.33339"><ele>646.0</ele><time>2026-05-22T07:03:08.800Z</time></trkpt><trkpt lon="-7.22015" lat="40.33332"><ele>644.7</ele><time>2026-05-22T07:03:09.800Z</time></trkpt><trkpt lon="-7.22045" lat="40.33327"><ele>641.9</ele><time>2026-05-22T07:03:11.500Z</time></trkpt><trkpt lon="-7.22105" lat="40.33317"><ele>636.1</ele><time>2026-05-22T07:03:14.800Z</time></trkpt><trkpt lon="-7.22135" lat="40.33312"><ele>634.1</ele><time>2026-05-22T07:03:16.300Z</time></trkpt><trkpt lon="-7.22195" lat="40.33302"><ele>630.4</ele><time>2026-05-22T07:03:19.300Z</time></trkpt><trkpt lon="-7.22216" lat="40.33293"><ele>628.0</ele><time>2026-05-22T07:03:20.600Z</time></trkpt><trkpt lon="-7.22239" lat="40.33281"><ele>626.5</ele><time>2026-05-22T07:03:21.900Z</time></trkpt><trkpt lon="-7.22285" lat="40.33257"><ele>623.7</ele><time>2026-05-22T07:03:24.700Z</time></trkpt><trkpt lon="-7.2231" lat="40.33239"><ele>621.0</ele><time>2026-05-22T07:03:26.400Z</time></trkpt><trkpt lon="-7.2232875" lat="40.33221"><ele>617.5</ele><time>2026-05-22T07:03:28.000Z</time></trkpt><trkpt lon="-7.223475" lat="40.33203"><ele>614.0</ele><time>2026-05-22T07:03:29.700Z</time></trkpt><trkpt lon="-7.2236625" lat="40.33185"><ele>611.8</ele><time>2026-05-22T07:03:31.100Z</time></trkpt><trkpt lon="-7.22385" lat="40.33167"><ele>609.7</ele><time>2026-05-22T07:03:32.500Z</time></trkpt><trkpt lon="-7.22405" lat="40.33153"><ele>607.1</ele><time>2026-05-22T07:03:34.000Z</time></trkpt><trkpt lon="-7.2243667" lat="40.33146"><ele>604.0</ele><time>2026-05-22T07:03:35.800Z</time></trkpt><trkpt lon="-7.2246833" lat="40.33139"><ele>600.8</ele><time>2026-05-22T07:03:37.600Z</time></trkpt><trkpt lon="-7.225" lat="40.33132"><ele>597.7</ele><time>2026-05-22T07:03:39.400Z</time></trkpt><trkpt lon="-7.22525" lat="40.33122"><ele>595.8</ele><time>2026-05-22T07:03:40.800Z</time></trkpt><trkpt lon="-7.2255" lat="40.33112"><ele>593.9</ele><time>2026-05-22T07:03:42.100Z</time></trkpt><trkpt lon="-7.22568" lat="40.33112"><ele>592.2</ele><time>2026-05-22T07:03:43.100Z</time></trkpt><trkpt lon="-7.22583" lat="40.33114"><ele>590.2</ele><time>2026-05-22T07:03:43.900Z</time></trkpt><trkpt lon="-7.22618" lat="40.33134"><ele>587.3</ele><time>2026-05-22T07:03:46.000Z</time></trkpt><trkpt lon="-7.22636" lat="40.33137"><ele>586.3</ele><time>2026-05-22T07:03:46.900Z</time></trkpt><trkpt lon="-7.22651" lat="40.33135"><ele>585.0</ele><time>2026-05-22T07:03:47.700Z</time></trkpt><trkpt lon="-7.22665" lat="40.33128"><ele>583.6</ele><time>2026-05-22T07:03:48.600Z</time></trkpt><trkpt lon="-7.22684" lat="40.33114"><ele>582.2</ele><time>2026-05-22T07:03:49.900Z</time></trkpt><trkpt lon="-7.2270167" lat="40.3309833"><ele>581.5</ele><time>2026-05-22T07:03:51.400Z</time></trkpt><trkpt lon="-7.22737" lat="40.33067"><ele>580.2</ele><time>2026-05-22T07:03:54.400Z</time></trkpt><trkpt lon="-7.2275233" lat="40.3304333"><ele>578.4</ele><time>2026-05-22T07:03:56.100Z</time></trkpt><trkpt lon="-7.2276767" lat="40.3301967"><ele>576.6</ele><time>2026-05-22T07:03:57.800Z</time></trkpt><trkpt lon="-7.22783" lat="40.32996"><ele>574.9</ele><time>2026-05-22T07:03:59.500Z</time></trkpt><trkpt lon="-7.2279275" lat="40.329755"><ele>574.4</ele><time>2026-05-22T07:04:01.300Z</time></trkpt><trkpt lon="-7.228025" lat="40.32955"><ele>574.1</ele><time>2026-05-22T07:04:03.000Z</time></trkpt><trkpt lon="-7.22822" lat="40.32914"><ele>573.5</ele><time>2026-05-22T07:04:06.600Z</time></trkpt><trkpt lon="-7.228255" lat="40.3289325"><ele>572.9</ele><time>2026-05-22T07:04:08.200Z</time></trkpt><trkpt lon="-7.22829" lat="40.328725"><ele>572.4</ele><time>2026-05-22T07:04:09.800Z</time></trkpt><trkpt lon="-7.22836" lat="40.32831"><ele>571.3</ele><time>2026-05-22T07:04:13.000Z</time></trkpt><trkpt lon="-7.22845" lat="40.32815"><ele>571.0</ele><time>2026-05-22T07:04:14.400Z</time></trkpt><trkpt lon="-7.22864" lat="40.32795"><ele>570.5</ele><time>2026-05-22T07:04:16.300Z</time></trkpt><trkpt lon="-7.228875" lat="40.32781"><ele>570.1</ele><time>2026-05-22T07:04:18.200Z</time></trkpt><trkpt lon="-7.22911" lat="40.32767"><ele>569.8</ele><time>2026-05-22T07:04:20.100Z</time></trkpt><trkpt lon="-7.22923" lat="40.32755"><ele>569.6</ele><time>2026-05-22T07:04:21.300Z</time></trkpt><trkpt lon="-7.229335" lat="40.3273517"><ele>569.4</ele><time>2026-05-22T07:04:23.100Z</time></trkpt><trkpt lon="-7.229545" lat="40.326955"><ele>569.1</ele><time>2026-05-22T07:04:26.800Z</time></trkpt><trkpt lon="-7.22965" lat="40.3267567"><ele>568.7</ele><time>2026-05-22T07:04:28.500Z</time></trkpt><trkpt lon="-7.22986" lat="40.32636"><ele>567.9</ele><time>2026-05-22T07:04:31.900Z</time></trkpt><trkpt lon="-7.23008" lat="40.32619"><ele>567.2</ele><time>2026-05-22T07:04:33.700Z</time></trkpt><trkpt lon="-7.2303" lat="40.32602"><ele>566.4</ele><time>2026-05-22T07:04:35.400Z</time></trkpt><trkpt lon="-7.23057" lat="40.3258533"><ele>564.8</ele><time>2026-05-22T07:04:37.100Z</time></trkpt><trkpt lon="-7.23084" lat="40.3256867"><ele>563.2</ele><time>2026-05-22T07:04:38.900Z</time></trkpt><trkpt lon="-7.23111" lat="40.32552"><ele>561.6</ele><time>2026-05-22T07:04:40.600Z</time></trkpt><trkpt lon="-7.2313722" lat="40.3255044"><ele>560.4</ele><time>2026-05-22T07:04:41.900Z</time></trkpt><trkpt lon="-7.2318967" lat="40.3254733"><ele>557.9</ele><time>2026-05-22T07:04:44.500Z</time></trkpt><trkpt lon="-7.2321589" lat="40.3254578"><ele>556.2</ele><time>2026-05-22T07:04:45.700Z</time></trkpt><trkpt lon="-7.2326833" lat="40.3254267"><ele>552.5</ele><time>2026-05-22T07:04:48.300Z</time></trkpt><trkpt lon="-7.2329456" lat="40.3254111"><ele>550.6</ele><time>2026-05-22T07:04:49.500Z</time></trkpt><trkpt lon="-7.23347" lat="40.32538"><ele>547.0</ele><time>2026-05-22T07:04:52.000Z</time></trkpt><trkpt lon="-7.23385" lat="40.32525"><ele>545.3</ele><time>2026-05-22T07:04:54.100Z</time></trkpt><trkpt lon="-7.2341125" lat="40.32508"><ele>544.3</ele><time>2026-05-22T07:04:56.000Z</time></trkpt><trkpt lon="-7.234375" lat="40.32491"><ele>543.4</ele><time>2026-05-22T07:04:57.900Z</time></trkpt><trkpt lon="-7.2346375" lat="40.32474"><ele>542.5</ele><time>2026-05-22T07:04:59.900Z</time></trkpt><trkpt lon="-7.2349" lat="40.32457"><ele>541.7</ele><time>2026-05-22T07:05:01.900Z</time></trkpt><trkpt lon="-7.23519" lat="40.32446"><ele>541.4</ele><time>2026-05-22T07:05:03.900Z</time></trkpt><trkpt lon="-7.23556" lat="40.3244"><ele>540.9</ele><time>2026-05-22T07:05:06.200Z</time></trkpt><trkpt lon="-7.2358567" lat="40.3243967"><ele>539.9</ele><time>2026-05-22T07:05:07.800Z</time></trkpt><trkpt lon="-7.23645" lat="40.32439"><ele>537.8</ele><time>2026-05-22T07:05:10.900Z</time></trkpt><trkpt lon="-7.2367117" lat="40.324365"><ele>536.7</ele><time>2026-05-22T07:05:12.200Z</time></trkpt><trkpt lon="-7.237235" lat="40.324315"><ele>534.7</ele><time>2026-05-22T07:05:14.900Z</time></trkpt><trkpt lon="-7.2374967" lat="40.32429"><ele>534.5</ele><time>2026-05-22T07:05:16.600Z</time></trkpt><trkpt lon="-7.23802" lat="40.32424"><ele>534.1</ele><time>2026-05-22T07:05:19.900Z</time></trkpt><trkpt lon="-7.23838" lat="40.32419"><ele>534.2</ele><time>2026-05-22T07:05:22.500Z</time></trkpt><trkpt lon="-7.238605" lat="40.324085"><ele>534.3</ele><time>2026-05-22T07:05:24.300Z</time></trkpt><trkpt lon="-7.23883" lat="40.32398"><ele>534.3</ele><time>2026-05-22T07:05:26.100Z</time></trkpt><trkpt lon="-7.23909" lat="40.3238417"><ele>534.4</ele><time>2026-05-22T07:05:28.300Z</time></trkpt><trkpt lon="-7.23935" lat="40.3237033"><ele>534.5</ele><time>2026-05-22T07:05:30.500Z</time></trkpt><trkpt lon="-7.23961" lat="40.323565"><ele>534.6</ele><time>2026-05-22T07:05:32.800Z</time></trkpt><trkpt lon="-7.23987" lat="40.3234267"><ele>535.1</ele><time>2026-05-22T07:05:35.300Z</time></trkpt><trkpt lon="-7.24013" lat="40.3232883"><ele>535.7</ele><time>2026-05-22T07:05:37.900Z</time></trkpt><trkpt lon="-7.24039" lat="40.32315"><ele>536.3</ele><time>2026-05-22T07:05:40.400Z</time></trkpt><trkpt lon="-7.2406333" lat="40.3229933"><ele>536.2</ele><time>2026-05-22T07:05:42.500Z</time></trkpt><trkpt lon="-7.2408767" lat="40.3228367"><ele>536.0</ele><time>2026-05-22T07:05:44.600Z</time></trkpt><trkpt lon="-7.24112" lat="40.32268"><ele>535.7</ele><time>2026-05-22T07:05:46.600Z</time></trkpt><trkpt lon="-7.24133" lat="40.322505"><ele>534.6</ele><time>2026-05-22T07:05:48.200Z</time></trkpt><trkpt lon="-7.24154" lat="40.32233"><ele>533.5</ele><time>2026-05-22T07:05:49.800Z</time></trkpt><trkpt lon="-7.2416844" lat="40.3221633"><ele>532.4</ele><time>2026-05-22T07:05:51.200Z</time></trkpt><trkpt lon="-7.2419733" lat="40.32183"><ele>530.3</ele><time>2026-05-22T07:05:53.800Z</time></trkpt><trkpt lon="-7.2421178" lat="40.3216633"><ele>528.7</ele><time>2026-05-22T07:05:55.100Z</time></trkpt><trkpt lon="-7.2424067" lat="40.32133"><ele>525.6</ele><time>2026-05-22T07:05:57.600Z</time></trkpt><trkpt lon="-7.2425511" lat="40.3211633"><ele>524.7</ele><time>2026-05-22T07:05:59.000Z</time></trkpt><trkpt lon="-7.24284" lat="40.32083"><ele>523.1</ele><time>2026-05-22T07:06:01.800Z</time></trkpt><trkpt lon="-7.24314" lat="40.32055"><ele>520.6</ele><time>2026-05-22T07:06:04.100Z</time></trkpt><trkpt lon="-7.24359" lat="40.32039"><ele>518.0</ele><time>2026-05-22T07:06:06.500Z</time></trkpt><trkpt lon="-7.2438633" lat="40.320355"><ele>516.5</ele><time>2026-05-22T07:06:07.900Z</time></trkpt><trkpt lon="-7.24441" lat="40.320285"><ele>513.6</ele><time>2026-05-22T07:06:10.600Z</time></trkpt><trkpt lon="-7.2446833" lat="40.32025"><ele>512.6</ele><time>2026-05-22T07:06:12.000Z</time></trkpt><trkpt lon="-7.24523" lat="40.32018"><ele>510.8</ele><time>2026-05-22T07:06:15.000Z</time></trkpt><trkpt lon="-7.24563" lat="40.32007"><ele>508.5</ele><time>2026-05-22T07:06:17.100Z</time></trkpt><trkpt lon="-7.2458263" lat="40.3199225"><ele>507.7</ele><time>2026-05-22T07:06:18.500Z</time></trkpt><trkpt lon="-7.2460225" lat="40.319775"><ele>506.9</ele><time>2026-05-22T07:06:20.100Z</time></trkpt><trkpt lon="-7.246415" lat="40.31948"><ele>505.5</ele><time>2026-05-22T07:06:23.100Z</time></trkpt><trkpt lon="-7.2466113" lat="40.3193325"><ele>505.2</ele><time>2026-05-22T07:06:24.900Z</time></trkpt><trkpt lon="-7.2468075" lat="40.319185"><ele>505.0</ele><time>2026-05-22T07:06:26.600Z</time></trkpt><trkpt lon="-7.2472" lat="40.31889"><ele>504.5</ele><time>2026-05-22T07:06:30.100Z</time></trkpt><trkpt lon="-7.2474333" lat="40.3187667"><ele>504.5</ele><time>2026-05-22T07:06:32.000Z</time></trkpt><trkpt lon="-7.2479" lat="40.31852"><ele>504.4</ele><time>2026-05-22T07:06:35.800Z</time></trkpt><trkpt lon="-7.248135" lat="40.3183417"><ele>504.3</ele><time>2026-05-22T07:06:38.000Z</time></trkpt><trkpt lon="-7.24837" lat="40.3181633"><ele>504.3</ele><time>2026-05-22T07:06:40.300Z</time></trkpt><trkpt lon="-7.248605" lat="40.317985"><ele>504.3</ele><time>2026-05-22T07:06:42.500Z</time></trkpt><trkpt lon="-7.24884" lat="40.3178067"><ele>504.2</ele><time>2026-05-22T07:06:44.700Z</time></trkpt><trkpt lon="-7.249075" lat="40.3176283"><ele>504.0</ele><time>2026-05-22T07:06:46.800Z</time></trkpt><trkpt lon="-7.24931" lat="40.31745"><ele>503.9</ele><time>2026-05-22T07:06:49.000Z</time></trkpt><trkpt lon="-7.24958" lat="40.31728"><ele>503.7</ele><time>2026-05-22T07:06:51.300Z</time></trkpt><trkpt lon="-7.24985" lat="40.31711"><ele>503.6</ele><time>2026-05-22T07:06:53.600Z</time></trkpt><trkpt lon="-7.2500567" lat="40.3169883"><ele>503.7</ele><time>2026-05-22T07:06:55.400Z</time></trkpt><trkpt lon="-7.25047" lat="40.316745"><ele>504.0</ele><time>2026-05-22T07:06:59.200Z</time></trkpt><trkpt lon="-7.2506767" lat="40.3166233"><ele>504.3</ele><time>2026-05-22T07:07:01.100Z</time></trkpt><trkpt lon="-7.25109" lat="40.31638"><ele>504.8</ele><time>2026-05-22T07:07:05.100Z</time></trkpt><trkpt lon="-7.2513033" lat="40.3162833"><ele>505.4</ele><time>2026-05-22T07:07:07.200Z</time></trkpt><trkpt lon="-7.25173" lat="40.31609"><ele>506.6</ele><time>2026-05-22T07:07:11.600Z</time></trkpt><trkpt lon="-7.25197" lat="40.3160333"><ele>507.0</ele><time>2026-05-22T07:07:13.500Z</time></trkpt><trkpt lon="-7.25245" lat="40.31592"><ele>507.6</ele><time>2026-05-22T07:07:17.400Z</time></trkpt><trkpt lon="-7.25278" lat="40.31578"><ele>507.9</ele><time>2026-05-22T07:07:20.100Z</time></trkpt><trkpt lon="-7.2530022" lat="40.3156122"><ele>507.7</ele><time>2026-05-22T07:07:22.200Z</time></trkpt><trkpt lon="-7.2532245" lat="40.3154444"><ele>507.4</ele><time>2026-05-22T07:07:24.200Z</time></trkpt><trkpt lon="-7.2534467" lat="40.3152767"><ele>507.1</ele><time>2026-05-22T07:07:26.100Z</time></trkpt><trkpt lon="-7.2536689" lat="40.3151089"><ele>506.5</ele><time>2026-05-22T07:07:28.000Z</time></trkpt><trkpt lon="-7.2538911" lat="40.3149411"><ele>505.8</ele><time>2026-05-22T07:07:29.800Z</time></trkpt><trkpt lon="-7.2541133" lat="40.3147733"><ele>505.1</ele><time>2026-05-22T07:07:31.500Z</time></trkpt><trkpt lon="-7.2543356" lat="40.3146056"><ele>504.0</ele><time>2026-05-22T07:07:33.200Z</time></trkpt><trkpt lon="-7.2545578" lat="40.3144378"><ele>503.0</ele><time>2026-05-22T07:07:34.800Z</time></trkpt><trkpt lon="-7.25478" lat="40.31427"><ele>501.9</ele><time>2026-05-22T07:07:36.500Z</time></trkpt><trkpt lon="-7.2549411" lat="40.3140833"><ele>501.7</ele><time>2026-05-22T07:07:38.400Z</time></trkpt><trkpt lon="-7.2552633" lat="40.31371"><ele>501.5</ele><time>2026-05-22T07:07:42.200Z</time></trkpt><trkpt lon="-7.2554245" lat="40.3135233"><ele>501.9</ele><time>2026-05-22T07:07:44.500Z</time></trkpt><trkpt lon="-7.2555856" lat="40.3133367"><ele>502.3</ele><time>2026-05-22T07:07:46.800Z</time></trkpt><trkpt lon="-7.2557467" lat="40.31315"><ele>502.7</ele><time>2026-05-22T07:07:49.100Z</time></trkpt><trkpt lon="-7.2559078" lat="40.3129633"><ele>503.5</ele><time>2026-05-22T07:07:51.700Z</time></trkpt><trkpt lon="-7.2560689" lat="40.3127767"><ele>504.3</ele><time>2026-05-22T07:07:54.400Z</time></trkpt><trkpt lon="-7.25623" lat="40.31259"><ele>505.1</ele><time>2026-05-22T07:07:56.900Z</time></trkpt><trkpt lon="-7.2565" lat="40.31243"><ele>505.0</ele><time>2026-05-22T07:07:59.200Z</time></trkpt><trkpt lon="-7.25677" lat="40.31227"><ele>504.8</ele><time>2026-05-22T07:08:01.400Z</time></trkpt><trkpt lon="-7.25704" lat="40.31211"><ele>504.6</ele><time>2026-05-22T07:08:03.600Z</time></trkpt><trkpt lon="-7.25731" lat="40.31195"><ele>504.0</ele><time>2026-05-22T07:08:05.600Z</time></trkpt><trkpt lon="-7.25758" lat="40.31179"><ele>503.3</ele><time>2026-05-22T07:08:07.700Z</time></trkpt><trkpt lon="-7.25785" lat="40.31163"><ele>502.7</ele><time>2026-05-22T07:08:09.700Z</time></trkpt><trkpt lon="-7.2580978" lat="40.3114522"><ele>501.9</ele><time>2026-05-22T07:08:11.600Z</time></trkpt><trkpt lon="-7.2583456" lat="40.3112744"><ele>501.2</ele><time>2026-05-22T07:08:13.600Z</time></trkpt><trkpt lon="-7.2585933" lat="40.3110967"><ele>500.5</ele><time>2026-05-22T07:08:15.600Z</time></trkpt><trkpt lon="-7.2588411" lat="40.3109189"><ele>500.0</ele><time>2026-05-22T07:08:17.600Z</time></trkpt><trkpt lon="-7.2590889" lat="40.3107411"><ele>499.6</ele><time>2026-05-22T07:08:19.700Z</time></trkpt><trkpt lon="-7.2593367" lat="40.3105633"><ele>499.1</ele><time>2026-05-22T07:08:21.800Z</time></trkpt><trkpt lon="-7.2595845" lat="40.3103856"><ele>498.7</ele><time>2026-05-22T07:08:23.900Z</time></trkpt><trkpt lon="-7.2598322" lat="40.3102078"><ele>498.3</ele><time>2026-05-22T07:08:26.000Z</time></trkpt><trkpt lon="-7.26008" lat="40.31003"><ele>497.9</ele><time>2026-05-22T07:08:28.100Z</time></trkpt><trkpt lon="-7.260385" lat="40.3098908"><ele>497.3</ele><time>2026-05-22T07:08:30.300Z</time></trkpt><trkpt lon="-7.26069" lat="40.3097517"><ele>496.7</ele><time>2026-05-22T07:08:32.400Z</time></trkpt><trkpt lon="-7.260995" lat="40.3096125"><ele>496.1</ele><time>2026-05-22T07:08:34.500Z</time></trkpt><trkpt lon="-7.2613" lat="40.3094733"><ele>495.7</ele><time>2026-05-22T07:08:36.700Z</time></trkpt><trkpt lon="-7.261605" lat="40.3093342"><ele>495.4</ele><time>2026-05-22T07:08:39.000Z</time></trkpt><trkpt lon="-7.26191" lat="40.309195"><ele>495.1</ele><time>2026-05-22T07:08:41.300Z</time></trkpt><trkpt lon="-7.2621388" lat="40.3090906"><ele>495.0</ele><time>2026-05-22T07:08:43.000Z</time></trkpt><trkpt lon="-7.2623675" lat="40.3089863"><ele>494.8</ele><time>2026-05-22T07:08:44.700Z</time></trkpt><trkpt lon="-7.262825" lat="40.3087775"><ele>494.5</ele><time>2026-05-22T07:08:48.100Z</time></trkpt><trkpt lon="-7.2630538" lat="40.3086731"><ele>494.5</ele><time>2026-05-22T07:08:49.900Z</time></trkpt><trkpt lon="-7.2632825" lat="40.3085688"><ele>494.6</ele><time>2026-05-22T07:08:51.800Z</time></trkpt><trkpt lon="-7.26374" lat="40.30836"><ele>494.7</ele><time>2026-05-22T07:08:55.500Z</time></trkpt><trkpt lon="-7.26398" lat="40.30817"><ele>494.6</ele><time>2026-05-22T07:08:57.800Z</time></trkpt><trkpt lon="-7.264235" lat="40.308215"><ele>494.8</ele><time>2026-05-22T07:08:59.600Z</time></trkpt><trkpt lon="-7.26449" lat="40.30826"><ele>494.9</ele><time>2026-05-22T07:09:01.500Z</time></trkpt><trkpt lon="-7.26475" lat="40.30828"><ele>495.1</ele><time>2026-05-22T07:09:03.500Z</time></trkpt><trkpt lon="-7.26502" lat="40.30826"><ele>495.1</ele><time>2026-05-22T07:09:05.300Z</time></trkpt><trkpt lon="-7.26529" lat="40.30824"><ele>495.1</ele><time>2026-05-22T07:09:07.100Z</time></trkpt><trkpt lon="-7.26583" lat="40.3082"><ele>495.0</ele><time>2026-05-22T07:09:10.700Z</time></trkpt><trkpt lon="-7.26622" lat="40.30815"><ele>494.8</ele><time>2026-05-22T07:09:13.300Z</time></trkpt><trkpt lon="-7.26651" lat="40.30809"><ele>494.6</ele><time>2026-05-22T07:09:15.200Z</time></trkpt><trkpt lon="-7.2667631" lat="40.308005"><ele>494.3</ele><time>2026-05-22T07:09:17.000Z</time></trkpt><trkpt lon="-7.2670163" lat="40.30792"><ele>494.0</ele><time>2026-05-22T07:09:18.700Z</time></trkpt><trkpt lon="-7.2675225" lat="40.30775"><ele>493.3</ele><time>2026-05-22T07:09:22.100Z</time></trkpt><trkpt lon="-7.2677756" lat="40.307665"><ele>493.2</ele><time>2026-05-22T07:09:23.900Z</time></trkpt><trkpt lon="-7.2680288" lat="40.30758"><ele>493.0</ele><time>2026-05-22T07:09:25.700Z</time></trkpt><trkpt lon="-7.268535" lat="40.30741"><ele>492.7</ele><time>2026-05-22T07:09:29.300Z</time></trkpt><trkpt lon="-7.2687881" lat="40.307325"><ele>492.5</ele><time>2026-05-22T07:09:31.000Z</time></trkpt><trkpt lon="-7.2690413" lat="40.30724"><ele>492.3</ele><time>2026-05-22T07:09:32.800Z</time></trkpt><trkpt lon="-7.2695475" lat="40.30707"><ele>491.9</ele><time>2026-05-22T07:09:36.400Z</time></trkpt><trkpt lon="-7.2698006" lat="40.306985"><ele>491.7</ele><time>2026-05-22T07:09:38.100Z</time></trkpt><trkpt lon="-7.2700538" lat="40.3069"><ele>491.6</ele><time>2026-05-22T07:09:39.900Z</time></trkpt><trkpt lon="-7.27056" lat="40.30673"><ele>491.2</ele><time>2026-05-22T07:09:43.500Z</time></trkpt><trkpt lon="-7.27085" lat="40.30668"><ele>490.9</ele><time>2026-05-22T07:09:45.400Z</time></trkpt><trkpt lon="-7.2710967" lat="40.306685"><ele>490.8</ele><time>2026-05-22T07:09:47.000Z</time></trkpt><trkpt lon="-7.27159" lat="40.306695"><ele>490.5</ele><time>2026-05-22T07:09:50.200Z</time></trkpt><trkpt lon="-7.2718367" lat="40.3067"><ele>490.4</ele><time>2026-05-22T07:09:51.800Z</time></trkpt><trkpt lon="-7.27233" lat="40.30671"><ele>490.2</ele><time>2026-05-22T07:09:55.000Z</time></trkpt><trkpt lon="-7.2726533" lat="40.3067244"><ele>490.0</ele><time>2026-05-22T07:09:57.100Z</time></trkpt><trkpt lon="-7.2729767" lat="40.3067389"><ele>489.8</ele><time>2026-05-22T07:09:59.200Z</time></trkpt><trkpt lon="-7.2733" lat="40.3067533"><ele>489.6</ele><time>2026-05-22T07:10:01.300Z</time></trkpt><trkpt lon="-7.2736233" lat="40.3067678"><ele>489.5</ele><time>2026-05-22T07:10:03.400Z</time></trkpt><trkpt lon="-7.2739467" lat="40.3067822"><ele>489.4</ele><time>2026-05-22T07:10:05.600Z</time></trkpt><trkpt lon="-7.27427" lat="40.3067967"><ele>489.4</ele><time>2026-05-22T07:10:07.800Z</time></trkpt><trkpt lon="-7.2745933" lat="40.3068111"><ele>489.4</ele><time>2026-05-22T07:10:10.000Z</time></trkpt><trkpt lon="-7.2749167" lat="40.3068256"><ele>489.5</ele><time>2026-05-22T07:10:12.200Z</time></trkpt><trkpt lon="-7.27524" lat="40.30684"><ele>489.6</ele><time>2026-05-22T07:10:14.400Z</time></trkpt><trkpt lon="-7.275555" lat="40.306795"><ele>489.6</ele><time>2026-05-22T07:10:16.600Z</time></trkpt><trkpt lon="-7.27587" lat="40.30675"><ele>489.6</ele><time>2026-05-22T07:10:18.800Z</time></trkpt><trkpt lon="-7.2761117" lat="40.30668"><ele>489.5</ele><time>2026-05-22T07:10:20.500Z</time></trkpt><trkpt lon="-7.276595" lat="40.30654"><ele>489.3</ele><time>2026-05-22T07:10:23.900Z</time></trkpt><trkpt lon="-7.2768367" lat="40.30647"><ele>489.1</ele><time>2026-05-22T07:10:25.600Z</time></trkpt><trkpt lon="-7.27732" lat="40.30633"><ele>488.8</ele><time>2026-05-22T07:10:28.900Z</time></trkpt><trkpt lon="-7.27777" lat="40.30625"><ele>487.6</ele><time>2026-05-22T07:10:31.500Z</time></trkpt><trkpt lon="-7.2781" lat="40.30622"><ele>487.1</ele><time>2026-05-22T07:10:33.500Z</time></trkpt><trkpt lon="-7.27839" lat="40.30621"><ele>487.0</ele><time>2026-05-22T07:10:35.400Z</time></trkpt><trkpt lon="-7.27897" lat="40.30619"><ele>486.7</ele><time>2026-05-22T07:10:39.100Z</time></trkpt><trkpt lon="-7.27922" lat="40.30619"><ele>486.6</ele><time>2026-05-22T07:10:40.800Z</time></trkpt><trkpt lon="-7.27949" lat="40.30624"><ele>486.5</ele><time>2026-05-22T07:10:42.600Z</time></trkpt><trkpt lon="-7.27979" lat="40.30636"><ele>486.4</ele><time>2026-05-22T07:10:44.900Z</time></trkpt><trkpt lon="-7.2800083" lat="40.3065092"><ele>486.4</ele><time>2026-05-22T07:10:46.800Z</time></trkpt><trkpt lon="-7.2802267" lat="40.3066583"><ele>486.4</ele><time>2026-05-22T07:10:48.800Z</time></trkpt><trkpt lon="-7.2806633" lat="40.3069567"><ele>486.3</ele><time>2026-05-22T07:10:52.700Z</time></trkpt><trkpt lon="-7.2808816" lat="40.3071058"><ele>486.2</ele><time>2026-05-22T07:10:54.700Z</time></trkpt><trkpt lon="-7.2811" lat="40.307255"><ele>486.0</ele><time>2026-05-22T07:10:56.600Z</time></trkpt><trkpt lon="-7.2815367" lat="40.3075533"><ele>485.7</ele><time>2026-05-22T07:11:00.400Z</time></trkpt><trkpt lon="-7.281755" lat="40.3077025"><ele>485.6</ele><time>2026-05-22T07:11:02.300Z</time></trkpt><trkpt lon="-7.2819733" lat="40.3078517"><ele>485.5</ele><time>2026-05-22T07:11:04.200Z</time></trkpt><trkpt lon="-7.28241" lat="40.30815"><ele>485.4</ele><time>2026-05-22T07:11:08.100Z</time></trkpt><trkpt lon="-7.28277" lat="40.30834"><ele>485.3</ele><time>2026-05-22T07:11:11.100Z</time></trkpt><trkpt lon="-7.28305" lat="40.30845"><ele>485.3</ele><time>2026-05-22T07:11:13.100Z</time></trkpt><trkpt lon="-7.283365" lat="40.3085306"><ele>485.0</ele><time>2026-05-22T07:11:15.300Z</time></trkpt><trkpt lon="-7.28368" lat="40.3086111"><ele>484.7</ele><time>2026-05-22T07:11:17.400Z</time></trkpt><trkpt lon="-7.283995" lat="40.3086917"><ele>484.4</ele><time>2026-05-22T07:11:19.500Z</time></trkpt><trkpt lon="-7.28431" lat="40.3087722"><ele>484.3</ele><time>2026-05-22T07:11:21.600Z</time></trkpt><trkpt lon="-7.284625" lat="40.3088528"><ele>484.1</ele><time>2026-05-22T07:11:23.800Z</time></trkpt><trkpt lon="-7.28494" lat="40.3089334"><ele>483.9</ele><time>2026-05-22T07:11:26.000Z</time></trkpt><trkpt lon="-7.285255" lat="40.3090139"><ele>483.8</ele><time>2026-05-22T07:11:28.200Z</time></trkpt><trkpt lon="-7.28557" lat="40.3090945"><ele>483.8</ele><time>2026-05-22T07:11:30.400Z</time></trkpt><trkpt lon="-7.285885" lat="40.309175"><ele>483.8</ele><time>2026-05-22T07:11:32.600Z</time></trkpt><trkpt lon="-7.2862" lat="40.3092556"><ele>483.9</ele><time>2026-05-22T07:11:35.000Z</time></trkpt><trkpt lon="-7.286515" lat="40.3093361"><ele>484.0</ele><time>2026-05-22T07:11:37.300Z</time></trkpt><trkpt lon="-7.28683" lat="40.3094167"><ele>484.1</ele><time>2026-05-22T07:11:39.600Z</time></trkpt><trkpt lon="-7.287145" lat="40.3094972"><ele>484.2</ele><time>2026-05-22T07:11:41.900Z</time></trkpt><trkpt lon="-7.28746" lat="40.3095778"><ele>484.3</ele><time>2026-05-22T07:11:44.200Z</time></trkpt><trkpt lon="-7.287775" lat="40.3096584"><ele>484.3</ele><time>2026-05-22T07:11:46.500Z</time></trkpt><trkpt lon="-7.28809" lat="40.3097389"><ele>484.3</ele><time>2026-05-22T07:11:48.700Z</time></trkpt><trkpt lon="-7.288405" lat="40.3098195"><ele>484.3</ele><time>2026-05-22T07:11:51.000Z</time></trkpt><trkpt lon="-7.28872" lat="40.3099"><ele>484.3</ele><time>2026-05-22T07:11:53.200Z</time></trkpt><trkpt lon="-7.28908" lat="40.30996"><ele>484.3</ele><time>2026-05-22T07:11:55.700Z</time></trkpt><trkpt lon="-7.2893577" lat="40.309992"><ele>484.1</ele><time>2026-05-22T07:11:57.500Z</time></trkpt><trkpt lon="-7.2896355" lat="40.310024"><ele>483.9</ele><time>2026-05-22T07:11:59.300Z</time></trkpt><trkpt lon="-7.290191" lat="40.310088"><ele>483.5</ele><time>2026-05-22T07:12:02.900Z</time></trkpt><trkpt lon="-7.2904687" lat="40.3101201"><ele>483.2</ele><time>2026-05-22T07:12:04.700Z</time></trkpt><trkpt lon="-7.2907465" lat="40.3101521"><ele>482.9</ele><time>2026-05-22T07:12:06.400Z</time></trkpt><trkpt lon="-7.291302" lat="40.3102161"><ele>482.3</ele><time>2026-05-22T07:12:09.900Z</time></trkpt><trkpt lon="-7.2915797" lat="40.3102481"><ele>482.1</ele><time>2026-05-22T07:12:11.700Z</time></trkpt><trkpt lon="-7.2918575" lat="40.3102801"><ele>481.9</ele><time>2026-05-22T07:12:13.500Z</time></trkpt><trkpt lon="-7.292413" lat="40.3103441"><ele>481.5</ele><time>2026-05-22T07:12:17.200Z</time></trkpt><trkpt lon="-7.2926907" lat="40.3103761"><ele>481.4</ele><time>2026-05-22T07:12:19.000Z</time></trkpt><trkpt lon="-7.2929685" lat="40.3104081"><ele>481.3</ele><time>2026-05-22T07:12:20.800Z</time></trkpt><trkpt lon="-7.2935239" lat="40.3104721"><ele>481.1</ele><time>2026-05-22T07:12:24.500Z</time></trkpt><trkpt lon="-7.2938017" lat="40.3105041"><ele>481.1</ele><time>2026-05-22T07:12:26.400Z</time></trkpt><trkpt lon="-7.2940794" lat="40.3105361"><ele>481.1</ele><time>2026-05-22T07:12:28.400Z</time></trkpt><trkpt lon="-7.2946349" lat="40.3106001"><ele>481.2</ele><time>2026-05-22T07:12:32.200Z</time></trkpt><trkpt lon="-7.2949127" lat="40.3106321"><ele>481.0</ele><time>2026-05-22T07:12:34.000Z</time></trkpt><trkpt lon="-7.2951904" lat="40.3106641"><ele>480.9</ele><time>2026-05-22T07:12:35.800Z</time></trkpt><trkpt lon="-7.2957459" lat="40.3107281"><ele>480.6</ele><time>2026-05-22T07:12:39.500Z</time></trkpt><trkpt lon="-7.2960237" lat="40.3107601"><ele>480.6</ele><time>2026-05-22T07:12:41.400Z</time></trkpt><trkpt lon="-7.2963015" lat="40.3107921"><ele>480.5</ele><time>2026-05-22T07:12:43.200Z</time></trkpt><trkpt lon="-7.296857" lat="40.3108561"><ele>480.4</ele><time>2026-05-22T07:12:47.000Z</time></trkpt><trkpt lon="-7.2971347" lat="40.3108881"><ele>480.4</ele><time>2026-05-22T07:12:48.900Z</time></trkpt><trkpt lon="-7.2974125" lat="40.3109201"><ele>480.5</ele><time>2026-05-22T07:12:50.800Z</time></trkpt><trkpt lon="-7.297968" lat="40.3109841"><ele>480.5</ele><time>2026-05-22T07:12:54.700Z</time></trkpt><trkpt lon="-7.2982457" lat="40.3110161"><ele>480.5</ele><time>2026-05-22T07:12:56.500Z</time></trkpt><trkpt lon="-7.2985235" lat="40.3110481"><ele>480.4</ele><time>2026-05-22T07:12:58.400Z</time></trkpt><trkpt lon="-7.299079" lat="40.311112"><ele>480.3</ele><time>2026-05-22T07:13:02.100Z</time></trkpt><trkpt lon="-7.2993567" lat="40.311144"><ele>480.2</ele><time>2026-05-22T07:13:04.000Z</time></trkpt><trkpt lon="-7.2996345" lat="40.311176"><ele>480.1</ele><time>2026-05-22T07:13:05.800Z</time></trkpt><trkpt lon="-7.30019" lat="40.31124"><ele>480.0</ele><time>2026-05-22T07:13:09.500Z</time></trkpt><trkpt lon="-7.30043" lat="40.31138"><ele>480.0</ele><time>2026-05-22T07:13:11.600Z</time></trkpt><trkpt lon="-7.3006" lat="40.3115"><ele>480.0</ele><time>2026-05-22T07:13:13.200Z</time></trkpt><trkpt lon="-7.300705" lat="40.311685"><ele>480.8</ele><time>2026-05-22T07:13:15.600Z</time></trkpt><trkpt lon="-7.30081" lat="40.31187"><ele>481.7</ele><time>2026-05-22T07:13:18.200Z</time></trkpt><trkpt lon="-7.30102" lat="40.31224"><ele>483.4</ele><time>2026-05-22T07:13:23.300Z</time></trkpt><trkpt lon="-7.30108" lat="40.312455"><ele>484.2</ele><time>2026-05-22T07:13:26.000Z</time></trkpt><trkpt lon="-7.30114" lat="40.31267"><ele>485.1</ele><time>2026-05-22T07:13:28.700Z</time></trkpt><trkpt lon="-7.3012" lat="40.312885"><ele>485.9</ele><time>2026-05-22T07:13:31.400Z</time></trkpt><trkpt lon="-7.30126" lat="40.3131"><ele>486.8</ele><time>2026-05-22T07:13:34.100Z</time></trkpt><trkpt lon="-7.30132" lat="40.313315"><ele>487.9</ele><time>2026-05-22T07:13:37.100Z</time></trkpt><trkpt lon="-7.30138" lat="40.31353"><ele>489.0</ele><time>2026-05-22T07:13:40.200Z</time></trkpt><trkpt lon="-7.30144" lat="40.313745"><ele>490.2</ele><time>2026-05-22T07:13:43.300Z</time></trkpt><trkpt lon="-7.3015" lat="40.31396"><ele>491.3</ele><time>2026-05-22T07:13:46.400Z</time></trkpt><trkpt lon="-7.30156" lat="40.314175"><ele>492.2</ele><time>2026-05-22T07:13:49.200Z</time></trkpt><trkpt lon="-7.30162" lat="40.31439"><ele>493.2</ele><time>2026-05-22T07:13:52.100Z</time></trkpt><trkpt lon="-7.30168" lat="40.314605"><ele>494.2</ele><time>2026-05-22T07:13:54.900Z</time></trkpt><trkpt lon="-7.30174" lat="40.31482"><ele>495.1</ele><time>2026-05-22T07:13:57.700Z</time></trkpt><trkpt lon="-7.301775" lat="40.315015"><ele>495.7</ele><time>2026-05-22T07:13:59.800Z</time></trkpt><trkpt lon="-7.30181" lat="40.31521"><ele>496.1</ele><time>2026-05-22T07:14:01.900Z</time></trkpt><trkpt lon="-7.3017883" lat="40.3154117"><ele>496.0</ele><time>2026-05-22T07:14:03.600Z</time></trkpt><trkpt lon="-7.301745" lat="40.315815"><ele>495.5</ele><time>2026-05-22T07:14:07.000Z</time></trkpt><trkpt lon="-7.3017233" lat="40.3160167"><ele>495.0</ele><time>2026-05-22T07:14:08.600Z</time></trkpt><trkpt lon="-7.30168" lat="40.31642"><ele>494.0</ele><time>2026-05-22T07:14:11.700Z</time></trkpt><trkpt lon="-7.301675" lat="40.31666"><ele>493.4</ele><time>2026-05-22T07:14:13.600Z</time></trkpt><trkpt lon="-7.30167" lat="40.3169"><ele>492.8</ele><time>2026-05-22T07:14:15.400Z</time></trkpt><trkpt lon="-7.30165" lat="40.3171367"><ele>492.2</ele><time>2026-05-22T07:14:17.200Z</time></trkpt><trkpt lon="-7.30163" lat="40.3173733"><ele>491.6</ele><time>2026-05-22T07:14:19.000Z</time></trkpt><trkpt lon="-7.30161" lat="40.31761"><ele>491.0</ele><time>2026-05-22T07:14:20.900Z</time></trkpt><trkpt lon="-7.30159" lat="40.3178467"><ele>490.8</ele><time>2026-05-22T07:14:22.900Z</time></trkpt><trkpt lon="-7.30157" lat="40.3180833"><ele>490.5</ele><time>2026-05-22T07:14:24.800Z</time></trkpt><trkpt lon="-7.30155" lat="40.31832"><ele>490.3</ele><time>2026-05-22T07:14:26.800Z</time></trkpt><trkpt lon="-7.30153" lat="40.3185567"><ele>490.2</ele><time>2026-05-22T07:14:28.900Z</time></trkpt><trkpt lon="-7.30151" lat="40.3187933"><ele>490.0</ele><time>2026-05-22T07:14:30.900Z</time></trkpt><trkpt lon="-7.30149" lat="40.31903"><ele>489.9</ele><time>2026-05-22T07:14:32.900Z</time></trkpt><trkpt lon="-7.30137" lat="40.31937"><ele>489.5</ele><time>2026-05-22T07:14:35.900Z</time></trkpt><trkpt lon="-7.30116" lat="40.3196"><ele>489.6</ele><time>2026-05-22T07:14:38.400Z</time></trkpt><trkpt lon="-7.3009533" lat="40.3196933"><ele>489.8</ele><time>2026-05-22T07:14:40.200Z</time></trkpt><trkpt lon="-7.30054" lat="40.31988"><ele>490.3</ele><time>2026-05-22T07:14:43.900Z</time></trkpt><trkpt lon="-7.30022" lat="40.3201"><ele>491.4</ele><time>2026-05-22T07:14:47.600Z</time></trkpt><trkpt lon="-7.3000367" lat="40.3203133"><ele>491.8</ele><time>2026-05-22T07:14:50.200Z</time></trkpt><trkpt lon="-7.2998533" lat="40.3205267"><ele>492.3</ele><time>2026-05-22T07:14:52.800Z</time></trkpt><trkpt lon="-7.29967" lat="40.32074"><ele>492.7</ele><time>2026-05-22T07:14:55.400Z</time></trkpt><trkpt lon="-7.2994867" lat="40.3209533"><ele>493.0</ele><time>2026-05-22T07:14:57.900Z</time></trkpt><trkpt lon="-7.2993033" lat="40.3211667"><ele>493.4</ele><time>2026-05-22T07:15:00.400Z</time></trkpt><trkpt lon="-7.29912" lat="40.32138"><ele>493.7</ele><time>2026-05-22T07:15:02.900Z</time></trkpt><trkpt lon="-7.2989517" lat="40.3215117"><ele>493.9</ele><time>2026-05-22T07:15:04.700Z</time></trkpt><trkpt lon="-7.298615" lat="40.321775"><ele>494.3</ele><time>2026-05-22T07:15:08.300Z</time></trkpt><trkpt lon="-7.2984467" lat="40.3219067"><ele>494.7</ele><time>2026-05-22T07:15:10.200Z</time></trkpt><trkpt lon="-7.29811" lat="40.32217"><ele>495.6</ele><time>2026-05-22T07:15:14.100Z</time></trkpt><trkpt lon="-7.29797" lat="40.32234"><ele>495.8</ele><time>2026-05-22T07:15:16.100Z</time></trkpt><trkpt lon="-7.29794" lat="40.32254"><ele>495.7</ele><time>2026-05-22T07:15:17.800Z</time></trkpt><trkpt lon="-7.29802" lat="40.32287"><ele>495.4</ele><time>2026-05-22T07:15:20.600Z</time></trkpt><trkpt lon="-7.2981022" lat="40.32308"><ele>494.6</ele><time>2026-05-22T07:15:22.200Z</time></trkpt><trkpt lon="-7.2982667" lat="40.3235"><ele>492.9</ele><time>2026-05-22T07:15:25.400Z</time></trkpt><trkpt lon="-7.2983489" lat="40.32371"><ele>492.4</ele><time>2026-05-22T07:15:27.100Z</time></trkpt><trkpt lon="-7.2985133" lat="40.32413"><ele>491.5</ele><time>2026-05-22T07:15:30.500Z</time></trkpt><trkpt lon="-7.2985956" lat="40.32434"><ele>490.8</ele><time>2026-05-22T07:15:32.200Z</time></trkpt><trkpt lon="-7.29876" lat="40.32476"><ele>489.6</ele><time>2026-05-22T07:15:35.500Z</time></trkpt><trkpt lon="-7.2988233" lat="40.3249383"><ele>489.4</ele><time>2026-05-22T07:15:37.100Z</time></trkpt><trkpt lon="-7.29895" lat="40.325295"><ele>489.3</ele><time>2026-05-22T07:15:40.200Z</time></trkpt><trkpt lon="-7.2990133" lat="40.3254733"><ele>489.3</ele><time>2026-05-22T07:15:41.900Z</time></trkpt><trkpt lon="-7.29914" lat="40.32583"><ele>489.3</ele><time>2026-05-22T07:15:45.200Z</time></trkpt><trkpt lon="-7.29913" lat="40.32595"><ele>489.4</ele><time>2026-05-22T07:15:46.300Z</time></trkpt><trkpt lon="-7.29922" lat="40.32621"><ele>489.4</ele><time>2026-05-22T07:15:48.700Z</time></trkpt><trkpt lon="-7.2995617" lat="40.3262225"><ele>489.0</ele><time>2026-05-22T07:15:50.800Z</time></trkpt><trkpt lon="-7.2999033" lat="40.326235"><ele>488.6</ele><time>2026-05-22T07:15:52.900Z</time></trkpt><trkpt lon="-7.300245" lat="40.3262475"><ele>488.2</ele><time>2026-05-22T07:15:55.100Z</time></trkpt><trkpt lon="-7.3005867" lat="40.32626"><ele>488.2</ele><time>2026-05-22T07:15:57.400Z</time></trkpt><trkpt lon="-7.3009283" lat="40.3262725"><ele>488.2</ele><time>2026-05-22T07:15:59.700Z</time></trkpt><trkpt lon="-7.30127" lat="40.326285"><ele>488.2</ele><time>2026-05-22T07:16:02.000Z</time></trkpt><trkpt lon="-7.3016117" lat="40.3262975"><ele>488.2</ele><time>2026-05-22T07:16:04.300Z</time></trkpt><trkpt lon="-7.3019533" lat="40.32631"><ele>488.1</ele><time>2026-05-22T07:16:06.600Z</time></trkpt><trkpt lon="-7.302295" lat="40.3263225"><ele>487.9</ele><time>2026-05-22T07:16:08.800Z</time></trkpt><trkpt lon="-7.3026367" lat="40.326335"><ele>486.5</ele><time>2026-05-22T07:16:10.500Z</time></trkpt><trkpt lon="-7.3029783" lat="40.3263475"><ele>485.0</ele><time>2026-05-22T07:16:12.200Z</time></trkpt><trkpt lon="-7.30332" lat="40.32636"><ele>483.5</ele><time>2026-05-22T07:16:13.900Z</time></trkpt><trkpt lon="-7.3036725" lat="40.3263225"><ele>482.4</ele><time>2026-05-22T07:16:15.800Z</time></trkpt><trkpt lon="-7.304025" lat="40.326285"><ele>481.3</ele><time>2026-05-22T07:16:17.700Z</time></trkpt><trkpt lon="-7.3043775" lat="40.3262475"><ele>480.1</ele><time>2026-05-22T07:16:19.600Z</time></trkpt><trkpt lon="-7.30473" lat="40.32621"><ele>478.9</ele><time>2026-05-22T07:16:21.500Z</time></trkpt><trkpt lon="-7.3050662" lat="40.3262624"><ele>477.4</ele><time>2026-05-22T07:16:23.200Z</time></trkpt><trkpt lon="-7.3054024" lat="40.3263148"><ele>476.0</ele><time>2026-05-22T07:16:24.900Z</time></trkpt><trkpt lon="-7.3057386" lat="40.3263672"><ele>474.6</ele><time>2026-05-22T07:16:26.600Z</time></trkpt><trkpt lon="-7.3060747" lat="40.3264196"><ele>473.8</ele><time>2026-05-22T07:16:28.600Z</time></trkpt><trkpt lon="-7.3064109" lat="40.3264719"><ele>473.0</ele><time>2026-05-22T07:16:30.600Z</time></trkpt><trkpt lon="-7.3067471" lat="40.3265243"><ele>472.3</ele><time>2026-05-22T07:16:32.600Z</time></trkpt><trkpt lon="-7.3070833" lat="40.3265767"><ele>471.8</ele><time>2026-05-22T07:16:34.600Z</time></trkpt><trkpt lon="-7.3074195" lat="40.3266291"><ele>471.3</ele><time>2026-05-22T07:16:36.700Z</time></trkpt><trkpt lon="-7.3077557" lat="40.3266815"><ele>470.8</ele><time>2026-05-22T07:16:38.800Z</time></trkpt><trkpt lon="-7.3080919" lat="40.3267339"><ele>470.4</ele><time>2026-05-22T07:16:40.900Z</time></trkpt><trkpt lon="-7.3084281" lat="40.3267862"><ele>469.9</ele><time>2026-05-22T07:16:43.000Z</time></trkpt><trkpt lon="-7.3087643" lat="40.3268386"><ele>469.5</ele><time>2026-05-22T07:16:45.100Z</time></trkpt><trkpt lon="-7.3091004" lat="40.326891"><ele>468.8</ele><time>2026-05-22T07:16:47.100Z</time></trkpt><trkpt lon="-7.3094366" lat="40.3269434"><ele>468.1</ele><time>2026-05-22T07:16:49.100Z</time></trkpt><trkpt lon="-7.3097728" lat="40.3269958"><ele>467.4</ele><time>2026-05-22T07:16:51.100Z</time></trkpt><trkpt lon="-7.310109" lat="40.3270481"><ele>467.0</ele><time>2026-05-22T07:16:53.300Z</time></trkpt><trkpt lon="-7.3104452" lat="40.3271005"><ele>466.7</ele><time>2026-05-22T07:16:55.400Z</time></trkpt><trkpt lon="-7.3107814" lat="40.3271529"><ele>466.4</ele><time>2026-05-22T07:16:57.600Z</time></trkpt><trkpt lon="-7.3111176" lat="40.3272053"><ele>466.3</ele><time>2026-05-22T07:16:59.800Z</time></trkpt><trkpt lon="-7.3114538" lat="40.3272576"><ele>466.2</ele><time>2026-05-22T07:17:02.100Z</time></trkpt><trkpt lon="-7.31179" lat="40.32731"><ele>466.1</ele><time>2026-05-22T07:17:04.400Z</time></trkpt><trkpt lon="-7.312125" lat="40.3273567"><ele>466.4</ele><time>2026-05-22T07:17:06.900Z</time></trkpt><trkpt lon="-7.31246" lat="40.3274033"><ele>466.7</ele><time>2026-05-22T07:17:09.500Z</time></trkpt><trkpt lon="-7.312795" lat="40.32745"><ele>466.9</ele><time>2026-05-22T07:17:12.000Z</time></trkpt><trkpt lon="-7.31313" lat="40.3274967"><ele>466.7</ele><time>2026-05-22T07:17:14.100Z</time></trkpt><trkpt lon="-7.313465" lat="40.3275433"><ele>466.4</ele><time>2026-05-22T07:17:16.300Z</time></trkpt><trkpt lon="-7.3138" lat="40.32759"><ele>466.0</ele><time>2026-05-22T07:17:18.400Z</time></trkpt><trkpt lon="-7.3140583" lat="40.3276033"><ele>465.4</ele><time>2026-05-22T07:17:19.900Z</time></trkpt><trkpt lon="-7.314575" lat="40.32763"><ele>464.2</ele><time>2026-05-22T07:17:22.800Z</time></trkpt><trkpt lon="-7.3148333" lat="40.3276433"><ele>463.9</ele><time>2026-05-22T07:17:24.400Z</time></trkpt><trkpt lon="-7.31535" lat="40.32767"><ele>463.1</ele><time>2026-05-22T07:17:27.600Z</time></trkpt><trkpt lon="-7.3156575" lat="40.32779"><ele>462.1</ele><time>2026-05-22T07:17:29.500Z</time></trkpt><trkpt lon="-7.315965" lat="40.32791"><ele>461.0</ele><time>2026-05-22T07:17:31.300Z</time></trkpt><trkpt lon="-7.3162725" lat="40.32803"><ele>459.9</ele><time>2026-05-22T07:17:33.200Z</time></trkpt><trkpt lon="-7.31658" lat="40.32815"><ele>459.3</ele><time>2026-05-22T07:17:35.200Z</time></trkpt><trkpt lon="-7.3168875" lat="40.32827"><ele>458.6</ele><time>2026-05-22T07:17:37.200Z</time></trkpt><trkpt lon="-7.317195" lat="40.32839"><ele>458.1</ele><time>2026-05-22T07:17:39.300Z</time></trkpt><trkpt lon="-7.3175025" lat="40.32851"><ele>457.9</ele><time>2026-05-22T07:17:41.500Z</time></trkpt><trkpt lon="-7.31781" lat="40.32863"><ele>457.8</ele><time>2026-05-22T07:17:43.800Z</time></trkpt><trkpt lon="-7.3181175" lat="40.32875"><ele>457.7</ele><time>2026-05-22T07:17:46.100Z</time></trkpt><trkpt lon="-7.318425" lat="40.32887"><ele>457.4</ele><time>2026-05-22T07:17:48.300Z</time></trkpt><trkpt lon="-7.3187325" lat="40.32899"><ele>457.1</ele><time>2026-05-22T07:17:50.500Z</time></trkpt><trkpt lon="-7.31904" lat="40.32911"><ele>456.7</ele><time>2026-05-22T07:17:52.600Z</time></trkpt><trkpt lon="-7.31934" lat="40.32919"><ele>456.2</ele><time>2026-05-22T07:17:54.500Z</time></trkpt><trkpt lon="-7.31963" lat="40.3291483"><ele>455.9</ele><time>2026-05-22T07:17:56.400Z</time></trkpt><trkpt lon="-7.32021" lat="40.329065"><ele>455.6</ele><time>2026-05-22T07:18:00.200Z</time></trkpt><trkpt lon="-7.3205" lat="40.3290233"><ele>455.6</ele><time>2026-05-22T07:18:02.200Z</time></trkpt><trkpt lon="-7.32079" lat="40.3289817"><ele>455.6</ele><time>2026-05-22T07:18:04.200Z</time></trkpt><trkpt lon="-7.32108" lat="40.32894"><ele>455.7</ele><time>2026-05-22T07:18:06.300Z</time></trkpt><trkpt lon="-7.32133" lat="40.3289383"><ele>455.7</ele><time>2026-05-22T07:18:08.000Z</time></trkpt><trkpt lon="-7.32183" lat="40.328935"><ele>455.7</ele><time>2026-05-22T07:18:11.300Z</time></trkpt><trkpt lon="-7.32208" lat="40.3289333"><ele>455.7</ele><time>2026-05-22T07:18:13.000Z</time></trkpt><trkpt lon="-7.32258" lat="40.32893"><ele>455.7</ele><time>2026-05-22T07:18:16.400Z</time></trkpt><trkpt lon="-7.323" lat="40.32898"><ele>455.7</ele><time>2026-05-22T07:18:19.300Z</time></trkpt><trkpt lon="-7.323265" lat="40.3290475"><ele>455.8</ele><time>2026-05-22T07:18:21.200Z</time></trkpt><trkpt lon="-7.32353" lat="40.329115"><ele>455.8</ele><time>2026-05-22T07:18:23.100Z</time></trkpt><trkpt lon="-7.32406" lat="40.32925"><ele>456.0</ele><time>2026-05-22T07:18:27.000Z</time></trkpt><trkpt lon="-7.32445" lat="40.32922"><ele>455.9</ele><time>2026-05-22T07:18:29.600Z</time></trkpt><trkpt lon="-7.32483" lat="40.32909"><ele>455.6</ele><time>2026-05-22T07:18:32.300Z</time></trkpt><trkpt lon="-7.32509" lat="40.3289483"><ele>455.3</ele><time>2026-05-22T07:18:34.300Z</time></trkpt><trkpt lon="-7.32535" lat="40.3288067"><ele>455.0</ele><time>2026-05-22T07:18:36.300Z</time></trkpt><trkpt lon="-7.32561" lat="40.328665"><ele>454.7</ele><time>2026-05-22T07:18:38.400Z</time></trkpt><trkpt lon="-7.32587" lat="40.3285233"><ele>454.5</ele><time>2026-05-22T07:18:40.400Z</time></trkpt><trkpt lon="-7.32613" lat="40.3283817"><ele>454.3</ele><time>2026-05-22T07:18:42.500Z</time></trkpt><trkpt lon="-7.32639" lat="40.32824"><ele>454.2</ele><time>2026-05-22T07:18:44.600Z</time></trkpt><trkpt lon="-7.32665" lat="40.3280983"><ele>454.2</ele><time>2026-05-22T07:18:46.800Z</time></trkpt><trkpt lon="-7.32691" lat="40.3279567"><ele>454.3</ele><time>2026-05-22T07:18:49.000Z</time></trkpt><trkpt lon="-7.32717" lat="40.327815"><ele>454.4</ele><time>2026-05-22T07:18:51.200Z</time></trkpt><trkpt lon="-7.32743" lat="40.3276733"><ele>454.8</ele><time>2026-05-22T07:18:53.700Z</time></trkpt><trkpt lon="-7.32769" lat="40.3275317"><ele>455.2</ele><time>2026-05-22T07:18:56.100Z</time></trkpt><trkpt lon="-7.32795" lat="40.32739"><ele>455.6</ele><time>2026-05-22T07:18:58.600Z</time></trkpt><trkpt lon="-7.328185" lat="40.3273"><ele>456.0</ele><time>2026-05-22T07:19:00.700Z</time></trkpt><trkpt lon="-7.32842" lat="40.32721"><ele>456.4</ele><time>2026-05-22T07:19:02.700Z</time></trkpt><trkpt lon="-7.32885" lat="40.32721"><ele>456.6</ele><time>2026-05-22T07:19:05.800Z</time></trkpt><trkpt lon="-7.32911" lat="40.32727"><ele>456.8</ele><time>2026-05-22T07:19:07.800Z</time></trkpt><trkpt lon="-7.3293622" lat="40.3273633"><ele>456.9</ele><time>2026-05-22T07:19:09.800Z</time></trkpt><trkpt lon="-7.3298667" lat="40.32755"><ele>457.1</ele><time>2026-05-22T07:19:13.700Z</time></trkpt><trkpt lon="-7.3301189" lat="40.3276433"><ele>457.1</ele><time>2026-05-22T07:19:15.600Z</time></trkpt><trkpt lon="-7.3306233" lat="40.32783"><ele>457.2</ele><time>2026-05-22T07:19:19.400Z</time></trkpt><trkpt lon="-7.3308756" lat="40.3279233"><ele>457.1</ele><time>2026-05-22T07:19:21.300Z</time></trkpt><trkpt lon="-7.33138" lat="40.32811"><ele>456.8</ele><time>2026-05-22T07:19:24.900Z</time></trkpt><trkpt lon="-7.3317" lat="40.32833"><ele>456.6</ele><time>2026-05-22T07:19:27.800Z</time></trkpt><trkpt lon="-7.33194" lat="40.32862"><ele>456.1</ele><time>2026-05-22T07:19:30.500Z</time></trkpt><trkpt lon="-7.33206" lat="40.32884"><ele>455.8</ele><time>2026-05-22T07:19:32.500Z</time></trkpt><trkpt lon="-7.3321506" lat="40.3290828"><ele>455.6</ele><time>2026-05-22T07:19:34.700Z</time></trkpt><trkpt lon="-7.3322411" lat="40.3293256"><ele>455.5</ele><time>2026-05-22T07:19:36.900Z</time></trkpt><trkpt lon="-7.3323317" lat="40.3295683"><ele>455.5</ele><time>2026-05-22T07:19:39.100Z</time></trkpt><trkpt lon="-7.3324222" lat="40.3298111"><ele>455.6</ele><time>2026-05-22T07:19:41.400Z</time></trkpt><trkpt lon="-7.3325128" lat="40.3300539"><ele>455.8</ele><time>2026-05-22T07:19:43.800Z</time></trkpt><trkpt lon="-7.3326033" lat="40.3302967"><ele>456.0</ele><time>2026-05-22T07:19:46.200Z</time></trkpt><trkpt lon="-7.3326712" lat="40.3304788"><ele>456.5</ele><time>2026-05-22T07:19:48.200Z</time></trkpt><trkpt lon="-7.3327391" lat="40.3306608"><ele>457.0</ele><time>2026-05-22T07:19:50.300Z</time></trkpt><trkpt lon="-7.332875" lat="40.331025"><ele>458.1</ele><time>2026-05-22T07:19:54.500Z</time></trkpt><trkpt lon="-7.3329429" lat="40.3312071"><ele>458.9</ele><time>2026-05-22T07:19:56.900Z</time></trkpt><trkpt lon="-7.3330108" lat="40.3313892"><ele>459.8</ele><time>2026-05-22T07:19:59.400Z</time></trkpt><trkpt lon="-7.3331466" lat="40.3317533"><ele>461.5</ele><time>2026-05-22T07:20:04.400Z</time></trkpt><trkpt lon="-7.3332146" lat="40.3319354"><ele>462.1</ele><time>2026-05-22T07:20:06.600Z</time></trkpt><trkpt lon="-7.3332825" lat="40.3321175"><ele>462.7</ele><time>2026-05-22T07:20:08.700Z</time></trkpt><trkpt lon="-7.3334183" lat="40.3324817"><ele>464.0</ele><time>2026-05-22T07:20:13.100Z</time></trkpt><trkpt lon="-7.3334862" lat="40.3326638"><ele>465.0</ele><time>2026-05-22T07:20:15.800Z</time></trkpt><trkpt lon="-7.3335542" lat="40.3328458"><ele>466.0</ele><time>2026-05-22T07:20:18.500Z</time></trkpt><trkpt lon="-7.33369" lat="40.33321"><ele>468.1</ele><time>2026-05-22T07:20:24.100Z</time></trkpt><trkpt lon="-7.3336933" lat="40.3333867"><ele>469.2</ele><time>2026-05-22T07:20:26.900Z</time></trkpt><trkpt lon="-7.3337" lat="40.33374"><ele>471.7</ele><time>2026-05-22T07:20:32.700Z</time></trkpt><trkpt lon="-7.33376" lat="40.33393"><ele>473.8</ele><time>2026-05-22T07:20:37.000Z</time></trkpt><trkpt lon="-7.33386" lat="40.33408"><ele>475.6</ele><time>2026-05-22T07:20:40.700Z</time></trkpt><trkpt lon="-7.33409" lat="40.3343"><ele>477.6</ele><time>2026-05-22T07:20:45.400Z</time></trkpt><trkpt lon="-7.33428" lat="40.33439"><ele>478.2</ele><time>2026-05-22T07:20:47.400Z</time></trkpt><trkpt lon="-7.334505" lat="40.334535"><ele>478.4</ele><time>2026-05-22T07:20:49.600Z</time></trkpt><trkpt lon="-7.33473" lat="40.33468"><ele>478.7</ele><time>2026-05-22T07:20:51.700Z</time></trkpt><trkpt lon="-7.3349537" lat="40.3348081"><ele>478.8</ele><time>2026-05-22T07:20:53.700Z</time></trkpt><trkpt lon="-7.3351775" lat="40.3349363"><ele>479.0</ele><time>2026-05-22T07:20:55.700Z</time></trkpt><trkpt lon="-7.335625" lat="40.3351925"><ele>479.3</ele><time>2026-05-22T07:20:59.800Z</time></trkpt><trkpt lon="-7.3358487" lat="40.3353206"><ele>479.6</ele><time>2026-05-22T07:21:01.900Z</time></trkpt><trkpt lon="-7.3360725" lat="40.3354488"><ele>479.9</ele><time>2026-05-22T07:21:04.000Z</time></trkpt><trkpt lon="-7.33652" lat="40.335705"><ele>480.6</ele><time>2026-05-22T07:21:08.300Z</time></trkpt><trkpt lon="-7.3367437" lat="40.3358331"><ele>481.2</ele><time>2026-05-22T07:21:10.700Z</time></trkpt><trkpt lon="-7.3369675" lat="40.3359613"><ele>481.9</ele><time>2026-05-22T07:21:13.100Z</time></trkpt><trkpt lon="-7.337415" lat="40.3362175468"><ele>483.2</ele><time>2026-05-22T07:21:17.900Z</time></trkpt><trkpt lon="-7.3376387" lat="40.3363456"><ele>483.7</ele><time>2026-05-22T07:21:20.200Z</time></trkpt><trkpt lon="-7.3378625" lat="40.3364738"><ele>484.3</ele><time>2026-05-22T07:21:22.600Z</time></trkpt><trkpt lon="-7.33831" lat="40.33673"><ele>485.5</ele><time>2026-05-22T07:21:27.200Z</time></trkpt><trkpt lon="-7.33851" lat="40.3368642"><ele>486.0</ele><time>2026-05-22T07:21:29.400Z</time></trkpt><trkpt lon="-7.33871" lat="40.3369983"><ele>486.5</ele><time>2026-05-22T07:21:31.600Z</time></trkpt><trkpt lon="-7.33911" lat="40.3372667"><ele>487.4</ele><time>2026-05-22T07:21:35.900Z</time></trkpt><trkpt lon="-7.33931" lat="40.3374008"><ele>487.6</ele><time>2026-05-22T07:21:37.800Z</time></trkpt><trkpt lon="-7.33951" lat="40.337535"><ele>487.7</ele><time>2026-05-22T07:21:39.700Z</time></trkpt><trkpt lon="-7.33991" lat="40.3378033"><ele>487.9</ele><time>2026-05-22T07:21:43.400Z</time></trkpt><trkpt lon="-7.3401767" lat="40.3379822"><ele>486.9</ele><time>2026-05-22T07:21:45.400Z</time></trkpt><trkpt lon="-7.3404433" lat="40.3381611"><ele>485.9</ele><time>2026-05-22T07:21:47.300Z</time></trkpt><trkpt lon="-7.34071" lat="40.33834"><ele>485.0</ele><time>2026-05-22T07:21:49.300Z</time></trkpt><trkpt lon="-7.34107" lat="40.33852"><ele>485.1</ele><time>2026-05-22T07:21:52.300Z</time></trkpt><trkpt lon="-7.34142" lat="40.33862"><ele>485.4</ele><time>2026-05-22T07:21:55.100Z</time></trkpt><trkpt lon="-7.3416725" lat="40.3386725"><ele>486.0</ele><time>2026-05-22T07:21:57.300Z</time></trkpt><trkpt lon="-7.341925" lat="40.338725"><ele>486.6</ele><time>2026-05-22T07:21:59.500Z</time></trkpt><trkpt lon="-7.34243" lat="40.33883"><ele>487.8</ele><time>2026-05-22T07:22:04.000Z</time></trkpt><trkpt lon="-7.34266" lat="40.33891"><ele>488.1</ele><time>2026-05-22T07:22:05.900Z</time></trkpt><trkpt lon="-7.342934" lat="40.3390333"><ele>488.1</ele><time>2026-05-22T07:22:08.100Z</time></trkpt><trkpt lon="-7.343208" lat="40.3391567"><ele>488.1</ele><time>2026-05-22T07:22:10.200Z</time></trkpt><trkpt lon="-7.343482" lat="40.33928"><ele>488.1</ele><time>2026-05-22T07:22:12.400Z</time></trkpt><trkpt lon="-7.343756" lat="40.3394033"><ele>488.1</ele><time>2026-05-22T07:22:14.600Z</time></trkpt><trkpt lon="-7.34403" lat="40.3395267"><ele>488.2</ele><time>2026-05-22T07:22:16.800Z</time></trkpt><trkpt lon="-7.344304" lat="40.33965"><ele>488.3</ele><time>2026-05-22T07:22:19.000Z</time></trkpt><trkpt lon="-7.344578" lat="40.3397734"><ele>488.9</ele><time>2026-05-22T07:22:21.600Z</time></trkpt><trkpt lon="-7.344852" lat="40.3398967"><ele>489.5</ele><time>2026-05-22T07:22:24.100Z</time></trkpt><trkpt lon="-7.345126" lat="40.34002"><ele>490.0</ele><time>2026-05-22T07:22:26.700Z</time></trkpt><trkpt lon="-7.3454" lat="40.3401433"><ele>490.6</ele><time>2026-05-22T07:22:29.300Z</time></trkpt><trkpt lon="-7.345674" lat="40.3402667"><ele>491.2</ele><time>2026-05-22T07:22:31.900Z</time></trkpt><trkpt lon="-7.345948" lat="40.34039"><ele>491.7</ele><time>2026-05-22T07:22:34.400Z</time></trkpt><trkpt lon="-7.346222" lat="40.3405133"><ele>492.1</ele><time>2026-05-22T07:22:36.900Z</time></trkpt><trkpt lon="-7.346496" lat="40.3406367"><ele>492.5</ele><time>2026-05-22T07:22:39.300Z</time></trkpt><trkpt lon="-7.34677" lat="40.34076"><ele>492.9</ele><time>2026-05-22T07:22:41.800Z</time></trkpt><trkpt lon="-7.34691" lat="40.34086"><ele>493.1</ele><time>2026-05-22T07:22:43.200Z</time></trkpt><trkpt lon="-7.34705" lat="40.34104"><ele>493.4</ele><time>2026-05-22T07:22:45.300Z</time></trkpt><trkpt lon="-7.3471867" lat="40.3412633478"><ele>493.8</ele><time>2026-05-22T07:22:47.800Z</time></trkpt><trkpt lon="-7.3473233" lat="40.3414867"><ele>494.3</ele><time>2026-05-22T07:22:50.300Z</time></trkpt><trkpt lon="-7.34746" lat="40.34171"><ele>494.8</ele><time>2026-05-22T07:22:52.900Z</time></trkpt><trkpt lon="-7.3475625" lat="40.3418775"><ele>495.7</ele><time>2026-05-22T07:22:55.400Z</time></trkpt><trkpt lon="-7.347665" lat="40.342045"><ele>496.6</ele><time>2026-05-22T07:22:58.000Z</time></trkpt><trkpt lon="-7.34787" lat="40.34238"><ele>498.5</ele><time>2026-05-22T07:23:03.200Z</time></trkpt><trkpt lon="-7.34794" lat="40.34253"><ele>499.5</ele><time>2026-05-22T07:23:05.600Z</time></trkpt><trkpt lon="-7.34808" lat="40.34283"><ele>501.5</ele><time>2026-05-22T07:23:10.600Z</time></trkpt><trkpt lon="-7.348045" lat="40.3430188"><ele>502.6</ele><time>2026-05-22T07:23:13.400Z</time></trkpt><trkpt lon="-7.34801" lat="40.3432075"><ele>503.6</ele><time>2026-05-22T07:23:16.100Z</time></trkpt><trkpt lon="-7.34794" lat="40.343585"><ele>505.6</ele><time>2026-05-22T07:23:21.600Z</time></trkpt><trkpt lon="-7.347905" lat="40.3437738"><ele>506.3</ele><time>2026-05-22T07:23:23.900Z</time></trkpt><trkpt lon="-7.34787" lat="40.3439625"><ele>507.0</ele><time>2026-05-22T07:23:26.100Z</time></trkpt><trkpt lon="-7.3478" lat="40.34434"><ele>508.3</ele><time>2026-05-22T07:23:30.500Z</time></trkpt><trkpt lon="-7.347785" lat="40.344535"><ele>508.8</ele><time>2026-05-22T07:23:32.700Z</time></trkpt><trkpt lon="-7.34777" lat="40.34473"><ele>509.4</ele><time>2026-05-22T07:23:34.800Z</time></trkpt><trkpt lon="-7.3478533" lat="40.3449533"><ele>509.6</ele><time>2026-05-22T07:23:37.100Z</time></trkpt><trkpt lon="-7.3479367" lat="40.3451767"><ele>509.8</ele><time>2026-05-22T07:23:39.300Z</time></trkpt><trkpt lon="-7.34802" lat="40.3454"><ele>510.1</ele><time>2026-05-22T07:23:41.600Z</time></trkpt><trkpt lon="-7.3481033" lat="40.3456233"><ele>511.0</ele><time>2026-05-22T07:23:44.500Z</time></trkpt><trkpt lon="-7.3481867" lat="40.3458467"><ele>512.1</ele><time>2026-05-22T07:23:47.500Z</time></trkpt><trkpt lon="-7.34827" lat="40.34607"><ele>513.1</ele><time>2026-05-22T07:23:50.500Z</time></trkpt><trkpt lon="-7.3483867" lat="40.3462167"><ele>513.6</ele><time>2026-05-22T07:23:52.500Z</time></trkpt><trkpt lon="-7.34862" lat="40.34651"><ele>514.5</ele><time>2026-05-22T07:23:56.100Z</time></trkpt><trkpt lon="-7.34848" lat="40.34659"><ele>514.4</ele><time>2026-05-22T07:23:57.300Z</time></trkpt><trkpt lon="-7.34846" lat="40.34668"><ele>514.3</ele><time>2026-05-22T07:23:58.000Z</time></trkpt><trkpt lon="-7.34846" lat="40.34674"><ele>514.2</ele><time>2026-05-22T07:23:58.500Z</time></trkpt><trkpt lon="-7.34853" lat="40.3468"><ele>514.0</ele><time>2026-05-22T07:23:59.100Z</time></trkpt><trkpt lon="-7.34867" lat="40.34685"><ele>513.6</ele><time>2026-05-22T07:24:00.000Z</time></trkpt><trkpt lon="-7.3486463" lat="40.3470675"><ele>513.0</ele><time>2026-05-22T07:24:01.700Z</time></trkpt><trkpt lon="-7.3486225" lat="40.347285"><ele>512.3</ele><time>2026-05-22T07:24:03.300Z</time></trkpt><trkpt lon="-7.348575" lat="40.34772"><ele>511.1</ele><time>2026-05-22T07:24:06.600Z</time></trkpt><trkpt lon="-7.3485513" lat="40.3479375"><ele>511.1</ele><time>2026-05-22T07:24:08.600Z</time></trkpt><trkpt lon="-7.3485275" lat="40.348155"><ele>511.3</ele><time>2026-05-22T07:24:10.700Z</time></trkpt><trkpt lon="-7.34848" lat="40.34859"><ele>511.7</ele><time>2026-05-22T07:24:14.800Z</time></trkpt><trkpt lon="-7.3483911" lat="40.3487889"><ele>511.8</ele><time>2026-05-22T07:24:16.800Z</time></trkpt><trkpt lon="-7.3482133" lat="40.3491867"><ele>512.1</ele><time>2026-05-22T07:24:20.700Z</time></trkpt><trkpt lon="-7.3481244" lat="40.3493856"><ele>511.8</ele><time>2026-05-22T07:24:22.400Z</time></trkpt><trkpt lon="-7.3479467" lat="40.3497833"><ele>511.1</ele><time>2026-05-22T07:24:25.800Z</time></trkpt><trkpt lon="-7.3478578" lat="40.3499822"><ele>510.4</ele><time>2026-05-22T07:24:27.400Z</time></trkpt><trkpt lon="-7.34768" lat="40.35038"><ele>508.9</ele><time>2026-05-22T07:24:30.400Z</time></trkpt><trkpt lon="-7.3475767" lat="40.3505722"><ele>507.4</ele><time>2026-05-22T07:24:31.800Z</time></trkpt><trkpt lon="-7.34737" lat="40.3509567"><ele>504.3</ele><time>2026-05-22T07:24:34.400Z</time></trkpt><trkpt lon="-7.3472667" lat="40.3511489"><ele>503.6</ele><time>2026-05-22T07:24:35.900Z</time></trkpt><trkpt lon="-7.34706" lat="40.3515333"><ele>502.4</ele><time>2026-05-22T07:24:39.100Z</time></trkpt><trkpt lon="-7.3469567" lat="40.3517256"><ele>501.5</ele><time>2026-05-22T07:24:40.500Z</time></trkpt><trkpt lon="-7.34675" lat="40.35211"><ele>499.5</ele><time>2026-05-22T07:24:43.300Z</time></trkpt><trkpt lon="-7.3466475" lat="40.3523075"><ele>499.3</ele><time>2026-05-22T07:24:45.100Z</time></trkpt><trkpt lon="-7.346545" lat="40.352505"><ele>499.2</ele><time>2026-05-22T07:24:46.900Z</time></trkpt><trkpt lon="-7.34634" lat="40.3529"><ele>499.0</ele><time>2026-05-22T07:24:50.600Z</time></trkpt><trkpt lon="-7.346215" lat="40.35308"><ele>499.2</ele><time>2026-05-22T07:24:52.600Z</time></trkpt><trkpt lon="-7.34609" lat="40.35326"><ele>499.4</ele><time>2026-05-22T07:24:54.500Z</time></trkpt><trkpt lon="-7.34583" lat="40.35353"><ele>499.6</ele><time>2026-05-22T07:24:57.600Z</time></trkpt><trkpt lon="-7.3456333" lat="40.3536967"><ele>499.6</ele><time>2026-05-22T07:24:59.600Z</time></trkpt><trkpt lon="-7.3454367" lat="40.3538633"><ele>499.6</ele><time>2026-05-22T07:25:01.600Z</time></trkpt><trkpt lon="-7.34524" lat="40.35403"><ele>499.7</ele><time>2026-05-22T07:25:03.700Z</time></trkpt><trkpt lon="-7.3450138" lat="40.3541725"><ele>500.0</ele><time>2026-05-22T07:25:05.900Z</time></trkpt><trkpt lon="-7.3447875" lat="40.354315"><ele>500.4</ele><time>2026-05-22T07:25:08.100Z</time></trkpt><trkpt lon="-7.344335" lat="40.3546"><ele>501.1</ele><time>2026-05-22T07:25:12.600Z</time></trkpt><trkpt lon="-7.3441088" lat="40.3547425"><ele>501.4</ele><time>2026-05-22T07:25:14.900Z</time></trkpt><trkpt lon="-7.3438825" lat="40.354885"><ele>501.7</ele><time>2026-05-22T07:25:17.100Z</time></trkpt><trkpt lon="-7.34343" lat="40.35517"><ele>502.3</ele><time>2026-05-22T07:25:21.500Z</time></trkpt><trkpt lon="-7.3432367" lat="40.35532"><ele>502.3</ele><time>2026-05-22T07:25:23.400Z</time></trkpt><trkpt lon="-7.34285" lat="40.35562"><ele>502.4</ele><time>2026-05-22T07:25:27.100Z</time></trkpt><trkpt lon="-7.34272" lat="40.35584004964"><ele>502.6</ele><time>2026-05-22T07:25:29.500Z</time></trkpt><trkpt lon="-7.34259" lat="40.35606"><ele>503.0</ele><time>2026-05-22T07:25:31.900Z</time></trkpt><trkpt lon="-7.3425133" lat="40.3562433"><ele>503.7</ele><time>2026-05-22T07:25:34.200Z</time></trkpt><trkpt lon="-7.34236" lat="40.35661"><ele>505.2</ele><time>2026-05-22T07:25:38.900Z</time></trkpt><trkpt lon="-7.342314" lat="40.3568075"><ele>506.4</ele><time>2026-05-22T07:25:42.000Z</time></trkpt><trkpt lon="-7.342268" lat="40.357005"><ele>507.6</ele><time>2026-05-22T07:25:45.000Z</time></trkpt><trkpt lon="-7.342222" lat="40.3572025"><ele>508.8</ele><time>2026-05-22T07:25:48.100Z</time></trkpt><trkpt lon="-7.342176" lat="40.3574"><ele>510.0</ele><time>2026-05-22T07:25:51.100Z</time></trkpt><trkpt lon="-7.34213" lat="40.3575975"><ele>510.8</ele><time>2026-05-22T07:25:53.700Z</time></trkpt><trkpt lon="-7.342084" lat="40.357795"><ele>511.6</ele><time>2026-05-22T07:25:56.100Z</time></trkpt><trkpt lon="-7.341992" lat="40.35819"><ele>513.2</ele><time>2026-05-22T07:26:01.100Z</time></trkpt><trkpt lon="-7.341946" lat="40.3583875"><ele>514.1</ele><time>2026-05-22T07:26:03.700Z</time></trkpt><trkpt lon="-7.3419" lat="40.358585"><ele>515.1</ele><time>2026-05-22T07:26:06.400Z</time></trkpt><trkpt lon="-7.341808" lat="40.35898"><ele>516.9</ele><time>2026-05-22T07:26:11.700Z</time></trkpt><trkpt lon="-7.341762" lat="40.3591775"><ele>517.7</ele><time>2026-05-22T07:26:14.200Z</time></trkpt><trkpt lon="-7.341716" lat="40.359375"><ele>518.5</ele><time>2026-05-22T07:26:16.600Z</time></trkpt><trkpt lon="-7.341624" lat="40.35977"><ele>520.0</ele><time>2026-05-22T07:26:21.400Z</time></trkpt><trkpt lon="-7.341578" lat="40.3599675"><ele>520.4</ele><time>2026-05-22T07:26:23.500Z</time></trkpt><trkpt lon="-7.341532" lat="40.360165"><ele>520.8</ele><time>2026-05-22T07:26:25.600Z</time></trkpt><trkpt lon="-7.34144" lat="40.36056"><ele>521.3</ele><time>2026-05-22T07:26:29.600Z</time></trkpt><trkpt lon="-7.34128" lat="40.36058"><ele>520.8</ele><time>2026-05-22T07:26:30.400Z</time></trkpt><trkpt lon="-7.34121" lat="40.36064"><ele>520.6</ele><time>2026-05-22T07:26:31.000Z</time></trkpt><trkpt lon="-7.34118" lat="40.36069"><ele>520.4</ele><time>2026-05-22T07:26:31.400Z</time></trkpt><trkpt lon="-7.34118" lat="40.36077"><ele>520.3</ele><time>2026-05-22T07:26:32.100Z</time></trkpt><trkpt lon="-7.34121" lat="40.36082"><ele>520.4</ele><time>2026-05-22T07:26:32.700Z</time></trkpt><trkpt lon="-7.34127" lat="40.36087"><ele>520.7</ele><time>2026-05-22T07:26:33.400Z</time></trkpt><trkpt lon="-7.34135" lat="40.36089"><ele>521.0</ele><time>2026-05-22T07:26:34.300Z</time></trkpt><trkpt lon="-7.34147" lat="40.36088"><ele>521.5</ele><time>2026-05-22T07:26:35.700Z</time></trkpt><trkpt lon="-7.34156" lat="40.36083"><ele>522.1</ele><time>2026-05-22T07:26:37.200Z</time></trkpt><trkpt lon="-7.34159" lat="40.36078"><ele>522.6</ele><time>2026-05-22T07:26:38.300Z</time></trkpt><trkpt lon="-7.34172" lat="40.3608"><ele>523.5</ele><time>2026-05-22T07:26:40.200Z</time></trkpt><trkpt lon="-7.34193" lat="40.36086"><ele>525.3</ele><time>2026-05-22T07:26:43.800Z</time></trkpt><trkpt lon="-7.342075" lat="40.36099"><ele>526.1</ele><time>2026-05-22T07:26:46.200Z</time></trkpt><trkpt lon="-7.342365" lat="40.36125"><ele>527.6</ele><time>2026-05-22T07:26:50.600Z</time></trkpt><trkpt lon="-7.34251" lat="40.36138"><ele>529.3</ele><time>2026-05-22T07:26:54.200Z</time></trkpt><trkpt lon="-7.342655" lat="40.36151"><ele>531.2</ele><time>2026-05-22T07:26:57.900Z</time></trkpt><trkpt lon="-7.3428" lat="40.36164"><ele>532.8</ele><time>2026-05-22T07:27:01.400Z</time></trkpt><trkpt lon="-7.34297" lat="40.3617"><ele>533.1</ele><time>2026-05-22T07:27:02.900Z</time></trkpt><trkpt lon="-7.34314" lat="40.3617"><ele>533.4</ele><time>2026-05-22T07:27:04.200Z</time></trkpt><trkpt lon="-7.34327" lat="40.36169"><ele>534.0</ele><time>2026-05-22T07:27:05.700Z</time></trkpt><trkpt lon="-7.34346" lat="40.36159"><ele>534.9</ele><time>2026-05-22T07:27:08.200Z</time></trkpt><trkpt lon="-7.34383" lat="40.36143"><ele>536.9</ele><time>2026-05-22T07:27:13.300Z</time></trkpt><trkpt lon="-7.344" lat="40.36139"><ele>538.0</ele><time>2026-05-22T07:27:15.700Z</time></trkpt><trkpt lon="-7.34419" lat="40.36141"><ele>538.9</ele><time>2026-05-22T07:27:18.000Z</time></trkpt><trkpt lon="-7.3444" lat="40.36151"><ele>539.9</ele><time>2026-05-22T07:27:20.600Z</time></trkpt><trkpt lon="-7.34447" lat="40.36161"><ele>540.5</ele><time>2026-05-22T07:27:22.300Z</time></trkpt><trkpt lon="-7.34449" lat="40.36185"><ele>542.3</ele><time>2026-05-22T07:27:26.400Z</time></trkpt><trkpt lon="-7.34447" lat="40.36207"><ele>543.5</ele><time>2026-05-22T07:27:29.600Z</time></trkpt><trkpt lon="-7.34447" lat="40.36221"><ele>544.2</ele><time>2026-05-22T07:27:31.600Z</time></trkpt><trkpt lon="-7.34456" lat="40.36244"><ele>546.5</ele><time>2026-05-22T07:27:36.500Z</time></trkpt><trkpt lon="-7.344645" lat="40.362615"><ele>547.6</ele><time>2026-05-22T07:27:39.300Z</time></trkpt><trkpt lon="-7.34473" lat="40.36279"><ele>548.6</ele><time>2026-05-22T07:27:42.000Z</time></trkpt><trkpt lon="-7.34487" lat="40.36305"><ele>550.5</ele><time>2026-05-22T07:27:46.500Z</time></trkpt><trkpt lon="-7.34509" lat="40.36325"><ele>551.7</ele><time>2026-05-22T07:27:50.000Z</time></trkpt><trkpt lon="-7.34509" lat="40.36326"><ele>551.8</ele><time>2026-05-22T07:27:50.200Z</time></trkpt><trkpt lon="-7.34519" lat="40.36329"><ele>552.2</ele><time>2026-05-22T07:27:51.400Z</time></trkpt><trkpt lon="-7.34524" lat="40.36327"><ele>552.6</ele><time>2026-05-22T07:27:52.200Z</time></trkpt><trkpt lon="-7.34528" lat="40.36322"><ele>553.1</ele><time>2026-05-22T07:27:53.200Z</time></trkpt><trkpt lon="-7.34558" lat="40.36305"><ele>554.0</ele><time>2026-05-22T07:27:56.500Z</time></trkpt><trkpt lon="-7.345825" lat="40.36296"><ele>555.3</ele><time>2026-05-22T07:27:59.700Z</time></trkpt><trkpt lon="-7.34607" lat="40.36287"><ele>556.6</ele><time>2026-05-22T07:28:03.000Z</time></trkpt><trkpt lon="-7.3462867" lat="40.36276"><ele>557.5</ele><time>2026-05-22T07:28:05.600Z</time></trkpt><trkpt lon="-7.3465033" lat="40.36265"><ele>558.4</ele><time>2026-05-22T07:28:08.200Z</time></trkpt><trkpt lon="-7.34672" lat="40.36254"><ele>559.7</ele><time>2026-05-22T07:28:11.300Z</time></trkpt><trkpt lon="-7.3468" lat="40.362475"><ele>561.4</ele><time>2026-05-22T07:28:14.200Z</time></trkpt><trkpt lon="-7.34688" lat="40.36241"><ele>563.2</ele><time>2026-05-22T07:28:17.100Z</time></trkpt><trkpt lon="-7.34702" lat="40.36221"><ele>564.8</ele><time>2026-05-22T07:28:21.000Z</time></trkpt><trkpt lon="-7.34704" lat="40.36201"><ele>566.1</ele><time>2026-05-22T07:28:24.100Z</time></trkpt><trkpt lon="-7.347036" lat="40.36185"><ele>567.5</ele><time>2026-05-22T07:28:27.100Z</time></trkpt><trkpt lon="-7.347032" lat="40.36169"><ele>568.9</ele><time>2026-05-22T07:28:30.200Z</time></trkpt><trkpt lon="-7.347028" lat="40.36153"><ele>570.3</ele><time>2026-05-22T07:28:33.400Z</time></trkpt><trkpt lon="-7.34702" lat="40.36121"><ele>573.2</ele><time>2026-05-22T07:28:39.600Z</time></trkpt><trkpt lon="-7.34707" lat="40.36105"><ele>574.3</ele><time>2026-05-22T07:28:42.200Z</time></trkpt><trkpt lon="-7.34716" lat="40.36098"><ele>574.8</ele><time>2026-05-22T07:28:43.700Z</time></trkpt><trkpt lon="-7.34735" lat="40.36091"><ele>575.9</ele><time>2026-05-22T07:28:46.300Z</time></trkpt><trkpt lon="-7.34776" lat="40.3609"><ele>578.0</ele><time>2026-05-22T07:28:51.300Z</time></trkpt><trkpt lon="-7.34798" lat="40.360865"><ele>579.1</ele><time>2026-05-22T07:28:54.000Z</time></trkpt><trkpt lon="-7.3482" lat="40.36083"><ele>580.1</ele><time>2026-05-22T07:28:56.600Z</time></trkpt><trkpt lon="-7.3483867" lat="40.3607667"><ele>581.1</ele><time>2026-05-22T07:28:59.100Z</time></trkpt><trkpt lon="-7.34876" lat="40.36064"><ele>583.1</ele><time>2026-05-22T07:29:03.900Z</time></trkpt><trkpt lon="-7.34895" lat="40.360515"><ele>584.1</ele><time>2026-05-22T07:29:06.700Z</time></trkpt><trkpt lon="-7.34914" lat="40.36039"><ele>585.2</ele><time>2026-05-22T07:29:09.600Z</time></trkpt><trkpt lon="-7.34938" lat="40.36016"><ele>587.3</ele><time>2026-05-22T07:29:14.500Z</time></trkpt><trkpt lon="-7.3494667" lat="40.360025"><ele>588.3</ele><time>2026-05-22T07:29:16.900Z</time></trkpt><trkpt lon="-7.34964" lat="40.359755"><ele>590.1</ele><time>2026-05-22T07:29:21.500Z</time></trkpt><trkpt lon="-7.34977" lat="40.3595525"><ele>590.8</ele><time>2026-05-22T07:29:24.000Z</time></trkpt><trkpt lon="-7.3499" lat="40.35935"><ele>591.4</ele><time>2026-05-22T07:29:26.400Z</time></trkpt><trkpt lon="-7.35023" lat="40.35911"><ele>591.7</ele><time>2026-05-22T07:29:29.800Z</time></trkpt><trkpt lon="-7.35033" lat="40.35907"><ele>591.8</ele><time>2026-05-22T07:29:30.600Z</time></trkpt><trkpt lon="-7.35046" lat="40.3589700515"><ele>591.9</ele><time>2026-05-22T07:29:32.000Z</time></trkpt><trkpt lon="-7.35083" lat="40.35874"><ele>592.4</ele><time>2026-05-22T07:29:35.600Z</time></trkpt><trkpt lon="-7.35113" lat="40.35856"><ele>593.6</ele><time>2026-05-22T07:29:39.100Z</time></trkpt><trkpt lon="-7.35148" lat="40.35839"><ele>594.9</ele><time>2026-05-22T07:29:43.200Z</time></trkpt><trkpt lon="-7.35158" lat="40.35826"><ele>595.3</ele><time>2026-05-22T07:29:44.900Z</time></trkpt><trkpt lon="-7.351655" lat="40.358055"><ele>595.3</ele><time>2026-05-22T07:29:46.700Z</time></trkpt><trkpt lon="-7.35173" lat="40.35785"><ele>595.1</ele><time>2026-05-22T07:29:48.500Z</time></trkpt><trkpt lon="-7.35179" lat="40.35771"><ele>594.0</ele><time>2026-05-22T07:29:49.500Z</time></trkpt><trkpt lon="-7.351825" lat="40.35749"><ele>591.8</ele><time>2026-05-22T07:29:50.900Z</time></trkpt><trkpt lon="-7.35186" lat="40.35727"><ele>589.7</ele><time>2026-05-22T07:29:52.200Z</time></trkpt><trkpt lon="-7.352" lat="40.35711"><ele>588.6</ele><time>2026-05-22T07:29:53.500Z</time></trkpt><trkpt lon="-7.3522033" lat="40.3569867"><ele>587.1</ele><time>2026-05-22T07:29:54.800Z</time></trkpt><trkpt lon="-7.35261" lat="40.35674"><ele>584.1</ele><time>2026-05-22T07:29:57.300Z</time></trkpt><trkpt lon="-7.3528" lat="40.3565"><ele>581.8</ele><time>2026-05-22T07:29:59.000Z</time></trkpt><trkpt lon="-7.352915" lat="40.356265"><ele>580.7</ele><time>2026-05-22T07:30:00.800Z</time></trkpt><trkpt lon="-7.35303" lat="40.35603"><ele>579.9</ele><time>2026-05-22T07:30:02.600Z</time></trkpt><trkpt lon="-7.353165" lat="40.3558025"><ele>579.1</ele><time>2026-05-22T07:30:04.500Z</time></trkpt><trkpt lon="-7.3533" lat="40.355575"><ele>578.3</ele><time>2026-05-22T07:30:06.300Z</time></trkpt><trkpt lon="-7.353435" lat="40.3553475"><ele>577.1</ele><time>2026-05-22T07:30:08.000Z</time></trkpt><trkpt lon="-7.35357" lat="40.35512"><ele>575.9</ele><time>2026-05-22T07:30:09.700Z</time></trkpt><trkpt lon="-7.35357" lat="40.35493"><ele>575.3</ele><time>2026-05-22T07:30:11.200Z</time></trkpt><trkpt lon="-7.35376" lat="40.35482"><ele>575.1</ele><time>2026-05-22T07:30:12.700Z</time></trkpt><trkpt lon="-7.3538775" lat="40.3546325"><ele>574.6</ele><time>2026-05-22T07:30:14.300Z</time></trkpt><trkpt lon="-7.353995" lat="40.354445"><ele>574.1</ele><time>2026-05-22T07:30:15.900Z</time></trkpt><trkpt lon="-7.35423" lat="40.35407"><ele>572.8</ele><time>2026-05-22T07:30:19.000Z</time></trkpt><trkpt lon="-7.3546" lat="40.35395"><ele>569.6</ele><time>2026-05-22T07:30:21.000Z</time></trkpt><trkpt lon="-7.35493" lat="40.353945"><ele>566.5</ele><time>2026-05-22T07:30:22.800Z</time></trkpt><trkpt lon="-7.35526" lat="40.35394"><ele>563.5</ele><time>2026-05-22T07:30:24.600Z</time></trkpt><trkpt lon="-7.35559" lat="40.353935"><ele>560.6</ele><time>2026-05-22T07:30:26.400Z</time></trkpt><trkpt lon="-7.35592" lat="40.35393"><ele>557.7</ele><time>2026-05-22T07:30:28.200Z</time></trkpt><trkpt lon="-7.3562633" lat="40.3538233"><ele>554.1</ele><time>2026-05-22T07:30:30.200Z</time></trkpt><trkpt lon="-7.3566067" lat="40.3537167"><ele>550.5</ele><time>2026-05-22T07:30:32.200Z</time></trkpt><trkpt lon="-7.35695" lat="40.35361"><ele>546.9</ele><time>2026-05-22T07:30:34.300Z</time></trkpt><trkpt lon="-7.35716" lat="40.3534067"><ele>543.8</ele><time>2026-05-22T07:30:36.100Z</time></trkpt><trkpt lon="-7.35737" lat="40.3532033"><ele>540.7</ele><time>2026-05-22T07:30:37.900Z</time></trkpt><trkpt lon="-7.35758" lat="40.353"><ele>537.5</ele><time>2026-05-22T07:30:39.800Z</time></trkpt><trkpt lon="-7.357805" lat="40.35286"><ele>534.4</ele><time>2026-05-22T07:30:41.400Z</time></trkpt><trkpt lon="-7.35803" lat="40.35272"><ele>531.4</ele><time>2026-05-22T07:30:43.000Z</time></trkpt><trkpt lon="-7.3582733" lat="40.3526067"><ele>529.6</ele><time>2026-05-22T07:30:44.300Z</time></trkpt><trkpt lon="-7.35876" lat="40.35238"><ele>526.4</ele><time>2026-05-22T07:30:47.100Z</time></trkpt><trkpt lon="-7.3590217" lat="40.3522983"><ele>524.2</ele><time>2026-05-22T07:30:48.500Z</time></trkpt><trkpt lon="-7.359545" lat="40.352135"><ele>519.6</ele><time>2026-05-22T07:30:51.400Z</time></trkpt><trkpt lon="-7.3598067" lat="40.3520533"><ele>517.1</ele><time>2026-05-22T07:30:52.900Z</time></trkpt><trkpt lon="-7.36033" lat="40.35189"><ele>512.2</ele><time>2026-05-22T07:30:55.900Z</time></trkpt><trkpt lon="-7.3605" lat="40.35182"><ele>511.2</ele><time>2026-05-22T07:30:56.800Z</time></trkpt><trkpt lon="-7.36061" lat="40.35176"><ele>509.7</ele><time>2026-05-22T07:30:57.600Z</time></trkpt><trkpt lon="-7.360845" lat="40.3515875"><ele>507.7</ele><time>2026-05-22T07:30:59.100Z</time></trkpt><trkpt lon="-7.36108" lat="40.351415"><ele>505.8</ele><time>2026-05-22T07:31:00.700Z</time></trkpt><trkpt lon="-7.361315" lat="40.3512425"><ele>504.5</ele><time>2026-05-22T07:31:02.400Z</time></trkpt><trkpt lon="-7.36155" lat="40.35107"><ele>503.2</ele><time>2026-05-22T07:31:04.000Z</time></trkpt><trkpt lon="-7.36177" lat="40.35086"><ele>502.6</ele><time>2026-05-22T07:31:06.100Z</time></trkpt><trkpt lon="-7.36199" lat="40.35065"><ele>502.0</ele><time>2026-05-22T07:31:08.200Z</time></trkpt><trkpt lon="-7.36211" lat="40.35036"><ele>500.7</ele><time>2026-05-22T07:31:10.300Z</time></trkpt><trkpt lon="-7.36227" lat="40.35015"><ele>499.5</ele><time>2026-05-22T07:31:12.000Z</time></trkpt><trkpt lon="-7.3625933" lat="40.3500433"><ele>498.3</ele><time>2026-05-22T07:31:13.800Z</time></trkpt><trkpt lon="-7.3629167" lat="40.3499367"><ele>497.1</ele><time>2026-05-22T07:31:15.700Z</time></trkpt><trkpt lon="-7.36324" lat="40.34983"><ele>495.9</ele><time>2026-05-22T07:31:17.500Z</time></trkpt><trkpt lon="-7.36352" lat="40.34977"><ele>494.5</ele><time>2026-05-22T07:31:18.900Z</time></trkpt><trkpt lon="-7.36408" lat="40.34965"><ele>491.6</ele><time>2026-05-22T07:31:21.800Z</time></trkpt><trkpt lon="-7.36439" lat="40.3495625"><ele>490.0</ele><time>2026-05-22T07:31:23.500Z</time></trkpt><trkpt lon="-7.3647" lat="40.349475"><ele>488.6</ele><time>2026-05-22T07:31:25.100Z</time></trkpt><trkpt lon="-7.36501" lat="40.3493875"><ele>487.8</ele><time>2026-05-22T07:31:27.000Z</time></trkpt><trkpt lon="-7.36532" lat="40.3493"><ele>487.1</ele><time>2026-05-22T07:31:28.900Z</time></trkpt><trkpt lon="-7.36549" lat="40.3492"><ele>486.5</ele><time>2026-05-22T07:31:30.100Z</time></trkpt><trkpt lon="-7.36562" lat="40.34902"><ele>486.1</ele><time>2026-05-22T07:31:31.700Z</time></trkpt><trkpt lon="-7.36572" lat="40.3487733"><ele>485.2</ele><time>2026-05-22T07:31:33.600Z</time></trkpt><trkpt lon="-7.36582" lat="40.3485267"><ele>484.1</ele><time>2026-05-22T07:31:35.400Z</time></trkpt><trkpt lon="-7.36592" lat="40.34828"><ele>483.1</ele><time>2026-05-22T07:31:37.200Z</time></trkpt><trkpt lon="-7.36602" lat="40.3480333"><ele>482.1</ele><time>2026-05-22T07:31:39.100Z</time></trkpt><trkpt lon="-7.36612" lat="40.3477867"><ele>481.2</ele><time>2026-05-22T07:31:41.000Z</time></trkpt><trkpt lon="-7.36622" lat="40.34754"><ele>480.3</ele><time>2026-05-22T07:31:42.900Z</time></trkpt><trkpt lon="-7.3663517" lat="40.3473267"><ele>480.2</ele><time>2026-05-22T07:31:44.900Z</time></trkpt><trkpt lon="-7.3664833" lat="40.3471133"><ele>480.1</ele><time>2026-05-22T07:31:46.900Z</time></trkpt><trkpt lon="-7.366615" lat="40.3469"><ele>480.1</ele><time>2026-05-22T07:31:49.000Z</time></trkpt><trkpt lon="-7.3667467" lat="40.3466867"><ele>480.5</ele><time>2026-05-22T07:31:51.400Z</time></trkpt><trkpt lon="-7.3668783" lat="40.3464733"><ele>481.1</ele><time>2026-05-22T07:31:53.900Z</time></trkpt><trkpt lon="-7.36701" lat="40.34626"><ele>481.6</ele><time>2026-05-22T07:31:56.400Z</time></trkpt><trkpt lon="-7.3671117" lat="40.3460308"><ele>482.4</ele><time>2026-05-22T07:31:59.200Z</time></trkpt><trkpt lon="-7.3672133" lat="40.3458017"><ele>483.1</ele><time>2026-05-22T07:32:01.900Z</time></trkpt><trkpt lon="-7.367315" lat="40.3455725"><ele>483.9</ele><time>2026-05-22T07:32:04.600Z</time></trkpt><trkpt lon="-7.3674167" lat="40.3453433"><ele>484.0</ele><time>2026-05-22T07:32:06.900Z</time></trkpt><trkpt lon="-7.3675183" lat="40.3451142"><ele>484.2</ele><time>2026-05-22T07:32:09.100Z</time></trkpt><trkpt lon="-7.36762" lat="40.344885"><ele>484.2</ele><time>2026-05-22T07:32:11.300Z</time></trkpt><trkpt lon="-7.3677217" lat="40.3446558"><ele>483.7</ele><time>2026-05-22T07:32:13.200Z</time></trkpt><trkpt lon="-7.3678233" lat="40.3444267"><ele>483.1</ele><time>2026-05-22T07:32:15.100Z</time></trkpt><trkpt lon="-7.367925" lat="40.3441975"><ele>482.5</ele><time>2026-05-22T07:32:16.900Z</time></trkpt><trkpt lon="-7.3680267" lat="40.3439683"><ele>482.1</ele><time>2026-05-22T07:32:18.900Z</time></trkpt><trkpt lon="-7.3681283" lat="40.3437392"><ele>481.7</ele><time>2026-05-22T07:32:20.800Z</time></trkpt><trkpt lon="-7.36823" lat="40.34351"><ele>481.3</ele><time>2026-05-22T07:32:22.800Z</time></trkpt><trkpt lon="-7.3683711" lat="40.3432967"><ele>481.4</ele><time>2026-05-22T07:32:25.000Z</time></trkpt><trkpt lon="-7.3685122" lat="40.3430833"><ele>481.6</ele><time>2026-05-22T07:32:27.300Z</time></trkpt><trkpt lon="-7.3686533" lat="40.34287"><ele>481.7</ele><time>2026-05-22T07:32:29.500Z</time></trkpt><trkpt lon="-7.3687945" lat="40.3426567"><ele>481.6</ele><time>2026-05-22T07:32:31.500Z</time></trkpt><trkpt lon="-7.3689356" lat="40.3424433"><ele>481.5</ele><time>2026-05-22T07:32:33.600Z</time></trkpt><trkpt lon="-7.3690767" lat="40.34223"><ele>481.4</ele><time>2026-05-22T07:32:35.600Z</time></trkpt><trkpt lon="-7.3692178" lat="40.3420167"><ele>481.0</ele><time>2026-05-22T07:32:37.600Z</time></trkpt><trkpt lon="-7.3693589" lat="40.3418033"><ele>480.5</ele><time>2026-05-22T07:32:39.500Z</time></trkpt><trkpt lon="-7.3695" lat="40.34159"><ele>480.2</ele><time>2026-05-22T07:32:41.400Z</time></trkpt><trkpt lon="-7.36955" lat="40.34129"><ele>481.2</ele><time>2026-05-22T07:32:44.900Z</time></trkpt><trkpt lon="-7.36954" lat="40.34113"><ele>482.3</ele><time>2026-05-22T07:32:47.600Z</time></trkpt><trkpt lon="-7.36952" lat="40.34081"><ele>485.0</ele><time>2026-05-22T07:32:53.500Z</time></trkpt><trkpt lon="-7.3696175" lat="40.3406675"><ele>486.4</ele><time>2026-05-22T07:32:56.700Z</time></trkpt><trkpt lon="-7.369715" lat="40.340525"><ele>487.9</ele><time>2026-05-22T07:32:59.900Z</time></trkpt><trkpt lon="-7.36991" lat="40.34024"><ele>490.7</ele><time>2026-05-22T07:33:06.000Z</time></trkpt><trkpt lon="-7.37004" lat="40.34005"><ele>491.2</ele><time>2026-05-22T07:33:08.300Z</time></trkpt><trkpt lon="-7.37017" lat="40.33986"><ele>491.6</ele><time>2026-05-22T07:33:10.500Z</time></trkpt><trkpt lon="-7.3703" lat="40.33967"><ele>491.8</ele><time>2026-05-22T07:33:12.500Z</time></trkpt><trkpt lon="-7.3707" lat="40.33939"><ele>489.5</ele><time>2026-05-22T07:33:15.200Z</time></trkpt><trkpt lon="-7.371" lat="40.33907"><ele>487.6</ele><time>2026-05-22T07:33:17.900Z</time></trkpt><trkpt lon="-7.37111" lat="40.3388867"><ele>487.2</ele><time>2026-05-22T07:33:19.500Z</time></trkpt><trkpt lon="-7.37133" lat="40.33852"><ele>486.4</ele><time>2026-05-22T07:33:22.700Z</time></trkpt><trkpt lon="-7.3714317" lat="40.3382892"><ele>486.7</ele><time>2026-05-22T07:33:25.100Z</time></trkpt><trkpt lon="-7.3715333" lat="40.3380583"><ele>487.1</ele><time>2026-05-22T07:33:27.500Z</time></trkpt><trkpt lon="-7.371635" lat="40.3378275"><ele>487.4</ele><time>2026-05-22T07:33:30.000Z</time></trkpt><trkpt lon="-7.3717367" lat="40.3375967"><ele>487.8</ele><time>2026-05-22T07:33:32.400Z</time></trkpt><trkpt lon="-7.3718383" lat="40.3373658"><ele>488.2</ele><time>2026-05-22T07:33:34.900Z</time></trkpt><trkpt lon="-7.37194" lat="40.337135"><ele>488.5</ele><time>2026-05-22T07:33:37.300Z</time></trkpt><trkpt lon="-7.3720417" lat="40.3369042"><ele>487.9</ele><time>2026-05-22T07:33:39.200Z</time></trkpt><trkpt lon="-7.3721433" lat="40.3366733"><ele>487.3</ele><time>2026-05-22T07:33:41.000Z</time></trkpt><trkpt lon="-7.372245" lat="40.3364425"><ele>486.7</ele><time>2026-05-22T07:33:42.900Z</time></trkpt><trkpt lon="-7.3723467" lat="40.3362117"><ele>486.9</ele><time>2026-05-22T07:33:45.200Z</time></trkpt><trkpt lon="-7.3724483" lat="40.3359808"><ele>487.1</ele><time>2026-05-22T07:33:47.500Z</time></trkpt><trkpt lon="-7.37255" lat="40.33575"><ele>487.5</ele><time>2026-05-22T07:33:50.000Z</time></trkpt><trkpt lon="-7.3726963" lat="40.3356013"><ele>488.6</ele><time>2026-05-22T07:33:52.800Z</time></trkpt><trkpt lon="-7.3728425" lat="40.3354525"><ele>489.8</ele><time>2026-05-22T07:33:55.700Z</time></trkpt><trkpt lon="-7.373135" lat="40.335155"><ele>492.2</ele><time>2026-05-22T07:34:01.600Z</time></trkpt><trkpt lon="-7.3732813" lat="40.3350063"><ele>493.3</ele><time>2026-05-22T07:34:04.500Z</time></trkpt><trkpt lon="-7.3734275" lat="40.3348575"><ele>494.4</ele><time>2026-05-22T07:34:07.300Z</time></trkpt><trkpt lon="-7.37372" lat="40.33456"><ele>496.5</ele><time>2026-05-22T07:34:12.800Z</time></trkpt><trkpt lon="-7.3738944" lat="40.3343988"><ele>496.6</ele><time>2026-05-22T07:34:14.700Z</time></trkpt><trkpt lon="-7.3740688" lat="40.3342375"><ele>496.5</ele><time>2026-05-22T07:34:16.500Z</time></trkpt><trkpt lon="-7.3744175" lat="40.333915"><ele>496.3</ele><time>2026-05-22T07:34:20.100Z</time></trkpt><trkpt lon="-7.3745919" lat="40.3337538"><ele>495.8</ele><time>2026-05-22T07:34:21.700Z</time></trkpt><trkpt lon="-7.3747663" lat="40.3335925"><ele>495.2</ele><time>2026-05-22T07:34:23.300Z</time></trkpt><trkpt lon="-7.375115" lat="40.33327"><ele>493.9</ele><time>2026-05-22T07:34:26.400Z</time></trkpt><trkpt lon="-7.3753475" lat="40.333055"><ele>492.0</ele><time>2026-05-22T07:34:28.200Z</time></trkpt><trkpt lon="-7.37558" lat="40.33284"><ele>490.1</ele><time>2026-05-22T07:34:30.000Z</time></trkpt><trkpt lon="-7.3758125" lat="40.332625"><ele>488.2</ele><time>2026-05-22T07:34:31.800Z</time></trkpt><trkpt lon="-7.3759869" lat="40.3324638"><ele>487.3</ele><time>2026-05-22T07:34:33.300Z</time></trkpt><trkpt lon="-7.3761613" lat="40.3323025"><ele>486.5</ele><time>2026-05-22T07:34:34.700Z</time></trkpt><trkpt lon="-7.37651" lat="40.33198"><ele>484.9</ele><time>2026-05-22T07:34:37.700Z</time></trkpt><trkpt lon="-7.37689" lat="40.33169"><ele>483.6</ele><time>2026-05-22T07:34:40.800Z</time></trkpt><trkpt lon="-7.37715" lat="40.331525"><ele>483.1</ele><time>2026-05-22T07:34:42.800Z</time></trkpt><trkpt lon="-7.37741" lat="40.33136"><ele>482.7</ele><time>2026-05-22T07:34:44.900Z</time></trkpt><trkpt lon="-7.37755" lat="40.33111"><ele>482.3</ele><time>2026-05-22T07:34:47.200Z</time></trkpt><trkpt lon="-7.3775" lat="40.33106"><ele>482.2</ele><time>2026-05-22T07:34:47.700Z</time></trkpt><trkpt lon="-7.37745" lat="40.33093"><ele>482.2</ele><time>2026-05-22T07:34:48.800Z</time></trkpt><trkpt lon="-7.3772283" lat="40.3307517"><ele>482.4</ele><time>2026-05-22T07:34:51.200Z</time></trkpt><trkpt lon="-7.3770067" lat="40.3305733"><ele>482.7</ele><time>2026-05-22T07:34:53.600Z</time></trkpt><trkpt lon="-7.376785" lat="40.330395"><ele>483.1</ele><time>2026-05-22T07:34:56.100Z</time></trkpt><trkpt lon="-7.3766187" lat="40.3302613"><ele>483.9</ele><time>2026-05-22T07:34:58.500Z</time></trkpt><trkpt lon="-7.3764525" lat="40.3301275"><ele>484.8</ele><time>2026-05-22T07:35:01.000Z</time></trkpt><trkpt lon="-7.37612" lat="40.32986"><ele>486.6</ele><time>2026-05-22T07:35:06.000Z</time></trkpt><trkpt lon="-7.3759867" lat="40.3297"><ele>487.6</ele><time>2026-05-22T07:35:08.700Z</time></trkpt><trkpt lon="-7.3758533" lat="40.32954"><ele>488.6</ele><time>2026-05-22T07:35:11.400Z</time></trkpt><trkpt lon="-7.37572" lat="40.32938"><ele>489.7</ele><time>2026-05-22T07:35:14.200Z</time></trkpt><trkpt lon="-7.3756183" lat="40.32919"><ele>491.2</ele><time>2026-05-22T07:35:17.700Z</time></trkpt><trkpt lon="-7.3755167" lat="40.329"><ele>492.7</ele><time>2026-05-22T07:35:21.300Z</time></trkpt><trkpt lon="-7.375415" lat="40.32881"><ele>494.2</ele><time>2026-05-22T07:35:24.700Z</time></trkpt><trkpt lon="-7.3753133" lat="40.32862"><ele>494.5</ele><time>2026-05-22T07:35:26.700Z</time></trkpt><trkpt lon="-7.37511" lat="40.32824"><ele>494.6</ele><time>2026-05-22T07:35:30.500Z</time></trkpt><trkpt lon="-7.37501" lat="40.32799"><ele>492.8</ele><time>2026-05-22T07:35:32.200Z</time></trkpt><trkpt lon="-7.3749611" lat="40.3277667"><ele>491.6</ele><time>2026-05-22T07:35:33.700Z</time></trkpt><trkpt lon="-7.3748633" lat="40.32732"><ele>489.6</ele><time>2026-05-22T07:35:36.800Z</time></trkpt><trkpt lon="-7.3748144" lat="40.3270967"><ele>489.2</ele><time>2026-05-22T07:35:38.600Z</time></trkpt><trkpt lon="-7.3747656" lat="40.3268733"><ele>489.0</ele><time>2026-05-22T07:35:40.500Z</time></trkpt><trkpt lon="-7.3747167" lat="40.32665"><ele>488.8</ele><time>2026-05-22T07:35:42.500Z</time></trkpt><trkpt lon="-7.3746678" lat="40.3264267"><ele>489.3</ele><time>2026-05-22T07:35:44.800Z</time></trkpt><trkpt lon="-7.3746189" lat="40.3262033"><ele>489.8</ele><time>2026-05-22T07:35:47.200Z</time></trkpt><trkpt lon="-7.37457" lat="40.32598"><ele>490.3</ele><time>2026-05-22T07:35:49.600Z</time></trkpt><trkpt lon="-7.3745325" lat="40.325755"><ele>490.7</ele><time>2026-05-22T07:35:51.900Z</time></trkpt><trkpt lon="-7.374495" lat="40.32553"><ele>491.0</ele><time>2026-05-22T07:35:54.100Z</time></trkpt><trkpt lon="-7.3744575" lat="40.325305"><ele>491.3</ele><time>2026-05-22T07:35:56.300Z</time></trkpt><trkpt lon="-7.37442" lat="40.32508"><ele>491.6</ele><time>2026-05-22T07:35:58.600Z</time></trkpt><trkpt lon="-7.37443" lat="40.32486"><ele>491.8</ele><time>2026-05-22T07:36:00.700Z</time></trkpt><trkpt lon="-7.3744137" lat="40.3246513"><ele>491.9</ele><time>2026-05-22T07:36:02.600Z</time></trkpt><trkpt lon="-7.3743975" lat="40.3244425"><ele>492.0</ele><time>2026-05-22T07:36:04.500Z</time></trkpt><trkpt lon="-7.374365" lat="40.324025"><ele>492.1</ele><time>2026-05-22T07:36:08.400Z</time></trkpt><trkpt lon="-7.3743487" lat="40.3238163"><ele>492.0</ele><time>2026-05-22T07:36:10.200Z</time></trkpt><trkpt lon="-7.3743325" lat="40.3236075"><ele>491.9</ele><time>2026-05-22T07:36:11.900Z</time></trkpt><trkpt lon="-7.3743" lat="40.32319"><ele>491.6</ele><time>2026-05-22T07:36:15.500Z</time></trkpt><trkpt lon="-7.3742867" lat="40.3229717"><ele>490.9</ele><time>2026-05-22T07:36:17.100Z</time></trkpt><trkpt lon="-7.37426" lat="40.322535"><ele>489.3</ele><time>2026-05-22T07:36:20.300Z</time></trkpt><trkpt lon="-7.3742467" lat="40.3223167"><ele>489.1</ele><time>2026-05-22T07:36:22.100Z</time></trkpt><trkpt lon="-7.37422" lat="40.32188"><ele>488.6</ele><time>2026-05-22T07:36:25.800Z</time></trkpt><trkpt lon="-7.37422" lat="40.32174"><ele>488.5</ele><time>2026-05-22T07:36:27.000Z</time></trkpt><trkpt lon="-7.37425" lat="40.32156"><ele>488.4</ele><time>2026-05-22T07:36:28.500Z</time></trkpt><trkpt lon="-7.37433" lat="40.3215"><ele>488.4</ele><time>2026-05-22T07:36:29.200Z</time></trkpt><trkpt lon="-7.37436" lat="40.32145"><ele>488.2</ele><time>2026-05-22T07:36:29.700Z</time></trkpt><trkpt lon="-7.37438" lat="40.32137"><ele>488.1</ele><time>2026-05-22T07:36:30.300Z</time></trkpt><trkpt lon="-7.37436" lat="40.32128"><ele>487.9</ele><time>2026-05-22T07:36:31.100Z</time></trkpt><trkpt lon="-7.3743" lat="40.32122"><ele>487.8</ele><time>2026-05-22T07:36:31.700Z</time></trkpt><trkpt lon="-7.3742" lat="40.32116"><ele>487.6</ele><time>2026-05-22T07:36:32.500Z</time></trkpt><trkpt lon="-7.37415" lat="40.32098"><ele>486.8</ele><time>2026-05-22T07:36:33.700Z</time></trkpt><trkpt lon="-7.37412" lat="40.32077"><ele>485.9</ele><time>2026-05-22T07:36:35.200Z</time></trkpt><trkpt lon="-7.37409" lat="40.32056"><ele>485.2</ele><time>2026-05-22T07:36:36.800Z</time></trkpt><trkpt lon="-7.3740675" lat="40.3203308"><ele>484.8</ele><time>2026-05-22T07:36:38.600Z</time></trkpt><trkpt lon="-7.374045" lat="40.3201017"><ele>484.4</ele><time>2026-05-22T07:36:40.400Z</time></trkpt><trkpt lon="-7.3740225" lat="40.3198725"><ele>484.0</ele><time>2026-05-22T07:36:42.300Z</time></trkpt><trkpt lon="-7.374" lat="40.3196433"><ele>483.4</ele><time>2026-05-22T07:36:44.100Z</time></trkpt><trkpt lon="-7.3739775" lat="40.3194142"><ele>482.8</ele><time>2026-05-22T07:36:45.800Z</time></trkpt><trkpt lon="-7.373955" lat="40.319185"><ele>482.3</ele><time>2026-05-22T07:36:47.600Z</time></trkpt><trkpt lon="-7.3739325" lat="40.3189558"><ele>481.6</ele><time>2026-05-22T07:36:49.300Z</time></trkpt><trkpt lon="-7.37391" lat="40.3187267"><ele>481.0</ele><time>2026-05-22T07:36:51.100Z</time></trkpt><trkpt lon="-7.3738875" lat="40.3184975"><ele>480.3</ele><time>2026-05-22T07:36:52.800Z</time></trkpt><trkpt lon="-7.373865" lat="40.3182683"><ele>479.7</ele><time>2026-05-22T07:36:54.600Z</time></trkpt><trkpt lon="-7.3738425" lat="40.3180392"><ele>479.2</ele><time>2026-05-22T07:36:56.400Z</time></trkpt><trkpt lon="-7.37382" lat="40.31781"><ele>478.6</ele><time>2026-05-22T07:36:58.100Z</time></trkpt><trkpt lon="-7.3737967" lat="40.31757"><ele>477.9</ele><time>2026-05-22T07:37:00.000Z</time></trkpt><trkpt lon="-7.3737733" lat="40.31733"><ele>477.2</ele><time>2026-05-22T07:37:01.800Z</time></trkpt><trkpt lon="-7.37375" lat="40.31709"><ele>476.5</ele><time>2026-05-22T07:37:03.600Z</time></trkpt><trkpt lon="-7.37368" lat="40.31687"><ele>475.9</ele><time>2026-05-22T07:37:05.300Z</time></trkpt><trkpt lon="-7.3736619" lat="40.3166638"><ele>475.4</ele><time>2026-05-22T07:37:06.900Z</time></trkpt><trkpt lon="-7.3736437" lat="40.3164575"><ele>474.9</ele><time>2026-05-22T07:37:08.500Z</time></trkpt><trkpt lon="-7.3736075" lat="40.316045"><ele>474.0</ele><time>2026-05-22T07:37:11.700Z</time></trkpt><trkpt lon="-7.3735894" lat="40.3158388"><ele>473.5</ele><time>2026-05-22T07:37:13.300Z</time></trkpt><trkpt lon="-7.3735712" lat="40.3156325"><ele>473.0</ele><time>2026-05-22T07:37:15.000Z</time></trkpt><trkpt lon="-7.373535" lat="40.31522"><ele>472.0</ele><time>2026-05-22T07:37:18.200Z</time></trkpt><trkpt lon="-7.3735169" lat="40.3150138"><ele>471.5</ele><time>2026-05-22T07:37:19.700Z</time></trkpt><trkpt lon="-7.3734987" lat="40.3148075"><ele>470.9</ele><time>2026-05-22T07:37:21.300Z</time></trkpt><trkpt lon="-7.3734625" lat="40.314395"><ele>469.8</ele><time>2026-05-22T07:37:24.500Z</time></trkpt><trkpt lon="-7.3734444" lat="40.3141887"><ele>469.2</ele><time>2026-05-22T07:37:26.000Z</time></trkpt><trkpt lon="-7.3734262" lat="40.3139825"><ele>468.5</ele><time>2026-05-22T07:37:27.600Z</time></trkpt><trkpt lon="-7.37339" lat="40.31357"><ele>467.2</ele><time>2026-05-22T07:37:30.600Z</time></trkpt><trkpt lon="-7.3734067" lat="40.3133567"><ele>466.8</ele><time>2026-05-22T07:37:32.300Z</time></trkpt><trkpt lon="-7.37344" lat="40.31293"><ele>465.9</ele><time>2026-05-22T07:37:35.700Z</time></trkpt><trkpt lon="-7.3735033" lat="40.31268"><ele>465.0</ele><time>2026-05-22T07:37:37.500Z</time></trkpt><trkpt lon="-7.3735667" lat="40.31243"><ele>464.0</ele><time>2026-05-22T07:37:39.400Z</time></trkpt><trkpt lon="-7.37363" lat="40.31218"><ele>463.0</ele><time>2026-05-22T07:37:41.200Z</time></trkpt><trkpt lon="-7.37373" lat="40.31193"><ele>461.8</ele><time>2026-05-22T07:37:43.000Z</time></trkpt><trkpt lon="-7.37383" lat="40.31168"><ele>460.6</ele><time>2026-05-22T07:37:44.800Z</time></trkpt><trkpt lon="-7.37393" lat="40.31143"><ele>459.5</ele><time>2026-05-22T07:37:46.600Z</time></trkpt><trkpt lon="-7.37405" lat="40.3112033"><ele>458.9</ele><time>2026-05-22T07:37:48.500Z</time></trkpt><trkpt lon="-7.37417" lat="40.3109767"><ele>458.4</ele><time>2026-05-22T07:37:50.400Z</time></trkpt><trkpt lon="-7.37429" lat="40.31075"><ele>457.9</ele><time>2026-05-22T07:37:52.300Z</time></trkpt><trkpt lon="-7.3744308" lat="40.31054"><ele>457.8</ele><time>2026-05-22T07:37:54.400Z</time></trkpt><trkpt lon="-7.3745717" lat="40.31033"><ele>457.7</ele><time>2026-05-22T07:37:56.400Z</time></trkpt><trkpt lon="-7.3747125" lat="40.31012"><ele>457.7</ele><time>2026-05-22T07:37:58.500Z</time></trkpt><trkpt lon="-7.3748533" lat="40.30991"><ele>457.8</ele><time>2026-05-22T07:38:00.700Z</time></trkpt><trkpt lon="-7.3749942" lat="40.3097"><ele>458.0</ele><time>2026-05-22T07:38:02.900Z</time></trkpt><trkpt lon="-7.375135" lat="40.30949"><ele>458.2</ele><time>2026-05-22T07:38:05.200Z</time></trkpt><trkpt lon="-7.3752758" lat="40.30928"><ele>458.7</ele><time>2026-05-22T07:38:07.600Z</time></trkpt><trkpt lon="-7.3754167" lat="40.30907"><ele>459.1</ele><time>2026-05-22T07:38:10.000Z</time></trkpt><trkpt lon="-7.3755575" lat="40.30886"><ele>459.6</ele><time>2026-05-22T07:38:12.500Z</time></trkpt><trkpt lon="-7.3756983" lat="40.30865"><ele>460.0</ele><time>2026-05-22T07:38:14.800Z</time></trkpt><trkpt lon="-7.3758392" lat="40.30844"><ele>460.3</ele><time>2026-05-22T07:38:17.200Z</time></trkpt><trkpt lon="-7.37598" lat="40.30823"><ele>460.6</ele><time>2026-05-22T07:38:19.500Z</time></trkpt><trkpt lon="-7.3760633" lat="40.3080567"><ele>460.8</ele><time>2026-05-22T07:38:21.300Z</time></trkpt><trkpt lon="-7.37623" lat="40.30771"><ele>461.2</ele><time>2026-05-22T07:38:24.900Z</time></trkpt><trkpt lon="-7.3762767" lat="40.3075367"><ele>461.3</ele><time>2026-05-22T07:38:26.600Z</time></trkpt><trkpt lon="-7.37637" lat="40.30719"><ele>461.7</ele><time>2026-05-22T07:38:29.900Z</time></trkpt><trkpt lon="-7.37638" lat="40.307"><ele>461.9</ele><time>2026-05-22T07:38:31.800Z</time></trkpt><trkpt lon="-7.3764" lat="40.30662"><ele>462.5</ele><time>2026-05-22T07:38:35.600Z</time></trkpt><trkpt lon="-7.37636" lat="40.3064133"><ele>462.7</ele><time>2026-05-22T07:38:37.700Z</time></trkpt><trkpt lon="-7.37628" lat="40.306"><ele>463.1</ele><time>2026-05-22T07:38:41.700Z</time></trkpt><trkpt lon="-7.376185" lat="40.305755"><ele>463.0</ele><time>2026-05-22T07:38:43.900Z</time></trkpt><trkpt lon="-7.37609" lat="40.30551"><ele>462.8</ele><time>2026-05-22T07:38:46.000Z</time></trkpt><trkpt lon="-7.3759475" lat="40.3052625"><ele>462.5</ele><time>2026-05-22T07:38:48.300Z</time></trkpt><trkpt lon="-7.375805" lat="40.305015"><ele>462.3</ele><time>2026-05-22T07:38:50.600Z</time></trkpt><trkpt lon="-7.3756625" lat="40.3047675"><ele>461.6</ele><time>2026-05-22T07:38:52.700Z</time></trkpt><trkpt lon="-7.37552" lat="40.30452"><ele>460.8</ele><time>2026-05-22T07:38:54.700Z</time></trkpt><trkpt lon="-7.3753925" lat="40.3042925"><ele>459.8</ele><time>2026-05-22T07:38:56.400Z</time></trkpt><trkpt lon="-7.375265" lat="40.304065"><ele>458.7</ele><time>2026-05-22T07:38:58.200Z</time></trkpt><trkpt lon="-7.3751375" lat="40.3038375"><ele>457.6</ele><time>2026-05-22T07:38:59.900Z</time></trkpt><trkpt lon="-7.37501" lat="40.30361"><ele>456.3</ele><time>2026-05-22T07:39:01.500Z</time></trkpt><trkpt lon="-7.37471" lat="40.30337"><ele>452.6</ele><time>2026-05-22T07:39:03.800Z</time></trkpt><trkpt lon="-7.37436" lat="40.30323"><ele>450.9</ele><time>2026-05-22T07:39:05.800Z</time></trkpt><trkpt lon="-7.374075" lat="40.30319"><ele>449.6</ele><time>2026-05-22T07:39:07.200Z</time></trkpt><trkpt lon="-7.37379" lat="40.30315"><ele>448.3</ele><time>2026-05-22T07:39:08.700Z</time></trkpt><trkpt lon="-7.37348" lat="40.3031733"><ele>446.9</ele><time>2026-05-22T07:39:10.200Z</time></trkpt><trkpt lon="-7.37317" lat="40.3031967"><ele>445.6</ele><time>2026-05-22T07:39:11.800Z</time></trkpt><trkpt lon="-7.37286" lat="40.30322"><ele>444.4</ele><time>2026-05-22T07:39:13.400Z</time></trkpt><trkpt lon="-7.37265" lat="40.30321"><ele>444.4</ele><time>2026-05-22T07:39:14.800Z</time></trkpt><trkpt lon="-7.37267" lat="40.30307"><ele>444.6</ele><time>2026-05-22T07:39:16.200Z</time></trkpt><trkpt lon="-7.37253" lat="40.30297"><ele>444.5</ele><time>2026-05-22T07:39:17.400Z</time></trkpt><trkpt lon="-7.37246" lat="40.30295"><ele>444.1</ele><time>2026-05-22T07:39:17.800Z</time></trkpt><trkpt lon="-7.37236" lat="40.30296"><ele>443.6</ele><time>2026-05-22T07:39:18.300Z</time></trkpt><trkpt lon="-7.37224" lat="40.30303"><ele>442.8</ele><time>2026-05-22T07:39:19.000Z</time></trkpt><trkpt lon="-7.371985" lat="40.302895"><ele>442.3</ele><time>2026-05-22T07:39:20.900Z</time></trkpt><trkpt lon="-7.37173" lat="40.30276"><ele>441.8</ele><time>2026-05-22T07:39:22.700Z</time></trkpt><trkpt lon="-7.3715075" lat="40.30262"><ele>441.5</ele><time>2026-05-22T07:39:24.600Z</time></trkpt><trkpt lon="-7.371285" lat="40.30248"><ele>441.3</ele><time>2026-05-22T07:39:26.400Z</time></trkpt><trkpt lon="-7.37084" lat="40.3022"><ele>440.8</ele><time>2026-05-22T07:39:30.000Z</time></trkpt><trkpt lon="-7.3706175" lat="40.30206"><ele>440.8</ele><time>2026-05-22T07:39:32.000Z</time></trkpt><trkpt lon="-7.370395" lat="40.30192"><ele>440.9</ele><time>2026-05-22T07:39:34.000Z</time></trkpt><trkpt lon="-7.36995" lat="40.30164"><ele>441.0</ele><time>2026-05-22T07:39:38.000Z</time></trkpt><trkpt lon="-7.36983" lat="40.30152"><ele>441.0</ele><time>2026-05-22T07:39:39.400Z</time></trkpt><trkpt lon="-7.3696933" lat="40.30134"><ele>441.2</ele><time>2026-05-22T07:39:41.300Z</time></trkpt><trkpt lon="-7.3695567" lat="40.30116"><ele>441.3</ele><time>2026-05-22T07:39:43.300Z</time></trkpt><trkpt lon="-7.3692833" lat="40.3008"><ele>441.6</ele><time>2026-05-22T07:39:47.200Z</time></trkpt><trkpt lon="-7.3691467" lat="40.30062"><ele>442.2</ele><time>2026-05-22T07:39:49.500Z</time></trkpt><trkpt lon="-7.36901" lat="40.30044"><ele>442.8</ele><time>2026-05-22T07:39:51.800Z</time></trkpt><trkpt lon="-7.3687367" lat="40.30008"><ele>443.9</ele><time>2026-05-22T07:39:56.300Z</time></trkpt><trkpt lon="-7.3686" lat="40.2999"><ele>443.9</ele><time>2026-05-22T07:39:58.100Z</time></trkpt><trkpt lon="-7.3684633" lat="40.29972"><ele>443.7</ele><time>2026-05-22T07:39:59.900Z</time></trkpt><trkpt lon="-7.36819" lat="40.29936"><ele>443.5</ele><time>2026-05-22T07:40:03.500Z</time></trkpt><trkpt lon="-7.36794" lat="40.29923"><ele>444.3</ele><time>2026-05-22T07:40:06.100Z</time></trkpt><trkpt lon="-7.36773" lat="40.2991933"><ele>445.2</ele><time>2026-05-22T07:40:08.500Z</time></trkpt><trkpt lon="-7.36731" lat="40.29912"><ele>447.0</ele><time>2026-05-22T07:40:13.400Z</time></trkpt><trkpt lon="-7.36707" lat="40.2990367"><ele>448.2</ele><time>2026-05-22T07:40:16.500Z</time></trkpt><trkpt lon="-7.36683" lat="40.2989533"><ele>449.5</ele><time>2026-05-22T07:40:19.600Z</time></trkpt><trkpt lon="-7.36659" lat="40.29887"><ele>450.7</ele><time>2026-05-22T07:40:22.700Z</time></trkpt><trkpt lon="-7.36645" lat="40.2988"><ele>451.6</ele><time>2026-05-22T07:40:24.800Z</time></trkpt><trkpt lon="-7.36636" lat="40.29869"><ele>452.8</ele><time>2026-05-22T07:40:27.300Z</time></trkpt><trkpt lon="-7.36633" lat="40.29859"><ele>453.4</ele><time>2026-05-22T07:40:28.900Z</time></trkpt><trkpt lon="-7.36636" lat="40.29848"><ele>454.2</ele><time>2026-05-22T07:40:30.800Z</time></trkpt><trkpt lon="-7.3664" lat="40.2984"><ele>455.3</ele><time>2026-05-22T07:40:32.900Z</time></trkpt><trkpt lon="-7.3665" lat="40.29833"><ele>456.6</ele><time>2026-05-22T07:40:35.300Z</time></trkpt><trkpt lon="-7.3667167" lat="40.29825"><ele>457.3</ele><time>2026-05-22T07:40:37.600Z</time></trkpt><trkpt lon="-7.36715" lat="40.29809"><ele>458.4</ele><time>2026-05-22T07:40:41.700Z</time></trkpt><trkpt lon="-7.36727" lat="40.29796"><ele>459.8</ele><time>2026-05-22T07:40:44.700Z</time></trkpt><trkpt lon="-7.36725" lat="40.29782"><ele>460.6</ele><time>2026-05-22T07:40:46.800Z</time></trkpt><trkpt lon="-7.3672" lat="40.29772"><ele>461.2</ele><time>2026-05-22T07:40:48.400Z</time></trkpt><trkpt lon="-7.36708" lat="40.29764"><ele>462.1</ele><time>2026-05-22T07:40:50.600Z</time></trkpt><trkpt lon="-7.36685" lat="40.29752"><ele>462.9</ele><time>2026-05-22T07:40:53.100Z</time></trkpt><trkpt lon="-7.36662" lat="40.2974"><ele>463.6</ele><time>2026-05-22T07:40:55.500Z</time></trkpt><trkpt lon="-7.3664533" lat="40.2973133"><ele>464.4</ele><time>2026-05-22T07:40:57.600Z</time></trkpt><trkpt lon="-7.36612" lat="40.29714"><ele>466.3</ele><time>2026-05-22T07:41:02.400Z</time></trkpt><trkpt lon="-7.36603" lat="40.29706"><ele>467.8</ele><time>2026-05-22T07:41:05.200Z</time></trkpt><trkpt lon="-7.365905" lat="40.2969183"><ele>468.9</ele><time>2026-05-22T07:41:07.800Z</time></trkpt><trkpt lon="-7.365655" lat="40.296635"><ele>470.3</ele><time>2026-05-22T07:41:12.200Z</time></trkpt><trkpt lon="-7.36553" lat="40.2964933"><ele>470.8</ele><time>2026-05-22T07:41:14.100Z</time></trkpt><trkpt lon="-7.36528" lat="40.29621"><ele>471.9</ele><time>2026-05-22T07:41:18.000Z</time></trkpt><trkpt lon="-7.36509" lat="40.29609"><ele>473.8</ele><time>2026-05-22T07:41:21.800Z</time></trkpt><trkpt lon="-7.364845" lat="40.29596"><ele>474.7</ele><time>2026-05-22T07:41:24.700Z</time></trkpt><trkpt lon="-7.3646" lat="40.29583"><ele>475.4</ele><time>2026-05-22T07:41:27.300Z</time></trkpt><trkpt lon="-7.3645" lat="40.29562"><ele>475.8</ele><time>2026-05-22T07:41:29.600Z</time></trkpt><trkpt lon="-7.36442" lat="40.29535"><ele>475.3</ele><time>2026-05-22T07:41:31.800Z</time></trkpt><trkpt lon="-7.36439" lat="40.29524"><ele>474.8</ele><time>2026-05-22T07:41:32.500Z</time></trkpt><trkpt lon="-7.36439" lat="40.29501"><ele>473.7</ele><time>2026-05-22T07:41:34.100Z</time></trkpt><trkpt lon="-7.36425" lat="40.29475"><ele>471.6</ele><time>2026-05-22T07:41:35.900Z</time></trkpt><trkpt lon="-7.36434" lat="40.294545"><ele>469.7</ele><time>2026-05-22T07:41:37.300Z</time></trkpt><trkpt lon="-7.36443" lat="40.29434"><ele>467.7</ele><time>2026-05-22T07:41:38.600Z</time></trkpt><trkpt lon="-7.36446" lat="40.29411"><ele>465.6</ele><time>2026-05-22T07:41:40.100Z</time></trkpt><trkpt lon="-7.36439" lat="40.29388"><ele>463.5</ele><time>2026-05-22T07:41:41.500Z</time></trkpt><trkpt lon="-7.364505" lat="40.29363"><ele>461.8</ele><time>2026-05-22T07:41:43.300Z</time></trkpt><trkpt lon="-7.36462" lat="40.29338"><ele>460.1</ele><time>2026-05-22T07:41:45.000Z</time></trkpt><trkpt lon="-7.3645075" lat="40.293135"><ele>458.6</ele><time>2026-05-22T07:41:46.700Z</time></trkpt><trkpt lon="-7.364395" lat="40.29289"><ele>457.0</ele><time>2026-05-22T07:41:48.400Z</time></trkpt><trkpt lon="-7.3642825" lat="40.292645"><ele>454.9</ele><time>2026-05-22T07:41:50.000Z</time></trkpt><trkpt lon="-7.36417" lat="40.2924"><ele>452.8</ele><time>2026-05-22T07:41:51.600Z</time></trkpt><trkpt lon="-7.36417" lat="40.29203"><ele>450.5</ele><time>2026-05-22T07:41:54.000Z</time></trkpt><trkpt lon="-7.36413" lat="40.29182"><ele>449.0</ele><time>2026-05-22T07:41:55.400Z</time></trkpt><trkpt lon="-7.3639425" lat="40.29162"><ele>448.1</ele><time>2026-05-22T07:41:57.100Z</time></trkpt><trkpt lon="-7.363755" lat="40.29142"><ele>447.2</ele><time>2026-05-22T07:41:58.900Z</time></trkpt><trkpt lon="-7.3635675" lat="40.29122"><ele>445.7</ele><time>2026-05-22T07:42:00.500Z</time></trkpt><trkpt lon="-7.36338" lat="40.29102"><ele>444.2</ele><time>2026-05-22T07:42:02.100Z</time></trkpt><trkpt lon="-7.36321" lat="40.2908167"><ele>443.6</ele><time>2026-05-22T07:42:04.000Z</time></trkpt><trkpt lon="-7.36304" lat="40.2906133"><ele>443.0</ele><time>2026-05-22T07:42:05.800Z</time></trkpt><trkpt lon="-7.36287" lat="40.29041"><ele>442.5</ele><time>2026-05-22T07:42:07.700Z</time></trkpt><trkpt lon="-7.3627517" lat="40.2902567"><ele>442.5</ele><time>2026-05-22T07:42:09.300Z</time></trkpt><trkpt lon="-7.362515" lat="40.28995"><ele>442.7</ele><time>2026-05-22T07:42:12.600Z</time></trkpt><trkpt lon="-7.3623375" lat="40.28972"><ele>442.3</ele><time>2026-05-22T07:42:14.700Z</time></trkpt><trkpt lon="-7.36216" lat="40.28949"><ele>441.9</ele><time>2026-05-22T07:42:16.900Z</time></trkpt><trkpt lon="-7.3619775" lat="40.2893575"><ele>442.1</ele><time>2026-05-22T07:42:18.800Z</time></trkpt><trkpt lon="-7.361795" lat="40.289225"><ele>442.5</ele><time>2026-05-22T07:42:20.800Z</time></trkpt><trkpt lon="-7.36143" lat="40.28896"><ele>443.1</ele><time>2026-05-22T07:42:24.700Z</time></trkpt><trkpt lon="-7.3612475" lat="40.2888275"><ele>443.7</ele><time>2026-05-22T07:42:26.800Z</time></trkpt><trkpt lon="-7.361065" lat="40.288695"><ele>444.2</ele><time>2026-05-22T07:42:29.000Z</time></trkpt><trkpt lon="-7.3607" lat="40.28843"><ele>445.4</ele><time>2026-05-22T07:42:33.300Z</time></trkpt><trkpt lon="-7.3605425" lat="40.2882425"><ele>445.9</ele><time>2026-05-22T07:42:35.600Z</time></trkpt><trkpt lon="-7.360385" lat="40.288055"><ele>446.4</ele><time>2026-05-22T07:42:37.900Z</time></trkpt><trkpt lon="-7.3602275" lat="40.2878675"><ele>446.8</ele><time>2026-05-22T07:42:40.200Z</time></trkpt><trkpt lon="-7.36007" lat="40.28768"><ele>447.4</ele><time>2026-05-22T07:42:42.600Z</time></trkpt><trkpt lon="-7.3599175" lat="40.2874975"><ele>448.4</ele><time>2026-05-22T07:42:45.500Z</time></trkpt><trkpt lon="-7.359765" lat="40.287315"><ele>449.5</ele><time>2026-05-22T07:42:48.500Z</time></trkpt><trkpt lon="-7.3596125" lat="40.2871325"><ele>450.6</ele><time>2026-05-22T07:42:51.500Z</time></trkpt><trkpt lon="-7.35946" lat="40.28695"><ele>451.7</ele><time>2026-05-22T07:42:54.600Z</time></trkpt><trkpt lon="-7.3594" lat="40.286795"><ele>452.8</ele><time>2026-05-22T07:42:57.200Z</time></trkpt><trkpt lon="-7.35934" lat="40.28664"><ele>453.9</ele><time>2026-05-22T07:42:59.900Z</time></trkpt><trkpt lon="-7.3592925" lat="40.2864475"><ele>454.6</ele><time>2026-05-22T07:43:02.200Z</time></trkpt><trkpt lon="-7.359245" lat="40.286255"><ele>455.2</ele><time>2026-05-22T07:43:04.400Z</time></trkpt><trkpt lon="-7.35915" lat="40.28587"><ele>456.3</ele><time>2026-05-22T07:43:08.700Z</time></trkpt><trkpt lon="-7.3588767" lat="40.2859467"><ele>456.9</ele><time>2026-05-22T07:43:11.100Z</time></trkpt><trkpt lon="-7.3586033" lat="40.2860233"><ele>457.5</ele><time>2026-05-22T07:43:13.500Z</time></trkpt><trkpt lon="-7.35833" lat="40.2861"><ele>458.0</ele><time>2026-05-22T07:43:15.900Z</time></trkpt><trkpt lon="-7.3581133" lat="40.2861367"><ele>458.6</ele><time>2026-05-22T07:43:17.900Z</time></trkpt><trkpt lon="-7.35768" lat="40.28621"><ele>459.7</ele><time>2026-05-22T07:43:21.700Z</time></trkpt><trkpt lon="-7.35746" lat="40.28618"><ele>460.0</ele><time>2026-05-22T07:43:23.500Z</time></trkpt><trkpt lon="-7.35721" lat="40.28606"><ele>460.7</ele><time>2026-05-22T07:43:26.000Z</time></trkpt><trkpt lon="-7.3569953" lat="40.2859168"><ele>460.9</ele><time>2026-05-22T07:43:28.100Z</time></trkpt><trkpt lon="-7.3567807" lat="40.2857736"><ele>461.1</ele><time>2026-05-22T07:43:30.200Z</time></trkpt><trkpt lon="-7.3563514" lat="40.2854872"><ele>461.5</ele><time>2026-05-22T07:43:34.400Z</time></trkpt><trkpt lon="-7.3561367" lat="40.285344"><ele>462.0</ele><time>2026-05-22T07:43:36.600Z</time></trkpt><trkpt lon="-7.3559221" lat="40.2852007"><ele>462.5</ele><time>2026-05-22T07:43:38.900Z</time></trkpt><trkpt lon="-7.3554928" lat="40.2849143"><ele>463.4</ele><time>2026-05-22T07:43:43.500Z</time></trkpt><trkpt lon="-7.3552781" lat="40.2847711"><ele>463.9</ele><time>2026-05-22T07:43:45.700Z</time></trkpt><trkpt lon="-7.3550635" lat="40.2846279"><ele>464.3</ele><time>2026-05-22T07:43:48.000Z</time></trkpt><trkpt lon="-7.3546342" lat="40.2843415"><ele>465.2</ele><time>2026-05-22T07:43:52.500Z</time></trkpt><trkpt lon="-7.3544196" lat="40.2841983"><ele>465.9</ele><time>2026-05-22T07:43:55.000Z</time></trkpt><trkpt lon="-7.3542049" lat="40.284055"><ele>466.7</ele><time>2026-05-22T07:43:57.500Z</time></trkpt><trkpt lon="-7.3539903" lat="40.2839118"><ele>467.4</ele><time>2026-05-22T07:44:00.100Z</time></trkpt><trkpt lon="-7.3537756" lat="40.2837686"><ele>468.1</ele><time>2026-05-22T07:44:02.600Z</time></trkpt><trkpt lon="-7.353561" lat="40.2836254"><ele>468.9</ele><time>2026-05-22T07:44:05.100Z</time></trkpt><trkpt lon="-7.3533463" lat="40.2834822"><ele>469.6</ele><time>2026-05-22T07:44:07.600Z</time></trkpt><trkpt lon="-7.3531317" lat="40.283339"><ele>470.3</ele><time>2026-05-22T07:44:10.200Z</time></trkpt><trkpt lon="-7.3529171" lat="40.2831957"><ele>471.1</ele><time>2026-05-22T07:44:12.700Z</time></trkpt><trkpt lon="-7.3527024" lat="40.2830525"><ele>471.7</ele><time>2026-05-22T07:44:15.100Z</time></trkpt><trkpt lon="-7.3524878" lat="40.2829093"><ele>472.4</ele><time>2026-05-22T07:44:17.600Z</time></trkpt><trkpt lon="-7.3522732" lat="40.2827661"><ele>473.1</ele><time>2026-05-22T07:44:20.000Z</time></trkpt><trkpt lon="-7.3520585" lat="40.2826229"><ele>473.8</ele><time>2026-05-22T07:44:22.500Z</time></trkpt><trkpt lon="-7.3518439" lat="40.2824797"><ele>474.4</ele><time>2026-05-22T07:44:24.900Z</time></trkpt><trkpt lon="-7.3516293" lat="40.2823364"><ele>475.0</ele><time>2026-05-22T07:44:27.300Z</time></trkpt><trkpt lon="-7.3514146" lat="40.2821932"><ele>475.6</ele><time>2026-05-22T07:44:29.700Z</time></trkpt><trkpt lon="-7.3512" lat="40.28205"><ele>476.2</ele><time>2026-05-22T07:44:32.100Z</time></trkpt><trkpt lon="-7.3509" lat="40.28189"><ele>477.2</ele><time>2026-05-22T07:44:35.300Z</time></trkpt><trkpt lon="-7.35065" lat="40.28184"><ele>477.7</ele><time>2026-05-22T07:44:37.500Z</time></trkpt><trkpt lon="-7.35031" lat="40.28183"><ele>478.1</ele><time>2026-05-22T07:44:40.100Z</time></trkpt><trkpt lon="-7.3500208" lat="40.281825"><ele>478.4</ele><time>2026-05-22T07:44:42.300Z</time></trkpt><trkpt lon="-7.3497317" lat="40.28182"><ele>478.7</ele><time>2026-05-22T07:44:44.400Z</time></trkpt><trkpt lon="-7.3491533" lat="40.28181"><ele>479.2</ele><time>2026-05-22T07:44:48.700Z</time></trkpt><trkpt lon="-7.3488642" lat="40.281805"><ele>479.3</ele><time>2026-05-22T07:44:50.800Z</time></trkpt><trkpt lon="-7.348575" lat="40.2818"><ele>479.5</ele><time>2026-05-22T07:44:52.900Z</time></trkpt><trkpt lon="-7.3479967" lat="40.28179"><ele>479.9</ele><time>2026-05-22T07:44:57.100Z</time></trkpt><trkpt lon="-7.3477075" lat="40.281785"><ele>480.2</ele><time>2026-05-22T07:44:59.300Z</time></trkpt><trkpt lon="-7.3474183" lat="40.2817801"><ele>480.5</ele><time>2026-05-22T07:45:01.500Z</time></trkpt><trkpt lon="-7.34684" lat="40.2817701"><ele>481.1</ele><time>2026-05-22T07:45:05.800Z</time></trkpt><trkpt lon="-7.3465508" lat="40.2817651"><ele>481.3</ele><time>2026-05-22T07:45:07.900Z</time></trkpt><trkpt lon="-7.3462617" lat="40.2817601"><ele>481.5</ele><time>2026-05-22T07:45:10.000Z</time></trkpt><trkpt lon="-7.3456833" lat="40.28175"><ele>481.8</ele><time>2026-05-22T07:45:14.200Z</time></trkpt><trkpt lon="-7.3453942" lat="40.281745"><ele>482.3</ele><time>2026-05-22T07:45:16.500Z</time></trkpt><trkpt lon="-7.345105" lat="40.28174"><ele>482.8</ele><time>2026-05-22T07:45:18.800Z</time></trkpt><trkpt lon="-7.3445267" lat="40.28173"><ele>483.7</ele><time>2026-05-22T07:45:23.400Z</time></trkpt><trkpt lon="-7.3442375" lat="40.281725"><ele>484.0</ele><time>2026-05-22T07:45:25.600Z</time></trkpt><trkpt lon="-7.3439483" lat="40.28172"><ele>484.3</ele><time>2026-05-22T07:45:27.800Z</time></trkpt><trkpt lon="-7.34337" lat="40.28171"><ele>484.8</ele><time>2026-05-22T07:45:32.100Z</time></trkpt><trkpt lon="-7.3431056" lat="40.2816556"><ele>484.7</ele><time>2026-05-22T07:45:33.900Z</time></trkpt><trkpt lon="-7.3425767" lat="40.2815467"><ele>484.6</ele><time>2026-05-22T07:45:37.500Z</time></trkpt><trkpt lon="-7.3423122" lat="40.2814922"><ele>484.6</ele><time>2026-05-22T07:45:39.400Z</time></trkpt><trkpt lon="-7.3417833" lat="40.2813833"><ele>484.8</ele><time>2026-05-22T07:45:43.300Z</time></trkpt><trkpt lon="-7.3415189" lat="40.2813289"><ele>485.0</ele><time>2026-05-22T07:45:45.200Z</time></trkpt><trkpt lon="-7.34099" lat="40.28122"><ele>485.2</ele><time>2026-05-22T07:45:49.100Z</time></trkpt><trkpt lon="-7.34078" lat="40.28112"><ele>485.2</ele><time>2026-05-22T07:45:50.800Z</time></trkpt><trkpt lon="-7.3406229" lat="40.2809433"><ele>485.0</ele><time>2026-05-22T07:45:52.600Z</time></trkpt><trkpt lon="-7.3404658" lat="40.2807667"><ele>484.9</ele><time>2026-05-22T07:45:54.400Z</time></trkpt><trkpt lon="-7.3401516" lat="40.2804133"><ele>484.5</ele><time>2026-05-22T07:45:58.000Z</time></trkpt><trkpt lon="-7.3399945" lat="40.2802367"><ele>483.9</ele><time>2026-05-22T07:45:59.700Z</time></trkpt><trkpt lon="-7.3398375" lat="40.28006"><ele>483.3</ele><time>2026-05-22T07:46:01.300Z</time></trkpt><trkpt lon="-7.3395233" lat="40.2797067"><ele>481.9</ele><time>2026-05-22T07:46:04.400Z</time></trkpt><trkpt lon="-7.3393662" lat="40.27953"><ele>480.4</ele><time>2026-05-22T07:46:05.800Z</time></trkpt><trkpt lon="-7.3392091" lat="40.2793533"><ele>478.8</ele><time>2026-05-22T07:46:07.100Z</time></trkpt><trkpt lon="-7.3388949" lat="40.279"><ele>475.7</ele><time>2026-05-22T07:46:09.800Z</time></trkpt><trkpt lon="-7.3387379" lat="40.2788233"><ele>474.6</ele><time>2026-05-22T07:46:11.300Z</time></trkpt><trkpt lon="-7.3385808" lat="40.2786467"><ele>473.5</ele><time>2026-05-22T07:46:12.700Z</time></trkpt><trkpt lon="-7.3382666" lat="40.2782933"><ele>471.4</ele><time>2026-05-22T07:46:15.600Z</time></trkpt><trkpt lon="-7.3381095" lat="40.2781167"><ele>471.0</ele><time>2026-05-22T07:46:17.300Z</time></trkpt><trkpt lon="-7.3379525" lat="40.27794"><ele>470.6</ele><time>2026-05-22T07:46:19.000Z</time></trkpt><trkpt lon="-7.3376383" lat="40.2775867"><ele>470.0</ele><time>2026-05-22T07:46:22.500Z</time></trkpt><trkpt lon="-7.3374812" lat="40.27741"><ele>470.4</ele><time>2026-05-22T07:46:24.600Z</time></trkpt><trkpt lon="-7.3373241" lat="40.2772333"><ele>470.8</ele><time>2026-05-22T07:46:26.800Z</time></trkpt><trkpt lon="-7.33701" lat="40.27688"><ele>471.7</ele><time>2026-05-22T07:46:31.300Z</time></trkpt><trkpt lon="-7.33679" lat="40.276735"><ele>472.6</ele><time>2026-05-22T07:46:34.000Z</time></trkpt><trkpt lon="-7.33657" lat="40.27659"><ele>473.5</ele><time>2026-05-22T07:46:36.800Z</time></trkpt><trkpt lon="-7.33635" lat="40.276445"><ele>474.4</ele><time>2026-05-22T07:46:39.500Z</time></trkpt><trkpt lon="-7.33613" lat="40.2763"><ele>475.0</ele><time>2026-05-22T07:46:42.000Z</time></trkpt><trkpt lon="-7.33591" lat="40.276155"><ele>475.6</ele><time>2026-05-22T07:46:44.400Z</time></trkpt><trkpt lon="-7.33569" lat="40.27601"><ele>476.2</ele><time>2026-05-22T07:46:46.800Z</time></trkpt><trkpt lon="-7.3355233" lat="40.2758156"><ele>477.1</ele><time>2026-05-22T07:46:49.700Z</time></trkpt><trkpt lon="-7.3353567" lat="40.2756211"><ele>478.0</ele><time>2026-05-22T07:46:52.600Z</time></trkpt><trkpt lon="-7.33519" lat="40.2754267"><ele>478.9</ele><time>2026-05-22T07:46:55.400Z</time></trkpt><trkpt lon="-7.3350233" lat="40.2752322"><ele>479.4</ele><time>2026-05-22T07:46:57.800Z</time></trkpt><trkpt lon="-7.3348567" lat="40.2750378"><ele>479.9</ele><time>2026-05-22T07:47:00.200Z</time></trkpt><trkpt lon="-7.33469" lat="40.2748433"><ele>480.4</ele><time>2026-05-22T07:47:02.600Z</time></trkpt><trkpt lon="-7.334565" lat="40.2746975"><ele>481.1</ele><time>2026-05-22T07:47:04.800Z</time></trkpt><trkpt lon="-7.33444" lat="40.2745517"><ele>481.9</ele><time>2026-05-22T07:47:07.100Z</time></trkpt><trkpt lon="-7.33419" lat="40.27426"><ele>483.5</ele><time>2026-05-22T07:47:11.800Z</time></trkpt><trkpt lon="-7.33395" lat="40.27406"><ele>485.0</ele><time>2026-05-22T07:47:15.700Z</time></trkpt><trkpt lon="-7.3337633" lat="40.27398"><ele>486.1</ele><time>2026-05-22T07:47:18.400Z</time></trkpt><trkpt lon="-7.33339" lat="40.27382"><ele>488.5</ele><time>2026-05-22T07:47:24.000Z</time></trkpt><trkpt lon="-7.3332033" lat="40.27374"><ele>490.1</ele><time>2026-05-22T07:47:27.200Z</time></trkpt><trkpt lon="-7.3330167" lat="40.27366"><ele>491.6</ele><time>2026-05-22T07:47:30.500Z</time></trkpt><trkpt lon="-7.33283" lat="40.27358"><ele>493.1</ele><time>2026-05-22T07:47:33.700Z</time></trkpt><trkpt lon="-7.33262" lat="40.27345"><ele>494.3</ele><time>2026-05-22T07:47:36.900Z</time></trkpt><trkpt lon="-7.33254" lat="40.27334"><ele>495.0</ele><time>2026-05-22T07:47:38.600Z</time></trkpt><trkpt lon="-7.33248" lat="40.27318"><ele>495.3</ele><time>2026-05-22T07:47:40.300Z</time></trkpt><trkpt lon="-7.332445" lat="40.27297"><ele>496.5</ele><time>2026-05-22T07:47:43.500Z</time></trkpt><trkpt lon="-7.33241" lat="40.27276"><ele>497.8</ele><time>2026-05-22T07:47:46.800Z</time></trkpt><trkpt lon="-7.33227" lat="40.27256"><ele>499.3</ele><time>2026-05-22T07:47:50.400Z</time></trkpt><trkpt lon="-7.33211" lat="40.2724331"><ele>500.4</ele><time>2026-05-22T07:47:53.200Z</time></trkpt><trkpt lon="-7.33195" lat="40.2723063"><ele>501.6</ele><time>2026-05-22T07:47:55.900Z</time></trkpt><trkpt lon="-7.33163" lat="40.2720525"><ele>503.9</ele><time>2026-05-22T07:48:01.600Z</time></trkpt><trkpt lon="-7.33147" lat="40.2719256"><ele>505.6</ele><time>2026-05-22T07:48:05.200Z</time></trkpt><trkpt lon="-7.33131" lat="40.2717988"><ele>507.4</ele><time>2026-05-22T07:48:09.000Z</time></trkpt><trkpt lon="-7.33115" lat="40.2716719"><ele>509.3</ele><time>2026-05-22T07:48:12.800Z</time></trkpt><trkpt lon="-7.33099" lat="40.271545"><ele>511.0</ele><time>2026-05-22T07:48:16.400Z</time></trkpt><trkpt lon="-7.33083" lat="40.2714181"><ele>512.1</ele><time>2026-05-22T07:48:19.200Z</time></trkpt><trkpt lon="-7.33067" lat="40.2712913"><ele>513.2</ele><time>2026-05-22T07:48:21.900Z</time></trkpt><trkpt lon="-7.33035" lat="40.2710375"><ele>515.4</ele><time>2026-05-22T07:48:27.300Z</time></trkpt><trkpt lon="-7.33019" lat="40.2709106"><ele>516.9</ele><time>2026-05-22T07:48:30.800Z</time></trkpt><trkpt lon="-7.33003" lat="40.2707838"><ele>518.6</ele><time>2026-05-22T07:48:34.300Z</time></trkpt><trkpt lon="-7.32987" lat="40.2706569"><ele>520.3</ele><time>2026-05-22T07:48:37.900Z</time></trkpt><trkpt lon="-7.32971" lat="40.27053"><ele>521.9</ele><time>2026-05-22T07:48:41.300Z</time></trkpt><trkpt lon="-7.32945" lat="40.27038"><ele>523.5</ele><time>2026-05-22T07:48:45.300Z</time></trkpt><trkpt lon="-7.32921" lat="40.2702667"><ele>523.8</ele><time>2026-05-22T07:48:47.500Z</time></trkpt><trkpt lon="-7.32897" lat="40.2701533"><ele>524.1</ele><time>2026-05-22T07:48:49.500Z</time></trkpt><trkpt lon="-7.32849" lat="40.2699267"><ele>524.4</ele><time>2026-05-22T07:48:53.700Z</time></trkpt><trkpt lon="-7.32825" lat="40.2698133"><ele>524.3</ele><time>2026-05-22T07:48:55.500Z</time></trkpt><trkpt lon="-7.32801" lat="40.2697"><ele>524.1</ele><time>2026-05-22T07:48:57.300Z</time></trkpt><trkpt lon="-7.32753" lat="40.2694733"><ele>523.8</ele><time>2026-05-22T07:49:01.000Z</time></trkpt><trkpt lon="-7.32729" lat="40.26936"><ele>523.9</ele><time>2026-05-22T07:49:03.000Z</time></trkpt><trkpt lon="-7.32705" lat="40.2692467"><ele>524.1</ele><time>2026-05-22T07:49:05.000Z</time></trkpt><trkpt lon="-7.32657" lat="40.26902"><ele>524.5</ele><time>2026-05-22T07:49:09.200Z</time></trkpt><trkpt lon="-7.32624" lat="40.26878"><ele>525.6</ele><time>2026-05-22T07:49:13.100Z</time></trkpt><trkpt lon="-7.3261208" lat="40.2686267"><ele>526.5</ele><time>2026-05-22T07:49:15.600Z</time></trkpt><trkpt lon="-7.3260017" lat="40.2684733"><ele>527.5</ele><time>2026-05-22T07:49:18.200Z</time></trkpt><trkpt lon="-7.3257633" lat="40.2681667"><ele>529.3</ele><time>2026-05-22T07:49:23.200Z</time></trkpt><trkpt lon="-7.3256442" lat="40.2680133"><ele>530.1</ele><time>2026-05-22T07:49:25.500Z</time></trkpt><trkpt lon="-7.325525" lat="40.26786"><ele>530.8</ele><time>2026-05-22T07:49:27.700Z</time></trkpt><trkpt lon="-7.3252867" lat="40.2675533"><ele>532.2</ele><time>2026-05-22T07:49:32.100Z</time></trkpt><trkpt lon="-7.3251278" lat="40.2673489"><ele>532.9</ele><time>2026-05-22T07:49:34.800Z</time></trkpt><trkpt lon="-7.3249689" lat="40.2671444"><ele>533.6</ele><time>2026-05-22T07:49:37.400Z</time></trkpt><trkpt lon="-7.32481" lat="40.26694"><ele>534.3</ele><time>2026-05-22T07:49:40.000Z</time></trkpt><trkpt lon="-7.32455" lat="40.26681"><ele>534.6</ele><time>2026-05-22T07:49:42.400Z</time></trkpt><trkpt lon="-7.32415" lat="40.26676"><ele>535.1</ele><time>2026-05-22T07:49:45.500Z</time></trkpt><trkpt lon="-7.3238833" lat="40.2667867"><ele>535.4</ele><time>2026-05-22T07:49:47.500Z</time></trkpt><trkpt lon="-7.32335" lat="40.26684"><ele>536.1</ele><time>2026-05-22T07:49:51.700Z</time></trkpt><trkpt lon="-7.3230833" lat="40.2668667"><ele>537.3</ele><time>2026-05-22T07:49:54.800Z</time></trkpt><trkpt lon="-7.3228167" lat="40.2668933"><ele>538.5</ele><time>2026-05-22T07:49:57.900Z</time></trkpt><trkpt lon="-7.32255" lat="40.26692"><ele>539.7</ele><time>2026-05-22T07:50:01.000Z</time></trkpt><trkpt lon="-7.3222" lat="40.26688"><ele>540.5</ele><time>2026-05-22T07:50:04.000Z</time></trkpt><trkpt lon="-7.3218775" lat="40.26681"><ele>540.9</ele><time>2026-05-22T07:50:06.500Z</time></trkpt><trkpt lon="-7.321555" lat="40.26674"><ele>541.3</ele><time>2026-05-22T07:50:09.100Z</time></trkpt><trkpt lon="-7.32134" lat="40.2666933"><ele>541.9</ele><time>2026-05-22T07:50:11.100Z</time></trkpt><trkpt lon="-7.32091" lat="40.2666"><ele>543.1</ele><time>2026-05-22T07:50:15.200Z</time></trkpt><trkpt lon="-7.32056" lat="40.26658"><ele>544.3</ele><time>2026-05-22T07:50:18.700Z</time></trkpt><trkpt lon="-7.3203417" lat="40.266595"><ele>545.1</ele><time>2026-05-22T07:50:20.900Z</time></trkpt><trkpt lon="-7.319905" lat="40.266625"><ele>546.5</ele><time>2026-05-22T07:50:25.200Z</time></trkpt><trkpt lon="-7.3196867" lat="40.26664"><ele>547.1</ele><time>2026-05-22T07:50:27.100Z</time></trkpt><trkpt lon="-7.31925" lat="40.26667"><ele>548.1</ele><time>2026-05-22T07:50:30.900Z</time></trkpt><trkpt lon="-7.31892" lat="40.26665"><ele>549.2</ele><time>2026-05-22T07:50:34.200Z</time></trkpt><trkpt lon="-7.318705" lat="40.2665983"><ele>550.1</ele><time>2026-05-22T07:50:36.600Z</time></trkpt><trkpt lon="-7.318275" lat="40.266495"><ele>552.0</ele><time>2026-05-22T07:50:41.500Z</time></trkpt><trkpt lon="-7.31806" lat="40.2664433"><ele>553.3</ele><time>2026-05-22T07:50:44.500Z</time></trkpt><trkpt lon="-7.317845" lat="40.2663917"><ele>554.6</ele><time>2026-05-22T07:50:47.600Z</time></trkpt><trkpt lon="-7.31763" lat="40.26634"><ele>555.9</ele><time>2026-05-22T07:50:50.500Z</time></trkpt><trkpt lon="-7.31723" lat="40.2662"><ele>557.0</ele><time>2026-05-22T07:50:54.400Z</time></trkpt><trkpt lon="-7.31705" lat="40.26611"><ele>558.0</ele><time>2026-05-22T07:50:56.900Z</time></trkpt><trkpt lon="-7.31669" lat="40.26593"><ele>560.0</ele><time>2026-05-22T07:51:01.900Z</time></trkpt><trkpt lon="-7.31651" lat="40.26584"><ele>560.9</ele><time>2026-05-22T07:51:04.300Z</time></trkpt><trkpt lon="-7.31615" lat="40.26566"><ele>562.6</ele><time>2026-05-22T07:51:09.000Z</time></trkpt><trkpt lon="-7.315975" lat="40.265515"><ele>563.4</ele><time>2026-05-22T07:51:11.400Z</time></trkpt><trkpt lon="-7.3158" lat="40.26537"><ele>564.2</ele><time>2026-05-22T07:51:13.900Z</time></trkpt><trkpt lon="-7.315695" lat="40.265185"><ele>565.4</ele><time>2026-05-22T07:51:17.000Z</time></trkpt><trkpt lon="-7.31559" lat="40.265"><ele>566.7</ele><time>2026-05-22T07:51:20.100Z</time></trkpt><trkpt lon="-7.31556" lat="40.2648275"><ele>568.0</ele><time>2026-05-22T07:51:23.200Z</time></trkpt><trkpt lon="-7.31553" lat="40.264655"><ele>569.4</ele><time>2026-05-22T07:51:26.300Z</time></trkpt><trkpt lon="-7.31547" lat="40.26431"><ele>572.2</ele><time>2026-05-22T07:51:32.500Z</time></trkpt><trkpt lon="-7.3154" lat="40.26412"><ele>573.3</ele><time>2026-05-22T07:51:35.500Z</time></trkpt><trkpt lon="-7.31533" lat="40.26393"><ele>574.5</ele><time>2026-05-22T07:51:38.500Z</time></trkpt><trkpt lon="-7.315175" lat="40.26375"><ele>575.9</ele><time>2026-05-22T07:51:41.900Z</time></trkpt><trkpt lon="-7.31502" lat="40.26357"><ele>577.3</ele><time>2026-05-22T07:51:45.300Z</time></trkpt><trkpt lon="-7.3148775" lat="40.26343"><ele>578.1</ele><time>2026-05-22T07:51:47.700Z</time></trkpt><trkpt lon="-7.314735" lat="40.26329"><ele>579.0</ele><time>2026-05-22T07:51:50.100Z</time></trkpt><trkpt lon="-7.31445" lat="40.26301"><ele>580.7</ele><time>2026-05-22T07:51:54.900Z</time></trkpt><trkpt lon="-7.3142967" lat="40.2628567"><ele>581.6</ele><time>2026-05-22T07:51:57.400Z</time></trkpt><trkpt lon="-7.31399" lat="40.26255"><ele>583.3</ele><time>2026-05-22T07:52:02.600Z</time></trkpt><trkpt lon="-7.3138317" lat="40.2624292"><ele>584.6</ele><time>2026-05-22T07:52:05.400Z</time></trkpt><trkpt lon="-7.3136733" lat="40.2623083"><ele>585.9</ele><time>2026-05-22T07:52:08.400Z</time></trkpt><trkpt lon="-7.3133567" lat="40.2620667"><ele>588.5</ele><time>2026-05-22T07:52:14.400Z</time></trkpt><trkpt lon="-7.3131983" lat="40.2619458"><ele>589.7</ele><time>2026-05-22T07:52:17.300Z</time></trkpt><trkpt lon="-7.31304" lat="40.261825"><ele>591.0</ele><time>2026-05-22T07:52:20.200Z</time></trkpt><trkpt lon="-7.3127233" lat="40.2615833"><ele>593.6</ele><time>2026-05-22T07:52:26.100Z</time></trkpt><trkpt lon="-7.312565" lat="40.2614625"><ele>595.0</ele><time>2026-05-22T07:52:29.300Z</time></trkpt><trkpt lon="-7.3124067" lat="40.2613417"><ele>596.4</ele><time>2026-05-22T07:52:32.500Z</time></trkpt><trkpt lon="-7.31209" lat="40.2611"><ele>599.2</ele><time>2026-05-22T07:52:38.700Z</time></trkpt><trkpt lon="-7.311975" lat="40.260945"><ele>600.0</ele><time>2026-05-22T07:52:41.000Z</time></trkpt><trkpt lon="-7.31186" lat="40.26079"><ele>600.7</ele><time>2026-05-22T07:52:43.200Z</time></trkpt><trkpt lon="-7.31179" lat="40.26057"><ele>601.8</ele><time>2026-05-22T07:52:46.300Z</time></trkpt><trkpt lon="-7.31172" lat="40.26035"><ele>602.9</ele><time>2026-05-22T07:52:49.300Z</time></trkpt><trkpt lon="-7.31165" lat="40.26013"><ele>604.0</ele><time>2026-05-22T07:52:52.400Z</time></trkpt><trkpt lon="-7.3116" lat="40.25996"><ele>605.0</ele><time>2026-05-22T07:52:55.100Z</time></trkpt><trkpt lon="-7.3115" lat="40.25962"><ele>607.1</ele><time>2026-05-22T07:53:00.400Z</time></trkpt><trkpt lon="-7.31134" lat="40.25941"><ele>607.5</ele><time>2026-05-22T07:53:02.800Z</time></trkpt><trkpt lon="-7.31118" lat="40.2592"><ele>607.6</ele><time>2026-05-22T07:53:05.100Z</time></trkpt><trkpt lon="-7.3110178" lat="40.259035"><ele>607.4</ele><time>2026-05-22T07:53:06.800Z</time></trkpt><trkpt lon="-7.3108557" lat="40.25887"><ele>607.1</ele><time>2026-05-22T07:53:08.500Z</time></trkpt><trkpt lon="-7.3105314" lat="40.25854"><ele>606.6</ele><time>2026-05-22T07:53:11.900Z</time></trkpt><trkpt lon="-7.3103692" lat="40.258375"><ele>606.4</ele><time>2026-05-22T07:53:13.600Z</time></trkpt><trkpt lon="-7.3102071" lat="40.25821"><ele>606.2</ele><time>2026-05-22T07:53:15.400Z</time></trkpt><trkpt lon="-7.3098828" lat="40.25788"><ele>605.8</ele><time>2026-05-22T07:53:18.800Z</time></trkpt><trkpt lon="-7.3097206" lat="40.257715"><ele>605.7</ele><time>2026-05-22T07:53:20.600Z</time></trkpt><trkpt lon="-7.3095585" lat="40.25755"><ele>605.5</ele><time>2026-05-22T07:53:22.400Z</time></trkpt><trkpt lon="-7.3092342" lat="40.25722"><ele>605.2</ele><time>2026-05-22T07:53:25.900Z</time></trkpt><trkpt lon="-7.3090721" lat="40.257055"><ele>605.1</ele><time>2026-05-22T07:53:27.600Z</time></trkpt><trkpt lon="-7.3089099" lat="40.25689"><ele>604.9</ele><time>2026-05-22T07:53:29.400Z</time></trkpt><trkpt lon="-7.3085856" lat="40.25656"><ele>604.5</ele><time>2026-05-22T07:53:32.800Z</time></trkpt><trkpt lon="-7.3083695" lat="40.25634"><ele>603.7</ele><time>2026-05-22T07:53:34.900Z</time></trkpt><trkpt lon="-7.3081533" lat="40.25612"><ele>602.8</ele><time>2026-05-22T07:53:36.900Z</time></trkpt><trkpt lon="-7.3079371" lat="40.2559"><ele>601.8</ele><time>2026-05-22T07:53:38.900Z</time></trkpt><trkpt lon="-7.3077209" lat="40.25568"><ele>600.4</ele><time>2026-05-22T07:53:40.800Z</time></trkpt><trkpt lon="-7.3075047" lat="40.25546"><ele>599.0</ele><time>2026-05-22T07:53:42.600Z</time></trkpt><trkpt lon="-7.3072885" lat="40.25524"><ele>597.8</ele><time>2026-05-22T07:53:44.500Z</time></trkpt><trkpt lon="-7.3071264" lat="40.255075"><ele>598.3</ele><time>2026-05-22T07:53:46.700Z</time></trkpt><trkpt lon="-7.3069643" lat="40.25491"><ele>598.9</ele><time>2026-05-22T07:53:49.100Z</time></trkpt><trkpt lon="-7.30664" lat="40.25458"><ele>600.3</ele><time>2026-05-22T07:53:53.800Z</time></trkpt><trkpt lon="-7.30648" lat="40.254425"><ele>601.1</ele><time>2026-05-22T07:53:56.300Z</time></trkpt><trkpt lon="-7.30632" lat="40.25427"><ele>601.9</ele><time>2026-05-22T07:53:58.700Z</time></trkpt><trkpt lon="-7.306075" lat="40.25411"><ele>602.6</ele><time>2026-05-22T07:54:01.400Z</time></trkpt><trkpt lon="-7.30583" lat="40.25395"><ele>603.1</ele><time>2026-05-22T07:54:04.000Z</time></trkpt><trkpt lon="-7.305615" lat="40.253885"><ele>603.3</ele><time>2026-05-22T07:54:05.700Z</time></trkpt><trkpt lon="-7.305185" lat="40.253755"><ele>603.5</ele><time>2026-05-22T07:54:09.000Z</time></trkpt><trkpt lon="-7.3048625" lat="40.2536575"><ele>602.9</ele><time>2026-05-22T07:54:11.100Z</time></trkpt><trkpt lon="-7.30454" lat="40.25356"><ele>602.3</ele><time>2026-05-22T07:54:13.100Z</time></trkpt><trkpt lon="-7.30424" lat="40.25343"><ele>601.4</ele><time>2026-05-22T07:54:15.000Z</time></trkpt><trkpt lon="-7.30397" lat="40.25327"><ele>600.4</ele><time>2026-05-22T07:54:16.900Z</time></trkpt><trkpt lon="-7.30375" lat="40.2530667"><ele>598.4</ele><time>2026-05-22T07:54:18.600Z</time></trkpt><trkpt lon="-7.30353" lat="40.2528633"><ele>596.2</ele><time>2026-05-22T07:54:20.200Z</time></trkpt><trkpt lon="-7.30331" lat="40.25266"><ele>594.1</ele><time>2026-05-22T07:54:21.900Z</time></trkpt><trkpt lon="-7.30311" lat="40.252495"><ele>592.1</ele><time>2026-05-22T07:54:23.300Z</time></trkpt><trkpt lon="-7.30271" lat="40.252165"><ele>588.1</ele><time>2026-05-22T07:54:26.100Z</time></trkpt><trkpt lon="-7.30251" lat="40.252"><ele>585.9</ele><time>2026-05-22T07:54:27.500Z</time></trkpt><trkpt lon="-7.30211" lat="40.25167"><ele>581.5</ele><time>2026-05-22T07:54:30.400Z</time></trkpt><trkpt lon="-7.30179" lat="40.25151"><ele>578.6</ele><time>2026-05-22T07:54:32.200Z</time></trkpt><trkpt lon="-7.30148" lat="40.2514475"><ele>576.3</ele><time>2026-05-22T07:54:33.700Z</time></trkpt><trkpt lon="-7.30117" lat="40.251385"><ele>574.0</ele><time>2026-05-22T07:54:35.300Z</time></trkpt><trkpt lon="-7.30086" lat="40.2513225"><ele>571.6</ele><time>2026-05-22T07:54:36.800Z</time></trkpt><trkpt lon="-7.30055" lat="40.25126"><ele>569.2</ele><time>2026-05-22T07:54:38.400Z</time></trkpt><trkpt lon="-7.3003033" lat="40.2510867"><ele>567.0</ele><time>2026-05-22T07:54:40.000Z</time></trkpt><trkpt lon="-7.3000567" lat="40.2509133"><ele>564.9</ele><time>2026-05-22T07:54:41.600Z</time></trkpt><trkpt lon="-7.29981" lat="40.25074"><ele>562.6</ele><time>2026-05-22T07:54:43.200Z</time></trkpt><trkpt lon="-7.29942" lat="40.25051"><ele>557.7</ele><time>2026-05-22T07:54:45.900Z</time></trkpt><trkpt lon="-7.299" lat="40.25039"><ele>554.2</ele><time>2026-05-22T07:54:48.100Z</time></trkpt><trkpt lon="-7.2986689" lat="40.2503411"><ele>552.2</ele><time>2026-05-22T07:54:49.700Z</time></trkpt><trkpt lon="-7.2983378" lat="40.2502922"><ele>550.3</ele><time>2026-05-22T07:54:51.300Z</time></trkpt><trkpt lon="-7.2980067" lat="40.2502433"><ele>548.3</ele><time>2026-05-22T07:54:53.000Z</time></trkpt><trkpt lon="-7.2976756" lat="40.2501945"><ele>546.4</ele><time>2026-05-22T07:54:54.600Z</time></trkpt><trkpt lon="-7.2973444" lat="40.2501456"><ele>544.4</ele><time>2026-05-22T07:54:56.200Z</time></trkpt><trkpt lon="-7.2970133" lat="40.2500967"><ele>542.5</ele><time>2026-05-22T07:54:57.800Z</time></trkpt><trkpt lon="-7.2966822" lat="40.2500478"><ele>540.1</ele><time>2026-05-22T07:54:59.400Z</time></trkpt><trkpt lon="-7.2963511" lat="40.2499989"><ele>537.7</ele><time>2026-05-22T07:55:01.100Z</time></trkpt><trkpt lon="-7.29602" lat="40.24995"><ele>535.4</ele><time>2026-05-22T07:55:02.700Z</time></trkpt><trkpt lon="-7.29564" lat="40.24995"><ele>533.3</ele><time>2026-05-22T07:55:04.500Z</time></trkpt><trkpt lon="-7.2954" lat="40.24998"><ele>532.6</ele><time>2026-05-22T07:55:05.800Z</time></trkpt><trkpt lon="-7.29513" lat="40.25"><ele>530.8</ele><time>2026-05-22T07:55:07.100Z</time></trkpt><trkpt lon="-7.29497" lat="40.24999"><ele>529.0</ele><time>2026-05-22T07:55:08.000Z</time></trkpt><trkpt lon="-7.29473" lat="40.24989"><ele>525.5</ele><time>2026-05-22T07:55:09.500Z</time></trkpt><trkpt lon="-7.294505" lat="40.249725"><ele>523.4</ele><time>2026-05-22T07:55:11.000Z</time></trkpt><trkpt lon="-7.29428" lat="40.24956"><ele>521.4</ele><time>2026-05-22T07:55:12.500Z</time></trkpt><trkpt lon="-7.29403" lat="40.24942"><ele>519.5</ele><time>2026-05-22T07:55:14.000Z</time></trkpt><trkpt lon="-7.293755" lat="40.24934"><ele>517.9</ele><time>2026-05-22T07:55:15.400Z</time></trkpt><trkpt lon="-7.293205" lat="40.24918"><ele>514.8</ele><time>2026-05-22T07:55:18.300Z</time></trkpt><trkpt lon="-7.29293" lat="40.2491"><ele>513.5</ele><time>2026-05-22T07:55:19.700Z</time></trkpt><trkpt lon="-7.29238" lat="40.24894"><ele>510.7</ele><time>2026-05-22T07:55:22.700Z</time></trkpt><trkpt lon="-7.29206" lat="40.24892"><ele>507.0</ele><time>2026-05-22T07:55:24.400Z</time></trkpt><trkpt lon="-7.2917533" lat="40.2489333"><ele>505.0</ele><time>2026-05-22T07:55:25.900Z</time></trkpt><trkpt lon="-7.29114" lat="40.24896"><ele>501.6</ele><time>2026-05-22T07:55:28.900Z</time></trkpt><trkpt lon="-7.29093" lat="40.24894"><ele>501.0</ele><time>2026-05-22T07:55:30.000Z</time></trkpt><trkpt lon="-7.2906733" lat="40.2488233"><ele>500.2</ele><time>2026-05-22T07:55:31.700Z</time></trkpt><trkpt lon="-7.29016" lat="40.24859"><ele>498.7</ele><time>2026-05-22T07:55:35.000Z</time></trkpt><trkpt lon="-7.2898296" lat="40.2485013"><ele>497.4</ele><time>2026-05-22T07:55:36.900Z</time></trkpt><trkpt lon="-7.2894991" lat="40.2484125"><ele>496.1</ele><time>2026-05-22T07:55:38.700Z</time></trkpt><trkpt lon="-7.2891687" lat="40.2483238"><ele>494.9</ele><time>2026-05-22T07:55:40.500Z</time></trkpt><trkpt lon="-7.2888383" lat="40.248235"><ele>494.3</ele><time>2026-05-22T07:55:42.600Z</time></trkpt><trkpt lon="-7.2885079" lat="40.2481463"><ele>493.8</ele><time>2026-05-22T07:55:44.800Z</time></trkpt><trkpt lon="-7.2881775" lat="40.2480576"><ele>493.4</ele><time>2026-05-22T07:55:46.900Z</time></trkpt><trkpt lon="-7.2879296" lat="40.247991"><ele>493.8</ele><time>2026-05-22T07:55:49.000Z</time></trkpt><trkpt lon="-7.2876818" lat="40.2479244"><ele>494.3</ele><time>2026-05-22T07:55:51.100Z</time></trkpt><trkpt lon="-7.2871862" lat="40.2477913"><ele>495.2</ele><time>2026-05-22T07:55:55.300Z</time></trkpt><trkpt lon="-7.2868558" lat="40.2477026"><ele>494.8</ele><time>2026-05-22T07:55:57.500Z</time></trkpt><trkpt lon="-7.2865254" lat="40.2476138"><ele>494.3</ele><time>2026-05-22T07:55:59.700Z</time></trkpt><trkpt lon="-7.2861949" lat="40.2475251"><ele>493.8</ele><time>2026-05-22T07:56:01.800Z</time></trkpt><trkpt lon="-7.2858645" lat="40.2474363"><ele>492.3</ele><time>2026-05-22T07:56:03.500Z</time></trkpt><trkpt lon="-7.2855341" lat="40.2473476"><ele>490.8</ele><time>2026-05-22T07:56:05.300Z</time></trkpt><trkpt lon="-7.2852037" lat="40.2472588"><ele>489.4</ele><time>2026-05-22T07:56:07.100Z</time></trkpt><trkpt lon="-7.2849559" lat="40.2471922"><ele>489.5</ele><time>2026-05-22T07:56:08.900Z</time></trkpt><trkpt lon="-7.2847081" lat="40.2471257"><ele>489.7</ele><time>2026-05-22T07:56:10.800Z</time></trkpt><trkpt lon="-7.2842125" lat="40.2469926"><ele>490.1</ele><time>2026-05-22T07:56:14.700Z</time></trkpt><trkpt lon="-7.2839646" lat="40.246926"><ele>491.1</ele><time>2026-05-22T07:56:17.400Z</time></trkpt><trkpt lon="-7.2837168" lat="40.2468594"><ele>492.1</ele><time>2026-05-22T07:56:20.200Z</time></trkpt><trkpt lon="-7.283469" lat="40.2467928"><ele>493.1</ele><time>2026-05-22T07:56:23.000Z</time></trkpt><trkpt lon="-7.2832212" lat="40.2467263"><ele>494.0</ele><time>2026-05-22T07:56:25.600Z</time></trkpt><trkpt lon="-7.2828908" lat="40.2466375"><ele>493.5</ele><time>2026-05-22T07:56:27.700Z</time></trkpt><trkpt lon="-7.2825604" lat="40.2465488"><ele>492.9</ele><time>2026-05-22T07:56:29.800Z</time></trkpt><trkpt lon="-7.28223" lat="40.24646"><ele>492.3</ele><time>2026-05-22T07:56:31.900Z</time></trkpt><trkpt lon="-7.2818989" lat="40.2463578"><ele>491.5</ele><time>2026-05-22T07:56:33.900Z</time></trkpt><trkpt lon="-7.2815678" lat="40.2462556"><ele>490.6</ele><time>2026-05-22T07:56:36.000Z</time></trkpt><trkpt lon="-7.2812367" lat="40.2461533"><ele>489.7</ele><time>2026-05-22T07:56:38.000Z</time></trkpt><trkpt lon="-7.2809055" lat="40.2460511"><ele>488.3</ele><time>2026-05-22T07:56:39.800Z</time></trkpt><trkpt lon="-7.2805744" lat="40.2459489"><ele>486.8</ele><time>2026-05-22T07:56:41.600Z</time></trkpt><trkpt lon="-7.2802433" lat="40.2458467"><ele>485.4</ele><time>2026-05-22T07:56:43.400Z</time></trkpt><trkpt lon="-7.2799122" lat="40.2457445"><ele>484.0</ele><time>2026-05-22T07:56:45.200Z</time></trkpt><trkpt lon="-7.2795811" lat="40.2456422"><ele>482.6</ele><time>2026-05-22T07:56:47.100Z</time></trkpt><trkpt lon="-7.27925" lat="40.24554"><ele>481.3</ele><time>2026-05-22T07:56:48.900Z</time></trkpt><trkpt lon="-7.27885" lat="40.24546"><ele>480.0</ele><time>2026-05-22T07:56:51.200Z</time></trkpt><trkpt lon="-7.2786" lat="40.2454333"><ele>478.9</ele><time>2026-05-22T07:56:52.400Z</time></trkpt><trkpt lon="-7.2781" lat="40.24538"><ele>476.6</ele><time>2026-05-22T07:56:54.900Z</time></trkpt><trkpt lon="-7.27783" lat="40.245325"><ele>475.5</ele><time>2026-05-22T07:56:56.300Z</time></trkpt><trkpt lon="-7.27756" lat="40.24527"><ele>474.4</ele><time>2026-05-22T07:56:57.800Z</time></trkpt><trkpt lon="-7.2772833" lat="40.24517"><ele>473.4</ele><time>2026-05-22T07:56:59.400Z</time></trkpt><trkpt lon="-7.2770067" lat="40.24507"><ele>472.4</ele><time>2026-05-22T07:57:01.000Z</time></trkpt><trkpt lon="-7.27673" lat="40.24497"><ele>471.4</ele><time>2026-05-22T07:57:02.700Z</time></trkpt><trkpt lon="-7.2764633" lat="40.2448592"><ele>471.0</ele><time>2026-05-22T07:57:04.500Z</time></trkpt><trkpt lon="-7.2761967" lat="40.2447483"><ele>470.6</ele><time>2026-05-22T07:57:06.400Z</time></trkpt><trkpt lon="-7.27593" lat="40.2446375"><ele>470.2</ele><time>2026-05-22T07:57:08.200Z</time></trkpt><trkpt lon="-7.2756633" lat="40.2445267"><ele>470.1</ele><time>2026-05-22T07:57:10.200Z</time></trkpt><trkpt lon="-7.2753967" lat="40.2444158"><ele>470.0</ele><time>2026-05-22T07:57:12.300Z</time></trkpt><trkpt lon="-7.27513" lat="40.244305"><ele>470.0</ele><time>2026-05-22T07:57:14.300Z</time></trkpt><trkpt lon="-7.2748633" lat="40.2441942"><ele>470.2</ele><time>2026-05-22T07:57:16.500Z</time></trkpt><trkpt lon="-7.2745967" lat="40.2440833"><ele>470.4</ele><time>2026-05-22T07:57:18.700Z</time></trkpt><trkpt lon="-7.27433" lat="40.2439725"><ele>470.7</ele><time>2026-05-22T07:57:21.000Z</time></trkpt><trkpt lon="-7.2740633" lat="40.2438617"><ele>471.6</ele><time>2026-05-22T07:57:23.900Z</time></trkpt><trkpt lon="-7.2737967" lat="40.2437508"><ele>472.6</ele><time>2026-05-22T07:57:26.800Z</time></trkpt><trkpt lon="-7.27353" lat="40.24364"><ele>473.7</ele><time>2026-05-22T07:57:29.800Z</time></trkpt><trkpt lon="-7.2732967" lat="40.24354"><ele>474.7</ele><time>2026-05-22T07:57:32.700Z</time></trkpt><trkpt lon="-7.2730633" lat="40.24344"><ele>475.7</ele><time>2026-05-22T07:57:35.600Z</time></trkpt><trkpt lon="-7.27283" lat="40.24334"><ele>476.7</ele><time>2026-05-22T07:57:38.200Z</time></trkpt><trkpt lon="-7.2725967" lat="40.24324"><ele>476.6</ele><time>2026-05-22T07:57:40.000Z</time></trkpt><trkpt lon="-7.27213" lat="40.24304"><ele>476.2</ele><time>2026-05-22T07:57:43.400Z</time></trkpt><trkpt lon="-7.27171" lat="40.24291"><ele>474.7</ele><time>2026-05-22T07:57:45.800Z</time></trkpt><trkpt lon="-7.2713767" lat="40.2428589"><ele>473.9</ele><time>2026-05-22T07:57:47.800Z</time></trkpt><trkpt lon="-7.2710433" lat="40.2428078"><ele>473.0</ele><time>2026-05-22T07:57:49.700Z</time></trkpt><trkpt lon="-7.27071" lat="40.2427567"><ele>472.3</ele><time>2026-05-22T07:57:51.600Z</time></trkpt><trkpt lon="-7.2703767" lat="40.2427056"><ele>472.0</ele><time>2026-05-22T07:57:53.800Z</time></trkpt><trkpt lon="-7.2700433" lat="40.2426545"><ele>471.8</ele><time>2026-05-22T07:57:56.000Z</time></trkpt><trkpt lon="-7.26971" lat="40.2426033"><ele>471.6</ele><time>2026-05-22T07:57:58.200Z</time></trkpt><trkpt lon="-7.2693767" lat="40.2425522"><ele>471.5</ele><time>2026-05-22T07:58:00.500Z</time></trkpt><trkpt lon="-7.2690433" lat="40.2425011"><ele>471.4</ele><time>2026-05-22T07:58:02.700Z</time></trkpt><trkpt lon="-7.26871" lat="40.24245"><ele>471.3</ele><time>2026-05-22T07:58:05.000Z</time></trkpt><trkpt lon="-7.268385" lat="40.242395"><ele>471.4</ele><time>2026-05-22T07:58:07.300Z</time></trkpt><trkpt lon="-7.26806" lat="40.24234"><ele>471.5</ele><time>2026-05-22T07:58:09.600Z</time></trkpt><trkpt lon="-7.26775" lat="40.24222"><ele>471.6</ele><time>2026-05-22T07:58:12.100Z</time></trkpt><trkpt lon="-7.267522" lat="40.2420785"><ele>471.5</ele><time>2026-05-22T07:58:14.000Z</time></trkpt><trkpt lon="-7.267294" lat="40.241937"><ele>471.2</ele><time>2026-05-22T07:58:15.800Z</time></trkpt><trkpt lon="-7.266838" lat="40.241654"><ele>470.7</ele><time>2026-05-22T07:58:19.600Z</time></trkpt><trkpt lon="-7.26661" lat="40.2415125"><ele>469.8</ele><time>2026-05-22T07:58:21.200Z</time></trkpt><trkpt lon="-7.266382" lat="40.241371"><ele>468.9</ele><time>2026-05-22T07:58:22.800Z</time></trkpt><trkpt lon="-7.265926" lat="40.241088"><ele>467.1</ele><time>2026-05-22T07:58:25.900Z</time></trkpt><trkpt lon="-7.265698" lat="40.2409465"><ele>466.4</ele><time>2026-05-22T07:58:27.600Z</time></trkpt><trkpt lon="-7.26547" lat="40.240805"><ele>465.8</ele><time>2026-05-22T07:58:29.300Z</time></trkpt><trkpt lon="-7.265014" lat="40.240522"><ele>464.5</ele><time>2026-05-22T07:58:32.700Z</time></trkpt><trkpt lon="-7.264786" lat="40.2403805"><ele>464.0</ele><time>2026-05-22T07:58:34.500Z</time></trkpt><trkpt lon="-7.264558" lat="40.240239"><ele>463.5</ele><time>2026-05-22T07:58:36.200Z</time></trkpt><trkpt lon="-7.264102" lat="40.239956"><ele>462.5</ele><time>2026-05-22T07:58:39.700Z</time></trkpt><trkpt lon="-7.263874" lat="40.2398145"><ele>461.9</ele><time>2026-05-22T07:58:41.400Z</time></trkpt><trkpt lon="-7.263646" lat="40.239673"><ele>461.2</ele><time>2026-05-22T07:58:43.100Z</time></trkpt><trkpt lon="-7.26319" lat="40.23939"><ele>460.0</ele><time>2026-05-22T07:58:46.500Z</time></trkpt><trkpt lon="-7.2629775" lat="40.2392563"><ele>459.8</ele><time>2026-05-22T07:58:48.300Z</time></trkpt><trkpt lon="-7.262765" lat="40.2391225"><ele>459.7</ele><time>2026-05-22T07:58:50.100Z</time></trkpt><trkpt lon="-7.26234" lat="40.238855"><ele>459.5</ele><time>2026-05-22T07:58:53.700Z</time></trkpt><trkpt lon="-7.2621275" lat="40.2387213"><ele>459.4</ele><time>2026-05-22T07:58:55.600Z</time></trkpt><trkpt lon="-7.261915" lat="40.2385875"><ele>459.4</ele><time>2026-05-22T07:58:57.400Z</time></trkpt><trkpt lon="-7.26149" lat="40.23832"><ele>459.2</ele><time>2026-05-22T07:59:01.000Z</time></trkpt><trkpt lon="-7.2612675" lat="40.2382038"><ele>459.2</ele><time>2026-05-22T07:59:02.800Z</time></trkpt><trkpt lon="-7.261045" lat="40.2380875"><ele>459.1</ele><time>2026-05-22T07:59:04.600Z</time></trkpt><trkpt lon="-7.2606" lat="40.237855"><ele>458.9</ele><time>2026-05-22T07:59:08.200Z</time></trkpt><trkpt lon="-7.2603775" lat="40.2377388"><ele>458.9</ele><time>2026-05-22T07:59:10.000Z</time></trkpt><trkpt lon="-7.260155" lat="40.2376225"><ele>458.9</ele><time>2026-05-22T07:59:11.800Z</time></trkpt><trkpt lon="-7.25971" lat="40.23739"><ele>458.8</ele><time>2026-05-22T07:59:15.400Z</time></trkpt><trkpt lon="-7.2594875" lat="40.2372738"><ele>458.8</ele><time>2026-05-22T07:59:17.200Z</time></trkpt><trkpt lon="-7.259265" lat="40.2371575"><ele>458.8</ele><time>2026-05-22T07:59:19.000Z</time></trkpt><trkpt lon="-7.25882" lat="40.236925"><ele>458.7</ele><time>2026-05-22T07:59:22.600Z</time></trkpt><trkpt lon="-7.2585975" lat="40.2368088"><ele>458.6</ele><time>2026-05-22T07:59:24.400Z</time></trkpt><trkpt lon="-7.258375" lat="40.2366925"><ele>458.6</ele><time>2026-05-22T07:59:26.200Z</time></trkpt><trkpt lon="-7.25793" lat="40.23646"><ele>458.5</ele><time>2026-05-22T07:59:29.800Z</time></trkpt><trkpt lon="-7.2576925" lat="40.236335"><ele>458.4</ele><time>2026-05-22T07:59:31.700Z</time></trkpt><trkpt lon="-7.257455" lat="40.23621"><ele>458.4</ele><time>2026-05-22T07:59:33.700Z</time></trkpt><trkpt lon="-7.25698" lat="40.23596"><ele>458.3</ele><time>2026-05-22T07:59:37.500Z</time></trkpt><trkpt lon="-7.2567425" lat="40.235835"><ele>458.3</ele><time>2026-05-22T07:59:39.500Z</time></trkpt><trkpt lon="-7.256505" lat="40.23571"><ele>458.3</ele><time>2026-05-22T07:59:41.400Z</time></trkpt><trkpt lon="-7.25603" lat="40.23546"><ele>458.3</ele><time>2026-05-22T07:59:45.300Z</time></trkpt><trkpt lon="-7.2557925" lat="40.235335"><ele>458.4</ele><time>2026-05-22T07:59:47.400Z</time></trkpt><trkpt lon="-7.255555" lat="40.23521"><ele>458.6</ele><time>2026-05-22T07:59:49.400Z</time></trkpt><trkpt lon="-7.25508" lat="40.23496"><ele>458.9</ele><time>2026-05-22T07:59:53.500Z</time></trkpt><trkpt lon="-7.2548425" lat="40.234835"><ele>459.3</ele><time>2026-05-22T07:59:55.800Z</time></trkpt><trkpt lon="-7.254605" lat="40.23471"><ele>459.8</ele><time>2026-05-22T07:59:58.100Z</time></trkpt><trkpt lon="-7.25413" lat="40.23446"><ele>460.7</ele><time>2026-05-22T08:00:02.700Z</time></trkpt><trkpt lon="-7.2538925" lat="40.234335"><ele>461.0</ele><time>2026-05-22T08:00:04.900Z</time></trkpt><trkpt lon="-7.253655" lat="40.23421"><ele>461.3</ele><time>2026-05-22T08:00:07.100Z</time></trkpt><trkpt lon="-7.25318" lat="40.23396"><ele>461.7</ele><time>2026-05-22T08:00:11.300Z</time></trkpt><trkpt lon="-7.25295" lat="40.23378"><ele>461.6</ele><time>2026-05-22T08:00:13.500Z</time></trkpt><trkpt lon="-7.2528" lat="40.2335"><ele>461.4</ele><time>2026-05-22T08:00:16.100Z</time></trkpt><trkpt lon="-7.2527183" lat="40.2332417"><ele>461.1</ele><time>2026-05-22T08:00:18.300Z</time></trkpt><trkpt lon="-7.2526367" lat="40.2329833"><ele>460.8</ele><time>2026-05-22T08:00:20.500Z</time></trkpt><trkpt lon="-7.252555" lat="40.232725"><ele>460.4</ele><time>2026-05-22T08:00:22.700Z</time></trkpt><trkpt lon="-7.2524733" lat="40.2324667"><ele>460.3</ele><time>2026-05-22T08:00:25.000Z</time></trkpt><trkpt lon="-7.2523917" lat="40.2322083"><ele>460.3</ele><time>2026-05-22T08:00:27.300Z</time></trkpt><trkpt lon="-7.25231" lat="40.23195"><ele>460.2</ele><time>2026-05-22T08:00:29.600Z</time></trkpt><trkpt lon="-7.25215" lat="40.23164"><ele>460.2</ele><time>2026-05-22T08:00:32.500Z</time></trkpt><trkpt lon="-7.25196" lat="40.23146"><ele>460.2</ele><time>2026-05-22T08:00:34.600Z</time></trkpt><trkpt lon="-7.25191" lat="40.23139"><ele>460.2</ele><time>2026-05-22T08:00:35.300Z</time></trkpt><trkpt lon="-7.251685" lat="40.23125"><ele>460.2</ele><time>2026-05-22T08:00:37.300Z</time></trkpt><trkpt lon="-7.25146" lat="40.23111"><ele>460.2</ele><time>2026-05-22T08:00:39.200Z</time></trkpt><trkpt lon="-7.251255" lat="40.2309772"><ele>460.3</ele><time>2026-05-22T08:00:41.100Z</time></trkpt><trkpt lon="-7.25105" lat="40.2308444"><ele>460.4</ele><time>2026-05-22T08:00:43.000Z</time></trkpt><trkpt lon="-7.25064" lat="40.2305788"><ele>460.6</ele><time>2026-05-22T08:00:46.800Z</time></trkpt><trkpt lon="-7.2504349" lat="40.230446"><ele>460.7</ele><time>2026-05-22T08:00:48.700Z</time></trkpt><trkpt lon="-7.2502299" lat="40.2303132"><ele>460.7</ele><time>2026-05-22T08:00:50.500Z</time></trkpt><trkpt lon="-7.2498199" lat="40.2300475"><ele>460.8</ele><time>2026-05-22T08:00:54.300Z</time></trkpt><trkpt lon="-7.2496149" lat="40.2299147"><ele>460.9</ele><time>2026-05-22T08:00:56.100Z</time></trkpt><trkpt lon="-7.2494099" lat="40.2297819"><ele>461.0</ele><time>2026-05-22T08:00:58.000Z</time></trkpt><trkpt lon="-7.2489999" lat="40.2295163"><ele>461.1</ele><time>2026-05-22T08:01:01.700Z</time></trkpt><trkpt lon="-7.2487949" lat="40.2293835"><ele>461.3</ele><time>2026-05-22T08:01:03.700Z</time></trkpt><trkpt lon="-7.2485899" lat="40.2292507"><ele>461.4</ele><time>2026-05-22T08:01:05.600Z</time></trkpt><trkpt lon="-7.2481799" lat="40.228985"><ele>461.7</ele><time>2026-05-22T08:01:09.500Z</time></trkpt><trkpt lon="-7.2479749" lat="40.2288522"><ele>462.1</ele><time>2026-05-22T08:01:11.600Z</time></trkpt><trkpt lon="-7.2477699" lat="40.2287194"><ele>462.6</ele><time>2026-05-22T08:01:13.800Z</time></trkpt><trkpt lon="-7.2473599" lat="40.2284538"><ele>463.5</ele><time>2026-05-22T08:01:18.100Z</time></trkpt><trkpt lon="-7.2471549" lat="40.228321"><ele>464.1</ele><time>2026-05-22T08:01:20.300Z</time></trkpt><trkpt lon="-7.2469499" lat="40.2281882"><ele>464.6</ele><time>2026-05-22T08:01:22.500Z</time></trkpt><trkpt lon="-7.2465399" lat="40.2279225"><ele>465.6</ele><time>2026-05-22T08:01:26.900Z</time></trkpt><trkpt lon="-7.2463349" lat="40.2277897"><ele>466.1</ele><time>2026-05-22T08:01:29.100Z</time></trkpt><trkpt lon="-7.2461299" lat="40.2276569"><ele>466.6</ele><time>2026-05-22T08:01:31.300Z</time></trkpt><trkpt lon="-7.24572" lat="40.2273913"><ele>467.5</ele><time>2026-05-22T08:01:35.600Z</time></trkpt><trkpt lon="-7.245515" lat="40.2272585"><ele>467.8</ele><time>2026-05-22T08:01:37.700Z</time></trkpt><trkpt lon="-7.24531" lat="40.2271256"><ele>468.0</ele><time>2026-05-22T08:01:39.700Z</time></trkpt><trkpt lon="-7.2449" lat="40.22686"><ele>468.5</ele><time>2026-05-22T08:01:43.600Z</time></trkpt><trkpt lon="-7.2446567" lat="40.2267333"><ele>468.3</ele><time>2026-05-22T08:01:45.600Z</time></trkpt><trkpt lon="-7.24417" lat="40.22648"><ele>467.9</ele><time>2026-05-22T08:01:49.300Z</time></trkpt><trkpt lon="-7.2438883" lat="40.2263445"><ele>467.8</ele><time>2026-05-22T08:01:51.500Z</time></trkpt><trkpt lon="-7.2436066" lat="40.2262089"><ele>467.7</ele><time>2026-05-22T08:01:53.700Z</time></trkpt><trkpt lon="-7.243325" lat="40.2260733"><ele>467.6</ele><time>2026-05-22T08:01:55.900Z</time></trkpt><trkpt lon="-7.2430433" lat="40.2259378"><ele>467.8</ele><time>2026-05-22T08:01:58.300Z</time></trkpt><trkpt lon="-7.2427616" lat="40.2258022"><ele>468.0</ele><time>2026-05-22T08:02:00.700Z</time></trkpt><trkpt lon="-7.24248" lat="40.2256667"><ele>468.2</ele><time>2026-05-22T08:02:03.100Z</time></trkpt><trkpt lon="-7.2421983" lat="40.2255311"><ele>468.4</ele><time>2026-05-22T08:02:05.600Z</time></trkpt><trkpt lon="-7.2419166" lat="40.2253956"><ele>468.7</ele><time>2026-05-22T08:02:08.100Z</time></trkpt><trkpt lon="-7.241635" lat="40.22526"><ele>469.1</ele><time>2026-05-22T08:02:10.600Z</time></trkpt><trkpt lon="-7.2414237" lat="40.2251584"><ele>469.6</ele><time>2026-05-22T08:02:12.700Z</time></trkpt><trkpt lon="-7.2412125" lat="40.2250567"><ele>470.1</ele><time>2026-05-22T08:02:14.800Z</time></trkpt><trkpt lon="-7.24079" lat="40.2248534"><ele>471.3</ele><time>2026-05-22T08:02:19.100Z</time></trkpt><trkpt lon="-7.2405787" lat="40.2247517"><ele>472.2</ele><time>2026-05-22T08:02:21.700Z</time></trkpt><trkpt lon="-7.2403675" lat="40.22465"><ele>473.2</ele><time>2026-05-22T08:02:24.400Z</time></trkpt><trkpt lon="-7.239945" lat="40.2244467"><ele>475.2</ele><time>2026-05-22T08:02:29.900Z</time></trkpt><trkpt lon="-7.2397337" lat="40.224345"><ele>476.9</ele><time>2026-05-22T08:02:33.500Z</time></trkpt><trkpt lon="-7.2395225" lat="40.2242433"><ele>478.7</ele><time>2026-05-22T08:02:37.400Z</time></trkpt><trkpt lon="-7.2393112" lat="40.2241417"><ele>480.5</ele><time>2026-05-22T08:02:41.200Z</time></trkpt><trkpt lon="-7.2391" lat="40.22404"><ele>482.4</ele><time>2026-05-22T08:02:45.200Z</time></trkpt><trkpt lon="-7.23892" lat="40.224"><ele>484.3</ele><time>2026-05-22T08:02:48.800Z</time></trkpt><trkpt lon="-7.23867" lat="40.2239888"><ele>485.5</ele><time>2026-05-22T08:02:51.800Z</time></trkpt><trkpt lon="-7.23842" lat="40.2239775"><ele>486.5</ele><time>2026-05-22T08:02:54.500Z</time></trkpt><trkpt lon="-7.23792" lat="40.223955"><ele>488.5</ele><time>2026-05-22T08:02:59.900Z</time></trkpt><trkpt lon="-7.23767" lat="40.2239438"><ele>489.2</ele><time>2026-05-22T08:03:02.200Z</time></trkpt><trkpt lon="-7.23742" lat="40.2239325"><ele>489.9</ele><time>2026-05-22T08:03:04.500Z</time></trkpt><trkpt lon="-7.23692" lat="40.22391"><ele>491.2</ele><time>2026-05-22T08:03:08.900Z</time></trkpt><trkpt lon="-7.23674" lat="40.22384"><ele>491.5</ele><time>2026-05-22T08:03:10.500Z</time></trkpt><trkpt lon="-7.236475" lat="40.2237"><ele>491.8</ele><time>2026-05-22T08:03:13.000Z</time></trkpt><trkpt lon="-7.23621" lat="40.22356"><ele>492.1</ele><time>2026-05-22T08:03:15.400Z</time></trkpt><trkpt lon="-7.235945" lat="40.22342"><ele>491.4</ele><time>2026-05-22T08:03:17.200Z</time></trkpt><trkpt lon="-7.23568" lat="40.22328"><ele>490.2</ele><time>2026-05-22T08:03:18.900Z</time></trkpt><trkpt lon="-7.23549" lat="40.2232"><ele>487.4</ele><time>2026-05-22T08:03:20.100Z</time></trkpt><trkpt lon="-7.2352056" lat="40.2231244"><ele>485.8</ele><time>2026-05-22T08:03:21.500Z</time></trkpt><trkpt lon="-7.2346367" lat="40.2229733"><ele>483.5</ele><time>2026-05-22T08:03:24.600Z</time></trkpt><trkpt lon="-7.2343522" lat="40.2228978"><ele>483.0</ele><time>2026-05-22T08:03:26.400Z</time></trkpt><trkpt lon="-7.2340678" lat="40.2228222"><ele>482.5</ele><time>2026-05-22T08:03:28.200Z</time></trkpt><trkpt lon="-7.2337833" lat="40.2227467"><ele>482.1</ele><time>2026-05-22T08:03:30.100Z</time></trkpt><trkpt lon="-7.2334989" lat="40.2226711"><ele>482.3</ele><time>2026-05-22T08:03:32.200Z</time></trkpt><trkpt lon="-7.2332144" lat="40.2225956"><ele>482.5</ele><time>2026-05-22T08:03:34.400Z</time></trkpt><trkpt lon="-7.23293" lat="40.22252"><ele>482.7</ele><time>2026-05-22T08:03:36.600Z</time></trkpt><trkpt lon="-7.23263" lat="40.22251"><ele>482.9</ele><time>2026-05-22T08:03:38.900Z</time></trkpt><trkpt lon="-7.2323075" lat="40.22258"><ele>483.2</ele><time>2026-05-22T08:03:41.400Z</time></trkpt><trkpt lon="-7.231985" lat="40.22265"><ele>483.5</ele><time>2026-05-22T08:03:43.900Z</time></trkpt><trkpt lon="-7.2316625" lat="40.22272"><ele>483.7</ele><time>2026-05-22T08:03:46.200Z</time></trkpt><trkpt lon="-7.23134" lat="40.22279"><ele>483.8</ele><time>2026-05-22T08:03:48.600Z</time></trkpt><trkpt lon="-7.2311" lat="40.22282"><ele>484.1</ele><time>2026-05-22T08:03:50.400Z</time></trkpt><trkpt lon="-7.23077" lat="40.222795"><ele>484.4</ele><time>2026-05-22T08:03:53.000Z</time></trkpt><trkpt lon="-7.23044" lat="40.22277"><ele>484.7</ele><time>2026-05-22T08:03:55.500Z</time></trkpt><trkpt lon="-7.23005" lat="40.22269"><ele>484.7</ele><time>2026-05-22T08:03:58.200Z</time></trkpt><trkpt lon="-7.22979" lat="40.22259"><ele>484.3</ele><time>2026-05-22T08:03:59.900Z</time></trkpt><trkpt lon="-7.22966" lat="40.22256"><ele>484.0</ele><time>2026-05-22T08:04:00.700Z</time></trkpt><trkpt lon="-7.22935" lat="40.2225475"><ele>483.4</ele><time>2026-05-22T08:04:02.500Z</time></trkpt><trkpt lon="-7.22904" lat="40.222535"><ele>482.7</ele><time>2026-05-22T08:04:04.300Z</time></trkpt><trkpt lon="-7.22873" lat="40.2225225"><ele>482.1</ele><time>2026-05-22T08:04:06.100Z</time></trkpt><trkpt lon="-7.22842" lat="40.22251"><ele>481.4</ele><time>2026-05-22T08:04:08.000Z</time></trkpt><trkpt lon="-7.228145" lat="40.2224388"><ele>481.0</ele><time>2026-05-22T08:04:09.700Z</time></trkpt><trkpt lon="-7.22787" lat="40.2223675"><ele>480.5</ele><time>2026-05-22T08:04:11.500Z</time></trkpt><trkpt lon="-7.22732" lat="40.222225"><ele>479.7</ele><time>2026-05-22T08:04:15.000Z</time></trkpt><trkpt lon="-7.227045" lat="40.2221538"><ele>479.6</ele><time>2026-05-22T08:04:16.900Z</time></trkpt><trkpt lon="-7.22677" lat="40.2220826"><ele>479.6</ele><time>2026-05-22T08:04:18.900Z</time></trkpt><trkpt lon="-7.2262199" lat="40.2219401"><ele>479.6</ele><time>2026-05-22T08:04:22.800Z</time></trkpt><trkpt lon="-7.2259449" lat="40.2218688"><ele>479.6</ele><time>2026-05-22T08:04:24.800Z</time></trkpt><trkpt lon="-7.2256699" lat="40.2217976"><ele>479.7</ele><time>2026-05-22T08:04:26.800Z</time></trkpt><trkpt lon="-7.2251199" lat="40.2216551"><ele>479.9</ele><time>2026-05-22T08:04:30.900Z</time></trkpt><trkpt lon="-7.2248449" lat="40.2215838"><ele>480.0</ele><time>2026-05-22T08:04:32.900Z</time></trkpt><trkpt lon="-7.2245699" lat="40.2215126"><ele>480.1</ele><time>2026-05-22T08:04:35.000Z</time></trkpt><trkpt lon="-7.2240199" lat="40.2213701"><ele>480.3</ele><time>2026-05-22T08:04:39.000Z</time></trkpt><trkpt lon="-7.2237449" lat="40.2212988"><ele>480.3</ele><time>2026-05-22T08:04:41.000Z</time></trkpt><trkpt lon="-7.2234699" lat="40.2212276"><ele>480.4</ele><time>2026-05-22T08:04:43.000Z</time></trkpt><trkpt lon="-7.2229199" lat="40.2210851"><ele>480.5</ele><time>2026-05-22T08:04:47.000Z</time></trkpt><trkpt lon="-7.2226449" lat="40.2210138"><ele>480.5</ele><time>2026-05-22T08:04:49.000Z</time></trkpt><trkpt lon="-7.2223699" lat="40.2209426"><ele>480.5</ele><time>2026-05-22T08:04:51.000Z</time></trkpt><trkpt lon="-7.2218199" lat="40.2208001"><ele>480.7</ele><time>2026-05-22T08:04:55.000Z</time></trkpt><trkpt lon="-7.2215449" lat="40.2207288"><ele>480.9</ele><time>2026-05-22T08:04:57.200Z</time></trkpt><trkpt lon="-7.22127" lat="40.2206576"><ele>481.2</ele><time>2026-05-22T08:04:59.300Z</time></trkpt><trkpt lon="-7.22072" lat="40.220515"><ele>481.8</ele><time>2026-05-22T08:05:03.700Z</time></trkpt><trkpt lon="-7.220445" lat="40.2204438"><ele>482.3</ele><time>2026-05-22T08:05:06.100Z</time></trkpt><trkpt lon="-7.22017" lat="40.2203725"><ele>482.9</ele><time>2026-05-22T08:05:08.500Z</time></trkpt><trkpt lon="-7.219895" lat="40.2203013"><ele>483.6</ele><time>2026-05-22T08:05:11.000Z</time></trkpt><trkpt lon="-7.21962" lat="40.22023"><ele>484.2</ele><time>2026-05-22T08:05:13.400Z</time></trkpt><trkpt lon="-7.21939" lat="40.220165"><ele>484.8</ele><time>2026-05-22T08:05:15.600Z</time></trkpt><trkpt lon="-7.21893" lat="40.220035"><ele>486.0</ele><time>2026-05-22T08:05:19.900Z</time></trkpt><trkpt lon="-7.2187" lat="40.21997"><ele>486.3</ele><time>2026-05-22T08:05:21.800Z</time></trkpt><trkpt lon="-7.21824" lat="40.21984"><ele>486.9</ele><time>2026-05-22T08:05:25.500Z</time></trkpt><trkpt lon="-7.2179837" lat="40.2197525"><ele>487.0</ele><time>2026-05-22T08:05:27.500Z</time></trkpt><trkpt lon="-7.2177275" lat="40.219665"><ele>487.2</ele><time>2026-05-22T08:05:29.500Z</time></trkpt><trkpt lon="-7.217215" lat="40.21949"><ele>487.5</ele><time>2026-05-22T08:05:33.500Z</time></trkpt><trkpt lon="-7.2169587" lat="40.2194025"><ele>487.5</ele><time>2026-05-22T08:05:35.500Z</time></trkpt><trkpt lon="-7.2167025" lat="40.219315"><ele>487.6</ele><time>2026-05-22T08:05:37.400Z</time></trkpt><trkpt lon="-7.21619" lat="40.21914"><ele>487.7</ele><time>2026-05-22T08:05:41.300Z</time></trkpt><trkpt lon="-7.2159233" lat="40.2190667"><ele>487.7</ele><time>2026-05-22T08:05:43.200Z</time></trkpt><trkpt lon="-7.21539" lat="40.21892"><ele>487.7</ele><time>2026-05-22T08:05:47.100Z</time></trkpt><trkpt lon="-7.2151067" lat="40.21888"><ele>487.6</ele><time>2026-05-22T08:05:49.000Z</time></trkpt><trkpt lon="-7.21454" lat="40.2188"><ele>487.3</ele><time>2026-05-22T08:05:52.700Z</time></trkpt><trkpt lon="-7.2142525" lat="40.2187908"><ele>487.2</ele><time>2026-05-22T08:05:54.600Z</time></trkpt><trkpt lon="-7.213965" lat="40.2187817"><ele>487.2</ele><time>2026-05-22T08:05:56.600Z</time></trkpt><trkpt lon="-7.21339" lat="40.2187633"><ele>487.1</ele><time>2026-05-22T08:06:00.400Z</time></trkpt><trkpt lon="-7.2131025" lat="40.2187542"><ele>487.2</ele><time>2026-05-22T08:06:02.400Z</time></trkpt><trkpt lon="-7.212815" lat="40.218745"><ele>487.3</ele><time>2026-05-22T08:06:04.400Z</time></trkpt><trkpt lon="-7.21224" lat="40.2187267"><ele>487.5</ele><time>2026-05-22T08:06:08.400Z</time></trkpt><trkpt lon="-7.2119525" lat="40.2187175"><ele>488.0</ele><time>2026-05-22T08:06:10.800Z</time></trkpt><trkpt lon="-7.211665" lat="40.2187083"><ele>488.6</ele><time>2026-05-22T08:06:13.200Z</time></trkpt><trkpt lon="-7.2113775" lat="40.2186992"><ele>489.2</ele><time>2026-05-22T08:06:15.600Z</time></trkpt><trkpt lon="-7.21109" lat="40.21869"><ele>489.8</ele><time>2026-05-22T08:06:18.000Z</time></trkpt><trkpt lon="-7.2108633" lat="40.2187"><ele>490.2</ele><time>2026-05-22T08:06:19.800Z</time></trkpt><trkpt lon="-7.21041" lat="40.21872"><ele>491.1</ele><time>2026-05-22T08:06:23.600Z</time></trkpt><trkpt lon="-7.2101925" lat="40.2187625"><ele>492.1</ele><time>2026-05-22T08:06:26.100Z</time></trkpt><trkpt lon="-7.209975" lat="40.218805"><ele>493.1</ele><time>2026-05-22T08:06:28.800Z</time></trkpt><trkpt lon="-7.20954" lat="40.21889"><ele>495.2</ele><time>2026-05-22T08:06:34.100Z</time></trkpt><trkpt lon="-7.209335" lat="40.2189708"><ele>496.1</ele><time>2026-05-22T08:06:36.400Z</time></trkpt><trkpt lon="-7.20913" lat="40.2190517"><ele>496.8</ele><time>2026-05-22T08:06:38.700Z</time></trkpt><trkpt lon="-7.20872" lat="40.2192133"><ele>498.4</ele><time>2026-05-22T08:06:43.200Z</time></trkpt><trkpt lon="-7.2084467" lat="40.2193211"><ele>499.1</ele><time>2026-05-22T08:06:45.900Z</time></trkpt><trkpt lon="-7.2081733" lat="40.2194289"><ele>499.9</ele><time>2026-05-22T08:06:48.600Z</time></trkpt><trkpt lon="-7.2079" lat="40.2195367"><ele>500.5</ele><time>2026-05-22T08:06:51.200Z</time></trkpt><trkpt lon="-7.2076267" lat="40.2196444"><ele>499.9</ele><time>2026-05-22T08:06:52.900Z</time></trkpt><trkpt lon="-7.2073533" lat="40.2197522"><ele>499.1</ele><time>2026-05-22T08:06:54.700Z</time></trkpt><trkpt lon="-7.20708" lat="40.21986"><ele>498.1</ele><time>2026-05-22T08:06:56.300Z</time></trkpt><trkpt lon="-7.206765" lat="40.21993"><ele>495.8</ele><time>2026-05-22T08:06:57.900Z</time></trkpt><trkpt lon="-7.20645" lat="40.22"><ele>493.6</ele><time>2026-05-22T08:06:59.500Z</time></trkpt><trkpt lon="-7.2062067" lat="40.2200167"><ele>492.6</ele><time>2026-05-22T08:07:00.700Z</time></trkpt><trkpt lon="-7.20572" lat="40.22005"><ele>490.8</ele><time>2026-05-22T08:07:03.300Z</time></trkpt><trkpt lon="-7.2054467" lat="40.22005"><ele>489.9</ele><time>2026-05-22T08:07:04.700Z</time></trkpt><trkpt lon="-7.2049" lat="40.22005"><ele>488.1</ele><time>2026-05-22T08:07:07.600Z</time></trkpt><trkpt lon="-7.20461" lat="40.2200333"><ele>487.7</ele><time>2026-05-22T08:07:09.400Z</time></trkpt><trkpt lon="-7.20403" lat="40.22"><ele>486.9</ele><time>2026-05-22T08:07:12.900Z</time></trkpt><trkpt lon="-7.2037575" lat="40.2199488"><ele>486.9</ele><time>2026-05-22T08:07:14.800Z</time></trkpt><trkpt lon="-7.203485" lat="40.2198975"><ele>486.8</ele><time>2026-05-22T08:07:16.700Z</time></trkpt><trkpt lon="-7.20294" lat="40.219795"><ele>486.8</ele><time>2026-05-22T08:07:20.500Z</time></trkpt><trkpt lon="-7.2026675" lat="40.2197438"><ele>486.6</ele><time>2026-05-22T08:07:22.300Z</time></trkpt><trkpt lon="-7.202395" lat="40.2196925"><ele>486.3</ele><time>2026-05-22T08:07:24.100Z</time></trkpt><trkpt lon="-7.20185" lat="40.21959"><ele>485.9</ele><time>2026-05-22T08:07:27.600Z</time></trkpt><trkpt lon="-7.20136" lat="40.21955"><ele>485.8</ele><time>2026-05-22T08:07:30.900Z</time></trkpt><trkpt lon="-7.201075" lat="40.21958"><ele>485.9</ele><time>2026-05-22T08:07:32.900Z</time></trkpt><trkpt lon="-7.20079" lat="40.21961"><ele>486.0</ele><time>2026-05-22T08:07:34.900Z</time></trkpt><trkpt lon="-7.200535" lat="40.219695"><ele>486.3</ele><time>2026-05-22T08:07:37.100Z</time></trkpt><trkpt lon="-7.20028" lat="40.21978"><ele>486.7</ele><time>2026-05-22T08:07:39.300Z</time></trkpt><trkpt lon="-7.2000683" lat="40.2198833"><ele>487.3</ele><time>2026-05-22T08:07:41.400Z</time></trkpt><trkpt lon="-7.199645" lat="40.22009"><ele>488.5</ele><time>2026-05-22T08:07:45.800Z</time></trkpt><trkpt lon="-7.1994333" lat="40.2201933"><ele>488.9</ele><time>2026-05-22T08:07:47.800Z</time></trkpt><trkpt lon="-7.19901" lat="40.2204"><ele>489.8</ele><time>2026-05-22T08:07:51.800Z</time></trkpt><trkpt lon="-7.1987917" lat="40.2204967"><ele>490.3</ele><time>2026-05-22T08:07:54.000Z</time></trkpt><trkpt lon="-7.198355" lat="40.22069"><ele>491.5</ele><time>2026-05-22T08:07:58.300Z</time></trkpt><trkpt lon="-7.1981367" lat="40.2207867"><ele>491.9</ele><time>2026-05-22T08:08:00.300Z</time></trkpt><trkpt lon="-7.1977" lat="40.22098"><ele>492.6</ele><time>2026-05-22T08:08:04.200Z</time></trkpt><trkpt lon="-7.1974183" lat="40.2210717"><ele>493.0</ele><time>2026-05-22T08:08:06.600Z</time></trkpt><trkpt lon="-7.1971367" lat="40.2211633"><ele>493.4</ele><time>2026-05-22T08:08:08.900Z</time></trkpt><trkpt lon="-7.196855" lat="40.221255"><ele>493.7</ele><time>2026-05-22T08:08:11.300Z</time></trkpt><trkpt lon="-7.1965733" lat="40.2213467"><ele>493.5</ele><time>2026-05-22T08:08:13.200Z</time></trkpt><trkpt lon="-7.1962917" lat="40.2214383"><ele>493.3</ele><time>2026-05-22T08:08:15.200Z</time></trkpt><trkpt lon="-7.19601" lat="40.22153"><ele>492.9</ele><time>2026-05-22T08:08:17.100Z</time></trkpt><trkpt lon="-7.1957433" lat="40.2215956"><ele>492.2</ele><time>2026-05-22T08:08:18.700Z</time></trkpt><trkpt lon="-7.19521" lat="40.2217267"><ele>490.6</ele><time>2026-05-22T08:08:21.700Z</time></trkpt><trkpt lon="-7.1949433" lat="40.2217922"><ele>489.5</ele><time>2026-05-22T08:08:23.200Z</time></trkpt><trkpt lon="-7.19441" lat="40.2219233"><ele>487.4</ele><time>2026-05-22T08:08:26.100Z</time></trkpt><trkpt lon="-7.1941433" lat="40.2219889"><ele>486.3</ele><time>2026-05-22T08:08:27.500Z</time></trkpt><trkpt lon="-7.19361" lat="40.22212"><ele>484.1</ele><time>2026-05-22T08:08:30.400Z</time></trkpt><trkpt lon="-7.193365" lat="40.222215"><ele>483.4</ele><time>2026-05-22T08:08:31.900Z</time></trkpt><trkpt lon="-7.19312" lat="40.22231"><ele>482.8</ele><time>2026-05-22T08:08:33.500Z</time></trkpt><trkpt lon="-7.19279" lat="40.22254"><ele>482.6</ele><time>2026-05-22T08:08:36.400Z</time></trkpt><trkpt lon="-7.192625" lat="40.2227175"><ele>482.7</ele><time>2026-05-22T08:08:38.500Z</time></trkpt><trkpt lon="-7.19246" lat="40.222895"><ele>482.9</ele><time>2026-05-22T08:08:40.500Z</time></trkpt><trkpt lon="-7.19213" lat="40.22325"><ele>483.3</ele><time>2026-05-22T08:08:44.700Z</time></trkpt><trkpt lon="-7.19207" lat="40.22349"><ele>483.2</ele><time>2026-05-22T08:08:46.800Z</time></trkpt><trkpt lon="-7.19183" lat="40.22351"><ele>482.9</ele><time>2026-05-22T08:08:48.300Z</time></trkpt><trkpt lon="-7.1916375" lat="40.2237"><ele>482.7</ele><time>2026-05-22T08:08:50.300Z</time></trkpt><trkpt lon="-7.191445" lat="40.22389"><ele>482.6</ele><time>2026-05-22T08:08:52.400Z</time></trkpt><trkpt lon="-7.1912525" lat="40.22408"><ele>482.6</ele><time>2026-05-22T08:08:54.500Z</time></trkpt><trkpt lon="-7.19106" lat="40.22427"><ele>482.7</ele><time>2026-05-22T08:08:56.700Z</time></trkpt><trkpt lon="-7.19075" lat="40.22453"><ele>482.8</ele><time>2026-05-22T08:08:59.900Z</time></trkpt><trkpt lon="-7.190545" lat="40.2246608"><ele>482.9</ele><time>2026-05-22T08:09:01.800Z</time></trkpt><trkpt lon="-7.19034" lat="40.2247917"><ele>483.0</ele><time>2026-05-22T08:09:03.700Z</time></trkpt><trkpt lon="-7.18993" lat="40.2250533"><ele>483.2</ele><time>2026-05-22T08:09:07.400Z</time></trkpt><trkpt lon="-7.189725" lat="40.2251842"><ele>483.3</ele><time>2026-05-22T08:09:09.400Z</time></trkpt><trkpt lon="-7.18952" lat="40.225315"><ele>483.5</ele><time>2026-05-22T08:09:11.300Z</time></trkpt><trkpt lon="-7.18911" lat="40.2255767"><ele>483.9</ele><time>2026-05-22T08:09:15.200Z</time></trkpt><trkpt lon="-7.188905" lat="40.2257075"><ele>484.3</ele><time>2026-05-22T08:09:17.300Z</time></trkpt><trkpt lon="-7.1887" lat="40.2258383"><ele>484.8</ele><time>2026-05-22T08:09:19.500Z</time></trkpt><trkpt lon="-7.18829" lat="40.2261"><ele>485.6</ele><time>2026-05-22T08:09:23.700Z</time></trkpt><trkpt lon="-7.1880633" lat="40.2262367"><ele>485.7</ele><time>2026-05-22T08:09:25.700Z</time></trkpt><trkpt lon="-7.18761" lat="40.22651"><ele>485.9</ele><time>2026-05-22T08:09:29.800Z</time></trkpt><trkpt lon="-7.18741" lat="40.2267"><ele>486.0</ele><time>2026-05-22T08:09:32.000Z</time></trkpt><trkpt lon="-7.18719" lat="40.226595"><ele>486.3</ele><time>2026-05-22T08:09:34.000Z</time></trkpt><trkpt lon="-7.18697" lat="40.22649"><ele>486.5</ele><time>2026-05-22T08:09:35.900Z</time></trkpt><trkpt lon="-7.18653" lat="40.22628"><ele>487.1</ele><time>2026-05-22T08:09:39.900Z</time></trkpt><trkpt lon="-7.18618" lat="40.22618"><ele>488.0</ele><time>2026-05-22T08:09:43.100Z</time></trkpt><trkpt lon="-7.18591" lat="40.226155"><ele>488.4</ele><time>2026-05-22T08:09:45.200Z</time></trkpt><trkpt lon="-7.18564" lat="40.22613"><ele>488.6</ele><time>2026-05-22T08:09:47.300Z</time></trkpt><trkpt lon="-7.18539" lat="40.22609"><ele>488.6</ele><time>2026-05-22T08:09:49.000Z</time></trkpt><trkpt lon="-7.18489" lat="40.22601"><ele>488.6</ele><time>2026-05-22T08:09:52.400Z</time></trkpt><trkpt lon="-7.1846025" lat="40.22605"><ele>488.6</ele><time>2026-05-22T08:09:54.400Z</time></trkpt><trkpt lon="-7.184315" lat="40.22609"><ele>488.6</ele><time>2026-05-22T08:09:56.400Z</time></trkpt><trkpt lon="-7.18374" lat="40.22617"><ele>488.7</ele><time>2026-05-22T08:10:00.400Z</time></trkpt><trkpt lon="-7.18352" lat="40.2262433"><ele>489.0</ele><time>2026-05-22T08:10:02.200Z</time></trkpt><trkpt lon="-7.18308" lat="40.22639"><ele>489.5</ele><time>2026-05-22T08:10:05.900Z</time></trkpt><trkpt lon="-7.1828" lat="40.22643"><ele>489.6</ele><time>2026-05-22T08:10:07.900Z</time></trkpt><trkpt lon="-7.1824925" lat="40.2263975"><ele>489.6</ele><time>2026-05-22T08:10:10.000Z</time></trkpt><trkpt lon="-7.182185" lat="40.226365"><ele>489.6</ele><time>2026-05-22T08:10:12.100Z</time></trkpt><trkpt lon="-7.1818775" lat="40.2263325"><ele>489.4</ele><time>2026-05-22T08:10:14.100Z</time></trkpt><trkpt lon="-7.18157" lat="40.2263"><ele>489.2</ele><time>2026-05-22T08:10:16.100Z</time></trkpt><trkpt lon="-7.18127" lat="40.22631"><ele>488.9</ele><time>2026-05-22T08:10:18.000Z</time></trkpt><trkpt lon="-7.1809863" lat="40.2263363"><ele>488.8</ele><time>2026-05-22T08:10:19.900Z</time></trkpt><trkpt lon="-7.1807025" lat="40.2263625"><ele>488.8</ele><time>2026-05-22T08:10:21.800Z</time></trkpt><trkpt lon="-7.180135" lat="40.226415"><ele>488.8</ele><time>2026-05-22T08:10:25.700Z</time></trkpt><trkpt lon="-7.1798513" lat="40.2264413"><ele>488.8</ele><time>2026-05-22T08:10:27.600Z</time></trkpt><trkpt lon="-7.1795675" lat="40.2264675"><ele>488.8</ele><time>2026-05-22T08:10:29.600Z</time></trkpt><trkpt lon="-7.179" lat="40.22652"><ele>488.9</ele><time>2026-05-22T08:10:33.500Z</time></trkpt><trkpt lon="-7.1786867" lat="40.2264989"><ele>489.2</ele><time>2026-05-22T08:10:35.800Z</time></trkpt><trkpt lon="-7.1783733" lat="40.2264778"><ele>489.4</ele><time>2026-05-22T08:10:38.200Z</time></trkpt><trkpt lon="-7.17806" lat="40.2264567"><ele>489.7</ele><time>2026-05-22T08:10:40.500Z</time></trkpt><trkpt lon="-7.1777467" lat="40.2264356"><ele>490.1</ele><time>2026-05-22T08:10:42.900Z</time></trkpt><trkpt lon="-7.1774333" lat="40.2264145"><ele>490.4</ele><time>2026-05-22T08:10:45.300Z</time></trkpt><trkpt lon="-7.17712" lat="40.2263933"><ele>490.8</ele><time>2026-05-22T08:10:47.700Z</time></trkpt><trkpt lon="-7.1768067" lat="40.2263722"><ele>491.1</ele><time>2026-05-22T08:10:50.100Z</time></trkpt><trkpt lon="-7.1764933" lat="40.2263511"><ele>491.4</ele><time>2026-05-22T08:10:52.400Z</time></trkpt><trkpt lon="-7.17618" lat="40.22633"><ele>491.7</ele><time>2026-05-22T08:10:54.800Z</time></trkpt><trkpt lon="-7.1759533" lat="40.2263133"><ele>492.0</ele><time>2026-05-22T08:10:56.500Z</time></trkpt><trkpt lon="-7.1755" lat="40.22628"><ele>492.5</ele><time>2026-05-22T08:11:00.100Z</time></trkpt><trkpt lon="-7.1752733" lat="40.2262633"><ele>492.8</ele><time>2026-05-22T08:11:01.800Z</time></trkpt><trkpt lon="-7.17482" lat="40.22623"><ele>493.4</ele><time>2026-05-22T08:11:05.300Z</time></trkpt><trkpt lon="-7.1745867" lat="40.2261767"><ele>493.8</ele><time>2026-05-22T08:11:07.200Z</time></trkpt><trkpt lon="-7.17412" lat="40.22607"><ele>494.5</ele><time>2026-05-22T08:11:11.100Z</time></trkpt><trkpt lon="-7.1739067" lat="40.2259967"><ele>494.7</ele><time>2026-05-22T08:11:12.800Z</time></trkpt><trkpt lon="-7.17348" lat="40.22585"><ele>495.0</ele><time>2026-05-22T08:11:16.200Z</time></trkpt><trkpt lon="-7.1732332" lat="40.2257564"><ele>495.1</ele><time>2026-05-22T08:11:18.100Z</time></trkpt><trkpt lon="-7.1729864" lat="40.2256629"><ele>495.2</ele><time>2026-05-22T08:11:20.100Z</time></trkpt><trkpt lon="-7.1724928" lat="40.2254757"><ele>495.5</ele><time>2026-05-22T08:11:24.000Z</time></trkpt><trkpt lon="-7.172246" lat="40.2253822"><ele>495.5</ele><time>2026-05-22T08:11:25.900Z</time></trkpt><trkpt lon="-7.1719992" lat="40.2252886"><ele>495.6</ele><time>2026-05-22T08:11:27.800Z</time></trkpt><trkpt lon="-7.1715057" lat="40.2251015808"><ele>495.6</ele><time>2026-05-22T08:11:31.600Z</time></trkpt><trkpt lon="-7.1712589" lat="40.2250079"><ele>495.7</ele><time>2026-05-22T08:11:33.500Z</time></trkpt><trkpt lon="-7.1710121" lat="40.2249143"><ele>495.7</ele><time>2026-05-22T08:11:35.400Z</time></trkpt><trkpt lon="-7.1705185" lat="40.2247272"><ele>495.8</ele><time>2026-05-22T08:11:39.200Z</time></trkpt><trkpt lon="-7.1702717" lat="40.2246336"><ele>495.9</ele><time>2026-05-22T08:11:41.100Z</time></trkpt><trkpt lon="-7.1700249" lat="40.2245401"><ele>496.1</ele><time>2026-05-22T08:11:43.100Z</time></trkpt><trkpt lon="-7.1695314" lat="40.2243529"><ele>496.3</ele><time>2026-05-22T08:11:47.000Z</time></trkpt><trkpt lon="-7.1692846" lat="40.2242593"><ele>496.5</ele><time>2026-05-22T08:11:49.000Z</time></trkpt><trkpt lon="-7.1690378" lat="40.2241658"><ele>496.6</ele><time>2026-05-22T08:11:51.000Z</time></trkpt><trkpt lon="-7.1685442" lat="40.2239786"><ele>497.0</ele><time>2026-05-22T08:11:55.000Z</time></trkpt><trkpt lon="-7.1682974" lat="40.223885"><ele>497.2</ele><time>2026-05-22T08:11:57.000Z</time></trkpt><trkpt lon="-7.1680507" lat="40.2237915"><ele>497.4</ele><time>2026-05-22T08:11:59.000Z</time></trkpt><trkpt lon="-7.1675571" lat="40.2236043"><ele>497.8</ele><time>2026-05-22T08:12:03.100Z</time></trkpt><trkpt lon="-7.1673103" lat="40.2235107"><ele>498.0</ele><time>2026-05-22T08:12:05.100Z</time></trkpt><trkpt lon="-7.1670636" lat="40.2234172"><ele>498.2</ele><time>2026-05-22T08:12:07.100Z</time></trkpt><trkpt lon="-7.16657" lat="40.22323"><ele>498.7</ele><time>2026-05-22T08:12:11.200Z</time></trkpt><trkpt lon="-7.1663112" lat="40.2231313"><ele>499.0</ele><time>2026-05-22T08:12:13.400Z</time></trkpt><trkpt lon="-7.1660525" lat="40.2230325"><ele>499.2</ele><time>2026-05-22T08:12:15.600Z</time></trkpt><trkpt lon="-7.165535" lat="40.222835"><ele>499.8</ele><time>2026-05-22T08:12:19.900Z</time></trkpt><trkpt lon="-7.1652762" lat="40.2227363"><ele>500.1</ele><time>2026-05-22T08:12:22.100Z</time></trkpt><trkpt lon="-7.1650175" lat="40.2226375"><ele>500.4</ele><time>2026-05-22T08:12:24.300Z</time></trkpt><trkpt lon="-7.1645" lat="40.22244"><ele>501.0</ele><time>2026-05-22T08:12:28.700Z</time></trkpt><trkpt lon="-7.1642683" lat="40.22234"><ele>501.3</ele><time>2026-05-22T08:12:30.700Z</time></trkpt><trkpt lon="-7.163805" lat="40.22214"><ele>501.9</ele><time>2026-05-22T08:12:34.700Z</time></trkpt><trkpt lon="-7.1635733" lat="40.22204"><ele>502.1</ele><time>2026-05-22T08:12:36.700Z</time></trkpt><trkpt lon="-7.16311" lat="40.22184"><ele>502.4</ele><time>2026-05-22T08:12:40.600Z</time></trkpt><trkpt lon="-7.162875" lat="40.2217283"><ele>502.5</ele><time>2026-05-22T08:12:42.500Z</time></trkpt><trkpt lon="-7.16264" lat="40.2216167"><ele>502.6</ele><time>2026-05-22T08:12:44.500Z</time></trkpt><trkpt lon="-7.16217" lat="40.2213933"><ele>502.9</ele><time>2026-05-22T08:12:48.400Z</time></trkpt><trkpt lon="-7.161935" lat="40.2212817"><ele>503.0</ele><time>2026-05-22T08:12:50.300Z</time></trkpt><trkpt lon="-7.1617" lat="40.22117"><ele>503.1</ele><time>2026-05-22T08:12:52.300Z</time></trkpt><trkpt lon="-7.16123" lat="40.2209467818"><ele>503.3</ele><time>2026-05-22T08:12:56.200Z</time></trkpt><trkpt lon="-7.160995" lat="40.220835"><ele>503.4</ele><time>2026-05-22T08:12:58.100Z</time></trkpt><trkpt lon="-7.16076" lat="40.2207233"><ele>503.4</ele><time>2026-05-22T08:13:00.000Z</time></trkpt><trkpt lon="-7.16029" lat="40.2205"><ele>503.6</ele><time>2026-05-22T08:13:03.900Z</time></trkpt><trkpt lon="-7.1600256" lat="40.2203389"><ele>503.7</ele><time>2026-05-22T08:13:06.300Z</time></trkpt><trkpt lon="-7.1597611" lat="40.2201778"><ele>503.9</ele><time>2026-05-22T08:13:08.700Z</time></trkpt><trkpt lon="-7.1594967" lat="40.2200167"><ele>504.0</ele><time>2026-05-22T08:13:11.100Z</time></trkpt><trkpt lon="-7.1592322" lat="40.2198556"><ele>504.1</ele><time>2026-05-22T08:13:13.400Z</time></trkpt><trkpt lon="-7.1589678" lat="40.2196945"><ele>504.2</ele><time>2026-05-22T08:13:15.800Z</time></trkpt><trkpt lon="-7.1587033" lat="40.2195333"><ele>504.3</ele><time>2026-05-22T08:13:18.100Z</time></trkpt><trkpt lon="-7.1584389" lat="40.2193722"><ele>504.4</ele><time>2026-05-22T08:13:20.500Z</time></trkpt><trkpt lon="-7.1581744" lat="40.2192111"><ele>504.5</ele><time>2026-05-22T08:13:22.800Z</time></trkpt><trkpt lon="-7.15791" lat="40.21905"><ele>504.6</ele><time>2026-05-22T08:13:25.200Z</time></trkpt><trkpt lon="-7.1576537" lat="40.2189813"><ele>504.7</ele><time>2026-05-22T08:13:27.100Z</time></trkpt><trkpt lon="-7.1573975" lat="40.2189125"><ele>504.8</ele><time>2026-05-22T08:13:29.000Z</time></trkpt><trkpt lon="-7.156885" lat="40.218775"><ele>505.0</ele><time>2026-05-22T08:13:32.900Z</time></trkpt><trkpt lon="-7.1566287" lat="40.2187063"><ele>505.1</ele><time>2026-05-22T08:13:34.800Z</time></trkpt><trkpt lon="-7.1563725" lat="40.2186375"><ele>505.2</ele><time>2026-05-22T08:13:36.700Z</time></trkpt><trkpt lon="-7.15586" lat="40.2185"><ele>505.5</ele><time>2026-05-22T08:13:40.600Z</time></trkpt><trkpt lon="-7.1556037" lat="40.2184313"><ele>505.7</ele><time>2026-05-22T08:13:42.600Z</time></trkpt><trkpt lon="-7.1553475" lat="40.2183625"><ele>505.9</ele><time>2026-05-22T08:13:44.600Z</time></trkpt><trkpt lon="-7.154835" lat="40.218225"><ele>506.3</ele><time>2026-05-22T08:13:48.600Z</time></trkpt><trkpt lon="-7.1545787" lat="40.2181563"><ele>506.5</ele><time>2026-05-22T08:13:50.600Z</time></trkpt><trkpt lon="-7.1543225" lat="40.2180875"><ele>506.7</ele><time>2026-05-22T08:13:52.600Z</time></trkpt><trkpt lon="-7.15381" lat="40.21795"><ele>507.1</ele><time>2026-05-22T08:13:56.600Z</time></trkpt><trkpt lon="-7.1535489" lat="40.2178486"><ele>507.5</ele><time>2026-05-22T08:13:58.900Z</time></trkpt><trkpt lon="-7.1532878" lat="40.2177472"><ele>508.0</ele><time>2026-05-22T08:14:01.200Z</time></trkpt><trkpt lon="-7.1530268" lat="40.2176457"><ele>508.4</ele><time>2026-05-22T08:14:03.500Z</time></trkpt><trkpt lon="-7.1527657" lat="40.2175443"><ele>508.8</ele><time>2026-05-22T08:14:05.700Z</time></trkpt><trkpt lon="-7.1525046" lat="40.2174429"><ele>509.0</ele><time>2026-05-22T08:14:07.900Z</time></trkpt><trkpt lon="-7.1522435" lat="40.2173415"><ele>509.1</ele><time>2026-05-22T08:14:10.000Z</time></trkpt><trkpt lon="-7.1517214" lat="40.2171386"><ele>509.5</ele><time>2026-05-22T08:14:14.200Z</time></trkpt><trkpt lon="-7.1514603" lat="40.2170372"><ele>509.8</ele><time>2026-05-22T08:14:16.400Z</time></trkpt><trkpt lon="-7.1511992" lat="40.2169358"><ele>510.2</ele><time>2026-05-22T08:14:18.700Z</time></trkpt><trkpt lon="-7.1506771" lat="40.2167329"><ele>510.9</ele><time>2026-05-22T08:14:23.200Z</time></trkpt><trkpt lon="-7.150416" lat="40.2166315"><ele>511.2</ele><time>2026-05-22T08:14:25.400Z</time></trkpt><trkpt lon="-7.1501549" lat="40.2165301"><ele>511.4</ele><time>2026-05-22T08:14:27.600Z</time></trkpt><trkpt lon="-7.1496328" lat="40.2163272"><ele>511.9</ele><time>2026-05-22T08:14:31.900Z</time></trkpt><trkpt lon="-7.1493717" lat="40.2162258"><ele>512.2</ele><time>2026-05-22T08:14:34.100Z</time></trkpt><trkpt lon="-7.1491106" lat="40.2161243"><ele>512.6</ele><time>2026-05-22T08:14:36.400Z</time></trkpt><trkpt lon="-7.1485885" lat="40.2159215"><ele>513.3</ele><time>2026-05-22T08:14:40.900Z</time></trkpt><trkpt lon="-7.1483274" lat="40.21582"><ele>513.5</ele><time>2026-05-22T08:14:43.100Z</time></trkpt><trkpt lon="-7.1480664" lat="40.2157186"><ele>513.8</ele><time>2026-05-22T08:14:45.200Z</time></trkpt><trkpt lon="-7.1475442" lat="40.2155157"><ele>514.3</ele><time>2026-05-22T08:14:49.600Z</time></trkpt><trkpt lon="-7.1472832" lat="40.2154143"><ele>514.6</ele><time>2026-05-22T08:14:51.800Z</time></trkpt><trkpt lon="-7.1470221" lat="40.2153129"><ele>515.0</ele><time>2026-05-22T08:14:54.100Z</time></trkpt><trkpt lon="-7.1465" lat="40.21511"><ele>515.7</ele><time>2026-05-22T08:14:58.600Z</time></trkpt><trkpt lon="-7.1462712" lat="40.2150188"><ele>516.0</ele><time>2026-05-22T08:15:00.500Z</time></trkpt><trkpt lon="-7.1460425" lat="40.2149275"><ele>516.2</ele><time>2026-05-22T08:15:02.500Z</time></trkpt><trkpt lon="-7.145585" lat="40.214745"><ele>516.7</ele><time>2026-05-22T08:15:06.400Z</time></trkpt><trkpt lon="-7.1453562" lat="40.2146538"><ele>516.9</ele><time>2026-05-22T08:15:08.300Z</time></trkpt><trkpt lon="-7.1451275" lat="40.2145625"><ele>517.1</ele><time>2026-05-22T08:15:10.200Z</time></trkpt><trkpt lon="-7.14467" lat="40.21438"><ele>517.5</ele><time>2026-05-22T08:15:13.900Z</time></trkpt><trkpt lon="-7.14427" lat="40.21418"><ele>517.6</ele><time>2026-05-22T08:15:17.200Z</time></trkpt><trkpt lon="-7.14393" lat="40.21394"><ele>517.4</ele><time>2026-05-22T08:15:20.300Z</time></trkpt><trkpt lon="-7.14381" lat="40.213755"><ele>517.2</ele><time>2026-05-22T08:15:22.000Z</time></trkpt><trkpt lon="-7.14369" lat="40.21357"><ele>517.0</ele><time>2026-05-22T08:15:23.800Z</time></trkpt><trkpt lon="-7.14345" lat="40.2132"><ele>516.6</ele><time>2026-05-22T08:15:27.200Z</time></trkpt><trkpt lon="-7.1433414" lat="40.2130075"><ele>516.5</ele><time>2026-05-22T08:15:29.000Z</time></trkpt><trkpt lon="-7.1432328" lat="40.212815"><ele>516.4</ele><time>2026-05-22T08:15:30.800Z</time></trkpt><trkpt lon="-7.1430155" lat="40.21243"><ele>516.2</ele><time>2026-05-22T08:15:34.400Z</time></trkpt><trkpt lon="-7.1429069" lat="40.2122375"><ele>516.0</ele><time>2026-05-22T08:15:36.200Z</time></trkpt><trkpt lon="-7.1427983" lat="40.212045"><ele>515.9</ele><time>2026-05-22T08:15:38.000Z</time></trkpt><trkpt lon="-7.142581" lat="40.21166"><ele>515.6</ele><time>2026-05-22T08:15:41.600Z</time></trkpt><trkpt lon="-7.1424724" lat="40.2114675"><ele>515.4</ele><time>2026-05-22T08:15:43.400Z</time></trkpt><trkpt lon="-7.1423638" lat="40.211275"><ele>515.3</ele><time>2026-05-22T08:15:45.200Z</time></trkpt><trkpt lon="-7.1421466" lat="40.21089"><ele>515.1</ele><time>2026-05-22T08:15:48.800Z</time></trkpt><trkpt lon="-7.142038" lat="40.2106975"><ele>515.1</ele><time>2026-05-22T08:15:50.600Z</time></trkpt><trkpt lon="-7.1419293" lat="40.210505"><ele>515.1</ele><time>2026-05-22T08:15:52.500Z</time></trkpt><trkpt lon="-7.1417121" lat="40.21012"><ele>515.1</ele><time>2026-05-22T08:15:56.200Z</time></trkpt><trkpt lon="-7.1416035" lat="40.2099275"><ele>515.2</ele><time>2026-05-22T08:15:58.100Z</time></trkpt><trkpt lon="-7.1414949" lat="40.209735"><ele>515.3</ele><time>2026-05-22T08:16:00.000Z</time></trkpt><trkpt lon="-7.1412777" lat="40.20935"><ele>515.5</ele><time>2026-05-22T08:16:03.900Z</time></trkpt><trkpt lon="-7.1411691" lat="40.2091575"><ele>515.7</ele><time>2026-05-22T08:16:05.900Z</time></trkpt><trkpt lon="-7.1410605" lat="40.208965"><ele>515.8</ele><time>2026-05-22T08:16:07.800Z</time></trkpt><trkpt lon="-7.1408432" lat="40.20858"><ele>516.1</ele><time>2026-05-22T08:16:11.800Z</time></trkpt><trkpt lon="-7.1407346" lat="40.2083875"><ele>516.2</ele><time>2026-05-22T08:16:13.700Z</time></trkpt><trkpt lon="-7.140626" lat="40.208195"><ele>516.4</ele><time>2026-05-22T08:16:15.700Z</time></trkpt><trkpt lon="-7.1404088" lat="40.20781"><ele>516.7</ele><time>2026-05-22T08:16:19.700Z</time></trkpt><trkpt lon="-7.1403002" lat="40.2076175"><ele>517.0</ele><time>2026-05-22T08:16:21.700Z</time></trkpt><trkpt lon="-7.1401916" lat="40.207425"><ele>517.2</ele><time>2026-05-22T08:16:23.800Z</time></trkpt><trkpt lon="-7.1399744" lat="40.20704"><ele>517.7</ele><time>2026-05-22T08:16:27.900Z</time></trkpt><trkpt lon="-7.1398658" lat="40.2068475"><ele>517.4</ele><time>2026-05-22T08:16:29.600Z</time></trkpt><trkpt lon="-7.1397572" lat="40.206655"><ele>517.1</ele><time>2026-05-22T08:16:31.300Z</time></trkpt><trkpt lon="-7.13954" lat="40.20627"><ele>516.5</ele><time>2026-05-22T08:16:34.700Z</time></trkpt><trkpt lon="-7.13965" lat="40.20622"><ele>516.6</ele><time>2026-05-22T08:16:35.700Z</time></trkpt><trkpt lon="-7.13951" lat="40.206"><ele>517.1</ele><time>2026-05-22T08:16:38.200Z</time></trkpt><trkpt lon="-7.1393987" lat="40.2057963"><ele>518.1</ele><time>2026-05-22T08:16:41.000Z</time></trkpt><trkpt lon="-7.1392875" lat="40.2055925"><ele>519.0</ele><time>2026-05-22T08:16:43.900Z</time></trkpt><trkpt lon="-7.1391762" lat="40.2053888"><ele>520.0</ele><time>2026-05-22T08:16:46.700Z</time></trkpt><trkpt lon="-7.139065" lat="40.205185"><ele>521.0</ele><time>2026-05-22T08:16:49.600Z</time></trkpt><trkpt lon="-7.1389537" lat="40.2049813"><ele>521.9</ele><time>2026-05-22T08:16:52.300Z</time></trkpt><trkpt lon="-7.1388425" lat="40.2047775"><ele>522.7</ele><time>2026-05-22T08:16:55.100Z</time></trkpt><trkpt lon="-7.1387312" lat="40.2045738"><ele>523.6</ele><time>2026-05-22T08:16:57.800Z</time></trkpt><trkpt lon="-7.13862" lat="40.20437"><ele>524.4</ele><time>2026-05-22T08:17:00.400Z</time></trkpt><trkpt lon="-7.13853" lat="40.20424"><ele>524.4</ele><time>2026-05-22T08:17:01.700Z</time></trkpt><trkpt lon="-7.1383817" lat="40.2040783"><ele>524.5</ele><time>2026-05-22T08:17:03.600Z</time></trkpt><trkpt lon="-7.138085" lat="40.203755"><ele>525.0</ele><time>2026-05-22T08:17:07.400Z</time></trkpt><trkpt lon="-7.1379367" lat="40.2035933"><ele>525.6</ele><time>2026-05-22T08:17:09.600Z</time></trkpt><trkpt lon="-7.13764" lat="40.20327"><ele>526.9</ele><time>2026-05-22T08:17:14.200Z</time></trkpt><trkpt lon="-7.1375033" lat="40.2031133"><ele>527.4</ele><time>2026-05-22T08:17:16.200Z</time></trkpt><trkpt lon="-7.13723" lat="40.2028"><ele>528.3</ele><time>2026-05-22T08:17:20.200Z</time></trkpt><trkpt lon="-7.1370933" lat="40.2026433"><ele>528.4</ele><time>2026-05-22T08:17:22.000Z</time></trkpt><trkpt lon="-7.13682" lat="40.20233"><ele>528.8</ele><time>2026-05-22T08:17:25.600Z</time></trkpt><trkpt lon="-7.13674" lat="40.20214"><ele>529.9</ele><time>2026-05-22T08:17:28.600Z</time></trkpt><trkpt lon="-7.1366767" lat="40.2019089"><ele>529.6</ele><time>2026-05-22T08:17:30.500Z</time></trkpt><trkpt lon="-7.1366133" lat="40.2016778"><ele>529.1</ele><time>2026-05-22T08:17:32.400Z</time></trkpt><trkpt lon="-7.13655" lat="40.2014467"><ele>528.6</ele><time>2026-05-22T08:17:34.200Z</time></trkpt><trkpt lon="-7.1364867" lat="40.2012156"><ele>528.0</ele><time>2026-05-22T08:17:36.100Z</time></trkpt><trkpt lon="-7.1364233" lat="40.2009844"><ele>527.5</ele><time>2026-05-22T08:17:37.900Z</time></trkpt><trkpt lon="-7.13636" lat="40.2007533"><ele>527.0</ele><time>2026-05-22T08:17:39.800Z</time></trkpt><trkpt lon="-7.1362967" lat="40.2005222"><ele>527.0</ele><time>2026-05-22T08:17:41.900Z</time></trkpt><trkpt lon="-7.1362333" lat="40.2002911"><ele>527.1</ele><time>2026-05-22T08:17:44.000Z</time></trkpt><trkpt lon="-7.13617" lat="40.20006"><ele>527.3</ele><time>2026-05-22T08:17:46.200Z</time></trkpt><trkpt lon="-7.13616" lat="40.19979"><ele>527.8</ele><time>2026-05-22T08:17:49.100Z</time></trkpt><trkpt lon="-7.13619" lat="40.19966"><ele>528.2</ele><time>2026-05-22T08:17:50.500Z</time></trkpt><trkpt lon="-7.13625" lat="40.19942"><ele>529.2</ele><time>2026-05-22T08:17:53.600Z</time></trkpt><trkpt lon="-7.13635" lat="40.19921"><ele>529.5</ele><time>2026-05-22T08:17:55.800Z</time></trkpt><trkpt lon="-7.1365" lat="40.19904"><ele>529.9</ele><time>2026-05-22T08:17:57.900Z</time></trkpt><trkpt lon="-7.13665" lat="40.19887"><ele>530.4</ele><time>2026-05-22T08:18:00.100Z</time></trkpt><trkpt lon="-7.1368775" lat="40.19869"><ele>530.9</ele><time>2026-05-22T08:18:02.700Z</time></trkpt><trkpt lon="-7.137105" lat="40.19851"><ele>531.3</ele><time>2026-05-22T08:18:05.200Z</time></trkpt><trkpt lon="-7.1373325" lat="40.19833"><ele>531.1</ele><time>2026-05-22T08:18:07.300Z</time></trkpt><trkpt lon="-7.13756" lat="40.19815"><ele>531.0</ele><time>2026-05-22T08:18:09.500Z</time></trkpt><trkpt lon="-7.13773" lat="40.19813"><ele>530.9</ele><time>2026-05-22T08:18:10.600Z</time></trkpt><trkpt lon="-7.13808" lat="40.19815"><ele>530.7</ele><time>2026-05-22T08:18:12.900Z</time></trkpt><trkpt lon="-7.1382133" lat="40.19797"><ele>530.2</ele><time>2026-05-22T08:18:14.500Z</time></trkpt><trkpt lon="-7.13848" lat="40.19761"><ele>529.2</ele><time>2026-05-22T08:18:17.700Z</time></trkpt><trkpt lon="-7.13849" lat="40.19746"><ele>529.1</ele><time>2026-05-22T08:18:19.000Z</time></trkpt><trkpt lon="-7.1387113" lat="40.1973221"><ele>528.5</ele><time>2026-05-22T08:18:20.600Z</time></trkpt><trkpt lon="-7.1389325" lat="40.1971842"><ele>527.8</ele><time>2026-05-22T08:18:22.200Z</time></trkpt><trkpt lon="-7.139375" lat="40.1969084"><ele>526.3</ele><time>2026-05-22T08:18:25.400Z</time></trkpt><trkpt lon="-7.1395963" lat="40.1967704"><ele>525.5</ele><time>2026-05-22T08:18:27.000Z</time></trkpt><trkpt lon="-7.1398175" lat="40.1966325"><ele>524.8</ele><time>2026-05-22T08:18:28.600Z</time></trkpt><trkpt lon="-7.1402601" lat="40.1963567"><ele>523.2</ele><time>2026-05-22T08:18:31.800Z</time></trkpt><trkpt lon="-7.1404813" lat="40.1962188"><ele>522.5</ele><time>2026-05-22T08:18:33.400Z</time></trkpt><trkpt lon="-7.1407026" lat="40.1960809"><ele>521.9</ele><time>2026-05-22T08:18:35.100Z</time></trkpt><trkpt lon="-7.1411451" lat="40.195805"><ele>520.6</ele><time>2026-05-22T08:18:38.300Z</time></trkpt><trkpt lon="-7.1413663" lat="40.1956671"><ele>520.0</ele><time>2026-05-22T08:18:40.000Z</time></trkpt><trkpt lon="-7.1415876" lat="40.1955292"><ele>519.5</ele><time>2026-05-22T08:18:41.700Z</time></trkpt><trkpt lon="-7.1420301" lat="40.1952534"><ele>518.4</ele><time>2026-05-22T08:18:45.100Z</time></trkpt><trkpt lon="-7.1422513" lat="40.1951154"><ele>517.7</ele><time>2026-05-22T08:18:46.700Z</time></trkpt><trkpt lon="-7.1424725" lat="40.1949775"><ele>517.1</ele><time>2026-05-22T08:18:48.300Z</time></trkpt><trkpt lon="-7.142915" lat="40.1947017"><ele>515.7</ele><time>2026-05-22T08:18:51.600Z</time></trkpt><trkpt lon="-7.1431363" lat="40.1945638"><ele>514.9</ele><time>2026-05-22T08:18:53.100Z</time></trkpt><trkpt lon="-7.1433575" lat="40.1944258"><ele>514.0</ele><time>2026-05-22T08:18:54.700Z</time></trkpt><trkpt lon="-7.1438" lat="40.19415"><ele>512.4</ele><time>2026-05-22T08:18:57.800Z</time></trkpt><trkpt lon="-7.144085" lat="40.193985"><ele>511.5</ele><time>2026-05-22T08:18:59.800Z</time></trkpt><trkpt lon="-7.14437" lat="40.19382"><ele>510.6</ele><time>2026-05-22T08:19:01.900Z</time></trkpt><trkpt lon="-7.144642" lat="40.1937375"><ele>509.7</ele><time>2026-05-22T08:19:03.500Z</time></trkpt><trkpt lon="-7.1449139" lat="40.193655"><ele>508.8</ele><time>2026-05-22T08:19:05.000Z</time></trkpt><trkpt lon="-7.1454578" lat="40.19349"><ele>507.0</ele><time>2026-05-22T08:19:08.200Z</time></trkpt><trkpt lon="-7.1457298" lat="40.1934075"><ele>506.4</ele><time>2026-05-22T08:19:09.900Z</time></trkpt><trkpt lon="-7.1460017" lat="40.1933251"><ele>505.9</ele><time>2026-05-22T08:19:11.700Z</time></trkpt><trkpt lon="-7.1465456" lat="40.1931601"><ele>504.9</ele><time>2026-05-22T08:19:15.200Z</time></trkpt><trkpt lon="-7.1468176" lat="40.1930776"><ele>504.7</ele><time>2026-05-22T08:19:17.000Z</time></trkpt><trkpt lon="-7.1470895" lat="40.1929951"><ele>504.6</ele><time>2026-05-22T08:19:19.000Z</time></trkpt><trkpt lon="-7.1476334" lat="40.1928301"><ele>504.3</ele><time>2026-05-22T08:19:22.800Z</time></trkpt><trkpt lon="-7.1479054" lat="40.1927476"><ele>504.1</ele><time>2026-05-22T08:19:24.700Z</time></trkpt><trkpt lon="-7.1481773" lat="40.1926651"><ele>504.0</ele><time>2026-05-22T08:19:26.600Z</time></trkpt><trkpt lon="-7.1487212" lat="40.1925001"><ele>503.6</ele><time>2026-05-22T08:19:30.400Z</time></trkpt><trkpt lon="-7.1489932" lat="40.1924176"><ele>503.2</ele><time>2026-05-22T08:19:32.200Z</time></trkpt><trkpt lon="-7.1492651" lat="40.1923351"><ele>502.8</ele><time>2026-05-22T08:19:33.900Z</time></trkpt><trkpt lon="-7.149809" lat="40.1921701"><ele>502.1</ele><time>2026-05-22T08:19:37.500Z</time></trkpt><trkpt lon="-7.1500809" lat="40.1920876"><ele>501.7</ele><time>2026-05-22T08:19:39.400Z</time></trkpt><trkpt lon="-7.1503529" lat="40.1920051"><ele>501.4</ele><time>2026-05-22T08:19:41.200Z</time></trkpt><trkpt lon="-7.1508968" lat="40.1918401"><ele>500.8</ele><time>2026-05-22T08:19:44.900Z</time></trkpt><trkpt lon="-7.1511687" lat="40.1917576"><ele>500.5</ele><time>2026-05-22T08:19:46.700Z</time></trkpt><trkpt lon="-7.1514406" lat="40.1916751"><ele>500.1</ele><time>2026-05-22T08:19:48.500Z</time></trkpt><trkpt lon="-7.1519845" lat="40.1915101"><ele>499.4</ele><time>2026-05-22T08:19:52.100Z</time></trkpt><trkpt lon="-7.1522565" lat="40.1914276"><ele>498.8</ele><time>2026-05-22T08:19:53.800Z</time></trkpt><trkpt lon="-7.1525284" lat="40.1913451"><ele>498.1</ele><time>2026-05-22T08:19:55.500Z</time></trkpt><trkpt lon="-7.1530723" lat="40.19118"><ele>496.7</ele><time>2026-05-22T08:19:58.800Z</time></trkpt><trkpt lon="-7.1533442" lat="40.1910975"><ele>496.0</ele><time>2026-05-22T08:20:00.500Z</time></trkpt><trkpt lon="-7.1536161" lat="40.191015"><ele>495.3</ele><time>2026-05-22T08:20:02.100Z</time></trkpt><trkpt lon="-7.15416" lat="40.19085"><ele>493.9</ele><time>2026-05-22T08:20:05.500Z</time></trkpt><trkpt lon="-7.1544343" lat="40.1906929"><ele>493.1</ele><time>2026-05-22T08:20:07.500Z</time></trkpt><trkpt lon="-7.1547086" lat="40.1905357"><ele>492.4</ele><time>2026-05-22T08:20:09.400Z</time></trkpt><trkpt lon="-7.1549829" lat="40.1903786"><ele>491.7</ele><time>2026-05-22T08:20:11.400Z</time></trkpt><trkpt lon="-7.1552572" lat="40.1902215"><ele>490.9</ele><time>2026-05-22T08:20:13.400Z</time></trkpt><trkpt lon="-7.1555315" lat="40.1900643"><ele>490.1</ele><time>2026-05-22T08:20:15.400Z</time></trkpt><trkpt lon="-7.1558058" lat="40.1899072"><ele>489.3</ele><time>2026-05-22T08:20:17.300Z</time></trkpt><trkpt lon="-7.1560801" lat="40.18975"><ele>488.8</ele><time>2026-05-22T08:20:19.400Z</time></trkpt><trkpt lon="-7.1563544" lat="40.1895929"><ele>488.3</ele><time>2026-05-22T08:20:21.500Z</time></trkpt><trkpt lon="-7.1566286" lat="40.1894357"><ele>487.8</ele><time>2026-05-22T08:20:23.600Z</time></trkpt><trkpt lon="-7.1569029" lat="40.1892786"><ele>487.4</ele><time>2026-05-22T08:20:25.700Z</time></trkpt><trkpt lon="-7.1571772" lat="40.1891215"><ele>487.0</ele><time>2026-05-22T08:20:27.900Z</time></trkpt><trkpt lon="-7.1574515" lat="40.1889643"><ele>486.6</ele><time>2026-05-22T08:20:30.000Z</time></trkpt><trkpt lon="-7.1577258" lat="40.1888072"><ele>486.2</ele><time>2026-05-22T08:20:32.100Z</time></trkpt><trkpt lon="-7.1580001" lat="40.18865"><ele>485.8</ele><time>2026-05-22T08:20:34.300Z</time></trkpt><trkpt lon="-7.1582743" lat="40.1884929"><ele>485.4</ele><time>2026-05-22T08:20:36.400Z</time></trkpt><trkpt lon="-7.1585486" lat="40.1883357"><ele>484.8</ele><time>2026-05-22T08:20:38.400Z</time></trkpt><trkpt lon="-7.1588229" lat="40.1881786"><ele>484.1</ele><time>2026-05-22T08:20:40.400Z</time></trkpt><trkpt lon="-7.1590972" lat="40.1880214"><ele>483.4</ele><time>2026-05-22T08:20:42.400Z</time></trkpt><trkpt lon="-7.1593715" lat="40.1878643"><ele>482.9</ele><time>2026-05-22T08:20:44.500Z</time></trkpt><trkpt lon="-7.1596457" lat="40.1877071"><ele>482.4</ele><time>2026-05-22T08:20:46.600Z</time></trkpt><trkpt lon="-7.15992" lat="40.18755"><ele>482.0</ele><time>2026-05-22T08:20:48.700Z</time></trkpt><trkpt lon="-7.1601753" lat="40.1874067"><ele>481.4</ele><time>2026-05-22T08:20:50.600Z</time></trkpt><trkpt lon="-7.1604307" lat="40.1872633"><ele>480.8</ele><time>2026-05-22T08:20:52.400Z</time></trkpt><trkpt lon="-7.160686" lat="40.18712"><ele>480.2</ele><time>2026-05-22T08:20:54.300Z</time></trkpt><trkpt lon="-7.1609414" lat="40.1869767"><ele>479.8</ele><time>2026-05-22T08:20:56.300Z</time></trkpt><trkpt lon="-7.1611967" lat="40.1868333"><ele>479.4</ele><time>2026-05-22T08:20:58.200Z</time></trkpt><trkpt lon="-7.161452" lat="40.18669"><ele>479.0</ele><time>2026-05-22T08:21:00.200Z</time></trkpt><trkpt lon="-7.1617074" lat="40.1865467"><ele>478.7</ele><time>2026-05-22T08:21:02.200Z</time></trkpt><trkpt lon="-7.1619627" lat="40.1864033"><ele>478.3</ele><time>2026-05-22T08:21:04.200Z</time></trkpt><trkpt lon="-7.162218" lat="40.18626"><ele>478.0</ele><time>2026-05-22T08:21:06.200Z</time></trkpt><trkpt lon="-7.1624734" lat="40.1861167"><ele>477.6</ele><time>2026-05-22T08:21:08.100Z</time></trkpt><trkpt lon="-7.1627287" lat="40.1859733"><ele>477.2</ele><time>2026-05-22T08:21:10.100Z</time></trkpt><trkpt lon="-7.162984" lat="40.18583"><ele>476.8</ele><time>2026-05-22T08:21:12.000Z</time></trkpt><trkpt lon="-7.1632393" lat="40.1856867"><ele>476.3</ele><time>2026-05-22T08:21:13.900Z</time></trkpt><trkpt lon="-7.1634947" lat="40.1855433"><ele>475.7</ele><time>2026-05-22T08:21:15.800Z</time></trkpt><trkpt lon="-7.16375" lat="40.1854"><ele>475.2</ele><time>2026-05-22T08:21:17.700Z</time></trkpt><trkpt lon="-7.1639367" lat="40.1852267"><ele>474.8</ele><time>2026-05-22T08:21:19.500Z</time></trkpt><trkpt lon="-7.16431" lat="40.18488"><ele>474.2</ele><time>2026-05-22T08:21:23.200Z</time></trkpt><trkpt lon="-7.1644317" lat="40.184675"><ele>474.3</ele><time>2026-05-22T08:21:25.200Z</time></trkpt><trkpt lon="-7.1645533" lat="40.18447"><ele>474.4</ele><time>2026-05-22T08:21:27.300Z</time></trkpt><trkpt lon="-7.164675" lat="40.184265"><ele>474.5</ele><time>2026-05-22T08:21:29.400Z</time></trkpt><trkpt lon="-7.1647967" lat="40.18406"><ele>475.2</ele><time>2026-05-22T08:21:31.900Z</time></trkpt><trkpt lon="-7.1649183" lat="40.183855"><ele>475.9</ele><time>2026-05-22T08:21:34.500Z</time></trkpt><trkpt lon="-7.16504" lat="40.18365"><ele>476.7</ele><time>2026-05-22T08:21:37.100Z</time></trkpt><trkpt lon="-7.16517" lat="40.183505"><ele>477.7</ele><time>2026-05-22T08:21:39.700Z</time></trkpt><trkpt lon="-7.1653" lat="40.18336"><ele>478.7</ele><time>2026-05-22T08:21:42.400Z</time></trkpt><trkpt lon="-7.16544" lat="40.183215"><ele>479.7</ele><time>2026-05-22T08:21:45.000Z</time></trkpt><trkpt lon="-7.16558" lat="40.18307"><ele>480.8</ele><time>2026-05-22T08:21:47.700Z</time></trkpt><trkpt lon="-7.165725" lat="40.1829683"><ele>482.2</ele><time>2026-05-22T08:21:50.800Z</time></trkpt><trkpt lon="-7.166015" lat="40.182765"><ele>485.0</ele><time>2026-05-22T08:21:56.900Z</time></trkpt><trkpt lon="-7.1662325" lat="40.1826125"><ele>486.1</ele><time>2026-05-22T08:22:00.000Z</time></trkpt><trkpt lon="-7.16645" lat="40.18246"><ele>487.2</ele><time>2026-05-22T08:22:03.000Z</time></trkpt><trkpt lon="-7.1666167" lat="40.182365"><ele>488.4</ele><time>2026-05-22T08:22:05.800Z</time></trkpt><trkpt lon="-7.16695" lat="40.182175"><ele>491.0</ele><time>2026-05-22T08:22:11.500Z</time></trkpt><trkpt lon="-7.1671167" lat="40.18208"><ele>491.7</ele><time>2026-05-22T08:22:13.600Z</time></trkpt><trkpt lon="-7.16745" lat="40.18189"><ele>493.1</ele><time>2026-05-22T08:22:17.600Z</time></trkpt><trkpt lon="-7.1676167" lat="40.1817767"><ele>494.1</ele><time>2026-05-22T08:22:20.200Z</time></trkpt><trkpt lon="-7.16795" lat="40.18155"><ele>496.1</ele><time>2026-05-22T08:22:25.400Z</time></trkpt><trkpt lon="-7.1681367" lat="40.1814033"><ele>497.0</ele><time>2026-05-22T08:22:28.100Z</time></trkpt><trkpt lon="-7.1683233" lat="40.1812567"><ele>497.9</ele><time>2026-05-22T08:22:30.600Z</time></trkpt><trkpt lon="-7.16851" lat="40.18111"><ele>498.8</ele><time>2026-05-22T08:22:33.300Z</time></trkpt><trkpt lon="-7.168615" lat="40.18096"><ele>499.8</ele><time>2026-05-22T08:22:35.900Z</time></trkpt><trkpt lon="-7.16872" lat="40.18081"><ele>500.8</ele><time>2026-05-22T08:22:38.500Z</time></trkpt><trkpt lon="-7.16893" lat="40.18051"><ele>502.9</ele><time>2026-05-22T08:22:43.700Z</time></trkpt><trkpt lon="-7.1689975" lat="40.1803225"><ele>504.0</ele><time>2026-05-22T08:22:46.600Z</time></trkpt><trkpt lon="-7.169065" lat="40.180135"><ele>505.0</ele><time>2026-05-22T08:22:49.400Z</time></trkpt><trkpt lon="-7.1692" lat="40.17976"><ele>507.1</ele><time>2026-05-22T08:22:54.900Z</time></trkpt><trkpt lon="-7.1692667" lat="40.1795933"><ele>507.9</ele><time>2026-05-22T08:22:57.200Z</time></trkpt><trkpt lon="-7.1694" lat="40.17926"><ele>509.5</ele><time>2026-05-22T08:23:01.900Z</time></trkpt><trkpt lon="-7.169455" lat="40.1790917"><ele>510.8</ele><time>2026-05-22T08:23:04.900Z</time></trkpt><trkpt lon="-7.16951" lat="40.1789233"><ele>512.2</ele><time>2026-05-22T08:23:08.000Z</time></trkpt><trkpt lon="-7.169565" lat="40.178755"><ele>513.5</ele><time>2026-05-22T08:23:10.900Z</time></trkpt><trkpt lon="-7.16962" lat="40.1785867"><ele>514.2</ele><time>2026-05-22T08:23:13.200Z</time></trkpt><trkpt lon="-7.16973" lat="40.17825"><ele>515.6</ele><time>2026-05-22T08:23:17.500Z</time></trkpt><trkpt lon="-7.1697533" lat="40.17803"><ele>516.3</ele><time>2026-05-22T08:23:19.900Z</time></trkpt><trkpt lon="-7.1697767" lat="40.17781"><ele>516.9</ele><time>2026-05-22T08:23:22.400Z</time></trkpt><trkpt lon="-7.1698" lat="40.17759"><ele>517.5</ele><time>2026-05-22T08:23:24.800Z</time></trkpt><trkpt lon="-7.1698" lat="40.17736"><ele>517.6</ele><time>2026-05-22T08:23:27.000Z</time></trkpt><trkpt lon="-7.16973" lat="40.17713"><ele>517.4</ele><time>2026-05-22T08:23:29.000Z</time></trkpt><trkpt lon="-7.16966" lat="40.1769"><ele>517.2</ele><time>2026-05-22T08:23:30.900Z</time></trkpt><trkpt lon="-7.1695" lat="40.17657"><ele>516.2</ele><time>2026-05-22T08:23:33.600Z</time></trkpt><trkpt lon="-7.16933" lat="40.17636"><ele>515.2</ele><time>2026-05-22T08:23:35.400Z</time></trkpt><trkpt lon="-7.16914" lat="40.17616"><ele>514.1</ele><time>2026-05-22T08:23:37.000Z</time></trkpt><trkpt lon="-7.16882" lat="40.17587"><ele>512.4</ele><time>2026-05-22T08:23:39.700Z</time></trkpt><trkpt lon="-7.16877" lat="40.17575"><ele>511.8</ele><time>2026-05-22T08:23:40.500Z</time></trkpt><trkpt lon="-7.16863" lat="40.17561"><ele>511.4</ele><time>2026-05-22T08:23:41.900Z</time></trkpt><trkpt lon="-7.1686" lat="40.17547"><ele>511.3</ele><time>2026-05-22T08:23:43.100Z</time></trkpt><trkpt lon="-7.16861" lat="40.17535"><ele>511.2</ele><time>2026-05-22T08:23:44.100Z</time></trkpt><trkpt lon="-7.16869" lat="40.17525"><ele>511.2</ele><time>2026-05-22T08:23:45.200Z</time></trkpt><trkpt lon="-7.16896" lat="40.17504"><ele>511.8</ele><time>2026-05-22T08:23:48.200Z</time></trkpt><trkpt lon="-7.169145" lat="40.17492"><ele>512.6</ele><time>2026-05-22T08:23:50.600Z</time></trkpt><trkpt lon="-7.16933" lat="40.1748"><ele>513.5</ele><time>2026-05-22T08:23:53.100Z</time></trkpt><trkpt lon="-7.1695" lat="40.17463"><ele>514.5</ele><time>2026-05-22T08:23:56.000Z</time></trkpt><trkpt lon="-7.1695" lat="40.17446"><ele>515.6</ele><time>2026-05-22T08:23:58.700Z</time></trkpt><trkpt lon="-7.169405" lat="40.17429"><ele>516.6</ele><time>2026-05-22T08:24:01.400Z</time></trkpt><trkpt lon="-7.16931" lat="40.17412"><ele>517.7</ele><time>2026-05-22T08:24:04.100Z</time></trkpt><trkpt lon="-7.16928" lat="40.17397"><ele>518.8</ele><time>2026-05-22T08:24:06.700Z</time></trkpt><trkpt lon="-7.16927" lat="40.17375"><ele>519.9</ele><time>2026-05-22T08:24:09.700Z</time></trkpt><trkpt lon="-7.16926" lat="40.17353"><ele>520.9</ele><time>2026-05-22T08:24:12.700Z</time></trkpt><trkpt lon="-7.16914" lat="40.17337"><ele>522.0</ele><time>2026-05-22T08:24:15.500Z</time></trkpt><trkpt lon="-7.168885" lat="40.17327"><ele>522.9</ele><time>2026-05-22T08:24:18.300Z</time></trkpt><trkpt lon="-7.16863" lat="40.17317"><ele>523.9</ele><time>2026-05-22T08:24:21.100Z</time></trkpt><trkpt lon="-7.1685633" lat="40.17302"><ele>524.7</ele><time>2026-05-22T08:24:23.300Z</time></trkpt><trkpt lon="-7.16843" lat="40.17272"><ele>526.3</ele><time>2026-05-22T08:24:27.700Z</time></trkpt><trkpt lon="-7.16851" lat="40.17253"><ele>527.0</ele><time>2026-05-22T08:24:30.100Z</time></trkpt><trkpt lon="-7.1686667" lat="40.1724233"><ele>527.7</ele><time>2026-05-22T08:24:32.100Z</time></trkpt><trkpt lon="-7.16898" lat="40.17221"><ele>529.1</ele><time>2026-05-22T08:24:36.200Z</time></trkpt><trkpt lon="-7.16919" lat="40.1721133"><ele>529.9</ele><time>2026-05-22T08:24:38.700Z</time></trkpt><trkpt lon="-7.16961" lat="40.17192"><ele>531.8</ele><time>2026-05-22T08:24:43.900Z</time></trkpt><trkpt lon="-7.16973" lat="40.17192"><ele>532.7</ele><time>2026-05-22T08:24:45.800Z</time></trkpt><trkpt lon="-7.17004" lat="40.171975"><ele>533.6</ele><time>2026-05-22T08:24:48.800Z</time></trkpt><trkpt lon="-7.17035" lat="40.17203"><ele>534.4</ele><time>2026-05-22T08:24:51.500Z</time></trkpt><trkpt lon="-7.1705567" lat="40.1720667"><ele>535.0</ele><time>2026-05-22T08:24:53.500Z</time></trkpt><trkpt lon="-7.17097" lat="40.17214"><ele>536.5</ele><time>2026-05-22T08:24:57.700Z</time></trkpt><trkpt lon="-7.17119" lat="40.17215"><ele>538.6</ele><time>2026-05-22T08:25:01.700Z</time></trkpt><trkpt lon="-7.17137" lat="40.1721"><ele>539.2</ele><time>2026-05-22T08:25:03.500Z</time></trkpt><trkpt lon="-7.17149" lat="40.17193"><ele>539.5</ele><time>2026-05-22T08:25:05.500Z</time></trkpt><trkpt lon="-7.17149" lat="40.17172"><ele>540.1</ele><time>2026-05-22T08:25:07.900Z</time></trkpt><trkpt lon="-7.17138" lat="40.1715767"><ele>541.1</ele><time>2026-05-22T08:25:10.300Z</time></trkpt><trkpt lon="-7.17116" lat="40.17129"><ele>543.2</ele><time>2026-05-22T08:25:15.500Z</time></trkpt><trkpt lon="-7.17109" lat="40.17112"><ele>544.7</ele><time>2026-05-22T08:25:18.900Z</time></trkpt><trkpt lon="-7.17107" lat="40.170885"><ele>545.8</ele><time>2026-05-22T08:25:22.000Z</time></trkpt><trkpt lon="-7.17105" lat="40.17065"><ele>546.6</ele><time>2026-05-22T08:25:24.800Z</time></trkpt><trkpt lon="-7.17093" lat="40.1705"><ele>547.3</ele><time>2026-05-22T08:25:26.900Z</time></trkpt><trkpt lon="-7.1707433" lat="40.1703667"><ele>548.5</ele><time>2026-05-22T08:25:29.900Z</time></trkpt><trkpt lon="-7.1705567" lat="40.1702333"><ele>549.9</ele><time>2026-05-22T08:25:33.100Z</time></trkpt><trkpt lon="-7.17037" lat="40.1701"><ele>551.1</ele><time>2026-05-22T08:25:36.200Z</time></trkpt><trkpt lon="-7.17032" lat="40.16992"><ele>552.0</ele><time>2026-05-22T08:25:38.700Z</time></trkpt><trkpt lon="-7.17032" lat="40.16974"><ele>553.1</ele><time>2026-05-22T08:25:41.400Z</time></trkpt><trkpt lon="-7.17039" lat="40.16949"><ele>554.9</ele><time>2026-05-22T08:25:45.700Z</time></trkpt><trkpt lon="-7.17036" lat="40.16934"><ele>556.3</ele><time>2026-05-22T08:25:48.700Z</time></trkpt><trkpt lon="-7.17024" lat="40.16925"><ele>557.6</ele><time>2026-05-22T08:25:51.500Z</time></trkpt><trkpt lon="-7.17003" lat="40.169175"><ele>558.6</ele><time>2026-05-22T08:25:54.100Z</time></trkpt><trkpt lon="-7.16982" lat="40.1691"><ele>559.5</ele><time>2026-05-22T08:25:56.500Z</time></trkpt><trkpt lon="-7.16968" lat="40.16902"><ele>560.2</ele><time>2026-05-22T08:25:58.500Z</time></trkpt><trkpt lon="-7.16964" lat="40.16886"><ele>561.1</ele><time>2026-05-22T08:26:00.800Z</time></trkpt><trkpt lon="-7.1696733" lat="40.1686467"><ele>561.6</ele><time>2026-05-22T08:26:03.100Z</time></trkpt><trkpt lon="-7.1697067" lat="40.1684333"><ele>562.0</ele><time>2026-05-22T08:26:05.300Z</time></trkpt><trkpt lon="-7.16974" lat="40.16822"><ele>562.4</ele><time>2026-05-22T08:26:07.500Z</time></trkpt><trkpt lon="-7.16996" lat="40.16813"><ele>561.3</ele><time>2026-05-22T08:26:08.700Z</time></trkpt><trkpt lon="-7.16999" lat="40.16808"><ele>560.0</ele><time>2026-05-22T08:26:09.100Z</time></trkpt><trkpt lon="-7.16998" lat="40.1678833"><ele>558.3</ele><time>2026-05-22T08:26:10.300Z</time></trkpt><trkpt lon="-7.16996" lat="40.16749"><ele>556.2</ele><time>2026-05-22T08:26:12.900Z</time></trkpt><trkpt lon="-7.17008" lat="40.16735"><ele>554.4</ele><time>2026-05-22T08:26:14.100Z</time></trkpt><trkpt lon="-7.17034" lat="40.16728"><ele>553.2</ele><time>2026-05-22T08:26:15.400Z</time></trkpt><trkpt lon="-7.1706" lat="40.16721"><ele>552.1</ele><time>2026-05-22T08:26:16.800Z</time></trkpt><trkpt lon="-7.1709233" lat="40.1673233"><ele>550.4</ele><time>2026-05-22T08:26:18.600Z</time></trkpt><trkpt lon="-7.1712467" lat="40.1674367"><ele>548.7</ele><time>2026-05-22T08:26:20.400Z</time></trkpt><trkpt lon="-7.17157" lat="40.16755"><ele>546.9</ele><time>2026-05-22T08:26:22.100Z</time></trkpt><trkpt lon="-7.1718733" lat="40.1674967"><ele>544.7</ele><time>2026-05-22T08:26:23.600Z</time></trkpt><trkpt lon="-7.1721767" lat="40.1674433"><ele>542.5</ele><time>2026-05-22T08:26:25.100Z</time></trkpt><trkpt lon="-7.17248" lat="40.16739"><ele>540.3</ele><time>2026-05-22T08:26:26.600Z</time></trkpt><trkpt lon="-7.1727767" lat="40.16732"><ele>538.7</ele><time>2026-05-22T08:26:28.100Z</time></trkpt><trkpt lon="-7.1730733" lat="40.16725"><ele>537.3</ele><time>2026-05-22T08:26:29.700Z</time></trkpt><trkpt lon="-7.17337" lat="40.16718"><ele>535.8</ele><time>2026-05-22T08:26:31.200Z</time></trkpt><trkpt lon="-7.1736433" lat="40.1671417"><ele>534.3</ele><time>2026-05-22T08:26:32.600Z</time></trkpt><trkpt lon="-7.17419" lat="40.167065"><ele>531.5</ele><time>2026-05-22T08:26:35.300Z</time></trkpt><trkpt lon="-7.1744633" lat="40.1670267"><ele>530.6</ele><time>2026-05-22T08:26:36.800Z</time></trkpt><trkpt lon="-7.17501" lat="40.16695"><ele>529.0</ele><time>2026-05-22T08:26:39.900Z</time></trkpt><trkpt lon="-7.17534" lat="40.16697"><ele>528.0</ele><time>2026-05-22T08:26:41.700Z</time></trkpt><trkpt lon="-7.1756733" lat="40.16703"><ele>526.7</ele><time>2026-05-22T08:26:43.400Z</time></trkpt><trkpt lon="-7.1760067" lat="40.16709"><ele>525.3</ele><time>2026-05-22T08:26:45.200Z</time></trkpt><trkpt lon="-7.17634" lat="40.16715"><ele>524.0</ele><time>2026-05-22T08:26:46.900Z</time></trkpt><trkpt lon="-7.17649" lat="40.16714"><ele>523.5</ele><time>2026-05-22T08:26:47.700Z</time></trkpt><trkpt lon="-7.17659" lat="40.16708"><ele>522.8</ele><time>2026-05-22T08:26:48.300Z</time></trkpt><trkpt lon="-7.1767" lat="40.16709"><ele>521.9</ele><time>2026-05-22T08:26:48.900Z</time></trkpt><trkpt lon="-7.17712" lat="40.16697"><ele>520.3</ele><time>2026-05-22T08:26:51.200Z</time></trkpt><trkpt lon="-7.17734" lat="40.16693"><ele>519.3</ele><time>2026-05-22T08:26:52.400Z</time></trkpt><trkpt lon="-7.1776375" lat="40.1669225"><ele>518.6</ele><time>2026-05-22T08:26:54.100Z</time></trkpt><trkpt lon="-7.177935" lat="40.166915"><ele>517.8</ele><time>2026-05-22T08:26:55.700Z</time></trkpt><trkpt lon="-7.1782325" lat="40.1669075"><ele>515.2</ele><time>2026-05-22T08:26:57.300Z</time></trkpt><trkpt lon="-7.17853" lat="40.1669"><ele>512.6</ele><time>2026-05-22T08:26:58.900Z</time></trkpt><trkpt lon="-7.17876" lat="40.16687"><ele>511.1</ele><time>2026-05-22T08:27:00.000Z</time></trkpt><trkpt lon="-7.1789633" lat="40.16677"><ele>510.2</ele><time>2026-05-22T08:27:01.300Z</time></trkpt><trkpt lon="-7.17937" lat="40.16657"><ele>508.4</ele><time>2026-05-22T08:27:03.800Z</time></trkpt><trkpt lon="-7.1796533" lat="40.16647"><ele>506.7</ele><time>2026-05-22T08:27:05.300Z</time></trkpt><trkpt lon="-7.1799367" lat="40.16637"><ele>504.9</ele><time>2026-05-22T08:27:06.800Z</time></trkpt><trkpt lon="-7.18022" lat="40.16627"><ele>503.2</ele><time>2026-05-22T08:27:08.300Z</time></trkpt><trkpt lon="-7.1804725" lat="40.1661525"><ele>502.3</ele><time>2026-05-22T08:27:09.900Z</time></trkpt><trkpt lon="-7.180725" lat="40.166035"><ele>501.5</ele><time>2026-05-22T08:27:11.600Z</time></trkpt><trkpt lon="-7.1809775" lat="40.1659175"><ele>500.4</ele><time>2026-05-22T08:27:13.100Z</time></trkpt><trkpt lon="-7.18123" lat="40.1658"><ele>499.3</ele><time>2026-05-22T08:27:14.600Z</time></trkpt><trkpt lon="-7.18155" lat="40.16571"><ele>497.3</ele><time>2026-05-22T08:27:16.300Z</time></trkpt><trkpt lon="-7.181855" lat="40.1656575"><ele>495.8</ele><time>2026-05-22T08:27:17.800Z</time></trkpt><trkpt lon="-7.18216" lat="40.165605"><ele>494.4</ele><time>2026-05-22T08:27:19.400Z</time></trkpt><trkpt lon="-7.182465" lat="40.1655525"><ele>493.3</ele><time>2026-05-22T08:27:21.000Z</time></trkpt><trkpt lon="-7.18277" lat="40.1655"><ele>492.1</ele><time>2026-05-22T08:27:22.600Z</time></trkpt><trkpt lon="-7.18303" lat="40.16541"><ele>491.1</ele><time>2026-05-22T08:27:24.100Z</time></trkpt><trkpt lon="-7.1834" lat="40.16514"><ele>489.9</ele><time>2026-05-22T08:27:27.000Z</time></trkpt><trkpt lon="-7.1835925" lat="40.1649825"><ele>488.3</ele><time>2026-05-22T08:27:28.400Z</time></trkpt><trkpt lon="-7.183785" lat="40.164825"><ele>486.7</ele><time>2026-05-22T08:27:29.800Z</time></trkpt><trkpt lon="-7.18417" lat="40.16451"><ele>483.6</ele><time>2026-05-22T08:27:32.500Z</time></trkpt><trkpt lon="-7.18439" lat="40.16431"><ele>482.9</ele><time>2026-05-22T08:27:34.500Z</time></trkpt><trkpt lon="-7.18449" lat="40.16426"><ele>482.8</ele><time>2026-05-22T08:27:35.300Z</time></trkpt><trkpt lon="-7.18453" lat="40.16419"><ele>482.4</ele><time>2026-05-22T08:27:35.800Z</time></trkpt><trkpt lon="-7.18475" lat="40.16402"><ele>481.1</ele><time>2026-05-22T08:27:37.400Z</time></trkpt><trkpt lon="-7.184965" lat="40.1638933"><ele>479.7</ele><time>2026-05-22T08:27:38.700Z</time></trkpt><trkpt lon="-7.185395" lat="40.16364"><ele>476.9</ele><time>2026-05-22T08:27:41.400Z</time></trkpt><trkpt lon="-7.18561" lat="40.1635133"><ele>475.6</ele><time>2026-05-22T08:27:42.700Z</time></trkpt><trkpt lon="-7.18604" lat="40.16326"><ele>473.0</ele><time>2026-05-22T08:27:45.400Z</time></trkpt><trkpt lon="-7.186275" lat="40.163115"><ele>471.6</ele><time>2026-05-22T08:27:46.900Z</time></trkpt><trkpt lon="-7.18651" lat="40.16297"><ele>470.1</ele><time>2026-05-22T08:27:48.400Z</time></trkpt><trkpt lon="-7.18669" lat="40.16284"><ele>468.9</ele><time>2026-05-22T08:27:49.600Z</time></trkpt><trkpt lon="-7.18683" lat="40.16267"><ele>468.5</ele><time>2026-05-22T08:27:51.200Z</time></trkpt><trkpt lon="-7.18691" lat="40.1625"><ele>468.1</ele><time>2026-05-22T08:27:52.600Z</time></trkpt><trkpt lon="-7.18711" lat="40.16213"><ele>467.7</ele><time>2026-05-22T08:27:56.000Z</time></trkpt><trkpt lon="-7.18709" lat="40.162"><ele>467.6</ele><time>2026-05-22T08:27:57.100Z</time></trkpt><trkpt lon="-7.18711" lat="40.16192"><ele>467.5</ele><time>2026-05-22T08:27:57.800Z</time></trkpt><trkpt lon="-7.18719" lat="40.16185"><ele>467.4</ele><time>2026-05-22T08:27:58.600Z</time></trkpt><trkpt lon="-7.18729" lat="40.16159"><ele>467.2</ele><time>2026-05-22T08:28:00.900Z</time></trkpt><trkpt lon="-7.18737" lat="40.16145"><ele>466.9</ele><time>2026-05-22T08:28:02.100Z</time></trkpt><trkpt lon="-7.18751" lat="40.16127"><ele>466.0</ele><time>2026-05-22T08:28:03.500Z</time></trkpt><trkpt lon="-7.187735" lat="40.161055"><ele>464.9</ele><time>2026-05-22T08:28:05.500Z</time></trkpt><trkpt lon="-7.18796" lat="40.16084"><ele>463.8</ele><time>2026-05-22T08:28:07.400Z</time></trkpt><trkpt lon="-7.188185" lat="40.160625"><ele>462.1</ele><time>2026-05-22T08:28:09.200Z</time></trkpt><trkpt lon="-7.18841" lat="40.16041"><ele>460.5</ele><time>2026-05-22T08:28:11.000Z</time></trkpt><trkpt lon="-7.1885385" lat="40.1602229"><ele>459.1</ele><time>2026-05-22T08:28:12.400Z</time></trkpt><trkpt lon="-7.188667" lat="40.1600358"><ele>457.8</ele><time>2026-05-22T08:28:13.700Z</time></trkpt><trkpt lon="-7.1889239" lat="40.1596616"><ele>455.1</ele><time>2026-05-22T08:28:16.500Z</time></trkpt><trkpt lon="-7.1890524" lat="40.1594744"><ele>454.3</ele><time>2026-05-22T08:28:18.000Z</time></trkpt><trkpt lon="-7.1891809" lat="40.1592873"><ele>453.6</ele><time>2026-05-22T08:28:19.600Z</time></trkpt><trkpt lon="-7.1894378" lat="40.1589131"><ele>452.3</ele><time>2026-05-22T08:28:22.700Z</time></trkpt><trkpt lon="-7.1895663" lat="40.158726"><ele>451.9</ele><time>2026-05-22T08:28:24.400Z</time></trkpt><trkpt lon="-7.1896948" lat="40.1585389"><ele>451.6</ele><time>2026-05-22T08:28:26.100Z</time></trkpt><trkpt lon="-7.1899517" lat="40.1581646"><ele>451.0</ele><time>2026-05-22T08:28:29.600Z</time></trkpt><trkpt lon="-7.1900802" lat="40.1579775"><ele>451.1</ele><time>2026-05-22T08:28:31.600Z</time></trkpt><trkpt lon="-7.1902086" lat="40.1577904"><ele>451.4</ele><time>2026-05-22T08:28:33.600Z</time></trkpt><trkpt lon="-7.1904656" lat="40.1574162"><ele>451.8</ele><time>2026-05-22T08:28:37.700Z</time></trkpt><trkpt lon="-7.1905941" lat="40.1572291"><ele>451.7</ele><time>2026-05-22T08:28:39.500Z</time></trkpt><trkpt lon="-7.1907225" lat="40.157042"><ele>451.5</ele><time>2026-05-22T08:28:41.300Z</time></trkpt><trkpt lon="-7.1909795" lat="40.1566677"><ele>451.2</ele><time>2026-05-22T08:28:44.900Z</time></trkpt><trkpt lon="-7.1911079" lat="40.1564806"><ele>450.5</ele><time>2026-05-22T08:28:46.500Z</time></trkpt><trkpt lon="-7.1912364" lat="40.1562935"><ele>449.7</ele><time>2026-05-22T08:28:48.000Z</time></trkpt><trkpt lon="-7.1914933" lat="40.1559193"><ele>448.3</ele><time>2026-05-22T08:28:51.100Z</time></trkpt><trkpt lon="-7.1916218" lat="40.1557322"><ele>448.0</ele><time>2026-05-22T08:28:52.800Z</time></trkpt><trkpt lon="-7.1917502" lat="40.155545"><ele>447.8</ele><time>2026-05-22T08:28:54.600Z</time></trkpt><trkpt lon="-7.1920072" lat="40.1551708"><ele>447.4</ele><time>2026-05-22T08:28:58.200Z</time></trkpt><trkpt lon="-7.1921356" lat="40.1549837"><ele>447.1</ele><time>2026-05-22T08:28:59.900Z</time></trkpt><trkpt lon="-7.1922641" lat="40.1547966"><ele>446.7</ele><time>2026-05-22T08:29:01.600Z</time></trkpt><trkpt lon="-7.192521" lat="40.1544224"><ele>446.0</ele><time>2026-05-22T08:29:05.000Z</time></trkpt><trkpt lon="-7.1926495" lat="40.1542352"><ele>445.9</ele><time>2026-05-22T08:29:06.800Z</time></trkpt><trkpt lon="-7.1927779" lat="40.1540481"><ele>445.8</ele><time>2026-05-22T08:29:08.600Z</time></trkpt><trkpt lon="-7.1930348" lat="40.1536739"><ele>445.5</ele><time>2026-05-22T08:29:12.200Z</time></trkpt><trkpt lon="-7.1931633" lat="40.1534868"><ele>444.9</ele><time>2026-05-22T08:29:13.800Z</time></trkpt><trkpt lon="-7.1932917" lat="40.1532997"><ele>444.3</ele><time>2026-05-22T08:29:15.400Z</time></trkpt><trkpt lon="-7.1935486" lat="40.1529254"><ele>443.0</ele><time>2026-05-22T08:29:18.600Z</time></trkpt><trkpt lon="-7.1936771" lat="40.1527383"><ele>441.9</ele><time>2026-05-22T08:29:20.000Z</time></trkpt><trkpt lon="-7.1938055" lat="40.1525512"><ele>440.8</ele><time>2026-05-22T08:29:21.400Z</time></trkpt><trkpt lon="-7.1940624" lat="40.1521769"><ele>438.6</ele><time>2026-05-22T08:29:24.200Z</time></trkpt><trkpt lon="-7.1941909" lat="40.1519898"><ele>438.0</ele><time>2026-05-22T08:29:25.800Z</time></trkpt><trkpt lon="-7.1943193" lat="40.1518027"><ele>437.5</ele><time>2026-05-22T08:29:27.400Z</time></trkpt><trkpt lon="-7.1945762" lat="40.1514285"><ele>436.5</ele><time>2026-05-22T08:29:30.700Z</time></trkpt><trkpt lon="-7.1947047" lat="40.1512414"><ele>436.4</ele><time>2026-05-22T08:29:32.600Z</time></trkpt><trkpt lon="-7.1948331" lat="40.1510542"><ele>436.5</ele><time>2026-05-22T08:29:34.500Z</time></trkpt><trkpt lon="-7.19509" lat="40.15068"><ele>436.4</ele><time>2026-05-22T08:29:38.200Z</time></trkpt><trkpt lon="-7.1951933" lat="40.1504667"><ele>435.8</ele><time>2026-05-22T08:29:39.900Z</time></trkpt><trkpt lon="-7.1954" lat="40.15004"><ele>434.4</ele><time>2026-05-22T08:29:43.300Z</time></trkpt><trkpt lon="-7.1955033" lat="40.1498267"><ele>433.7</ele><time>2026-05-22T08:29:45.000Z</time></trkpt><trkpt lon="-7.19571" lat="40.1494"><ele>432.2</ele><time>2026-05-22T08:29:48.400Z</time></trkpt><trkpt lon="-7.1958111" lat="40.1491811"><ele>432.1</ele><time>2026-05-22T08:29:50.400Z</time></trkpt><trkpt lon="-7.1959122" lat="40.1489622"><ele>432.1</ele><time>2026-05-22T08:29:52.400Z</time></trkpt><trkpt lon="-7.1960133" lat="40.1487433"><ele>432.1</ele><time>2026-05-22T08:29:54.500Z</time></trkpt><trkpt lon="-7.1961145" lat="40.1485244"><ele>432.5</ele><time>2026-05-22T08:29:56.900Z</time></trkpt><trkpt lon="-7.1962156" lat="40.1483056"><ele>432.9</ele><time>2026-05-22T08:29:59.300Z</time></trkpt><trkpt lon="-7.1963167" lat="40.1480867"><ele>433.4</ele><time>2026-05-22T08:30:01.700Z</time></trkpt><trkpt lon="-7.1964178" lat="40.1478678"><ele>433.8</ele><time>2026-05-22T08:30:04.000Z</time></trkpt><trkpt lon="-7.1965189" lat="40.1476489"><ele>434.2</ele><time>2026-05-22T08:30:06.400Z</time></trkpt><trkpt lon="-7.19662" lat="40.14743"><ele>434.6</ele><time>2026-05-22T08:30:08.700Z</time></trkpt><trkpt lon="-7.1967089" lat="40.1472244"><ele>434.7</ele><time>2026-05-22T08:30:10.700Z</time></trkpt><trkpt lon="-7.1968867" lat="40.1468133"><ele>434.9</ele><time>2026-05-22T08:30:14.700Z</time></trkpt><trkpt lon="-7.1969756" lat="40.1466078"><ele>435.0</ele><time>2026-05-22T08:30:16.700Z</time></trkpt><trkpt lon="-7.1971533" lat="40.1461967"><ele>435.1</ele><time>2026-05-22T08:30:20.600Z</time></trkpt><trkpt lon="-7.1972422" lat="40.1459911"><ele>435.1</ele><time>2026-05-22T08:30:22.500Z</time></trkpt><trkpt lon="-7.19742" lat="40.14558"><ele>435.3</ele><time>2026-05-22T08:30:26.500Z</time></trkpt><trkpt lon="-7.1975175" lat="40.1453825"><ele>435.3</ele><time>2026-05-22T08:30:28.400Z</time></trkpt><trkpt lon="-7.197615" lat="40.145185"><ele>435.4</ele><time>2026-05-22T08:30:30.300Z</time></trkpt><trkpt lon="-7.19781" lat="40.14479"><ele>435.5</ele><time>2026-05-22T08:30:34.100Z</time></trkpt><trkpt lon="-7.197915" lat="40.1445975"><ele>435.3</ele><time>2026-05-22T08:30:35.900Z</time></trkpt><trkpt lon="-7.19802" lat="40.144405"><ele>434.9</ele><time>2026-05-22T08:30:37.600Z</time></trkpt><trkpt lon="-7.19823" lat="40.14402"><ele>434.3</ele><time>2026-05-22T08:30:41.000Z</time></trkpt><trkpt lon="-7.19836" lat="40.1438333"><ele>434.0</ele><time>2026-05-22T08:30:42.700Z</time></trkpt><trkpt lon="-7.19862" lat="40.14346"><ele>433.3</ele><time>2026-05-22T08:30:46.100Z</time></trkpt><trkpt lon="-7.19875" lat="40.1432733"><ele>432.9</ele><time>2026-05-22T08:30:47.800Z</time></trkpt><trkpt lon="-7.19901" lat="40.1429"><ele>432.1</ele><time>2026-05-22T08:30:51.100Z</time></trkpt><trkpt lon="-7.19923" lat="40.1426967"><ele>430.9</ele><time>2026-05-22T08:30:53.000Z</time></trkpt><trkpt lon="-7.19945" lat="40.1424933"><ele>429.6</ele><time>2026-05-22T08:30:54.800Z</time></trkpt><trkpt lon="-7.19967" lat="40.14229"><ele>428.4</ele><time>2026-05-22T08:30:56.500Z</time></trkpt><trkpt lon="-7.1998578" lat="40.1421233"><ele>426.9</ele><time>2026-05-22T08:30:58.000Z</time></trkpt><trkpt lon="-7.2002333" lat="40.14179"><ele>423.9</ele><time>2026-05-22T08:31:00.800Z</time></trkpt><trkpt lon="-7.2004211" lat="40.1416233"><ele>423.1</ele><time>2026-05-22T08:31:02.400Z</time></trkpt><trkpt lon="-7.2007967" lat="40.14129"><ele>421.7</ele><time>2026-05-22T08:31:05.600Z</time></trkpt><trkpt lon="-7.2009845" lat="40.1411233"><ele>421.2</ele><time>2026-05-22T08:31:07.300Z</time></trkpt><trkpt lon="-7.20136" lat="40.14079"><ele>420.1</ele><time>2026-05-22T08:31:10.700Z</time></trkpt><trkpt lon="-7.20153" lat="40.14063"><ele>420.2</ele><time>2026-05-22T08:31:12.600Z</time></trkpt><trkpt lon="-7.2017" lat="40.14047"><ele>420.4</ele><time>2026-05-22T08:31:14.600Z</time></trkpt><trkpt lon="-7.20204" lat="40.14015"><ele>420.8</ele><time>2026-05-22T08:31:18.600Z</time></trkpt><trkpt lon="-7.2021579" lat="40.1399642"><ele>421.6</ele><time>2026-05-22T08:31:21.200Z</time></trkpt><trkpt lon="-7.2022758" lat="40.1397783"><ele>422.6</ele><time>2026-05-22T08:31:23.900Z</time></trkpt><trkpt lon="-7.2023938" lat="40.1395925"><ele>423.5</ele><time>2026-05-22T08:31:26.600Z</time></trkpt><trkpt lon="-7.2025117" lat="40.1394067"><ele>424.4</ele><time>2026-05-22T08:31:29.300Z</time></trkpt><trkpt lon="-7.2026296" lat="40.1392208"><ele>425.4</ele><time>2026-05-22T08:31:32.000Z</time></trkpt><trkpt lon="-7.2027475" lat="40.139035"><ele>426.4</ele><time>2026-05-22T08:31:34.800Z</time></trkpt><trkpt lon="-7.2028655" lat="40.1388492"><ele>427.3</ele><time>2026-05-22T08:31:37.500Z</time></trkpt><trkpt lon="-7.2029834" lat="40.1386633"><ele>428.2</ele><time>2026-05-22T08:31:40.100Z</time></trkpt><trkpt lon="-7.2031013" lat="40.1384775"><ele>428.2</ele><time>2026-05-22T08:31:41.900Z</time></trkpt><trkpt lon="-7.2032192" lat="40.1382917"><ele>428.0</ele><time>2026-05-22T08:31:43.700Z</time></trkpt><trkpt lon="-7.203455" lat="40.13792"><ele>427.7</ele><time>2026-05-22T08:31:47.200Z</time></trkpt><trkpt lon="-7.203573" lat="40.1377342"><ele>427.3</ele><time>2026-05-22T08:31:48.900Z</time></trkpt><trkpt lon="-7.2036909" lat="40.1375483"><ele>427.0</ele><time>2026-05-22T08:31:50.500Z</time></trkpt><trkpt lon="-7.2039267" lat="40.1371767"><ele>426.2</ele><time>2026-05-22T08:31:53.800Z</time></trkpt><trkpt lon="-7.2040446" lat="40.1369908"><ele>425.9</ele><time>2026-05-22T08:31:55.500Z</time></trkpt><trkpt lon="-7.2041625" lat="40.136805"><ele>425.6</ele><time>2026-05-22T08:31:57.200Z</time></trkpt><trkpt lon="-7.2043984" lat="40.1364333"><ele>425.0</ele><time>2026-05-22T08:32:00.600Z</time></trkpt><trkpt lon="-7.2045163" lat="40.1362475"><ele>424.7</ele><time>2026-05-22T08:32:02.300Z</time></trkpt><trkpt lon="-7.2046342" lat="40.1360617"><ele>424.4</ele><time>2026-05-22T08:32:03.900Z</time></trkpt><trkpt lon="-7.20487" lat="40.13569"><ele>423.7</ele><time>2026-05-22T08:32:07.300Z</time></trkpt><trkpt lon="-7.2050475" lat="40.1355188"><ele>423.2</ele><time>2026-05-22T08:32:09.000Z</time></trkpt><trkpt lon="-7.205225" lat="40.1353475"><ele>422.6</ele><time>2026-05-22T08:32:10.700Z</time></trkpt><trkpt lon="-7.20558" lat="40.135005"><ele>421.5</ele><time>2026-05-22T08:32:14.000Z</time></trkpt><trkpt lon="-7.2057575" lat="40.1348338"><ele>420.4</ele><time>2026-05-22T08:32:15.500Z</time></trkpt><trkpt lon="-7.205935" lat="40.1346625"><ele>419.3</ele><time>2026-05-22T08:32:17.000Z</time></trkpt><trkpt lon="-7.20629" lat="40.13432"><ele>417.2</ele><time>2026-05-22T08:32:19.900Z</time></trkpt><trkpt lon="-7.2064767" lat="40.1341325"><ele>416.4</ele><time>2026-05-22T08:32:21.700Z</time></trkpt><trkpt lon="-7.2066633" lat="40.133945"><ele>415.8</ele><time>2026-05-22T08:32:23.500Z</time></trkpt><trkpt lon="-7.20685" lat="40.1337575"><ele>415.2</ele><time>2026-05-22T08:32:25.300Z</time></trkpt><trkpt lon="-7.2070367" lat="40.13357"><ele>415.4</ele><time>2026-05-22T08:32:27.500Z</time></trkpt><trkpt lon="-7.2072234" lat="40.1333825"><ele>415.7</ele><time>2026-05-22T08:32:29.800Z</time></trkpt><trkpt lon="-7.20741" lat="40.133195"><ele>416.0</ele><time>2026-05-22T08:32:32.200Z</time></trkpt><trkpt lon="-7.2075967" lat="40.1330075"><ele>416.5</ele><time>2026-05-22T08:32:34.600Z</time></trkpt><trkpt lon="-7.2077833" lat="40.13282"><ele>417.0</ele><time>2026-05-22T08:32:37.100Z</time></trkpt><trkpt lon="-7.20797" lat="40.1326325"><ele>417.5</ele><time>2026-05-22T08:32:39.500Z</time></trkpt><trkpt lon="-7.2081567" lat="40.132445"><ele>417.7</ele><time>2026-05-22T08:32:41.800Z</time></trkpt><trkpt lon="-7.2083433" lat="40.1322575"><ele>417.9</ele><time>2026-05-22T08:32:44.000Z</time></trkpt><trkpt lon="-7.20853" lat="40.13207"><ele>418.0</ele><time>2026-05-22T08:32:46.200Z</time></trkpt><trkpt lon="-7.2086733" lat="40.13186"><ele>417.5</ele><time>2026-05-22T08:32:48.000Z</time></trkpt><trkpt lon="-7.2088167" lat="40.13165"><ele>416.9</ele><time>2026-05-22T08:32:49.800Z</time></trkpt><trkpt lon="-7.20896" lat="40.13144"><ele>416.2</ele><time>2026-05-22T08:32:51.700Z</time></trkpt><trkpt lon="-7.2091033" lat="40.13123"><ele>415.7</ele><time>2026-05-22T08:32:53.500Z</time></trkpt><trkpt lon="-7.2092467" lat="40.13102"><ele>415.3</ele><time>2026-05-22T08:32:55.400Z</time></trkpt><trkpt lon="-7.20939" lat="40.13081"><ele>414.8</ele><time>2026-05-22T08:32:57.300Z</time></trkpt><trkpt lon="-7.2095333" lat="40.1306"><ele>414.2</ele><time>2026-05-22T08:32:59.100Z</time></trkpt><trkpt lon="-7.2096767" lat="40.13039"><ele>413.7</ele><time>2026-05-22T08:33:01.000Z</time></trkpt><trkpt lon="-7.20982" lat="40.13018"><ele>413.0</ele><time>2026-05-22T08:33:02.800Z</time></trkpt><trkpt lon="-7.2099633" lat="40.12997"><ele>411.7</ele><time>2026-05-22T08:33:04.300Z</time></trkpt><trkpt lon="-7.2101067" lat="40.12976"><ele>410.4</ele><time>2026-05-22T08:33:05.900Z</time></trkpt><trkpt lon="-7.21025" lat="40.12955"><ele>409.1</ele><time>2026-05-22T08:33:07.400Z</time></trkpt><trkpt lon="-7.2103683" lat="40.1293621"><ele>408.4</ele><time>2026-05-22T08:33:09.000Z</time></trkpt><trkpt lon="-7.2104867" lat="40.1291742"><ele>407.7</ele><time>2026-05-22T08:33:10.500Z</time></trkpt><trkpt lon="-7.2107234" lat="40.1287983"><ele>406.4</ele><time>2026-05-22T08:33:13.600Z</time></trkpt><trkpt lon="-7.2108417" lat="40.1286104"><ele>406.1</ele><time>2026-05-22T08:33:15.300Z</time></trkpt><trkpt lon="-7.21096" lat="40.1284225"><ele>405.8</ele><time>2026-05-22T08:33:17.000Z</time></trkpt><trkpt lon="-7.2111967" lat="40.1280467"><ele>405.2</ele><time>2026-05-22T08:33:20.500Z</time></trkpt><trkpt lon="-7.211315" lat="40.1278588"><ele>405.2</ele><time>2026-05-22T08:33:22.300Z</time></trkpt><trkpt lon="-7.2114334" lat="40.1276708"><ele>405.3</ele><time>2026-05-22T08:33:24.200Z</time></trkpt><trkpt lon="-7.21167" lat="40.127295"><ele>405.4</ele><time>2026-05-22T08:33:28.000Z</time></trkpt><trkpt lon="-7.2117884" lat="40.1271071"><ele>405.6</ele><time>2026-05-22T08:33:29.900Z</time></trkpt><trkpt lon="-7.2119067" lat="40.1269192"><ele>405.7</ele><time>2026-05-22T08:33:31.900Z</time></trkpt><trkpt lon="-7.2121434" lat="40.1265433"><ele>406.1</ele><time>2026-05-22T08:33:35.900Z</time></trkpt><trkpt lon="-7.2122617" lat="40.1263554"><ele>406.5</ele><time>2026-05-22T08:33:38.100Z</time></trkpt><trkpt lon="-7.21238" lat="40.1261675"><ele>407.0</ele><time>2026-05-22T08:33:40.300Z</time></trkpt><trkpt lon="-7.2126167" lat="40.1257917"><ele>407.9</ele><time>2026-05-22T08:33:44.600Z</time></trkpt><trkpt lon="-7.212735" lat="40.1256038"><ele>408.1</ele><time>2026-05-22T08:33:46.600Z</time></trkpt><trkpt lon="-7.2128533" lat="40.1254158"><ele>408.3</ele><time>2026-05-22T08:33:48.600Z</time></trkpt><trkpt lon="-7.21309" lat="40.12504"><ele>408.6</ele><time>2026-05-22T08:33:52.500Z</time></trkpt><trkpt lon="-7.2132183" lat="40.1248413"><ele>408.6</ele><time>2026-05-22T08:33:54.500Z</time></trkpt><trkpt lon="-7.2133466" lat="40.1246427"><ele>408.6</ele><time>2026-05-22T08:33:56.500Z</time></trkpt><trkpt lon="-7.2136031" lat="40.1242454"><ele>408.5</ele><time>2026-05-22T08:34:00.400Z</time></trkpt><trkpt lon="-7.2137314" lat="40.1240467"><ele>408.3</ele><time>2026-05-22T08:34:02.200Z</time></trkpt><trkpt lon="-7.2138597" lat="40.1238481"><ele>408.1</ele><time>2026-05-22T08:34:04.100Z</time></trkpt><trkpt lon="-7.2141163" lat="40.1234508"><ele>407.7</ele><time>2026-05-22T08:34:07.800Z</time></trkpt><trkpt lon="-7.2142446" lat="40.1232521"><ele>407.7</ele><time>2026-05-22T08:34:09.800Z</time></trkpt><trkpt lon="-7.2143728" lat="40.1230535"><ele>407.8</ele><time>2026-05-22T08:34:11.800Z</time></trkpt><trkpt lon="-7.2146294" lat="40.1226562"><ele>408.0</ele><time>2026-05-22T08:34:15.900Z</time></trkpt><trkpt lon="-7.2147577" lat="40.1224575"><ele>408.0</ele><time>2026-05-22T08:34:17.800Z</time></trkpt><trkpt lon="-7.214886" lat="40.1222589"><ele>408.0</ele><time>2026-05-22T08:34:19.800Z</time></trkpt><trkpt lon="-7.2151425" lat="40.1218616"><ele>408.1</ele><time>2026-05-22T08:34:23.800Z</time></trkpt><trkpt lon="-7.2152708" lat="40.1216629"><ele>408.1</ele><time>2026-05-22T08:34:25.800Z</time></trkpt><trkpt lon="-7.2153991" lat="40.1214643"><ele>408.1</ele><time>2026-05-22T08:34:27.700Z</time></trkpt><trkpt lon="-7.2156556" lat="40.121067"><ele>408.1</ele><time>2026-05-22T08:34:31.700Z</time></trkpt><trkpt lon="-7.2157839" lat="40.1208683"><ele>408.1</ele><time>2026-05-22T08:34:33.600Z</time></trkpt><trkpt lon="-7.2159122" lat="40.1206697"><ele>408.1</ele><time>2026-05-22T08:34:35.600Z</time></trkpt><trkpt lon="-7.2161687" lat="40.1202724"><ele>408.1</ele><time>2026-05-22T08:34:39.500Z</time></trkpt><trkpt lon="-7.216297" lat="40.1200737"><ele>408.2</ele><time>2026-05-22T08:34:41.500Z</time></trkpt><trkpt lon="-7.2164253" lat="40.119875"><ele>408.3</ele><time>2026-05-22T08:34:43.500Z</time></trkpt><trkpt lon="-7.2166818" lat="40.1194777"><ele>408.5</ele><time>2026-05-22T08:34:47.600Z</time></trkpt><trkpt lon="-7.2168101" lat="40.1192791"><ele>408.8</ele><time>2026-05-22T08:34:49.800Z</time></trkpt><trkpt lon="-7.2169383" lat="40.1190804"><ele>409.2</ele><time>2026-05-22T08:34:52.100Z</time></trkpt><trkpt lon="-7.2171949" lat="40.1186831"><ele>409.9</ele><time>2026-05-22T08:34:56.500Z</time></trkpt><trkpt lon="-7.2173231" lat="40.1184845"><ele>409.7</ele><time>2026-05-22T08:34:58.400Z</time></trkpt><trkpt lon="-7.2174514" lat="40.1182858"><ele>409.4</ele><time>2026-05-22T08:35:00.200Z</time></trkpt><trkpt lon="-7.2177079" lat="40.1178885"><ele>408.8</ele><time>2026-05-22T08:35:03.800Z</time></trkpt><trkpt lon="-7.2178362" lat="40.1176898"><ele>408.1</ele><time>2026-05-22T08:35:05.500Z</time></trkpt><trkpt lon="-7.2179644" lat="40.1174912"><ele>407.5</ele><time>2026-05-22T08:35:07.200Z</time></trkpt><trkpt lon="-7.2182209" lat="40.1170939"><ele>406.1</ele><time>2026-05-22T08:35:10.500Z</time></trkpt><trkpt lon="-7.2183492" lat="40.1168952"><ele>405.6</ele><time>2026-05-22T08:35:12.200Z</time></trkpt><trkpt lon="-7.2184775" lat="40.1166966"><ele>405.0</ele><time>2026-05-22T08:35:13.900Z</time></trkpt><trkpt lon="-7.218734" lat="40.1162993"><ele>404.0</ele><time>2026-05-22T08:35:17.300Z</time></trkpt><trkpt lon="-7.2188622" lat="40.1161006"><ele>404.1</ele><time>2026-05-22T08:35:19.400Z</time></trkpt><trkpt lon="-7.2189905" lat="40.1159019"><ele>404.3</ele><time>2026-05-22T08:35:21.500Z</time></trkpt><trkpt lon="-7.219247" lat="40.1155046"><ele>404.7</ele><time>2026-05-22T08:35:25.800Z</time></trkpt><trkpt lon="-7.2193752" lat="40.115306"><ele>405.4</ele><time>2026-05-22T08:35:28.300Z</time></trkpt><trkpt lon="-7.2195035" lat="40.1151073"><ele>406.2</ele><time>2026-05-22T08:35:30.900Z</time></trkpt><trkpt lon="-7.2196317" lat="40.1149087"><ele>407.0</ele><time>2026-05-22T08:35:33.500Z</time></trkpt><trkpt lon="-7.21976" lat="40.11471"><ele>407.7</ele><time>2026-05-22T08:35:36.100Z</time></trkpt><trkpt lon="-7.2198833" lat="40.1145256"><ele>408.2</ele><time>2026-05-22T08:35:38.300Z</time></trkpt><trkpt lon="-7.22013" lat="40.1141567"><ele>409.2</ele><time>2026-05-22T08:35:42.700Z</time></trkpt><trkpt lon="-7.2202533" lat="40.1139722"><ele>409.8</ele><time>2026-05-22T08:35:44.900Z</time></trkpt><trkpt lon="-7.2205" lat="40.1136033"><ele>410.8</ele><time>2026-05-22T08:35:49.400Z</time></trkpt><trkpt lon="-7.2206233" lat="40.1134189"><ele>411.2</ele><time>2026-05-22T08:35:51.500Z</time></trkpt><trkpt lon="-7.22087" lat="40.11305"><ele>412.0</ele><time>2026-05-22T08:35:55.800Z</time></trkpt><trkpt lon="-7.2209921" lat="40.11286"><ele>412.7</ele><time>2026-05-22T08:35:58.200Z</time></trkpt><trkpt lon="-7.2211142" lat="40.11267"><ele>413.3</ele><time>2026-05-22T08:36:00.600Z</time></trkpt><trkpt lon="-7.2213584" lat="40.11229"><ele>414.6</ele><time>2026-05-22T08:36:05.400Z</time></trkpt><trkpt lon="-7.2214804" lat="40.1121"><ele>415.5</ele><time>2026-05-22T08:36:08.000Z</time></trkpt><trkpt lon="-7.2216025" lat="40.11191"><ele>416.3</ele><time>2026-05-22T08:36:10.600Z</time></trkpt><trkpt lon="-7.2217246" lat="40.11172"><ele>417.2</ele><time>2026-05-22T08:36:13.200Z</time></trkpt><trkpt lon="-7.2218467" lat="40.11153"><ele>418.0</ele><time>2026-05-22T08:36:15.800Z</time></trkpt><trkpt lon="-7.2219688" lat="40.11134"><ele>418.7</ele><time>2026-05-22T08:36:18.300Z</time></trkpt><trkpt lon="-7.2220909" lat="40.11115"><ele>419.4</ele><time>2026-05-22T08:36:20.700Z</time></trkpt><trkpt lon="-7.222335" lat="40.11077"><ele>420.7</ele><time>2026-05-22T08:36:25.500Z</time></trkpt><trkpt lon="-7.2224571" lat="40.11058"><ele>421.2</ele><time>2026-05-22T08:36:27.700Z</time></trkpt><trkpt lon="-7.2225792" lat="40.11039"><ele>421.7</ele><time>2026-05-22T08:36:30.000Z</time></trkpt><trkpt lon="-7.2228234" lat="40.11001"><ele>422.5</ele><time>2026-05-22T08:36:34.300Z</time></trkpt><trkpt lon="-7.2229455" lat="40.10982"><ele>422.3</ele><time>2026-05-22T08:36:36.100Z</time></trkpt><trkpt lon="-7.2230675" lat="40.10963"><ele>422.1</ele><time>2026-05-22T08:36:37.900Z</time></trkpt><trkpt lon="-7.2233117" lat="40.10925"><ele>421.6</ele><time>2026-05-22T08:36:41.400Z</time></trkpt><trkpt lon="-7.2234338" lat="40.10906"><ele>421.4</ele><time>2026-05-22T08:36:43.200Z</time></trkpt><trkpt lon="-7.2235558" lat="40.10887"><ele>421.2</ele><time>2026-05-22T08:36:45.000Z</time></trkpt><trkpt lon="-7.2238" lat="40.10849"><ele>420.8</ele><time>2026-05-22T08:36:48.500Z</time></trkpt><trkpt lon="-7.223925" lat="40.1082979"><ele>420.4</ele><time>2026-05-22T08:36:50.200Z</time></trkpt><trkpt lon="-7.22405" lat="40.1081057"><ele>419.9</ele><time>2026-05-22T08:36:51.900Z</time></trkpt><trkpt lon="-7.2243" lat="40.1077214"><ele>419.1</ele><time>2026-05-22T08:36:55.300Z</time></trkpt><trkpt lon="-7.224425" lat="40.1075293"><ele>418.8</ele><time>2026-05-22T08:36:57.100Z</time></trkpt><trkpt lon="-7.22455" lat="40.1073372"><ele>418.6</ele><time>2026-05-22T08:36:58.900Z</time></trkpt><trkpt lon="-7.2248001" lat="40.1069529"><ele>418.1</ele><time>2026-05-22T08:37:02.500Z</time></trkpt><trkpt lon="-7.2249251" lat="40.1067607"><ele>417.8</ele><time>2026-05-22T08:37:04.200Z</time></trkpt><trkpt lon="-7.2250501" lat="40.1065686"><ele>417.5</ele><time>2026-05-22T08:37:06.000Z</time></trkpt><trkpt lon="-7.2253001" lat="40.1061843"><ele>416.8</ele><time>2026-05-22T08:37:09.400Z</time></trkpt><trkpt lon="-7.2254251" lat="40.1059922"><ele>416.6</ele><time>2026-05-22T08:37:11.200Z</time></trkpt><trkpt lon="-7.2255501" lat="40.1058"><ele>416.4</ele><time>2026-05-22T08:37:13.000Z</time></trkpt><trkpt lon="-7.2258001" lat="40.1054157"><ele>415.9</ele><time>2026-05-22T08:37:16.600Z</time></trkpt><trkpt lon="-7.2259251" lat="40.1052236"><ele>415.6</ele><time>2026-05-22T08:37:18.400Z</time></trkpt><trkpt lon="-7.2260501" lat="40.1050314"><ele>415.3</ele><time>2026-05-22T08:37:20.100Z</time></trkpt><trkpt lon="-7.2263001" lat="40.1046472"><ele>414.7</ele><time>2026-05-22T08:37:23.600Z</time></trkpt><trkpt lon="-7.2264251" lat="40.104455"><ele>414.8</ele><time>2026-05-22T08:37:25.600Z</time></trkpt><trkpt lon="-7.22655" lat="40.1042629"><ele>414.9</ele><time>2026-05-22T08:37:27.600Z</time></trkpt><trkpt lon="-7.2268" lat="40.1038786"><ele>415.1</ele><time>2026-05-22T08:37:31.600Z</time></trkpt><trkpt lon="-7.226925" lat="40.1036864"><ele>415.5</ele><time>2026-05-22T08:37:33.700Z</time></trkpt><trkpt lon="-7.22705" lat="40.1034943"><ele>415.8</ele><time>2026-05-22T08:37:35.900Z</time></trkpt><trkpt lon="-7.2273" lat="40.10311"><ele>416.5</ele><time>2026-05-22T08:37:40.200Z</time></trkpt><trkpt lon="-7.227515" lat="40.1029"><ele>416.6</ele><time>2026-05-22T08:37:42.600Z</time></trkpt><trkpt lon="-7.22773" lat="40.10269"><ele>416.6</ele><time>2026-05-22T08:37:45.000Z</time></trkpt><trkpt lon="-7.2279067" lat="40.10257"><ele>416.7</ele><time>2026-05-22T08:37:46.700Z</time></trkpt><trkpt lon="-7.22826" lat="40.10233"><ele>416.9</ele><time>2026-05-22T08:37:50.000Z</time></trkpt><trkpt lon="-7.22855" lat="40.10218"><ele>417.0</ele><time>2026-05-22T08:37:52.500Z</time></trkpt><trkpt lon="-7.22887" lat="40.10194"><ele>417.2</ele><time>2026-05-22T08:37:55.700Z</time></trkpt><trkpt lon="-7.22911" lat="40.10164"><ele>417.3</ele><time>2026-05-22T08:37:58.900Z</time></trkpt><trkpt lon="-7.22927" lat="40.10138"><ele>417.5</ele><time>2026-05-22T08:38:01.500Z</time></trkpt><trkpt lon="-7.229365" lat="40.10114"><ele>417.6</ele><time>2026-05-22T08:38:03.800Z</time></trkpt><trkpt lon="-7.22946" lat="40.1009"><ele>417.7</ele><time>2026-05-22T08:38:06.100Z</time></trkpt><trkpt lon="-7.229555" lat="40.10066"><ele>417.9</ele><time>2026-05-22T08:38:08.500Z</time></trkpt><trkpt lon="-7.22965" lat="40.10042"><ele>418.1</ele><time>2026-05-22T08:38:10.900Z</time></trkpt><trkpt lon="-7.22984" lat="40.10011"><ele>418.6</ele><time>2026-05-22T08:38:14.300Z</time></trkpt><trkpt lon="-7.2299892" lat="40.0999347"><ele>418.7</ele><time>2026-05-22T08:38:16.200Z</time></trkpt><trkpt lon="-7.2301384" lat="40.0997595"><ele>418.8</ele><time>2026-05-22T08:38:18.200Z</time></trkpt><trkpt lon="-7.2304367" lat="40.0994089"><ele>419.1</ele><time>2026-05-22T08:38:22.000Z</time></trkpt><trkpt lon="-7.2305859" lat="40.0992336"><ele>419.3</ele><time>2026-05-22T08:38:24.000Z</time></trkpt><trkpt lon="-7.2307351" lat="40.0990584"><ele>419.5</ele><time>2026-05-22T08:38:26.100Z</time></trkpt><trkpt lon="-7.2310334" lat="40.0987078"><ele>419.9</ele><time>2026-05-22T08:38:30.100Z</time></trkpt><trkpt lon="-7.2311826" lat="40.0985325"><ele>420.1</ele><time>2026-05-22T08:38:32.100Z</time></trkpt><trkpt lon="-7.2313318" lat="40.0983572"><ele>420.3</ele><time>2026-05-22T08:38:34.100Z</time></trkpt><trkpt lon="-7.2316301" lat="40.0980067"><ele>420.7</ele><time>2026-05-22T08:38:38.100Z</time></trkpt><trkpt lon="-7.2317793" lat="40.0978314"><ele>420.9</ele><time>2026-05-22T08:38:40.200Z</time></trkpt><trkpt lon="-7.2319285" lat="40.0976561"><ele>421.2</ele><time>2026-05-22T08:38:42.200Z</time></trkpt><trkpt lon="-7.2322268" lat="40.0973056"><ele>421.7</ele><time>2026-05-22T08:38:46.300Z</time></trkpt><trkpt lon="-7.232376" lat="40.0971303"><ele>421.9</ele><time>2026-05-22T08:38:48.400Z</time></trkpt><trkpt lon="-7.2325251" lat="40.096955"><ele>422.1</ele><time>2026-05-22T08:38:50.400Z</time></trkpt><trkpt lon="-7.2328235" lat="40.0966045"><ele>422.6</ele><time>2026-05-22T08:38:54.500Z</time></trkpt><trkpt lon="-7.2329726" lat="40.0964292"><ele>422.8</ele><time>2026-05-22T08:38:56.500Z</time></trkpt><trkpt lon="-7.2331218" lat="40.0962539"><ele>423.0</ele><time>2026-05-22T08:38:58.500Z</time></trkpt><trkpt lon="-7.2334201" lat="40.0959034"><ele>423.5</ele><time>2026-05-22T08:39:02.600Z</time></trkpt><trkpt lon="-7.2335693" lat="40.0957281"><ele>423.7</ele><time>2026-05-22T08:39:04.600Z</time></trkpt><trkpt lon="-7.2337184" lat="40.0955528"><ele>423.9</ele><time>2026-05-22T08:39:06.600Z</time></trkpt><trkpt lon="-7.2340168" lat="40.0952022"><ele>424.3</ele><time>2026-05-22T08:39:10.600Z</time></trkpt><trkpt lon="-7.2341659" lat="40.095027"><ele>424.5</ele><time>2026-05-22T08:39:12.700Z</time></trkpt><trkpt lon="-7.2343151" lat="40.0948517"><ele>424.8</ele><time>2026-05-22T08:39:14.700Z</time></trkpt><trkpt lon="-7.2346134" lat="40.0945011"><ele>425.2</ele><time>2026-05-22T08:39:18.700Z</time></trkpt><trkpt lon="-7.2347625" lat="40.0943258"><ele>425.5</ele><time>2026-05-22T08:39:20.800Z</time></trkpt><trkpt lon="-7.2349117" lat="40.0941506"><ele>425.8</ele><time>2026-05-22T08:39:22.900Z</time></trkpt><trkpt lon="-7.23521" lat="40.0938"><ele>426.3</ele><time>2026-05-22T08:39:27.000Z</time></trkpt><trkpt lon="-7.23536" lat="40.093585"><ele>426.7</ele><time>2026-05-22T08:39:29.400Z</time></trkpt><trkpt lon="-7.23551" lat="40.09337"><ele>427.0</ele><time>2026-05-22T08:39:31.900Z</time></trkpt><trkpt lon="-7.2356433" lat="40.0931567"><ele>427.2</ele><time>2026-05-22T08:39:34.100Z</time></trkpt><trkpt lon="-7.2357767" lat="40.0929433"><ele>427.4</ele><time>2026-05-22T08:39:36.300Z</time></trkpt><trkpt lon="-7.23591" lat="40.09273"><ele>427.5</ele><time>2026-05-22T08:39:38.500Z</time></trkpt><trkpt lon="-7.2360433" lat="40.0925167"><ele>427.7</ele><time>2026-05-22T08:39:40.700Z</time></trkpt><trkpt lon="-7.2361767" lat="40.0923033"><ele>427.8</ele><time>2026-05-22T08:39:43.000Z</time></trkpt><trkpt lon="-7.23631" lat="40.09209"><ele>428.0</ele><time>2026-05-22T08:39:45.200Z</time></trkpt><trkpt lon="-7.23643" lat="40.091845"><ele>427.9</ele><time>2026-05-22T08:39:47.400Z</time></trkpt><trkpt lon="-7.23655" lat="40.0916"><ele>427.7</ele><time>2026-05-22T08:39:49.700Z</time></trkpt><trkpt lon="-7.23657" lat="40.09141"><ele>427.3</ele><time>2026-05-22T08:39:51.200Z</time></trkpt><trkpt lon="-7.236545" lat="40.091195"><ele>427.0</ele><time>2026-05-22T08:39:52.900Z</time></trkpt><trkpt lon="-7.23652" lat="40.09098"><ele>426.6</ele><time>2026-05-22T08:39:54.600Z</time></trkpt><trkpt lon="-7.23641" lat="40.09064"><ele>425.7</ele><time>2026-05-22T08:39:57.300Z</time></trkpt><trkpt lon="-7.23628" lat="40.09039"><ele>425.0</ele><time>2026-05-22T08:39:59.400Z</time></trkpt><trkpt lon="-7.23615" lat="40.09014"><ele>424.3</ele><time>2026-05-22T08:40:01.500Z</time></trkpt><trkpt lon="-7.2360267" lat="40.0899367"><ele>423.6</ele><time>2026-05-22T08:40:03.100Z</time></trkpt><trkpt lon="-7.23578" lat="40.08953"><ele>422.2</ele><time>2026-05-22T08:40:06.500Z</time></trkpt><trkpt lon="-7.2356533" lat="40.0893033"><ele>421.3</ele><time>2026-05-22T08:40:08.200Z</time></trkpt><trkpt lon="-7.2355267" lat="40.0890767"><ele>420.2</ele><time>2026-05-22T08:40:10.000Z</time></trkpt><trkpt lon="-7.2354" lat="40.08885"><ele>419.2</ele><time>2026-05-22T08:40:11.700Z</time></trkpt><trkpt lon="-7.23528" lat="40.08849"><ele>417.1</ele><time>2026-05-22T08:40:14.100Z</time></trkpt><trkpt lon="-7.23526" lat="40.08822"><ele>416.3</ele><time>2026-05-22T08:40:16.100Z</time></trkpt><trkpt lon="-7.2353" lat="40.08795"><ele>414.7</ele><time>2026-05-22T08:40:17.900Z</time></trkpt><trkpt lon="-7.23537" lat="40.08777"><ele>413.5</ele><time>2026-05-22T08:40:19.100Z</time></trkpt><trkpt lon="-7.23549" lat="40.08758"><ele>413.0</ele><time>2026-05-22T08:40:20.700Z</time></trkpt><trkpt lon="-7.2356775" lat="40.0873625"><ele>411.4</ele><time>2026-05-22T08:40:22.400Z</time></trkpt><trkpt lon="-7.235865" lat="40.087145"><ele>409.8</ele><time>2026-05-22T08:40:24.100Z</time></trkpt><trkpt lon="-7.2360525" lat="40.0869275"><ele>408.6</ele><time>2026-05-22T08:40:25.900Z</time></trkpt><trkpt lon="-7.23624" lat="40.08671"><ele>407.3</ele><time>2026-05-22T08:40:27.700Z</time></trkpt><trkpt lon="-7.23649" lat="40.08639"><ele>406.3</ele><time>2026-05-22T08:40:30.500Z</time></trkpt><trkpt lon="-7.2366617" lat="40.0861833"><ele>405.6</ele><time>2026-05-22T08:40:32.300Z</time></trkpt><trkpt lon="-7.2368333" lat="40.0859767"><ele>404.8</ele><time>2026-05-22T08:40:34.200Z</time></trkpt><trkpt lon="-7.237005" lat="40.08577"><ele>404.1</ele><time>2026-05-22T08:40:36.000Z</time></trkpt><trkpt lon="-7.2371767" lat="40.0855633"><ele>403.5</ele><time>2026-05-22T08:40:37.900Z</time></trkpt><trkpt lon="-7.2373483" lat="40.0853567"><ele>402.9</ele><time>2026-05-22T08:40:39.800Z</time></trkpt><trkpt lon="-7.23752" lat="40.08515"><ele>402.4</ele><time>2026-05-22T08:40:41.700Z</time></trkpt><trkpt lon="-7.2376817" lat="40.084965"><ele>402.0</ele><time>2026-05-22T08:40:43.600Z</time></trkpt><trkpt lon="-7.2378433" lat="40.08478"><ele>401.8</ele><time>2026-05-22T08:40:45.400Z</time></trkpt><trkpt lon="-7.2381667" lat="40.08441"><ele>401.1</ele><time>2026-05-22T08:40:49.000Z</time></trkpt><trkpt lon="-7.2383283" lat="40.084225"><ele>400.7</ele><time>2026-05-22T08:40:50.800Z</time></trkpt><trkpt lon="-7.23849" lat="40.08404"><ele>400.2</ele><time>2026-05-22T08:40:52.600Z</time></trkpt><trkpt lon="-7.2388133" lat="40.08367"><ele>399.3</ele><time>2026-05-22T08:40:56.100Z</time></trkpt><trkpt lon="-7.238975" lat="40.083485"><ele>399.0</ele><time>2026-05-22T08:40:57.900Z</time></trkpt><trkpt lon="-7.2391367" lat="40.0833"><ele>398.8</ele><time>2026-05-22T08:40:59.700Z</time></trkpt><trkpt lon="-7.23946" lat="40.08293"><ele>398.2</ele><time>2026-05-22T08:41:03.400Z</time></trkpt><trkpt lon="-7.2396" lat="40.08266"><ele>397.7</ele><time>2026-05-22T08:41:05.800Z</time></trkpt><trkpt lon="-7.23965" lat="40.0824583"><ele>397.4</ele><time>2026-05-22T08:41:07.400Z</time></trkpt><trkpt lon="-7.23975" lat="40.082055"><ele>396.8</ele><time>2026-05-22T08:41:10.800Z</time></trkpt><trkpt lon="-7.2398" lat="40.0818533"><ele>396.4</ele><time>2026-05-22T08:41:12.400Z</time></trkpt><trkpt lon="-7.2399" lat="40.08145"><ele>395.7</ele><time>2026-05-22T08:41:15.700Z</time></trkpt><trkpt lon="-7.2400383" lat="40.0812617"><ele>395.2</ele><time>2026-05-22T08:41:17.400Z</time></trkpt><trkpt lon="-7.240315" lat="40.080885"><ele>394.3</ele><time>2026-05-22T08:41:20.800Z</time></trkpt><trkpt lon="-7.2404533" lat="40.0806967"><ele>393.7</ele><time>2026-05-22T08:41:22.500Z</time></trkpt><trkpt lon="-7.24073" lat="40.08032"><ele>392.7</ele><time>2026-05-22T08:41:25.800Z</time></trkpt><trkpt lon="-7.2408875" lat="40.0801225"><ele>392.5</ele><time>2026-05-22T08:41:27.700Z</time></trkpt><trkpt lon="-7.241045" lat="40.079925"><ele>392.2</ele><time>2026-05-22T08:41:29.700Z</time></trkpt><trkpt lon="-7.2412025" lat="40.0797275"><ele>392.1</ele><time>2026-05-22T08:41:31.600Z</time></trkpt><trkpt lon="-7.24136" lat="40.07953"><ele>391.9</ele><time>2026-05-22T08:41:33.600Z</time></trkpt><trkpt lon="-7.24157" lat="40.07929"><ele>391.7</ele><time>2026-05-22T08:41:36.100Z</time></trkpt><trkpt lon="-7.2418" lat="40.07908"><ele>391.3</ele><time>2026-05-22T08:41:38.300Z</time></trkpt><trkpt lon="-7.2419956" lat="40.0789433"><ele>391.3</ele><time>2026-05-22T08:41:40.100Z</time></trkpt><trkpt lon="-7.2423867" lat="40.07867"><ele>391.3</ele><time>2026-05-22T08:41:43.700Z</time></trkpt><trkpt lon="-7.2425822" lat="40.0785333"><ele>391.5</ele><time>2026-05-22T08:41:45.600Z</time></trkpt><trkpt lon="-7.2429733" lat="40.07826"><ele>391.8</ele><time>2026-05-22T08:41:49.500Z</time></trkpt><trkpt lon="-7.2431689" lat="40.0781233"><ele>392.2</ele><time>2026-05-22T08:41:51.500Z</time></trkpt><trkpt lon="-7.24356" lat="40.07785"><ele>392.9</ele><time>2026-05-22T08:41:55.700Z</time></trkpt><trkpt lon="-7.243725" lat="40.0776583"><ele>393.4</ele><time>2026-05-22T08:41:58.100Z</time></trkpt><trkpt lon="-7.24389" lat="40.0774667"><ele>393.8</ele><time>2026-05-22T08:42:00.400Z</time></trkpt><trkpt lon="-7.244055" lat="40.077275"><ele>394.2</ele><time>2026-05-22T08:42:02.800Z</time></trkpt><trkpt lon="-7.24422" lat="40.0770833"><ele>394.5</ele><time>2026-05-22T08:42:05.000Z</time></trkpt><trkpt lon="-7.244385" lat="40.0768917"><ele>394.7</ele><time>2026-05-22T08:42:07.200Z</time></trkpt><trkpt lon="-7.24455" lat="40.0767"><ele>395.0</ele><time>2026-05-22T08:42:09.500Z</time></trkpt><trkpt lon="-7.244715" lat="40.076545"><ele>395.4</ele><time>2026-05-22T08:42:11.500Z</time></trkpt><trkpt lon="-7.24488" lat="40.07639"><ele>395.7</ele><time>2026-05-22T08:42:13.500Z</time></trkpt><trkpt lon="-7.245115" lat="40.076265"><ele>395.9</ele><time>2026-05-22T08:42:15.600Z</time></trkpt><trkpt lon="-7.24535" lat="40.07614"><ele>396.1</ele><time>2026-05-22T08:42:17.700Z</time></trkpt><trkpt lon="-7.2455833" lat="40.0760567"><ele>396.4</ele><time>2026-05-22T08:42:19.700Z</time></trkpt><trkpt lon="-7.24605" lat="40.07589"><ele>397.0</ele><time>2026-05-22T08:42:23.700Z</time></trkpt><trkpt lon="-7.24631" lat="40.07577"><ele>397.2</ele><time>2026-05-22T08:42:25.900Z</time></trkpt><trkpt lon="-7.24657" lat="40.07565"><ele>397.4</ele><time>2026-05-22T08:42:28.100Z</time></trkpt><trkpt lon="-7.2467683" lat="40.0755133"><ele>397.8</ele><time>2026-05-22T08:42:30.200Z</time></trkpt><trkpt lon="-7.247165" lat="40.07524"><ele>398.6</ele><time>2026-05-22T08:42:34.400Z</time></trkpt><trkpt lon="-7.2473633" lat="40.0751033"><ele>399.0</ele><time>2026-05-22T08:42:36.500Z</time></trkpt><trkpt lon="-7.24776" lat="40.07483"><ele>399.7</ele><time>2026-05-22T08:42:40.600Z</time></trkpt><trkpt lon="-7.24803" lat="40.074695"><ele>400.2</ele><time>2026-05-22T08:42:43.100Z</time></trkpt><trkpt lon="-7.2483" lat="40.07456"><ele>400.6</ele><time>2026-05-22T08:42:45.700Z</time></trkpt><trkpt lon="-7.2485733" lat="40.07449"><ele>400.9</ele><time>2026-05-22T08:42:47.900Z</time></trkpt><trkpt lon="-7.2488467" lat="40.07442"><ele>401.3</ele><time>2026-05-22T08:42:50.100Z</time></trkpt><trkpt lon="-7.24912" lat="40.07435"><ele>401.6</ele><time>2026-05-22T08:42:52.300Z</time></trkpt><trkpt lon="-7.2493933" lat="40.07428"><ele>401.9</ele><time>2026-05-22T08:42:54.500Z</time></trkpt><trkpt lon="-7.2496667" lat="40.07421"><ele>402.2</ele><time>2026-05-22T08:42:56.600Z</time></trkpt><trkpt lon="-7.24994" lat="40.07414"><ele>402.5</ele><time>2026-05-22T08:42:58.800Z</time></trkpt><trkpt lon="-7.250225" lat="40.074055"><ele>402.6</ele><time>2026-05-22T08:43:01.000Z</time></trkpt><trkpt lon="-7.25051" lat="40.07397"><ele>402.7</ele><time>2026-05-22T08:43:03.100Z</time></trkpt><trkpt lon="-7.2507133" lat="40.0738633"><ele>402.6</ele><time>2026-05-22T08:43:04.800Z</time></trkpt><trkpt lon="-7.25112" lat="40.07365"><ele>402.4</ele><time>2026-05-22T08:43:08.000Z</time></trkpt><trkpt lon="-7.2513389" lat="40.0734956"><ele>402.3</ele><time>2026-05-22T08:43:10.000Z</time></trkpt><trkpt lon="-7.2515578" lat="40.0733411"><ele>402.2</ele><time>2026-05-22T08:43:11.900Z</time></trkpt><trkpt lon="-7.2517767" lat="40.0731867"><ele>402.1</ele><time>2026-05-22T08:43:13.900Z</time></trkpt><trkpt lon="-7.2519956" lat="40.0730322"><ele>402.0</ele><time>2026-05-22T08:43:15.900Z</time></trkpt><trkpt lon="-7.2522145" lat="40.0728778"><ele>401.9</ele><time>2026-05-22T08:43:17.800Z</time></trkpt><trkpt lon="-7.2524333" lat="40.0727233"><ele>401.8</ele><time>2026-05-22T08:43:19.800Z</time></trkpt><trkpt lon="-7.2526522" lat="40.0725689"><ele>401.7</ele><time>2026-05-22T08:43:21.800Z</time></trkpt><trkpt lon="-7.2528711" lat="40.0724144"><ele>401.6</ele><time>2026-05-22T08:43:23.800Z</time></trkpt><trkpt lon="-7.25309" lat="40.07226"><ele>401.5</ele><time>2026-05-22T08:43:25.700Z</time></trkpt><trkpt lon="-7.253305" lat="40.072085"><ele>401.4</ele><time>2026-05-22T08:43:27.800Z</time></trkpt><trkpt lon="-7.25352" lat="40.07191"><ele>401.3</ele><time>2026-05-22T08:43:29.900Z</time></trkpt><trkpt lon="-7.253735" lat="40.071735"><ele>401.0</ele><time>2026-05-22T08:43:31.900Z</time></trkpt><trkpt lon="-7.25395" lat="40.07156"><ele>400.8</ele><time>2026-05-22T08:43:33.900Z</time></trkpt><trkpt lon="-7.2541567" lat="40.0713467"><ele>400.5</ele><time>2026-05-22T08:43:36.100Z</time></trkpt><trkpt lon="-7.2543633" lat="40.0711333"><ele>400.2</ele><time>2026-05-22T08:43:38.300Z</time></trkpt><trkpt lon="-7.25457" lat="40.07092"><ele>399.8</ele><time>2026-05-22T08:43:40.500Z</time></trkpt><trkpt lon="-7.2547767" lat="40.0707067"><ele>399.0</ele><time>2026-05-22T08:43:42.500Z</time></trkpt><trkpt lon="-7.2549833" lat="40.0704933"><ele>398.0</ele><time>2026-05-22T08:43:44.400Z</time></trkpt><trkpt lon="-7.25519" lat="40.07028"><ele>397.0</ele><time>2026-05-22T08:43:46.300Z</time></trkpt><trkpt lon="-7.2553967" lat="40.0700667"><ele>395.9</ele><time>2026-05-22T08:43:48.100Z</time></trkpt><trkpt lon="-7.2556033" lat="40.0698533"><ele>394.7</ele><time>2026-05-22T08:43:50.000Z</time></trkpt><trkpt lon="-7.25581" lat="40.06964"><ele>393.4</ele><time>2026-05-22T08:43:51.800Z</time></trkpt><trkpt lon="-7.25602" lat="40.06946"><ele>392.0</ele><time>2026-05-22T08:43:53.400Z</time></trkpt><trkpt lon="-7.25623" lat="40.06928"><ele>390.6</ele><time>2026-05-22T08:43:54.900Z</time></trkpt><trkpt lon="-7.2564279" lat="40.0691354"><ele>389.4</ele><time>2026-05-22T08:43:56.300Z</time></trkpt><trkpt lon="-7.2566257" lat="40.0689907"><ele>388.2</ele><time>2026-05-22T08:43:57.700Z</time></trkpt><trkpt lon="-7.2570215" lat="40.0687014"><ele>385.8</ele><time>2026-05-22T08:44:00.400Z</time></trkpt><trkpt lon="-7.2572193" lat="40.0685568"><ele>385.2</ele><time>2026-05-22T08:44:02.000Z</time></trkpt><trkpt lon="-7.2574172" lat="40.0684122"><ele>384.6</ele><time>2026-05-22T08:44:03.600Z</time></trkpt><trkpt lon="-7.2578129" lat="40.0681229"><ele>383.3</ele><time>2026-05-22T08:44:06.700Z</time></trkpt><trkpt lon="-7.2580767" lat="40.06793"><ele>381.6</ele><time>2026-05-22T08:44:08.500Z</time></trkpt><trkpt lon="-7.2583406" lat="40.0677372"><ele>379.8</ele><time>2026-05-22T08:44:10.300Z</time></trkpt><trkpt lon="-7.2586044" lat="40.0675443"><ele>378.0</ele><time>2026-05-22T08:44:12.100Z</time></trkpt><trkpt lon="-7.2588022" lat="40.0673997"><ele>376.8</ele><time>2026-05-22T08:44:13.500Z</time></trkpt><trkpt lon="-7.2590001" lat="40.067255"><ele>375.6</ele><time>2026-05-22T08:44:14.900Z</time></trkpt><trkpt lon="-7.2593958" lat="40.0669657"><ele>373.4</ele><time>2026-05-22T08:44:17.600Z</time></trkpt><trkpt lon="-7.2595936" lat="40.0668211"><ele>373.2</ele><time>2026-05-22T08:44:19.400Z</time></trkpt><trkpt lon="-7.2597915" lat="40.0666765"><ele>373.2</ele><time>2026-05-22T08:44:21.300Z</time></trkpt><trkpt lon="-7.2601872" lat="40.0663872"><ele>373.3</ele><time>2026-05-22T08:44:25.000Z</time></trkpt><trkpt lon="-7.2603851" lat="40.0662425"><ele>374.6</ele><time>2026-05-22T08:44:28.200Z</time></trkpt><trkpt lon="-7.2605829" lat="40.0660979"><ele>376.0</ele><time>2026-05-22T08:44:31.600Z</time></trkpt><trkpt lon="-7.2607808" lat="40.0659532"><ele>377.3</ele><time>2026-05-22T08:44:34.900Z</time></trkpt><trkpt lon="-7.2609786" lat="40.0658086"><ele>378.7</ele><time>2026-05-22T08:44:38.300Z</time></trkpt><trkpt lon="-7.2611765" lat="40.0656639"><ele>380.1</ele><time>2026-05-22T08:44:41.500Z</time></trkpt><trkpt lon="-7.2613743" lat="40.0655193"><ele>381.4</ele><time>2026-05-22T08:44:44.800Z</time></trkpt><trkpt lon="-7.2615722" lat="40.0653746"><ele>382.7</ele><time>2026-05-22T08:44:48.100Z</time></trkpt><trkpt lon="-7.26177" lat="40.06523"><ele>384.0</ele><time>2026-05-22T08:44:51.400Z</time></trkpt><trkpt lon="-7.261955" lat="40.06509"><ele>385.1</ele><time>2026-05-22T08:44:54.300Z</time></trkpt><trkpt lon="-7.26214" lat="40.06495"><ele>386.2</ele><time>2026-05-22T08:44:57.100Z</time></trkpt><trkpt lon="-7.262325" lat="40.06481"><ele>387.2</ele><time>2026-05-22T08:45:00.000Z</time></trkpt><trkpt lon="-7.26251" lat="40.06467"><ele>388.3</ele><time>2026-05-22T08:45:02.800Z</time></trkpt><trkpt lon="-7.262695" lat="40.06453"><ele>389.4</ele><time>2026-05-22T08:45:05.700Z</time></trkpt><trkpt lon="-7.26288" lat="40.06439"><ele>390.5</ele><time>2026-05-22T08:45:08.600Z</time></trkpt><trkpt lon="-7.263065" lat="40.06425"><ele>391.5</ele><time>2026-05-22T08:45:11.500Z</time></trkpt><trkpt lon="-7.26325" lat="40.06411"><ele>392.6</ele><time>2026-05-22T08:45:14.300Z</time></trkpt><trkpt lon="-7.2634292" lat="40.0639408"><ele>393.3</ele><time>2026-05-22T08:45:16.800Z</time></trkpt><trkpt lon="-7.2636083" lat="40.0637717"><ele>393.9</ele><time>2026-05-22T08:45:19.300Z</time></trkpt><trkpt lon="-7.2637875" lat="40.0636025"><ele>394.6</ele><time>2026-05-22T08:45:21.700Z</time></trkpt><trkpt lon="-7.2639667" lat="40.0634333"><ele>395.3</ele><time>2026-05-22T08:45:24.200Z</time></trkpt><trkpt lon="-7.26411" lat="40.063298"><ele>396.4</ele><time>2026-05-22T08:45:26.900Z</time></trkpt><trkpt lon="-7.2642533" lat="40.0631627"><ele>397.6</ele><time>2026-05-22T08:45:29.700Z</time></trkpt><trkpt lon="-7.2643967" lat="40.0630273"><ele>398.7</ele><time>2026-05-22T08:45:32.500Z</time></trkpt><trkpt lon="-7.2646833" lat="40.0627567"><ele>401.0</ele><time>2026-05-22T08:45:38.000Z</time></trkpt><trkpt lon="-7.2648625" lat="40.0625875"><ele>401.9</ele><time>2026-05-22T08:45:40.700Z</time></trkpt><trkpt lon="-7.2650417" lat="40.0624183"><ele>402.7</ele><time>2026-05-22T08:45:43.400Z</time></trkpt><trkpt lon="-7.2652208" lat="40.0622492"><ele>403.5</ele><time>2026-05-22T08:45:46.000Z</time></trkpt><trkpt lon="-7.2654" lat="40.06208"><ele>404.3</ele><time>2026-05-22T08:45:48.600Z</time></trkpt><trkpt lon="-7.2655878" lat="40.0618944"><ele>405.0</ele><time>2026-05-22T08:45:51.200Z</time></trkpt><trkpt lon="-7.2657756" lat="40.0617089"><ele>405.7</ele><time>2026-05-22T08:45:53.900Z</time></trkpt><trkpt lon="-7.2659633" lat="40.0615233"><ele>406.4</ele><time>2026-05-22T08:45:56.500Z</time></trkpt><trkpt lon="-7.2661511" lat="40.0613378"><ele>406.7</ele><time>2026-05-22T08:45:58.800Z</time></trkpt><trkpt lon="-7.2663389" lat="40.0611522"><ele>407.0</ele><time>2026-05-22T08:46:01.100Z</time></trkpt><trkpt lon="-7.2665267" lat="40.0609667"><ele>407.3</ele><time>2026-05-22T08:46:03.400Z</time></trkpt><trkpt lon="-7.2667145" lat="40.0607811"><ele>407.2</ele><time>2026-05-22T08:46:05.400Z</time></trkpt><trkpt lon="-7.2669022" lat="40.0605956"><ele>407.0</ele><time>2026-05-22T08:46:07.400Z</time></trkpt><trkpt lon="-7.26709" lat="40.06041"><ele>406.8</ele><time>2026-05-22T08:46:09.400Z</time></trkpt><trkpt lon="-7.2672386" lat="40.0602381"><ele>406.5</ele><time>2026-05-22T08:46:11.100Z</time></trkpt><trkpt lon="-7.2673871" lat="40.0600663"><ele>406.1</ele><time>2026-05-22T08:46:12.700Z</time></trkpt><trkpt lon="-7.2676842" lat="40.0597225"><ele>405.4</ele><time>2026-05-22T08:46:16.000Z</time></trkpt><trkpt lon="-7.2678823" lat="40.0594934"><ele>404.3</ele><time>2026-05-22T08:46:18.000Z</time></trkpt><trkpt lon="-7.2680804" lat="40.0592642"><ele>403.3</ele><time>2026-05-22T08:46:20.000Z</time></trkpt><trkpt lon="-7.2682785" lat="40.059035"><ele>402.3</ele><time>2026-05-22T08:46:21.900Z</time></trkpt><trkpt lon="-7.268427" lat="40.0588632"><ele>401.8</ele><time>2026-05-22T08:46:23.600Z</time></trkpt><trkpt lon="-7.2685756" lat="40.0586913"><ele>401.4</ele><time>2026-05-22T08:46:25.200Z</time></trkpt><trkpt lon="-7.2688727" lat="40.0583475"><ele>400.6</ele><time>2026-05-22T08:46:28.500Z</time></trkpt><trkpt lon="-7.2690212" lat="40.0581757"><ele>400.1</ele><time>2026-05-22T08:46:30.100Z</time></trkpt><trkpt lon="-7.2691698" lat="40.0580038"><ele>399.5</ele><time>2026-05-22T08:46:31.600Z</time></trkpt><trkpt lon="-7.2694669" lat="40.05766"><ele>398.4</ele><time>2026-05-22T08:46:34.800Z</time></trkpt><trkpt lon="-7.2696154" lat="40.0574882"><ele>397.8</ele><time>2026-05-22T08:46:36.300Z</time></trkpt><trkpt lon="-7.269764" lat="40.0573163"><ele>397.2</ele><time>2026-05-22T08:46:37.900Z</time></trkpt><trkpt lon="-7.270061" lat="40.0569726"><ele>396.0</ele><time>2026-05-22T08:46:41.000Z</time></trkpt><trkpt lon="-7.2702591" lat="40.0567434"><ele>395.1</ele><time>2026-05-22T08:46:43.000Z</time></trkpt><trkpt lon="-7.2704572" lat="40.0565142"><ele>394.1</ele><time>2026-05-22T08:46:45.000Z</time></trkpt><trkpt lon="-7.2706552" lat="40.0562851"><ele>393.2</ele><time>2026-05-22T08:46:47.000Z</time></trkpt><trkpt lon="-7.2708038" lat="40.0561132"><ele>392.9</ele><time>2026-05-22T08:46:48.700Z</time></trkpt><trkpt lon="-7.2709523" lat="40.0559413"><ele>392.5</ele><time>2026-05-22T08:46:50.300Z</time></trkpt><trkpt lon="-7.2712494" lat="40.0555976"><ele>391.8</ele><time>2026-05-22T08:46:53.700Z</time></trkpt><trkpt lon="-7.2713979" lat="40.0554257"><ele>391.3</ele><time>2026-05-22T08:46:55.200Z</time></trkpt><trkpt lon="-7.2715465" lat="40.0552538"><ele>390.6</ele><time>2026-05-22T08:46:56.800Z</time></trkpt><trkpt lon="-7.2718435" lat="40.05491"><ele>389.4</ele><time>2026-05-22T08:46:59.900Z</time></trkpt><trkpt lon="-7.2719921" lat="40.0547382"><ele>389.0</ele><time>2026-05-22T08:47:01.500Z</time></trkpt><trkpt lon="-7.2721406" lat="40.0545663"><ele>388.5</ele><time>2026-05-22T08:47:03.100Z</time></trkpt><trkpt lon="-7.2724377" lat="40.0542225"><ele>387.7</ele><time>2026-05-22T08:47:06.300Z</time></trkpt><trkpt lon="-7.2726357" lat="40.0539934"><ele>386.8</ele><time>2026-05-22T08:47:08.400Z</time></trkpt><trkpt lon="-7.2728337" lat="40.0537642"><ele>385.8</ele><time>2026-05-22T08:47:10.400Z</time></trkpt><trkpt lon="-7.2730318" lat="40.053535"><ele>384.9</ele><time>2026-05-22T08:47:12.400Z</time></trkpt><trkpt lon="-7.2731803" lat="40.0533632"><ele>384.4</ele><time>2026-05-22T08:47:14.000Z</time></trkpt><trkpt lon="-7.2733288" lat="40.0531913"><ele>383.9</ele><time>2026-05-22T08:47:15.600Z</time></trkpt><trkpt lon="-7.2736259" lat="40.0528475"><ele>382.9</ele><time>2026-05-22T08:47:18.800Z</time></trkpt><trkpt lon="-7.2737744" lat="40.0526756"><ele>382.5</ele><time>2026-05-22T08:47:20.400Z</time></trkpt><trkpt lon="-7.273923" lat="40.0525038"><ele>382.1</ele><time>2026-05-22T08:47:22.100Z</time></trkpt><trkpt lon="-7.27422" lat="40.05216"><ele>381.4</ele><time>2026-05-22T08:47:25.400Z</time></trkpt><trkpt lon="-7.2743822" lat="40.0519389"><ele>381.0</ele><time>2026-05-22T08:47:27.400Z</time></trkpt><trkpt lon="-7.2745445" lat="40.0517178"><ele>380.6</ele><time>2026-05-22T08:47:29.500Z</time></trkpt><trkpt lon="-7.2747067" lat="40.0514967"><ele>380.1</ele><time>2026-05-22T08:47:31.500Z</time></trkpt><trkpt lon="-7.2748689" lat="40.0512756"><ele>379.3</ele><time>2026-05-22T08:47:33.400Z</time></trkpt><trkpt lon="-7.2750311" lat="40.0510544"><ele>378.5</ele><time>2026-05-22T08:47:35.300Z</time></trkpt><trkpt lon="-7.2751933" lat="40.0508333"><ele>377.7</ele><time>2026-05-22T08:47:37.200Z</time></trkpt><trkpt lon="-7.2753556" lat="40.0506122"><ele>377.0</ele><time>2026-05-22T08:47:39.100Z</time></trkpt><trkpt lon="-7.2755178" lat="40.0503911"><ele>376.4</ele><time>2026-05-22T08:47:41.100Z</time></trkpt><trkpt lon="-7.27568" lat="40.05017"><ele>375.8</ele><time>2026-05-22T08:47:43.100Z</time></trkpt><trkpt lon="-7.27587" lat="40.04997"><ele>375.6</ele><time>2026-05-22T08:47:45.100Z</time></trkpt><trkpt lon="-7.27608" lat="40.04979"><ele>375.4</ele><time>2026-05-22T08:47:47.200Z</time></trkpt><trkpt lon="-7.2763242" lat="40.0496117"><ele>375.1</ele><time>2026-05-22T08:47:49.300Z</time></trkpt><trkpt lon="-7.2765683" lat="40.0494333"><ele>374.9</ele><time>2026-05-22T08:47:51.500Z</time></trkpt><trkpt lon="-7.2768125" lat="40.049255"><ele>374.7</ele><time>2026-05-22T08:47:53.700Z</time></trkpt><trkpt lon="-7.2770567" lat="40.0490767"><ele>374.5</ele><time>2026-05-22T08:47:55.900Z</time></trkpt><trkpt lon="-7.2773009" lat="40.0488983"><ele>374.4</ele><time>2026-05-22T08:47:58.200Z</time></trkpt><trkpt lon="-7.277545" lat="40.04872"><ele>374.3</ele><time>2026-05-22T08:48:00.400Z</time></trkpt><trkpt lon="-7.2777892" lat="40.0485417"><ele>374.1</ele><time>2026-05-22T08:48:02.600Z</time></trkpt><trkpt lon="-7.2780334" lat="40.0483633"><ele>373.8</ele><time>2026-05-22T08:48:04.700Z</time></trkpt><trkpt lon="-7.2782775" lat="40.048185"><ele>373.6</ele><time>2026-05-22T08:48:06.900Z</time></trkpt><trkpt lon="-7.2785217" lat="40.0480067"><ele>373.4</ele><time>2026-05-22T08:48:09.100Z</time></trkpt><trkpt lon="-7.2787658" lat="40.0478283"><ele>373.2</ele><time>2026-05-22T08:48:11.300Z</time></trkpt><trkpt lon="-7.27901" lat="40.04765"><ele>373.0</ele><time>2026-05-22T08:48:13.500Z</time></trkpt><trkpt lon="-7.2792483" lat="40.0474733"><ele>372.7</ele><time>2026-05-22T08:48:15.600Z</time></trkpt><trkpt lon="-7.2794867" lat="40.0472967"><ele>372.5</ele><time>2026-05-22T08:48:17.800Z</time></trkpt><trkpt lon="-7.279725" lat="40.04712"><ele>372.3</ele><time>2026-05-22T08:48:19.900Z</time></trkpt><trkpt lon="-7.2799634" lat="40.0469433"><ele>372.1</ele><time>2026-05-22T08:48:22.000Z</time></trkpt><trkpt lon="-7.2802017" lat="40.0467667"><ele>371.8</ele><time>2026-05-22T08:48:24.200Z</time></trkpt><trkpt lon="-7.28044" lat="40.04659"><ele>371.5</ele><time>2026-05-22T08:48:26.300Z</time></trkpt><trkpt lon="-7.2806784" lat="40.0464133"><ele>371.2</ele><time>2026-05-22T08:48:28.400Z</time></trkpt><trkpt lon="-7.2809167" lat="40.0462367"><ele>371.0</ele><time>2026-05-22T08:48:30.500Z</time></trkpt><trkpt lon="-7.281155" lat="40.04606"><ele>370.7</ele><time>2026-05-22T08:48:32.700Z</time></trkpt><trkpt lon="-7.2813933" lat="40.0458833"><ele>370.5</ele><time>2026-05-22T08:48:34.800Z</time></trkpt><trkpt lon="-7.2816317" lat="40.0457067"><ele>370.3</ele><time>2026-05-22T08:48:36.900Z</time></trkpt><trkpt lon="-7.28187" lat="40.04553"><ele>370.1</ele><time>2026-05-22T08:48:39.100Z</time></trkpt><trkpt lon="-7.28218" lat="40.04525"><ele>369.8</ele><time>2026-05-22T08:48:42.200Z</time></trkpt><trkpt lon="-7.28239" lat="40.04502"><ele>369.6</ele><time>2026-05-22T08:48:44.600Z</time></trkpt><trkpt lon="-7.282535" lat="40.0448308"><ele>369.4</ele><time>2026-05-22T08:48:46.500Z</time></trkpt><trkpt lon="-7.28268" lat="40.0446417"><ele>369.3</ele><time>2026-05-22T08:48:48.300Z</time></trkpt><trkpt lon="-7.28297" lat="40.0442633"><ele>368.9</ele><time>2026-05-22T08:48:52.000Z</time></trkpt><trkpt lon="-7.283115" lat="40.0440742"><ele>368.8</ele><time>2026-05-22T08:48:53.900Z</time></trkpt><trkpt lon="-7.28326" lat="40.043885"><ele>368.7</ele><time>2026-05-22T08:48:55.800Z</time></trkpt><trkpt lon="-7.28355" lat="40.0435067"><ele>368.5</ele><time>2026-05-22T08:48:59.600Z</time></trkpt><trkpt lon="-7.283695" lat="40.0433175"><ele>368.2</ele><time>2026-05-22T08:49:01.400Z</time></trkpt><trkpt lon="-7.28384" lat="40.0431283"><ele>367.9</ele><time>2026-05-22T08:49:03.200Z</time></trkpt><trkpt lon="-7.28413" lat="40.04275"><ele>367.4</ele><time>2026-05-22T08:49:06.800Z</time></trkpt><trkpt lon="-7.284295" lat="40.04254"><ele>367.0</ele><time>2026-05-22T08:49:08.800Z</time></trkpt><trkpt lon="-7.28446" lat="40.04233"><ele>366.5</ele><time>2026-05-22T08:49:10.700Z</time></trkpt><trkpt lon="-7.2846467" lat="40.04215"><ele>365.7</ele><time>2026-05-22T08:49:12.500Z</time></trkpt><trkpt lon="-7.2848333" lat="40.04197"><ele>365.0</ele><time>2026-05-22T08:49:14.200Z</time></trkpt><trkpt lon="-7.28502" lat="40.04179"><ele>364.3</ele><time>2026-05-22T08:49:15.900Z</time></trkpt><trkpt lon="-7.2852424" lat="40.04159"><ele>364.0</ele><time>2026-05-22T08:49:18.100Z</time></trkpt><trkpt lon="-7.2854648" lat="40.04139"><ele>363.8</ele><time>2026-05-22T08:49:20.300Z</time></trkpt><trkpt lon="-7.2856872" lat="40.04119"><ele>363.5</ele><time>2026-05-22T08:49:22.500Z</time></trkpt><trkpt lon="-7.2859096" lat="40.04099"><ele>362.8</ele><time>2026-05-22T08:49:24.500Z</time></trkpt><trkpt lon="-7.286132" lat="40.04079"><ele>362.0</ele><time>2026-05-22T08:49:26.400Z</time></trkpt><trkpt lon="-7.2863543" lat="40.04059"><ele>361.3</ele><time>2026-05-22T08:49:28.400Z</time></trkpt><trkpt lon="-7.2865767" lat="40.04039"><ele>360.8</ele><time>2026-05-22T08:49:30.600Z</time></trkpt><trkpt lon="-7.2867991" lat="40.04019"><ele>360.4</ele><time>2026-05-22T08:49:32.700Z</time></trkpt><trkpt lon="-7.2870215" lat="40.03999"><ele>360.0</ele><time>2026-05-22T08:49:34.800Z</time></trkpt><trkpt lon="-7.2872439" lat="40.03979"><ele>359.7</ele><time>2026-05-22T08:49:37.000Z</time></trkpt><trkpt lon="-7.2874663" lat="40.03959"><ele>359.4</ele><time>2026-05-22T08:49:39.200Z</time></trkpt><trkpt lon="-7.2876886" lat="40.03939"><ele>359.0</ele><time>2026-05-22T08:49:41.300Z</time></trkpt><trkpt lon="-7.287911" lat="40.03919"><ele>358.4</ele><time>2026-05-22T08:49:43.400Z</time></trkpt><trkpt lon="-7.2881334" lat="40.03899"><ele>357.8</ele><time>2026-05-22T08:49:45.400Z</time></trkpt><trkpt lon="-7.2883558" lat="40.03879"><ele>357.1</ele><time>2026-05-22T08:49:47.400Z</time></trkpt><trkpt lon="-7.2885781" lat="40.03859"><ele>356.5</ele><time>2026-05-22T08:49:49.500Z</time></trkpt><trkpt lon="-7.2888005" lat="40.03839"><ele>355.9</ele><time>2026-05-22T08:49:51.500Z</time></trkpt><trkpt lon="-7.2890229" lat="40.03819"><ele>355.4</ele><time>2026-05-22T08:49:53.600Z</time></trkpt><trkpt lon="-7.2892453" lat="40.03799"><ele>354.9</ele><time>2026-05-22T08:49:55.700Z</time></trkpt><trkpt lon="-7.2894676" lat="40.03779"><ele>354.4</ele><time>2026-05-22T08:49:57.800Z</time></trkpt><trkpt lon="-7.28969" lat="40.03759"><ele>354.0</ele><time>2026-05-22T08:49:59.900Z</time></trkpt><trkpt lon="-7.2898767" lat="40.0374467"><ele>353.7</ele><time>2026-05-22T08:50:01.600Z</time></trkpt><trkpt lon="-7.29025" lat="40.03716"><ele>353.1</ele><time>2026-05-22T08:50:04.900Z</time></trkpt><trkpt lon="-7.2904543" lat="40.03702"><ele>353.0</ele><time>2026-05-22T08:50:06.700Z</time></trkpt><trkpt lon="-7.2906586" lat="40.03688"><ele>352.9</ele><time>2026-05-22T08:50:08.500Z</time></trkpt><trkpt lon="-7.2910672" lat="40.0366"><ele>352.8</ele><time>2026-05-22T08:50:12.200Z</time></trkpt><trkpt lon="-7.2912715" lat="40.03646"><ele>352.9</ele><time>2026-05-22T08:50:14.100Z</time></trkpt><trkpt lon="-7.2914758" lat="40.03632"><ele>353.1</ele><time>2026-05-22T08:50:16.100Z</time></trkpt><trkpt lon="-7.2918844" lat="40.03604"><ele>353.4</ele><time>2026-05-22T08:50:20.100Z</time></trkpt><trkpt lon="-7.2920886" lat="40.0359"><ele>353.9</ele><time>2026-05-22T08:50:22.300Z</time></trkpt><trkpt lon="-7.2922929" lat="40.03576"><ele>354.4</ele><time>2026-05-22T08:50:24.600Z</time></trkpt><trkpt lon="-7.2927015" lat="40.03548"><ele>355.4</ele><time>2026-05-22T08:50:29.000Z</time></trkpt><trkpt lon="-7.2929058" lat="40.03534"><ele>355.8</ele><time>2026-05-22T08:50:31.200Z</time></trkpt><trkpt lon="-7.2931101" lat="40.0352"><ele>356.2</ele><time>2026-05-22T08:50:33.300Z</time></trkpt><trkpt lon="-7.2935187" lat="40.03492"><ele>357.0</ele><time>2026-05-22T08:50:37.600Z</time></trkpt><trkpt lon="-7.2937229" lat="40.03478"><ele>357.5</ele><time>2026-05-22T08:50:39.900Z</time></trkpt><trkpt lon="-7.2939272" lat="40.03464"><ele>358.1</ele><time>2026-05-22T08:50:42.200Z</time></trkpt><trkpt lon="-7.2943358" lat="40.03436"><ele>359.3</ele><time>2026-05-22T08:50:46.800Z</time></trkpt><trkpt lon="-7.2945401" lat="40.03422"><ele>359.7</ele><time>2026-05-22T08:50:49.000Z</time></trkpt><trkpt lon="-7.2947443" lat="40.03408"><ele>360.2</ele><time>2026-05-22T08:50:51.300Z</time></trkpt><trkpt lon="-7.2951529" lat="40.0338"><ele>361.2</ele><time>2026-05-22T08:50:55.700Z</time></trkpt><trkpt lon="-7.2953572" lat="40.03366"><ele>361.6</ele><time>2026-05-22T08:50:57.900Z</time></trkpt><trkpt lon="-7.2955615" lat="40.03352"><ele>362.1</ele><time>2026-05-22T08:51:00.100Z</time></trkpt><trkpt lon="-7.29597" lat="40.03324"><ele>363.1</ele><time>2026-05-22T08:51:04.500Z</time></trkpt><trkpt lon="-7.2961738" lat="40.0330925"><ele>363.8</ele><time>2026-05-22T08:51:07.000Z</time></trkpt><trkpt lon="-7.2963775" lat="40.032945"><ele>364.5</ele><time>2026-05-22T08:51:09.500Z</time></trkpt><trkpt lon="-7.2965813" lat="40.0327975"><ele>365.3</ele><time>2026-05-22T08:51:12.000Z</time></trkpt><trkpt lon="-7.296785" lat="40.03265"><ele>366.0</ele><time>2026-05-22T08:51:14.500Z</time></trkpt><trkpt lon="-7.2969888" lat="40.0325025"><ele>366.4</ele><time>2026-05-22T08:51:16.700Z</time></trkpt><trkpt lon="-7.2971925" lat="40.032355"><ele>366.8</ele><time>2026-05-22T08:51:18.900Z</time></trkpt><trkpt lon="-7.2976" lat="40.03206"><ele>367.7</ele><time>2026-05-22T08:51:23.400Z</time></trkpt><trkpt lon="-7.2978038" lat="40.0319125"><ele>368.3</ele><time>2026-05-22T08:51:25.700Z</time></trkpt><trkpt lon="-7.2980075" lat="40.031765"><ele>368.9</ele><time>2026-05-22T08:51:28.100Z</time></trkpt><trkpt lon="-7.298415" lat="40.03147"><ele>370.1</ele><time>2026-05-22T08:51:32.800Z</time></trkpt><trkpt lon="-7.2986188" lat="40.0313225"><ele>370.5</ele><time>2026-05-22T08:51:35.100Z</time></trkpt><trkpt lon="-7.2988225" lat="40.031175"><ele>370.9</ele><time>2026-05-22T08:51:37.300Z</time></trkpt><trkpt lon="-7.29923" lat="40.03088"><ele>371.7</ele><time>2026-05-22T08:51:41.600Z</time></trkpt><trkpt lon="-7.29943" lat="40.0307425"><ele>372.0</ele><time>2026-05-22T08:51:43.700Z</time></trkpt><trkpt lon="-7.29963" lat="40.030605"><ele>372.4</ele><time>2026-05-22T08:51:45.800Z</time></trkpt><trkpt lon="-7.30003" lat="40.03033"><ele>373.0</ele><time>2026-05-22T08:51:49.900Z</time></trkpt><trkpt lon="-7.3002339" lat="40.0301967"><ele>373.3</ele><time>2026-05-22T08:51:52.000Z</time></trkpt><trkpt lon="-7.3004378" lat="40.0300633"><ele>373.7</ele><time>2026-05-22T08:51:54.100Z</time></trkpt><trkpt lon="-7.3008456" lat="40.0297967"><ele>374.3</ele><time>2026-05-22T08:51:58.200Z</time></trkpt><trkpt lon="-7.3010495" lat="40.0296634"><ele>374.8</ele><time>2026-05-22T08:52:00.300Z</time></trkpt><trkpt lon="-7.3012534" lat="40.02953"><ele>375.2</ele><time>2026-05-22T08:52:02.500Z</time></trkpt><trkpt lon="-7.3016612" lat="40.0292634"><ele>376.1</ele><time>2026-05-22T08:52:06.800Z</time></trkpt><trkpt lon="-7.3018651" lat="40.02913"><ele>376.3</ele><time>2026-05-22T08:52:08.800Z</time></trkpt><trkpt lon="-7.302069" lat="40.0289967"><ele>376.5</ele><time>2026-05-22T08:52:10.800Z</time></trkpt><trkpt lon="-7.3024768" lat="40.0287301"><ele>377.0</ele><time>2026-05-22T08:52:14.800Z</time></trkpt><trkpt lon="-7.3026807" lat="40.0285967"><ele>377.4</ele><time>2026-05-22T08:52:16.900Z</time></trkpt><trkpt lon="-7.3028846" lat="40.0284634"><ele>377.9</ele><time>2026-05-22T08:52:19.100Z</time></trkpt><trkpt lon="-7.3032923" lat="40.0281967"><ele>378.9</ele><time>2026-05-22T08:52:23.500Z</time></trkpt><trkpt lon="-7.3034962" lat="40.0280634"><ele>379.3</ele><time>2026-05-22T08:52:25.600Z</time></trkpt><trkpt lon="-7.3037001" lat="40.0279301"><ele>379.8</ele><time>2026-05-22T08:52:27.700Z</time></trkpt><trkpt lon="-7.3041079" lat="40.0276634"><ele>380.6</ele><time>2026-05-22T08:52:32.000Z</time></trkpt><trkpt lon="-7.3043118" lat="40.0275301"><ele>381.2</ele><time>2026-05-22T08:52:34.300Z</time></trkpt><trkpt lon="-7.3045157" lat="40.0273967"><ele>381.8</ele><time>2026-05-22T08:52:36.500Z</time></trkpt><trkpt lon="-7.3049234" lat="40.0271301"><ele>382.9</ele><time>2026-05-22T08:52:41.100Z</time></trkpt><trkpt lon="-7.3051273" lat="40.0269967"><ele>383.3</ele><time>2026-05-22T08:52:43.200Z</time></trkpt><trkpt lon="-7.3053312" lat="40.0268634"><ele>383.8</ele><time>2026-05-22T08:52:45.300Z</time></trkpt><trkpt lon="-7.305739" lat="40.0265967"><ele>384.6</ele><time>2026-05-22T08:52:49.600Z</time></trkpt><trkpt lon="-7.3059429" lat="40.0264634"><ele>384.9</ele><time>2026-05-22T08:52:51.600Z</time></trkpt><trkpt lon="-7.3061467" lat="40.02633"><ele>385.1</ele><time>2026-05-22T08:52:53.600Z</time></trkpt><trkpt lon="-7.3065545" lat="40.0260634"><ele>385.7</ele><time>2026-05-22T08:52:57.700Z</time></trkpt><trkpt lon="-7.3067584" lat="40.02593"><ele>385.7</ele><time>2026-05-22T08:52:59.500Z</time></trkpt><trkpt lon="-7.3069622" lat="40.0257967"><ele>385.7</ele><time>2026-05-22T08:53:01.400Z</time></trkpt><trkpt lon="-7.30737" lat="40.02553"><ele>385.8</ele><time>2026-05-22T08:53:05.000Z</time></trkpt><trkpt lon="-7.3075747" lat="40.0253804"><ele>385.6</ele><time>2026-05-22T08:53:06.800Z</time></trkpt><trkpt lon="-7.3077793" lat="40.0252307"><ele>385.3</ele><time>2026-05-22T08:53:08.700Z</time></trkpt><trkpt lon="-7.3081886" lat="40.0249314"><ele>384.8</ele><time>2026-05-22T08:53:12.300Z</time></trkpt><trkpt lon="-7.3083933" lat="40.0247818"><ele>384.5</ele><time>2026-05-22T08:53:14.000Z</time></trkpt><trkpt lon="-7.3085979" lat="40.0246322"><ele>384.1</ele><time>2026-05-22T08:53:15.800Z</time></trkpt><trkpt lon="-7.3090072" lat="40.0243329"><ele>383.4</ele><time>2026-05-22T08:53:19.300Z</time></trkpt><trkpt lon="-7.3092119" lat="40.0241832"><ele>382.8</ele><time>2026-05-22T08:53:20.900Z</time></trkpt><trkpt lon="-7.3094165" lat="40.0240336"><ele>382.1</ele><time>2026-05-22T08:53:22.500Z</time></trkpt><trkpt lon="-7.3098258" lat="40.0237343"><ele>380.8</ele><time>2026-05-22T08:53:25.800Z</time></trkpt><trkpt lon="-7.3100304" lat="40.0235847"><ele>380.3</ele><time>2026-05-22T08:53:27.500Z</time></trkpt><trkpt lon="-7.3102351" lat="40.023435"><ele>379.9</ele><time>2026-05-22T08:53:29.200Z</time></trkpt><trkpt lon="-7.3106444" lat="40.0231357"><ele>379.0</ele><time>2026-05-22T08:53:32.600Z</time></trkpt><trkpt lon="-7.310849" lat="40.0229861"><ele>378.6</ele><time>2026-05-22T08:53:34.300Z</time></trkpt><trkpt lon="-7.3110537" lat="40.0228365"><ele>378.2</ele><time>2026-05-22T08:53:36.100Z</time></trkpt><trkpt lon="-7.3114629" lat="40.0225372"><ele>377.4</ele><time>2026-05-22T08:53:39.500Z</time></trkpt><trkpt lon="-7.3116676" lat="40.0223875"><ele>377.2</ele><time>2026-05-22T08:53:41.400Z</time></trkpt><trkpt lon="-7.3118722" lat="40.0222379"><ele>377.0</ele><time>2026-05-22T08:53:43.200Z</time></trkpt><trkpt lon="-7.3122815" lat="40.0219386"><ele>376.7</ele><time>2026-05-22T08:53:46.900Z</time></trkpt><trkpt lon="-7.3124861" lat="40.0217889"><ele>376.7</ele><time>2026-05-22T08:53:48.800Z</time></trkpt><trkpt lon="-7.3126907" lat="40.0216393"><ele>376.6</ele><time>2026-05-22T08:53:50.700Z</time></trkpt><trkpt lon="-7.3131" lat="40.02134"><ele>376.6</ele><time>2026-05-22T08:53:54.500Z</time></trkpt><trkpt lon="-7.31326" lat="40.02132"><ele>376.6</ele><time>2026-05-22T08:53:55.600Z</time></trkpt><trkpt lon="-7.3134" lat="40.02133"><ele>376.7</ele><time>2026-05-22T08:53:56.700Z</time></trkpt><trkpt lon="-7.31359" lat="40.02143"><ele>377.1</ele><time>2026-05-22T08:53:58.500Z</time></trkpt><trkpt lon="-7.31368" lat="40.02155"><ele>377.4</ele><time>2026-05-22T08:53:59.900Z</time></trkpt><trkpt lon="-7.3137544" lat="40.0217689"><ele>378.1</ele><time>2026-05-22T08:54:02.500Z</time></trkpt><trkpt lon="-7.3138289" lat="40.0219878"><ele>378.9</ele><time>2026-05-22T08:54:05.100Z</time></trkpt><trkpt lon="-7.3139033" lat="40.0222067"><ele>379.7</ele><time>2026-05-22T08:54:07.800Z</time></trkpt><trkpt lon="-7.3139592" lat="40.0223708"><ele>380.7</ele><time>2026-05-22T08:54:10.400Z</time></trkpt><trkpt lon="-7.314015" lat="40.022535"><ele>381.7</ele><time>2026-05-22T08:54:13.000Z</time></trkpt><trkpt lon="-7.3141267" lat="40.0228633"><ele>383.7</ele><time>2026-05-22T08:54:18.100Z</time></trkpt><trkpt lon="-7.3142011" lat="40.0230822"><ele>384.8</ele><time>2026-05-22T08:54:21.300Z</time></trkpt><trkpt lon="-7.3142756" lat="40.0233011"><ele>386.0</ele><time>2026-05-22T08:54:24.400Z</time></trkpt><trkpt lon="-7.31435" lat="40.02352"><ele>387.1</ele><time>2026-05-22T08:54:27.500Z</time></trkpt><trkpt lon="-7.31434" lat="40.0237"><ele>387.9</ele><time>2026-05-22T08:54:29.900Z</time></trkpt><trkpt lon="-7.3143079" lat="40.0239204"><ele>388.6</ele><time>2026-05-22T08:54:32.400Z</time></trkpt><trkpt lon="-7.3142758" lat="40.0241408"><ele>389.2</ele><time>2026-05-22T08:54:34.800Z</time></trkpt><trkpt lon="-7.3142438" lat="40.0243613"><ele>389.9</ele><time>2026-05-22T08:54:37.300Z</time></trkpt><trkpt lon="-7.3142117" lat="40.0245817"><ele>390.5</ele><time>2026-05-22T08:54:39.700Z</time></trkpt><trkpt lon="-7.3141796" lat="40.0248021"><ele>390.9</ele><time>2026-05-22T08:54:42.000Z</time></trkpt><trkpt lon="-7.3141475" lat="40.0250225"><ele>391.3</ele><time>2026-05-22T08:54:44.300Z</time></trkpt><trkpt lon="-7.3140833" lat="40.0254633"><ele>392.2</ele><time>2026-05-22T08:54:48.800Z</time></trkpt><trkpt lon="-7.3140513" lat="40.0256838"><ele>392.4</ele><time>2026-05-22T08:54:51.000Z</time></trkpt><trkpt lon="-7.3140192" lat="40.0259042"><ele>392.6</ele><time>2026-05-22T08:54:53.100Z</time></trkpt><trkpt lon="-7.313955" lat="40.026345"><ele>393.1</ele><time>2026-05-22T08:54:57.400Z</time></trkpt><trkpt lon="-7.3139229" lat="40.0265654"><ele>393.1</ele><time>2026-05-22T08:54:59.400Z</time></trkpt><trkpt lon="-7.3138908" lat="40.0267858"><ele>393.0</ele><time>2026-05-22T08:55:01.300Z</time></trkpt><trkpt lon="-7.3138267" lat="40.0272267"><ele>393.0</ele><time>2026-05-22T08:55:05.200Z</time></trkpt><trkpt lon="-7.3137946" lat="40.0274471"><ele>392.9</ele><time>2026-05-22T08:55:07.100Z</time></trkpt><trkpt lon="-7.3137625" lat="40.0276675"><ele>392.8</ele><time>2026-05-22T08:55:09.100Z</time></trkpt><trkpt lon="-7.3136983" lat="40.0281083"><ele>392.7</ele><time>2026-05-22T08:55:12.900Z</time></trkpt><trkpt lon="-7.3136663" lat="40.0283288"><ele>392.5</ele><time>2026-05-22T08:55:14.800Z</time></trkpt><trkpt lon="-7.3136342" lat="40.0285492"><ele>392.3</ele><time>2026-05-22T08:55:16.600Z</time></trkpt><trkpt lon="-7.31357" lat="40.02899"><ele>391.9</ele><time>2026-05-22T08:55:20.400Z</time></trkpt><trkpt lon="-7.313535" lat="40.0291767"><ele>391.6</ele><time>2026-05-22T08:55:21.900Z</time></trkpt><trkpt lon="-7.313465" lat="40.02955"><ele>390.9</ele><time>2026-05-22T08:55:24.900Z</time></trkpt><trkpt lon="-7.31343" lat="40.0297367"><ele>389.9</ele><time>2026-05-22T08:55:26.200Z</time></trkpt><trkpt lon="-7.31336" lat="40.03011"><ele>387.9</ele><time>2026-05-22T08:55:28.700Z</time></trkpt><trkpt lon="-7.31341" lat="40.03034"><ele>386.9</ele><time>2026-05-22T08:55:30.300Z</time></trkpt><trkpt lon="-7.313555" lat="40.0305275"><ele>385.8</ele><time>2026-05-22T08:55:31.800Z</time></trkpt><trkpt lon="-7.3137" lat="40.030715"><ele>384.7</ele><time>2026-05-22T08:55:33.200Z</time></trkpt><trkpt lon="-7.31399" lat="40.03109"><ele>382.5</ele><time>2026-05-22T08:55:36.200Z</time></trkpt><trkpt lon="-7.31427" lat="40.0313"><ele>381.1</ele><time>2026-05-22T08:55:38.200Z</time></trkpt><trkpt lon="-7.3145475" lat="40.0314775"><ele>379.1</ele><time>2026-05-22T08:55:40.000Z</time></trkpt><trkpt lon="-7.314825" lat="40.031655"><ele>377.2</ele><time>2026-05-22T08:55:41.700Z</time></trkpt><trkpt lon="-7.31501" lat="40.0317733"><ele>376.4</ele><time>2026-05-22T08:55:43.000Z</time></trkpt><trkpt lon="-7.31538" lat="40.03201"><ele>374.9</ele><time>2026-05-22T08:55:45.600Z</time></trkpt><trkpt lon="-7.31573" lat="40.0322"><ele>373.2</ele><time>2026-05-22T08:55:47.800Z</time></trkpt><trkpt lon="-7.3160175" lat="40.0323075"><ele>371.8</ele><time>2026-05-22T08:55:49.400Z</time></trkpt><trkpt lon="-7.316305" lat="40.032415"><ele>370.3</ele><time>2026-05-22T08:55:51.000Z</time></trkpt><trkpt lon="-7.3165925" lat="40.0325225"><ele>368.9</ele><time>2026-05-22T08:55:52.600Z</time></trkpt><trkpt lon="-7.31688" lat="40.03263"><ele>367.8</ele><time>2026-05-22T08:55:54.300Z</time></trkpt><trkpt lon="-7.3171675" lat="40.0327375"><ele>366.8</ele><time>2026-05-22T08:55:56.100Z</time></trkpt><trkpt lon="-7.317455" lat="40.032845"><ele>365.8</ele><time>2026-05-22T08:55:57.800Z</time></trkpt><trkpt lon="-7.3177425" lat="40.0329525"><ele>364.2</ele><time>2026-05-22T08:55:59.300Z</time></trkpt><trkpt lon="-7.31803" lat="40.03306"><ele>362.5</ele><time>2026-05-22T08:56:00.900Z</time></trkpt><trkpt lon="-7.3183175" lat="40.0331675"><ele>360.9</ele><time>2026-05-22T08:56:02.500Z</time></trkpt><trkpt lon="-7.318605" lat="40.033275"><ele>359.8</ele><time>2026-05-22T08:56:04.200Z</time></trkpt><trkpt lon="-7.3188925" lat="40.0333825"><ele>358.8</ele><time>2026-05-22T08:56:05.900Z</time></trkpt><trkpt lon="-7.31918" lat="40.03349"><ele>357.7</ele><time>2026-05-22T08:56:07.600Z</time></trkpt><trkpt lon="-7.31936" lat="40.0335"><ele>357.1</ele><time>2026-05-22T08:56:08.600Z</time></trkpt><trkpt lon="-7.31962" lat="40.03349"><ele>356.2</ele><time>2026-05-22T08:56:09.900Z</time></trkpt><trkpt lon="-7.32014" lat="40.03347"><ele>354.3</ele><time>2026-05-22T08:56:12.600Z</time></trkpt><trkpt lon="-7.32026" lat="40.03341"><ele>353.9</ele><time>2026-05-22T08:56:13.400Z</time></trkpt><trkpt lon="-7.32037" lat="40.03333"><ele>353.6</ele><time>2026-05-22T08:56:14.300Z</time></trkpt><trkpt lon="-7.3204917" lat="40.0331517"><ele>353.1</ele><time>2026-05-22T08:56:15.900Z</time></trkpt><trkpt lon="-7.320735" lat="40.032795"><ele>352.2</ele><time>2026-05-22T08:56:19.000Z</time></trkpt><trkpt lon="-7.3208567" lat="40.0326167"><ele>352.1</ele><time>2026-05-22T08:56:20.800Z</time></trkpt><trkpt lon="-7.3211" lat="40.03226"><ele>351.9</ele><time>2026-05-22T08:56:24.200Z</time></trkpt><trkpt lon="-7.32122" lat="40.03217"><ele>351.9</ele><time>2026-05-22T08:56:25.400Z</time></trkpt><trkpt lon="-7.32136" lat="40.03214"><ele>351.9</ele><time>2026-05-22T08:56:26.300Z</time></trkpt><trkpt lon="-7.32157" lat="40.03215"><ele>351.9</ele><time>2026-05-22T08:56:27.800Z</time></trkpt><trkpt lon="-7.3218625" lat="40.032185"><ele>351.9</ele><time>2026-05-22T08:56:29.800Z</time></trkpt><trkpt lon="-7.322155" lat="40.03222"><ele>352.0</ele><time>2026-05-22T08:56:31.800Z</time></trkpt><trkpt lon="-7.3224475" lat="40.032255"><ele>351.9</ele><time>2026-05-22T08:56:33.800Z</time></trkpt><trkpt lon="-7.32274" lat="40.03229"><ele>351.6</ele><time>2026-05-22T08:56:35.700Z</time></trkpt><trkpt lon="-7.32298" lat="40.03235"><ele>350.7</ele><time>2026-05-22T08:56:37.000Z</time></trkpt><trkpt lon="-7.32314" lat="40.03242"><ele>349.4</ele><time>2026-05-22T08:56:37.900Z</time></trkpt><trkpt lon="-7.323335" lat="40.0325383"><ele>348.7</ele><time>2026-05-22T08:56:39.300Z</time></trkpt><trkpt lon="-7.323725" lat="40.032775"><ele>347.6</ele><time>2026-05-22T08:56:42.100Z</time></trkpt><trkpt lon="-7.32392" lat="40.0328933"><ele>346.5</ele><time>2026-05-22T08:56:43.400Z</time></trkpt><trkpt lon="-7.32431" lat="40.03313"><ele>344.3</ele><time>2026-05-22T08:56:45.900Z</time></trkpt><trkpt lon="-7.32441" lat="40.03324"><ele>343.7</ele><time>2026-05-22T08:56:46.800Z</time></trkpt><trkpt lon="-7.32448" lat="40.03337"><ele>343.3</ele><time>2026-05-22T08:56:47.800Z</time></trkpt><trkpt lon="-7.3246" lat="40.03372"><ele>341.9</ele><time>2026-05-22T08:56:50.400Z</time></trkpt><trkpt lon="-7.32471" lat="40.03382"><ele>341.0</ele><time>2026-05-22T08:56:51.300Z</time></trkpt><trkpt lon="-7.32483" lat="40.03388"><ele>340.1</ele><time>2026-05-22T08:56:51.900Z</time></trkpt><trkpt lon="-7.32502" lat="40.03393"><ele>339.2</ele><time>2026-05-22T08:56:52.900Z</time></trkpt><trkpt lon="-7.32521" lat="40.03393"><ele>338.9</ele><time>2026-05-22T08:56:54.100Z</time></trkpt><trkpt lon="-7.32537" lat="40.03389"><ele>338.7</ele><time>2026-05-22T08:56:55.100Z</time></trkpt><trkpt lon="-7.32575" lat="40.03375"><ele>337.5</ele><time>2026-05-22T08:56:57.500Z</time></trkpt><trkpt lon="-7.32598" lat="40.03371"><ele>335.8</ele><time>2026-05-22T08:56:58.600Z</time></trkpt><trkpt lon="-7.32624" lat="40.03371"><ele>334.0</ele><time>2026-05-22T08:56:59.800Z</time></trkpt><trkpt lon="-7.3265133" lat="40.03373"><ele>333.1</ele><time>2026-05-22T08:57:01.300Z</time></trkpt><trkpt lon="-7.32706" lat="40.03377"><ele>331.8</ele><time>2026-05-22T08:57:04.500Z</time></trkpt><trkpt lon="-7.32734" lat="40.03377"><ele>331.1</ele><time>2026-05-22T08:57:06.100Z</time></trkpt><trkpt lon="-7.32755" lat="40.03374"><ele>330.5</ele><time>2026-05-22T08:57:07.200Z</time></trkpt><trkpt lon="-7.3278867" lat="40.03366"><ele>329.3</ele><time>2026-05-22T08:57:09.100Z</time></trkpt><trkpt lon="-7.3282233" lat="40.03358"><ele>328.2</ele><time>2026-05-22T08:57:11.000Z</time></trkpt><trkpt lon="-7.32856" lat="40.0335"><ele>327.0</ele><time>2026-05-22T08:57:12.900Z</time></trkpt><trkpt lon="-7.32875" lat="40.03349"><ele>326.7</ele><time>2026-05-22T08:57:14.000Z</time></trkpt><trkpt lon="-7.32896" lat="40.03353"><ele>326.3</ele><time>2026-05-22T08:57:15.300Z</time></trkpt><trkpt lon="-7.3292525" lat="40.033645"><ele>325.6</ele><time>2026-05-22T08:57:17.200Z</time></trkpt><trkpt lon="-7.329545" lat="40.03376"><ele>325.0</ele><time>2026-05-22T08:57:19.200Z</time></trkpt><trkpt lon="-7.3298375" lat="40.033875"><ele>324.6</ele><time>2026-05-22T08:57:21.200Z</time></trkpt><trkpt lon="-7.33013" lat="40.03399"><ele>324.3</ele><time>2026-05-22T08:57:23.300Z</time></trkpt><trkpt lon="-7.33034" lat="40.03414"><ele>324.2</ele><time>2026-05-22T08:57:25.200Z</time></trkpt><trkpt lon="-7.33044" lat="40.03427"><ele>324.2</ele><time>2026-05-22T08:57:26.500Z</time></trkpt><trkpt lon="-7.33051" lat="40.03443"><ele>324.2</ele><time>2026-05-22T08:57:28.000Z</time></trkpt><trkpt lon="-7.3306" lat="40.03462"><ele>324.0</ele><time>2026-05-22T08:57:29.700Z</time></trkpt><trkpt lon="-7.3307" lat="40.03491"><ele>324.0</ele><time>2026-05-22T08:57:32.400Z</time></trkpt><trkpt lon="-7.33072" lat="40.03525"><ele>324.4</ele><time>2026-05-22T08:57:35.700Z</time></trkpt><trkpt lon="-7.33079" lat="40.03547"><ele>325.1</ele><time>2026-05-22T08:57:38.300Z</time></trkpt><trkpt lon="-7.33091" lat="40.03562"><ele>325.7</ele><time>2026-05-22T08:57:40.300Z</time></trkpt><trkpt lon="-7.33109" lat="40.03569"><ele>326.5</ele><time>2026-05-22T08:57:42.500Z</time></trkpt><trkpt lon="-7.3313167" lat="40.0357167"><ele>327.2</ele><time>2026-05-22T08:57:44.700Z</time></trkpt><trkpt lon="-7.33177" lat="40.03577"><ele>328.5</ele><time>2026-05-22T08:57:48.900Z</time></trkpt><trkpt lon="-7.33206" lat="40.03572"><ele>329.6</ele><time>2026-05-22T08:57:51.900Z</time></trkpt><trkpt lon="-7.33228" lat="40.035645"><ele>330.5</ele><time>2026-05-22T08:57:54.500Z</time></trkpt><trkpt lon="-7.3325" lat="40.03557"><ele>331.4</ele><time>2026-05-22T08:57:56.900Z</time></trkpt><trkpt lon="-7.33276" lat="40.03555"><ele>331.4</ele><time>2026-05-22T08:57:58.800Z</time></trkpt><trkpt lon="-7.333" lat="40.03557"><ele>331.2</ele><time>2026-05-22T08:58:00.300Z</time></trkpt><trkpt lon="-7.33342" lat="40.03565"><ele>330.0</ele><time>2026-05-22T08:58:02.700Z</time></trkpt><trkpt lon="-7.33375" lat="40.03574"><ele>328.9</ele><time>2026-05-22T08:58:04.600Z</time></trkpt><trkpt lon="-7.3339925" lat="40.0358675"><ele>328.5</ele><time>2026-05-22T08:58:06.400Z</time></trkpt><trkpt lon="-7.334235" lat="40.035995"><ele>328.1</ele><time>2026-05-22T08:58:08.200Z</time></trkpt><trkpt lon="-7.3344775" lat="40.0361225"><ele>327.8</ele><time>2026-05-22T08:58:10.000Z</time></trkpt><trkpt lon="-7.33472" lat="40.03625"><ele>327.4</ele><time>2026-05-22T08:58:11.800Z</time></trkpt><trkpt lon="-7.33496" lat="40.03637"><ele>326.8</ele><time>2026-05-22T08:58:13.500Z</time></trkpt><trkpt lon="-7.33544" lat="40.03661"><ele>325.6</ele><time>2026-05-22T08:58:16.900Z</time></trkpt><trkpt lon="-7.33569" lat="40.0367"><ele>325.0</ele><time>2026-05-22T08:58:18.400Z</time></trkpt><trkpt lon="-7.3360211" lat="40.0367556"><ele>323.4</ele><time>2026-05-22T08:58:20.100Z</time></trkpt><trkpt lon="-7.3363522" lat="40.0368111"><ele>321.8</ele><time>2026-05-22T08:58:21.800Z</time></trkpt><trkpt lon="-7.3366833" lat="40.0368667"><ele>320.1</ele><time>2026-05-22T08:58:23.500Z</time></trkpt><trkpt lon="-7.3370144" lat="40.0369222"><ele>318.5</ele><time>2026-05-22T08:58:25.200Z</time></trkpt><trkpt lon="-7.3373456" lat="40.0369778"><ele>316.9</ele><time>2026-05-22T08:58:26.900Z</time></trkpt><trkpt lon="-7.3376767" lat="40.0370333"><ele>315.3</ele><time>2026-05-22T08:58:28.600Z</time></trkpt><trkpt lon="-7.3380078" lat="40.0370889"><ele>313.8</ele><time>2026-05-22T08:58:30.300Z</time></trkpt><trkpt lon="-7.3383389" lat="40.0371444"><ele>312.3</ele><time>2026-05-22T08:58:31.900Z</time></trkpt><trkpt lon="-7.33867" lat="40.0372"><ele>310.8</ele><time>2026-05-22T08:58:33.600Z</time></trkpt><trkpt lon="-7.33891" lat="40.03721"><ele>309.7</ele><time>2026-05-22T08:58:34.800Z</time></trkpt><trkpt lon="-7.33924" lat="40.03718"><ele>308.4</ele><time>2026-05-22T08:58:36.500Z</time></trkpt><trkpt lon="-7.3394" lat="40.03714"><ele>307.9</ele><time>2026-05-22T08:58:37.500Z</time></trkpt><trkpt lon="-7.33959" lat="40.03704"><ele>307.3</ele><time>2026-05-22T08:58:38.700Z</time></trkpt><trkpt lon="-7.33978" lat="40.03686"><ele>306.5</ele><time>2026-05-22T08:58:40.400Z</time></trkpt><trkpt lon="-7.33989" lat="40.03681"><ele>306.2</ele><time>2026-05-22T08:58:41.200Z</time></trkpt><trkpt lon="-7.34003" lat="40.03678"><ele>306.0</ele><time>2026-05-22T08:58:42.100Z</time></trkpt><trkpt lon="-7.34017" lat="40.0368"><ele>306.1</ele><time>2026-05-22T08:58:43.100Z</time></trkpt><trkpt lon="-7.3404233" lat="40.0369067"><ele>306.1</ele><time>2026-05-22T08:58:45.100Z</time></trkpt><trkpt lon="-7.34093" lat="40.03712"><ele>306.4</ele><time>2026-05-22T08:58:49.200Z</time></trkpt><trkpt lon="-7.34104" lat="40.03719"><ele>306.9</ele><time>2026-05-22T08:58:50.700Z</time></trkpt><trkpt lon="-7.341125" lat="40.03735"><ele>308.2</ele><time>2026-05-22T08:58:53.700Z</time></trkpt><trkpt lon="-7.34121" lat="40.03751"><ele>309.6</ele><time>2026-05-22T08:58:56.800Z</time></trkpt><trkpt lon="-7.34132" lat="40.03757"><ele>310.3</ele><time>2026-05-22T08:58:58.500Z</time></trkpt><trkpt lon="-7.34165" lat="40.03759"><ele>312.3</ele><time>2026-05-22T08:59:03.000Z</time></trkpt><trkpt lon="-7.3419" lat="40.0375833"><ele>313.0</ele><time>2026-05-22T08:59:05.400Z</time></trkpt><trkpt lon="-7.3424" lat="40.03757"><ele>314.4</ele><time>2026-05-22T08:59:09.800Z</time></trkpt><trkpt lon="-7.34265" lat="40.0375633"><ele>314.6</ele><time>2026-05-22T08:59:11.700Z</time></trkpt><trkpt lon="-7.34315" lat="40.03755"><ele>315.2</ele><time>2026-05-22T08:59:15.500Z</time></trkpt><trkpt lon="-7.3434325" lat="40.0375825"><ele>316.3</ele><time>2026-05-22T08:59:18.500Z</time></trkpt><trkpt lon="-7.343715" lat="40.037615"><ele>317.4</ele><time>2026-05-22T08:59:21.600Z</time></trkpt><trkpt lon="-7.3439975" lat="40.0376475"><ele>318.6</ele><time>2026-05-22T08:59:24.800Z</time></trkpt><trkpt lon="-7.34428" lat="40.03768"><ele>319.7</ele><time>2026-05-22T08:59:27.900Z</time></trkpt><trkpt lon="-7.34451" lat="40.03773"><ele>320.5</ele><time>2026-05-22T08:59:30.300Z</time></trkpt><trkpt lon="-7.34461" lat="40.03782"><ele>321.0</ele><time>2026-05-22T08:59:31.800Z</time></trkpt><trkpt lon="-7.34467" lat="40.03794"><ele>321.6</ele><time>2026-05-22T08:59:33.400Z</time></trkpt><trkpt lon="-7.3446244" lat="40.0381533"><ele>321.8</ele><time>2026-05-22T08:59:35.500Z</time></trkpt><trkpt lon="-7.3445333" lat="40.03858"><ele>322.2</ele><time>2026-05-22T08:59:39.600Z</time></trkpt><trkpt lon="-7.3444878" lat="40.0387933"><ele>322.2</ele><time>2026-05-22T08:59:41.500Z</time></trkpt><trkpt lon="-7.3443967" lat="40.03922"><ele>322.2</ele><time>2026-05-22T08:59:45.400Z</time></trkpt><trkpt lon="-7.3443511" lat="40.0394333"><ele>322.3</ele><time>2026-05-22T08:59:47.400Z</time></trkpt><trkpt lon="-7.34426" lat="40.03986"><ele>322.7</ele><time>2026-05-22T08:59:51.400Z</time></trkpt><trkpt lon="-7.34426" lat="40.04"><ele>323.2</ele><time>2026-05-22T08:59:53.200Z</time></trkpt><trkpt lon="-7.34433" lat="40.0402"><ele>324.5</ele><time>2026-05-22T08:59:56.300Z</time></trkpt><trkpt lon="-7.3444275" lat="40.0403775"><ele>324.9</ele><time>2026-05-22T08:59:58.400Z</time></trkpt><trkpt lon="-7.344525" lat="40.040555"><ele>325.3</ele><time>2026-05-22T09:00:00.400Z</time></trkpt><trkpt lon="-7.34472" lat="40.04091"><ele>326.2</ele><time>2026-05-22T09:00:04.400Z</time></trkpt><trkpt lon="-7.34477" lat="40.04109"><ele>327.5</ele><time>2026-05-22T09:00:07.600Z</time></trkpt><trkpt lon="-7.344785" lat="40.04129"><ele>328.7</ele><time>2026-05-22T09:00:10.600Z</time></trkpt><trkpt lon="-7.3448" lat="40.04149"><ele>329.8</ele><time>2026-05-22T09:00:13.500Z</time></trkpt><trkpt lon="-7.34487" lat="40.04168"><ele>330.6</ele><time>2026-05-22T09:00:16.000Z</time></trkpt><trkpt lon="-7.34494" lat="40.04184"><ele>331.2</ele><time>2026-05-22T09:00:17.900Z</time></trkpt><trkpt lon="-7.34508" lat="40.04196"><ele>331.8</ele><time>2026-05-22T09:00:19.900Z</time></trkpt><trkpt lon="-7.34524" lat="40.04204"><ele>332.1</ele><time>2026-05-22T09:00:21.500Z</time></trkpt><trkpt lon="-7.34545" lat="40.04209"><ele>332.5</ele><time>2026-05-22T09:00:23.300Z</time></trkpt><trkpt lon="-7.34566" lat="40.04219"><ele>333.0</ele><time>2026-05-22T09:00:25.200Z</time></trkpt><trkpt lon="-7.3458554" lat="40.0423307"><ele>333.6</ele><time>2026-05-22T09:00:27.600Z</time></trkpt><trkpt lon="-7.3460509" lat="40.0424714"><ele>334.3</ele><time>2026-05-22T09:00:29.900Z</time></trkpt><trkpt lon="-7.3464418" lat="40.0427528"><ele>335.6</ele><time>2026-05-22T09:00:34.700Z</time></trkpt><trkpt lon="-7.3466372" lat="40.0428934"><ele>336.4</ele><time>2026-05-22T09:00:37.100Z</time></trkpt><trkpt lon="-7.3468326" lat="40.0430341"><ele>337.1</ele><time>2026-05-22T09:00:39.500Z</time></trkpt><trkpt lon="-7.3472235" lat="40.0433155"><ele>338.6</ele><time>2026-05-22T09:00:44.400Z</time></trkpt><trkpt lon="-7.347419" lat="40.0434562"><ele>339.4</ele><time>2026-05-22T09:00:46.900Z</time></trkpt><trkpt lon="-7.3476144" lat="40.0435969"><ele>340.3</ele><time>2026-05-22T09:00:49.500Z</time></trkpt><trkpt lon="-7.3480053" lat="40.0438782"><ele>342.0</ele><time>2026-05-22T09:00:54.700Z</time></trkpt><trkpt lon="-7.3482007" lat="40.0440189"><ele>342.8</ele><time>2026-05-22T09:00:57.200Z</time></trkpt><trkpt lon="-7.3483962" lat="40.0441596"><ele>343.6</ele><time>2026-05-22T09:00:59.700Z</time></trkpt><trkpt lon="-7.3487871" lat="40.044441"><ele>345.2</ele><time>2026-05-22T09:01:04.700Z</time></trkpt><trkpt lon="-7.3489825" lat="40.0445817"><ele>345.7</ele><time>2026-05-22T09:01:07.000Z</time></trkpt><trkpt lon="-7.349178" lat="40.0447223"><ele>346.3</ele><time>2026-05-22T09:01:09.200Z</time></trkpt><trkpt lon="-7.3495689" lat="40.0450037"><ele>347.4</ele><time>2026-05-22T09:01:13.700Z</time></trkpt><trkpt lon="-7.3497644" lat="40.0451444"><ele>348.4</ele><time>2026-05-22T09:01:16.400Z</time></trkpt><trkpt lon="-7.3499598" lat="40.0452851"><ele>349.3</ele><time>2026-05-22T09:01:19.200Z</time></trkpt><trkpt lon="-7.3501553" lat="40.0454258"><ele>350.3</ele><time>2026-05-22T09:01:22.000Z</time></trkpt><trkpt lon="-7.3503507" lat="40.0455664"><ele>351.3</ele><time>2026-05-22T09:01:24.700Z</time></trkpt><trkpt lon="-7.3505462" lat="40.0457071"><ele>352.4</ele><time>2026-05-22T09:01:27.700Z</time></trkpt><trkpt lon="-7.3507416" lat="40.0458478"><ele>353.5</ele><time>2026-05-22T09:01:30.700Z</time></trkpt><trkpt lon="-7.3509371" lat="40.0459885"><ele>354.7</ele><time>2026-05-22T09:01:33.700Z</time></trkpt><trkpt lon="-7.3511325" lat="40.0461292"><ele>355.8</ele><time>2026-05-22T09:01:36.800Z</time></trkpt><trkpt lon="-7.351328" lat="40.0462698"><ele>357.3</ele><time>2026-05-22T09:01:40.200Z</time></trkpt><trkpt lon="-7.3515235" lat="40.0464105"><ele>358.8</ele><time>2026-05-22T09:01:43.700Z</time></trkpt><trkpt lon="-7.3517189" lat="40.0465512"><ele>360.3</ele><time>2026-05-22T09:01:47.200Z</time></trkpt><trkpt lon="-7.3519144" lat="40.0466919"><ele>361.7</ele><time>2026-05-22T09:01:50.600Z</time></trkpt><trkpt lon="-7.3521099" lat="40.0468326"><ele>362.8</ele><time>2026-05-22T09:01:53.500Z</time></trkpt><trkpt lon="-7.3523053" lat="40.0469732"><ele>363.9</ele><time>2026-05-22T09:01:56.400Z</time></trkpt><trkpt lon="-7.3525008" lat="40.0471139"><ele>364.9</ele><time>2026-05-22T09:01:59.200Z</time></trkpt><trkpt lon="-7.3526962" lat="40.0472546"><ele>366.0</ele><time>2026-05-22T09:02:02.200Z</time></trkpt><trkpt lon="-7.3528526" lat="40.0473671"><ele>367.5</ele><time>2026-05-22T09:02:05.400Z</time></trkpt><trkpt lon="-7.353009" lat="40.0474797"><ele>369.0</ele><time>2026-05-22T09:02:08.700Z</time></trkpt><trkpt lon="-7.3531654" lat="40.0475922"><ele>370.6</ele><time>2026-05-22T09:02:12.000Z</time></trkpt><trkpt lon="-7.3534781" lat="40.0478173"><ele>373.5</ele><time>2026-05-22T09:02:18.500Z</time></trkpt><trkpt lon="-7.3536736" lat="40.047958"><ele>374.7</ele><time>2026-05-22T09:02:21.500Z</time></trkpt><trkpt lon="-7.3538691" lat="40.0480987"><ele>375.8</ele><time>2026-05-22T09:02:24.400Z</time></trkpt><trkpt lon="-7.3540645" lat="40.0482393"><ele>376.8</ele><time>2026-05-22T09:02:27.300Z</time></trkpt><trkpt lon="-7.35426" lat="40.04838"><ele>378.0</ele><time>2026-05-22T09:02:30.400Z</time></trkpt><trkpt lon="-7.35441" lat="40.04847"><ele>379.4</ele><time>2026-05-22T09:02:33.400Z</time></trkpt><trkpt lon="-7.35458" lat="40.04852"><ele>381.2</ele><time>2026-05-22T09:02:36.800Z</time></trkpt><trkpt lon="-7.3547983" lat="40.0485683"><ele>382.3</ele><time>2026-05-22T09:02:39.500Z</time></trkpt><trkpt lon="-7.355235" lat="40.048665"><ele>383.9</ele><time>2026-05-22T09:02:44.100Z</time></trkpt><trkpt lon="-7.3555625" lat="40.0487375"><ele>384.2</ele><time>2026-05-22T09:02:46.600Z</time></trkpt><trkpt lon="-7.35589" lat="40.04881"><ele>384.4</ele><time>2026-05-22T09:02:49.100Z</time></trkpt><trkpt lon="-7.35627" lat="40.04888"><ele>384.0</ele><time>2026-05-22T09:02:51.600Z</time></trkpt><trkpt lon="-7.3566093" lat="40.0489247"><ele>383.4</ele><time>2026-05-22T09:02:53.600Z</time></trkpt><trkpt lon="-7.3569487" lat="40.0489693"><ele>382.7</ele><time>2026-05-22T09:02:55.700Z</time></trkpt><trkpt lon="-7.357288" lat="40.049014"><ele>382.1</ele><time>2026-05-22T09:02:57.700Z</time></trkpt><trkpt lon="-7.3576273" lat="40.0490587"><ele>382.1</ele><time>2026-05-22T09:03:00.000Z</time></trkpt><trkpt lon="-7.3579667" lat="40.0491034"><ele>382.1</ele><time>2026-05-22T09:03:02.400Z</time></trkpt><trkpt lon="-7.358306" lat="40.049148"><ele>382.1</ele><time>2026-05-22T09:03:04.700Z</time></trkpt><trkpt lon="-7.3585605" lat="40.0491815"><ele>382.3</ele><time>2026-05-22T09:03:06.600Z</time></trkpt><trkpt lon="-7.358815" lat="40.049215"><ele>382.5</ele><time>2026-05-22T09:03:08.500Z</time></trkpt><trkpt lon="-7.359324" lat="40.049282"><ele>382.9</ele><time>2026-05-22T09:03:12.300Z</time></trkpt><trkpt lon="-7.3596633" lat="40.0493267"><ele>382.7</ele><time>2026-05-22T09:03:14.600Z</time></trkpt><trkpt lon="-7.3600027" lat="40.0493714"><ele>382.5</ele><time>2026-05-22T09:03:16.800Z</time></trkpt><trkpt lon="-7.360342" lat="40.049416"><ele>382.3</ele><time>2026-05-22T09:03:19.000Z</time></trkpt><trkpt lon="-7.3606813" lat="40.0494607"><ele>382.1</ele><time>2026-05-22T09:03:21.300Z</time></trkpt><trkpt lon="-7.3610207" lat="40.0495053"><ele>381.9</ele><time>2026-05-22T09:03:23.500Z</time></trkpt><trkpt lon="-7.36136" lat="40.04955"><ele>381.6</ele><time>2026-05-22T09:03:25.700Z</time></trkpt><trkpt lon="-7.36164" lat="40.0495594"><ele>380.9</ele><time>2026-05-22T09:03:27.300Z</time></trkpt><trkpt lon="-7.36192" lat="40.0495688"><ele>380.2</ele><time>2026-05-22T09:03:28.900Z</time></trkpt><trkpt lon="-7.36248" lat="40.0495875"><ele>378.8</ele><time>2026-05-22T09:03:32.000Z</time></trkpt><trkpt lon="-7.36276" lat="40.0495969"><ele>378.2</ele><time>2026-05-22T09:03:33.700Z</time></trkpt><trkpt lon="-7.36304" lat="40.0496063"><ele>377.7</ele><time>2026-05-22T09:03:35.300Z</time></trkpt><trkpt lon="-7.3636" lat="40.049625"><ele>376.6</ele><time>2026-05-22T09:03:38.700Z</time></trkpt><trkpt lon="-7.36388" lat="40.0496344"><ele>376.4</ele><time>2026-05-22T09:03:40.400Z</time></trkpt><trkpt lon="-7.36416" lat="40.0496438"><ele>376.1</ele><time>2026-05-22T09:03:42.200Z</time></trkpt><trkpt lon="-7.36472" lat="40.0496625"><ele>375.6</ele><time>2026-05-22T09:03:45.800Z</time></trkpt><trkpt lon="-7.365" lat="40.0496719"><ele>375.7</ele><time>2026-05-22T09:03:47.800Z</time></trkpt><trkpt lon="-7.36528" lat="40.0496813"><ele>375.9</ele><time>2026-05-22T09:03:49.800Z</time></trkpt><trkpt lon="-7.36584" lat="40.0497"><ele>376.3</ele><time>2026-05-22T09:03:53.900Z</time></trkpt><trkpt lon="-7.36605" lat="40.04979"><ele>376.6</ele><time>2026-05-22T09:03:55.700Z</time></trkpt><trkpt lon="-7.36635" lat="40.05006"><ele>377.1</ele><time>2026-05-22T09:03:59.300Z</time></trkpt><trkpt lon="-7.3665733" lat="40.0500867"><ele>377.6</ele><time>2026-05-22T09:04:01.200Z</time></trkpt><trkpt lon="-7.36702" lat="40.05014"><ele>378.4</ele><time>2026-05-22T09:04:04.900Z</time></trkpt><trkpt lon="-7.36732" lat="40.05026"><ele>378.8</ele><time>2026-05-22T09:04:07.400Z</time></trkpt><trkpt lon="-7.367595" lat="40.0504"><ele>379.2</ele><time>2026-05-22T09:04:10.000Z</time></trkpt><trkpt lon="-7.36787" lat="40.05054"><ele>379.6</ele><time>2026-05-22T09:04:12.500Z</time></trkpt><trkpt lon="-7.3680533" lat="40.0506333"><ele>380.0</ele><time>2026-05-22T09:04:14.300Z</time></trkpt><trkpt lon="-7.36842" lat="40.05082"><ele>380.7</ele><time>2026-05-22T09:04:17.900Z</time></trkpt><trkpt lon="-7.36851" lat="40.05076"><ele>380.9</ele><time>2026-05-22T09:04:18.800Z</time></trkpt><trkpt lon="-7.36854" lat="40.05065"><ele>380.9</ele><time>2026-05-22T09:04:19.800Z</time></trkpt><trkpt lon="-7.3685" lat="40.05057"><ele>380.9</ele><time>2026-05-22T09:04:20.500Z</time></trkpt><trkpt lon="-7.36856" lat="40.0503608"><ele>381.1</ele><time>2026-05-22T09:04:22.600Z</time></trkpt><trkpt lon="-7.36862" lat="40.0501517"><ele>381.4</ele><time>2026-05-22T09:04:24.700Z</time></trkpt><trkpt lon="-7.36874" lat="40.0497333"><ele>381.8</ele><time>2026-05-22T09:04:28.900Z</time></trkpt><trkpt lon="-7.3688" lat="40.0495242"><ele>381.8</ele><time>2026-05-22T09:04:30.700Z</time></trkpt><trkpt lon="-7.36886" lat="40.049315"><ele>381.6</ele><time>2026-05-22T09:04:32.600Z</time></trkpt><trkpt lon="-7.36898" lat="40.0488967"><ele>381.3</ele><time>2026-05-22T09:04:36.200Z</time></trkpt><trkpt lon="-7.36904" lat="40.0486875"><ele>380.5</ele><time>2026-05-22T09:04:37.700Z</time></trkpt><trkpt lon="-7.3691" lat="40.0484783"><ele>379.6</ele><time>2026-05-22T09:04:39.200Z</time></trkpt><trkpt lon="-7.36922" lat="40.04806"><ele>377.8</ele><time>2026-05-22T09:04:42.200Z</time></trkpt><trkpt lon="-7.36928" lat="40.0478508"><ele>378.0</ele><time>2026-05-22T09:04:44.200Z</time></trkpt><trkpt lon="-7.36934" lat="40.0476417"><ele>378.2</ele><time>2026-05-22T09:04:46.300Z</time></trkpt><trkpt lon="-7.36946" lat="40.0472233"><ele>378.8</ele><time>2026-05-22T09:04:50.600Z</time></trkpt><trkpt lon="-7.36952" lat="40.0470142"><ele>379.9</ele><time>2026-05-22T09:04:53.500Z</time></trkpt><trkpt lon="-7.36958" lat="40.046805"><ele>381.0</ele><time>2026-05-22T09:04:56.600Z</time></trkpt><trkpt lon="-7.36964" lat="40.0465958"><ele>382.2</ele><time>2026-05-22T09:04:59.700Z</time></trkpt><trkpt lon="-7.3697" lat="40.0463867"><ele>383.2</ele><time>2026-05-22T09:05:02.600Z</time></trkpt><trkpt lon="-7.36976" lat="40.0461775"><ele>383.0</ele><time>2026-05-22T09:05:04.400Z</time></trkpt><trkpt lon="-7.36982" lat="40.0459683"><ele>382.7</ele><time>2026-05-22T09:05:06.200Z</time></trkpt><trkpt lon="-7.36994" lat="40.04555001195"><ele>382.1</ele><time>2026-05-22T09:05:09.600Z</time></trkpt><trkpt lon="-7.3700117" lat="40.04533"><ele>381.2</ele><time>2026-05-22T09:05:11.300Z</time></trkpt><trkpt lon="-7.370155" lat="40.04489"><ele>379.4</ele><time>2026-05-22T09:05:14.500Z</time></trkpt><trkpt lon="-7.3702267" lat="40.04467"><ele>379.1</ele><time>2026-05-22T09:05:16.300Z</time></trkpt><trkpt lon="-7.3702983" lat="40.04445"><ele>378.8</ele><time>2026-05-22T09:05:18.200Z</time></trkpt><trkpt lon="-7.37037" lat="40.04423"><ele>378.5</ele><time>2026-05-22T09:05:20.100Z</time></trkpt><trkpt lon="-7.370475" lat="40.04404"><ele>378.7</ele><time>2026-05-22T09:05:22.000Z</time></trkpt><trkpt lon="-7.37058" lat="40.04385"><ele>378.9</ele><time>2026-05-22T09:05:24.100Z</time></trkpt><trkpt lon="-7.37084" lat="40.04355"><ele>379.6</ele><time>2026-05-22T09:05:27.700Z</time></trkpt><trkpt lon="-7.3709967" lat="40.0434133"><ele>379.9</ele><time>2026-05-22T09:05:29.600Z</time></trkpt><trkpt lon="-7.37131" lat="40.04314"><ele>380.6</ele><time>2026-05-22T09:05:33.300Z</time></trkpt><trkpt lon="-7.3714943" lat="40.0430082"><ele>381.2</ele><time>2026-05-22T09:05:35.500Z</time></trkpt><trkpt lon="-7.3716786" lat="40.0428764"><ele>381.7</ele><time>2026-05-22T09:05:37.700Z</time></trkpt><trkpt lon="-7.3720472" lat="40.0426129"><ele>382.8</ele><time>2026-05-22T09:05:41.900Z</time></trkpt><trkpt lon="-7.3722929" lat="40.0424372"><ele>382.6</ele><time>2026-05-22T09:05:44.100Z</time></trkpt><trkpt lon="-7.3725386" lat="40.0422614"><ele>382.3</ele><time>2026-05-22T09:05:46.200Z</time></trkpt><trkpt lon="-7.3727843" lat="40.0420857"><ele>381.9</ele><time>2026-05-22T09:05:48.300Z</time></trkpt><trkpt lon="-7.3730301" lat="40.04191"><ele>380.9</ele><time>2026-05-22T09:05:50.100Z</time></trkpt><trkpt lon="-7.3732758" lat="40.0417343"><ele>379.8</ele><time>2026-05-22T09:05:51.900Z</time></trkpt><trkpt lon="-7.3735215" lat="40.0415586"><ele>378.7</ele><time>2026-05-22T09:05:53.700Z</time></trkpt><trkpt lon="-7.3737672" lat="40.0413829"><ele>378.0</ele><time>2026-05-22T09:05:55.700Z</time></trkpt><trkpt lon="-7.3740129" lat="40.0412072"><ele>377.2</ele><time>2026-05-22T09:05:57.600Z</time></trkpt><trkpt lon="-7.3742586" lat="40.0410315"><ele>376.4</ele><time>2026-05-22T09:05:59.600Z</time></trkpt><trkpt lon="-7.3745044" lat="40.0408557"><ele>375.0</ele><time>2026-05-22T09:06:01.300Z</time></trkpt><trkpt lon="-7.3747501" lat="40.04068"><ele>373.5</ele><time>2026-05-22T09:06:02.900Z</time></trkpt><trkpt lon="-7.3749958" lat="40.0405043"><ele>372.0</ele><time>2026-05-22T09:06:04.600Z</time></trkpt><trkpt lon="-7.3752415" lat="40.0403286"><ele>371.1</ele><time>2026-05-22T09:06:06.500Z</time></trkpt><trkpt lon="-7.3754872" lat="40.0401529"><ele>370.2</ele><time>2026-05-22T09:06:08.300Z</time></trkpt><trkpt lon="-7.3757329" lat="40.0399772"><ele>369.2</ele><time>2026-05-22T09:06:10.200Z</time></trkpt><trkpt lon="-7.3759786" lat="40.0398014"><ele>368.2</ele><time>2026-05-22T09:06:12.000Z</time></trkpt><trkpt lon="-7.3762243" lat="40.0396257"><ele>367.1</ele><time>2026-05-22T09:06:13.900Z</time></trkpt><trkpt lon="-7.37647" lat="40.03945"><ele>366.1</ele><time>2026-05-22T09:06:15.700Z</time></trkpt><trkpt lon="-7.3766972" lat="40.0392329"><ele>364.6</ele><time>2026-05-22T09:06:17.500Z</time></trkpt><trkpt lon="-7.3769243" lat="40.0390157"><ele>363.1</ele><time>2026-05-22T09:06:19.300Z</time></trkpt><trkpt lon="-7.3771515" lat="40.0387986"><ele>361.6</ele><time>2026-05-22T09:06:21.200Z</time></trkpt><trkpt lon="-7.3773218" lat="40.0386357"><ele>361.0</ele><time>2026-05-22T09:06:22.800Z</time></trkpt><trkpt lon="-7.3774922" lat="40.0384729"><ele>360.5</ele><time>2026-05-22T09:06:24.400Z</time></trkpt><trkpt lon="-7.3778329" lat="40.0381472"><ele>359.4</ele><time>2026-05-22T09:06:27.600Z</time></trkpt><trkpt lon="-7.3780033" lat="40.0379843"><ele>358.6</ele><time>2026-05-22T09:06:29.100Z</time></trkpt><trkpt lon="-7.3781736" lat="40.0378215"><ele>357.8</ele><time>2026-05-22T09:06:30.500Z</time></trkpt><trkpt lon="-7.3785144" lat="40.0374957"><ele>356.1</ele><time>2026-05-22T09:06:33.500Z</time></trkpt><trkpt lon="-7.3786847" lat="40.0373329"><ele>355.4</ele><time>2026-05-22T09:06:35.000Z</time></trkpt><trkpt lon="-7.3788551" lat="40.03717"><ele>354.7</ele><time>2026-05-22T09:06:36.600Z</time></trkpt><trkpt lon="-7.3791958" lat="40.0368443"><ele>353.3</ele><time>2026-05-22T09:06:39.700Z</time></trkpt><trkpt lon="-7.3793661" lat="40.0366815"><ele>352.5</ele><time>2026-05-22T09:06:41.100Z</time></trkpt><trkpt lon="-7.3795365" lat="40.0365186"><ele>351.6</ele><time>2026-05-22T09:06:42.600Z</time></trkpt><trkpt lon="-7.3798772" lat="40.0361929"><ele>349.8</ele><time>2026-05-22T09:06:45.500Z</time></trkpt><trkpt lon="-7.3800476" lat="40.03603"><ele>349.1</ele><time>2026-05-22T09:06:47.000Z</time></trkpt><trkpt lon="-7.3802179" lat="40.0358672"><ele>348.3</ele><time>2026-05-22T09:06:48.500Z</time></trkpt><trkpt lon="-7.3805586" lat="40.0355414"><ele>346.8</ele><time>2026-05-22T09:06:51.600Z</time></trkpt><trkpt lon="-7.380729" lat="40.0353786"><ele>346.2</ele><time>2026-05-22T09:06:53.100Z</time></trkpt><trkpt lon="-7.3808993" lat="40.0352157"><ele>345.6</ele><time>2026-05-22T09:06:54.700Z</time></trkpt><trkpt lon="-7.38124" lat="40.03489"><ele>344.4</ele><time>2026-05-22T09:06:57.900Z</time></trkpt><trkpt lon="-7.38147" lat="40.0346933"><ele>344.0</ele><time>2026-05-22T09:07:00.000Z</time></trkpt><trkpt lon="-7.3817" lat="40.0344967"><ele>343.5</ele><time>2026-05-22T09:07:02.100Z</time></trkpt><trkpt lon="-7.38193" lat="40.0343"><ele>343.0</ele><time>2026-05-22T09:07:04.200Z</time></trkpt><trkpt lon="-7.38217" lat="40.0341583"><ele>342.7</ele><time>2026-05-22T09:07:06.100Z</time></trkpt><trkpt lon="-7.38241" lat="40.0340167"><ele>342.3</ele><time>2026-05-22T09:07:08.000Z</time></trkpt><trkpt lon="-7.38265" lat="40.033875"><ele>341.9</ele><time>2026-05-22T09:07:09.900Z</time></trkpt><trkpt lon="-7.38289" lat="40.0337333"><ele>341.4</ele><time>2026-05-22T09:07:11.700Z</time></trkpt><trkpt lon="-7.38313" lat="40.0335917"><ele>340.9</ele><time>2026-05-22T09:07:13.500Z</time></trkpt><trkpt lon="-7.38337" lat="40.03345"><ele>340.4</ele><time>2026-05-22T09:07:15.300Z</time></trkpt><trkpt lon="-7.38365" lat="40.0333073"><ele>340.1</ele><time>2026-05-22T09:07:17.500Z</time></trkpt><trkpt lon="-7.38393" lat="40.0331647"><ele>339.9</ele><time>2026-05-22T09:07:19.600Z</time></trkpt><trkpt lon="-7.38421" lat="40.033022"><ele>339.6</ele><time>2026-05-22T09:07:21.800Z</time></trkpt><trkpt lon="-7.38449" lat="40.0328793"><ele>339.0</ele><time>2026-05-22T09:07:23.800Z</time></trkpt><trkpt lon="-7.38477" lat="40.0327367"><ele>338.4</ele><time>2026-05-22T09:07:25.800Z</time></trkpt><trkpt lon="-7.38505" lat="40.032594"><ele>337.7</ele><time>2026-05-22T09:07:27.800Z</time></trkpt><trkpt lon="-7.38533" lat="40.0324514"><ele>336.8</ele><time>2026-05-22T09:07:29.600Z</time></trkpt><trkpt lon="-7.38561" lat="40.0323087"><ele>335.8</ele><time>2026-05-22T09:07:31.500Z</time></trkpt><trkpt lon="-7.38589" lat="40.032166"><ele>334.9</ele><time>2026-05-22T09:07:33.300Z</time></trkpt><trkpt lon="-7.38617" lat="40.0320234"><ele>334.5</ele><time>2026-05-22T09:07:35.400Z</time></trkpt><trkpt lon="-7.38645" lat="40.0318807"><ele>334.1</ele><time>2026-05-22T09:07:37.500Z</time></trkpt><trkpt lon="-7.38673" lat="40.031738"><ele>333.8</ele><time>2026-05-22T09:07:39.700Z</time></trkpt><trkpt lon="-7.38694" lat="40.031631"><ele>334.1</ele><time>2026-05-22T09:07:41.600Z</time></trkpt><trkpt lon="-7.38715" lat="40.031524"><ele>334.5</ele><time>2026-05-22T09:07:43.600Z</time></trkpt><trkpt lon="-7.38757" lat="40.03131"><ele>335.2</ele><time>2026-05-22T09:07:47.600Z</time></trkpt><trkpt lon="-7.3877078" lat="40.0311033"><ele>335.2</ele><time>2026-05-22T09:07:49.600Z</time></trkpt><trkpt lon="-7.3878456" lat="40.0308967"><ele>335.1</ele><time>2026-05-22T09:07:51.700Z</time></trkpt><trkpt lon="-7.3879833" lat="40.03069"><ele>335.1</ele><time>2026-05-22T09:07:53.700Z</time></trkpt><trkpt lon="-7.3881211" lat="40.0304833"><ele>335.1</ele><time>2026-05-22T09:07:55.800Z</time></trkpt><trkpt lon="-7.3882589" lat="40.0302767"><ele>335.2</ele><time>2026-05-22T09:07:57.800Z</time></trkpt><trkpt lon="-7.3883967" lat="40.03007"><ele>335.3</ele><time>2026-05-22T09:08:00.000Z</time></trkpt><trkpt lon="-7.3885345" lat="40.0298633"><ele>336.3</ele><time>2026-05-22T09:08:02.900Z</time></trkpt><trkpt lon="-7.3886722" lat="40.0296567"><ele>337.3</ele><time>2026-05-22T09:08:05.900Z</time></trkpt><trkpt lon="-7.38881" lat="40.02945"><ele>338.3</ele><time>2026-05-22T09:08:08.900Z</time></trkpt><trkpt lon="-7.38897" lat="40.02927"><ele>339.1</ele><time>2026-05-22T09:08:11.500Z</time></trkpt><trkpt lon="-7.38918" lat="40.02913"><ele>340.4</ele><time>2026-05-22T09:08:14.800Z</time></trkpt><trkpt lon="-7.3894381" lat="40.0290556"><ele>341.1</ele><time>2026-05-22T09:08:17.200Z</time></trkpt><trkpt lon="-7.3896963" lat="40.0289813"><ele>341.6</ele><time>2026-05-22T09:08:19.500Z</time></trkpt><trkpt lon="-7.3902125" lat="40.0288325"><ele>342.8</ele><time>2026-05-22T09:08:24.200Z</time></trkpt><trkpt lon="-7.3904706" lat="40.0287581"><ele>343.6</ele><time>2026-05-22T09:08:26.600Z</time></trkpt><trkpt lon="-7.3907288" lat="40.0286838"><ele>344.3</ele><time>2026-05-22T09:08:29.100Z</time></trkpt><trkpt lon="-7.3909869" lat="40.0286094"><ele>345.1</ele><time>2026-05-22T09:08:31.600Z</time></trkpt><trkpt lon="-7.391245" lat="40.028535"><ele>345.8</ele><time>2026-05-22T09:08:34.100Z</time></trkpt><trkpt lon="-7.3915031" lat="40.0284606"><ele>346.2</ele><time>2026-05-22T09:08:36.300Z</time></trkpt><trkpt lon="-7.3917613" lat="40.0283863"><ele>346.6</ele><time>2026-05-22T09:08:38.400Z</time></trkpt><trkpt lon="-7.3922775" lat="40.0282375"><ele>347.4</ele><time>2026-05-22T09:08:42.700Z</time></trkpt><trkpt lon="-7.3925356" lat="40.0281631"><ele>347.7</ele><time>2026-05-22T09:08:44.800Z</time></trkpt><trkpt lon="-7.3927938" lat="40.0280888"><ele>347.9</ele><time>2026-05-22T09:08:46.900Z</time></trkpt><trkpt lon="-7.39331" lat="40.02794"><ele>348.4</ele><time>2026-05-22T09:08:51.000Z</time></trkpt><trkpt lon="-7.39333" lat="40.02794"><ele>348.3</ele><time>2026-05-22T09:08:51.100Z</time></trkpt><trkpt lon="-7.39357" lat="40.02807"><ele>348.2</ele><time>2026-05-22T09:08:53.100Z</time></trkpt><trkpt lon="-7.39373" lat="40.0282"><ele>348.1</ele><time>2026-05-22T09:08:54.600Z</time></trkpt><trkpt lon="-7.39386" lat="40.0284175"><ele>347.7</ele><time>2026-05-22T09:08:56.500Z</time></trkpt><trkpt lon="-7.39399" lat="40.02863501225"><ele>347.5</ele><time>2026-05-22T09:08:58.500Z</time></trkpt><trkpt lon="-7.39412" lat="40.0288525"><ele>347.7</ele><time>2026-05-22T09:09:00.800Z</time></trkpt><trkpt lon="-7.39425" lat="40.02907"><ele>348.0</ele><time>2026-05-22T09:09:03.200Z</time></trkpt><trkpt lon="-7.394385" lat="40.0292625"><ele>348.6</ele><time>2026-05-22T09:09:05.500Z</time></trkpt><trkpt lon="-7.39452" lat="40.029455"><ele>349.1</ele><time>2026-05-22T09:09:07.900Z</time></trkpt><trkpt lon="-7.394655" lat="40.0296475"><ele>349.6</ele><time>2026-05-22T09:09:10.200Z</time></trkpt><trkpt lon="-7.39479" lat="40.02984"><ele>350.0</ele><time>2026-05-22T09:09:12.400Z</time></trkpt><trkpt lon="-7.39487" lat="40.030105"><ele>348.5</ele><time>2026-05-22T09:09:14.200Z</time></trkpt><trkpt lon="-7.39495" lat="40.03037"><ele>346.9</ele><time>2026-05-22T09:09:16.000Z</time></trkpt><trkpt lon="-7.39506" lat="40.0305717"><ele>346.2</ele><time>2026-05-22T09:09:17.600Z</time></trkpt><trkpt lon="-7.39528" lat="40.030975"><ele>344.9</ele><time>2026-05-22T09:09:20.900Z</time></trkpt><trkpt lon="-7.39539" lat="40.0311767"><ele>344.6</ele><time>2026-05-22T09:09:22.700Z</time></trkpt><trkpt lon="-7.39561" lat="40.03158"><ele>344.2</ele><time>2026-05-22T09:09:26.300Z</time></trkpt><trkpt lon="-7.395675" lat="40.0318025"><ele>344.3</ele><time>2026-05-22T09:09:28.400Z</time></trkpt><trkpt lon="-7.39574" lat="40.032025"><ele>344.5</ele><time>2026-05-22T09:09:30.600Z</time></trkpt><trkpt lon="-7.395805" lat="40.0322475"><ele>345.1</ele><time>2026-05-22T09:09:33.100Z</time></trkpt><trkpt lon="-7.39587" lat="40.03247"><ele>345.7</ele><time>2026-05-22T09:09:35.600Z</time></trkpt><trkpt lon="-7.3958633" lat="40.03266"><ele>346.7</ele><time>2026-05-22T09:09:38.200Z</time></trkpt><trkpt lon="-7.3958567" lat="40.03285"><ele>347.7</ele><time>2026-05-22T09:09:41.000Z</time></trkpt><trkpt lon="-7.39585" lat="40.03304"><ele>348.7</ele><time>2026-05-22T09:09:43.700Z</time></trkpt><trkpt lon="-7.395885" lat="40.03325"><ele>350.1</ele><time>2026-05-22T09:09:47.100Z</time></trkpt><trkpt lon="-7.39592" lat="40.03346"><ele>351.5</ele><time>2026-05-22T09:09:50.400Z</time></trkpt><trkpt lon="-7.3959867" lat="40.0336183"><ele>352.2</ele><time>2026-05-22T09:09:52.600Z</time></trkpt><trkpt lon="-7.39612" lat="40.033935"><ele>353.4</ele><time>2026-05-22T09:09:56.600Z</time></trkpt><trkpt lon="-7.39622" lat="40.0341725"><ele>354.0</ele><time>2026-05-22T09:09:59.200Z</time></trkpt><trkpt lon="-7.39632" lat="40.03441"><ele>354.6</ele><time>2026-05-22T09:10:01.900Z</time></trkpt><trkpt lon="-7.39648" lat="40.03472"><ele>355.5</ele><time>2026-05-22T09:10:05.500Z</time></trkpt><trkpt lon="-7.3966083" lat="40.0348983"><ele>355.4</ele><time>2026-05-22T09:10:07.300Z</time></trkpt><trkpt lon="-7.396865" lat="40.035255"><ele>355.0</ele><time>2026-05-22T09:10:10.700Z</time></trkpt><trkpt lon="-7.3969933" lat="40.0354333"><ele>354.1</ele><time>2026-05-22T09:10:12.100Z</time></trkpt><trkpt lon="-7.39725" lat="40.03579"><ele>352.4</ele><time>2026-05-22T09:10:14.900Z</time></trkpt><trkpt lon="-7.3973833" lat="40.0359667"><ele>352.0</ele><time>2026-05-22T09:10:16.500Z</time></trkpt><trkpt lon="-7.39765" lat="40.03632"><ele>351.2</ele><time>2026-05-22T09:10:19.800Z</time></trkpt><trkpt lon="-7.39789" lat="40.03657"><ele>349.9</ele><time>2026-05-22T09:10:22.000Z</time></trkpt><trkpt lon="-7.3981067" lat="40.0367767"><ele>348.6</ele><time>2026-05-22T09:10:23.800Z</time></trkpt><trkpt lon="-7.3983233" lat="40.0369833"><ele>347.3</ele><time>2026-05-22T09:10:25.500Z</time></trkpt><trkpt lon="-7.39854" lat="40.03719"><ele>346.0</ele><time>2026-05-22T09:10:27.300Z</time></trkpt><trkpt lon="-7.3987367" lat="40.0373367"><ele>345.8</ele><time>2026-05-22T09:10:29.100Z</time></trkpt><trkpt lon="-7.39913" lat="40.03763001236"><ele>345.5</ele><time>2026-05-22T09:10:32.700Z</time></trkpt><trkpt lon="-7.3993075" lat="40.0378025"><ele>345.7</ele><time>2026-05-22T09:10:34.700Z</time></trkpt><trkpt lon="-7.399485" lat="40.037975"><ele>345.9</ele><time>2026-05-22T09:10:36.900Z</time></trkpt><trkpt lon="-7.39984" lat="40.03832"><ele>346.3</ele><time>2026-05-22T09:10:41.100Z</time></trkpt><trkpt lon="-7.39993" lat="40.03836"><ele>346.2</ele><time>2026-05-22T09:10:41.700Z</time></trkpt><trkpt lon="-7.4001867" lat="40.0383133"><ele>346.2</ele><time>2026-05-22T09:10:43.500Z</time></trkpt><trkpt lon="-7.4007" lat="40.03822"><ele>346.4</ele><time>2026-05-22T09:10:47.300Z</time></trkpt><trkpt lon="-7.40103" lat="40.03821"><ele>348.4</ele><time>2026-05-22T09:10:51.800Z</time></trkpt><trkpt lon="-7.40127" lat="40.03823"><ele>350.5</ele><time>2026-05-22T09:10:55.900Z</time></trkpt><trkpt lon="-7.40148" lat="40.03831"><ele>351.6</ele><time>2026-05-22T09:10:58.700Z</time></trkpt><trkpt lon="-7.40164" lat="40.03846"><ele>353.4</ele><time>2026-05-22T09:11:02.700Z</time></trkpt><trkpt lon="-7.40172" lat="40.03862"><ele>354.2</ele><time>2026-05-22T09:11:04.900Z</time></trkpt><trkpt lon="-7.40188" lat="40.03894"><ele>355.5</ele><time>2026-05-22T09:11:09.000Z</time></trkpt><trkpt lon="-7.40197" lat="40.03912"><ele>356.3</ele><time>2026-05-22T09:11:11.400Z</time></trkpt><trkpt lon="-7.40206" lat="40.0393"><ele>357.1</ele><time>2026-05-22T09:11:13.800Z</time></trkpt><trkpt lon="-7.40221" lat="40.0395"><ele>358.1</ele><time>2026-05-22T09:11:16.900Z</time></trkpt><trkpt lon="-7.40236" lat="40.0397"><ele>359.2</ele><time>2026-05-22T09:11:19.900Z</time></trkpt><trkpt lon="-7.40251" lat="40.0399"><ele>360.3</ele><time>2026-05-22T09:11:23.000Z</time></trkpt><trkpt lon="-7.4026925" lat="40.0400675"><ele>361.4</ele><time>2026-05-22T09:11:26.100Z</time></trkpt><trkpt lon="-7.402875" lat="40.040235"><ele>362.5</ele><time>2026-05-22T09:11:29.100Z</time></trkpt><trkpt lon="-7.4030575" lat="40.0404025"><ele>363.6</ele><time>2026-05-22T09:11:32.200Z</time></trkpt><trkpt lon="-7.40324" lat="40.04057"><ele>364.7</ele><time>2026-05-22T09:11:35.200Z</time></trkpt><trkpt lon="-7.403375" lat="40.0407325"><ele>365.3</ele><time>2026-05-22T09:11:37.400Z</time></trkpt><trkpt lon="-7.40351" lat="40.040895"><ele>365.8</ele><time>2026-05-22T09:11:39.500Z</time></trkpt><trkpt lon="-7.40378" lat="40.04122"><ele>366.8</ele><time>2026-05-22T09:11:43.600Z</time></trkpt><trkpt lon="-7.4038325" lat="40.04142"><ele>366.7</ele><time>2026-05-22T09:11:45.400Z</time></trkpt><trkpt lon="-7.403885" lat="40.04162"><ele>366.6</ele><time>2026-05-22T09:11:47.100Z</time></trkpt><trkpt lon="-7.40399" lat="40.04202"><ele>366.2</ele><time>2026-05-22T09:11:50.500Z</time></trkpt><trkpt lon="-7.403985" lat="40.04227"><ele>365.2</ele><time>2026-05-22T09:11:52.300Z</time></trkpt><trkpt lon="-7.40398" lat="40.04252"><ele>364.0</ele><time>2026-05-22T09:11:54.000Z</time></trkpt><trkpt lon="-7.403975" lat="40.04277"><ele>362.1</ele><time>2026-05-22T09:11:55.600Z</time></trkpt><trkpt lon="-7.40397" lat="40.04302"><ele>360.2</ele><time>2026-05-22T09:11:57.200Z</time></trkpt><trkpt lon="-7.4039917" lat="40.04329"><ele>359.6</ele><time>2026-05-22T09:11:59.300Z</time></trkpt><trkpt lon="-7.4040133" lat="40.04356"><ele>359.1</ele><time>2026-05-22T09:12:01.400Z</time></trkpt><trkpt lon="-7.404035" lat="40.04383"><ele>358.7</ele><time>2026-05-22T09:12:03.700Z</time></trkpt><trkpt lon="-7.4040512" lat="40.0440325"><ele>359.4</ele><time>2026-05-22T09:12:06.000Z</time></trkpt><trkpt lon="-7.4040675" lat="40.044235"><ele>360.2</ele><time>2026-05-22T09:12:08.600Z</time></trkpt><trkpt lon="-7.4041" lat="40.04464"><ele>361.8</ele><time>2026-05-22T09:12:13.500Z</time></trkpt><trkpt lon="-7.40418" lat="40.04482"><ele>361.8</ele><time>2026-05-22T09:12:15.200Z</time></trkpt><trkpt lon="-7.40429" lat="40.0450625"><ele>361.3</ele><time>2026-05-22T09:12:17.200Z</time></trkpt><trkpt lon="-7.4044" lat="40.045305"><ele>360.8</ele><time>2026-05-22T09:12:19.300Z</time></trkpt><trkpt lon="-7.40451" lat="40.0455475"><ele>360.6</ele><time>2026-05-22T09:12:21.500Z</time></trkpt><trkpt lon="-7.40462" lat="40.04579"><ele>360.4</ele><time>2026-05-22T09:12:23.600Z</time></trkpt><trkpt lon="-7.4047833" lat="40.0459667"><ele>360.2</ele><time>2026-05-22T09:12:25.400Z</time></trkpt><trkpt lon="-7.40511" lat="40.04632"><ele>359.7</ele><time>2026-05-22T09:12:29.000Z</time></trkpt><trkpt lon="-7.40538" lat="40.046445"><ele>359.5</ele><time>2026-05-22T09:12:31.100Z</time></trkpt><trkpt lon="-7.40565" lat="40.04657"><ele>359.4</ele><time>2026-05-22T09:12:33.200Z</time></trkpt><trkpt lon="-7.4058767" lat="40.0466667"><ele>359.6</ele><time>2026-05-22T09:12:35.100Z</time></trkpt><trkpt lon="-7.40633" lat="40.04686"><ele>360.3</ele><time>2026-05-22T09:12:39.200Z</time></trkpt><trkpt lon="-7.4065683" lat="40.0469883"><ele>360.6</ele><time>2026-05-22T09:12:41.400Z</time></trkpt><trkpt lon="-7.4068067" lat="40.0471167"><ele>361.0</ele><time>2026-05-22T09:12:43.600Z</time></trkpt><trkpt lon="-7.407045" lat="40.047245"><ele>361.3</ele><time>2026-05-22T09:12:45.800Z</time></trkpt><trkpt lon="-7.4072833" lat="40.0473733"><ele>361.0</ele><time>2026-05-22T09:12:47.700Z</time></trkpt><trkpt lon="-7.40776" lat="40.04763"><ele>360.4</ele><time>2026-05-22T09:12:51.400Z</time></trkpt><trkpt lon="-7.4080367" lat="40.0477167"><ele>360.0</ele><time>2026-05-22T09:12:53.200Z</time></trkpt><trkpt lon="-7.4083133" lat="40.0478033"><ele>359.7</ele><time>2026-05-22T09:12:55.000Z</time></trkpt><trkpt lon="-7.40859" lat="40.04789"><ele>359.3</ele><time>2026-05-22T09:12:56.900Z</time></trkpt><trkpt lon="-7.40877" lat="40.04806"><ele>359.1</ele><time>2026-05-22T09:12:58.700Z</time></trkpt><trkpt lon="-7.40913" lat="40.0484"><ele>358.8</ele><time>2026-05-22T09:13:02.500Z</time></trkpt><trkpt lon="-7.4094" lat="40.04853"><ele>358.9</ele><time>2026-05-22T09:13:04.800Z</time></trkpt><trkpt lon="-7.40967" lat="40.04866"><ele>359.1</ele><time>2026-05-22T09:13:07.100Z</time></trkpt><trkpt lon="-7.4099256" lat="40.04881"><ele>359.3</ele><time>2026-05-22T09:13:09.300Z</time></trkpt><trkpt lon="-7.4101811" lat="40.04896"><ele>359.4</ele><time>2026-05-22T09:13:11.600Z</time></trkpt><trkpt lon="-7.4104367" lat="40.04911"><ele>359.6</ele><time>2026-05-22T09:13:13.900Z</time></trkpt><trkpt lon="-7.4106922" lat="40.04926"><ele>360.0</ele><time>2026-05-22T09:13:16.500Z</time></trkpt><trkpt lon="-7.4109478" lat="40.04941"><ele>360.5</ele><time>2026-05-22T09:13:19.000Z</time></trkpt><trkpt lon="-7.4112033" lat="40.04956"><ele>361.0</ele><time>2026-05-22T09:13:21.600Z</time></trkpt><trkpt lon="-7.4114589" lat="40.04971"><ele>361.4</ele><time>2026-05-22T09:13:24.000Z</time></trkpt><trkpt lon="-7.4117144" lat="40.04986"><ele>361.7</ele><time>2026-05-22T09:13:26.500Z</time></trkpt><trkpt lon="-7.41197" lat="40.05001"><ele>362.1</ele><time>2026-05-22T09:13:28.900Z</time></trkpt><trkpt lon="-7.4121233" lat="40.05014"><ele>362.3</ele><time>2026-05-22T09:13:30.700Z</time></trkpt><trkpt lon="-7.41243" lat="40.0504"><ele>362.9</ele><time>2026-05-22T09:13:34.200Z</time></trkpt><trkpt lon="-7.4126725" lat="40.05049"><ele>363.4</ele><time>2026-05-22T09:13:36.400Z</time></trkpt><trkpt lon="-7.412915" lat="40.05058"><ele>364.0</ele><time>2026-05-22T09:13:38.700Z</time></trkpt><trkpt lon="-7.4134" lat="40.05076"><ele>365.1</ele><time>2026-05-22T09:13:43.200Z</time></trkpt><trkpt lon="-7.41363" lat="40.0509"><ele>366.0</ele><time>2026-05-22T09:13:46.000Z</time></trkpt><trkpt lon="-7.41377" lat="40.05105"><ele>366.3</ele><time>2026-05-22T09:13:47.800Z</time></trkpt><trkpt lon="-7.41389" lat="40.05136"><ele>366.5</ele><time>2026-05-22T09:13:50.900Z</time></trkpt><trkpt lon="-7.41403" lat="40.05149"><ele>366.4</ele><time>2026-05-22T09:13:52.300Z</time></trkpt><trkpt lon="-7.41426" lat="40.0516333"><ele>366.5</ele><time>2026-05-22T09:13:54.400Z</time></trkpt><trkpt lon="-7.41449" lat="40.0517767"><ele>366.7</ele><time>2026-05-22T09:13:56.500Z</time></trkpt><trkpt lon="-7.41472" lat="40.05192"><ele>366.8</ele><time>2026-05-22T09:13:58.600Z</time></trkpt><trkpt lon="-7.41495" lat="40.0520633"><ele>366.9</ele><time>2026-05-22T09:14:00.700Z</time></trkpt><trkpt lon="-7.41518" lat="40.0522067"><ele>366.9</ele><time>2026-05-22T09:14:02.700Z</time></trkpt><trkpt lon="-7.41541" lat="40.05235"><ele>366.9</ele><time>2026-05-22T09:14:04.700Z</time></trkpt><trkpt lon="-7.4156887" lat="40.0524125"><ele>366.1</ele><time>2026-05-22T09:14:06.400Z</time></trkpt><trkpt lon="-7.4159675" lat="40.052475"><ele>365.3</ele><time>2026-05-22T09:14:08.000Z</time></trkpt><trkpt lon="-7.416525" lat="40.0526"><ele>363.7</ele><time>2026-05-22T09:14:11.200Z</time></trkpt><trkpt lon="-7.4168037" lat="40.0526625"><ele>363.4</ele><time>2026-05-22T09:14:13.000Z</time></trkpt><trkpt lon="-7.4170825" lat="40.052725"><ele>363.3</ele><time>2026-05-22T09:14:14.900Z</time></trkpt><trkpt lon="-7.41764" lat="40.05285"><ele>362.9</ele><time>2026-05-22T09:14:18.700Z</time></trkpt><trkpt lon="-7.41788" lat="40.05279"><ele>362.8</ele><time>2026-05-22T09:14:20.300Z</time></trkpt><trkpt lon="-7.4180833" lat="40.05268"><ele>362.6</ele><time>2026-05-22T09:14:22.000Z</time></trkpt><trkpt lon="-7.41849" lat="40.05246"><ele>362.3</ele><time>2026-05-22T09:14:25.200Z</time></trkpt><trkpt lon="-7.41896" lat="40.0523"><ele>362.5</ele><time>2026-05-22T09:14:28.800Z</time></trkpt><trkpt lon="-7.4192467" lat="40.0522867"><ele>362.5</ele><time>2026-05-22T09:14:30.700Z</time></trkpt><trkpt lon="-7.41982" lat="40.05226"><ele>362.5</ele><time>2026-05-22T09:14:34.700Z</time></trkpt><trkpt lon="-7.42012" lat="40.0522067"><ele>362.8</ele><time>2026-05-22T09:14:37.000Z</time></trkpt><trkpt lon="-7.42042" lat="40.0521533"><ele>363.1</ele><time>2026-05-22T09:14:39.300Z</time></trkpt><trkpt lon="-7.42072" lat="40.0521"><ele>363.4</ele><time>2026-05-22T09:14:41.600Z</time></trkpt><trkpt lon="-7.421" lat="40.0520967"><ele>363.7</ele><time>2026-05-22T09:14:43.700Z</time></trkpt><trkpt lon="-7.42156" lat="40.05209"><ele>364.2</ele><time>2026-05-22T09:14:47.900Z</time></trkpt><trkpt lon="-7.42196" lat="40.05213"><ele>364.9</ele><time>2026-05-22T09:14:51.200Z</time></trkpt><trkpt lon="-7.4222733" lat="40.0521783"><ele>365.3</ele><time>2026-05-22T09:14:53.600Z</time></trkpt><trkpt lon="-7.4225867" lat="40.0522267"><ele>365.6</ele><time>2026-05-22T09:14:56.100Z</time></trkpt><trkpt lon="-7.4229" lat="40.052275"><ele>365.9</ele><time>2026-05-22T09:14:58.500Z</time></trkpt><trkpt lon="-7.4232133" lat="40.0523233"><ele>365.7</ele><time>2026-05-22T09:15:00.500Z</time></trkpt><trkpt lon="-7.4235267" lat="40.0523717"><ele>365.5</ele><time>2026-05-22T09:15:02.600Z</time></trkpt><trkpt lon="-7.42384" lat="40.05242"><ele>365.2</ele><time>2026-05-22T09:15:04.600Z</time></trkpt><trkpt lon="-7.4240783" lat="40.0524867"><ele>365.1</ele><time>2026-05-22T09:15:06.300Z</time></trkpt><trkpt lon="-7.424555" lat="40.05262"><ele>364.8</ele><time>2026-05-22T09:15:09.600Z</time></trkpt><trkpt lon="-7.4247933" lat="40.0526867"><ele>364.8</ele><time>2026-05-22T09:15:11.300Z</time></trkpt><trkpt lon="-7.42527" lat="40.05282"><ele>364.8</ele><time>2026-05-22T09:15:14.700Z</time></trkpt><trkpt lon="-7.4255667" lat="40.05285"><ele>364.7</ele><time>2026-05-22T09:15:16.700Z</time></trkpt><trkpt lon="-7.4258633" lat="40.05288"><ele>364.7</ele><time>2026-05-22T09:15:18.800Z</time></trkpt><trkpt lon="-7.42616" lat="40.05291"><ele>364.7</ele><time>2026-05-22T09:15:20.800Z</time></trkpt><trkpt lon="-7.42649" lat="40.052985"><ele>364.7</ele><time>2026-05-22T09:15:23.100Z</time></trkpt><trkpt lon="-7.42682" lat="40.05306"><ele>364.7</ele><time>2026-05-22T09:15:25.500Z</time></trkpt><trkpt lon="-7.4270817" lat="40.0530567"><ele>364.8</ele><time>2026-05-22T09:15:27.300Z</time></trkpt><trkpt lon="-7.427605" lat="40.05305"><ele>365.0</ele><time>2026-05-22T09:15:31.000Z</time></trkpt><trkpt lon="-7.4278667" lat="40.0530467"><ele>365.5</ele><time>2026-05-22T09:15:33.100Z</time></trkpt><trkpt lon="-7.42839" lat="40.05304"><ele>366.6</ele><time>2026-05-22T09:15:37.500Z</time></trkpt><trkpt lon="-7.4286167" lat="40.05307"><ele>367.6</ele><time>2026-05-22T09:15:40.100Z</time></trkpt><trkpt lon="-7.42907" lat="40.05313"><ele>369.7</ele><time>2026-05-22T09:15:45.500Z</time></trkpt><trkpt lon="-7.4293267" lat="40.0532022"><ele>370.6</ele><time>2026-05-22T09:15:48.200Z</time></trkpt><trkpt lon="-7.4295833" lat="40.0532744"><ele>371.5</ele><time>2026-05-22T09:15:50.800Z</time></trkpt><trkpt lon="-7.42984" lat="40.0533467"><ele>372.2</ele><time>2026-05-22T09:15:53.300Z</time></trkpt><trkpt lon="-7.4300967" lat="40.0534189"><ele>372.0</ele><time>2026-05-22T09:15:55.100Z</time></trkpt><trkpt lon="-7.43061" lat="40.0535633"><ele>371.5</ele><time>2026-05-22T09:15:58.500Z</time></trkpt><trkpt lon="-7.4308667" lat="40.0536356"><ele>371.0</ele><time>2026-05-22T09:16:00.100Z</time></trkpt><trkpt lon="-7.43138" lat="40.05378"><ele>370.0</ele><time>2026-05-22T09:16:03.400Z</time></trkpt><trkpt lon="-7.4316483" lat="40.053865"><ele>369.8</ele><time>2026-05-22T09:16:05.200Z</time></trkpt><trkpt lon="-7.432185" lat="40.054035"><ele>369.3</ele><time>2026-05-22T09:16:09.000Z</time></trkpt><trkpt lon="-7.4324533" lat="40.05412"><ele>369.4</ele><time>2026-05-22T09:16:11.000Z</time></trkpt><trkpt lon="-7.4327217" lat="40.054205"><ele>369.6</ele><time>2026-05-22T09:16:13.100Z</time></trkpt><trkpt lon="-7.43299" lat="40.05429"><ele>369.8</ele><time>2026-05-22T09:16:15.200Z</time></trkpt><trkpt lon="-7.4332287" lat="40.0543063"><ele>370.5</ele><time>2026-05-22T09:16:17.400Z</time></trkpt><trkpt lon="-7.4334675" lat="40.0543225"><ele>371.2</ele><time>2026-05-22T09:16:19.700Z</time></trkpt><trkpt lon="-7.433945" lat="40.054355"><ele>372.7</ele><time>2026-05-22T09:16:24.300Z</time></trkpt><trkpt lon="-7.4341837" lat="40.0543713"><ele>373.7</ele><time>2026-05-22T09:16:27.000Z</time></trkpt><trkpt lon="-7.4344225" lat="40.0543875"><ele>374.8</ele><time>2026-05-22T09:16:29.800Z</time></trkpt><trkpt lon="-7.4349" lat="40.05442"><ele>376.9</ele><time>2026-05-22T09:16:35.200Z</time></trkpt><trkpt lon="-7.43501" lat="40.05426"><ele>376.8</ele><time>2026-05-22T09:16:36.800Z</time></trkpt><trkpt lon="-7.435265" lat="40.054375"><ele>375.5</ele><time>2026-05-22T09:16:38.300Z</time></trkpt><trkpt lon="-7.43552" lat="40.05449"><ele>374.1</ele><time>2026-05-22T09:16:39.700Z</time></trkpt><trkpt lon="-7.4357756" lat="40.0545822"><ele>373.6</ele><time>2026-05-22T09:16:41.400Z</time></trkpt><trkpt lon="-7.4362867" lat="40.0547667"><ele>373.0</ele><time>2026-05-22T09:16:45.000Z</time></trkpt><trkpt lon="-7.4365422" lat="40.0548589"><ele>373.2</ele><time>2026-05-22T09:16:47.100Z</time></trkpt><trkpt lon="-7.4367978" lat="40.0549511"><ele>373.5</ele><time>2026-05-22T09:16:49.200Z</time></trkpt><trkpt lon="-7.4370533" lat="40.0550433"><ele>373.8</ele><time>2026-05-22T09:16:51.300Z</time></trkpt><trkpt lon="-7.4373089" lat="40.0551356"><ele>374.2</ele><time>2026-05-22T09:16:53.500Z</time></trkpt><trkpt lon="-7.4375644" lat="40.0552278"><ele>374.6</ele><time>2026-05-22T09:16:55.800Z</time></trkpt><trkpt lon="-7.43782" lat="40.05532"><ele>375.0</ele><time>2026-05-22T09:16:58.000Z</time></trkpt><trkpt lon="-7.4380533" lat="40.0553533"><ele>375.2</ele><time>2026-05-22T09:16:59.700Z</time></trkpt><trkpt lon="-7.43852" lat="40.05542"><ele>375.4</ele><time>2026-05-22T09:17:03.200Z</time></trkpt><trkpt lon="-7.43886" lat="40.0556"><ele>375.6</ele><time>2026-05-22T09:17:06.000Z</time></trkpt><trkpt lon="-7.43897" lat="40.05576"><ele>375.1</ele><time>2026-05-22T09:17:07.400Z</time></trkpt><trkpt lon="-7.43897" lat="40.05587"><ele>375.0</ele><time>2026-05-22T09:17:08.300Z</time></trkpt><trkpt lon="-7.438935" lat="40.05612"><ele>374.9</ele><time>2026-05-22T09:17:10.600Z</time></trkpt><trkpt lon="-7.4389" lat="40.05637"><ele>375.0</ele><time>2026-05-22T09:17:12.800Z</time></trkpt><trkpt lon="-7.438865" lat="40.05662"><ele>375.5</ele><time>2026-05-22T09:17:15.400Z</time></trkpt><trkpt lon="-7.43883" lat="40.05687"><ele>376.1</ele><time>2026-05-22T09:17:18.100Z</time></trkpt><trkpt lon="-7.43899" lat="40.0572"><ele>377.4</ele><time>2026-05-22T09:17:22.300Z</time></trkpt><trkpt lon="-7.439118" lat="40.057336"><ele>378.7</ele><time>2026-05-22T09:17:25.200Z</time></trkpt><trkpt lon="-7.439246" lat="40.057472"><ele>380.0</ele><time>2026-05-22T09:17:28.300Z</time></trkpt><trkpt lon="-7.439374" lat="40.05760801283"><ele>381.4</ele><time>2026-05-22T09:17:31.400Z</time></trkpt><trkpt lon="-7.43963" lat="40.05788"><ele>384.1</ele><time>2026-05-22T09:17:37.400Z</time></trkpt><trkpt lon="-7.43969" lat="40.058065"><ele>385.1</ele><time>2026-05-22T09:17:40.200Z</time></trkpt><trkpt lon="-7.43975" lat="40.05825"><ele>386.1</ele><time>2026-05-22T09:17:42.900Z</time></trkpt><trkpt lon="-7.4397633" lat="40.0584"><ele>387.2</ele><time>2026-05-22T09:17:45.500Z</time></trkpt><trkpt lon="-7.43979" lat="40.0587"><ele>389.7</ele><time>2026-05-22T09:17:50.900Z</time></trkpt><trkpt lon="-7.43977" lat="40.05889"><ele>391.4</ele><time>2026-05-22T09:17:54.600Z</time></trkpt><trkpt lon="-7.4396625" lat="40.0590775"><ele>392.6</ele><time>2026-05-22T09:17:57.800Z</time></trkpt><trkpt lon="-7.439555" lat="40.059265"><ele>393.8</ele><time>2026-05-22T09:18:00.900Z</time></trkpt><trkpt lon="-7.4394475" lat="40.0594525"><ele>395.0</ele><time>2026-05-22T09:18:03.900Z</time></trkpt><trkpt lon="-7.43934" lat="40.05964"><ele>396.2</ele><time>2026-05-22T09:18:07.000Z</time></trkpt><trkpt lon="-7.439295" lat="40.059815"><ele>397.3</ele><time>2026-05-22T09:18:09.800Z</time></trkpt><trkpt lon="-7.43925" lat="40.05999"><ele>398.4</ele><time>2026-05-22T09:18:12.500Z</time></trkpt><trkpt lon="-7.43923" lat="40.06018"><ele>399.2</ele><time>2026-05-22T09:18:15.000Z</time></trkpt><trkpt lon="-7.43932" lat="40.06033"><ele>400.7</ele><time>2026-05-22T09:18:18.200Z</time></trkpt><trkpt lon="-7.4394767" lat="40.0604767"><ele>401.9</ele><time>2026-05-22T09:18:21.100Z</time></trkpt><trkpt lon="-7.4396333" lat="40.0606233"><ele>403.0</ele><time>2026-05-22T09:18:24.000Z</time></trkpt><trkpt lon="-7.43979" lat="40.06077"><ele>404.1</ele><time>2026-05-22T09:18:26.900Z</time></trkpt><trkpt lon="-7.439955" lat="40.060895"><ele>405.5</ele><time>2026-05-22T09:18:30.000Z</time></trkpt><trkpt lon="-7.44012" lat="40.06102"><ele>406.8</ele><time>2026-05-22T09:18:33.100Z</time></trkpt><trkpt lon="-7.44045" lat="40.06127"><ele>409.5</ele><time>2026-05-22T09:18:39.300Z</time></trkpt><trkpt lon="-7.4406775" lat="40.06137"><ele>410.9</ele><time>2026-05-22T09:18:42.500Z</time></trkpt><trkpt lon="-7.440905" lat="40.06147"><ele>412.2</ele><time>2026-05-22T09:18:45.800Z</time></trkpt><trkpt lon="-7.4411325" lat="40.06157"><ele>413.6</ele><time>2026-05-22T09:18:49.000Z</time></trkpt><trkpt lon="-7.44136" lat="40.06167"><ele>415.0</ele><time>2026-05-22T09:18:52.300Z</time></trkpt><trkpt lon="-7.44146" lat="40.06177"><ele>416.0</ele><time>2026-05-22T09:18:54.600Z</time></trkpt><trkpt lon="-7.4416562" lat="40.0619263"><ele>417.4</ele><time>2026-05-22T09:18:58.000Z</time></trkpt><trkpt lon="-7.4418525" lat="40.0620825"><ele>418.8</ele><time>2026-05-22T09:19:01.400Z</time></trkpt><trkpt lon="-7.4420487" lat="40.0622388"><ele>420.1</ele><time>2026-05-22T09:19:04.800Z</time></trkpt><trkpt lon="-7.442245" lat="40.062395"><ele>421.5</ele><time>2026-05-22T09:19:08.200Z</time></trkpt><trkpt lon="-7.4424412" lat="40.0625513"><ele>422.9</ele><time>2026-05-22T09:19:11.600Z</time></trkpt><trkpt lon="-7.4426375" lat="40.0627075"><ele>424.2</ele><time>2026-05-22T09:19:15.000Z</time></trkpt><trkpt lon="-7.4428337" lat="40.0628638"><ele>425.6</ele><time>2026-05-22T09:19:18.400Z</time></trkpt><trkpt lon="-7.44303" lat="40.06302"><ele>427.2</ele><time>2026-05-22T09:19:22.000Z</time></trkpt><trkpt lon="-7.44319" lat="40.06307"><ele>428.7</ele><time>2026-05-22T09:19:25.000Z</time></trkpt><trkpt lon="-7.4435067" lat="40.0631008"><ele>429.6</ele><time>2026-05-22T09:19:27.900Z</time></trkpt><trkpt lon="-7.4438233" lat="40.0631317"><ele>430.2</ele><time>2026-05-22T09:19:30.600Z</time></trkpt><trkpt lon="-7.44414" lat="40.0631625"><ele>430.9</ele><time>2026-05-22T09:19:33.300Z</time></trkpt><trkpt lon="-7.4443775" lat="40.0631856"><ele>431.7</ele><time>2026-05-22T09:19:35.600Z</time></trkpt><trkpt lon="-7.444615" lat="40.0632088"><ele>432.5</ele><time>2026-05-22T09:19:37.900Z</time></trkpt><trkpt lon="-7.44509" lat="40.063255"><ele>434.0</ele><time>2026-05-22T09:19:42.600Z</time></trkpt><trkpt lon="-7.4453275" lat="40.0632781"><ele>434.7</ele><time>2026-05-22T09:19:44.800Z</time></trkpt><trkpt lon="-7.445565" lat="40.0633013"><ele>435.4</ele><time>2026-05-22T09:19:47.000Z</time></trkpt><trkpt lon="-7.44604" lat="40.0633475"><ele>436.8</ele><time>2026-05-22T09:19:51.500Z</time></trkpt><trkpt lon="-7.4462775" lat="40.0633706"><ele>438.1</ele><time>2026-05-22T09:19:54.500Z</time></trkpt><trkpt lon="-7.446515" lat="40.0633938"><ele>439.4</ele><time>2026-05-22T09:19:57.600Z</time></trkpt><trkpt lon="-7.44699" lat="40.06344"><ele>442.1</ele><time>2026-05-22T09:20:03.800Z</time></trkpt><trkpt lon="-7.44718" lat="40.06351"><ele>443.2</ele><time>2026-05-22T09:20:06.400Z</time></trkpt><trkpt lon="-7.4473367" lat="40.0636233"><ele>444.3</ele><time>2026-05-22T09:20:09.100Z</time></trkpt><trkpt lon="-7.44765" lat="40.06385"><ele>446.5</ele><time>2026-05-22T09:20:14.400Z</time></trkpt><trkpt lon="-7.44779" lat="40.06389"><ele>447.1</ele><time>2026-05-22T09:20:16.000Z</time></trkpt><trkpt lon="-7.448" lat="40.0639"><ele>447.9</ele><time>2026-05-22T09:20:18.300Z</time></trkpt><trkpt lon="-7.4482117" lat="40.0638967"><ele>448.7</ele><time>2026-05-22T09:20:20.400Z</time></trkpt><trkpt lon="-7.448635" lat="40.06389"><ele>450.0</ele><time>2026-05-22T09:20:24.500Z</time></trkpt><trkpt lon="-7.4489525" lat="40.063885"><ele>450.7</ele><time>2026-05-22T09:20:27.200Z</time></trkpt><trkpt lon="-7.44927" lat="40.06388"><ele>451.4</ele><time>2026-05-22T09:20:29.800Z</time></trkpt><trkpt lon="-7.449505" lat="40.06395"><ele>452.1</ele><time>2026-05-22T09:20:32.200Z</time></trkpt><trkpt lon="-7.44974" lat="40.06402"><ele>452.9</ele><time>2026-05-22T09:20:34.700Z</time></trkpt><trkpt lon="-7.4499712" lat="40.0641025"><ele>453.8</ele><time>2026-05-22T09:20:37.200Z</time></trkpt><trkpt lon="-7.4502025" lat="40.064185"><ele>454.7</ele><time>2026-05-22T09:20:39.800Z</time></trkpt><trkpt lon="-7.450665" lat="40.06435"><ele>456.5</ele><time>2026-05-22T09:20:44.900Z</time></trkpt><trkpt lon="-7.4508962" lat="40.0644325"><ele>456.9</ele><time>2026-05-22T09:20:46.900Z</time></trkpt><trkpt lon="-7.4511275" lat="40.064515"><ele>457.3</ele><time>2026-05-22T09:20:48.900Z</time></trkpt><trkpt lon="-7.45159" lat="40.06468"><ele>458.1</ele><time>2026-05-22T09:20:53.000Z</time></trkpt><trkpt lon="-7.4518383" lat="40.0646783"><ele>458.7</ele><time>2026-05-22T09:20:55.100Z</time></trkpt><trkpt lon="-7.4520867" lat="40.0646767"><ele>459.3</ele><time>2026-05-22T09:20:57.300Z</time></trkpt><trkpt lon="-7.4525833" lat="40.0646733"><ele>460.5</ele><time>2026-05-22T09:21:01.600Z</time></trkpt><trkpt lon="-7.4528317" lat="40.0646717"><ele>461.1</ele><time>2026-05-22T09:21:03.800Z</time></trkpt><trkpt lon="-7.45308" lat="40.06467"><ele>461.7</ele><time>2026-05-22T09:21:06.000Z</time></trkpt><trkpt lon="-7.4535767" lat="40.0646667"><ele>462.9</ele><time>2026-05-22T09:21:10.300Z</time></trkpt><trkpt lon="-7.453825" lat="40.064665"><ele>463.5</ele><time>2026-05-22T09:21:12.500Z</time></trkpt><trkpt lon="-7.4540733" lat="40.0646633"><ele>464.1</ele><time>2026-05-22T09:21:14.600Z</time></trkpt><trkpt lon="-7.45457" lat="40.06466"><ele>465.3</ele><time>2026-05-22T09:21:18.900Z</time></trkpt><trkpt lon="-7.45485" lat="40.06469"><ele>465.7</ele><time>2026-05-22T09:21:21.100Z</time></trkpt><trkpt lon="-7.4550917" lat="40.064745"><ele>465.9</ele><time>2026-05-22T09:21:23.000Z</time></trkpt><trkpt lon="-7.455575" lat="40.064855"><ele>466.1</ele><time>2026-05-22T09:21:26.600Z</time></trkpt><trkpt lon="-7.4558167" lat="40.06491"><ele>466.4</ele><time>2026-05-22T09:21:28.500Z</time></trkpt><trkpt lon="-7.4563" lat="40.06502"><ele>467.1</ele><time>2026-05-22T09:21:32.500Z</time></trkpt><trkpt lon="-7.4565933" lat="40.06508"><ele>467.6</ele><time>2026-05-22T09:21:34.800Z</time></trkpt><trkpt lon="-7.4568867" lat="40.06514"><ele>468.0</ele><time>2026-05-22T09:21:37.200Z</time></trkpt><trkpt lon="-7.45718" lat="40.0652"><ele>468.4</ele><time>2026-05-22T09:21:39.600Z</time></trkpt><trkpt lon="-7.4574733" lat="40.06526"><ele>468.6</ele><time>2026-05-22T09:21:41.800Z</time></trkpt><trkpt lon="-7.4577667" lat="40.06532"><ele>468.8</ele><time>2026-05-22T09:21:44.000Z</time></trkpt><trkpt lon="-7.45806" lat="40.06538"><ele>468.9</ele><time>2026-05-22T09:21:46.100Z</time></trkpt><trkpt lon="-7.45819" lat="40.06543"><ele>468.7</ele><time>2026-05-22T09:21:47.000Z</time></trkpt><trkpt lon="-7.4583533" lat="40.06557"><ele>468.6</ele><time>2026-05-22T09:21:48.600Z</time></trkpt><trkpt lon="-7.45868" lat="40.06585"><ele>468.5</ele><time>2026-05-22T09:21:51.900Z</time></trkpt><trkpt lon="-7.45889" lat="40.065975"><ele>468.8</ele><time>2026-05-22T09:21:53.900Z</time></trkpt><trkpt lon="-7.4591" lat="40.0661"><ele>469.1</ele><time>2026-05-22T09:21:56.000Z</time></trkpt><trkpt lon="-7.45936" lat="40.06622"><ele>469.8</ele><time>2026-05-22T09:21:58.600Z</time></trkpt><trkpt lon="-7.45954" lat="40.06621"><ele>470.9</ele><time>2026-05-22T09:22:01.100Z</time></trkpt><trkpt lon="-7.45966" lat="40.06613"><ele>471.8</ele><time>2026-05-22T09:22:03.100Z</time></trkpt><trkpt lon="-7.45977" lat="40.0659633"><ele>472.2</ele><time>2026-05-22T09:22:05.100Z</time></trkpt><trkpt lon="-7.45999" lat="40.06563"><ele>472.8</ele><time>2026-05-22T09:22:08.900Z</time></trkpt><trkpt lon="-7.4601417" lat="40.0654617"><ele>472.7</ele><time>2026-05-22T09:22:10.600Z</time></trkpt><trkpt lon="-7.460445" lat="40.065125"><ele>472.5</ele><time>2026-05-22T09:22:14.100Z</time></trkpt><trkpt lon="-7.4605967" lat="40.0649567"><ele>472.9</ele><time>2026-05-22T09:22:16.200Z</time></trkpt><trkpt lon="-7.4609" lat="40.06462"><ele>473.9</ele><time>2026-05-22T09:22:20.600Z</time></trkpt><trkpt lon="-7.461" lat="40.06455"><ele>474.2</ele><time>2026-05-22T09:22:21.800Z</time></trkpt><trkpt lon="-7.46116" lat="40.06452"><ele>474.5</ele><time>2026-05-22T09:22:23.100Z</time></trkpt><trkpt lon="-7.4613883" lat="40.0645708"><ele>475.4</ele><time>2026-05-22T09:22:25.500Z</time></trkpt><trkpt lon="-7.4616167" lat="40.0646217"><ele>476.3</ele><time>2026-05-22T09:22:28.100Z</time></trkpt><trkpt lon="-7.4620733" lat="40.0647233"><ele>478.1</ele><time>2026-05-22T09:22:33.100Z</time></trkpt><trkpt lon="-7.4623017" lat="40.0647742"><ele>478.9</ele><time>2026-05-22T09:22:35.400Z</time></trkpt><trkpt lon="-7.46253" lat="40.064825"><ele>479.6</ele><time>2026-05-22T09:22:37.700Z</time></trkpt><trkpt lon="-7.4629867" lat="40.0649267"><ele>481.1</ele><time>2026-05-22T09:22:42.200Z</time></trkpt><trkpt lon="-7.4632911" lat="40.0649945"><ele>481.7</ele><time>2026-05-22T09:22:44.800Z</time></trkpt><trkpt lon="-7.4635956" lat="40.0650622"><ele>482.3</ele><time>2026-05-22T09:22:47.400Z</time></trkpt><trkpt lon="-7.4639" lat="40.06513"><ele>482.8</ele><time>2026-05-22T09:22:49.900Z</time></trkpt><trkpt lon="-7.464185" lat="40.06519"><ele>482.7</ele><time>2026-05-22T09:22:51.900Z</time></trkpt><trkpt lon="-7.46447" lat="40.06525"><ele>482.4</ele><time>2026-05-22T09:22:53.800Z</time></trkpt><trkpt lon="-7.46467" lat="40.06527"><ele>482.1</ele><time>2026-05-22T09:22:55.000Z</time></trkpt><trkpt lon="-7.46497" lat="40.06523"><ele>481.4</ele><time>2026-05-22T09:22:56.700Z</time></trkpt><trkpt lon="-7.46515" lat="40.06531"><ele>480.6</ele><time>2026-05-22T09:22:57.800Z</time></trkpt><trkpt lon="-7.46526" lat="40.06539"><ele>480.6</ele><time>2026-05-22T09:22:58.800Z</time></trkpt><trkpt lon="-7.46531" lat="40.0657"><ele>480.8</ele><time>2026-05-22T09:23:01.800Z</time></trkpt><trkpt lon="-7.46561" lat="40.06576"><ele>481.1</ele><time>2026-05-22T09:23:04.100Z</time></trkpt><trkpt lon="-7.4658033" lat="40.06594"><ele>480.9</ele><time>2026-05-22T09:23:06.100Z</time></trkpt><trkpt lon="-7.4659967" lat="40.06612"><ele>480.7</ele><time>2026-05-22T09:23:08.000Z</time></trkpt><trkpt lon="-7.46619" lat="40.0663"><ele>480.5</ele><time>2026-05-22T09:23:10.000Z</time></trkpt><trkpt lon="-7.4663833" lat="40.06648"><ele>480.7</ele><time>2026-05-22T09:23:12.200Z</time></trkpt><trkpt lon="-7.4665767" lat="40.06666"><ele>480.9</ele><time>2026-05-22T09:23:14.500Z</time></trkpt><trkpt lon="-7.46677" lat="40.06684"><ele>481.1</ele><time>2026-05-22T09:23:16.600Z</time></trkpt><trkpt lon="-7.467015" lat="40.067035"><ele>480.6</ele><time>2026-05-22T09:23:18.800Z</time></trkpt><trkpt lon="-7.46726" lat="40.06723"><ele>480.1</ele><time>2026-05-22T09:23:21.000Z</time></trkpt><trkpt lon="-7.467535" lat="40.06736"><ele>479.5</ele><time>2026-05-22T09:23:22.900Z</time></trkpt><trkpt lon="-7.46781" lat="40.06749"><ele>478.9</ele><time>2026-05-22T09:23:24.800Z</time></trkpt><trkpt lon="-7.46805" lat="40.06762"><ele>478.9</ele><time>2026-05-22T09:23:26.800Z</time></trkpt><trkpt lon="-7.46829" lat="40.06775"><ele>479.0</ele><time>2026-05-22T09:23:28.900Z</time></trkpt><trkpt lon="-7.46857" lat="40.06781"><ele>479.5</ele><time>2026-05-22T09:23:31.200Z</time></trkpt><trkpt lon="-7.46883" lat="40.06782"><ele>478.9</ele><time>2026-05-22T09:23:32.700Z</time></trkpt><trkpt lon="-7.4689" lat="40.06791"><ele>478.8</ele><time>2026-05-22T09:23:33.600Z</time></trkpt><trkpt lon="-7.46888" lat="40.06805"><ele>479.0</ele><time>2026-05-22T09:23:35.000Z</time></trkpt><trkpt lon="-7.46904" lat="40.06821"><ele>479.3</ele><time>2026-05-22T09:23:37.000Z</time></trkpt><trkpt lon="-7.46911" lat="40.06821"><ele>479.3</ele><time>2026-05-22T09:23:37.500Z</time></trkpt><trkpt lon="-7.46937" lat="40.0681"><ele>479.9</ele><time>2026-05-22T09:23:39.900Z</time></trkpt><trkpt lon="-7.4696133" lat="40.06805"><ele>480.7</ele><time>2026-05-22T09:23:42.400Z</time></trkpt><trkpt lon="-7.4701" lat="40.06795"><ele>482.4</ele><time>2026-05-22T09:23:47.500Z</time></trkpt><trkpt lon="-7.4704175" lat="40.0680375"><ele>482.9</ele><time>2026-05-22T09:23:50.100Z</time></trkpt><trkpt lon="-7.470735" lat="40.068125"><ele>483.2</ele><time>2026-05-22T09:23:52.700Z</time></trkpt><trkpt lon="-7.4709467" lat="40.0681833"><ele>483.7</ele><time>2026-05-22T09:23:54.500Z</time></trkpt><trkpt lon="-7.47137" lat="40.0683"><ele>484.6</ele><time>2026-05-22T09:23:58.300Z</time></trkpt><trkpt lon="-7.47156" lat="40.06826"><ele>484.9</ele><time>2026-05-22T09:23:59.800Z</time></trkpt><trkpt lon="-7.47172" lat="40.06812"><ele>485.4</ele><time>2026-05-22T09:24:01.800Z</time></trkpt><trkpt lon="-7.4719425" lat="40.06807"><ele>486.6</ele><time>2026-05-22T09:24:04.800Z</time></trkpt><trkpt lon="-7.472165" lat="40.06802"><ele>488.1</ele><time>2026-05-22T09:24:08.000Z</time></trkpt><trkpt lon="-7.47261" lat="40.06792"><ele>490.8</ele><time>2026-05-22T09:24:14.200Z</time></trkpt><trkpt lon="-7.47283" lat="40.0679533"><ele>491.3</ele><time>2026-05-22T09:24:16.100Z</time></trkpt><trkpt lon="-7.47327" lat="40.06802"><ele>492.0</ele><time>2026-05-22T09:24:19.700Z</time></trkpt><trkpt lon="-7.4735338" lat="40.068005"><ele>492.6</ele><time>2026-05-22T09:24:22.000Z</time></trkpt><trkpt lon="-7.4737975" lat="40.06799"><ele>493.3</ele><time>2026-05-22T09:24:24.300Z</time></trkpt><trkpt lon="-7.474325" lat="40.06796"><ele>494.6</ele><time>2026-05-22T09:24:29.000Z</time></trkpt><trkpt lon="-7.474536" lat="40.067948"><ele>496.0</ele><time>2026-05-22T09:24:32.100Z</time></trkpt><trkpt lon="-7.474747" lat="40.067936"><ele>497.6</ele><time>2026-05-22T09:24:35.300Z</time></trkpt><trkpt lon="-7.474958" lat="40.067924"><ele>499.1</ele><time>2026-05-22T09:24:38.600Z</time></trkpt><trkpt lon="-7.47538" lat="40.0679"><ele>502.1</ele><time>2026-05-22T09:24:45.000Z</time></trkpt><trkpt lon="-7.47565" lat="40.06794"><ele>503.3</ele><time>2026-05-22T09:24:48.200Z</time></trkpt><trkpt lon="-7.47592" lat="40.06798"><ele>504.6</ele><time>2026-05-22T09:24:51.400Z</time></trkpt><trkpt lon="-7.476145" lat="40.067925"><ele>506.3</ele><time>2026-05-22T09:24:55.000Z</time></trkpt><trkpt lon="-7.47637" lat="40.06787"><ele>507.9</ele><time>2026-05-22T09:24:58.700Z</time></trkpt><trkpt lon="-7.47667" lat="40.06795"><ele>509.2</ele><time>2026-05-22T09:25:02.100Z</time></trkpt><trkpt lon="-7.47686" lat="40.06789"><ele>510.1</ele><time>2026-05-22T09:25:04.500Z</time></trkpt><trkpt lon="-7.4770167" lat="40.0677333"><ele>511.4</ele><time>2026-05-22T09:25:07.600Z</time></trkpt><trkpt lon="-7.4771733" lat="40.0675767"><ele>512.8</ele><time>2026-05-22T09:25:10.900Z</time></trkpt><trkpt lon="-7.47733" lat="40.06742"><ele>514.1</ele><time>2026-05-22T09:25:14.000Z</time></trkpt><trkpt lon="-7.47756" lat="40.06743"><ele>514.9</ele><time>2026-05-22T09:25:16.400Z</time></trkpt><trkpt lon="-7.47773" lat="40.06765"><ele>517.4</ele><time>2026-05-22T09:25:21.700Z</time></trkpt><trkpt lon="-7.4779333" lat="40.0677467"><ele>518.8</ele><time>2026-05-22T09:25:24.800Z</time></trkpt><trkpt lon="-7.4781367" lat="40.0678433"><ele>520.1</ele><time>2026-05-22T09:25:27.900Z</time></trkpt><trkpt lon="-7.47834" lat="40.06794"><ele>521.3</ele><time>2026-05-22T09:25:30.800Z</time></trkpt><trkpt lon="-7.47859" lat="40.06796"><ele>522.2</ele><time>2026-05-22T09:25:33.300Z</time></trkpt><trkpt lon="-7.47884" lat="40.06798"><ele>523.0</ele><time>2026-05-22T09:25:35.700Z</time></trkpt><trkpt lon="-7.47934" lat="40.06802"><ele>524.6</ele><time>2026-05-22T09:25:40.600Z</time></trkpt><trkpt lon="-7.4794967" lat="40.06809"><ele>525.6</ele><time>2026-05-22T09:25:43.000Z</time></trkpt><trkpt lon="-7.47981" lat="40.06823"><ele>527.9</ele><time>2026-05-22T09:25:48.000Z</time></trkpt><trkpt lon="-7.48002" lat="40.06825"><ele>528.7</ele><time>2026-05-22T09:25:50.300Z</time></trkpt><trkpt lon="-7.48035" lat="40.068195"><ele>529.2</ele><time>2026-05-22T09:25:53.000Z</time></trkpt><trkpt lon="-7.48068" lat="40.06814"><ele>529.5</ele><time>2026-05-22T09:25:55.500Z</time></trkpt><trkpt lon="-7.48103" lat="40.06802"><ele>530.2</ele><time>2026-05-22T09:25:58.700Z</time></trkpt><trkpt lon="-7.48111" lat="40.06793"><ele>530.5</ele><time>2026-05-22T09:25:59.800Z</time></trkpt><trkpt lon="-7.48134" lat="40.06807"><ele>530.8</ele><time>2026-05-22T09:26:02.100Z</time></trkpt><trkpt lon="-7.48157" lat="40.06821"><ele>531.2</ele><time>2026-05-22T09:26:04.300Z</time></trkpt><trkpt lon="-7.4817033" lat="40.0683467"><ele>531.8</ele><time>2026-05-22T09:26:06.300Z</time></trkpt><trkpt lon="-7.48197" lat="40.06862"><ele>533.2</ele><time>2026-05-22T09:26:10.700Z</time></trkpt><trkpt lon="-7.48209" lat="40.068775"><ele>535.0</ele><time>2026-05-22T09:26:14.400Z</time></trkpt><trkpt lon="-7.48221" lat="40.06893"><ele>536.8</ele><time>2026-05-22T09:26:18.200Z</time></trkpt><trkpt lon="-7.48232" lat="40.06902"><ele>537.7</ele><time>2026-05-22T09:26:20.300Z</time></trkpt><trkpt lon="-7.482605" lat="40.06909"><ele>537.8</ele><time>2026-05-22T09:26:22.400Z</time></trkpt><trkpt lon="-7.48289" lat="40.06916"><ele>537.6</ele><time>2026-05-22T09:26:24.300Z</time></trkpt><trkpt lon="-7.48305" lat="40.06923"><ele>536.9</ele><time>2026-05-22T09:26:25.300Z</time></trkpt><trkpt lon="-7.48343" lat="40.06925"><ele>536.1</ele><time>2026-05-22T09:26:27.500Z</time></trkpt><trkpt lon="-7.48354" lat="40.06928"><ele>536.1</ele><time>2026-05-22T09:26:28.200Z</time></trkpt><trkpt lon="-7.48368" lat="40.06938"><ele>536.2</ele><time>2026-05-22T09:26:29.600Z</time></trkpt><trkpt lon="-7.4837817" lat="40.0695383"><ele>536.6</ele><time>2026-05-22T09:26:31.600Z</time></trkpt><trkpt lon="-7.483985" lat="40.069855"><ele>537.9</ele><time>2026-05-22T09:26:35.700Z</time></trkpt><trkpt lon="-7.4840867" lat="40.0700133"><ele>539.4</ele><time>2026-05-22T09:26:39.100Z</time></trkpt><trkpt lon="-7.4841883" lat="40.0701717"><ele>541.1</ele><time>2026-05-22T09:26:42.600Z</time></trkpt><trkpt lon="-7.48429" lat="40.07033"><ele>542.7</ele><time>2026-05-22T09:26:46.100Z</time></trkpt><trkpt lon="-7.48432" lat="40.07061"><ele>544.8</ele><time>2026-05-22T09:26:50.900Z</time></trkpt><trkpt lon="-7.48446" lat="40.07093"><ele>546.5</ele><time>2026-05-22T09:26:55.700Z</time></trkpt><trkpt lon="-7.48472" lat="40.07094"><ele>547.5</ele><time>2026-05-22T09:26:58.500Z</time></trkpt><trkpt lon="-7.48483" lat="40.07096"><ele>548.0</ele><time>2026-05-22T09:26:59.700Z</time></trkpt><trkpt lon="-7.48512" lat="40.07108"><ele>548.7</ele><time>2026-05-22T09:27:02.500Z</time></trkpt><trkpt lon="-7.4853233" lat="40.0712167"><ele>549.3</ele><time>2026-05-22T09:27:04.800Z</time></trkpt><trkpt lon="-7.4855267" lat="40.0713533"><ele>549.9</ele><time>2026-05-22T09:27:07.100Z</time></trkpt><trkpt lon="-7.48573" lat="40.07149"><ele>550.5</ele><time>2026-05-22T09:27:09.400Z</time></trkpt><trkpt lon="-7.4859717" lat="40.0715967"><ele>551.6</ele><time>2026-05-22T09:27:12.400Z</time></trkpt><trkpt lon="-7.4862133" lat="40.0717033"><ele>552.8</ele><time>2026-05-22T09:27:15.500Z</time></trkpt><trkpt lon="-7.486455" lat="40.07181"><ele>553.9</ele><time>2026-05-22T09:27:18.500Z</time></trkpt><trkpt lon="-7.4866967" lat="40.0719167"><ele>554.7</ele><time>2026-05-22T09:27:21.200Z</time></trkpt><trkpt lon="-7.4869383" lat="40.0720233"><ele>555.6</ele><time>2026-05-22T09:27:23.800Z</time></trkpt><trkpt lon="-7.48718" lat="40.07213"><ele>556.3</ele><time>2026-05-22T09:27:26.300Z</time></trkpt><trkpt lon="-7.48751" lat="40.0721467"><ele>556.6</ele><time>2026-05-22T09:27:28.700Z</time></trkpt><trkpt lon="-7.48784" lat="40.0721633"><ele>556.7</ele><time>2026-05-22T09:27:31.100Z</time></trkpt><trkpt lon="-7.48817" lat="40.07218"><ele>556.9</ele><time>2026-05-22T09:27:33.500Z</time></trkpt><trkpt lon="-7.48841" lat="40.07221"><ele>557.5</ele><time>2026-05-22T09:27:35.600Z</time></trkpt><trkpt lon="-7.48889" lat="40.07227"><ele>558.7</ele><time>2026-05-22T09:27:39.900Z</time></trkpt><trkpt lon="-7.48899" lat="40.07226"><ele>559.0</ele><time>2026-05-22T09:27:40.800Z</time></trkpt><trkpt lon="-7.4891767" lat="40.0721933"><ele>559.9</ele><time>2026-05-22T09:27:43.100Z</time></trkpt><trkpt lon="-7.48955" lat="40.07206"><ele>561.9</ele><time>2026-05-22T09:27:48.100Z</time></trkpt><trkpt lon="-7.48985" lat="40.07206"><ele>564.1</ele><time>2026-05-22T09:27:52.700Z</time></trkpt><trkpt lon="-7.49008" lat="40.07215"><ele>565.3</ele><time>2026-05-22T09:27:55.800Z</time></trkpt><trkpt lon="-7.49031" lat="40.07224"><ele>566.5</ele><time>2026-05-22T09:27:58.800Z</time></trkpt><trkpt lon="-7.49054" lat="40.07233"><ele>567.6</ele><time>2026-05-22T09:28:01.700Z</time></trkpt><trkpt lon="-7.4907783" lat="40.072445"><ele>568.5</ele><time>2026-05-22T09:28:04.400Z</time></trkpt><trkpt lon="-7.4910167" lat="40.07256"><ele>569.3</ele><time>2026-05-22T09:28:07.100Z</time></trkpt><trkpt lon="-7.491255" lat="40.072675"><ele>570.4</ele><time>2026-05-22T09:28:10.000Z</time></trkpt><trkpt lon="-7.4914337" lat="40.0727613"><ele>572.2</ele><time>2026-05-22T09:28:13.700Z</time></trkpt><trkpt lon="-7.4916125" lat="40.0728475"><ele>574.2</ele><time>2026-05-22T09:28:17.500Z</time></trkpt><trkpt lon="-7.4917912" lat="40.0729338"><ele>576.2</ele><time>2026-05-22T09:28:21.300Z</time></trkpt><trkpt lon="-7.49197" lat="40.07302"><ele>578.1</ele><time>2026-05-22T09:28:25.100Z</time></trkpt><trkpt lon="-7.492155" lat="40.07307"><ele>579.8</ele><time>2026-05-22T09:28:28.400Z</time></trkpt><trkpt lon="-7.49234" lat="40.07312"><ele>581.3</ele><time>2026-05-22T09:28:31.600Z</time></trkpt><trkpt lon="-7.49248" lat="40.07325"><ele>582.5</ele><time>2026-05-22T09:28:34.500Z</time></trkpt><trkpt lon="-7.49254" lat="40.0734425"><ele>583.9</ele><time>2026-05-22T09:28:37.700Z</time></trkpt><trkpt lon="-7.4926" lat="40.073635"><ele>585.2</ele><time>2026-05-22T09:28:40.800Z</time></trkpt><trkpt lon="-7.49266" lat="40.0738275"><ele>586.4</ele><time>2026-05-22T09:28:44.000Z</time></trkpt><trkpt lon="-7.49272" lat="40.07402"><ele>587.4</ele><time>2026-05-22T09:28:46.700Z</time></trkpt><trkpt lon="-7.49272" lat="40.07421"><ele>586.7</ele><time>2026-05-22T09:28:48.000Z</time></trkpt><trkpt lon="-7.4926" lat="40.07435"><ele>587.7</ele><time>2026-05-22T09:28:50.700Z</time></trkpt><trkpt lon="-7.49272" lat="40.07441"><ele>588.9</ele><time>2026-05-22T09:28:53.000Z</time></trkpt><trkpt lon="-7.49298" lat="40.07461"><ele>591.5</ele><time>2026-05-22T09:28:58.600Z</time></trkpt><trkpt lon="-7.49311" lat="40.07473"><ele>593.1</ele><time>2026-05-22T09:29:02.000Z</time></trkpt><trkpt lon="-7.49324" lat="40.07485"><ele>594.8</ele><time>2026-05-22T09:29:05.500Z</time></trkpt><trkpt lon="-7.49335" lat="40.07493"><ele>596.0</ele><time>2026-05-22T09:29:08.000Z</time></trkpt><trkpt lon="-7.49357" lat="40.07504"><ele>598.7</ele><time>2026-05-22T09:29:13.000Z</time></trkpt><trkpt lon="-7.4937" lat="40.07508"><ele>600.5</ele><time>2026-05-22T09:29:16.200Z</time></trkpt><trkpt lon="-7.493856" lat="40.075152"><ele>602.4</ele><time>2026-05-22T09:29:19.800Z</time></trkpt><trkpt lon="-7.494012" lat="40.075224"><ele>604.3</ele><time>2026-05-22T09:29:23.400Z</time></trkpt><trkpt lon="-7.494168" lat="40.075296"><ele>606.1</ele><time>2026-05-22T09:29:26.900Z</time></trkpt><trkpt lon="-7.49448" lat="40.07544"><ele>609.8</ele><time>2026-05-22T09:29:33.900Z</time></trkpt><trkpt lon="-7.49464" lat="40.07548"><ele>611.4</ele><time>2026-05-22T09:29:37.100Z</time></trkpt><trkpt lon="-7.49476" lat="40.07547"><ele>612.1</ele><time>2026-05-22T09:29:38.600Z</time></trkpt><trkpt lon="-7.49488" lat="40.07542"><ele>612.8</ele><time>2026-05-22T09:29:40.300Z</time></trkpt><trkpt lon="-7.49497" lat="40.0753"><ele>614.0</ele><time>2026-05-22T09:29:42.900Z</time></trkpt><trkpt lon="-7.49502" lat="40.0751"><ele>616.6</ele><time>2026-05-22T09:29:47.800Z</time></trkpt><trkpt lon="-7.49502" lat="40.07482"><ele>618.5</ele><time>2026-05-22T09:29:52.500Z</time></trkpt><trkpt lon="-7.49496" lat="40.074645"><ele>620.2</ele><time>2026-05-22T09:29:56.100Z</time></trkpt><trkpt lon="-7.4949" lat="40.07447"><ele>622.2</ele><time>2026-05-22T09:30:00.100Z</time></trkpt><trkpt lon="-7.4949" lat="40.07432"><ele>624.6</ele><time>2026-05-22T09:30:04.500Z</time></trkpt><trkpt lon="-7.4949233" lat="40.07421"><ele>626.8</ele><time>2026-05-22T09:30:08.100Z</time></trkpt><trkpt lon="-7.4949467" lat="40.0741"><ele>629.0</ele><time>2026-05-22T09:30:11.800Z</time></trkpt><trkpt lon="-7.49497" lat="40.07399"><ele>630.9</ele><time>2026-05-22T09:30:15.200Z</time></trkpt><trkpt lon="-7.49511" lat="40.07382"><ele>632.7</ele><time>2026-05-22T09:30:19.000Z</time></trkpt><trkpt lon="-7.49527" lat="40.07376"><ele>634.3</ele><time>2026-05-22T09:30:22.300Z</time></trkpt><trkpt lon="-7.495454" lat="40.07375"><ele>636.3</ele><time>2026-05-22T09:30:25.900Z</time></trkpt><trkpt lon="-7.495638" lat="40.07374"><ele>638.3</ele><time>2026-05-22T09:30:29.600Z</time></trkpt><trkpt lon="-7.495822" lat="40.07373"><ele>640.4</ele><time>2026-05-22T09:30:33.300Z</time></trkpt><trkpt lon="-7.49619" lat="40.07371"><ele>644.3</ele><time>2026-05-22T09:30:40.600Z</time></trkpt><trkpt lon="-7.49638" lat="40.07373"><ele>645.8</ele><time>2026-05-22T09:30:43.700Z</time></trkpt><trkpt lon="-7.49649" lat="40.07379"><ele>647.5</ele><time>2026-05-22T09:30:46.800Z</time></trkpt><trkpt lon="-7.49666" lat="40.07394"><ele>649.9</ele><time>2026-05-22T09:30:51.500Z</time></trkpt><trkpt lon="-7.4967767" lat="40.07407"><ele>651.3</ele><time>2026-05-22T09:30:54.500Z</time></trkpt><trkpt lon="-7.49701" lat="40.07433"><ele>653.7</ele><time>2026-05-22T09:31:00.000Z</time></trkpt><trkpt lon="-7.49713" lat="40.07442"><ele>654.5</ele><time>2026-05-22T09:31:02.000Z</time></trkpt><trkpt lon="-7.49736" lat="40.07453"><ele>655.4</ele><time>2026-05-22T09:31:04.700Z</time></trkpt><trkpt lon="-7.49774" lat="40.07468"><ele>657.1</ele><time>2026-05-22T09:31:09.400Z</time></trkpt><trkpt lon="-7.4979733" lat="40.0747233"><ele>658.2</ele><time>2026-05-22T09:31:12.100Z</time></trkpt><trkpt lon="-7.49844" lat="40.07481"><ele>660.2</ele><time>2026-05-22T09:31:17.500Z</time></trkpt><trkpt lon="-7.49856" lat="40.07486"><ele>661.0</ele><time>2026-05-22T09:31:19.300Z</time></trkpt><trkpt lon="-7.49863" lat="40.07492"><ele>661.9</ele><time>2026-05-22T09:31:21.100Z</time></trkpt><trkpt lon="-7.49874" lat="40.0751067"><ele>662.6</ele><time>2026-05-22T09:31:23.500Z</time></trkpt><trkpt lon="-7.49896" lat="40.07548"><ele>663.5</ele><time>2026-05-22T09:31:27.800Z</time></trkpt><trkpt lon="-7.49898" lat="40.07559"><ele>663.7</ele><time>2026-05-22T09:31:29.000Z</time></trkpt><trkpt lon="-7.49897" lat="40.07571"><ele>664.5</ele><time>2026-05-22T09:31:30.800Z</time></trkpt><trkpt lon="-7.49906" lat="40.0757933"><ele>666.1</ele><time>2026-05-22T09:31:33.700Z</time></trkpt><trkpt lon="-7.49924" lat="40.07596"><ele>669.2</ele><time>2026-05-22T09:31:39.400Z</time></trkpt><trkpt lon="-7.49901" lat="40.07615"><ele>666.9</ele><time>2026-05-22T09:31:41.000Z</time></trkpt><trkpt lon="-7.49878" lat="40.07634"><ele>664.2</ele><time>2026-05-22T09:31:42.700Z</time></trkpt><trkpt lon="-7.49898" lat="40.07651"><ele>663.9</ele><time>2026-05-22T09:31:44.600Z</time></trkpt><trkpt lon="-7.49912" lat="40.07676"><ele>663.8</ele><time>2026-05-22T09:31:46.900Z</time></trkpt><trkpt lon="-7.49912" lat="40.07689"><ele>663.6</ele><time>2026-05-22T09:31:47.900Z</time></trkpt><trkpt lon="-7.498955" lat="40.0771"><ele>663.0</ele><time>2026-05-22T09:31:49.900Z</time></trkpt><trkpt lon="-7.49879" lat="40.07731"><ele>662.5</ele><time>2026-05-22T09:31:51.800Z</time></trkpt><trkpt lon="-7.49875" lat="40.07744"><ele>662.4</ele><time>2026-05-22T09:31:52.900Z</time></trkpt><trkpt lon="-7.49879" lat="40.07757"><ele>662.4</ele><time>2026-05-22T09:31:54.100Z</time></trkpt><trkpt lon="-7.49898" lat="40.0779"><ele>662.6</ele><time>2026-05-22T09:31:57.500Z</time></trkpt><trkpt lon="-7.49898" lat="40.0781500135315"><ele>662.3</ele><time>2026-05-22T09:31:59.500Z</time></trkpt><trkpt lon="-7.4987" lat="40.07837"><ele>658.5</ele><time>2026-05-22T09:32:01.700Z</time></trkpt><trkpt lon="-7.49858" lat="40.07842"><ele>657.3</ele><time>2026-05-22T09:32:02.400Z</time></trkpt><trkpt lon="-7.49846" lat="40.07843"><ele>656.1</ele><time>2026-05-22T09:32:03.100Z</time></trkpt><trkpt lon="-7.49828" lat="40.07837"><ele>653.3</ele><time>2026-05-22T09:32:04.200Z</time></trkpt><trkpt lon="-7.49797" lat="40.07815"><ele>651.3</ele><time>2026-05-22T09:32:06.200Z</time></trkpt><trkpt lon="-7.49781" lat="40.07798"><ele>649.0</ele><time>2026-05-22T09:32:07.700Z</time></trkpt><trkpt lon="-7.49769" lat="40.07791"><ele>646.6</ele><time>2026-05-22T09:32:08.500Z</time></trkpt><trkpt lon="-7.49762" lat="40.07789"><ele>645.6</ele><time>2026-05-22T09:32:08.900Z</time></trkpt><trkpt lon="-7.49739" lat="40.07801"><ele>644.1</ele><time>2026-05-22T09:32:10.200Z</time></trkpt><trkpt lon="-7.49727" lat="40.07804"><ele>643.3</ele><time>2026-05-22T09:32:10.900Z</time></trkpt><trkpt lon="-7.49717" lat="40.07803"><ele>642.7</ele><time>2026-05-22T09:32:11.300Z</time></trkpt><trkpt lon="-7.49703" lat="40.07794"><ele>641.8</ele><time>2026-05-22T09:32:12.200Z</time></trkpt><trkpt lon="-7.49678" lat="40.07794"><ele>641.2</ele><time>2026-05-22T09:32:13.700Z</time></trkpt><trkpt lon="-7.49668" lat="40.07804"><ele>641.0</ele><time>2026-05-22T09:32:14.700Z</time></trkpt><trkpt lon="-7.49669" lat="40.07814"><ele>640.5</ele><time>2026-05-22T09:32:15.400Z</time></trkpt><trkpt lon="-7.49678" lat="40.07823"><ele>638.7</ele><time>2026-05-22T09:32:16.200Z</time></trkpt><trkpt lon="-7.4968" lat="40.07853"><ele>634.0</ele><time>2026-05-22T09:32:18.300Z</time></trkpt><trkpt lon="-7.49678" lat="40.07859"><ele>633.4</ele><time>2026-05-22T09:32:18.700Z</time></trkpt><trkpt lon="-7.49663" lat="40.07873"><ele>632.3</ele><time>2026-05-22T09:32:19.900Z</time></trkpt><trkpt lon="-7.49633" lat="40.0787"><ele>629.2</ele><time>2026-05-22T09:32:21.600Z</time></trkpt><trkpt lon="-7.49622" lat="40.07874"><ele>628.8</ele><time>2026-05-22T09:32:22.200Z</time></trkpt><trkpt lon="-7.49593" lat="40.07869"><ele>628.7</ele><time>2026-05-22T09:32:24.200Z</time></trkpt><trkpt lon="-7.49554" lat="40.07859"><ele>628.2</ele><time>2026-05-22T09:32:26.800Z</time></trkpt><trkpt lon="-7.49544" lat="40.07855"><ele>627.6</ele><time>2026-05-22T09:32:27.300Z</time></trkpt><trkpt lon="-7.49518" lat="40.07841"><ele>626.5</ele><time>2026-05-22T09:32:29.000Z</time></trkpt><trkpt lon="-7.49515" lat="40.0783"><ele>626.3</ele><time>2026-05-22T09:32:29.900Z</time></trkpt><trkpt lon="-7.49513" lat="40.07814"><ele>626.2</ele><time>2026-05-22T09:32:31.300Z</time></trkpt><trkpt lon="-7.49505" lat="40.07803"><ele>625.6</ele><time>2026-05-22T09:32:32.100Z</time></trkpt><trkpt lon="-7.4949" lat="40.07776"><ele>620.9</ele><time>2026-05-22T09:32:34.200Z</time></trkpt><trkpt lon="-7.4949" lat="40.07747"><ele>618.0</ele><time>2026-05-22T09:32:36.000Z</time></trkpt><trkpt lon="-7.49505" lat="40.07717"><ele>616.3</ele><time>2026-05-22T09:32:38.200Z</time></trkpt><trkpt lon="-7.49513" lat="40.0771"><ele>615.6</ele><time>2026-05-22T09:32:38.800Z</time></trkpt><trkpt lon="-7.4952" lat="40.077"><ele>614.3</ele><time>2026-05-22T09:32:39.600Z</time></trkpt><trkpt lon="-7.4954" lat="40.0769"><ele>612.7</ele><time>2026-05-22T09:32:40.700Z</time></trkpt><trkpt lon="-7.49532" lat="40.07683"><ele>611.8</ele><time>2026-05-22T09:32:41.300Z</time></trkpt><trkpt lon="-7.49506" lat="40.07675"><ele>610.1</ele><time>2026-05-22T09:32:42.700Z</time></trkpt><trkpt lon="-7.49486" lat="40.07677"><ele>608.4</ele><time>2026-05-22T09:32:43.700Z</time></trkpt><trkpt lon="-7.49459" lat="40.07694"><ele>604.2</ele><time>2026-05-22T09:32:45.600Z</time></trkpt><trkpt lon="-7.49452" lat="40.07701"><ele>602.7</ele><time>2026-05-22T09:32:46.200Z</time></trkpt><trkpt lon="-7.49432" lat="40.07735"><ele>600.2</ele><time>2026-05-22T09:32:48.600Z</time></trkpt><trkpt lon="-7.49417" lat="40.07753"><ele>598.3</ele><time>2026-05-22T09:32:50.000Z</time></trkpt><trkpt lon="-7.4940233" lat="40.07774"><ele>595.1</ele><time>2026-05-22T09:32:51.700Z</time></trkpt><trkpt lon="-7.49373" lat="40.07816"><ele>588.7</ele><time>2026-05-22T09:32:55.100Z</time></trkpt><trkpt lon="-7.49364" lat="40.07823"><ele>587.6</ele><time>2026-05-22T09:32:55.800Z</time></trkpt><trkpt lon="-7.49347" lat="40.07828"><ele>586.5</ele><time>2026-05-22T09:32:56.600Z</time></trkpt><trkpt lon="-7.49322" lat="40.07827"><ele>584.5</ele><time>2026-05-22T09:32:57.900Z</time></trkpt><trkpt lon="-7.493" lat="40.0782"><ele>581.9</ele><time>2026-05-22T09:32:59.200Z</time></trkpt><trkpt lon="-7.4928133" lat="40.0780733"><ele>579.9</ele><time>2026-05-22T09:33:00.400Z</time></trkpt><trkpt lon="-7.49244" lat="40.07782"><ele>576.2</ele><time>2026-05-22T09:33:02.800Z</time></trkpt><trkpt lon="-7.49217" lat="40.07766"><ele>573.7</ele><time>2026-05-22T09:33:04.500Z</time></trkpt><trkpt lon="-7.4919" lat="40.0775"><ele>571.1</ele><time>2026-05-22T09:33:06.100Z</time></trkpt><trkpt lon="-7.49179" lat="40.07729"><ele>568.7</ele><time>2026-05-22T09:33:07.600Z</time></trkpt><trkpt lon="-7.49168" lat="40.07708"><ele>566.1</ele><time>2026-05-22T09:33:09.200Z</time></trkpt><trkpt lon="-7.49161" lat="40.07702"><ele>564.9</ele><time>2026-05-22T09:33:09.800Z</time></trkpt><trkpt lon="-7.49133" lat="40.07687"><ele>562.9</ele><time>2026-05-22T09:33:11.500Z</time></trkpt><trkpt lon="-7.49118" lat="40.07681"><ele>561.8</ele><time>2026-05-22T09:33:12.300Z</time></trkpt><trkpt lon="-7.49068" lat="40.07695"><ele>556.3</ele><time>2026-05-22T09:33:15.200Z</time></trkpt><trkpt lon="-7.49047" lat="40.07696"><ele>555.1</ele><time>2026-05-22T09:33:16.200Z</time></trkpt><trkpt lon="-7.49" lat="40.07695"><ele>554.0</ele><time>2026-05-22T09:33:18.900Z</time></trkpt><trkpt lon="-7.48971" lat="40.0769933"><ele>553.8</ele><time>2026-05-22T09:33:20.800Z</time></trkpt><trkpt lon="-7.48942" lat="40.0770367"><ele>553.7</ele><time>2026-05-22T09:33:22.800Z</time></trkpt><trkpt lon="-7.48913" lat="40.07708"><ele>553.5</ele><time>2026-05-22T09:33:24.700Z</time></trkpt><trkpt lon="-7.48879" lat="40.07709"><ele>553.4</ele><time>2026-05-22T09:33:26.900Z</time></trkpt><trkpt lon="-7.4885433" lat="40.0770767"><ele>553.0</ele><time>2026-05-22T09:33:28.400Z</time></trkpt><trkpt lon="-7.48805" lat="40.07705"><ele>552.1</ele><time>2026-05-22T09:33:31.300Z</time></trkpt><trkpt lon="-7.48781" lat="40.07701"><ele>551.0</ele><time>2026-05-22T09:33:32.600Z</time></trkpt><trkpt lon="-7.4875067" lat="40.0769333"><ele>549.2</ele><time>2026-05-22T09:33:34.100Z</time></trkpt><trkpt lon="-7.4872033" lat="40.0768567"><ele>547.3</ele><time>2026-05-22T09:33:35.700Z</time></trkpt><trkpt lon="-7.4869" lat="40.07678"><ele>544.8</ele><time>2026-05-22T09:33:37.200Z</time></trkpt><trkpt lon="-7.48681" lat="40.07677"><ele>543.2</ele><time>2026-05-22T09:33:37.700Z</time></trkpt><trkpt lon="-7.48669" lat="40.07678"><ele>542.0</ele><time>2026-05-22T09:33:38.400Z</time></trkpt><trkpt lon="-7.48641" lat="40.07684"><ele>540.9</ele><time>2026-05-22T09:33:39.900Z</time></trkpt><trkpt lon="-7.48619" lat="40.07693"><ele>539.7</ele><time>2026-05-22T09:33:41.100Z</time></trkpt><trkpt lon="-7.48601" lat="40.07704"><ele>538.8</ele><time>2026-05-22T09:33:42.300Z</time></trkpt><trkpt lon="-7.48561" lat="40.07731"><ele>536.7</ele><time>2026-05-22T09:33:45.000Z</time></trkpt><trkpt lon="-7.48526" lat="40.07751"><ele>535.7</ele><time>2026-05-22T09:33:47.500Z</time></trkpt><trkpt lon="-7.48494" lat="40.0776233"><ele>535.2</ele><time>2026-05-22T09:33:49.700Z</time></trkpt><trkpt lon="-7.48462" lat="40.0777367"><ele>534.7</ele><time>2026-05-22T09:33:51.800Z</time></trkpt><trkpt lon="-7.4843" lat="40.07785"><ele>534.3</ele><time>2026-05-22T09:33:54.000Z</time></trkpt><trkpt lon="-7.48383" lat="40.078"><ele>534.2</ele><time>2026-05-22T09:33:57.400Z</time></trkpt><trkpt lon="-7.48363" lat="40.078"><ele>534.1</ele><time>2026-05-22T09:33:58.700Z</time></trkpt><trkpt lon="-7.4833067" lat="40.0779233"><ele>533.8</ele><time>2026-05-22T09:34:00.900Z</time></trkpt><trkpt lon="-7.4829833" lat="40.0778467"><ele>533.5</ele><time>2026-05-22T09:34:03.000Z</time></trkpt><trkpt lon="-7.48266" lat="40.07777"><ele>533.1</ele><time>2026-05-22T09:34:05.100Z</time></trkpt><trkpt lon="-7.4823367" lat="40.0776933"><ele>532.7</ele><time>2026-05-22T09:34:07.200Z</time></trkpt><trkpt lon="-7.4820133" lat="40.0776167"><ele>532.3</ele><time>2026-05-22T09:34:09.300Z</time></trkpt><trkpt lon="-7.48169" lat="40.07754"><ele>531.7</ele><time>2026-05-22T09:34:11.400Z</time></trkpt><trkpt lon="-7.48122" lat="40.07746"><ele>529.8</ele><time>2026-05-22T09:34:13.800Z</time></trkpt><trkpt lon="-7.480945" lat="40.077435"><ele>528.3</ele><time>2026-05-22T09:34:15.200Z</time></trkpt><trkpt lon="-7.48067" lat="40.07741"><ele>526.9</ele><time>2026-05-22T09:34:16.500Z</time></trkpt><trkpt lon="-7.48034" lat="40.07732"><ele>526.8</ele><time>2026-05-22T09:34:18.800Z</time></trkpt><trkpt lon="-7.48024" lat="40.07726"><ele>526.3</ele><time>2026-05-22T09:34:19.500Z</time></trkpt><trkpt lon="-7.48014" lat="40.07717"><ele>525.4</ele><time>2026-05-22T09:34:20.200Z</time></trkpt><trkpt lon="-7.48007" lat="40.07714"><ele>525.0</ele><time>2026-05-22T09:34:20.600Z</time></trkpt><trkpt lon="-7.47986" lat="40.07714"><ele>524.4</ele><time>2026-05-22T09:34:21.800Z</time></trkpt><trkpt lon="-7.479545" lat="40.07723"><ele>522.3</ele><time>2026-05-22T09:34:23.400Z</time></trkpt><trkpt lon="-7.47923" lat="40.07732"><ele>520.0</ele><time>2026-05-22T09:34:25.000Z</time></trkpt><trkpt lon="-7.47897" lat="40.07735"><ele>518.8</ele><time>2026-05-22T09:34:26.300Z</time></trkpt><trkpt lon="-7.478655" lat="40.077345"><ele>517.4</ele><time>2026-05-22T09:34:27.900Z</time></trkpt><trkpt lon="-7.47834" lat="40.07734"><ele>516.0</ele><time>2026-05-22T09:34:29.500Z</time></trkpt><trkpt lon="-7.47801" lat="40.07729"><ele>514.9</ele><time>2026-05-22T09:34:31.300Z</time></trkpt><trkpt lon="-7.47754" lat="40.07715"><ele>513.5</ele><time>2026-05-22T09:34:34.100Z</time></trkpt><trkpt lon="-7.47712" lat="40.07696"><ele>512.5</ele><time>2026-05-22T09:34:36.900Z</time></trkpt><trkpt lon="-7.47686" lat="40.07681"><ele>512.1</ele><time>2026-05-22T09:34:38.900Z</time></trkpt><trkpt lon="-7.4766489" lat="40.0766856"><ele>511.8</ele><time>2026-05-22T09:34:40.600Z</time></trkpt><trkpt lon="-7.4762267" lat="40.0764367"><ele>511.1</ele><time>2026-05-22T09:34:43.900Z</time></trkpt><trkpt lon="-7.4760155" lat="40.0763122"><ele>510.7</ele><time>2026-05-22T09:34:45.500Z</time></trkpt><trkpt lon="-7.4755933" lat="40.0760633"><ele>510.1</ele><time>2026-05-22T09:34:48.800Z</time></trkpt><trkpt lon="-7.4753822" lat="40.0759389"><ele>509.6</ele><time>2026-05-22T09:34:50.400Z</time></trkpt><trkpt lon="-7.47496" lat="40.07569"><ele>508.7</ele><time>2026-05-22T09:34:53.600Z</time></trkpt><trkpt lon="-7.4747333" lat="40.07554"><ele>508.2</ele><time>2026-05-22T09:34:55.400Z</time></trkpt><trkpt lon="-7.4745067" lat="40.07539"><ele>507.8</ele><time>2026-05-22T09:34:57.200Z</time></trkpt><trkpt lon="-7.47428" lat="40.07524"><ele>507.4</ele><time>2026-05-22T09:34:59.100Z</time></trkpt><trkpt lon="-7.47412" lat="40.075075"><ele>507.1</ele><time>2026-05-22T09:35:00.800Z</time></trkpt><trkpt lon="-7.47396" lat="40.07491"><ele>506.8</ele><time>2026-05-22T09:35:02.500Z</time></trkpt><trkpt lon="-7.4738767" lat="40.0746833"><ele>506.6</ele><time>2026-05-22T09:35:04.400Z</time></trkpt><trkpt lon="-7.4737933" lat="40.0744567"><ele>506.4</ele><time>2026-05-22T09:35:06.400Z</time></trkpt><trkpt lon="-7.47371" lat="40.07423"><ele>506.2</ele><time>2026-05-22T09:35:08.400Z</time></trkpt><trkpt lon="-7.47338" lat="40.07395"><ele>506.2</ele><time>2026-05-22T09:35:11.700Z</time></trkpt><trkpt lon="-7.47309" lat="40.07386"><ele>506.1</ele><time>2026-05-22T09:35:13.800Z</time></trkpt><trkpt lon="-7.4728" lat="40.07377"><ele>506.0</ele><time>2026-05-22T09:35:15.900Z</time></trkpt><trkpt lon="-7.47253" lat="40.07368"><ele>505.9</ele><time>2026-05-22T09:35:17.800Z</time></trkpt><trkpt lon="-7.47199" lat="40.0735"><ele>505.7</ele><time>2026-05-22T09:35:21.700Z</time></trkpt><trkpt lon="-7.47172" lat="40.07341"><ele>505.4</ele><time>2026-05-22T09:35:23.600Z</time></trkpt><trkpt lon="-7.47118" lat="40.07323"><ele>504.9</ele><time>2026-05-22T09:35:27.300Z</time></trkpt><trkpt lon="-7.47087" lat="40.0732075"><ele>504.6</ele><time>2026-05-22T09:35:29.300Z</time></trkpt><trkpt lon="-7.47056" lat="40.073185"><ele>504.2</ele><time>2026-05-22T09:35:31.200Z</time></trkpt><trkpt lon="-7.47025" lat="40.0731625"><ele>503.4</ele><time>2026-05-22T09:35:33.000Z</time></trkpt><trkpt lon="-7.46994" lat="40.07314"><ele>502.5</ele><time>2026-05-22T09:35:34.700Z</time></trkpt><trkpt lon="-7.46947" lat="40.07309"><ele>500.8</ele><time>2026-05-22T09:35:37.100Z</time></trkpt><trkpt lon="-7.46917" lat="40.073"><ele>499.7</ele><time>2026-05-22T09:35:38.900Z</time></trkpt><trkpt lon="-7.46881" lat="40.07276"><ele>497.8</ele><time>2026-05-22T09:35:41.300Z</time></trkpt><trkpt lon="-7.4686067" lat="40.07256"><ele>496.2</ele><time>2026-05-22T09:35:42.900Z</time></trkpt><trkpt lon="-7.4684033" lat="40.07236"><ele>494.5</ele><time>2026-05-22T09:35:44.600Z</time></trkpt><trkpt lon="-7.4682" lat="40.07216"><ele>492.9</ele><time>2026-05-22T09:35:46.200Z</time></trkpt><trkpt lon="-7.4679" lat="40.07195"><ele>491.8</ele><time>2026-05-22T09:35:48.500Z</time></trkpt><trkpt lon="-7.46764" lat="40.07184"><ele>491.6</ele><time>2026-05-22T09:35:50.400Z</time></trkpt><trkpt lon="-7.4673733" lat="40.0717567"><ele>492.0</ele><time>2026-05-22T09:35:52.700Z</time></trkpt><trkpt lon="-7.4671067" lat="40.0716733"><ele>492.5</ele><time>2026-05-22T09:35:55.000Z</time></trkpt><trkpt lon="-7.46684" lat="40.07159"><ele>493.0</ele><time>2026-05-22T09:35:57.300Z</time></trkpt><trkpt lon="-7.46668" lat="40.07152"><ele>493.1</ele><time>2026-05-22T09:35:58.600Z</time></trkpt><trkpt lon="-7.46623" lat="40.07143"><ele>493.9</ele><time>2026-05-22T09:36:02.300Z</time></trkpt><trkpt lon="-7.46616" lat="40.07144"><ele>494.1</ele><time>2026-05-22T09:36:03.000Z</time></trkpt><trkpt lon="-7.46608" lat="40.07149"><ele>493.9</ele><time>2026-05-22T09:36:03.600Z</time></trkpt><trkpt lon="-7.46601" lat="40.07156"><ele>493.4</ele><time>2026-05-22T09:36:04.200Z</time></trkpt><trkpt lon="-7.46605" lat="40.07179"><ele>494.2</ele><time>2026-05-22T09:36:06.800Z</time></trkpt><trkpt lon="-7.46609" lat="40.07202"><ele>495.2</ele><time>2026-05-22T09:36:09.800Z</time></trkpt><trkpt lon="-7.46613" lat="40.07225"><ele>496.2</ele><time>2026-05-22T09:36:12.800Z</time></trkpt><trkpt lon="-7.46617" lat="40.07248"><ele>497.2</ele><time>2026-05-22T09:36:15.800Z</time></trkpt><trkpt lon="-7.46621" lat="40.07271"><ele>498.3</ele><time>2026-05-22T09:36:18.800Z</time></trkpt><trkpt lon="-7.46625" lat="40.07294"><ele>499.3</ele><time>2026-05-22T09:36:21.800Z</time></trkpt><trkpt lon="-7.4662756" lat="40.0731519"><ele>500.1</ele><time>2026-05-22T09:36:24.400Z</time></trkpt><trkpt lon="-7.4663012" lat="40.0733638"><ele>501.0</ele><time>2026-05-22T09:36:27.100Z</time></trkpt><trkpt lon="-7.4663269" lat="40.0735756"><ele>501.8</ele><time>2026-05-22T09:36:29.700Z</time></trkpt><trkpt lon="-7.4663525" lat="40.0737875"><ele>502.7</ele><time>2026-05-22T09:36:32.400Z</time></trkpt><trkpt lon="-7.4663781" lat="40.0739994"><ele>503.8</ele><time>2026-05-22T09:36:35.400Z</time></trkpt><trkpt lon="-7.4664037" lat="40.0742113"><ele>505.0</ele><time>2026-05-22T09:36:38.500Z</time></trkpt><trkpt lon="-7.4664294" lat="40.0744231"><ele>506.1</ele><time>2026-05-22T09:36:41.600Z</time></trkpt><trkpt lon="-7.466455" lat="40.074635"><ele>507.2</ele><time>2026-05-22T09:36:44.500Z</time></trkpt><trkpt lon="-7.4664806" lat="40.0748469"><ele>507.7</ele><time>2026-05-22T09:36:46.800Z</time></trkpt><trkpt lon="-7.4665062" lat="40.0750588"><ele>508.2</ele><time>2026-05-22T09:36:49.000Z</time></trkpt><trkpt lon="-7.4665575" lat="40.0754825"><ele>509.1</ele><time>2026-05-22T09:36:53.500Z</time></trkpt><trkpt lon="-7.4665831" lat="40.0756944"><ele>510.1</ele><time>2026-05-22T09:36:56.300Z</time></trkpt><trkpt lon="-7.4666087" lat="40.0759063"><ele>511.2</ele><time>2026-05-22T09:36:59.200Z</time></trkpt><trkpt lon="-7.4666344" lat="40.0761181"><ele>512.2</ele><time>2026-05-22T09:37:02.200Z</time></trkpt><trkpt lon="-7.46666" lat="40.07633"><ele>513.1</ele><time>2026-05-22T09:37:04.900Z</time></trkpt><trkpt lon="-7.46661" lat="40.07657"><ele>512.9</ele><time>2026-05-22T09:37:06.900Z</time></trkpt><trkpt lon="-7.46656" lat="40.07681"><ele>512.5</ele><time>2026-05-22T09:37:08.900Z</time></trkpt><trkpt lon="-7.46653" lat="40.0770325"><ele>511.6</ele><time>2026-05-22T09:37:10.400Z</time></trkpt><trkpt lon="-7.4665" lat="40.077255"><ele>510.6</ele><time>2026-05-22T09:37:12.000Z</time></trkpt><trkpt lon="-7.46644" lat="40.0777"><ele>508.7</ele><time>2026-05-22T09:37:15.100Z</time></trkpt><trkpt lon="-7.46637" lat="40.07798"><ele>507.2</ele><time>2026-05-22T09:37:17.000Z</time></trkpt><trkpt lon="-7.46628" lat="40.07822"><ele>505.2</ele><time>2026-05-22T09:37:18.600Z</time></trkpt><trkpt lon="-7.46628" lat="40.07829"><ele>504.2</ele><time>2026-05-22T09:37:19.100Z</time></trkpt><trkpt lon="-7.4661722" lat="40.0784867"><ele>503.2</ele><time>2026-05-22T09:37:20.500Z</time></trkpt><trkpt lon="-7.4659567" lat="40.07888"><ele>501.9</ele><time>2026-05-22T09:37:23.700Z</time></trkpt><trkpt lon="-7.4658489" lat="40.0790767"><ele>501.3</ele><time>2026-05-22T09:37:25.400Z</time></trkpt><trkpt lon="-7.4656333" lat="40.07947"><ele>500.1</ele><time>2026-05-22T09:37:28.600Z</time></trkpt><trkpt lon="-7.4655256" lat="40.0796667"><ele>499.7</ele><time>2026-05-22T09:37:30.300Z</time></trkpt><trkpt lon="-7.46531" lat="40.08006"><ele>499.0</ele><time>2026-05-22T09:37:33.700Z</time></trkpt><trkpt lon="-7.46523" lat="40.0802425"><ele>499.3</ele><time>2026-05-22T09:37:35.600Z</time></trkpt><trkpt lon="-7.46515" lat="40.080425"><ele>499.6</ele><time>2026-05-22T09:37:37.600Z</time></trkpt><trkpt lon="-7.46499" lat="40.08079"><ele>500.6</ele><time>2026-05-22T09:37:41.700Z</time></trkpt><trkpt lon="-7.46499" lat="40.080945"><ele>502.1</ele><time>2026-05-22T09:37:45.000Z</time></trkpt><trkpt lon="-7.46499" lat="40.0811"><ele>503.8</ele><time>2026-05-22T09:37:48.300Z</time></trkpt><trkpt lon="-7.46506" lat="40.08126"><ele>504.9</ele><time>2026-05-22T09:37:51.100Z</time></trkpt><trkpt lon="-7.46513" lat="40.08142"><ele>506.0</ele><time>2026-05-22T09:37:53.700Z</time></trkpt><trkpt lon="-7.4652283" lat="40.0815833"><ele>506.9</ele><time>2026-05-22T09:37:56.200Z</time></trkpt><trkpt lon="-7.465425" lat="40.08191"><ele>508.7</ele><time>2026-05-22T09:38:01.200Z</time></trkpt><trkpt lon="-7.4655233" lat="40.0820733"><ele>510.0</ele><time>2026-05-22T09:38:04.200Z</time></trkpt><trkpt lon="-7.4656217" lat="40.0822367"><ele>511.4</ele><time>2026-05-22T09:38:07.400Z</time></trkpt><trkpt lon="-7.46572" lat="40.0824"><ele>512.7</ele><time>2026-05-22T09:38:10.500Z</time></trkpt><trkpt lon="-7.4658133" lat="40.0825517"><ele>513.5</ele><time>2026-05-22T09:38:12.700Z</time></trkpt><trkpt lon="-7.466" lat="40.082855"><ele>515.0</ele><time>2026-05-22T09:38:17.000Z</time></trkpt><trkpt lon="-7.4660933" lat="40.0830067"><ele>516.6</ele><time>2026-05-22T09:38:20.500Z</time></trkpt><trkpt lon="-7.4661867" lat="40.0831583"><ele>518.4</ele><time>2026-05-22T09:38:24.100Z</time></trkpt><trkpt lon="-7.46628" lat="40.08331"><ele>520.0</ele><time>2026-05-22T09:38:27.600Z</time></trkpt><trkpt lon="-7.46632" lat="40.08351"><ele>521.1</ele><time>2026-05-22T09:38:30.600Z</time></trkpt><trkpt lon="-7.46629" lat="40.0837567"><ele>521.8</ele><time>2026-05-22T09:38:33.300Z</time></trkpt><trkpt lon="-7.46626" lat="40.0840033"><ele>522.5</ele><time>2026-05-22T09:38:36.000Z</time></trkpt><trkpt lon="-7.46623" lat="40.08425"><ele>523.0</ele><time>2026-05-22T09:38:38.600Z</time></trkpt><trkpt lon="-7.46623" lat="40.08448"><ele>522.9</ele><time>2026-05-22T09:38:40.600Z</time></trkpt><trkpt lon="-7.46635" lat="40.08465"><ele>522.7</ele><time>2026-05-22T09:38:42.200Z</time></trkpt><trkpt lon="-7.4665322" lat="40.0848378"><ele>522.2</ele><time>2026-05-22T09:38:44.000Z</time></trkpt><trkpt lon="-7.4667144" lat="40.0850256"><ele>521.8</ele><time>2026-05-22T09:38:45.900Z</time></trkpt><trkpt lon="-7.4668967" lat="40.0852133"><ele>521.2</ele><time>2026-05-22T09:38:47.700Z</time></trkpt><trkpt lon="-7.4670789" lat="40.0854011"><ele>520.5</ele><time>2026-05-22T09:38:49.500Z</time></trkpt><trkpt lon="-7.4672611" lat="40.0855889"><ele>519.7</ele><time>2026-05-22T09:38:51.200Z</time></trkpt><trkpt lon="-7.4674433" lat="40.0857767"><ele>518.9</ele><time>2026-05-22T09:38:52.900Z</time></trkpt><trkpt lon="-7.4676255" lat="40.0859644"><ele>518.6</ele><time>2026-05-22T09:38:54.800Z</time></trkpt><trkpt lon="-7.4678078" lat="40.0861522"><ele>518.2</ele><time>2026-05-22T09:38:56.700Z</time></trkpt><trkpt lon="-7.46799" lat="40.08634"><ele>517.8</ele><time>2026-05-22T09:38:58.600Z</time></trkpt><trkpt lon="-7.46817" lat="40.0865533"><ele>517.2</ele><time>2026-05-22T09:39:00.600Z</time></trkpt><trkpt lon="-7.46835" lat="40.0867667"><ele>516.5</ele><time>2026-05-22T09:39:02.500Z</time></trkpt><trkpt lon="-7.46853" lat="40.08698"><ele>515.9</ele><time>2026-05-22T09:39:04.500Z</time></trkpt><trkpt lon="-7.46871" lat="40.0871933"><ele>515.8</ele><time>2026-05-22T09:39:06.700Z</time></trkpt><trkpt lon="-7.46889" lat="40.0874067"><ele>515.8</ele><time>2026-05-22T09:39:08.900Z</time></trkpt><trkpt lon="-7.46907" lat="40.08762"><ele>515.8</ele><time>2026-05-22T09:39:11.200Z</time></trkpt><trkpt lon="-7.46927" lat="40.087775"><ele>516.8</ele><time>2026-05-22T09:39:14.000Z</time></trkpt><trkpt lon="-7.46947" lat="40.08793"><ele>517.8</ele><time>2026-05-22T09:39:16.900Z</time></trkpt><trkpt lon="-7.4696925" lat="40.0880875"><ele>518.4</ele><time>2026-05-22T09:39:19.500Z</time></trkpt><trkpt lon="-7.469915" lat="40.088245"><ele>519.1</ele><time>2026-05-22T09:39:22.000Z</time></trkpt><trkpt lon="-7.4700633" lat="40.08835"><ele>519.9</ele><time>2026-05-22T09:39:24.200Z</time></trkpt><trkpt lon="-7.47036" lat="40.08856"><ele>521.6</ele><time>2026-05-22T09:39:28.700Z</time></trkpt><trkpt lon="-7.47055" lat="40.08866"><ele>522.7</ele><time>2026-05-22T09:39:31.400Z</time></trkpt><trkpt lon="-7.47073" lat="40.08873"><ele>523.6</ele><time>2026-05-22T09:39:33.800Z</time></trkpt><trkpt lon="-7.4709733" lat="40.0887933"><ele>524.1</ele><time>2026-05-22T09:39:35.900Z</time></trkpt><trkpt lon="-7.47146" lat="40.08892"><ele>524.8</ele><time>2026-05-22T09:39:39.900Z</time></trkpt><trkpt lon="-7.4717033" lat="40.0889833"><ele>525.5</ele><time>2026-05-22T09:39:42.300Z</time></trkpt><trkpt lon="-7.47219" lat="40.08911"><ele>527.1</ele><time>2026-05-22T09:39:47.100Z</time></trkpt><trkpt lon="-7.47245" lat="40.08929"><ele>528.0</ele><time>2026-05-22T09:39:50.300Z</time></trkpt><trkpt lon="-7.47261" lat="40.08951"><ele>528.8</ele><time>2026-05-22T09:39:53.100Z</time></trkpt><trkpt lon="-7.4726775" lat="40.089715"><ele>529.7</ele><time>2026-05-22T09:39:55.800Z</time></trkpt><trkpt lon="-7.472745" lat="40.08992"><ele>530.7</ele><time>2026-05-22T09:39:58.600Z</time></trkpt><trkpt lon="-7.4728125" lat="40.090125"><ele>531.6</ele><time>2026-05-22T09:40:01.400Z</time></trkpt><trkpt lon="-7.47288" lat="40.09033"><ele>532.6</ele><time>2026-05-22T09:40:04.100Z</time></trkpt><trkpt lon="-7.47294" lat="40.0904983"><ele>533.2</ele><time>2026-05-22T09:40:06.200Z</time></trkpt><trkpt lon="-7.47306" lat="40.090835"><ele>534.4</ele><time>2026-05-22T09:40:10.300Z</time></trkpt><trkpt lon="-7.47312" lat="40.0910033"><ele>535.3</ele><time>2026-05-22T09:40:12.700Z</time></trkpt><trkpt lon="-7.47324" lat="40.09134"><ele>537.1</ele><time>2026-05-22T09:40:17.600Z</time></trkpt><trkpt lon="-7.4731233" lat="40.09151"><ele>538.0</ele><time>2026-05-22T09:40:20.100Z</time></trkpt><trkpt lon="-7.47289" lat="40.09185"><ele>539.7</ele><time>2026-05-22T09:40:25.100Z</time></trkpt><trkpt lon="-7.47261" lat="40.09215"><ele>540.4</ele><time>2026-05-22T09:40:28.900Z</time></trkpt><trkpt lon="-7.47238" lat="40.09231"><ele>540.3</ele><time>2026-05-22T09:40:30.900Z</time></trkpt><trkpt lon="-7.47215" lat="40.09247"><ele>540.1</ele><time>2026-05-22T09:40:33.000Z</time></trkpt><trkpt lon="-7.47192" lat="40.09263"><ele>539.9</ele><time>2026-05-22T09:40:35.000Z</time></trkpt><trkpt lon="-7.47169" lat="40.09279"><ele>539.8</ele><time>2026-05-22T09:40:37.000Z</time></trkpt><trkpt lon="-7.47146" lat="40.09295"><ele>539.7</ele><time>2026-05-22T09:40:39.100Z</time></trkpt><trkpt lon="-7.47123" lat="40.09311"><ele>539.5</ele><time>2026-05-22T09:40:41.100Z</time></trkpt><trkpt lon="-7.47094" lat="40.0932"><ele>539.3</ele><time>2026-05-22T09:40:43.100Z</time></trkpt><trkpt lon="-7.47043" lat="40.09323"><ele>539.6</ele><time>2026-05-22T09:40:46.800Z</time></trkpt><trkpt lon="-7.47015" lat="40.09332"><ele>540.4</ele><time>2026-05-22T09:40:49.500Z</time></trkpt><trkpt lon="-7.469915" lat="40.09346"><ele>541.0</ele><time>2026-05-22T09:40:52.000Z</time></trkpt><trkpt lon="-7.46968" lat="40.0936"><ele>541.6</ele><time>2026-05-22T09:40:54.500Z</time></trkpt><trkpt lon="-7.46942" lat="40.09384"><ele>543.7</ele><time>2026-05-22T09:40:59.500Z</time></trkpt><trkpt lon="-7.46927" lat="40.0940325"><ele>544.7</ele><time>2026-05-22T09:41:02.400Z</time></trkpt><trkpt lon="-7.46912" lat="40.094225"><ele>545.6</ele><time>2026-05-22T09:41:05.300Z</time></trkpt><trkpt lon="-7.46897" lat="40.0944175"><ele>546.6</ele><time>2026-05-22T09:41:08.100Z</time></trkpt><trkpt lon="-7.46882" lat="40.0946100142"><ele>547.6</ele><time>2026-05-22T09:41:11.000Z</time></trkpt><trkpt lon="-7.4686775" lat="40.0947825"><ele>548.9</ele><time>2026-05-22T09:41:14.300Z</time></trkpt><trkpt lon="-7.468535" lat="40.094955"><ele>550.4</ele><time>2026-05-22T09:41:17.700Z</time></trkpt><trkpt lon="-7.4683925" lat="40.0951275"><ele>551.8</ele><time>2026-05-22T09:41:21.000Z</time></trkpt><trkpt lon="-7.46825" lat="40.0953"><ele>553.2</ele><time>2026-05-22T09:41:24.300Z</time></trkpt><trkpt lon="-7.4680567" lat="40.0954633"><ele>554.2</ele><time>2026-05-22T09:41:27.200Z</time></trkpt><trkpt lon="-7.4678633" lat="40.0956267"><ele>555.1</ele><time>2026-05-22T09:41:30.000Z</time></trkpt><trkpt lon="-7.46767" lat="40.09579"><ele>556.1</ele><time>2026-05-22T09:41:32.800Z</time></trkpt><trkpt lon="-7.4675" lat="40.09595"><ele>556.9</ele><time>2026-05-22T09:41:35.400Z</time></trkpt><trkpt lon="-7.46743" lat="40.0961567"><ele>557.8</ele><time>2026-05-22T09:41:38.100Z</time></trkpt><trkpt lon="-7.46736" lat="40.0963633"><ele>558.7</ele><time>2026-05-22T09:41:40.800Z</time></trkpt><trkpt lon="-7.46729" lat="40.09657"><ele>559.5</ele><time>2026-05-22T09:41:43.400Z</time></trkpt><trkpt lon="-7.467125" lat="40.096795"><ele>560.0</ele><time>2026-05-22T09:41:46.000Z</time></trkpt><trkpt lon="-7.46696" lat="40.09702"><ele>560.3</ele><time>2026-05-22T09:41:48.600Z</time></trkpt><trkpt lon="-7.46689" lat="40.09712"><ele>560.6</ele><time>2026-05-22T09:41:49.800Z</time></trkpt><trkpt lon="-7.46686" lat="40.09724"><ele>560.9</ele><time>2026-05-22T09:41:51.100Z</time></trkpt><trkpt lon="-7.46689" lat="40.09761"><ele>561.3</ele><time>2026-05-22T09:41:54.700Z</time></trkpt><trkpt lon="-7.46694" lat="40.09786"><ele>561.7</ele><time>2026-05-22T09:41:57.300Z</time></trkpt><trkpt lon="-7.467" lat="40.098"><ele>562.0</ele><time>2026-05-22T09:41:58.800Z</time></trkpt><trkpt lon="-7.46699" lat="40.09822"><ele>562.4</ele><time>2026-05-22T09:42:01.100Z</time></trkpt><trkpt lon="-7.46696" lat="40.09838"><ele>563.3</ele><time>2026-05-22T09:42:03.400Z</time></trkpt><trkpt lon="-7.46696" lat="40.098585"><ele>564.6</ele><time>2026-05-22T09:42:06.600Z</time></trkpt><trkpt lon="-7.46696" lat="40.09879"><ele>565.9</ele><time>2026-05-22T09:42:09.800Z</time></trkpt><trkpt lon="-7.4668775" lat="40.09895"><ele>566.9</ele><time>2026-05-22T09:42:12.400Z</time></trkpt><trkpt lon="-7.466795" lat="40.09911"><ele>567.8</ele><time>2026-05-22T09:42:14.900Z</time></trkpt><trkpt lon="-7.46663" lat="40.09943"><ele>569.7</ele><time>2026-05-22T09:42:19.900Z</time></trkpt><trkpt lon="-7.46675" lat="40.0996"><ele>570.2</ele><time>2026-05-22T09:42:22.000Z</time></trkpt><trkpt lon="-7.46679" lat="40.09984"><ele>571.1</ele><time>2026-05-22T09:42:24.900Z</time></trkpt><trkpt lon="-7.46684" lat="40.100045"><ele>571.7</ele><time>2026-05-22T09:42:27.200Z</time></trkpt><trkpt lon="-7.46689" lat="40.10025"><ele>572.3</ele><time>2026-05-22T09:42:29.600Z</time></trkpt><trkpt lon="-7.46693" lat="40.1003"><ele>572.8</ele><time>2026-05-22T09:42:30.600Z</time></trkpt><trkpt lon="-7.4671" lat="40.10041"><ele>573.5</ele><time>2026-05-22T09:42:32.800Z</time></trkpt><trkpt lon="-7.46736" lat="40.1005"><ele>574.9</ele><time>2026-05-22T09:42:36.200Z</time></trkpt><trkpt lon="-7.46743" lat="40.10054"><ele>576.1</ele><time>2026-05-22T09:42:38.300Z</time></trkpt><trkpt lon="-7.46758" lat="40.10074"><ele>576.7</ele><time>2026-05-22T09:42:40.800Z</time></trkpt><trkpt lon="-7.46771" lat="40.10088"><ele>577.5</ele><time>2026-05-22T09:42:43.100Z</time></trkpt><trkpt lon="-7.467755" lat="40.101075"><ele>578.6</ele><time>2026-05-22T09:42:46.000Z</time></trkpt><trkpt lon="-7.4678" lat="40.10127"><ele>579.6</ele><time>2026-05-22T09:42:48.700Z</time></trkpt><trkpt lon="-7.4676563" lat="40.1014638"><ele>580.4</ele><time>2026-05-22T09:42:51.400Z</time></trkpt><trkpt lon="-7.4675125" lat="40.1016575"><ele>581.2</ele><time>2026-05-22T09:42:54.000Z</time></trkpt><trkpt lon="-7.4673688" lat="40.1018513"><ele>582.0</ele><time>2026-05-22T09:42:56.700Z</time></trkpt><trkpt lon="-7.467225" lat="40.102045"><ele>582.9</ele><time>2026-05-22T09:42:59.400Z</time></trkpt><trkpt lon="-7.46711" lat="40.1022"><ele>583.9</ele><time>2026-05-22T09:43:02.000Z</time></trkpt><trkpt lon="-7.466995" lat="40.102355"><ele>584.9</ele><time>2026-05-22T09:43:04.700Z</time></trkpt><trkpt lon="-7.46688" lat="40.10251"><ele>586.0</ele><time>2026-05-22T09:43:07.400Z</time></trkpt><trkpt lon="-7.46665" lat="40.10282"><ele>588.2</ele><time>2026-05-22T09:43:12.900Z</time></trkpt><trkpt lon="-7.46649" lat="40.10293"><ele>589.9</ele><time>2026-05-22T09:43:16.500Z</time></trkpt><trkpt lon="-7.46628" lat="40.10296"><ele>591.6</ele><time>2026-05-22T09:43:20.000Z</time></trkpt><trkpt lon="-7.4660575" lat="40.1029025"><ele>592.4</ele><time>2026-05-22T09:43:22.400Z</time></trkpt><trkpt lon="-7.465835" lat="40.102845"><ele>593.1</ele><time>2026-05-22T09:43:24.500Z</time></trkpt><trkpt lon="-7.46539" lat="40.10273"><ele>594.5</ele><time>2026-05-22T09:43:28.900Z</time></trkpt><trkpt lon="-7.46513" lat="40.10268"><ele>595.6</ele><time>2026-05-22T09:43:31.900Z</time></trkpt><trkpt lon="-7.46494" lat="40.10267"><ele>597.1</ele><time>2026-05-22T09:43:35.000Z</time></trkpt><trkpt lon="-7.4647" lat="40.10273"><ele>598.5</ele><time>2026-05-22T09:43:38.200Z</time></trkpt><trkpt lon="-7.46449" lat="40.102895"><ele>599.2</ele><time>2026-05-22T09:43:40.900Z</time></trkpt><trkpt lon="-7.46428" lat="40.10306"><ele>599.8</ele><time>2026-05-22T09:43:43.400Z</time></trkpt><trkpt lon="-7.46419" lat="40.10305"><ele>599.9</ele><time>2026-05-22T09:43:44.000Z</time></trkpt><trkpt lon="-7.46411" lat="40.10309"><ele>600.0</ele><time>2026-05-22T09:43:44.700Z</time></trkpt><trkpt lon="-7.46409" lat="40.10313"><ele>600.1</ele><time>2026-05-22T09:43:45.300Z</time></trkpt><trkpt lon="-7.46409" lat="40.10319"><ele>600.4</ele><time>2026-05-22T09:43:46.000Z</time></trkpt><trkpt lon="-7.46415" lat="40.10324"><ele>600.7</ele><time>2026-05-22T09:43:46.900Z</time></trkpt><trkpt lon="-7.46405" lat="40.10343"><ele>601.8</ele><time>2026-05-22T09:43:49.800Z</time></trkpt><trkpt lon="-7.4639133" lat="40.1035967"><ele>602.3</ele><time>2026-05-22T09:43:52.000Z</time></trkpt><trkpt lon="-7.46364" lat="40.10393"><ele>603.2</ele><time>2026-05-22T09:43:56.100Z</time></trkpt><trkpt lon="-7.4635033" lat="40.1040967"><ele>604.1</ele><time>2026-05-22T09:43:58.800Z</time></trkpt><trkpt lon="-7.4633667" lat="40.1042633"><ele>605.2</ele><time>2026-05-22T09:44:01.700Z</time></trkpt><trkpt lon="-7.46323" lat="40.10443"><ele>606.2</ele><time>2026-05-22T09:44:04.500Z</time></trkpt><trkpt lon="-7.46302" lat="40.1046"><ele>607.3</ele><time>2026-05-22T09:44:07.500Z</time></trkpt><trkpt lon="-7.4628375" lat="40.1046975"><ele>608.4</ele><time>2026-05-22T09:44:10.200Z</time></trkpt><trkpt lon="-7.462655" lat="40.104795"><ele>609.6</ele><time>2026-05-22T09:44:13.000Z</time></trkpt><trkpt lon="-7.46229" lat="40.10499"><ele>612.0</ele><time>2026-05-22T09:44:18.600Z</time></trkpt><trkpt lon="-7.462115" lat="40.10507"><ele>613.2</ele><time>2026-05-22T09:44:21.400Z</time></trkpt><trkpt lon="-7.46194" lat="40.10515"><ele>614.4</ele><time>2026-05-22T09:44:24.200Z</time></trkpt><trkpt lon="-7.46172" lat="40.10519"><ele>615.9</ele><time>2026-05-22T09:44:27.600Z</time></trkpt><trkpt lon="-7.46151" lat="40.1052088"><ele>617.4</ele><time>2026-05-22T09:44:30.700Z</time></trkpt><trkpt lon="-7.4613" lat="40.1052275"><ele>618.8</ele><time>2026-05-22T09:44:33.700Z</time></trkpt><trkpt lon="-7.46088" lat="40.105265"><ele>621.5</ele><time>2026-05-22T09:44:39.800Z</time></trkpt><trkpt lon="-7.4606" lat="40.10529"><ele>622.5</ele><time>2026-05-22T09:44:42.700Z</time></trkpt><trkpt lon="-7.46032" lat="40.105315"><ele>623.5</ele><time>2026-05-22T09:44:45.500Z</time></trkpt><trkpt lon="-7.46004" lat="40.10534"><ele>624.5</ele><time>2026-05-22T09:44:48.400Z</time></trkpt><trkpt lon="-7.45964" lat="40.10544"><ele>626.2</ele><time>2026-05-22T09:44:53.000Z</time></trkpt><trkpt lon="-7.4594683" lat="40.1055283"><ele>627.2</ele><time>2026-05-22T09:44:55.400Z</time></trkpt><trkpt lon="-7.459125" lat="40.105705"><ele>629.1</ele><time>2026-05-22T09:45:00.300Z</time></trkpt><trkpt lon="-7.4589533" lat="40.1057933"><ele>629.8</ele><time>2026-05-22T09:45:02.400Z</time></trkpt><trkpt lon="-7.45861" lat="40.10597"><ele>631.2</ele><time>2026-05-22T09:45:06.400Z</time></trkpt><trkpt lon="-7.4584217" lat="40.1060725"><ele>632.0</ele><time>2026-05-22T09:45:08.700Z</time></trkpt><trkpt lon="-7.4582333" lat="40.106175"><ele>632.7</ele><time>2026-05-22T09:45:11.000Z</time></trkpt><trkpt lon="-7.4578567" lat="40.10638"><ele>634.3</ele><time>2026-05-22T09:45:15.600Z</time></trkpt><trkpt lon="-7.4576683" lat="40.1064825"><ele>635.1</ele><time>2026-05-22T09:45:17.900Z</time></trkpt><trkpt lon="-7.45748" lat="40.106585"><ele>636.0</ele><time>2026-05-22T09:45:20.300Z</time></trkpt><trkpt lon="-7.4571033" lat="40.10679"><ele>637.7</ele><time>2026-05-22T09:45:25.100Z</time></trkpt><trkpt lon="-7.456915" lat="40.1068925"><ele>638.8</ele><time>2026-05-22T09:45:27.800Z</time></trkpt><trkpt lon="-7.4567267" lat="40.106995"><ele>639.8</ele><time>2026-05-22T09:45:30.500Z</time></trkpt><trkpt lon="-7.45635" lat="40.1072"><ele>642.0</ele><time>2026-05-22T09:45:36.000Z</time></trkpt><trkpt lon="-7.4561517" lat="40.10735"><ele>643.1</ele><time>2026-05-22T09:45:39.000Z</time></trkpt><trkpt lon="-7.4559533" lat="40.1075"><ele>644.2</ele><time>2026-05-22T09:45:42.000Z</time></trkpt><trkpt lon="-7.455755" lat="40.10765"><ele>645.3</ele><time>2026-05-22T09:45:45.000Z</time></trkpt><trkpt lon="-7.4555567" lat="40.1078"><ele>646.0</ele><time>2026-05-22T09:45:47.400Z</time></trkpt><trkpt lon="-7.4553583" lat="40.10795"><ele>646.7</ele><time>2026-05-22T09:45:49.900Z</time></trkpt><trkpt lon="-7.45516" lat="40.1081"><ele>647.4</ele><time>2026-05-22T09:45:52.400Z</time></trkpt><trkpt lon="-7.4549617" lat="40.1081483"><ele>648.2</ele><time>2026-05-22T09:45:54.500Z</time></trkpt><trkpt lon="-7.454565" lat="40.108245"><ele>649.8</ele><time>2026-05-22T09:45:58.900Z</time></trkpt><trkpt lon="-7.4543667" lat="40.1082933"><ele>650.6</ele><time>2026-05-22T09:46:01.200Z</time></trkpt><trkpt lon="-7.45397" lat="40.10839"><ele>652.4</ele><time>2026-05-22T09:46:05.900Z</time></trkpt><trkpt lon="-7.45372" lat="40.108465"><ele>653.8</ele><time>2026-05-22T09:46:09.300Z</time></trkpt><trkpt lon="-7.45347" lat="40.10854"><ele>655.2</ele><time>2026-05-22T09:46:12.600Z</time></trkpt><trkpt lon="-7.4532733" lat="40.1086933"><ele>655.7</ele><time>2026-05-22T09:46:14.800Z</time></trkpt><trkpt lon="-7.4530767" lat="40.1088467"><ele>656.1</ele><time>2026-05-22T09:46:17.000Z</time></trkpt><trkpt lon="-7.45288" lat="40.109"><ele>656.5</ele><time>2026-05-22T09:46:19.300Z</time></trkpt><trkpt lon="-7.452655" lat="40.1090708"><ele>657.7</ele><time>2026-05-22T09:46:22.100Z</time></trkpt><trkpt lon="-7.45243" lat="40.1091417"><ele>658.9</ele><time>2026-05-22T09:46:25.100Z</time></trkpt><trkpt lon="-7.45198" lat="40.1092833"><ele>661.4</ele><time>2026-05-22T09:46:31.100Z</time></trkpt><trkpt lon="-7.451755" lat="40.1093542"><ele>663.0</ele><time>2026-05-22T09:46:34.600Z</time></trkpt><trkpt lon="-7.45153" lat="40.109425"><ele>664.6</ele><time>2026-05-22T09:46:38.100Z</time></trkpt><trkpt lon="-7.451305" lat="40.1094958"><ele>666.1</ele><time>2026-05-22T09:46:41.600Z</time></trkpt><trkpt lon="-7.45108" lat="40.1095667"><ele>667.7</ele><time>2026-05-22T09:46:45.000Z</time></trkpt><trkpt lon="-7.450855" lat="40.1096375"><ele>668.8</ele><time>2026-05-22T09:46:47.900Z</time></trkpt><trkpt lon="-7.45063" lat="40.1097083"><ele>669.9</ele><time>2026-05-22T09:46:50.700Z</time></trkpt><trkpt lon="-7.45018" lat="40.10985"><ele>672.1</ele><time>2026-05-22T09:46:56.300Z</time></trkpt><trkpt lon="-7.4499183" lat="40.1099533"><ele>673.3</ele><time>2026-05-22T09:46:59.600Z</time></trkpt><trkpt lon="-7.4496567" lat="40.1100567"><ele>674.5</ele><time>2026-05-22T09:47:02.800Z</time></trkpt><trkpt lon="-7.449395" lat="40.11016"><ele>675.7</ele><time>2026-05-22T09:47:06.000Z</time></trkpt><trkpt lon="-7.4491333" lat="40.1102633"><ele>676.6</ele><time>2026-05-22T09:47:08.800Z</time></trkpt><trkpt lon="-7.4488717" lat="40.1103667"><ele>677.5</ele><time>2026-05-22T09:47:11.500Z</time></trkpt><trkpt lon="-7.44861" lat="40.11047"><ele>678.4</ele><time>2026-05-22T09:47:14.300Z</time></trkpt><trkpt lon="-7.448425" lat="40.110565"><ele>679.2</ele><time>2026-05-22T09:47:16.700Z</time></trkpt><trkpt lon="-7.44824" lat="40.11066"><ele>680.2</ele><time>2026-05-22T09:47:19.200Z</time></trkpt><trkpt lon="-7.448075" lat="40.1107725"><ele>681.2</ele><time>2026-05-22T09:47:21.800Z</time></trkpt><trkpt lon="-7.44791" lat="40.110885"><ele>682.2</ele><time>2026-05-22T09:47:24.400Z</time></trkpt><trkpt lon="-7.44758" lat="40.11111"><ele>684.3</ele><time>2026-05-22T09:47:29.600Z</time></trkpt><trkpt lon="-7.44744" lat="40.11117"><ele>684.7</ele><time>2026-05-22T09:47:31.000Z</time></trkpt><trkpt lon="-7.44725" lat="40.11119"><ele>685.1</ele><time>2026-05-22T09:47:32.600Z</time></trkpt><trkpt lon="-7.44704" lat="40.11117"><ele>685.9</ele><time>2026-05-22T09:47:34.800Z</time></trkpt><trkpt lon="-7.44676" lat="40.1111"><ele>686.9</ele><time>2026-05-22T09:47:37.700Z</time></trkpt><trkpt lon="-7.44645" lat="40.1111"><ele>688.1</ele><time>2026-05-22T09:47:41.100Z</time></trkpt><trkpt lon="-7.44619" lat="40.11116"><ele>689.0</ele><time>2026-05-22T09:47:43.700Z</time></trkpt><trkpt lon="-7.44598" lat="40.11123"><ele>690.7</ele><time>2026-05-22T09:47:47.400Z</time></trkpt><trkpt lon="-7.44582" lat="40.11131"><ele>691.5</ele><time>2026-05-22T09:47:49.500Z</time></trkpt><trkpt lon="-7.44562" lat="40.11146"><ele>692.0</ele><time>2026-05-22T09:47:51.700Z</time></trkpt><trkpt lon="-7.44542" lat="40.11161"><ele>692.4</ele><time>2026-05-22T09:47:54.000Z</time></trkpt><trkpt lon="-7.4452567" lat="40.1117433"><ele>693.2</ele><time>2026-05-22T09:47:56.300Z</time></trkpt><trkpt lon="-7.44493" lat="40.11201"><ele>695.0</ele><time>2026-05-22T09:48:01.300Z</time></trkpt><trkpt lon="-7.44486" lat="40.1121667"><ele>695.9</ele><time>2026-05-22T09:48:03.800Z</time></trkpt><trkpt lon="-7.44472" lat="40.11248"><ele>697.8</ele><time>2026-05-22T09:48:08.700Z</time></trkpt><trkpt lon="-7.44458" lat="40.11257"><ele>698.4</ele><time>2026-05-22T09:48:10.400Z</time></trkpt><trkpt lon="-7.44436" lat="40.11264"><ele>699.4</ele><time>2026-05-22T09:48:13.100Z</time></trkpt><trkpt lon="-7.4441667" lat="40.1126867"><ele>700.3</ele><time>2026-05-22T09:48:15.400Z</time></trkpt><trkpt lon="-7.44378" lat="40.11278"><ele>702.1</ele><time>2026-05-22T09:48:20.100Z</time></trkpt><trkpt lon="-7.44361" lat="40.11288"><ele>703.4</ele><time>2026-05-22T09:48:23.000Z</time></trkpt><trkpt lon="-7.4434458" lat="40.1130042"><ele>704.3</ele><time>2026-05-22T09:48:25.600Z</time></trkpt><trkpt lon="-7.4432817" lat="40.1131283"><ele>705.2</ele><time>2026-05-22T09:48:28.000Z</time></trkpt><trkpt lon="-7.4429533" lat="40.1133767"><ele>707.0</ele><time>2026-05-22T09:48:32.900Z</time></trkpt><trkpt lon="-7.4427892" lat="40.1135008"><ele>708.0</ele><time>2026-05-22T09:48:35.500Z</time></trkpt><trkpt lon="-7.442625" lat="40.113625"><ele>709.0</ele><time>2026-05-22T09:48:38.200Z</time></trkpt><trkpt lon="-7.4422967" lat="40.1138733"><ele>711.1</ele><time>2026-05-22T09:48:43.600Z</time></trkpt><trkpt lon="-7.4421325" lat="40.1139975"><ele>712.2</ele><time>2026-05-22T09:48:46.200Z</time></trkpt><trkpt lon="-7.4419683" lat="40.1141217"><ele>713.2</ele><time>2026-05-22T09:48:48.900Z</time></trkpt><trkpt lon="-7.44164" lat="40.11437"><ele>715.2</ele><time>2026-05-22T09:48:54.200Z</time></trkpt><trkpt lon="-7.44143" lat="40.1144667"><ele>716.3</ele><time>2026-05-22T09:48:57.000Z</time></trkpt><trkpt lon="-7.44122" lat="40.1145633"><ele>717.3</ele><time>2026-05-22T09:48:59.800Z</time></trkpt><trkpt lon="-7.44101" lat="40.11466"><ele>718.4</ele><time>2026-05-22T09:49:02.500Z</time></trkpt><trkpt lon="-7.4408" lat="40.1147567"><ele>719.1</ele><time>2026-05-22T09:49:04.700Z</time></trkpt><trkpt lon="-7.44038" lat="40.11495"><ele>720.4</ele><time>2026-05-22T09:49:09.200Z</time></trkpt><trkpt lon="-7.440195" lat="40.1150983"><ele>721.3</ele><time>2026-05-22T09:49:11.700Z</time></trkpt><trkpt lon="-7.44001" lat="40.1152467"><ele>722.1</ele><time>2026-05-22T09:49:14.300Z</time></trkpt><trkpt lon="-7.439825" lat="40.115395"><ele>723.0</ele><time>2026-05-22T09:49:16.900Z</time></trkpt><trkpt lon="-7.43964" lat="40.1155433"><ele>723.7</ele><time>2026-05-22T09:49:19.300Z</time></trkpt><trkpt lon="-7.439455" lat="40.1156917"><ele>724.3</ele><time>2026-05-22T09:49:21.600Z</time></trkpt><trkpt lon="-7.43927" lat="40.11584"><ele>725.1</ele><time>2026-05-22T09:49:24.100Z</time></trkpt><trkpt lon="-7.4390981" lat="40.1159531"><ele>726.0</ele><time>2026-05-22T09:49:26.500Z</time></trkpt><trkpt lon="-7.4389263" lat="40.1160663"><ele>727.0</ele><time>2026-05-22T09:49:29.100Z</time></trkpt><trkpt lon="-7.4385825" lat="40.1162925146"><ele>728.9</ele><time>2026-05-22T09:49:34.300Z</time></trkpt><trkpt lon="-7.4384106" lat="40.1164056"><ele>729.8</ele><time>2026-05-22T09:49:36.800Z</time></trkpt><trkpt lon="-7.4382388" lat="40.1165188"><ele>730.8</ele><time>2026-05-22T09:49:39.300Z</time></trkpt><trkpt lon="-7.437895" lat="40.116745"><ele>732.7</ele><time>2026-05-22T09:49:44.300Z</time></trkpt><trkpt lon="-7.4377231" lat="40.1168581"><ele>733.5</ele><time>2026-05-22T09:49:46.700Z</time></trkpt><trkpt lon="-7.4375513" lat="40.1169713"><ele>734.4</ele><time>2026-05-22T09:49:49.200Z</time></trkpt><trkpt lon="-7.4372075" lat="40.1171975"><ele>736.2</ele><time>2026-05-22T09:49:54.000Z</time></trkpt><trkpt lon="-7.4369783" lat="40.1173483"><ele>737.1</ele><time>2026-05-22T09:49:56.800Z</time></trkpt><trkpt lon="-7.4367492" lat="40.1174992"><ele>738.0</ele><time>2026-05-22T09:49:59.700Z</time></trkpt><trkpt lon="-7.43652" lat="40.11765"><ele>738.9</ele><time>2026-05-22T09:50:02.400Z</time></trkpt><trkpt lon="-7.43636" lat="40.11782"><ele>739.1</ele><time>2026-05-22T09:50:04.500Z</time></trkpt><trkpt lon="-7.43632" lat="40.11795"><ele>739.2</ele><time>2026-05-22T09:50:05.700Z</time></trkpt><trkpt lon="-7.43632" lat="40.11796"><ele>739.2</ele><time>2026-05-22T09:50:05.800Z</time></trkpt><trkpt lon="-7.43629" lat="40.11816"><ele>739.2</ele><time>2026-05-22T09:50:07.600Z</time></trkpt><trkpt lon="-7.43639" lat="40.11841"><ele>738.9</ele><time>2026-05-22T09:50:09.800Z</time></trkpt><trkpt lon="-7.43649" lat="40.11852"><ele>738.6</ele><time>2026-05-22T09:50:10.800Z</time></trkpt><trkpt lon="-7.43665" lat="40.11861"><ele>738.2</ele><time>2026-05-22T09:50:12.000Z</time></trkpt><trkpt lon="-7.43681" lat="40.11865"><ele>737.9</ele><time>2026-05-22T09:50:13.000Z</time></trkpt><trkpt lon="-7.43704" lat="40.11866"><ele>737.5</ele><time>2026-05-22T09:50:14.300Z</time></trkpt><trkpt lon="-7.43723" lat="40.11863"><ele>737.0</ele><time>2026-05-22T09:50:15.400Z</time></trkpt><trkpt lon="-7.43749" lat="40.118515"><ele>736.5</ele><time>2026-05-22T09:50:17.300Z</time></trkpt><trkpt lon="-7.43775" lat="40.1184"><ele>736.1</ele><time>2026-05-22T09:50:19.100Z</time></trkpt><trkpt lon="-7.43801" lat="40.118285"><ele>735.4</ele><time>2026-05-22T09:50:20.800Z</time></trkpt><trkpt lon="-7.43827" lat="40.11817"><ele>734.7</ele><time>2026-05-22T09:50:22.500Z</time></trkpt><trkpt lon="-7.438585" lat="40.11806"><ele>733.9</ele><time>2026-05-22T09:50:24.500Z</time></trkpt><trkpt lon="-7.4389" lat="40.11795"><ele>733.1</ele><time>2026-05-22T09:50:26.500Z</time></trkpt><trkpt lon="-7.4391433" lat="40.117875"><ele>732.3</ele><time>2026-05-22T09:50:27.900Z</time></trkpt><trkpt lon="-7.43963" lat="40.117725"><ele>730.7</ele><time>2026-05-22T09:50:30.800Z</time></trkpt><trkpt lon="-7.4398733" lat="40.11765"><ele>730.0</ele><time>2026-05-22T09:50:32.200Z</time></trkpt><trkpt lon="-7.44036" lat="40.1175"><ele>728.5</ele><time>2026-05-22T09:50:35.100Z</time></trkpt><trkpt lon="-7.4406875" lat="40.11739"><ele>727.5</ele><time>2026-05-22T09:50:37.100Z</time></trkpt><trkpt lon="-7.441015" lat="40.11728"><ele>726.3</ele><time>2026-05-22T09:50:39.000Z</time></trkpt><trkpt lon="-7.4413425" lat="40.11717"><ele>724.8</ele><time>2026-05-22T09:50:40.800Z</time></trkpt><trkpt lon="-7.44167" lat="40.11706"><ele>723.1</ele><time>2026-05-22T09:50:42.600Z</time></trkpt><trkpt lon="-7.4418967" lat="40.1169767"><ele>722.0</ele><time>2026-05-22T09:50:43.800Z</time></trkpt><trkpt lon="-7.44235" lat="40.11681"><ele>719.8</ele><time>2026-05-22T09:50:46.400Z</time></trkpt><trkpt lon="-7.4425767" lat="40.1167267"><ele>719.0</ele><time>2026-05-22T09:50:47.700Z</time></trkpt><trkpt lon="-7.44303" lat="40.11656"><ele>717.4</ele><time>2026-05-22T09:50:50.400Z</time></trkpt><trkpt lon="-7.4435" lat="40.11642"><ele>716.2</ele><time>2026-05-22T09:50:53.200Z</time></trkpt><trkpt lon="-7.4438317" lat="40.1163767"><ele>715.3</ele><time>2026-05-22T09:50:55.100Z</time></trkpt><trkpt lon="-7.4441633" lat="40.1163333"><ele>714.4</ele><time>2026-05-22T09:50:57.000Z</time></trkpt><trkpt lon="-7.444495" lat="40.11629"><ele>713.6</ele><time>2026-05-22T09:50:58.900Z</time></trkpt><trkpt lon="-7.4448267" lat="40.1162467"><ele>712.7</ele><time>2026-05-22T09:51:00.800Z</time></trkpt><trkpt lon="-7.4451583" lat="40.1162033"><ele>711.8</ele><time>2026-05-22T09:51:02.700Z</time></trkpt><trkpt lon="-7.44549" lat="40.11616"><ele>711.0</ele><time>2026-05-22T09:51:04.600Z</time></trkpt><trkpt lon="-7.4458217" lat="40.1161167"><ele>709.7</ele><time>2026-05-22T09:51:06.400Z</time></trkpt><trkpt lon="-7.4461533" lat="40.1160733"><ele>708.5</ele><time>2026-05-22T09:51:08.100Z</time></trkpt><trkpt lon="-7.446485" lat="40.11603"><ele>707.2</ele><time>2026-05-22T09:51:09.800Z</time></trkpt><trkpt lon="-7.4468167" lat="40.1159867"><ele>706.0</ele><time>2026-05-22T09:51:11.600Z</time></trkpt><trkpt lon="-7.4471483" lat="40.1159433"><ele>704.8</ele><time>2026-05-22T09:51:13.400Z</time></trkpt><trkpt lon="-7.44748" lat="40.1159"><ele>703.6</ele><time>2026-05-22T09:51:15.100Z</time></trkpt><trkpt lon="-7.4477567" lat="40.11588"><ele>702.6</ele><time>2026-05-22T09:51:16.600Z</time></trkpt><trkpt lon="-7.44831" lat="40.11584"><ele>700.6</ele><time>2026-05-22T09:51:19.400Z</time></trkpt><trkpt lon="-7.44863" lat="40.11592"><ele>698.5</ele><time>2026-05-22T09:51:21.100Z</time></trkpt><trkpt lon="-7.44868" lat="40.1161"><ele>697.6</ele><time>2026-05-22T09:51:22.300Z</time></trkpt><trkpt lon="-7.44863" lat="40.11637"><ele>696.6</ele><time>2026-05-22T09:51:24.300Z</time></trkpt><trkpt lon="-7.44855" lat="40.11661"><ele>695.9</ele><time>2026-05-22T09:51:26.100Z</time></trkpt><trkpt lon="-7.44847" lat="40.11685"><ele>695.0</ele><time>2026-05-22T09:51:27.900Z</time></trkpt><trkpt lon="-7.44839" lat="40.11709"><ele>692.9</ele><time>2026-05-22T09:51:29.500Z</time></trkpt><trkpt lon="-7.44831" lat="40.11733"><ele>690.8</ele><time>2026-05-22T09:51:31.000Z</time></trkpt><trkpt lon="-7.44833" lat="40.11766"><ele>689.7</ele><time>2026-05-22T09:51:33.500Z</time></trkpt><trkpt lon="-7.4484" lat="40.11788"><ele>688.6</ele><time>2026-05-22T09:51:35.000Z</time></trkpt><trkpt lon="-7.4485875" lat="40.1180925"><ele>687.0</ele><time>2026-05-22T09:51:36.700Z</time></trkpt><trkpt lon="-7.448775" lat="40.118305"><ele>685.4</ele><time>2026-05-22T09:51:38.400Z</time></trkpt><trkpt lon="-7.4489625" lat="40.1185175"><ele>684.4</ele><time>2026-05-22T09:51:40.200Z</time></trkpt><trkpt lon="-7.44915" lat="40.11873"><ele>683.4</ele><time>2026-05-22T09:51:42.000Z</time></trkpt><trkpt lon="-7.44922" lat="40.118995"><ele>681.8</ele><time>2026-05-22T09:51:43.800Z</time></trkpt><trkpt lon="-7.44929" lat="40.11926"><ele>680.1</ele><time>2026-05-22T09:51:45.500Z</time></trkpt><trkpt lon="-7.44943" lat="40.11941"><ele>678.5</ele><time>2026-05-22T09:51:46.700Z</time></trkpt><trkpt lon="-7.449695" lat="40.1195825"><ele>677.4</ele><time>2026-05-22T09:51:48.500Z</time></trkpt><trkpt lon="-7.44996" lat="40.119755"><ele>676.4</ele><time>2026-05-22T09:51:50.500Z</time></trkpt><trkpt lon="-7.450225" lat="40.1199275"><ele>675.5</ele><time>2026-05-22T09:51:52.400Z</time></trkpt><trkpt lon="-7.45049" lat="40.1201"><ele>674.5</ele><time>2026-05-22T09:51:54.300Z</time></trkpt><trkpt lon="-7.4507825" lat="40.1202275"><ele>672.8</ele><time>2026-05-22T09:51:56.000Z</time></trkpt><trkpt lon="-7.451075" lat="40.120355"><ele>671.0</ele><time>2026-05-22T09:51:57.600Z</time></trkpt><trkpt lon="-7.4513675" lat="40.1204825"><ele>669.5</ele><time>2026-05-22T09:51:59.300Z</time></trkpt><trkpt lon="-7.45166" lat="40.12061"><ele>668.1</ele><time>2026-05-22T09:52:01.000Z</time></trkpt><trkpt lon="-7.45182" lat="40.12061"><ele>667.5</ele><time>2026-05-22T09:52:01.900Z</time></trkpt><trkpt lon="-7.452115" lat="40.120535"><ele>666.6</ele><time>2026-05-22T09:52:03.500Z</time></trkpt><trkpt lon="-7.45241" lat="40.12046"><ele>665.7</ele><time>2026-05-22T09:52:05.300Z</time></trkpt><trkpt lon="-7.452705" lat="40.120385"><ele>665.3</ele><time>2026-05-22T09:52:07.200Z</time></trkpt><trkpt lon="-7.453" lat="40.12031"><ele>664.8</ele><time>2026-05-22T09:52:09.000Z</time></trkpt><trkpt lon="-7.45319" lat="40.12033"><ele>663.3</ele><time>2026-05-22T09:52:09.900Z</time></trkpt><trkpt lon="-7.4533" lat="40.12038"><ele>662.7</ele><time>2026-05-22T09:52:10.600Z</time></trkpt><trkpt lon="-7.4534" lat="40.12052"><ele>662.0</ele><time>2026-05-22T09:52:11.700Z</time></trkpt><trkpt lon="-7.453485" lat="40.1207175"><ele>661.6</ele><time>2026-05-22T09:52:13.400Z</time></trkpt><trkpt lon="-7.45357" lat="40.120915"><ele>661.2</ele><time>2026-05-22T09:52:15.000Z</time></trkpt><trkpt lon="-7.45374" lat="40.12131"><ele>660.3</ele><time>2026-05-22T09:52:18.300Z</time></trkpt><trkpt lon="-7.45384" lat="40.12141"><ele>659.5</ele><time>2026-05-22T09:52:19.100Z</time></trkpt><trkpt lon="-7.45401" lat="40.12146"><ele>657.9</ele><time>2026-05-22T09:52:20.100Z</time></trkpt><trkpt lon="-7.4542967" lat="40.12152"><ele>656.9</ele><time>2026-05-22T09:52:21.700Z</time></trkpt><trkpt lon="-7.45487" lat="40.12164"><ele>655.5</ele><time>2026-05-22T09:52:25.100Z</time></trkpt><trkpt lon="-7.45511" lat="40.12166"><ele>654.3</ele><time>2026-05-22T09:52:26.200Z</time></trkpt><trkpt lon="-7.45537" lat="40.12162"><ele>652.9</ele><time>2026-05-22T09:52:27.500Z</time></trkpt><trkpt lon="-7.455645" lat="40.121525"><ele>652.0</ele><time>2026-05-22T09:52:29.200Z</time></trkpt><trkpt lon="-7.45592" lat="40.12143"><ele>651.2</ele><time>2026-05-22T09:52:30.900Z</time></trkpt><trkpt lon="-7.456195" lat="40.121335"><ele>650.1</ele><time>2026-05-22T09:52:32.500Z</time></trkpt><trkpt lon="-7.45647" lat="40.12124"><ele>648.9</ele><time>2026-05-22T09:52:34.000Z</time></trkpt><trkpt lon="-7.45669" lat="40.12119"><ele>647.9</ele><time>2026-05-22T09:52:35.100Z</time></trkpt><trkpt lon="-7.45698" lat="40.121175"><ele>646.5</ele><time>2026-05-22T09:52:36.600Z</time></trkpt><trkpt lon="-7.45727" lat="40.12116"><ele>645.2</ele><time>2026-05-22T09:52:38.000Z</time></trkpt><trkpt lon="-7.45755" lat="40.12107"><ele>644.5</ele><time>2026-05-22T09:52:39.700Z</time></trkpt><trkpt lon="-7.45788" lat="40.12076"><ele>642.5</ele><time>2026-05-22T09:52:42.400Z</time></trkpt><trkpt lon="-7.45797" lat="40.12052"><ele>641.5</ele><time>2026-05-22T09:52:44.200Z</time></trkpt><trkpt lon="-7.4579867" lat="40.1202833"><ele>640.3</ele><time>2026-05-22T09:52:45.800Z</time></trkpt><trkpt lon="-7.4580033" lat="40.1200467"><ele>639.1</ele><time>2026-05-22T09:52:47.400Z</time></trkpt><trkpt lon="-7.45802" lat="40.11981"><ele>637.8</ele><time>2026-05-22T09:52:49.000Z</time></trkpt><trkpt lon="-7.45814" lat="40.11962"><ele>636.4</ele><time>2026-05-22T09:52:50.300Z</time></trkpt><trkpt lon="-7.4583167" lat="40.1194667"><ele>635.6</ele><time>2026-05-22T09:52:51.800Z</time></trkpt><trkpt lon="-7.45867" lat="40.11916"><ele>634.2</ele><time>2026-05-22T09:52:54.800Z</time></trkpt><trkpt lon="-7.458915" lat="40.11904"><ele>633.8</ele><time>2026-05-22T09:52:56.500Z</time></trkpt><trkpt lon="-7.45916" lat="40.11892"><ele>633.4</ele><time>2026-05-22T09:52:58.300Z</time></trkpt><trkpt lon="-7.45968" lat="40.1189"><ele>632.5</ele><time>2026-05-22T09:53:01.400Z</time></trkpt><trkpt lon="-7.45995" lat="40.1189375"><ele>631.6</ele><time>2026-05-22T09:53:02.900Z</time></trkpt><trkpt lon="-7.46022" lat="40.118975"><ele>630.7</ele><time>2026-05-22T09:53:04.300Z</time></trkpt><trkpt lon="-7.46076" lat="40.11905"><ele>628.7</ele><time>2026-05-22T09:53:07.200Z</time></trkpt><trkpt lon="-7.46128" lat="40.11905"><ele>626.1</ele><time>2026-05-22T09:53:09.800Z</time></trkpt><trkpt lon="-7.46162" lat="40.119025"><ele>625.1</ele><time>2026-05-22T09:53:11.700Z</time></trkpt><trkpt lon="-7.46196" lat="40.119"><ele>624.2</ele><time>2026-05-22T09:53:13.500Z</time></trkpt><trkpt lon="-7.46229" lat="40.11905"><ele>623.1</ele><time>2026-05-22T09:53:15.300Z</time></trkpt><trkpt lon="-7.46241" lat="40.11917"><ele>622.6</ele><time>2026-05-22T09:53:16.500Z</time></trkpt><trkpt lon="-7.46243" lat="40.11939"><ele>622.1</ele><time>2026-05-22T09:53:18.200Z</time></trkpt><trkpt lon="-7.462405" lat="40.11964"><ele>621.1</ele><time>2026-05-22T09:53:20.000Z</time></trkpt><trkpt lon="-7.46238" lat="40.11989"><ele>620.1</ele><time>2026-05-22T09:53:21.700Z</time></trkpt><trkpt lon="-7.46241" lat="40.12005"><ele>619.2</ele><time>2026-05-22T09:53:22.800Z</time></trkpt><trkpt lon="-7.46248" lat="40.12021"><ele>618.0</ele><time>2026-05-22T09:53:23.900Z</time></trkpt><trkpt lon="-7.46262" lat="40.12032"><ele>617.4</ele><time>2026-05-22T09:53:25.000Z</time></trkpt><trkpt lon="-7.46278" lat="40.12041"><ele>616.9</ele><time>2026-05-22T09:53:26.100Z</time></trkpt><trkpt lon="-7.46292" lat="40.12045"><ele>616.5</ele><time>2026-05-22T09:53:26.900Z</time></trkpt><trkpt lon="-7.46337" lat="40.12051"><ele>615.6</ele><time>2026-05-22T09:53:29.600Z</time></trkpt><trkpt lon="-7.4636" lat="40.12052"><ele>615.2</ele><time>2026-05-22T09:53:31.000Z</time></trkpt><trkpt lon="-7.46379" lat="40.12048"><ele>614.9</ele><time>2026-05-22T09:53:32.200Z</time></trkpt><trkpt lon="-7.46402" lat="40.12038"><ele>614.6</ele><time>2026-05-22T09:53:33.800Z</time></trkpt><trkpt lon="-7.4642375" lat="40.12026"><ele>614.5</ele><time>2026-05-22T09:53:35.600Z</time></trkpt><trkpt lon="-7.464455" lat="40.12014"><ele>614.4</ele><time>2026-05-22T09:53:37.300Z</time></trkpt><trkpt lon="-7.46489" lat="40.1199"><ele>614.2</ele><time>2026-05-22T09:53:40.900Z</time></trkpt><trkpt lon="-7.46519" lat="40.11979"><ele>614.0</ele><time>2026-05-22T09:53:43.000Z</time></trkpt><trkpt lon="-7.46534" lat="40.11979"><ele>613.8</ele><time>2026-05-22T09:53:43.900Z</time></trkpt><trkpt lon="-7.46569" lat="40.11988"><ele>613.4</ele><time>2026-05-22T09:53:46.300Z</time></trkpt><trkpt lon="-7.46585" lat="40.11998"><ele>613.0</ele><time>2026-05-22T09:53:47.500Z</time></trkpt><trkpt lon="-7.46588" lat="40.12009"><ele>612.7</ele><time>2026-05-22T09:53:48.400Z</time></trkpt><trkpt lon="-7.46588" lat="40.12024"><ele>612.3</ele><time>2026-05-22T09:53:49.500Z</time></trkpt><trkpt lon="-7.4657375" lat="40.120445"><ele>611.5</ele><time>2026-05-22T09:53:51.200Z</time></trkpt><trkpt lon="-7.465595" lat="40.12065"><ele>610.7</ele><time>2026-05-22T09:53:52.900Z</time></trkpt><trkpt lon="-7.4654525" lat="40.120855"><ele>609.3</ele><time>2026-05-22T09:53:54.400Z</time></trkpt><trkpt lon="-7.46531" lat="40.12106"><ele>607.9</ele><time>2026-05-22T09:53:55.900Z</time></trkpt><trkpt lon="-7.4652" lat="40.12132"><ele>606.0</ele><time>2026-05-22T09:53:57.700Z</time></trkpt><trkpt lon="-7.46522" lat="40.12144"><ele>604.7</ele><time>2026-05-22T09:53:58.500Z</time></trkpt><trkpt lon="-7.46535" lat="40.121675"><ele>603.7</ele><time>2026-05-22T09:54:00.300Z</time></trkpt><trkpt lon="-7.46548" lat="40.12191"><ele>602.8</ele><time>2026-05-22T09:54:02.100Z</time></trkpt><trkpt lon="-7.46551" lat="40.12204"><ele>602.4</ele><time>2026-05-22T09:54:03.100Z</time></trkpt><trkpt lon="-7.46546" lat="40.12217"><ele>601.8</ele><time>2026-05-22T09:54:04.100Z</time></trkpt><trkpt lon="-7.46531" lat="40.12227"><ele>601.0</ele><time>2026-05-22T09:54:05.100Z</time></trkpt><trkpt lon="-7.46494" lat="40.12243"><ele>600.0</ele><time>2026-05-22T09:54:07.500Z</time></trkpt><trkpt lon="-7.4646825" lat="40.122525"><ele>598.9</ele><time>2026-05-22T09:54:09.000Z</time></trkpt><trkpt lon="-7.464425" lat="40.12262"><ele>597.8</ele><time>2026-05-22T09:54:10.400Z</time></trkpt><trkpt lon="-7.46391" lat="40.12281"><ele>595.5</ele><time>2026-05-22T09:54:13.300Z</time></trkpt><trkpt lon="-7.46366" lat="40.122955"><ele>594.1</ele><time>2026-05-22T09:54:14.900Z</time></trkpt><trkpt lon="-7.46341" lat="40.1231"><ele>592.7</ele><time>2026-05-22T09:54:16.500Z</time></trkpt><trkpt lon="-7.463235" lat="40.1233"><ele>591.5</ele><time>2026-05-22T09:54:18.100Z</time></trkpt><trkpt lon="-7.46306" lat="40.1235"><ele>590.4</ele><time>2026-05-22T09:54:19.700Z</time></trkpt><trkpt lon="-7.46302" lat="40.12373"><ele>589.0</ele><time>2026-05-22T09:54:21.300Z</time></trkpt><trkpt lon="-7.46309" lat="40.12402"><ele>587.7</ele><time>2026-05-22T09:54:23.300Z</time></trkpt><trkpt lon="-7.46334" lat="40.12434"><ele>586.9</ele><time>2026-05-22T09:54:26.200Z</time></trkpt><trkpt lon="-7.4634433" lat="40.1245467"><ele>585.8</ele><time>2026-05-22T09:54:27.700Z</time></trkpt><trkpt lon="-7.46365" lat="40.12496"><ele>583.4</ele><time>2026-05-22T09:54:30.600Z</time></trkpt><trkpt lon="-7.46379" lat="40.12511"><ele>582.7</ele><time>2026-05-22T09:54:31.900Z</time></trkpt><trkpt lon="-7.4639775" lat="40.1252625"><ele>582.0</ele><time>2026-05-22T09:54:33.500Z</time></trkpt><trkpt lon="-7.464165" lat="40.125415"><ele>581.3</ele><time>2026-05-22T09:54:35.000Z</time></trkpt><trkpt lon="-7.46454" lat="40.12572"><ele>579.8</ele><time>2026-05-22T09:54:38.100Z</time></trkpt><trkpt lon="-7.46492" lat="40.12595"><ele>578.8</ele><time>2026-05-22T09:54:40.900Z</time></trkpt><trkpt lon="-7.46532" lat="40.12616"><ele>576.9</ele><time>2026-05-22T09:54:43.400Z</time></trkpt><trkpt lon="-7.465595" lat="40.12625"><ele>576.4</ele><time>2026-05-22T09:54:45.200Z</time></trkpt><trkpt lon="-7.46587" lat="40.12634"><ele>576.0</ele><time>2026-05-22T09:54:47.000Z</time></trkpt><trkpt lon="-7.46616" lat="40.12636"><ele>575.8</ele><time>2026-05-22T09:54:48.900Z</time></trkpt><trkpt lon="-7.46643" lat="40.12637"><ele>575.3</ele><time>2026-05-22T09:54:50.500Z</time></trkpt><trkpt lon="-7.4667" lat="40.12638"><ele>574.6</ele><time>2026-05-22T09:54:52.000Z</time></trkpt><trkpt lon="-7.4669883" lat="40.1263633"><ele>573.5</ele><time>2026-05-22T09:54:53.500Z</time></trkpt><trkpt lon="-7.467565" lat="40.12633"><ele>571.1</ele><time>2026-05-22T09:54:56.400Z</time></trkpt><trkpt lon="-7.4678533" lat="40.1263133"><ele>570.4</ele><time>2026-05-22T09:54:58.000Z</time></trkpt><trkpt lon="-7.46843" lat="40.12628"><ele>569.2</ele><time>2026-05-22T09:55:01.400Z</time></trkpt><trkpt lon="-7.468715" lat="40.12629"><ele>568.6</ele><time>2026-05-22T09:55:03.100Z</time></trkpt><trkpt lon="-7.469" lat="40.1263"><ele>568.0</ele><time>2026-05-22T09:55:04.700Z</time></trkpt><trkpt lon="-7.46916" lat="40.12636"><ele>567.5</ele><time>2026-05-22T09:55:05.700Z</time></trkpt><trkpt lon="-7.46947" lat="40.12652"><ele>566.1</ele><time>2026-05-22T09:55:07.600Z</time></trkpt><trkpt lon="-7.469705" lat="40.1266275"><ele>565.2</ele><time>2026-05-22T09:55:09.100Z</time></trkpt><trkpt lon="-7.46994" lat="40.126735"><ele>564.3</ele><time>2026-05-22T09:55:10.600Z</time></trkpt><trkpt lon="-7.47041" lat="40.12695"><ele>562.5</ele><time>2026-05-22T09:55:13.500Z</time></trkpt><trkpt lon="-7.47073" lat="40.12705"><ele>560.5</ele><time>2026-05-22T09:55:15.200Z</time></trkpt><trkpt lon="-7.47106" lat="40.1270975"><ele>559.7</ele><time>2026-05-22T09:55:17.000Z</time></trkpt><trkpt lon="-7.47139" lat="40.127145"><ele>558.9</ele><time>2026-05-22T09:55:19.000Z</time></trkpt><trkpt lon="-7.47172" lat="40.1271925"><ele>557.8</ele><time>2026-05-22T09:55:20.800Z</time></trkpt><trkpt lon="-7.47205" lat="40.12724"><ele>556.7</ele><time>2026-05-22T09:55:22.600Z</time></trkpt><trkpt lon="-7.47247" lat="40.12728"><ele>555.6</ele><time>2026-05-22T09:55:24.900Z</time></trkpt><trkpt lon="-7.47279" lat="40.12728"><ele>555.0</ele><time>2026-05-22T09:55:26.800Z</time></trkpt><trkpt lon="-7.47311" lat="40.12728"><ele>554.4</ele><time>2026-05-22T09:55:28.700Z</time></trkpt><trkpt lon="-7.47346" lat="40.127245"><ele>553.7</ele><time>2026-05-22T09:55:30.800Z</time></trkpt><trkpt lon="-7.47381" lat="40.12721"><ele>553.0</ele><time>2026-05-22T09:55:32.900Z</time></trkpt><trkpt lon="-7.47418" lat="40.12706"><ele>551.3</ele><time>2026-05-22T09:55:35.000Z</time></trkpt><trkpt lon="-7.4744375" lat="40.1269225"><ele>550.8</ele><time>2026-05-22T09:55:36.900Z</time></trkpt><trkpt lon="-7.474695" lat="40.126785"><ele>550.4</ele><time>2026-05-22T09:55:38.800Z</time></trkpt><trkpt lon="-7.4749525" lat="40.1266475"><ele>550.1</ele><time>2026-05-22T09:55:40.800Z</time></trkpt><trkpt lon="-7.47521" lat="40.12651"><ele>549.8</ele><time>2026-05-22T09:55:42.800Z</time></trkpt><trkpt lon="-7.47543" lat="40.12638"><ele>549.7</ele><time>2026-05-22T09:55:44.600Z</time></trkpt><trkpt lon="-7.47564" lat="40.12623"><ele>549.8</ele><time>2026-05-22T09:55:46.600Z</time></trkpt><trkpt lon="-7.47577" lat="40.12608"><ele>549.8</ele><time>2026-05-22T09:55:48.200Z</time></trkpt><trkpt lon="-7.47603" lat="40.12578"><ele>549.7</ele><time>2026-05-22T09:55:51.400Z</time></trkpt><trkpt lon="-7.476225" lat="40.125555"><ele>549.5</ele><time>2026-05-22T09:55:53.700Z</time></trkpt><trkpt lon="-7.47642" lat="40.12533"><ele>549.4</ele><time>2026-05-22T09:55:56.000Z</time></trkpt><trkpt lon="-7.47657" lat="40.12518"><ele>549.3</ele><time>2026-05-22T09:55:57.600Z</time></trkpt><trkpt lon="-7.47665" lat="40.12515"><ele>549.1</ele><time>2026-05-22T09:55:58.200Z</time></trkpt><trkpt lon="-7.47679" lat="40.12513"><ele>549.0</ele><time>2026-05-22T09:55:59.100Z</time></trkpt><trkpt lon="-7.47719" lat="40.12518"><ele>548.9</ele><time>2026-05-22T09:56:01.800Z</time></trkpt><trkpt lon="-7.47735" lat="40.12526"><ele>548.9</ele><time>2026-05-22T09:56:03.000Z</time></trkpt><trkpt lon="-7.47747" lat="40.12539"><ele>548.8</ele><time>2026-05-22T09:56:04.400Z</time></trkpt><trkpt lon="-7.47757" lat="40.12563"><ele>548.7</ele><time>2026-05-22T09:56:06.600Z</time></trkpt><trkpt lon="-7.4776217" lat="40.1258583"><ele>547.8</ele><time>2026-05-22T09:56:08.200Z</time></trkpt><trkpt lon="-7.4776733" lat="40.1260867"><ele>546.8</ele><time>2026-05-22T09:56:09.900Z</time></trkpt><trkpt lon="-7.477725" lat="40.126315"><ele>545.9</ele><time>2026-05-22T09:56:11.500Z</time></trkpt><trkpt lon="-7.4777767" lat="40.1265433"><ele>544.5</ele><time>2026-05-22T09:56:13.000Z</time></trkpt><trkpt lon="-7.47788" lat="40.127"><ele>541.8</ele><time>2026-05-22T09:56:16.000Z</time></trkpt><trkpt lon="-7.4779383" lat="40.12722"><ele>540.2</ele><time>2026-05-22T09:56:17.400Z</time></trkpt><trkpt lon="-7.478055" lat="40.12766"><ele>536.7</ele><time>2026-05-22T09:56:20.300Z</time></trkpt><trkpt lon="-7.4781133" lat="40.12788"><ele>534.4</ele><time>2026-05-22T09:56:21.700Z</time></trkpt><trkpt lon="-7.47823" lat="40.12832"><ele>529.7</ele><time>2026-05-22T09:56:24.600Z</time></trkpt><trkpt lon="-7.47844" lat="40.12865"><ele>527.2</ele><time>2026-05-22T09:56:27.000Z</time></trkpt><trkpt lon="-7.4785" lat="40.12871"><ele>526.1</ele><time>2026-05-22T09:56:27.500Z</time></trkpt><trkpt lon="-7.47883" lat="40.12896"><ele>523.5</ele><time>2026-05-22T09:56:29.800Z</time></trkpt><trkpt lon="-7.47909" lat="40.12906"><ele>522.0</ele><time>2026-05-22T09:56:31.200Z</time></trkpt><trkpt lon="-7.47937" lat="40.12913"><ele>521.4</ele><time>2026-05-22T09:56:33.000Z</time></trkpt><trkpt lon="-7.47986" lat="40.12916"><ele>521.8</ele><time>2026-05-22T09:56:36.600Z</time></trkpt><trkpt lon="-7.4800717" lat="40.129155"><ele>522.4</ele><time>2026-05-22T09:56:38.500Z</time></trkpt><trkpt lon="-7.480495" lat="40.129145"><ele>523.8</ele><time>2026-05-22T09:56:42.700Z</time></trkpt><trkpt lon="-7.4807067" lat="40.12914"><ele>524.9</ele><time>2026-05-22T09:56:45.300Z</time></trkpt><trkpt lon="-7.48113" lat="40.12913"><ele>527.0</ele><time>2026-05-22T09:56:50.500Z</time></trkpt><trkpt lon="-7.48146" lat="40.12913"><ele>527.4</ele><time>2026-05-22T09:56:53.000Z</time></trkpt><trkpt lon="-7.48178" lat="40.12919"><ele>527.3</ele><time>2026-05-22T09:56:55.200Z</time></trkpt><trkpt lon="-7.48207" lat="40.12929"><ele>526.5</ele><time>2026-05-22T09:56:57.000Z</time></trkpt><trkpt lon="-7.4823433" lat="40.1294633"><ele>525.2</ele><time>2026-05-22T09:56:58.800Z</time></trkpt><trkpt lon="-7.4826167" lat="40.1296367"><ele>523.8</ele><time>2026-05-22T09:57:00.600Z</time></trkpt><trkpt lon="-7.48289" lat="40.12981"><ele>522.4</ele><time>2026-05-22T09:57:02.500Z</time></trkpt><trkpt lon="-7.48307" lat="40.1299367"><ele>521.7</ele><time>2026-05-22T09:57:03.800Z</time></trkpt><trkpt lon="-7.48343" lat="40.13019"><ele>520.5</ele><time>2026-05-22T09:57:06.600Z</time></trkpt><trkpt lon="-7.48357" lat="40.13032"><ele>520.4</ele><time>2026-05-22T09:57:08.000Z</time></trkpt><trkpt lon="-7.48362" lat="40.13057"><ele>520.8</ele><time>2026-05-22T09:57:10.500Z</time></trkpt><trkpt lon="-7.48355" lat="40.13065"><ele>520.5</ele><time>2026-05-22T09:57:11.300Z</time></trkpt><trkpt lon="-7.48343" lat="40.13074"><ele>520.0</ele><time>2026-05-22T09:57:12.200Z</time></trkpt><trkpt lon="-7.48319" lat="40.13083"><ele>519.1</ele><time>2026-05-22T09:57:13.600Z</time></trkpt><trkpt lon="-7.4828633" lat="40.1309167"><ele>517.2</ele><time>2026-05-22T09:57:15.300Z</time></trkpt><trkpt lon="-7.4825367" lat="40.1310033"><ele>515.3</ele><time>2026-05-22T09:57:17.000Z</time></trkpt><trkpt lon="-7.48221" lat="40.13109"><ele>513.4</ele><time>2026-05-22T09:57:18.600Z</time></trkpt><trkpt lon="-7.48203" lat="40.13118"><ele>512.1</ele><time>2026-05-22T09:57:19.700Z</time></trkpt><trkpt lon="-7.4817967" lat="40.1312767"><ele>510.1</ele><time>2026-05-22T09:57:21.000Z</time></trkpt><trkpt lon="-7.48133" lat="40.13147"><ele>506.0</ele><time>2026-05-22T09:57:23.600Z</time></trkpt><trkpt lon="-7.4810967" lat="40.1315667"><ele>504.9</ele><time>2026-05-22T09:57:24.900Z</time></trkpt><trkpt lon="-7.48063" lat="40.13176"><ele>503.0</ele><time>2026-05-22T09:57:27.700Z</time></trkpt><trkpt lon="-7.4803967" lat="40.1318567"><ele>501.4</ele><time>2026-05-22T09:57:28.900Z</time></trkpt><trkpt lon="-7.47993" lat="40.13205"><ele>498.0</ele><time>2026-05-22T09:57:31.500Z</time></trkpt><trkpt lon="-7.47972" lat="40.13208"><ele>496.7</ele><time>2026-05-22T09:57:32.500Z</time></trkpt><trkpt lon="-7.47945" lat="40.132195"><ele>496.2</ele><time>2026-05-22T09:57:34.400Z</time></trkpt><trkpt lon="-7.47918" lat="40.13231"><ele>495.8</ele><time>2026-05-22T09:57:36.300Z</time></trkpt><trkpt lon="-7.47891" lat="40.132425"><ele>494.7</ele><time>2026-05-22T09:57:37.900Z</time></trkpt><trkpt lon="-7.47864" lat="40.13254"><ele>493.7</ele><time>2026-05-22T09:57:39.500Z</time></trkpt><trkpt lon="-7.47838" lat="40.13257"><ele>493.7</ele><time>2026-05-22T09:57:41.400Z</time></trkpt><trkpt lon="-7.47812" lat="40.1326"><ele>494.0</ele><time>2026-05-22T09:57:43.300Z</time></trkpt><trkpt lon="-7.4779" lat="40.13258"><ele>494.6</ele><time>2026-05-22T09:57:45.400Z</time></trkpt><trkpt lon="-7.47754" lat="40.13252"><ele>496.5</ele><time>2026-05-22T09:57:50.000Z</time></trkpt><trkpt lon="-7.47735" lat="40.13248"><ele>497.1</ele><time>2026-05-22T09:57:51.800Z</time></trkpt><trkpt lon="-7.47709" lat="40.1324"><ele>497.3</ele><time>2026-05-22T09:57:53.800Z</time></trkpt><trkpt lon="-7.47694" lat="40.13233"><ele>497.5</ele><time>2026-05-22T09:57:55.100Z</time></trkpt><trkpt lon="-7.476615" lat="40.132415"><ele>496.9</ele><time>2026-05-22T09:57:57.200Z</time></trkpt><trkpt lon="-7.47629" lat="40.1325"><ele>496.3</ele><time>2026-05-22T09:57:59.300Z</time></trkpt><trkpt lon="-7.4759" lat="40.13268"><ele>496.6</ele><time>2026-05-22T09:58:02.600Z</time></trkpt><trkpt lon="-7.47573" lat="40.13282"><ele>497.1</ele><time>2026-05-22T09:58:04.600Z</time></trkpt><trkpt lon="-7.47557" lat="40.13289"><ele>497.7</ele><time>2026-05-22T09:58:06.500Z</time></trkpt><trkpt lon="-7.4752633" lat="40.1329233"><ele>497.8</ele><time>2026-05-22T09:58:08.700Z</time></trkpt><trkpt lon="-7.4749567" lat="40.1329567"><ele>497.8</ele><time>2026-05-22T09:58:10.800Z</time></trkpt><trkpt lon="-7.47465" lat="40.13299"><ele>497.5</ele><time>2026-05-22T09:58:12.800Z</time></trkpt><trkpt lon="-7.47444" lat="40.13299"><ele>496.7</ele><time>2026-05-22T09:58:13.800Z</time></trkpt><trkpt lon="-7.47428" lat="40.13293"><ele>496.3</ele><time>2026-05-22T09:58:14.900Z</time></trkpt><trkpt lon="-7.47403" lat="40.1327883"><ele>496.2</ele><time>2026-05-22T09:58:16.900Z</time></trkpt><trkpt lon="-7.47378" lat="40.1326467"><ele>496.2</ele><time>2026-05-22T09:58:19.000Z</time></trkpt><trkpt lon="-7.47353" lat="40.132505"><ele>496.1</ele><time>2026-05-22T09:58:21.100Z</time></trkpt><trkpt lon="-7.47328" lat="40.1323633"><ele>496.0</ele><time>2026-05-22T09:58:23.100Z</time></trkpt><trkpt lon="-7.47303" lat="40.1322217"><ele>495.8</ele><time>2026-05-22T09:58:25.200Z</time></trkpt><trkpt lon="-7.47278" lat="40.13208"><ele>495.6</ele><time>2026-05-22T09:58:27.200Z</time></trkpt><trkpt lon="-7.47269" lat="40.13213"><ele>495.4</ele><time>2026-05-22T09:58:27.800Z</time></trkpt><trkpt lon="-7.47231" lat="40.13228"><ele>494.0</ele><time>2026-05-22T09:58:30.100Z</time></trkpt><trkpt lon="-7.47204" lat="40.13221"><ele>493.1</ele><time>2026-05-22T09:58:31.600Z</time></trkpt><trkpt lon="-7.47195" lat="40.13224"><ele>492.6</ele><time>2026-05-22T09:58:32.100Z</time></trkpt><trkpt lon="-7.47176" lat="40.1324725"><ele>491.5</ele><time>2026-05-22T09:58:34.000Z</time></trkpt><trkpt lon="-7.47157" lat="40.132705"><ele>490.4</ele><time>2026-05-22T09:58:36.000Z</time></trkpt><trkpt lon="-7.47138" lat="40.1329375"><ele>488.9</ele><time>2026-05-22T09:58:37.800Z</time></trkpt><trkpt lon="-7.47119" lat="40.13317"><ele>487.3</ele><time>2026-05-22T09:58:39.600Z</time></trkpt><trkpt lon="-7.47083" lat="40.13337"><ele>486.1</ele><time>2026-05-22T09:58:42.000Z</time></trkpt><trkpt lon="-7.4705633" lat="40.1334233"><ele>485.4</ele><time>2026-05-22T09:58:43.600Z</time></trkpt><trkpt lon="-7.47003" lat="40.13353"><ele>483.9</ele><time>2026-05-22T09:58:46.700Z</time></trkpt><trkpt lon="-7.46984" lat="40.13352"><ele>483.2</ele><time>2026-05-22T09:58:47.700Z</time></trkpt><trkpt lon="-7.46947" lat="40.13346"><ele>482.3</ele><time>2026-05-22T09:58:49.800Z</time></trkpt><trkpt lon="-7.469155" lat="40.13344"><ele>481.8</ele><time>2026-05-22T09:58:51.800Z</time></trkpt><trkpt lon="-7.46884" lat="40.13342"><ele>481.4</ele><time>2026-05-22T09:58:53.700Z</time></trkpt><trkpt lon="-7.46835" lat="40.13353"><ele>481.1</ele><time>2026-05-22T09:58:57.000Z</time></trkpt><trkpt lon="-7.468015" lat="40.133565"><ele>479.5</ele><time>2026-05-22T09:58:58.700Z</time></trkpt><trkpt lon="-7.46768" lat="40.1336"><ele>477.8</ele><time>2026-05-22T09:59:00.400Z</time></trkpt><trkpt lon="-7.46743" lat="40.13367"><ele>477.2</ele><time>2026-05-22T09:59:01.900Z</time></trkpt><trkpt lon="-7.46693" lat="40.13381"><ele>476.0</ele><time>2026-05-22T09:59:04.900Z</time></trkpt><trkpt lon="-7.4666625" lat="40.133865"><ele>474.9</ele><time>2026-05-22T09:59:06.400Z</time></trkpt><trkpt lon="-7.466395" lat="40.13392"><ele>473.8</ele><time>2026-05-22T09:59:07.800Z</time></trkpt><trkpt lon="-7.46586" lat="40.13403"><ele>471.6</ele><time>2026-05-22T09:59:10.600Z</time></trkpt><trkpt lon="-7.46543" lat="40.13409"><ele>469.6</ele><time>2026-05-22T09:59:12.800Z</time></trkpt><trkpt lon="-7.46531" lat="40.13409"><ele>468.2</ele><time>2026-05-22T09:59:13.400Z</time></trkpt><trkpt lon="-7.4650467" lat="40.1340033"><ele>467.0</ele><time>2026-05-22T09:59:14.900Z</time></trkpt><trkpt lon="-7.46452" lat="40.13383"><ele>465.6</ele><time>2026-05-22T09:59:18.100Z</time></trkpt><trkpt lon="-7.46439" lat="40.13381"><ele>465.6</ele><time>2026-05-22T09:59:19.000Z</time></trkpt><trkpt lon="-7.46413" lat="40.13385"><ele>465.6</ele><time>2026-05-22T09:59:20.900Z</time></trkpt><trkpt lon="-7.4638789" lat="40.1339144"><ele>465.6</ele><time>2026-05-22T09:59:22.600Z</time></trkpt><trkpt lon="-7.4633767" lat="40.1340433"><ele>465.6</ele><time>2026-05-22T09:59:26.200Z</time></trkpt><trkpt lon="-7.4631256" lat="40.1341078"><ele>465.5</ele><time>2026-05-22T09:59:28.000Z</time></trkpt><trkpt lon="-7.4626233" lat="40.1342367"><ele>465.5</ele><time>2026-05-22T09:59:31.500Z</time></trkpt><trkpt lon="-7.4623722" lat="40.1343011"><ele>465.7</ele><time>2026-05-22T09:59:33.400Z</time></trkpt><trkpt lon="-7.46187" lat="40.13443"><ele>465.9</ele><time>2026-05-22T09:59:37.200Z</time></trkpt><trkpt lon="-7.4616" lat="40.134475"><ele>465.9</ele><time>2026-05-22T09:59:39.100Z</time></trkpt><trkpt lon="-7.46133" lat="40.13452"><ele>465.9</ele><time>2026-05-22T09:59:40.900Z</time></trkpt><trkpt lon="-7.46079" lat="40.13461"><ele>465.8</ele><time>2026-05-22T09:59:44.700Z</time></trkpt><trkpt lon="-7.460525" lat="40.1346975"><ele>466.1</ele><time>2026-05-22T09:59:46.800Z</time></trkpt><trkpt lon="-7.46026" lat="40.134785"><ele>466.5</ele><time>2026-05-22T09:59:49.100Z</time></trkpt><trkpt lon="-7.45973" lat="40.13496"><ele>467.2</ele><time>2026-05-22T09:59:53.500Z</time></trkpt><trkpt lon="-7.4594975" lat="40.135015"><ele>467.7</ele><time>2026-05-22T09:59:55.600Z</time></trkpt><trkpt lon="-7.459265" lat="40.13507"><ele>468.3</ele><time>2026-05-22T09:59:57.700Z</time></trkpt><trkpt lon="-7.4588" lat="40.13518"><ele>469.3</ele><time>2026-05-22T10:00:01.700Z</time></trkpt><trkpt lon="-7.45839" lat="40.13521"><ele>469.0</ele><time>2026-05-22T10:00:04.400Z</time></trkpt><trkpt lon="-7.4580933" lat="40.1352108"><ele>468.8</ele><time>2026-05-22T10:00:06.300Z</time></trkpt><trkpt lon="-7.4577967" lat="40.1352117"><ele>468.6</ele><time>2026-05-22T10:00:08.200Z</time></trkpt><trkpt lon="-7.4575" lat="40.1352125"><ele>468.5</ele><time>2026-05-22T10:00:10.200Z</time></trkpt><trkpt lon="-7.4572033" lat="40.1352133"><ele>468.5</ele><time>2026-05-22T10:00:12.200Z</time></trkpt><trkpt lon="-7.4569067" lat="40.1352142"><ele>468.6</ele><time>2026-05-22T10:00:14.200Z</time></trkpt><trkpt lon="-7.45661" lat="40.135215"><ele>468.6</ele><time>2026-05-22T10:00:16.300Z</time></trkpt><trkpt lon="-7.4563133" lat="40.1352158"><ele>468.8</ele><time>2026-05-22T10:00:18.400Z</time></trkpt><trkpt lon="-7.4560167" lat="40.1352167"><ele>469.0</ele><time>2026-05-22T10:00:20.600Z</time></trkpt><trkpt lon="-7.45572" lat="40.1352175"><ele>469.3</ele><time>2026-05-22T10:00:22.800Z</time></trkpt><trkpt lon="-7.4554233" lat="40.1352183"><ele>469.7</ele><time>2026-05-22T10:00:25.200Z</time></trkpt><trkpt lon="-7.4551267" lat="40.1352192"><ele>470.2</ele><time>2026-05-22T10:00:27.500Z</time></trkpt><trkpt lon="-7.45483" lat="40.13522"><ele>470.7</ele><time>2026-05-22T10:00:29.900Z</time></trkpt><trkpt lon="-7.4546033" lat="40.1352067"><ele>471.5</ele><time>2026-05-22T10:00:32.100Z</time></trkpt><trkpt lon="-7.45415" lat="40.13518"><ele>473.1</ele><time>2026-05-22T10:00:36.700Z</time></trkpt><trkpt lon="-7.4539233" lat="40.1351667"><ele>473.7</ele><time>2026-05-22T10:00:38.800Z</time></trkpt><trkpt lon="-7.45347" lat="40.13514"><ele>474.9</ele><time>2026-05-22T10:00:42.900Z</time></trkpt><trkpt lon="-7.4531925" lat="40.135205"><ele>475.3</ele><time>2026-05-22T10:00:45.100Z</time></trkpt><trkpt lon="-7.452915" lat="40.13527"><ele>475.7</ele><time>2026-05-22T10:00:47.400Z</time></trkpt><trkpt lon="-7.45236" lat="40.1354"><ele>476.4</ele><time>2026-05-22T10:00:51.800Z</time></trkpt><trkpt lon="-7.45208" lat="40.13537"><ele>476.3</ele><time>2026-05-22T10:00:53.700Z</time></trkpt><trkpt lon="-7.4518" lat="40.13534"><ele>476.2</ele><time>2026-05-22T10:00:55.600Z</time></trkpt><trkpt lon="-7.45124" lat="40.13528"><ele>476.0</ele><time>2026-05-22T10:00:59.300Z</time></trkpt><trkpt lon="-7.4509587" lat="40.1352238"><ele>476.4</ele><time>2026-05-22T10:01:01.600Z</time></trkpt><trkpt lon="-7.4506775" lat="40.1351675"><ele>476.9</ele><time>2026-05-22T10:01:03.900Z</time></trkpt><trkpt lon="-7.4503962" lat="40.1351113"><ele>477.4</ele><time>2026-05-22T10:01:06.200Z</time></trkpt><trkpt lon="-7.450115" lat="40.135055"><ele>477.8</ele><time>2026-05-22T10:01:08.500Z</time></trkpt><trkpt lon="-7.4498337" lat="40.1349988"><ele>478.3</ele><time>2026-05-22T10:01:10.800Z</time></trkpt><trkpt lon="-7.4495525" lat="40.1349425"><ele>478.7</ele><time>2026-05-22T10:01:13.100Z</time></trkpt><trkpt lon="-7.4492712" lat="40.1348863"><ele>479.2</ele><time>2026-05-22T10:01:15.400Z</time></trkpt><trkpt lon="-7.44899" lat="40.13483"><ele>479.7</ele><time>2026-05-22T10:01:17.800Z</time></trkpt><trkpt lon="-7.4487933" lat="40.1347667"><ele>480.3</ele><time>2026-05-22T10:01:19.800Z</time></trkpt><trkpt lon="-7.4484" lat="40.13464"><ele>481.8</ele><time>2026-05-22T10:01:24.100Z</time></trkpt><trkpt lon="-7.44819" lat="40.134515"><ele>483.1</ele><time>2026-05-22T10:01:27.300Z</time></trkpt><trkpt lon="-7.44798" lat="40.13439"><ele>484.6</ele><time>2026-05-22T10:01:30.700Z</time></trkpt><trkpt lon="-7.44788" lat="40.13429"><ele>486.0</ele><time>2026-05-22T10:01:33.500Z</time></trkpt><trkpt lon="-7.44779" lat="40.13414"><ele>487.5</ele><time>2026-05-22T10:01:36.800Z</time></trkpt><trkpt lon="-7.44777" lat="40.13398"><ele>488.2</ele><time>2026-05-22T10:01:38.900Z</time></trkpt><trkpt lon="-7.44776" lat="40.1338"><ele>488.9</ele><time>2026-05-22T10:01:41.100Z</time></trkpt><trkpt lon="-7.44777" lat="40.13369"><ele>489.2</ele><time>2026-05-22T10:01:42.300Z</time></trkpt><trkpt lon="-7.44749" lat="40.1335"><ele>489.9</ele><time>2026-05-22T10:01:45.400Z</time></trkpt><trkpt lon="-7.44733" lat="40.1333433"><ele>490.3</ele><time>2026-05-22T10:01:47.500Z</time></trkpt><trkpt lon="-7.44701" lat="40.13303"><ele>491.3</ele><time>2026-05-22T10:01:51.700Z</time></trkpt><trkpt lon="-7.44683" lat="40.1329"><ele>491.9</ele><time>2026-05-22T10:01:53.900Z</time></trkpt><trkpt lon="-7.4466475" lat="40.1327975"><ele>492.8</ele><time>2026-05-22T10:01:56.300Z</time></trkpt><trkpt lon="-7.446465" lat="40.132695"><ele>493.7</ele><time>2026-05-22T10:01:58.700Z</time></trkpt><trkpt lon="-7.4461" lat="40.13249"><ele>495.6</ele><time>2026-05-22T10:02:03.800Z</time></trkpt><trkpt lon="-7.44596" lat="40.13238"><ele>497.0</ele><time>2026-05-22T10:02:06.800Z</time></trkpt><trkpt lon="-7.44582" lat="40.13227"><ele>498.4</ele><time>2026-05-22T10:02:09.900Z</time></trkpt><trkpt lon="-7.44554" lat="40.13205"><ele>501.2</ele><time>2026-05-22T10:02:16.000Z</time></trkpt><trkpt lon="-7.44537" lat="40.13187"><ele>503.0</ele><time>2026-05-22T10:02:20.000Z</time></trkpt><trkpt lon="-7.44523" lat="40.13167"><ele>504.9</ele><time>2026-05-22T10:02:24.200Z</time></trkpt><trkpt lon="-7.4451667" lat="40.13154"><ele>506.4</ele><time>2026-05-22T10:02:27.300Z</time></trkpt><trkpt lon="-7.44504" lat="40.13128"><ele>509.6</ele><time>2026-05-22T10:02:33.500Z</time></trkpt><trkpt lon="-7.4449" lat="40.13113"><ele>511.5</ele><time>2026-05-22T10:02:37.500Z</time></trkpt><trkpt lon="-7.44476" lat="40.13098"><ele>513.3</ele><time>2026-05-22T10:02:41.400Z</time></trkpt><trkpt lon="-7.44444" lat="40.13075"><ele>515.2</ele><time>2026-05-22T10:02:46.400Z</time></trkpt><trkpt lon="-7.44411" lat="40.13075"><ele>515.7</ele><time>2026-05-22T10:02:49.000Z</time></trkpt><trkpt lon="-7.444" lat="40.1307"><ele>516.0</ele><time>2026-05-22T10:02:50.000Z</time></trkpt><trkpt lon="-7.44394" lat="40.13063"><ele>516.4</ele><time>2026-05-22T10:02:51.200Z</time></trkpt><trkpt lon="-7.44382" lat="40.13033"><ele>518.5</ele><time>2026-05-22T10:02:56.200Z</time></trkpt><trkpt lon="-7.4437433" lat="40.1302233"><ele>519.7</ele><time>2026-05-22T10:02:58.800Z</time></trkpt><trkpt lon="-7.44359" lat="40.13001"><ele>522.4</ele><time>2026-05-22T10:03:04.200Z</time></trkpt><trkpt lon="-7.4434567" lat="40.1298467"><ele>524.1</ele><time>2026-05-22T10:03:07.900Z</time></trkpt><trkpt lon="-7.4433233" lat="40.1296833"><ele>525.8</ele><time>2026-05-22T10:03:11.600Z</time></trkpt><trkpt lon="-7.44319" lat="40.12952"><ele>527.4</ele><time>2026-05-22T10:03:15.200Z</time></trkpt><trkpt lon="-7.443015" lat="40.1294"><ele>529.1</ele><time>2026-05-22T10:03:18.900Z</time></trkpt><trkpt lon="-7.44284" lat="40.12928"><ele>530.9</ele><time>2026-05-22T10:03:22.600Z</time></trkpt><trkpt lon="-7.44272" lat="40.12924"><ele>532.2</ele><time>2026-05-22T10:03:25.000Z</time></trkpt><trkpt lon="-7.44256" lat="40.12925"><ele>533.6</ele><time>2026-05-22T10:03:27.800Z</time></trkpt><trkpt lon="-7.44221" lat="40.12932"><ele>536.4</ele><time>2026-05-22T10:03:33.700Z</time></trkpt><trkpt lon="-7.44202" lat="40.12938"><ele>537.6</ele><time>2026-05-22T10:03:36.500Z</time></trkpt><trkpt lon="-7.44183" lat="40.12944"><ele>538.9</ele><time>2026-05-22T10:03:39.400Z</time></trkpt><trkpt lon="-7.44174" lat="40.12951"><ele>540.0</ele><time>2026-05-22T10:03:41.600Z</time></trkpt><trkpt lon="-7.44169" lat="40.12958"><ele>540.8</ele><time>2026-05-22T10:03:43.200Z</time></trkpt><trkpt lon="-7.44171" lat="40.12971"><ele>542.2</ele><time>2026-05-22T10:03:46.100Z</time></trkpt><trkpt lon="-7.4417525" lat="40.1298575"><ele>543.9</ele><time>2026-05-22T10:03:49.500Z</time></trkpt><trkpt lon="-7.441795" lat="40.130005"><ele>545.5</ele><time>2026-05-22T10:03:52.800Z</time></trkpt><trkpt lon="-7.44188" lat="40.1303"><ele>548.6</ele><time>2026-05-22T10:03:59.300Z</time></trkpt><trkpt lon="-7.44185" lat="40.13047"><ele>549.3</ele><time>2026-05-22T10:04:01.400Z</time></trkpt><trkpt lon="-7.44167" lat="40.13075"><ele>551.1</ele><time>2026-05-22T10:04:06.100Z</time></trkpt><trkpt lon="-7.4414588" lat="40.1308638"><ele>552.6</ele><time>2026-05-22T10:04:09.500Z</time></trkpt><trkpt lon="-7.4412475" lat="40.1309775"><ele>554.1</ele><time>2026-05-22T10:04:12.900Z</time></trkpt><trkpt lon="-7.4410363" lat="40.1310913"><ele>555.6</ele><time>2026-05-22T10:04:16.300Z</time></trkpt><trkpt lon="-7.440825" lat="40.131205"><ele>557.2</ele><time>2026-05-22T10:04:19.900Z</time></trkpt><trkpt lon="-7.440656" lat="40.131296"><ele>559.1</ele><time>2026-05-22T10:04:23.600Z</time></trkpt><trkpt lon="-7.440487" lat="40.131387"><ele>561.0</ele><time>2026-05-22T10:04:27.400Z</time></trkpt><trkpt lon="-7.440318" lat="40.131478"><ele>563.0</ele><time>2026-05-22T10:04:31.100Z</time></trkpt><trkpt lon="-7.440149" lat="40.131569"><ele>564.9</ele><time>2026-05-22T10:04:34.900Z</time></trkpt><trkpt lon="-7.43998" lat="40.13166"><ele>566.8</ele><time>2026-05-22T10:04:38.500Z</time></trkpt><trkpt lon="-7.43965" lat="40.1318"><ele>569.1</ele><time>2026-05-22T10:04:43.700Z</time></trkpt><trkpt lon="-7.43957" lat="40.13185"><ele>569.4</ele><time>2026-05-22T10:04:44.700Z</time></trkpt><trkpt lon="-7.43941" lat="40.13209"><ele>570.8</ele><time>2026-05-22T10:04:48.500Z</time></trkpt><trkpt lon="-7.43934" lat="40.13216"><ele>571.3</ele><time>2026-05-22T10:04:49.800Z</time></trkpt><trkpt lon="-7.43919" lat="40.1322"><ele>571.8</ele><time>2026-05-22T10:04:51.400Z</time></trkpt><trkpt lon="-7.43895" lat="40.13214"><ele>572.3</ele><time>2026-05-22T10:04:53.400Z</time></trkpt><trkpt lon="-7.4387" lat="40.13201"><ele>572.8</ele><time>2026-05-22T10:04:55.900Z</time></trkpt><trkpt lon="-7.43854" lat="40.13191"><ele>573.4</ele><time>2026-05-22T10:04:57.700Z</time></trkpt><trkpt lon="-7.43836" lat="40.13182"><ele>573.6</ele><time>2026-05-22T10:04:59.400Z</time></trkpt><trkpt lon="-7.43795" lat="40.13164"><ele>574.3</ele><time>2026-05-22T10:05:03.100Z</time></trkpt><trkpt lon="-7.43771" lat="40.13156"><ele>575.1</ele><time>2026-05-22T10:05:05.500Z</time></trkpt><trkpt lon="-7.43759" lat="40.13154"><ele>575.4</ele><time>2026-05-22T10:05:06.600Z</time></trkpt><trkpt lon="-7.43717" lat="40.13156"><ele>576.3</ele><time>2026-05-22T10:05:10.100Z</time></trkpt><trkpt lon="-7.43686" lat="40.13152"><ele>577.9</ele><time>2026-05-22T10:05:14.000Z</time></trkpt><trkpt lon="-7.4366" lat="40.13146001575"><ele>578.6</ele><time>2026-05-22T10:05:16.400Z</time></trkpt><trkpt lon="-7.43635" lat="40.131315"><ele>578.8</ele><time>2026-05-22T10:05:18.700Z</time></trkpt><trkpt lon="-7.4361" lat="40.13117"><ele>578.9</ele><time>2026-05-22T10:05:20.900Z</time></trkpt><trkpt lon="-7.43588" lat="40.13103"><ele>578.9</ele><time>2026-05-22T10:05:22.800Z</time></trkpt><trkpt lon="-7.43544" lat="40.13075"><ele>578.8</ele><time>2026-05-22T10:05:26.700Z</time></trkpt><trkpt lon="-7.43522" lat="40.13061"><ele>579.0</ele><time>2026-05-22T10:05:28.700Z</time></trkpt><trkpt lon="-7.435" lat="40.13047"><ele>579.2</ele><time>2026-05-22T10:05:30.900Z</time></trkpt><trkpt lon="-7.43478" lat="40.13033"><ele>579.4</ele><time>2026-05-22T10:05:33.000Z</time></trkpt><trkpt lon="-7.4345" lat="40.13022"><ele>579.6</ele><time>2026-05-22T10:05:35.200Z</time></trkpt><trkpt lon="-7.4342144" lat="40.1301233"><ele>579.8</ele><time>2026-05-22T10:05:37.500Z</time></trkpt><trkpt lon="-7.4339289" lat="40.1300267"><ele>580.1</ele><time>2026-05-22T10:05:39.900Z</time></trkpt><trkpt lon="-7.4336433" lat="40.12993"><ele>580.4</ele><time>2026-05-22T10:05:42.200Z</time></trkpt><trkpt lon="-7.4333578" lat="40.1298333"><ele>580.5</ele><time>2026-05-22T10:05:44.400Z</time></trkpt><trkpt lon="-7.4330722" lat="40.1297367"><ele>580.7</ele><time>2026-05-22T10:05:46.600Z</time></trkpt><trkpt lon="-7.4327867" lat="40.12964"><ele>580.7</ele><time>2026-05-22T10:05:48.800Z</time></trkpt><trkpt lon="-7.4325011" lat="40.1295433"><ele>580.5</ele><time>2026-05-22T10:05:50.800Z</time></trkpt><trkpt lon="-7.4322156" lat="40.1294467"><ele>580.2</ele><time>2026-05-22T10:05:52.800Z</time></trkpt><trkpt lon="-7.43193" lat="40.12935"><ele>579.7</ele><time>2026-05-22T10:05:54.700Z</time></trkpt><trkpt lon="-7.4318367" lat="40.12953"><ele>578.7</ele><time>2026-05-22T10:05:56.000Z</time></trkpt><trkpt lon="-7.43165" lat="40.12989"><ele>576.4</ele><time>2026-05-22T10:05:58.500Z</time></trkpt><trkpt lon="-7.43148" lat="40.12999"><ele>575.6</ele><time>2026-05-22T10:05:59.600Z</time></trkpt><trkpt lon="-7.43116" lat="40.13008"><ele>574.1</ele><time>2026-05-22T10:06:01.300Z</time></trkpt><trkpt lon="-7.43097" lat="40.13026"><ele>572.9</ele><time>2026-05-22T10:06:02.800Z</time></trkpt><trkpt lon="-7.43078" lat="40.13063"><ele>571.5</ele><time>2026-05-22T10:06:05.700Z</time></trkpt><trkpt lon="-7.43084" lat="40.13087"><ele>570.0</ele><time>2026-05-22T10:06:07.300Z</time></trkpt><trkpt lon="-7.4309" lat="40.13111"><ele>568.2</ele><time>2026-05-22T10:06:08.900Z</time></trkpt><trkpt lon="-7.4309" lat="40.13123"><ele>566.6</ele><time>2026-05-22T10:06:09.700Z</time></trkpt><trkpt lon="-7.4307967" lat="40.13145"><ele>565.5</ele><time>2026-05-22T10:06:11.300Z</time></trkpt><trkpt lon="-7.4306933" lat="40.13167"><ele>564.8</ele><time>2026-05-22T10:06:13.100Z</time></trkpt><trkpt lon="-7.43059" lat="40.13189"><ele>564.0</ele><time>2026-05-22T10:06:14.800Z</time></trkpt><trkpt lon="-7.43042" lat="40.1320767"><ele>562.7</ele><time>2026-05-22T10:06:16.300Z</time></trkpt><trkpt lon="-7.43008" lat="40.13245"><ele>560.0</ele><time>2026-05-22T10:06:19.300Z</time></trkpt><trkpt lon="-7.42991" lat="40.13284"><ele>558.5</ele><time>2026-05-22T10:06:22.200Z</time></trkpt><trkpt lon="-7.4298" lat="40.13298"><ele>557.3</ele><time>2026-05-22T10:06:23.300Z</time></trkpt><trkpt lon="-7.4295867" lat="40.1331767"><ele>556.0</ele><time>2026-05-22T10:06:25.000Z</time></trkpt><trkpt lon="-7.4293733" lat="40.1333733"><ele>554.7</ele><time>2026-05-22T10:06:26.700Z</time></trkpt><trkpt lon="-7.42916" lat="40.13357"><ele>553.5</ele><time>2026-05-22T10:06:28.400Z</time></trkpt><trkpt lon="-7.42919" lat="40.13384"><ele>552.9</ele><time>2026-05-22T10:06:30.600Z</time></trkpt><trkpt lon="-7.429445" lat="40.133965"><ele>552.3</ele><time>2026-05-22T10:06:32.300Z</time></trkpt><trkpt lon="-7.4297" lat="40.13409"><ele>551.6</ele><time>2026-05-22T10:06:34.100Z</time></trkpt><trkpt lon="-7.42986" lat="40.13424"><ele>551.2</ele><time>2026-05-22T10:06:35.600Z</time></trkpt><trkpt lon="-7.42986" lat="40.13439"><ele>550.4</ele><time>2026-05-22T10:06:36.600Z</time></trkpt><trkpt lon="-7.4297" lat="40.13464"><ele>549.2</ele><time>2026-05-22T10:06:38.500Z</time></trkpt><trkpt lon="-7.42928" lat="40.13482"><ele>546.7</ele><time>2026-05-22T10:06:40.900Z</time></trkpt><trkpt lon="-7.42902" lat="40.1348567"><ele>545.6</ele><time>2026-05-22T10:06:42.200Z</time></trkpt><trkpt lon="-7.4285" lat="40.13493"><ele>543.5</ele><time>2026-05-22T10:06:44.900Z</time></trkpt><trkpt lon="-7.42813" lat="40.13502"><ele>542.6</ele><time>2026-05-22T10:06:47.100Z</time></trkpt><trkpt lon="-7.4278567" lat="40.13514"><ele>542.4</ele><time>2026-05-22T10:06:49.200Z</time></trkpt><trkpt lon="-7.4275833" lat="40.13526"><ele>542.2</ele><time>2026-05-22T10:06:51.200Z</time></trkpt><trkpt lon="-7.42731" lat="40.13538"><ele>542.0</ele><time>2026-05-22T10:06:53.300Z</time></trkpt><trkpt lon="-7.4270317" lat="40.135475"><ele>541.5</ele><time>2026-05-22T10:06:55.100Z</time></trkpt><trkpt lon="-7.4267533" lat="40.13557"><ele>540.9</ele><time>2026-05-22T10:06:56.900Z</time></trkpt><trkpt lon="-7.426475" lat="40.135665"><ele>540.2</ele><time>2026-05-22T10:06:58.600Z</time></trkpt><trkpt lon="-7.4261967" lat="40.13576"><ele>539.0</ele><time>2026-05-22T10:07:00.200Z</time></trkpt><trkpt lon="-7.4259183" lat="40.135855"><ele>537.7</ele><time>2026-05-22T10:07:01.700Z</time></trkpt><trkpt lon="-7.42564" lat="40.13595"><ele>536.5</ele><time>2026-05-22T10:07:03.200Z</time></trkpt><trkpt lon="-7.4253738" lat="40.1359938"><ele>535.5</ele><time>2026-05-22T10:07:04.700Z</time></trkpt><trkpt lon="-7.4251075" lat="40.1360375"><ele>534.6</ele><time>2026-05-22T10:07:06.100Z</time></trkpt><trkpt lon="-7.424575" lat="40.136125"><ele>532.7</ele><time>2026-05-22T10:07:09.000Z</time></trkpt><trkpt lon="-7.42422" lat="40.1361833"><ele>530.6</ele><time>2026-05-22T10:07:10.700Z</time></trkpt><trkpt lon="-7.423865" lat="40.1362417"><ele>528.5</ele><time>2026-05-22T10:07:12.500Z</time></trkpt><trkpt lon="-7.42351" lat="40.1363"><ele>526.6</ele><time>2026-05-22T10:07:14.300Z</time></trkpt><trkpt lon="-7.4232275" lat="40.13629"><ele>527.2</ele><time>2026-05-22T10:07:16.600Z</time></trkpt><trkpt lon="-7.422945" lat="40.13628"><ele>528.0</ele><time>2026-05-22T10:07:19.300Z</time></trkpt><trkpt lon="-7.4226625" lat="40.13627"><ele>528.8</ele><time>2026-05-22T10:07:21.900Z</time></trkpt><trkpt lon="-7.42238" lat="40.13626"><ele>529.7</ele><time>2026-05-22T10:07:24.600Z</time></trkpt><trkpt lon="-7.42205" lat="40.13641"><ele>530.8</ele><time>2026-05-22T10:07:28.100Z</time></trkpt><trkpt lon="-7.42196" lat="40.13668"><ele>531.7</ele><time>2026-05-22T10:07:31.300Z</time></trkpt><trkpt lon="-7.42195" lat="40.13681"><ele>531.8</ele><time>2026-05-22T10:07:32.500Z</time></trkpt><trkpt lon="-7.4219417" lat="40.1370711"><ele>531.4</ele><time>2026-05-22T10:07:34.700Z</time></trkpt><trkpt lon="-7.4219333" lat="40.1373322"><ele>531.0</ele><time>2026-05-22T10:07:36.800Z</time></trkpt><trkpt lon="-7.421925" lat="40.1375933"><ele>530.6</ele><time>2026-05-22T10:07:38.900Z</time></trkpt><trkpt lon="-7.4219167" lat="40.1378544"><ele>530.1</ele><time>2026-05-22T10:07:41.000Z</time></trkpt><trkpt lon="-7.4219083" lat="40.1381156"><ele>529.6</ele><time>2026-05-22T10:07:43.100Z</time></trkpt><trkpt lon="-7.4219" lat="40.1383767"><ele>529.1</ele><time>2026-05-22T10:07:45.100Z</time></trkpt><trkpt lon="-7.4218917" lat="40.1386378"><ele>528.5</ele><time>2026-05-22T10:07:47.200Z</time></trkpt><trkpt lon="-7.4218833" lat="40.1388989"><ele>527.8</ele><time>2026-05-22T10:07:49.200Z</time></trkpt><trkpt lon="-7.421875" lat="40.13916"><ele>527.2</ele><time>2026-05-22T10:07:51.200Z</time></trkpt><trkpt lon="-7.4218667" lat="40.1394211"><ele>526.0</ele><time>2026-05-22T10:07:53.000Z</time></trkpt><trkpt lon="-7.4218583" lat="40.1396822"><ele>524.8</ele><time>2026-05-22T10:07:54.800Z</time></trkpt><trkpt lon="-7.42185" lat="40.1399433"><ele>523.6</ele><time>2026-05-22T10:07:56.600Z</time></trkpt><trkpt lon="-7.4218417" lat="40.1402044"><ele>522.3</ele><time>2026-05-22T10:07:58.300Z</time></trkpt><trkpt lon="-7.4218333" lat="40.1404656"><ele>521.0</ele><time>2026-05-22T10:08:00.100Z</time></trkpt><trkpt lon="-7.421825" lat="40.1407267"><ele>519.8</ele><time>2026-05-22T10:08:01.900Z</time></trkpt><trkpt lon="-7.4218167" lat="40.1409878"><ele>519.2</ele><time>2026-05-22T10:08:03.900Z</time></trkpt><trkpt lon="-7.4218083" lat="40.1412489"><ele>518.8</ele><time>2026-05-22T10:08:06.000Z</time></trkpt><trkpt lon="-7.4218" lat="40.14151"><ele>518.4</ele><time>2026-05-22T10:08:08.200Z</time></trkpt><trkpt lon="-7.4216433" lat="40.1416978"><ele>518.6</ele><time>2026-05-22T10:08:10.300Z</time></trkpt><trkpt lon="-7.4214867" lat="40.1418856"><ele>518.9</ele><time>2026-05-22T10:08:12.500Z</time></trkpt><trkpt lon="-7.42133" lat="40.1420733"><ele>519.2</ele><time>2026-05-22T10:08:14.700Z</time></trkpt><trkpt lon="-7.4211733" lat="40.1422611"><ele>520.0</ele><time>2026-05-22T10:08:17.400Z</time></trkpt><trkpt lon="-7.4210167" lat="40.1424489"><ele>520.9</ele><time>2026-05-22T10:08:20.100Z</time></trkpt><trkpt lon="-7.42086" lat="40.1426367"><ele>521.9</ele><time>2026-05-22T10:08:23.000Z</time></trkpt><trkpt lon="-7.4207425" lat="40.1427775"><ele>522.9</ele><time>2026-05-22T10:08:25.500Z</time></trkpt><trkpt lon="-7.420625" lat="40.1429183"><ele>524.0</ele><time>2026-05-22T10:08:28.200Z</time></trkpt><trkpt lon="-7.42039" lat="40.1432"><ele>526.1</ele><time>2026-05-22T10:08:33.400Z</time></trkpt><trkpt lon="-7.420195" lat="40.1433275"><ele>526.9</ele><time>2026-05-22T10:08:35.900Z</time></trkpt><trkpt lon="-7.42" lat="40.143455"><ele>527.6</ele><time>2026-05-22T10:08:38.300Z</time></trkpt><trkpt lon="-7.41961" lat="40.14371"><ele>529.5</ele><time>2026-05-22T10:08:43.500Z</time></trkpt><trkpt lon="-7.4195" lat="40.14383"><ele>531.7</ele><time>2026-05-22T10:08:47.400Z</time></trkpt><trkpt lon="-7.41937" lat="40.1439913"><ele>532.9</ele><time>2026-05-22T10:08:50.400Z</time></trkpt><trkpt lon="-7.41924" lat="40.1441525"><ele>533.8</ele><time>2026-05-22T10:08:53.000Z</time></trkpt><trkpt lon="-7.41898" lat="40.144475"><ele>535.7</ele><time>2026-05-22T10:08:58.300Z</time></trkpt><trkpt lon="-7.41885" lat="40.1446363"><ele>536.8</ele><time>2026-05-22T10:09:01.100Z</time></trkpt><trkpt lon="-7.41872" lat="40.1447975"><ele>537.9</ele><time>2026-05-22T10:09:03.900Z</time></trkpt><trkpt lon="-7.41846" lat="40.14512"><ele>540.0</ele><time>2026-05-22T10:09:09.500Z</time></trkpt><trkpt lon="-7.41828" lat="40.14529"><ele>540.9</ele><time>2026-05-22T10:09:12.200Z</time></trkpt><trkpt lon="-7.4180642" lat="40.1454058"><ele>542.0</ele><time>2026-05-22T10:09:15.200Z</time></trkpt><trkpt lon="-7.4178483" lat="40.1455217"><ele>543.2</ele><time>2026-05-22T10:09:18.300Z</time></trkpt><trkpt lon="-7.4176325" lat="40.1456375"><ele>544.4</ele><time>2026-05-22T10:09:21.400Z</time></trkpt><trkpt lon="-7.4174167" lat="40.1457533"><ele>545.6</ele><time>2026-05-22T10:09:24.400Z</time></trkpt><trkpt lon="-7.4172008" lat="40.1458692"><ele>546.2</ele><time>2026-05-22T10:09:26.700Z</time></trkpt><trkpt lon="-7.416985" lat="40.145985"><ele>546.8</ele><time>2026-05-22T10:09:28.900Z</time></trkpt><trkpt lon="-7.4165533" lat="40.1462167"><ele>547.9</ele><time>2026-05-22T10:09:33.300Z</time></trkpt><trkpt lon="-7.4163375" lat="40.1463325"><ele>548.2</ele><time>2026-05-22T10:09:35.300Z</time></trkpt><trkpt lon="-7.4161217" lat="40.1464483"><ele>548.5</ele><time>2026-05-22T10:09:37.300Z</time></trkpt><trkpt lon="-7.41569" lat="40.14668"><ele>549.1</ele><time>2026-05-22T10:09:41.300Z</time></trkpt><trkpt lon="-7.415505" lat="40.14681"><ele>549.5</ele><time>2026-05-22T10:09:43.300Z</time></trkpt><trkpt lon="-7.41532" lat="40.14694"><ele>550.0</ele><time>2026-05-22T10:09:45.400Z</time></trkpt><trkpt lon="-7.4152333" lat="40.1470983"><ele>550.7</ele><time>2026-05-22T10:09:47.600Z</time></trkpt><trkpt lon="-7.41506" lat="40.147415"><ele>552.2</ele><time>2026-05-22T10:09:52.100Z</time></trkpt><trkpt lon="-7.4149733" lat="40.1475733"><ele>553.0</ele><time>2026-05-22T10:09:54.300Z</time></trkpt><trkpt lon="-7.4148" lat="40.14789"><ele>554.4</ele><time>2026-05-22T10:09:58.700Z</time></trkpt><trkpt lon="-7.41483" lat="40.14817"><ele>556.0</ele><time>2026-05-22T10:10:02.800Z</time></trkpt><trkpt lon="-7.41502" lat="40.14846"><ele>557.3</ele><time>2026-05-22T10:10:06.900Z</time></trkpt><trkpt lon="-7.41506" lat="40.1486"><ele>557.9</ele><time>2026-05-22T10:10:08.600Z</time></trkpt><trkpt lon="-7.4150233" lat="40.14878"><ele>558.3</ele><time>2026-05-22T10:10:10.500Z</time></trkpt><trkpt lon="-7.41495" lat="40.14914"><ele>559.0</ele><time>2026-05-22T10:10:14.200Z</time></trkpt><trkpt lon="-7.41483" lat="40.14917"><ele>559.1</ele><time>2026-05-22T10:10:15.200Z</time></trkpt><trkpt lon="-7.41478" lat="40.14924"><ele>559.3</ele><time>2026-05-22T10:10:16.100Z</time></trkpt><trkpt lon="-7.4148" lat="40.14932"><ele>559.6</ele><time>2026-05-22T10:10:17.000Z</time></trkpt><trkpt lon="-7.4149" lat="40.14937"><ele>559.9</ele><time>2026-05-22T10:10:18.100Z</time></trkpt><trkpt lon="-7.4149" lat="40.14948"><ele>560.3</ele><time>2026-05-22T10:10:19.400Z</time></trkpt><trkpt lon="-7.41484" lat="40.14963"><ele>561.0</ele><time>2026-05-22T10:10:21.400Z</time></trkpt><trkpt lon="-7.41472" lat="40.14993"><ele>562.5</ele><time>2026-05-22T10:10:25.600Z</time></trkpt><trkpt lon="-7.41466" lat="40.15008"><ele>563.2</ele><time>2026-05-22T10:10:27.600Z</time></trkpt><trkpt lon="-7.41454" lat="40.15038"><ele>564.5</ele><time>2026-05-22T10:10:31.700Z</time></trkpt><trkpt lon="-7.41464" lat="40.15069"><ele>565.0</ele><time>2026-05-22T10:10:34.800Z</time></trkpt><trkpt lon="-7.41478" lat="40.150905"><ele>564.8</ele><time>2026-05-22T10:10:36.900Z</time></trkpt><trkpt lon="-7.41492" lat="40.15112"><ele>564.6</ele><time>2026-05-22T10:10:38.900Z</time></trkpt><trkpt lon="-7.41494" lat="40.15126"><ele>564.5</ele><time>2026-05-22T10:10:40.100Z</time></trkpt><trkpt lon="-7.41483" lat="40.15145"><ele>564.4</ele><time>2026-05-22T10:10:41.900Z</time></trkpt><trkpt lon="-7.4146733" lat="40.15162"><ele>564.4</ele><time>2026-05-22T10:10:43.700Z</time></trkpt><trkpt lon="-7.41436" lat="40.15196"><ele>564.2</ele><time>2026-05-22T10:10:47.300Z</time></trkpt><trkpt lon="-7.414075" lat="40.15208"><ele>564.0</ele><time>2026-05-22T10:10:49.400Z</time></trkpt><trkpt lon="-7.41379" lat="40.1522"><ele>563.7</ele><time>2026-05-22T10:10:51.500Z</time></trkpt><trkpt lon="-7.41355" lat="40.1522467"><ele>563.1</ele><time>2026-05-22T10:10:52.900Z</time></trkpt><trkpt lon="-7.41307" lat="40.15234"><ele>561.6</ele><time>2026-05-22T10:10:55.600Z</time></trkpt><trkpt lon="-7.413" lat="40.15243"><ele>560.9</ele><time>2026-05-22T10:10:56.300Z</time></trkpt><trkpt lon="-7.41288" lat="40.15273"><ele>558.5</ele><time>2026-05-22T10:10:58.200Z</time></trkpt><trkpt lon="-7.41276" lat="40.15289"><ele>557.4</ele><time>2026-05-22T10:10:59.400Z</time></trkpt><trkpt lon="-7.41257" lat="40.153095"><ele>556.7</ele><time>2026-05-22T10:11:01.400Z</time></trkpt><trkpt lon="-7.41238" lat="40.1533"><ele>555.9</ele><time>2026-05-22T10:11:03.200Z</time></trkpt><trkpt lon="-7.41239" lat="40.15342"><ele>554.5</ele><time>2026-05-22T10:11:04.000Z</time></trkpt><trkpt lon="-7.41264" lat="40.15373"><ele>553.5</ele><time>2026-05-22T10:11:06.800Z</time></trkpt><trkpt lon="-7.41267" lat="40.15388"><ele>552.9</ele><time>2026-05-22T10:11:07.800Z</time></trkpt><trkpt lon="-7.41262" lat="40.15399"><ele>552.5</ele><time>2026-05-22T10:11:08.700Z</time></trkpt><trkpt lon="-7.41241" lat="40.1542"><ele>551.2</ele><time>2026-05-22T10:11:10.500Z</time></trkpt><trkpt lon="-7.41239" lat="40.15432"><ele>550.1</ele><time>2026-05-22T10:11:11.200Z</time></trkpt><trkpt lon="-7.4124733" lat="40.15453"><ele>549.5</ele><time>2026-05-22T10:11:12.900Z</time></trkpt><trkpt lon="-7.41264" lat="40.15495"><ele>548.5</ele><time>2026-05-22T10:11:16.300Z</time></trkpt><trkpt lon="-7.41264" lat="40.15518"><ele>547.2</ele><time>2026-05-22T10:11:17.800Z</time></trkpt><trkpt lon="-7.41257" lat="40.1554125"><ele>546.1</ele><time>2026-05-22T10:11:19.500Z</time></trkpt><trkpt lon="-7.4125" lat="40.155645"><ele>545.1</ele><time>2026-05-22T10:11:21.100Z</time></trkpt><trkpt lon="-7.41243" lat="40.1558775"><ele>544.0</ele><time>2026-05-22T10:11:22.800Z</time></trkpt><trkpt lon="-7.41236" lat="40.15611"><ele>542.9</ele><time>2026-05-22T10:11:24.400Z</time></trkpt><trkpt lon="-7.4121" lat="40.15633"><ele>542.2</ele><time>2026-05-22T10:11:26.700Z</time></trkpt><trkpt lon="-7.41182" lat="40.15641"><ele>542.4</ele><time>2026-05-22T10:11:28.900Z</time></trkpt><trkpt lon="-7.412" lat="40.15654"><ele>542.7</ele><time>2026-05-22T10:11:30.700Z</time></trkpt><trkpt lon="-7.41216" lat="40.1567567"><ele>542.8</ele><time>2026-05-22T10:11:33.000Z</time></trkpt><trkpt lon="-7.41232" lat="40.1569733"><ele>542.9</ele><time>2026-05-22T10:11:35.300Z</time></trkpt><trkpt lon="-7.41248" lat="40.15719"><ele>542.9</ele><time>2026-05-22T10:11:37.500Z</time></trkpt><trkpt lon="-7.4125" lat="40.15732"><ele>542.8</ele><time>2026-05-22T10:11:38.600Z</time></trkpt><trkpt lon="-7.4124589" lat="40.1575456"><ele>542.4</ele><time>2026-05-22T10:11:40.500Z</time></trkpt><trkpt lon="-7.4124178" lat="40.1577711"><ele>542.0</ele><time>2026-05-22T10:11:42.300Z</time></trkpt><trkpt lon="-7.4123767" lat="40.1579967"><ele>541.6</ele><time>2026-05-22T10:11:44.100Z</time></trkpt><trkpt lon="-7.4123356" lat="40.1582222"><ele>540.9</ele><time>2026-05-22T10:11:45.800Z</time></trkpt><trkpt lon="-7.4122533" lat="40.1586733"><ele>539.5</ele><time>2026-05-22T10:11:49.200Z</time></trkpt><trkpt lon="-7.4122122" lat="40.1588989"><ele>539.0</ele><time>2026-05-22T10:11:51.000Z</time></trkpt><trkpt lon="-7.4121711" lat="40.1591244"><ele>538.5</ele><time>2026-05-22T10:11:52.800Z</time></trkpt><trkpt lon="-7.41213" lat="40.15935"><ele>538.1</ele><time>2026-05-22T10:11:54.600Z</time></trkpt><trkpt lon="-7.41222" lat="40.15968"><ele>537.9</ele><time>2026-05-22T10:11:57.500Z</time></trkpt><trkpt lon="-7.41234" lat="40.15978"><ele>537.8</ele><time>2026-05-22T10:11:58.700Z</time></trkpt><trkpt lon="-7.41253" lat="40.15987"><ele>537.7</ele><time>2026-05-22T10:12:00.100Z</time></trkpt><trkpt lon="-7.4128383" lat="40.1599567"><ele>537.2</ele><time>2026-05-22T10:12:02.100Z</time></trkpt><trkpt lon="-7.4131467" lat="40.1600433"><ele>536.7</ele><time>2026-05-22T10:12:04.100Z</time></trkpt><trkpt lon="-7.413455" lat="40.16013"><ele>536.2</ele><time>2026-05-22T10:12:06.100Z</time></trkpt><trkpt lon="-7.4137633" lat="40.1602167"><ele>535.7</ele><time>2026-05-22T10:12:08.100Z</time></trkpt><trkpt lon="-7.4140717" lat="40.1603033"><ele>535.2</ele><time>2026-05-22T10:12:10.100Z</time></trkpt><trkpt lon="-7.41438" lat="40.16039"><ele>534.7</ele><time>2026-05-22T10:12:12.100Z</time></trkpt><trkpt lon="-7.41464" lat="40.16048"><ele>534.0</ele><time>2026-05-22T10:12:13.700Z</time></trkpt><trkpt lon="-7.4148" lat="40.16059"><ele>533.6</ele><time>2026-05-22T10:12:14.900Z</time></trkpt><trkpt lon="-7.4150144" lat="40.1607811"><ele>533.2</ele><time>2026-05-22T10:12:17.000Z</time></trkpt><trkpt lon="-7.4152289" lat="40.1609722"><ele>532.8</ele><time>2026-05-22T10:12:19.000Z</time></trkpt><trkpt lon="-7.4154433" lat="40.1611633"><ele>532.3</ele><time>2026-05-22T10:12:21.000Z</time></trkpt><trkpt lon="-7.4156578" lat="40.1613544"><ele>530.7</ele><time>2026-05-22T10:12:22.700Z</time></trkpt><trkpt lon="-7.4158722" lat="40.1615456"><ele>528.9</ele><time>2026-05-22T10:12:24.300Z</time></trkpt><trkpt lon="-7.4160867" lat="40.1617367"><ele>527.3</ele><time>2026-05-22T10:12:25.900Z</time></trkpt><trkpt lon="-7.4163011" lat="40.1619278"><ele>526.9</ele><time>2026-05-22T10:12:27.900Z</time></trkpt><trkpt lon="-7.4165156" lat="40.1621189"><ele>526.5</ele><time>2026-05-22T10:12:30.000Z</time></trkpt><trkpt lon="-7.41673" lat="40.16231"><ele>526.2</ele><time>2026-05-22T10:12:32.100Z</time></trkpt><trkpt lon="-7.41689" lat="40.16241"><ele>526.2</ele><time>2026-05-22T10:12:33.500Z</time></trkpt><trkpt lon="-7.41713" lat="40.16247"><ele>526.3</ele><time>2026-05-22T10:12:35.200Z</time></trkpt><trkpt lon="-7.41729" lat="40.16247"><ele>526.2</ele><time>2026-05-22T10:12:36.300Z</time></trkpt><trkpt lon="-7.4175" lat="40.16243"><ele>526.0</ele><time>2026-05-22T10:12:37.600Z</time></trkpt><trkpt lon="-7.4177733" lat="40.1623433"><ele>525.5</ele><time>2026-05-22T10:12:39.400Z</time></trkpt><trkpt lon="-7.41832" lat="40.16217"><ele>524.5</ele><time>2026-05-22T10:12:43.000Z</time></trkpt><trkpt lon="-7.41881" lat="40.16208"><ele>522.6</ele><time>2026-05-22T10:12:45.500Z</time></trkpt><trkpt lon="-7.41917" lat="40.16207"><ele>520.9</ele><time>2026-05-22T10:12:47.300Z</time></trkpt><trkpt lon="-7.419485" lat="40.16203"><ele>519.7</ele><time>2026-05-22T10:12:49.000Z</time></trkpt><trkpt lon="-7.4198" lat="40.16199"><ele>518.6</ele><time>2026-05-22T10:12:50.700Z</time></trkpt><trkpt lon="-7.42001" lat="40.16194"><ele>518.0</ele><time>2026-05-22T10:12:51.900Z</time></trkpt><trkpt lon="-7.4202367" lat="40.1618633"><ele>517.7</ele><time>2026-05-22T10:12:53.400Z</time></trkpt><trkpt lon="-7.42069" lat="40.16171"><ele>517.3</ele><time>2026-05-22T10:12:56.600Z</time></trkpt><trkpt lon="-7.4208533" lat="40.1615867"><ele>517.4</ele><time>2026-05-22T10:12:58.200Z</time></trkpt><trkpt lon="-7.42118" lat="40.16134"><ele>517.7</ele><time>2026-05-22T10:13:01.600Z</time></trkpt><trkpt lon="-7.42135" lat="40.16124"><ele>518.0</ele><time>2026-05-22T10:13:03.200Z</time></trkpt><trkpt lon="-7.421655" lat="40.16111"><ele>517.9</ele><time>2026-05-22T10:13:05.600Z</time></trkpt><trkpt lon="-7.42196" lat="40.16098"><ele>517.7</ele><time>2026-05-22T10:13:07.800Z</time></trkpt><trkpt lon="-7.42222" lat="40.1609"><ele>516.8</ele><time>2026-05-22T10:13:09.300Z</time></trkpt><trkpt lon="-7.42247" lat="40.1608733"><ele>515.8</ele><time>2026-05-22T10:13:10.600Z</time></trkpt><trkpt lon="-7.42297" lat="40.16082"><ele>513.7</ele><time>2026-05-22T10:13:13.100Z</time></trkpt><trkpt lon="-7.4232" lat="40.16083"><ele>512.4</ele><time>2026-05-22T10:13:14.300Z</time></trkpt><trkpt lon="-7.4234967" lat="40.1608683"><ele>510.2</ele><time>2026-05-22T10:13:15.700Z</time></trkpt><trkpt lon="-7.42409" lat="40.160945"><ele>505.7</ele><time>2026-05-22T10:13:18.600Z</time></trkpt><trkpt lon="-7.4243867" lat="40.1609833"><ele>504.9</ele><time>2026-05-22T10:13:20.300Z</time></trkpt><trkpt lon="-7.4246833" lat="40.1610217"><ele>504.2</ele><time>2026-05-22T10:13:22.000Z</time></trkpt><trkpt lon="-7.42498" lat="40.16106"><ele>503.5</ele><time>2026-05-22T10:13:23.700Z</time></trkpt><trkpt lon="-7.42524" lat="40.16102"><ele>501.9</ele><time>2026-05-22T10:13:25.000Z</time></trkpt><trkpt lon="-7.42536" lat="40.16095"><ele>499.6</ele><time>2026-05-22T10:13:25.800Z</time></trkpt><trkpt lon="-7.4255175" lat="40.1607625"><ele>498.3</ele><time>2026-05-22T10:13:27.300Z</time></trkpt><trkpt lon="-7.425675" lat="40.160575"><ele>497.5</ele><time>2026-05-22T10:13:28.900Z</time></trkpt><trkpt lon="-7.42599" lat="40.1602"><ele>495.9</ele><time>2026-05-22T10:13:32.100Z</time></trkpt><trkpt lon="-7.42609" lat="40.16013"><ele>495.5</ele><time>2026-05-22T10:13:32.900Z</time></trkpt><trkpt lon="-7.42621" lat="40.16007"><ele>495.1</ele><time>2026-05-22T10:13:33.700Z</time></trkpt><trkpt lon="-7.4266" lat="40.16002"><ele>493.4</ele><time>2026-05-22T10:13:35.600Z</time></trkpt><trkpt lon="-7.42705" lat="40.15979"><ele>490.2</ele><time>2026-05-22T10:13:38.200Z</time></trkpt><trkpt lon="-7.42717" lat="40.1597"><ele>489.7</ele><time>2026-05-22T10:13:39.200Z</time></trkpt><trkpt lon="-7.42724" lat="40.15959"><ele>489.3</ele><time>2026-05-22T10:13:40.100Z</time></trkpt><trkpt lon="-7.42724" lat="40.15949"><ele>488.9</ele><time>2026-05-22T10:13:40.800Z</time></trkpt><trkpt lon="-7.42717" lat="40.15921"><ele>487.4</ele><time>2026-05-22T10:13:42.700Z</time></trkpt><trkpt lon="-7.42724" lat="40.15901"><ele>486.1</ele><time>2026-05-22T10:13:44.000Z</time></trkpt><trkpt lon="-7.42731" lat="40.15894"><ele>485.6</ele><time>2026-05-22T10:13:44.600Z</time></trkpt><trkpt lon="-7.42742" lat="40.15889"><ele>485.0</ele><time>2026-05-22T10:13:45.200Z</time></trkpt><trkpt lon="-7.42771" lat="40.1589"><ele>483.6</ele><time>2026-05-22T10:13:46.700Z</time></trkpt><trkpt lon="-7.42796" lat="40.15896"><ele>482.7</ele><time>2026-05-22T10:13:48.000Z</time></trkpt><trkpt lon="-7.42813" lat="40.15897"><ele>482.1</ele><time>2026-05-22T10:13:48.900Z</time></trkpt><trkpt lon="-7.4285" lat="40.15895"><ele>480.0</ele><time>2026-05-22T10:13:50.700Z</time></trkpt><trkpt lon="-7.42872" lat="40.15897"><ele>479.2</ele><time>2026-05-22T10:13:51.900Z</time></trkpt><trkpt lon="-7.42919" lat="40.15911"><ele>477.9</ele><time>2026-05-22T10:13:54.700Z</time></trkpt><trkpt lon="-7.42953" lat="40.15923"><ele>477.3</ele><time>2026-05-22T10:13:57.000Z</time></trkpt><trkpt lon="-7.42968" lat="40.1594"><ele>477.1</ele><time>2026-05-22T10:13:58.700Z</time></trkpt><trkpt lon="-7.42976" lat="40.15942"><ele>476.9</ele><time>2026-05-22T10:13:59.200Z</time></trkpt><trkpt lon="-7.43017" lat="40.15929"><ele>474.0</ele><time>2026-05-22T10:14:01.300Z</time></trkpt><trkpt lon="-7.4305" lat="40.1591"><ele>468.9</ele><time>2026-05-22T10:14:03.600Z</time></trkpt><trkpt lon="-7.43078" lat="40.159"><ele>463.9</ele><time>2026-05-22T10:14:05.200Z</time></trkpt><trkpt lon="-7.4310533" lat="40.1588267"><ele>461.7</ele><time>2026-05-22T10:14:06.900Z</time></trkpt><trkpt lon="-7.4313267" lat="40.1586533"><ele>459.9</ele><time>2026-05-22T10:14:08.700Z</time></trkpt><trkpt lon="-7.4316" lat="40.15848"><ele>457.8</ele><time>2026-05-22T10:14:10.400Z</time></trkpt><trkpt lon="-7.43172" lat="40.15824"><ele>453.8</ele><time>2026-05-22T10:14:12.200Z</time></trkpt><trkpt lon="-7.43177" lat="40.15817"><ele>452.7</ele><time>2026-05-22T10:14:12.800Z</time></trkpt><trkpt lon="-7.43177" lat="40.15805"><ele>451.2</ele><time>2026-05-22T10:14:13.700Z</time></trkpt><trkpt lon="-7.43174" lat="40.15782"><ele>449.2</ele><time>2026-05-22T10:14:15.100Z</time></trkpt><trkpt lon="-7.43167" lat="40.15769"><ele>448.2</ele><time>2026-05-22T10:14:16.000Z</time></trkpt><trkpt lon="-7.43162" lat="40.15749"><ele>447.5</ele><time>2026-05-22T10:14:17.500Z</time></trkpt><trkpt lon="-7.43166" lat="40.15737"><ele>447.4</ele><time>2026-05-22T10:14:18.500Z</time></trkpt><trkpt lon="-7.4317667" lat="40.1571833"><ele>447.2</ele><time>2026-05-22T10:14:20.200Z</time></trkpt><trkpt lon="-7.43198" lat="40.15681"><ele>446.7</ele><time>2026-05-22T10:14:23.600Z</time></trkpt><trkpt lon="-7.43203" lat="40.15652"><ele>446.6</ele><time>2026-05-22T10:14:26.200Z</time></trkpt><trkpt lon="-7.43212" lat="40.15638"><ele>446.5</ele><time>2026-05-22T10:14:27.500Z</time></trkpt><trkpt lon="-7.43233" lat="40.156245"><ele>446.0</ele><time>2026-05-22T10:14:29.100Z</time></trkpt><trkpt lon="-7.43254" lat="40.15611"><ele>445.3</ele><time>2026-05-22T10:14:30.700Z</time></trkpt><trkpt lon="-7.4328278" lat="40.1559933"><ele>444.5</ele><time>2026-05-22T10:14:32.500Z</time></trkpt><trkpt lon="-7.4331156" lat="40.1558767"><ele>443.7</ele><time>2026-05-22T10:14:34.400Z</time></trkpt><trkpt lon="-7.4334033" lat="40.15576"><ele>442.9</ele><time>2026-05-22T10:14:36.200Z</time></trkpt><trkpt lon="-7.4336911" lat="40.1556433"><ele>442.3</ele><time>2026-05-22T10:14:38.100Z</time></trkpt><trkpt lon="-7.4339789" lat="40.1555267"><ele>441.6</ele><time>2026-05-22T10:14:40.000Z</time></trkpt><trkpt lon="-7.4342667" lat="40.15541"><ele>441.0</ele><time>2026-05-22T10:14:41.900Z</time></trkpt><trkpt lon="-7.4345545" lat="40.1552933"><ele>440.6</ele><time>2026-05-22T10:14:44.000Z</time></trkpt><trkpt lon="-7.4348422" lat="40.1551767"><ele>440.3</ele><time>2026-05-22T10:14:46.100Z</time></trkpt><trkpt lon="-7.43513" lat="40.15506"><ele>440.0</ele><time>2026-05-22T10:14:48.100Z</time></trkpt><trkpt lon="-7.435465" lat="40.15499"><ele>439.5</ele><time>2026-05-22T10:14:50.200Z</time></trkpt><trkpt lon="-7.4358" lat="40.15492"><ele>438.9</ele><time>2026-05-22T10:14:52.300Z</time></trkpt><trkpt lon="-7.43608" lat="40.15484"><ele>438.4</ele><time>2026-05-22T10:14:54.100Z</time></trkpt><trkpt lon="-7.43627" lat="40.15474"><ele>438.2</ele><time>2026-05-22T10:14:55.500Z</time></trkpt><trkpt lon="-7.436495" lat="40.154575"><ele>438.1</ele><time>2026-05-22T10:14:57.600Z</time></trkpt><trkpt lon="-7.43672" lat="40.15441"><ele>438.0</ele><time>2026-05-22T10:14:59.600Z</time></trkpt><trkpt lon="-7.43688" lat="40.15436"><ele>438.0</ele><time>2026-05-22T10:15:00.800Z</time></trkpt><trkpt lon="-7.43716" lat="40.15432"><ele>438.2</ele><time>2026-05-22T10:15:02.900Z</time></trkpt><trkpt lon="-7.4374121" lat="40.1543008"><ele>438.5</ele><time>2026-05-22T10:15:04.800Z</time></trkpt><trkpt lon="-7.4376642" lat="40.1542817"><ele>438.8</ele><time>2026-05-22T10:15:06.800Z</time></trkpt><trkpt lon="-7.4381683" lat="40.1542434"><ele>439.4</ele><time>2026-05-22T10:15:10.700Z</time></trkpt><trkpt lon="-7.4384204" lat="40.1542242"><ele>439.9</ele><time>2026-05-22T10:15:12.800Z</time></trkpt><trkpt lon="-7.4386725" lat="40.154205"><ele>440.4</ele><time>2026-05-22T10:15:14.900Z</time></trkpt><trkpt lon="-7.4391767" lat="40.1541667"><ele>441.5</ele><time>2026-05-22T10:15:19.200Z</time></trkpt><trkpt lon="-7.4395128" lat="40.1541411"><ele>441.8</ele><time>2026-05-22T10:15:21.700Z</time></trkpt><trkpt lon="-7.4398489" lat="40.1541156"><ele>442.2</ele><time>2026-05-22T10:15:24.200Z</time></trkpt><trkpt lon="-7.440185" lat="40.15409"><ele>442.4</ele><time>2026-05-22T10:15:26.800Z</time></trkpt><trkpt lon="-7.4405211" lat="40.1540645"><ele>442.3</ele><time>2026-05-22T10:15:29.000Z</time></trkpt><trkpt lon="-7.4408572" lat="40.1540389"><ele>442.2</ele><time>2026-05-22T10:15:31.200Z</time></trkpt><trkpt lon="-7.4411933" lat="40.1540134"><ele>442.1</ele><time>2026-05-22T10:15:33.400Z</time></trkpt><trkpt lon="-7.4415295" lat="40.1539878"><ele>442.1</ele><time>2026-05-22T10:15:35.700Z</time></trkpt><trkpt lon="-7.4418656" lat="40.1539622"><ele>442.1</ele><time>2026-05-22T10:15:38.000Z</time></trkpt><trkpt lon="-7.4422017" lat="40.1539367"><ele>442.2</ele><time>2026-05-22T10:15:40.400Z</time></trkpt><trkpt lon="-7.4424538" lat="40.1539175"><ele>442.5</ele><time>2026-05-22T10:15:42.300Z</time></trkpt><trkpt lon="-7.4427058" lat="40.1538983"><ele>442.8</ele><time>2026-05-22T10:15:44.300Z</time></trkpt><trkpt lon="-7.44321" lat="40.15386"><ele>443.5</ele><time>2026-05-22T10:15:48.200Z</time></trkpt><trkpt lon="-7.4434975" lat="40.1538413"><ele>443.4</ele><time>2026-05-22T10:15:50.100Z</time></trkpt><trkpt lon="-7.443785" lat="40.1538225"><ele>443.3</ele><time>2026-05-22T10:15:52.000Z</time></trkpt><trkpt lon="-7.44436" lat="40.153785"><ele>443.0</ele><time>2026-05-22T10:15:55.800Z</time></trkpt><trkpt lon="-7.4446475" lat="40.1537663"><ele>442.5</ele><time>2026-05-22T10:15:57.500Z</time></trkpt><trkpt lon="-7.444935" lat="40.1537475"><ele>442.0</ele><time>2026-05-22T10:15:59.200Z</time></trkpt><trkpt lon="-7.44551" lat="40.15371"><ele>440.8</ele><time>2026-05-22T10:16:02.600Z</time></trkpt><trkpt lon="-7.44568" lat="40.15372"><ele>440.1</ele><time>2026-05-22T10:16:03.400Z</time></trkpt><trkpt lon="-7.44584" lat="40.15377"><ele>438.2</ele><time>2026-05-22T10:16:04.400Z</time></trkpt><trkpt lon="-7.44601" lat="40.15386"><ele>435.2</ele><time>2026-05-22T10:16:05.500Z</time></trkpt><trkpt lon="-7.4462325" lat="40.153995"><ele>433.9</ele><time>2026-05-22T10:16:06.900Z</time></trkpt><trkpt lon="-7.446455" lat="40.15413"><ele>433.0</ele><time>2026-05-22T10:16:08.500Z</time></trkpt><trkpt lon="-7.4469" lat="40.1544"><ele>431.3</ele><time>2026-05-22T10:16:11.500Z</time></trkpt><trkpt lon="-7.4471878" lat="40.1545178"><ele>430.3</ele><time>2026-05-22T10:16:13.300Z</time></trkpt><trkpt lon="-7.4474755" lat="40.1546356"><ele>429.3</ele><time>2026-05-22T10:16:15.100Z</time></trkpt><trkpt lon="-7.4477633" lat="40.1547533"><ele>428.3</ele><time>2026-05-22T10:16:16.900Z</time></trkpt><trkpt lon="-7.4480511" lat="40.1548711"><ele>427.7</ele><time>2026-05-22T10:16:18.800Z</time></trkpt><trkpt lon="-7.4483389" lat="40.1549889"><ele>427.0</ele><time>2026-05-22T10:16:20.700Z</time></trkpt><trkpt lon="-7.4486267" lat="40.1551067"><ele>426.4</ele><time>2026-05-22T10:16:22.600Z</time></trkpt><trkpt lon="-7.4489144" lat="40.1552244"><ele>426.1</ele><time>2026-05-22T10:16:24.700Z</time></trkpt><trkpt lon="-7.4492022" lat="40.1553422"><ele>426.0</ele><time>2026-05-22T10:16:26.800Z</time></trkpt><trkpt lon="-7.44949" lat="40.15546"><ele>425.8</ele><time>2026-05-22T10:16:28.900Z</time></trkpt><trkpt lon="-7.449785" lat="40.1555767"><ele>425.5</ele><time>2026-05-22T10:16:31.100Z</time></trkpt><trkpt lon="-7.45008" lat="40.1556933"><ele>425.2</ele><time>2026-05-22T10:16:33.200Z</time></trkpt><trkpt lon="-7.450375" lat="40.15581"><ele>425.0</ele><time>2026-05-22T10:16:35.300Z</time></trkpt><trkpt lon="-7.45067" lat="40.1559267"><ele>425.2</ele><time>2026-05-22T10:16:37.700Z</time></trkpt><trkpt lon="-7.450965" lat="40.1560433"><ele>425.3</ele><time>2026-05-22T10:16:40.000Z</time></trkpt><trkpt lon="-7.45126" lat="40.15616"><ele>425.5</ele><time>2026-05-22T10:16:42.400Z</time></trkpt><trkpt lon="-7.45157" lat="40.15624"><ele>425.4</ele><time>2026-05-22T10:16:44.600Z</time></trkpt><trkpt lon="-7.45197" lat="40.15623"><ele>424.8</ele><time>2026-05-22T10:16:47.000Z</time></trkpt><trkpt lon="-7.4522433" lat="40.1561767"><ele>424.5</ele><time>2026-05-22T10:16:48.800Z</time></trkpt><trkpt lon="-7.45279" lat="40.15607"><ele>424.0</ele><time>2026-05-22T10:16:52.300Z</time></trkpt><trkpt lon="-7.45295" lat="40.15602"><ele>423.9</ele><time>2026-05-22T10:16:53.500Z</time></trkpt><trkpt lon="-7.45321" lat="40.15589"><ele>424.0</ele><time>2026-05-22T10:16:55.600Z</time></trkpt><trkpt lon="-7.45346" lat="40.1557456"><ele>424.4</ele><time>2026-05-22T10:16:58.100Z</time></trkpt><trkpt lon="-7.45371" lat="40.1556011"><ele>424.8</ele><time>2026-05-22T10:17:00.500Z</time></trkpt><trkpt lon="-7.45396" lat="40.1554567"><ele>425.3</ele><time>2026-05-22T10:17:03.000Z</time></trkpt><trkpt lon="-7.4541475" lat="40.1553483"><ele>426.0</ele><time>2026-05-22T10:17:05.200Z</time></trkpt><trkpt lon="-7.454335" lat="40.15524"><ele>426.7</ele><time>2026-05-22T10:17:07.400Z</time></trkpt><trkpt lon="-7.45471" lat="40.1550233"><ele>428.2</ele><time>2026-05-22T10:17:12.000Z</time></trkpt><trkpt lon="-7.4548975" lat="40.154915"><ele>429.0</ele><time>2026-05-22T10:17:14.200Z</time></trkpt><trkpt lon="-7.455085" lat="40.1548067"><ele>429.8</ele><time>2026-05-22T10:17:16.500Z</time></trkpt><trkpt lon="-7.45546" lat="40.15459"><ele>431.2</ele><time>2026-05-22T10:17:21.000Z</time></trkpt><trkpt lon="-7.45572" lat="40.15445"><ele>431.9</ele><time>2026-05-22T10:17:23.700Z</time></trkpt><trkpt lon="-7.45599" lat="40.154355"><ele>432.7</ele><time>2026-05-22T10:17:26.400Z</time></trkpt><trkpt lon="-7.45626" lat="40.15426"><ele>433.6</ele><time>2026-05-22T10:17:29.200Z</time></trkpt><trkpt lon="-7.4565083" lat="40.1541833"><ele>434.8</ele><time>2026-05-22T10:17:32.200Z</time></trkpt><trkpt lon="-7.4567567" lat="40.1541067"><ele>436.0</ele><time>2026-05-22T10:17:35.400Z</time></trkpt><trkpt lon="-7.457005" lat="40.15403"><ele>437.2</ele><time>2026-05-22T10:17:38.500Z</time></trkpt><trkpt lon="-7.4572533" lat="40.1539533"><ele>438.4</ele><time>2026-05-22T10:17:41.500Z</time></trkpt><trkpt lon="-7.4575017" lat="40.1538767"><ele>439.2</ele><time>2026-05-22T10:17:44.000Z</time></trkpt><trkpt lon="-7.45775" lat="40.1538"><ele>439.8</ele><time>2026-05-22T10:17:46.300Z</time></trkpt><trkpt lon="-7.4582467" lat="40.1536467"><ele>441.2</ele><time>2026-05-22T10:17:51.000Z</time></trkpt><trkpt lon="-7.458495" lat="40.15357"><ele>441.3</ele><time>2026-05-22T10:17:52.900Z</time></trkpt><trkpt lon="-7.4587433" lat="40.1534933"><ele>441.4</ele><time>2026-05-22T10:17:54.800Z</time></trkpt><trkpt lon="-7.45924" lat="40.15334"><ele>441.4</ele><time>2026-05-22T10:17:58.500Z</time></trkpt><trkpt lon="-7.45964" lat="40.15334"><ele>440.9</ele><time>2026-05-22T10:18:00.900Z</time></trkpt><trkpt lon="-7.4599822" lat="40.1533772"><ele>440.9</ele><time>2026-05-22T10:18:03.300Z</time></trkpt><trkpt lon="-7.4603244" lat="40.1534145"><ele>441.0</ele><time>2026-05-22T10:18:05.700Z</time></trkpt><trkpt lon="-7.4606667" lat="40.1534517"><ele>441.2</ele><time>2026-05-22T10:18:08.200Z</time></trkpt><trkpt lon="-7.4609233" lat="40.1534796"><ele>442.2</ele><time>2026-05-22T10:18:10.900Z</time></trkpt><trkpt lon="-7.46118" lat="40.1535075"><ele>443.3</ele><time>2026-05-22T10:18:13.800Z</time></trkpt><trkpt lon="-7.4614367" lat="40.1535355"><ele>444.4</ele><time>2026-05-22T10:18:16.700Z</time></trkpt><trkpt lon="-7.4616933" lat="40.1535634"><ele>445.4</ele><time>2026-05-22T10:18:19.500Z</time></trkpt><trkpt lon="-7.46195" lat="40.1535913"><ele>446.0</ele><time>2026-05-22T10:18:21.700Z</time></trkpt><trkpt lon="-7.4622067" lat="40.1536192"><ele>446.5</ele><time>2026-05-22T10:18:23.800Z</time></trkpt><trkpt lon="-7.46272" lat="40.153675"><ele>447.4</ele><time>2026-05-22T10:18:28.100Z</time></trkpt><trkpt lon="-7.4629767" lat="40.153703"><ele>447.8</ele><time>2026-05-22T10:18:30.100Z</time></trkpt><trkpt lon="-7.4632333" lat="40.1537309"><ele>448.2</ele><time>2026-05-22T10:18:32.100Z</time></trkpt><trkpt lon="-7.4637467" lat="40.1537867"><ele>448.9</ele><time>2026-05-22T10:18:36.200Z</time></trkpt><trkpt lon="-7.4640033" lat="40.1538146"><ele>449.1</ele><time>2026-05-22T10:18:38.100Z</time></trkpt><trkpt lon="-7.46426" lat="40.1538425"><ele>449.2</ele><time>2026-05-22T10:18:39.900Z</time></trkpt><trkpt lon="-7.4647733" lat="40.1538984"><ele>449.5</ele><time>2026-05-22T10:18:43.600Z</time></trkpt><trkpt lon="-7.4651155" lat="40.1539356"><ele>449.5</ele><time>2026-05-22T10:18:46.000Z</time></trkpt><trkpt lon="-7.4654578" lat="40.1539728"><ele>449.4</ele><time>2026-05-22T10:18:48.300Z</time></trkpt><trkpt lon="-7.4658" lat="40.15401"><ele>449.3</ele><time>2026-05-22T10:18:50.600Z</time></trkpt><trkpt lon="-7.466105" lat="40.1540425"><ele>448.7</ele><time>2026-05-22T10:18:52.400Z</time></trkpt><trkpt lon="-7.46641" lat="40.154075"><ele>448.1</ele><time>2026-05-22T10:18:54.200Z</time></trkpt><trkpt lon="-7.466715" lat="40.1541075"><ele>447.7</ele><time>2026-05-22T10:18:56.100Z</time></trkpt><trkpt lon="-7.46702" lat="40.15414"><ele>447.3</ele><time>2026-05-22T10:18:58.000Z</time></trkpt><trkpt lon="-7.46721" lat="40.15415"><ele>446.7</ele><time>2026-05-22T10:18:59.000Z</time></trkpt><trkpt lon="-7.4674" lat="40.15413"><ele>446.1</ele><time>2026-05-22T10:19:00.000Z</time></trkpt><trkpt lon="-7.4676467" lat="40.1540483"><ele>444.6</ele><time>2026-05-22T10:19:01.300Z</time></trkpt><trkpt lon="-7.46814" lat="40.153885"><ele>441.5</ele><time>2026-05-22T10:19:03.900Z</time></trkpt><trkpt lon="-7.4683867" lat="40.1538033"><ele>440.5</ele><time>2026-05-22T10:19:05.300Z</time></trkpt><trkpt lon="-7.46888" lat="40.15364"><ele>438.6</ele><time>2026-05-22T10:19:08.100Z</time></trkpt><trkpt lon="-7.46914" lat="40.1535633"><ele>438.5</ele><time>2026-05-22T10:19:10.000Z</time></trkpt><trkpt lon="-7.46966" lat="40.15341"><ele>438.7</ele><time>2026-05-22T10:19:13.900Z</time></trkpt><trkpt lon="-7.47005" lat="40.15333"><ele>440.0</ele><time>2026-05-22T10:19:17.900Z</time></trkpt><trkpt lon="-7.47031" lat="40.153305"><ele>441.3</ele><time>2026-05-22T10:19:20.900Z</time></trkpt><trkpt lon="-7.47057" lat="40.15328"><ele>442.5</ele><time>2026-05-22T10:19:24.100Z</time></trkpt><trkpt lon="-7.47083" lat="40.153255"><ele>443.8</ele><time>2026-05-22T10:19:27.200Z</time></trkpt><trkpt lon="-7.47109" lat="40.15323"><ele>444.8</ele><time>2026-05-22T10:19:30.000Z</time></trkpt><trkpt lon="-7.47135" lat="40.153205"><ele>445.8</ele><time>2026-05-22T10:19:32.700Z</time></trkpt><trkpt lon="-7.47161" lat="40.15318"><ele>446.8</ele><time>2026-05-22T10:19:35.500Z</time></trkpt><trkpt lon="-7.47182" lat="40.15315"><ele>447.9</ele><time>2026-05-22T10:19:38.200Z</time></trkpt><trkpt lon="-7.47203" lat="40.15312"><ele>449.2</ele><time>2026-05-22T10:19:41.100Z</time></trkpt><trkpt lon="-7.47216" lat="40.15301"><ele>450.5</ele><time>2026-05-22T10:19:43.900Z</time></trkpt><trkpt lon="-7.47238" lat="40.15277"><ele>452.0</ele><time>2026-05-22T10:19:48.100Z</time></trkpt><trkpt lon="-7.472615" lat="40.152655"><ele>453.0</ele><time>2026-05-22T10:19:50.900Z</time></trkpt><trkpt lon="-7.47285" lat="40.15254"><ele>453.8</ele><time>2026-05-22T10:19:53.500Z</time></trkpt><trkpt lon="-7.47299" lat="40.1524"><ele>453.8</ele><time>2026-05-22T10:19:55.000Z</time></trkpt><trkpt lon="-7.47325" lat="40.15224"><ele>453.8</ele><time>2026-05-22T10:19:57.300Z</time></trkpt><trkpt lon="-7.47351" lat="40.15208"><ele>453.9</ele><time>2026-05-22T10:19:59.600Z</time></trkpt><trkpt lon="-7.47381" lat="40.15195"><ele>455.7</ele><time>2026-05-22T10:20:03.900Z</time></trkpt><trkpt lon="-7.47395" lat="40.15179"><ele>456.5</ele><time>2026-05-22T10:20:06.400Z</time></trkpt><trkpt lon="-7.47425" lat="40.15174"><ele>457.2</ele><time>2026-05-22T10:20:09.000Z</time></trkpt><trkpt lon="-7.47437" lat="40.15169"><ele>457.4</ele><time>2026-05-22T10:20:10.100Z</time></trkpt><trkpt lon="-7.4745817" lat="40.1515833"><ele>457.5</ele><time>2026-05-22T10:20:11.900Z</time></trkpt><trkpt lon="-7.475005" lat="40.15137"><ele>457.8</ele><time>2026-05-22T10:20:15.500Z</time></trkpt><trkpt lon="-7.4752167" lat="40.1512633"><ele>458.1</ele><time>2026-05-22T10:20:17.500Z</time></trkpt><trkpt lon="-7.47564" lat="40.15105"><ele>459.0</ele><time>2026-05-22T10:20:21.500Z</time></trkpt><trkpt lon="-7.47578" lat="40.1508275"><ele>459.1</ele><time>2026-05-22T10:20:23.800Z</time></trkpt><trkpt lon="-7.47592" lat="40.150605"><ele>459.2</ele><time>2026-05-22T10:20:26.100Z</time></trkpt><trkpt lon="-7.47606" lat="40.1503825"><ele>459.5</ele><time>2026-05-22T10:20:28.500Z</time></trkpt><trkpt lon="-7.4762" lat="40.15016"><ele>459.8</ele><time>2026-05-22T10:20:30.900Z</time></trkpt><trkpt lon="-7.4762933" lat="40.1499683"><ele>460.0</ele><time>2026-05-22T10:20:32.800Z</time></trkpt><trkpt lon="-7.47648" lat="40.149585"><ele>460.3</ele><time>2026-05-22T10:20:36.700Z</time></trkpt><trkpt lon="-7.4765733" lat="40.1493933"><ele>460.6</ele><time>2026-05-22T10:20:38.800Z</time></trkpt><trkpt lon="-7.47676" lat="40.14901"><ele>461.4</ele><time>2026-05-22T10:20:43.000Z</time></trkpt><trkpt lon="-7.47679" lat="40.14887"><ele>461.8</ele><time>2026-05-22T10:20:44.600Z</time></trkpt><trkpt lon="-7.47688" lat="40.1486"><ele>462.4</ele><time>2026-05-22T10:20:47.500Z</time></trkpt><trkpt lon="-7.47697" lat="40.14843"><ele>463.2</ele><time>2026-05-22T10:20:49.800Z</time></trkpt><trkpt lon="-7.4770967" lat="40.1482567"><ele>464.1</ele><time>2026-05-22T10:20:52.500Z</time></trkpt><trkpt lon="-7.4772233" lat="40.1480833"><ele>465.1</ele><time>2026-05-22T10:20:55.200Z</time></trkpt><trkpt lon="-7.47735" lat="40.14791"><ele>466.0</ele><time>2026-05-22T10:20:57.700Z</time></trkpt><trkpt lon="-7.4774767" lat="40.1477367"><ele>465.7</ele><time>2026-05-22T10:20:59.400Z</time></trkpt><trkpt lon="-7.47773" lat="40.14739"><ele>464.8</ele><time>2026-05-22T10:21:02.500Z</time></trkpt><trkpt lon="-7.47787" lat="40.14731"><ele>463.4</ele><time>2026-05-22T10:21:03.300Z</time></trkpt><trkpt lon="-7.478" lat="40.14728"><ele>462.3</ele><time>2026-05-22T10:21:04.000Z</time></trkpt><trkpt lon="-7.4782667" lat="40.14728"><ele>461.6</ele><time>2026-05-22T10:21:05.500Z</time></trkpt><trkpt lon="-7.4788" lat="40.14728"><ele>460.7</ele><time>2026-05-22T10:21:08.700Z</time></trkpt><trkpt lon="-7.4790667" lat="40.14728"><ele>460.8</ele><time>2026-05-22T10:21:10.600Z</time></trkpt><trkpt lon="-7.4796" lat="40.14728"><ele>461.1</ele><time>2026-05-22T10:21:14.400Z</time></trkpt><trkpt lon="-7.4798667" lat="40.14728"><ele>461.2</ele><time>2026-05-22T10:21:16.300Z</time></trkpt><trkpt lon="-7.4804" lat="40.14728"><ele>461.5</ele><time>2026-05-22T10:21:20.100Z</time></trkpt><trkpt lon="-7.4807" lat="40.14721"><ele>461.8</ele><time>2026-05-22T10:21:22.500Z</time></trkpt><trkpt lon="-7.48086" lat="40.14712"><ele>462.0</ele><time>2026-05-22T10:21:24.000Z</time></trkpt><trkpt lon="-7.48106" lat="40.14697"><ele>462.2</ele><time>2026-05-22T10:21:26.100Z</time></trkpt><trkpt lon="-7.48117" lat="40.1467"><ele>462.6</ele><time>2026-05-22T10:21:28.900Z</time></trkpt><trkpt lon="-7.48117" lat="40.1465"><ele>463.3</ele><time>2026-05-22T10:21:31.200Z</time></trkpt><trkpt lon="-7.48117" lat="40.1463"><ele>464.0</ele><time>2026-05-22T10:21:33.600Z</time></trkpt><trkpt lon="-7.4811967" lat="40.1461333"><ele>464.4</ele><time>2026-05-22T10:21:35.400Z</time></trkpt><trkpt lon="-7.48125" lat="40.1458"><ele>465.2</ele><time>2026-05-22T10:21:38.900Z</time></trkpt><trkpt lon="-7.48136" lat="40.14559"><ele>465.7</ele><time>2026-05-22T10:21:41.300Z</time></trkpt><trkpt lon="-7.481475" lat="40.1454225"><ele>466.2</ele><time>2026-05-22T10:21:43.400Z</time></trkpt><trkpt lon="-7.48159" lat="40.145255"><ele>466.7</ele><time>2026-05-22T10:21:45.400Z</time></trkpt><trkpt lon="-7.48182" lat="40.14492"><ele>467.7</ele><time>2026-05-22T10:21:49.500Z</time></trkpt><trkpt lon="-7.48195" lat="40.1447533"><ele>468.8</ele><time>2026-05-22T10:21:52.400Z</time></trkpt><trkpt lon="-7.48208" lat="40.1445867"><ele>470.0</ele><time>2026-05-22T10:21:55.400Z</time></trkpt><trkpt lon="-7.48221" lat="40.14442"><ele>471.2</ele><time>2026-05-22T10:21:58.400Z</time></trkpt><trkpt lon="-7.48229" lat="40.14423"><ele>472.5</ele><time>2026-05-22T10:22:01.600Z</time></trkpt><trkpt lon="-7.482405" lat="40.1440175"><ele>473.3</ele><time>2026-05-22T10:22:04.300Z</time></trkpt><trkpt lon="-7.48252" lat="40.143805"><ele>474.1</ele><time>2026-05-22T10:22:07.000Z</time></trkpt><trkpt lon="-7.482635" lat="40.1435925"><ele>474.9</ele><time>2026-05-22T10:22:09.700Z</time></trkpt><trkpt lon="-7.48275" lat="40.14338"><ele>475.7</ele><time>2026-05-22T10:22:12.400Z</time></trkpt><trkpt lon="-7.48289" lat="40.14324"><ele>476.0</ele><time>2026-05-22T10:22:14.200Z</time></trkpt><trkpt lon="-7.48311" lat="40.143065"><ele>476.6</ele><time>2026-05-22T10:22:16.800Z</time></trkpt><trkpt lon="-7.48333" lat="40.14289"><ele>477.3</ele><time>2026-05-22T10:22:19.400Z</time></trkpt><trkpt lon="-7.48347" lat="40.14281"><ele>477.5</ele><time>2026-05-22T10:22:20.800Z</time></trkpt><trkpt lon="-7.48369" lat="40.14275"><ele>477.7</ele><time>2026-05-22T10:22:22.500Z</time></trkpt><trkpt lon="-7.48392" lat="40.14273"><ele>477.7</ele><time>2026-05-22T10:22:24.100Z</time></trkpt><trkpt lon="-7.48413" lat="40.14272"><ele>477.7</ele><time>2026-05-22T10:22:25.500Z</time></trkpt><trkpt lon="-7.484475" lat="40.14274"><ele>477.6</ele><time>2026-05-22T10:22:27.800Z</time></trkpt><trkpt lon="-7.48482" lat="40.14276"><ele>477.6</ele><time>2026-05-22T10:22:30.100Z</time></trkpt><trkpt lon="-7.48514" lat="40.14277"><ele>477.5</ele><time>2026-05-22T10:22:32.300Z</time></trkpt><trkpt lon="-7.4854" lat="40.14273"><ele>477.5</ele><time>2026-05-22T10:22:34.100Z</time></trkpt><trkpt lon="-7.4858" lat="40.14252"><ele>478.0</ele><time>2026-05-22T10:22:37.700Z</time></trkpt><trkpt lon="-7.48589" lat="40.1424"><ele>478.4</ele><time>2026-05-22T10:22:39.300Z</time></trkpt><trkpt lon="-7.4859767" lat="40.1422167"><ele>478.6</ele><time>2026-05-22T10:22:41.200Z</time></trkpt><trkpt lon="-7.48615" lat="40.14185"><ele>478.9</ele><time>2026-05-22T10:22:44.900Z</time></trkpt><trkpt lon="-7.48633" lat="40.14156"><ele>479.2</ele><time>2026-05-22T10:22:47.900Z</time></trkpt><trkpt lon="-7.48648" lat="40.1412"><ele>479.5</ele><time>2026-05-22T10:22:51.500Z</time></trkpt><trkpt lon="-7.48659" lat="40.14111"><ele>479.5</ele><time>2026-05-22T10:22:52.600Z</time></trkpt><trkpt lon="-7.4868933" lat="40.1410767"><ele>479.4</ele><time>2026-05-22T10:22:54.600Z</time></trkpt><trkpt lon="-7.4871967" lat="40.1410433"><ele>479.3</ele><time>2026-05-22T10:22:56.600Z</time></trkpt><trkpt lon="-7.4875" lat="40.14101"><ele>479.1</ele><time>2026-05-22T10:22:58.600Z</time></trkpt><trkpt lon="-7.48772" lat="40.14095"><ele>479.1</ele><time>2026-05-22T10:23:00.200Z</time></trkpt><trkpt lon="-7.4880033" lat="40.14084"><ele>479.1</ele><time>2026-05-22T10:23:02.400Z</time></trkpt><trkpt lon="-7.4882867" lat="40.14073"><ele>479.1</ele><time>2026-05-22T10:23:04.500Z</time></trkpt><trkpt lon="-7.48857" lat="40.14062"><ele>479.1</ele><time>2026-05-22T10:23:06.700Z</time></trkpt><trkpt lon="-7.4888433" lat="40.14055"><ele>479.3</ele><time>2026-05-22T10:23:08.700Z</time></trkpt><trkpt lon="-7.4891167" lat="40.14048"><ele>479.4</ele><time>2026-05-22T10:23:10.800Z</time></trkpt><trkpt lon="-7.48939" lat="40.14041"><ele>479.6</ele><time>2026-05-22T10:23:12.900Z</time></trkpt><trkpt lon="-7.4896333" lat="40.1403383"><ele>479.6</ele><time>2026-05-22T10:23:14.700Z</time></trkpt><trkpt lon="-7.49012" lat="40.140195"><ele>479.7</ele><time>2026-05-22T10:23:18.200Z</time></trkpt><trkpt lon="-7.4903633" lat="40.1401233"><ele>479.9</ele><time>2026-05-22T10:23:20.200Z</time></trkpt><trkpt lon="-7.49085" lat="40.13998"><ele>480.4</ele><time>2026-05-22T10:23:24.100Z</time></trkpt><trkpt lon="-7.49123" lat="40.13992"><ele>480.6</ele><time>2026-05-22T10:23:26.900Z</time></trkpt><trkpt lon="-7.49138" lat="40.13986"><ele>480.8</ele><time>2026-05-22T10:23:28.200Z</time></trkpt><trkpt lon="-7.4915" lat="40.13979"><ele>481.0</ele><time>2026-05-22T10:23:29.300Z</time></trkpt><trkpt lon="-7.49153" lat="40.13973"><ele>481.3</ele><time>2026-05-22T10:23:30.200Z</time></trkpt><trkpt lon="-7.49156" lat="40.13958"><ele>481.3</ele><time>2026-05-22T10:23:31.600Z</time></trkpt><trkpt lon="-7.49155" lat="40.13942"><ele>481.6</ele><time>2026-05-22T10:23:33.200Z</time></trkpt><trkpt lon="-7.491475" lat="40.13923"><ele>482.7</ele><time>2026-05-22T10:23:36.100Z</time></trkpt><trkpt lon="-7.4914" lat="40.13904"><ele>483.8</ele><time>2026-05-22T10:23:39.000Z</time></trkpt><trkpt lon="-7.491355" lat="40.138875"><ele>484.8</ele><time>2026-05-22T10:23:41.500Z</time></trkpt><trkpt lon="-7.49131" lat="40.13871"><ele>485.9</ele><time>2026-05-22T10:23:44.200Z</time></trkpt><trkpt lon="-7.49129" lat="40.1385"><ele>488.4</ele><time>2026-05-22T10:23:49.100Z</time></trkpt><trkpt lon="-7.4913167" lat="40.13833"><ele>490.2</ele><time>2026-05-22T10:23:52.800Z</time></trkpt><trkpt lon="-7.4913433" lat="40.13816"><ele>491.9</ele><time>2026-05-22T10:23:56.400Z</time></trkpt><trkpt lon="-7.49137" lat="40.13799"><ele>493.7</ele><time>2026-05-22T10:24:00.100Z</time></trkpt><trkpt lon="-7.49143" lat="40.13781"><ele>495.9</ele><time>2026-05-22T10:24:04.500Z</time></trkpt><trkpt lon="-7.4915211" lat="40.1376211"><ele>497.0</ele><time>2026-05-22T10:24:07.300Z</time></trkpt><trkpt lon="-7.4916122" lat="40.1374322"><ele>497.9</ele><time>2026-05-22T10:24:09.900Z</time></trkpt><trkpt lon="-7.4917033" lat="40.1372433"><ele>498.7</ele><time>2026-05-22T10:24:12.400Z</time></trkpt><trkpt lon="-7.4917944" lat="40.1370544"><ele>499.2</ele><time>2026-05-22T10:24:14.600Z</time></trkpt><trkpt lon="-7.4919767" lat="40.1366767"><ele>500.0</ele><time>2026-05-22T10:24:18.800Z</time></trkpt><trkpt lon="-7.4920678" lat="40.1364878"><ele>500.2</ele><time>2026-05-22T10:24:20.700Z</time></trkpt><trkpt lon="-7.49225" lat="40.13611"><ele>500.5</ele><time>2026-05-22T10:24:24.500Z</time></trkpt><trkpt lon="-7.4923833" lat="40.1358867"><ele>500.6</ele><time>2026-05-22T10:24:26.700Z</time></trkpt><trkpt lon="-7.4925167" lat="40.1356633"><ele>500.7</ele><time>2026-05-22T10:24:29.000Z</time></trkpt><trkpt lon="-7.49265" lat="40.13544"><ele>500.8</ele><time>2026-05-22T10:24:31.200Z</time></trkpt><trkpt lon="-7.4928133" lat="40.1352467"><ele>500.9</ele><time>2026-05-22T10:24:33.300Z</time></trkpt><trkpt lon="-7.4929767" lat="40.1350533"><ele>501.0</ele><time>2026-05-22T10:24:35.500Z</time></trkpt><trkpt lon="-7.49314" lat="40.13486"><ele>501.1</ele><time>2026-05-22T10:24:37.600Z</time></trkpt><trkpt lon="-7.49333" lat="40.1346933"><ele>501.3</ele><time>2026-05-22T10:24:39.700Z</time></trkpt><trkpt lon="-7.49352" lat="40.1345267"><ele>501.5</ele><time>2026-05-22T10:24:41.700Z</time></trkpt><trkpt lon="-7.49371" lat="40.13436"><ele>501.6</ele><time>2026-05-22T10:24:43.800Z</time></trkpt><trkpt lon="-7.4939" lat="40.1341933"><ele>501.8</ele><time>2026-05-22T10:24:45.900Z</time></trkpt><trkpt lon="-7.49409" lat="40.1340267"><ele>501.9</ele><time>2026-05-22T10:24:48.000Z</time></trkpt><trkpt lon="-7.49428" lat="40.13386"><ele>502.1</ele><time>2026-05-22T10:24:50.100Z</time></trkpt><trkpt lon="-7.49464" lat="40.1337"><ele>502.5</ele><time>2026-05-22T10:24:53.200Z</time></trkpt><trkpt lon="-7.49483" lat="40.13369"><ele>502.7</ele><time>2026-05-22T10:24:54.700Z</time></trkpt><trkpt lon="-7.49516" lat="40.13374"><ele>503.0</ele><time>2026-05-22T10:24:57.100Z</time></trkpt><trkpt lon="-7.49538" lat="40.133845"><ele>503.4</ele><time>2026-05-22T10:24:59.200Z</time></trkpt><trkpt lon="-7.4956" lat="40.13395"><ele>503.8</ele><time>2026-05-22T10:25:01.200Z</time></trkpt><trkpt lon="-7.49598" lat="40.13415"><ele>504.5</ele><time>2026-05-22T10:25:04.900Z</time></trkpt><trkpt lon="-7.49624" lat="40.13428"><ele>505.7</ele><time>2026-05-22T10:25:08.200Z</time></trkpt><trkpt lon="-7.49642" lat="40.13433"><ele>506.5</ele><time>2026-05-22T10:25:10.400Z</time></trkpt><trkpt lon="-7.496735" lat="40.1343317"><ele>507.0</ele><time>2026-05-22T10:25:12.900Z</time></trkpt><trkpt lon="-7.49705" lat="40.1343333"><ele>507.3</ele><time>2026-05-22T10:25:15.300Z</time></trkpt><trkpt lon="-7.497365" lat="40.134335"><ele>507.6</ele><time>2026-05-22T10:25:17.600Z</time></trkpt><trkpt lon="-7.49768" lat="40.1343367"><ele>507.5</ele><time>2026-05-22T10:25:19.700Z</time></trkpt><trkpt lon="-7.497995" lat="40.1343383"><ele>507.4</ele><time>2026-05-22T10:25:21.800Z</time></trkpt><trkpt lon="-7.49831" lat="40.13434"><ele>507.3</ele><time>2026-05-22T10:25:23.800Z</time></trkpt><trkpt lon="-7.49847" lat="40.13436"><ele>507.2</ele><time>2026-05-22T10:25:24.900Z</time></trkpt><trkpt lon="-7.49854" lat="40.13441"><ele>507.3</ele><time>2026-05-22T10:25:25.600Z</time></trkpt><trkpt lon="-7.49861" lat="40.13442"><ele>507.4</ele><time>2026-05-22T10:25:26.200Z</time></trkpt><trkpt lon="-7.49868" lat="40.13437"><ele>507.6</ele><time>2026-05-22T10:25:27.100Z</time></trkpt><trkpt lon="-7.49889" lat="40.13426"><ele>508.2</ele><time>2026-05-22T10:25:29.200Z</time></trkpt><trkpt lon="-7.4991" lat="40.13421"><ele>509.4</ele><time>2026-05-22T10:25:32.000Z</time></trkpt><trkpt lon="-7.49952" lat="40.13411"><ele>512.0</ele><time>2026-05-22T10:25:38.000Z</time></trkpt><trkpt lon="-7.49987" lat="40.13409"><ele>514.0</ele><time>2026-05-22T10:25:42.600Z</time></trkpt><trkpt lon="-7.50013" lat="40.13411"><ele>515.1</ele><time>2026-05-22T10:25:45.500Z</time></trkpt><trkpt lon="-7.5004044" lat="40.13417"><ele>515.7</ele><time>2026-05-22T10:25:47.900Z</time></trkpt><trkpt lon="-7.5006789" lat="40.13423"><ele>516.3</ele><time>2026-05-22T10:25:50.300Z</time></trkpt><trkpt lon="-7.5009533" lat="40.13429"><ele>516.9</ele><time>2026-05-22T10:25:52.700Z</time></trkpt><trkpt lon="-7.5012278" lat="40.13435"><ele>517.7</ele><time>2026-05-22T10:25:55.300Z</time></trkpt><trkpt lon="-7.5015022" lat="40.13441"><ele>518.5</ele><time>2026-05-22T10:25:57.900Z</time></trkpt><trkpt lon="-7.5017767" lat="40.13447"><ele>519.3</ele><time>2026-05-22T10:26:00.600Z</time></trkpt><trkpt lon="-7.5020511" lat="40.13453"><ele>520.1</ele><time>2026-05-22T10:26:03.200Z</time></trkpt><trkpt lon="-7.5023256" lat="40.13459"><ele>520.9</ele><time>2026-05-22T10:26:05.700Z</time></trkpt><trkpt lon="-7.5026" lat="40.13465"><ele>521.5</ele><time>2026-05-22T10:26:08.100Z</time></trkpt><trkpt lon="-7.50284" lat="40.1347333"><ele>520.6</ele><time>2026-05-22T10:26:09.500Z</time></trkpt><trkpt lon="-7.50332" lat="40.1349"><ele>518.3</ele><time>2026-05-22T10:26:12.100Z</time></trkpt><trkpt lon="-7.5035433" lat="40.1350567"><ele>517.1</ele><time>2026-05-22T10:26:13.700Z</time></trkpt><trkpt lon="-7.5037667" lat="40.1352133"><ele>515.8</ele><time>2026-05-22T10:26:15.200Z</time></trkpt><trkpt lon="-7.50399" lat="40.13537"><ele>514.7</ele><time>2026-05-22T10:26:16.700Z</time></trkpt><trkpt lon="-7.504" lat="40.13555"><ele>513.9</ele><time>2026-05-22T10:26:18.000Z</time></trkpt><trkpt lon="-7.50394" lat="40.13557"><ele>513.7</ele><time>2026-05-22T10:26:18.400Z</time></trkpt><trkpt lon="-7.50391" lat="40.13561"><ele>513.4</ele><time>2026-05-22T10:26:18.700Z</time></trkpt><trkpt lon="-7.50393" lat="40.13567"><ele>513.3</ele><time>2026-05-22T10:26:19.200Z</time></trkpt><trkpt lon="-7.50401" lat="40.13568"><ele>513.3</ele><time>2026-05-22T10:26:19.700Z</time></trkpt><trkpt lon="-7.50428" lat="40.13558"><ele>513.0</ele><time>2026-05-22T10:26:21.600Z</time></trkpt><trkpt lon="-7.50433" lat="40.13553"><ele>512.6</ele><time>2026-05-22T10:26:22.000Z</time></trkpt><trkpt lon="-7.50462" lat="40.13554"><ele>511.8</ele><time>2026-05-22T10:26:23.600Z</time></trkpt><trkpt lon="-7.505" lat="40.13558"><ele>509.8</ele><time>2026-05-22T10:26:25.500Z</time></trkpt><trkpt lon="-7.50495" lat="40.13586"><ele>506.4</ele><time>2026-05-22T10:26:27.500Z</time></trkpt><trkpt lon="-7.50495" lat="40.1361"><ele>503.8</ele><time>2026-05-22T10:26:29.200Z</time></trkpt><trkpt lon="-7.50497" lat="40.136345"><ele>502.2</ele><time>2026-05-22T10:26:30.700Z</time></trkpt><trkpt lon="-7.50499" lat="40.13659"><ele>500.8</ele><time>2026-05-22T10:26:32.300Z</time></trkpt><trkpt lon="-7.50501" lat="40.13667"><ele>500.4</ele><time>2026-05-22T10:26:32.900Z</time></trkpt><trkpt lon="-7.5050867" lat="40.1368767"><ele>499.8</ele><time>2026-05-22T10:26:34.500Z</time></trkpt><trkpt lon="-7.50524" lat="40.13729"><ele>498.7</ele><time>2026-05-22T10:26:37.900Z</time></trkpt><trkpt lon="-7.5053233" lat="40.1375"><ele>498.4</ele><time>2026-05-22T10:26:39.600Z</time></trkpt><trkpt lon="-7.50549" lat="40.13792"><ele>497.6</ele><time>2026-05-22T10:26:43.200Z</time></trkpt><trkpt lon="-7.5055" lat="40.13816"><ele>497.3</ele><time>2026-05-22T10:26:45.100Z</time></trkpt><trkpt lon="-7.5054925" lat="40.138415"><ele>496.9</ele><time>2026-05-22T10:26:47.200Z</time></trkpt><trkpt lon="-7.505485" lat="40.13867"><ele>496.6</ele><time>2026-05-22T10:26:49.300Z</time></trkpt><trkpt lon="-7.5054775" lat="40.138925"><ele>496.1</ele><time>2026-05-22T10:26:51.400Z</time></trkpt><trkpt lon="-7.50547" lat="40.13918"><ele>495.6</ele><time>2026-05-22T10:26:53.400Z</time></trkpt><trkpt lon="-7.50543" lat="40.13919"><ele>495.5</ele><time>2026-05-22T10:26:53.600Z</time></trkpt><trkpt lon="-7.50536" lat="40.13924"><ele>495.2</ele><time>2026-05-22T10:26:54.100Z</time></trkpt><trkpt lon="-7.50539" lat="40.13932"><ele>494.7</ele><time>2026-05-22T10:26:54.700Z</time></trkpt><trkpt lon="-7.50537" lat="40.13946"><ele>493.8</ele><time>2026-05-22T10:26:55.600Z</time></trkpt><trkpt lon="-7.5053225" lat="40.139705"><ele>491.5</ele><time>2026-05-22T10:26:57.200Z</time></trkpt><trkpt lon="-7.505275" lat="40.13995"><ele>489.2</ele><time>2026-05-22T10:26:58.700Z</time></trkpt><trkpt lon="-7.5052275" lat="40.140195"><ele>487.5</ele><time>2026-05-22T10:27:00.300Z</time></trkpt><trkpt lon="-7.50518" lat="40.14044"><ele>485.9</ele><time>2026-05-22T10:27:01.900Z</time></trkpt><trkpt lon="-7.50513" lat="40.14057"><ele>485.5</ele><time>2026-05-22T10:27:02.900Z</time></trkpt><trkpt lon="-7.50506" lat="40.1406"><ele>485.2</ele><time>2026-05-22T10:27:03.300Z</time></trkpt><trkpt lon="-7.50501" lat="40.14063"><ele>484.8</ele><time>2026-05-22T10:27:03.600Z</time></trkpt><trkpt lon="-7.50502" lat="40.14072"><ele>483.3</ele><time>2026-05-22T10:27:04.300Z</time></trkpt><trkpt lon="-7.50493" lat="40.14083"><ele>480.5</ele><time>2026-05-22T10:27:05.200Z</time></trkpt><trkpt lon="-7.5047613" lat="40.1410106"><ele>479.2</ele><time>2026-05-22T10:27:06.600Z</time></trkpt><trkpt lon="-7.5045925" lat="40.1411913"><ele>478.3</ele><time>2026-05-22T10:27:08.200Z</time></trkpt><trkpt lon="-7.504255" lat="40.1415525"><ele>476.5</ele><time>2026-05-22T10:27:11.400Z</time></trkpt><trkpt lon="-7.5040863" lat="40.1417331"><ele>474.7</ele><time>2026-05-22T10:27:12.800Z</time></trkpt><trkpt lon="-7.5039175" lat="40.1419138"><ele>472.9</ele><time>2026-05-22T10:27:14.100Z</time></trkpt><trkpt lon="-7.50358" lat="40.142275"><ele>469.4</ele><time>2026-05-22T10:27:16.900Z</time></trkpt><trkpt lon="-7.5034113" lat="40.1424556"><ele>468.6</ele><time>2026-05-22T10:27:18.500Z</time></trkpt><trkpt lon="-7.5032425" lat="40.1426363"><ele>467.9</ele><time>2026-05-22T10:27:20.200Z</time></trkpt><trkpt lon="-7.502905" lat="40.1429975"><ele>466.7</ele><time>2026-05-22T10:27:23.600Z</time></trkpt><trkpt lon="-7.5027363" lat="40.1431781"><ele>467.3</ele><time>2026-05-22T10:27:26.000Z</time></trkpt><trkpt lon="-7.5025675" lat="40.1433588"><ele>468.0</ele><time>2026-05-22T10:27:28.600Z</time></trkpt><trkpt lon="-7.5023988" lat="40.1435394"><ele>468.7</ele><time>2026-05-22T10:27:31.100Z</time></trkpt><trkpt lon="-7.50223" lat="40.14372"><ele>469.5</ele><time>2026-05-22T10:27:33.700Z</time></trkpt><trkpt lon="-7.50215" lat="40.14372"><ele>469.8</ele><time>2026-05-22T10:27:34.500Z</time></trkpt><trkpt lon="-7.50206" lat="40.14376"><ele>470.1</ele><time>2026-05-22T10:27:35.500Z</time></trkpt><trkpt lon="-7.50203" lat="40.14382"><ele>470.4</ele><time>2026-05-22T10:27:36.400Z</time></trkpt><trkpt lon="-7.50205" lat="40.14389"><ele>470.9</ele><time>2026-05-22T10:27:37.500Z</time></trkpt><trkpt lon="-7.50192" lat="40.1440325"><ele>472.4</ele><time>2026-05-22T10:27:40.800Z</time></trkpt><trkpt lon="-7.50179" lat="40.144175"><ele>474.0</ele><time>2026-05-22T10:27:44.300Z</time></trkpt><trkpt lon="-7.50166" lat="40.1443175"><ele>475.6</ele><time>2026-05-22T10:27:47.700Z</time></trkpt><trkpt lon="-7.50153" lat="40.14446"><ele>477.1</ele><time>2026-05-22T10:27:51.100Z</time></trkpt><trkpt lon="-7.5013" lat="40.14466"><ele>479.2</ele><time>2026-05-22T10:27:55.800Z</time></trkpt><trkpt lon="-7.50112" lat="40.14473"><ele>479.9</ele><time>2026-05-22T10:27:57.800Z</time></trkpt><trkpt lon="-7.5008767" lat="40.1447283"><ele>480.6</ele><time>2026-05-22T10:28:00.100Z</time></trkpt><trkpt lon="-7.50039" lat="40.144725"><ele>482.1</ele><time>2026-05-22T10:28:04.700Z</time></trkpt><trkpt lon="-7.5001467" lat="40.1447233"><ele>482.0</ele><time>2026-05-22T10:28:06.300Z</time></trkpt><trkpt lon="-7.49966" lat="40.14472"><ele>481.7</ele><time>2026-05-22T10:28:09.400Z</time></trkpt><trkpt lon="-7.4994033" lat="40.1447733"><ele>481.3</ele><time>2026-05-22T10:28:11.000Z</time></trkpt><trkpt lon="-7.49889" lat="40.14488"><ele>480.6</ele><time>2026-05-22T10:28:14.300Z</time></trkpt><trkpt lon="-7.49874" lat="40.1448"><ele>480.7</ele><time>2026-05-22T10:28:15.700Z</time></trkpt><trkpt lon="-7.49862" lat="40.14471"><ele>481.2</ele><time>2026-05-22T10:28:17.200Z</time></trkpt><trkpt lon="-7.4984917" lat="40.14451"><ele>481.5</ele><time>2026-05-22T10:28:19.400Z</time></trkpt><trkpt lon="-7.4983633" lat="40.14431"><ele>481.7</ele><time>2026-05-22T10:28:21.500Z</time></trkpt><trkpt lon="-7.498235" lat="40.14411"><ele>481.9</ele><time>2026-05-22T10:28:23.700Z</time></trkpt><trkpt lon="-7.4981067" lat="40.14391"><ele>482.3</ele><time>2026-05-22T10:28:25.900Z</time></trkpt><trkpt lon="-7.4979783" lat="40.14371"><ele>482.7</ele><time>2026-05-22T10:28:28.200Z</time></trkpt><trkpt lon="-7.49785" lat="40.14351"><ele>483.1</ele><time>2026-05-22T10:28:30.500Z</time></trkpt><trkpt lon="-7.4977567" lat="40.1433533"><ele>483.6</ele><time>2026-05-22T10:28:32.400Z</time></trkpt><trkpt lon="-7.49757" lat="40.14304"><ele>484.7</ele><time>2026-05-22T10:28:36.300Z</time></trkpt><trkpt lon="-7.4974767" lat="40.1428833"><ele>485.2</ele><time>2026-05-22T10:28:38.200Z</time></trkpt><trkpt lon="-7.49729" lat="40.14257"><ele>486.2</ele><time>2026-05-22T10:28:42.100Z</time></trkpt><trkpt lon="-7.49724" lat="40.14246"><ele>486.8</ele><time>2026-05-22T10:28:43.700Z</time></trkpt><trkpt lon="-7.49722" lat="40.142265"><ele>487.3</ele><time>2026-05-22T10:28:45.900Z</time></trkpt><trkpt lon="-7.4972" lat="40.14207"><ele>487.7</ele><time>2026-05-22T10:28:47.900Z</time></trkpt><trkpt lon="-7.4972033" lat="40.1418867"><ele>487.9</ele><time>2026-05-22T10:28:49.700Z</time></trkpt><trkpt lon="-7.49721" lat="40.14152"><ele>488.2</ele><time>2026-05-22T10:28:53.100Z</time></trkpt><trkpt lon="-7.49738" lat="40.1413"><ele>488.3</ele><time>2026-05-22T10:28:55.400Z</time></trkpt><trkpt lon="-7.49746" lat="40.14124"><ele>488.3</ele><time>2026-05-22T10:28:56.200Z</time></trkpt><trkpt lon="-7.49742" lat="40.14103"><ele>488.4</ele><time>2026-05-22T10:28:58.200Z</time></trkpt><trkpt lon="-7.4976333" lat="40.1408467"><ele>488.5</ele><time>2026-05-22T10:29:00.400Z</time></trkpt><trkpt lon="-7.4978467" lat="40.1406633"><ele>488.7</ele><time>2026-05-22T10:29:02.700Z</time></trkpt><trkpt lon="-7.49806" lat="40.14048"><ele>488.9</ele><time>2026-05-22T10:29:05.100Z</time></trkpt><trkpt lon="-7.4982294" lat="40.1403425"><ele>489.7</ele><time>2026-05-22T10:29:07.400Z</time></trkpt><trkpt lon="-7.4983988" lat="40.140205"><ele>490.5</ele><time>2026-05-22T10:29:09.900Z</time></trkpt><trkpt lon="-7.4987375" lat="40.13993"><ele>492.2</ele><time>2026-05-22T10:29:14.800Z</time></trkpt><trkpt lon="-7.4989069" lat="40.1397925"><ele>492.9</ele><time>2026-05-22T10:29:17.100Z</time></trkpt><trkpt lon="-7.4990763" lat="40.139655"><ele>493.7</ele><time>2026-05-22T10:29:19.400Z</time></trkpt><trkpt lon="-7.499415" lat="40.13938"><ele>495.1</ele><time>2026-05-22T10:29:24.000Z</time></trkpt><trkpt lon="-7.4995844" lat="40.1392425"><ele>496.1</ele><time>2026-05-22T10:29:26.600Z</time></trkpt><trkpt lon="-7.4997538" lat="40.139105"><ele>497.0</ele><time>2026-05-22T10:29:29.200Z</time></trkpt><trkpt lon="-7.5000925" lat="40.13883"><ele>498.9</ele><time>2026-05-22T10:29:34.400Z</time></trkpt><trkpt lon="-7.5003183" lat="40.1386467"><ele>499.4</ele><time>2026-05-22T10:29:37.000Z</time></trkpt><trkpt lon="-7.5005442" lat="40.1384633"><ele>500.0</ele><time>2026-05-22T10:29:39.700Z</time></trkpt><trkpt lon="-7.50077" lat="40.1382800174769"><ele>500.5</ele><time>2026-05-22T10:29:42.300Z</time></trkpt></trkseg></trk></gpx>