id,start_date_local,name,type,moving_time,distance,elapsed_time,total_elevation_gain,max_speed,average_speed,has_heartrate,max_heartrate,average_heartrate,average_cadence,calories,device_watts,icu_average_watts,icu_normalized_watts,icu_joules,icu_intensity,icu_training_load,icu_training_load_edited,icu_rpe,pace,icu_fatigue,icu_fitness,icu_eftp,icu_variability,icu_efficiency,trainer,commute,race,sub_type,icu_ftp,icu_w_prime,p_max,threshold_pace,power_load,hr_load,pace_load,icu_resting_hr,lthr,hr_z1,hr_z2,hr_z3,hr_z4,hr_z5,hr_z6,hr_max,hr_z1_secs,hr_z2_secs,hr_z3_secs,hr_z4_secs,hr_z5_secs,hr_z6_secs,hr_z7_secs,z1_secs,z2_secs,z3_secs,z4_secs,z5_secs,z6_secs,z7_secs,sweet_spot_secs,icu_weight,icu_ignore_power,icu_ignore_hr,icu_ignore_time,icu_recording_time,icu_warmup_time,icu_cooldown_time,icu_hrrc,icu_hrrc_start_bpm,icu_power_spike_threshold,icu_pm_ftp,icu_pm_cp,icu_pm_w_prime,icu_pm_p_max,start_date,icu_sync_date,timezone,file_type,external_id,compliance,gear,description
i147782194,2026-05-13T13:03:24,"Road Cycling","Ride",689,4755.31,752,44.0,12.671,6.926,,,,73.071655,111,true,136,153,94728,45.0,4,,,6.9017563,167.2583,150.69713,331,1.125,,,false,false,,340,,,,4,,,54,180,144,161,168,179,184,189,198,,,,,,,,593,89,7,0,0,0,0,0,66.0,false,false,false,697,0,0,,,,132,130,9859,390,2026-05-13T09:03:24Z,2026-05-13T09:16:31Z,,"fit","22864324496",,"Specialized Tarmac Pro 2016",
i147779234,2026-05-13T09:35:19,"#4 Tour de Azerbaïdjan","Ride",11684,153535.56,11702,1082.0,21.47,13.142,true,179,140,84.78986,2800,true,214,264,2506972,77.64706,196,,,13.140668,167.2583,150.69713,331,1.2336448,1.8857143,,false,false,,340,,,,196,139,,54,180,144,161,168,179,184,189,198,7050,3182,834,607,0,0,0,4953,2134,1586,1470,778,572,191,1380,66.0,false,false,false,11701,1200,600,,,,325,318,27621,1112,2026-05-13T05:35:19Z,2026-05-13T08:58:55Z,,"fit","22864196852",,"Specialized Tarmac Pro 2016",
i147777854,2026-05-13T08:25:28,"Road Cycling","Ride",698,4662.03,3264,32.0,11.001,6.732,true,128,108,72.28293,97,true,110,139,80973,40.882355,3,,,6.679126,167.2583,150.69713,331,1.2636364,1.287037,,false,false,,340,,,,3,3,,54,180,144,161,168,179,184,189,198,698,0,0,0,0,0,0,594,60,16,7,7,9,5,8,66.0,false,false,false,733,0,0,,,,114,112,8516,712,2026-05-13T04:25:28Z,2026-05-13T08:52:43Z,,"fit","22864154232",,"Specialized Tarmac Pro 2016",
i147454869,2026-05-12T09:20:11,"#3 - Tour de Azerbaïdjan","Ride",12523,164360.23,12523,960.0,21.806,13.125,true,179,138,84.74682,2848,true,202,264,2535312,77.64706,210,,,13.124669,161.76962,149.43687,331,1.3069307,1.9130435,,false,false,,340,,,,210,144,,55,180,144,161,168,179,184,189,198,7165,4274,574,511,0,0,0,5783,2147,1652,1411,770,528,233,1391,66.0,false,false,false,12522,1200,600,,,,306,300,25183,1013,2026-05-12T05:20:11Z,2026-05-12T09:37:54Z,,"fit","22852213711",,"Specialized Tarmac Pro 2016",
i147399282,2026-05-12T08:36:20,"Road Cycling","Ride",197,1164.9,261,10.0,8.5,5.633,true,116,102,71.18519,20,true,69,105,15410,30.882353,1,,,5.913198,161.76962,149.43687,331,1.5217391,1.0294118,,false,false,,340,,,,1,1,,55,180,144,161,168,179,184,189,198,185,0,0,0,0,0,0,197,0,0,0,0,0,0,0,66.0,false,false,false,223,0,0,,,,,,,235,2026-05-12T04:36:20Z,2026-05-12T04:42:30Z,,"fit","22850193171",,"Specialized Tarmac Pro 2016",
i147169766,2026-05-11T08:10:55,"#2 - Tour de Azerbaïdjan (2.1)","Ride",18476,199815.0,18476,2428.0,24.866,10.815,,,,85.434,4945,true,243,287,4494493,84.411766,366,,,10.814841,154.20956,147.95349,331,1.18107,,,false,false,,340,,,,366,,,50,180,144,161,168,179,184,189,198,,,,,,,,5573,3622,3563,3145,1422,753,399,3126,66.0,false,false,false,18475,1200,600,,,,322,315,26672,1047,2026-05-11T04:10:55Z,2026-05-11T09:33:53Z,,"fit","22840598781",,"Specialized Tarmac Pro 2016","Crosswinds 😵‍💫"
i146906831,2026-05-10T09:20:49,"#1 - Tour de Azerbaïdjan (2.1)","Ride",13164,163096.5,13164,747.0,20.248,12.39,true,185,136,86.37389,3042,true,207,245,2719839,72.05882,190,,,12.3895855,121.68596,142.69962,331,1.1835749,1.8014706,,false,false,,340,,,,190,146,,48,180,144,161,168,179,184,189,198,9924,2209,541,362,106,23,0,5579,4246,1638,845,372,314,171,1005,66.0,false,false,false,13163,1200,600,,,,295,289,24908,1034,2026-05-10T05:20:49Z,2026-05-10T09:06:50Z,,"fit","22829070306",,"Specialized Tarmac Pro 2016","Boring and then carnage"
i146653894,2026-05-09T10:05:15,"Activation","Ride",7178,72392.16,9240,558.0,15.713,10.092,true,182,132,83.06389,1723,true,214,260,1554131,76.47059,117,,5,10.085282,111.19531,141.5599,332,1.2149533,1.969697,,false,false,,340,,,,117,74,,48,180,144,161,168,179,184,189,198,5738,720,205,466,59,0,0,2482,2886,667,547,371,173,52,489,66.0,false,false,false,7274,1200,600,30,182,,325,318,27614,1288,2026-05-09T06:05:15Z,2026-05-09T08:40:34Z,,"fit","22816906838",,"Specialized Tarmac Pro 2016",
i146424385,2026-05-08T10:44:29,"Azerbaijan 🇦🇿","Ride",9211,91769.07,10926,578.0,16.926,9.981,true,154,123,80.856766,2255,true,217,231,2039800,67.94118,118,,,9.962987,110.30392,142.15169,332,1.0645162,1.8780488,,false,false,,340,,,,118,71,,50,180,144,161,168,179,184,189,198,9056,160,0,0,0,0,0,1239,6415,1312,225,17,3,0,385,66.0,false,false,false,9381,1200,600,,,,246,241,20588,582,2026-05-08T06:44:29Z,2026-05-08T09:47:51Z,,"fit","22806233896",,"Specialized Tarmac Pro 2016",
i145888646,2026-05-06T10:22:16,"Girona - 2 x 20' PUP + 40's","Ride",10657,88854.48,12221,1673.0,15.899,8.365,true,177,137,77.76129,2623,true,219,267,2373378,78.52941,183,,6,8.337664,125.8794,146.17282,333,1.2191781,1.9489051,,false,false,,340,,,,183,125,,50,180,144,161,168,179,184,189,198,7035,1916,782,924,0,0,0,2670,4407,1899,1007,101,535,38,1941,66.0,false,false,false,10840,1200,600,,,,313,307,25369,635,2026-05-06T08:22:16Z,2026-05-06T12:43:57Z,,"fit","22784650890",,"Specialized Tarmac Pro 2016",
i145686353,2026-05-05T16:22:57,"Girona Road Cycling","Ride",7257,57126.73,7753,824.0,19.221,7.893,true,145,116,77.15066,1537,true,184,206,1367168,60.588234,74,,,7.8719487,117.10768,145.28546,333,1.1195652,1.7758621,,false,false,,340,,,,74,46,,50,180,144,161,168,179,184,189,198,7249,8,0,0,0,0,0,2607,4044,500,65,33,8,0,146,66.0,false,false,false,7415,1200,600,,,,204,199,18537,527,2026-05-05T14:22:57Z,2026-05-05T16:39:00Z,,"fit","22775065348",,"Specialized Tarmac Pro 2016",
i145123280,2026-05-03T14:07:04,"Cotonou Road Cycling","Ride",3302,38272.41,3711,76.0,16.329,11.606,,,,90.69732,967,true,196,282,652451,82.94118,63,,,11.590675,142.72772,150.54517,334,1.4387755,,,false,false,,340,,,,63,,,52,180,144,161,168,179,184,189,198,,,,,,,,1532,436,414,356,246,185,133,367,66.0,false,false,false,3333,1200,600,,,,289,283,24777,1170,2026-05-03T13:07:04Z,2026-05-03T17:31:00Z,,"fit","22753019824",,"Specialized Tarmac Pro 2016",
i145123222,2026-05-03T12:26:07,"Abomey-Calavi Road Cycling","Ride",2022,16165.4,5758,40.0,10.544,8.03,,,,72.21679,210,true,78,101,161130,29.705883,5,,,7.9947577,142.72772,150.54517,334,1.2948718,,,false,false,,340,,,,5,,,52,180,144,161,168,179,184,189,198,,,,,,,,1957,58,7,0,0,0,0,2,66.0,false,false,false,2059,1200,600,,,,98,96,7303,366,2026-05-03T11:26:07Z,2026-05-03T17:30:51Z,,"fit","22753018009",,"Specialized Tarmac Pro 2016",
i145123170,2026-05-02T12:33:48,"Cotonou Road Cycling","Ride",1452,10277.25,2885,33.0,9.051,7.088,true,119,109,74.17417,192,true,109,119,158356,35.0,5,,,7.077996,154.2033,152.5341,334,1.0917431,1.0917431,,false,false,,340,,,,5,4,,50,180,144,161,168,179,184,189,198,693,0,0,0,0,0,0,1415,32,2,2,1,0,0,0,66.0,false,false,false,1449,0,0,,,,108,106,8106,555,2026-05-02T11:33:48Z,2026-05-03T17:30:42Z,,"fit","22753016725",,"Specialized Tarmac Pro 2016",
i145123142,2026-05-02T08:05:09,"Zogbodomey Road Cycling","Ride",11393,128195.62,11434,386.0,18.158,11.251,,,,85.20408,2350,true,182,219,2079066,64.411766,131,,,11.252139,154.2033,152.5341,334,1.2032967,,,false,false,,340,,,,131,,,50,180,144,161,168,179,184,189,198,,,,,,,,6519,3329,814,272,156,170,133,370,66.0,false,false,false,11433,1200,600,,,,277,271,23634,1096,2026-05-02T07:05:09Z,2026-05-03T17:30:37Z,,"fit","22753015269",,"Specialized Tarmac Pro 2016",
i144580839,2026-05-01T09:21:04,"Tour du Benin - Étape 4","Ride",10560,127269.25,10580,581.0,19.697,12.053,,,,85.85932,2485,true,211,278,2231479,81.76471,196,,,12.052012,156.99869,152.9325,334,1.3175355,,,false,false,,340,,,,196,,,51,180,144,161,168,179,184,189,198,,,,,,,,5272,2290,992,628,456,477,445,695,66.0,false,false,false,10579,1200,600,,,,295,289,24908,1185,2026-05-01T08:21:04Z,2026-05-01T14:15:02Z,,"fit","22726573066",,"Specialized Tarmac Pro 2016",
i144474153,2026-04-30T09:43:32,"Tour du benin - Étape 3","Ride",14921,171225.73,14975,1087.0,18.615,11.476,true,107,93,83.72118,3298,true,156,247,2338353,72.64706,219,,,11.475487,151.00945,151.89478,334,1.5833334,2.655914,,false,false,,340,,,,219,0,,49,180,144,161,168,179,184,189,198,104,0,0,0,0,0,0,9371,2691,1063,619,379,425,373,686,66.0,false,false,false,14974,1200,600,,,,294,288,24892,1178,2026-04-30T08:43:32Z,2026-05-01T07:38:39Z,,"fit","22721619158",,"Specialized Tarmac Pro 2016","Mechanical day!! \nMerci l’équipe 🤛"
i144009993,2026-04-29T09:01:34,"Tour du benin - Étape 2","Ride",13520,155182.94,13539,963.0,19.725,11.479,true,177,131,84.88919,2901,true,189,248,2557685,72.94118,200,,,11.478028,140.56848,150.27786,334,1.3121693,1.8931298,,false,false,,340,,,,200,133,,48,180,144,161,168,179,184,189,198,11127,2017,248,128,0,0,0,6960,3115,1560,799,418,359,309,955,66.0,false,false,false,13538,1200,600,,,,275,269,23364,1143,2026-04-29T08:01:34Z,2026-04-29T11:52:34Z,,"fit","22700983728",,"Specialized Tarmac Pro 2016",
i143651726,2026-04-28T08:31:07,"Tour du Benin Étape 1 - 🥈","Ride",10085,126691.02,10087,986.0,20.024,12.565,true,196,159,90.51719,2803,true,254,310,2565830,91.17647,233,,,12.562323,131.44188,149.0798,335,1.2204725,1.9496856,,false,false,,340,,,,233,186,,48,180,144,161,168,179,184,189,198,1219,4635,2111,1489,442,174,15,2928,2174,1705,1524,1004,474,276,1440,66.0,false,false,false,10086,1200,600,23,180,,323,316,26984,1290,2026-04-28T07:31:07Z,2026-04-28T10:36:09Z,,"fit","22687514014",,"Specialized Tarmac Pro 2016",
i143312334,2026-04-27T09:48:51,"Cotonou Cyclisme sur route","Ride",925,5219.88,1424,19.0,8.211,5.678,true,72,72,71.86252,92,true,75,89,70573,26.17647,2,,,5.6431136,115.846115,147.05772,334,1.1866666,1.2361112,,false,false,,340,,,,2,0,,46,180,144,161,168,179,184,189,198,11,0,0,0,0,0,0,910,15,0,0,0,0,0,0,66.0,false,false,false,947,0,0,,,,75,74,5657,260,2026-04-27T08:48:51Z,2026-04-27T09:13:38Z,,"fit","22674700780",,"Specialized Tarmac Pro 2016",
i143306568,2026-04-27T09:26:57,"Cotonou Cyclisme sur route","Ride",368,4796.69,374,9.0,14.257,13.03,,,,93.01929,159,true,403,401,150348,117.94118,14,,,13.034484,115.846115,147.05772,335,0.9950372,,,false,false,,340,,,,14,,,46,180,144,161,168,179,184,189,198,,,,,,,,10,3,1,23,125,178,28,9,66.0,false,false,false,373,0,0,,,,335,327,29652,747,2026-04-27T08:26:57Z,2026-04-27T08:37:46Z,,"fit","22674448608",,"Specialized Tarmac Pro 2016",
i143300086,2026-04-27T08:59:40,"Vélo d'intérieur","VirtualRide",855,,855,,,0.0,true,168,142,88.937874,224,true,239,275,203861,80.882355,16,,,,115.846115,147.05772,334,1.1506276,1.9366198,true,false,false,,340,,,,16,11,,46,180,144,161,168,179,184,189,198,451,291,114,0,0,0,0,280,286,79,95,51,58,7,63,66.0,false,false,false,854,0,0,,,,247,242,20619,621,2026-04-27T07:59:40Z,2026-04-27T08:14:16Z,,"fit","22674291448",,"Specialized Tarmac Pro 2016",
i143297746,2026-04-27T08:57:38,"Cotonou - TT Warm-UP","Ride",6,,29,0.0,0.0,0.0,true,97,92,80.0,1,true,15,9,428,2.6470587,0,,,,115.846115,147.05772,334,0.6,0.097826086,,false,false,,340,,,,0,0,,46,180,144,161,168,179,184,189,198,6,0,0,0,0,0,0,6,0,0,0,0,0,0,0,66.0,false,false,false,28,0,0,,,,,,,83,2026-04-27T07:57:38Z,2026-04-27T07:58:41Z,,"fit","22674181355",,"Specialized Tarmac Pro 2016",
i143107290,2026-04-26T10:15:29,"Abomey-Calavi - Activation","Ride",7251,69127.35,8537,122.0,15.013,9.532,true,179,126,,1223,,,,,57.160534,66,,5,9.533492,128.72194,149.83006,335,,,,false,false,,340,,,,,66,,47,180,144,161,168,179,184,189,198,6053,509,246,451,0,0,0,,,,,,,,,66.0,false,false,false,7272,1200,600,,,,,,,,2026-04-26T09:15:29Z,2026-04-26T14:08:23Z,,"fit","22666904592",,"Specialized Tarmac Pro 2016",
i142858720,2026-04-25T10:49:13,"Abomey-Calavi Road Cycling","Ride",6735,63529.61,6928,409.0,13.25,9.429,true,136,115,,912,,,,,47.26566,42,,,9.432755,138.35384,151.84998,335,,,,false,false,,340,,,,,42,,49,180,144,161,168,179,184,189,198,6742,0,0,0,0,0,0,,,,,,,,,66.0,false,false,false,6768,1200,600,,,,,,,,2026-04-25T09:49:13Z,2026-04-25T15:15:16Z,,"fit","22655522696",,"Specialized Tarmac Pro 2016",
i142234097,2026-04-23T10:05:27,"Girona Road Cycling","Ride",5902,44371.37,6002,625.0,17.346,7.528,true,139,121,78.63866,1353,true,202,220,1214658,64.70588,69,,,7.518023,162.54099,156.00272,336,1.089109,1.8181819,,false,false,,340,,,,69,43,,50,180,144,161,168,179,184,189,198,5902,0,0,0,0,0,0,1167,4141,448,109,25,10,2,178,66.0,false,false,false,6001,1200,600,,,,220,215,18284,595,2026-04-23T08:05:27Z,2026-04-23T09:49:51Z,,"fit","22628084166",,"Specialized Tarmac Pro 2016",
i142004601,2026-04-22T09:34:41,"Girona - Over - Unders","Ride",14931,134304.1,16260,1960.0,16.721,9.016,true,179,142,82.803085,4004,true,241,288,3655826,84.70588,298,,8,8.994983,170.14874,157.03888,336,1.1950208,2.028169,,false,false,,340,,,,298,201,,50,180,144,161,168,179,184,189,198,8587,1935,1664,2745,0,0,0,3328,4443,3686,1990,382,1083,19,3610,66.0,false,false,false,15172,1200,600,,,,333,325,29214,647,2026-04-22T07:34:41Z,2026-04-22T12:56:13Z,,"fit","22617882828",,"Specialized Tarmac Pro 2016",
i141861878,2026-04-21T17:08:48,"Girona Road Cycling","Ride",4228,28573.88,4649,424.0,18.242,6.77,true,135,104,77.04683,742,true,151,181,643557,53.235294,33,,,6.7582498,150.51526,153.6424,336,1.1986755,1.7403846,,false,false,,340,,,,33,20,,49,180,144,161,168,179,184,189,198,4228,0,0,0,0,0,0,2583,1545,49,6,8,26,11,9,66.0,false,false,false,4258,1200,600,,,,187,184,13770,760,2026-04-21T15:08:48Z,2026-04-21T20:36:33Z,,"fit","22611015230",,"Specialized Tarmac Pro 2016",
i141392585,2026-04-20T09:36:25,"Girona - (30/15's x10) x 3","Ride",10266,88351.89,11539,1234.0,16.459,8.63,true,182,134,82.19412,2505,true,216,269,2264600,79.117645,179,,8,8.606262,158.8869,155.0313,336,1.2453704,2.0074627,,false,false,,340,,,,179,113,,48,180,144,161,168,179,184,189,198,8251,769,270,872,104,0,0,2295,5726,1068,208,145,736,88,323,66.0,false,false,false,10462,1200,600,36,180,,335,327,29636,633,2026-04-20T07:36:25Z,2026-04-20T11:28:12Z,,"fit","22592341825",,"Specialized Tarmac Pro 2016",
i141129307,2026-04-19T09:59:31,"Girona Road Cycling","Ride",11526,103953.69,11817,1314.0,17.42,9.035,true,153,133,83.589516,3041,true,238,249,2770882,73.23529,172,,,9.01906,150.57703,153.63452,336,1.0462185,1.8721805,,false,false,,340,,,,172,111,,46,180,144,161,168,179,184,189,198,10732,794,0,0,0,0,0,1127,5575,4257,473,63,27,4,1204,66.0,false,false,false,11665,1200,600,,,,271,265,22541,690,2026-04-19T07:59:31Z,2026-04-19T12:10:21Z,,"fit","22582212477",,"Specialized Tarmac Pro 2016",
i141062774,2026-04-18T10:43:21,"Girona Road Cycling","Ride",5557,50238.82,6052,537.0,16.077,9.076,true,136,118,82.73866,1302,true,207,220,1172141,64.70588,65,,,9.040637,147.28722,153.192,336,1.062802,1.8644068,,false,false,,340,,,,65,36,,51,180,144,161,168,179,184,189,198,5557,0,0,0,0,0,0,1031,3701,646,128,25,21,5,188,66.0,false,false,false,5669,1200,600,,,,230,225,19286,760,2026-04-18T08:43:21Z,2026-04-19T07:55:44Z,,"fit","22578561516",,"Specialized Tarmac Pro 2016",
i140624750,2026-04-17T13:30:08,"Flèche Brabançonne","Ride",10396,122766.35,10396,1229.0,22.786,11.809,true,182,138,82.365425,2456,true,211,284,2196486,83.52941,202,,,11.808999,159.92366,155.317,337,1.3459716,2.057971,,false,false,,340,,,,202,123,,48,180,144,161,168,179,184,189,198,6583,2641,653,432,88,0,0,4873,1573,1193,873,765,709,411,866,66.0,false,false,false,10395,1200,600,10,180,,300,294,25015,1022,2026-04-17T11:30:08Z,2026-04-17T14:30:51Z,,"fit","22559564086",,"Specialized Tarmac Pro 2016","dnf"
i140303921,2026-04-16T10:34:46,"Vilvoorde Road Cycling","Ride",5237,44890.76,6816,167.0,13.483,8.584,true,125,110,78.59198,1027,true,172,186,905539,54.705883,44,,,8.571847,153.4622,154.19217,337,1.0813954,1.6909091,,false,false,,340,,,,44,28,,51,180,144,161,168,179,184,189,198,5237,0,0,0,0,0,0,2464,2557,147,42,15,6,6,63,66.0,false,false,false,5280,1200,600,,,,189,186,13637,897,2026-04-16T08:34:46Z,2026-04-16T10:30:14Z,,"fit","22545109637",,"Specialized Tarmac Pro 2016",
i140085432,2026-04-15T13:00:19,"Ronde Van Limburg","Ride",15116,185669.36,15134,1530.0,21.097,12.284,,,,84.26237,3689,true,218,279,3301664,82.05882,283,,,12.282969,170.27176,156.84727,337,1.2798165,,,false,false,,340,,,,283,,,47,180,144,161,168,179,184,189,198,,,,,,,,7033,2099,1525,1367,1051,1246,795,1288,66.0,false,false,false,15133,1200,600,,,,283,277,24266,1178,2026-04-15T11:00:19Z,2026-04-15T15:17:17Z,,"fit","22536143099",,"Specialized Tarmac Pro 2016",
i139707861,2026-04-14T10:37:04,"Pre Race - Ronde Van Limburg","Ride",7014,64539.89,8920,677.0,14.817,9.244,true,169,127,80.74801,1711,true,213,249,1545714,73.23529,104,,,9.201581,152.96065,153.8076,337,1.1690141,1.9606299,,false,false,,340,,,,104,63,,49,180,144,161,168,179,184,189,198,6079,671,261,3,0,0,0,1969,3300,856,482,153,164,90,486,66.0,false,false,false,7260,1200,600,,,,295,289,24903,1239,2026-04-14T08:37:04Z,2026-04-14T11:13:55Z,,"fit","22521197482",,"Specialized Tarmac Pro 2016",
i139495446,2026-04-13T16:15:20,"Vilvoorde Road Cycling","Ride",5487,45929.3,6094,206.0,14.528,8.388,true,127,109,77.84354,1117,true,176,194,989458,57.058823,50,,,8.370567,160.4793,155.00772,337,1.1022727,1.7798165,,false,false,,340,,,,50,30,,47,180,144,161,168,179,184,189,198,5487,0,0,0,0,0,0,2561,2643,253,26,4,0,0,76,66.0,false,false,false,5612,1200,600,,,,196,191,19178,513,2026-04-13T14:15:20Z,2026-04-13T15:57:39Z,,"fit","22512293791",,"Specialized Tarmac Pro 2016",
i139156674,2026-04-12T09:16:14,"Girona Road Cycling","Ride",14659,125049.81,14894,1487.0,17.383,8.535,,,,79.42926,3491,true,213,234,3149625,68.82353,193,,,8.530582,177.44504,157.5379,337,1.0985916,,,false,false,,340,,,,193,,,49,180,144,161,168,179,184,189,198,,,,,,,,3257,7496,3119,674,95,18,0,1263,66.0,false,false,false,14753,1200,600,,,,277,271,23654,538,2026-04-12T07:16:14Z,2026-04-12T13:13:54Z,,"fit","22500346384",,"Specialized Tarmac Pro 2016",
i138933794,2026-04-11T09:41:55,"Girona - Climbs","Ride",19508,153632.19,20637,2849.0,17.784,7.888,true,184,139,79.41383,4652,true,213,259,4196345,76.17647,314,,5,7.875343,175.05634,156.68344,337,1.2159624,1.8633094,,false,false,,340,,,,314,247,,44,180,144,161,168,179,184,189,198,13313,2176,1764,1984,271,0,0,5019,7523,5060,992,133,733,48,3421,66.0,false,false,false,19662,1200,600,18,181,,306,300,25168,663,2026-04-11T07:41:55Z,2026-04-11T14:39:48Z,,"fit","22489566415",,"Specialized Tarmac Pro 2016",
i138654643,2026-04-10T10:16:23,"Girona - Sprints","Ride",8340,76183.47,12306,710.0,16.599,9.161,true,155,130,83.06728,2066,true,219,236,1872230,69.411766,112,,5,9.134708,153.71945,152.89287,337,1.0776255,1.8153846,,false,false,,340,,,,112,79,,45,180,144,161,168,179,184,189,198,8102,238,0,0,0,0,0,1117,6186,867,50,28,22,70,139,66.0,false,false,false,8553,1200,600,,,,235,230,19775,1310,2026-04-10T08:16:23Z,2026-04-10T12:13:06Z,,"fit","22476314838",,"Specialized Tarmac Pro 2016",
i138429427,2026-04-09T10:18:11,"Girona Road Cycling","Ride",6502,56316.78,6956,760.0,17.374,8.682,true,140,116,81.66909,1500,true,206,217,1347774,63.82353,74,,,8.661455,160.1261,153.87819,337,1.053398,1.8706896,,false,false,,340,,,,74,43,,46,180,144,161,168,179,184,189,198,6502,0,0,0,0,0,0,1301,4528,547,110,11,5,0,210,66.0,false,false,false,6550,1200,600,,,,223,218,18603,544,2026-04-09T08:18:11Z,2026-04-09T14:17:04Z,,"fit","22466070828",,"Specialized Tarmac Pro 2016",
i138092407,2026-04-08T10:08:12,"Girona Road Cycling","Ride",13667,119374.16,14785,1931.0,17.476,8.755,true,178,136,79.820435,3484,true,227,268,3163901,78.82353,236,,,8.734481,173.35205,155.80287,337,1.1806167,1.9705882,,false,false,,340,,,,236,154,,45,180,144,161,168,179,184,189,198,10868,726,1030,1043,0,0,0,2389,6718,2343,1209,388,608,12,686,66.0,false,false,false,13928,1200,600,,,,337,329,29686,638,2026-04-08T08:08:12Z,2026-04-08T12:29:23Z,,"fit","22452267924",,"Specialized Tarmac Pro 2016",
i137833939,2026-04-07T10:24:11,"Girona Road Cycling","Ride",10852,99800.37,11079,1250.0,19.025,9.212,true,161,137,83.637276,2972,true,247,261,2718974,76.76471,178,,,9.196495,163.73152,153.8705,334,1.0566802,1.9051095,,false,false,,340,,,,178,119,,48,180,144,161,168,179,184,189,198,9077,1775,0,0,0,0,0,1114,3492,5047,1047,112,31,9,2291,66.0,false,false,false,10996,1200,600,,,,286,280,24621,692,2026-04-07T08:24:11Z,2026-04-07T11:43:44Z,,"fit","22438306048",,"Specialized Tarmac Pro 2016",
i137564793,2026-04-06T10:10:46,"Girona Road Cycling","Ride",6280,50851.69,6398,733.0,19.165,8.109,true,138,117,78.612404,1432,true,201,217,1285514,63.82353,71,,,8.097404,161.54039,153.2891,334,1.079602,1.8547008,,false,false,,340,,,,71,41,,49,180,144,161,168,179,184,189,198,6280,0,0,0,0,0,0,1459,4015,644,117,27,12,6,201,66.0,false,false,false,6397,1200,600,,,,223,218,18603,918,2026-04-06T08:10:46Z,2026-04-06T10:14:49Z,,"fit","22424841864",,"Specialized Tarmac Pro 2016",
i137364452,2026-04-05T09:13:39,"Girona Road Cycling","Ride",12671,113523.0,13588,1821.0,17.747,8.972,true,174,152,80.21352,3695,true,264,287,3398824,84.411766,251,,,8.959277,175.44423,155.27187,334,1.0871212,1.8881578,,false,false,,340,,,,251,205,,49,180,144,161,168,179,184,189,198,2454,5568,3966,683,0,0,0,1682,934,5958,3944,113,34,6,8155,66.0,false,false,false,12855,1200,600,,,,303,297,25111,678,2026-04-05T07:13:39Z,2026-04-05T11:33:00Z,,"fit","22415186547",,"Specialized Tarmac Pro 2016",
i137126388,2026-04-04T10:33:34,"Girona - (30/15's x10) x 3","Ride",10914,89421.91,11624,1575.0,19.109,8.204,true,179,136,81.99456,2603,true,212,271,2347709,79.70588,193,,8,8.193321,163.8415,152.96527,334,1.2783018,1.992647,,false,false,,340,,,,193,125,,47,180,144,161,168,179,184,189,198,8483,792,392,1247,0,0,0,3861,4216,1410,262,150,814,201,508,66.0,false,false,false,11052,1200,600,,,,330,323,28856,767,2026-04-04T08:33:34Z,2026-04-04T11:57:01Z,,"fit","22404128834",,"Specialized Tarmac Pro 2016",
i136901129,2026-04-03T11:05:14,"Lunch Ride ☀️😍","Ride",9349,87959.75,9836,1234.0,20.873,9.432,true,174,138,86.3936,2485,true,238,283,2268395,83.23529,180,,,9.408466,159.36378,152.00063,334,1.1890756,2.0507247,,false,false,,340,,,,180,104,,48,180,144,161,168,179,184,189,198,6475,2710,109,55,0,0,0,1664,3660,2868,722,170,71,194,1359,66.0,false,false,false,9518,1200,600,,,,293,287,24857,1325,2026-04-03T09:05:14Z,2026-04-03T12:15:07Z,,"fit","22393121064",,"Specialized Tarmac Pro 2016",
i136653419,2026-04-02T10:32:29,"Girona Road Cycling","Ride",7874,62812.73,8300,834.0,16.357,7.995,true,128,111,80.55677,1591,true,175,190,1406411,55.882355,68,,,7.977233,156.19478,151.32597,335,1.0857143,1.7117118,,false,false,,340,,,,68,43,,52,180,144,161,168,179,184,189,198,7874,0,0,0,0,0,0,3847,3822,170,16,13,6,0,34,66.0,false,false,false,8031,1200,600,,,,207,202,18266,512,2026-04-02T08:32:29Z,2026-04-02T11:11:08Z,,"fit","22381315489",,"Specialized Tarmac Pro 2016",
i136444298,2026-04-01T09:53:06,"Girona Road Cycling","Ride",17342,158294.23,18258,1934.0,18.335,9.142,true,161,144,81.08189,4926,true,258,281,4521529,82.64706,329,,,9.127796,169.7384,153.33372,335,1.0891473,1.9513888,,false,false,,340,,,,329,227,,50,180,144,161,168,179,184,189,198,5561,11781,0,0,0,0,0,2639,2464,6987,4869,302,79,2,8859,66.0,false,false,false,17519,1200,600,,,,304,298,25117,674,2026-04-01T07:53:06Z,2026-04-01T13:07:39Z,,"fit","22371442472",,"Specialized Tarmac Pro 2016",
i136155623,2026-03-31T10:43:36,"Girona Road Cycling","Ride",10679,82490.4,11141,1788.0,16.991,7.73,true,180,141,81.498245,2672,true,225,290,2421695,85.29412,216,,,7.7245436,145.2814,149.101,335,1.2888889,2.0567377,,false,false,,340,,,,216,139,,49,180,144,161,168,179,184,189,198,6313,1645,851,1862,8,0,0,3368,2988,1125,874,1964,345,15,507,66.0,false,false,false,10749,1200,600,41,180,,334,326,29467,680,2026-03-31T08:43:36Z,2026-03-31T12:29:36Z,,"fit","22359444813",,"Specialized Tarmac Pro 2016",
i135954844,2026-03-30T10:02:41,"Girona Road Cycling","Ride",8750,73242.76,9254,858.0,19.333,8.386,true,158,123,82.12205,1989,true,201,234,1785448,68.82353,115,,,8.370601,134.42151,147.48904,335,1.1641791,1.902439,,false,false,,340,,,,115,69,,50,180,144,161,168,179,184,189,198,8155,595,0,0,0,0,0,3184,2933,1959,460,116,69,29,905,66.0,false,false,false,8876,1200,600,,,,270,264,22130,664,2026-03-30T08:02:41Z,2026-03-30T17:00:20Z,,"fit","22350835929",,"Specialized Tarmac Pro 2016",
i135614532,2026-03-29T10:41:23,"Girona Road Cycling","Ride",7437,52204.82,7781,1001.0,17.467,7.033,true,155,126,76.12006,1649,true,196,222,1475464,65.29412,88,,,7.0196075,137.40398,148.27188,335,1.1326531,1.7619047,,false,false,,340,,,,88,61,,49,180,144,161,168,179,184,189,198,7063,374,0,0,0,0,0,2359,3665,1035,227,66,41,44,435,66.0,false,false,false,7523,1200,600,,,,235,230,19775,1173,2026-03-29T08:41:23Z,2026-03-29T10:58:09Z,,"fit","22336612262",,"Specialized Tarmac Pro 2016",
i135224349,2026-03-27T12:45:51,"E3 Saxo - 1.UWT 🇧🇪","Ride",11943,141005.66,11961,1429.0,23.859,11.807,,,,84.22044,3333,true,254,301,3033127,88.52941,260,,,11.806553,167.25618,153.33179,336,1.1850394,,,false,false,,340,,,,260,,,49,180,144,161,168,179,184,189,198,,,,,,,,3980,1671,1603,1639,1358,1162,530,1459,66.0,false,false,false,11960,1200,600,,,,321,314,26477,983,2026-03-27T11:45:51Z,2026-03-27T17:56:18Z,,"fit","22318758736",,"Specialized Tarmac Pro 2016",
i134908602,2026-03-26T10:44:40,"Bruges Road Cycling","Ride",3978,35981.47,4240,187.0,12.671,9.066,true,154,119,81.64005,898,true,198,239,803636,70.29412,55,,,9.045115,153.01398,150.7616,336,1.2070707,2.0084033,,false,false,,340,,,,55,29,,51,180,144,161,168,179,184,189,198,3668,310,0,0,0,0,0,1697,1152,607,308,120,71,23,380,66.0,false,false,false,4065,1200,600,,,,266,261,21425,754,2026-03-26T09:44:40Z,2026-03-26T11:33:46Z,,"fit","22304554320",,"Specialized Tarmac Pro 2016",
i134739717,2026-03-25T12:45:09,"Ronde Van Brugges 1.UWT","Ride",10387,120502.12,11647,552.0,18.102,11.61,true,186,145,85.71248,2735,true,236,291,2474039,85.588234,211,,,11.601244,168.06549,153.069,337,1.2330508,2.0068965,,false,false,,340,,,,211,153,,47,180,144,161,168,179,184,189,198,3884,2873,2276,1262,74,18,0,3755,2062,1239,1087,846,932,466,1004,66.0,false,false,false,10474,1200,600,13,186,,307,301,25193,1035,2026-03-25T11:45:09Z,2026-03-25T17:12:20Z,,"fit","22296976314",,"Specialized Tarmac Pro 2016",
i134431577,2026-03-24T10:59:48,"Bruges - Activation","Ride",7907,75232.19,8421,229.0,14.798,9.541,true,178,129,83.67763,1977,true,222,255,1788224,75.0,124,,5,9.514631,161.47224,151.67314,337,1.1486486,1.9767442,,false,false,,340,,,,124,75,,47,180,144,161,168,179,184,189,198,6841,518,246,302,0,0,0,1904,3999,913,611,240,198,42,657,66.0,false,false,false,8043,1200,600,,,,320,313,26266,1292,2026-03-24T09:59:48Z,2026-03-24T12:21:24Z,,"fit","22282338446",,"Specialized Tarmac Pro 2016",
i134175861,2026-03-23T10:12:39,"Recon - Ronde Van Brugge  (1.UWT)","Ride",8219,74838.14,10467,354.0,13.119,9.196,true,143,114,81.759155,1732,true,185,209,1548174,61.47059,86,,,9.105504,167.22667,152.33994,337,1.1297297,1.8333334,,false,false,,340,,,,86,51,,48,180,144,161,168,179,184,189,198,8219,0,0,0,0,0,0,3610,3498,874,166,57,13,1,273,66.0,false,false,false,8377,1200,600,,,,225,220,18798,622,2026-03-23T09:12:39Z,2026-03-23T13:42:23Z,,"fit","22271374940",,"Specialized Tarmac Pro 2016",
i133940714,2026-03-22T11:19:39,"Heuvelland Road Cycling","Ride",10484,104960.62,11877,867.0,23.971,10.028,true,177,132,83.041084,2693,true,231,284,2446588,83.52941,203,,,10.011505,179.70024,153.93842,337,1.2294372,2.1515152,,false,false,,340,,,,203,106,,47,180,144,161,168,179,184,189,198,7844,2395,180,65,0,0,0,3252,2820,2051,1020,603,511,227,1260,66.0,false,false,false,10572,1200,600,,,,300,294,25015,993,2026-03-22T10:19:39Z,2026-03-22T13:51:10Z,,"fit","22260979876",,"Specialized Tarmac Pro 2016",
i133773623,2026-03-21T09:50:40,"Girona Road Cycling","Ride",7080,61761.21,7212,952.0,19.343,8.735,true,149,129,83.64495,1828,true,232,247,1663788,72.64706,104,,,8.723335,176.12221,152.75627,337,1.0646552,1.9147286,,false,false,,340,,,,104,64,,47,180,144,161,168,179,184,189,198,6999,81,0,0,0,0,0,886,3248,2521,303,84,28,10,806,66.0,false,false,false,7180,1200,600,,,,259,254,21006,881,2026-03-21T08:50:40Z,2026-03-21T18:19:33Z,,"fit","22252391508",,"Specialized Tarmac Pro 2016",
i133482316,2026-03-20T10:12:56,"Girona - Threshold into Over/Unders","Ride",14646,126402.41,15774,2152.0,18.316,8.649,true,178,136,81.83992,3665,true,223,258,3323135,75.882355,234,,7,8.630507,187.19766,153.93106,337,1.1569507,1.8970588,,false,false,,340,,,,234,169,,45,180,144,161,168,179,184,189,198,11811,822,624,1389,0,0,0,2651,7686,2330,1047,415,494,23,836,66.0,false,false,false,14915,1200,600,,,,330,323,28749,744,2026-03-20T09:12:56Z,2026-03-20T14:15:11Z,,"fit","22237999958",,"Specialized Tarmac Pro 2016",
i133228812,2026-03-19T11:01:18,"Girona Road Cycling","Ride",6028,52452.74,6578,297.0,18.288,8.736,true,137,111,84.22294,1296,true,184,210,1153246,61.764706,64,,,8.701516,180.01047,152.00179,337,1.1413044,1.8918918,,false,false,,340,,,,64,35,,48,180,144,161,168,179,184,189,198,6028,0,0,0,0,0,0,2028,3084,839,65,10,2,0,231,66.0,false,false,false,6281,1200,600,,,,225,220,18843,602,2026-03-19T10:01:18Z,2026-03-19T11:51:57Z,,"fit","22225171082",,"Specialized Tarmac Pro 2016",
i132998854,2026-03-18T10:07:59,"Girona Road Cycling","Ride",16713,147294.62,18063,2707.0,18.596,8.828,true,170,146,81.96747,4778,true,259,282,4388017,82.94118,319,,,8.813177,197.82562,154.12221,337,1.088803,1.9315069,,false,false,,340,,,,319,236,,46,180,144,161,168,179,184,189,198,5613,9805,1291,4,0,0,0,2116,2901,6717,4719,215,40,5,9305,66.0,false,false,false,16943,1200,600,,,,306,300,25168,627,2026-03-18T09:07:59Z,2026-03-18T14:18:55Z,,"fit","22215095390",,"Specialized Tarmac Pro 2016",
i132716623,2026-03-17T10:16:18,"Girona Road Cycling","Ride",11064,93060.77,11950,1770.0,16.31,8.431,true,179,136,82.675,2697,true,217,271,2436976,79.70588,195,,,8.411133,179.21748,150.14944,337,1.248848,1.992647,,false,false,,340,,,,195,129,,45,180,144,161,168,179,184,189,198,8253,553,566,1692,0,0,0,3197,4143,1463,721,1279,257,4,886,66.0,false,false,false,11226,1200,600,,,,329,322,28407,699,2026-03-17T09:16:18Z,2026-03-17T12:52:47Z,,"fit","22202590250",,"Specialized Tarmac Pro 2016",
i132447773,2026-03-16T11:01:46,"Girona Road Cycling","Ride",5782,39211.01,6427,899.0,17.196,6.796,true,128,106,74.50715,1107,true,167,198,972878,58.235294,54,,,6.7815657,176.79384,149.06876,337,1.1856288,1.8679246,,false,false,,340,,,,54,28,,50,180,144,161,168,179,184,189,198,5782,0,0,0,0,0,0,2606,2939,196,24,10,4,3,41,66.0,false,false,false,5837,1200,600,,,,215,211,17911,647,2026-03-16T10:01:46Z,2026-03-16T13:41:07Z,,"fit","22191822978",,"Specialized Tarmac Pro 2016",
i132165146,2026-03-15T10:01:13,"Morning Ride","Ride",10985,93338.91,11833,1003.0,18.54,8.507,true,143,122,80.395905,2602,true,211,225,2344862,66.17647,134,,,8.496942,195.65068,151.35947,337,1.0663507,1.8442622,false,false,false,,340,,,,134,85,,49,180,144,161,168,179,184,189,198,10985,0,0,0,0,0,0,2015,6877,1799,219,58,13,4,443,66.0,false,false,false,11115,1200,600,,,,231,226,19384,739,2026-03-15T09:01:13Z,2026-03-15T12:26:00Z,,"fit","22180916499",,"Specialized Tarmac Pro 2016",
i132006765,2026-03-14T15:20:57,"Avoiding the rain ✅","Ride",11521,94040.6,11808,1199.0,19.277,8.174,true,171,132,78.83325,2826,true,221,262,2556370,77.05882,190,,,8.162539,186.69026,148.88632,337,1.1855204,1.9848485,,false,false,,340,,,,190,118,,46,180,144,161,168,179,184,189,198,9557,1398,487,79,0,0,0,3030,4799,2202,412,644,409,25,893,66.0,false,false,false,11579,1200,600,,,,258,253,20990,1252,2026-03-14T14:20:57Z,2026-03-14T17:53:39Z,,"fit","22173479860",,"Specialized Tarmac Pro 2016",
i131733678,2026-03-13T10:22:44,"Girona - Over - Unders","Ride",15341,134979.47,17105,2418.0,16.926,8.819,true,174,139,82.81762,3921,true,229,277,3561943,81.47059,283,,5,8.79861,186.182,147.89568,337,1.209607,1.9928057,,false,false,,340,,,,283,192,,47,180,144,161,168,179,184,189,198,9463,1949,2882,1047,0,0,0,3885,4728,3594,1694,620,815,5,3034,66.0,false,false,false,15577,1200,600,,,,322,315,26898,608,2026-03-13T09:22:44Z,2026-03-13T14:21:53Z,,"fit","22160143309",,"Specialized Tarmac Pro 2016",
i131491404,2026-03-12T10:44:56,"Independence Day 🇲🇺","Ride",6269,52284.94,6833,403.0,16.226,8.366,true,129,106,81.79021,1159,true,156,177,1011601,52.058823,47,,,8.340237,171.31415,144.6403,337,1.1346154,1.6698114,,false,false,,340,,,,47,31,,50,180,144,161,168,179,184,189,198,6269,0,0,0,0,0,0,3787,2326,100,29,17,10,0,46,66.0,false,false,false,6475,1200,600,,,,190,187,13583,879,2026-03-12T09:44:56Z,2026-03-12T12:47:08Z,,"fit","22148688340",,"Specialized Tarmac Pro 2016",
i131224384,2026-03-11T10:04:35,"Girona Road Cycling","Ride",16833,145568.92,18065,2587.0,18.643,8.664,true,169,147,80.33268,4673,true,250,275,4277618,80.882355,306,,,8.64783,190.40445,146.99297,337,1.1,1.8707483,,false,false,,340,,,,306,245,,47,180,144,161,168,179,184,189,198,5962,7401,3447,23,0,0,0,2347,3007,8084,3168,166,57,4,8490,66.0,false,false,false,17093,1200,600,,,,302,296,25066,756,2026-03-11T09:04:35Z,2026-03-11T14:18:12Z,,"fit","22138430543",,"Specialized Tarmac Pro 2016",
i130924375,2026-03-10T10:02:49,"Girona Road Cycling","Ride",10731,92962.02,11078,1311.0,18.027,8.677,true,179,137,83.38636,2660,true,222,268,2408594,78.82353,185,,,8.662941,172.65302,143.16165,337,1.2072072,1.9562044,,false,false,,340,,,,185,122,,46,180,144,161,168,179,184,189,198,8387,1229,263,852,0,0,0,2795,4410,1985,490,607,378,66,756,66.0,false,false,false,10828,1200,600,,,,334,326,29480,645,2026-03-10T09:02:49Z,2026-03-10T12:13:59Z,,"fit","22125362321",,"Specialized Tarmac Pro 2016",
i130718061,2026-03-09T10:38:19,"Girona Road Cycling","Ride",3759,32507.95,4442,250.0,15.125,8.678,true,128,114,86.3981,789,true,180,196,700942,57.64706,35,,,8.648031,170.75696,142.15355,337,1.0888889,1.7192982,,false,false,,340,,,,35,22,,50,180,144,161,168,179,184,189,198,3759,0,0,0,0,0,0,1236,2404,97,21,1,0,0,35,66.0,false,false,false,3888,1200,600,,,,196,191,19178,484,2026-03-09T09:38:19Z,2026-03-09T15:45:50Z,,"fit","22115564000",,"Specialized Tarmac Pro 2016",
i130461120,2026-03-08T10:06:35,"Morning Ride 🥶 🌧️","Ride",16747,142671.3,17503,2363.0,17.868,8.529,true,164,142,80.4907,4653,true,251,279,4261391,82.05882,313,,,8.519216,191.60448,144.73544,337,1.1115538,1.9647887,,false,false,,340,,,,313,212,,50,180,144,161,168,179,184,189,198,6257,10456,34,0,0,0,0,2572,2292,8057,3653,140,33,0,9164,66.0,false,false,false,16954,1200,600,,,,301,295,25040,542,2026-03-08T09:06:35Z,2026-03-08T15:07:36Z,,"fit","22105019421",,"Specialized Tarmac Pro 2016",
i130188841,2026-03-07T10:02:32,"Cadence work","Ride",12636,104572.72,13635,1910.0,18.363,8.284,true,167,137,82.31687,3264,true,234,265,2968995,77.94118,213,,,8.275777,172.96237,140.68108,337,1.1324786,1.9343066,,false,false,,340,,,,213,141,,48,180,144,161,168,179,184,189,198,9162,2933,541,0,0,0,0,2395,5134,2695,1724,380,297,11,1919,66.0,false,false,false,12684,1200,600,,,,306,300,25178,621,2026-03-07T09:02:32Z,2026-03-07T12:51:42Z,,"fit","22091433150",,"Specialized Tarmac Pro 2016",
i130020193,2026-03-06T17:07:00,"Cruïlles Monells i Sant Sadurní Road Cycling","Ride",2382,23405.83,2450,98.0,15.741,9.855,true,148,134,81.927025,666,true,249,268,609657,78.82353,41,,,9.826125,166.814,138.93854,337,1.0763053,2.0,,false,false,,340,,,,41,24,,50,180,144,161,168,179,184,189,198,2297,85,0,0,0,0,0,363,555,935,381,105,42,1,568,66.0,false,false,false,2449,0,0,,,,264,259,21086,530,2026-03-06T16:07:00Z,2026-03-06T17:31:18Z,,"fit","22083489410",,"Specialized Tarmac Pro 2016",
i130020157,2026-03-06T15:09:55,"Girona Road Cycling","Ride",5699,48625.52,6415,329.0,16.403,8.554,true,158,133,81.99224,1526,true,240,276,1391790,81.17647,104,,,8.5322895,166.814,138.93854,337,1.15,2.075188,,false,false,,340,,,,104,57,,50,180,144,161,168,179,184,189,198,5127,572,0,0,0,0,0,1105,1807,1980,536,145,35,91,947,66.0,false,false,false,5806,1200,600,,,,259,254,21006,1176,2026-03-06T14:09:55Z,2026-03-06T17:31:08Z,,"fit","22083487280",,"Specialized Tarmac Pro 2016",
i129737946,2026-03-05T10:09:52,"Soaked","Ride",12819,112288.7,13241,952.0,16.459,8.773,true,156,133,81.82026,3299,true,232,247,2999772,72.64706,188,,,8.759552,147.1291,135.1782,337,1.0646552,1.8571428,,false,false,,340,,,,188,129,,48,180,144,161,168,179,184,189,198,11068,1751,0,0,0,0,0,2031,5390,4353,710,201,98,36,1479,66.0,false,false,false,12956,1200,600,,,,259,254,21006,664,2026-03-05T09:09:52Z,2026-03-05T14:38:55Z,,"fit","22070727039",,"Specialized Tarmac Pro 2016",
i129465094,2026-03-04T10:46:38,"Girona Road Cycling","Ride",9726,86324.2,11752,660.0,19.482,8.89,true,158,132,83.184296,2317,true,212,228,2089504,67.05882,121,,,8.875612,140.85277,133.90546,337,1.0754716,1.7272727,,false,false,,340,,,,121,93,,50,180,144,161,168,179,184,189,198,8807,919,0,0,0,0,0,1795,5845,1871,176,19,18,2,427,66.0,false,false,false,9858,1200,600,,,,234,229,19677,740,2026-03-04T09:46:38Z,2026-03-04T14:37:24Z,,"fit","22059162096",,"Specialized Tarmac Pro 2016",
i128851929,2026-03-01T15:17:05,"Ronse Road Cycling","Ride",3522,33672.6,4577,144.0,15.974,9.58,true,143,125,83.22439,740,true,185,207,656926,60.882355,36,,,9.560648,191.49142,140.7623,337,1.1189189,1.656,,false,false,,340,,,,36,28,,52,180,144,161,168,179,184,189,198,3522,0,0,0,0,0,0,1466,1417,519,104,14,2,0,175,66.0,false,false,false,3554,1200,600,,,,214,210,17807,562,2026-03-01T14:17:05Z,2026-03-02T07:01:56Z,,"fit","22032177590",,"Specialized Tarmac Pro 2016",
i128782218,2026-03-01T12:10:06,"Kuurne Brussels Kuurne","Ride",11034,121326.34,11034,933.0,21.33,10.995,true,176,141,89.311165,2704,true,222,287,2447078,84.411766,218,,,10.995681,191.49142,140.7623,337,1.2927928,2.035461,,false,false,,340,,,,218,138,,52,180,144,161,168,179,184,189,198,5287,4338,1242,168,0,0,0,4756,1613,1267,1172,864,906,457,1063,66.0,false,false,false,11033,1200,600,,,,306,300,25178,999,2026-03-01T11:10:06Z,2026-03-01T20:02:57Z,,"fit","22029476019",,"Specialized Tarmac Pro 2016","❌"
i128506462,2026-02-28T11:06:33,"Omloop Nieuwsblad 🇧🇪 🤯","Ride",19479,211810.27,19590,636.0,21.022,10.874,true,178,147,83.79801,5034,true,234,282,4559010,82.94118,372,,,10.8737755,181.89229,138.03381,337,1.2051282,1.9183674,,false,false,,340,,,,372,283,,48,180,144,161,168,179,184,189,198,7395,7578,3381,1125,0,0,0,7351,3296,2725,2461,1576,1451,619,2330,66.0,false,false,false,19498,1200,600,,,,313,307,25351,949,2026-02-28T10:06:33Z,2026-02-28T17:12:42Z,,"fit","22016582621",,"Specialized Tarmac Pro 2016","Puncture\nChase\nCrosswind \nChase\nCrash\nChase\nMore crash\nMore chasing\n\nWhat a crazy day 🤯🥴"
i128157313,2026-02-27T10:09:34,"Bruges - Recovery","Ride",5487,51946.83,5699,114.0,14.761,9.489,true,179,133,87.58881,1388,true,226,269,1260132,79.117645,95,,5,9.467255,152.6984,132.39635,337,1.1902655,2.0225563,,false,false,,340,,,,95,57,,47,180,144,161,168,179,184,189,198,4250,800,289,148,0,0,0,1684,2264,710,334,249,107,139,417,66.0,false,false,false,5580,1200,600,,,,305,299,25151,1259,2026-02-27T09:09:34Z,2026-02-27T10:45:54Z,,"fit","22001343588",,"Specialized Tarmac Pro 2016",
i127996482,2026-02-26T10:59:18,"Omloop Recon","Ride",10767,102917.36,12157,930.0,19.119,9.573,true,175,134,86.67771,2588,true,215,275,2335817,80.882355,196,,,9.558592,161.55885,133.29742,337,1.2790698,2.0522387,,false,false,,340,,,,196,114,,49,180,144,161,168,179,184,189,198,7836,2200,466,265,0,0,0,4034,2865,1995,870,393,466,144,1362,66.0,false,false,false,10883,1200,600,,,,278,272,23725,1129,2026-02-26T09:59:18Z,2026-02-26T13:37:25Z,,"fit","21992278877",,"Specialized Tarmac Pro 2016",
i127818625,2026-02-25T16:39:49,"Sunset ride in 🇧🇪 🤩","Ride",5327,50023.05,5459,106.0,14.425,9.408,true,141,110,85.48897,1094,true,179,208,968764,61.17647,55,,,9.390473,156.2699,131.78659,337,1.1620111,1.8909091,,false,false,,340,,,,55,31,,47,180,144,161,168,179,184,189,198,5327,0,0,0,0,0,0,2915,1114,1106,125,41,18,8,457,66.0,false,false,false,5426,1200,600,,,,243,238,20359,1189,2026-02-25T15:39:49Z,2026-02-25T17:30:59Z,,"fit","21983628865",,"Specialized Tarmac Pro 2016",
i127495709,2026-02-24T10:32:15,"Girona Road Cycling","Ride",10754,90104.0,11101,1645.0,18.876,8.39,true,180,139,82.52942,2808,true,236,278,2556942,81.76471,200,,,8.37865,171.82141,133.63678,337,1.1779661,2.0,,false,false,,340,,,,200,128,,46,180,144,161,168,179,184,189,198,6698,2947,854,254,1,0,0,2363,3384,2353,1802,563,184,105,1764,66.0,false,false,false,10856,1200,600,,,,323,316,26984,1250,2026-02-24T09:32:15Z,2026-02-24T12:46:03Z,,"fit","21968958448",,"Specialized Tarmac Pro 2016",
i127291404,2026-02-23T11:58:03,"Girona Road Cycling","Ride",4909,41150.79,5148,384.0,14.257,8.404,true,124,105,81.80389,983,true,173,185,868489,54.411766,40,,,8.382724,167.49417,132.03775,337,1.0693642,1.7619047,,false,false,,340,,,,40,23,,48,180,144,161,168,179,184,189,198,4909,0,0,0,0,0,0,2599,2239,61,6,3,1,0,8,66.0,false,false,false,5010,1200,600,,,,196,191,19178,636,2026-02-23T10:58:03Z,2026-02-23T15:50:25Z,,"fit","21959717916",,"Specialized Tarmac Pro 2016",
i127040063,2026-02-22T08:41:12,"What a day to be on a bike ! 🤩","Ride",22223,188326.14,23732,2729.0,19.24,8.482,true,158,127,81.91041,5397,true,218,236,4877038,69.411766,297,,,8.47438,187.07281,134.25542,337,1.0825688,1.8582677,,false,false,,340,,,,297,193,,48,180,144,161,168,179,184,189,198,22034,195,0,0,0,0,0,4114,11577,5739,549,115,76,53,1395,66.0,false,false,false,22326,1200,600,,,,261,256,21038,978,2026-02-22T07:41:12Z,2026-02-22T14:28:17Z,,"fit","21949455243",,"Specialized Tarmac Pro 2016",
i126802221,2026-02-21T10:13:12,"Girona Road Cycling","Ride",16008,128078.69,17085,2650.0,18.484,8.01,true,177,137,80.58584,4050,true,228,276,3676570,81.17647,293,,,8.000917,170.19185,130.33405,337,1.2105263,2.0145986,,false,false,,340,,,,293,188,,45,180,144,161,168,179,184,189,198,10075,3722,1180,1031,0,0,0,3482,6513,2928,895,1481,682,27,1117,66.0,false,false,false,16144,1200,600,,,,337,329,29672,886,2026-02-21T09:13:12Z,2026-02-21T14:11:51Z,,"fit","21938470058",,"Specialized Tarmac Pro 2016",
i126548566,2026-02-20T10:13:46,"Girona Road Cycling","Ride",11517,97213.95,12817,1299.0,18.699,8.45,true,174,134,81.29918,2920,true,229,263,2643320,77.35294,191,,,8.440909,151.33281,126.414566,335,1.1484716,1.9626865,,false,false,,340,,,,191,121,,47,180,144,161,168,179,184,189,198,10023,773,499,222,0,0,0,2075,5542,2555,371,593,364,17,908,66.0,false,false,false,11542,1200,600,,,,265,260,21307,1298,2026-02-20T09:13:46Z,2026-02-20T13:14:37Z,,"fit","21927480984",,"Specialized Tarmac Pro 2016",
i126435783,2026-02-19T10:37:10,"Girona Road Cycling","Ride",5690,42769.58,6716,797.0,18.195,7.535,true,142,121,80.46736,1343,true,209,230,1209706,67.64706,72,,,7.5166216,145.24132,124.85837,335,1.1004784,1.9008265,,false,false,,340,,,,72,42,,50,180,144,161,168,179,184,189,198,5690,0,0,0,0,0,0,1327,2831,1317,154,44,16,1,391,66.0,false,false,false,5782,1200,600,,,,241,236,20229,710,2026-02-19T09:37:10Z,2026-02-19T21:58:32Z,,"fit","21922138996",,"Specialized Tarmac Pro 2016",
i126115056,2026-02-18T09:16:52,"Girona Road Cycling","Ride",16910,144774.14,18004,2670.0,20.406,8.576,true,169,144,80.75149,4693,true,250,277,4299636,81.47059,312,,,8.561451,156.48862,126.132,335,1.108,1.9236112,,false,false,,340,,,,312,228,,48,180,144,161,168,179,184,189,198,6391,9436,1082,1,0,0,0,2422,3002,7834,3417,178,53,4,8918,66.0,false,false,false,17173,1200,600,,,,299,293,24993,615,2026-02-18T08:16:52Z,2026-02-18T14:28:26Z,,"fit","21907460133",,"Specialized Tarmac Pro 2016",
i125835755,2026-02-17T10:12:56,"Girona Road Cycling","Ride",10764,91701.19,11019,1446.0,19.781,8.531,true,173,137,77.27857,2730,true,229,260,2478837,76.47059,175,,,8.519248,132.60751,121.65347,335,1.1353712,1.8978102,,false,false,,340,,,,175,122,,47,180,144,161,168,179,184,189,198,7921,1574,996,273,0,0,0,2338,3952,2172,2053,193,31,25,1842,66.0,false,false,false,10831,1200,600,,,,284,278,24379,1275,2026-02-17T09:12:56Z,2026-02-17T12:27:54Z,,"fit","21895287589",,"Specialized Tarmac Pro 2016",
i125575204,2026-02-16T10:57:47,"Girona Road Cycling","Ride",4249,35625.94,4530,330.0,15.573,8.412,true,128,109,84.63116,849,true,173,185,749007,54.411766,35,,,8.384547,126.09751,120.36807,335,1.0693642,1.6972477,,false,false,,340,,,,35,22,,49,180,144,161,168,179,184,189,198,4249,0,0,0,0,0,0,2320,1825,63,24,14,3,0,36,66.0,false,false,false,4318,1200,600,,,,194,191,13539,633,2026-02-16T09:57:47Z,2026-02-16T11:16:04Z,,"fit","21883997561",,"Specialized Tarmac Pro 2016",
i125395102,2026-02-15T09:45:25,"Girona Road Cycling","Ride",18005,150923.0,19620,2089.0,18.643,8.395,true,153,125,88.75354,2908,true,39,175,719940,51.47059,132,,,8.382282,140.0869,122.42503,335,4.4871793,1.4,,false,false,,340,,,,132,151,,48,180,144,161,168,179,184,189,198,16100,1905,0,0,0,0,0,15576,391,1457,561,14,2,4,1705,66.0,false,false,false,18240,1200,600,,,,292,286,24832,856,2026-02-15T08:45:25Z,2026-02-15T15:36:06Z,,"fit","21877241806",,"Specialized Tarmac Pro 2016",
i125136846,2026-02-14T09:05:54,"Girona Road Cycling","Ride",14317,111028.5,15293,2008.0,18.82,7.764,true,176,136,79.34395,3401,true,213,276,3066620,81.17647,262,,,7.7550116,141.32877,122.19432,336,1.2957747,2.0294118,,false,false,,340,,,,262,156,,46,180,144,161,168,179,184,189,198,10326,3398,372,221,0,0,0,4466,5522,2532,989,376,275,157,1481,66.0,false,false,false,14428,1200,600,,,,275,269,23364,1052,2026-02-14T08:05:54Z,2026-02-14T13:08:51Z,,"fit","21865177572",,"Specialized Tarmac Pro 2016",
i124677518,2026-02-12T10:36:06,"Girona Road Cycling","Ride",10414,86527.67,10684,1499.0,18.335,8.317,true,172,134,77.749535,2507,true,216,255,2264306,75.0,163,,,8.308784,141.65533,121.6888,336,1.1805556,1.9029851,,false,false,,340,,,,163,113,,47,180,144,161,168,179,184,189,198,7899,1568,861,86,0,0,0,2832,3744,1762,1874,184,5,13,1601,66.0,false,false,false,10482,1200,600,,,,284,278,24427,1305,2026-02-12T09:36:06Z,2026-02-12T13:11:46Z,,"fit","21845160284",,"Specialized Tarmac Pro 2016",
i124520678,2026-02-11T15:22:04,"Girona Road Cycling","Ride",10694,94966.79,11111,993.0,18.158,8.894,true,165,133,85.674706,2716,true,228,245,2467034,72.05882,154,,,8.880381,138.37753,120.6934,336,1.0745614,1.8421053,,false,false,,340,,,,154,108,,48,180,144,161,168,179,184,189,198,9765,921,8,0,0,0,0,1561,5296,3124,574,106,31,2,1133,66.0,false,false,false,10829,1200,600,,,,249,244,20741,668,2026-02-11T14:22:04Z,2026-02-11T18:51:04Z,,"fit","21838148685",,"Specialized Tarmac Pro 2016",
i124188319,2026-02-10T10:34:27,"Girona Road Cycling","Ride",6898,46253.56,7379,984.0,17.122,6.715,true,139,116,77.48697,1397,true,177,211,1235883,62.058823,74,,,6.705358,135.97847,119.89087,336,1.1920904,1.8189656,,false,false,,340,,,,74,47,,47,180,144,161,168,179,184,189,198,6898,0,0,0,0,0,0,2468,3599,758,54,11,8,0,122,66.0,false,false,false,6973,1200,600,,,,223,218,18563,805,2026-02-10T09:34:27Z,2026-02-10T13:28:21Z,,"fit","21823885129",,"Specialized Tarmac Pro 2016",
i123750231,2026-02-08T14:40:33,"Bétera Road Cycling","Ride",8712,98006.16,8712,1175.0,25.137,11.249,true,176,148,84.09797,2358,true,246,287,2141605,84.411766,172,,,11.249558,167.83932,123.91206,336,1.1666666,1.9391892,,false,false,,340,,,,172,123,,55,180,144,161,168,179,184,189,198,2609,4882,1011,211,0,0,0,2858,1310,1296,1308,935,730,276,1209,66.0,false,false,false,8711,1200,600,,,,317,310,25424,1100,2026-02-08T13:40:33Z,2026-02-08T16:48:36Z,,"fit","21805797780",,"Specialized Tarmac Pro 2016",
i123543843,2026-02-07T12:37:06,"La Nucia Road Cycling","Ride",17462,174172.22,17462,3240.0,22.823,9.974,true,177,148,81.355705,4648,true,241,284,4216413,83.52941,338,,,9.974357,167.2004,122.75337,336,1.1784233,1.918919,,false,false,,340,,,,338,253,,51,180,144,161,168,179,184,189,198,6417,7289,2559,1198,0,0,0,5201,2562,3653,3545,1387,897,218,3649,66.0,false,false,false,17461,1200,600,,,,321,314,26652,1041,2026-02-07T11:37:06Z,2026-02-07T16:39:25Z,,"fit","21795051731",,"Specialized Tarmac Pro 2016",
i123542512,2026-02-07T12:15:25,"La Nucia Road Cycling","Ride",359,2246.82,479,22.0,12.615,6.295,true,133,111,68.959045,59,true,141,171,50205,50.294117,3,,,6.2585516,167.2004,122.75337,336,1.2127659,1.5405406,,false,false,,340,,,,3,2,,51,180,144,161,168,179,184,189,198,359,0,0,0,0,0,0,224,90,32,2,4,4,3,4,66.0,false,false,false,356,0,0,,,,102,100,7584,704,2026-02-07T11:15:25Z,2026-02-07T16:33:59Z,,"fit","21794987040",,"Specialized Tarmac Pro 2016",
i123300882,2026-02-06T13:05:10,"Orihuela Road Cycling","Ride",13776,164847.08,13796,1473.0,23.345,11.967,true,178,139,84.65051,3356,true,218,272,3006958,80.0,245,,,11.966251,140.51086,117.49467,336,1.2477064,1.9568346,,false,false,,340,,,,245,167,,50,180,144,161,168,179,184,189,198,8136,3556,1326,758,0,0,0,5798,2217,1711,1753,1036,889,372,1583,66.0,false,false,false,13795,1200,600,,,,321,314,26572,956,2026-02-06T12:05:10Z,2026-02-06T16:29:11Z,,"fit","21784136415",,"Specialized Tarmac Pro 2016",
i123054243,2026-02-05T15:44:24,"Alginet Road Cycling","Ride",966,6740.8,966,59.0,8.715,6.976,true,134,123,82.77575,198,true,182,187,175153,55.0,8,,,6.9780536,124.465,114.42239,336,1.0274725,1.5203252,,false,false,,340,,,,8,7,,49,180,144,161,168,179,184,189,198,967,0,0,0,0,0,0,522,429,9,2,3,1,0,2,66.0,false,false,false,965,0,0,,,,179,176,14308,502,2026-02-05T14:44:24Z,2026-02-05T16:35:03Z,,"fit","21774106342",,"Specialized Tarmac Pro 2016",
i123054236,2026-02-05T14:41:57,"Carlet Road Cycling","Ride",1437,16439.62,1443,163.0,19.772,11.442,true,178,165,90.74351,497,true,322,341,463817,100.29412,40,,,11.440236,124.465,114.42239,336,1.0590062,2.0666666,,false,false,,340,,,,40,30,,49,180,144,161,168,179,184,189,198,53,389,306,689,0,0,0,202,64,129,350,441,225,26,179,66.0,false,false,false,1442,0,0,,,,324,317,27354,849,2026-02-05T13:41:57Z,2026-02-05T16:35:01Z,,"fit","21774105509",,"Specialized Tarmac Pro 2016",
i122990639,2026-02-05T13:52:50,"Carlet Indoor Cycling","VirtualRide",1510,16498.74,1944,0.0,16.767,8.535,true,139,108,80.96195,362,true,163,217,317114,63.82353,17,,,10.926318,124.465,114.42239,336,1.3312883,2.0092592,true,false,false,,340,,,,17,9,,49,180,144,161,168,179,184,189,198,1764,0,0,0,0,0,0,781,487,183,37,6,9,7,83,66.0,false,false,false,1943,0,0,,,,208,204,18151,1506,2026-02-05T12:52:50Z,2026-02-05T13:27:09Z,,"fit","21772472588",,"Specialized Tarmac Pro 2016",
i122966033,2026-02-05T12:09:56,"Carlet Road Cycling","Ride",2618,23726.48,2785,230.0,18.428,9.051,true,155,124,,487,,,,,53.261364,21,,,9.062827,124.465,114.42239,336,,,,false,false,,340,,,,,21,,49,180,144,161,168,179,184,189,198,2385,238,0,0,0,0,0,,,,,,,,,66.0,false,false,false,2665,0,0,,,,,,,,2026-02-05T11:09:56Z,2026-02-05T11:57:46Z,,"fit","21771604452",,"Specialized Tarmac Pro 2016",
i122742274,2026-02-04T13:02:43,"Segorbe Road Cycling","Ride",13588,161491.9,13599,1575.0,22.776,11.887,true,184,141,84.47106,3065,true,201,257,2731785,75.588234,216,,,11.8848915,130.37187,115.10724,336,1.278607,1.822695,,false,false,,340,,,,216,172,,49,180,144,161,168,179,184,189,198,7667,4183,899,484,355,0,0,6315,2302,1692,1414,875,667,323,1401,66.0,false,false,false,13598,1200,600,20,180,,312,306,25321,1015,2026-02-04T12:02:43Z,2026-02-04T16:16:47Z,,"fit","21763410003",,"Specialized Tarmac Pro 2016",
i122444272,2026-02-03T10:35:35,"Manises Road Cycling","Ride",7270,64475.55,7976,382.0,17.131,8.885,true,162,115,88.02478,1331,true,139,209,1014510,61.47059,76,,,8.868714,117.22239,112.6762,336,1.5035971,1.8173913,,false,false,,340,,,,76,45,,47,180,144,161,168,179,184,189,198,7167,99,4,0,0,0,0,4279,2101,693,102,33,15,47,220,66.0,false,false,false,7299,1200,600,,,,219,214,18217,1278,2026-02-03T09:35:35Z,2026-02-03T12:11:36Z,,"fit","21750131183",,"Specialized Tarmac Pro 2016",
i122275731,2026-02-02T15:36:02,"Valencia Road Cycling","Ride",5698,46243.81,6228,278.0,16.59,8.138,true,144,112,84.47313,1096,true,165,189,962883,55.588234,49,,,8.115796,123.552704,113.55992,336,1.1454545,1.6875,,false,false,,340,,,,49,32,,51,180,144,161,168,179,184,189,198,5698,0,0,0,0,0,0,2920,2336,310,66,35,21,10,108,66.0,false,false,false,5846,1200,600,,,,210,206,18012,1032,2026-02-02T14:36:02Z,2026-02-02T17:27:36Z,,"fit","21742461872",,"Specialized Tarmac Pro 2016",
i122028842,2026-02-01T12:35:08,"Marseille Road Cycling","Ride",13981,148647.78,13981,2229.0,22.981,10.632,true,183,159,91.153755,3950,true,259,295,3624767,86.76471,292,,,10.632128,135.00139,115.11551,336,1.1389961,1.855346,,false,false,,340,,,,292,257,,48,180,144,161,168,179,184,189,198,2202,5265,3071,3202,242,0,0,3637,2361,2925,2145,1312,1131,471,2450,66.0,false,false,false,13980,1200,600,31,182,,318,311,25790,1072,2026-02-01T11:35:08Z,2026-02-01T16:21:32Z,,"fit","21732743034",,"Specialized Tarmac Pro 2016",
i122027472,2026-02-01T12:14:24,"Marseille Road Cycling","Ride",429,3061.22,528,41.0,12.111,7.13,true,133,115,81.60212,76,true,155,183,66169,53.82353,3,,,7.1357107,135.00139,115.11551,336,1.1806451,1.5913043,,false,false,,340,,,,3,3,,48,180,144,161,168,179,184,189,198,429,0,0,0,0,0,0,293,79,23,26,8,0,0,15,66.0,false,false,false,427,0,0,,,,122,120,9165,481,2026-02-01T11:14:24Z,2026-02-01T16:15:26Z,,"fit","21732672931",,"Specialized Tarmac Pro 2016",
i121783694,2026-01-31T10:38:58,"Vitrolles Road Cycling","Ride",5490,50094.43,5593,406.0,18.167,9.13,true,161,127,88.98835,1295,true,211,241,1166326,70.882355,77,,,9.124668,110.4312,110.78115,336,1.1421801,1.8976378,,false,false,,340,,,,77,48,,47,180,144,161,168,179,184,189,198,5019,471,0,0,0,0,0,1622,2192,1050,379,139,88,20,576,66.0,false,false,false,5517,1200,600,,,,248,243,20704,1107,2026-01-31T09:38:58Z,2026-01-31T13:40:14Z,,"fit","21720398250",,"Specialized Tarmac Pro 2016",
i121402406,2026-01-29T11:09:13,"Girona Road Cycling","Ride",12154,107549.98,13013,1278.0,18.885,8.866,true,141,117,83.50056,2621,true,189,220,2335516,64.70588,141,,,8.848937,133.31181,114.28403,337,1.1640211,1.8803419,,false,false,,340,,,,141,78,,54,180,144,161,168,179,184,189,198,12154,0,0,0,0,0,0,4633,4567,2576,327,32,19,0,1050,66.0,false,false,false,12348,1200,600,,,,235,230,19839,548,2026-01-29T10:09:13Z,2026-01-29T15:34:10Z,,"fit","21701855528",,"Specialized Tarmac Pro 2016",
i121175266,2026-01-28T09:53:18,"Girona - 5x30' PUP","Ride",16682,125412.41,17935,2949.0,17.775,7.531,true,165,136,78.058205,4193,true,224,265,3803722,77.94118,282,,5,7.517828,132.13118,113.6403,337,1.1830357,1.9485294,,false,false,,340,,,,282,191,,49,180,144,161,168,179,184,189,198,8494,7691,497,0,0,0,0,3866,3448,6596,2698,54,17,3,7755,66.0,false,false,false,16952,1200,600,,,,294,288,24877,708,2026-01-28T08:53:18Z,2026-01-28T14:43:25Z,,"fit","21691186114",,"Specialized Tarmac Pro 2016",
i120911378,2026-01-27T10:00:12,"Girona - Increasing 5's (40/20 Finish)","Ride",10741,89581.67,10941,1562.0,19.324,8.352,true,176,138,82.78232,2754,true,231,263,2502579,77.35294,179,,,8.340161,109.11657,109.58363,337,1.1385281,1.9057971,,false,false,,340,,,,179,126,,47,180,144,161,168,179,184,189,198,7456,2543,444,298,0,0,0,2166,4140,2701,1115,430,139,50,1371,66.0,false,false,false,10853,1200,600,,,,299,293,24997,709,2026-01-27T09:00:12Z,2026-01-27T12:58:41Z,,"fit","21679513494",,"Specialized Tarmac Pro 2016",
i120703993,2026-01-26T14:39:21,"Girona Road Cycling","Ride",7036,61972.11,7308,627.0,19.389,8.82,true,143,123,84.13351,1682,true,213,226,1517370,66.47059,86,,,8.807861,98.38492,107.911026,337,1.0610329,1.8373984,,false,false,,340,,,,86,55,,46,180,144,161,168,179,184,189,198,7036,0,0,0,0,0,0,1168,4559,1152,95,53,9,0,222,66.0,false,false,false,7137,1200,600,,,,236,231,19904,551,2026-01-26T13:39:21Z,2026-01-26T18:15:47Z,,"fit","21672111639",,"Specialized Tarmac Pro 2016",
i119987630,2026-01-23T13:30:04,"Pune Road Cycling","Ride",7502,98299.66,7502,514.0,19.678,13.103,true,173,149,93.85005,1979,true,241,286,1804409,84.117645,147,,,13.103127,133.45288,113.72766,337,1.186722,1.919463,,false,false,,340,,,,147,110,,52,180,144,161,168,179,184,189,198,2253,4009,1071,169,0,0,0,2817,1329,1025,825,599,554,353,822,66.0,false,false,false,7501,1200,600,,,,281,275,24093,1106,2026-01-23T08:00:04Z,2026-01-23T13:48:28Z,,"fit","21639756613",,"Specialized Tarmac Pro 2016",
i119698679,2026-01-22T12:30:04,"Saswad Road Cycling","Ride",11521,137733.42,11534,831.0,21.778,11.956,true,185,149,91.362236,2727,true,210,271,2418891,79.70588,203,,,11.9549885,131.37251,112.92596,337,1.2904762,1.818792,,false,false,,340,,,,203,171,,50,180,144,161,168,179,184,189,198,4459,4125,1589,1193,153,2,0,5447,2214,1210,889,627,702,432,968,66.0,false,false,false,11533,1200,600,20,182,,305,299,25151,1131,2026-01-22T07:00:04Z,2026-01-22T10:42:12Z,,"fit","21627804670",,"Specialized Tarmac Pro 2016",
i119486002,2026-01-21T12:30:09,"Pune Road Cycling","Ride",9593,108187.15,9593,1321.0,20.779,11.277,true,188,155,93.43719,2499,true,237,290,2275429,85.29412,194,,,11.277718,120.37305,110.7556,337,1.2236286,1.8709677,,false,false,,340,,,,194,166,,49,180,144,161,168,179,184,189,198,2887,2767,1228,2059,544,109,0,3525,1821,1264,1056,817,766,345,1066,66.0,false,false,false,9592,1200,600,22,185,,337,329,29672,1019,2026-01-21T07:00:09Z,2026-01-21T11:56:25Z,,"fit","21617855351",,"Specialized Tarmac Pro 2016",
i119240613,2026-01-20T13:30:04,"Mulshi Road Cycling","Ride",7292,90210.03,8689,761.0,23.308,12.375,true,191,150,95.84176,1743,true,216,287,1574726,84.411766,144,,,12.371096,109.06652,108.74981,337,1.3287038,1.9133333,,false,false,,340,,,,144,115,,48,180,144,161,168,179,184,189,198,2616,2690,791,863,237,90,5,3393,1276,770,610,437,454,352,606,66.0,false,false,false,7289,1200,600,29,180,,323,316,26928,1139,2026-01-20T08:00:04Z,2026-01-20T11:37:40Z,,"fit","21606569782",,"Specialized Tarmac Pro 2016",
i119010767,2026-01-19T16:07:58,"Cool Down","VirtualRide",755,,755,,,0.0,true,133,123,76.19312,103,true,113,113,85234,33.235294,2,,,,103.70196,107.900444,338,1.0,0.9186992,true,false,false,,340,,,,2,6,,46,180,144,161,168,179,184,189,198,756,0,0,0,0,0,0,756,0,0,0,0,0,0,0,66.0,false,false,false,754,0,0,,,,104,102,7768,184,2026-01-19T10:37:58Z,2026-01-19T11:21:16Z,,"fit","21595560394",,"Specialized Tarmac Pro 2016",
i119010623,2026-01-19T15:49:56,"Pune Road Cycling","Ride",533,6872.13,539,27.0,15.881,12.91,true,185,176,94.75665,206,true,360,367,193448,107.94118,17,,,12.893302,103.70196,107.900444,338,1.0194445,2.0852273,,false,false,,340,,,,17,14,,46,180,144,161,168,179,184,189,198,15,31,26,138,295,28,0,20,10,45,176,177,85,20,106,66.0,false,false,false,538,0,0,,,,321,314,26477,927,2026-01-19T10:19:56Z,2026-01-19T11:20:54Z,,"fit","21595557278",,"Specialized Tarmac Pro 2016",
i119010534,2026-01-19T15:14:25,"Pune Indoor Cycling","VirtualRide",1202,,1208,0.0,0.513,0.003,true,166,133,86.76678,262,true,194,229,234096,67.35294,15,,,,103.70196,107.900444,338,1.1804124,1.7218045,true,false,false,,340,,,,15,13,,46,180,144,161,168,179,184,189,198,909,227,66,0,0,0,0,839,140,91,88,29,3,12,56,66.0,false,false,false,1207,0,0,,,,230,225,19319,937,2026-01-19T09:44:25Z,2026-01-19T11:20:43Z,,"fit","21595555557",,"Specialized Tarmac Pro 2016",
i119239641,2026-01-19T12:40:00,"Pune Road Cycling","Ride",1384,13772.87,1445,66.0,13.651,9.97,true,150,122,87.56632,305,true,197,208,272565,61.17647,14,,,9.951496,103.70196,107.900444,338,1.0558375,1.704918,,false,false,,340,,,,14,11,,46,180,144,161,168,179,184,189,198,1330,54,0,0,0,0,0,523,743,90,14,4,7,3,27,66.0,false,false,false,1381,0,0,,,,193,190,13458,601,2026-01-19T07:10:00Z,2026-01-20T11:34:01Z,,"fit","21606532834",,"Specialized Tarmac Pro 2016",
i118702534,2026-01-18T09:53:17,"Pune - Activation","Ride",7018,66765.28,7074,517.0,14.836,9.516,true,170,131,88.34024,1527,true,194,230,1363297,67.64706,89,,5,9.513434,112.25583,109.34376,338,1.185567,1.7557251,,false,false,,340,,,,89,71,,45,180,144,161,168,179,184,189,198,5755,991,244,28,0,0,0,2961,2562,860,336,158,92,49,432,66.0,false,false,false,7015,1200,600,,,,265,260,21263,1414,2026-01-18T04:23:17Z,2026-01-18T06:46:29Z,,"fit","21582703145",,"Specialized Tarmac Pro 2016",
i118481061,2026-01-17T10:18:32,"Pune Road Cycling","Ride",5233,47907.48,5261,357.0,14.798,9.162,true,164,125,86.16329,1207,true,206,237,1084520,69.70588,71,,,9.154879,115.82711,109.83395,338,1.1504854,1.896,,false,false,,340,,,,71,45,,45,180,144,161,168,179,184,189,198,4638,580,15,0,0,0,0,1834,1955,926,183,114,159,62,333,66.0,false,false,false,5260,1200,600,,,,278,272,23750,713,2026-01-17T04:48:32Z,2026-01-17T06:28:02Z,,"fit","21571990718",,"Specialized Tarmac Pro 2016",
i118340926,2026-01-16T16:15:43,"Pune Road Cycling","Ride",3715,27394.54,6012,125.0,12.708,7.33,true,125,98,79.996735,547,true,117,151,458257,44.411766,20,,,7.374035,122.71098,110.76966,338,1.2905983,1.5408163,,false,false,,340,,,,20,14,,48,180,144,161,168,179,184,189,198,3752,0,0,0,0,0,0,2906,600,120,38,28,12,11,63,66.0,false,false,false,3906,1200,600,,,,147,144,10985,804,2026-01-16T10:45:43Z,2026-01-16T14:05:20Z,,"fit","21565759113",,"Specialized Tarmac Pro 2016",
i118042149,2026-01-15T08:05:56,"Moka Road Cycling","Ride",12668,108571.44,13566,1638.0,22.048,8.593,true,180,134,80.384285,3182,true,221,265,2884582,77.94118,214,,,8.570527,138.4838,112.95678,338,1.199095,1.9776119,,false,false,,340,,,,214,142,,46,180,144,161,168,179,184,189,198,9786,851,662,1364,5,0,0,3259,4988,2089,1194,564,550,24,1055,66.0,false,false,false,13039,1200,600,,,,329,322,28527,676,2026-01-15T04:05:56Z,2026-01-15T08:01:32Z,,"fit","21552459399",,"Specialized Tarmac Pro 2016",
i117935435,2026-01-14T11:38:32,"Moka - Thre into Over/Unders","Ride",4396,36198.74,4467,516.0,21.33,8.243,true,174,131,79.18274,1012,true,205,244,909171,71.76471,63,,5,8.234472,126.887146,110.52212,338,1.190244,1.8625954,,false,false,,340,,,,63,45,,47,180,144,161,168,179,184,189,198,3670,245,229,252,0,0,0,1342,2326,188,318,98,115,9,146,66.0,false,false,false,4427,1200,600,,,,310,304,25270,614,2026-01-14T07:38:32Z,2026-01-14T17:07:18Z,,"fit","21546498347",,"Specialized Tarmac Pro 2016",
i117631501,2026-01-13T15:47:09,"Moka Road Cycling","Ride",5925,50100.99,6002,683.0,25.622,8.469,true,140,122,82.794846,1404,true,211,227,1264733,66.76471,73,,,8.455863,126.71625,110.10098,338,1.0758294,1.8606558,,false,false,,340,,,,73,47,,44,180,144,161,168,179,184,189,198,5925,0,0,0,0,0,0,1065,3663,935,194,32,32,4,354,66.0,false,false,false,6001,1200,600,,,,232,227,19482,818,2026-01-13T11:47:09Z,2026-01-13T13:40:02Z,,"fit","21533140628",,"Specialized Tarmac Pro 2016",
i117164912,2026-01-11T05:41:42,"Date ride","Ride",23322,223269.81,25436,980.0,17.029,9.59,true,165,128,82.076614,5169,true,219,236,5181376,69.411766,312,,,9.573357,148.25093,112.633,338,1.0776255,1.84375,,false,false,,340,,,,312,207,,48,180,144,161,168,179,184,189,198,22661,556,105,0,0,0,0,3233,16489,2642,273,413,268,4,632,66.0,false,false,false,23611,1200,600,,,,235,230,19839,866,2026-01-11T01:41:42Z,2026-01-11T09:01:11Z,,"fit","21509002670",,"Specialized Tarmac Pro 2016",
i116943607,2026-01-10T11:12:26,"Plaine Wilhems Cycling","Ride",2029,27262.59,2126,71.0,23.028,13.438,true,159,134,85.23546,400,true,198,249,401347,73.23529,30,,,13.436466,123.1048,107.82921,338,1.2575758,1.858209,,false,false,,340,,,,30,21,,47,180,144,161,168,179,184,189,198,1658,371,0,0,0,0,0,793,809,199,73,52,45,58,80,66.0,false,false,false,2028,0,0,,,,223,218,18579,889,2026-01-10T07:12:26Z,2026-01-10T08:04:16Z,,"fit","21498417609",,"Specialized Tarmac Pro 2016",
i116543898,2026-01-08T08:50:58,"Moka - Threshold into Over/Unders","Ride",14485,126531.3,15619,1535.0,20.49,8.749,true,182,139,79.35354,3342,true,231,262,3368293,77.05882,239,,,8.7353325,151.74579,111.28769,338,1.1341991,1.8848921,,false,false,,340,,,,239,174,,49,180,144,161,168,179,184,189,198,11291,1131,599,1348,116,0,0,2624,7600,2214,1128,341,540,38,854,66.0,false,false,false,14599,1200,600,24,181,,331,324,28970,892,2026-01-08T04:50:58Z,2026-01-08T09:12:08Z,,"fit","21479762993",,"Specialized Tarmac Pro 2016",
i116390757,2026-01-07T16:17:02,"Moka Cycling","Ride",4504,38216.69,4558,360.0,17.784,8.492,,,,81.42857,824,true,182,192,824193,56.47059,40,,,8.485056,138.3466,108.210434,338,1.0549451,,,false,false,,340,,,,40,,,48,180,144,161,168,179,184,189,198,,,,,,,,1978,2212,236,45,21,12,0,80,66.0,false,false,false,4524,1200,600,,,,197,194,13874,533,2026-01-07T12:17:02Z,2026-01-07T13:33:30Z,,"fit","21471559946",,"Specialized Tarmac Pro 2016",
i116099500,2026-01-06T09:27:17,"Moka - (30/15's x10) x 3","Ride",12249,116651.78,12919,955.0,19.632,9.531,,,,82.22842,2779,true,229,259,2810760,76.17647,197,,,9.523372,153.4492,109.85398,338,1.1310043,,,false,false,,340,,,,197,,,46,180,144,161,168,179,184,189,198,,,,,,,,2769,6994,1270,276,139,539,262,416,66.0,false,false,false,12286,1200,600,,,,313,307,25351,695,2026-01-06T05:27:17Z,2026-01-06T09:03:19Z,,"fit","21458274309",,"Specialized Tarmac Pro 2016",
i114602328,2025-12-30T09:03:00,"Flacq - Torq sprint","Ride",8674,77497.99,9385,1056.0,17.588,8.962,true,177,136,72.66979,2029,true,207,254,1828799,74.70588,134,,5,8.934516,125.66781,98.615685,338,1.2270532,1.867647,,false,false,,340,,,,134,98,,48,180,144,161,168,179,184,189,198,6309,1051,809,505,0,0,0,2883,3274,935,1249,115,120,98,1455,66.0,false,false,false,8846,1200,600,,,,260,255,21036,629,2025-12-30T05:03:00Z,2025-12-30T07:42:46Z,,"fit","21389636737",,"Specialized Tarmac Pro 2016",
i114216831,2025-12-28T06:17:46,"Black River Road Cycling","Ride",18116,157594.47,19381,2135.0,20.173,8.703,true,149,128,80.3538,4146,true,206,212,3727522,62.35294,196,,,8.699187,138.42232,99.32357,338,1.0291262,1.65625,,false,false,,340,,,,196,158,,49,180,144,161,168,179,184,189,198,18017,99,0,0,0,0,0,4089,12586,1293,126,19,3,0,280,66.0,false,false,false,18125,1200,600,,,,223,218,18563,503,2025-12-28T02:17:46Z,2025-12-28T07:42:31Z,,"fit","21370392840",,"Specialized Tarmac Pro 2016",
i114029189,2025-12-27T07:12:54,"Black River - torque + sprint+z2","Ride",14624,125906.64,15718,2104.0,19.482,8.615,true,179,138,79.34907,3435,true,211,258,3097074,75.882355,234,,8,8.60959,129.5804,96.994125,338,1.2227488,1.8695652,,false,false,,340,,,,234,163,,51,180,144,161,168,179,184,189,198,11444,2369,440,371,0,0,0,3433,9330,1011,173,378,132,167,233,66.0,false,false,false,14705,1200,600,,,,278,272,23750,989,2025-12-27T03:12:54Z,2025-12-27T07:37:14Z,,"fit","21361026500",,"Specialized Tarmac Pro 2016",
i113905739,2025-12-26T17:00:10,"Indoor Cycling","VirtualRide",3603,,3623,,,0.0,true,166,147,83.588135,796,true,197,207,712923,60.882355,37,,,,113.545204,93.69294,338,1.0507615,1.4081633,true,false,false,,340,,,,37,49,,49,180,144,161,168,179,184,189,198,1347,1957,243,0,0,0,0,1767,1532,297,7,0,0,0,36,66.0,false,false,false,3622,1200,600,,,,210,206,17967,368,2025-12-26T13:00:10Z,2025-12-26T14:00:52Z,,"fit","21355442600",,"Specialized Tarmac Pro 2016",
i113897701,2025-12-26T15:20:28,"Black River Road Cycling","Ride",5407,50955.93,5448,453.0,18.083,9.431,true,149,132,85.908966,1256,true,208,222,1130830,65.29412,64,,,9.424067,113.545204,93.69294,338,1.0673077,1.6818181,,false,false,,340,,,,64,51,,49,180,144,161,168,179,184,189,198,5398,9,0,0,0,0,0,1056,3696,478,135,26,7,9,242,66.0,false,false,false,5447,1200,600,,,,222,217,18470,1404,2025-12-26T11:20:28Z,2025-12-26T12:52:19Z,,"fit","21354745111",,"Specialized Tarmac Pro 2016",
i113874329,2025-12-25T09:17:41,"Black River Road Cycling","Ride",4372,37389.43,4428,407.0,15.536,8.556,true,149,118,83.91231,819,true,164,189,718589,55.588234,38,,,8.55202,115.47171,93.51688,338,1.152439,1.601695,,false,false,,340,,,,38,29,,51,180,144,161,168,179,184,189,198,4273,99,0,0,0,0,0,3237,943,110,56,6,3,17,92,66.0,false,false,false,4384,1200,600,,,,211,207,17955,1265,2025-12-25T05:17:41Z,2025-12-26T10:56:08Z,,"fit","21353455747",,"Specialized Tarmac Pro 2016",
i113565014,2025-12-24T05:23:36,"Merry Christmas 🎄","Ride",21089,225283.81,23223,1179.0,19.809,10.689,true,174,151,89.90227,5770,true,250,262,5277048,77.05882,348,,,10.682527,127.36865,94.85457,338,1.048,1.7350993,,false,false,,340,,,,348,321,,48,180,144,161,168,179,184,189,198,5201,13062,2713,113,0,0,0,3030,6411,8391,2577,475,181,24,5088,66.0,false,false,false,21140,1200,600,,,,274,268,23158,763,2025-12-24T01:23:36Z,2025-12-24T08:00:42Z,,"fit","21337435960",,"Specialized Tarmac Pro 2016","Nice one with William Piat 👌"
i113381899,2025-12-23T07:38:34,"Aerobic torque","Ride",11108,94543.47,11574,1458.0,21.619,8.519,true,177,141,77.31651,2663,true,215,243,2404841,71.47059,158,,,8.511295,93.487404,88.75497,338,1.1302326,1.7234043,,false,false,,340,,,,158,138,,51,180,144,161,168,179,184,189,198,7386,2240,751,731,0,0,0,3034,4908,1506,1461,140,20,39,1625,66.0,false,false,false,11174,1200,600,,,,269,263,21950,1381,2025-12-23T03:38:34Z,2025-12-23T06:52:27Z,,"fit","21328643370",,"Specialized Tarmac Pro 2016",
i113286399,2025-12-22T17:49:57,"Indoor Cycling","VirtualRide",3601,,3601,,,0.0,true,152,138,84.32843,735,true,181,188,651934,55.294117,31,,,,83.58053,87.086494,338,1.038674,1.3623189,true,false,false,,340,,,,31,40,,48,180,144,161,168,179,184,189,198,2683,919,0,0,0,0,0,2653,874,75,0,0,0,0,0,66.0,false,false,false,3600,1200,600,,,,200,195,18832,301,2025-12-22T13:49:57Z,2025-12-22T14:50:23Z,,"fit","21323462745",,"Specialized Tarmac Pro 2016",
i113054594,2025-12-21T09:46:41,"Black River Road Cycling","Ride",11087,95361.23,11862,1882.0,22.832,8.609,true,163,134,82.22094,2580,true,209,223,2323599,65.588234,132,,,8.601175,91.65506,88.43791,338,1.0669856,1.6641791,,false,false,,340,,,,132,112,,47,180,144,161,168,179,184,189,198,9214,1854,19,0,0,0,0,2765,6288,1584,302,77,55,16,584,66.0,false,false,false,11116,1200,600,,,,258,253,20990,710,2025-12-21T05:46:41Z,2025-12-21T09:11:32Z,,"fit","21312099575",,"Specialized Tarmac Pro 2016",
i112893970,2025-12-20T06:50:04,"Black River Road Cycling","Ride",10392,96189.95,11398,1169.0,22.422,9.264,true,178,144,87.641754,2625,true,228,250,2385452,73.52941,156,,,9.256154,85.45949,87.388275,338,1.0964912,1.7361112,,false,false,,340,,,,156,139,,50,180,144,161,168,179,184,189,198,6378,2427,792,795,0,0,0,1975,5144,1759,1302,113,53,46,1626,66.0,false,false,false,10462,1200,600,,,,283,277,24331,1314,2025-12-20T02:50:04Z,2025-12-20T06:36:13Z,,"fit","21302913933",,"Specialized Tarmac Pro 2016",
i112750853,2025-12-19T09:48:36,"Black River Road Cycling","Ride",6582,60011.39,6689,911.0,19.025,9.134,true,166,142,83.69695,1507,true,202,230,1354031,67.64706,84,,,9.117501,74.62694,85.73506,338,1.1386138,1.6197183,,false,false,,340,,,,84,81,,48,180,144,161,168,179,184,189,198,3790,2636,156,0,0,0,0,1957,3852,581,81,17,12,82,199,66.0,false,false,false,6688,1200,600,,,,214,210,17818,1335,2025-12-19T05:48:36Z,2025-12-19T07:41:26Z,,"fit","21295613066",,"Specialized Tarmac Pro 2016",
i112392373,2025-12-17T09:34:09,"Moka Road Cycling","Ride",12761,111056.8,13410,2264.0,21.302,8.709,true,168,137,83.00929,3147,true,222,238,2852804,70.0,174,,,8.702828,84.426605,87.84368,338,1.072072,1.7372262,,false,false,,340,,,,174,136,,53,180,144,161,168,179,184,189,198,10043,2486,232,0,0,0,0,2014,7424,2284,838,146,44,11,1309,66.0,false,false,false,12822,1200,600,,,,285,279,24492,712,2025-12-17T05:34:09Z,2025-12-17T09:18:47Z,,"fit","21279165801",,"Specialized Tarmac Pro 2016",
i112226934,2025-12-16T09:33:55,"Moka Road Cycling","Ride",10853,96470.47,12117,1427.0,22.599,8.9,,,,83.23097,2715,true,225,242,2463839,71.17647,153,,,8.888829,70.671265,85.76772,338,1.0755556,,,false,false,,340,,,,153,,,52,180,144,161,168,179,184,189,198,,,,,,,,1873,5511,2406,844,141,53,25,1436,66.0,false,false,false,10951,1200,600,,,,276,270,23557,969,2025-12-16T05:33:55Z,2025-12-16T10:23:03Z,,"fit","21270494998",,"Specialized Tarmac Pro 2016",
i112089402,2025-12-15T10:23:20,"Flacq Road Cycling","Ride",7496,67832.64,7884,1100.0,16.87,9.066,true,141,130,87.05747,1757,true,208,215,1583177,63.235294,83,,,9.049178,58.028454,84.14774,338,1.0336539,1.6538461,,false,false,,340,,,,83,24,,58,180,144,161,168,179,184,189,198,2811,0,0,0,0,0,0,1153,5615,653,68,7,0,0,148,66.0,false,false,false,7599,1200,600,,,,212,208,17805,692,2025-12-15T06:23:20Z,2025-12-15T15:00:22Z,,"fit","21263748013",,"Specialized Tarmac Pro 2016",
i111845908,2025-12-14T10:26:03,"Flacq Road Cycling","Ride",11290,102409.0,11688,1611.0,20.621,9.074,true,160,137,87.22727,2586,true,205,216,2324112,63.52941,127,,,9.07077,54.1937,84.1754,339,1.0536585,1.5766424,,false,false,,340,,,,127,116,,56,180,144,161,168,179,184,189,198,8802,2488,0,0,0,0,0,2814,7058,1326,81,8,1,2,311,66.0,false,false,false,11322,1200,600,,,,228,223,19091,719,2025-12-14T06:26:03Z,2025-12-14T09:42:34Z,,"fit","21252662326",,"Specialized Tarmac Pro 2016",
i111688220,2025-12-13T10:34:22,"Flacq - Torque MAX","Ride",9193,86632.07,9677,1142.0,16.674,9.436,true,174,152,87.19419,2258,true,220,243,2046299,71.47059,130,,5,9.423699,43.0132,83.14353,339,1.1045455,1.5986842,,false,false,,340,,,,130,141,,55,180,144,161,168,179,184,189,198,3099,3199,2150,745,0,0,0,2532,4530,1597,136,171,122,105,369,66.0,false,false,false,9299,1200,600,,,,246,241,20554,1114,2025-12-13T06:34:22Z,2025-12-13T09:16:40Z,,"fit","21243845211",,"Specialized Tarmac Pro 2016",
i111527299,2025-12-12T09:28:13,"Moka Road Cycling","Ride",7163,64454.4,9488,911.0,17.364,9.017,true,168,140,87.535416,1656,true,207,220,1488804,64.70588,83,,,8.99824,29.655073,82.01451,339,1.062802,1.5714285,,false,false,,340,,,,83,83,,53,180,144,161,168,179,184,189,198,4711,2302,150,0,0,0,0,1548,4317,1085,150,34,29,0,281,66.0,false,false,false,7202,1200,600,,,,226,221,18936,697,2025-12-12T05:28:13Z,2025-12-12T09:19:53Z,,"fit","21235934974",,"Specialized Tarmac Pro 2016",
i111402093,2025-12-11T15:35:53,"Moka Road Cycling","Ride",5354,50802.29,5530,321.0,15.89,9.507,,,,89.804016,1240,true,206,217,1116561,63.82353,61,,,9.488661,21.46316,81.99077,340,1.053398,,,false,false,,340,,,,61,,,54,180,144,161,168,179,184,189,198,,,,,,,,985,3734,550,66,9,3,7,178,66.0,false,false,false,5431,1200,600,,,,220,215,18284,1055,2025-12-11T11:35:53Z,2025-12-11T13:18:34Z,,"fit","21229097621",,"Specialized Tarmac Pro 2016",
i109938538,2025-12-03T17:28:56,"Moka Road Cycling","Ride",3664,29323.09,3791,333.0,22.394,8.012,true,167,128,81.05465,829,true,203,245,744695,72.05882,53,,,8.003027,41.83894,97.45814,342,1.2068965,1.9140625,,false,false,,340,,,,53,33,,51,180,144,161,168,179,184,189,198,3160,463,41,0,0,0,0,1306,1829,353,75,29,32,40,130,66.0,false,false,false,3673,1200,600,,,,241,236,20229,1331,2025-12-03T13:28:56Z,2025-12-03T14:33:23Z,,"fit","21158825095",,"Specialized Tarmac Pro 2016",
i109515236,2025-12-01T09:34:59,"Flacq Road Cycling","Ride",4787,44342.58,4896,551.0,14.575,9.27,true,167,127,88.77705,1061,true,197,228,950739,67.05882,60,,,9.263124,46.286785,100.90345,343,1.1573604,1.7952756,,false,false,,340,,,,60,41,,48,180,144,161,168,179,184,189,198,4704,59,24,0,0,0,0,1522,3026,158,33,5,7,36,49,66.0,false,false,false,4835,1200,600,,,,217,213,18053,1369,2025-12-01T05:34:59Z,2025-12-01T06:57:42Z,,"fit","21136894785",,"Specialized Tarmac Pro 2016",
i108428800,2025-11-24T10:23:53,"Kwale Road Cycling","Ride",3881,33537.78,8303,317.0,10.908,8.647,true,126,113,81.03883,523,true,3,41,11267,12.058824,2,,,8.641531,104.10872,117.53562,346,13.666667,0.36283186,,false,false,,340,,,,2,21,,51,180,144,161,168,179,184,189,198,3881,0,0,0,0,0,0,3881,0,0,0,0,0,0,0,66.0,false,false,false,3877,1200,600,,,,29,29,2250,246,2025-11-24T07:23:53Z,2025-11-24T09:43:16Z,,"fit","21075950633",,"Specialized Tarmac Pro 2016",
i108331879,2025-11-23T13:01:20,"African Continental RR - 10th","Ride",14783,168524.06,14783,1274.0,20.294,11.399,true,192,141,85.91825,3118,true,186,249,2749037,73.23529,220,,,11.399856,119.78904,120.31948,346,1.3387097,1.7659575,,false,false,,340,,,,220,192,,47,180,144,161,168,179,184,189,198,8918,3380,1155,886,154,248,43,8155,2690,1268,877,772,738,284,911,66.0,false,false,false,14782,1200,600,25,187,,333,325,29184,1109,2025-11-23T10:01:20Z,2025-11-23T14:55:17Z,,"fit","21070112473",,"Specialized Tarmac Pro 2016","Merci la team 🫶\nMerawhi 💥 🥇🟣"
i108281209,2025-11-23T11:59:39,"Kwale Road Cycling","Ride",1035,8591.46,1035,127.0,9.993,8.306,true,131,118,85.96538,171,true,142,154,146988,45.294117,6,,,8.300927,119.78904,120.31948,346,1.084507,1.3050847,,false,false,,340,,,,6,7,,47,180,144,161,168,179,184,189,198,1036,0,0,0,0,0,0,915,121,0,0,0,0,0,0,66.0,false,false,false,1034,0,0,,,,153,150,11541,262,2025-11-23T08:59:39Z,2025-11-23T09:51:25Z,,"fit","21066808520",,"Specialized Tarmac Pro 2016",
i108144369,2025-11-22T07:53:55,"Kwale Road Cycling","Ride",8190,72664.38,11038,633.0,21.451,8.879,true,175,121,84.59782,1603,true,172,207,1413057,60.882355,84,,,8.87233,103.47875,117.77309,346,1.2034883,1.7107438,,false,false,,340,,,,84,61,,47,180,144,161,168,179,184,189,198,7880,178,93,39,0,0,0,4366,3274,373,30,58,70,19,45,66.0,false,false,false,8200,1200,600,,,,260,255,21023,1189,2025-11-22T04:53:55Z,2025-11-22T09:00:27Z,,"fit","21057463975",,"Specialized Tarmac Pro 2016",
i107996589,2025-11-21T11:34:39,"Kwale Road Cycling","Ride",938,8412.96,1176,106.0,12.027,8.996,true,127,111,77.16648,146,true,127,146,124320,42.941177,5,,,8.969041,106.47001,118.58686,347,1.1496063,1.3153154,,false,false,,340,,,,5,5,,51,180,144,161,168,179,184,189,198,938,0,0,0,0,0,0,828,110,0,0,0,0,0,0,66.0,false,false,false,978,0,0,,,,137,135,10257,268,2025-11-21T08:34:39Z,2025-11-21T08:55:20Z,,"fit","21049253348",,"Specialized Tarmac Pro 2016",
i107992538,2025-11-21T08:59:47,"Kwale Road Cycling","Ride",1537,13214.64,7486,162.0,12.195,8.606,true,150,125,80.52848,265,true,149,159,229026,46.764706,9,,,8.597684,106.47001,118.58686,347,1.0671141,1.272,,false,false,,340,,,,9,13,,51,180,144,161,168,179,184,189,198,1526,13,0,0,0,0,0,1248,279,10,0,0,0,0,4,66.0,false,false,false,1540,1200,600,,,,153,150,11557,397,2025-11-21T05:59:47Z,2025-11-21T08:05:56Z,,"fit","21048992118",,"Specialized Tarmac Pro 2016",
i107993912,2025-11-21T08:41:56,"African Continental Mixed Relay 🥇 💥","Ride",1003,13898.09,1008,80.0,17.084,13.862,true,182,168,98.129,377,true,351,358,353481,105.29412,31,,,13.856521,106.47001,118.58686,347,1.019943,2.1309524,,false,false,,340,,,,31,22,,51,180,144,161,168,179,184,189,198,37,130,144,655,37,0,0,34,82,147,185,318,231,6,140,66.0,false,false,false,1007,0,0,,,,328,321,28170,563,2025-11-21T05:41:56Z,2025-11-21T08:19:30Z,,"fit","21049063872",,"Specialized Tarmac Pro 2016",
i107993896,2025-11-21T07:24:15,"Morning Ride","Ride",1740,15762.89,3765,87.0,12.494,9.071,true,140,124,85.47857,361,true,185,202,320870,59.411766,17,,,9.059132,106.47001,118.58686,347,1.0918919,1.6290323,,false,false,,340,,,,17,14,,51,180,144,161,168,179,184,189,198,1740,0,0,0,0,0,0,795,840,56,13,5,7,24,19,66.0,false,false,false,1737,1200,600,,,,195,192,13677,997,2025-11-21T04:24:15Z,2025-11-21T08:19:22Z,,"fit","21049063370",,"Specialized Tarmac Pro 2016",
i107892386,2025-11-20T16:36:00,"Kwale Road Cycling","Ride",1265,10252.7,2239,29.0,10.945,8.119,true,127,117,79.95837,177,true,113,127,144802,37.35294,5,,,8.104901,113.29904,119.95033,347,1.1238939,1.0854701,,false,false,,340,,,,5,8,,46,180,144,161,168,179,184,189,198,1265,0,0,0,0,0,0,1229,36,0,0,0,0,0,0,66.0,false,false,false,1280,0,0,,,,128,126,9604,268,2025-11-20T13:36:00Z,2025-11-20T14:15:02Z,,"fit","21042853501",,"Specialized Tarmac Pro 2016",
i107892256,2025-11-20T16:03:57,"African Continental ITT 🥉","Ride",1009,13882.34,1014,81.0,16.618,13.766,true,189,176,95.374626,391,true,363,364,367750,107.05882,32,,,13.758513,113.29904,119.95033,347,1.0027548,2.0681818,,false,false,,340,,,,32,27,,46,180,144,161,168,179,184,189,198,28,45,79,374,262,221,0,23,16,26,303,526,103,12,88,66.0,false,false,false,1013,0,0,,,,340,332,29731,793,2025-11-20T13:03:57Z,2025-11-20T14:14:00Z,,"fit","21042845282",,"Specialized Tarmac Pro 2016",
i107892231,2025-11-20T14:36:54,"Kwale Road Cycling","Ride",2388,21102.04,4002,203.0,13.511,8.846,true,160,131,83.0519,477,true,177,195,422850,57.35294,22,,,8.8366995,113.29904,119.95033,347,1.101695,1.4885496,,false,false,,340,,,,22,23,,46,180,144,161,168,179,184,189,198,2208,180,0,0,0,0,0,1292,902,87,85,4,4,14,79,66.0,false,false,false,2385,1200,600,,,,198,195,13940,949,2025-11-20T11:36:54Z,2025-11-20T14:13:51Z,,"fit","21042844528",,"Specialized Tarmac Pro 2016",
i107837679,2025-11-20T07:36:47,"Kwale Road Cycling","Ride",3036,26654.0,3418,135.0,11.57,8.798,,,,85.84724,540,true,153,170,469698,50.0,21,,,8.779315,113.29904,119.95033,347,1.1111112,,,false,false,,340,,,,21,,,46,180,144,161,168,179,184,189,198,,,,,,,,2287,650,90,9,0,0,0,23,66.0,false,false,false,3074,0,0,,,,158,155,13068,390,2025-11-20T04:36:47Z,2025-11-20T07:26:20Z,,"fit","21039924784",,"Specialized Tarmac Pro 2016",
i107715537,2025-11-19T08:45:15,"Kwale Road Cycling","Ride",4829,46417.73,5562,463.0,14.78,9.631,true,158,124,85.95977,996,true,182,213,882321,62.64706,53,,,9.612287,118.41261,120.91295,347,1.1703297,1.717742,,false,false,,340,,,,53,41,,46,180,144,161,168,179,184,189,198,4196,633,0,0,0,0,0,2304,1641,448,290,115,26,5,311,66.0,false,false,false,4845,1200,600,,,,232,227,19529,681,2025-11-19T05:45:15Z,2025-11-19T13:51:35Z,,"fit","21033420952",,"Specialized Tarmac Pro 2016",
i107498905,2025-11-18T08:11:26,"Kwale Road Cycling","Ride",8351,75016.3,11239,1130.0,24.39,8.992,true,187,133,84.98739,1743,true,185,229,1551279,67.35294,105,,,8.982912,128.4577,122.549324,348,1.2378378,1.7218045,,false,false,,340,,,,105,88,,46,180,144,161,168,179,184,189,198,6493,1216,430,128,38,46,0,3687,3306,625,510,148,40,35,609,66.0,false,false,false,8364,1200,600,,,,308,302,25219,1104,2025-11-18T05:11:26Z,2025-11-18T08:30:21Z,,"fit","21021201881",,"Specialized Tarmac Pro 2016",
i107481708,2025-11-17T16:56:24,"Kwale Road Cycling","Ride",5489,50023.61,6163,222.0,12.447,9.127,true,135,108,81.553535,988,true,156,170,861581,50.0,38,,,9.113428,132.05998,122.972176,348,1.0897436,1.574074,,false,false,,340,,,,38,28,,48,180,144,161,168,179,184,189,198,5489,0,0,0,0,0,0,3648,1673,122,32,9,5,0,55,66.0,false,false,false,5515,1200,600,,,,170,166,14965,491,2025-11-17T13:56:24Z,2025-11-18T04:51:43Z,,"fit","21020062976",,"Specialized Tarmac Pro 2016",
i107149360,2025-11-16T08:15:40,"Moka - 4x5 TT Bike","Ride",7084,73336.03,7873,545.0,20.584,10.369,true,172,133,87.05457,1821,true,232,269,1656793,79.117645,123,,5,10.352347,146.5043,125.0196,348,1.1594827,2.0225563,,false,false,,340,,,,123,75,,46,180,144,161,168,179,184,189,198,5601,852,509,122,0,0,0,1434,3900,357,559,521,285,28,263,66.0,false,false,false,7147,1200,600,,,,305,299,25151,821,2025-11-16T04:15:40Z,2025-11-16T07:44:50Z,,"fit","21001918675",,"Specialized Tarmac Pro 2016",
i106997774,2025-11-15T07:05:45,"Moka Road Cycling","Ride",13081,120788.98,16245,699.0,20.537,9.242,,,,84.209595,2832,true,192,221,2529870,65.0,154,,,9.233925,150.11374,125.06826,348,1.1510416,,,false,false,,340,,,,154,,,48,180,144,161,168,179,184,189,198,,,,,,,,4567,7204,945,199,78,35,53,369,66.0,false,false,false,13175,1200,600,,,,238,233,20034,1120,2025-11-15T03:05:45Z,2025-11-15T07:47:31Z,,"fit","20992618266",,"Specialized Tarmac Pro 2016",
i106896516,2025-11-14T16:32:11,"Moka Road Cycling","Ride",7025,69910.13,7080,690.0,22.048,9.957,,,,84.76933,1748,true,224,241,1586243,70.882355,98,,,9.95162,149.51694,124.37114,348,1.0758928,,,false,false,,340,,,,98,,,49,180,144,161,168,179,184,189,198,,,,,,,,1144,3737,1645,355,83,57,4,713,66.0,false,false,false,7079,1200,600,,,,270,264,22130,656,2025-11-14T12:32:11Z,2025-11-14T14:31:22Z,,"fit","20987101077",,"Specialized Tarmac Pro 2016",
i106675559,2025-11-13T07:06:36,"Moka Road Cycling","Ride",14822,138469.6,15519,1941.0,19.212,9.351,,,,80.599396,3628,true,220,245,3283055,72.05882,214,,,9.342167,157.42813,125.00656,348,1.1136364,,,false,false,,340,,,,214,,,48,180,144,161,168,179,184,189,198,,,,,,,,2773,8626,1803,1158,371,91,0,872,66.0,false,false,false,14931,1200,600,,,,283,277,24356,610,2025-11-13T03:06:36Z,2025-11-13T07:26:37Z,,"fit","20974639548",,"Specialized Tarmac Pro 2016",
i106490440,2025-11-12T09:54:35,"Moka Road Cycling","Ride",7644,90132.95,8066,635.0,19.371,11.799,true,152,127,91.46002,1838,true,217,238,1658761,70.0,104,,,11.791333,148.74068,122.86224,348,1.0967742,1.8740157,,false,false,,340,,,,104,68,,45,180,144,161,168,179,184,189,198,7014,630,0,0,0,0,0,1914,3917,882,522,274,127,8,586,66.0,false,false,false,7643,1200,600,,,,241,236,20229,589,2025-11-12T05:54:35Z,2025-11-12T08:10:13Z,,"fit","20965058179",,"Specialized Tarmac Pro 2016",
i106318951,2025-11-11T07:24:41,"Morning Ride 🌧️  ⚔️","Ride",14638,141929.62,15386,1460.0,20.975,9.712,true,166,145,83.674675,4052,true,251,269,3712779,79.117645,255,,,9.6959715,155.61128,123.316734,348,1.0717131,1.8551724,,false,false,,340,,,,255,199,,46,180,144,161,168,179,184,189,198,5525,8497,616,0,0,0,0,1863,3422,7072,1936,208,118,19,5203,66.0,false,false,false,14775,1200,600,,,,290,284,24786,757,2025-11-11T03:24:41Z,2025-11-11T07:51:24Z,,"fit","20954411542",,"Specialized Tarmac Pro 2016",
i105951470,2025-11-09T07:05:44,"Moka Road Cycling","Ride",14429,145063.25,16156,1655.0,21.302,10.06,true,183,145,88.59805,3678,true,231,283,3342437,83.23529,278,,,10.05359,157.60147,122.36402,348,1.2251083,1.9517242,,false,false,,340,,,,278,200,,48,180,144,161,168,179,184,189,198,7192,4625,1561,1004,47,0,0,4326,5340,1799,1220,868,526,350,1310,66.0,false,false,false,14455,1200,600,,,,281,275,24041,1259,2025-11-09T03:05:44Z,2025-11-09T07:37:10Z,,"fit","20934764226",,"Specialized Tarmac Pro 2016",
i105816313,2025-11-08T08:47:20,"Moka Road Cycling","Ride",9014,82294.17,11197,1227.0,17.616,9.139,true,160,126,85.12371,2004,true,197,229,1795372,67.35294,114,,,9.129596,139.11247,118.61394,348,1.1624366,1.8174603,,false,false,,340,,,,114,76,,47,180,144,161,168,179,184,189,198,8504,510,0,0,0,0,0,3371,4691,511,197,97,27,120,172,66.0,false,false,false,9116,1200,600,,,,216,212,18017,1105,2025-11-08T04:47:20Z,2025-11-08T08:03:02Z,,"fit","20925327088",,"Specialized Tarmac Pro 2016",
i105677240,2025-11-07T08:02:24,"Morning Ride 🌧️","Ride",7383,75937.24,7918,589.0,19.193,10.302,true,139,128,87.2305,1822,true,223,227,1652141,66.76471,91,,,10.2854185,142.96887,118.72511,348,1.0179372,1.7734375,,false,false,,340,,,,91,63,,48,180,144,161,168,179,184,189,198,7383,0,0,0,0,0,0,827,5504,848,118,39,38,9,255,66.0,false,false,false,7413,1200,600,,,,230,225,19286,714,2025-11-07T04:02:24Z,2025-11-07T06:15:51Z,,"fit","20916021765",,"Specialized Tarmac Pro 2016",
i105575893,2025-11-06T15:55:06,"Moka Road Cycling","Ride",7103,72051.67,7497,413.0,18.008,10.159,true,147,124,85.68404,1696,true,214,224,1531824,65.882355,86,,,10.143837,146.4961,118.6944,348,1.046729,1.8064516,,false,false,,340,,,,86,55,,50,180,144,161,168,179,184,189,198,7030,73,0,0,0,0,0,1057,5140,665,130,70,34,7,185,66.0,false,false,false,7143,1200,600,,,,223,218,18579,575,2025-11-06T11:55:06Z,2025-11-06T14:02:28Z,,"fit","20909837698",,"Specialized Tarmac Pro 2016",
i105375378,2025-11-05T09:10:53,"Black River Road Cycling","Ride",4006,34952.11,4426,692.0,17.374,8.745,true,175,152,82.06283,1031,true,233,256,937462,75.29412,63,,,8.72494,155.78618,119.48218,348,1.0987124,1.6842105,,false,false,,340,,,,63,65,,48,180,144,161,168,179,184,189,198,1560,626,1047,773,0,0,0,678,1151,1887,264,21,5,0,1037,66.0,false,false,false,4026,1200,600,,,,277,271,23589,578,2025-11-05T05:10:53Z,2025-11-05T06:25:32Z,,"fit","20896337550",,"Specialized Tarmac Pro 2016",
i105398874,2025-11-05T06:36:47,"Black River Road Cycling","Ride",8769,64653.88,9230,1689.0,19.921,7.384,true,175,146,78.683975,2191,true,226,261,1985935,76.76471,144,,,7.373005,155.78618,119.48218,348,1.1548673,1.7876712,,false,false,,340,,,,144,128,,48,180,144,161,168,179,184,189,198,3568,2186,2246,769,0,0,0,2074,1667,3888,1033,96,11,0,3025,66.0,false,false,false,8787,1200,600,,,,287,281,24718,586,2025-11-05T02:36:47Z,2025-11-05T10:35:13Z,,"fit","20897966990",,"Specialized Tarmac Pro 2016",
i105268066,2025-11-04T16:01:08,"Black River - Lactate Shuttling","Ride",6682,52555.39,6836,786.0,19.128,7.879,true,181,140,78.82255,1569,true,209,278,1415564,81.76471,124,,5,7.8652186,112.75515,111.855606,348,1.3301436,1.9857143,,false,false,,340,,,,124,42,,46,180,144,161,168,179,184,189,198,2369,267,189,454,30,0,0,2498,2407,612,342,180,529,114,381,66.0,false,false,false,6770,1200,600,,,,320,313,26266,708,2025-11-04T12:01:08Z,2025-11-04T14:08:34Z,,"fit","20889437651",,"Specialized Tarmac Pro 2016",
i104893039,2025-11-02T08:16:37,"Moka Road Cycling","Ride",13422,121283.41,16252,1816.0,21.927,9.045,true,164,129,85.265205,3110,true,208,231,2801229,67.94118,172,,,9.036165,128.0784,114.251114,348,1.1105769,1.7906977,,false,false,,340,,,,172,113,,54,180,144,161,168,179,184,189,198,13242,173,7,0,0,0,0,3142,8439,1527,206,42,15,51,397,66.0,false,false,false,13487,1200,600,,,,231,226,19384,1320,2025-11-02T04:16:37Z,2025-11-02T08:49:14Z,,"fit","20865930238",,"Specialized Tarmac Pro 2016",
i104718606,2025-11-01T06:51:02,"Moka Road Cycling","Ride",14330,147530.12,16588,1910.0,20.117,10.301,true,184,141,88.771515,3472,true,219,250,3136167,73.52941,215,,,10.295194,121.33357,112.85964,348,1.1415526,1.7730496,,false,false,,340,,,,215,175,,51,180,144,161,168,179,184,189,198,7982,5570,234,349,195,0,0,4451,5068,2272,1625,642,232,40,1683,66.0,false,false,false,14339,1200,600,11,183,,326,319,27881,977,2025-11-01T02:51:02Z,2025-11-01T07:28:56Z,,"fit","20855632532",,"Specialized Tarmac Pro 2016",
i104625019,2025-10-31T15:30:23,"Moka Road Cycling","Ride",7895,66882.16,8013,934.0,24.764,8.485,true,183,140,82.16145,1866,true,210,274,1683295,80.588234,142,,,8.4714575,106.94969,110.398544,348,1.3047619,1.9571428,,false,false,,340,,,,142,101,,48,180,144,161,168,179,184,189,198,5436,323,605,1384,147,0,0,3396,1896,490,1068,687,320,38,585,66.0,false,false,false,8012,1200,600,24,180,,348,340,29885,1357,2025-10-31T11:30:23Z,2025-10-31T13:45:17Z,,"fit","20849958658",,"Specialized Tarmac Pro 2016",
i104469973,2025-10-30T16:04:23,"Moka Road Cycling","Ride",7043,61964.07,7183,635.0,17.43,8.812,true,180,132,83.613266,1673,true,210,242,1509772,71.17647,99,,,8.797965,101.56719,109.6371,344,1.152381,1.8333334,,false,false,,340,,,,99,71,,48,180,144,161,168,179,184,189,198,6203,507,180,141,12,0,0,1639,3792,941,357,194,98,22,445,66.0,false,false,false,7182,1200,600,30,180,,316,309,25399,902,2025-10-30T12:04:23Z,2025-10-30T14:08:05Z,,"fit","20841003724",,"Specialized Tarmac Pro 2016",
i104303210,2025-10-29T15:53:41,"Moka - (5.3c) HIT: 30""/15""","Ride",6764,66764.07,6946,496.0,18.046,9.89,true,175,140,87.74718,1780,true,236,278,1623340,81.76471,126,,5,9.8705015,101.961426,109.8934,344,1.1779661,1.9857143,,false,false,,340,,,,126,83,,49,180,144,161,168,179,184,189,198,4817,603,717,627,0,0,0,1731,3275,563,129,138,748,180,200,66.0,false,false,false,6880,1200,600,,,,318,311,25775,910,2025-10-29T11:53:41Z,2025-10-29T13:58:14Z,,"fit","20831431562",,"Specialized Tarmac Pro 2016",
i104244264,2025-10-29T08:08:34,"Black River Road Cycling","Ride",1782,16004.86,1846,173.0,18.195,8.999,true,151,128,87.12198,401,true,201,215,359006,63.235294,20,,,8.981403,101.961426,109.8934,344,1.0696517,1.6796875,,false,false,,340,,,,20,16,,49,180,144,161,168,179,184,189,198,1749,33,0,0,0,0,0,463,1135,153,12,9,2,8,35,66.0,false,false,false,1789,0,0,,,,196,191,19178,987,2025-10-29T04:08:34Z,2025-10-29T04:42:47Z,,"fit","20827522992",,"Specialized Tarmac Pro 2016",
i104155784,2025-10-28T16:10:13,"Black River Road Cycling","Ride",7225,60494.33,7423,564.0,19.94,8.389,true,160,127,82.12859,1625,true,199,226,1457804,66.47059,89,,,8.372917,95.19865,109.02341,344,1.1356784,1.7795275,,false,false,,340,,,,89,63,,48,180,144,161,168,179,184,189,198,6937,288,0,0,0,0,0,2486,3779,663,120,18,24,135,231,66.0,false,false,false,7343,1200,600,,,,226,221,18896,1305,2025-10-28T12:10:13Z,2025-10-28T14:15:04Z,,"fit","20821573144",,"Specialized Tarmac Pro 2016",
i103989721,2025-10-27T15:41:02,"Black River Road Cycling","Ride",5376,48238.15,5719,313.0,19.193,8.98,true,138,116,84.14218,1104,true,181,194,979160,57.058823,49,,,8.97287,96.15054,109.505875,345,1.0718232,1.6724138,,false,false,,340,,,,49,34,,50,180,144,161,168,179,184,189,198,5376,0,0,0,0,0,0,2658,2432,223,58,5,0,0,100,66.0,false,false,false,5405,1200,600,,,,196,191,19182,508,2025-10-27T11:41:02Z,2025-10-27T13:18:22Z,,"fit","20811406402",,"Specialized Tarmac Pro 2016",
i103787728,2025-10-26T06:10:31,"Moka Road Cycling","Ride",15682,164010.44,16783,1494.0,20.723,10.463,true,182,152,93.7296,4014,true,233,255,3651867,75.0,245,,,10.458515,103.39121,110.963776,345,1.0944206,1.6776316,,false,false,,340,,,,245,248,,49,180,144,161,168,179,184,189,198,5340,5687,2516,1986,153,0,0,3560,7104,2740,1141,562,438,137,1430,66.0,false,false,false,15676,1200,600,16,180,,300,294,25015,1173,2025-10-26T02:10:31Z,2025-10-26T06:52:17Z,,"fit","20798564419",,"Specialized Tarmac Pro 2016",
i103711551,2025-10-25T15:23:30,"Moka Road Cycling","Ride",8093,74970.24,8401,669.0,19.604,9.216,true,144,130,89.36673,1993,true,216,226,1803416,66.47059,99,,,9.263591,81.64506,107.73414,345,1.0462962,1.7384615,,false,false,,340,,,,99,74,,50,180,144,161,168,179,184,189,198,8153,0,0,0,0,0,0,951,5918,1081,113,30,0,0,252,66.0,false,false,false,8341,1200,600,,,,229,224,19189,659,2025-10-25T11:23:30Z,2025-10-25T13:59:32Z,,"fit","20793290823",,"Specialized Tarmac Pro 2016",
i103227618,2025-10-22T15:37:51,"Aigle Road Cycling","Ride",7102,59718.05,7305,1031.0,20.061,8.424,true,172,136,86.6925,1860,true,234,267,1694914,78.52941,122,,,8.408625,105.09958,113.20916,346,1.1410257,1.9632353,,false,false,,340,,,,122,79,,48,180,144,161,168,179,184,189,198,4710,2254,115,23,0,0,0,1301,2213,2526,789,115,96,62,1782,66.0,false,false,false,7229,1200,600,,,,302,296,25083,1332,2025-10-22T13:37:51Z,2025-10-22T16:01:23Z,,"fit","20766589660",,"Specialized Tarmac Pro 2016",
i102999853,2025-10-21T09:10:44,"Aigle Road Cycling","Ride",10771,77402.37,11970,1786.0,19.809,7.2,true,158,132,83.23285,2582,true,214,241,2332331,70.882355,150,,,7.186182,102.504265,112.997345,347,1.1261683,1.8257576,,false,false,,340,,,,150,107,,50,180,144,161,168,179,184,189,198,7850,2921,0,0,0,0,0,2509,4085,3633,408,75,41,20,1336,66.0,false,false,false,10892,1200,600,,,,270,264,22233,832,2025-10-21T07:10:44Z,2025-10-21T11:29:38Z,,"fit","20754009636",,"Specialized Tarmac Pro 2016",
i102825040,2025-10-20T10:27:32,"Aigle Road Cycling","Ride",1958,10545.86,5313,107.0,15.927,5.371,,,,,392,,,,,,,,,5.386037,95.21059,112.10576,347,,,,false,false,,340,,,,,,,51,180,144,161,168,179,184,189,198,,,,,,,,,,,,,,,,66.0,false,false,false,1962,1200,600,,,,,,,,2025-10-20T08:27:32Z,2025-10-20T10:43:09Z,,"fit","20743885541",,"Specialized Tarmac Pro 2016",
i102709603,2025-10-19T13:09:36,"Veneto (1.2 Pro)","Ride",7667,89779.17,7887,516.0,21.629,11.716,true,182,151,94.20684,2057,true,244,298,1881426,87.64706,164,,,11.709818,109.8316,114.80698,348,1.2213115,1.9735099,,false,false,,340,,,,164,118,,52,180,144,161,168,179,184,189,198,2738,2847,1081,902,99,0,0,2588,1705,960,760,537,693,424,773,66.0,false,false,false,7708,1200,600,21,180,,302,296,25083,978,2025-10-19T11:09:36Z,2025-10-19T13:32:28Z,,"fit","20736647887",,"Specialized Tarmac Pro 2016",
i102707729,2025-10-19T13:03:26,"Soave Road Cycling","Ride",289,1763.27,289,42.0,9.181,6.112,true,132,117,82.43312,29,true,77,95,22231,27.941177,1,,,6.10128,109.8316,114.80698,348,1.2337662,0.8119658,,false,false,,340,,,,1,2,,52,180,144,161,168,179,184,189,198,290,0,0,0,0,0,0,267,10,3,6,4,0,0,4,66.0,false,false,false,288,0,0,,,,,,,647,2025-10-19T11:03:26Z,2025-10-19T13:22:11Z,,"fit","20736535051",,"Specialized Tarmac Pro 2016",
i102577101,2025-10-18T15:15:44,"Cittadella Road Cycling","Ride",6587,60666.56,6992,413.0,16.403,9.232,,,,85.526794,1508,true,203,226,1356764,66.47059,81,,,9.210044,101.35966,113.597565,348,1.1133004,,,false,false,,340,,,,81,,,50,180,144,161,168,179,184,189,198,,,,,,,,1606,4122,735,37,17,70,0,126,66.0,false,false,false,6694,1200,600,,,,224,219,18647,534,2025-10-18T13:15:44Z,2025-10-18T15:13:10Z,,"fit","20727547262",,"Specialized Tarmac Pro 2016",
i102424803,2025-10-17T17:19:36,"Aigle Road Cycling","Ride",1942,15884.38,1958,228.0,15.144,8.187,true,173,128,84.9579,432,true,198,268,387369,78.82353,34,,,8.179392,104.48619,114.38301,348,1.3535353,2.09375,,false,false,,340,,,,34,18,,50,180,144,161,168,179,184,189,198,1687,113,81,61,0,0,0,913,728,43,18,43,175,22,15,66.0,false,false,false,1957,0,0,,,,282,276,24176,1316,2025-10-17T15:19:36Z,2025-10-17T15:52:56Z,,"fit","20717776555",,"Specialized Tarmac Pro 2016",
i102269678,2025-10-16T16:49:20,"Aigle - (5.3c) HIT: 30""/15""","Ride",3872,32241.56,4127,562.0,16.002,8.336,true,177,142,84.07837,1004,true,236,308,914263,90.588234,88,,5,8.326849,115.3104,116.319855,348,1.3050847,2.169014,,false,false,,340,,,,88,52,,51,180,144,161,168,179,184,189,198,2031,325,671,807,0,0,0,1528,977,227,70,126,826,118,76,66.0,false,false,false,3870,1200,600,,,,333,325,29269,708,2025-10-16T14:49:20Z,2025-10-16T15:59:13Z,,"fit","20708108219",,"Specialized Tarmac Pro 2016",
i102119638,2025-10-15T18:36:55,"Aigle Road Cycling","Ride",628,3409.97,628,101.0,8.416,5.435,true,125,106,67.881,68,true,85,104,52982,30.588236,2,,,5.4298887,119.504326,117.00223,348,1.2235295,0.9811321,,false,false,,340,,,,2,3,,46,180,144,161,168,179,184,189,198,629,0,0,0,0,0,0,597,32,0,0,0,0,0,0,66.0,false,false,false,627,0,0,,,,82,81,6175,275,2025-10-15T16:36:55Z,2025-10-15T16:47:44Z,,"fit","20698687452",,"Specialized Tarmac Pro 2016",
i102115289,2025-10-15T15:59:24,"Aigle Road Cycling","Ride",6741,56506.86,7118,1106.0,18.755,8.39,true,180,143,85.485085,1812,true,246,281,1656201,82.64706,128,,,8.382564,119.504326,117.00223,348,1.1422764,1.965035,,false,false,,340,,,,128,92,,46,180,144,161,168,179,184,189,198,3955,835,979,966,6,0,0,1260,2377,1029,1554,253,210,58,1041,66.0,false,false,false,6745,1200,600,16,180,,333,325,29192,1078,2025-10-15T13:59:24Z,2025-10-15T16:21:26Z,,"fit","20698368870",,"Specialized Tarmac Pro 2016",
i101879278,2025-10-14T11:29:28,"Aigle Road Cycling","Ride",4073,30012.31,4197,672.0,20.901,7.376,true,132,120,82.80261,920,true,201,210,826006,61.764706,43,,,7.368601,117.892555,116.68904,348,1.0447761,1.75,,false,false,,340,,,,43,26,,48,180,144,161,168,179,184,189,198,4073,0,0,0,0,0,0,876,3008,138,30,13,8,0,56,66.0,false,false,false,4104,1200,600,,,,221,216,18408,613,2025-10-14T09:29:28Z,2025-10-14T10:40:55Z,,"fit","20684554983",,"Specialized Tarmac Pro 2016",
i101692016,2025-10-13T09:13:52,"Aigle Road Cycling","Ride",7286,50899.39,8189,1157.0,17.075,6.994,true,158,126,76.45511,1556,true,189,239,1387243,70.29412,100,,,6.985917,129.39343,118.46459,348,1.2645502,1.8968254,,false,false,,340,,,,100,62,,56,180,144,161,168,179,184,189,198,6265,1009,0,0,0,0,0,2946,3214,783,105,29,38,171,220,66.0,false,false,false,7339,1200,600,,,,252,247,20894,1307,2025-10-13T07:13:52Z,2025-10-13T09:31:47Z,,"fit","20674077073",,"Specialized Tarmac Pro 2016",
i101592188,2025-10-12T10:26:58,"Aigle Road Cycling","Ride",18128,128453.86,21814,3367.0,19.846,7.048,true,176,133,78.56426,4226,true,206,256,3803290,75.29412,285,,,7.0859365,133.90723,118.9095,348,1.2427185,1.9248121,,false,false,,340,,,,285,189,,53,180,144,161,168,179,184,189,198,12629,3839,1228,558,0,0,0,4966,7675,2935,1303,1032,193,24,909,66.0,false,false,false,18471,1200,600,,,,322,315,26889,1170,2025-10-12T08:26:58Z,2025-10-12T14:38:01Z,,"fit","20667621977",,"Specialized Tarmac Pro 2016",
i101427469,2025-10-11T09:49:24,"Aigle Road Cycling","Ride",15293,126634.47,15943,2781.0,21.022,8.29,true,168,142,84.3627,3906,true,231,256,3552181,75.29412,241,,,8.280551,110.704666,114.90751,348,1.1082251,1.8028169,,false,false,,340,,,,241,192,,52,180,144,161,168,179,184,189,198,7711,6998,584,0,0,0,0,2444,5428,5814,1482,82,21,22,3666,66.0,false,false,false,15360,1200,600,,,,295,289,24900,911,2025-10-11T07:49:24Z,2025-10-11T12:24:17Z,,"fit","20655614874",,"Specialized Tarmac Pro 2016",
i101313676,2025-10-10T18:30:44,"Aigle Road Cycling","Ride",502,3335.51,502,79.0,10.18,6.65,true,138,121,78.15601,77,true,130,146,65248,42.941177,3,,,6.644442,90.69586,111.86928,349,1.1230769,1.2066115,,false,false,,340,,,,3,4,,50,180,144,161,168,179,184,189,198,503,0,0,0,0,0,0,408,92,1,2,0,0,0,2,66.0,false,false,false,501,0,0,,,,124,122,9324,455,2025-10-10T16:30:44Z,2025-10-10T16:40:22Z,,"fit","20648303906",,"Specialized Tarmac Pro 2016",
i101313666,2025-10-10T15:49:35,"Aigle Road Cycling","Ride",7009,56230.6,7408,1112.0,18.923,8.038,true,178,141,83.6534,1768,true,226,265,1604979,77.94118,118,,,8.022628,90.69586,111.86928,349,1.1725664,1.8794327,,false,false,,340,,,,118,88,,50,180,144,161,168,179,184,189,198,4148,1569,554,738,0,0,0,1480,3056,881,1079,390,97,26,315,66.0,false,false,false,7108,1200,600,,,,313,307,25351,914,2025-10-10T13:49:35Z,2025-10-10T16:40:20Z,,"fit","20648302949",,"Specialized Tarmac Pro 2016",
i101047009,2025-10-09T07:39:14,"Aigle Road Cycling","Ride",3635,33532.51,6450,321.0,14.621,9.254,,,,87.789856,871,true,212,229,787862,67.35294,46,,,9.2249,86.042206,111.64927,349,1.0801886,,,false,false,,340,,,,46,,,52,180,144,161,168,179,184,189,198,,,,,,,,776,1984,729,112,20,14,0,316,66.0,false,false,false,3720,1200,600,,,,235,230,19836,535,2025-10-09T05:39:14Z,2025-10-09T07:27:46Z,,"fit","20633995141",,"Specialized Tarmac Pro 2016",
i100953555,2025-10-08T17:05:41,"Aigle Road Cycling","Ride",2982,25325.54,3195,326.0,16.469,8.487,true,174,138,82.52258,726,true,215,264,655967,77.64706,50,,,8.492804,92.191284,113.2311,349,1.227907,1.9130435,,false,false,,340,,,,50,36,,48,180,144,161,168,179,184,189,198,2088,384,244,275,0,0,0,1011,1021,189,624,94,4,39,230,66.0,false,false,false,3053,0,0,,,,309,303,25245,1308,2025-10-08T15:05:41Z,2025-10-08T16:02:54Z,,"fit","20628053972",,"Specialized Tarmac Pro 2016",
i100871467,2025-10-08T08:05:46,"Aigle Road Cycling","Ride",2522,21144.45,3947,294.0,13.707,8.401,,,,85.24461,566,true,200,211,509102,62.058823,27,,,8.384001,92.191284,113.2311,349,1.055,,,false,false,,340,,,,27,,,48,180,144,161,168,179,184,189,198,,,,,,,,609,1626,227,53,7,0,0,88,66.0,false,false,false,2548,1200,600,,,,212,208,17815,504,2025-10-08T06:05:46Z,2025-10-08T07:12:15Z,,"fit","20623561209",,"Specialized Tarmac Pro 2016",
i100621350,2025-10-06T16:36:18,"Aigle Road Cycling","Ride",5416,42171.56,8105,1057.0,17.719,7.8,,,,79.608116,1374,true,230,284,1252574,83.52941,105,,,7.7864766,109.03973,116.85346,350,1.2347826,,,false,false,,340,,,,105,,,52,180,144,161,168,179,184,189,198,,,,,,,,1464,1680,1194,233,298,527,20,482,66.0,false,false,false,5450,1200,600,,,,330,323,28758,867,2025-10-06T14:36:18Z,2025-10-06T17:14:46Z,,"fit","20607863010",,"Specialized Tarmac Pro 2016",
i100388359,2025-10-05T09:51:58,"Aigle Road Cycling","Ride",11016,79807.1,14536,2057.0,16.758,7.254,true,177,132,79.773506,2530,true,205,259,2275788,76.17647,178,,,7.244653,109.66009,117.13908,350,1.2634146,1.9621212,,false,false,,340,,,,178,114,,55,180,144,161,168,179,184,189,198,8571,997,739,709,0,0,0,3557,3550,2232,1069,353,219,36,717,66.0,false,false,false,11097,1200,600,,,,329,322,28583,644,2025-10-05T07:51:58Z,2025-10-05T12:03:00Z,,"fit","20595832486",,"Specialized Tarmac Pro 2016",
i100224553,2025-10-04T09:40:09,"Aigle Road Cycling","Ride",16904,127899.42,17786,3126.0,21.022,7.53,true,167,139,81.72506,4051,true,215,242,3663603,71.17647,238,,,7.566222,99.16547,115.672615,351,1.1255814,1.7410072,,false,false,,340,,,,238,204,,50,180,144,161,168,179,184,189,198,9571,6536,891,0,0,0,0,3708,6365,6251,521,46,13,0,2129,66.0,false,false,false,17027,1200,600,,,,280,274,23928,830,2025-10-04T07:40:09Z,2025-10-04T12:50:54Z,,"fit","20586298978",,"Specialized Tarmac Pro 2016",
i100056530,2025-10-03T13:35:46,"Aigle Road Cycling","Ride",6951,67563.96,7537,784.0,19.277,9.641,,,,88.86916,1926,true,249,272,1764116,80.0,124,,,9.720035,77.845345,112.725105,351,1.0923694,,,false,false,,340,,,,124,,,50,180,144,161,168,179,184,189,198,,,,,,,,900,2363,2262,1049,280,93,4,1191,66.0,false,false,false,7076,1200,600,,,,326,319,27721,660,2025-10-03T11:35:46Z,2025-10-03T13:41:59Z,,"fit","20577322174",,"Specialized Tarmac Pro 2016",
i99420121,2025-09-29T11:36:37,"Kigali Road Cycling","Ride",6201,52477.8,11781,1204.0,18.363,8.482,,,,79.22397,1265,true,177,204,1121234,60.0,62,,,8.462796,108.617386,120.77965,352,1.1525424,,,false,false,,340,,,,62,,,59,180,144,161,168,179,184,189,198,,,,,,,,2763,2775,570,88,5,0,0,145,66.0,false,false,false,6336,1200,600,,,,222,217,18470,511,2025-09-29T09:36:37Z,2025-09-29T12:54:34Z,,"fit","20535654498",,"Specialized Tarmac Pro 2016",
i99303431,2025-09-28T16:26:14,"Kigali Road Cycling","Ride",420,3377.27,420,24.0,15.097,8.047,,,,71.51194,54,true,105,142,44059,41.764706,2,,,8.041119,115.776184,122.19595,353,1.352381,,,false,false,,340,,,,2,,,55,180,144,161,168,179,184,189,198,,,,,,,,349,59,3,2,3,1,4,1,66.0,false,false,false,419,0,0,,,,96,95,7239,900,2025-09-28T14:26:14Z,2025-09-28T14:34:47Z,,"fit","20527404532",,"Specialized Tarmac Pro 2016",
i99305420,2025-09-28T09:45:07,"Kigali Road Cycling","Ride",12210,134842.55,12210,1451.0,24.53,11.044,,,,90.55954,3150,true,235,296,2869275,87.05882,257,,,11.043615,115.776184,122.19595,353,1.2595744,,,false,false,,340,,,,257,,,55,180,144,161,168,179,184,189,198,,,,,,,,4366,1789,1542,1822,1401,947,344,1364,66.0,false,false,false,12209,1200,600,,,,307,301,25196,1084,2025-09-28T07:45:07Z,2025-09-28T14:48:34Z,,"fit","20527576558",,"Specialized Tarmac Pro 2016",
i99238635,2025-09-28T07:56:07,"Kigali Road Cycling","Ride",609,4289.74,5274,59.0,16.963,7.088,,,,78.5938,111,true,151,179,95709,52.64706,5,,,7.0439086,115.776184,122.19595,353,1.1854304,,,false,false,,340,,,,5,,,55,180,144,161,168,179,184,189,198,,,,,,,,376,203,26,4,0,0,0,13,66.0,false,false,false,634,1200,600,,,,153,150,11376,372,2025-09-28T05:56:07Z,2025-09-28T07:24:33Z,,"fit","20522334036",,"Specialized Tarmac Pro 2016",
i99138829,2025-09-27T09:34:33,"Kigali Road Cycling","Ride",5983,42605.62,12054,666.0,19.371,7.146,true,178,130,79.33918,1259,true,183,244,1119730,71.76471,86,,,7.1211133,93.01419,118.77915,353,1.3333334,1.8769231,,false,false,,340,,,,86,57,,54,180,144,161,168,179,184,189,198,4824,840,48,271,0,0,0,2314,2264,961,129,139,169,7,322,66.0,false,false,false,6109,1200,600,,,,296,290,24927,564,2025-09-27T07:34:33Z,2025-09-27T11:07:21Z,,"fit","20514549746",,"Specialized Tarmac Pro 2016",
i99016779,2025-09-26T09:37:23,"Kigali Road Cycling","Ride",9656,84128.48,13993,1545.0,19.949,8.743,true,170,130,83.052216,1982,true,178,221,1758058,65.0,113,,,8.71256,94.091324,119.56897,353,1.241573,1.7,,false,false,,340,,,,113,91,,52,180,144,161,168,179,184,189,198,6959,2455,219,23,0,0,0,4545,2589,1883,401,122,90,26,780,66.0,false,false,false,9895,1200,600,,,,239,234,20081,913,2025-09-26T07:37:23Z,2025-09-26T12:37:30Z,,"fit","20505651966",,"Specialized Tarmac Pro 2016",
i98944069,2025-09-25T10:06:25,"Kigali Road Cycling","Ride",6589,55061.36,16955,906.0,19.781,8.371,true,153,119,83.42428,1339,true,179,213,1185194,62.64706,72,,,8.356558,91.187614,119.72725,354,1.1899441,1.7899159,,false,false,,340,,,,72,44,,56,180,144,161,168,179,184,189,198,6539,50,0,0,0,0,0,2813,2773,795,100,28,39,41,188,66.0,false,false,false,6637,1200,600,,,,212,208,17815,968,2025-09-25T08:06:25Z,2025-09-25T20:52:00Z,,"fit","20500421695",,"Specialized Tarmac Pro 2016",
i98730623,2025-09-24T16:48:24,"Kigali Road Cycling","Ride",500,3593.63,500,31.0,15.536,7.185,,,,66.60091,57,true,91,127,45283,37.35294,2,,,7.1872597,94.13416,120.87725,354,1.3956044,,,false,false,,340,,,,2,,,52,180,144,161,168,179,184,189,198,,,,,,,,446,55,0,0,0,0,0,0,66.0,false,false,false,499,0,0,,,,89,88,6713,244,2025-09-24T14:48:24Z,2025-09-24T15:00:35Z,,"fit","20487262687",,"Specialized Tarmac Pro 2016",
i98730613,2025-09-24T14:47:56,"Kigali Road Cycling","Ride",1764,20705.57,1769,268.0,24.008,11.738,,,,94.212585,581,true,305,330,539458,97.05882,46,,,11.737852,94.13416,120.87725,354,1.0819672,,,false,false,,340,,,,46,,,52,180,144,161,168,179,184,189,198,,,,,,,,252,128,285,464,452,167,16,316,66.0,false,false,false,1768,0,0,,,,305,299,25151,724,2025-09-24T12:47:56Z,2025-09-24T15:00:31Z,,"fit","20487260503",,"Specialized Tarmac Pro 2016",
i98730594,2025-09-24T12:59:15,"Kigali Road Cycling","Ride",673,4245.03,723,32.0,13.931,6.283,,,,,123,,,,,,,,,6.3076224,94.13416,120.87725,354,,,,false,false,,340,,,,,,,52,180,144,161,168,179,184,189,198,,,,,,,,,,,,,,,,66.0,false,false,false,674,0,0,,,,,,,,2025-09-24T10:59:15Z,2025-09-24T15:00:05Z,,"fit","20487259070",,"Specialized Tarmac Pro 2016",
i98691258,2025-09-24T09:15:46,"Kigali Road Cycling","Ride",3025,24932.28,3457,253.0,20.266,8.258,,,,76.31939,588,true,172,207,518093,60.882355,31,,,8.242076,94.13416,120.87725,354,1.2034883,,,false,false,,340,,,,31,,,52,180,144,161,168,179,184,189,198,,,,,,,,1630,849,429,107,8,2,0,236,66.0,false,false,false,3019,0,0,,,,217,213,18104,503,2025-09-24T07:15:46Z,2025-09-24T09:18:57Z,,"fit","20484249122",,"Specialized Tarmac Pro 2016",
i98549699,2025-09-23T08:32:40,"Kigali Road Cycling","Ride",5421,45571.91,10204,992.0,20.649,8.414,true,165,125,79.89666,1174,true,193,236,1046638,69.411766,73,,,8.40655,96.458244,121.88629,355,1.2227979,1.888,,false,false,,340,,,,73,44,,52,180,144,161,168,179,184,189,198,4696,717,8,0,0,0,0,2322,1775,905,284,74,32,29,422,66.0,false,false,false,5436,1200,600,,,,251,246,20879,998,2025-09-23T06:32:40Z,2025-09-23T09:25:36Z,,"fit","20473734683",,"Specialized Tarmac Pro 2016",
i98428264,2025-09-22T10:25:12,"Kigali Road Cycling","Ride",10910,102643.91,12935,890.0,17.206,9.414,true,164,125,83.80192,2404,true,196,218,2151654,64.117645,125,,,9.40824,100.06061,123.06422,355,1.1122448,1.744,,false,false,,340,,,,125,89,,54,180,144,161,168,179,184,189,198,10492,362,38,0,0,0,0,3187,6254,1060,286,79,38,6,357,66.0,false,false,false,10968,1200,600,,,,238,233,20034,737,2025-09-22T08:25:12Z,2025-09-22T12:02:40Z,,"fit","20464767520",,"Specialized Tarmac Pro 2016",
i98346470,2025-09-21T16:59:34,"Kigali Road Cycling","Ride",644,4283.93,644,26.0,15.181,6.654,,,,72.67453,69,true,85,122,54520,35.882355,2,,,6.6520653,96.23079,123.01757,355,1.4352942,,,false,false,,340,,,,2,,,50,180,144,161,168,179,184,189,198,,,,,,,,581,60,4,0,0,0,0,0,66.0,false,false,false,643,0,0,,,,83,82,6223,280,2025-09-21T14:59:34Z,2025-09-21T19:23:14Z,,"fit","20459838852",,"Specialized Tarmac Pro 2016",
i98346463,2025-09-21T15:27:26,"Kigali Road Cycling","Ride",3697,39838.06,3748,508.0,25.753,10.63,,,,90.588104,1137,true,280,296,1050455,87.05882,78,,,10.77578,96.23079,123.01757,355,1.0571429,,,false,false,,340,,,,78,,,50,180,144,161,168,179,184,189,198,,,,,,,,356,406,1323,1344,226,30,12,1523,66.0,false,false,false,3747,1200,600,,,,298,292,24972,690,2025-09-21T13:27:26Z,2025-09-21T19:23:11Z,,"fit","20459838494",,"Specialized Tarmac Pro 2016",
i98346457,2025-09-21T14:46:48,"20min warm up ending 15' before start +Plyo","Ride",1159,,1159,0.0,,0.0,,,,89.82384,261,true,203,230,234512,67.64706,15,,5,,96.23079,123.01757,355,1.1330049,,true,false,false,,340,,,,15,,,50,180,144,161,168,179,184,189,198,,,,,,,,589,296,145,104,6,5,15,107,66.0,false,false,false,1158,0,0,,,,233,228,19623,888,2025-09-21T12:46:48Z,2025-09-21T19:23:01Z,,"fit","20459837370",,"Specialized Tarmac Pro 2016",
i98346454,2025-09-21T13:29:27,"Kigali Road Cycling","Ride",821,5323.08,821,192.0,15.983,6.481,true,133,120,80.95956,137,true,145,159,118603,46.764706,5,,,6.483654,96.23079,123.01757,355,1.0965518,1.325,,false,false,,340,,,,5,6,,50,180,144,161,168,179,184,189,198,822,0,0,0,0,0,0,638,184,0,0,0,0,0,0,66.0,false,false,false,820,0,0,,,,149,146,11111,256,2025-09-21T11:29:27Z,2025-09-21T19:22:56Z,,"fit","20459836972",,"Specialized Tarmac Pro 2016",
i98149211,2025-09-20T08:42:47,"Kigali Road Cycling","Ride",5022,48159.18,8563,920.0,23.737,9.558,,,,82.80274,1322,true,239,264,1205009,77.64706,84,,,9.589642,95.65197,123.57218,356,1.1046025,,,false,false,,340,,,,84,,,49,180,144,161,168,179,184,189,198,,,,,,,,928,1544,1535,922,89,4,0,1199,66.0,false,false,false,5051,1200,600,,,,279,273,23884,632,2025-09-20T06:42:47Z,2025-09-20T09:20:00Z,,"fit","20442793869",,"Specialized Tarmac Pro 2016",
i97916847,2025-09-18T09:54:50,"Kigali Road Cycling","Ride",11463,110008.09,16337,1015.0,21.022,9.606,true,181,133,83.167786,2558,true,198,240,2288968,70.588234,159,,,9.596798,112.404884,127.52615,356,1.2121212,1.8045113,,false,false,,340,,,,159,124,,49,180,144,161,168,179,184,189,198,8285,1711,446,999,22,0,0,4285,3689,1892,1245,308,41,3,1365,66.0,false,false,false,11568,1200,600,12,180,,292,286,24832,578,2025-09-18T07:54:50Z,2025-09-18T12:37:31Z,,"fit","20424343703",,"Specialized Tarmac Pro 2016",
i97812411,2025-09-17T16:25:06,"Kigali Road Cycling","Ride",1107,8514.27,1497,65.0,17.924,7.729,true,136,113,71.90909,197,true,150,179,170040,52.64706,9,,,7.6913004,105.249504,126.767784,356,1.1933334,1.5840708,,false,false,,340,,,,9,7,,50,180,144,161,168,179,184,189,198,1107,0,0,0,0,0,0,596,406,81,19,4,1,0,56,66.0,false,false,false,1134,0,0,,,,146,144,10920,506,2025-09-17T14:25:06Z,2025-09-17T15:25:26Z,,"fit","20415354215",,"Specialized Tarmac Pro 2016",
i97770187,2025-09-17T09:34:06,"Kigali Road Cycling","Ride",6681,57349.82,7264,945.0,19.361,8.598,true,178,126,84.013916,1367,true,179,224,1212961,65.882355,81,,,8.584018,105.249504,126.767784,356,1.2513967,1.7777778,,false,false,,340,,,,81,59,,50,180,144,161,168,179,184,189,198,5931,620,48,82,0,0,0,2896,2773,707,142,83,70,10,186,66.0,false,false,false,6770,1200,600,,,,266,261,21526,596,2025-09-17T07:34:06Z,2025-09-17T10:43:51Z,,"fit","20412679260",,"Specialized Tarmac Pro 2016",
i97680682,2025-09-16T15:48:32,"Kigali Road Cycling","Ride",4396,31264.2,8552,281.0,18.727,7.137,true,144,110,75.96534,764,true,147,186,662712,54.705883,37,,,7.111965,107.59129,127.65371,356,1.2653061,1.6909091,,false,false,,340,,,,37,25,,48,180,144,161,168,179,184,189,198,4396,0,0,0,0,0,0,2519,1592,212,53,7,11,2,88,66.0,false,false,false,4500,1200,600,,,,199,196,13979,677,2025-09-16T13:48:32Z,2025-09-16T16:55:22Z,,"fit","20405576647",,"Specialized Tarmac Pro 2016",
i97396010,2025-09-14T09:46:17,"Dja-et-Lobo Road Cycling","Ride",15407,167061.73,15407,1070.0,21.181,10.843,,,,89.308876,3334,true,193,264,2980036,77.64706,258,,,10.843236,136.61859,132.9665,357,1.3678757,,,false,false,,340,,,,258,,,48,180,144,161,168,179,184,189,198,,,,,,,,7504,3226,2041,1205,614,508,310,1468,66.0,false,false,false,15406,1200,600,,,,292,286,24845,1156,2025-09-14T08:46:17Z,2025-09-14T13:13:49Z,,"fit","20383301705",,"Specialized Tarmac Pro 2016",
i97268088,2025-09-13T11:30:08,"Dja-et-Lobo Road Cycling","Ride",8769,98152.34,8769,1525.0,21.759,11.193,,,,90.444176,1967,true,201,272,1764412,80.0,156,,,11.193106,117.97866,129.9538,357,1.3532338,,,false,false,,340,,,,156,,,48,180,144,161,168,179,184,189,198,,,,,,,,3912,1945,1388,821,269,265,170,1080,66.0,false,false,false,8768,1200,600,,,,310,304,25287,1185,2025-09-13T10:30:08Z,2025-09-13T14:34:03Z,,"fit","20373648715",,"Specialized Tarmac Pro 2016",
i97158898,2025-09-12T09:49:29,"Mfoundi Road Cycling","Ride",16092,177484.06,18892,1589.0,22.104,11.03,,,,90.61811,3388,true,187,258,3016427,75.882355,257,,,11.029335,112.139915,129.3262,357,1.3796792,,,false,false,,340,,,,257,,,49,180,144,161,168,179,184,189,198,,,,,,,,8368,3580,1633,1069,623,490,329,1094,66.0,false,false,false,16133,1200,600,,,,303,297,25091,1240,2025-09-12T08:49:29Z,2025-09-12T17:19:59Z,,"fit","20364897008",,"Specialized Tarmac Pro 2016",
i96980521,2025-09-11T11:36:32,"Haute-Sanaga Road Cycling","Ride",8358,99182.44,8358,520.0,21.283,11.867,,,,93.676636,1899,true,204,250,1708025,73.52941,126,,,11.866767,89.89448,126.24988,358,1.2254902,,,false,false,,340,,,,126,,,47,180,144,161,168,179,184,189,198,,,,,,,,3572,2371,1209,581,271,229,126,775,66.0,false,false,false,8357,1200,600,,,,268,262,21798,1022,2025-09-11T10:36:32Z,2025-09-11T13:00:41Z,,"fit","20352170599",,"Specialized Tarmac Pro 2016",
i96640855,2025-09-09T09:37:02,"Mfoundi Road Cycling","Ride",5640,47688.45,6151,413.0,19.147,8.485,true,160,115,84.24022,1016,true,154,219,886474,64.411766,65,,,8.455399,97.30312,129.29807,358,1.4220779,1.9043478,,false,false,,340,,,,65,39,,45,180,144,161,168,179,184,189,198,5272,368,0,0,0,0,0,3230,1269,765,232,54,43,47,390,66.0,false,false,false,5768,1200,600,,,,240,235,20123,1206,2025-09-09T08:37:02Z,2025-09-09T10:22:11Z,,"fit","20329082492",,"Specialized Tarmac Pro 2016",
i96476830,2025-09-08T10:58:06,"Mfoundi Road Cycling","Ride",6003,47976.48,6451,742.0,17.999,8.006,true,181,126,81.52656,1298,true,192,249,1158371,73.23529,89,,,7.992084,102.26375,130.84734,359,1.296875,1.9761904,,false,false,,340,,,,89,56,,47,180,144,161,168,179,184,189,198,5153,338,143,340,29,0,0,2260,2350,742,266,239,142,4,424,66.0,false,false,false,6047,1200,600,,,,318,311,25775,563,2025-09-08T09:58:06Z,2025-09-08T12:11:07Z,,"fit","20319340394",,"Specialized Tarmac Pro 2016",
i96147178,2025-09-06T05:58:31,"City of Westminster Road Cycling","Ride",11966,127021.3,14588,834.0,20.416,10.645,true,180,146,91.90047,3259,true,245,293,2988028,86.17647,247,,,10.615185,120.31752,135.03275,360,1.1959183,2.0068493,,false,false,,340,,,,247,171,,48,180,144,161,168,179,184,189,198,5276,4562,1385,730,13,0,0,3139,3399,1879,1594,1009,679,267,1531,66.0,false,false,false,12215,1200,600,19,180,,322,315,26828,999,2025-09-06T04:58:31Z,2025-09-06T09:05:01Z,,"fit","20296162631",,"Specialized Tarmac Pro 2016",
i96006910,2025-09-05T08:56:29,"City of Westminster Road Cycling","Ride",10464,94173.88,11651,1113.0,17.84,9.046,true,147,122,84.70334,2428,true,199,220,2181867,64.70588,122,,,8.999798,100.863525,132.33487,360,1.1055276,1.8032787,,false,false,,340,,,,122,83,,46,180,144,161,168,179,184,189,198,10403,61,0,0,0,0,0,2423,5975,1661,244,100,48,13,508,66.0,false,false,false,10965,1200,600,,,,231,226,19418,753,2025-09-05T07:56:29Z,2025-09-05T11:18:56Z,,"fit","20287432391",,"Specialized Tarmac Pro 2016",
i95485951,2025-09-02T11:49:08,"Richmond upon Thames Road Cycling","Ride",1936,16762.12,2149,125.0,16.525,8.734,true,144,120,82.73113,425,true,183,214,378645,62.941177,21,,,8.658119,129.90106,139.05016,361,1.1693989,1.7833333,,false,false,,340,,,,21,14,,46,180,144,161,168,179,184,189,198,1936,0,0,0,0,0,0,764,684,341,93,22,28,4,180,66.0,false,false,false,2066,0,0,,,,208,204,18151,634,2025-09-02T10:49:08Z,2025-09-02T11:25:59Z,,"fit","20255100820",,"Specialized Tarmac Pro 2016",
i95478197,2025-09-02T10:59:30,"lactate profile","VirtualRide",2439,,2439,,,0.0,true,176,130,,56,,,,,60.75813,25,,,,129.90106,139.05016,361,,,true,false,false,,340,,,,,25,,46,180,144,161,168,179,184,189,198,1686,513,150,91,0,0,0,,,,,,,,,66.0,false,false,false,2438,0,0,,,,,,,,2025-09-02T09:59:30Z,2025-09-02T10:40:42Z,,"fit","20254617076",,"Specialized Tarmac Pro 2016",
i95461061,2025-09-02T08:53:00,"City of Westminster Road Cycling","Ride",2200,16989.63,2406,152.0,12.848,7.768,true,121,107,83.02879,397,true,149,170,345634,50.0,15,,,7.7225595,129.90106,139.05016,361,1.1409396,1.588785,,false,false,,340,,,,15,11,,46,180,144,161,168,179,184,189,198,2200,0,0,0,0,0,0,1356,773,65,6,0,0,0,9,66.0,false,false,false,2324,0,0,,,,161,158,13756,438,2025-09-02T07:53:00Z,2025-09-02T08:54:43Z,,"fit","20253791957",,"Specialized Tarmac Pro 2016",
i95205105,2025-08-31T14:00:28,"Wentworth NAT A - 12th","Ride",13884,158580.77,13971,1254.0,21.246,11.423,true,182,157,92.65896,3723,true,121,262,1683582,77.05882,229,,,11.421836,156.56339,143.5616,362,2.1652892,1.6687899,,false,false,,340,,,,229,253,,46,180,144,161,168,179,184,189,198,2562,3776,3709,3787,50,0,0,9669,988,789,733,652,622,431,731,66.0,false,false,false,13883,1200,600,15,180,,302,296,25087,1135,2025-08-31T13:00:28Z,2025-08-31T16:58:22Z,,"fit","20238376885",,"Specialized Tarmac Pro 2016","Cramping 2 laps to go. \nFeeling terrible today , WHOOP was right \nStill hold onto first group somehow"
i95164273,2025-08-31T13:18:00,"Rotherham Road Cycling","Ride",1159,9538.68,1294,123.0,13.931,8.244,true,145,117,84.051575,220,true,166,207,193262,60.882355,12,,,8.230095,156.56339,143.5616,362,1.2469879,1.7692307,,false,false,,340,,,,12,8,,46,180,144,161,168,179,184,189,198,1157,2,0,0,0,0,0,632,317,158,38,13,1,0,43,66.0,false,false,false,1166,0,0,,,,197,192,19088,450,2025-08-31T12:18:00Z,2025-08-31T12:47:51Z,,"fit","20235484943",,"Specialized Tarmac Pro 2016",
i95003624,2025-08-30T12:08:00,"Rotherham Road Cycling","Ride",5513,47734.81,5923,410.0,16.87,8.682,true,163,118,84.769,1119,true,175,234,992985,68.82353,73,,,8.65859,143.59688,141.2138,362,1.3371428,1.9830508,,false,false,,340,,,,73,35,,47,180,144,161,168,179,184,189,198,4631,197,3,0,0,0,0,2607,1741,733,208,89,89,46,339,66.0,false,false,false,5689,1200,600,,,,220,215,18237,1210,2025-08-30T11:08:00Z,2025-08-30T12:47:24Z,,"fit","20224906418",,"Specialized Tarmac Pro 2016",
i94950926,2025-08-30T07:20:51,"City of Westminster Road Cycling","Ride",1669,12770.66,1933,142.0,11.486,7.692,,,,82.18819,320,true,159,187,280846,55.0,14,,,7.651684,143.59688,141.2138,362,1.1761006,,,false,false,,340,,,,14,,,47,180,144,161,168,179,184,189,198,,,,,,,,746,775,124,14,5,2,3,48,66.0,false,false,false,1767,0,0,,,,168,164,15075,627,2025-08-30T06:20:51Z,2025-08-30T06:54:46Z,,"fit","20221411787",,"Specialized Tarmac Pro 2016",
i94918957,2025-08-29T17:12:33,"Indoor Cycling","VirtualRide",3857,,3936,,,0.0,,,,88.995964,1004,true,237,288,914734,84.70588,77,,,,152.28818,142.5201,362,1.2151898,,true,false,false,,340,,,,77,,,48,180,144,161,168,179,184,189,198,,,,,,,,1635,1136,43,356,272,335,80,36,66.0,false,false,false,3854,1200,600,,,,288,282,24752,653,2025-08-29T15:12:33Z,2025-08-29T20:59:39Z,,"fit","20218955616",,"Specialized Tarmac Pro 2016",
i94452692,2025-08-27T08:25:14,"Guadix Road Cycling","Ride",4925,40733.33,5805,533.0,20.537,8.279,true,158,118,81.27152,1119,true,204,236,1005065,69.411766,66,,,8.270726,148.79506,141.685,362,1.1568627,2.0,,false,false,,340,,,,66,34,,49,180,144,161,168,179,184,189,198,4804,121,0,0,0,0,0,1366,2848,413,125,63,67,43,159,66.0,false,false,false,4925,1200,600,,,,225,220,18787,710,2025-08-27T06:25:14Z,2025-08-27T08:02:57Z,,"fit","20191933661",,"Specialized Tarmac Pro 2016",
i94297637,2025-08-26T09:01:02,"Guadix Road Cycling","Ride",14306,121037.2,14726,2319.0,21.88,8.465,true,174,142,84.55349,3712,true,236,264,3381770,77.64706,240,,,8.46059,161.50948,143.50865,362,1.1186441,1.8591549,,false,false,,340,,,,240,188,,47,180,144,161,168,179,184,189,198,8670,2092,2725,819,0,0,0,2658,4840,3831,2676,268,25,8,3884,66.0,false,false,false,14346,1200,600,,,,306,300,25183,711,2025-08-26T07:01:02Z,2025-08-26T11:08:38Z,,"fit","20181987067",,"Specialized Tarmac Pro 2016",
i94180536,2025-08-25T16:15:15,"Guadix Road Cycling","Ride",4916,40689.54,5931,522.0,18.167,8.29,true,147,121,83.33755,1143,true,208,230,1029720,67.64706,62,,,8.27696,149.45609,141.18367,362,1.1057693,1.9008265,,false,false,,340,,,,62,37,,47,180,144,161,168,179,184,189,198,4880,36,0,0,0,0,0,1179,2708,733,244,50,2,0,351,66.0,false,false,false,4939,1200,600,,,,233,228,19579,490,2025-08-25T14:15:15Z,2025-08-25T15:55:25Z,,"fit","20173866485",,"Specialized Tarmac Pro 2016",
i93985364,2025-08-24T09:05:30,"Sierra Nevada D13","Ride",14317,109370.73,16568,2762.0,22.412,7.646,true,173,134,77.74194,3461,true,216,259,3111880,76.17647,231,,,7.639221,162.88628,143.09161,362,1.199074,1.9328358,,false,false,,340,,,,231,161,,50,180,144,161,168,179,184,189,198,8834,3879,1376,228,0,0,0,3650,3889,4308,2102,276,85,7,2790,66.0,false,false,false,14381,1200,600,,,,306,300,25183,808,2025-08-24T07:05:30Z,2025-08-24T13:17:08Z,,"fit","20162324437",,"Specialized Tarmac Pro 2016","2 punctures, 4hrs out of 6. \nSean Doyle hero of the day 🙏"
i93813167,2025-08-23T09:31:36,"Sierra Nevada D12","Ride",15818,115320.83,18825,3028.0,22.478,7.298,true,177,139,79.30138,3704,true,210,246,3340196,72.35294,230,,5,7.290481,152.42639,140.97343,362,1.1714286,1.7697842,,false,false,,340,,,,230,196,,46,180,144,161,168,179,184,189,198,8591,5196,1013,1018,0,0,0,3871,8406,1386,1538,535,82,0,969,66.0,false,false,false,15914,1200,600,,,,298,292,24972,632,2025-08-23T07:31:36Z,2025-08-23T12:58:03Z,,"fit","20151387054",,"Specialized Tarmac Pro 2016",
i93620073,2025-08-22T10:13:19,"Sierra Nevada D11 - Recovery","Ride",5969,44971.16,6386,1062.0,21.218,7.543,true,141,123,81.127304,1380,true,207,218,1241405,64.117645,68,,,7.5341196,140.5138,138.82832,362,1.05314,1.7723577,,false,false,,340,,,,68,47,,46,180,144,161,168,179,184,189,198,5969,0,0,0,0,0,0,1245,4254,415,46,6,3,0,82,66.0,false,false,false,6003,1200,600,,,,231,226,19384,468,2025-08-22T08:13:19Z,2025-08-22T10:01:35Z,,"fit","20139332472",,"Specialized Tarmac Pro 2016",
i93457073,2025-08-21T09:30:11,"Sierra Nevada D10","Ride",11543,90469.45,12830,2434.0,20.266,7.843,true,169,133,78.13278,2861,true,224,254,2590827,74.70588,179,,5,7.837603,151.64937,140.53494,362,1.1339285,1.9097744,,false,false,,340,,,,179,121,,52,180,144,161,168,179,184,189,198,8337,2405,794,7,0,0,0,2730,4886,2070,1628,224,5,0,1381,66.0,false,false,false,11588,1200,600,,,,290,284,24797,588,2025-08-21T07:30:11Z,2025-08-21T11:05:57Z,,"fit","20129483325",,"Specialized Tarmac Pro 2016","Torque 90%"
i93303036,2025-08-20T08:54:47,"Sierra Nevada D9","Ride",18102,138165.1,20274,3588.0,21.087,7.631,true,169,135,78.89677,4367,true,215,246,3943103,72.35294,263,,,7.6325874,147.44926,139.60812,362,1.144186,1.8222222,,false,false,,340,,,,263,203,,49,180,144,161,168,179,184,189,198,12617,4175,1337,2,0,0,0,4204,7060,5044,1609,159,22,4,3147,66.0,false,false,false,18340,1200,600,,,,293,287,24856,669,2025-08-20T06:54:47Z,2025-08-20T12:47:27Z,,"fit","20119824418",,"Specialized Tarmac Pro 2016","Another amazing day in the office \n3x20 @300"
i93109381,2025-08-19T09:42:23,"Sierra Nevada D8","Ride",11806,95061.44,12480,2247.0,20.938,8.062,true,175,142,80.27843,2941,true,224,265,2664909,77.94118,199,,5,8.05196,129.70471,136.63496,362,1.1830357,1.8661972,,false,false,,340,,,,199,150,,46,180,144,161,168,179,184,189,198,6618,3232,1416,540,0,0,0,2826,6709,656,279,359,853,124,177,66.0,false,false,false,11901,1200,600,,,,300,294,25015,678,2025-08-19T07:42:23Z,2025-08-19T11:12:07Z,,"fit","20107468679",,"Specialized Tarmac Pro 2016",
i92770000,2025-08-17T10:23:26,"Sierra Nevada D6","Ride",9067,74623.03,9304,1497.0,20.966,8.233,true,175,135,79.00401,2101,true,208,239,1889406,70.29412,124,,6,8.230179,137.34735,138.3883,362,1.1490384,1.7703704,,false,false,,340,,,,124,97,,51,180,144,161,168,179,184,189,198,7655,947,272,193,0,0,0,2509,5124,438,607,285,99,5,423,66.0,false,false,false,9090,1200,600,,,,262,257,21054,663,2025-08-17T08:23:26Z,2025-08-17T11:02:38Z,,"fit","20086184304",,"Specialized Tarmac Pro 2016","Torque 90%. con final alta cadencia."
i92637283,2025-08-16T10:20:11,"Sierra Nevada D5","Ride",14414,116379.08,16335,2790.0,21.852,8.089,true,178,137,84.32952,3234,true,197,249,2891860,73.23529,215,,,8.074031,139.39703,138.735,362,1.2639594,1.8175182,,false,false,,340,,,,215,176,,49,180,144,161,168,179,184,189,198,7637,4309,962,1506,0,0,0,4985,4175,2612,2415,195,27,5,2656,66.0,false,false,false,14652,1200,600,,,,297,291,24951,628,2025-08-16T08:20:11Z,2025-08-16T13:06:55Z,,"fit","20076991720",,"Specialized Tarmac Pro 2016","40 degrés + altitude 🥵 🤯"
i92496709,2025-08-15T14:53:13,"Sierra Nevada D4","Ride",7259,59204.63,7550,1279.0,21.349,8.16,true,146,132,81.598564,1730,true,215,223,1560758,65.588234,87,,,8.156031,127.787056,136.89738,363,1.0372093,1.689394,,false,false,,340,,,,87,67,,53,180,144,161,168,179,184,189,198,7225,34,0,0,0,0,0,1203,5126,852,70,5,3,0,180,66.0,false,false,false,7257,1200,600,,,,229,224,19215,554,2025-08-15T12:53:13Z,2025-08-15T15:07:21Z,,"fit","20067944017",,"Specialized Tarmac Pro 2016","Adaptación FC"
i92315707,2025-08-14T09:45:38,"Sierra Nevada D3","Ride",14503,113923.71,15247,2690.0,21.899,7.858,true,171,144,80.29992,3485,true,216,235,3145671,69.117645,192,,5,7.8551826,134.05052,138.09967,363,1.087963,1.6319444,,false,false,,340,,,,192,187,,50,180,144,161,168,179,184,189,198,6863,7080,484,76,0,0,0,2874,8900,2349,144,63,38,135,404,66.0,false,false,false,14542,1200,600,,,,247,242,20619,1073,2025-08-14T07:45:38Z,2025-08-14T12:03:54Z,,"fit","20055560645",,"Specialized Tarmac Pro 2016",
i92130649,2025-08-13T10:33:40,"Sierra Nevada D2","Ride",10929,87790.67,11430,2209.0,21.563,8.037,true,170,143,82.220695,2712,true,224,240,2454129,70.588234,151,,,8.032819,125.15151,136.80093,363,1.0714285,1.6783217,,false,false,,340,,,,151,141,,52,180,144,161,168,179,184,189,198,5125,5119,671,14,0,0,0,1764,5287,3502,324,38,14,0,866,66.0,false,false,false,10944,1200,600,,,,265,260,21102,720,2025-08-13T08:33:40Z,2025-08-13T11:46:07Z,,"fit","20044523650",,"Specialized Tarmac Pro 2016",
i91951573,2025-08-12T11:26:55,"Sierra Nevada D1","Ride",10690,78264.54,11490,2076.0,20.695,7.325,true,165,142,81.143555,2416,true,203,214,2166945,62.941177,118,,,7.3212852,121.18209,136.4588,363,1.0541872,1.5070423,,false,false,,340,,,,118,135,,50,180,144,161,168,179,184,189,198,4393,6265,32,0,0,0,0,2292,7833,507,39,10,9,0,83,66.0,false,false,false,10684,1200,600,,,,227,222,18994,572,2025-08-12T09:26:55Z,2025-08-12T13:46:36Z,,"fit","20033899787",,"Specialized Tarmac Pro 2016",
i91621681,2025-08-10T10:20:46,"City of Westminster Road Cycling","Ride",10971,103856.04,13968,700.0,16.497,9.573,,,,87.10448,2610,true,204,233,2351406,68.52941,143,,,9.466415,133.90538,139.19029,364,1.1421568,,,false,false,,340,,,,143,,,51,180,144,161,168,179,184,189,198,,,,,,,,2413,6360,1736,315,85,30,32,583,66.0,false,false,false,11524,1200,600,,,,234,229,19693,1114,2025-08-10T09:20:46Z,2025-08-10T13:14:45Z,,"fit","20012903050",,"Specialized Tarmac Pro 2016",
i91430989,2025-08-09T05:51:07,"Sat Smash","Ride",12530,138974.88,16803,824.0,21.563,11.154,,,,92.11343,3451,true,248,284,3147745,83.52941,243,,,11.091371,132.50876,139.0985,364,1.1451613,,,false,false,,340,,,,243,,,51,180,144,161,168,179,184,189,198,,,,,,,,2920,3721,2496,1432,950,676,335,1668,66.0,false,false,false,12717,1200,600,,,,295,289,24908,984,2025-08-09T04:51:07Z,2025-08-09T09:33:21Z,,"fit","19999916197",,"Specialized Tarmac Pro 2016","Quality group \nBH got around somehow 🫣"
i91279279,2025-08-08T06:30:43,"Foran ☕️","Ride",7118,65658.72,9517,364.0,15.34,9.298,,,,85.45579,1543,true,187,216,1374209,63.52941,80,,,9.224321,115.54117,136.59497,364,1.1550802,,,false,false,,340,,,,80,,,49,180,144,161,168,179,184,189,198,,,,,,,,2871,3365,672,110,31,19,50,210,66.0,false,false,false,7363,1200,600,,,,240,235,20181,1191,2025-08-08T05:30:43Z,2025-08-08T08:10:30Z,,"fit","19989085855",,"Specialized Tarmac Pro 2016",
i91181026,2025-08-07T09:17:13,"City of Westminster Road Cycling","Ride",14461,128887.23,16973,1410.0,17.159,8.993,true,167,133,84.61922,3499,true,215,237,3157338,69.70588,195,,,8.912746,120.99905,137.95863,365,1.1023256,1.7819549,,false,false,,340,,,,195,148,,49,180,144,161,168,179,184,189,198,11603,2924,165,0,0,0,0,3309,6517,3398,976,183,63,15,2119,66.0,false,false,false,14685,1200,600,,,,264,259,21087,778,2025-08-07T08:17:13Z,2025-08-07T14:52:21Z,,"fit","19982016282",,"Specialized Tarmac Pro 2016",
i90870086,2025-08-05T16:14:09,"City of Westminster Road Cycling","Ride",10291,89666.08,15115,771.0,16.123,8.857,,,,84.56629,2323,true,195,247,2079797,72.64706,151,,,8.7130575,126.4712,139.87524,365,1.2666667,,,false,false,,340,,,,151,,,48,180,144,161,168,179,184,189,198,,,,,,,,3742,3993,1640,407,143,241,125,715,66.0,false,false,false,10644,1200,600,,,,265,260,21243,1020,2025-08-05T15:14:09Z,2025-08-05T19:27:21Z,,"fit","19962858913",,"Specialized Tarmac Pro 2016",
i90519957,2025-08-03T12:19:40,"Getxo 1.1","Ride",12878,147693.02,12937,1773.0,22.31,11.423,,,,89.013275,3063,true,211,273,2726926,80.29412,231,,,11.46863,141.54753,142.97105,366,1.2938389,,,false,false,,340,,,,231,,,49,180,144,161,168,179,184,189,198,,,,,,,,5922,1938,1425,1298,962,915,418,1236,66.0,false,false,false,12936,1200,600,,,,292,286,24845,1125,2025-08-03T10:19:40Z,2025-08-03T14:07:02Z,,"fit","19937183264",,"Specialized Tarmac Pro 2016",
i90335720,2025-08-02T11:44:53,"Pré Getxo","Ride",5096,42228.47,7272,575.0,19.585,8.418,,,,84.444664,1105,true,185,249,985991,73.23529,76,,,8.286592,127.81077,140.84998,366,1.345946,,,false,false,,340,,,,76,,,47,180,144,161,168,179,184,189,198,,,,,,,,2422,1454,521,282,220,165,32,325,66.0,false,false,false,5340,1200,600,,,,304,298,25128,908,2025-08-02T09:44:53Z,2025-08-02T11:47:15Z,,"fit","19925290411",,"Specialized Tarmac Pro 2016",
i90172740,2025-08-01T10:17:07,"Rubena Road Cycling","Ride",8168,77885.76,8834,728.0,19.473,9.564,true,183,140,87.39899,1977,true,218,261,1789017,76.76471,134,,,9.535475,135.76709,142.41255,367,1.1972477,1.8642857,,false,false,,340,,,,134,99,,49,180,144,161,168,179,184,189,198,6615,743,390,413,44,0,0,2199,4717,460,109,247,366,70,140,66.0,false,false,false,8198,1200,600,35,182,,291,285,24824,694,2025-08-01T08:17:07Z,2025-08-01T10:50:13Z,,"fit","19914815104",,"Specialized Tarmac Pro 2016",
i90023948,2025-07-31T10:52:54,"Rubena Road Cycling","Ride",6616,61794.62,10371,417.0,17.084,9.389,,,,86.747444,1364,true,180,199,1207795,58.52941,63,,,9.3401785,136.03845,142.61525,367,1.1055555,,,false,false,,340,,,,63,,,49,180,144,161,168,179,184,189,198,,,,,,,,3013,3138,364,68,7,17,9,144,66.0,false,false,false,6724,1200,600,,,,209,205,18047,1215,2025-07-31T08:52:54Z,2025-07-31T11:47:22Z,,"fit","19905133081",,"Specialized Tarmac Pro 2016",
i89868846,2025-07-30T10:58:52,"Quintanar de la Sierra Road Cycling","Ride",12918,112868.34,13633,2339.0,21.162,8.753,true,181,136,85.971825,3036,true,209,255,2719493,75.0,202,,,8.737292,147.25461,144.5336,368,1.2200956,1.875,,false,false,,340,,,,202,153,,49,180,144,161,168,179,184,189,198,8237,2706,293,1733,25,0,0,4599,2728,3386,1687,429,87,2,2748,66.0,false,false,false,12989,1200,600,,,,305,299,25159,839,2025-07-30T08:58:52Z,2025-07-30T12:47:55Z,,"fit","19895061955",,"Specialized Tarmac Pro 2016",
i89740164,2025-07-29T18:26:09,"Rubena Road Cycling","Ride",661,4389.29,1016,25.0,17.532,6.677,,,,76.80565,137,true,186,207,122218,60.882355,7,,,6.6403785,138.84763,143.14893,368,1.1129032,,,false,false,,340,,,,7,,,49,180,144,161,168,179,184,189,198,,,,,,,,365,200,53,21,10,5,7,29,66.0,false,false,false,658,0,0,,,,190,187,13570,1098,2025-07-29T16:26:09Z,2025-07-29T16:44:32Z,,"fit","19886471161",,"Specialized Tarmac Pro 2016",
i89687063,2025-07-29T09:30:39,"Rubena Road Cycling","Ride",14513,136756.61,15722,1222.0,20.248,9.432,true,160,132,87.71227,3523,true,219,230,3184809,67.64706,184,,,9.423042,138.84763,143.14893,368,1.0502284,1.7424242,,false,false,,340,,,,184,140,,49,180,144,161,168,179,184,189,198,13657,871,0,0,0,0,0,2872,8820,2412,356,53,0,0,864,66.0,false,false,false,14519,1200,600,,,,257,252,20976,484,2025-07-29T07:30:39Z,2025-07-29T11:54:08Z,,"fit","19883406953",,"Specialized Tarmac Pro 2016",
i89545430,2025-07-28T11:06:10,"Rubena Road Cycling","Ride",5443,52218.47,8716,325.0,17.168,9.663,true,149,124,87.31153,1297,true,209,226,1170335,66.47059,67,,,9.593693,130.83885,141.99594,368,1.0813397,1.8225807,,false,false,,340,,,,67,44,,50,180,144,161,168,179,184,189,198,5498,114,0,0,0,0,0,1181,3149,879,183,39,12,0,325,66.0,false,false,false,5604,1200,600,,,,256,251,20958,529,2025-07-28T09:06:10Z,2025-07-28T14:28:56Z,,"fit","19874285856",,"Specialized Tarmac Pro 2016",
i89416682,2025-07-27T16:28:23,"Peñafiel Road Cycling","Ride",64,492.45,63,0.0,11.691,7.794,,,,58.2,2,true,3,4,165,1.1764706,0,,,7.6945314,140.64226,143.80298,368,1.3333334,,,false,false,,340,,,,0,,,48,180,144,161,168,179,184,189,198,,,,,,,,64,0,0,0,0,0,0,0,66.0,false,false,false,62,0,0,,,,,,,53,2025-07-27T14:28:23Z,2025-07-27T15:45:52Z,,"fit","19865985713",,"Specialized Tarmac Pro 2016",
i89416447,2025-07-27T11:34:46,"Vuelta a Castilla y Leon (1.1)","Ride",17256,205164.95,17266,1497.0,22.804,11.889,,,,88.404495,3296,true,165,228,2854106,67.05882,216,,,11.889485,140.64226,143.80298,368,1.3818182,,,false,false,,340,,,,216,,,48,180,144,161,168,179,184,189,198,,,,,,,,10808,2581,1451,1143,603,487,183,1122,66.0,false,false,false,17265,1200,600,,,,272,266,22798,999,2025-07-27T09:34:46Z,2025-07-27T15:44:42Z,,"fit","19865973641",,"Specialized Tarmac Pro 2016","First one with the team 🟣 ✅"
i89312047,2025-07-26T09:34:13,"Rubena Road Cycling","Ride",4996,46864.12,6897,321.0,16.739,9.402,true,160,125,88.34373,1149,true,203,226,1030695,66.47059,61,,,9.380328,129.06995,142.06337,369,1.1133004,1.808,,false,false,,340,,,,61,42,,48,180,144,161,168,179,184,189,198,4960,121,0,0,0,0,0,1361,3191,328,52,21,9,34,93,66.0,false,false,false,5073,1200,600,,,,214,210,17725,1211,2025-07-26T07:34:13Z,2025-07-26T20:19:57Z,,"fit","19857950170",,"Specialized Tarmac Pro 2016",
i89095277,2025-07-25T10:37:48,"Rubena Road Cycling","Ride",10543,101092.39,11036,998.0,20.686,9.605,true,173,139,89.23038,2673,true,230,256,2428666,75.29412,166,,,9.588579,139.5231,144.01662,369,1.1130434,1.8417267,,false,false,,340,,,,166,121,,46,180,144,161,168,179,184,189,198,8363,1104,919,166,0,0,0,1952,6361,1175,345,176,410,124,396,66.0,false,false,false,10547,1200,600,,,,295,289,24900,1182,2025-07-25T08:37:48Z,2025-07-25T11:43:03Z,,"fit","19843428505",,"Specialized Tarmac Pro 2016",
i88974818,2025-07-24T17:54:27,"Rubena Road Cycling","Ride",4238,44189.6,4407,259.0,17.532,10.437,true,151,134,90.2236,1153,true,247,255,1053788,75.0,66,,,10.426994,135.45717,143.48692,369,1.0323887,1.9029851,,false,false,,340,,,,66,42,,50,180,144,161,168,179,184,189,198,4130,138,0,0,0,0,0,280,2099,1537,187,88,41,6,364,66.0,false,false,false,4264,1200,600,,,,259,254,21006,725,2025-07-24T15:54:27Z,2025-07-24T17:08:46Z,,"fit","19836465235",,"Specialized Tarmac Pro 2016",
i88921625,2025-07-24T10:05:02,"Rubena Road Cycling","Ride",6476,58394.98,8069,269.0,15.881,9.009,true,146,112,88.10128,1153,true,153,182,995766,53.52941,52,,,9.017138,135.45717,143.48692,369,1.1895425,1.625,,false,false,,340,,,,52,39,,50,180,144,161,168,179,184,189,198,6447,37,0,0,0,0,0,4366,1602,338,124,34,12,0,182,66.0,false,false,false,6519,1200,600,,,,222,217,18463,516,2025-07-24T08:05:02Z,2025-07-24T10:22:29Z,,"fit","19832537444",,"Specialized Tarmac Pro 2016",
i88615102,2025-07-22T09:44:44,"City of Westminster Road Cycling","Ride",9596,88482.09,10691,491.0,15.61,9.316,,,,86.30993,2340,true,214,235,2110017,69.117645,127,,,9.220727,159.35115,147.5732,370,1.0981308,,,false,false,,340,,,,127,,,51,180,144,161,168,179,184,189,198,,,,,,,,1985,4851,2032,463,191,69,5,780,66.0,false,false,false,9857,1200,600,,,,260,255,21022,779,2025-07-22T08:44:44Z,2025-07-22T11:43:41Z,,"fit","19811601538",,"Specialized Tarmac Pro 2016",
i88467067,2025-07-21T10:12:42,"City of Westminster - Team Israel - LIT with sprints workout - Advanced","Ride",13935,139926.05,15004,769.0,18.409,10.143,true,175,141,87.52181,3709,true,238,267,3391861,78.52941,239,,7,10.041338,164.31915,148.06891,370,1.1218487,1.893617,,false,false,,340,,,,239,176,,47,180,144,161,168,179,184,189,198,9421,3692,1041,125,0,0,0,1992,6719,3463,1009,368,163,221,2233,66.0,false,false,false,14277,1200,600,,,,287,281,24718,931,2025-07-21T09:12:42Z,2025-07-21T13:25:10Z,,"fit","19802072729",,"Specialized Tarmac Pro 2016",
i88201585,2025-07-19T16:12:08,"City of Westminster Road Cycling","Ride",11080,120628.82,11851,460.0,18.111,10.959,true,186,152,91.79518,3272,true,266,295,3014965,86.76471,232,,,10.887077,176.32332,149.39287,371,1.1090225,1.9407895,,false,false,,340,,,,232,180,,48,180,144,161,168,179,184,189,198,3778,4057,1945,1518,40,12,0,1648,2817,2670,2293,986,515,151,2306,66.0,false,false,false,11343,1200,600,18,182,,302,296,25066,1115,2025-07-19T15:12:08Z,2025-07-19T18:31:16Z,,"fit","19785267374",,"Specialized Tarmac Pro 2016",
i88036745,2025-07-18T09:53:58,"City of Westminster Road Cycling","Ride",6855,59177.45,8537,475.0,17.402,8.728,true,143,112,83.90128,1450,true,181,205,1285232,60.294117,69,,,8.632743,167.77333,147.40244,371,1.1325967,1.8303572,,false,false,,340,,,,69,39,,51,180,144,161,168,179,184,189,198,7101,0,0,0,0,0,0,2732,3431,507,139,15,13,18,201,66.0,false,false,false,7093,1200,600,,,,219,214,18213,1295,2025-07-18T08:53:58Z,2025-07-18T17:29:04Z,,"fit","19774322677",,"Specialized Tarmac Pro 2016",
i87834547,2025-07-17T09:03:59,"City of Westminster Road Cycling","Ride",13820,117774.05,14890,1229.0,19.529,8.58,true,174,129,81.78335,3286,true,210,284,2956979,83.52941,268,,,8.522,182.94145,149.29156,371,1.352381,2.2015505,,false,false,,340,,,,268,133,,48,180,144,161,168,179,184,189,198,11722,1392,751,204,0,0,0,4617,6106,1510,311,122,518,636,623,66.0,false,false,false,14054,1200,600,,,,267,262,21624,1209,2025-07-17T08:03:59Z,2025-07-17T12:13:31Z,,"fit","19761258636",,"Specialized Tarmac Pro 2016",
i87666495,2025-07-16T09:19:31,"South Cambridgeshire Road Cycling","Ride",10880,108256.09,10975,649.0,16.422,9.969,true,153,136,87.47622,3059,true,256,262,2805176,77.05882,179,,,9.950008,169.87944,146.43126,371,1.0234375,1.9264706,,false,false,,340,,,,179,116,,48,180,144,161,168,179,184,189,198,10333,586,0,0,0,0,0,685,3464,5826,714,120,60,11,1785,66.0,false,false,false,10938,1200,600,,,,265,260,21328,669,2025-07-16T08:19:31Z,2025-07-16T11:24:41Z,,"fit","19750206531",,"Specialized Tarmac Pro 2016",
i87499963,2025-07-15T09:27:26,"South Cambridgeshire - Team Israel - LIT with sprints workout - Intermedi","Ride",9118,88468.05,9381,548.0,19.482,9.76,true,171,140,87.68536,2510,true,248,275,2297485,80.882355,166,,5,9.702572,168.47884,145.64651,371,1.108871,1.9642857,,false,false,,340,,,,166,111,,49,180,144,161,168,179,184,189,198,5917,2612,655,79,0,0,0,742,5095,2244,494,171,233,139,1461,66.0,false,false,false,9258,1200,600,,,,298,292,24975,921,2025-07-15T08:27:26Z,2025-07-15T11:05:02Z,,"fit","19739163804",,"Specialized Tarmac Pro 2016",
i87339970,2025-07-14T10:14:03,"City of Westminster Road Cycling","Ride",1525,11178.63,2179,104.0,12.736,7.723,,,,76.59809,270,true,134,178,230408,52.35294,12,,,7.3302493,168.8595,145.1561,371,1.3283582,,,false,false,,340,,,,12,,,51,180,144,161,168,179,184,189,198,,,,,,,,931,396,123,43,16,16,0,60,66.0,false,false,false,1716,0,0,,,,156,153,12328,602,2025-07-14T09:14:03Z,2025-07-14T09:50:58Z,,"fit","19728046458",,"Specialized Tarmac Pro 2016",
i87228774,2025-07-13T08:44:02,"City of Westminster Road Cycling","Ride",15309,137340.58,19456,1463.0,17.588,9.0,true,156,120,82.95029,3638,true,209,231,3279213,67.94118,196,,,8.971231,192.94763,148.36452,371,1.1052631,1.925,,false,false,,340,,,,196,116,,51,180,144,161,168,179,184,189,198,15633,114,0,0,0,0,0,3490,8302,2775,564,91,50,37,1161,66.0,false,false,false,15721,1200,600,,,,241,236,20229,1147,2025-07-13T07:44:02Z,2025-07-13T13:09:43Z,,"fit","19720248273",,"Specialized Tarmac Pro 2016",
i87051865,2025-07-12T05:55:27,"Sat Smash 💥","Ride",14116,154068.2,17447,1241.0,22.627,10.965,true,179,152,91.76403,4197,true,272,308,3866625,90.588234,322,,,10.914437,192.4789,147.21674,371,1.132353,2.0263157,,false,false,,340,,,,322,226,,47,180,144,161,168,179,184,189,198,4028,5661,3170,1372,0,0,0,2580,3089,3442,2288,1360,930,427,2657,66.0,false,false,false,14221,1200,600,,,,331,324,28970,1074,2025-07-12T04:55:27Z,2025-07-12T09:53:50Z,,"fit","19707907362",,"Specialized Tarmac Pro 2016","2 up from Green Dene with Alexandar Richardson… after that, I felt like I was in the 12th round of a boxing match…except it lasted an hour instead of 3 minutes 😭 Super strong riding from the boss!"
i86936169,2025-07-11T09:45:36,"City of Westminster Road Cycling","Ride",7194,66358.93,7848,547.0,17.682,9.308,,,,86.7629,1739,true,213,235,1568160,69.117645,95,,,9.224205,172.58899,143.0053,371,1.1032864,,,false,false,,340,,,,95,,,48,180,144,161,168,179,184,189,198,,,,,,,,1791,3058,1714,492,113,26,0,716,66.0,false,false,false,7367,1200,600,,,,249,244,20749,874,2025-07-11T08:45:36Z,2025-07-11T10:57:22Z,,"fit","19698684433",,"Specialized Tarmac Pro 2016",
i86810826,2025-07-10T14:04:38,"Wandsworth Road Cycling","Ride",890,7086.18,1227,48.0,11.682,8.181,true,151,120,76.906136,178,true,162,203,154877,59.705883,9,,,7.9620004,184.50394,144.16199,371,1.2530864,1.6916667,,false,false,,340,,,,9,7,,47,180,144,161,168,179,184,189,198,932,31,0,0,0,0,0,522,226,80,22,15,10,15,42,66.0,false,false,false,956,0,0,,,,139,137,10463,865,2025-07-10T13:04:38Z,2025-07-10T13:27:17Z,,"fit","19689939327",,"Specialized Tarmac Pro 2016",
i86804270,2025-07-10T09:04:16,"City of Westminster Road Cycling","Ride",12975,108138.46,15442,1312.0,20.098,8.41,true,180,129,83.26776,2896,true,195,268,2586311,78.82353,224,,,8.334371,184.50394,144.16199,371,1.374359,2.0775194,,false,false,,340,,,,224,127,,47,180,144,161,168,179,184,189,198,11333,1104,531,342,3,0,0,5225,5656,1100,173,78,230,513,359,66.0,false,false,false,13287,1200,600,,,,276,270,23557,743,2025-07-10T08:04:16Z,2025-07-10T12:23:37Z,,"fit","19689361719",,"Specialized Tarmac Pro 2016",
i86778542,2025-07-09T09:37:32,"City of Westminster Road Cycling","Ride",4915,41555.5,5889,356.0,16.963,8.563,true,166,111,83.57302,1028,true,174,221,910938,65.0,58,,,8.454832,141.276,136.40723,371,1.2701149,1.990991,,false,false,,340,,,,58,30,,49,180,144,161,168,179,184,189,198,5033,153,68,0,0,0,0,2177,2166,310,97,45,102,18,139,66.0,false,false,false,5243,1200,600,,,,257,252,20983,828,2025-07-09T08:37:32Z,2025-07-10T07:35:17Z,,"fit","19687108608",,"Specialized Tarmac Pro 2016",
i86522465,2025-07-08T09:00:46,"Morning Ride","Ride",14177,134293.69,15735,1345.0,20.518,9.613,,,,86.41999,3681,true,227,259,3348575,76.17647,229,,,9.472645,154.06429,138.29646,371,1.1409692,,false,false,false,,340,,,,229,,,45,180,144,161,168,179,184,189,198,,,,,,,,2523,6002,4125,861,333,143,190,1958,66.0,false,false,false,14780,1200,600,,,,284,278,24405,860,2025-07-08T08:00:46Z,2025-07-08T13:04:04Z,,"fit","19668409695",,"Specialized Tarmac Pro 2016",
i86268400,2025-07-06T07:23:52,"City of Westminster Road Cycling","Ride",17789,160489.44,22899,1427.0,18.223,9.06,true,155,116,83.29764,3737,true,184,216,3317654,63.52941,199,,,9.021836,164.4485,139.39058,371,1.173913,1.862069,,false,false,,340,,,,199,121,,46,180,144,161,168,179,184,189,198,18008,83,0,0,0,0,0,7748,6265,2971,546,131,92,36,1069,66.0,false,false,false,18071,1200,600,,,,236,231,19891,1043,2025-07-06T06:23:52Z,2025-07-06T13:55:07Z,,"fit","19650000812",,"Specialized Tarmac Pro 2016",
i86092626,2025-07-05T05:56:38,"Sat smash 💥","Ride",13226,148658.67,16690,703.0,19.912,11.322,,,,92.10323,3814,true,259,304,3500677,89.411766,294,,,11.2398815,159.14261,137.95427,371,1.1737452,,,false,false,,340,,,,294,,,48,180,144,161,168,179,184,189,198,,,,,,,,3046,3466,2426,1645,1217,930,496,1719,66.0,false,false,false,13528,1200,600,,,,313,307,25351,1029,2025-07-05T04:56:38Z,2025-07-05T09:42:27Z,,"fit","19637587601",,"Specialized Tarmac Pro 2016","Hit squad"
i85965317,2025-07-04T10:22:41,"Zone -1 😴","Ride",5781,47734.6,7537,335.0,17.588,8.358,,,,83.88314,1147,true,168,188,1008276,55.294117,49,,,8.257153,138.43323,134.1943,371,1.1190476,,,false,false,,340,,,,49,,,48,180,144,161,168,179,184,189,198,,,,,,,,3102,2300,280,71,24,4,0,103,66.0,false,false,false,6000,1200,600,,,,198,193,19016,467,2025-07-04T09:22:41Z,2025-07-04T12:06:12Z,,"fit","19628988584",,"Specialized Tarmac Pro 2016",
i85830941,2025-07-03T09:00:02,"City of Westminster - (4.2) Threshold Development: Over Under Workout","Ride",15869,143392.88,20485,1515.0,19.119,9.137,true,134,93,84.09431,3837,true,211,257,3457564,75.588234,252,,5,9.036037,152.16704,136.24709,371,1.2180095,2.7634408,,false,false,,340,,,,252,9,,50,180,144,161,168,179,184,189,198,2364,0,0,0,0,0,0,4762,6793,1593,1265,1106,334,16,976,66.0,false,false,false,16355,1200,600,,,,328,321,28288,1077,2025-07-03T08:00:02Z,2025-07-03T13:43:18Z,,"fit","19620083364",,"Specialized Tarmac Pro 2016",
i85705315,2025-07-02T15:25:54,"City of Westminster - (5.3b) HIT: 30""/20""","Ride",9439,87537.52,9945,561.0,15.134,9.447,true,140,113,84.85483,2342,true,215,266,2119701,78.23529,160,,5,9.274025,136.8362,133.458,371,1.2372093,2.3539822,,false,false,,340,,,,160,21,,52,180,144,161,168,179,184,189,198,3241,0,0,0,0,0,0,3001,3845,1285,312,117,563,316,499,66.0,false,false,false,9838,1200,600,,,,305,299,25142,895,2025-07-02T14:25:54Z,2025-07-02T17:13:37Z,,"fit","19611954575",,"Specialized Tarmac Pro 2016",
i85526000,2025-07-01T08:09:47,"City of Westminster Road Cycling","Ride",18302,173203.31,22494,1387.0,21.908,9.547,,,,86.95849,4377,true,211,229,3938810,67.35294,231,,,9.463628,133.27905,132.81845,371,1.0853081,,,false,false,,340,,,,231,,,50,180,144,161,168,179,184,189,198,,,,,,,,4124,9184,3804,862,212,98,18,1542,66.0,false,false,false,18664,1200,600,,,,242,237,20294,895,2025-07-01T07:09:47Z,2025-07-01T13:28:43Z,,"fit","19599634266",,"Specialized Tarmac Pro 2016",
i85368671,2025-06-30T09:47:32,"Morning Ride 🌡️","Ride",7707,72576.67,12102,564.0,14.742,9.563,,,,86.14436,1936,true,218,264,1755879,77.64706,129,,5,9.416981,118.27254,130.45274,371,1.2110091,,,false,false,,340,,,,129,,,52,180,144,161,168,179,184,189,198,,,,,,,,2522,2455,499,1540,585,95,11,541,66.0,false,false,false,8048,1200,600,,,,300,294,25039,702,2025-06-30T08:47:32Z,2025-06-30T12:11:58Z,,"fit","19588807033",,"Specialized Tarmac Pro 2016",
i85072478,2025-06-28T08:02:13,"Moka Road Cycling","Ride",14259,131068.31,15928,1696.0,21.405,9.219,,,,85.55356,3546,true,224,267,3215285,78.52941,244,,,9.191971,131.77055,133.19817,371,1.1919643,,,false,false,,340,,,,244,,,51,180,144,161,168,179,184,189,198,,,,,,,,3269,6785,1740,1151,915,297,102,1081,66.0,false,false,false,14331,1200,600,,,,346,338,29855,786,2025-06-28T04:02:13Z,2025-06-28T09:03:16Z,,"fit","19567587308",,"Specialized Tarmac Pro 2016",
i84978670,2025-06-27T14:15:32,"Moka Road Cycling","Ride",6534,61873.05,6649,597.0,22.972,9.536,,,,87.18717,1693,true,232,243,1540092,71.47059,93,,,9.4693985,114.53603,130.52837,371,1.0474138,,,false,false,,340,,,,93,,,49,180,144,161,168,179,184,189,198,,,,,,,,562,4133,1480,241,61,54,3,489,66.0,false,false,false,6648,1200,600,,,,258,253,20990,664,2025-06-27T10:15:32Z,2025-06-27T12:32:52Z,,"fit","19559978830",,"Specialized Tarmac Pro 2016",
i84838694,2025-06-26T15:03:03,"Moka Road Cycling","Ride",7368,66576.22,7480,844.0,23.495,9.079,,,,87.25158,1836,true,226,254,1666518,74.70588,114,,,9.03586,117.843216,131.43262,372,1.1238939,,,false,false,,340,,,,114,,,46,180,144,161,168,179,184,189,198,,,,,,,,1543,3703,984,651,460,22,5,369,66.0,false,false,false,7383,1200,600,,,,326,319,27881,714,2025-06-26T11:03:03Z,2025-06-26T13:08:38Z,,"fit","19550771715",,"Specialized Tarmac Pro 2016",
i84643478,2025-06-25T09:32:27,"Black River Road Cycling","Ride",6232,52570.16,6462,513.0,16.935,8.464,,,,84.57055,1358,true,193,269,1213583,79.117645,108,,,8.43552,118.433395,131.85266,372,1.3937824,,,false,false,,340,,,,108,,,48,180,144,161,168,179,184,189,198,,,,,,,,3154,2457,204,44,31,256,86,70,66.0,false,false,false,6280,1200,600,,,,372,364,31242,872,2025-06-25T05:32:27Z,2025-06-25T07:21:12Z,,"fit","19538044098",,"Specialized Tarmac Pro 2016",
i84464377,2025-06-24T08:32:13,"Moka Road Cycling","Ride",8879,82813.85,11897,870.0,25.044,9.42,true,182,132,84.90275,2061,true,206,242,1852759,71.17647,125,,,9.326935,120.0356,132.4274,350,1.1747572,1.8333334,,false,false,,340,,,,125,93,,47,180,144,161,168,179,184,189,198,7794,285,221,521,165,0,0,2547,4532,737,497,427,125,14,360,66.0,false,false,false,8982,1200,600,27,181,,317,310,25580,700,2025-06-24T04:32:13Z,2025-06-24T07:51:22Z,,"fit","19527777194",,"Specialized Tarmac Pro 2016",
i84182457,2025-06-22T08:06:42,"National RR 🥈","Ride",11621,130012.75,11620,1245.0,18.475,11.189,,,,93.697716,3146,true,247,297,2873921,87.35294,246,,,11.187742,137.58943,135.80154,351,1.2024292,,,false,false,,340,,,,246,,,45,180,144,161,168,179,184,189,198,,,,,,,,2911,3634,2767,1088,497,357,367,1490,66.0,false,false,false,11619,1200,600,,,,321,314,26477,1140,2025-06-22T04:06:42Z,2025-06-22T07:27:39Z,,"fit","19507730285",,"Specialized Tarmac Pro 2016","Pas dans un bon jour. \nBravo Toto👊"
i84182403,2025-06-22T07:47:59,"Moka Road Cycling","Ride",698,5199.05,697,61.0,9.769,7.458,,,,87.66234,132,true,167,179,116211,52.64706,5,,,7.4484954,137.58943,135.80154,351,1.0718563,,,false,false,,340,,,,5,,,45,180,144,161,168,179,184,189,198,,,,,,,,395,287,14,2,0,0,0,9,66.0,false,false,false,696,0,0,,,,157,154,12747,358,2025-06-22T03:47:59Z,2025-06-22T07:27:10Z,,"fit","19507726640",,"Specialized Tarmac Pro 2016",
i84038271,2025-06-21T09:18:52,"Moka Road Cycling","Ride",3634,32537.91,3691,218.0,13.968,8.998,,,,86.27778,634,true,149,173,549764,50.882355,26,,,8.953745,120.17353,133.02582,351,1.1610738,,,false,false,,340,,,,26,,,46,180,144,161,168,179,184,189,198,,,,,,,,2440,1112,46,32,1,3,0,21,66.0,false,false,false,3690,1200,600,,,,184,181,13972,566,2025-06-21T05:18:52Z,2025-06-21T06:20:56Z,,"fit","19497273490",,"Specialized Tarmac Pro 2016",
i84033656,2025-06-21T08:32:02,"ITT Nationals 🥇","Ride",1319,18298.44,1322,111.0,19.529,13.876,,,,97.10084,486,true,344,346,454831,101.76471,38,,,13.872964,120.17353,133.02582,351,1.005814,,,false,false,,340,,,,38,,,46,180,144,161,168,179,184,189,198,,,,,,,,34,19,88,641,480,52,5,248,66.0,false,false,false,1321,0,0,,,,330,323,28793,589,2025-06-21T04:32:02Z,2025-06-21T05:01:01Z,,"fit","19496906392",,"Specialized Tarmac Pro 2016",
i84033649,2025-06-21T07:31:51,"Moka Road Cycling","Ride",1671,17778.23,3444,131.0,17.99,10.659,,,,89.77412,415,true,225,248,375539,72.94118,25,,,10.6392765,120.17353,133.02582,351,1.1022222,,,false,false,,340,,,,25,,,46,180,144,161,168,179,184,189,198,,,,,,,,334,793,408,54,72,4,6,134,66.0,false,false,false,1666,0,0,,,,256,251,20962,800,2025-06-21T03:31:51Z,2025-06-21T05:00:53Z,,"fit","19496905915",,"Specialized Tarmac Pro 2016",
i83901566,2025-06-20T08:50:54,"Moka Road Cycling","Ride",4936,45226.47,5124,346.0,16.357,9.221,,,,88.21144,1143,true,202,255,1027230,75.0,77,,,9.162575,124.96069,134.08662,351,1.2623762,,,false,false,,340,,,,77,,,45,180,144,161,168,179,184,189,198,,,,,,,,1677,2493,264,247,108,83,64,236,66.0,false,false,false,5081,1200,600,,,,265,260,21102,1148,2025-06-20T04:50:54Z,2025-06-20T06:17:15Z,,"fit","19488054006",,"Specialized Tarmac Pro 2016",
i83762576,2025-06-19T08:06:18,"Moka Road Cycling","Ride",10212,95025.39,12029,880.0,16.926,9.374,,,,88.399376,2428,true,213,231,2191319,67.94118,131,,,9.305267,132.32578,135.46214,352,1.084507,,,false,false,,340,,,,131,,,45,180,144,161,168,179,184,189,198,,,,,,,,2320,5872,1809,115,22,16,58,366,66.0,false,false,false,10301,1200,600,,,,235,230,19839,1339,2025-06-19T04:06:18Z,2025-06-19T07:28:00Z,,"fit","19478276013",,"Specialized Tarmac Pro 2016",
i83650647,2025-06-18T15:07:24,"Moka Road Cycling","Ride",7683,68071.45,9801,515.0,16.487,8.931,true,150,123,84.867165,1819,true,208,225,1638778,66.17647,93,,,8.860009,132.52937,135.56966,352,1.0817307,1.8292683,,false,false,,340,,,,93,64,,44,180,144,161,168,179,184,189,198,7754,115,0,0,0,0,0,1509,4759,1115,171,84,34,11,332,66.0,false,false,false,7865,1200,600,,,,235,230,19775,1054,2025-06-18T11:07:24Z,2025-06-18T13:52:18Z,,"fit","19471081694",,"Specialized Tarmac Pro 2016",
i83491174,2025-06-17T15:08:23,"Moka - Z3 / Z4 Switch Intervals | TT","Ride",6488,70093.65,6621,498.0,18.811,10.888,true,177,139,88.30162,1734,true,241,265,1587281,77.94118,109,,5,10.803583,138.5997,136.59538,352,1.099585,1.9064748,,false,false,,340,,,,109,80,,44,180,144,161,168,179,184,189,198,4738,1415,104,332,0,0,0,972,2880,1370,903,322,41,0,1001,66.0,false,false,false,6586,1200,600,,,,289,283,24777,603,2025-06-17T11:08:23Z,2025-06-17T12:59:29Z,,"fit","19459782825",,"Specialized Tarmac Pro 2016",
i83180353,2025-06-15T08:03:15,"Flacq Road Cycling","Ride",16210,147651.64,18027,1136.0,15.844,9.126,true,153,127,85.612885,3792,true,209,221,3411857,65.0,190,,,9.108676,165.12726,140.56761,353,1.0574163,1.7401575,,false,false,,340,,,,190,143,,47,180,144,161,168,179,184,189,198,15973,361,0,0,0,0,0,3946,9574,2280,338,55,15,2,656,66.0,false,false,false,16330,1200,600,,,,236,231,19904,737,2025-06-15T04:03:15Z,2025-06-15T09:05:23Z,,"fit","19437536330",,"Specialized Tarmac Pro 2016",
i83045952,2025-06-14T09:07:52,"Moka - Vo2 Max Workout","Ride",13542,113742.47,14403,1627.0,24.904,8.43,true,183,137,82.27961,3194,true,211,276,2878757,81.17647,248,,5,8.399237,161.30768,139.37653,353,1.3080568,2.0145986,,false,false,,340,,,,248,161,,44,180,144,161,168,179,184,189,198,10022,1704,671,1164,105,0,0,4758,5376,1007,552,1032,659,158,440,66.0,false,false,false,13658,1200,600,43,180,,316,309,25401,1344,2025-06-14T05:07:52Z,2025-06-14T09:10:01Z,,"fit","19427731697",,"Specialized Tarmac Pro 2016",
i82975216,2025-06-13T10:09:04,"Moka Road Cycling","Ride",9310,91126.66,10822,760.0,19.427,9.827,,,,89.89531,2364,true,229,241,2147003,70.882355,130,,,9.78804,147.99477,136.75922,353,1.0524018,,,false,false,,340,,,,130,,,48,180,144,161,168,179,184,189,198,,,,,,,,1423,5093,2096,460,171,56,11,735,66.0,false,false,false,9366,1200,600,,,,251,246,20879,926,2025-06-13T06:09:04Z,2025-06-13T17:04:02Z,,"fit","19422398892",,"Specialized Tarmac Pro 2016",
i82767158,2025-06-12T09:53:04,"Morning TT ☀️😍","Ride",4632,53796.75,5829,380.0,19.734,11.626,true,180,141,91.30395,1212,true,239,265,1103391,77.94118,78,,,11.614152,150.75813,136.92209,353,1.1087866,1.8794327,,false,false,,340,,,,78,62,,46,180,144,161,168,179,184,189,198,3266,226,124,1006,10,0,0,1057,1805,628,881,246,14,1,601,66.0,false,false,false,4626,1200,600,,,,311,305,25296,570,2025-06-12T05:53:04Z,2025-06-12T07:31:39Z,,"fit","19407865037",,"Specialized Tarmac Pro 2016","| 🌐 Powered by KXNGS www.kxngs.com"
i82620323,2025-06-11T08:42:35,"Endurance","Ride",18042,154552.56,18348,1719.0,20.807,8.596,true,172,138,82.72195,4267,true,212,237,3847472,69.70588,244,,,8.566265,161.93124,138.34183,353,1.1179246,1.7173913,,false,false,,340,,,,244,211,,46,180,144,161,168,179,184,189,198,13777,3673,446,213,0,0,0,3567,10631,2614,777,294,144,15,1159,66.0,false,false,false,18119,1200,600,,,,317,310,25574,727,2025-06-11T04:42:35Z,2025-06-11T10:17:27Z,,"fit","19398313360",,"Specialized Tarmac Pro 2016"," | 🌐 Powered by KXNGS www.kxngs.com"
i82328048,2025-06-09T15:06:22,"Black River Road Cycling","Ride",5629,49148.16,9937,371.0,17.075,8.781,,,,83.54356,1155,true,179,197,1023482,57.941177,52,,,8.731242,172.25996,139.06801,353,1.1005586,,,false,false,,340,,,,52,,,46,180,144,161,168,179,184,189,198,,,,,,,,2663,2519,329,83,22,7,6,155,66.0,false,false,false,5715,1200,600,,,,198,195,13905,1144,2025-06-09T11:06:22Z,2025-06-09T13:53:14Z,,"fit","19379688003",,"Specialized Tarmac Pro 2016",
i82132625,2025-06-08T10:55:09,"Pamplemousses Road Cycling","Ride",4491,50438.28,6590,300.0,20.938,11.281,true,72,72,88.22761,1110,true,221,262,1004983,77.05882,74,,,11.230968,190.72768,141.16594,353,1.1855204,3.6388888,,false,false,,340,,,,74,0,,48,180,144,161,168,179,184,189,198,83,0,0,0,0,0,0,1731,1192,728,328,211,190,111,451,66.0,false,false,false,4553,1200,600,,,,260,255,21033,1340,2025-06-08T06:55:09Z,2025-06-08T08:47:02Z,,"fit","19366612228",,"Specialized Tarmac Pro 2016",
i82132470,2025-06-08T07:38:33,"Pamplemousses Road Cycling","Ride",10733,119434.76,11319,814.0,17.682,11.133,,,,92.309204,2937,true,250,300,2685122,88.23529,232,,,11.127808,190.72768,141.16594,353,1.2,,,false,false,,340,,,,232,,,48,180,144,161,168,179,184,189,198,,,,,,,,3308,2535,2049,1331,624,497,389,1530,66.0,false,false,false,10746,1200,600,,,,321,314,26627,1298,2025-06-08T03:38:33Z,2025-06-08T08:45:54Z,,"fit","19366600619",,"Specialized Tarmac Pro 2016",
i81981819,2025-06-07T08:33:20,"Moka Road Cycling","Ride",7081,59788.17,9359,615.0,21.199,8.481,true,149,121,80.00303,1455,true,180,207,1283356,60.882355,73,,,8.443464,125.88143,129.79698,353,1.15,1.7107438,,false,false,,340,,,,73,53,,49,180,144,161,168,179,184,189,198,6980,161,0,0,0,0,0,2884,3200,808,175,8,6,0,407,66.0,false,false,false,7149,1200,600,,,,243,238,20356,731,2025-06-07T04:33:20Z,2025-06-07T07:11:09Z,,"fit","19356217656",,"Specialized Tarmac Pro 2016",
i81894491,2025-06-06T15:03:18,"Moka Road Cycling","Ride",6605,59407.33,6871,623.0,18.493,9.087,true,187,137,87.30574,1587,true,216,276,1432280,81.17647,121,,,8.994296,134.00217,131.16551,353,1.2777778,2.0145986,,false,false,,340,,,,121,74,,52,180,144,161,168,179,184,189,198,5168,725,387,222,94,43,0,2229,3312,388,103,51,319,203,148,66.0,false,false,false,6635,1200,600,25,184,,325,318,27608,1402,2025-06-06T11:03:18Z,2025-06-06T13:00:01Z,,"fit","19349835931",,"Specialized Tarmac Pro 2016",
i81693864,2025-06-05T07:27:21,"Black River Road Cycling","Ride",11949,98791.05,12082,1060.0,18.447,8.297,true,177,140,83.88454,2998,true,227,258,2719742,75.882355,191,,,8.267725,135.99884,131.41045,353,1.1365639,1.8428571,,false,false,,340,,,,191,148,,49,180,144,161,168,179,184,189,198,8369,1222,1128,1241,0,0,0,2429,5573,1728,1768,381,66,4,1641,66.0,false,false,false,11957,1200,600,,,,319,312,25929,578,2025-06-05T03:27:21Z,2025-06-05T06:50:35Z,,"fit","19337602533",,"Specialized Tarmac Pro 2016",
i81583728,2025-06-04T14:47:58,"Moka Road Cycling","Ride",7047,68689.53,7137,793.0,21.349,9.81,true,168,146,88.08313,1918,true,250,270,1759913,79.411766,123,,,9.747344,127.55258,129.97462,353,1.08,1.849315,,false,false,,340,,,,123,98,,46,180,144,161,168,179,184,189,198,2432,4379,236,0,0,0,0,1026,1858,2834,929,237,119,44,1479,66.0,false,false,false,7043,1200,600,,,,277,271,23589,1029,2025-06-04T10:47:58Z,2025-06-04T12:49:43Z,,"fit","19329966453",,"Specialized Tarmac Pro 2016",
i81528835,2025-06-04T07:10:44,"Moka Road Cycling","Ride",3599,33040.9,3723,301.0,17.42,9.208,true,146,128,82.02488,786,true,192,212,701913,62.35294,39,,,9.180577,127.55258,129.97462,353,1.1041666,1.65625,,false,false,,340,,,,39,32,,46,180,144,161,168,179,184,189,198,3628,27,0,0,0,0,0,1098,2062,336,69,22,12,0,129,66.0,false,false,false,3652,1200,600,,,,207,202,18290,585,2025-06-04T03:10:44Z,2025-06-04T04:13:59Z,,"fit","19326387425",,"Specialized Tarmac Pro 2016",
i81226408,2025-06-02T09:10:11,"Black River Road Cycling","Ride",7399,60894.05,7842,1075.0,17.756,8.277,,,,82.23754,1701,true,206,260,1529928,76.47059,120,,,8.230038,141.03793,132.31615,353,1.2621359,,,false,false,,340,,,,120,,,46,180,144,161,168,179,184,189,198,,,,,,,,2848,2941,421,426,522,195,46,262,66.0,false,false,false,7416,1200,600,,,,353,345,29966,1313,2025-06-02T05:10:11Z,2025-06-02T09:53:07Z,,"fit","19306786904",,"Specialized Tarmac Pro 2016",
i81226411,2025-06-01T07:03:02,"Black River Road Cycling","Ride",13669,137480.88,20071,1296.0,21.507,10.09,true,183,142,88.2625,3332,true,219,285,3010693,83.82353,267,,,10.057859,144.26863,132.61292,351,1.3013699,2.0070422,,false,false,,340,,,,267,183,,47,180,144,161,168,179,184,189,198,7566,2870,1372,1805,126,0,0,5681,3714,1751,937,606,592,388,1110,66.0,false,false,false,13729,1200,600,15,181,,324,317,27296,1153,2025-06-01T03:03:02Z,2025-06-02T09:53:08Z,,"fit","19297006549",,"Specialized Tarmac Pro 2016",
i81226413,2025-05-31T07:19:13,"Black River Road Cycling","Ride",7772,65130.49,11321,594.0,20.21,8.46,true,172,120,82.23947,1573,true,177,261,1392258,76.76471,127,,,8.380145,125.42139,129.37483,352,1.4745762,2.175,,false,false,,340,,,,127,57,,49,180,144,161,168,179,184,189,198,7318,381,146,28,0,0,0,4356,2812,243,71,73,86,131,98,66.0,false,false,false,7862,1200,600,,,,262,257,21062,959,2025-05-31T03:19:13Z,2025-06-02T09:53:09Z,,"fit","19285709565",,"Specialized Tarmac Pro 2016",
i81226415,2025-05-30T09:24:05,"Moka Road Cycling","Ride",14129,135304.48,14908,1224.0,19.986,9.634,true,152,133,86.353035,3481,true,222,229,3150086,67.35294,178,,,9.576366,125.17896,129.43205,352,1.0315316,1.7218045,,false,false,,340,,,,178,141,,47,180,144,161,168,179,184,189,198,13927,254,0,0,0,0,0,1571,10473,1775,176,67,47,20,438,66.0,false,false,false,14172,1200,600,,,,230,225,19286,697,2025-05-30T05:24:05Z,2025-06-02T09:53:09Z,,"fit","19277760815",,"Specialized Tarmac Pro 2016",
i81226420,2025-05-29T15:37:23,"Indoor Cycling","VirtualRide",3621,,3696,,,0.0,true,180,143,79.444405,831,true,206,270,746374,79.411766,63,,,,117.0675,128.2618,352,1.3106796,1.8881118,true,false,false,,340,,,,63,51,,49,180,144,161,168,179,184,189,198,2123,356,222,918,2,0,0,1810,458,90,1066,195,2,0,169,66.0,false,false,false,3618,1200,600,35,180,,307,301,25193,455,2025-05-29T11:37:23Z,2025-06-02T09:53:10Z,,"fit","19269390066",,"Specialized Tarmac Pro 2016",
i81226421,2025-05-29T10:10:46,"Moka - TT PREP : 1x LAP race course","Ride",4011,42231.9,5138,362.0,19.389,10.546,true,181,148,86.312355,1046,true,237,264,952281,77.64706,67,,5,10.529019,117.0675,128.2618,352,1.113924,1.7837838,,false,false,,340,,,,67,61,,49,180,144,161,168,179,184,189,198,2202,489,228,1079,23,0,0,928,1307,797,835,88,49,7,1133,66.0,false,false,false,4020,1200,600,,,,296,290,24935,734,2025-05-29T06:10:46Z,2025-06-02T09:53:11Z,,"fit","19266593446",,"Specialized Tarmac Pro 2016",
i81226422,2025-05-28T09:55:04,"Moka Road Cycling","Ride",5901,63487.21,9925,500.0,18.465,10.787,true,176,150,87.54854,1549,true,237,255,1411709,75.0,92,,,10.75872,115.08152,128.21991,352,1.0759493,1.7,,false,false,,340,,,,92,93,,45,180,144,161,168,179,184,189,198,2316,1354,1235,1072,0,0,0,864,2167,2262,555,37,16,0,1466,66.0,false,false,false,5969,1200,600,,,,276,270,23572,538,2025-05-28T05:55:04Z,2025-06-02T09:53:12Z,,"fit","19257446257",,"Specialized Tarmac Pro 2016",
i81226423,2025-05-26T07:47:48,"Black River Road Cycling","Ride",9271,86552.27,9521,421.0,17.896,9.386,true,150,123,84.50193,2215,true,213,226,2000443,66.47059,114,,,9.335808,136.84283,132.20316,353,1.0610329,1.8373984,,false,false,,340,,,,114,72,,50,180,144,161,168,179,184,189,198,9363,31,0,0,0,0,0,1523,6108,1341,227,60,12,0,387,66.0,false,false,false,9389,1200,600,,,,220,215,18310,516,2025-05-26T03:47:48Z,2025-06-02T09:53:12Z,,"fit","19236756827",,"Specialized Tarmac Pro 2016",
i81226426,2025-05-25T09:29:45,"Black River Road Cycling","Ride",14577,113519.78,15101,2154.0,20.891,7.82,true,183,139,80.458084,3461,true,213,270,3126714,79.411766,255,,,7.7875957,140.3507,132.64177,353,1.2676057,1.942446,,false,false,,340,,,,255,174,,53,180,144,161,168,179,184,189,198,10034,2760,519,1169,192,0,0,4512,5780,2279,764,514,585,143,1228,66.0,false,false,false,14668,1200,600,29,183,,353,345,29966,862,2025-05-25T05:29:45Z,2025-06-02T09:53:13Z,,"fit","19228305243",,"Specialized Tarmac Pro 2016",
i81226427,2025-05-24T09:17:26,"Moka Road Cycling","Ride",14512,126011.33,15080,1091.0,21.47,8.759,true,183,138,83.42671,3517,true,217,254,3185523,74.70588,225,,,8.68325,122.744576,129.69351,341,1.170507,1.8405797,,false,false,,340,,,,225,173,,49,180,144,161,168,179,184,189,198,11396,1250,632,1217,176,0,0,3485,7291,1450,1344,705,212,25,845,66.0,false,false,false,14664,1200,600,23,183,,335,327,29652,689,2025-05-24T05:17:26Z,2025-06-02T09:53:14Z,,"fit","19218439381",,"Specialized Tarmac Pro 2016",
i81226429,2025-05-23T15:48:06,"Moka Road Cycling","Ride",5996,58316.55,6586,451.0,17.952,9.813,true,157,128,82.57658,1345,true,198,224,1209026,65.882355,72,,,9.725909,107.04172,127.39708,341,1.1313131,1.75,,false,false,,340,,,,72,55,,48,180,144,161,168,179,184,189,198,5305,812,0,0,0,0,0,1884,2871,882,255,56,41,7,467,66.0,false,false,false,6110,1200,600,,,,254,249,20930,781,2025-05-23T11:48:06Z,2025-06-02T09:53:15Z,,"fit","19211285447",,"Specialized Tarmac Pro 2016",
i81226431,2025-05-22T14:51:40,"Moka Road Cycling","Ride",7361,80252.99,8264,606.0,19.464,10.947,true,176,147,86.80859,1970,true,244,270,1802417,79.411766,129,,,10.902458,112.4229,128.73189,342,1.1065574,1.8367347,,false,false,,340,,,,129,107,,46,180,144,161,168,179,184,189,198,3959,1330,1608,487,0,0,0,1611,2326,1533,1446,354,88,3,1080,66.0,false,false,false,7375,1200,600,,,,282,276,24234,565,2025-05-22T10:51:40Z,2025-06-02T09:53:16Z,,"fit","19201829076",,"Specialized Tarmac Pro 2016",
i81226432,2025-05-21T15:27:00,"Moka Road Cycling","Ride",6177,65697.14,6768,403.0,18.512,10.698,true,151,136,85.52012,1594,true,234,248,1450875,72.94118,91,,,10.635768,109.877235,128.72543,342,1.0598291,1.8235294,,false,false,,340,,,,91,66,,48,180,144,161,168,179,184,189,198,4419,1781,0,0,0,0,0,872,2539,2414,267,56,29,0,904,66.0,false,false,false,6192,1200,600,,,,259,254,21006,582,2025-05-21T11:27:00Z,2025-06-02T09:53:16Z,,"fit","19192169407",,"Specialized Tarmac Pro 2016",
i81226433,2025-05-20T14:28:02,"Afternoon Ride","Ride",9343,83238.7,9630,894.0,20.817,9.035,true,144,130,84.11842,2235,true,213,227,2023716,66.76471,116,,,8.909205,112.776115,129.63443,343,1.0657277,1.7461538,false,false,false,,340,,,,116,86,,50,180,144,161,168,179,184,189,198,9517,0,0,0,0,0,0,1522,6094,1396,219,77,33,2,434,66.0,false,false,false,9512,1200,600,,,,231,226,19384,640,2025-05-20T10:28:02Z,2025-06-02T09:53:17Z,,"fit","19181610241",,"Specialized Tarmac Pro 2016"," | 🌐 Powered by KXNGS www.kxngs.com"
i81226435,2025-05-19T14:32:40,"Afternoon Ride","Ride",6550,55881.8,6671,663.0,18.4,8.639,true,180,136,83.412735,1554,true,212,265,1408307,77.94118,111,,,8.531572,112.28104,129.96295,343,1.25,1.9485294,false,false,false,,340,,,,111,73,,51,180,144,161,168,179,184,189,198,5278,470,427,452,15,0,0,1815,3264,727,141,149,435,19,229,66.0,false,false,false,6639,1200,600,31,180,,319,312,25950,658,2025-05-19T10:32:40Z,2025-06-02T09:53:18Z,,"fit","19170839203",,"Specialized Tarmac Pro 2016"," | 🌐 Powered by KXNGS www.kxngs.com"
i81226439,2025-05-18T14:14:53,"Afternoon Ride","Ride",8566,72338.24,8753,1142.0,19.417,8.519,true,174,138,81.3825,2140,true,226,258,1950642,75.882355,137,,,8.44481,112.47776,130.41986,343,1.141593,1.8695652,false,false,false,,340,,,,137,97,,59,180,144,161,168,179,184,189,198,6014,912,1202,490,0,0,0,1739,3633,1487,1383,260,64,0,1491,66.0,false,false,false,8615,1200,600,,,,310,304,25270,931,2025-05-18T10:14:53Z,2025-06-02T09:53:19Z,,"fit","19161822218",,"Specialized Tarmac Pro 2016"," | 🌐 Powered by KXNGS www.kxngs.com"
i81226440,2025-05-17T14:00:56,"Afternoon Ride","Ride",1672,9072.0,1716,268.0,14.117,5.427,true,194,177,80.79603,496,true,273,331,456092,97.35294,44,,,5.4258375,108.712006,130.2613,344,1.2124542,1.8700565,false,false,false,,340,,,,44,45,,51,180,144,161,168,179,184,189,198,44,203,103,358,351,507,106,467,158,155,296,327,226,43,214,66.0,false,false,false,1673,0,0,18,188,,311,305,25310,847,2025-05-17T10:00:56Z,2025-06-02T09:53:20Z,,"fit","19151228040",,"Specialized Tarmac Pro 2016"," | 🌐 Powered by KXNGS www.kxngs.com"
i81226441,2025-05-17T13:10:51,"Afternoon Ride","Ride",1433,5916.12,2047,245.0,11.617,4.135,true,176,148,70.96672,314,true,195,243,280510,71.47059,20,,,4.1284857,108.712006,130.2613,344,1.2461538,1.6418918,false,false,false,,340,,,,20,20,,51,180,144,161,168,179,184,189,198,596,611,141,85,0,0,0,531,423,294,106,47,30,2,170,66.0,false,false,false,1435,0,0,,,,240,235,20164,628,2025-05-17T09:10:51Z,2025-06-02T09:53:20Z,,"fit","19149968136",,"Specialized Tarmac Pro 2016",
i81226442,2025-05-17T08:57:57,"Morning Ride","Ride",5869,47324.15,6077,398.0,17.066,8.106,true,170,133,80.655975,1240,true,189,211,1108542,62.058823,63,,,8.063409,108.712006,130.2613,344,1.1164021,1.5864662,false,false,false,,340,,,,63,58,,51,180,144,161,168,179,184,189,198,4622,1179,53,15,0,0,0,2812,2006,862,160,18,10,1,314,66.0,false,false,false,5865,1200,600,,,,254,249,20926,582,2025-05-17T04:57:57Z,2025-06-02T09:53:21Z,,"fit","19148404903",,"Specialized Tarmac Pro 2016"," | 🌐 Powered by KXNGS www.kxngs.com"
i81226446,2025-05-16T15:55:54,"Afternoon Ride","Ride",6730,56346.63,7240,445.0,18.232,8.463,true,166,131,80.63283,1581,true,208,237,1426195,69.70588,91,,,8.372456,105.90361,130.33989,344,1.1394231,1.8091604,false,false,false,,340,,,,91,68,,46,180,144,161,168,179,184,189,198,5757,1045,59,0,0,0,0,1798,2544,1894,368,94,28,4,857,66.0,false,false,false,6853,1200,600,,,,265,260,21102,953,2025-05-16T11:55:54Z,2025-06-02T09:53:22Z,,"fit","19142719897",,"Specialized Tarmac Pro 2016",
i81226447,2025-05-13T17:26:53,"First crit in London - Fun !!","Ride",7198,66422.61,8994,445.0,15.592,9.187,true,180,140,80.09091,1758,true,210,298,1580372,87.64706,154,,,9.227925,143.9728,137.69084,345,1.4190476,2.1285715,false,false,false,,340,,,,154,96,,51,180,144,161,168,179,184,189,198,4732,418,929,1438,7,0,0,3085,1572,847,540,295,420,439,593,66.0,false,false,false,7513,1200,600,11,180,,296,290,24923,970,2025-05-13T16:26:53Z,2025-06-02T09:53:23Z,,"fit","19115962948",,"Specialized Tarmac Pro 2016","😴 \n| 🌐 Powered by KXNGS www.kxngs.com"
i81226449,2025-05-13T10:40:11,"Morning Ride","Ride",5805,49800.64,7120,587.0,15.648,8.426,true,140,113,80.54428,1143,true,160,181,1006681,53.235294,46,,,8.578921,143.9728,137.69084,345,1.13125,1.6017699,false,false,false,,340,,,,46,36,,51,180,144,161,168,179,184,189,198,6286,0,0,0,0,0,0,2938,2543,259,36,16,13,0,71,66.0,false,false,false,6284,1200,600,,,,179,176,14308,831,2025-05-13T09:40:11Z,2025-06-02T09:53:24Z,,"fit","19111460888",,"Specialized Tarmac Pro 2016",
i81226452,2025-05-11T13:00:00,"Rapha Lincoln GP 🥉","Ride",14327,166418.19,14326,1678.0,20.891,11.617,true,196,159,88.76648,3909,true,249,299,3568436,87.94118,308,,,11.615704,151.54996,138.74814,345,1.2008032,1.8805032,false,false,false,,340,,,,308,263,,50,180,144,161,168,179,184,189,198,1986,5685,3131,2812,646,37,30,4705,2874,2036,1635,1138,1350,589,1584,66.0,false,false,false,14325,1200,600,19,181,,291,285,24809,1095,2025-05-11T12:00:00Z,2025-06-02T09:53:25Z,,"fit","19094436651",,"Specialized Tarmac Pro 2016","Foran CT ❤️\n| 🌐 Powered by KXNGS www.kxngs.com"
i81226454,2025-05-11T12:49:12,"Lunch Ride","Ride",327,2347.22,329,68.0,14.341,7.215,true,143,121,74.33453,51,true,132,179,43288,52.64706,3,,,7.178043,151.54996,138.74814,345,1.3560606,1.4793389,false,false,false,,340,,,,3,2,,50,180,144,161,168,179,184,189,198,327,0,0,0,0,0,0,209,67,45,6,0,0,0,17,66.0,false,false,false,328,0,0,,,,109,107,8151,378,2025-05-11T11:49:12Z,2025-06-02T09:53:25Z,,"fit","19093653036",,"Specialized Tarmac Pro 2016",
i81226455,2025-05-10T12:23:24,"Lincoln GP tomorrow 🔥","Ride",6178,55056.41,8485,1301.0,19.287,8.972,true,178,125,81.57578,1248,true,176,256,1101826,75.29412,97,,,8.911688,127.06401,134.59769,345,1.4545455,2.048,false,false,false,,340,,,,97,51,,52,180,144,161,168,179,184,189,198,5709,431,91,44,0,0,0,3302,1714,572,260,162,85,83,304,66.0,false,false,false,6278,1200,600,,,,215,211,17889,1224,2025-05-10T11:23:24Z,2025-06-02T09:53:26Z,,"fit","19081627305",,"Specialized Tarmac Pro 2016","| 🌐 Powered by KXNGS www.kxngs.com"
i81226456,2025-05-10T07:34:17,"Morning Ride","Ride",949,7501.69,972,182.0,11.589,7.99,true,72,72,73.981606,179,true,161,177,156607,52.058823,7,,,7.9048367,127.06401,134.59769,345,1.0993788,2.4583333,false,false,false,,340,,,,7,1,,52,180,144,161,168,179,184,189,198,973,0,0,0,0,0,0,484,391,48,21,5,0,0,23,66.0,false,false,false,971,0,0,,,,166,162,14994,429,2025-05-10T06:34:17Z,2025-06-02T09:53:27Z,,"fit","19080036522",,"Specialized Tarmac Pro 2016",
i81226457,2025-05-09T08:58:04,"Morning Ride","Ride",2184,15446.35,6519,67.0,11.561,7.137,,,,71.82185,381,true,142,168,326811,49.411766,15,,,7.0725045,130.60583,135.33495,345,1.1830986,,false,false,false,,340,,,,15,,,51,180,144,161,168,179,184,189,198,,,,,,,,1426,561,136,33,11,17,0,49,66.0,false,false,false,2299,1200,600,,,,148,145,11024,595,2025-05-09T07:58:04Z,2025-06-02T09:53:27Z,,"fit","19069777203",,"Specialized Tarmac Pro 2016"," | 🌐 Powered by KXNGS www.kxngs.com"
i81226458,2025-05-08T09:44:45,"Morning Ride","Ride",12989,116110.67,15086,1359.0,19.081,8.984,true,181,143,83.428955,3401,true,235,280,3096791,82.35294,245,,,8.939154,141.60199,137.17426,345,1.1914893,1.9580419,false,false,false,,340,,,,245,166,,50,180,144,161,168,179,184,189,198,7722,4478,430,566,7,0,0,3231,3421,4167,1277,172,231,490,2531,66.0,false,false,false,13189,1200,600,,,,277,271,23654,725,2025-05-08T08:44:45Z,2025-06-02T09:53:29Z,,"fit","19061656450",,"Specialized Tarmac Pro 2016"," | 🌐 Powered by KXNGS www.kxngs.com"
i81226462,2025-05-07T16:42:04,"Afternoon Ride","Ride",6830,59642.73,7080,390.0,16.543,8.803,true,137,115,80.658165,1463,true,187,208,1303040,61.17647,71,,,8.732464,125.72368,134.57617,345,1.1122994,1.8086957,false,false,false,,340,,,,71,42,,51,180,144,161,168,179,184,189,198,6971,0,0,0,0,0,0,2461,3377,765,148,49,24,6,260,66.0,false,false,false,6966,1200,600,,,,214,210,17822,731,2025-05-07T15:42:04Z,2025-06-02T09:53:30Z,,"fit","19054351963",,"Specialized Tarmac Pro 2016",""
i81226468,2025-05-06T10:11:16,"Morning Ride","Ride",10497,91219.1,12688,662.0,17.336,8.736,true,178,133,81.192825,2189,true,206,262,2188710,77.05882,173,,,8.690017,134.12732,136.10805,345,1.2718446,1.9699248,false,false,false,,340,,,,173,113,,49,180,144,161,168,179,184,189,198,8541,414,462,1238,0,0,0,4197,3547,716,681,1031,291,34,453,66.0,false,false,false,10642,1200,600,,,,324,317,27277,636,2025-05-06T09:11:16Z,2025-06-02T09:53:30Z,,"fit","19041065286",,"Specialized Tarmac Pro 2016",
i81226470,2025-05-04T06:41:27,"Morning Ride","Ride",12693,117084.08,18181,960.0,19.846,9.255,true,153,126,81.43771,2654,true,206,234,2648471,68.82353,167,,,9.224303,147.8384,138.47726,346,1.1359223,1.8571428,false,false,false,,340,,,,167,104,,52,180,144,161,168,179,184,189,198,12284,570,0,0,0,0,0,4153,4341,2927,928,196,114,34,1483,66.0,false,false,false,12873,1200,600,,,,265,260,21102,853,2025-05-04T05:41:27Z,2025-06-02T09:53:31Z,,"fit","19021064335",,"Specialized Tarmac Pro 2016",
i81226471,2025-05-03T05:57:19,"Sat Smash 💥","Ride",14369,149025.98,17991,1114.0,22.86,10.4,,,,86.19379,3524,true,244,292,3520890,85.882355,294,,,10.371354,144.89584,137.79001,346,1.1967213,,false,false,false,,340,,,,294,,,51,180,144,161,168,179,184,189,198,,,,,,,,3875,4573,2352,1363,905,823,478,1589,66.0,false,false,false,14458,1200,600,,,,330,323,28883,1179,2025-05-03T04:57:19Z,2025-06-02T09:53:32Z,,"fit","19010513733",,"Specialized Tarmac Pro 2016","| 🌐 Powered by KXNGS www.kxngs.com"
i81226472,2025-05-02T17:56:11,"Afternoon Ride","VirtualRide",2701,25877.98,2899,99.80002,16.381,9.579972,true,135,119,79.54264,491,true,181,185,489530,54.411766,22,,,9.580889,121.99867,134.0261,346,1.0220995,1.5546218,false,false,false,,340,,,,22,18,,52,180,144,161,168,179,184,189,198,2701,0,0,0,0,0,0,1794,853,42,12,0,0,0,20,66.0,false,false,false,2699,0,0,,,,180,177,14231,412,2025-05-02T16:56:11Z,2025-06-02T09:53:34Z,,"fit","19005040115",,"Specialized Tarmac Pro 2016",
i81226477,2025-05-01T14:27:51,"Afternoon Ride","Ride",12925,110010.7,14524,888.0,19.231,8.573,true,178,138,80.73806,2843,true,215,270,2856449,79.411766,226,,,8.511466,137.35497,136.72539,347,1.255814,1.9565217,false,false,false,,340,,,,226,152,,49,180,144,161,168,179,184,189,198,9499,2946,455,375,0,0,0,4085,3557,3174,1079,241,446,343,1695,66.0,false,false,false,13290,1200,600,,,,259,254,21006,893,2025-05-01T13:27:51Z,2025-06-02T09:53:35Z,,"fit","18995185772",,"Specialized Tarmac Pro 2016",
i81226479,2025-04-30T10:50:31,"Morning Ride","Ride",5715,52903.23,6288,261.0,14.416,9.309,true,146,119,79.92397,1089,true,187,209,1086991,61.47059,60,,,9.256908,123.742195,134.5743,347,1.117647,1.7563025,false,false,false,,340,,,,60,40,,51,180,144,161,168,179,184,189,198,5775,40,0,0,0,0,0,1971,2759,830,127,21,7,0,305,66.0,false,false,false,5826,1200,600,,,,221,216,18408,539,2025-04-30T09:50:31Z,2025-06-02T09:53:36Z,,"fit","18980442472",,"Specialized Tarmac Pro 2016",
i81226484,2025-04-29T15:13:30,"Afternoon Ride","Ride",11234,98747.28,12470,737.0,16.179,8.856,true,179,131,81.40983,2270,true,196,249,2267512,73.23529,167,,,8.790037,133.53076,136.37119,347,1.2704082,1.9007634,false,false,false,,340,,,,167,115,,48,180,144,161,168,179,184,189,198,9497,985,375,696,0,0,0,4270,3671,1473,1039,615,131,35,827,66.0,false,false,false,11548,1200,600,,,,321,314,26434,859,2025-04-29T14:13:30Z,2025-06-02T09:53:37Z,,"fit","18973770289",,"Specialized Tarmac Pro 2016",
i81226486,2025-04-29T11:45:18,"Lunch Ride","VirtualRide",1801,17581.68,1870,80.60001,17.335,9.769198,true,125,117,78.70641,340,true,189,189,339365,55.588234,15,,,9.7621765,133.53076,136.37119,347,1.0,1.6153846,false,false,false,,340,,,,15,12,,48,180,144,161,168,179,184,189,198,1801,0,0,0,0,0,0,698,1103,0,0,0,0,0,0,66.0,false,false,false,1798,0,0,,,,187,184,13740,224,2025-04-29T10:45:18Z,2025-06-02T09:53:38Z,,"fit","18969660708",,"Specialized Tarmac Pro 2016",
i81226487,2025-04-27T11:00:15,"CICLE - 30th","Ride",16495,181873.02,16509,1477.0,20.686,11.026,,,,85.4729,4071,true,222,282,3667742,82.94118,315,,,11.025949,145.45023,138.53114,348,1.2702702,,false,false,false,,340,,,,315,,,50,180,144,161,168,179,184,189,198,,,,,,,,7289,2545,1873,1517,1113,1252,906,1541,66.0,false,false,false,16508,1200,600,,,,275,269,23460,1097,2025-04-27T10:00:15Z,2025-06-02T09:53:41Z,,"fit","18952350681",,"Specialized Tarmac Pro 2016","Mental race!\nCrashed worst possible moment came back group was gone. Cramping pretty hard last hour 😅 \n\n| 🌐 Powered by KXNGS www.kxngs.com"
i81226490,2025-04-26T09:08:03,"Morning Ride","Ride",6657,58664.12,7349,290.0,12.83,8.852,,,,84.36583,1495,true,199,212,1337329,62.35294,72,,,8.812396,119.413315,134.27908,348,1.0653267,,false,false,false,,340,,,,72,,,52,180,144,161,168,179,184,189,198,,,,,,,,1717,4054,696,137,34,18,1,269,66.0,false,false,false,6710,1200,600,,,,214,210,17725,700,2025-04-26T08:08:03Z,2025-06-02T09:53:42Z,,"fit","18939153537",,"Specialized Tarmac Pro 2016",
i81226492,2025-04-25T15:43:09,"It’s not lactate it’s hydrogen ions","Ride",8134,66064.17,9182,461.0,16.543,8.141,,,,79.87283,1803,true,195,285,1608659,83.82353,159,,,8.121979,126.69434,135.77971,348,1.4615384,,false,false,false,,340,,,,159,,,50,180,144,161,168,179,184,189,198,,,,,,,,3893,2550,728,105,58,338,462,182,66.0,false,false,false,8262,1200,600,,,,281,275,24041,1282,2025-04-25T14:43:09Z,2025-06-02T09:53:42Z,,"fit","18933257433",,"Specialized Tarmac Pro 2016","| 🌐 Powered by KXNGS www.kxngs.com"
i81226493,2025-04-24T16:29:45,"Afternoon Ride","Ride",7154,68996.24,8218,561.0,15.862,9.69,,,,82.04329,1753,true,214,252,1574382,74.117645,109,,,9.644428,121.73332,135.22021,348,1.1775701,,false,false,false,,340,,,,109,,,49,180,144,161,168,179,184,189,198,,,,,,,,2177,1939,1870,838,188,114,28,1286,66.0,false,false,false,7351,1200,600,,,,299,293,24993,831,2025-04-24T15:29:45Z,2025-06-02T09:53:43Z,,"fit","18924224981",,"Specialized Tarmac Pro 2016"," | 🌐 Powered by KXNGS www.kxngs.com"
i81226495,2025-04-21T10:41:38,"RAS - stage 4 , 12th stage / 12th GC","Ride",8349,106102.71,8348,467.0,18.867,12.71,,,,90.10698,2343,true,250,300,2088405,88.23529,181,,,12.708433,153.96526,140.99709,349,1.2,,false,false,false,,340,,,,181,,,56,180,144,161,168,179,184,189,198,,,,,,,,3055,1348,1133,945,706,621,541,935,66.0,false,false,false,8347,1200,600,,,,302,296,25066,1119,2025-04-21T09:41:38Z,2025-06-02T09:53:44Z,,"fit","18891227884",,"Specialized Tarmac Pro 2016","| 🌐 Powered by KXNGS www.kxngs.com"
i81226497,2025-04-20T10:55:09,"RAS - stage 3","Ride",10068,121622.7,10067,1389.0,22.384,12.082,,,,89.47604,2729,true,246,299,2479391,87.94118,216,,,12.080126,149.81366,140.0332,349,1.2154472,,false,false,false,,340,,,,216,,,54,180,144,161,168,179,184,189,198,,,,,,,,3585,1555,1366,1295,1021,847,399,1214,66.0,false,false,false,10066,1200,600,,,,313,307,25351,1076,2025-04-20T09:55:09Z,2025-06-02T09:53:45Z,,"fit","18882382945",,"Specialized Tarmac Pro 2016","Ryan Christensen  🇳🇿 some boy \n\n\n| 🌐 Powered by KXNGS"
i81226501,2025-04-19T09:48:00,"RAS - Stage 2","Ride",11491,124686.67,11490,390.0,21.741,10.851,,,,86.693665,3068,true,243,297,2790872,87.35294,244,,,10.850811,139.64975,138.20276,349,1.2222222,,false,false,false,,340,,,,244,,,56,180,144,161,168,179,184,189,198,,,,,,,,4080,1756,1530,1647,1191,875,412,1413,66.0,false,false,false,11489,1200,600,,,,320,313,26204,1104,2025-04-19T08:48:00Z,2025-06-02T09:53:46Z,,"fit","18872318110",,"Specialized Tarmac Pro 2016","Mental \n| 🌐 Powered by KXNGS www.kxngs.com"
i81226505,2025-04-18T15:57:18,"RAS Stage 1b 🥶","Ride",6074,71343.95,6287,304.0,21.479,11.748,,,,84.58902,1594,true,238,293,1444575,86.17647,125,,,11.745794,123.6252,135.65355,349,1.2310925,,false,false,false,,340,,,,125,,,51,180,144,161,168,179,184,189,198,,,,,,,,2447,796,669,685,690,534,253,590,66.0,false,false,false,6071,1200,600,,,,318,311,25845,816,2025-04-18T14:57:18Z,2025-06-02T09:53:47Z,,"fit","18865583691",,"Specialized Tarmac Pro 2016","Arguably the coldest I felt on a bike\n| 🌐 Powered by KXNGS www.kxngs.com"
i81226506,2025-04-18T15:53:18,"Afternoon Ride","Ride",129,828.98,129,4.0,8.771,6.395,,,,61.896225,16,true,100,95,12811,27.941177,0,,,6.4262013,123.6252,135.65355,349,0.95,,false,false,false,,340,,,,0,,,51,180,144,161,168,179,184,189,198,,,,,,,,106,8,7,5,3,0,0,6,66.0,false,false,false,128,0,0,,,,,,,513,2025-04-18T14:53:18Z,2025-06-02T09:53:48Z,,"fit","18865577013",,"Specialized Tarmac Pro 2016",
i81226508,2025-04-18T13:25:48,"Afternoon Ride","Ride",1265,13286.31,1289,72.0,15.153,10.529,,,,89.41894,257,true,177,194,228077,57.058823,11,,,10.503012,123.6252,135.65355,349,1.0960453,,false,false,false,,340,,,,11,,,51,180,144,161,168,179,184,189,198,,,,,,,,603,591,54,17,0,0,0,24,66.0,false,false,false,1288,0,0,,,,198,195,13896,398,2025-04-18T12:25:48Z,2025-06-02T09:53:48Z,,"fit","18863236749",,"Specialized Tarmac Pro 2016",
i81226511,2025-04-18T13:05:58,"RAS - TTT","Ride",664,8594.52,669,31.0,16.711,12.941,,,,99.685326,256,true,359,363,239770,106.76471,21,,,12.943554,123.6252,135.65355,349,1.011142,,false,false,false,,340,,,,21,,,51,180,144,161,168,179,184,189,198,,,,,,,,30,36,85,146,161,188,18,106,66.0,false,false,false,668,0,0,,,,326,319,27705,698,2025-04-18T12:05:58Z,2025-06-02T09:53:49Z,,"fit","18862973654",,"Specialized Tarmac Pro 2016","| 🌐 Powered by KXNGS www.kxngs.com"
i81226512,2025-04-18T12:18:39,"Lunch Ride","Ride",1653,,1669,0.0,0.0,0.0,,,,87.341,366,true,196,228,327411,67.05882,21,,,,123.6252,135.65355,349,1.1632653,,true,false,false,,340,,,,21,,,51,180,144,161,168,179,184,189,198,,,,,,,,967,436,117,69,37,27,0,69,66.0,false,false,false,1668,0,0,,,,247,242,20619,727,2025-04-18T11:18:39Z,2025-06-02T09:53:50Z,,"fit","18862652739",,"Specialized Tarmac Pro 2016",
i81226513,2025-04-17T11:11:48,"🇮🇪","Ride",6564,60748.31,7038,678.0,17.934,9.271,,,,87.43196,1609,true,221,258,1453963,75.882355,105,,,9.254769,115.27513,134.63321,349,1.1674209,,false,false,false,,340,,,,105,,,49,180,144,161,168,179,184,189,198,,,,,,,,1600,3043,1273,295,166,146,41,436,66.0,false,false,false,6583,1200,600,,,,292,286,24840,754,2025-04-17T10:11:48Z,2025-06-02T09:53:50Z,,"fit","18853593064",,"Specialized Tarmac Pro 2016","| 🌐 Powered by KXNGS www.kxngs.com"
i81226514,2025-04-13T17:12:36,"Afternoon Ride","Ride",190,1076.85,189,20.0,9.415,5.696,,,,66.058136,30,true,135,151,25437,44.411766,1,,,5.6676316,153.09862,141.61346,350,1.1185185,,false,false,false,,340,,,,1,,,52,180,144,161,168,179,184,189,198,,,,,,,,134,46,10,0,0,0,0,4,66.0,false,false,false,188,0,0,,,,,,,311,2025-04-13T16:12:36Z,2025-06-02T09:53:51Z,,"fit","18818231640",,"Specialized Tarmac Pro 2016"," | 🌐 Powered by KXNGS www.kxngs.com"
i81226517,2025-04-13T13:14:40,"East Cleveland (NAT A)","Ride",13878,154871.08,13877,2350.0,25.323,11.161,,,,88.36255,3891,true,256,313,3554898,92.05882,327,,,11.159467,153.09862,141.61346,350,1.2226562,,false,false,false,,340,,,,327,,,52,180,144,161,168,179,184,189,198,,,,,,,,4605,2160,1919,1713,1352,1326,803,1605,66.0,false,false,false,13876,1200,600,,,,308,302,25219,1054,2025-04-13T12:14:40Z,2025-06-02T09:53:52Z,,"fit","18818230685",,"Specialized Tarmac Pro 2016","No jokes, brutal\n| 🌐 Powered by KXNGS"
i81226519,2025-04-13T12:52:07,"Lunch Ride","Ride",161,1202.32,160,6.0,11.355,7.476,,,,76.72222,30,true,161,159,25673,46.764706,1,,,7.467826,153.09862,141.61346,350,0.9875776,,false,false,false,,340,,,,1,,,52,180,144,161,168,179,184,189,198,,,,,,,,109,21,8,17,4,2,0,19,66.0,false,false,false,159,0,0,,,,,,,473,2025-04-13T11:52:07Z,2025-06-02T09:53:53Z,,"fit","18818224995",,"Specialized Tarmac Pro 2016",
i81226523,2025-04-12T15:56:02,"Afternoon Ride","Ride",4543,40992.67,4804,483.0,23.448,9.04,,,,84.17597,998,true,192,250,890406,73.52941,68,,,9.02326,126.08632,137.09834,350,1.3020834,,false,false,false,,340,,,,68,,,54,180,144,161,168,179,184,189,198,,,,,,,,1986,1227,718,330,165,61,56,376,66.0,false,false,false,4649,1200,600,,,,264,259,21088,866,2025-04-12T14:56:02Z,2025-06-02T09:53:54Z,,"fit","18808369544",,"Specialized Tarmac Pro 2016",
i81226526,2025-04-12T07:36:11,"Morning Ride","Ride",1037,7642.27,1043,86.0,12.596,7.357,,,,,282,,,,,,,,,7.369595,126.08632,137.09834,350,,,false,false,false,,340,,,,,,,54,180,144,161,168,179,184,189,198,,,,,,,,,,,,,,,,66.0,false,false,false,1042,0,0,,,,,,,,2025-04-12T06:36:11Z,2025-06-02T09:53:54Z,,"fit","18802643690",,"Specialized Tarmac Pro 2016",
i81226529,2025-04-11T16:04:31,"Afternoon Ride","Ride",7607,66310.09,8727,362.0,15.312,8.792,,,,80.384,1699,true,196,270,1520325,79.411766,133,,,8.716984,135.00635,138.76329,351,1.3775511,,false,false,false,,340,,,,133,,,55,180,144,161,168,179,184,189,198,,,,,,,,3661,2484,580,176,73,326,307,267,66.0,false,false,false,7742,1200,600,,,,297,291,24946,931,2025-04-11T15:04:31Z,2025-06-02T09:53:56Z,,"fit","18798936935",,"Specialized Tarmac Pro 2016",
i81226531,2025-04-10T16:16:28,"Afternoon Ride","Ride",7767,71674.06,10490,491.0,18.587,9.277,,,,85.124435,1991,true,225,275,1805906,80.882355,141,,,9.2280245,135.31445,138.90216,351,1.2222222,,false,false,false,,340,,,,141,,,50,180,144,161,168,179,184,189,198,,,,,,,,2167,2907,768,877,704,266,78,512,66.0,false,false,false,8044,1200,600,,,,338,330,29691,1270,2025-04-10T15:16:28Z,2025-06-02T09:53:57Z,,"fit","18790161169",,"Specialized Tarmac Pro 2016",
i81226533,2025-04-10T11:33:36,"Lunch Ride","Ride",2282,14009.46,12619,72.0,13.408,6.157,,,,66.2272,312,true,100,125,237849,36.764706,9,,,6.139115,135.31445,138.90216,351,1.25,,false,false,false,,340,,,,9,,,50,180,144,161,168,179,184,189,198,,,,,,,,2092,158,29,3,0,0,0,12,66.0,false,false,false,2371,1200,600,,,,119,117,8881,406,2025-04-10T10:33:36Z,2025-06-02T09:53:57Z,,"fit","18787571561",,"Specialized Tarmac Pro 2016",
i81226537,2025-04-09T09:14:09,"Morning Ride","Ride",14166,125218.38,15580,1239.0,19.025,8.918,,,,86.62071,3586,true,224,238,3251976,70.0,193,,,8.83936,133.05927,138.63475,352,1.0625,,false,false,false,,340,,,,193,,,51,180,144,161,168,179,184,189,198,,,,,,,,2154,6935,4282,572,168,51,4,1309,66.0,false,false,false,14488,1200,600,,,,247,242,20619,603,2025-04-09T08:14:09Z,2025-06-02T09:53:58Z,,"fit","18777100187",,"Specialized Tarmac Pro 2016",
i81226539,2025-04-07T15:56:05,"Afternoon Ride","Ride",7452,65582.77,7804,490.0,17.476,8.861,,,,84.875084,1768,true,210,225,1588733,66.17647,91,,,8.800694,138.72792,139.98312,352,1.0714285,,false,false,false,,340,,,,91,,,53,180,144,161,168,179,184,189,198,,,,,,,,1718,3871,1416,314,85,42,6,538,66.0,false,false,false,7569,1200,600,,,,231,226,19384,754,2025-04-07T14:56:05Z,2025-06-02T09:53:59Z,,"fit","18759554985",,"Specialized Tarmac Pro 2016",
i81226544,2025-04-05T05:53:48,"Morning Ride","Ride",12819,131469.12,15782,1039.0,21.003,10.315,,,,88.014565,3553,true,249,290,3255239,85.29412,259,,,10.255802,168.48653,144.56476,353,1.1646587,,false,false,false,,340,,,,259,,,55,180,144,161,168,179,184,189,198,,,,,,,,3272,3529,1909,1624,1304,895,286,1585,66.0,false,false,false,13098,1200,600,,,,312,306,25327,1005,2025-04-05T04:53:48Z,2025-06-02T09:54:00Z,,"fit","18735897503",,"Specialized Tarmac Pro 2016",
i81226547,2025-04-04T08:55:32,"Morning Ride","Ride",12091,102669.01,14944,910.0,19.231,8.566,,,,82.60755,2772,true,200,222,2484263,65.29412,143,,,8.491358,154.58682,141.80742,353,1.11,,false,false,false,,340,,,,143,,,53,180,144,161,168,179,184,189,198,,,,,,,,3037,6746,1920,235,94,51,8,682,66.0,false,false,false,12393,1200,600,,,,227,222,19037,751,2025-04-04T07:55:32Z,2025-06-02T09:54:01Z,,"fit","18728028871",,"Specialized Tarmac Pro 2016",
i81226549,2025-04-03T14:41:10,"Afternoon Ride","Ride",9057,80111.32,11637,683.0,16.441,8.931,,,,83.60742,2213,true,215,279,1997045,82.05882,169,,,8.845238,156.36615,141.77869,354,1.2976744,,false,false,false,,340,,,,169,,,51,180,144,161,168,179,184,189,198,,,,,,,,3045,3556,1149,245,387,541,134,440,66.0,false,false,false,9298,1200,600,,,,295,289,24900,1319,2025-04-03T13:41:10Z,2025-06-02T09:54:02Z,,"fit","18720996886",,"Specialized Tarmac Pro 2016",
i81226556,2025-03-30T09:43:58,"Coffee stop > riding time","Ride",6169,43401.63,12985,696.0,15.76,7.036,,,,73.97305,1081,true,149,186,937860,54.705883,51,,,7.03544,222.13608,149.72699,354,1.2483221,,false,false,false,,340,,,,51,,,46,180,144,161,168,179,184,189,198,,,,,,,,3759,1898,385,99,19,9,0,186,66.0,false,false,false,6290,1200,600,,,,190,187,13527,551,2025-03-30T07:43:58Z,2025-06-02T09:54:03Z,,"fit","18679257984",,"Specialized Tarmac Pro 2016",
i81226560,2025-03-30T09:42:51,"Morning Ride","Ride",22,,30,0.0,,0.0,,,,,1,,,,,,,,,,222.13608,149.72699,354,,,true,false,false,,340,,,,,,,46,180,144,161,168,179,184,189,198,,,,,,,,,,,,,,,,66.0,false,false,false,29,0,0,,,,,,,,2025-03-30T07:42:51Z,2025-06-02T09:54:04Z,,"fit","18676789784",,"Specialized Tarmac Pro 2016",
i81226567,2025-03-29T08:40:12,"Morning Ride","Ride",22970,203054.7,27205,3983.0,23.588,8.85,,,,80.78551,5502,true,215,259,4958641,76.17647,370,,,8.839995,248.4166,152.10583,354,1.2046511,,false,false,false,,340,,,,370,,,46,180,144,161,168,179,184,189,198,,,,,,,,7134,5827,5960,2665,885,350,149,3579,66.0,false,false,false,23086,1200,600,,,,325,318,27530,1260,2025-03-29T07:40:12Z,2025-06-02T09:54:05Z,,"fit","18671706311",,"Specialized Tarmac Pro 2016",
i81226572,2025-03-28T08:49:53,"Morning Ride","Ride",18910,165985.9,23767,2692.0,20.136,8.817,,,,80.801445,4380,true,206,253,3935920,74.411766,291,,,8.7776785,229.74564,146.85562,354,1.2281554,,false,false,false,,340,,,,291,,,46,180,144,161,168,179,184,189,198,,,,,,,,6753,5786,3833,1459,560,314,205,2231,66.0,false,false,false,19077,1200,600,,,,308,302,25231,1219,2025-03-28T07:49:53Z,2025-06-02T09:54:07Z,,"fit","18661914279",,"Specialized Tarmac Pro 2016",
i81226575,2025-03-28T08:47:28,"Morning Ride","Ride",58,169.23,57,12.0,6.541,2.941,,,,58.839287,14,true,229,201,12809,59.117645,1,,,2.9177585,229.74564,146.85562,354,0.87772924,,false,false,false,,340,,,,1,,,46,180,144,161,168,179,184,189,198,,,,,,,,14,34,5,5,0,0,0,7,66.0,false,false,false,56,0,0,,,,,,,356,2025-03-28T07:47:28Z,2025-06-02T09:54:07Z,,"fit","18661908165",,"Specialized Tarmac Pro 2016",
i81226585,2025-03-27T09:48:02,"Morning Ride","Ride",14925,135805.52,20726,2174.0,19.035,9.125,,,,83.72048,3725,true,224,274,3370005,80.588234,269,,,9.099197,220.18555,143.35834,354,1.2232143,,false,false,false,,340,,,,269,,,46,180,144,161,168,179,184,189,198,,,,,,,,5077,3237,2909,2184,895,498,125,2214,66.0,false,false,false,15060,1200,600,,,,354,346,29995,1262,2025-03-27T08:48:02Z,2025-06-02T09:54:08Z,,"fit","18652729671",,"Specialized Tarmac Pro 2016",
i81226591,2025-03-26T10:26:52,"Morning Ride","Ride",8300,64535.64,13536,1110.0,20.21,7.784,,,,78.52947,1631,true,170,211,1436464,62.058823,89,,,7.775378,212.68936,140.33098,339,1.2411765,,false,false,false,,340,,,,89,,,53,180,144,161,168,179,184,189,198,,,,,,,,3921,2552,1538,206,56,24,3,431,66.0,false,false,false,8460,1200,600,,,,247,242,20619,884,2025-03-26T09:26:52Z,2025-06-02T09:54:09Z,,"fit","18642464687",,"Specialized Tarmac Pro 2016",
i81226595,2025-03-25T12:33:08,"Benigembla Road Cycling","Ride",9203,91711.1,13704,1343.0,20.994,9.973,,,,83.09967,2268,true,223,279,2049614,82.05882,172,,,9.965348,231.68372,141.56781,339,1.251121,,,false,false,,340,,,,172,,,53,180,144,161,168,179,184,189,198,,,,,,,,3089,1925,1574,1632,698,211,74,1390,66.0,false,false,false,9196,1200,600,,,,326,319,27721,1279,2025-03-25T11:33:08Z,2025-06-02T09:54:10Z,,"fit","18633422913",,"Specialized Tarmac Pro 2016",
i81226599,2025-03-25T09:39:17,"Calp Road Cycling","Ride",6747,59091.0,10014,950.0,16.833,8.763,,,,83.27535,1546,true,202,259,1385656,76.17647,109,,,8.758115,231.68372,141.56781,339,1.2821782,,,false,false,,340,,,,109,,,53,180,144,161,168,179,184,189,198,,,,,,,,2735,1695,1245,500,374,174,24,605,66.0,false,false,false,6859,1200,600,,,,326,319,27721,1136,2025-03-25T08:39:17Z,2025-06-02T09:54:11Z,,"fit","18631463696",,"Specialized Tarmac Pro 2016",
i81226602,2025-03-24T11:18:05,"Alcalalí Road Cycling","Ride",14358,125152.47,16995,2119.0,19.669,8.738,,,,81.885574,3376,true,211,246,3037402,72.35294,209,,,8.716567,180.9587,131.4374,339,1.1658767,,,false,false,,340,,,,209,,,48,180,144,161,168,179,184,189,198,,,,,,,,4318,4617,4296,625,205,194,103,1613,66.0,false,false,false,14385,1200,600,,,,275,269,23364,1269,2025-03-24T10:18:05Z,2025-06-02T09:54:12Z,,"fit","18623557359",,"Specialized Tarmac Pro 2016",
i81226606,2025-03-24T09:41:27,"Calp Road Cycling","Ride",3838,30221.01,5725,554.0,16.198,7.91,true,179,127,81.93203,889,true,207,233,799531,68.52941,50,,,7.8741555,180.9587,131.4374,339,1.1256039,1.8346456,,false,false,,340,,,,50,16,,48,180,144,161,168,179,184,189,198,1460,75,24,118,0,0,0,1171,1372,1181,87,6,8,13,334,66.0,false,false,false,3868,1200,600,,,,235,230,19775,1244,2025-03-24T08:41:27Z,2025-06-02T09:54:12Z,,"fit","18621331963",,"Specialized Tarmac Pro 2016",
i81226610,2025-03-23T09:37:55,"Morning Ride","Ride",12849,116327.88,16766,1610.0,20.453,9.09,,,,81.50031,3039,true,185,254,2405128,74.70588,199,,,9.053458,129.3545,122.14718,339,1.372973,,false,false,false,,340,,,,199,,,47,180,144,161,168,179,184,189,198,,,,,,,,6069,2988,1431,1180,838,268,75,947,66.0,false,false,false,13034,1200,600,,,,339,331,29709,1295,2025-03-23T08:37:55Z,2025-06-02T09:54:14Z,,"fit","18614098616",,"Specialized Tarmac Pro 2016",
i81226617,2025-03-22T12:57:00,"Lunch Ride","Ride",9462,84616.47,12994,1517.0,19.837,8.919,true,198,141,82.561874,2242,true,211,245,2017864,72.05882,136,,,8.942768,118.6594,120.295395,335,1.1611375,1.7375886,false,false,false,,340,,,,136,127,,46,180,144,161,168,179,184,189,198,5828,2079,223,997,345,50,59,2892,2515,3057,740,142,66,50,1597,66.0,false,false,false,9574,1200,600,14,198,,270,264,22130,987,2025-03-22T11:57:00Z,2025-06-02T09:54:15Z,,"fit","18605735292",,"Specialized Tarmac Pro 2016",
i81226620,2025-03-22T12:55:06,"Lunch Ride","Ride",42,265.96,41,0.0,9.947,6.577,true,85,82,55.0,1,true,12,7,486,2.0588236,0,,,6.332381,118.6594,120.295395,335,0.5833333,0.085365854,false,false,false,,340,,,,0,0,,46,180,144,161,168,179,184,189,198,42,0,0,0,0,0,0,42,0,0,0,0,0,0,0,66.0,false,false,false,40,0,0,,,,,,,133,2025-03-22T11:55:06Z,2025-06-02T09:54:15Z,,"fit","18603403604",,"Specialized Tarmac Pro 2016",
i81226625,2025-03-20T19:08:34,"Afternoon Ride","Ride",9500,82030.33,10948,501.0,17.29,8.733,,,,82.80031,2067,true,187,254,1843217,74.70588,147,,,8.634771,133.8095,122.80642,335,1.3582888,,false,false,false,,340,,,,147,,,49,180,144,161,168,179,184,189,198,,,,,,,,4327,3247,1168,351,139,155,113,589,66.0,false,false,false,9840,1200,600,,,,238,233,20020,1311,2025-03-20T15:08:34Z,2025-06-02T09:54:16Z,,"fit","18588424143",,"Specialized Tarmac Pro 2016",
i81226628,2025-03-19T19:10:57,"Afternoon Ride","Ride",4593,37935.93,7167,226.0,17.812,8.411,true,144,118,78.1146,981,true,182,203,873138,59.705883,45,,,8.25951,131.78389,122.22347,335,1.1153846,1.720339,false,false,false,,340,,,,45,33,,48,180,144,161,168,179,184,189,198,4820,0,0,0,0,0,0,1925,1899,587,124,38,17,3,254,66.0,false,false,false,4805,1200,600,,,,220,215,18299,764,2025-03-19T15:10:57Z,2025-06-02T09:54:17Z,,"fit","18577918682",,"Specialized Tarmac Pro 2016",
i81226633,2025-03-18T13:10:44,"Morning Ride","Ride",11605,99450.14,14211,930.0,18.437,8.636,,,,81.53198,2712,true,203,225,2434766,66.17647,141,,,8.569594,128.98653,121.55419,335,1.1083744,,false,false,false,,340,,,,141,,,49,180,144,161,168,179,184,189,198,,,,,,,,2708,6862,1644,247,70,50,24,450,66.0,false,false,false,12022,1200,600,,,,237,232,19949,935,2025-03-18T09:10:44Z,2025-06-02T09:54:18Z,,"fit","18565787884",,"Specialized Tarmac Pro 2016",
i81226637,2025-03-16T15:51:55,"Lunch Ride","Ride",629,4965.36,725,57.0,12.699,7.929,,,,75.71017,121,true,170,192,106397,56.47059,6,,,7.894054,146.66618,124.00323,336,1.1294118,,false,false,false,,340,,,,6,,,47,180,144,161,168,179,184,189,198,,,,,,,,309,275,42,3,0,0,0,15,66.0,false,false,false,626,0,0,,,,172,168,14847,378,2025-03-16T11:51:55Z,2025-06-02T09:54:19Z,,"fit","18547237959",,"Specialized Tarmac Pro 2016",
i81226638,2025-03-16T12:54:40,"Evesham Nat B - 🥉","Ride",8095,100442.84,10318,964.0,20.005,12.408,,,,90.406906,2547,true,291,318,2354501,93.52941,197,,,12.4080105,146.66618,124.00323,336,1.0927835,,false,false,false,,340,,,,197,,,47,180,144,161,168,179,184,189,198,,,,,,,,1431,1155,1465,1917,1323,567,237,1593,66.0,false,false,false,8104,1200,600,,,,320,313,26310,967,2025-03-16T08:54:40Z,2025-06-02T09:54:20Z,,"fit","18547235113",,"Specialized Tarmac Pro 2016","| 🌐 Powered by KXNGS www.kxngs.com"
i81226641,2025-03-15T11:39:44,"Pre race","Ride",11005,91987.36,12809,825.0,17.71,8.447,,,,80.9266,2478,true,193,235,2215625,69.117645,146,,,8.358687,138.01529,122.099785,336,1.2176166,,false,false,false,,340,,,,146,,,47,180,144,161,168,179,184,189,198,,,,,,,,3439,5979,810,300,271,182,24,298,66.0,false,false,false,11462,1200,600,,,,329,322,28544,1108,2025-03-15T07:39:44Z,2025-06-02T09:54:21Z,,"fit","18537497498",,"Specialized Tarmac Pro 2016","| 🌐 Powered by KXNGS www.kxngs.com"
i81226646,2025-03-14T17:28:10,"Afternoon Ride","Ride",8068,68038.92,9081,469.0,15.48,8.494,,,,79.73533,1770,true,191,210,1578471,61.764706,85,,,8.433183,136.78912,121.5239,336,1.0994765,,false,false,false,,340,,,,85,,,51,180,144,161,168,179,184,189,198,,,,,,,,2556,4457,696,217,61,69,12,322,66.0,false,false,false,8260,1200,600,,,,218,214,18190,719,2025-03-14T13:28:10Z,2025-06-02T09:54:22Z,,"fit","18531145672",,"Specialized Tarmac Pro 2016",
i81226647,2025-03-13T19:47:48,"Afternoon Ride","Ride",3376,27495.04,5047,151.0,16.17,8.323,,,,76.70974,763,true,183,219,680071,64.411766,39,,,8.144265,144.74213,122.40395,336,1.1967213,,false,false,false,,340,,,,39,,,50,180,144,161,168,179,184,189,198,,,,,,,,1184,1164,678,213,88,43,6,369,66.0,false,false,false,3720,1200,600,,,,223,218,18560,715,2025-03-13T15:47:48Z,2025-06-02T09:54:22Z,,"fit","18522916113",,"Specialized Tarmac Pro 2016",
i81226649,2025-03-11T14:24:57,"Morning Ride","Ride",11231,101121.01,13010,873.0,16.03,9.068,true,177,136,80.202614,2811,true,221,265,2546456,77.94118,190,,,9.00374,147.07823,121.66625,336,1.199095,1.9485294,false,false,false,,340,,,,190,130,,50,180,144,161,168,179,184,189,198,8929,776,456,1385,0,0,0,3246,4652,1092,655,1294,249,43,555,66.0,false,false,false,11533,1200,600,,,,326,319,27804,803,2025-03-11T10:24:57Z,2025-06-02T09:54:23Z,,"fit","18502570144",,"Specialized Tarmac Pro 2016",
i81226651,2025-03-09T22:04:27,"Evening Ride","Ride",1763,13607.87,2121,49.0,13.119,7.769,,,,73.068405,348,true,164,184,304416,54.117645,14,,,7.718588,162.06084,122.911644,336,1.1219512,,false,false,false,,340,,,,14,,,51,180,144,161,168,179,184,189,198,,,,,,,,858,739,117,33,16,0,0,48,66.0,false,false,false,1855,0,0,,,,180,177,14185,473,2025-03-09T18:04:27Z,2025-06-02T09:54:24Z,,"fit","18493994848",,"Specialized Tarmac Pro 2016",
i81226652,2025-03-09T14:57:40,"Jock Wadley - 8th","Ride",10871,138011.98,10870,843.0,20.891,12.697,true,182,154,90.637726,3054,true,257,301,2795327,88.52941,237,,,12.695427,162.06084,122.911644,336,1.1712062,1.9545455,false,false,false,,340,,,,237,176,,51,180,144,161,168,179,184,189,198,1859,6255,1751,982,24,0,0,3246,1999,1742,1678,1003,759,444,1635,66.0,false,false,false,10869,1200,600,11,180,,300,294,25039,1133,2025-03-09T10:57:40Z,2025-06-02T09:54:25Z,,"fit","18484896285",,"Specialized Tarmac Pro 2016","Long one in the break\nThat was fun!  Foran CT \n | 🌐 Powered by KXNGS www.kxngs.com"
i81226653,2025-03-09T09:45:12,"Morning Ride","Ride",1879,15084.3,1924,116.0,15.564,8.061,,,,81.43208,368,true,168,185,323712,54.411766,15,,,8.027834,162.06084,122.911644,336,1.1011904,,false,false,false,,340,,,,15,,,51,180,144,161,168,179,184,189,198,,,,,,,,939,895,36,9,0,0,0,15,66.0,false,false,false,1923,0,0,,,,193,190,13458,469,2025-03-09T05:45:12Z,2025-06-02T09:54:26Z,,"fit","18479356060",,"Specialized Tarmac Pro 2016",
i81226655,2025-03-08T10:47:07,"Pre race","Ride",10844,95354.02,14048,775.0,19.053,8.879,true,183,129,82.72192,2500,true,197,240,2240245,70.588234,150,,,8.793252,146.09943,119.4639,336,1.2182741,1.8604652,false,false,false,,340,,,,150,102,,51,180,144,161,168,179,184,189,198,10395,582,196,167,55,0,0,3311,4821,1893,447,291,49,32,647,66.0,false,false,false,11383,1200,600,66,183,,310,304,25287,1222,2025-03-08T06:47:07Z,2025-06-02T09:54:27Z,,"fit","18471635020",,"Specialized Tarmac Pro 2016","First one with the team tomorrow 😍\n| 🌐 Powered by KXNGS www.kxngs.com"
i81226657,2025-03-07T16:35:50,"Wandsworth Road Cycling","Ride",1702,14048.36,6972,45.0,11.393,8.493,true,144,116,76.47643,364,true,173,207,320697,60.882355,18,,,8.254031,145.50044,118.72813,336,1.1965318,1.7844827,,false,false,,340,,,,18,11,,53,180,144,161,168,179,184,189,198,1868,0,0,0,0,0,0,765,557,224,83,35,31,7,116,66.0,false,false,false,1859,1200,600,,,,160,157,13661,620,2025-03-07T12:35:50Z,2025-06-02T09:54:28Z,,"fit","18464579241",,"Specialized Tarmac Pro 2016",
i81226660,2025-03-07T14:04:41,"City of Westminster Road Cycling","Ride",5984,50220.55,8934,412.0,18.074,8.454,true,131,115,79.82406,1280,true,184,201,1135638,59.117645,58,,,8.392471,145.50044,118.72813,336,1.0923913,1.7478261,,false,false,,340,,,,58,36,,53,180,144,161,168,179,184,189,198,6196,0,0,0,0,0,0,1987,3513,394,78,8,3,1,166,66.0,false,false,false,6185,1200,600,,,,200,195,18807,652,2025-03-07T10:04:41Z,2025-06-02T09:54:28Z,,"fit","18463600500",,"Specialized Tarmac Pro 2016",
