<?xml version="1.0" encoding="UTF-8"?>
<gpx creator="https://gpx.studio" version="1.1" schemaLocation="http://www.topografix.com/GPX/1/1 http://www.topografix.com/GPX/1/1/gpx.xsd http://www.garmin.com/xmlschemas/GpxExtensions/v3 http://www.garmin.com/xmlschemas/GpxExtensionsv3.xsd http://www.garmin.com/xmlschemas/TrackPointExtension/v1 http://www.garmin.com/xmlschemas/TrackPointExtensionv1.xsd http://www.garmin.com/xmlschemas/PowerExtension/v1 http://www.garmin.com/xmlschemas/PowerExtensionv1.xsd http://www.topografix.com/GPX/gpx_style/0/2 http://www.topografix.com/GPX/gpx_style/0/2/gpx_style.xsd" xmlns="http://www.topografix.com/GPX/1/1" xmlns:xsi="http://www.w3.org/2001/XMLSchema-instance" xsi:schemaLocation="http://www.topografix.com/GPX/1/1 http://www.topografix.com/GPX/1/1/gpx.xsd http://www.garmin.com/xmlschemas/GpxExtensions/v3 http://www.garmin.com/xmlschemas/GpxExtensionsv3.xsd http://www.garmin.com/xmlschemas/TrackPointExtension/v1 http://www.garmin.com/xmlschemas/TrackPointExtensionv1.xsd http://www.garmin.com/xmlschemas/PowerExtension/v1 http://www.garmin.com/xmlschemas/PowerExtensionv1.xsd http://www.topografix.com/GPX/gpx_style/0/2 http://www.topografix.com/GPX/gpx_style/0/2/gpx_style.xsd" xmlns:gpxtpx="http://www.garmin.com/xmlschemas/TrackPointExtension/v1" xmlns:gpxx="http://www.garmin.com/xmlschemas/GpxExtensions/v3" xmlns:gpxpx="http://www.garmin.com/xmlschemas/PowerExtension/v1" xmlns:gpx_style="http://www.topografix.com/GPX/gpx_style/0/2">
  <metadata>
    <name>Lourihã_Queluz_v2</name>
    <author>
      <name>gpx.studio</name>
      <link href="https://gpx.studio"/>
    </author>
  </metadata>
  <trk>
    <name>Lourihã_Queluz_v2</name>
    <trkseg>
      <trkpt lat="39.243051308995206" lon="-9.312536804410428">
        <ele>8.742311350675912</ele>
      </trkpt>
      <trkpt lat="39.242848" lon="-9.312688">
        <ele>8.89</ele>
      </trkpt>
      <trkpt lat="39.242637" lon="-9.312346">
        <ele>8.02</ele>
      </trkpt>
      <trkpt lat="39.243708" lon="-9.311205">
        <ele>9</ele>
      </trkpt>
      <trkpt lat="39.243707" lon="-9.311206">
        <ele>9</ele>
      </trkpt>
      <trkpt lat="39.243132" lon="-9.310288">
        <ele>9</ele>
      </trkpt>
      <trkpt lat="39.243393" lon="-9.310052">
        <ele>10</ele>
      </trkpt>
      <trkpt lat="39.243307" lon="-9.310002">
        <ele>9.9</ele>
      </trkpt>
      <trkpt lat="39.242381" lon="-9.309462">
        <ele>10.98</ele>
      </trkpt>
      <trkpt lat="39.242132" lon="-9.309264">
        <ele>10.92</ele>
      </trkpt>
      <trkpt lat="39.242095" lon="-9.309302">
        <ele>11.04</ele>
      </trkpt>
      <trkpt lat="39.24205" lon="-9.309323">
        <ele>11.09</ele>
      </trkpt>
      <trkpt lat="39.242002" lon="-9.309322">
        <ele>11.15</ele>
      </trkpt>
      <trkpt lat="39.241957" lon="-9.309301">
        <ele>11.26</ele>
      </trkpt>
      <trkpt lat="39.241922" lon="-9.309265">
        <ele>11.3</ele>
      </trkpt>
      <trkpt lat="39.241897" lon="-9.309216">
        <ele>11.32</ele>
      </trkpt>
      <trkpt lat="39.241886" lon="-9.30916">
        <ele>11.27</ele>
      </trkpt>
      <trkpt lat="39.241889" lon="-9.309102">
        <ele>11.18</ele>
      </trkpt>
      <trkpt lat="39.241906" lon="-9.309048">
        <ele>11.1</ele>
      </trkpt>
      <trkpt lat="39.241936" lon="-9.309003">
        <ele>10.94</ele>
      </trkpt>
      <trkpt lat="39.241976" lon="-9.308972">
        <ele>10.56</ele>
      </trkpt>
      <trkpt lat="39.242022" lon="-9.308961">
        <ele>10.52</ele>
      </trkpt>
      <trkpt lat="39.242068" lon="-9.308969">
        <ele>10.68</ele>
      </trkpt>
      <trkpt lat="39.24211" lon="-9.308996">
        <ele>10.91</ele>
      </trkpt>
      <trkpt lat="39.242553" lon="-9.308171">
        <ele>10</ele>
      </trkpt>
      <trkpt lat="39.242595" lon="-9.308055">
        <ele>10</ele>
      </trkpt>
      <trkpt lat="39.242611" lon="-9.307961">
        <ele>10</ele>
      </trkpt>
      <trkpt lat="39.242616" lon="-9.307868">
        <ele>10</ele>
      </trkpt>
      <trkpt lat="39.242593" lon="-9.307777">
        <ele>10</ele>
      </trkpt>
      <trkpt lat="39.242513" lon="-9.307533">
        <ele>10.01</ele>
      </trkpt>
      <trkpt lat="39.242087" lon="-9.306555">
        <ele>11.89</ele>
      </trkpt>
      <trkpt lat="39.241541" lon="-9.30529">
        <ele>13.97</ele>
      </trkpt>
      <trkpt lat="39.241403" lon="-9.30497">
        <ele>11.7</ele>
      </trkpt>
      <trkpt lat="39.241284" lon="-9.304775">
        <ele>10.49</ele>
      </trkpt>
      <trkpt lat="39.241254" lon="-9.304759">
        <ele>10.41</ele>
      </trkpt>
      <trkpt lat="39.241229" lon="-9.304732">
        <ele>10.33</ele>
      </trkpt>
      <trkpt lat="39.241211" lon="-9.304697">
        <ele>10.24</ele>
      </trkpt>
      <trkpt lat="39.241201" lon="-9.304657">
        <ele>10.17</ele>
      </trkpt>
      <trkpt lat="39.241201" lon="-9.304615">
        <ele>10.16</ele>
      </trkpt>
      <trkpt lat="39.241115" lon="-9.30433">
        <ele>10.52</ele>
      </trkpt>
      <trkpt lat="39.240985" lon="-9.304009">
        <ele>10.04</ele>
      </trkpt>
      <trkpt lat="39.24052" lon="-9.302898">
        <ele>11.65</ele>
      </trkpt>
      <trkpt lat="39.240412" lon="-9.302555">
        <ele>11.72</ele>
      </trkpt>
      <trkpt lat="39.240176" lon="-9.30025">
        <ele>11.88</ele>
      </trkpt>
      <trkpt lat="39.240067" lon="-9.299943">
        <ele>13.5</ele>
      </trkpt>
      <trkpt lat="39.239325" lon="-9.299178">
        <ele>14.9</ele>
      </trkpt>
      <trkpt lat="39.239179" lon="-9.298849">
        <ele>14.05</ele>
      </trkpt>
      <trkpt lat="39.239147" lon="-9.298513">
        <ele>15</ele>
      </trkpt>
      <trkpt lat="39.239053" lon="-9.297508">
        <ele>12.08</ele>
      </trkpt>
      <trkpt lat="39.238707" lon="-9.293826">
        <ele>14.01</ele>
      </trkpt>
      <trkpt lat="39.238713" lon="-9.293174">
        <ele>14.95</ele>
      </trkpt>
      <trkpt lat="39.238744" lon="-9.289646">
        <ele>13</ele>
      </trkpt>
      <trkpt lat="39.238756" lon="-9.288218">
        <ele>16.44</ele>
      </trkpt>
      <trkpt lat="39.238771" lon="-9.287854">
        <ele>14.93</ele>
      </trkpt>
      <trkpt lat="39.2388" lon="-9.287125">
        <ele>16.17</ele>
      </trkpt>
      <trkpt lat="39.238756" lon="-9.286697">
        <ele>15</ele>
      </trkpt>
      <trkpt lat="39.238715" lon="-9.286688">
        <ele>15</ele>
      </trkpt>
      <trkpt lat="39.238674" lon="-9.286655">
        <ele>15</ele>
      </trkpt>
      <trkpt lat="39.238648" lon="-9.286612">
        <ele>15</ele>
      </trkpt>
      <trkpt lat="39.238636" lon="-9.286529">
        <ele>15</ele>
      </trkpt>
      <trkpt lat="39.238646" lon="-9.286477">
        <ele>15</ele>
      </trkpt>
      <trkpt lat="39.238664" lon="-9.286442">
        <ele>15</ele>
      </trkpt>
      <trkpt lat="39.238346" lon="-9.285801">
        <ele>14.25</ele>
      </trkpt>
      <trkpt lat="39.23804" lon="-9.285131">
        <ele>17.27</ele>
      </trkpt>
      <trkpt lat="39.237602" lon="-9.284113">
        <ele>15.26</ele>
      </trkpt>
      <trkpt lat="39.237539" lon="-9.283991">
        <ele>15</ele>
      </trkpt>
      <trkpt lat="39.237439" lon="-9.283833">
        <ele>15.35</ele>
      </trkpt>
      <trkpt lat="39.237" lon="-9.283377">
        <ele>15.04</ele>
      </trkpt>
      <trkpt lat="39.236341" lon="-9.282574">
        <ele>15.48</ele>
      </trkpt>
      <trkpt lat="39.236093" lon="-9.282273">
        <ele>17.48</ele>
      </trkpt>
      <trkpt lat="39.235899" lon="-9.281921">
        <ele>16.73</ele>
      </trkpt>
      <trkpt lat="39.235228" lon="-9.280295">
        <ele>16.33</ele>
      </trkpt>
      <trkpt lat="39.234886" lon="-9.279469">
        <ele>18.1</ele>
      </trkpt>
      <trkpt lat="39.234696" lon="-9.279134">
        <ele>17.61</ele>
      </trkpt>
      <trkpt lat="39.233692" lon="-9.278199">
        <ele>17.83</ele>
      </trkpt>
      <trkpt lat="39.232878" lon="-9.277441">
        <ele>18</ele>
      </trkpt>
      <trkpt lat="39.232703" lon="-9.277075">
        <ele>18.51</ele>
      </trkpt>
      <trkpt lat="39.232575" lon="-9.276605">
        <ele>18.99</ele>
      </trkpt>
      <trkpt lat="39.232601" lon="-9.276244">
        <ele>19.52</ele>
      </trkpt>
      <trkpt lat="39.233416" lon="-9.273993">
        <ele>19.02</ele>
      </trkpt>
      <trkpt lat="39.233441" lon="-9.273593">
        <ele>18</ele>
      </trkpt>
      <trkpt lat="39.233251" lon="-9.273208">
        <ele>18.16</ele>
      </trkpt>
      <trkpt lat="39.232629" lon="-9.272615">
        <ele>20.96</ele>
      </trkpt>
      <trkpt lat="39.232215" lon="-9.27222">
        <ele>20.15</ele>
      </trkpt>
      <trkpt lat="39.23201" lon="-9.271956">
        <ele>20.22</ele>
      </trkpt>
      <trkpt lat="39.23185" lon="-9.271549">
        <ele>21.75</ele>
      </trkpt>
      <trkpt lat="39.23089" lon="-9.269131">
        <ele>22</ele>
      </trkpt>
      <trkpt lat="39.230718" lon="-9.268662">
        <ele>21.48</ele>
      </trkpt>
      <trkpt lat="39.230649" lon="-9.268548">
        <ele>21.17</ele>
      </trkpt>
      <trkpt lat="39.230377" lon="-9.26792">
        <ele>20.9</ele>
      </trkpt>
      <trkpt lat="39.230346" lon="-9.267816">
        <ele>21.5</ele>
      </trkpt>
      <trkpt lat="39.230339" lon="-9.267742">
        <ele>21.94</ele>
      </trkpt>
      <trkpt lat="39.23034" lon="-9.26766">
        <ele>22.15</ele>
      </trkpt>
      <trkpt lat="39.230354" lon="-9.267603">
        <ele>22.19</ele>
      </trkpt>
      <trkpt lat="39.230379" lon="-9.267558">
        <ele>22.1</ele>
      </trkpt>
      <trkpt lat="39.230423" lon="-9.267512">
        <ele>22.87</ele>
      </trkpt>
      <trkpt lat="39.230496" lon="-9.267346">
        <ele>24.68</ele>
      </trkpt>
      <trkpt lat="39.230655" lon="-9.267151">
        <ele>25.46</ele>
      </trkpt>
      <trkpt lat="39.230808" lon="-9.267003">
        <ele>24.31</ele>
      </trkpt>
      <trkpt lat="39.231189" lon="-9.266584">
        <ele>26.32</ele>
      </trkpt>
      <trkpt lat="39.231951" lon="-9.265746">
        <ele>33.46</ele>
      </trkpt>
      <trkpt lat="39.232117" lon="-9.26545">
        <ele>35.14</ele>
      </trkpt>
      <trkpt lat="39.232234" lon="-9.265183">
        <ele>36.09</ele>
      </trkpt>
      <trkpt lat="39.232317" lon="-9.264867">
        <ele>35.53</ele>
      </trkpt>
      <trkpt lat="39.232306" lon="-9.264523">
        <ele>36.94</ele>
      </trkpt>
      <trkpt lat="39.232355" lon="-9.26416">
        <ele>37.69</ele>
      </trkpt>
      <trkpt lat="39.232528" lon="-9.263817">
        <ele>40.21</ele>
      </trkpt>
      <trkpt lat="39.23264" lon="-9.26345">
        <ele>42.08</ele>
      </trkpt>
      <trkpt lat="39.232641" lon="-9.263092">
        <ele>42.26</ele>
      </trkpt>
      <trkpt lat="39.232576" lon="-9.262847">
        <ele>43.98</ele>
      </trkpt>
      <trkpt lat="39.23256" lon="-9.262566">
        <ele>45.12</ele>
      </trkpt>
      <trkpt lat="39.232653" lon="-9.262175">
        <ele>45.59</ele>
      </trkpt>
      <trkpt lat="39.2327" lon="-9.261733">
        <ele>48.41</ele>
      </trkpt>
      <trkpt lat="39.232617" lon="-9.26125">
        <ele>51.13</ele>
      </trkpt>
      <trkpt lat="39.232435" lon="-9.260916">
        <ele>51.44</ele>
      </trkpt>
      <trkpt lat="39.232252" lon="-9.260582">
        <ele>56.01</ele>
      </trkpt>
      <trkpt lat="39.232184" lon="-9.260332">
        <ele>57.05</ele>
      </trkpt>
      <trkpt lat="39.232224" lon="-9.260067">
        <ele>57.78</ele>
      </trkpt>
      <trkpt lat="39.23239" lon="-9.259562">
        <ele>57.45</ele>
      </trkpt>
      <trkpt lat="39.232406" lon="-9.25926">
        <ele>58.74</ele>
      </trkpt>
      <trkpt lat="39.232342" lon="-9.25888">
        <ele>59.37</ele>
      </trkpt>
      <trkpt lat="39.232224" lon="-9.258453">
        <ele>63.94</ele>
      </trkpt>
      <trkpt lat="39.231841" lon="-9.257598">
        <ele>64.91</ele>
      </trkpt>
      <trkpt lat="39.231204" lon="-9.256173">
        <ele>72</ele>
      </trkpt>
      <trkpt lat="39.231052" lon="-9.255929">
        <ele>72.6</ele>
      </trkpt>
      <trkpt lat="39.230179" lon="-9.254835">
        <ele>78.55</ele>
      </trkpt>
      <trkpt lat="39.230046" lon="-9.25459">
        <ele>78.66</ele>
      </trkpt>
      <trkpt lat="39.229976" lon="-9.254368">
        <ele>78.91</ele>
      </trkpt>
      <trkpt lat="39.229912" lon="-9.254137">
        <ele>78.41</ele>
      </trkpt>
      <trkpt lat="39.229911" lon="-9.253885">
        <ele>77.84</ele>
      </trkpt>
      <trkpt lat="39.230064" lon="-9.25294">
        <ele>76.72</ele>
      </trkpt>
      <trkpt lat="39.230145" lon="-9.252439">
        <ele>78.18</ele>
      </trkpt>
      <trkpt lat="39.230235" lon="-9.251884">
        <ele>77.59</ele>
      </trkpt>
      <trkpt lat="39.230475" lon="-9.250311">
        <ele>77.65</ele>
      </trkpt>
      <trkpt lat="39.230577" lon="-9.249899">
        <ele>77.61</ele>
      </trkpt>
      <trkpt lat="39.230717" lon="-9.249583">
        <ele>77.2</ele>
      </trkpt>
      <trkpt lat="39.231333" lon="-9.2488">
        <ele>80.07</ele>
      </trkpt>
      <trkpt lat="39.231621" lon="-9.248587">
        <ele>82.08</ele>
      </trkpt>
      <trkpt lat="39.23469" lon="-9.246922">
        <ele>101.29</ele>
      </trkpt>
      <trkpt lat="39.236534" lon="-9.245773">
        <ele>103.95</ele>
      </trkpt>
      <trkpt lat="39.2371" lon="-9.245267">
        <ele>104.62</ele>
      </trkpt>
      <trkpt lat="39.238783" lon="-9.243383">
        <ele>105.45</ele>
      </trkpt>
      <trkpt lat="39.239183" lon="-9.2428">
        <ele>104</ele>
      </trkpt>
      <trkpt lat="39.239461" lon="-9.242201">
        <ele>102.67</ele>
      </trkpt>
      <trkpt lat="39.240223" lon="-9.240553">
        <ele>105.83</ele>
      </trkpt>
      <trkpt lat="39.240447" lon="-9.240249">
        <ele>106.72</ele>
      </trkpt>
      <trkpt lat="39.240705" lon="-9.240068">
        <ele>106.4</ele>
      </trkpt>
      <trkpt lat="39.241894" lon="-9.239763">
        <ele>104.4</ele>
      </trkpt>
      <trkpt lat="39.242229" lon="-9.239704">
        <ele>103.17</ele>
      </trkpt>
      <trkpt lat="39.243071" lon="-9.239568">
        <ele>105.31</ele>
      </trkpt>
      <trkpt lat="39.243488" lon="-9.239435">
        <ele>105.82</ele>
      </trkpt>
      <trkpt lat="39.243747" lon="-9.239119">
        <ele>106.2</ele>
      </trkpt>
      <trkpt lat="39.244197" lon="-9.238352">
        <ele>106.13</ele>
      </trkpt>
      <trkpt lat="39.244497" lon="-9.237841">
        <ele>108.04</ele>
      </trkpt>
      <trkpt lat="39.244576" lon="-9.237675">
        <ele>107.76</ele>
      </trkpt>
      <trkpt lat="39.244618" lon="-9.23747">
        <ele>107.65</ele>
      </trkpt>
      <trkpt lat="39.244612" lon="-9.237246">
        <ele>107.79</ele>
      </trkpt>
      <trkpt lat="39.244583" lon="-9.237083">
        <ele>108.11</ele>
      </trkpt>
      <trkpt lat="39.244474" lon="-9.236733">
        <ele>106.9</ele>
      </trkpt>
      <trkpt lat="39.244104" lon="-9.235541">
        <ele>102.78</ele>
      </trkpt>
      <trkpt lat="39.244054" lon="-9.235169">
        <ele>101.58</ele>
      </trkpt>
      <trkpt lat="39.244046" lon="-9.234737">
        <ele>99.17</ele>
      </trkpt>
      <trkpt lat="39.244331" lon="-9.23238">
        <ele>93.48</ele>
      </trkpt>
      <trkpt lat="39.2444" lon="-9.232033">
        <ele>92.81</ele>
      </trkpt>
      <trkpt lat="39.24457" lon="-9.231664">
        <ele>91.33</ele>
      </trkpt>
      <trkpt lat="39.244951" lon="-9.231471">
        <ele>88.87</ele>
      </trkpt>
      <trkpt lat="39.245511" lon="-9.231309">
        <ele>85.97</ele>
      </trkpt>
      <trkpt lat="39.245786" lon="-9.231326">
        <ele>84.36</ele>
      </trkpt>
      <trkpt lat="39.246011" lon="-9.231466">
        <ele>82.32</ele>
      </trkpt>
      <trkpt lat="39.246297" lon="-9.231775">
        <ele>81.04</ele>
      </trkpt>
      <trkpt lat="39.246443" lon="-9.231863">
        <ele>79.94</ele>
      </trkpt>
      <trkpt lat="39.246585" lon="-9.231892">
        <ele>79.26</ele>
      </trkpt>
      <trkpt lat="39.246743" lon="-9.231849">
        <ele>78.71</ele>
      </trkpt>
      <trkpt lat="39.246884" lon="-9.231727">
        <ele>78.94</ele>
      </trkpt>
      <trkpt lat="39.246998" lon="-9.231523">
        <ele>80.55</ele>
      </trkpt>
      <trkpt lat="39.247248" lon="-9.230945">
        <ele>80.8</ele>
      </trkpt>
      <trkpt lat="39.247455" lon="-9.230357">
        <ele>79.29</ele>
      </trkpt>
      <trkpt lat="39.247764" lon="-9.229477">
        <ele>84.56</ele>
      </trkpt>
      <trkpt lat="39.247867" lon="-9.229183">
        <ele>84.61</ele>
      </trkpt>
      <trkpt lat="39.247924" lon="-9.228879">
        <ele>85.27</ele>
      </trkpt>
      <trkpt lat="39.247902" lon="-9.228638">
        <ele>85.25</ele>
      </trkpt>
      <trkpt lat="39.247813" lon="-9.228348">
        <ele>87.78</ele>
      </trkpt>
      <trkpt lat="39.247703" lon="-9.227916">
        <ele>88.99</ele>
      </trkpt>
      <trkpt lat="39.247679" lon="-9.227758">
        <ele>89.41</ele>
      </trkpt>
      <trkpt lat="39.247683" lon="-9.227583">
        <ele>90</ele>
      </trkpt>
      <trkpt lat="39.247742" lon="-9.227261">
        <ele>90.19</ele>
      </trkpt>
      <trkpt lat="39.248581" lon="-9.225473">
        <ele>90.18</ele>
      </trkpt>
      <trkpt lat="39.248604" lon="-9.225301">
        <ele>90.34</ele>
      </trkpt>
      <trkpt lat="39.248577" lon="-9.225113">
        <ele>90.02</ele>
      </trkpt>
      <trkpt lat="39.248357" lon="-9.224324">
        <ele>90.33</ele>
      </trkpt>
      <trkpt lat="39.248306" lon="-9.224214">
        <ele>90.53</ele>
      </trkpt>
      <trkpt lat="39.248192" lon="-9.224011">
        <ele>91.67</ele>
      </trkpt>
      <trkpt lat="39.248073" lon="-9.223846">
        <ele>91.26</ele>
      </trkpt>
      <trkpt lat="39.247975" lon="-9.223591">
        <ele>88.43</ele>
      </trkpt>
      <trkpt lat="39.24793" lon="-9.223344">
        <ele>87.91</ele>
      </trkpt>
      <trkpt lat="39.247933" lon="-9.223162">
        <ele>86.58</ele>
      </trkpt>
      <trkpt lat="39.247858" lon="-9.222859">
        <ele>85.15</ele>
      </trkpt>
      <trkpt lat="39.247844" lon="-9.222752">
        <ele>84.55</ele>
      </trkpt>
      <trkpt lat="39.247837" lon="-9.222573">
        <ele>83.46</ele>
      </trkpt>
      <trkpt lat="39.247883" lon="-9.222383">
        <ele>82.57</ele>
      </trkpt>
      <trkpt lat="39.248033" lon="-9.222233">
        <ele>81.97</ele>
      </trkpt>
      <trkpt lat="39.24825" lon="-9.22215">
        <ele>80.89</ele>
      </trkpt>
      <trkpt lat="39.248915" lon="-9.22209">
        <ele>76.64</ele>
      </trkpt>
      <trkpt lat="39.249057" lon="-9.222006">
        <ele>76.28</ele>
      </trkpt>
      <trkpt lat="39.249148" lon="-9.221809">
        <ele>75.84</ele>
      </trkpt>
      <trkpt lat="39.249237" lon="-9.221399">
        <ele>76.31</ele>
      </trkpt>
      <trkpt lat="39.2493" lon="-9.220917">
        <ele>76.16</ele>
      </trkpt>
      <trkpt lat="39.2493" lon="-9.220783">
        <ele>76.87</ele>
      </trkpt>
      <trkpt lat="39.249272" lon="-9.22064">
        <ele>76.85</ele>
      </trkpt>
      <trkpt lat="39.249166" lon="-9.220413">
        <ele>80.3</ele>
      </trkpt>
      <trkpt lat="39.249" lon="-9.2203">
        <ele>81.02</ele>
      </trkpt>
      <trkpt lat="39.2488" lon="-9.2202">
        <ele>81.18</ele>
      </trkpt>
      <trkpt lat="39.24855" lon="-9.21995">
        <ele>83.34</ele>
      </trkpt>
      <trkpt lat="39.248417" lon="-9.219583">
        <ele>84.64</ele>
      </trkpt>
      <trkpt lat="39.248379" lon="-9.219358">
        <ele>85.34</ele>
      </trkpt>
      <trkpt lat="39.24835" lon="-9.218833">
        <ele>86.67</ele>
      </trkpt>
      <trkpt lat="39.248406" lon="-9.21826">
        <ele>87.51</ele>
      </trkpt>
      <trkpt lat="39.248438" lon="-9.218107">
        <ele>88.26</ele>
      </trkpt>
      <trkpt lat="39.248494" lon="-9.217946">
        <ele>88.5</ele>
      </trkpt>
      <trkpt lat="39.248602" lon="-9.217742">
        <ele>89.16</ele>
      </trkpt>
      <trkpt lat="39.248891" lon="-9.217356">
        <ele>88.92</ele>
      </trkpt>
      <trkpt lat="39.249521" lon="-9.216537">
        <ele>90.39</ele>
      </trkpt>
      <trkpt lat="39.2503" lon="-9.215567">
        <ele>92.53</ele>
      </trkpt>
      <trkpt lat="39.250467" lon="-9.215317">
        <ele>92.92</ele>
      </trkpt>
      <trkpt lat="39.250627" lon="-9.215034">
        <ele>93.48</ele>
      </trkpt>
      <trkpt lat="39.251482" lon="-9.213248">
        <ele>95.85</ele>
      </trkpt>
      <trkpt lat="39.251576" lon="-9.212942">
        <ele>97.15</ele>
      </trkpt>
      <trkpt lat="39.251581" lon="-9.21272">
        <ele>97.27</ele>
      </trkpt>
      <trkpt lat="39.251522" lon="-9.212366">
        <ele>96.93</ele>
      </trkpt>
      <trkpt lat="39.251081" lon="-9.211527">
        <ele>102.38</ele>
      </trkpt>
      <trkpt lat="39.250494" lon="-9.210409">
        <ele>105.2</ele>
      </trkpt>
      <trkpt lat="39.2504" lon="-9.210183">
        <ele>105.68</ele>
      </trkpt>
      <trkpt lat="39.250333" lon="-9.209817">
        <ele>107.44</ele>
      </trkpt>
      <trkpt lat="39.2503" lon="-9.2094">
        <ele>108.03</ele>
      </trkpt>
      <trkpt lat="39.250313" lon="-9.207014">
        <ele>115.58</ele>
      </trkpt>
      <trkpt lat="39.250335" lon="-9.20683">
        <ele>116.08</ele>
      </trkpt>
      <trkpt lat="39.250422" lon="-9.206483">
        <ele>117.06</ele>
      </trkpt>
      <trkpt lat="39.25056377329608" lon="-9.206083865153262">
        <ele>117.23581409570636</ele>
      </trkpt>
      <trkpt lat="39.250564" lon="-9.206084">
        <ele>117.45</ele>
      </trkpt>
      <trkpt lat="39.250629" lon="-9.2059">
        <ele>117.08</ele>
      </trkpt>
      <trkpt lat="39.250852" lon="-9.205719">
        <ele>117.27</ele>
      </trkpt>
      <trkpt lat="39.250866" lon="-9.205707">
        <ele>117.28</ele>
      </trkpt>
      <trkpt lat="39.251374" lon="-9.205518">
        <ele>116.1</ele>
      </trkpt>
      <trkpt lat="39.251374" lon="-9.205518">
        <ele>116.1</ele>
      </trkpt>
      <trkpt lat="39.25202" lon="-9.205273">
        <ele>114</ele>
      </trkpt>
      <trkpt lat="39.252296" lon="-9.205222">
        <ele>114</ele>
      </trkpt>
      <trkpt lat="39.254226" lon="-9.205084">
        <ele>111.77</ele>
      </trkpt>
      <trkpt lat="39.255052" lon="-9.205025">
        <ele>113</ele>
      </trkpt>
      <trkpt lat="39.255434" lon="-9.205025">
        <ele>110.98</ele>
      </trkpt>
      <trkpt lat="39.25568" lon="-9.205039">
        <ele>109.13</ele>
      </trkpt>
      <trkpt lat="39.256418" lon="-9.205081">
        <ele>110</ele>
      </trkpt>
      <trkpt lat="39.257246" lon="-9.205127">
        <ele>113.65</ele>
      </trkpt>
      <trkpt lat="39.257799" lon="-9.205158">
        <ele>117.78</ele>
      </trkpt>
      <trkpt lat="39.257799" lon="-9.205158">
        <ele>117.78</ele>
      </trkpt>
      <trkpt lat="39.25917" lon="-9.206178">
        <ele>132.13</ele>
      </trkpt>
      <trkpt lat="39.259456" lon="-9.206358">
        <ele>133.17</ele>
      </trkpt>
      <trkpt lat="39.259688" lon="-9.206557">
        <ele>134.32</ele>
      </trkpt>
      <trkpt lat="39.260116" lon="-9.20706">
        <ele>137.79</ele>
      </trkpt>
      <trkpt lat="39.260398" lon="-9.207532">
        <ele>137</ele>
      </trkpt>
      <trkpt lat="39.260854" lon="-9.208372">
        <ele>138</ele>
      </trkpt>
      <trkpt lat="39.261158" lon="-9.208932">
        <ele>136.13</ele>
      </trkpt>
      <trkpt lat="39.261507" lon="-9.209462">
        <ele>137.03</ele>
      </trkpt>
      <trkpt lat="39.261891" lon="-9.209971">
        <ele>140.18</ele>
      </trkpt>
      <trkpt lat="39.262126" lon="-9.210263">
        <ele>142.76</ele>
      </trkpt>
      <trkpt lat="39.262397" lon="-9.210543">
        <ele>145.35</ele>
      </trkpt>
      <trkpt lat="39.263039" lon="-9.211146">
        <ele>148.02</ele>
      </trkpt>
      <trkpt lat="39.26344" lon="-9.211606">
        <ele>150.55</ele>
      </trkpt>
      <trkpt lat="39.263784" lon="-9.212067">
        <ele>151.92</ele>
      </trkpt>
      <trkpt lat="39.263908" lon="-9.21221">
        <ele>152.68</ele>
      </trkpt>
      <trkpt lat="39.264772" lon="-9.212958">
        <ele>160.21</ele>
      </trkpt>
      <trkpt lat="39.264903" lon="-9.213123">
        <ele>161.55</ele>
      </trkpt>
      <trkpt lat="39.265249" lon="-9.213763">
        <ele>161.83</ele>
      </trkpt>
      <trkpt lat="39.265406" lon="-9.214036">
        <ele>160.27</ele>
      </trkpt>
      <trkpt lat="39.265553" lon="-9.21422">
        <ele>160</ele>
      </trkpt>
      <trkpt lat="39.265735" lon="-9.214352">
        <ele>159.76</ele>
      </trkpt>
      <trkpt lat="39.265926" lon="-9.21443">
        <ele>158.91</ele>
      </trkpt>
      <trkpt lat="39.266171" lon="-9.214507">
        <ele>158.45</ele>
      </trkpt>
      <trkpt lat="39.266846" lon="-9.214645">
        <ele>156.65</ele>
      </trkpt>
      <trkpt lat="39.267202" lon="-9.214689">
        <ele>155</ele>
      </trkpt>
      <trkpt lat="39.267518" lon="-9.214743">
        <ele>154.07</ele>
      </trkpt>
      <trkpt lat="39.267783" lon="-9.214809">
        <ele>154.21</ele>
      </trkpt>
      <trkpt lat="39.268022" lon="-9.214919">
        <ele>153.62</ele>
      </trkpt>
      <trkpt lat="39.268372" lon="-9.215167">
        <ele>152.32</ele>
      </trkpt>
      <trkpt lat="39.268947" lon="-9.215612">
        <ele>148.54</ele>
      </trkpt>
      <trkpt lat="39.269457" lon="-9.21596">
        <ele>145</ele>
      </trkpt>
      <trkpt lat="39.269941" lon="-9.216241">
        <ele>142.78</ele>
      </trkpt>
      <trkpt lat="39.270545" lon="-9.216597">
        <ele>137.8</ele>
      </trkpt>
      <trkpt lat="39.27061" lon="-9.21667">
        <ele>136.89</ele>
      </trkpt>
      <trkpt lat="39.270779" lon="-9.216885">
        <ele>134.75</ele>
      </trkpt>
      <trkpt lat="39.271283" lon="-9.217533">
        <ele>131.07</ele>
      </trkpt>
      <trkpt lat="39.271755" lon="-9.218023">
        <ele>129.41</ele>
      </trkpt>
      <trkpt lat="39.271998" lon="-9.218216">
        <ele>128.64</ele>
      </trkpt>
      <trkpt lat="39.272366" lon="-9.218394">
        <ele>128</ele>
      </trkpt>
      <trkpt lat="39.272434" lon="-9.218402">
        <ele>128</ele>
      </trkpt>
      <trkpt lat="39.27335" lon="-9.218317">
        <ele>129.4</ele>
      </trkpt>
      <trkpt lat="39.273596" lon="-9.218398">
        <ele>130</ele>
      </trkpt>
      <trkpt lat="39.273783" lon="-9.2185">
        <ele>130</ele>
      </trkpt>
      <trkpt lat="39.274474" lon="-9.219126">
        <ele>132.01</ele>
      </trkpt>
      <trkpt lat="39.274889" lon="-9.219501">
        <ele>135.07</ele>
      </trkpt>
      <trkpt lat="39.275577" lon="-9.220258">
        <ele>140.29</ele>
      </trkpt>
      <trkpt lat="39.275857" lon="-9.220586">
        <ele>142.78</ele>
      </trkpt>
      <trkpt lat="39.276093" lon="-9.221036">
        <ele>144.65</ele>
      </trkpt>
      <trkpt lat="39.276399" lon="-9.221581">
        <ele>145.61</ele>
      </trkpt>
      <trkpt lat="39.276735" lon="-9.222031">
        <ele>147.3</ele>
      </trkpt>
      <trkpt lat="39.27728" lon="-9.222595">
        <ele>153.08</ele>
      </trkpt>
      <trkpt lat="39.277911" lon="-9.223099">
        <ele>159.64</ele>
      </trkpt>
      <trkpt lat="39.278146" lon="-9.223318">
        <ele>162.49</ele>
      </trkpt>
      <trkpt lat="39.278316" lon="-9.223514">
        <ele>164.78</ele>
      </trkpt>
      <trkpt lat="39.278453" lon="-9.223719">
        <ele>166.79</ele>
      </trkpt>
      <trkpt lat="39.278727" lon="-9.22405">
        <ele>170.95</ele>
      </trkpt>
      <trkpt lat="39.278866" lon="-9.22416">
        <ele>171.99</ele>
      </trkpt>
      <trkpt lat="39.279018" lon="-9.224227">
        <ele>173.13</ele>
      </trkpt>
      <trkpt lat="39.279196" lon="-9.224245">
        <ele>174</ele>
      </trkpt>
      <trkpt lat="39.279443" lon="-9.224229">
        <ele>174.3</ele>
      </trkpt>
      <trkpt lat="39.27969" lon="-9.224213">
        <ele>171.66</ele>
      </trkpt>
      <trkpt lat="39.280192" lon="-9.224192">
        <ele>169.15</ele>
      </trkpt>
      <trkpt lat="39.280593" lon="-9.224294">
        <ele>167.65</ele>
      </trkpt>
      <trkpt lat="39.282017" lon="-9.224538">
        <ele>158.17</ele>
      </trkpt>
      <trkpt lat="39.282312" lon="-9.224519">
        <ele>156.36</ele>
      </trkpt>
      <trkpt lat="39.282449" lon="-9.22447">
        <ele>155.15</ele>
      </trkpt>
      <trkpt lat="39.282485" lon="-9.224444">
        <ele>154.83</ele>
      </trkpt>
      <trkpt lat="39.282505" lon="-9.224442">
        <ele>154.67</ele>
      </trkpt>
      <trkpt lat="39.282528" lon="-9.224449">
        <ele>154.5</ele>
      </trkpt>
      <trkpt lat="39.282563" lon="-9.224487">
        <ele>154.24</ele>
      </trkpt>
      <trkpt lat="39.282574" lon="-9.224543">
        <ele>154.16</ele>
      </trkpt>
      <trkpt lat="39.282559" lon="-9.224594">
        <ele>154.42</ele>
      </trkpt>
      <trkpt lat="39.282527" lon="-9.224625">
        <ele>154.7</ele>
      </trkpt>
      <trkpt lat="39.282508" lon="-9.224631">
        <ele>154.8</ele>
      </trkpt>
      <trkpt lat="39.282408" lon="-9.224759">
        <ele>155.34</ele>
      </trkpt>
      <trkpt lat="39.282254" lon="-9.225089">
        <ele>154.97</ele>
      </trkpt>
      <trkpt lat="39.281785" lon="-9.226102">
        <ele>152.03</ele>
      </trkpt>
      <trkpt lat="39.281388" lon="-9.226963">
        <ele>153.06</ele>
      </trkpt>
      <trkpt lat="39.281269" lon="-9.227167">
        <ele>153.01</ele>
      </trkpt>
      <trkpt lat="39.281204" lon="-9.227255">
        <ele>153.59</ele>
      </trkpt>
      <trkpt lat="39.280123" lon="-9.228571">
        <ele>150.24</ele>
      </trkpt>
      <trkpt lat="39.280008" lon="-9.228754">
        <ele>150.26</ele>
      </trkpt>
      <trkpt lat="39.279971" lon="-9.228847">
        <ele>150.05</ele>
      </trkpt>
      <trkpt lat="39.279951" lon="-9.228941">
        <ele>149.94</ele>
      </trkpt>
      <trkpt lat="39.279942" lon="-9.229037">
        <ele>149.96</ele>
      </trkpt>
      <trkpt lat="39.279945" lon="-9.229128">
        <ele>150.47</ele>
      </trkpt>
      <trkpt lat="39.279965" lon="-9.229226">
        <ele>150.89</ele>
      </trkpt>
      <trkpt lat="39.280008" lon="-9.22933">
        <ele>151.16</ele>
      </trkpt>
      <trkpt lat="39.280069" lon="-9.229437">
        <ele>151.34</ele>
      </trkpt>
      <trkpt lat="39.280142" lon="-9.229537">
        <ele>151.9</ele>
      </trkpt>
      <trkpt lat="39.280748" lon="-9.230239">
        <ele>156.06</ele>
      </trkpt>
      <trkpt lat="39.280824" lon="-9.230342">
        <ele>157.43</ele>
      </trkpt>
      <trkpt lat="39.280892" lon="-9.230459">
        <ele>158.32</ele>
      </trkpt>
      <trkpt lat="39.28096" lon="-9.230595">
        <ele>158.75</ele>
      </trkpt>
      <trkpt lat="39.281209" lon="-9.2312">
        <ele>161.02</ele>
      </trkpt>
      <trkpt lat="39.28124" lon="-9.231317">
        <ele>161.23</ele>
      </trkpt>
      <trkpt lat="39.281254" lon="-9.231438">
        <ele>161.14</ele>
      </trkpt>
      <trkpt lat="39.281253" lon="-9.231569">
        <ele>161.16</ele>
      </trkpt>
      <trkpt lat="39.281231" lon="-9.23171">
        <ele>161.35</ele>
      </trkpt>
      <trkpt lat="39.280962" lon="-9.232844">
        <ele>158.84</ele>
      </trkpt>
      <trkpt lat="39.280794" lon="-9.233518">
        <ele>157.53</ele>
      </trkpt>
      <trkpt lat="39.280603" lon="-9.234334">
        <ele>157.13</ele>
      </trkpt>
      <trkpt lat="39.280535" lon="-9.234668">
        <ele>156.11</ele>
      </trkpt>
      <trkpt lat="39.280438" lon="-9.235342">
        <ele>152.11</ele>
      </trkpt>
      <trkpt lat="39.280293" lon="-9.236372">
        <ele>149.52</ele>
      </trkpt>
      <trkpt lat="39.280049" lon="-9.238065">
        <ele>153.12</ele>
      </trkpt>
      <trkpt lat="39.279618" lon="-9.241116">
        <ele>144</ele>
      </trkpt>
      <trkpt lat="39.279142" lon="-9.244479">
        <ele>149</ele>
      </trkpt>
      <trkpt lat="39.278867" lon="-9.24648">
        <ele>141</ele>
      </trkpt>
      <trkpt lat="39.278403" lon="-9.249695">
        <ele>139</ele>
      </trkpt>
      <trkpt lat="39.278172" lon="-9.251303">
        <ele>141.66</ele>
      </trkpt>
      <trkpt lat="39.278016" lon="-9.252391">
        <ele>140.39</ele>
      </trkpt>
      <trkpt lat="39.277823" lon="-9.253786">
        <ele>144.08</ele>
      </trkpt>
      <trkpt lat="39.277814" lon="-9.253943">
        <ele>144.09</ele>
      </trkpt>
      <trkpt lat="39.277814" lon="-9.254698">
        <ele>144</ele>
      </trkpt>
      <trkpt lat="39.277827" lon="-9.257602">
        <ele>144.83</ele>
      </trkpt>
      <trkpt lat="39.277824" lon="-9.257724">
        <ele>144.97</ele>
      </trkpt>
      <trkpt lat="39.277807" lon="-9.257848">
        <ele>145</ele>
      </trkpt>
      <trkpt lat="39.277776" lon="-9.257961">
        <ele>145.31</ele>
      </trkpt>
      <trkpt lat="39.277613" lon="-9.258334">
        <ele>144.53</ele>
      </trkpt>
      <trkpt lat="39.277481" lon="-9.258658">
        <ele>143.75</ele>
      </trkpt>
      <trkpt lat="39.277381" lon="-9.258991">
        <ele>142.01</ele>
      </trkpt>
      <trkpt lat="39.276887" lon="-9.260913">
        <ele>134.56</ele>
      </trkpt>
      <trkpt lat="39.276298" lon="-9.263194">
        <ele>137.41</ele>
      </trkpt>
      <trkpt lat="39.276058" lon="-9.264142">
        <ele>137.13</ele>
      </trkpt>
      <trkpt lat="39.275671" lon="-9.265666">
        <ele>140</ele>
      </trkpt>
      <trkpt lat="39.275592" lon="-9.265923">
        <ele>141</ele>
      </trkpt>
      <trkpt lat="39.275559" lon="-9.266005">
        <ele>141</ele>
      </trkpt>
      <trkpt lat="39.275491" lon="-9.266132">
        <ele>141.11</ele>
      </trkpt>
      <trkpt lat="39.275208" lon="-9.266607">
        <ele>138.54</ele>
      </trkpt>
      <trkpt lat="39.274272" lon="-9.26816">
        <ele>137.5</ele>
      </trkpt>
      <trkpt lat="39.273896" lon="-9.268824">
        <ele>135.65</ele>
      </trkpt>
      <trkpt lat="39.273839" lon="-9.26896">
        <ele>134.89</ele>
      </trkpt>
      <trkpt lat="39.273796" lon="-9.269086">
        <ele>134.2</ele>
      </trkpt>
      <trkpt lat="39.273741" lon="-9.269348">
        <ele>133.8</ele>
      </trkpt>
      <trkpt lat="39.27353" lon="-9.270706">
        <ele>131</ele>
      </trkpt>
      <trkpt lat="39.273007" lon="-9.274029">
        <ele>132.02</ele>
      </trkpt>
      <trkpt lat="39.272828" lon="-9.275205">
        <ele>130.2</ele>
      </trkpt>
      <trkpt lat="39.272815" lon="-9.275345">
        <ele>130</ele>
      </trkpt>
      <trkpt lat="39.272822" lon="-9.275475">
        <ele>129.99</ele>
      </trkpt>
      <trkpt lat="39.272846" lon="-9.275577">
        <ele>129.52</ele>
      </trkpt>
      <trkpt lat="39.272876" lon="-9.275665">
        <ele>129</ele>
      </trkpt>
      <trkpt lat="39.272981" lon="-9.275806">
        <ele>129</ele>
      </trkpt>
      <trkpt lat="39.273046" lon="-9.275868">
        <ele>128.49</ele>
      </trkpt>
      <trkpt lat="39.27372" lon="-9.276322">
        <ele>126.03</ele>
      </trkpt>
      <trkpt lat="39.274552" lon="-9.276888">
        <ele>126.8</ele>
      </trkpt>
      <trkpt lat="39.275199" lon="-9.277315">
        <ele>126.88</ele>
      </trkpt>
      <trkpt lat="39.275283" lon="-9.277381">
        <ele>127.1</ele>
      </trkpt>
      <trkpt lat="39.275375" lon="-9.277479">
        <ele>127.15</ele>
      </trkpt>
      <trkpt lat="39.275443" lon="-9.277573">
        <ele>127.16</ele>
      </trkpt>
      <trkpt lat="39.275478" lon="-9.277651">
        <ele>127.31</ele>
      </trkpt>
      <trkpt lat="39.275496" lon="-9.277729">
        <ele>127.28</ele>
      </trkpt>
      <trkpt lat="39.275498" lon="-9.277812">
        <ele>127.12</ele>
      </trkpt>
      <trkpt lat="39.27548" lon="-9.277902">
        <ele>126.8</ele>
      </trkpt>
      <trkpt lat="39.27544" lon="-9.277974">
        <ele>126.03</ele>
      </trkpt>
      <trkpt lat="39.275132" lon="-9.278346">
        <ele>123.89</ele>
      </trkpt>
      <trkpt lat="39.275064" lon="-9.27844">
        <ele>123</ele>
      </trkpt>
      <trkpt lat="39.275009" lon="-9.278536">
        <ele>121.55</ele>
      </trkpt>
      <trkpt lat="39.274983" lon="-9.278603">
        <ele>120.93</ele>
      </trkpt>
      <trkpt lat="39.274972" lon="-9.278682">
        <ele>120.65</ele>
      </trkpt>
      <trkpt lat="39.274976" lon="-9.278802">
        <ele>119.81</ele>
      </trkpt>
      <trkpt lat="39.275099" lon="-9.279395">
        <ele>116.88</ele>
      </trkpt>
      <trkpt lat="39.275108" lon="-9.279495">
        <ele>116.37</ele>
      </trkpt>
      <trkpt lat="39.275106" lon="-9.279594">
        <ele>115.78</ele>
      </trkpt>
      <trkpt lat="39.275086" lon="-9.279719">
        <ele>114.9</ele>
      </trkpt>
      <trkpt lat="39.275055" lon="-9.279841">
        <ele>114.37</ele>
      </trkpt>
      <trkpt lat="39.274876" lon="-9.280376">
        <ele>112.02</ele>
      </trkpt>
      <trkpt lat="39.274817" lon="-9.280488">
        <ele>111.58</ele>
      </trkpt>
      <trkpt lat="39.274782" lon="-9.280534">
        <ele>111.31</ele>
      </trkpt>
      <trkpt lat="39.274711" lon="-9.280597">
        <ele>111</ele>
      </trkpt>
      <trkpt lat="39.274635" lon="-9.280625">
        <ele>111</ele>
      </trkpt>
      <trkpt lat="39.274213" lon="-9.280708">
        <ele>110.45</ele>
      </trkpt>
      <trkpt lat="39.274132" lon="-9.280731">
        <ele>110.25</ele>
      </trkpt>
      <trkpt lat="39.274003" lon="-9.280803">
        <ele>110</ele>
      </trkpt>
      <trkpt lat="39.273953" lon="-9.28086">
        <ele>110.06</ele>
      </trkpt>
      <trkpt lat="39.27391" lon="-9.280926">
        <ele>109.77</ele>
      </trkpt>
      <trkpt lat="39.273853" lon="-9.281034">
        <ele>109.11</ele>
      </trkpt>
      <trkpt lat="39.273098" lon="-9.282726">
        <ele>102.54</ele>
      </trkpt>
      <trkpt lat="39.272153" lon="-9.284893">
        <ele>98.48</ele>
      </trkpt>
      <trkpt lat="39.27136" lon="-9.286707">
        <ele>99.62</ele>
      </trkpt>
      <trkpt lat="39.270855" lon="-9.287858">
        <ele>93.83</ele>
      </trkpt>
      <trkpt lat="39.270603" lon="-9.288434">
        <ele>93.96</ele>
      </trkpt>
      <trkpt lat="39.270522" lon="-9.288644">
        <ele>93.81</ele>
      </trkpt>
      <trkpt lat="39.270486" lon="-9.288763">
        <ele>93.95</ele>
      </trkpt>
      <trkpt lat="39.270462" lon="-9.288882">
        <ele>94</ele>
      </trkpt>
      <trkpt lat="39.270456" lon="-9.288969">
        <ele>94.48</ele>
      </trkpt>
      <trkpt lat="39.270474" lon="-9.289147">
        <ele>95.52</ele>
      </trkpt>
      <trkpt lat="39.270544" lon="-9.289376">
        <ele>96.77</ele>
      </trkpt>
      <trkpt lat="39.270651" lon="-9.289643">
        <ele>97.4</ele>
      </trkpt>
      <trkpt lat="39.270719" lon="-9.289779">
        <ele>98.19</ele>
      </trkpt>
      <trkpt lat="39.270785" lon="-9.28989">
        <ele>98.78</ele>
      </trkpt>
      <trkpt lat="39.270846" lon="-9.289973">
        <ele>99.63</ele>
      </trkpt>
      <trkpt lat="39.27092" lon="-9.29005">
        <ele>100.22</ele>
      </trkpt>
      <trkpt lat="39.271014" lon="-9.290127">
        <ele>100.63</ele>
      </trkpt>
      <trkpt lat="39.272061" lon="-9.290888">
        <ele>106.32</ele>
      </trkpt>
      <trkpt lat="39.272212" lon="-9.29104">
        <ele>107.53</ele>
      </trkpt>
      <trkpt lat="39.272257" lon="-9.291114">
        <ele>108.29</ele>
      </trkpt>
      <trkpt lat="39.272287" lon="-9.291199">
        <ele>108.95</ele>
      </trkpt>
      <trkpt lat="39.272304" lon="-9.29129">
        <ele>109.28</ele>
      </trkpt>
      <trkpt lat="39.272305" lon="-9.291379">
        <ele>109.77</ele>
      </trkpt>
      <trkpt lat="39.272192" lon="-9.292256">
        <ele>112.13</ele>
      </trkpt>
      <trkpt lat="39.272181" lon="-9.292399">
        <ele>112.55</ele>
      </trkpt>
      <trkpt lat="39.272182" lon="-9.29267">
        <ele>113.99</ele>
      </trkpt>
      <trkpt lat="39.272193" lon="-9.292824">
        <ele>114</ele>
      </trkpt>
      <trkpt lat="39.27234" lon="-9.294212">
        <ele>117.96</ele>
      </trkpt>
      <trkpt lat="39.272424" lon="-9.294431">
        <ele>117.54</ele>
      </trkpt>
      <trkpt lat="39.272513" lon="-9.294582">
        <ele>117.87</ele>
      </trkpt>
      <trkpt lat="39.273477" lon="-9.295839">
        <ele>121.7</ele>
      </trkpt>
      <trkpt lat="39.273595" lon="-9.295964">
        <ele>122</ele>
      </trkpt>
      <trkpt lat="39.273691" lon="-9.296043">
        <ele>121.95</ele>
      </trkpt>
      <trkpt lat="39.274099" lon="-9.296342">
        <ele>122.66</ele>
      </trkpt>
      <trkpt lat="39.276434" lon="-9.298021">
        <ele>120.97</ele>
      </trkpt>
      <trkpt lat="39.276471" lon="-9.298056">
        <ele>121</ele>
      </trkpt>
      <trkpt lat="39.27649" lon="-9.298024">
        <ele>121.02</ele>
      </trkpt>
      <trkpt lat="39.276517" lon="-9.298001">
        <ele>121</ele>
      </trkpt>
      <trkpt lat="39.276548" lon="-9.297991">
        <ele>121</ele>
      </trkpt>
      <trkpt lat="39.276579" lon="-9.297993">
        <ele>121</ele>
      </trkpt>
      <trkpt lat="39.276609" lon="-9.298008">
        <ele>121.03</ele>
      </trkpt>
      <trkpt lat="39.276634" lon="-9.298034">
        <ele>121.14</ele>
      </trkpt>
      <trkpt lat="39.276651" lon="-9.298069">
        <ele>121.25</ele>
      </trkpt>
      <trkpt lat="39.276659" lon="-9.298109">
        <ele>121.36</ele>
      </trkpt>
      <trkpt lat="39.276656" lon="-9.29815">
        <ele>121.52</ele>
      </trkpt>
      <trkpt lat="39.276644" lon="-9.298189">
        <ele>121.64</ele>
      </trkpt>
      <trkpt lat="39.276697" lon="-9.298211">
        <ele>121.23</ele>
      </trkpt>
      <trkpt lat="39.276788" lon="-9.298274">
        <ele>121</ele>
      </trkpt>
      <trkpt lat="39.278567" lon="-9.299539">
        <ele>121</ele>
      </trkpt>
      <trkpt lat="39.280142" lon="-9.300677">
        <ele>122.77</ele>
      </trkpt>
      <trkpt lat="39.280142" lon="-9.300677">
        <ele>122.77</ele>
      </trkpt>
      <trkpt lat="39.280408" lon="-9.300836">
        <ele>122.8</ele>
      </trkpt>
      <trkpt lat="39.281163" lon="-9.301228">
        <ele>123.25</ele>
      </trkpt>
      <trkpt lat="39.283032" lon="-9.30217">
        <ele>124.61</ele>
      </trkpt>
      <trkpt lat="39.28435" lon="-9.302842">
        <ele>124.05</ele>
      </trkpt>
      <trkpt lat="39.284487" lon="-9.302921">
        <ele>124.4</ele>
      </trkpt>
      <trkpt lat="39.284888" lon="-9.303205">
        <ele>124.73</ele>
      </trkpt>
      <trkpt lat="39.285366" lon="-9.303593">
        <ele>123.4</ele>
      </trkpt>
      <trkpt lat="39.288791" lon="-9.306321">
        <ele>124.64</ele>
      </trkpt>
      <trkpt lat="39.291136" lon="-9.308172">
        <ele>121.03</ele>
      </trkpt>
      <trkpt lat="39.291908" lon="-9.308789">
        <ele>122.24</ele>
      </trkpt>
      <trkpt lat="39.291908" lon="-9.308789">
        <ele>122.24</ele>
      </trkpt>
      <trkpt lat="39.292104" lon="-9.308997">
        <ele>122.47</ele>
      </trkpt>
      <trkpt lat="39.292205" lon="-9.309137">
        <ele>122.27</ele>
      </trkpt>
      <trkpt lat="39.292379" lon="-9.309428">
        <ele>122.28</ele>
      </trkpt>
      <trkpt lat="39.293715" lon="-9.311735">
        <ele>121.39</ele>
      </trkpt>
      <trkpt lat="39.294349" lon="-9.312826">
        <ele>117</ele>
      </trkpt>
      <trkpt lat="39.295087" lon="-9.314117">
        <ele>115.16</ele>
      </trkpt>
      <trkpt lat="39.295714" lon="-9.315194">
        <ele>114.45</ele>
      </trkpt>
      <trkpt lat="39.295838" lon="-9.315381">
        <ele>114.47</ele>
      </trkpt>
      <trkpt lat="39.295869" lon="-9.315459">
        <ele>114.36</ele>
      </trkpt>
      <trkpt lat="39.29587" lon="-9.315526">
        <ele>114.09</ele>
      </trkpt>
      <trkpt lat="39.295854" lon="-9.315584">
        <ele>114</ele>
      </trkpt>
      <trkpt lat="39.295829" lon="-9.315646">
        <ele>114</ele>
      </trkpt>
      <trkpt lat="39.295792" lon="-9.315695">
        <ele>114</ele>
      </trkpt>
      <trkpt lat="39.29526" lon="-9.315602">
        <ele>114.68</ele>
      </trkpt>
      <trkpt lat="39.294827" lon="-9.315557">
        <ele>114.77</ele>
      </trkpt>
      <trkpt lat="39.294676" lon="-9.315549">
        <ele>113.98</ele>
      </trkpt>
      <trkpt lat="39.294256" lon="-9.315558">
        <ele>112.93</ele>
      </trkpt>
      <trkpt lat="39.293803" lon="-9.315588">
        <ele>111.51</ele>
      </trkpt>
      <trkpt lat="39.293383" lon="-9.315652">
        <ele>109.4</ele>
      </trkpt>
      <trkpt lat="39.293015" lon="-9.315733">
        <ele>107.92</ele>
      </trkpt>
      <trkpt lat="39.29271" lon="-9.315818">
        <ele>106.42</ele>
      </trkpt>
      <trkpt lat="39.29229" lon="-9.315968">
        <ele>105.47</ele>
      </trkpt>
      <trkpt lat="39.292126" lon="-9.316038">
        <ele>104.38</ele>
      </trkpt>
      <trkpt lat="39.291044" lon="-9.316497">
        <ele>97.17</ele>
      </trkpt>
      <trkpt lat="39.290297" lon="-9.316814">
        <ele>97.22</ele>
      </trkpt>
      <trkpt lat="39.288801" lon="-9.317449">
        <ele>90</ele>
      </trkpt>
      <trkpt lat="39.287122" lon="-9.318159">
        <ele>85</ele>
      </trkpt>
      <trkpt lat="39.286048" lon="-9.318614">
        <ele>86.95</ele>
      </trkpt>
      <trkpt lat="39.285242" lon="-9.318954">
        <ele>82.19</ele>
      </trkpt>
      <trkpt lat="39.280534" lon="-9.32095">
        <ele>66.22</ele>
      </trkpt>
      <trkpt lat="39.279314" lon="-9.321467">
        <ele>65.06</ele>
      </trkpt>
      <trkpt lat="39.278477" lon="-9.321824">
        <ele>66.56</ele>
      </trkpt>
      <trkpt lat="39.278191" lon="-9.321944">
        <ele>64.93</ele>
      </trkpt>
      <trkpt lat="39.277373" lon="-9.322474">
        <ele>60.94</ele>
      </trkpt>
      <trkpt lat="39.276209" lon="-9.323324">
        <ele>56.01</ele>
      </trkpt>
      <trkpt lat="39.275361" lon="-9.323944">
        <ele>54.49</ele>
      </trkpt>
      <trkpt lat="39.272977" lon="-9.325685">
        <ele>42.6</ele>
      </trkpt>
      <trkpt lat="39.272627" lon="-9.325846">
        <ele>42.24</ele>
      </trkpt>
      <trkpt lat="39.272301" lon="-9.325872">
        <ele>41.59</ele>
      </trkpt>
      <trkpt lat="39.27203" lon="-9.32577">
        <ele>40.05</ele>
      </trkpt>
      <trkpt lat="39.271076" lon="-9.325276">
        <ele>33.62</ele>
      </trkpt>
      <trkpt lat="39.270122" lon="-9.324781">
        <ele>29.63</ele>
      </trkpt>
      <trkpt lat="39.269861" lon="-9.324685">
        <ele>28.14</ele>
      </trkpt>
      <trkpt lat="39.269646" lon="-9.324678">
        <ele>26.82</ele>
      </trkpt>
      <trkpt lat="39.269408" lon="-9.3247">
        <ele>25.56</ele>
      </trkpt>
      <trkpt lat="39.26906" lon="-9.324799">
        <ele>24.09</ele>
      </trkpt>
      <trkpt lat="39.267935" lon="-9.32512">
        <ele>19.34</ele>
      </trkpt>
      <trkpt lat="39.267714" lon="-9.325217">
        <ele>17.96</ele>
      </trkpt>
      <trkpt lat="39.267524" lon="-9.325345">
        <ele>17.06</ele>
      </trkpt>
      <trkpt lat="39.26736" lon="-9.325486">
        <ele>16.21</ele>
      </trkpt>
      <trkpt lat="39.266563" lon="-9.326306">
        <ele>11.26</ele>
      </trkpt>
      <trkpt lat="39.266122" lon="-9.326806">
        <ele>8.82</ele>
      </trkpt>
      <trkpt lat="39.265901" lon="-9.327041">
        <ele>8.93</ele>
      </trkpt>
      <trkpt lat="39.265502" lon="-9.327395">
        <ele>9.56</ele>
      </trkpt>
      <trkpt lat="39.265374" lon="-9.327547">
        <ele>10.29</ele>
      </trkpt>
      <trkpt lat="39.265263" lon="-9.327629">
        <ele>10.08</ele>
      </trkpt>
      <trkpt lat="39.265126" lon="-9.327702">
        <ele>9.67</ele>
      </trkpt>
      <trkpt lat="39.265026" lon="-9.327745">
        <ele>9.92</ele>
      </trkpt>
      <trkpt lat="39.264928" lon="-9.327759">
        <ele>10.01</ele>
      </trkpt>
      <trkpt lat="39.264722" lon="-9.327766">
        <ele>10</ele>
      </trkpt>
      <trkpt lat="39.264653" lon="-9.32776">
        <ele>10</ele>
      </trkpt>
      <trkpt lat="39.264489" lon="-9.3277">
        <ele>8.67</ele>
      </trkpt>
      <trkpt lat="39.264321" lon="-9.327598">
        <ele>8.72</ele>
      </trkpt>
      <trkpt lat="39.264102" lon="-9.327394">
        <ele>8.66</ele>
      </trkpt>
      <trkpt lat="39.263983" lon="-9.32726">
        <ele>8.36</ele>
      </trkpt>
      <trkpt lat="39.262949" lon="-9.326195">
        <ele>8</ele>
      </trkpt>
      <trkpt lat="39.262932" lon="-9.326168">
        <ele>7.98</ele>
      </trkpt>
      <trkpt lat="39.262483" lon="-9.325773">
        <ele>8.06</ele>
      </trkpt>
      <trkpt lat="39.262311" lon="-9.325675">
        <ele>8.74</ele>
      </trkpt>
      <trkpt lat="39.262009" lon="-9.325589">
        <ele>9.61</ele>
      </trkpt>
      <trkpt lat="39.26186" lon="-9.325574">
        <ele>10.21</ele>
      </trkpt>
      <trkpt lat="39.261709" lon="-9.325586">
        <ele>10.57</ele>
      </trkpt>
      <trkpt lat="39.261589" lon="-9.325607">
        <ele>11.27</ele>
      </trkpt>
      <trkpt lat="39.261411" lon="-9.325661">
        <ele>12.38</ele>
      </trkpt>
      <trkpt lat="39.2613380352581" lon="-9.325693559535367">
        <ele>12.423151187736751</ele>
      </trkpt>
      <trkpt lat="39.261338" lon="-9.325694">
        <ele>12.43</ele>
      </trkpt>
      <trkpt lat="39.261225" lon="-9.325744">
        <ele>12.49</ele>
      </trkpt>
      <trkpt lat="39.260795" lon="-9.32598">
        <ele>14.24</ele>
      </trkpt>
      <trkpt lat="39.260667" lon="-9.326025">
        <ele>14.76</ele>
      </trkpt>
      <trkpt lat="39.260533" lon="-9.326036">
        <ele>15.02</ele>
      </trkpt>
      <trkpt lat="39.26041" lon="-9.326018">
        <ele>15.71</ele>
      </trkpt>
      <trkpt lat="39.260202" lon="-9.32592">
        <ele>15.83</ele>
      </trkpt>
      <trkpt lat="39.259766" lon="-9.325488">
        <ele>17.42</ele>
      </trkpt>
      <trkpt lat="39.259153" lon="-9.324833">
        <ele>17.71</ele>
      </trkpt>
      <trkpt lat="39.258918" lon="-9.324582">
        <ele>17.82</ele>
      </trkpt>
      <trkpt lat="39.258772" lon="-9.324365">
        <ele>17.09</ele>
      </trkpt>
      <trkpt lat="39.258603" lon="-9.323915">
        <ele>15.67</ele>
      </trkpt>
      <trkpt lat="39.258449" lon="-9.323466">
        <ele>14.26</ele>
      </trkpt>
      <trkpt lat="39.258449" lon="-9.323466">
        <ele>14.26</ele>
      </trkpt>
      <trkpt lat="39.258382" lon="-9.323231">
        <ele>14.74</ele>
      </trkpt>
      <trkpt lat="39.258356" lon="-9.322975">
        <ele>14.95</ele>
      </trkpt>
      <trkpt lat="39.258389" lon="-9.322739">
        <ele>15.21</ele>
      </trkpt>
      <trkpt lat="39.258395" lon="-9.322502">
        <ele>14.32</ele>
      </trkpt>
      <trkpt lat="39.258385" lon="-9.322432">
        <ele>13.58</ele>
      </trkpt>
      <trkpt lat="39.258351" lon="-9.322316">
        <ele>12.85</ele>
      </trkpt>
      <trkpt lat="39.258256" lon="-9.322173">
        <ele>12.26</ele>
      </trkpt>
      <trkpt lat="39.258144" lon="-9.32208">
        <ele>12.39</ele>
      </trkpt>
      <trkpt lat="39.258033" lon="-9.322029">
        <ele>12.61</ele>
      </trkpt>
      <trkpt lat="39.257667" lon="-9.321919">
        <ele>13.57</ele>
      </trkpt>
      <trkpt lat="39.257466" lon="-9.321731">
        <ele>15.11</ele>
      </trkpt>
      <trkpt lat="39.25712" lon="-9.321302">
        <ele>13.98</ele>
      </trkpt>
      <trkpt lat="39.256937" lon="-9.320974">
        <ele>14.78</ele>
      </trkpt>
      <trkpt lat="39.256266" lon="-9.319584">
        <ele>13.96</ele>
      </trkpt>
      <trkpt lat="39.256163" lon="-9.3194">
        <ele>13.69</ele>
      </trkpt>
      <trkpt lat="39.256071" lon="-9.319286">
        <ele>13.83</ele>
      </trkpt>
      <trkpt lat="39.255931" lon="-9.319162">
        <ele>14.67</ele>
      </trkpt>
      <trkpt lat="39.255675" lon="-9.319073">
        <ele>14.32</ele>
      </trkpt>
      <trkpt lat="39.255235" lon="-9.318968">
        <ele>13.8</ele>
      </trkpt>
      <trkpt lat="39.255079" lon="-9.318883">
        <ele>13.56</ele>
      </trkpt>
      <trkpt lat="39.254951" lon="-9.31879">
        <ele>13.72</ele>
      </trkpt>
      <trkpt lat="39.254244" lon="-9.317908">
        <ele>14.14</ele>
      </trkpt>
      <trkpt lat="39.253233" lon="-9.316589">
        <ele>9.96</ele>
      </trkpt>
      <trkpt lat="39.252269" lon="-9.315331">
        <ele>12.82</ele>
      </trkpt>
      <trkpt lat="39.252167" lon="-9.31522">
        <ele>12.83</ele>
      </trkpt>
      <trkpt lat="39.25174" lon="-9.314906">
        <ele>12.22</ele>
      </trkpt>
      <trkpt lat="39.251493" lon="-9.314735">
        <ele>12.87</ele>
      </trkpt>
      <trkpt lat="39.251406" lon="-9.314662">
        <ele>13.29</ele>
      </trkpt>
      <trkpt lat="39.25125" lon="-9.314451">
        <ele>13.57</ele>
      </trkpt>
      <trkpt lat="39.251036" lon="-9.314101">
        <ele>12</ele>
      </trkpt>
      <trkpt lat="39.250956" lon="-9.31402">
        <ele>11.92</ele>
      </trkpt>
      <trkpt lat="39.250835" lon="-9.313934">
        <ele>12.19</ele>
      </trkpt>
      <trkpt lat="39.250798" lon="-9.31393">
        <ele>12.31</ele>
      </trkpt>
      <trkpt lat="39.250763" lon="-9.313914">
        <ele>12.41</ele>
      </trkpt>
      <trkpt lat="39.250732" lon="-9.313887">
        <ele>12.18</ele>
      </trkpt>
      <trkpt lat="39.250707" lon="-9.313851">
        <ele>11.99</ele>
      </trkpt>
      <trkpt lat="39.25069" lon="-9.313808">
        <ele>11.77</ele>
      </trkpt>
      <trkpt lat="39.250683" lon="-9.313717">
        <ele>11.48</ele>
      </trkpt>
      <trkpt lat="39.250642" lon="-9.313537">
        <ele>11.04</ele>
      </trkpt>
      <trkpt lat="39.250595" lon="-9.313415">
        <ele>11.27</ele>
      </trkpt>
      <trkpt lat="39.250449" lon="-9.313175">
        <ele>11</ele>
      </trkpt>
      <trkpt lat="39.25034" lon="-9.313013">
        <ele>12.13</ele>
      </trkpt>
      <trkpt lat="39.250181" lon="-9.31283">
        <ele>11.38</ele>
      </trkpt>
      <trkpt lat="39.250103" lon="-9.312766">
        <ele>11</ele>
      </trkpt>
      <trkpt lat="39.249909" lon="-9.31264">
        <ele>10.49</ele>
      </trkpt>
      <trkpt lat="39.249857" lon="-9.312597">
        <ele>10.3</ele>
      </trkpt>
      <trkpt lat="39.249613" lon="-9.312499">
        <ele>11.2</ele>
      </trkpt>
      <trkpt lat="39.24949" lon="-9.312465">
        <ele>11.27</ele>
      </trkpt>
      <trkpt lat="39.249353" lon="-9.31244">
        <ele>11.18</ele>
      </trkpt>
      <trkpt lat="39.249185" lon="-9.312423">
        <ele>10.45</ele>
      </trkpt>
      <trkpt lat="39.248986" lon="-9.312431">
        <ele>10.3</ele>
      </trkpt>
      <trkpt lat="39.248383" lon="-9.312523">
        <ele>9.05</ele>
      </trkpt>
      <trkpt lat="39.24838" lon="-9.312555">
        <ele>9.03</ele>
      </trkpt>
      <trkpt lat="39.248352" lon="-9.312608">
        <ele>9</ele>
      </trkpt>
      <trkpt lat="39.248305" lon="-9.312628">
        <ele>9</ele>
      </trkpt>
      <trkpt lat="39.24828" lon="-9.312623">
        <ele>9</ele>
      </trkpt>
      <trkpt lat="39.248241" lon="-9.312583">
        <ele>9</ele>
      </trkpt>
      <trkpt lat="39.248231" lon="-9.312554">
        <ele>9</ele>
      </trkpt>
      <trkpt lat="39.247528" lon="-9.312737">
        <ele>9</ele>
      </trkpt>
      <trkpt lat="39.246777" lon="-9.312894">
        <ele>9</ele>
      </trkpt>
      <trkpt lat="39.246572" lon="-9.312898">
        <ele>8.79</ele>
      </trkpt>
      <trkpt lat="39.24648" lon="-9.312899">
        <ele>8.69</ele>
      </trkpt>
      <trkpt lat="39.246468" lon="-9.312928">
        <ele>8.84</ele>
      </trkpt>
      <trkpt lat="39.246425" lon="-9.312961">
        <ele>8.99</ele>
      </trkpt>
      <trkpt lat="39.2464" lon="-9.312962">
        <ele>8.99</ele>
      </trkpt>
      <trkpt lat="39.246356" lon="-9.312933">
        <ele>9</ele>
      </trkpt>
      <trkpt lat="39.246337" lon="-9.312874">
        <ele>9</ele>
      </trkpt>
      <trkpt lat="39.246347" lon="-9.312819">
        <ele>9</ele>
      </trkpt>
      <trkpt lat="39.246045" lon="-9.312417">
        <ele>8.7</ele>
      </trkpt>
      <trkpt lat="39.245904" lon="-9.312278">
        <ele>8.53</ele>
      </trkpt>
      <trkpt lat="39.245499" lon="-9.311817">
        <ele>8.7</ele>
      </trkpt>
      <trkpt lat="39.245227" lon="-9.311356">
        <ele>8.72</ele>
      </trkpt>
      <trkpt lat="39.244909" lon="-9.310919">
        <ele>9</ele>
      </trkpt>
      <trkpt lat="39.244631" lon="-9.310669">
        <ele>9.03</ele>
      </trkpt>
      <trkpt lat="39.244453" lon="-9.310568">
        <ele>9.55</ele>
      </trkpt>
      <trkpt lat="39.244335" lon="-9.310517">
        <ele>8.83</ele>
      </trkpt>
      <trkpt lat="39.243393" lon="-9.310052">
        <ele>10</ele>
      </trkpt>
      <trkpt lat="39.2429" lon="-9.309766">
        <ele>9.44</ele>
      </trkpt>
      <trkpt lat="39.242381" lon="-9.309462">
        <ele>10.98</ele>
      </trkpt>
      <trkpt lat="39.242132" lon="-9.309264">
        <ele>10.92</ele>
      </trkpt>
      <trkpt lat="39.242095" lon="-9.309302">
        <ele>11.04</ele>
      </trkpt>
      <trkpt lat="39.24205" lon="-9.309323">
        <ele>11.09</ele>
      </trkpt>
      <trkpt lat="39.242002" lon="-9.309322">
        <ele>11.15</ele>
      </trkpt>
      <trkpt lat="39.241957" lon="-9.309301">
        <ele>11.26</ele>
      </trkpt>
      <trkpt lat="39.241922" lon="-9.309265">
        <ele>11.3</ele>
      </trkpt>
      <trkpt lat="39.241897" lon="-9.309216">
        <ele>11.32</ele>
      </trkpt>
      <trkpt lat="39.241886" lon="-9.30916">
        <ele>11.27</ele>
      </trkpt>
      <trkpt lat="39.241889" lon="-9.309102">
        <ele>11.18</ele>
      </trkpt>
      <trkpt lat="39.241906" lon="-9.309048">
        <ele>11.1</ele>
      </trkpt>
      <trkpt lat="39.241585" lon="-9.308819">
        <ele>11.11</ele>
      </trkpt>
      <trkpt lat="39.241459" lon="-9.308773">
        <ele>11.04</ele>
      </trkpt>
      <trkpt lat="39.24137" lon="-9.308763">
        <ele>11.01</ele>
      </trkpt>
      <trkpt lat="39.241345" lon="-9.308761">
        <ele>11</ele>
      </trkpt>
      <trkpt lat="39.241221" lon="-9.308787">
        <ele>10.8</ele>
      </trkpt>
      <trkpt lat="39.24112" lon="-9.308851">
        <ele>10.92</ele>
      </trkpt>
      <trkpt lat="39.240956" lon="-9.308991">
        <ele>10.71</ele>
      </trkpt>
      <trkpt lat="39.240548" lon="-9.309482">
        <ele>10.19</ele>
      </trkpt>
      <trkpt lat="39.24037" lon="-9.309706">
        <ele>11</ele>
      </trkpt>
      <trkpt lat="39.240227" lon="-9.309856">
        <ele>11.93</ele>
      </trkpt>
      <trkpt lat="39.239998" lon="-9.310055">
        <ele>13.06</ele>
      </trkpt>
      <trkpt lat="39.239855" lon="-9.310153">
        <ele>13.98</ele>
      </trkpt>
      <trkpt lat="39.239635" lon="-9.310261">
        <ele>15.16</ele>
      </trkpt>
      <trkpt lat="39.239522" lon="-9.310297">
        <ele>15.71</ele>
      </trkpt>
      <trkpt lat="39.239499" lon="-9.310339">
        <ele>15.89</ele>
      </trkpt>
      <trkpt lat="39.239466" lon="-9.31037">
        <ele>15.99</ele>
      </trkpt>
      <trkpt lat="39.239427" lon="-9.310385">
        <ele>16.15</ele>
      </trkpt>
      <trkpt lat="39.239385" lon="-9.310382">
        <ele>16.46</ele>
      </trkpt>
      <trkpt lat="39.239346" lon="-9.31036">
        <ele>16.65</ele>
      </trkpt>
      <trkpt lat="39.239211" lon="-9.310345">
        <ele>16.76</ele>
      </trkpt>
      <trkpt lat="39.239067" lon="-9.310389">
        <ele>17.01</ele>
      </trkpt>
      <trkpt lat="39.238799" lon="-9.310437">
        <ele>18</ele>
      </trkpt>
      <trkpt lat="39.238545" lon="-9.3105">
        <ele>18.51</ele>
      </trkpt>
      <trkpt lat="39.238217" lon="-9.310586">
        <ele>19.36</ele>
      </trkpt>
      <trkpt lat="39.237982" lon="-9.310658">
        <ele>20</ele>
      </trkpt>
      <trkpt lat="39.23796" lon="-9.310709">
        <ele>20.17</ele>
      </trkpt>
      <trkpt lat="39.23794" lon="-9.310726">
        <ele>20.31</ele>
      </trkpt>
      <trkpt lat="39.237889" lon="-9.31091">
        <ele>21</ele>
      </trkpt>
      <trkpt lat="39.237872" lon="-9.311008">
        <ele>21</ele>
      </trkpt>
      <trkpt lat="39.237895" lon="-9.311202">
        <ele>21</ele>
      </trkpt>
      <trkpt lat="39.237977" lon="-9.311578">
        <ele>21</ele>
      </trkpt>
      <trkpt lat="39.238092" lon="-9.311852">
        <ele>21</ele>
      </trkpt>
      <trkpt lat="39.238579" lon="-9.312752">
        <ele>18.24</ele>
      </trkpt>
      <trkpt lat="39.238598" lon="-9.312835">
        <ele>17.85</ele>
      </trkpt>
      <trkpt lat="39.238583" lon="-9.312873">
        <ele>17.76</ele>
      </trkpt>
      <trkpt lat="39.238559" lon="-9.312897">
        <ele>17.8</ele>
      </trkpt>
      <trkpt lat="39.238489" lon="-9.3129">
        <ele>18</ele>
      </trkpt>
      <trkpt lat="39.237838" lon="-9.312792">
        <ele>19.94</ele>
      </trkpt>
      <trkpt lat="39.237227" lon="-9.312678">
        <ele>20.9</ele>
      </trkpt>
      <trkpt lat="39.2359" lon="-9.312847">
        <ele>17.93</ele>
      </trkpt>
      <trkpt lat="39.235645" lon="-9.312917">
        <ele>16.85</ele>
      </trkpt>
      <trkpt lat="39.235076" lon="-9.31315">
        <ele>16</ele>
      </trkpt>
      <trkpt lat="39.234806" lon="-9.313354">
        <ele>16.96</ele>
      </trkpt>
      <trkpt lat="39.234647" lon="-9.313483">
        <ele>15.04</ele>
      </trkpt>
      <trkpt lat="39.234558" lon="-9.313554">
        <ele>16.12</ele>
      </trkpt>
      <trkpt lat="39.234463" lon="-9.313601">
        <ele>16.69</ele>
      </trkpt>
      <trkpt lat="39.234358" lon="-9.31363">
        <ele>16.86</ele>
      </trkpt>
      <trkpt lat="39.234263" lon="-9.31364">
        <ele>16.92</ele>
      </trkpt>
      <trkpt lat="39.234052" lon="-9.31361">
        <ele>16</ele>
      </trkpt>
      <trkpt lat="39.23367" lon="-9.313496">
        <ele>16</ele>
      </trkpt>
      <trkpt lat="39.233397" lon="-9.313399">
        <ele>16</ele>
      </trkpt>
      <trkpt lat="39.232021" lon="-9.312729">
        <ele>17.45</ele>
      </trkpt>
      <trkpt lat="39.231751" lon="-9.312605">
        <ele>18.17</ele>
      </trkpt>
      <trkpt lat="39.231107" lon="-9.312459">
        <ele>20.35</ele>
      </trkpt>
      <trkpt lat="39.230837" lon="-9.312317">
        <ele>21.49</ele>
      </trkpt>
      <trkpt lat="39.230335" lon="-9.312016">
        <ele>24.96</ele>
      </trkpt>
      <trkpt lat="39.229764" lon="-9.311783">
        <ele>28.96</ele>
      </trkpt>
      <trkpt lat="39.229155" lon="-9.311709">
        <ele>30.56</ele>
      </trkpt>
      <trkpt lat="39.228868" lon="-9.311752">
        <ele>32</ele>
      </trkpt>
      <trkpt lat="39.228479" lon="-9.311875">
        <ele>33</ele>
      </trkpt>
      <trkpt lat="39.228185" lon="-9.311989">
        <ele>34.17</ele>
      </trkpt>
      <trkpt lat="39.227923" lon="-9.312111">
        <ele>35.03</ele>
      </trkpt>
      <trkpt lat="39.227457" lon="-9.312449">
        <ele>38.99</ele>
      </trkpt>
      <trkpt lat="39.226938" lon="-9.312853">
        <ele>41.93</ele>
      </trkpt>
      <trkpt lat="39.226617" lon="-9.313132">
        <ele>41.99</ele>
      </trkpt>
      <trkpt lat="39.226442" lon="-9.313267">
        <ele>41.25</ele>
      </trkpt>
      <trkpt lat="39.22629" lon="-9.313355">
        <ele>40.54</ele>
      </trkpt>
      <trkpt lat="39.226049" lon="-9.313447">
        <ele>37.7</ele>
      </trkpt>
      <trkpt lat="39.225531" lon="-9.313609">
        <ele>33.88</ele>
      </trkpt>
      <trkpt lat="39.225378" lon="-9.313635">
        <ele>33.29</ele>
      </trkpt>
      <trkpt lat="39.225238" lon="-9.313618">
        <ele>32.79</ele>
      </trkpt>
      <trkpt lat="39.224948" lon="-9.313558">
        <ele>34.73</ele>
      </trkpt>
      <trkpt lat="39.224847" lon="-9.313546">
        <ele>36.18</ele>
      </trkpt>
      <trkpt lat="39.224722" lon="-9.313574">
        <ele>37.77</ele>
      </trkpt>
      <trkpt lat="39.224571" lon="-9.313676">
        <ele>39.23</ele>
      </trkpt>
      <trkpt lat="39.224516" lon="-9.313723">
        <ele>39.71</ele>
      </trkpt>
      <trkpt lat="39.224368" lon="-9.31394">
        <ele>40.97</ele>
      </trkpt>
      <trkpt lat="39.224085" lon="-9.314403">
        <ele>44.11</ele>
      </trkpt>
      <trkpt lat="39.223985" lon="-9.314504">
        <ele>45.01</ele>
      </trkpt>
      <trkpt lat="39.223888" lon="-9.314572">
        <ele>46.05</ele>
      </trkpt>
      <trkpt lat="39.222595" lon="-9.315281">
        <ele>57.98</ele>
      </trkpt>
      <trkpt lat="39.222368" lon="-9.315467">
        <ele>60.3</ele>
      </trkpt>
      <trkpt lat="39.22198" lon="-9.31581">
        <ele>64.69</ele>
      </trkpt>
      <trkpt lat="39.221911" lon="-9.315898">
        <ele>65.64</ele>
      </trkpt>
      <trkpt lat="39.221402" lon="-9.317252">
        <ele>72.44</ele>
      </trkpt>
      <trkpt lat="39.220759" lon="-9.318381">
        <ele>76.62</ele>
      </trkpt>
      <trkpt lat="39.220283" lon="-9.319194">
        <ele>81.81</ele>
      </trkpt>
      <trkpt lat="39.220183" lon="-9.319304">
        <ele>82.77</ele>
      </trkpt>
      <trkpt lat="39.220044" lon="-9.319423">
        <ele>84.46</ele>
      </trkpt>
      <trkpt lat="39.219895" lon="-9.319526">
        <ele>85.89</ele>
      </trkpt>
      <trkpt lat="39.219626" lon="-9.319693">
        <ele>88.88</ele>
      </trkpt>
      <trkpt lat="39.219513" lon="-9.31979">
        <ele>90.08</ele>
      </trkpt>
      <trkpt lat="39.219199" lon="-9.320162">
        <ele>92.98</ele>
      </trkpt>
      <trkpt lat="39.219049" lon="-9.320302">
        <ele>94.07</ele>
      </trkpt>
      <trkpt lat="39.218843" lon="-9.320452">
        <ele>95.99</ele>
      </trkpt>
      <trkpt lat="39.218571" lon="-9.320569">
        <ele>97.69</ele>
      </trkpt>
      <trkpt lat="39.217018" lon="-9.3211">
        <ele>109.39</ele>
      </trkpt>
      <trkpt lat="39.21555" lon="-9.321599">
        <ele>115.19</ele>
      </trkpt>
      <trkpt lat="39.21543" lon="-9.321632">
        <ele>115.38</ele>
      </trkpt>
      <trkpt lat="39.215298" lon="-9.321649">
        <ele>115.48</ele>
      </trkpt>
      <trkpt lat="39.21517" lon="-9.321649">
        <ele>115.59</ele>
      </trkpt>
      <trkpt lat="39.215073" lon="-9.321615">
        <ele>115.95</ele>
      </trkpt>
      <trkpt lat="39.214978" lon="-9.321554">
        <ele>116</ele>
      </trkpt>
      <trkpt lat="39.213431" lon="-9.320426">
        <ele>122.37</ele>
      </trkpt>
      <trkpt lat="39.21291" lon="-9.320031">
        <ele>123.01</ele>
      </trkpt>
      <trkpt lat="39.212415" lon="-9.319678">
        <ele>124.88</ele>
      </trkpt>
      <trkpt lat="39.211266" lon="-9.318831">
        <ele>125.05</ele>
      </trkpt>
      <trkpt lat="39.210945" lon="-9.318616">
        <ele>126.05</ele>
      </trkpt>
      <trkpt lat="39.210915" lon="-9.318596">
        <ele>126.14</ele>
      </trkpt>
      <trkpt lat="39.210839" lon="-9.318589">
        <ele>126.71</ele>
      </trkpt>
      <trkpt lat="39.210767" lon="-9.318622">
        <ele>127.22</ele>
      </trkpt>
      <trkpt lat="39.210591" lon="-9.318777">
        <ele>128</ele>
      </trkpt>
      <trkpt lat="39.210119" lon="-9.319477">
        <ele>129.98</ele>
      </trkpt>
      <trkpt lat="39.210071" lon="-9.319572">
        <ele>130.41</ele>
      </trkpt>
      <trkpt lat="39.209778" lon="-9.320356">
        <ele>130.62</ele>
      </trkpt>
      <trkpt lat="39.20971" lon="-9.320511">
        <ele>130.71</ele>
      </trkpt>
      <trkpt lat="39.209575" lon="-9.32075">
        <ele>130.01</ele>
      </trkpt>
      <trkpt lat="39.209461" lon="-9.320886">
        <ele>129</ele>
      </trkpt>
      <trkpt lat="39.208215" lon="-9.322143">
        <ele>124.96</ele>
      </trkpt>
      <trkpt lat="39.207641" lon="-9.322631">
        <ele>119.86</ele>
      </trkpt>
      <trkpt lat="39.207216" lon="-9.323056">
        <ele>117.04</ele>
      </trkpt>
      <trkpt lat="39.207015" lon="-9.32318">
        <ele>116.84</ele>
      </trkpt>
      <trkpt lat="39.206509" lon="-9.32336">
        <ele>116</ele>
      </trkpt>
      <trkpt lat="39.206386" lon="-9.323441">
        <ele>115.99</ele>
      </trkpt>
      <trkpt lat="39.206316" lon="-9.323539">
        <ele>116</ele>
      </trkpt>
      <trkpt lat="39.206216" lon="-9.3237">
        <ele>115.59</ele>
      </trkpt>
      <trkpt lat="39.206128" lon="-9.323878">
        <ele>115</ele>
      </trkpt>
      <trkpt lat="39.205646" lon="-9.325084">
        <ele>114.85</ele>
      </trkpt>
      <trkpt lat="39.205545" lon="-9.325297">
        <ele>114.61</ele>
      </trkpt>
      <trkpt lat="39.205446" lon="-9.325455">
        <ele>115</ele>
      </trkpt>
      <trkpt lat="39.205332" lon="-9.325594">
        <ele>115.42</ele>
      </trkpt>
      <trkpt lat="39.204743" lon="-9.326201">
        <ele>116.52</ele>
      </trkpt>
      <trkpt lat="39.20435" lon="-9.326623">
        <ele>117</ele>
      </trkpt>
      <trkpt lat="39.20383" lon="-9.327128">
        <ele>117.47</ele>
      </trkpt>
      <trkpt lat="39.203596" lon="-9.327314">
        <ele>117.06</ele>
      </trkpt>
      <trkpt lat="39.203293" lon="-9.327592">
        <ele>117.32</ele>
      </trkpt>
      <trkpt lat="39.203131" lon="-9.327764">
        <ele>117</ele>
      </trkpt>
      <trkpt lat="39.20303" lon="-9.327912">
        <ele>117.03</ele>
      </trkpt>
      <trkpt lat="39.202872" lon="-9.328208">
        <ele>117</ele>
      </trkpt>
      <trkpt lat="39.202682" lon="-9.328653">
        <ele>116.88</ele>
      </trkpt>
      <trkpt lat="39.202359" lon="-9.329187">
        <ele>117</ele>
      </trkpt>
      <trkpt lat="39.202078" lon="-9.329634">
        <ele>117.44</ele>
      </trkpt>
      <trkpt lat="39.201986" lon="-9.329891">
        <ele>118</ele>
      </trkpt>
      <trkpt lat="39.201955" lon="-9.330021">
        <ele>118.06</ele>
      </trkpt>
      <trkpt lat="39.201938" lon="-9.330233">
        <ele>118.69</ele>
      </trkpt>
      <trkpt lat="39.201928" lon="-9.330566">
        <ele>119</ele>
      </trkpt>
      <trkpt lat="39.201879" lon="-9.330757">
        <ele>118.97</ele>
      </trkpt>
      <trkpt lat="39.201832" lon="-9.330883">
        <ele>118.88</ele>
      </trkpt>
      <trkpt lat="39.201699" lon="-9.331043">
        <ele>119</ele>
      </trkpt>
      <trkpt lat="39.201521" lon="-9.331196">
        <ele>119</ele>
      </trkpt>
      <trkpt lat="39.201197" lon="-9.331453">
        <ele>120</ele>
      </trkpt>
      <trkpt lat="39.200712" lon="-9.331939">
        <ele>120</ele>
      </trkpt>
      <trkpt lat="39.200333" lon="-9.332379">
        <ele>119.13</ele>
      </trkpt>
      <trkpt lat="39.199191" lon="-9.333301">
        <ele>118.2</ele>
      </trkpt>
      <trkpt lat="39.198944" lon="-9.333444">
        <ele>118</ele>
      </trkpt>
      <trkpt lat="39.198438" lon="-9.333608">
        <ele>116.99</ele>
      </trkpt>
      <trkpt lat="39.198317" lon="-9.333658">
        <ele>116.23</ele>
      </trkpt>
      <trkpt lat="39.197997" lon="-9.333911">
        <ele>115.94</ele>
      </trkpt>
      <trkpt lat="39.197323" lon="-9.334492">
        <ele>113</ele>
      </trkpt>
      <trkpt lat="39.197039" lon="-9.334846">
        <ele>112</ele>
      </trkpt>
      <trkpt lat="39.196926" lon="-9.334947">
        <ele>112</ele>
      </trkpt>
      <trkpt lat="39.196764" lon="-9.335032">
        <ele>112</ele>
      </trkpt>
      <trkpt lat="39.19656" lon="-9.335102">
        <ele>111.75</ele>
      </trkpt>
      <trkpt lat="39.196368" lon="-9.335148">
        <ele>111.69</ele>
      </trkpt>
      <trkpt lat="39.196238" lon="-9.335163">
        <ele>111.09</ele>
      </trkpt>
      <trkpt lat="39.196108" lon="-9.335158">
        <ele>111.05</ele>
      </trkpt>
      <trkpt lat="39.195885" lon="-9.335149">
        <ele>110.97</ele>
      </trkpt>
      <trkpt lat="39.195244" lon="-9.335103">
        <ele>106.28</ele>
      </trkpt>
      <trkpt lat="39.195082" lon="-9.33507">
        <ele>105.54</ele>
      </trkpt>
      <trkpt lat="39.194889" lon="-9.335002">
        <ele>103.7</ele>
      </trkpt>
      <trkpt lat="39.194032" lon="-9.334618">
        <ele>98.02</ele>
      </trkpt>
      <trkpt lat="39.193567" lon="-9.334394">
        <ele>96</ele>
      </trkpt>
      <trkpt lat="39.192636" lon="-9.333946">
        <ele>94.98</ele>
      </trkpt>
      <trkpt lat="39.192496" lon="-9.333867">
        <ele>94.34</ele>
      </trkpt>
      <trkpt lat="39.192371" lon="-9.333767">
        <ele>93.94</ele>
      </trkpt>
      <trkpt lat="39.192263" lon="-9.333649">
        <ele>93.25</ele>
      </trkpt>
      <trkpt lat="39.19162" lon="-9.332694">
        <ele>91.73</ele>
      </trkpt>
      <trkpt lat="39.191439" lon="-9.332407">
        <ele>91</ele>
      </trkpt>
      <trkpt lat="39.190999" lon="-9.331746">
        <ele>89.33</ele>
      </trkpt>
      <trkpt lat="39.190892" lon="-9.331613">
        <ele>89.22</ele>
      </trkpt>
      <trkpt lat="39.190787" lon="-9.331503">
        <ele>89.07</ele>
      </trkpt>
      <trkpt lat="39.189945" lon="-9.330882">
        <ele>86.29</ele>
      </trkpt>
      <trkpt lat="39.189759" lon="-9.330764">
        <ele>85.18</ele>
      </trkpt>
      <trkpt lat="39.189497" lon="-9.33063">
        <ele>84.47</ele>
      </trkpt>
      <trkpt lat="39.189435" lon="-9.330624">
        <ele>84.04</ele>
      </trkpt>
      <trkpt lat="39.189283" lon="-9.330655">
        <ele>83.16</ele>
      </trkpt>
      <trkpt lat="39.188968" lon="-9.330792">
        <ele>80.72</ele>
      </trkpt>
      <trkpt lat="39.188803" lon="-9.330894">
        <ele>78.52</ele>
      </trkpt>
      <trkpt lat="39.18859" lon="-9.330982">
        <ele>75.38</ele>
      </trkpt>
      <trkpt lat="39.187988" lon="-9.331139">
        <ele>68.13</ele>
      </trkpt>
      <trkpt lat="39.187679" lon="-9.331161">
        <ele>64.03</ele>
      </trkpt>
      <trkpt lat="39.187511" lon="-9.331162">
        <ele>61.58</ele>
      </trkpt>
      <trkpt lat="39.187293" lon="-9.331136">
        <ele>59.36</ele>
      </trkpt>
      <trkpt lat="39.187159" lon="-9.331096">
        <ele>57.68</ele>
      </trkpt>
      <trkpt lat="39.186667" lon="-9.330878">
        <ele>51.61</ele>
      </trkpt>
      <trkpt lat="39.18656" lon="-9.330854">
        <ele>50.28</ele>
      </trkpt>
      <trkpt lat="39.186464" lon="-9.330845">
        <ele>49.47</ele>
      </trkpt>
      <trkpt lat="39.185839" lon="-9.330868">
        <ele>42.57</ele>
      </trkpt>
      <trkpt lat="39.185482" lon="-9.330869">
        <ele>38.97</ele>
      </trkpt>
      <trkpt lat="39.185405" lon="-9.330861">
        <ele>38.43</ele>
      </trkpt>
      <trkpt lat="39.185296" lon="-9.330832">
        <ele>37.66</ele>
      </trkpt>
      <trkpt lat="39.184847" lon="-9.330601">
        <ele>33.06</ele>
      </trkpt>
      <trkpt lat="39.184312" lon="-9.330342">
        <ele>27.55</ele>
      </trkpt>
      <trkpt lat="39.183638" lon="-9.33">
        <ele>24.14</ele>
      </trkpt>
      <trkpt lat="39.183529" lon="-9.329953">
        <ele>23.62</ele>
      </trkpt>
      <trkpt lat="39.1832" lon="-9.329863">
        <ele>20.37</ele>
      </trkpt>
      <trkpt lat="39.183024" lon="-9.329804">
        <ele>17.61</ele>
      </trkpt>
      <trkpt lat="39.183016" lon="-9.329819">
        <ele>17.55</ele>
      </trkpt>
      <trkpt lat="39.18299" lon="-9.329836">
        <ele>17.8</ele>
      </trkpt>
      <trkpt lat="39.182976" lon="-9.329835">
        <ele>17.67</ele>
      </trkpt>
      <trkpt lat="39.182951" lon="-9.329817">
        <ele>17.07</ele>
      </trkpt>
      <trkpt lat="39.182684" lon="-9.330049">
        <ele>17.88</ele>
      </trkpt>
      <trkpt lat="39.182421" lon="-9.330282">
        <ele>15.09</ele>
      </trkpt>
      <trkpt lat="39.182377" lon="-9.330352">
        <ele>14.5</ele>
      </trkpt>
      <trkpt lat="39.182359" lon="-9.330446">
        <ele>14.03</ele>
      </trkpt>
      <trkpt lat="39.182383" lon="-9.330798">
        <ele>11.87</ele>
      </trkpt>
      <trkpt lat="39.182373" lon="-9.330912">
        <ele>11.73</ele>
      </trkpt>
      <trkpt lat="39.182332" lon="-9.331065">
        <ele>11.65</ele>
      </trkpt>
      <trkpt lat="39.182272" lon="-9.331175">
        <ele>11.87</ele>
      </trkpt>
      <trkpt lat="39.181891" lon="-9.331638">
        <ele>18.61</ele>
      </trkpt>
      <trkpt lat="39.181767" lon="-9.331864">
        <ele>21.32</ele>
      </trkpt>
      <trkpt lat="39.181697" lon="-9.332085">
        <ele>23.92</ele>
      </trkpt>
      <trkpt lat="39.18162" lon="-9.332495">
        <ele>26.59</ele>
      </trkpt>
      <trkpt lat="39.181515" lon="-9.333047">
        <ele>32.74</ele>
      </trkpt>
      <trkpt lat="39.181487" lon="-9.333143">
        <ele>33.6</ele>
      </trkpt>
      <trkpt lat="39.181207" lon="-9.333776">
        <ele>37.96</ele>
      </trkpt>
      <trkpt lat="39.1811" lon="-9.334037">
        <ele>38.98</ele>
      </trkpt>
      <trkpt lat="39.180938" lon="-9.334507">
        <ele>41.73</ele>
      </trkpt>
      <trkpt lat="39.180782" lon="-9.33506">
        <ele>45.06</ele>
      </trkpt>
      <trkpt lat="39.180738" lon="-9.335275">
        <ele>45.27</ele>
      </trkpt>
      <trkpt lat="39.180731" lon="-9.33547">
        <ele>44.91</ele>
      </trkpt>
      <trkpt lat="39.180749" lon="-9.33572">
        <ele>45.24</ele>
      </trkpt>
      <trkpt lat="39.180743" lon="-9.335837">
        <ele>45.49</ele>
      </trkpt>
      <trkpt lat="39.180652" lon="-9.336693">
        <ele>47.48</ele>
      </trkpt>
      <trkpt lat="39.180648" lon="-9.337705">
        <ele>48.41</ele>
      </trkpt>
      <trkpt lat="39.180641" lon="-9.33789">
        <ele>48.23</ele>
      </trkpt>
      <trkpt lat="39.18062" lon="-9.338014">
        <ele>48.37</ele>
      </trkpt>
      <trkpt lat="39.180576" lon="-9.338149">
        <ele>48.49</ele>
      </trkpt>
      <trkpt lat="39.180507" lon="-9.338278">
        <ele>48.47</ele>
      </trkpt>
      <trkpt lat="39.180186" lon="-9.338683">
        <ele>45.33</ele>
      </trkpt>
      <trkpt lat="39.180111" lon="-9.338795">
        <ele>44.94</ele>
      </trkpt>
      <trkpt lat="39.180041" lon="-9.33892">
        <ele>45.14</ele>
      </trkpt>
      <trkpt lat="39.179933" lon="-9.339174">
        <ele>44.59</ele>
      </trkpt>
      <trkpt lat="39.179854" lon="-9.339411">
        <ele>43.84</ele>
      </trkpt>
      <trkpt lat="39.179786" lon="-9.339723">
        <ele>43.85</ele>
      </trkpt>
      <trkpt lat="39.179758" lon="-9.339905">
        <ele>43.29</ele>
      </trkpt>
      <trkpt lat="39.179741" lon="-9.340534">
        <ele>41.27</ele>
      </trkpt>
      <trkpt lat="39.179715" lon="-9.340644">
        <ele>41.53</ele>
      </trkpt>
      <trkpt lat="39.179673" lon="-9.340746">
        <ele>41.21</ele>
      </trkpt>
      <trkpt lat="39.179627" lon="-9.340829">
        <ele>40.42</ele>
      </trkpt>
      <trkpt lat="39.179197" lon="-9.341446">
        <ele>38.89</ele>
      </trkpt>
      <trkpt lat="39.179134" lon="-9.341586">
        <ele>38.55</ele>
      </trkpt>
      <trkpt lat="39.179094" lon="-9.341727">
        <ele>38.1</ele>
      </trkpt>
      <trkpt lat="39.17899" lon="-9.342521">
        <ele>35.36</ele>
      </trkpt>
      <trkpt lat="39.178934" lon="-9.342989">
        <ele>35.46</ele>
      </trkpt>
      <trkpt lat="39.178909" lon="-9.343354">
        <ele>37.59</ele>
      </trkpt>
      <trkpt lat="39.178938" lon="-9.343706">
        <ele>40.52</ele>
      </trkpt>
      <trkpt lat="39.179007" lon="-9.343993">
        <ele>44.14</ele>
      </trkpt>
      <trkpt lat="39.179128" lon="-9.344409">
        <ele>46.56</ele>
      </trkpt>
      <trkpt lat="39.179182" lon="-9.344561">
        <ele>46.55</ele>
      </trkpt>
      <trkpt lat="39.179234" lon="-9.344677">
        <ele>46.31</ele>
      </trkpt>
      <trkpt lat="39.179289" lon="-9.344773">
        <ele>46.29</ele>
      </trkpt>
      <trkpt lat="39.179717" lon="-9.34535">
        <ele>43.05</ele>
      </trkpt>
      <trkpt lat="39.179933" lon="-9.345644">
        <ele>38.48</ele>
      </trkpt>
      <trkpt lat="39.180057" lon="-9.345876">
        <ele>35.09</ele>
      </trkpt>
      <trkpt lat="39.180152" lon="-9.34625">
        <ele>30.42</ele>
      </trkpt>
      <trkpt lat="39.180166" lon="-9.346381">
        <ele>28.22</ele>
      </trkpt>
      <trkpt lat="39.180161" lon="-9.346511">
        <ele>26.62</ele>
      </trkpt>
      <trkpt lat="39.180129" lon="-9.346635">
        <ele>24.85</ele>
      </trkpt>
      <trkpt lat="39.180091" lon="-9.34674">
        <ele>23.3</ele>
      </trkpt>
      <trkpt lat="39.179625" lon="-9.3475">
        <ele>13.41</ele>
      </trkpt>
      <trkpt lat="39.179565" lon="-9.347631">
        <ele>11.56</ele>
      </trkpt>
      <trkpt lat="39.179509" lon="-9.347792">
        <ele>10.27</ele>
      </trkpt>
      <trkpt lat="39.179468" lon="-9.347956">
        <ele>9.57</ele>
      </trkpt>
      <trkpt lat="39.179368" lon="-9.348535">
        <ele>8</ele>
      </trkpt>
      <trkpt lat="39.179327" lon="-9.348688">
        <ele>7.89</ele>
      </trkpt>
      <trkpt lat="39.179278" lon="-9.348808">
        <ele>7.32</ele>
      </trkpt>
      <trkpt lat="39.179219" lon="-9.348922">
        <ele>6.95</ele>
      </trkpt>
      <trkpt lat="39.179149" lon="-9.349029">
        <ele>6.48</ele>
      </trkpt>
      <trkpt lat="39.178352" lon="-9.349892">
        <ele>5</ele>
      </trkpt>
      <trkpt lat="39.1782" lon="-9.350108">
        <ele>4.59</ele>
      </trkpt>
      <trkpt lat="39.17815" lon="-9.35021">
        <ele>4.94</ele>
      </trkpt>
      <trkpt lat="39.178056" lon="-9.350498">
        <ele>4.65</ele>
      </trkpt>
      <trkpt lat="39.177983" lon="-9.350873">
        <ele>4</ele>
      </trkpt>
      <trkpt lat="39.177917" lon="-9.35138">
        <ele>4</ele>
      </trkpt>
      <trkpt lat="39.177929" lon="-9.351635">
        <ele>4</ele>
      </trkpt>
      <trkpt lat="39.177984" lon="-9.351913">
        <ele>4</ele>
      </trkpt>
      <trkpt lat="39.178049" lon="-9.352152">
        <ele>4</ele>
      </trkpt>
      <trkpt lat="39.17834" lon="-9.352963">
        <ele>4</ele>
      </trkpt>
      <trkpt lat="39.178528" lon="-9.353587">
        <ele>4.9</ele>
      </trkpt>
      <trkpt lat="39.17855" lon="-9.353683">
        <ele>5.04</ele>
      </trkpt>
      <trkpt lat="39.178562" lon="-9.35379">
        <ele>5.15</ele>
      </trkpt>
      <trkpt lat="39.178563" lon="-9.353876">
        <ele>5.16</ele>
      </trkpt>
      <trkpt lat="39.178552" lon="-9.353961">
        <ele>5.07</ele>
      </trkpt>
      <trkpt lat="39.17853" lon="-9.354045">
        <ele>4.98</ele>
      </trkpt>
      <trkpt lat="39.178494" lon="-9.354124">
        <ele>5.19</ele>
      </trkpt>
      <trkpt lat="39.178439" lon="-9.35422">
        <ele>5.19</ele>
      </trkpt>
      <trkpt lat="39.178341" lon="-9.354336">
        <ele>6.55</ele>
      </trkpt>
      <trkpt lat="39.178284" lon="-9.354379">
        <ele>5.98</ele>
      </trkpt>
      <trkpt lat="39.178228" lon="-9.354402">
        <ele>5.88</ele>
      </trkpt>
      <trkpt lat="39.177555" lon="-9.354521">
        <ele>4.06</ele>
      </trkpt>
      <trkpt lat="39.177396" lon="-9.354545">
        <ele>5.9</ele>
      </trkpt>
      <trkpt lat="39.177044" lon="-9.354606">
        <ele>6.79</ele>
      </trkpt>
      <trkpt lat="39.176819" lon="-9.354662">
        <ele>6.03</ele>
      </trkpt>
      <trkpt lat="39.176674" lon="-9.354728">
        <ele>5.8</ele>
      </trkpt>
      <trkpt lat="39.175159" lon="-9.355681">
        <ele>5</ele>
      </trkpt>
      <trkpt lat="39.175076" lon="-9.355728">
        <ele>5</ele>
      </trkpt>
      <trkpt lat="39.174732" lon="-9.355862">
        <ele>6.23</ele>
      </trkpt>
      <trkpt lat="39.174588" lon="-9.35595">
        <ele>6.97</ele>
      </trkpt>
      <trkpt lat="39.17457" lon="-9.356004">
        <ele>7</ele>
      </trkpt>
      <trkpt lat="39.174544" lon="-9.35604">
        <ele>7</ele>
      </trkpt>
      <trkpt lat="39.17451" lon="-9.356065">
        <ele>7.1</ele>
      </trkpt>
      <trkpt lat="39.174473" lon="-9.356075">
        <ele>7.19</ele>
      </trkpt>
      <trkpt lat="39.174433" lon="-9.35607">
        <ele>7.32</ele>
      </trkpt>
      <trkpt lat="39.174397" lon="-9.356049">
        <ele>7.47</ele>
      </trkpt>
      <trkpt lat="39.174367" lon="-9.356015">
        <ele>7.49</ele>
      </trkpt>
      <trkpt lat="39.174262" lon="-9.355972">
        <ele>7</ele>
      </trkpt>
      <trkpt lat="39.174132" lon="-9.355946">
        <ele>7</ele>
      </trkpt>
      <trkpt lat="39.173697" lon="-9.356006">
        <ele>7.76</ele>
      </trkpt>
      <trkpt lat="39.173389" lon="-9.356058">
        <ele>7</ele>
      </trkpt>
      <trkpt lat="39.172906" lon="-9.3562">
        <ele>7.63</ele>
      </trkpt>
      <trkpt lat="39.169494" lon="-9.35739">
        <ele>7.96</ele>
      </trkpt>
      <trkpt lat="39.16928" lon="-9.357473">
        <ele>7.64</ele>
      </trkpt>
      <trkpt lat="39.168565" lon="-9.357788">
        <ele>8.49</ele>
      </trkpt>
      <trkpt lat="39.168152" lon="-9.357973">
        <ele>10.62</ele>
      </trkpt>
      <trkpt lat="39.166255" lon="-9.358823">
        <ele>26.09</ele>
      </trkpt>
      <trkpt lat="39.16522" lon="-9.359289">
        <ele>32.58</ele>
      </trkpt>
      <trkpt lat="39.163004" lon="-9.360281">
        <ele>34.05</ele>
      </trkpt>
      <trkpt lat="39.161598" lon="-9.360907">
        <ele>37.8</ele>
      </trkpt>
      <trkpt lat="39.161083" lon="-9.361154">
        <ele>40</ele>
      </trkpt>
      <trkpt lat="39.159895" lon="-9.361667">
        <ele>41.43</ele>
      </trkpt>
      <trkpt lat="39.159697" lon="-9.361714">
        <ele>41.42</ele>
      </trkpt>
      <trkpt lat="39.159535" lon="-9.361733">
        <ele>41.53</ele>
      </trkpt>
      <trkpt lat="39.159333" lon="-9.361729">
        <ele>41.48</ele>
      </trkpt>
      <trkpt lat="39.159185" lon="-9.361714">
        <ele>41.09</ele>
      </trkpt>
      <trkpt lat="39.155655" lon="-9.361105">
        <ele>47</ele>
      </trkpt>
      <trkpt lat="39.154413" lon="-9.360889">
        <ele>51.59</ele>
      </trkpt>
      <trkpt lat="39.154009" lon="-9.360837">
        <ele>53.97</ele>
      </trkpt>
      <trkpt lat="39.153817" lon="-9.36083">
        <ele>54.41</ele>
      </trkpt>
      <trkpt lat="39.153618" lon="-9.360837">
        <ele>55</ele>
      </trkpt>
      <trkpt lat="39.153282" lon="-9.360876">
        <ele>56</ele>
      </trkpt>
      <trkpt lat="39.152978" lon="-9.360923">
        <ele>56.82</ele>
      </trkpt>
      <trkpt lat="39.152735" lon="-9.360973">
        <ele>57.58</ele>
      </trkpt>
      <trkpt lat="39.152563" lon="-9.361024">
        <ele>57.86</ele>
      </trkpt>
      <trkpt lat="39.152121" lon="-9.361184">
        <ele>58</ele>
      </trkpt>
      <trkpt lat="39.151862" lon="-9.361306">
        <ele>58.05</ele>
      </trkpt>
      <trkpt lat="39.151559" lon="-9.361489">
        <ele>58.07</ele>
      </trkpt>
      <trkpt lat="39.149816" lon="-9.362637">
        <ele>54.88</ele>
      </trkpt>
      <trkpt lat="39.149224" lon="-9.36302">
        <ele>55</ele>
      </trkpt>
      <trkpt lat="39.147767" lon="-9.364006">
        <ele>57</ele>
      </trkpt>
      <trkpt lat="39.147526" lon="-9.364146">
        <ele>57.25</ele>
      </trkpt>
      <trkpt lat="39.147378" lon="-9.364212">
        <ele>57.71</ele>
      </trkpt>
      <trkpt lat="39.147216" lon="-9.36426">
        <ele>58.18</ele>
      </trkpt>
      <trkpt lat="39.147032" lon="-9.364294">
        <ele>59</ele>
      </trkpt>
      <trkpt lat="39.146747" lon="-9.364299">
        <ele>59.55</ele>
      </trkpt>
      <trkpt lat="39.146474" lon="-9.364236">
        <ele>60.47</ele>
      </trkpt>
      <trkpt lat="39.144679" lon="-9.363625">
        <ele>66.92</ele>
      </trkpt>
      <trkpt lat="39.144609" lon="-9.363635">
        <ele>67</ele>
      </trkpt>
      <trkpt lat="39.144457" lon="-9.363676">
        <ele>67.58</ele>
      </trkpt>
      <trkpt lat="39.144433" lon="-9.363709">
        <ele>67.75</ele>
      </trkpt>
      <trkpt lat="39.14437" lon="-9.363747">
        <ele>67.76</ele>
      </trkpt>
      <trkpt lat="39.144265" lon="-9.363874">
        <ele>67.05</ele>
      </trkpt>
      <trkpt lat="39.144243" lon="-9.363923">
        <ele>67.19</ele>
      </trkpt>
      <trkpt lat="39.144199" lon="-9.36407">
        <ele>67.4</ele>
      </trkpt>
      <trkpt lat="39.144229" lon="-9.364888">
        <ele>64.07</ele>
      </trkpt>
      <trkpt lat="39.144226" lon="-9.365525">
        <ele>61.29</ele>
      </trkpt>
      <trkpt lat="39.144205" lon="-9.365789">
        <ele>60.52</ele>
      </trkpt>
      <trkpt lat="39.144162" lon="-9.366063">
        <ele>60.06</ele>
      </trkpt>
      <trkpt lat="39.144105" lon="-9.366322">
        <ele>58.95</ele>
      </trkpt>
      <trkpt lat="39.144037" lon="-9.366574">
        <ele>57.59</ele>
      </trkpt>
      <trkpt lat="39.143865" lon="-9.367114">
        <ele>55.98</ele>
      </trkpt>
      <trkpt lat="39.14366" lon="-9.36769">
        <ele>53.85</ele>
      </trkpt>
      <trkpt lat="39.143443" lon="-9.36833">
        <ele>52.3</ele>
      </trkpt>
      <trkpt lat="39.143388" lon="-9.368517">
        <ele>52.6</ele>
      </trkpt>
      <trkpt lat="39.143331" lon="-9.368902">
        <ele>51.05</ele>
      </trkpt>
      <trkpt lat="39.143317" lon="-9.36924">
        <ele>51</ele>
      </trkpt>
      <trkpt lat="39.143321" lon="-9.369353">
        <ele>50.43</ele>
      </trkpt>
      <trkpt lat="39.143367" lon="-9.369687">
        <ele>49.81</ele>
      </trkpt>
      <trkpt lat="39.143431" lon="-9.369958">
        <ele>48.92</ele>
      </trkpt>
      <trkpt lat="39.143511" lon="-9.370208">
        <ele>48.06</ele>
      </trkpt>
      <trkpt lat="39.143641" lon="-9.370457">
        <ele>46.74</ele>
      </trkpt>
      <trkpt lat="39.143704" lon="-9.370539">
        <ele>46.27</ele>
      </trkpt>
      <trkpt lat="39.143808" lon="-9.370582">
        <ele>46.02</ele>
      </trkpt>
      <trkpt lat="39.143861" lon="-9.370594">
        <ele>46</ele>
      </trkpt>
      <trkpt lat="39.143909" lon="-9.370626">
        <ele>45.93</ele>
      </trkpt>
      <trkpt lat="39.143951" lon="-9.370684">
        <ele>45.64</ele>
      </trkpt>
      <trkpt lat="39.143975" lon="-9.370756">
        <ele>45.2</ele>
      </trkpt>
      <trkpt lat="39.143979" lon="-9.370832">
        <ele>44.73</ele>
      </trkpt>
      <trkpt lat="39.143959" lon="-9.370915">
        <ele>44.4</ele>
      </trkpt>
      <trkpt lat="39.143929" lon="-9.370968">
        <ele>44.42</ele>
      </trkpt>
      <trkpt lat="39.143888" lon="-9.371007">
        <ele>44.47</ele>
      </trkpt>
      <trkpt lat="39.14384" lon="-9.37103">
        <ele>44.54</ele>
      </trkpt>
      <trkpt lat="39.143782" lon="-9.371032">
        <ele>44.79</ele>
      </trkpt>
      <trkpt lat="39.143724" lon="-9.371009">
        <ele>45</ele>
      </trkpt>
      <trkpt lat="39.143676" lon="-9.370963">
        <ele>45</ele>
      </trkpt>
      <trkpt lat="39.143547" lon="-9.370949">
        <ele>45</ele>
      </trkpt>
      <trkpt lat="39.143333" lon="-9.370966">
        <ele>45.79</ele>
      </trkpt>
      <trkpt lat="39.142032" lon="-9.371418">
        <ele>49.03</ele>
      </trkpt>
      <trkpt lat="39.140164" lon="-9.372061">
        <ele>55.06</ele>
      </trkpt>
      <trkpt lat="39.13846" lon="-9.372659">
        <ele>55</ele>
      </trkpt>
      <trkpt lat="39.137389" lon="-9.373033">
        <ele>52.77</ele>
      </trkpt>
      <trkpt lat="39.134978" lon="-9.373874">
        <ele>42.88</ele>
      </trkpt>
      <trkpt lat="39.13372" lon="-9.374323">
        <ele>39.95</ele>
      </trkpt>
      <trkpt lat="39.133577" lon="-9.374392">
        <ele>39.12</ele>
      </trkpt>
      <trkpt lat="39.133488" lon="-9.374461">
        <ele>39.1</ele>
      </trkpt>
      <trkpt lat="39.133412" lon="-9.374551">
        <ele>39.35</ele>
      </trkpt>
      <trkpt lat="39.133376" lon="-9.374616">
        <ele>39.37</ele>
      </trkpt>
      <trkpt lat="39.133338" lon="-9.374646">
        <ele>39.36</ele>
      </trkpt>
      <trkpt lat="39.133296" lon="-9.374659">
        <ele>39.24</ele>
      </trkpt>
      <trkpt lat="39.133252" lon="-9.374654">
        <ele>39.15</ele>
      </trkpt>
      <trkpt lat="39.133212" lon="-9.374632">
        <ele>39.06</ele>
      </trkpt>
      <trkpt lat="39.133183" lon="-9.374601">
        <ele>38.97</ele>
      </trkpt>
      <trkpt lat="39.132914" lon="-9.374602">
        <ele>38.69</ele>
      </trkpt>
      <trkpt lat="39.131472" lon="-9.375085">
        <ele>42.92</ele>
      </trkpt>
      <trkpt lat="39.130146" lon="-9.375555">
        <ele>44</ele>
      </trkpt>
      <trkpt lat="39.128615" lon="-9.376097">
        <ele>41</ele>
      </trkpt>
      <trkpt lat="39.126559" lon="-9.376825">
        <ele>43</ele>
      </trkpt>
      <trkpt lat="39.126343" lon="-9.376887">
        <ele>43</ele>
      </trkpt>
      <trkpt lat="39.124099" lon="-9.377667">
        <ele>42</ele>
      </trkpt>
      <trkpt lat="39.123589" lon="-9.377844">
        <ele>43</ele>
      </trkpt>
      <trkpt lat="39.12321" lon="-9.377966">
        <ele>44.82</ele>
      </trkpt>
      <trkpt lat="39.122892" lon="-9.378018">
        <ele>45</ele>
      </trkpt>
      <trkpt lat="39.12276" lon="-9.378011">
        <ele>45.4</ele>
      </trkpt>
      <trkpt lat="39.122718" lon="-9.378008">
        <ele>45.53</ele>
      </trkpt>
      <trkpt lat="39.122536" lon="-9.377965">
        <ele>46.8</ele>
      </trkpt>
      <trkpt lat="39.122304" lon="-9.377891">
        <ele>47.3</ele>
      </trkpt>
      <trkpt lat="39.12211" lon="-9.377791">
        <ele>47.97</ele>
      </trkpt>
      <trkpt lat="39.121974" lon="-9.377686">
        <ele>48.35</ele>
      </trkpt>
      <trkpt lat="39.121785" lon="-9.377509">
        <ele>48.77</ele>
      </trkpt>
      <trkpt lat="39.121623" lon="-9.377313">
        <ele>49.74</ele>
      </trkpt>
      <trkpt lat="39.120346" lon="-9.37553">
        <ele>53.83</ele>
      </trkpt>
      <trkpt lat="39.120107" lon="-9.375238">
        <ele>54.09</ele>
      </trkpt>
      <trkpt lat="39.119441" lon="-9.374612">
        <ele>55.46</ele>
      </trkpt>
      <trkpt lat="39.119151" lon="-9.374212">
        <ele>54.32</ele>
      </trkpt>
      <trkpt lat="39.119008" lon="-9.373974">
        <ele>54.7</ele>
      </trkpt>
      <trkpt lat="39.118754" lon="-9.373466">
        <ele>53.94</ele>
      </trkpt>
      <trkpt lat="39.118458" lon="-9.372896">
        <ele>52.74</ele>
      </trkpt>
      <trkpt lat="39.118318" lon="-9.372681">
        <ele>52.41</ele>
      </trkpt>
      <trkpt lat="39.117102" lon="-9.370972">
        <ele>47</ele>
      </trkpt>
      <trkpt lat="39.115694" lon="-9.369043">
        <ele>45.84</ele>
      </trkpt>
      <trkpt lat="39.115532" lon="-9.368882">
        <ele>45.94</ele>
      </trkpt>
      <trkpt lat="39.115385" lon="-9.368792">
        <ele>46</ele>
      </trkpt>
      <trkpt lat="39.114505" lon="-9.368344">
        <ele>45.97</ele>
      </trkpt>
      <trkpt lat="39.114036" lon="-9.368024">
        <ele>45</ele>
      </trkpt>
      <trkpt lat="39.113789" lon="-9.367844">
        <ele>45</ele>
      </trkpt>
      <trkpt lat="39.113741" lon="-9.367822">
        <ele>45.06</ele>
      </trkpt>
      <trkpt lat="39.113703" lon="-9.367832">
        <ele>45.1</ele>
      </trkpt>
      <trkpt lat="39.113665" lon="-9.367825">
        <ele>45.4</ele>
      </trkpt>
      <trkpt lat="39.11363" lon="-9.367804">
        <ele>45.7</ele>
      </trkpt>
      <trkpt lat="39.113602" lon="-9.367769">
        <ele>45.9</ele>
      </trkpt>
      <trkpt lat="39.113585" lon="-9.367724">
        <ele>45.99</ele>
      </trkpt>
      <trkpt lat="39.113559" lon="-9.3677">
        <ele>46</ele>
      </trkpt>
      <trkpt lat="39.11261" lon="-9.367059">
        <ele>45.64</ele>
      </trkpt>
      <trkpt lat="39.112485" lon="-9.366962">
        <ele>45.99</ele>
      </trkpt>
      <trkpt lat="39.112138" lon="-9.366509">
        <ele>44.98</ele>
      </trkpt>
      <trkpt lat="39.112138" lon="-9.366509">
        <ele>44.98</ele>
      </trkpt>
      <trkpt lat="39.111775" lon="-9.366004">
        <ele>43.66</ele>
      </trkpt>
      <trkpt lat="39.111703" lon="-9.365876">
        <ele>43</ele>
      </trkpt>
      <trkpt lat="39.111639" lon="-9.365718">
        <ele>42.7</ele>
      </trkpt>
      <trkpt lat="39.111605" lon="-9.3655">
        <ele>41.54</ele>
      </trkpt>
      <trkpt lat="39.111567" lon="-9.364932">
        <ele>39</ele>
      </trkpt>
      <trkpt lat="39.111287" lon="-9.364177">
        <ele>36</ele>
      </trkpt>
      <trkpt lat="39.11123" lon="-9.364109">
        <ele>36</ele>
      </trkpt>
      <trkpt lat="39.111179" lon="-9.364089">
        <ele>36</ele>
      </trkpt>
      <trkpt lat="39.111159" lon="-9.364065">
        <ele>35.85</ele>
      </trkpt>
      <trkpt lat="39.111138" lon="-9.364002">
        <ele>35.5</ele>
      </trkpt>
      <trkpt lat="39.111147" lon="-9.363934">
        <ele>35.25</ele>
      </trkpt>
      <trkpt lat="39.111185" lon="-9.363883">
        <ele>35.08</ele>
      </trkpt>
      <trkpt lat="39.111211" lon="-9.363871">
        <ele>35.23</ele>
      </trkpt>
      <trkpt lat="39.111248" lon="-9.363657">
        <ele>35</ele>
      </trkpt>
      <trkpt lat="39.111136" lon="-9.361536">
        <ele>32.26</ele>
      </trkpt>
      <trkpt lat="39.111057" lon="-9.359417">
        <ele>30.01</ele>
      </trkpt>
      <trkpt lat="39.111003" lon="-9.359021">
        <ele>29.52</ele>
      </trkpt>
      <trkpt lat="39.110814" lon="-9.358224">
        <ele>28</ele>
      </trkpt>
      <trkpt lat="39.110772" lon="-9.358103">
        <ele>28</ele>
      </trkpt>
      <trkpt lat="39.110601" lon="-9.357728">
        <ele>27.59</ele>
      </trkpt>
      <trkpt lat="39.110453" lon="-9.357527">
        <ele>27</ele>
      </trkpt>
      <trkpt lat="39.108742" lon="-9.355971">
        <ele>23.75</ele>
      </trkpt>
      <trkpt lat="39.108168" lon="-9.355421">
        <ele>23</ele>
      </trkpt>
      <trkpt lat="39.107741" lon="-9.354952">
        <ele>22.32</ele>
      </trkpt>
      <trkpt lat="39.107314" lon="-9.354521">
        <ele>22</ele>
      </trkpt>
      <trkpt lat="39.107223" lon="-9.354386">
        <ele>21.88</ele>
      </trkpt>
      <trkpt lat="39.107156" lon="-9.354259">
        <ele>21.08</ele>
      </trkpt>
      <trkpt lat="39.107073" lon="-9.354075">
        <ele>21</ele>
      </trkpt>
      <trkpt lat="39.106782" lon="-9.353328">
        <ele>20</ele>
      </trkpt>
      <trkpt lat="39.10614" lon="-9.351729">
        <ele>18.43</ele>
      </trkpt>
      <trkpt lat="39.106082" lon="-9.351551">
        <ele>18</ele>
      </trkpt>
      <trkpt lat="39.106052" lon="-9.351394">
        <ele>18</ele>
      </trkpt>
      <trkpt lat="39.106052" lon="-9.351234">
        <ele>18</ele>
      </trkpt>
      <trkpt lat="39.106104" lon="-9.351051">
        <ele>18</ele>
      </trkpt>
      <trkpt lat="39.106114" lon="-9.350971">
        <ele>18</ele>
      </trkpt>
      <trkpt lat="39.106115" lon="-9.350882">
        <ele>18</ele>
      </trkpt>
      <trkpt lat="39.106085" lon="-9.350684">
        <ele>18</ele>
      </trkpt>
      <trkpt lat="39.106005" lon="-9.350517">
        <ele>18</ele>
      </trkpt>
      <trkpt lat="39.105479" lon="-9.349563">
        <ele>18.93</ele>
      </trkpt>
      <trkpt lat="39.105204" lon="-9.349104">
        <ele>22.37</ele>
      </trkpt>
      <trkpt lat="39.104985" lon="-9.348776">
        <ele>25.82</ele>
      </trkpt>
      <trkpt lat="39.104766" lon="-9.348558">
        <ele>29.12</ele>
      </trkpt>
      <trkpt lat="39.10457" lon="-9.348422">
        <ele>31.86</ele>
      </trkpt>
      <trkpt lat="39.104374" lon="-9.348341">
        <ele>33.65</ele>
      </trkpt>
      <trkpt lat="39.103825" lon="-9.348136">
        <ele>37.52</ele>
      </trkpt>
      <trkpt lat="39.1037" lon="-9.348075">
        <ele>37.88</ele>
      </trkpt>
      <trkpt lat="39.103558" lon="-9.347968">
        <ele>38.5</ele>
      </trkpt>
      <trkpt lat="39.103426" lon="-9.3478">
        <ele>39.47</ele>
      </trkpt>
      <trkpt lat="39.102805" lon="-9.346837">
        <ele>41.31</ele>
      </trkpt>
      <trkpt lat="39.102295" lon="-9.346079">
        <ele>43.21</ele>
      </trkpt>
      <trkpt lat="39.102354" lon="-9.345805">
        <ele>44</ele>
      </trkpt>
      <trkpt lat="39.102403" lon="-9.34562">
        <ele>44.25</ele>
      </trkpt>
      <trkpt lat="39.102469" lon="-9.345435">
        <ele>44.57</ele>
      </trkpt>
      <trkpt lat="39.10252" lon="-9.345323">
        <ele>44.23</ele>
      </trkpt>
      <trkpt lat="39.102741" lon="-9.34491">
        <ele>45.78</ele>
      </trkpt>
      <trkpt lat="39.102715" lon="-9.344885">
        <ele>45.59</ele>
      </trkpt>
      <trkpt lat="39.102705" lon="-9.344846">
        <ele>45.51</ele>
      </trkpt>
      <trkpt lat="39.102708" lon="-9.344825">
        <ele>45.53</ele>
      </trkpt>
      <trkpt lat="39.102727" lon="-9.344791">
        <ele>45.68</ele>
      </trkpt>
      <trkpt lat="39.102742" lon="-9.344781">
        <ele>45.79</ele>
      </trkpt>
      <trkpt lat="39.102774" lon="-9.344781">
        <ele>46</ele>
      </trkpt>
      <trkpt lat="39.1028" lon="-9.344804">
        <ele>46</ele>
      </trkpt>
      <trkpt lat="39.102811" lon="-9.344843">
        <ele>46</ele>
      </trkpt>
      <trkpt lat="39.10289" lon="-9.344795">
        <ele>46</ele>
      </trkpt>
      <trkpt lat="39.102978" lon="-9.344757">
        <ele>46.63</ele>
      </trkpt>
      <trkpt lat="39.103084" lon="-9.344739">
        <ele>47.1</ele>
      </trkpt>
      <trkpt lat="39.103229" lon="-9.344786">
        <ele>47</ele>
      </trkpt>
      <trkpt lat="39.104168" lon="-9.344821">
        <ele>49</ele>
      </trkpt>
      <trkpt lat="39.104401" lon="-9.34481">
        <ele>48.67</ele>
      </trkpt>
      <trkpt lat="39.104572" lon="-9.344767">
        <ele>48.11</ele>
      </trkpt>
      <trkpt lat="39.104718" lon="-9.344714">
        <ele>47.83</ele>
      </trkpt>
      <trkpt lat="39.104917" lon="-9.344593">
        <ele>48.05</ele>
      </trkpt>
      <trkpt lat="39.105086" lon="-9.344528">
        <ele>48.35</ele>
      </trkpt>
      <trkpt lat="39.105814" lon="-9.344417">
        <ele>49.83</ele>
      </trkpt>
      <trkpt lat="39.106075" lon="-9.344413">
        <ele>50.13</ele>
      </trkpt>
      <trkpt lat="39.106345" lon="-9.344345">
        <ele>51</ele>
      </trkpt>
      <trkpt lat="39.106612" lon="-9.344215">
        <ele>52</ele>
      </trkpt>
      <trkpt lat="39.106874" lon="-9.344059">
        <ele>53.74</ele>
      </trkpt>
      <trkpt lat="39.107165" lon="-9.343856">
        <ele>55.38</ele>
      </trkpt>
      <trkpt lat="39.107532" lon="-9.343629">
        <ele>56.73</ele>
      </trkpt>
      <trkpt lat="39.10789" lon="-9.343425">
        <ele>58.27</ele>
      </trkpt>
      <trkpt lat="39.108321" lon="-9.343366">
        <ele>60.15</ele>
      </trkpt>
      <trkpt lat="39.108579" lon="-9.343285">
        <ele>60.87</ele>
      </trkpt>
      <trkpt lat="39.108783" lon="-9.343201">
        <ele>61.04</ele>
      </trkpt>
      <trkpt lat="39.109301" lon="-9.343089">
        <ele>62.94</ele>
      </trkpt>
      <trkpt lat="39.109506" lon="-9.343035">
        <ele>63.28</ele>
      </trkpt>
      <trkpt lat="39.109734" lon="-9.342939">
        <ele>63.69</ele>
      </trkpt>
      <trkpt lat="39.110279" lon="-9.342622">
        <ele>65</ele>
      </trkpt>
      <trkpt lat="39.110925" lon="-9.342302">
        <ele>65</ele>
      </trkpt>
      <trkpt lat="39.11136" lon="-9.342133">
        <ele>66.15</ele>
      </trkpt>
      <trkpt lat="39.111652" lon="-9.341977">
        <ele>67.18</ele>
      </trkpt>
      <trkpt lat="39.111816" lon="-9.341873">
        <ele>67.93</ele>
      </trkpt>
      <trkpt lat="39.112085" lon="-9.34166">
        <ele>68</ele>
      </trkpt>
      <trkpt lat="39.112354" lon="-9.34143">
        <ele>66.62</ele>
      </trkpt>
      <trkpt lat="39.112593" lon="-9.341227">
        <ele>65.4</ele>
      </trkpt>
      <trkpt lat="39.112926" lon="-9.340991">
        <ele>65.01</ele>
      </trkpt>
      <trkpt lat="39.113226" lon="-9.340832">
        <ele>65.99</ele>
      </trkpt>
      <trkpt lat="39.11339" lon="-9.340767">
        <ele>66.37</ele>
      </trkpt>
      <trkpt lat="39.113593" lon="-9.340708">
        <ele>67.09</ele>
      </trkpt>
      <trkpt lat="39.113767" lon="-9.34068">
        <ele>68.05</ele>
      </trkpt>
      <trkpt lat="39.114538" lon="-9.340613">
        <ele>68.79</ele>
      </trkpt>
      <trkpt lat="39.114893" lon="-9.340537">
        <ele>68.3</ele>
      </trkpt>
      <trkpt lat="39.11566" lon="-9.340348">
        <ele>69.8</ele>
      </trkpt>
      <trkpt lat="39.116274" lon="-9.340161">
        <ele>71</ele>
      </trkpt>
      <trkpt lat="39.116799" lon="-9.340016">
        <ele>71.73</ele>
      </trkpt>
      <trkpt lat="39.117366" lon="-9.339816">
        <ele>72.07</ele>
      </trkpt>
      <trkpt lat="39.118216" lon="-9.339516">
        <ele>69.73</ele>
      </trkpt>
      <trkpt lat="39.118507" lon="-9.339429">
        <ele>69.14</ele>
      </trkpt>
      <trkpt lat="39.118507" lon="-9.339429">
        <ele>69.14</ele>
      </trkpt>
      <trkpt lat="39.118749" lon="-9.339398">
        <ele>68.6</ele>
      </trkpt>
      <trkpt lat="39.120118" lon="-9.339457">
        <ele>69.02</ele>
      </trkpt>
      <trkpt lat="39.120568" lon="-9.339463">
        <ele>70</ele>
      </trkpt>
      <trkpt lat="39.120934" lon="-9.339398">
        <ele>70.33</ele>
      </trkpt>
      <trkpt lat="39.121371" lon="-9.339157">
        <ele>71.73</ele>
      </trkpt>
      <trkpt lat="39.121983" lon="-9.338695">
        <ele>73.96</ele>
      </trkpt>
      <trkpt lat="39.122465" lon="-9.338443">
        <ele>74</ele>
      </trkpt>
      <trkpt lat="39.123169" lon="-9.33818">
        <ele>73.59</ele>
      </trkpt>
      <trkpt lat="39.123652" lon="-9.338083">
        <ele>72.98</ele>
      </trkpt>
      <trkpt lat="39.124043" lon="-9.337918">
        <ele>72.93</ele>
      </trkpt>
      <trkpt lat="39.124509" lon="-9.337676">
        <ele>74</ele>
      </trkpt>
      <trkpt lat="39.124738" lon="-9.337526">
        <ele>74.48</ele>
      </trkpt>
      <trkpt lat="39.124738" lon="-9.337526">
        <ele>74.48</ele>
      </trkpt>
      <trkpt lat="39.124879" lon="-9.337327">
        <ele>74.67</ele>
      </trkpt>
      <trkpt lat="39.125295" lon="-9.336635">
        <ele>74.79</ele>
      </trkpt>
      <trkpt lat="39.12624" lon="-9.335193">
        <ele>75.09</ele>
      </trkpt>
      <trkpt lat="39.126515" lon="-9.334672">
        <ele>71.26</ele>
      </trkpt>
      <trkpt lat="39.126685" lon="-9.334163">
        <ele>70.39</ele>
      </trkpt>
      <trkpt lat="39.126806" lon="-9.33362">
        <ele>70</ele>
      </trkpt>
      <trkpt lat="39.126939" lon="-9.333261">
        <ele>70.01</ele>
      </trkpt>
      <trkpt lat="39.127201" lon="-9.332751">
        <ele>72.97</ele>
      </trkpt>
      <trkpt lat="39.127767" lon="-9.331588">
        <ele>82.86</ele>
      </trkpt>
      <trkpt lat="39.128029" lon="-9.331029">
        <ele>86.99</ele>
      </trkpt>
      <trkpt lat="39.128258" lon="-9.330455">
        <ele>89</ele>
      </trkpt>
      <trkpt lat="39.12845" lon="-9.329811">
        <ele>90.4</ele>
      </trkpt>
      <trkpt lat="39.128724" lon="-9.328969">
        <ele>90.49</ele>
      </trkpt>
      <trkpt lat="39.129109" lon="-9.327701">
        <ele>89.41</ele>
      </trkpt>
      <trkpt lat="39.129528" lon="-9.326346">
        <ele>85.1</ele>
      </trkpt>
      <trkpt lat="39.12986" lon="-9.325418">
        <ele>87</ele>
      </trkpt>
      <trkpt lat="39.130168" lon="-9.324694">
        <ele>90.81</ele>
      </trkpt>
      <trkpt lat="39.130239" lon="-9.324367">
        <ele>93.59</ele>
      </trkpt>
      <trkpt lat="39.130239" lon="-9.324104">
        <ele>95.65</ele>
      </trkpt>
      <trkpt lat="39.130197" lon="-9.323696">
        <ele>99.38</ele>
      </trkpt>
      <trkpt lat="39.129964" lon="-9.322484">
        <ele>106.96</ele>
      </trkpt>
      <trkpt lat="39.129897" lon="-9.322079">
        <ele>109</ele>
      </trkpt>
      <trkpt lat="39.129878" lon="-9.321641">
        <ele>109.08</ele>
      </trkpt>
      <trkpt lat="39.12989" lon="-9.321385">
        <ele>109.22</ele>
      </trkpt>
      <trkpt lat="39.130002" lon="-9.320531">
        <ele>108.06</ele>
      </trkpt>
      <trkpt lat="39.130084" lon="-9.320026">
        <ele>107.69</ele>
      </trkpt>
      <trkpt lat="39.130128" lon="-9.319613">
        <ele>107.65</ele>
      </trkpt>
      <trkpt lat="39.130167" lon="-9.319352">
        <ele>107.3</ele>
      </trkpt>
      <trkpt lat="39.130247" lon="-9.31907">
        <ele>107.34</ele>
      </trkpt>
      <trkpt lat="39.130383" lon="-9.318483">
        <ele>106.84</ele>
      </trkpt>
      <trkpt lat="39.130397" lon="-9.318186">
        <ele>107</ele>
      </trkpt>
      <trkpt lat="39.130371" lon="-9.317997">
        <ele>106.63</ele>
      </trkpt>
      <trkpt lat="39.130354" lon="-9.317877">
        <ele>106.4</ele>
      </trkpt>
      <trkpt lat="39.13029" lon="-9.317612">
        <ele>106.21</ele>
      </trkpt>
      <trkpt lat="39.130223" lon="-9.317441">
        <ele>106</ele>
      </trkpt>
      <trkpt lat="39.129848" lon="-9.316691">
        <ele>104.59</ele>
      </trkpt>
      <trkpt lat="39.129774" lon="-9.316458">
        <ele>103.55</ele>
      </trkpt>
      <trkpt lat="39.12973" lon="-9.316087">
        <ele>101.17</ele>
      </trkpt>
      <trkpt lat="39.129716" lon="-9.315663">
        <ele>99.68</ele>
      </trkpt>
      <trkpt lat="39.129724" lon="-9.315408">
        <ele>98.2</ele>
      </trkpt>
      <trkpt lat="39.129748" lon="-9.315172">
        <ele>96.64</ele>
      </trkpt>
      <trkpt lat="39.129825" lon="-9.314882">
        <ele>94.14</ele>
      </trkpt>
      <trkpt lat="39.13019" lon="-9.313774">
        <ele>88.17</ele>
      </trkpt>
      <trkpt lat="39.130274" lon="-9.313468">
        <ele>88.1</ele>
      </trkpt>
      <trkpt lat="39.130339" lon="-9.313089">
        <ele>87.71</ele>
      </trkpt>
      <trkpt lat="39.130405" lon="-9.312606">
        <ele>85.99</ele>
      </trkpt>
      <trkpt lat="39.130351" lon="-9.312444">
        <ele>85.96</ele>
      </trkpt>
      <trkpt lat="39.130317" lon="-9.312427">
        <ele>85.87</ele>
      </trkpt>
      <trkpt lat="39.130173" lon="-9.312477">
        <ele>86.05</ele>
      </trkpt>
      <trkpt lat="39.130051" lon="-9.312587">
        <ele>86.12</ele>
      </trkpt>
      <trkpt lat="39.129865" lon="-9.312781">
        <ele>86.96</ele>
      </trkpt>
      <trkpt lat="39.12963" lon="-9.312948">
        <ele>86.17</ele>
      </trkpt>
      <trkpt lat="39.129404" lon="-9.313109">
        <ele>85.41</ele>
      </trkpt>
      <trkpt lat="39.12865" lon="-9.313566">
        <ele>87.94</ele>
      </trkpt>
      <trkpt lat="39.128138" lon="-9.313801">
        <ele>89.84</ele>
      </trkpt>
      <trkpt lat="39.127802" lon="-9.313987">
        <ele>91.4</ele>
      </trkpt>
      <trkpt lat="39.127649" lon="-9.314124">
        <ele>91.11</ele>
      </trkpt>
      <trkpt lat="39.127446" lon="-9.314343">
        <ele>88.71</ele>
      </trkpt>
      <trkpt lat="39.126759" lon="-9.315282">
        <ele>84.96</ele>
      </trkpt>
      <trkpt lat="39.126571" lon="-9.315495">
        <ele>84.66</ele>
      </trkpt>
      <trkpt lat="39.126377" lon="-9.315652">
        <ele>85.23</ele>
      </trkpt>
      <trkpt lat="39.126164" lon="-9.315785">
        <ele>86</ele>
      </trkpt>
      <trkpt lat="39.126018" lon="-9.315862">
        <ele>86.13</ele>
      </trkpt>
      <trkpt lat="39.125711" lon="-9.315972">
        <ele>86.47</ele>
      </trkpt>
      <trkpt lat="39.125579" lon="-9.315988">
        <ele>86</ele>
      </trkpt>
      <trkpt lat="39.12459" lon="-9.315911">
        <ele>84.56</ele>
      </trkpt>
      <trkpt lat="39.124328" lon="-9.315942">
        <ele>83.6</ele>
      </trkpt>
      <trkpt lat="39.123502" lon="-9.316205">
        <ele>84.12</ele>
      </trkpt>
      <trkpt lat="39.123275" lon="-9.316246">
        <ele>84.05</ele>
      </trkpt>
      <trkpt lat="39.122654" lon="-9.31628">
        <ele>80.8</ele>
      </trkpt>
      <trkpt lat="39.119655" lon="-9.316444">
        <ele>75</ele>
      </trkpt>
      <trkpt lat="39.119532" lon="-9.316408">
        <ele>75</ele>
      </trkpt>
      <trkpt lat="39.119378" lon="-9.316336">
        <ele>72.9</ele>
      </trkpt>
      <trkpt lat="39.119239" lon="-9.316259">
        <ele>72.95</ele>
      </trkpt>
      <trkpt lat="39.117903" lon="-9.315002">
        <ele>75.06</ele>
      </trkpt>
      <trkpt lat="39.117722" lon="-9.314856">
        <ele>75.94</ele>
      </trkpt>
      <trkpt lat="39.117448" lon="-9.314668">
        <ele>77</ele>
      </trkpt>
      <trkpt lat="39.117297" lon="-9.314575">
        <ele>77</ele>
      </trkpt>
      <trkpt lat="39.117114" lon="-9.314497">
        <ele>77.1</ele>
      </trkpt>
      <trkpt lat="39.116852" lon="-9.314412">
        <ele>78.29</ele>
      </trkpt>
      <trkpt lat="39.116066" lon="-9.314157">
        <ele>73.62</ele>
      </trkpt>
      <trkpt lat="39.11588" lon="-9.314068">
        <ele>71.77</ele>
      </trkpt>
      <trkpt lat="39.115725" lon="-9.313969">
        <ele>70.85</ele>
      </trkpt>
      <trkpt lat="39.115391" lon="-9.313711">
        <ele>69.33</ele>
      </trkpt>
      <trkpt lat="39.115309" lon="-9.313616">
        <ele>68.35</ele>
      </trkpt>
      <trkpt lat="39.115053" lon="-9.313364">
        <ele>68.22</ele>
      </trkpt>
      <trkpt lat="39.11482" lon="-9.313136">
        <ele>68.09</ele>
      </trkpt>
      <trkpt lat="39.114571" lon="-9.312941">
        <ele>67.35</ele>
      </trkpt>
      <trkpt lat="39.114362" lon="-9.312851">
        <ele>67.66</ele>
      </trkpt>
      <trkpt lat="39.114113" lon="-9.312828">
        <ele>67.39</ele>
      </trkpt>
      <trkpt lat="39.113571" lon="-9.312859">
        <ele>68.8</ele>
      </trkpt>
      <trkpt lat="39.113218" lon="-9.312899">
        <ele>69.61</ele>
      </trkpt>
      <trkpt lat="39.112917" lon="-9.313">
        <ele>70.19</ele>
      </trkpt>
      <trkpt lat="39.11249" lon="-9.313207">
        <ele>71.33</ele>
      </trkpt>
      <trkpt lat="39.111458" lon="-9.313758">
        <ele>71.6</ele>
      </trkpt>
      <trkpt lat="39.110873" lon="-9.314052">
        <ele>70.42</ele>
      </trkpt>
      <trkpt lat="39.110655" lon="-9.31408">
        <ele>70.42</ele>
      </trkpt>
      <trkpt lat="39.109953" lon="-9.314044">
        <ele>72.4</ele>
      </trkpt>
      <trkpt lat="39.109696" lon="-9.314107">
        <ele>72.63</ele>
      </trkpt>
      <trkpt lat="39.109406" lon="-9.314199">
        <ele>72.1</ele>
      </trkpt>
      <trkpt lat="39.109360457726076" lon="-9.314202049705843">
        <ele>72.17725921442943</ele>
      </trkpt>
      <trkpt lat="39.10936" lon="-9.314202">
        <ele>72.18</ele>
      </trkpt>
      <trkpt lat="39.109182" lon="-9.314214">
        <ele>72.48</ele>
      </trkpt>
      <trkpt lat="39.108981" lon="-9.314047">
        <ele>71.9</ele>
      </trkpt>
      <trkpt lat="39.108961" lon="-9.314026">
        <ele>71.86</ele>
      </trkpt>
      <trkpt lat="39.108923" lon="-9.314001">
        <ele>71.92</ele>
      </trkpt>
      <trkpt lat="39.108834" lon="-9.313656">
        <ele>71.58</ele>
      </trkpt>
      <trkpt lat="39.108848" lon="-9.312337">
        <ele>65.42</ele>
      </trkpt>
      <trkpt lat="39.108834" lon="-9.312232">
        <ele>64.86</ele>
      </trkpt>
      <trkpt lat="39.10876" lon="-9.311964">
        <ele>62.32</ele>
      </trkpt>
      <trkpt lat="39.10872" lon="-9.31185">
        <ele>61.51</ele>
      </trkpt>
      <trkpt lat="39.10872" lon="-9.31185">
        <ele>61.51</ele>
      </trkpt>
      <trkpt lat="39.108671" lon="-9.311761">
        <ele>60.99</ele>
      </trkpt>
      <trkpt lat="39.108602" lon="-9.311668">
        <ele>59.21</ele>
      </trkpt>
      <trkpt lat="39.10839" lon="-9.311441">
        <ele>56.1</ele>
      </trkpt>
      <trkpt lat="39.107544" lon="-9.310533">
        <ele>54.36</ele>
      </trkpt>
      <trkpt lat="39.107444" lon="-9.310365">
        <ele>55.84</ele>
      </trkpt>
      <trkpt lat="39.107402" lon="-9.31025">
        <ele>55.45</ele>
      </trkpt>
      <trkpt lat="39.107373" lon="-9.310105">
        <ele>55.51</ele>
      </trkpt>
      <trkpt lat="39.107359" lon="-9.309941">
        <ele>55.25</ele>
      </trkpt>
      <trkpt lat="39.107348" lon="-9.309374">
        <ele>54</ele>
      </trkpt>
      <trkpt lat="39.107319" lon="-9.309223">
        <ele>53.3</ele>
      </trkpt>
      <trkpt lat="39.107231" lon="-9.308969">
        <ele>51.46</ele>
      </trkpt>
      <trkpt lat="39.107161" lon="-9.308839">
        <ele>51.89</ele>
      </trkpt>
      <trkpt lat="39.107053" lon="-9.308714">
        <ele>50.3</ele>
      </trkpt>
      <trkpt lat="39.106945" lon="-9.308622">
        <ele>49.93</ele>
      </trkpt>
      <trkpt lat="39.106729" lon="-9.308458">
        <ele>49.06</ele>
      </trkpt>
      <trkpt lat="39.106566" lon="-9.3083">
        <ele>49.12</ele>
      </trkpt>
      <trkpt lat="39.106422" lon="-9.308136">
        <ele>50.64</ele>
      </trkpt>
      <trkpt lat="39.105921" lon="-9.307407">
        <ele>49.81</ele>
      </trkpt>
      <trkpt lat="39.105781" lon="-9.307178">
        <ele>49.79</ele>
      </trkpt>
      <trkpt lat="39.105346" lon="-9.306231">
        <ele>45.84</ele>
      </trkpt>
      <trkpt lat="39.105217" lon="-9.306024">
        <ele>45.06</ele>
      </trkpt>
      <trkpt lat="39.104786" lon="-9.305459">
        <ele>43.35</ele>
      </trkpt>
      <trkpt lat="39.104679" lon="-9.30521">
        <ele>41.9</ele>
      </trkpt>
      <trkpt lat="39.104695" lon="-9.305074">
        <ele>41.11</ele>
      </trkpt>
      <trkpt lat="39.104729" lon="-9.304952">
        <ele>40.6</ele>
      </trkpt>
      <trkpt lat="39.104707" lon="-9.304824">
        <ele>40.32</ele>
      </trkpt>
      <trkpt lat="39.104519" lon="-9.304353">
        <ele>38.03</ele>
      </trkpt>
      <trkpt lat="39.104493" lon="-9.304246">
        <ele>37.23</ele>
      </trkpt>
      <trkpt lat="39.104459" lon="-9.304035">
        <ele>33.87</ele>
      </trkpt>
      <trkpt lat="39.104377" lon="-9.303846">
        <ele>33.03</ele>
      </trkpt>
      <trkpt lat="39.104169" lon="-9.303636">
        <ele>28.59</ele>
      </trkpt>
      <trkpt lat="39.103752" lon="-9.303215">
        <ele>23.11</ele>
      </trkpt>
      <trkpt lat="39.103128" lon="-9.302584">
        <ele>21</ele>
      </trkpt>
      <trkpt lat="39.102711" lon="-9.302163">
        <ele>21.45</ele>
      </trkpt>
      <trkpt lat="39.1026" lon="-9.301993">
        <ele>21.58</ele>
      </trkpt>
      <trkpt lat="39.102537" lon="-9.301824">
        <ele>21.05</ele>
      </trkpt>
      <trkpt lat="39.102506" lon="-9.301703">
        <ele>21</ele>
      </trkpt>
      <trkpt lat="39.102484" lon="-9.301471">
        <ele>21</ele>
      </trkpt>
      <trkpt lat="39.102462" lon="-9.301364">
        <ele>21</ele>
      </trkpt>
      <trkpt lat="39.102408" lon="-9.301173">
        <ele>21</ele>
      </trkpt>
      <trkpt lat="39.102314" lon="-9.300927">
        <ele>21.58</ele>
      </trkpt>
      <trkpt lat="39.101374" lon="-9.2995">
        <ele>21.97</ele>
      </trkpt>
      <trkpt lat="39.101186" lon="-9.299214">
        <ele>23.88</ele>
      </trkpt>
      <trkpt lat="39.100958" lon="-9.299013">
        <ele>25.66</ele>
      </trkpt>
      <trkpt lat="39.100842" lon="-9.298946">
        <ele>25.6</ele>
      </trkpt>
      <trkpt lat="39.099856" lon="-9.298438">
        <ele>24.68</ele>
      </trkpt>
      <trkpt lat="39.099424" lon="-9.298099">
        <ele>21.8</ele>
      </trkpt>
      <trkpt lat="39.098854" lon="-9.297598">
        <ele>20.59</ele>
      </trkpt>
      <trkpt lat="39.098429" lon="-9.297229">
        <ele>23.41</ele>
      </trkpt>
      <trkpt lat="39.09747" lon="-9.296136">
        <ele>22.1</ele>
      </trkpt>
      <trkpt lat="39.097354" lon="-9.296056">
        <ele>22.64</ele>
      </trkpt>
      <trkpt lat="39.09726" lon="-9.295958">
        <ele>23.53</ele>
      </trkpt>
      <trkpt lat="39.097149" lon="-9.295864">
        <ele>23.77</ele>
      </trkpt>
      <trkpt lat="39.097001" lon="-9.295677">
        <ele>23.41</ele>
      </trkpt>
      <trkpt lat="39.096957" lon="-9.29557">
        <ele>23.59</ele>
      </trkpt>
      <trkpt lat="39.096926" lon="-9.295471">
        <ele>23.93</ele>
      </trkpt>
      <trkpt lat="39.096904" lon="-9.295252">
        <ele>24.25</ele>
      </trkpt>
      <trkpt lat="39.09681" lon="-9.293874">
        <ele>26.34</ele>
      </trkpt>
      <trkpt lat="39.096792" lon="-9.29346">
        <ele>26.8</ele>
      </trkpt>
      <trkpt lat="39.096831" lon="-9.292583">
        <ele>25.5</ele>
      </trkpt>
      <trkpt lat="39.096823" lon="-9.292416">
        <ele>25.66</ele>
      </trkpt>
      <trkpt lat="39.096662" lon="-9.291359">
        <ele>23.32</ele>
      </trkpt>
      <trkpt lat="39.096613" lon="-9.291144">
        <ele>23</ele>
      </trkpt>
      <trkpt lat="39.096512" lon="-9.29077">
        <ele>22.15</ele>
      </trkpt>
      <trkpt lat="39.096343" lon="-9.290338">
        <ele>22</ele>
      </trkpt>
      <trkpt lat="39.096227" lon="-9.290082">
        <ele>22</ele>
      </trkpt>
      <trkpt lat="39.096138" lon="-9.29009">
        <ele>22</ele>
      </trkpt>
      <trkpt lat="39.096086" lon="-9.290069">
        <ele>22.11</ele>
      </trkpt>
      <trkpt lat="39.096034" lon="-9.290025">
        <ele>22.2</ele>
      </trkpt>
      <trkpt lat="39.095995" lon="-9.289962">
        <ele>22.18</ele>
      </trkpt>
      <trkpt lat="39.09598" lon="-9.289909">
        <ele>22.12</ele>
      </trkpt>
      <trkpt lat="39.095971" lon="-9.289807">
        <ele>22.02</ele>
      </trkpt>
      <trkpt lat="39.095984" lon="-9.289738">
        <ele>22.04</ele>
      </trkpt>
      <trkpt lat="39.096012" lon="-9.289677">
        <ele>22.26</ele>
      </trkpt>
      <trkpt lat="39.096052" lon="-9.289627">
        <ele>22.23</ele>
      </trkpt>
      <trkpt lat="39.09616" lon="-9.289396">
        <ele>23</ele>
      </trkpt>
      <trkpt lat="39.096343" lon="-9.288827">
        <ele>22.95</ele>
      </trkpt>
      <trkpt lat="39.096658" lon="-9.28825">
        <ele>23.18</ele>
      </trkpt>
      <trkpt lat="39.0969" lon="-9.287841">
        <ele>22.04</ele>
      </trkpt>
      <trkpt lat="39.097203" lon="-9.287186">
        <ele>22.03</ele>
      </trkpt>
      <trkpt lat="39.097299" lon="-9.286708">
        <ele>22</ele>
      </trkpt>
      <trkpt lat="39.097321" lon="-9.286183">
        <ele>21.83</ele>
      </trkpt>
      <trkpt lat="39.097411" lon="-9.285656">
        <ele>21.88</ele>
      </trkpt>
      <trkpt lat="39.09755" lon="-9.28497">
        <ele>21.89</ele>
      </trkpt>
      <trkpt lat="39.097575" lon="-9.284555">
        <ele>22</ele>
      </trkpt>
      <trkpt lat="39.097524" lon="-9.283701">
        <ele>22</ele>
      </trkpt>
      <trkpt lat="39.09742" lon="-9.282411">
        <ele>22</ele>
      </trkpt>
      <trkpt lat="39.097321" lon="-9.281935">
        <ele>22</ele>
      </trkpt>
      <trkpt lat="39.097241" lon="-9.281462">
        <ele>22</ele>
      </trkpt>
      <trkpt lat="39.09726" lon="-9.281115">
        <ele>22</ele>
      </trkpt>
      <trkpt lat="39.097244" lon="-9.280673">
        <ele>22.6</ele>
      </trkpt>
      <trkpt lat="39.097252" lon="-9.280611">
        <ele>22.58</ele>
      </trkpt>
      <trkpt lat="39.097275" lon="-9.280554">
        <ele>22.46</ele>
      </trkpt>
      <trkpt lat="39.097309" lon="-9.280509">
        <ele>22.29</ele>
      </trkpt>
      <trkpt lat="39.097411" lon="-9.280254">
        <ele>22</ele>
      </trkpt>
      <trkpt lat="39.097437" lon="-9.28013">
        <ele>22.04</ele>
      </trkpt>
      <trkpt lat="39.097449" lon="-9.280002">
        <ele>22.13</ele>
      </trkpt>
      <trkpt lat="39.097452" lon="-9.279849">
        <ele>22.16</ele>
      </trkpt>
      <trkpt lat="39.097417" lon="-9.279549">
        <ele>22.26</ele>
      </trkpt>
      <trkpt lat="39.096825" lon="-9.276938">
        <ele>24</ele>
      </trkpt>
      <trkpt lat="39.096479" lon="-9.27576">
        <ele>24.91</ele>
      </trkpt>
      <trkpt lat="39.096073" lon="-9.274528">
        <ele>25.91</ele>
      </trkpt>
      <trkpt lat="39.095754" lon="-9.273715">
        <ele>25.55</ele>
      </trkpt>
      <trkpt lat="39.095583" lon="-9.273315">
        <ele>25.76</ele>
      </trkpt>
      <trkpt lat="39.095513" lon="-9.27303">
        <ele>25.97</ele>
      </trkpt>
      <trkpt lat="39.09539" lon="-9.272233">
        <ele>26.29</ele>
      </trkpt>
      <trkpt lat="39.095385" lon="-9.272089">
        <ele>26.34</ele>
      </trkpt>
      <trkpt lat="39.095391" lon="-9.271918">
        <ele>26.44</ele>
      </trkpt>
      <trkpt lat="39.095414" lon="-9.271721">
        <ele>26.07</ele>
      </trkpt>
      <trkpt lat="39.095599" lon="-9.270948">
        <ele>26.25</ele>
      </trkpt>
      <trkpt lat="39.095739" lon="-9.270531">
        <ele>25.92</ele>
      </trkpt>
      <trkpt lat="39.095782" lon="-9.270356">
        <ele>26.3</ele>
      </trkpt>
      <trkpt lat="39.09582" lon="-9.27013">
        <ele>25.93</ele>
      </trkpt>
      <trkpt lat="39.095933" lon="-9.268881">
        <ele>26.77</ele>
      </trkpt>
      <trkpt lat="39.09595" lon="-9.268561">
        <ele>27.92</ele>
      </trkpt>
      <trkpt lat="39.095929" lon="-9.268525">
        <ele>27.84</ele>
      </trkpt>
      <trkpt lat="39.095907" lon="-9.268465">
        <ele>27.89</ele>
      </trkpt>
      <trkpt lat="39.095899" lon="-9.268401">
        <ele>28</ele>
      </trkpt>
      <trkpt lat="39.095903" lon="-9.268336">
        <ele>28</ele>
      </trkpt>
      <trkpt lat="39.095921" lon="-9.268274">
        <ele>28</ele>
      </trkpt>
      <trkpt lat="39.095954" lon="-9.268217">
        <ele>28</ele>
      </trkpt>
      <trkpt lat="39.095988" lon="-9.268011">
        <ele>27.93</ele>
      </trkpt>
      <trkpt lat="39.095978" lon="-9.267789">
        <ele>27.3</ele>
      </trkpt>
      <trkpt lat="39.095937" lon="-9.267576">
        <ele>26.28</ele>
      </trkpt>
      <trkpt lat="39.095914" lon="-9.267355">
        <ele>26</ele>
      </trkpt>
      <trkpt lat="39.095905" lon="-9.267176">
        <ele>26</ele>
      </trkpt>
      <trkpt lat="39.095866" lon="-9.265996">
        <ele>27.29</ele>
      </trkpt>
      <trkpt lat="39.095862" lon="-9.265112">
        <ele>27.67</ele>
      </trkpt>
      <trkpt lat="39.095914" lon="-9.264696">
        <ele>27.63</ele>
      </trkpt>
      <trkpt lat="39.095986" lon="-9.264317">
        <ele>30.35</ele>
      </trkpt>
      <trkpt lat="39.096156" lon="-9.263597">
        <ele>30.29</ele>
      </trkpt>
      <trkpt lat="39.096274" lon="-9.263094">
        <ele>28.43</ele>
      </trkpt>
      <trkpt lat="39.096351" lon="-9.26275">
        <ele>27.96</ele>
      </trkpt>
      <trkpt lat="39.096396" lon="-9.262513">
        <ele>28.1</ele>
      </trkpt>
      <trkpt lat="39.096427" lon="-9.262332">
        <ele>28.52</ele>
      </trkpt>
      <trkpt lat="39.096395" lon="-9.262301">
        <ele>28.77</ele>
      </trkpt>
      <trkpt lat="39.096392" lon="-9.262248">
        <ele>28.78</ele>
      </trkpt>
      <trkpt lat="39.096409" lon="-9.26222">
        <ele>28.67</ele>
      </trkpt>
      <trkpt lat="39.096435" lon="-9.262208">
        <ele>28.53</ele>
      </trkpt>
      <trkpt lat="39.096473" lon="-9.262226">
        <ele>28.18</ele>
      </trkpt>
      <trkpt lat="39.096546" lon="-9.262099">
        <ele>28.38</ele>
      </trkpt>
      <trkpt lat="39.096639" lon="-9.261946">
        <ele>27.98</ele>
      </trkpt>
      <trkpt lat="39.096864" lon="-9.261639">
        <ele>27.25</ele>
      </trkpt>
      <trkpt lat="39.096903" lon="-9.261569">
        <ele>26.99</ele>
      </trkpt>
      <trkpt lat="39.096962" lon="-9.261413">
        <ele>27</ele>
      </trkpt>
      <trkpt lat="39.096996" lon="-9.261247">
        <ele>27</ele>
      </trkpt>
      <trkpt lat="39.096999" lon="-9.261076">
        <ele>27</ele>
      </trkpt>
      <trkpt lat="39.09699" lon="-9.260992">
        <ele>27</ele>
      </trkpt>
      <trkpt lat="39.096882" lon="-9.260506">
        <ele>28</ele>
      </trkpt>
      <trkpt lat="39.096844" lon="-9.260259">
        <ele>28.18</ele>
      </trkpt>
      <trkpt lat="39.09676" lon="-9.260057">
        <ele>28.99</ele>
      </trkpt>
      <trkpt lat="39.096745" lon="-9.260026">
        <ele>28.97</ele>
      </trkpt>
      <trkpt lat="39.096737" lon="-9.259954">
        <ele>29</ele>
      </trkpt>
      <trkpt lat="39.096687" lon="-9.25989">
        <ele>29.07</ele>
      </trkpt>
      <trkpt lat="39.09659" lon="-9.259766">
        <ele>29.21</ele>
      </trkpt>
      <trkpt lat="39.096525" lon="-9.259735">
        <ele>29.41</ele>
      </trkpt>
      <trkpt lat="39.096452" lon="-9.259717">
        <ele>29.6</ele>
      </trkpt>
      <trkpt lat="39.096367" lon="-9.25971">
        <ele>29.98</ele>
      </trkpt>
      <trkpt lat="39.096297" lon="-9.259714">
        <ele>28.63</ele>
      </trkpt>
      <trkpt lat="39.096089" lon="-9.259739">
        <ele>25.75</ele>
      </trkpt>
      <trkpt lat="39.096017" lon="-9.259764">
        <ele>27.85</ele>
      </trkpt>
      <trkpt lat="39.095956" lon="-9.259758">
        <ele>29.31</ele>
      </trkpt>
      <trkpt lat="39.095909" lon="-9.259739">
        <ele>29.06</ele>
      </trkpt>
      <trkpt lat="39.095867" lon="-9.259708">
        <ele>28.93</ele>
      </trkpt>
      <trkpt lat="39.095831" lon="-9.25966">
        <ele>28.93</ele>
      </trkpt>
      <trkpt lat="39.095776" lon="-9.259524">
        <ele>29</ele>
      </trkpt>
      <trkpt lat="39.095762" lon="-9.259423">
        <ele>29</ele>
      </trkpt>
      <trkpt lat="39.095749" lon="-9.25907">
        <ele>28.4</ele>
      </trkpt>
      <trkpt lat="39.095759" lon="-9.258886">
        <ele>28.27</ele>
      </trkpt>
      <trkpt lat="39.095718" lon="-9.258733">
        <ele>28</ele>
      </trkpt>
      <trkpt lat="39.09565" lon="-9.258596">
        <ele>28</ele>
      </trkpt>
      <trkpt lat="39.095607" lon="-9.258536">
        <ele>28</ele>
      </trkpt>
      <trkpt lat="39.095507" lon="-9.258438">
        <ele>28.02</ele>
      </trkpt>
      <trkpt lat="39.095141" lon="-9.258236">
        <ele>28.09</ele>
      </trkpt>
      <trkpt lat="39.094841" lon="-9.25805">
        <ele>28</ele>
      </trkpt>
      <trkpt lat="39.0947" lon="-9.257985">
        <ele>28</ele>
      </trkpt>
      <trkpt lat="39.094692" lon="-9.258024">
        <ele>28</ele>
      </trkpt>
      <trkpt lat="39.094675" lon="-9.258055">
        <ele>28</ele>
      </trkpt>
      <trkpt lat="39.094652" lon="-9.258078">
        <ele>28</ele>
      </trkpt>
      <trkpt lat="39.094627" lon="-9.258086">
        <ele>28</ele>
      </trkpt>
      <trkpt lat="39.094563" lon="-9.258071">
        <ele>28</ele>
      </trkpt>
      <trkpt lat="39.09451" lon="-9.258024">
        <ele>28</ele>
      </trkpt>
      <trkpt lat="39.094492" lon="-9.257989">
        <ele>28</ele>
      </trkpt>
      <trkpt lat="39.094483" lon="-9.25792">
        <ele>28</ele>
      </trkpt>
      <trkpt lat="39.094491" lon="-9.257886">
        <ele>28</ele>
      </trkpt>
      <trkpt lat="39.094509" lon="-9.257859">
        <ele>28</ele>
      </trkpt>
      <trkpt lat="39.094532" lon="-9.257842">
        <ele>28</ele>
      </trkpt>
      <trkpt lat="39.094441" lon="-9.257681">
        <ele>28</ele>
      </trkpt>
      <trkpt lat="39.094332" lon="-9.257545">
        <ele>28</ele>
      </trkpt>
      <trkpt lat="39.093989" lon="-9.257105">
        <ele>28.17</ele>
      </trkpt>
      <trkpt lat="39.093767" lon="-9.256779">
        <ele>27</ele>
      </trkpt>
      <trkpt lat="39.093745" lon="-9.256797">
        <ele>27</ele>
      </trkpt>
      <trkpt lat="39.093694" lon="-9.256805">
        <ele>27</ele>
      </trkpt>
      <trkpt lat="39.093671" lon="-9.256796">
        <ele>27.17</ele>
      </trkpt>
      <trkpt lat="39.093635" lon="-9.256756">
        <ele>27.44</ele>
      </trkpt>
      <trkpt lat="39.09362" lon="-9.256697">
        <ele>27.55</ele>
      </trkpt>
      <trkpt lat="39.093631" lon="-9.256637">
        <ele>27.47</ele>
      </trkpt>
      <trkpt lat="39.093665" lon="-9.256593">
        <ele>27.22</ele>
      </trkpt>
      <trkpt lat="39.093565" lon="-9.256349">
        <ele>28.02</ele>
      </trkpt>
      <trkpt lat="39.093218" lon="-9.25564">
        <ele>30.13</ele>
      </trkpt>
      <trkpt lat="39.093099" lon="-9.255413">
        <ele>30.34</ele>
      </trkpt>
      <trkpt lat="39.09302" lon="-9.255307">
        <ele>30.29</ele>
      </trkpt>
      <trkpt lat="39.09298" lon="-9.255272">
        <ele>30.93</ele>
      </trkpt>
      <trkpt lat="39.092819" lon="-9.255044">
        <ele>32.66</ele>
      </trkpt>
      <trkpt lat="39.092747" lon="-9.254998">
        <ele>33.09</ele>
      </trkpt>
      <trkpt lat="39.09268" lon="-9.254918">
        <ele>33.3</ele>
      </trkpt>
      <trkpt lat="39.092611" lon="-9.254881">
        <ele>33.26</ele>
      </trkpt>
      <trkpt lat="39.09257" lon="-9.254897">
        <ele>33.22</ele>
      </trkpt>
      <trkpt lat="39.092523" lon="-9.254878">
        <ele>33.06</ele>
      </trkpt>
      <trkpt lat="39.092494" lon="-9.254827">
        <ele>33</ele>
      </trkpt>
      <trkpt lat="39.092491" lon="-9.254793">
        <ele>33.02</ele>
      </trkpt>
      <trkpt lat="39.092497" lon="-9.254759">
        <ele>33</ele>
      </trkpt>
      <trkpt lat="39.092511" lon="-9.254729">
        <ele>33</ele>
      </trkpt>
      <trkpt lat="39.092299" lon="-9.254489">
        <ele>34.35</ele>
      </trkpt>
      <trkpt lat="39.091964" lon="-9.253872">
        <ele>36.96</ele>
      </trkpt>
      <trkpt lat="39.091817" lon="-9.253654">
        <ele>37.9</ele>
      </trkpt>
      <trkpt lat="39.091767" lon="-9.253603">
        <ele>38.51</ele>
      </trkpt>
      <trkpt lat="39.091652" lon="-9.25353">
        <ele>39.29</ele>
      </trkpt>
      <trkpt lat="39.091535" lon="-9.253501">
        <ele>40.17</ele>
      </trkpt>
      <trkpt lat="39.091474" lon="-9.253501">
        <ele>40.63</ele>
      </trkpt>
      <trkpt lat="39.090591" lon="-9.253626">
        <ele>46.24</ele>
      </trkpt>
      <trkpt lat="39.090591" lon="-9.253626">
        <ele>46.24</ele>
      </trkpt>
      <trkpt lat="39.088994" lon="-9.253859">
        <ele>54.48</ele>
      </trkpt>
      <trkpt lat="39.088824" lon="-9.253911">
        <ele>55</ele>
      </trkpt>
      <trkpt lat="39.088631" lon="-9.254002">
        <ele>55.01</ele>
      </trkpt>
      <trkpt lat="39.088456" lon="-9.254131">
        <ele>55.02</ele>
      </trkpt>
      <trkpt lat="39.088326" lon="-9.254252">
        <ele>55.08</ele>
      </trkpt>
      <trkpt lat="39.088183" lon="-9.254428">
        <ele>55.19</ele>
      </trkpt>
      <trkpt lat="39.088068" lon="-9.254611">
        <ele>55.22</ele>
      </trkpt>
      <trkpt lat="39.087942" lon="-9.254889">
        <ele>54.06</ele>
      </trkpt>
      <trkpt lat="39.087896" lon="-9.255018">
        <ele>53.91</ele>
      </trkpt>
      <trkpt lat="39.087917" lon="-9.255051">
        <ele>53.72</ele>
      </trkpt>
      <trkpt lat="39.087918" lon="-9.255094">
        <ele>53.47</ele>
      </trkpt>
      <trkpt lat="39.087887" lon="-9.255134">
        <ele>53.24</ele>
      </trkpt>
      <trkpt lat="39.087844" lon="-9.255129">
        <ele>53.27</ele>
      </trkpt>
      <trkpt lat="39.087437" lon="-9.256132">
        <ele>49.51</ele>
      </trkpt>
      <trkpt lat="39.087312" lon="-9.256442">
        <ele>47.64</ele>
      </trkpt>
      <trkpt lat="39.087293" lon="-9.256587">
        <ele>46.99</ele>
      </trkpt>
      <trkpt lat="39.087266" lon="-9.25668">
        <ele>47</ele>
      </trkpt>
      <trkpt lat="39.087275" lon="-9.256722">
        <ele>47</ele>
      </trkpt>
      <trkpt lat="39.087273" lon="-9.256765">
        <ele>46.76</ele>
      </trkpt>
      <trkpt lat="39.087259" lon="-9.256804">
        <ele>46.53</ele>
      </trkpt>
      <trkpt lat="39.087235" lon="-9.256835">
        <ele>46.35</ele>
      </trkpt>
      <trkpt lat="39.087208" lon="-9.256852">
        <ele>46.25</ele>
      </trkpt>
      <trkpt lat="39.087179" lon="-9.256857">
        <ele>46.22</ele>
      </trkpt>
      <trkpt lat="39.08715" lon="-9.256851">
        <ele>46.26</ele>
      </trkpt>
      <trkpt lat="39.086961" lon="-9.257299">
        <ele>43.65</ele>
      </trkpt>
      <trkpt lat="39.086911" lon="-9.257498">
        <ele>42.9</ele>
      </trkpt>
      <trkpt lat="39.086891" lon="-9.257706">
        <ele>42.24</ele>
      </trkpt>
      <trkpt lat="39.086902" lon="-9.257915">
        <ele>40.94</ele>
      </trkpt>
      <trkpt lat="39.086943" lon="-9.258118">
        <ele>39.57</ele>
      </trkpt>
      <trkpt lat="39.087013" lon="-9.258307">
        <ele>38.84</ele>
      </trkpt>
      <trkpt lat="39.087114" lon="-9.25849">
        <ele>37.28</ele>
      </trkpt>
      <trkpt lat="39.087976" lon="-9.259873">
        <ele>29.21</ele>
      </trkpt>
      <trkpt lat="39.088013" lon="-9.259953">
        <ele>29.08</ele>
      </trkpt>
      <trkpt lat="39.088074" lon="-9.260124">
        <ele>28.2</ele>
      </trkpt>
      <trkpt lat="39.088112" lon="-9.260306">
        <ele>28</ele>
      </trkpt>
      <trkpt lat="39.088129" lon="-9.260492">
        <ele>27.09</ele>
      </trkpt>
      <trkpt lat="39.088128" lon="-9.260795">
        <ele>27.23</ele>
      </trkpt>
      <trkpt lat="39.088129" lon="-9.261015">
        <ele>27</ele>
      </trkpt>
      <trkpt lat="39.088183" lon="-9.261036">
        <ele>27</ele>
      </trkpt>
      <trkpt lat="39.088223" lon="-9.26109">
        <ele>27</ele>
      </trkpt>
      <trkpt lat="39.088236" lon="-9.261161">
        <ele>27</ele>
      </trkpt>
      <trkpt lat="39.08822" lon="-9.261231">
        <ele>27</ele>
      </trkpt>
      <trkpt lat="39.088178" lon="-9.261283">
        <ele>27</ele>
      </trkpt>
      <trkpt lat="39.088122" lon="-9.261301">
        <ele>27</ele>
      </trkpt>
      <trkpt lat="39.088123" lon="-9.261526">
        <ele>27</ele>
      </trkpt>
      <trkpt lat="39.088109" lon="-9.262593">
        <ele>28</ele>
      </trkpt>
      <trkpt lat="39.0881" lon="-9.262721">
        <ele>28</ele>
      </trkpt>
      <trkpt lat="39.088048" lon="-9.262995">
        <ele>28.71</ele>
      </trkpt>
      <trkpt lat="39.088005" lon="-9.263132">
        <ele>28.71</ele>
      </trkpt>
      <trkpt lat="39.087941" lon="-9.263265">
        <ele>29.82</ele>
      </trkpt>
      <trkpt lat="39.087864" lon="-9.263384">
        <ele>30.12</ele>
      </trkpt>
      <trkpt lat="39.087765" lon="-9.263511">
        <ele>30.81</ele>
      </trkpt>
      <trkpt lat="39.087701" lon="-9.263673">
        <ele>32</ele>
      </trkpt>
      <trkpt lat="39.087695" lon="-9.263731">
        <ele>32</ele>
      </trkpt>
      <trkpt lat="39.087705" lon="-9.263794">
        <ele>32.11</ele>
      </trkpt>
      <trkpt lat="39.087727" lon="-9.263852">
        <ele>32.45</ele>
      </trkpt>
      <trkpt lat="39.087781" lon="-9.263933">
        <ele>32.92</ele>
      </trkpt>
      <trkpt lat="39.08786" lon="-9.263954">
        <ele>32.75</ele>
      </trkpt>
      <trkpt lat="39.08957" lon="-9.264419">
        <ele>29.23</ele>
      </trkpt>
      <trkpt lat="39.089793" lon="-9.264494">
        <ele>29.08</ele>
      </trkpt>
      <trkpt lat="39.089901" lon="-9.264545">
        <ele>28.41</ele>
      </trkpt>
      <trkpt lat="39.090111" lon="-9.264669">
        <ele>28</ele>
      </trkpt>
      <trkpt lat="39.09031" lon="-9.264825">
        <ele>27.1</ele>
      </trkpt>
      <trkpt lat="39.090404" lon="-9.264913">
        <ele>26.78</ele>
      </trkpt>
      <trkpt lat="39.091372" lon="-9.265943">
        <ele>26</ele>
      </trkpt>
      <trkpt lat="39.091506" lon="-9.26607">
        <ele>26.13</ele>
      </trkpt>
      <trkpt lat="39.091604" lon="-9.266142">
        <ele>26</ele>
      </trkpt>
      <trkpt lat="39.09169" lon="-9.266185">
        <ele>26.01</ele>
      </trkpt>
      <trkpt lat="39.091765" lon="-9.266179">
        <ele>26.55</ele>
      </trkpt>
      <trkpt lat="39.091835" lon="-9.266212">
        <ele>27</ele>
      </trkpt>
      <trkpt lat="39.091928" lon="-9.265993">
        <ele>26.9</ele>
      </trkpt>
      <trkpt lat="39.091957" lon="-9.265887">
        <ele>26.28</ele>
      </trkpt>
      <trkpt lat="39.091958" lon="-9.265764">
        <ele>26.44</ele>
      </trkpt>
      <trkpt lat="39.091928" lon="-9.265608">
        <ele>26.77</ele>
      </trkpt>
      <trkpt lat="39.091821" lon="-9.265282">
        <ele>27.21</ele>
      </trkpt>
      <trkpt lat="39.091722" lon="-9.265036">
        <ele>27.75</ele>
      </trkpt>
      <trkpt lat="39.091603" lon="-9.264775">
        <ele>27.86</ele>
      </trkpt>
      <trkpt lat="39.091407" lon="-9.264382">
        <ele>29</ele>
      </trkpt>
      <trkpt lat="39.091382" lon="-9.264402">
        <ele>29</ele>
      </trkpt>
      <trkpt lat="39.091354" lon="-9.26441">
        <ele>29</ele>
      </trkpt>
      <trkpt lat="39.091326" lon="-9.264406">
        <ele>29</ele>
      </trkpt>
      <trkpt lat="39.091299" lon="-9.264391">
        <ele>29</ele>
      </trkpt>
      <trkpt lat="39.090975" lon="-9.264847">
        <ele>29.51</ele>
      </trkpt>
      <trkpt lat="39.090801" lon="-9.265085">
        <ele>27.56</ele>
      </trkpt>
      <trkpt lat="39.090535" lon="-9.26542">
        <ele>33.01</ele>
      </trkpt>
      <trkpt lat="39.090385" lon="-9.265603">
        <ele>36.73</ele>
      </trkpt>
      <trkpt lat="39.090281" lon="-9.265747">
        <ele>39.23</ele>
      </trkpt>
      <trkpt lat="39.090241" lon="-9.265865">
        <ele>40.42</ele>
      </trkpt>
      <trkpt lat="39.090231" lon="-9.265955">
        <ele>41.94</ele>
      </trkpt>
      <trkpt lat="39.09023" lon="-9.266045">
        <ele>43.28</ele>
      </trkpt>
      <trkpt lat="39.090238" lon="-9.266135">
        <ele>44.12</ele>
      </trkpt>
      <trkpt lat="39.090256" lon="-9.266223">
        <ele>44.19</ele>
      </trkpt>
      <trkpt lat="39.090283" lon="-9.266307">
        <ele>43.9</ele>
      </trkpt>
      <trkpt lat="39.090767" lon="-9.267266">
        <ele>50.59</ele>
      </trkpt>
      <trkpt lat="39.0908" lon="-9.267363">
        <ele>51.72</ele>
      </trkpt>
      <trkpt lat="39.090812" lon="-9.267469">
        <ele>53.23</ele>
      </trkpt>
      <trkpt lat="39.090803" lon="-9.267576">
        <ele>54.82</ele>
      </trkpt>
      <trkpt lat="39.090763" lon="-9.267675">
        <ele>55.69</ele>
      </trkpt>
      <trkpt lat="39.0907" lon="-9.267752">
        <ele>57.4</ele>
      </trkpt>
      <trkpt lat="39.090662" lon="-9.267779">
        <ele>58.62</ele>
      </trkpt>
      <trkpt lat="39.090579" lon="-9.267809">
        <ele>60.49</ele>
      </trkpt>
      <trkpt lat="39.090459" lon="-9.267802">
        <ele>62.58</ele>
      </trkpt>
      <trkpt lat="39.090387" lon="-9.267766">
        <ele>63.89</ele>
      </trkpt>
      <trkpt lat="39.090327" lon="-9.267706">
        <ele>64.9</ele>
      </trkpt>
      <trkpt lat="39.090302" lon="-9.267668">
        <ele>65.35</ele>
      </trkpt>
      <trkpt lat="39.090124" lon="-9.267217">
        <ele>65.25</ele>
      </trkpt>
      <trkpt lat="39.090042" lon="-9.267085">
        <ele>64.18</ele>
      </trkpt>
      <trkpt lat="39.089993" lon="-9.26703">
        <ele>63.48</ele>
      </trkpt>
      <trkpt lat="39.089881" lon="-9.266945">
        <ele>63.41</ele>
      </trkpt>
      <trkpt lat="39.089819" lon="-9.266915">
        <ele>63.8</ele>
      </trkpt>
      <trkpt lat="39.089666" lon="-9.266873">
        <ele>64.22</ele>
      </trkpt>
      <trkpt lat="39.089483" lon="-9.266856">
        <ele>65.28</ele>
      </trkpt>
      <trkpt lat="39.089391" lon="-9.266861">
        <ele>65.99</ele>
      </trkpt>
      <trkpt lat="39.08921" lon="-9.2669">
        <ele>67.43</ele>
      </trkpt>
      <trkpt lat="39.089082" lon="-9.266951">
        <ele>68.11</ele>
      </trkpt>
      <trkpt lat="39.088957" lon="-9.267022">
        <ele>69.51</ele>
      </trkpt>
      <trkpt lat="39.088708" lon="-9.267206">
        <ele>72.86</ele>
      </trkpt>
      <trkpt lat="39.088598" lon="-9.267315">
        <ele>74.57</ele>
      </trkpt>
      <trkpt lat="39.088505" lon="-9.267455">
        <ele>76.37</ele>
      </trkpt>
      <trkpt lat="39.088059" lon="-9.268305">
        <ele>85.1</ele>
      </trkpt>
      <trkpt lat="39.087931" lon="-9.268515">
        <ele>87.38</ele>
      </trkpt>
      <trkpt lat="39.087859" lon="-9.268615">
        <ele>89.06</ele>
      </trkpt>
      <trkpt lat="39.087782" lon="-9.268704">
        <ele>89.78</ele>
      </trkpt>
      <trkpt lat="39.087697" lon="-9.268777">
        <ele>91.26</ele>
      </trkpt>
      <trkpt lat="39.087697" lon="-9.268777">
        <ele>91.26</ele>
      </trkpt>
      <trkpt lat="39.087358" lon="-9.268985">
        <ele>94.29</ele>
      </trkpt>
      <trkpt lat="39.087137" lon="-9.26905">
        <ele>95.49</ele>
      </trkpt>
      <trkpt lat="39.086803" lon="-9.268997">
        <ele>99.73</ele>
      </trkpt>
      <trkpt lat="39.086596" lon="-9.269041">
        <ele>103.07</ele>
      </trkpt>
      <trkpt lat="39.086465" lon="-9.269185">
        <ele>106.28</ele>
      </trkpt>
      <trkpt lat="39.086464" lon="-9.269201">
        <ele>106.45</ele>
      </trkpt>
      <trkpt lat="39.086453" lon="-9.269433">
        <ele>108.98</ele>
      </trkpt>
      <trkpt lat="39.087182" lon="-9.270278">
        <ele>114.06</ele>
      </trkpt>
      <trkpt lat="39.087182" lon="-9.270278">
        <ele>114.06</ele>
      </trkpt>
      <trkpt lat="39.087679" lon="-9.271462">
        <ele>115.77</ele>
      </trkpt>
      <trkpt lat="39.087998" lon="-9.272014">
        <ele>115.6</ele>
      </trkpt>
      <trkpt lat="39.088317" lon="-9.272565">
        <ele>119.18</ele>
      </trkpt>
      <trkpt lat="39.088548" lon="-9.272626">
        <ele>119.13</ele>
      </trkpt>
      <trkpt lat="39.089009" lon="-9.272747">
        <ele>123.44</ele>
      </trkpt>
      <trkpt lat="39.089483" lon="-9.272882">
        <ele>123.83</ele>
      </trkpt>
      <trkpt lat="39.090194" lon="-9.273085">
        <ele>129.6</ele>
      </trkpt>
      <trkpt lat="39.090404" lon="-9.273319">
        <ele>131.58</ele>
      </trkpt>
      <trkpt lat="39.090466" lon="-9.273925">
        <ele>132.54</ele>
      </trkpt>
      <trkpt lat="39.09053" lon="-9.27495">
        <ele>129.49</ele>
      </trkpt>
      <trkpt lat="39.090616" lon="-9.276316">
        <ele>121.33</ele>
      </trkpt>
      <trkpt lat="39.090506" lon="-9.276458">
        <ele>121.59</ele>
      </trkpt>
      <trkpt lat="39.090055" lon="-9.276857">
        <ele>119.38</ele>
      </trkpt>
      <trkpt lat="39.089902" lon="-9.277011">
        <ele>118.93</ele>
      </trkpt>
      <trkpt lat="39.089675" lon="-9.277204">
        <ele>119.87</ele>
      </trkpt>
      <trkpt lat="39.089442" lon="-9.277361">
        <ele>120.73</ele>
      </trkpt>
      <trkpt lat="39.089155" lon="-9.277569">
        <ele>121.6</ele>
      </trkpt>
      <trkpt lat="39.08881" lon="-9.27786">
        <ele>121.8</ele>
      </trkpt>
      <trkpt lat="39.088099" lon="-9.278539">
        <ele>122.15</ele>
      </trkpt>
      <trkpt lat="39.087964" lon="-9.278658">
        <ele>121.85</ele>
      </trkpt>
      <trkpt lat="39.087531" lon="-9.278943">
        <ele>122.51</ele>
      </trkpt>
      <trkpt lat="39.087296" lon="-9.279117">
        <ele>122.52</ele>
      </trkpt>
      <trkpt lat="39.087172" lon="-9.279222">
        <ele>123.09</ele>
      </trkpt>
      <trkpt lat="39.087056" lon="-9.279368">
        <ele>122.94</ele>
      </trkpt>
      <trkpt lat="39.086984" lon="-9.279525">
        <ele>122.84</ele>
      </trkpt>
      <trkpt lat="39.086935" lon="-9.279713">
        <ele>123.26</ele>
      </trkpt>
      <trkpt lat="39.086992" lon="-9.280033">
        <ele>123.93</ele>
      </trkpt>
      <trkpt lat="39.086939" lon="-9.28033">
        <ele>123.79</ele>
      </trkpt>
      <trkpt lat="39.086455" lon="-9.280786">
        <ele>122.62</ele>
      </trkpt>
      <trkpt lat="39.086243" lon="-9.280972">
        <ele>123.65</ele>
      </trkpt>
      <trkpt lat="39.085607" lon="-9.28153">
        <ele>121.35</ele>
      </trkpt>
      <trkpt lat="39.085464" lon="-9.28169">
        <ele>121.48</ele>
      </trkpt>
      <trkpt lat="39.085051" lon="-9.282482">
        <ele>127.62</ele>
      </trkpt>
      <trkpt lat="39.084903" lon="-9.282599">
        <ele>130.61</ele>
      </trkpt>
      <trkpt lat="39.08484" lon="-9.282616">
        <ele>131.29</ele>
      </trkpt>
      <trkpt lat="39.084751" lon="-9.282607">
        <ele>132</ele>
      </trkpt>
      <trkpt lat="39.084523" lon="-9.282523">
        <ele>133.69</ele>
      </trkpt>
      <trkpt lat="39.084255" lon="-9.282558">
        <ele>134.08</ele>
      </trkpt>
      <trkpt lat="39.083703" lon="-9.282816">
        <ele>132.36</ele>
      </trkpt>
      <trkpt lat="39.083555" lon="-9.282885">
        <ele>131.79</ele>
      </trkpt>
      <trkpt lat="39.083059" lon="-9.283025">
        <ele>125.24</ele>
      </trkpt>
      <trkpt lat="39.082779" lon="-9.28306">
        <ele>123.85</ele>
      </trkpt>
      <trkpt lat="39.082179" lon="-9.282791">
        <ele>123.06</ele>
      </trkpt>
      <trkpt lat="39.081922" lon="-9.282809">
        <ele>121.79</ele>
      </trkpt>
      <trkpt lat="39.08142" lon="-9.282966">
        <ele>122.34</ele>
      </trkpt>
      <trkpt lat="39.08107" lon="-9.283241">
        <ele>122.23</ele>
      </trkpt>
      <trkpt lat="39.080995" lon="-9.28341">
        <ele>121.69</ele>
      </trkpt>
      <trkpt lat="39.081018" lon="-9.284051">
        <ele>115.01</ele>
      </trkpt>
      <trkpt lat="39.081129" lon="-9.284763">
        <ele>108.97</ele>
      </trkpt>
      <trkpt lat="39.081135" lon="-9.285276">
        <ele>104.91</ele>
      </trkpt>
      <trkpt lat="39.081081" lon="-9.285693">
        <ele>100.62</ele>
      </trkpt>
      <trkpt lat="39.081018" lon="-9.286186">
        <ele>97.82</ele>
      </trkpt>
      <trkpt lat="39.08061" lon="-9.287248">
        <ele>84.99</ele>
      </trkpt>
      <trkpt lat="39.080306" lon="-9.287726">
        <ele>79.86</ele>
      </trkpt>
      <trkpt lat="39.07949" lon="-9.288595">
        <ele>65.18</ele>
      </trkpt>
      <trkpt lat="39.079245" lon="-9.288916">
        <ele>60.37</ele>
      </trkpt>
      <trkpt lat="39.079011" lon="-9.2894">
        <ele>55.09</ele>
      </trkpt>
      <trkpt lat="39.078446" lon="-9.291156">
        <ele>40.92</ele>
      </trkpt>
      <trkpt lat="39.077909" lon="-9.292317">
        <ele>29.84</ele>
      </trkpt>
      <trkpt lat="39.077845" lon="-9.292596">
        <ele>28.31</ele>
      </trkpt>
      <trkpt lat="39.07795" lon="-9.29297">
        <ele>26.59</ele>
      </trkpt>
      <trkpt lat="39.078039" lon="-9.293112">
        <ele>26.02</ele>
      </trkpt>
      <trkpt lat="39.078233" lon="-9.293299">
        <ele>24.95</ele>
      </trkpt>
      <trkpt lat="39.078656" lon="-9.293739">
        <ele>23.01</ele>
      </trkpt>
      <trkpt lat="39.07887" lon="-9.294244">
        <ele>21.81</ele>
      </trkpt>
      <trkpt lat="39.079009" lon="-9.294612">
        <ele>21.72</ele>
      </trkpt>
      <trkpt lat="39.079092" lon="-9.29495">
        <ele>21.63</ele>
      </trkpt>
      <trkpt lat="39.079142" lon="-9.294945">
        <ele>22</ele>
      </trkpt>
      <trkpt lat="39.079171" lon="-9.294959">
        <ele>22</ele>
      </trkpt>
      <trkpt lat="39.079202" lon="-9.294997">
        <ele>22</ele>
      </trkpt>
      <trkpt lat="39.079214" lon="-9.295039">
        <ele>22</ele>
      </trkpt>
      <trkpt lat="39.079215" lon="-9.295073">
        <ele>22</ele>
      </trkpt>
      <trkpt lat="39.079205" lon="-9.295117">
        <ele>21.9</ele>
      </trkpt>
      <trkpt lat="39.079187" lon="-9.295146">
        <ele>21.87</ele>
      </trkpt>
      <trkpt lat="39.079158" lon="-9.29517">
        <ele>21.94</ele>
      </trkpt>
      <trkpt lat="39.07911" lon="-9.295177">
        <ele>21.9</ele>
      </trkpt>
      <trkpt lat="39.07908" lon="-9.295163">
        <ele>21.76</ele>
      </trkpt>
      <trkpt lat="39.07905" lon="-9.295129">
        <ele>21.51</ele>
      </trkpt>
      <trkpt lat="39.078873" lon="-9.295316">
        <ele>20.76</ele>
      </trkpt>
      <trkpt lat="39.07827" lon="-9.295908">
        <ele>21.53</ele>
      </trkpt>
      <trkpt lat="39.078069" lon="-9.296105">
        <ele>24.07</ele>
      </trkpt>
      <trkpt lat="39.077778" lon="-9.296373">
        <ele>26.69</ele>
      </trkpt>
      <trkpt lat="39.077388" lon="-9.296681">
        <ele>27.72</ele>
      </trkpt>
      <trkpt lat="39.077132" lon="-9.296861">
        <ele>27.64</ele>
      </trkpt>
      <trkpt lat="39.07693" lon="-9.296955">
        <ele>27.09</ele>
      </trkpt>
      <trkpt lat="39.076669" lon="-9.297027">
        <ele>26.19</ele>
      </trkpt>
      <trkpt lat="39.076446" lon="-9.297129">
        <ele>27.2</ele>
      </trkpt>
      <trkpt lat="39.075917" lon="-9.297407">
        <ele>30.01</ele>
      </trkpt>
      <trkpt lat="39.075675" lon="-9.297534">
        <ele>29.7</ele>
      </trkpt>
      <trkpt lat="39.07557" lon="-9.297623">
        <ele>30.11</ele>
      </trkpt>
      <trkpt lat="39.0754" lon="-9.297859">
        <ele>29.03</ele>
      </trkpt>
      <trkpt lat="39.07513" lon="-9.298328">
        <ele>30.05</ele>
      </trkpt>
      <trkpt lat="39.074982" lon="-9.298635">
        <ele>30.48</ele>
      </trkpt>
      <trkpt lat="39.07454" lon="-9.299554">
        <ele>25.98</ele>
      </trkpt>
      <trkpt lat="39.074404" lon="-9.299911">
        <ele>25</ele>
      </trkpt>
      <trkpt lat="39.074363" lon="-9.300187">
        <ele>25</ele>
      </trkpt>
      <trkpt lat="39.074294" lon="-9.301139">
        <ele>25.93</ele>
      </trkpt>
      <trkpt lat="39.074225" lon="-9.302091">
        <ele>30.67</ele>
      </trkpt>
      <trkpt lat="39.074171" lon="-9.302491">
        <ele>32.87</ele>
      </trkpt>
      <trkpt lat="39.074126" lon="-9.302723">
        <ele>33.88</ele>
      </trkpt>
      <trkpt lat="39.074013" lon="-9.303006">
        <ele>34.68</ele>
      </trkpt>
      <trkpt lat="39.07382" lon="-9.303344">
        <ele>35.57</ele>
      </trkpt>
      <trkpt lat="39.073303" lon="-9.304229">
        <ele>41.52</ele>
      </trkpt>
      <trkpt lat="39.072828" lon="-9.305018">
        <ele>46.29</ele>
      </trkpt>
      <trkpt lat="39.072036" lon="-9.306332">
        <ele>57.21</ele>
      </trkpt>
      <trkpt lat="39.071895" lon="-9.306493">
        <ele>58.99</ele>
      </trkpt>
      <trkpt lat="39.071158" lon="-9.306702">
        <ele>70.34</ele>
      </trkpt>
      <trkpt lat="39.070421" lon="-9.306912">
        <ele>75.66</ele>
      </trkpt>
      <trkpt lat="39.068914" lon="-9.307289">
        <ele>91.61</ele>
      </trkpt>
      <trkpt lat="39.068187" lon="-9.30746">
        <ele>94.06</ele>
      </trkpt>
      <trkpt lat="39.068078" lon="-9.307568">
        <ele>94.24</ele>
      </trkpt>
      <trkpt lat="39.068002" lon="-9.30804">
        <ele>93.27</ele>
      </trkpt>
      <trkpt lat="39.067916" lon="-9.308826">
        <ele>91.07</ele>
      </trkpt>
      <trkpt lat="39.067838" lon="-9.309272">
        <ele>86.83</ele>
      </trkpt>
      <trkpt lat="39.067344" lon="-9.31112">
        <ele>73.64</ele>
      </trkpt>
      <trkpt lat="39.067314" lon="-9.311264">
        <ele>73.32</ele>
      </trkpt>
      <trkpt lat="39.067129" lon="-9.311765">
        <ele>71.05</ele>
      </trkpt>
      <trkpt lat="39.067068" lon="-9.31217">
        <ele>68.21</ele>
      </trkpt>
      <trkpt lat="39.06703" lon="-9.312304">
        <ele>67.19</ele>
      </trkpt>
      <trkpt lat="39.066919" lon="-9.312565">
        <ele>64.97</ele>
      </trkpt>
      <trkpt lat="39.066823" lon="-9.312889">
        <ele>62.56</ele>
      </trkpt>
      <trkpt lat="39.066751" lon="-9.313152">
        <ele>61.79</ele>
      </trkpt>
      <trkpt lat="39.066589" lon="-9.313713">
        <ele>56.33</ele>
      </trkpt>
      <trkpt lat="39.066452" lon="-9.315001">
        <ele>44.42</ele>
      </trkpt>
      <trkpt lat="39.066427" lon="-9.315395">
        <ele>42.97</ele>
      </trkpt>
      <trkpt lat="39.066343" lon="-9.315658">
        <ele>41.6</ele>
      </trkpt>
      <trkpt lat="39.06616" lon="-9.316138">
        <ele>40.25</ele>
      </trkpt>
      <trkpt lat="39.06596" lon="-9.316586">
        <ele>38.13</ele>
      </trkpt>
      <trkpt lat="39.065706" lon="-9.317468">
        <ele>32.2</ele>
      </trkpt>
      <trkpt lat="39.065656" lon="-9.317718">
        <ele>31.01</ele>
      </trkpt>
      <trkpt lat="39.065643" lon="-9.318002">
        <ele>30.91</ele>
      </trkpt>
      <trkpt lat="39.06556" lon="-9.3183">
        <ele>30.29</ele>
      </trkpt>
      <trkpt lat="39.065389" lon="-9.318743">
        <ele>29.01</ele>
      </trkpt>
      <trkpt lat="39.064953" lon="-9.319587">
        <ele>30.4</ele>
      </trkpt>
      <trkpt lat="39.064776" lon="-9.319928">
        <ele>29.31</ele>
      </trkpt>
      <trkpt lat="39.064462" lon="-9.320461">
        <ele>28</ele>
      </trkpt>
      <trkpt lat="39.064101" lon="-9.321073">
        <ele>30.21</ele>
      </trkpt>
      <trkpt lat="39.063968" lon="-9.321271">
        <ele>32.12</ele>
      </trkpt>
      <trkpt lat="39.063468" lon="-9.321633">
        <ele>34.41</ele>
      </trkpt>
      <trkpt lat="39.061994" lon="-9.322575">
        <ele>43.28</ele>
      </trkpt>
      <trkpt lat="39.061786" lon="-9.322722">
        <ele>44.72</ele>
      </trkpt>
      <trkpt lat="39.0617" lon="-9.322858">
        <ele>46.25</ele>
      </trkpt>
      <trkpt lat="39.0617" lon="-9.322858">
        <ele>46.25</ele>
      </trkpt>
      <trkpt lat="39.061677" lon="-9.322894">
        <ele>46.66</ele>
      </trkpt>
      <trkpt lat="39.061623" lon="-9.323272">
        <ele>49.11</ele>
      </trkpt>
      <trkpt lat="39.061498" lon="-9.325687">
        <ele>63.96</ele>
      </trkpt>
      <trkpt lat="39.061452" lon="-9.326634">
        <ele>65.72</ele>
      </trkpt>
      <trkpt lat="39.061352" lon="-9.328754">
        <ele>55.65</ele>
      </trkpt>
      <trkpt lat="39.061311" lon="-9.32913">
        <ele>53.56</ele>
      </trkpt>
      <trkpt lat="39.061223" lon="-9.329355">
        <ele>52.9</ele>
      </trkpt>
      <trkpt lat="39.061219" lon="-9.329664">
        <ele>50.64</ele>
      </trkpt>
      <trkpt lat="39.061282" lon="-9.329889">
        <ele>49.11</ele>
      </trkpt>
      <trkpt lat="39.061407" lon="-9.330034">
        <ele>46.54</ele>
      </trkpt>
      <trkpt lat="39.06159" lon="-9.330047">
        <ele>44.82</ele>
      </trkpt>
      <trkpt lat="39.061802" lon="-9.329975">
        <ele>43.07</ele>
      </trkpt>
      <trkpt lat="39.061973" lon="-9.329932">
        <ele>42.02</ele>
      </trkpt>
      <trkpt lat="39.062144" lon="-9.329994">
        <ele>40.01</ele>
      </trkpt>
      <trkpt lat="39.062335" lon="-9.330136">
        <ele>38.35</ele>
      </trkpt>
      <trkpt lat="39.062419" lon="-9.330364">
        <ele>36.54</ele>
      </trkpt>
      <trkpt lat="39.062373" lon="-9.330589">
        <ele>34.85</ele>
      </trkpt>
      <trkpt lat="39.062002" lon="-9.331142">
        <ele>32.44</ele>
      </trkpt>
      <trkpt lat="39.061694" lon="-9.331383">
        <ele>30.85</ele>
      </trkpt>
      <trkpt lat="39.060736" lon="-9.332027">
        <ele>29.06</ele>
      </trkpt>
      <trkpt lat="39.06029" lon="-9.332831">
        <ele>24.35</ele>
      </trkpt>
      <trkpt lat="39.060236" lon="-9.333011">
        <ele>23.61</ele>
      </trkpt>
      <trkpt lat="39.060257" lon="-9.333261">
        <ele>22.01</ele>
      </trkpt>
      <trkpt lat="39.060494" lon="-9.33395">
        <ele>20.35</ele>
      </trkpt>
      <trkpt lat="39.060607" lon="-9.334277">
        <ele>21.39</ele>
      </trkpt>
      <trkpt lat="39.060607" lon="-9.334468">
        <ele>21.6</ele>
      </trkpt>
      <trkpt lat="39.060582" lon="-9.334897">
        <ele>22.02</ele>
      </trkpt>
      <trkpt lat="39.060594" lon="-9.335283">
        <ele>21.53</ele>
      </trkpt>
      <trkpt lat="39.060702" lon="-9.336057">
        <ele>18.75</ele>
      </trkpt>
      <trkpt lat="39.060873" lon="-9.336804">
        <ele>17.52</ele>
      </trkpt>
      <trkpt lat="39.06116" lon="-9.337974">
        <ele>17</ele>
      </trkpt>
      <trkpt lat="39.061192" lon="-9.338244">
        <ele>17</ele>
      </trkpt>
      <trkpt lat="39.061177" lon="-9.338688">
        <ele>17</ele>
      </trkpt>
      <trkpt lat="39.061155" lon="-9.338859">
        <ele>16.84</ele>
      </trkpt>
      <trkpt lat="39.061122" lon="-9.339329">
        <ele>15.98</ele>
      </trkpt>
      <trkpt lat="39.061086" lon="-9.339612">
        <ele>16.21</ele>
      </trkpt>
      <trkpt lat="39.061034" lon="-9.339871">
        <ele>16.18</ele>
      </trkpt>
      <trkpt lat="39.060944" lon="-9.340205">
        <ele>15.73</ele>
      </trkpt>
      <trkpt lat="39.060905" lon="-9.340416">
        <ele>15.57</ele>
      </trkpt>
      <trkpt lat="39.060903" lon="-9.340596">
        <ele>15.59</ele>
      </trkpt>
      <trkpt lat="39.060943" lon="-9.340805">
        <ele>15.9</ele>
      </trkpt>
      <trkpt lat="39.061011" lon="-9.340982">
        <ele>15.77</ele>
      </trkpt>
      <trkpt lat="39.061194" lon="-9.341662">
        <ele>15</ele>
      </trkpt>
      <trkpt lat="39.061446" lon="-9.342364">
        <ele>15</ele>
      </trkpt>
      <trkpt lat="39.061551" lon="-9.342833">
        <ele>14.91</ele>
      </trkpt>
      <trkpt lat="39.061606" lon="-9.343043">
        <ele>15</ele>
      </trkpt>
      <trkpt lat="39.061682" lon="-9.343142">
        <ele>14.86</ele>
      </trkpt>
      <trkpt lat="39.061777" lon="-9.343221">
        <ele>14.9</ele>
      </trkpt>
      <trkpt lat="39.061871" lon="-9.343274">
        <ele>14.48</ele>
      </trkpt>
      <trkpt lat="39.062061" lon="-9.343309">
        <ele>14.41</ele>
      </trkpt>
      <trkpt lat="39.062801" lon="-9.343319">
        <ele>14</ele>
      </trkpt>
      <trkpt lat="39.063038" lon="-9.343341">
        <ele>14.64</ele>
      </trkpt>
      <trkpt lat="39.063167" lon="-9.343384">
        <ele>15.37</ele>
      </trkpt>
      <trkpt lat="39.063274" lon="-9.343468">
        <ele>15.94</ele>
      </trkpt>
      <trkpt lat="39.063855" lon="-9.344245">
        <ele>19.37</ele>
      </trkpt>
      <trkpt lat="39.064011" lon="-9.344424">
        <ele>20.37</ele>
      </trkpt>
      <trkpt lat="39.064322" lon="-9.34463">
        <ele>20.64</ele>
      </trkpt>
      <trkpt lat="39.064415" lon="-9.344717">
        <ele>20.88</ele>
      </trkpt>
      <trkpt lat="39.06448" lon="-9.34481">
        <ele>21.04</ele>
      </trkpt>
      <trkpt lat="39.06452" lon="-9.344976">
        <ele>19.9</ele>
      </trkpt>
      <trkpt lat="39.064573" lon="-9.345444">
        <ele>18.11</ele>
      </trkpt>
      <trkpt lat="39.06461" lon="-9.345634">
        <ele>17.25</ele>
      </trkpt>
      <trkpt lat="39.064659" lon="-9.345758">
        <ele>16.59</ele>
      </trkpt>
      <trkpt lat="39.064733" lon="-9.345862">
        <ele>16.51</ele>
      </trkpt>
      <trkpt lat="39.0649" lon="-9.346035">
        <ele>15.74</ele>
      </trkpt>
      <trkpt lat="39.064954" lon="-9.346109">
        <ele>15.31</ele>
      </trkpt>
      <trkpt lat="39.064998" lon="-9.346226">
        <ele>15</ele>
      </trkpt>
      <trkpt lat="39.06501" lon="-9.346367">
        <ele>15</ele>
      </trkpt>
      <trkpt lat="39.064896" lon="-9.347088">
        <ele>14</ele>
      </trkpt>
      <trkpt lat="39.064964" lon="-9.347197">
        <ele>14</ele>
      </trkpt>
      <trkpt lat="39.064999" lon="-9.347211">
        <ele>14</ele>
      </trkpt>
      <trkpt lat="39.065111" lon="-9.347194">
        <ele>14</ele>
      </trkpt>
      <trkpt lat="39.065571" lon="-9.346584">
        <ele>16</ele>
      </trkpt>
      <trkpt lat="39.066006" lon="-9.346053">
        <ele>18.69</ele>
      </trkpt>
      <trkpt lat="39.06644" lon="-9.345522">
        <ele>24.24</ele>
      </trkpt>
      <trkpt lat="39.067009" lon="-9.344761">
        <ele>31.79</ele>
      </trkpt>
      <trkpt lat="39.067154" lon="-9.344567">
        <ele>33.71</ele>
      </trkpt>
      <trkpt lat="39.067376" lon="-9.344329">
        <ele>34.38</ele>
      </trkpt>
      <trkpt lat="39.067633" lon="-9.34415">
        <ele>37.6</ele>
      </trkpt>
      <trkpt lat="39.06777" lon="-9.344095">
        <ele>38.59</ele>
      </trkpt>
      <trkpt lat="39.068807" lon="-9.344046">
        <ele>42.6</ele>
      </trkpt>
      <trkpt lat="39.068993" lon="-9.344063">
        <ele>43.2</ele>
      </trkpt>
      <trkpt lat="39.069642" lon="-9.344405">
        <ele>43.96</ele>
      </trkpt>
      <trkpt lat="39.069848" lon="-9.344494">
        <ele>45.51</ele>
      </trkpt>
      <trkpt lat="39.070055" lon="-9.344544">
        <ele>47.55</ele>
      </trkpt>
      <trkpt lat="39.070253" lon="-9.344546">
        <ele>49.21</ele>
      </trkpt>
      <trkpt lat="39.070467" lon="-9.344479">
        <ele>50.99</ele>
      </trkpt>
      <trkpt lat="39.071336" lon="-9.344029">
        <ele>56.22</ele>
      </trkpt>
      <trkpt lat="39.072174" lon="-9.343575">
        <ele>57.01</ele>
      </trkpt>
      <trkpt lat="39.072548" lon="-9.343381">
        <ele>53.28</ele>
      </trkpt>
      <trkpt lat="39.072962" lon="-9.343019">
        <ele>47.64</ele>
      </trkpt>
      <trkpt lat="39.073402" lon="-9.342593">
        <ele>42.99</ele>
      </trkpt>
      <trkpt lat="39.074144" lon="-9.341549">
        <ele>34.89</ele>
      </trkpt>
      <trkpt lat="39.074456" lon="-9.341227">
        <ele>32.28</ele>
      </trkpt>
      <trkpt lat="39.074974" lon="-9.34079">
        <ele>29.16</ele>
      </trkpt>
      <trkpt lat="39.075568" lon="-9.340278">
        <ele>30.74</ele>
      </trkpt>
      <trkpt lat="39.07586" lon="-9.339884">
        <ele>34.08</ele>
      </trkpt>
      <trkpt lat="39.076559" lon="-9.339015">
        <ele>40.55</ele>
      </trkpt>
      <trkpt lat="39.076847" lon="-9.338733">
        <ele>42.85</ele>
      </trkpt>
      <trkpt lat="39.077113" lon="-9.338537">
        <ele>43</ele>
      </trkpt>
      <trkpt lat="39.077378" lon="-9.338382">
        <ele>42.77</ele>
      </trkpt>
      <trkpt lat="39.077909" lon="-9.338071">
        <ele>38.97</ele>
      </trkpt>
      <trkpt lat="39.078117" lon="-9.337883">
        <ele>37.05</ele>
      </trkpt>
      <trkpt lat="39.078275" lon="-9.337596">
        <ele>35.59</ele>
      </trkpt>
      <trkpt lat="39.078442" lon="-9.337344">
        <ele>32.97</ele>
      </trkpt>
      <trkpt lat="39.078829" lon="-9.336906">
        <ele>28.94</ele>
      </trkpt>
      <trkpt lat="39.079555" lon="-9.336104">
        <ele>28</ele>
      </trkpt>
      <trkpt lat="39.079841" lon="-9.335777">
        <ele>25.91</ele>
      </trkpt>
      <trkpt lat="39.079979" lon="-9.33571">
        <ele>25.09</ele>
      </trkpt>
      <trkpt lat="39.080103" lon="-9.335665">
        <ele>23.99</ele>
      </trkpt>
      <trkpt lat="39.08129" lon="-9.33531">
        <ele>16.09</ele>
      </trkpt>
      <trkpt lat="39.081806" lon="-9.335115">
        <ele>15.27</ele>
      </trkpt>
      <trkpt lat="39.082094" lon="-9.33472">
        <ele>15.95</ele>
      </trkpt>
      <trkpt lat="39.082314" lon="-9.33435">
        <ele>16.16</ele>
      </trkpt>
      <trkpt lat="39.082477" lon="-9.334025">
        <ele>16.03</ele>
      </trkpt>
      <trkpt lat="39.082791" lon="-9.333472">
        <ele>16</ele>
      </trkpt>
      <trkpt lat="39.082851" lon="-9.333406">
        <ele>16.2</ele>
      </trkpt>
      <trkpt lat="39.083176" lon="-9.333221">
        <ele>15.78</ele>
      </trkpt>
      <trkpt lat="39.083472" lon="-9.333081">
        <ele>15</ele>
      </trkpt>
      <trkpt lat="39.083845" lon="-9.332928">
        <ele>14</ele>
      </trkpt>
      <trkpt lat="39.083974" lon="-9.332849">
        <ele>14.32</ele>
      </trkpt>
      <trkpt lat="39.084016" lon="-9.332807">
        <ele>14.32</ele>
      </trkpt>
      <trkpt lat="39.084052" lon="-9.332795">
        <ele>14.16</ele>
      </trkpt>
      <trkpt lat="39.084112" lon="-9.332813">
        <ele>14</ele>
      </trkpt>
      <trkpt lat="39.084155" lon="-9.332871">
        <ele>14</ele>
      </trkpt>
      <trkpt lat="39.084321" lon="-9.33294">
        <ele>14</ele>
      </trkpt>
      <trkpt lat="39.084804" lon="-9.33298">
        <ele>14</ele>
      </trkpt>
      <trkpt lat="39.084954" lon="-9.333004">
        <ele>13.71</ele>
      </trkpt>
      <trkpt lat="39.085326" lon="-9.333062">
        <ele>13</ele>
      </trkpt>
      <trkpt lat="39.085552" lon="-9.333127">
        <ele>12.78</ele>
      </trkpt>
      <trkpt lat="39.085847" lon="-9.333288">
        <ele>12.85</ele>
      </trkpt>
      <trkpt lat="39.087015" lon="-9.334056">
        <ele>14.36</ele>
      </trkpt>
      <trkpt lat="39.087068" lon="-9.334095">
        <ele>13.48</ele>
      </trkpt>
      <trkpt lat="39.087376" lon="-9.334284">
        <ele>13.96</ele>
      </trkpt>
      <trkpt lat="39.087583" lon="-9.334367">
        <ele>14.02</ele>
      </trkpt>
      <trkpt lat="39.087775" lon="-9.334404">
        <ele>13.36</ele>
      </trkpt>
      <trkpt lat="39.088205" lon="-9.334338">
        <ele>13.74</ele>
      </trkpt>
      <trkpt lat="39.088877" lon="-9.334209">
        <ele>14.46</ele>
      </trkpt>
      <trkpt lat="39.089042" lon="-9.334114">
        <ele>15.15</ele>
      </trkpt>
      <trkpt lat="39.089168" lon="-9.334008">
        <ele>16</ele>
      </trkpt>
      <trkpt lat="39.089197" lon="-9.333956">
        <ele>16</ele>
      </trkpt>
      <trkpt lat="39.089232" lon="-9.333923">
        <ele>15.93</ele>
      </trkpt>
      <trkpt lat="39.089274" lon="-9.333905">
        <ele>15.97</ele>
      </trkpt>
      <trkpt lat="39.089318" lon="-9.333904">
        <ele>16</ele>
      </trkpt>
      <trkpt lat="39.08936" lon="-9.33392">
        <ele>16</ele>
      </trkpt>
      <trkpt lat="39.089396" lon="-9.333952">
        <ele>16</ele>
      </trkpt>
      <trkpt lat="39.089423" lon="-9.333996">
        <ele>16.01</ele>
      </trkpt>
      <trkpt lat="39.089436" lon="-9.334036">
        <ele>16.05</ele>
      </trkpt>
      <trkpt lat="39.089439" lon="-9.334123">
        <ele>16</ele>
      </trkpt>
      <trkpt lat="39.089459" lon="-9.334374">
        <ele>15.87</ele>
      </trkpt>
      <trkpt lat="39.089558" lon="-9.33458">
        <ele>15.01</ele>
      </trkpt>
      <trkpt lat="39.089935" lon="-9.335168">
        <ele>15</ele>
      </trkpt>
      <trkpt lat="39.090004" lon="-9.335349">
        <ele>15</ele>
      </trkpt>
      <trkpt lat="39.090341" lon="-9.335793">
        <ele>14.37</ele>
      </trkpt>
      <trkpt lat="39.090725" lon="-9.33635">
        <ele>13</ele>
      </trkpt>
      <trkpt lat="39.090878" lon="-9.336624">
        <ele>12.48</ele>
      </trkpt>
      <trkpt lat="39.090942" lon="-9.336767">
        <ele>12.39</ele>
      </trkpt>
      <trkpt lat="39.09118" lon="-9.337722">
        <ele>11.22</ele>
      </trkpt>
      <trkpt lat="39.091891" lon="-9.340585">
        <ele>12.5</ele>
      </trkpt>
      <trkpt lat="39.092212" lon="-9.341844">
        <ele>13.81</ele>
      </trkpt>
      <trkpt lat="39.092692" lon="-9.343733">
        <ele>11.5</ele>
      </trkpt>
      <trkpt lat="39.092777" lon="-9.343913">
        <ele>12</ele>
      </trkpt>
      <trkpt lat="39.092882" lon="-9.34406">
        <ele>12</ele>
      </trkpt>
      <trkpt lat="39.092921" lon="-9.344083">
        <ele>12</ele>
      </trkpt>
      <trkpt lat="39.092955" lon="-9.344117">
        <ele>12</ele>
      </trkpt>
      <trkpt lat="39.092983" lon="-9.344165">
        <ele>12</ele>
      </trkpt>
      <trkpt lat="39.093" lon="-9.34422">
        <ele>12</ele>
      </trkpt>
      <trkpt lat="39.093006" lon="-9.344279">
        <ele>12</ele>
      </trkpt>
      <trkpt lat="39.093" lon="-9.344338">
        <ele>12</ele>
      </trkpt>
      <trkpt lat="39.092963" lon="-9.344427">
        <ele>12</ele>
      </trkpt>
      <trkpt lat="39.092943" lon="-9.344527">
        <ele>12</ele>
      </trkpt>
      <trkpt lat="39.092948" lon="-9.344746">
        <ele>11.55</ele>
      </trkpt>
      <trkpt lat="39.093448" lon="-9.346755">
        <ele>14</ele>
      </trkpt>
      <trkpt lat="39.09408" lon="-9.349343">
        <ele>12</ele>
      </trkpt>
      <trkpt lat="39.094076" lon="-9.349539">
        <ele>12</ele>
      </trkpt>
      <trkpt lat="39.094025" lon="-9.349786">
        <ele>12</ele>
      </trkpt>
      <trkpt lat="39.093207" lon="-9.351793">
        <ele>11</ele>
      </trkpt>
      <trkpt lat="39.092592" lon="-9.353268">
        <ele>13.19</ele>
      </trkpt>
      <trkpt lat="39.092006" lon="-9.354699">
        <ele>11.13</ele>
      </trkpt>
      <trkpt lat="39.090923" lon="-9.357328">
        <ele>11.24</ele>
      </trkpt>
      <trkpt lat="39.090395" lon="-9.358631">
        <ele>11</ele>
      </trkpt>
      <trkpt lat="39.090219" lon="-9.358966">
        <ele>11</ele>
      </trkpt>
      <trkpt lat="39.090075" lon="-9.359137">
        <ele>11</ele>
      </trkpt>
      <trkpt lat="39.089909" lon="-9.359285">
        <ele>11</ele>
      </trkpt>
      <trkpt lat="39.088719" lon="-9.359995">
        <ele>11.85</ele>
      </trkpt>
      <trkpt lat="39.087838" lon="-9.360521">
        <ele>12.48</ele>
      </trkpt>
      <trkpt lat="39.087648" lon="-9.360657">
        <ele>11.99</ele>
      </trkpt>
      <trkpt lat="39.08751" lon="-9.360832">
        <ele>11.97</ele>
      </trkpt>
      <trkpt lat="39.087214" lon="-9.361381">
        <ele>12.72</ele>
      </trkpt>
      <trkpt lat="39.087121" lon="-9.361569">
        <ele>13</ele>
      </trkpt>
      <trkpt lat="39.087029" lon="-9.361722">
        <ele>13.07</ele>
      </trkpt>
      <trkpt lat="39.086941" lon="-9.361816">
        <ele>13.04</ele>
      </trkpt>
      <trkpt lat="39.086808" lon="-9.361902">
        <ele>14.31</ele>
      </trkpt>
      <trkpt lat="39.085894" lon="-9.362238">
        <ele>18</ele>
      </trkpt>
      <trkpt lat="39.084597" lon="-9.362922">
        <ele>21.82</ele>
      </trkpt>
      <trkpt lat="39.083479" lon="-9.363517">
        <ele>28.57</ele>
      </trkpt>
      <trkpt lat="39.083423" lon="-9.363569">
        <ele>28.95</ele>
      </trkpt>
      <trkpt lat="39.083387" lon="-9.363626">
        <ele>29</ele>
      </trkpt>
      <trkpt lat="39.083033" lon="-9.364322">
        <ele>28</ele>
      </trkpt>
      <trkpt lat="39.082898" lon="-9.364656">
        <ele>27.13</ele>
      </trkpt>
      <trkpt lat="39.082842" lon="-9.364746">
        <ele>27</ele>
      </trkpt>
      <trkpt lat="39.082422" lon="-9.365086">
        <ele>24.6</ele>
      </trkpt>
      <trkpt lat="39.082018" lon="-9.365443">
        <ele>21.9</ele>
      </trkpt>
      <trkpt lat="39.081946" lon="-9.365574">
        <ele>21.13</ele>
      </trkpt>
      <trkpt lat="39.081933" lon="-9.365731">
        <ele>20.13</ele>
      </trkpt>
      <trkpt lat="39.081983" lon="-9.365928">
        <ele>18.82</ele>
      </trkpt>
      <trkpt lat="39.082054" lon="-9.366103">
        <ele>17.83</ele>
      </trkpt>
      <trkpt lat="39.082161" lon="-9.366459">
        <ele>14.2</ele>
      </trkpt>
      <trkpt lat="39.082192" lon="-9.36665">
        <ele>13.42</ele>
      </trkpt>
      <trkpt lat="39.082183" lon="-9.367058">
        <ele>10.95</ele>
      </trkpt>
      <trkpt lat="39.082093" lon="-9.36741">
        <ele>9.05</ele>
      </trkpt>
      <trkpt lat="39.08191" lon="-9.367866">
        <ele>8.52</ele>
      </trkpt>
      <trkpt lat="39.081866" lon="-9.368019">
        <ele>8.45</ele>
      </trkpt>
      <trkpt lat="39.081853" lon="-9.368098">
        <ele>8.68</ele>
      </trkpt>
      <trkpt lat="39.081863" lon="-9.368278">
        <ele>9.36</ele>
      </trkpt>
      <trkpt lat="39.081902" lon="-9.368329">
        <ele>9.29</ele>
      </trkpt>
      <trkpt lat="39.081919" lon="-9.368388">
        <ele>9.2</ele>
      </trkpt>
      <trkpt lat="39.081924" lon="-9.368448">
        <ele>9.16</ele>
      </trkpt>
      <trkpt lat="39.081917" lon="-9.368508">
        <ele>9.22</ele>
      </trkpt>
      <trkpt lat="39.081896" lon="-9.368562">
        <ele>9.13</ele>
      </trkpt>
      <trkpt lat="39.081857" lon="-9.368616">
        <ele>9.11</ele>
      </trkpt>
      <trkpt lat="39.081806" lon="-9.368649">
        <ele>9.25</ele>
      </trkpt>
      <trkpt lat="39.081749" lon="-9.368658">
        <ele>9.11</ele>
      </trkpt>
      <trkpt lat="39.081601" lon="-9.368822">
        <ele>8.69</ele>
      </trkpt>
      <trkpt lat="39.081418" lon="-9.369044">
        <ele>8</ele>
      </trkpt>
      <trkpt lat="39.080893" lon="-9.370281">
        <ele>8.21</ele>
      </trkpt>
      <trkpt lat="39.080762" lon="-9.370591">
        <ele>6.06</ele>
      </trkpt>
      <trkpt lat="39.080631" lon="-9.3709">
        <ele>7.86</ele>
      </trkpt>
      <trkpt lat="39.079862" lon="-9.372722">
        <ele>7.55</ele>
      </trkpt>
      <trkpt lat="39.079719" lon="-9.373054">
        <ele>8.45</ele>
      </trkpt>
      <trkpt lat="39.079593" lon="-9.373303">
        <ele>8.38</ele>
      </trkpt>
      <trkpt lat="39.079462" lon="-9.373504">
        <ele>8.97</ele>
      </trkpt>
      <trkpt lat="39.079357" lon="-9.373622">
        <ele>9.27</ele>
      </trkpt>
      <trkpt lat="39.079244" lon="-9.373723">
        <ele>9.06</ele>
      </trkpt>
      <trkpt lat="39.079142" lon="-9.373792">
        <ele>9.29</ele>
      </trkpt>
      <trkpt lat="39.07905" lon="-9.373839">
        <ele>9.77</ele>
      </trkpt>
      <trkpt lat="39.078607" lon="-9.37398">
        <ele>10</ele>
      </trkpt>
      <trkpt lat="39.078462" lon="-9.374008">
        <ele>10.08</ele>
      </trkpt>
      <trkpt lat="39.078452" lon="-9.374051">
        <ele>10.14</ele>
      </trkpt>
      <trkpt lat="39.077924" lon="-9.374438">
        <ele>12.6</ele>
      </trkpt>
      <trkpt lat="39.077829" lon="-9.374598">
        <ele>11.94</ele>
      </trkpt>
      <trkpt lat="39.077675" lon="-9.374903">
        <ele>11.12</ele>
      </trkpt>
      <trkpt lat="39.077261" lon="-9.375747">
        <ele>12.85</ele>
      </trkpt>
      <trkpt lat="39.076847" lon="-9.376591">
        <ele>18.15</ele>
      </trkpt>
      <trkpt lat="39.07583" lon="-9.378666">
        <ele>39.59</ele>
      </trkpt>
      <trkpt lat="39.075684" lon="-9.378975">
        <ele>40.84</ele>
      </trkpt>
      <trkpt lat="39.07565" lon="-9.379069">
        <ele>41.62</ele>
      </trkpt>
      <trkpt lat="39.075241" lon="-9.379929">
        <ele>48.94</ele>
      </trkpt>
      <trkpt lat="39.074968" lon="-9.380502">
        <ele>51.83</ele>
      </trkpt>
      <trkpt lat="39.074558" lon="-9.381362">
        <ele>51.45</ele>
      </trkpt>
      <trkpt lat="39.074472" lon="-9.381564">
        <ele>50.52</ele>
      </trkpt>
      <trkpt lat="39.07418" lon="-9.382168">
        <ele>49.11</ele>
      </trkpt>
      <trkpt lat="39.074087" lon="-9.382401">
        <ele>48.31</ele>
      </trkpt>
      <trkpt lat="39.073938" lon="-9.382923">
        <ele>46.27</ele>
      </trkpt>
      <trkpt lat="39.073888" lon="-9.38326">
        <ele>44.31</ele>
      </trkpt>
      <trkpt lat="39.073866" lon="-9.383546">
        <ele>42.82</ele>
      </trkpt>
      <trkpt lat="39.073874" lon="-9.384273">
        <ele>39.42</ele>
      </trkpt>
      <trkpt lat="39.073968" lon="-9.386762">
        <ele>25.45</ele>
      </trkpt>
      <trkpt lat="39.073991" lon="-9.38741">
        <ele>24.1</ele>
      </trkpt>
      <trkpt lat="39.074015" lon="-9.38809">
        <ele>20.3</ele>
      </trkpt>
      <trkpt lat="39.074069" lon="-9.3896">
        <ele>21.98</ele>
      </trkpt>
      <trkpt lat="39.074051" lon="-9.389987">
        <ele>22.7</ele>
      </trkpt>
      <trkpt lat="39.074011" lon="-9.39024">
        <ele>23</ele>
      </trkpt>
      <trkpt lat="39.073957" lon="-9.390519">
        <ele>23.9</ele>
      </trkpt>
      <trkpt lat="39.073861" lon="-9.390804">
        <ele>24.55</ele>
      </trkpt>
      <trkpt lat="39.073751" lon="-9.391047">
        <ele>25</ele>
      </trkpt>
      <trkpt lat="39.073593" lon="-9.391299">
        <ele>26</ele>
      </trkpt>
      <trkpt lat="39.073514" lon="-9.39141">
        <ele>26.07</ele>
      </trkpt>
      <trkpt lat="39.073368" lon="-9.391581">
        <ele>27.02</ele>
      </trkpt>
      <trkpt lat="39.073007" lon="-9.391919">
        <ele>28.04</ele>
      </trkpt>
      <trkpt lat="39.072091" lon="-9.392709">
        <ele>33.57</ele>
      </trkpt>
      <trkpt lat="39.070085" lon="-9.39443">
        <ele>44.33</ele>
      </trkpt>
      <trkpt lat="39.069128" lon="-9.39525">
        <ele>51.8</ele>
      </trkpt>
      <trkpt lat="39.068889" lon="-9.395465">
        <ele>54.16</ele>
      </trkpt>
      <trkpt lat="39.068147" lon="-9.396101">
        <ele>61.57</ele>
      </trkpt>
      <trkpt lat="39.067848" lon="-9.396293">
        <ele>63.27</ele>
      </trkpt>
      <trkpt lat="39.067569" lon="-9.39641">
        <ele>64.1</ele>
      </trkpt>
      <trkpt lat="39.06728" lon="-9.396501">
        <ele>65.35</ele>
      </trkpt>
      <trkpt lat="39.067006" lon="-9.396547">
        <ele>65.88</ele>
      </trkpt>
      <trkpt lat="39.065482" lon="-9.396659">
        <ele>71</ele>
      </trkpt>
      <trkpt lat="39.063585" lon="-9.396795">
        <ele>71.38</ele>
      </trkpt>
      <trkpt lat="39.063256" lon="-9.396841">
        <ele>72.65</ele>
      </trkpt>
      <trkpt lat="39.062881" lon="-9.396942">
        <ele>72.95</ele>
      </trkpt>
      <trkpt lat="39.062506" lon="-9.39713">
        <ele>73.28</ele>
      </trkpt>
      <trkpt lat="39.062212" lon="-9.397342">
        <ele>73</ele>
      </trkpt>
      <trkpt lat="39.061122" lon="-9.398397">
        <ele>71.02</ele>
      </trkpt>
      <trkpt lat="39.060859" lon="-9.398615">
        <ele>70.97</ele>
      </trkpt>
      <trkpt lat="39.06065" lon="-9.398761">
        <ele>70.63</ele>
      </trkpt>
      <trkpt lat="39.060262" lon="-9.398908">
        <ele>70.47</ele>
      </trkpt>
      <trkpt lat="39.059221" lon="-9.399324">
        <ele>75.16</ele>
      </trkpt>
      <trkpt lat="39.058674" lon="-9.399507">
        <ele>76.89</ele>
      </trkpt>
      <trkpt lat="39.058218" lon="-9.399562">
        <ele>77.69</ele>
      </trkpt>
      <trkpt lat="39.057803" lon="-9.39954">
        <ele>78.27</ele>
      </trkpt>
      <trkpt lat="39.057549" lon="-9.399486">
        <ele>79.02</ele>
      </trkpt>
      <trkpt lat="39.056034" lon="-9.398973">
        <ele>80.09</ele>
      </trkpt>
      <trkpt lat="39.054113" lon="-9.398326">
        <ele>85.59</ele>
      </trkpt>
      <trkpt lat="39.053733" lon="-9.398234">
        <ele>87.2</ele>
      </trkpt>
      <trkpt lat="39.053471" lon="-9.398225">
        <ele>88.28</ele>
      </trkpt>
      <trkpt lat="39.053297" lon="-9.398219">
        <ele>89</ele>
      </trkpt>
      <trkpt lat="39.052721" lon="-9.398319">
        <ele>91.64</ele>
      </trkpt>
      <trkpt lat="39.049868" lon="-9.398877">
        <ele>92</ele>
      </trkpt>
      <trkpt lat="39.049378" lon="-9.398946">
        <ele>91.02</ele>
      </trkpt>
      <trkpt lat="39.048191" lon="-9.399195">
        <ele>90</ele>
      </trkpt>
      <trkpt lat="39.047737" lon="-9.399271">
        <ele>90</ele>
      </trkpt>
      <trkpt lat="39.045959" lon="-9.399625">
        <ele>89.16</ele>
      </trkpt>
      <trkpt lat="39.045857" lon="-9.399654">
        <ele>89.23</ele>
      </trkpt>
      <trkpt lat="39.045563" lon="-9.39978">
        <ele>88.41</ele>
      </trkpt>
      <trkpt lat="39.045309" lon="-9.399932">
        <ele>87.25</ele>
      </trkpt>
      <trkpt lat="39.044051" lon="-9.400971">
        <ele>83.83</ele>
      </trkpt>
      <trkpt lat="39.043169" lon="-9.401695">
        <ele>85</ele>
      </trkpt>
      <trkpt lat="39.042507" lon="-9.402238">
        <ele>88.36</ele>
      </trkpt>
      <trkpt lat="39.042106" lon="-9.402613">
        <ele>89.39</ele>
      </trkpt>
      <trkpt lat="39.041853" lon="-9.402892">
        <ele>89.04</ele>
      </trkpt>
      <trkpt lat="39.040116" lon="-9.405287">
        <ele>78.7</ele>
      </trkpt>
      <trkpt lat="39.038946" lon="-9.406892">
        <ele>84</ele>
      </trkpt>
      <trkpt lat="39.038211" lon="-9.407908">
        <ele>90.05</ele>
      </trkpt>
      <trkpt lat="39.03766" lon="-9.40867">
        <ele>90.83</ele>
      </trkpt>
      <trkpt lat="39.036566" lon="-9.410153">
        <ele>93.99</ele>
      </trkpt>
      <trkpt lat="39.036506" lon="-9.410252">
        <ele>94.23</ele>
      </trkpt>
      <trkpt lat="39.035725" lon="-9.41128">
        <ele>97.7</ele>
      </trkpt>
      <trkpt lat="39.034514" lon="-9.412476">
        <ele>87.35</ele>
      </trkpt>
      <trkpt lat="39.033255" lon="-9.413695">
        <ele>81.77</ele>
      </trkpt>
      <trkpt lat="39.032544" lon="-9.414394">
        <ele>77.38</ele>
      </trkpt>
      <trkpt lat="39.031901" lon="-9.415025">
        <ele>75.44</ele>
      </trkpt>
      <trkpt lat="39.031451" lon="-9.415443">
        <ele>74.25</ele>
      </trkpt>
      <trkpt lat="39.031002" lon="-9.415862">
        <ele>75.43</ele>
      </trkpt>
      <trkpt lat="39.030191" lon="-9.416667">
        <ele>78.92</ele>
      </trkpt>
      <trkpt lat="39.029902" lon="-9.417064">
        <ele>80.49</ele>
      </trkpt>
      <trkpt lat="39.029674" lon="-9.417478">
        <ele>81.27</ele>
      </trkpt>
      <trkpt lat="39.029461" lon="-9.418005">
        <ele>81.04</ele>
      </trkpt>
      <trkpt lat="39.029177" lon="-9.418593">
        <ele>79.91</ele>
      </trkpt>
      <trkpt lat="39.028929" lon="-9.418968">
        <ele>78.7</ele>
      </trkpt>
      <trkpt lat="39.02862" lon="-9.419278">
        <ele>76.9</ele>
      </trkpt>
      <trkpt lat="39.02827" lon="-9.419556">
        <ele>75.53</ele>
      </trkpt>
      <trkpt lat="39.027885" lon="-9.419815">
        <ele>75.59</ele>
      </trkpt>
      <trkpt lat="39.027383" lon="-9.420124">
        <ele>74.98</ele>
      </trkpt>
      <trkpt lat="39.026902" lon="-9.420357">
        <ele>74</ele>
      </trkpt>
      <trkpt lat="39.026359" lon="-9.420575">
        <ele>73.06</ele>
      </trkpt>
      <trkpt lat="39.026121" lon="-9.420692">
        <ele>72.69</ele>
      </trkpt>
      <trkpt lat="39.025934" lon="-9.420823">
        <ele>71.97</ele>
      </trkpt>
      <trkpt lat="39.025776" lon="-9.420975">
        <ele>71.05</ele>
      </trkpt>
      <trkpt lat="39.02555" lon="-9.421305">
        <ele>70.11</ele>
      </trkpt>
      <trkpt lat="39.025229" lon="-9.421748">
        <ele>69</ele>
      </trkpt>
      <trkpt lat="39.02503" lon="-9.422005">
        <ele>68</ele>
      </trkpt>
      <trkpt lat="39.024769" lon="-9.422285">
        <ele>66.96</ele>
      </trkpt>
      <trkpt lat="39.024363" lon="-9.422564">
        <ele>65</ele>
      </trkpt>
      <trkpt lat="39.024034" lon="-9.42269">
        <ele>63.96</ele>
      </trkpt>
      <trkpt lat="39.023338" lon="-9.422879">
        <ele>61.95</ele>
      </trkpt>
      <trkpt lat="39.022928" lon="-9.422922">
        <ele>60.39</ele>
      </trkpt>
      <trkpt lat="39.022615" lon="-9.422934">
        <ele>59.29</ele>
      </trkpt>
      <trkpt lat="39.021822" lon="-9.422889">
        <ele>56.16</ele>
      </trkpt>
      <trkpt lat="39.02112" lon="-9.422849">
        <ele>53.39</ele>
      </trkpt>
      <trkpt lat="39.020841" lon="-9.422843">
        <ele>52.18</ele>
      </trkpt>
      <trkpt lat="39.020606" lon="-9.422882">
        <ele>51.94</ele>
      </trkpt>
      <trkpt lat="39.020457" lon="-9.422935">
        <ele>51.42</ele>
      </trkpt>
      <trkpt lat="39.020298" lon="-9.423014">
        <ele>50.81</ele>
      </trkpt>
      <trkpt lat="39.019972" lon="-9.423197">
        <ele>50.78</ele>
      </trkpt>
      <trkpt lat="39.019701" lon="-9.423323">
        <ele>50.62</ele>
      </trkpt>
      <trkpt lat="39.019543" lon="-9.423377">
        <ele>50.63</ele>
      </trkpt>
      <trkpt lat="39.019403" lon="-9.423413">
        <ele>49.44</ele>
      </trkpt>
      <trkpt lat="39.018999" lon="-9.423496">
        <ele>48.91</ele>
      </trkpt>
      <trkpt lat="39.018613" lon="-9.423507">
        <ele>49.41</ele>
      </trkpt>
      <trkpt lat="39.018246" lon="-9.423448">
        <ele>49.35</ele>
      </trkpt>
      <trkpt lat="39.017903" lon="-9.423332">
        <ele>49.52</ele>
      </trkpt>
      <trkpt lat="39.017711" lon="-9.423239">
        <ele>49.04</ele>
      </trkpt>
      <trkpt lat="39.017526" lon="-9.423125">
        <ele>48.81</ele>
      </trkpt>
      <trkpt lat="39.017076" lon="-9.422785">
        <ele>47.16</ele>
      </trkpt>
      <trkpt lat="39.016649" lon="-9.422439">
        <ele>42.75</ele>
      </trkpt>
      <trkpt lat="39.01632" lon="-9.42218">
        <ele>43.33</ele>
      </trkpt>
      <trkpt lat="39.015814" lon="-9.421806">
        <ele>41.84</ele>
      </trkpt>
      <trkpt lat="39.015503" lon="-9.421565">
        <ele>39.46</ele>
      </trkpt>
      <trkpt lat="39.015427" lon="-9.421496">
        <ele>40.02</ele>
      </trkpt>
      <trkpt lat="39.014806" lon="-9.421021">
        <ele>38.85</ele>
      </trkpt>
      <trkpt lat="39.014747" lon="-9.420962">
        <ele>38.93</ele>
      </trkpt>
      <trkpt lat="39.014539" lon="-9.420708">
        <ele>38.69</ele>
      </trkpt>
      <trkpt lat="39.014477" lon="-9.420618">
        <ele>38.38</ele>
      </trkpt>
      <trkpt lat="39.014352" lon="-9.420377">
        <ele>39.52</ele>
      </trkpt>
      <trkpt lat="39.014191" lon="-9.419947">
        <ele>36.94</ele>
      </trkpt>
      <trkpt lat="39.014125" lon="-9.419577">
        <ele>35.03</ele>
      </trkpt>
      <trkpt lat="39.014102" lon="-9.419237">
        <ele>31.22</ele>
      </trkpt>
      <trkpt lat="39.014097" lon="-9.418257">
        <ele>26.35</ele>
      </trkpt>
      <trkpt lat="39.014102" lon="-9.417532">
        <ele>20.13</ele>
      </trkpt>
      <trkpt lat="39.014065" lon="-9.417301">
        <ele>17.96</ele>
      </trkpt>
      <trkpt lat="39.01402" lon="-9.417073">
        <ele>14.52</ele>
      </trkpt>
      <trkpt lat="39.01394" lon="-9.416817">
        <ele>12.59</ele>
      </trkpt>
      <trkpt lat="39.013824" lon="-9.416568">
        <ele>11.32</ele>
      </trkpt>
      <trkpt lat="39.013639" lon="-9.416329">
        <ele>9.52</ele>
      </trkpt>
      <trkpt lat="39.013369" lon="-9.415976">
        <ele>7.39</ele>
      </trkpt>
      <trkpt lat="39.013197" lon="-9.415753">
        <ele>9.37</ele>
      </trkpt>
      <trkpt lat="39.012511" lon="-9.414863">
        <ele>10.3</ele>
      </trkpt>
      <trkpt lat="39.01217" lon="-9.414362">
        <ele>14.55</ele>
      </trkpt>
      <trkpt lat="39.012049" lon="-9.414011">
        <ele>17</ele>
      </trkpt>
      <trkpt lat="39.011907" lon="-9.413544">
        <ele>19.34</ele>
      </trkpt>
      <trkpt lat="39.011484" lon="-9.411992">
        <ele>27.67</ele>
      </trkpt>
      <trkpt lat="39.011202" lon="-9.410954">
        <ele>35.51</ele>
      </trkpt>
      <trkpt lat="39.011096" lon="-9.410771">
        <ele>37.15</ele>
      </trkpt>
      <trkpt lat="39.010942" lon="-9.410691">
        <ele>38.2</ele>
      </trkpt>
      <trkpt lat="39.01079" lon="-9.41071">
        <ele>40.18</ele>
      </trkpt>
      <trkpt lat="39.010725" lon="-9.41074">
        <ele>41.45</ele>
      </trkpt>
      <trkpt lat="39.01065" lon="-9.4108">
        <ele>42.16</ele>
      </trkpt>
      <trkpt lat="39.010558" lon="-9.410981">
        <ele>43.86</ele>
      </trkpt>
      <trkpt lat="39.010304" lon="-9.411904">
        <ele>44.91</ele>
      </trkpt>
      <trkpt lat="39.009923" lon="-9.413363">
        <ele>47.15</ele>
      </trkpt>
      <trkpt lat="39.009815" lon="-9.413752">
        <ele>49.91</ele>
      </trkpt>
      <trkpt lat="39.009699" lon="-9.414111">
        <ele>52.7</ele>
      </trkpt>
      <trkpt lat="39.009552" lon="-9.414393">
        <ele>54.56</ele>
      </trkpt>
      <trkpt lat="39.009366" lon="-9.414646">
        <ele>56.63</ele>
      </trkpt>
      <trkpt lat="39.009173" lon="-9.414863">
        <ele>58.23</ele>
      </trkpt>
      <trkpt lat="39.008464" lon="-9.415453">
        <ele>63.46</ele>
      </trkpt>
      <trkpt lat="39.008266" lon="-9.415649">
        <ele>65.71</ele>
      </trkpt>
      <trkpt lat="39.008169" lon="-9.415821">
        <ele>68.88</ele>
      </trkpt>
      <trkpt lat="39.008078" lon="-9.416059">
        <ele>70.58</ele>
      </trkpt>
      <trkpt lat="39.008007" lon="-9.416333">
        <ele>73.04</ele>
      </trkpt>
      <trkpt lat="39.007919" lon="-9.416567">
        <ele>72.49</ele>
      </trkpt>
      <trkpt lat="39.007919" lon="-9.416567">
        <ele>72.49</ele>
      </trkpt>
      <trkpt lat="39.007815" lon="-9.416754">
        <ele>73.44</ele>
      </trkpt>
      <trkpt lat="39.007368" lon="-9.417305">
        <ele>76.83</ele>
      </trkpt>
      <trkpt lat="39.007257" lon="-9.41748">
        <ele>77.52</ele>
      </trkpt>
      <trkpt lat="39.007135" lon="-9.417719">
        <ele>78.1</ele>
      </trkpt>
      <trkpt lat="39.007035" lon="-9.417935">
        <ele>79.62</ele>
      </trkpt>
      <trkpt lat="39.006371" lon="-9.41978">
        <ele>78.74</ele>
      </trkpt>
      <trkpt lat="39.006309" lon="-9.419908">
        <ele>79</ele>
      </trkpt>
      <trkpt lat="39.00627" lon="-9.419965">
        <ele>78.84</ele>
      </trkpt>
      <trkpt lat="39.00622" lon="-9.420028">
        <ele>78.54</ele>
      </trkpt>
      <trkpt lat="39.006154" lon="-9.420069">
        <ele>78.56</ele>
      </trkpt>
      <trkpt lat="39.006063" lon="-9.420099">
        <ele>79</ele>
      </trkpt>
      <trkpt lat="39.005956" lon="-9.420103">
        <ele>79</ele>
      </trkpt>
      <trkpt lat="39.005871" lon="-9.420077">
        <ele>78.64</ele>
      </trkpt>
      <trkpt lat="39.005223" lon="-9.419692">
        <ele>77.32</ele>
      </trkpt>
      <trkpt lat="39.003968" lon="-9.418839">
        <ele>79</ele>
      </trkpt>
      <trkpt lat="39.003771" lon="-9.418709">
        <ele>77.84</ele>
      </trkpt>
      <trkpt lat="39.003009" lon="-9.418186">
        <ele>78.22</ele>
      </trkpt>
      <trkpt lat="39.000729" lon="-9.416637">
        <ele>90.26</ele>
      </trkpt>
      <trkpt lat="39.000567" lon="-9.416501">
        <ele>91.05</ele>
      </trkpt>
      <trkpt lat="38.999594" lon="-9.415861">
        <ele>93.9</ele>
      </trkpt>
      <trkpt lat="38.999417" lon="-9.41573">
        <ele>94.12</ele>
      </trkpt>
      <trkpt lat="38.998287" lon="-9.414944">
        <ele>90.98</ele>
      </trkpt>
      <trkpt lat="38.997835" lon="-9.41463">
        <ele>87.52</ele>
      </trkpt>
      <trkpt lat="38.997374" lon="-9.414346">
        <ele>83.34</ele>
      </trkpt>
      <trkpt lat="38.997111" lon="-9.41424">
        <ele>80.16</ele>
      </trkpt>
      <trkpt lat="38.996727" lon="-9.414191">
        <ele>76.67</ele>
      </trkpt>
      <trkpt lat="38.995531" lon="-9.414097">
        <ele>65.21</ele>
      </trkpt>
      <trkpt lat="38.994947" lon="-9.414111">
        <ele>60.01</ele>
      </trkpt>
      <trkpt lat="38.994481" lon="-9.414148">
        <ele>55.7</ele>
      </trkpt>
      <trkpt lat="38.994158" lon="-9.414204">
        <ele>51.89</ele>
      </trkpt>
      <trkpt lat="38.992715" lon="-9.414608">
        <ele>34.12</ele>
      </trkpt>
      <trkpt lat="38.992121" lon="-9.414754">
        <ele>28.27</ele>
      </trkpt>
      <trkpt lat="38.991978" lon="-9.414798">
        <ele>26.5</ele>
      </trkpt>
      <trkpt lat="38.991876" lon="-9.414841">
        <ele>25.93</ele>
      </trkpt>
      <trkpt lat="38.991513" lon="-9.415116">
        <ele>19.36</ele>
      </trkpt>
      <trkpt lat="38.991346" lon="-9.415221">
        <ele>16.68</ele>
      </trkpt>
      <trkpt lat="38.991136" lon="-9.415332">
        <ele>14.45</ele>
      </trkpt>
      <trkpt lat="38.990787" lon="-9.415475">
        <ele>11</ele>
      </trkpt>
      <trkpt lat="38.990482" lon="-9.415514">
        <ele>10.12</ele>
      </trkpt>
      <trkpt lat="38.990053" lon="-9.415529">
        <ele>9.77</ele>
      </trkpt>
      <trkpt lat="38.989535" lon="-9.415535">
        <ele>11.47</ele>
      </trkpt>
      <trkpt lat="38.988651" lon="-9.415521">
        <ele>19.41</ele>
      </trkpt>
      <trkpt lat="38.988554" lon="-9.415539">
        <ele>19.96</ele>
      </trkpt>
      <trkpt lat="38.988463" lon="-9.415575">
        <ele>21.66</ele>
      </trkpt>
      <trkpt lat="38.988306" lon="-9.415685">
        <ele>25.33</ele>
      </trkpt>
      <trkpt lat="38.988154" lon="-9.415856">
        <ele>29.14</ele>
      </trkpt>
      <trkpt lat="38.987993" lon="-9.416074">
        <ele>32.09</ele>
      </trkpt>
      <trkpt lat="38.987222" lon="-9.417172">
        <ele>42.4</ele>
      </trkpt>
      <trkpt lat="38.986793" lon="-9.41778">
        <ele>52.23</ele>
      </trkpt>
      <trkpt lat="38.986706" lon="-9.417879">
        <ele>52.97</ele>
      </trkpt>
      <trkpt lat="38.986628" lon="-9.417938">
        <ele>53.44</ele>
      </trkpt>
      <trkpt lat="38.986519" lon="-9.417991">
        <ele>54.14</ele>
      </trkpt>
      <trkpt lat="38.986333" lon="-9.418031">
        <ele>53.25</ele>
      </trkpt>
      <trkpt lat="38.98529" lon="-9.41805">
        <ele>55.69</ele>
      </trkpt>
      <trkpt lat="38.984199" lon="-9.418065">
        <ele>48.36</ele>
      </trkpt>
      <trkpt lat="38.984029" lon="-9.418078">
        <ele>46.99</ele>
      </trkpt>
      <trkpt lat="38.983883" lon="-9.418076">
        <ele>45.81</ele>
      </trkpt>
      <trkpt lat="38.983491" lon="-9.417987">
        <ele>43.09</ele>
      </trkpt>
      <trkpt lat="38.983434" lon="-9.418031">
        <ele>42.72</ele>
      </trkpt>
      <trkpt lat="38.983363" lon="-9.418057">
        <ele>42.13</ele>
      </trkpt>
      <trkpt lat="38.983288" lon="-9.418054">
        <ele>41.59</ele>
      </trkpt>
      <trkpt lat="38.983218" lon="-9.418021">
        <ele>41.26</ele>
      </trkpt>
      <trkpt lat="38.983037" lon="-9.418097">
        <ele>39.63</ele>
      </trkpt>
      <trkpt lat="38.982908" lon="-9.418136">
        <ele>38.27</ele>
      </trkpt>
      <trkpt lat="38.982238" lon="-9.418145">
        <ele>34.86</ele>
      </trkpt>
      <trkpt lat="38.981265" lon="-9.418157">
        <ele>35.74</ele>
      </trkpt>
      <trkpt lat="38.981058" lon="-9.418167">
        <ele>36</ele>
      </trkpt>
      <trkpt lat="38.980821" lon="-9.418218">
        <ele>36.32</ele>
      </trkpt>
      <trkpt lat="38.9798" lon="-9.418436">
        <ele>37.69</ele>
      </trkpt>
      <trkpt lat="38.978541" lon="-9.418703">
        <ele>35.24</ele>
      </trkpt>
      <trkpt lat="38.977593" lon="-9.418904">
        <ele>29.98</ele>
      </trkpt>
      <trkpt lat="38.976008" lon="-9.41924">
        <ele>17.37</ele>
      </trkpt>
      <trkpt lat="38.975431" lon="-9.419362">
        <ele>14.84</ele>
      </trkpt>
      <trkpt lat="38.97463" lon="-9.419534">
        <ele>23.66</ele>
      </trkpt>
      <trkpt lat="38.974363" lon="-9.41959">
        <ele>24.1</ele>
      </trkpt>
      <trkpt lat="38.974178" lon="-9.419621">
        <ele>24</ele>
      </trkpt>
      <trkpt lat="38.974011" lon="-9.419637">
        <ele>24.81</ele>
      </trkpt>
      <trkpt lat="38.973794" lon="-9.41964">
        <ele>25</ele>
      </trkpt>
      <trkpt lat="38.972874" lon="-9.419532">
        <ele>25</ele>
      </trkpt>
      <trkpt lat="38.972537" lon="-9.419628">
        <ele>25</ele>
      </trkpt>
      <trkpt lat="38.972513" lon="-9.419656">
        <ele>25</ele>
      </trkpt>
      <trkpt lat="38.972483" lon="-9.419671">
        <ele>25</ele>
      </trkpt>
      <trkpt lat="38.97245" lon="-9.419674">
        <ele>25</ele>
      </trkpt>
      <trkpt lat="38.972419" lon="-9.419662">
        <ele>25</ele>
      </trkpt>
      <trkpt lat="38.972376" lon="-9.419612">
        <ele>25</ele>
      </trkpt>
      <trkpt lat="38.972183" lon="-9.41953">
        <ele>25</ele>
      </trkpt>
      <trkpt lat="38.972053" lon="-9.419493">
        <ele>25</ele>
      </trkpt>
      <trkpt lat="38.970643" lon="-9.419554">
        <ele>25.3</ele>
      </trkpt>
      <trkpt lat="38.970362" lon="-9.419542">
        <ele>25.04</ele>
      </trkpt>
      <trkpt lat="38.97021" lon="-9.419513">
        <ele>25.41</ele>
      </trkpt>
      <trkpt lat="38.970041" lon="-9.41945">
        <ele>25</ele>
      </trkpt>
      <trkpt lat="38.969826" lon="-9.419323">
        <ele>25.53</ele>
      </trkpt>
      <trkpt lat="38.969634" lon="-9.419164">
        <ele>25.32</ele>
      </trkpt>
      <trkpt lat="38.96812" lon="-9.417723">
        <ele>30</ele>
      </trkpt>
      <trkpt lat="38.967453" lon="-9.417092">
        <ele>35.42</ele>
      </trkpt>
      <trkpt lat="38.966855" lon="-9.416522">
        <ele>44.43</ele>
      </trkpt>
      <trkpt lat="38.966705" lon="-9.416399">
        <ele>45.92</ele>
      </trkpt>
      <trkpt lat="38.966596" lon="-9.41633">
        <ele>47.36</ele>
      </trkpt>
      <trkpt lat="38.966267" lon="-9.41615">
        <ele>49.44</ele>
      </trkpt>
      <trkpt lat="38.965767" lon="-9.415892">
        <ele>52.63</ele>
      </trkpt>
      <trkpt lat="38.96537" lon="-9.415682">
        <ele>52.1</ele>
      </trkpt>
      <trkpt lat="38.965228" lon="-9.415584">
        <ele>52.45</ele>
      </trkpt>
      <trkpt lat="38.965138" lon="-9.415501">
        <ele>52.53</ele>
      </trkpt>
      <trkpt lat="38.965051" lon="-9.415397">
        <ele>52.74</ele>
      </trkpt>
      <trkpt lat="38.964946" lon="-9.415224">
        <ele>53.19</ele>
      </trkpt>
      <trkpt lat="38.964797" lon="-9.414898">
        <ele>53.39</ele>
      </trkpt>
      <trkpt lat="38.964635" lon="-9.414517">
        <ele>53.13</ele>
      </trkpt>
      <trkpt lat="38.96447" lon="-9.414225">
        <ele>53.32</ele>
      </trkpt>
      <trkpt lat="38.96447" lon="-9.414225">
        <ele>53.32</ele>
      </trkpt>
      <trkpt lat="38.964235" lon="-9.41385">
        <ele>52.54</ele>
      </trkpt>
      <trkpt lat="38.964187" lon="-9.413845">
        <ele>52.35</ele>
      </trkpt>
      <trkpt lat="38.964142" lon="-9.413825">
        <ele>52.24</ele>
      </trkpt>
      <trkpt lat="38.964103" lon="-9.413791">
        <ele>52.08</ele>
      </trkpt>
      <trkpt lat="38.96407" lon="-9.413739">
        <ele>51.95</ele>
      </trkpt>
      <trkpt lat="38.964049" lon="-9.413678">
        <ele>52.15</ele>
      </trkpt>
      <trkpt lat="38.964043" lon="-9.413611">
        <ele>52.5</ele>
      </trkpt>
      <trkpt lat="38.964051" lon="-9.413545">
        <ele>52.88</ele>
      </trkpt>
      <trkpt lat="38.964075" lon="-9.413485">
        <ele>53.4</ele>
      </trkpt>
      <trkpt lat="38.964114" lon="-9.413431">
        <ele>53.91</ele>
      </trkpt>
      <trkpt lat="38.964165" lon="-9.413396">
        <ele>54.06</ele>
      </trkpt>
      <trkpt lat="38.964238" lon="-9.413384">
        <ele>54.27</ele>
      </trkpt>
      <trkpt lat="38.96428" lon="-9.413395">
        <ele>54.53</ele>
      </trkpt>
      <trkpt lat="38.964762" lon="-9.413255">
        <ele>60.11</ele>
      </trkpt>
      <trkpt lat="38.964945" lon="-9.413189">
        <ele>61.67</ele>
      </trkpt>
      <trkpt lat="38.965027" lon="-9.413145">
        <ele>62.46</ele>
      </trkpt>
      <trkpt lat="38.9652" lon="-9.413017">
        <ele>64.31</ele>
      </trkpt>
      <trkpt lat="38.965356" lon="-9.412858">
        <ele>66.19</ele>
      </trkpt>
      <trkpt lat="38.965431" lon="-9.412762">
        <ele>66.5</ele>
      </trkpt>
      <trkpt lat="38.965565" lon="-9.412555">
        <ele>68.05</ele>
      </trkpt>
      <trkpt lat="38.965654" lon="-9.412374">
        <ele>68.41</ele>
      </trkpt>
      <trkpt lat="38.965734" lon="-9.412142">
        <ele>69.3</ele>
      </trkpt>
      <trkpt lat="38.965787" lon="-9.411854">
        <ele>70.74</ele>
      </trkpt>
      <trkpt lat="38.9658" lon="-9.411714">
        <ele>71.48</ele>
      </trkpt>
      <trkpt lat="38.965803" lon="-9.411472">
        <ele>72.1</ele>
      </trkpt>
      <trkpt lat="38.965789" lon="-9.411279">
        <ele>72.94</ele>
      </trkpt>
      <trkpt lat="38.965759" lon="-9.411125">
        <ele>73.53</ele>
      </trkpt>
      <trkpt lat="38.965637" lon="-9.41066">
        <ele>76.3</ele>
      </trkpt>
      <trkpt lat="38.9656" lon="-9.410521">
        <ele>78.41</ele>
      </trkpt>
      <trkpt lat="38.965298" lon="-9.409401">
        <ele>85.33</ele>
      </trkpt>
      <trkpt lat="38.965266" lon="-9.409401">
        <ele>87.57541677382925</ele>
      </trkpt>
      <trkpt lat="38.965217773560546" lon="-9.408826015318606">
        <ele>91.42217283731182</ele>
      </trkpt>
      <trkpt lat="38.96519121133977" lon="-9.408509324511158">
        <ele>92.92364946472881</ele>
      </trkpt>
      <trkpt lat="38.96522870177017" lon="-9.40796687797635">
        <ele>93.9430044758207</ele>
      </trkpt>
      <trkpt lat="38.96522870177017" lon="-9.407412377074138">
        <ele>97.43091504072666</ele>
      </trkpt>
      <trkpt lat="38.96513878771478" lon="-9.40684573711031">
        <ele>102.55327938248725</ele>
      </trkpt>
      <trkpt lat="38.965048873659384" lon="-9.40627909714648">
        <ele>104.49195020168705</ele>
      </trkpt>
      <trkpt lat="38.96504124942149" lon="-9.40623104906473">
        <ele>104.533432339119</ele>
      </trkpt>
      <trkpt lat="38.964928777774304" lon="-9.405809146204376">
        <ele>104.29135286133943</ele>
      </trkpt>
      <trkpt lat="38.96476006996795" lon="-9.405495732650166">
        <ele>104.29081621461887</ele>
      </trkpt>
      <trkpt lat="38.96476944263429" lon="-9.405025612319548">
        <ele>104.83985945178182</ele>
      </trkpt>
      <trkpt lat="38.96493815041791" lon="-9.404760416235803">
        <ele>105.39500834670352</ele>
      </trkpt>
      <trkpt lat="38.96499438625605" lon="-9.404217969700994">
        <ele>106.73194125211555</ele>
      </trkpt>
      <trkpt lat="38.964781202443376" lon="-9.40370877883834">
        <ele>107.43332600781486</ele>
      </trkpt>
      <trkpt lat="38.96456801863069" lon="-9.403199587975685">
        <ele>108.51418960740236</ele>
      </trkpt>
      <trkpt lat="38.964472" lon="-9.402962">
        <ele>110.09</ele>
      </trkpt>
      <trkpt lat="38.963933" lon="-9.401873">
        <ele>113.84</ele>
      </trkpt>
      <trkpt lat="38.963859" lon="-9.401746">
        <ele>113.88</ele>
      </trkpt>
      <trkpt lat="38.963669" lon="-9.4015">
        <ele>114.26</ele>
      </trkpt>
      <trkpt lat="38.963276" lon="-9.401056">
        <ele>115.84</ele>
      </trkpt>
      <trkpt lat="38.963179" lon="-9.400968">
        <ele>116</ele>
      </trkpt>
      <trkpt lat="38.963058" lon="-9.400873">
        <ele>116.65</ele>
      </trkpt>
      <trkpt lat="38.96271" lon="-9.40063">
        <ele>117</ele>
      </trkpt>
      <trkpt lat="38.962571" lon="-9.400518">
        <ele>117.01</ele>
      </trkpt>
      <trkpt lat="38.962459" lon="-9.400412">
        <ele>116.6</ele>
      </trkpt>
      <trkpt lat="38.962377" lon="-9.40032">
        <ele>116.69</ele>
      </trkpt>
      <trkpt lat="38.962297" lon="-9.400214">
        <ele>116.67</ele>
      </trkpt>
      <trkpt lat="38.962212" lon="-9.400045">
        <ele>117.04</ele>
      </trkpt>
      <trkpt lat="38.962143" lon="-9.399817">
        <ele>117.14</ele>
      </trkpt>
      <trkpt lat="38.961965" lon="-9.398468">
        <ele>118.87</ele>
      </trkpt>
      <trkpt lat="38.961914" lon="-9.398128">
        <ele>119.27</ele>
      </trkpt>
      <trkpt lat="38.961697" lon="-9.39694">
        <ele>125.75</ele>
      </trkpt>
      <trkpt lat="38.961552" lon="-9.396134">
        <ele>125.99</ele>
      </trkpt>
      <trkpt lat="38.961545" lon="-9.395987">
        <ele>126.03</ele>
      </trkpt>
      <trkpt lat="38.961556" lon="-9.39579">
        <ele>126</ele>
      </trkpt>
      <trkpt lat="38.96158" lon="-9.395691">
        <ele>126.03</ele>
      </trkpt>
      <trkpt lat="38.961623" lon="-9.395566">
        <ele>126.76</ele>
      </trkpt>
      <trkpt lat="38.96168" lon="-9.395463">
        <ele>126.99</ele>
      </trkpt>
      <trkpt lat="38.961757" lon="-9.395374">
        <ele>127</ele>
      </trkpt>
      <trkpt lat="38.961974" lon="-9.39521">
        <ele>128.15</ele>
      </trkpt>
      <trkpt lat="38.962276" lon="-9.395003">
        <ele>130</ele>
      </trkpt>
      <trkpt lat="38.962952" lon="-9.394532">
        <ele>131</ele>
      </trkpt>
      <trkpt lat="38.963097" lon="-9.394387">
        <ele>131</ele>
      </trkpt>
      <trkpt lat="38.963202" lon="-9.394222">
        <ele>131</ele>
      </trkpt>
      <trkpt lat="38.963276" lon="-9.394035">
        <ele>131</ele>
      </trkpt>
      <trkpt lat="38.963423" lon="-9.393526">
        <ele>130.39</ele>
      </trkpt>
      <trkpt lat="38.963666" lon="-9.392576">
        <ele>128.34</ele>
      </trkpt>
      <trkpt lat="38.963942" lon="-9.391568">
        <ele>126.22</ele>
      </trkpt>
      <trkpt lat="38.964026" lon="-9.391284">
        <ele>126.82</ele>
      </trkpt>
      <trkpt lat="38.964096" lon="-9.391122">
        <ele>127.55</ele>
      </trkpt>
      <trkpt lat="38.964192" lon="-9.390969">
        <ele>127.61</ele>
      </trkpt>
      <trkpt lat="38.964342" lon="-9.390781">
        <ele>128</ele>
      </trkpt>
      <trkpt lat="38.965278" lon="-9.389696">
        <ele>131</ele>
      </trkpt>
      <trkpt lat="38.96662" lon="-9.388085">
        <ele>136.57</ele>
      </trkpt>
      <trkpt lat="38.966712" lon="-9.387945">
        <ele>136.58</ele>
      </trkpt>
      <trkpt lat="38.966942" lon="-9.387522">
        <ele>137.84</ele>
      </trkpt>
      <trkpt lat="38.967201" lon="-9.387026">
        <ele>137.84</ele>
      </trkpt>
      <trkpt lat="38.96725" lon="-9.38692">
        <ele>137.4</ele>
      </trkpt>
      <trkpt lat="38.967591" lon="-9.385992">
        <ele>136.35</ele>
      </trkpt>
      <trkpt lat="38.96805" lon="-9.384712">
        <ele>137.33</ele>
      </trkpt>
      <trkpt lat="38.9682" lon="-9.384329">
        <ele>136.36</ele>
      </trkpt>
      <trkpt lat="38.968268" lon="-9.384189">
        <ele>136.67</ele>
      </trkpt>
      <trkpt lat="38.969273" lon="-9.382675">
        <ele>139</ele>
      </trkpt>
      <trkpt lat="38.969913" lon="-9.381687">
        <ele>140</ele>
      </trkpt>
      <trkpt lat="38.970047" lon="-9.381432">
        <ele>140.55</ele>
      </trkpt>
      <trkpt lat="38.970154" lon="-9.381175">
        <ele>141.34</ele>
      </trkpt>
      <trkpt lat="38.970707" lon="-9.379705">
        <ele>144.49</ele>
      </trkpt>
      <trkpt lat="38.970764" lon="-9.379515">
        <ele>144.91</ele>
      </trkpt>
      <trkpt lat="38.970843" lon="-9.379092">
        <ele>145.5</ele>
      </trkpt>
      <trkpt lat="38.970895" lon="-9.37868">
        <ele>146.77</ele>
      </trkpt>
      <trkpt lat="38.970943" lon="-9.37811">
        <ele>148.44</ele>
      </trkpt>
      <trkpt lat="38.970947" lon="-9.377774">
        <ele>150.06</ele>
      </trkpt>
      <trkpt lat="38.970906" lon="-9.37677">
        <ele>154.04</ele>
      </trkpt>
      <trkpt lat="38.9708" lon="-9.374741">
        <ele>160.15</ele>
      </trkpt>
      <trkpt lat="38.970732" lon="-9.373278">
        <ele>158.34</ele>
      </trkpt>
      <trkpt lat="38.9707" lon="-9.372946">
        <ele>158.43</ele>
      </trkpt>
      <trkpt lat="38.970619" lon="-9.372512">
        <ele>157.83</ele>
      </trkpt>
      <trkpt lat="38.970562" lon="-9.372296">
        <ele>157.8</ele>
      </trkpt>
      <trkpt lat="38.97048" lon="-9.371987">
        <ele>157.75</ele>
      </trkpt>
      <trkpt lat="38.970328" lon="-9.371582">
        <ele>156.87</ele>
      </trkpt>
      <trkpt lat="38.969955" lon="-9.37082">
        <ele>157.4</ele>
      </trkpt>
      <trkpt lat="38.969204" lon="-9.369244">
        <ele>160</ele>
      </trkpt>
      <trkpt lat="38.96885" lon="-9.368492">
        <ele>159.07</ele>
      </trkpt>
      <trkpt lat="38.96872" lon="-9.368206">
        <ele>159.48</ele>
      </trkpt>
      <trkpt lat="38.968558" lon="-9.367765">
        <ele>159.83</ele>
      </trkpt>
      <trkpt lat="38.968445" lon="-9.367373">
        <ele>160.43</ele>
      </trkpt>
      <trkpt lat="38.968276" lon="-9.366718">
        <ele>162</ele>
      </trkpt>
      <trkpt lat="38.968188" lon="-9.36643">
        <ele>162.1</ele>
      </trkpt>
      <trkpt lat="38.968059" lon="-9.36593">
        <ele>163</ele>
      </trkpt>
      <trkpt lat="38.967778" lon="-9.364932">
        <ele>163.5</ele>
      </trkpt>
      <trkpt lat="38.967327" lon="-9.363281">
        <ele>168.56</ele>
      </trkpt>
      <trkpt lat="38.967086" lon="-9.362462">
        <ele>169.94</ele>
      </trkpt>
      <trkpt lat="38.96699" lon="-9.362166">
        <ele>169.98</ele>
      </trkpt>
      <trkpt lat="38.966828" lon="-9.361768">
        <ele>170.61</ele>
      </trkpt>
      <trkpt lat="38.966533" lon="-9.361196">
        <ele>170.86</ele>
      </trkpt>
      <trkpt lat="38.965689" lon="-9.359761">
        <ele>173.89</ele>
      </trkpt>
      <trkpt lat="38.96516" lon="-9.358893">
        <ele>175.98</ele>
      </trkpt>
      <trkpt lat="38.964936" lon="-9.358512">
        <ele>176.07</ele>
      </trkpt>
      <trkpt lat="38.964743" lon="-9.358209">
        <ele>177</ele>
      </trkpt>
      <trkpt lat="38.964659" lon="-9.358095">
        <ele>177</ele>
      </trkpt>
      <trkpt lat="38.963134" lon="-9.356812">
        <ele>182.08</ele>
      </trkpt>
      <trkpt lat="38.963024" lon="-9.35673">
        <ele>182.55</ele>
      </trkpt>
      <trkpt lat="38.961573" lon="-9.355521">
        <ele>186.87</ele>
      </trkpt>
      <trkpt lat="38.961573" lon="-9.355521">
        <ele>186.87</ele>
      </trkpt>
      <trkpt lat="38.96125" lon="-9.355245">
        <ele>188</ele>
      </trkpt>
      <trkpt lat="38.960903" lon="-9.354967">
        <ele>188.83</ele>
      </trkpt>
      <trkpt lat="38.960321" lon="-9.354484">
        <ele>189.17</ele>
      </trkpt>
      <trkpt lat="38.960122" lon="-9.354318">
        <ele>191.67</ele>
      </trkpt>
      <trkpt lat="38.959584" lon="-9.353859">
        <ele>193.94</ele>
      </trkpt>
      <trkpt lat="38.959305" lon="-9.353458">
        <ele>197.1</ele>
      </trkpt>
      <trkpt lat="38.959211" lon="-9.35331">
        <ele>197.04</ele>
      </trkpt>
      <trkpt lat="38.959106" lon="-9.353104">
        <ele>197.27</ele>
      </trkpt>
      <trkpt lat="38.959036" lon="-9.352904">
        <ele>197.62</ele>
      </trkpt>
      <trkpt lat="38.958979" lon="-9.352636">
        <ele>197.35</ele>
      </trkpt>
      <trkpt lat="38.958952" lon="-9.352372">
        <ele>197.42</ele>
      </trkpt>
      <trkpt lat="38.958918" lon="-9.35138">
        <ele>197</ele>
      </trkpt>
      <trkpt lat="38.958898" lon="-9.350999">
        <ele>196.34</ele>
      </trkpt>
      <trkpt lat="38.958588" lon="-9.348575">
        <ele>197</ele>
      </trkpt>
      <trkpt lat="38.95855" lon="-9.348492">
        <ele>197.45</ele>
      </trkpt>
      <trkpt lat="38.958512" lon="-9.348337">
        <ele>198</ele>
      </trkpt>
      <trkpt lat="38.958483" lon="-9.348251">
        <ele>198</ele>
      </trkpt>
      <trkpt lat="38.958454" lon="-9.348202">
        <ele>198.12</ele>
      </trkpt>
      <trkpt lat="38.958397" lon="-9.348157">
        <ele>198.34</ele>
      </trkpt>
      <trkpt lat="38.958297" lon="-9.348107">
        <ele>198.31</ele>
      </trkpt>
      <trkpt lat="38.958255" lon="-9.3481">
        <ele>198.27</ele>
      </trkpt>
      <trkpt lat="38.958199" lon="-9.348065">
        <ele>198.02</ele>
      </trkpt>
      <trkpt lat="38.958155" lon="-9.348002">
        <ele>197.74</ele>
      </trkpt>
      <trkpt lat="38.958137" lon="-9.347945">
        <ele>197.81</ele>
      </trkpt>
      <trkpt lat="38.958134" lon="-9.347866">
        <ele>198</ele>
      </trkpt>
      <trkpt lat="38.958144" lon="-9.347816">
        <ele>198</ele>
      </trkpt>
      <trkpt lat="38.95818" lon="-9.347568">
        <ele>197.33</ele>
      </trkpt>
      <trkpt lat="38.95818" lon="-9.347466">
        <ele>197.19</ele>
      </trkpt>
      <trkpt lat="38.958147" lon="-9.347307">
        <ele>197.43</ele>
      </trkpt>
      <trkpt lat="38.958053" lon="-9.347012">
        <ele>198</ele>
      </trkpt>
      <trkpt lat="38.957412" lon="-9.345295">
        <ele>200</ele>
      </trkpt>
      <trkpt lat="38.957301" lon="-9.344921">
        <ele>199.95</ele>
      </trkpt>
      <trkpt lat="38.957142" lon="-9.344322">
        <ele>199.96</ele>
      </trkpt>
      <trkpt lat="38.956981" lon="-9.343615">
        <ele>201.13</ele>
      </trkpt>
      <trkpt lat="38.956868" lon="-9.343112">
        <ele>200.27</ele>
      </trkpt>
      <trkpt lat="38.956782" lon="-9.342877">
        <ele>200</ele>
      </trkpt>
      <trkpt lat="38.956574" lon="-9.342499">
        <ele>199</ele>
      </trkpt>
      <trkpt lat="38.95636" lon="-9.342191">
        <ele>198</ele>
      </trkpt>
      <trkpt lat="38.95521" lon="-9.340608">
        <ele>194.61</ele>
      </trkpt>
      <trkpt lat="38.954825" lon="-9.340053">
        <ele>193.87</ele>
      </trkpt>
      <trkpt lat="38.954082" lon="-9.339045">
        <ele>194.48</ele>
      </trkpt>
      <trkpt lat="38.953815" lon="-9.338643">
        <ele>193.94</ele>
      </trkpt>
      <trkpt lat="38.953717" lon="-9.338428">
        <ele>195.38</ele>
      </trkpt>
      <trkpt lat="38.953641" lon="-9.338298">
        <ele>195.56</ele>
      </trkpt>
      <trkpt lat="38.953506" lon="-9.338002">
        <ele>196.31</ele>
      </trkpt>
      <trkpt lat="38.953367" lon="-9.337674">
        <ele>197.06</ele>
      </trkpt>
      <trkpt lat="38.95323" lon="-9.337387">
        <ele>197.63</ele>
      </trkpt>
      <trkpt lat="38.95304" lon="-9.336903">
        <ele>198.9</ele>
      </trkpt>
      <trkpt lat="38.952667" lon="-9.335742">
        <ele>200.83</ele>
      </trkpt>
      <trkpt lat="38.95253" lon="-9.335386">
        <ele>200.57</ele>
      </trkpt>
      <trkpt lat="38.952246" lon="-9.334821">
        <ele>200.42</ele>
      </trkpt>
      <trkpt lat="38.951818" lon="-9.334006">
        <ele>200.92</ele>
      </trkpt>
      <trkpt lat="38.951073" lon="-9.332601">
        <ele>205.05</ele>
      </trkpt>
      <trkpt lat="38.9503" lon="-9.331107">
        <ele>209</ele>
      </trkpt>
      <trkpt lat="38.950096" lon="-9.330823">
        <ele>208.48</ele>
      </trkpt>
      <trkpt lat="38.950034" lon="-9.330844">
        <ele>208.05</ele>
      </trkpt>
      <trkpt lat="38.950001" lon="-9.33084">
        <ele>208.06</ele>
      </trkpt>
      <trkpt lat="38.94994" lon="-9.3308">
        <ele>208.06</ele>
      </trkpt>
      <trkpt lat="38.949913" lon="-9.330759">
        <ele>208</ele>
      </trkpt>
      <trkpt lat="38.949897" lon="-9.330711">
        <ele>207.85</ele>
      </trkpt>
      <trkpt lat="38.949413" lon="-9.330626">
        <ele>202.1</ele>
      </trkpt>
      <trkpt lat="38.948867" lon="-9.330532">
        <ele>197.85</ele>
      </trkpt>
      <trkpt lat="38.947467" lon="-9.330276">
        <ele>191</ele>
      </trkpt>
      <trkpt lat="38.94692" lon="-9.330124">
        <ele>191.75</ele>
      </trkpt>
      <trkpt lat="38.946642" lon="-9.330104">
        <ele>192.64</ele>
      </trkpt>
      <trkpt lat="38.946128" lon="-9.330186">
        <ele>195.71</ele>
      </trkpt>
      <trkpt lat="38.944759" lon="-9.330476">
        <ele>205.42</ele>
      </trkpt>
      <trkpt lat="38.944188" lon="-9.330688">
        <ele>208.82</ele>
      </trkpt>
      <trkpt lat="38.944069" lon="-9.330696">
        <ele>209.13</ele>
      </trkpt>
      <trkpt lat="38.943786" lon="-9.330689">
        <ele>210.85</ele>
      </trkpt>
      <trkpt lat="38.943684" lon="-9.330715">
        <ele>211.65</ele>
      </trkpt>
      <trkpt lat="38.94366" lon="-9.330744">
        <ele>211.83</ele>
      </trkpt>
      <trkpt lat="38.943614" lon="-9.330764">
        <ele>212.04</ele>
      </trkpt>
      <trkpt lat="38.943581" lon="-9.330759">
        <ele>212.15</ele>
      </trkpt>
      <trkpt lat="38.943537" lon="-9.330725">
        <ele>212.16</ele>
      </trkpt>
      <trkpt lat="38.943423" lon="-9.330696">
        <ele>212.59</ele>
      </trkpt>
      <trkpt lat="38.943227" lon="-9.330702">
        <ele>213.98</ele>
      </trkpt>
      <trkpt lat="38.942965" lon="-9.330751">
        <ele>215.93</ele>
      </trkpt>
      <trkpt lat="38.94247" lon="-9.330824">
        <ele>218</ele>
      </trkpt>
      <trkpt lat="38.942099" lon="-9.330821">
        <ele>219</ele>
      </trkpt>
      <trkpt lat="38.941945" lon="-9.330819">
        <ele>219</ele>
      </trkpt>
      <trkpt lat="38.941933" lon="-9.330836">
        <ele>219</ele>
      </trkpt>
      <trkpt lat="38.941891" lon="-9.330862">
        <ele>218.95</ele>
      </trkpt>
      <trkpt lat="38.941862" lon="-9.330861">
        <ele>218.96</ele>
      </trkpt>
      <trkpt lat="38.941817" lon="-9.330827">
        <ele>219</ele>
      </trkpt>
      <trkpt lat="38.941803" lon="-9.330798">
        <ele>219</ele>
      </trkpt>
      <trkpt lat="38.941797" lon="-9.330744">
        <ele>219</ele>
      </trkpt>
      <trkpt lat="38.941693" lon="-9.330555">
        <ele>219.33</ele>
      </trkpt>
      <trkpt lat="38.941339" lon="-9.330244">
        <ele>220.55</ele>
      </trkpt>
      <trkpt lat="38.940221" lon="-9.329225">
        <ele>223</ele>
      </trkpt>
      <trkpt lat="38.938991" lon="-9.328127">
        <ele>226.55</ele>
      </trkpt>
      <trkpt lat="38.938424" lon="-9.327612">
        <ele>227.75</ele>
      </trkpt>
      <trkpt lat="38.938368" lon="-9.327589">
        <ele>227.99</ele>
      </trkpt>
      <trkpt lat="38.93816" lon="-9.327538">
        <ele>228.24</ele>
      </trkpt>
      <trkpt lat="38.938146" lon="-9.327562">
        <ele>228.13</ele>
      </trkpt>
      <trkpt lat="38.938102" lon="-9.327584">
        <ele>228.01</ele>
      </trkpt>
      <trkpt lat="38.938037" lon="-9.327585">
        <ele>228</ele>
      </trkpt>
      <trkpt lat="38.938011" lon="-9.327575">
        <ele>228.07</ele>
      </trkpt>
      <trkpt lat="38.93799" lon="-9.327548">
        <ele>228.22</ele>
      </trkpt>
      <trkpt lat="38.937875" lon="-9.327627">
        <ele>228</ele>
      </trkpt>
      <trkpt lat="38.937656" lon="-9.327728">
        <ele>228</ele>
      </trkpt>
      <trkpt lat="38.937326" lon="-9.327803">
        <ele>228</ele>
      </trkpt>
      <trkpt lat="38.93702" lon="-9.327835">
        <ele>228</ele>
      </trkpt>
      <trkpt lat="38.936628" lon="-9.327816">
        <ele>228</ele>
      </trkpt>
      <trkpt lat="38.93623" lon="-9.327742">
        <ele>228</ele>
      </trkpt>
      <trkpt lat="38.936067" lon="-9.327691">
        <ele>228</ele>
      </trkpt>
      <trkpt lat="38.935833" lon="-9.32757">
        <ele>228.09</ele>
      </trkpt>
      <trkpt lat="38.935825" lon="-9.32759">
        <ele>228</ele>
      </trkpt>
      <trkpt lat="38.935806" lon="-9.327605">
        <ele>228</ele>
      </trkpt>
      <trkpt lat="38.935768" lon="-9.327615">
        <ele>228</ele>
      </trkpt>
      <trkpt lat="38.935699" lon="-9.327599">
        <ele>228.23</ele>
      </trkpt>
      <trkpt lat="38.935649" lon="-9.327566">
        <ele>228.67</ele>
      </trkpt>
      <trkpt lat="38.935614" lon="-9.327514">
        <ele>228.93</ele>
      </trkpt>
      <trkpt lat="38.935605" lon="-9.327486">
        <ele>228.98</ele>
      </trkpt>
      <trkpt lat="38.935606" lon="-9.327461">
        <ele>228.98</ele>
      </trkpt>
      <trkpt lat="38.935435" lon="-9.327452">
        <ele>228</ele>
      </trkpt>
      <trkpt lat="38.934764" lon="-9.327511">
        <ele>228.57</ele>
      </trkpt>
      <trkpt lat="38.933245" lon="-9.327625">
        <ele>232.13</ele>
      </trkpt>
      <trkpt lat="38.933053" lon="-9.327622">
        <ele>234.21</ele>
      </trkpt>
      <trkpt lat="38.932768" lon="-9.327583">
        <ele>235</ele>
      </trkpt>
      <trkpt lat="38.932636" lon="-9.327596">
        <ele>235</ele>
      </trkpt>
      <trkpt lat="38.932605" lon="-9.327585">
        <ele>235.01</ele>
      </trkpt>
      <trkpt lat="38.932574" lon="-9.327554">
        <ele>235.19</ele>
      </trkpt>
      <trkpt lat="38.93247" lon="-9.327333">
        <ele>236.27</ele>
      </trkpt>
      <trkpt lat="38.932364" lon="-9.327079">
        <ele>236.82</ele>
      </trkpt>
      <trkpt lat="38.932318" lon="-9.326858">
        <ele>238.23</ele>
      </trkpt>
      <trkpt lat="38.932314" lon="-9.326711">
        <ele>239</ele>
      </trkpt>
      <trkpt lat="38.932283" lon="-9.32664">
        <ele>239</ele>
      </trkpt>
      <trkpt lat="38.932284" lon="-9.32658">
        <ele>239</ele>
      </trkpt>
      <trkpt lat="38.932308" lon="-9.326509">
        <ele>239.16</ele>
      </trkpt>
      <trkpt lat="38.932205" lon="-9.326197">
        <ele>239.33</ele>
      </trkpt>
      <trkpt lat="38.932062" lon="-9.325189">
        <ele>240.59</ele>
      </trkpt>
      <trkpt lat="38.931802" lon="-9.32347">
        <ele>239.19</ele>
      </trkpt>
      <trkpt lat="38.931772" lon="-9.323019">
        <ele>237.85</ele>
      </trkpt>
      <trkpt lat="38.931805" lon="-9.32259">
        <ele>236.87</ele>
      </trkpt>
      <trkpt lat="38.931901" lon="-9.322206">
        <ele>236.54</ele>
      </trkpt>
      <trkpt lat="38.932036" lon="-9.321863">
        <ele>235.55</ele>
      </trkpt>
      <trkpt lat="38.9322" lon="-9.321567">
        <ele>235</ele>
      </trkpt>
      <trkpt lat="38.932969" lon="-9.32068">
        <ele>234.8</ele>
      </trkpt>
      <trkpt lat="38.933573" lon="-9.319987">
        <ele>237.76</ele>
      </trkpt>
      <trkpt lat="38.933792" lon="-9.319664">
        <ele>239.43</ele>
      </trkpt>
      <trkpt lat="38.933958" lon="-9.319339">
        <ele>241.48</ele>
      </trkpt>
      <trkpt lat="38.934091" lon="-9.318883">
        <ele>244.3</ele>
      </trkpt>
      <trkpt lat="38.934149" lon="-9.318494">
        <ele>247.03</ele>
      </trkpt>
      <trkpt lat="38.934272" lon="-9.316621">
        <ele>258.77</ele>
      </trkpt>
      <trkpt lat="38.934366" lon="-9.315172">
        <ele>264.11</ele>
      </trkpt>
      <trkpt lat="38.934461" lon="-9.314685">
        <ele>265.49</ele>
      </trkpt>
      <trkpt lat="38.934579" lon="-9.314301">
        <ele>266.71</ele>
      </trkpt>
      <trkpt lat="38.935499" lon="-9.312094">
        <ele>285.32</ele>
      </trkpt>
      <trkpt lat="38.935524" lon="-9.31202">
        <ele>285.94</ele>
      </trkpt>
      <trkpt lat="38.935571" lon="-9.311836">
        <ele>286.91</ele>
      </trkpt>
      <trkpt lat="38.93558" lon="-9.311699">
        <ele>287.37</ele>
      </trkpt>
      <trkpt lat="38.935578" lon="-9.3116">
        <ele>287.94</ele>
      </trkpt>
      <trkpt lat="38.935544" lon="-9.311427">
        <ele>288</ele>
      </trkpt>
      <trkpt lat="38.935496" lon="-9.311319">
        <ele>288</ele>
      </trkpt>
      <trkpt lat="38.935466" lon="-9.311299">
        <ele>288</ele>
      </trkpt>
      <trkpt lat="38.935424" lon="-9.311235">
        <ele>288</ele>
      </trkpt>
      <trkpt lat="38.935273" lon="-9.311117">
        <ele>288</ele>
      </trkpt>
      <trkpt lat="38.934544" lon="-9.310497">
        <ele>285.6</ele>
      </trkpt>
      <trkpt lat="38.934356" lon="-9.310422">
        <ele>286.23</ele>
      </trkpt>
      <trkpt lat="38.934259" lon="-9.310414">
        <ele>286.75</ele>
      </trkpt>
      <trkpt lat="38.934177" lon="-9.310406">
        <ele>286.88</ele>
      </trkpt>
      <trkpt lat="38.933747" lon="-9.310543">
        <ele>286.18</ele>
      </trkpt>
      <trkpt lat="38.933357" lon="-9.310674">
        <ele>287.4</ele>
      </trkpt>
      <trkpt lat="38.932973" lon="-9.310775">
        <ele>288.28</ele>
      </trkpt>
      <trkpt lat="38.932468" lon="-9.31089">
        <ele>284.6</ele>
      </trkpt>
      <trkpt lat="38.932132" lon="-9.31093">
        <ele>283.07</ele>
      </trkpt>
      <trkpt lat="38.931671" lon="-9.311002">
        <ele>278.22</ele>
      </trkpt>
      <trkpt lat="38.93087" lon="-9.311032">
        <ele>273.43</ele>
      </trkpt>
      <trkpt lat="38.929814" lon="-9.311058">
        <ele>272.1</ele>
      </trkpt>
      <trkpt lat="38.929416" lon="-9.311174">
        <ele>271.42</ele>
      </trkpt>
      <trkpt lat="38.929076" lon="-9.311368">
        <ele>270.29</ele>
      </trkpt>
      <trkpt lat="38.928226" lon="-9.311813">
        <ele>267</ele>
      </trkpt>
      <trkpt lat="38.927852" lon="-9.312098">
        <ele>266.1</ele>
      </trkpt>
      <trkpt lat="38.927329" lon="-9.31253">
        <ele>262.41</ele>
      </trkpt>
      <trkpt lat="38.927168" lon="-9.312655">
        <ele>265</ele>
      </trkpt>
      <trkpt lat="38.926169" lon="-9.313489">
        <ele>259.96</ele>
      </trkpt>
      <trkpt lat="38.926096" lon="-9.313583">
        <ele>260</ele>
      </trkpt>
      <trkpt lat="38.92604" lon="-9.313706">
        <ele>259.83</ele>
      </trkpt>
      <trkpt lat="38.926013" lon="-9.313839">
        <ele>259.64</ele>
      </trkpt>
      <trkpt lat="38.926003" lon="-9.313941">
        <ele>259.71</ele>
      </trkpt>
      <trkpt lat="38.926007" lon="-9.31403">
        <ele>259.82</ele>
      </trkpt>
      <trkpt lat="38.926076" lon="-9.314435">
        <ele>259.79</ele>
      </trkpt>
      <trkpt lat="38.926215" lon="-9.315412">
        <ele>261.13</ele>
      </trkpt>
      <trkpt lat="38.926239" lon="-9.316012">
        <ele>260.94</ele>
      </trkpt>
      <trkpt lat="38.926282" lon="-9.317005">
        <ele>264.33</ele>
      </trkpt>
      <trkpt lat="38.926269" lon="-9.317278">
        <ele>263.68</ele>
      </trkpt>
      <trkpt lat="38.926239" lon="-9.317614">
        <ele>262.04</ele>
      </trkpt>
      <trkpt lat="38.926206" lon="-9.317891">
        <ele>261.09</ele>
      </trkpt>
      <trkpt lat="38.92615" lon="-9.318511">
        <ele>259.38</ele>
      </trkpt>
      <trkpt lat="38.926106" lon="-9.318995">
        <ele>260</ele>
      </trkpt>
      <trkpt lat="38.926073" lon="-9.319153">
        <ele>259.61</ele>
      </trkpt>
      <trkpt lat="38.926025" lon="-9.319333">
        <ele>259.46</ele>
      </trkpt>
      <trkpt lat="38.925672" lon="-9.320227">
        <ele>259.85</ele>
      </trkpt>
      <trkpt lat="38.925513" lon="-9.320419">
        <ele>259.95</ele>
      </trkpt>
      <trkpt lat="38.92541" lon="-9.320487">
        <ele>259.72</ele>
      </trkpt>
      <trkpt lat="38.9253" lon="-9.320538">
        <ele>260.02</ele>
      </trkpt>
      <trkpt lat="38.925128" lon="-9.320581">
        <ele>260.73</ele>
      </trkpt>
      <trkpt lat="38.924171" lon="-9.320694">
        <ele>265.96</ele>
      </trkpt>
      <trkpt lat="38.924013" lon="-9.320723">
        <ele>266</ele>
      </trkpt>
      <trkpt lat="38.923854" lon="-9.320773">
        <ele>265.7</ele>
      </trkpt>
      <trkpt lat="38.923395" lon="-9.320977">
        <ele>264</ele>
      </trkpt>
      <trkpt lat="38.921897" lon="-9.321802">
        <ele>259.23</ele>
      </trkpt>
      <trkpt lat="38.921547" lon="-9.321913">
        <ele>256.97</ele>
      </trkpt>
      <trkpt lat="38.920823" lon="-9.322058">
        <ele>250.71</ele>
      </trkpt>
      <trkpt lat="38.920221" lon="-9.3222">
        <ele>246.63</ele>
      </trkpt>
      <trkpt lat="38.919484" lon="-9.322395">
        <ele>242.54</ele>
      </trkpt>
      <trkpt lat="38.919219" lon="-9.322428">
        <ele>241.54</ele>
      </trkpt>
      <trkpt lat="38.918993" lon="-9.322412">
        <ele>240.04</ele>
      </trkpt>
      <trkpt lat="38.918589" lon="-9.3223">
        <ele>235.99</ele>
      </trkpt>
      <trkpt lat="38.918245" lon="-9.322187">
        <ele>233.51</ele>
      </trkpt>
      <trkpt lat="38.918122" lon="-9.32217">
        <ele>232.26</ele>
      </trkpt>
      <trkpt lat="38.917892" lon="-9.322154">
        <ele>230.45</ele>
      </trkpt>
      <trkpt lat="38.91762" lon="-9.322151">
        <ele>228.83</ele>
      </trkpt>
      <trkpt lat="38.917374" lon="-9.322168">
        <ele>228</ele>
      </trkpt>
      <trkpt lat="38.917049" lon="-9.322219">
        <ele>228.2</ele>
      </trkpt>
      <trkpt lat="38.916828" lon="-9.322283">
        <ele>229</ele>
      </trkpt>
      <trkpt lat="38.916728" lon="-9.322343">
        <ele>228.6</ele>
      </trkpt>
      <trkpt lat="38.91649" lon="-9.322487">
        <ele>227.65</ele>
      </trkpt>
      <trkpt lat="38.915993" lon="-9.322897">
        <ele>226</ele>
      </trkpt>
      <trkpt lat="38.915843" lon="-9.323059">
        <ele>225.32</ele>
      </trkpt>
      <trkpt lat="38.915749" lon="-9.323181">
        <ele>225</ele>
      </trkpt>
      <trkpt lat="38.915497" lon="-9.323543">
        <ele>224.77</ele>
      </trkpt>
      <trkpt lat="38.915298" lon="-9.323896">
        <ele>224</ele>
      </trkpt>
      <trkpt lat="38.91505" lon="-9.324522">
        <ele>223.46</ele>
      </trkpt>
      <trkpt lat="38.914745" lon="-9.325371">
        <ele>223</ele>
      </trkpt>
      <trkpt lat="38.914243" lon="-9.326727">
        <ele>220.4</ele>
      </trkpt>
      <trkpt lat="38.914121" lon="-9.32693">
        <ele>220</ele>
      </trkpt>
      <trkpt lat="38.914024" lon="-9.327036">
        <ele>219.76</ele>
      </trkpt>
      <trkpt lat="38.913859" lon="-9.327105">
        <ele>218.63</ele>
      </trkpt>
      <trkpt lat="38.912948" lon="-9.327315">
        <ele>213.31</ele>
      </trkpt>
      <trkpt lat="38.912241" lon="-9.327479">
        <ele>212.72</ele>
      </trkpt>
      <trkpt lat="38.911837" lon="-9.327641">
        <ele>213.42</ele>
      </trkpt>
      <trkpt lat="38.911545" lon="-9.327793">
        <ele>212</ele>
      </trkpt>
      <trkpt lat="38.910805" lon="-9.328146">
        <ele>210.05</ele>
      </trkpt>
      <trkpt lat="38.910257" lon="-9.328319">
        <ele>209.26</ele>
      </trkpt>
      <trkpt lat="38.909483" lon="-9.328512">
        <ele>212.38</ele>
      </trkpt>
      <trkpt lat="38.908968" lon="-9.328641">
        <ele>211.13</ele>
      </trkpt>
      <trkpt lat="38.906261" lon="-9.329152">
        <ele>194.89</ele>
      </trkpt>
      <trkpt lat="38.905943" lon="-9.329162">
        <ele>193.22</ele>
      </trkpt>
      <trkpt lat="38.905617" lon="-9.329108">
        <ele>191.11</ele>
      </trkpt>
      <trkpt lat="38.904507" lon="-9.328808">
        <ele>184.33</ele>
      </trkpt>
      <trkpt lat="38.902944" lon="-9.328108">
        <ele>177.02</ele>
      </trkpt>
      <trkpt lat="38.902067" lon="-9.327755">
        <ele>172.96</ele>
      </trkpt>
      <trkpt lat="38.901753" lon="-9.327563">
        <ele>171.57</ele>
      </trkpt>
      <trkpt lat="38.901105" lon="-9.327054">
        <ele>169.47</ele>
      </trkpt>
      <trkpt lat="38.900507" lon="-9.326616">
        <ele>167.58</ele>
      </trkpt>
      <trkpt lat="38.900209" lon="-9.326503">
        <ele>167.1</ele>
      </trkpt>
      <trkpt lat="38.899891" lon="-9.326412">
        <ele>164.7</ele>
      </trkpt>
      <trkpt lat="38.899592" lon="-9.326311">
        <ele>162.99</ele>
      </trkpt>
      <trkpt lat="38.898908" lon="-9.326026">
        <ele>161.8</ele>
      </trkpt>
      <trkpt lat="38.898633" lon="-9.325991">
        <ele>162.45</ele>
      </trkpt>
      <trkpt lat="38.898356" lon="-9.326059">
        <ele>162.83</ele>
      </trkpt>
      <trkpt lat="38.898044" lon="-9.326238">
        <ele>162.38</ele>
      </trkpt>
      <trkpt lat="38.897736" lon="-9.326502">
        <ele>158.43</ele>
      </trkpt>
      <trkpt lat="38.897533" lon="-9.326579">
        <ele>156.26</ele>
      </trkpt>
      <trkpt lat="38.89674" lon="-9.326729">
        <ele>148.97</ele>
      </trkpt>
      <trkpt lat="38.896158" lon="-9.326865">
        <ele>145.66</ele>
      </trkpt>
      <trkpt lat="38.895786" lon="-9.326926">
        <ele>142.18</ele>
      </trkpt>
      <trkpt lat="38.895462" lon="-9.326916">
        <ele>139.88</ele>
      </trkpt>
      <trkpt lat="38.895462" lon="-9.326916">
        <ele>139.88</ele>
      </trkpt>
      <trkpt lat="38.895081" lon="-9.326903">
        <ele>137.18</ele>
      </trkpt>
      <trkpt lat="38.89429" lon="-9.326855">
        <ele>128.83</ele>
      </trkpt>
      <trkpt lat="38.893791" lon="-9.326855">
        <ele>123.01</ele>
      </trkpt>
      <trkpt lat="38.893252" lon="-9.326807">
        <ele>117.21</ele>
      </trkpt>
      <trkpt lat="38.89293" lon="-9.326842">
        <ele>112.94</ele>
      </trkpt>
      <trkpt lat="38.892048" lon="-9.327053">
        <ele>99.88</ele>
      </trkpt>
      <trkpt lat="38.891564" lon="-9.327081">
        <ele>94.74</ele>
      </trkpt>
      <trkpt lat="38.89115" lon="-9.32705">
        <ele>90.33</ele>
      </trkpt>
      <trkpt lat="38.890483" lon="-9.326891">
        <ele>82.68</ele>
      </trkpt>
      <trkpt lat="38.889719" lon="-9.326749">
        <ele>70.37</ele>
      </trkpt>
      <trkpt lat="38.889619" lon="-9.326745">
        <ele>68.75</ele>
      </trkpt>
      <trkpt lat="38.889557" lon="-9.326762">
        <ele>67.52</ele>
      </trkpt>
      <trkpt lat="38.889499" lon="-9.326791">
        <ele>66.22</ele>
      </trkpt>
      <trkpt lat="38.889437" lon="-9.326843">
        <ele>65.14</ele>
      </trkpt>
      <trkpt lat="38.889351" lon="-9.326934">
        <ele>63.87</ele>
      </trkpt>
      <trkpt lat="38.889112" lon="-9.327217">
        <ele>59.45</ele>
      </trkpt>
      <trkpt lat="38.888961" lon="-9.327363">
        <ele>56.06</ele>
      </trkpt>
      <trkpt lat="38.888794" lon="-9.327553">
        <ele>48.45</ele>
      </trkpt>
      <trkpt lat="38.887708" lon="-9.328909">
        <ele>53.94</ele>
      </trkpt>
      <trkpt lat="38.887526" lon="-9.329128">
        <ele>56.16</ele>
      </trkpt>
      <trkpt lat="38.887149" lon="-9.330072">
        <ele>63.57</ele>
      </trkpt>
      <trkpt lat="38.887064" lon="-9.330224">
        <ele>63.69</ele>
      </trkpt>
      <trkpt lat="38.886937" lon="-9.330324">
        <ele>65.06</ele>
      </trkpt>
      <trkpt lat="38.886781" lon="-9.330401">
        <ele>66.35</ele>
      </trkpt>
      <trkpt lat="38.886542" lon="-9.330499">
        <ele>67.9</ele>
      </trkpt>
      <trkpt lat="38.886331" lon="-9.330574">
        <ele>67.96</ele>
      </trkpt>
      <trkpt lat="38.886116" lon="-9.33061">
        <ele>68.22</ele>
      </trkpt>
      <trkpt lat="38.885934" lon="-9.330628">
        <ele>69.53</ele>
      </trkpt>
      <trkpt lat="38.885739" lon="-9.330697">
        <ele>73.95</ele>
      </trkpt>
      <trkpt lat="38.885425" lon="-9.330873">
        <ele>78.41</ele>
      </trkpt>
      <trkpt lat="38.885151" lon="-9.330989">
        <ele>81.14</ele>
      </trkpt>
      <trkpt lat="38.88499" lon="-9.331011">
        <ele>82.18</ele>
      </trkpt>
      <trkpt lat="38.884822" lon="-9.330977">
        <ele>82.58</ele>
      </trkpt>
      <trkpt lat="38.884434" lon="-9.330841">
        <ele>85.9</ele>
      </trkpt>
      <trkpt lat="38.884278" lon="-9.330855">
        <ele>87.89</ele>
      </trkpt>
      <trkpt lat="38.884103" lon="-9.330996">
        <ele>89.64</ele>
      </trkpt>
      <trkpt lat="38.883955" lon="-9.331252">
        <ele>91.74</ele>
      </trkpt>
      <trkpt lat="38.883863" lon="-9.331506">
        <ele>95.45</ele>
      </trkpt>
      <trkpt lat="38.883859" lon="-9.331753">
        <ele>97.3</ele>
      </trkpt>
      <trkpt lat="38.88389" lon="-9.332026">
        <ele>97.92</ele>
      </trkpt>
      <trkpt lat="38.883915" lon="-9.332336">
        <ele>98.24</ele>
      </trkpt>
      <trkpt lat="38.883922" lon="-9.33266">
        <ele>99.95</ele>
      </trkpt>
      <trkpt lat="38.883874" lon="-9.332919">
        <ele>100.88</ele>
      </trkpt>
      <trkpt lat="38.883746" lon="-9.33321">
        <ele>103.03</ele>
      </trkpt>
      <trkpt lat="38.883684" lon="-9.333471">
        <ele>104.58</ele>
      </trkpt>
      <trkpt lat="38.883693" lon="-9.333716">
        <ele>105.77</ele>
      </trkpt>
      <trkpt lat="38.883737" lon="-9.333964">
        <ele>106.53</ele>
      </trkpt>
      <trkpt lat="38.883925" lon="-9.3348">
        <ele>108.04</ele>
      </trkpt>
      <trkpt lat="38.883934" lon="-9.334915">
        <ele>108.02</ele>
      </trkpt>
      <trkpt lat="38.883918" lon="-9.334971">
        <ele>108.24</ele>
      </trkpt>
      <trkpt lat="38.883902" lon="-9.335023">
        <ele>108.44</ele>
      </trkpt>
      <trkpt lat="38.883848" lon="-9.335078">
        <ele>108.85</ele>
      </trkpt>
      <trkpt lat="38.883781" lon="-9.335072">
        <ele>108.91</ele>
      </trkpt>
      <trkpt lat="38.883709" lon="-9.335027">
        <ele>108.82</ele>
      </trkpt>
      <trkpt lat="38.883647" lon="-9.334915">
        <ele>109.22</ele>
      </trkpt>
      <trkpt lat="38.883517" lon="-9.334644">
        <ele>109.82</ele>
      </trkpt>
      <trkpt lat="38.882917" lon="-9.333392">
        <ele>118.86</ele>
      </trkpt>
      <trkpt lat="38.882788" lon="-9.333051">
        <ele>120.81</ele>
      </trkpt>
      <trkpt lat="38.882765" lon="-9.332754">
        <ele>121.76</ele>
      </trkpt>
      <trkpt lat="38.88269" lon="-9.33202">
        <ele>127.25</ele>
      </trkpt>
      <trkpt lat="38.882632" lon="-9.331752">
        <ele>129.01</ele>
      </trkpt>
      <trkpt lat="38.882523" lon="-9.331359">
        <ele>130.7</ele>
      </trkpt>
      <trkpt lat="38.882425" lon="-9.331035">
        <ele>133.48</ele>
      </trkpt>
      <trkpt lat="38.882303" lon="-9.330316">
        <ele>136.92</ele>
      </trkpt>
      <trkpt lat="38.882262" lon="-9.330157">
        <ele>138.52</ele>
      </trkpt>
      <trkpt lat="38.882196" lon="-9.330058">
        <ele>139.39</ele>
      </trkpt>
      <trkpt lat="38.882126" lon="-9.330014">
        <ele>140.18</ele>
      </trkpt>
      <trkpt lat="38.882039" lon="-9.329978">
        <ele>141.08</ele>
      </trkpt>
      <trkpt lat="38.88188" lon="-9.329957">
        <ele>142.44</ele>
      </trkpt>
      <trkpt lat="38.880933" lon="-9.33004">
        <ele>153.69</ele>
      </trkpt>
      <trkpt lat="38.880022" lon="-9.329766">
        <ele>162.11</ele>
      </trkpt>
      <trkpt lat="38.879726" lon="-9.329757">
        <ele>164.66</ele>
      </trkpt>
      <trkpt lat="38.879441" lon="-9.329778">
        <ele>166.07</ele>
      </trkpt>
      <trkpt lat="38.878862" lon="-9.329793">
        <ele>169.42</ele>
      </trkpt>
      <trkpt lat="38.878339" lon="-9.329739">
        <ele>168.46</ele>
      </trkpt>
      <trkpt lat="38.877961" lon="-9.329682">
        <ele>169.19</ele>
      </trkpt>
      <trkpt lat="38.877826" lon="-9.329678">
        <ele>169.7</ele>
      </trkpt>
      <trkpt lat="38.876853" lon="-9.329738">
        <ele>172.44</ele>
      </trkpt>
      <trkpt lat="38.875745" lon="-9.329805">
        <ele>172.9</ele>
      </trkpt>
      <trkpt lat="38.874118" lon="-9.329758">
        <ele>170</ele>
      </trkpt>
      <trkpt lat="38.873447" lon="-9.329786">
        <ele>168.65</ele>
      </trkpt>
      <trkpt lat="38.872883" lon="-9.329766">
        <ele>167</ele>
      </trkpt>
      <trkpt lat="38.872737" lon="-9.329757">
        <ele>166.75</ele>
      </trkpt>
      <trkpt lat="38.872313" lon="-9.329749">
        <ele>165.66</ele>
      </trkpt>
      <trkpt lat="38.872221" lon="-9.329776">
        <ele>165.73</ele>
      </trkpt>
      <trkpt lat="38.871988" lon="-9.329779">
        <ele>164.94</ele>
      </trkpt>
      <trkpt lat="38.871877" lon="-9.329797">
        <ele>164.8</ele>
      </trkpt>
      <trkpt lat="38.871777" lon="-9.329824">
        <ele>164.19</ele>
      </trkpt>
      <trkpt lat="38.871587" lon="-9.329921">
        <ele>163</ele>
      </trkpt>
      <trkpt lat="38.871497" lon="-9.329991">
        <ele>163</ele>
      </trkpt>
      <trkpt lat="38.871393" lon="-9.330092">
        <ele>162.43</ele>
      </trkpt>
      <trkpt lat="38.870459" lon="-9.331101">
        <ele>160</ele>
      </trkpt>
      <trkpt lat="38.869747" lon="-9.331868">
        <ele>158.04</ele>
      </trkpt>
      <trkpt lat="38.86963" lon="-9.332018">
        <ele>156.88</ele>
      </trkpt>
      <trkpt lat="38.869545" lon="-9.332147">
        <ele>155.95</ele>
      </trkpt>
      <trkpt lat="38.869244" lon="-9.332683">
        <ele>153.49</ele>
      </trkpt>
      <trkpt lat="38.869169" lon="-9.332801">
        <ele>153.02</ele>
      </trkpt>
      <trkpt lat="38.868964" lon="-9.33307">
        <ele>151.71</ele>
      </trkpt>
      <trkpt lat="38.868482" lon="-9.333633">
        <ele>148.67</ele>
      </trkpt>
      <trkpt lat="38.868011" lon="-9.334092">
        <ele>146.1</ele>
      </trkpt>
      <trkpt lat="38.86689" lon="-9.335026">
        <ele>141.94</ele>
      </trkpt>
      <trkpt lat="38.862456" lon="-9.338569">
        <ele>129</ele>
      </trkpt>
      <trkpt lat="38.861706" lon="-9.339138">
        <ele>126.98</ele>
      </trkpt>
      <trkpt lat="38.861193" lon="-9.339479">
        <ele>125.42</ele>
      </trkpt>
      <trkpt lat="38.860567" lon="-9.339851">
        <ele>123.83</ele>
      </trkpt>
      <trkpt lat="38.85971" lon="-9.340304">
        <ele>118.21</ele>
      </trkpt>
      <trkpt lat="38.858585" lon="-9.340867">
        <ele>111.86</ele>
      </trkpt>
      <trkpt lat="38.858117" lon="-9.341146">
        <ele>108.62</ele>
      </trkpt>
      <trkpt lat="38.857775" lon="-9.341418">
        <ele>107.06</ele>
      </trkpt>
      <trkpt lat="38.857462" lon="-9.341716">
        <ele>104.57</ele>
      </trkpt>
      <trkpt lat="38.856979" lon="-9.342259">
        <ele>100.9</ele>
      </trkpt>
      <trkpt lat="38.856734" lon="-9.342573">
        <ele>97.91</ele>
      </trkpt>
      <trkpt lat="38.856023" lon="-9.343425">
        <ele>96.68</ele>
      </trkpt>
      <trkpt lat="38.855761" lon="-9.34373">
        <ele>99.51</ele>
      </trkpt>
      <trkpt lat="38.85543" lon="-9.344153">
        <ele>99.41</ele>
      </trkpt>
      <trkpt lat="38.855255" lon="-9.344458">
        <ele>100.03</ele>
      </trkpt>
      <trkpt lat="38.855123" lon="-9.344755">
        <ele>101.2</ele>
      </trkpt>
      <trkpt lat="38.854982" lon="-9.345163">
        <ele>103.22</ele>
      </trkpt>
      <trkpt lat="38.854896" lon="-9.345557">
        <ele>104.68</ele>
      </trkpt>
      <trkpt lat="38.854722" lon="-9.346896">
        <ele>111.22</ele>
      </trkpt>
      <trkpt lat="38.854576" lon="-9.347599">
        <ele>114.35</ele>
      </trkpt>
      <trkpt lat="38.854358" lon="-9.348154">
        <ele>116.77</ele>
      </trkpt>
      <trkpt lat="38.854146" lon="-9.348527">
        <ele>118.75</ele>
      </trkpt>
      <trkpt lat="38.853847" lon="-9.348904">
        <ele>120.37</ele>
      </trkpt>
      <trkpt lat="38.853533" lon="-9.349181">
        <ele>123.1</ele>
      </trkpt>
      <trkpt lat="38.853267" lon="-9.349366">
        <ele>124.88</ele>
      </trkpt>
      <trkpt lat="38.852972" lon="-9.349506">
        <ele>126.56</ele>
      </trkpt>
      <trkpt lat="38.852521" lon="-9.349627">
        <ele>126.78</ele>
      </trkpt>
      <trkpt lat="38.852187" lon="-9.349662">
        <ele>128.38</ele>
      </trkpt>
      <trkpt lat="38.851731" lon="-9.349657">
        <ele>128.38</ele>
      </trkpt>
      <trkpt lat="38.850752" lon="-9.349613">
        <ele>127.95</ele>
      </trkpt>
      <trkpt lat="38.849946" lon="-9.349551">
        <ele>128</ele>
      </trkpt>
      <trkpt lat="38.848621" lon="-9.349697">
        <ele>129.56</ele>
      </trkpt>
      <trkpt lat="38.847694" lon="-9.349785">
        <ele>131.18</ele>
      </trkpt>
      <trkpt lat="38.84727" lon="-9.349798">
        <ele>132.43</ele>
      </trkpt>
      <trkpt lat="38.846846" lon="-9.349761">
        <ele>133.9</ele>
      </trkpt>
      <trkpt lat="38.846423" lon="-9.34968">
        <ele>135.06</ele>
      </trkpt>
      <trkpt lat="38.84551" lon="-9.349479">
        <ele>137.55</ele>
      </trkpt>
      <trkpt lat="38.844931" lon="-9.349367">
        <ele>139.16</ele>
      </trkpt>
      <trkpt lat="38.84453" lon="-9.349331">
        <ele>139.74</ele>
      </trkpt>
      <trkpt lat="38.844049" lon="-9.349359">
        <ele>139</ele>
      </trkpt>
      <trkpt lat="38.843698" lon="-9.349439">
        <ele>138.15</ele>
      </trkpt>
      <trkpt lat="38.843352" lon="-9.349572">
        <ele>137.17</ele>
      </trkpt>
      <trkpt lat="38.843039" lon="-9.349738">
        <ele>136.69</ele>
      </trkpt>
      <trkpt lat="38.842753" lon="-9.349949">
        <ele>135.51</ele>
      </trkpt>
      <trkpt lat="38.842408" lon="-9.350305">
        <ele>134.16</ele>
      </trkpt>
      <trkpt lat="38.842223" lon="-9.350548">
        <ele>134.02</ele>
      </trkpt>
      <trkpt lat="38.84201" lon="-9.350898">
        <ele>133</ele>
      </trkpt>
      <trkpt lat="38.841364" lon="-9.352047">
        <ele>130.31</ele>
      </trkpt>
      <trkpt lat="38.841099" lon="-9.352434">
        <ele>129.07</ele>
      </trkpt>
      <trkpt lat="38.840967" lon="-9.352598">
        <ele>129</ele>
      </trkpt>
      <trkpt lat="38.840828" lon="-9.352749">
        <ele>128.08</ele>
      </trkpt>
      <trkpt lat="38.84047" lon="-9.353069">
        <ele>126.93</ele>
      </trkpt>
      <trkpt lat="38.84018" lon="-9.353305">
        <ele>126.13</ele>
      </trkpt>
      <trkpt lat="38.839806" lon="-9.353571">
        <ele>125.77</ele>
      </trkpt>
      <trkpt lat="38.839246" lon="-9.354026">
        <ele>123.87</ele>
      </trkpt>
      <trkpt lat="38.839104" lon="-9.354141">
        <ele>125.85</ele>
      </trkpt>
      <trkpt lat="38.837951" lon="-9.35507">
        <ele>128</ele>
      </trkpt>
      <trkpt lat="38.837625" lon="-9.355296">
        <ele>129.1</ele>
      </trkpt>
      <trkpt lat="38.837372" lon="-9.355451">
        <ele>130.01</ele>
      </trkpt>
      <trkpt lat="38.837052" lon="-9.355596">
        <ele>130.85</ele>
      </trkpt>
      <trkpt lat="38.8368" lon="-9.355695">
        <ele>131.43</ele>
      </trkpt>
      <trkpt lat="38.836461" lon="-9.355794">
        <ele>132.01</ele>
      </trkpt>
      <trkpt lat="38.835632" lon="-9.355974">
        <ele>134.05</ele>
      </trkpt>
      <trkpt lat="38.835419" lon="-9.356064">
        <ele>135</ele>
      </trkpt>
      <trkpt lat="38.835347" lon="-9.35612">
        <ele>135</ele>
      </trkpt>
      <trkpt lat="38.835263" lon="-9.356221">
        <ele>135.7</ele>
      </trkpt>
      <trkpt lat="38.835227" lon="-9.356263">
        <ele>135.92</ele>
      </trkpt>
      <trkpt lat="38.835112" lon="-9.356416">
        <ele>136</ele>
      </trkpt>
      <trkpt lat="38.835022" lon="-9.356565">
        <ele>136</ele>
      </trkpt>
      <trkpt lat="38.834915" lon="-9.356994">
        <ele>136.02</ele>
      </trkpt>
      <trkpt lat="38.835022" lon="-9.357208">
        <ele>136.05</ele>
      </trkpt>
      <trkpt lat="38.835374" lon="-9.358799">
        <ele>143.19</ele>
      </trkpt>
      <trkpt lat="38.835957" lon="-9.361666">
        <ele>149</ele>
      </trkpt>
      <trkpt lat="38.8361" lon="-9.362335">
        <ele>150.03</ele>
      </trkpt>
      <trkpt lat="38.83623" lon="-9.36302">
        <ele>152</ele>
      </trkpt>
      <trkpt lat="38.836597" lon="-9.364802">
        <ele>152.49</ele>
      </trkpt>
      <trkpt lat="38.836823" lon="-9.365818">
        <ele>155.9</ele>
      </trkpt>
      <trkpt lat="38.83695" lon="-9.366457">
        <ele>158.99</ele>
      </trkpt>
      <trkpt lat="38.837001" lon="-9.36668">
        <ele>159.68</ele>
      </trkpt>
      <trkpt lat="38.837052" lon="-9.366798">
        <ele>160</ele>
      </trkpt>
      <trkpt lat="38.837355" lon="-9.367221">
        <ele>161.55</ele>
      </trkpt>
      <trkpt lat="38.837815" lon="-9.368429">
        <ele>161.18</ele>
      </trkpt>
      <trkpt lat="38.837942" lon="-9.368686">
        <ele>161</ele>
      </trkpt>
      <trkpt lat="38.838265" lon="-9.369243">
        <ele>160.98</ele>
      </trkpt>
      <trkpt lat="38.838409" lon="-9.369519">
        <ele>160</ele>
      </trkpt>
      <trkpt lat="38.838772" lon="-9.370023">
        <ele>160.56</ele>
      </trkpt>
      <trkpt lat="38.838974" lon="-9.370394">
        <ele>160.24</ele>
      </trkpt>
      <trkpt lat="38.839195" lon="-9.370869">
        <ele>160.63</ele>
      </trkpt>
      <trkpt lat="38.839344" lon="-9.371424">
        <ele>161.03</ele>
      </trkpt>
      <trkpt lat="38.83947" lon="-9.371965">
        <ele>161</ele>
      </trkpt>
      <trkpt lat="38.83954" lon="-9.372378">
        <ele>161</ele>
      </trkpt>
      <trkpt lat="38.839551" lon="-9.372496">
        <ele>161.05</ele>
      </trkpt>
      <trkpt lat="38.839552" lon="-9.372626">
        <ele>161.36</ele>
      </trkpt>
      <trkpt lat="38.839553" lon="-9.372866">
        <ele>162</ele>
      </trkpt>
      <trkpt lat="38.839568" lon="-9.37292">
        <ele>162</ele>
      </trkpt>
      <trkpt lat="38.839568" lon="-9.372976">
        <ele>162</ele>
      </trkpt>
      <trkpt lat="38.839553" lon="-9.373029">
        <ele>162</ele>
      </trkpt>
      <trkpt lat="38.839525" lon="-9.373073">
        <ele>162</ele>
      </trkpt>
      <trkpt lat="38.839469" lon="-9.373105">
        <ele>162</ele>
      </trkpt>
      <trkpt lat="38.839412" lon="-9.373106">
        <ele>162</ele>
      </trkpt>
      <trkpt lat="38.839375" lon="-9.373086">
        <ele>162</ele>
      </trkpt>
      <trkpt lat="38.839345" lon="-9.373052">
        <ele>162</ele>
      </trkpt>
      <trkpt lat="38.839321" lon="-9.372984">
        <ele>161.99</ele>
      </trkpt>
      <trkpt lat="38.839268" lon="-9.372943">
        <ele>161.84</ele>
      </trkpt>
      <trkpt lat="38.839137" lon="-9.372805">
        <ele>161</ele>
      </trkpt>
      <trkpt lat="38.839076" lon="-9.372759">
        <ele>161</ele>
      </trkpt>
      <trkpt lat="38.83894" lon="-9.372604">
        <ele>161</ele>
      </trkpt>
      <trkpt lat="38.838669" lon="-9.372207">
        <ele>160.57</ele>
      </trkpt>
      <trkpt lat="38.838457" lon="-9.37182">
        <ele>158.59</ele>
      </trkpt>
      <trkpt lat="38.837922" lon="-9.370891">
        <ele>154.09</ele>
      </trkpt>
      <trkpt lat="38.837679" lon="-9.370501">
        <ele>154.3</ele>
      </trkpt>
      <trkpt lat="38.837578" lon="-9.37038">
        <ele>154.36</ele>
      </trkpt>
      <trkpt lat="38.837356" lon="-9.370279">
        <ele>154.78</ele>
      </trkpt>
      <trkpt lat="38.836784" lon="-9.37019">
        <ele>156.32</ele>
      </trkpt>
      <trkpt lat="38.836535" lon="-9.370119">
        <ele>157.69</ele>
      </trkpt>
      <trkpt lat="38.836423" lon="-9.370056">
        <ele>158.14</ele>
      </trkpt>
      <trkpt lat="38.835983" lon="-9.36964">
        <ele>160.44</ele>
      </trkpt>
      <trkpt lat="38.835901" lon="-9.369592">
        <ele>160.11</ele>
      </trkpt>
      <trkpt lat="38.835559" lon="-9.369462">
        <ele>160.53</ele>
      </trkpt>
      <trkpt lat="38.835251" lon="-9.369371">
        <ele>161.12</ele>
      </trkpt>
      <trkpt lat="38.835064" lon="-9.369338">
        <ele>162.19</ele>
      </trkpt>
      <trkpt lat="38.834791" lon="-9.369356">
        <ele>162.01</ele>
      </trkpt>
      <trkpt lat="38.834441" lon="-9.369461">
        <ele>161</ele>
      </trkpt>
      <trkpt lat="38.834104" lon="-9.369573">
        <ele>160.93</ele>
      </trkpt>
      <trkpt lat="38.833253" lon="-9.369801">
        <ele>156.81</ele>
      </trkpt>
      <trkpt lat="38.83296" lon="-9.369889">
        <ele>155.09</ele>
      </trkpt>
      <trkpt lat="38.832812" lon="-9.369921">
        <ele>154.9</ele>
      </trkpt>
      <trkpt lat="38.83259" lon="-9.369918">
        <ele>153.95</ele>
      </trkpt>
      <trkpt lat="38.832426" lon="-9.369858">
        <ele>153.26</ele>
      </trkpt>
      <trkpt lat="38.83222" lon="-9.369801">
        <ele>150.86</ele>
      </trkpt>
      <trkpt lat="38.832021" lon="-9.369894">
        <ele>149.39</ele>
      </trkpt>
      <trkpt lat="38.831029" lon="-9.370507">
        <ele>142.98</ele>
      </trkpt>
      <trkpt lat="38.8309" lon="-9.370563">
        <ele>142.14</ele>
      </trkpt>
      <trkpt lat="38.830795" lon="-9.370593">
        <ele>142.05</ele>
      </trkpt>
      <trkpt lat="38.8307" lon="-9.370598">
        <ele>142.04</ele>
      </trkpt>
      <trkpt lat="38.830175" lon="-9.370521">
        <ele>142</ele>
      </trkpt>
      <trkpt lat="38.829928" lon="-9.370494">
        <ele>143.11</ele>
      </trkpt>
      <trkpt lat="38.829822" lon="-9.370458">
        <ele>143.27</ele>
      </trkpt>
      <trkpt lat="38.829725" lon="-9.370387">
        <ele>143</ele>
      </trkpt>
      <trkpt lat="38.82964" lon="-9.370303">
        <ele>143.14</ele>
      </trkpt>
      <trkpt lat="38.828952" lon="-9.369353">
        <ele>142.53</ele>
      </trkpt>
      <trkpt lat="38.828511" lon="-9.368762">
        <ele>145.6</ele>
      </trkpt>
      <trkpt lat="38.828336" lon="-9.368646">
        <ele>146.4</ele>
      </trkpt>
      <trkpt lat="38.828184" lon="-9.368626">
        <ele>147.55</ele>
      </trkpt>
      <trkpt lat="38.82675" lon="-9.368608">
        <ele>151.65</ele>
      </trkpt>
      <trkpt lat="38.826163" lon="-9.368604">
        <ele>153</ele>
      </trkpt>
      <trkpt lat="38.825648" lon="-9.368574">
        <ele>152.31</ele>
      </trkpt>
      <trkpt lat="38.82544" lon="-9.36851">
        <ele>152</ele>
      </trkpt>
      <trkpt lat="38.825123" lon="-9.36838">
        <ele>152.26</ele>
      </trkpt>
      <trkpt lat="38.82471" lon="-9.368173">
        <ele>153.19</ele>
      </trkpt>
      <trkpt lat="38.8245" lon="-9.368093">
        <ele>154.39</ele>
      </trkpt>
      <trkpt lat="38.824436" lon="-9.368083">
        <ele>154.58</ele>
      </trkpt>
      <trkpt lat="38.824157" lon="-9.368106">
        <ele>155.18</ele>
      </trkpt>
      <trkpt lat="38.822524" lon="-9.368406">
        <ele>156.67</ele>
      </trkpt>
      <trkpt lat="38.822118" lon="-9.368537">
        <ele>156.56</ele>
      </trkpt>
      <trkpt lat="38.821978" lon="-9.368547">
        <ele>155.58</ele>
      </trkpt>
      <trkpt lat="38.821912" lon="-9.368533">
        <ele>155.06</ele>
      </trkpt>
      <trkpt lat="38.821837" lon="-9.368503">
        <ele>154.93</ele>
      </trkpt>
      <trkpt lat="38.821346" lon="-9.368275">
        <ele>151.88</ele>
      </trkpt>
      <trkpt lat="38.820787" lon="-9.368013">
        <ele>151.46</ele>
      </trkpt>
      <trkpt lat="38.820638" lon="-9.367929">
        <ele>152</ele>
      </trkpt>
      <trkpt lat="38.820503" lon="-9.367822">
        <ele>152.62</ele>
      </trkpt>
      <trkpt lat="38.819853" lon="-9.367201">
        <ele>159.43</ele>
      </trkpt>
      <trkpt lat="38.81978" lon="-9.367144">
        <ele>159.97</ele>
      </trkpt>
      <trkpt lat="38.819708" lon="-9.367103">
        <ele>160.39</ele>
      </trkpt>
      <trkpt lat="38.819567" lon="-9.367055">
        <ele>161.83</ele>
      </trkpt>
      <trkpt lat="38.818438" lon="-9.366847">
        <ele>160.01</ele>
      </trkpt>
      <trkpt lat="38.818227" lon="-9.366822">
        <ele>160</ele>
      </trkpt>
      <trkpt lat="38.8181" lon="-9.366825">
        <ele>159.48</ele>
      </trkpt>
      <trkpt lat="38.817499" lon="-9.366901">
        <ele>158.42</ele>
      </trkpt>
      <trkpt lat="38.817284" lon="-9.366936">
        <ele>158.35</ele>
      </trkpt>
      <trkpt lat="38.817057" lon="-9.367026">
        <ele>158.69</ele>
      </trkpt>
      <trkpt lat="38.816875" lon="-9.367142">
        <ele>158.68</ele>
      </trkpt>
      <trkpt lat="38.816086" lon="-9.367692">
        <ele>160.37</ele>
      </trkpt>
      <trkpt lat="38.815587" lon="-9.368037">
        <ele>159.76</ele>
      </trkpt>
      <trkpt lat="38.814624" lon="-9.368694">
        <ele>153</ele>
      </trkpt>
      <trkpt lat="38.813915" lon="-9.36917">
        <ele>151.23</ele>
      </trkpt>
      <trkpt lat="38.812457" lon="-9.37015">
        <ele>143.53</ele>
      </trkpt>
      <trkpt lat="38.812128" lon="-9.370382">
        <ele>143.36</ele>
      </trkpt>
      <trkpt lat="38.811802" lon="-9.370596">
        <ele>142.42</ele>
      </trkpt>
      <trkpt lat="38.81168" lon="-9.370754">
        <ele>141.45</ele>
      </trkpt>
      <trkpt lat="38.811651" lon="-9.370826">
        <ele>141.38</ele>
      </trkpt>
      <trkpt lat="38.811636" lon="-9.370895">
        <ele>141.15</ele>
      </trkpt>
      <trkpt lat="38.811597" lon="-9.370945">
        <ele>141</ele>
      </trkpt>
      <trkpt lat="38.811544" lon="-9.370963">
        <ele>140.92</ele>
      </trkpt>
      <trkpt lat="38.811505" lon="-9.371009">
        <ele>140.66</ele>
      </trkpt>
      <trkpt lat="38.811357" lon="-9.371263">
        <ele>139.23</ele>
      </trkpt>
      <trkpt lat="38.811333" lon="-9.371307">
        <ele>139</ele>
      </trkpt>
      <trkpt lat="38.810982" lon="-9.371774">
        <ele>137.09</ele>
      </trkpt>
      <trkpt lat="38.8111" lon="-9.37187">
        <ele>136.53</ele>
      </trkpt>
      <trkpt lat="38.811133" lon="-9.37183">
        <ele>136.75</ele>
      </trkpt>
      <trkpt lat="38.8111" lon="-9.37187">
        <ele>136.53</ele>
      </trkpt>
      <trkpt lat="38.811542" lon="-9.3722">
        <ele>136.16</ele>
      </trkpt>
      <trkpt lat="38.811626" lon="-9.372235">
        <ele>136.41</ele>
      </trkpt>
      <trkpt lat="38.811694" lon="-9.372232">
        <ele>136.43</ele>
      </trkpt>
      <trkpt lat="38.812247" lon="-9.372087">
        <ele>133.19</ele>
      </trkpt>
      <trkpt lat="38.812353" lon="-9.372075">
        <ele>132.4</ele>
      </trkpt>
      <trkpt lat="38.812438" lon="-9.372084">
        <ele>131.83</ele>
      </trkpt>
      <trkpt lat="38.812539" lon="-9.372131">
        <ele>131.02</ele>
      </trkpt>
      <trkpt lat="38.812618" lon="-9.37222">
        <ele>131.08</ele>
      </trkpt>
      <trkpt lat="38.812659" lon="-9.372338">
        <ele>130.72</ele>
      </trkpt>
      <trkpt lat="38.812665" lon="-9.372415">
        <ele>130.34</ele>
      </trkpt>
      <trkpt lat="38.812639" lon="-9.372761">
        <ele>129.09</ele>
      </trkpt>
      <trkpt lat="38.812646" lon="-9.372848">
        <ele>128.63</ele>
      </trkpt>
      <trkpt lat="38.812683" lon="-9.373007">
        <ele>127.98</ele>
      </trkpt>
      <trkpt lat="38.812706" lon="-9.373059">
        <ele>127.77</ele>
      </trkpt>
      <trkpt lat="38.812766" lon="-9.373137">
        <ele>127.28</ele>
      </trkpt>
      <trkpt lat="38.812807" lon="-9.373168">
        <ele>126.96</ele>
      </trkpt>
      <trkpt lat="38.812931" lon="-9.373215">
        <ele>126.4</ele>
      </trkpt>
      <trkpt lat="38.813167" lon="-9.373215">
        <ele>125.94</ele>
      </trkpt>
      <trkpt lat="38.813367" lon="-9.373243">
        <ele>124.83</ele>
      </trkpt>
      <trkpt lat="38.813865" lon="-9.373358">
        <ele>121.62</ele>
      </trkpt>
      <trkpt lat="38.814058" lon="-9.373425">
        <ele>120.46</ele>
      </trkpt>
      <trkpt lat="38.814216" lon="-9.373541">
        <ele>118.73</ele>
      </trkpt>
      <trkpt lat="38.814289" lon="-9.373706">
        <ele>118.73</ele>
      </trkpt>
      <trkpt lat="38.81436" lon="-9.374118">
        <ele>116.92</ele>
      </trkpt>
      <trkpt lat="38.814389" lon="-9.374258">
        <ele>117.04</ele>
      </trkpt>
      <trkpt lat="38.814425" lon="-9.374375">
        <ele>117.09</ele>
      </trkpt>
      <trkpt lat="38.814518" lon="-9.374572">
        <ele>116.32</ele>
      </trkpt>
      <trkpt lat="38.814688" lon="-9.374868">
        <ele>116.13</ele>
      </trkpt>
      <trkpt lat="38.814762" lon="-9.375111">
        <ele>114.74</ele>
      </trkpt>
      <trkpt lat="38.814859" lon="-9.375566">
        <ele>114.94</ele>
      </trkpt>
      <trkpt lat="38.815273" lon="-9.376629">
        <ele>112.17</ele>
      </trkpt>
      <trkpt lat="38.815473" lon="-9.376823">
        <ele>112.33</ele>
      </trkpt>
      <trkpt lat="38.815808" lon="-9.377087">
        <ele>111.55</ele>
      </trkpt>
      <trkpt lat="38.815919" lon="-9.377258">
        <ele>110.46</ele>
      </trkpt>
      <trkpt lat="38.81599" lon="-9.377519">
        <ele>109.26</ele>
      </trkpt>
      <trkpt lat="38.815979" lon="-9.377746">
        <ele>109.08</ele>
      </trkpt>
      <trkpt lat="38.815923" lon="-9.377949">
        <ele>109.1</ele>
      </trkpt>
      <trkpt lat="38.81586" lon="-9.378088">
        <ele>108.69</ele>
      </trkpt>
      <trkpt lat="38.815765" lon="-9.378237">
        <ele>108.55</ele>
      </trkpt>
      <trkpt lat="38.815419" lon="-9.378692">
        <ele>106.1</ele>
      </trkpt>
      <trkpt lat="38.814811" lon="-9.379435">
        <ele>103.37</ele>
      </trkpt>
      <trkpt lat="38.81467" lon="-9.37971">
        <ele>102.94</ele>
      </trkpt>
      <trkpt lat="38.814543" lon="-9.38004">
        <ele>102.86</ele>
      </trkpt>
      <trkpt lat="38.814472" lon="-9.380267">
        <ele>102.82</ele>
      </trkpt>
      <trkpt lat="38.814363" lon="-9.380766">
        <ele>101.88</ele>
      </trkpt>
      <trkpt lat="38.814105" lon="-9.381831">
        <ele>101.68</ele>
      </trkpt>
      <trkpt lat="38.813878" lon="-9.382762">
        <ele>99.97</ele>
      </trkpt>
      <trkpt lat="38.813528" lon="-9.384142">
        <ele>96.05</ele>
      </trkpt>
      <trkpt lat="38.813558" lon="-9.384323">
        <ele>96.26</ele>
      </trkpt>
      <trkpt lat="38.813701" lon="-9.384691">
        <ele>98.32</ele>
      </trkpt>
      <trkpt lat="38.813796" lon="-9.385113">
        <ele>101.74</ele>
      </trkpt>
      <trkpt lat="38.813825" lon="-9.385335">
        <ele>101.56</ele>
      </trkpt>
      <trkpt lat="38.813826" lon="-9.385577">
        <ele>103.24</ele>
      </trkpt>
      <trkpt lat="38.813839" lon="-9.385787">
        <ele>106.34</ele>
      </trkpt>
      <trkpt lat="38.813873" lon="-9.38588">
        <ele>107.74</ele>
      </trkpt>
      <trkpt lat="38.813913" lon="-9.385938">
        <ele>108.24</ele>
      </trkpt>
      <trkpt lat="38.81408" lon="-9.38613">
        <ele>109.3</ele>
      </trkpt>
      <trkpt lat="38.814137" lon="-9.38626">
        <ele>109.68</ele>
      </trkpt>
      <trkpt lat="38.814156" lon="-9.386369">
        <ele>109.34</ele>
      </trkpt>
      <trkpt lat="38.814191" lon="-9.386723">
        <ele>109.64</ele>
      </trkpt>
      <trkpt lat="38.814217" lon="-9.386837">
        <ele>109.78</ele>
      </trkpt>
      <trkpt lat="38.814261" lon="-9.386924">
        <ele>109.84</ele>
      </trkpt>
      <trkpt lat="38.814319" lon="-9.386974">
        <ele>110.48</ele>
      </trkpt>
      <trkpt lat="38.814622" lon="-9.387141">
        <ele>110.88</ele>
      </trkpt>
      <trkpt lat="38.8147" lon="-9.387215">
        <ele>111.15</ele>
      </trkpt>
      <trkpt lat="38.814741" lon="-9.387258">
        <ele>111.45</ele>
      </trkpt>
      <trkpt lat="38.81489" lon="-9.387466">
        <ele>111.92</ele>
      </trkpt>
      <trkpt lat="38.814919" lon="-9.387541">
        <ele>111.93</ele>
      </trkpt>
      <trkpt lat="38.815018" lon="-9.387958">
        <ele>110.97</ele>
      </trkpt>
      <trkpt lat="38.815025" lon="-9.388052">
        <ele>110.53</ele>
      </trkpt>
      <trkpt lat="38.815019" lon="-9.388218">
        <ele>110</ele>
      </trkpt>
      <trkpt lat="38.815025" lon="-9.388372">
        <ele>109.86</ele>
      </trkpt>
      <trkpt lat="38.815042" lon="-9.388483">
        <ele>109.65</ele>
      </trkpt>
      <trkpt lat="38.815094" lon="-9.388721">
        <ele>109.56</ele>
      </trkpt>
      <trkpt lat="38.815108" lon="-9.388832">
        <ele>108.92</ele>
      </trkpt>
      <trkpt lat="38.815105" lon="-9.388937">
        <ele>108.3</ele>
      </trkpt>
      <trkpt lat="38.81508" lon="-9.389201">
        <ele>106.73</ele>
      </trkpt>
      <trkpt lat="38.81507" lon="-9.389663">
        <ele>104.96</ele>
      </trkpt>
      <trkpt lat="38.815076" lon="-9.389904">
        <ele>103.97</ele>
      </trkpt>
      <trkpt lat="38.815061" lon="-9.389991">
        <ele>103.84</ele>
      </trkpt>
      <trkpt lat="38.814957" lon="-9.390187">
        <ele>102.35</ele>
      </trkpt>
      <trkpt lat="38.814816" lon="-9.390466">
        <ele>99.83</ele>
      </trkpt>
      <trkpt lat="38.814819" lon="-9.390704">
        <ele>98.04</ele>
      </trkpt>
      <trkpt lat="38.814842" lon="-9.390727">
        <ele>98.05</ele>
      </trkpt>
      <trkpt lat="38.814857" lon="-9.390759">
        <ele>97.92</ele>
      </trkpt>
      <trkpt lat="38.814864" lon="-9.390795">
        <ele>97.67</ele>
      </trkpt>
      <trkpt lat="38.814861" lon="-9.390832">
        <ele>97.38</ele>
      </trkpt>
      <trkpt lat="38.814848" lon="-9.390865">
        <ele>97.11</ele>
      </trkpt>
      <trkpt lat="38.814827" lon="-9.390892">
        <ele>97</ele>
      </trkpt>
      <trkpt lat="38.814801" lon="-9.390908">
        <ele>96.87</ele>
      </trkpt>
      <trkpt lat="38.814773" lon="-9.390912">
        <ele>96.66</ele>
      </trkpt>
      <trkpt lat="38.814746" lon="-9.390904">
        <ele>96.46</ele>
      </trkpt>
      <trkpt lat="38.814713" lon="-9.390875">
        <ele>96.25</ele>
      </trkpt>
      <trkpt lat="38.814578" lon="-9.390819">
        <ele>95.56</ele>
      </trkpt>
      <trkpt lat="38.814342" lon="-9.390842">
        <ele>94.22</ele>
      </trkpt>
      <trkpt lat="38.814247" lon="-9.390836">
        <ele>93.99</ele>
      </trkpt>
      <trkpt lat="38.813951" lon="-9.390745">
        <ele>92.32</ele>
      </trkpt>
      <trkpt lat="38.813685" lon="-9.39074">
        <ele>90.92</ele>
      </trkpt>
      <trkpt lat="38.813394" lon="-9.390688">
        <ele>88.41</ele>
      </trkpt>
      <trkpt lat="38.813254" lon="-9.390646">
        <ele>87.71</ele>
      </trkpt>
      <trkpt lat="38.812391" lon="-9.390387">
        <ele>84.78</ele>
      </trkpt>
      <trkpt lat="38.812313" lon="-9.390337">
        <ele>84.25</ele>
      </trkpt>
      <trkpt lat="38.812258" lon="-9.390291">
        <ele>83.9</ele>
      </trkpt>
      <trkpt lat="38.81198" lon="-9.389863">
        <ele>84.92</ele>
      </trkpt>
      <trkpt lat="38.811845" lon="-9.389694">
        <ele>85.9</ele>
      </trkpt>
      <trkpt lat="38.81157" lon="-9.389534">
        <ele>88.04</ele>
      </trkpt>
      <trkpt lat="38.811294" lon="-9.389373">
        <ele>92.29</ele>
      </trkpt>
      <trkpt lat="38.811173" lon="-9.38934">
        <ele>94.51</ele>
      </trkpt>
      <trkpt lat="38.811031" lon="-9.389382">
        <ele>97.38</ele>
      </trkpt>
      <trkpt lat="38.810831" lon="-9.389544">
        <ele>100.02</ele>
      </trkpt>
      <trkpt lat="38.810776" lon="-9.38957">
        <ele>100.33</ele>
      </trkpt>
      <trkpt lat="38.810703" lon="-9.389579">
        <ele>100.87</ele>
      </trkpt>
      <trkpt lat="38.810613" lon="-9.38956">
        <ele>101.09</ele>
      </trkpt>
      <trkpt lat="38.810307" lon="-9.389322">
        <ele>102.97</ele>
      </trkpt>
      <trkpt lat="38.810108" lon="-9.389116">
        <ele>103.73</ele>
      </trkpt>
      <trkpt lat="38.809512" lon="-9.388346">
        <ele>110.48</ele>
      </trkpt>
      <trkpt lat="38.809436" lon="-9.388189">
        <ele>112.33</ele>
      </trkpt>
      <trkpt lat="38.809212" lon="-9.387501">
        <ele>117.53</ele>
      </trkpt>
      <trkpt lat="38.80918" lon="-9.387425">
        <ele>118.09</ele>
      </trkpt>
      <trkpt lat="38.809133" lon="-9.387365">
        <ele>118.44</ele>
      </trkpt>
      <trkpt lat="38.809082" lon="-9.387323">
        <ele>118.69</ele>
      </trkpt>
      <trkpt lat="38.809007" lon="-9.387298">
        <ele>119.19</ele>
      </trkpt>
      <trkpt lat="38.80893" lon="-9.387285">
        <ele>119.84</ele>
      </trkpt>
      <trkpt lat="38.808825" lon="-9.38731">
        <ele>121.06</ele>
      </trkpt>
      <trkpt lat="38.808741" lon="-9.387344">
        <ele>121.97</ele>
      </trkpt>
      <trkpt lat="38.808581" lon="-9.387493">
        <ele>123.47</ele>
      </trkpt>
      <trkpt lat="38.808373" lon="-9.387709">
        <ele>124.57</ele>
      </trkpt>
      <trkpt lat="38.808188" lon="-9.38792">
        <ele>126.36</ele>
      </trkpt>
      <trkpt lat="38.808131" lon="-9.38801">
        <ele>126.96</ele>
      </trkpt>
      <trkpt lat="38.807703" lon="-9.388882">
        <ele>130.38</ele>
      </trkpt>
      <trkpt lat="38.807529" lon="-9.389194">
        <ele>132.07</ele>
      </trkpt>
      <trkpt lat="38.807424" lon="-9.389292">
        <ele>132.9</ele>
      </trkpt>
      <trkpt lat="38.807365" lon="-9.389323">
        <ele>133.52</ele>
      </trkpt>
      <trkpt lat="38.807298" lon="-9.389339">
        <ele>134.11</ele>
      </trkpt>
      <trkpt lat="38.807188" lon="-9.389326">
        <ele>134.89</ele>
      </trkpt>
      <trkpt lat="38.807082" lon="-9.389285">
        <ele>136.17</ele>
      </trkpt>
      <trkpt lat="38.806985" lon="-9.389209">
        <ele>137.63</ele>
      </trkpt>
      <trkpt lat="38.806947" lon="-9.389163">
        <ele>138.22</ele>
      </trkpt>
      <trkpt lat="38.806829" lon="-9.388972">
        <ele>140.19</ele>
      </trkpt>
      <trkpt lat="38.8067" lon="-9.388777">
        <ele>140.94</ele>
      </trkpt>
      <trkpt lat="38.806523" lon="-9.388581">
        <ele>142.94</ele>
      </trkpt>
      <trkpt lat="38.806482" lon="-9.388552">
        <ele>143.32</ele>
      </trkpt>
      <trkpt lat="38.806305" lon="-9.388463">
        <ele>144.98</ele>
      </trkpt>
      <trkpt lat="38.806194" lon="-9.388441">
        <ele>146.57</ele>
      </trkpt>
      <trkpt lat="38.80613" lon="-9.388441">
        <ele>147.62</ele>
      </trkpt>
      <trkpt lat="38.806064" lon="-9.388454">
        <ele>148.97</ele>
      </trkpt>
      <trkpt lat="38.806032" lon="-9.388469">
        <ele>149.68</ele>
      </trkpt>
      <trkpt lat="38.805976" lon="-9.388521">
        <ele>150.66</ele>
      </trkpt>
      <trkpt lat="38.805941" lon="-9.388608">
        <ele>150.45</ele>
      </trkpt>
      <trkpt lat="38.805925" lon="-9.388705">
        <ele>150.35</ele>
      </trkpt>
      <trkpt lat="38.805667" lon="-9.388835">
        <ele>151.25</ele>
      </trkpt>
      <trkpt lat="38.805582" lon="-9.388863">
        <ele>151.67</ele>
      </trkpt>
      <trkpt lat="38.80549" lon="-9.388865">
        <ele>151.89</ele>
      </trkpt>
      <trkpt lat="38.805413" lon="-9.388847">
        <ele>152</ele>
      </trkpt>
      <trkpt lat="38.805319" lon="-9.388794">
        <ele>152.14</ele>
      </trkpt>
      <trkpt lat="38.804684" lon="-9.388315">
        <ele>154.87</ele>
      </trkpt>
      <trkpt lat="38.804636" lon="-9.388247">
        <ele>155.31</ele>
      </trkpt>
      <trkpt lat="38.804622" lon="-9.388204">
        <ele>155.68</ele>
      </trkpt>
      <trkpt lat="38.804608" lon="-9.3881">
        <ele>156.35</ele>
      </trkpt>
      <trkpt lat="38.804615" lon="-9.388021">
        <ele>156.76</ele>
      </trkpt>
      <trkpt lat="38.804527" lon="-9.388003">
        <ele>157.52</ele>
      </trkpt>
      <trkpt lat="38.804498" lon="-9.388008">
        <ele>157.71</ele>
      </trkpt>
      <trkpt lat="38.804447" lon="-9.388034">
        <ele>157.73</ele>
      </trkpt>
      <trkpt lat="38.804403" lon="-9.388077">
        <ele>157.99</ele>
      </trkpt>
      <trkpt lat="38.80424" lon="-9.388237">
        <ele>158.97</ele>
      </trkpt>
      <trkpt lat="38.803621" lon="-9.388846">
        <ele>169.01</ele>
      </trkpt>
      <trkpt lat="38.803467" lon="-9.388949">
        <ele>171.02</ele>
      </trkpt>
      <trkpt lat="38.803273" lon="-9.388998">
        <ele>173.02</ele>
      </trkpt>
      <trkpt lat="38.803147" lon="-9.388964">
        <ele>174.21</ele>
      </trkpt>
      <trkpt lat="38.802981" lon="-9.388852">
        <ele>175.32</ele>
      </trkpt>
      <trkpt lat="38.802881" lon="-9.388764">
        <ele>176.61</ele>
      </trkpt>
      <trkpt lat="38.802717" lon="-9.388619">
        <ele>178.66</ele>
      </trkpt>
      <trkpt lat="38.802637" lon="-9.38852">
        <ele>179.78</ele>
      </trkpt>
      <trkpt lat="38.802581" lon="-9.388428">
        <ele>181.28</ele>
      </trkpt>
      <trkpt lat="38.802562" lon="-9.388363">
        <ele>182.05</ele>
      </trkpt>
      <trkpt lat="38.802449" lon="-9.387774">
        <ele>188.37</ele>
      </trkpt>
      <trkpt lat="38.802297" lon="-9.387215">
        <ele>194.05</ele>
      </trkpt>
      <trkpt lat="38.802153" lon="-9.386734">
        <ele>198.16</ele>
      </trkpt>
      <trkpt lat="38.802151" lon="-9.386708">
        <ele>198.39</ele>
      </trkpt>
      <trkpt lat="38.802282" lon="-9.38642">
        <ele>200.91</ele>
      </trkpt>
      <trkpt lat="38.802274" lon="-9.386362">
        <ele>201.43</ele>
      </trkpt>
      <trkpt lat="38.802253" lon="-9.386331">
        <ele>201.79</ele>
      </trkpt>
      <trkpt lat="38.802068" lon="-9.386171">
        <ele>200.79</ele>
      </trkpt>
      <trkpt lat="38.801971" lon="-9.386031">
        <ele>200.12</ele>
      </trkpt>
      <trkpt lat="38.801729" lon="-9.38551">
        <ele>201.47</ele>
      </trkpt>
      <trkpt lat="38.801499" lon="-9.385061">
        <ele>200.92</ele>
      </trkpt>
      <trkpt lat="38.801335" lon="-9.384706">
        <ele>200.7</ele>
      </trkpt>
      <trkpt lat="38.80095" lon="-9.383939">
        <ele>202.06</ele>
      </trkpt>
      <trkpt lat="38.800929" lon="-9.383899">
        <ele>202.22</ele>
      </trkpt>
      <trkpt lat="38.800877" lon="-9.383972">
        <ele>201.98</ele>
      </trkpt>
      <trkpt lat="38.800773" lon="-9.384117">
        <ele>200.79</ele>
      </trkpt>
      <trkpt lat="38.800455" lon="-9.384494">
        <ele>198.31</ele>
      </trkpt>
      <trkpt lat="38.800338" lon="-9.384648">
        <ele>198.28</ele>
      </trkpt>
      <trkpt lat="38.799914" lon="-9.385377">
        <ele>193.81</ele>
      </trkpt>
      <trkpt lat="38.799205" lon="-9.38643">
        <ele>191.37</ele>
      </trkpt>
      <trkpt lat="38.799127" lon="-9.386587">
        <ele>191.15</ele>
      </trkpt>
      <trkpt lat="38.799074" lon="-9.386723">
        <ele>191.55</ele>
      </trkpt>
      <trkpt lat="38.799031" lon="-9.386866">
        <ele>191.14</ele>
      </trkpt>
      <trkpt lat="38.798976" lon="-9.387107">
        <ele>191.4</ele>
      </trkpt>
      <trkpt lat="38.798872" lon="-9.387706">
        <ele>192.71022485053044</ele>
      </trkpt>
      <trkpt lat="38.79872938141406" lon="-9.38801485941164">
        <ele>192.59172753566463</ele>
      </trkpt>
      <trkpt lat="38.7986016805815" lon="-9.388130636470919">
        <ele>192.98244461592304</ele>
      </trkpt>
      <trkpt lat="38.79833990860578" lon="-9.388265404333708">
        <ele>194.56219203263257</ele>
      </trkpt>
      <trkpt lat="38.79803773852504" lon="-9.388213570539733">
        <ele>194.8792341636265</ele>
      </trkpt>
      <trkpt lat="38.79762864599086" lon="-9.387974081983792">
        <ele>193.97448035007875</ele>
      </trkpt>
      <trkpt lat="38.797572363754284" lon="-9.387941133566414">
        <ele>194.43689470795144</ele>
      </trkpt>
      <trkpt lat="38.79738653538382" lon="-9.387787705538273">
        <ele>193.96681238378656</ele>
      </trkpt>
      <trkpt lat="38.797250799572765" lon="-9.387462189316693">
        <ele>192.5908974204686</ele>
      </trkpt>
      <trkpt lat="38.79710794884485" lon="-9.386915123745514">
        <ele>193.23886264967615</ele>
      </trkpt>
      <trkpt lat="38.797062518722186" lon="-9.386741143140966">
        <ele>194.79164686355733</ele>
      </trkpt>
      <trkpt lat="38.79691385500092" lon="-9.386452947251144">
        <ele>195.68954349783337</ele>
      </trkpt>
      <trkpt lat="38.79681043657797" lon="-9.386388673346602">
        <ele>196.2709327261543</ele>
      </trkpt>
      <trkpt lat="38.79664134082543" lon="-9.386427437249921">
        <ele>196.01857606711857</ele>
      </trkpt>
      <trkpt lat="38.796518530961464" lon="-9.386516591374544">
        <ele>198.3675494402862</ele>
      </trkpt>
      <trkpt lat="38.79647166924693" lon="-9.386744660065148">
        <ele>199.26678059201714</ele>
      </trkpt>
      <trkpt lat="38.79649590806861" lon="-9.387055662824537">
        <ele>199.13767954595107</ele>
      </trkpt>
      <trkpt lat="38.79649267622642" lon="-9.387325198550087">
        <ele>199.95787517639152</ele>
      </trkpt>
      <trkpt lat="38.796467385466" lon="-9.387616292640388">
        <ele>199.11160968823998</ele>
      </trkpt>
      <trkpt lat="38.79641729187222" lon="-9.387929368752452">
        <ele>200.19679872537407</ele>
      </trkpt>
      <trkpt lat="38.79640921225675" lon="-9.388103530297485">
        <ele>199.91418555656026</ele>
      </trkpt>
      <trkpt lat="38.79646253769991" lon="-9.388383432782007">
        <ele>198.96989534349507</ele>
      </trkpt>
      <trkpt lat="38.79651747902457" lon="-9.388623941583205">
        <ele>199.971047778531</ele>
      </trkpt>
      <trkpt lat="38.79657775948968" lon="-9.388939651595791">
        <ele>202.31708186648166</ele>
      </trkpt>
      <trkpt lat="38.79658907092403" lon="-9.389155280176823">
        <ele>203.029562350036</ele>
      </trkpt>
      <trkpt lat="38.79661492562411" lon="-9.389368835405236">
        <ele>202.4941474259654</ele>
      </trkpt>
      <trkpt lat="38.796605230112476" lon="-9.389474576343673">
        <ele>203.25808843482136</ele>
      </trkpt>
      <trkpt lat="38.79664885990405" lon="-9.389652884591868">
        <ele>203.21417639421568</ele>
      </trkpt>
      <trkpt lat="38.79668764191817" lon="-9.38975655217871">
        <ele>203.76059339667358</ele>
      </trkpt>
      <trkpt lat="38.796658555409806" lon="-9.389831192841143">
        <ele>204.558489134654</ele>
      </trkpt>
      <trkpt lat="38.796593918680685" lon="-9.389858146413957">
        <ele>205.5028705228263</ele>
      </trkpt>
      <trkpt lat="38.796475956499705" lon="-9.38981667937901">
        <ele>207.93245032786461</ele>
      </trkpt>
      <trkpt lat="38.796419399221094" lon="-9.389723378551167">
        <ele>209.35605132652393</ele>
      </trkpt>
      <trkpt lat="38.79629982082582" lon="-9.38923614089407">
        <ele>215.0310283967564</ele>
      </trkpt>
      <trkpt lat="38.79614787695815" lon="-9.388693131809788">
        <ele>218.0760498239413</ele>
      </trkpt>
      <trkpt lat="38.79599593309049" lon="-9.388150122725506">
        <ele>227.10812009845995</ele>
      </trkpt>
      <trkpt lat="38.79590096449695" lon="-9.38781072890987">
        <ele>230.09157632722605</ele>
      </trkpt>
      <trkpt lat="38.79576722611194" lon="-9.387259894482279">
        <ele>234.03854440717566</ele>
      </trkpt>
      <trkpt lat="38.79570866801225" lon="-9.387018708548112">
        <ele>236.2546586358296</ele>
      </trkpt>
      <trkpt lat="38.79552959824487" lon="-9.386489489285628">
        <ele>242.1818689163577</ele>
      </trkpt>
      <trkpt lat="38.79549507424613" lon="-9.386387457739971">
        <ele>242.19764842844285</ele>
      </trkpt>
      <trkpt lat="38.79526884174632" lon="-9.386157315697801">
        <ele>244.62753351245954</ele>
      </trkpt>
      <trkpt lat="38.794938646782" lon="-9.385765690300188">
        <ele>248.3503724095288</ele>
      </trkpt>
      <trkpt lat="38.79460845181769" lon="-9.385374064902576">
        <ele>251.68342018124972</ele>
      </trkpt>
      <trkpt lat="38.794547595217466" lon="-9.385301886363123">
        <ele>252.2348309617705</ele>
      </trkpt>
      <trkpt lat="38.79435485664459" lon="-9.385061928961619">
        <ele>257.5347489504754</ele>
      </trkpt>
      <trkpt lat="38.79435485664459" lon="-9.385061928961619">
        <ele>257.5347489504754</ele>
      </trkpt>
      <trkpt lat="38.79430314559525" lon="-9.384958261375886">
        <ele>259.0489172086574</ele>
      </trkpt>
      <trkpt lat="38.79426921019848" lon="-9.38451041740106">
        <ele>262.46886928912113</ele>
      </trkpt>
      <trkpt lat="38.79425789839593" lon="-9.384112333868586">
        <ele>258.2906648290287</ele>
      </trkpt>
      <trkpt lat="38.794193259489646" lon="-9.383807551163926">
        <ele>253.25089169419692</ele>
      </trkpt>
      <trkpt lat="38.79417386780702" lon="-9.38333482696899">
        <ele>253.48711533996837</ele>
      </trkpt>
      <trkpt lat="38.79415084424914" lon="-9.382758653863124">
        <ele>261.3983811718637</ele>
      </trkpt>
      <trkpt lat="38.79414771755515" lon="-9.382680407182193">
        <ele>260.27887607780116</ele>
      </trkpt>
      <trkpt lat="38.79404591109508" lon="-9.382205609635633">
        <ele>261.9297339899231</ele>
      </trkpt>
      <trkpt lat="38.79396026427682" lon="-9.381768132419808">
        <ele>266.5173383920401</ele>
      </trkpt>
      <trkpt lat="38.793931176655406" lon="-9.38151103680488">
        <ele>269.52108828709606</ele>
      </trkpt>
      <trkpt lat="38.79385037764342" lon="-9.381413589273905">
        <ele>271.08062544173663</ele>
      </trkpt>
      <trkpt lat="38.79361728970579" lon="-9.381316104307928">
        <ele>273.80022833175565</ele>
      </trkpt>
      <trkpt lat="38.79336519537529" lon="-9.381195849908408">
        <ele>276.43450004353747</ele>
      </trkpt>
      <trkpt lat="38.79328116373395" lon="-9.381148162817624">
        <ele>276.9447380267867</ele>
      </trkpt>
      <trkpt lat="38.79311148415627" lon="-9.380963634513563">
        <ele>279.8097310461461</ele>
      </trkpt>
      <trkpt lat="38.79278832142177" lon="-9.380608592183336">
        <ele>284.36047601859997</ele>
      </trkpt>
      <trkpt lat="38.79260732860638" lon="-9.38048626443117">
        <ele>287.60186331454986</ele>
      </trkpt>
      <trkpt lat="38.79241663924921" lon="-9.380382596844328">
        <ele>291.05968471742756</ele>
      </trkpt>
      <trkpt lat="38.792208710457714" lon="-9.380329500554438">
        <ele>294.2876984667802</ele>
      </trkpt>
      <trkpt lat="38.79198569957356" lon="-9.380321207148086">
        <ele>296.77065236659087</ele>
      </trkpt>
      <trkpt lat="38.79173359947342" lon="-9.38032328049971">
        <ele>298.08962411506104</ele>
      </trkpt>
      <trkpt lat="38.79128659599679" lon="-9.380260661210443">
        <ele>293.7428721425037</ele>
      </trkpt>
      <trkpt lat="38.791033981921686" lon="-9.380225273311538">
        <ele>290.1366260774368</ele>
      </trkpt>
      <trkpt lat="38.79091878459715" lon="-9.380194482556334">
        <ele>288.6599917585137</ele>
      </trkpt>
      <trkpt lat="38.790858785916754" lon="-9.38009903121619">
        <ele>287.3654985596749</ele>
      </trkpt>
      <trkpt lat="38.79082998653183" lon="-9.380022054328549">
        <ele>286.6928579680607</ele>
      </trkpt>
      <trkpt lat="38.79082038673448" lon="-9.379603300060694">
        <ele>284.35064664102424</ele>
      </trkpt>
      <trkpt lat="38.79081558683558" lon="-9.379178387641474">
        <ele>282.2786017964222</ele>
      </trkpt>
      <trkpt lat="38.79082278668437" lon="-9.378688814637343">
        <ele>280.44894370271663</ele>
      </trkpt>
      <trkpt lat="38.79081558683558" lon="-9.37820539978378">
        <ele>279.1421755911385</ele>
      </trkpt>
      <trkpt lat="38.79079008426021" lon="-9.378016798427609">
        <ele>277.93105322200586</ele>
      </trkpt>
      <trkpt lat="38.79071328580221" lon="-9.377770472387482">
        <ele>275.800924314379</ele>
      </trkpt>
      <trkpt lat="38.790631687348935" lon="-9.377631913990228">
        <ele>274.6470228245408</ele>
      </trkpt>
      <trkpt lat="38.79044209058364" lon="-9.377370192572926">
        <ele>272.5591052469284</ele>
      </trkpt>
      <trkpt lat="38.79027889296353" lon="-9.377120787457528">
        <ele>270.9956700502174</ele>
      </trkpt>
      <trkpt lat="38.790002228819795" lon="-9.37666601220539">
        <ele>268.0488303353568</ele>
      </trkpt>
      <trkpt lat="38.78979197500743" lon="-9.376320400991602">
        <ele>266.7301294648953</ele>
      </trkpt>
      <trkpt lat="38.789523661532826" lon="-9.375857466010718">
        <ele>264.30712651202356</ele>
      </trkpt>
      <trkpt lat="38.78944397645782" lon="-9.375719981269299">
        <ele>263.8750675971347</ele>
      </trkpt>
      <trkpt lat="38.78916919124654" lon="-9.375263340392836">
        <ele>262.4892807214768</ele>
      </trkpt>
      <trkpt lat="38.78889440603527" lon="-9.374806699516375">
        <ele>260.9440933277247</ele>
      </trkpt>
      <trkpt lat="38.78888047729839" lon="-9.37478355259887">
        <ele>260.86104814757437</ele>
      </trkpt>
      <trkpt lat="38.788887677342615" lon="-9.37455570101207">
        <ele>260.7319024224905</ele>
      </trkpt>
      <trkpt lat="38.788911677484606" lon="-9.374423300765386">
        <ele>260.9421034737901</ele>
      </trkpt>
      <trkpt lat="38.78912767839722" lon="-9.374260109764265">
        <ele>261.9756323262668</ele>
      </trkpt>
      <trkpt lat="38.78942287858541" lon="-9.374035337252707">
        <ele>265.4754363740097</ele>
      </trkpt>
      <trkpt lat="38.78982299067915" lon="-9.373772082688525">
        <ele>269.8630279115089</ele>
      </trkpt>
      <trkpt lat="38.78990276913967" lon="-9.373719592288495">
        <ele>271.31827415372607</ele>
      </trkpt>
      <trkpt lat="38.790351780236904" lon="-9.373688606299655">
        <ele>276.6641087491893</ele>
      </trkpt>
      <trkpt lat="38.790435666637194" lon="-9.37368281734905">
        <ele>277.36843438546657</ele>
      </trkpt>
      <trkpt lat="38.790435666637194" lon="-9.37368281734905">
        <ele>277.36843438546657</ele>
      </trkpt>
      <trkpt lat="38.79088531124042" lon="-9.373678015198841">
        <ele>279.62429677253425</ele>
      </trkpt>
      <trkpt lat="38.790999928811715" lon="-9.373676791096983">
        <ele>279.76208673306695</ele>
      </trkpt>
      <trkpt lat="38.79144958883301" lon="-9.373676303561462">
        <ele>280.4760445075548</ele>
      </trkpt>
      <trkpt lat="38.7917185148946" lon="-9.373676011983378">
        <ele>280.2431377489692</ele>
      </trkpt>
      <trkpt lat="38.79185051033264" lon="-9.373663695681415">
        <ele>280.4095917118465</ele>
      </trkpt>
      <trkpt lat="38.7920200257264" lon="-9.373583373518755">
        <ele>280.43248723407476</ele>
      </trkpt>
      <trkpt lat="38.79221681800283" lon="-9.373450973272867">
        <ele>280.14773065404404</ele>
      </trkpt>
      <trkpt lat="38.79232241363462" lon="-9.37338631268716">
        <ele>279.9574654136357</ele>
      </trkpt>
      <trkpt lat="38.792442408481065" lon="-9.373398628989094">
        <ele>279.74759163782807</ele>
      </trkpt>
      <trkpt lat="38.79260080136879" lon="-9.3734632895748">
        <ele>278.9312243127576</ele>
      </trkpt>
      <trkpt lat="38.7928297177485" lon="-9.373635256469441">
        <ele>277.2614150285642</ele>
      </trkpt>
      <trkpt lat="38.79313690196528" lon="-9.373838475452402">
        <ele>275.5342066011054</ele>
      </trkpt>
      <trkpt lat="38.793405687068685" lon="-9.373958559396385">
        <ele>274.18064266019013</ele>
      </trkpt>
      <trkpt lat="38.79369199269573" lon="-9.374089275315924">
        <ele>272.7790676227546</ele>
      </trkpt>
      <trkpt lat="38.79395117633018" lon="-9.374150856825537">
        <ele>269.2520623403305</ele>
      </trkpt>
      <trkpt lat="38.79425595588029" lon="-9.37418780573131">
        <ele>266.9001959364174</ele>
      </trkpt>
      <trkpt lat="38.79449833868617" lon="-9.374249387241747">
        <ele>267.0554224530643</ele>
      </trkpt>
      <trkpt lat="38.79471432267076" lon="-9.37438486656373">
        <ele>266.2415709678196</ele>
      </trkpt>
      <trkpt lat="38.794983435561164" lon="-9.37471326817598">
        <ele>265.1440645605959</ele>
      </trkpt>
      <trkpt lat="38.7952710897929" lon="-9.37515670976442">
        <ele>263.01218182350635</ele>
      </trkpt>
      <trkpt lat="38.795305009289024" lon="-9.375208999331477">
        <ele>262.5343442533697</ele>
      </trkpt>
      <trkpt lat="38.79558098558468" lon="-9.375593883768857">
        <ele>259.79669446828956</ele>
      </trkpt>
      <trkpt lat="38.79572257300862" lon="-9.375867921488094">
        <ele>259.3765202646654</ele>
      </trkpt>
      <trkpt lat="38.79577776803035" lon="-9.376064982320514">
        <ele>259.6099319522167</ele>
      </trkpt>
      <trkpt lat="38.795801765851905" lon="-9.376449866757866">
        <ele>256.05436509751814</ele>
      </trkpt>
      <trkpt lat="38.79582816344677" lon="-9.376964072365865">
        <ele>255.1431141439939</ele>
      </trkpt>
      <trkpt lat="38.795831010282654" lon="-9.377127480865909">
        <ele>254.16663494806653</ele>
      </trkpt>
      <trkpt lat="38.795838209624236" lon="-9.37741383488708">
        <ele>251.8489305629053</ele>
      </trkpt>
      <trkpt lat="38.79590060389168" lon="-9.377678635380448">
        <ele>250.12960551828687</ele>
      </trkpt>
      <trkpt lat="38.796018192940096" lon="-9.377934198646443">
        <ele>249.14422829511423</ele>
      </trkpt>
      <trkpt lat="38.796128" lon="-9.378131">
        <ele>247.8</ele>
      </trkpt>
      <trkpt lat="38.796195" lon="-9.378308">
        <ele>246.83</ele>
      </trkpt>
      <trkpt lat="38.796208" lon="-9.378389">
        <ele>246.55</ele>
      </trkpt>
      <trkpt lat="38.79623" lon="-9.378656">
        <ele>245.14</ele>
      </trkpt>
      <trkpt lat="38.79625" lon="-9.379058">
        <ele>244.68</ele>
      </trkpt>
      <trkpt lat="38.796263" lon="-9.379146">
        <ele>244.18</ele>
      </trkpt>
      <trkpt lat="38.796294" lon="-9.379273">
        <ele>242.93</ele>
      </trkpt>
      <trkpt lat="38.796327" lon="-9.379353">
        <ele>241.88</ele>
      </trkpt>
      <trkpt lat="38.796435" lon="-9.379527">
        <ele>240.47</ele>
      </trkpt>
      <trkpt lat="38.796487" lon="-9.3796">
        <ele>240.35</ele>
      </trkpt>
      <trkpt lat="38.796629" lon="-9.37972">
        <ele>239.95</ele>
      </trkpt>
      <trkpt lat="38.796654" lon="-9.379741">
        <ele>239.88</ele>
      </trkpt>
      <trkpt lat="38.796737" lon="-9.37978">
        <ele>239.31</ele>
      </trkpt>
      <trkpt lat="38.796791" lon="-9.379795">
        <ele>238.82</ele>
      </trkpt>
      <trkpt lat="38.796964" lon="-9.379807">
        <ele>237.14</ele>
      </trkpt>
      <trkpt lat="38.7971" lon="-9.379797">
        <ele>235.97</ele>
      </trkpt>
      <trkpt lat="38.79737" lon="-9.379723">
        <ele>234.41</ele>
      </trkpt>
      <trkpt lat="38.79741" lon="-9.379727">
        <ele>234.21</ele>
      </trkpt>
      <trkpt lat="38.797546" lon="-9.379773">
        <ele>232.84</ele>
      </trkpt>
      <trkpt lat="38.797613" lon="-9.379819">
        <ele>232.39</ele>
      </trkpt>
      <trkpt lat="38.79777" lon="-9.379992">
        <ele>232.53</ele>
      </trkpt>
      <trkpt lat="38.797809" lon="-9.380056">
        <ele>232.73</ele>
      </trkpt>
      <trkpt lat="38.797832" lon="-9.380116">
        <ele>232.42</ele>
      </trkpt>
      <trkpt lat="38.797881" lon="-9.380315">
        <ele>232.02</ele>
      </trkpt>
      <trkpt lat="38.797919" lon="-9.380825">
        <ele>230.29</ele>
      </trkpt>
      <trkpt lat="38.797959" lon="-9.380984">
        <ele>230.29</ele>
      </trkpt>
      <trkpt lat="38.798088" lon="-9.381151">
        <ele>229.44</ele>
      </trkpt>
      <trkpt lat="38.798198" lon="-9.381219">
        <ele>227.83</ele>
      </trkpt>
      <trkpt lat="38.798246" lon="-9.381235">
        <ele>227.58</ele>
      </trkpt>
      <trkpt lat="38.7983" lon="-9.381252">
        <ele>227.28</ele>
      </trkpt>
      <trkpt lat="38.798638" lon="-9.381315">
        <ele>224.48</ele>
      </trkpt>
      <trkpt lat="38.799006" lon="-9.381397">
        <ele>222.41</ele>
      </trkpt>
      <trkpt lat="38.799159" lon="-9.381439">
        <ele>222.03</ele>
      </trkpt>
      <trkpt lat="38.799254" lon="-9.381483">
        <ele>221.53</ele>
      </trkpt>
      <trkpt lat="38.799369" lon="-9.381565">
        <ele>220.26</ele>
      </trkpt>
      <trkpt lat="38.799477" lon="-9.381682">
        <ele>219.98</ele>
      </trkpt>
      <trkpt lat="38.799729" lon="-9.382022">
        <ele>217.88</ele>
      </trkpt>
      <trkpt lat="38.799793" lon="-9.382093">
        <ele>217.21</ele>
      </trkpt>
      <trkpt lat="38.799852" lon="-9.382142">
        <ele>217.13</ele>
      </trkpt>
      <trkpt lat="38.799913" lon="-9.38218">
        <ele>217.09</ele>
      </trkpt>
      <trkpt lat="38.80029" lon="-9.382361">
        <ele>213.53</ele>
      </trkpt>
      <trkpt lat="38.800684" lon="-9.382543">
        <ele>211.98</ele>
      </trkpt>
      <trkpt lat="38.800685" lon="-9.382528">
        <ele>211.78</ele>
      </trkpt>
      <trkpt lat="38.800697" lon="-9.382375">
        <ele>209.75</ele>
      </trkpt>
      <trkpt lat="38.800687" lon="-9.382267">
        <ele>208.79</ele>
      </trkpt>
      <trkpt lat="38.800621" lon="-9.382075">
        <ele>206.47</ele>
      </trkpt>
      <trkpt lat="38.800579" lon="-9.381992">
        <ele>205.88</ele>
      </trkpt>
      <trkpt lat="38.800453" lon="-9.381795">
        <ele>204.2</ele>
      </trkpt>
      <trkpt lat="38.800365" lon="-9.381632">
        <ele>202.01</ele>
      </trkpt>
      <trkpt lat="38.80029" lon="-9.381438">
        <ele>200.56</ele>
      </trkpt>
      <trkpt lat="38.800247" lon="-9.381298">
        <ele>199.28</ele>
      </trkpt>
      <trkpt lat="38.800214" lon="-9.381146">
        <ele>198.36</ele>
      </trkpt>
      <trkpt lat="38.800205" lon="-9.381054">
        <ele>197.87</ele>
      </trkpt>
      <trkpt lat="38.800209" lon="-9.380863">
        <ele>197</ele>
      </trkpt>
      <trkpt lat="38.800303" lon="-9.380205">
        <ele>195.3</ele>
      </trkpt>
      <trkpt lat="38.800301" lon="-9.38011">
        <ele>195.31</ele>
      </trkpt>
      <trkpt lat="38.80033" lon="-9.37992">
        <ele>194.37</ele>
      </trkpt>
      <trkpt lat="38.800362" lon="-9.379815">
        <ele>194</ele>
      </trkpt>
      <trkpt lat="38.800576" lon="-9.378372">
        <ele>191.07</ele>
      </trkpt>
      <trkpt lat="38.800645" lon="-9.378013">
        <ele>190.95</ele>
      </trkpt>
      <trkpt lat="38.800653" lon="-9.377923">
        <ele>191</ele>
      </trkpt>
      <trkpt lat="38.800685" lon="-9.377805">
        <ele>191</ele>
      </trkpt>
      <trkpt lat="38.800698" lon="-9.377755">
        <ele>191</ele>
      </trkpt>
      <trkpt lat="38.800743" lon="-9.377655">
        <ele>191</ele>
      </trkpt>
      <trkpt lat="38.800915" lon="-9.377066">
        <ele>191</ele>
      </trkpt>
      <trkpt lat="38.801336" lon="-9.375637">
        <ele>198.33</ele>
      </trkpt>
      <trkpt lat="38.801653" lon="-9.374575">
        <ele>204</ele>
      </trkpt>
      <trkpt lat="38.801851" lon="-9.373902">
        <ele>204</ele>
      </trkpt>
      <trkpt lat="38.801876" lon="-9.373777">
        <ele>203.56</ele>
      </trkpt>
      <trkpt lat="38.801894" lon="-9.373607">
        <ele>202.79</ele>
      </trkpt>
      <trkpt lat="38.801903" lon="-9.373395">
        <ele>201.94</ele>
      </trkpt>
      <trkpt lat="38.801895" lon="-9.373267">
        <ele>201.68</ele>
      </trkpt>
      <trkpt lat="38.801855" lon="-9.373016">
        <ele>200.22</ele>
      </trkpt>
      <trkpt lat="38.801823" lon="-9.372894">
        <ele>199.4</ele>
      </trkpt>
      <trkpt lat="38.801558" lon="-9.372068">
        <ele>198</ele>
      </trkpt>
      <trkpt lat="38.801342" lon="-9.371384">
        <ele>200.72</ele>
      </trkpt>
      <trkpt lat="38.800851" lon="-9.369841">
        <ele>207</ele>
      </trkpt>
      <trkpt lat="38.8007" lon="-9.369359">
        <ele>207.34</ele>
      </trkpt>
      <trkpt lat="38.800647" lon="-9.369153">
        <ele>207.73</ele>
      </trkpt>
      <trkpt lat="38.800622" lon="-9.369048">
        <ele>207.92</ele>
      </trkpt>
      <trkpt lat="38.800579" lon="-9.368796">
        <ele>206.98</ele>
      </trkpt>
      <trkpt lat="38.800552" lon="-9.368541">
        <ele>206.05</ele>
      </trkpt>
      <trkpt lat="38.800541" lon="-9.368117">
        <ele>203.96</ele>
      </trkpt>
      <trkpt lat="38.800519" lon="-9.367291">
        <ele>199.9</ele>
      </trkpt>
      <trkpt lat="38.8005" lon="-9.366381">
        <ele>199</ele>
      </trkpt>
      <trkpt lat="38.800481" lon="-9.365529">
        <ele>200.29</ele>
      </trkpt>
      <trkpt lat="38.800461" lon="-9.364618">
        <ele>204.1</ele>
      </trkpt>
      <trkpt lat="38.800447" lon="-9.363683">
        <ele>203.9</ele>
      </trkpt>
      <trkpt lat="38.800485" lon="-9.362872">
        <ele>199.15</ele>
      </trkpt>
      <trkpt lat="38.800506" lon="-9.36265">
        <ele>198.68</ele>
      </trkpt>
      <trkpt lat="38.80069" lon="-9.361019">
        <ele>195.41</ele>
      </trkpt>
      <trkpt lat="38.800729" lon="-9.360586">
        <ele>194.37</ele>
      </trkpt>
      <trkpt lat="38.800737" lon="-9.360405">
        <ele>194.14</ele>
      </trkpt>
      <trkpt lat="38.800744" lon="-9.360253">
        <ele>193.95</ele>
      </trkpt>
      <trkpt lat="38.800735" lon="-9.35988">
        <ele>193.06</ele>
      </trkpt>
      <trkpt lat="38.800704" lon="-9.359575">
        <ele>192.3</ele>
      </trkpt>
      <trkpt lat="38.800647" lon="-9.359268">
        <ele>191.2</ele>
      </trkpt>
      <trkpt lat="38.800601" lon="-9.359099">
        <ele>191.09</ele>
      </trkpt>
      <trkpt lat="38.800565" lon="-9.358969">
        <ele>191</ele>
      </trkpt>
      <trkpt lat="38.800467" lon="-9.358685">
        <ele>191.06</ele>
      </trkpt>
      <trkpt lat="38.800226" lon="-9.358111">
        <ele>191.27</ele>
      </trkpt>
      <trkpt lat="38.799918" lon="-9.357406">
        <ele>191.91</ele>
      </trkpt>
      <trkpt lat="38.799442" lon="-9.356312">
        <ele>192.11</ele>
      </trkpt>
      <trkpt lat="38.799323" lon="-9.356031">
        <ele>192</ele>
      </trkpt>
      <trkpt lat="38.799106" lon="-9.355475">
        <ele>190.3</ele>
      </trkpt>
      <trkpt lat="38.799006" lon="-9.355199">
        <ele>189.52</ele>
      </trkpt>
      <trkpt lat="38.798528" lon="-9.353572">
        <ele>183.7265861675833</ele>
      </trkpt>
      <trkpt lat="38.79836834661387" lon="-9.353032627009203">
        <ele>181.8807217339509</ele>
      </trkpt>
      <trkpt lat="38.798359697807" lon="-9.35300340788055">
        <ele>181.767678484158</ele>
      </trkpt>
      <trkpt lat="38.798285307202775" lon="-9.352723212010716">
        <ele>181.10727902933309</ele>
      </trkpt>
      <trkpt lat="38.7982637099156" lon="-9.35259389083933">
        <ele>180.71219482955422</ele>
      </trkpt>
      <trkpt lat="38.7982637099156" lon="-9.352412225384938">
        <ele>180.26249088726962</ele>
      </trkpt>
      <trkpt lat="38.79827090901205" lon="-9.352341406648634">
        <ele>180.21108295816333</ele>
      </trkpt>
      <trkpt lat="38.79836449719784" lon="-9.352193611024745">
        <ele>180.26384031484548</ele>
      </trkpt>
      <trkpt lat="38.798551673201985" lon="-9.352002708343718">
        <ele>180.2148570156716</ele>
      </trkpt>
      <trkpt lat="38.798717251564796" lon="-9.351913415154144">
        <ele>181.2765091908105</ele>
      </trkpt>
      <trkpt lat="38.798923624057664" lon="-9.351821042889327">
        <ele>182.69360341226465</ele>
      </trkpt>
      <trkpt lat="38.799048407135615" lon="-9.351753303228321">
        <ele>180.46768575939402</ele>
      </trkpt>
      <trkpt lat="38.799126844341004" lon="-9.351615709671279">
        <ele>179.92335423799096</ele>
      </trkpt>
      <trkpt lat="38.79917483772189" lon="-9.35152025833034">
        <ele>179.87239629857677</ele>
      </trkpt>
      <trkpt lat="38.79919643473232" lon="-9.351338592875948">
        <ele>180.02346429191095</ele>
      </trkpt>
      <trkpt lat="38.79917963705785" lon="-9.351116899440484">
        <ele>179.79463755895773</ele>
      </trkpt>
      <trkpt lat="38.79917963705785" lon="-9.351116899440484">
        <ele>179.79463755895773</ele>
      </trkpt>
      <trkpt lat="38.799116" lon="-9.351007">
        <ele>180.16</ele>
      </trkpt>
      <trkpt lat="38.799105" lon="-9.350979">
        <ele>180.24</ele>
      </trkpt>
      <trkpt lat="38.799096" lon="-9.3509">
        <ele>180.17</ele>
      </trkpt>
      <trkpt lat="38.799107" lon="-9.350821">
        <ele>180.02</ele>
      </trkpt>
      <trkpt lat="38.799137" lon="-9.350752">
        <ele>180</ele>
      </trkpt>
      <trkpt lat="38.799183" lon="-9.350698">
        <ele>180.13</ele>
      </trkpt>
      <trkpt lat="38.79924" lon="-9.350666">
        <ele>180.14</ele>
      </trkpt>
      <trkpt lat="38.799302" lon="-9.350659">
        <ele>180.15</ele>
      </trkpt>
      <trkpt lat="38.799362" lon="-9.350677">
        <ele>180.25</ele>
      </trkpt>
      <trkpt lat="38.799546" lon="-9.350661">
        <ele>181</ele>
      </trkpt>
      <trkpt lat="38.799757" lon="-9.350536">
        <ele>181.63</ele>
      </trkpt>
      <trkpt lat="38.799827" lon="-9.350472">
        <ele>181.99</ele>
      </trkpt>
      <trkpt lat="38.799956" lon="-9.350354">
        <ele>182.67</ele>
      </trkpt>
      <trkpt lat="38.800821" lon="-9.3494">
        <ele>185.57</ele>
      </trkpt>
      <trkpt lat="38.801243" lon="-9.348932">
        <ele>184.75</ele>
      </trkpt>
      <trkpt lat="38.80167" lon="-9.34846">
        <ele>183.04</ele>
      </trkpt>
      <trkpt lat="38.802453" lon="-9.347593">
        <ele>176.58</ele>
      </trkpt>
      <trkpt lat="38.802656" lon="-9.347367">
        <ele>176.49</ele>
      </trkpt>
      <trkpt lat="38.804152" lon="-9.345717">
        <ele>179.87</ele>
      </trkpt>
      <trkpt lat="38.80507" lon="-9.344693">
        <ele>188.66</ele>
      </trkpt>
      <trkpt lat="38.805186" lon="-9.344493">
        <ele>189.02</ele>
      </trkpt>
      <trkpt lat="38.805322" lon="-9.344233">
        <ele>189</ele>
      </trkpt>
      <trkpt lat="38.805429" lon="-9.343992">
        <ele>188.38</ele>
      </trkpt>
      <trkpt lat="38.805506" lon="-9.34374">
        <ele>188.44</ele>
      </trkpt>
      <trkpt lat="38.805587" lon="-9.343379">
        <ele>188.1</ele>
      </trkpt>
      <trkpt lat="38.805638" lon="-9.343046">
        <ele>187.94</ele>
      </trkpt>
      <trkpt lat="38.805647" lon="-9.342575">
        <ele>187.57</ele>
      </trkpt>
      <trkpt lat="38.805643" lon="-9.342431">
        <ele>187.65</ele>
      </trkpt>
      <trkpt lat="38.805643" lon="-9.342431">
        <ele>187.65</ele>
      </trkpt>
      <trkpt lat="38.805607" lon="-9.341139">
        <ele>188.42</ele>
      </trkpt>
      <trkpt lat="38.805531" lon="-9.340324">
        <ele>189</ele>
      </trkpt>
      <trkpt lat="38.805497" lon="-9.340021">
        <ele>190</ele>
      </trkpt>
      <trkpt lat="38.805436" lon="-9.339693">
        <ele>190.61</ele>
      </trkpt>
      <trkpt lat="38.805399" lon="-9.339535">
        <ele>190.72</ele>
      </trkpt>
      <trkpt lat="38.805395" lon="-9.339532">
        <ele>190.59888872282784</ele>
      </trkpt>
      <trkpt lat="38.80536371434334" lon="-9.339398112104789">
        <ele>190.72085835188275</ele>
      </trkpt>
      <trkpt lat="38.80527013534916" lon="-9.339191814046558">
        <ele>190.5859431581364</ele>
      </trkpt>
      <trkpt lat="38.80515016210063" lon="-9.338930092629255">
        <ele>190.54734762973305</ele>
      </trkpt>
      <trkpt lat="38.805034987591625" lon="-9.33865605490999">
        <ele>190.7856886051409</ele>
      </trkpt>
      <trkpt lat="38.80500859340708" lon="-9.338591394324283">
        <ele>190.85904230584507</ele>
      </trkpt>
      <trkpt lat="38.805034987591625" lon="-9.338499022059466">
        <ele>191.11661817810946</ele>
      </trkpt>
      <trkpt lat="38.80509257486912" lon="-9.33841588702046">
        <ele>191.28069890260747</ele>
      </trkpt>
      <trkpt lat="38.805178955698636" lon="-9.338298882151747">
        <ele>191.22479300793083</ele>
      </trkpt>
      <trkpt lat="38.80529652943687" lon="-9.338151086527887">
        <ele>190.91584746199794</ele>
      </trkpt>
      <trkpt lat="38.80561624854917" lon="-9.33774988392662">
        <ele>190.8921808856633</ele>
      </trkpt>
      <trkpt lat="38.80568823205181" lon="-9.33766674888841">
        <ele>191.07244519123697</ele>
      </trkpt>
      <trkpt lat="38.805820201617905" lon="-9.337546664943659">
        <ele>191.39934117328607</ele>
      </trkpt>
      <trkpt lat="38.80592097821253" lon="-9.337451213603515">
        <ele>192.16897538238769</ele>
      </trkpt>
      <trkpt lat="38.80598816253021" lon="-9.337324971508195">
        <ele>192.636194723206</ele>
      </trkpt>
      <trkpt lat="38.80600615705859" lon="-9.337273820267086">
        <ele>192.4495346914141</ele>
      </trkpt>
      <trkpt lat="38.8060661429877" lon="-9.337301531946252">
        <ele>192.11660439692045</ele>
      </trkpt>
      <trkpt lat="38.80614052546926" lon="-9.337292294719617">
        <ele>191.84406032320828</ele>
      </trkpt>
      <trkpt lat="38.80620051128528" lon="-9.337206080606109">
        <ele>191.93541886960372</ele>
      </trkpt>
      <trkpt lat="38.80623890218072" lon="-9.337119866491832">
        <ele>192.00922681047243</ele>
      </trkpt>
      <trkpt lat="38.80631328448254" lon="-9.336941280112711">
        <ele>193.18624287432317</ele>
      </trkpt>
      <trkpt lat="38.80635887359654" lon="-9.33677808911159">
        <ele>194.38043438467477</ele>
      </trkpt>
      <trkpt lat="38.80643325577253" lon="-9.336624135336336">
        <ele>194.25798981948088</ele>
      </trkpt>
      <trkpt lat="38.806655" lon="-9.336135">
        <ele>193.25</ele>
      </trkpt>
      <trkpt lat="38.806726" lon="-9.335957">
        <ele>193.71</ele>
      </trkpt>
      <trkpt lat="38.80675" lon="-9.335832">
        <ele>194.22</ele>
      </trkpt>
      <trkpt lat="38.806758" lon="-9.335523">
        <ele>194.29</ele>
      </trkpt>
      <trkpt lat="38.806775" lon="-9.335373">
        <ele>194.02</ele>
      </trkpt>
      <trkpt lat="38.806814" lon="-9.335242">
        <ele>193.86</ele>
      </trkpt>
      <trkpt lat="38.807048" lon="-9.334772">
        <ele>193.89</ele>
      </trkpt>
      <trkpt lat="38.807077" lon="-9.33471">
        <ele>193.86</ele>
      </trkpt>
      <trkpt lat="38.807096" lon="-9.334592">
        <ele>193.35</ele>
      </trkpt>
      <trkpt lat="38.807071" lon="-9.334435">
        <ele>192.84</ele>
      </trkpt>
      <trkpt lat="38.807092" lon="-9.334323">
        <ele>192.94</ele>
      </trkpt>
      <trkpt lat="38.807125" lon="-9.334235">
        <ele>193.14</ele>
      </trkpt>
      <trkpt lat="38.807188" lon="-9.334143">
        <ele>193</ele>
      </trkpt>
      <trkpt lat="38.807682" lon="-9.33364">
        <ele>194.8</ele>
      </trkpt>
      <trkpt lat="38.807739" lon="-9.333583">
        <ele>195</ele>
      </trkpt>
      <trkpt lat="38.807902" lon="-9.333377">
        <ele>195.2</ele>
      </trkpt>
      <trkpt lat="38.808154" lon="-9.332944">
        <ele>196</ele>
      </trkpt>
      <trkpt lat="38.808415" lon="-9.332365">
        <ele>196</ele>
      </trkpt>
      <trkpt lat="38.808669" lon="-9.331773">
        <ele>196.7</ele>
      </trkpt>
      <trkpt lat="38.808673" lon="-9.331765">
        <ele>196.7</ele>
      </trkpt>
      <trkpt lat="38.807503" lon="-9.330425">
        <ele>199.49</ele>
      </trkpt>
      <trkpt lat="38.807318" lon="-9.330205">
        <ele>200</ele>
      </trkpt>
      <trkpt lat="38.807299" lon="-9.330195">
        <ele>200.09</ele>
      </trkpt>
      <trkpt lat="38.807268" lon="-9.330159">
        <ele>200.37</ele>
      </trkpt>
      <trkpt lat="38.807126" lon="-9.330019">
        <ele>200.97</ele>
      </trkpt>
      <trkpt lat="38.807041" lon="-9.329947">
        <ele>201.03</ele>
      </trkpt>
      <trkpt lat="38.806892" lon="-9.329846">
        <ele>202</ele>
      </trkpt>
      <trkpt lat="38.806777" lon="-9.329781">
        <ele>202</ele>
      </trkpt>
      <trkpt lat="38.806697" lon="-9.329747">
        <ele>202.26</ele>
      </trkpt>
      <trkpt lat="38.806482" lon="-9.329696">
        <ele>203</ele>
      </trkpt>
      <trkpt lat="38.806155" lon="-9.329634">
        <ele>204</ele>
      </trkpt>
      <trkpt lat="38.805632" lon="-9.329519">
        <ele>204.61</ele>
      </trkpt>
      <trkpt lat="38.805246" lon="-9.329443">
        <ele>204.8</ele>
      </trkpt>
      <trkpt lat="38.80508" lon="-9.329393">
        <ele>204.17</ele>
      </trkpt>
      <trkpt lat="38.804972" lon="-9.329292">
        <ele>204</ele>
      </trkpt>
      <trkpt lat="38.804926" lon="-9.329232">
        <ele>204</ele>
      </trkpt>
      <trkpt lat="38.804477" lon="-9.328595">
        <ele>202.61</ele>
      </trkpt>
      <trkpt lat="38.804222" lon="-9.328219">
        <ele>202.76</ele>
      </trkpt>
      <trkpt lat="38.804158" lon="-9.328094">
        <ele>203.01</ele>
      </trkpt>
      <trkpt lat="38.804071" lon="-9.327845">
        <ele>201.7</ele>
      </trkpt>
      <trkpt lat="38.803614" lon="-9.326331">
        <ele>198.3</ele>
      </trkpt>
      <trkpt lat="38.803566" lon="-9.326113">
        <ele>197.42</ele>
      </trkpt>
      <trkpt lat="38.803532" lon="-9.32584">
        <ele>197.09</ele>
      </trkpt>
      <trkpt lat="38.803512" lon="-9.325578">
        <ele>196.72</ele>
      </trkpt>
      <trkpt lat="38.803499" lon="-9.325519">
        <ele>196.59</ele>
      </trkpt>
      <trkpt lat="38.803483" lon="-9.325442">
        <ele>196.42</ele>
      </trkpt>
      <trkpt lat="38.803447" lon="-9.325336">
        <ele>195.77</ele>
      </trkpt>
      <trkpt lat="38.803418" lon="-9.325278">
        <ele>195.68</ele>
      </trkpt>
      <trkpt lat="38.803218" lon="-9.324997">
        <ele>194.5</ele>
      </trkpt>
      <trkpt lat="38.803032" lon="-9.32476">
        <ele>194.07</ele>
      </trkpt>
      <trkpt lat="38.802989" lon="-9.324694">
        <ele>193.68</ele>
      </trkpt>
      <trkpt lat="38.802945" lon="-9.324611">
        <ele>193.12</ele>
      </trkpt>
      <trkpt lat="38.802904" lon="-9.324478">
        <ele>191.93</ele>
      </trkpt>
      <trkpt lat="38.802874" lon="-9.324278">
        <ele>191.09</ele>
      </trkpt>
      <trkpt lat="38.802762" lon="-9.323083">
        <ele>187.38</ele>
      </trkpt>
      <trkpt lat="38.802618" lon="-9.321543">
        <ele>182</ele>
      </trkpt>
      <trkpt lat="38.802523" lon="-9.320717">
        <ele>180.26</ele>
      </trkpt>
      <trkpt lat="38.802477" lon="-9.320196">
        <ele>180.07</ele>
      </trkpt>
      <trkpt lat="38.802449" lon="-9.319875">
        <ele>179.95</ele>
      </trkpt>
      <trkpt lat="38.802372" lon="-9.319483">
        <ele>180.14</ele>
      </trkpt>
      <trkpt lat="38.802216" lon="-9.318931">
        <ele>177.99</ele>
      </trkpt>
      <trkpt lat="38.802144" lon="-9.318714">
        <ele>177.43</ele>
      </trkpt>
      <trkpt lat="38.801765" lon="-9.317755">
        <ele>174.51</ele>
      </trkpt>
      <trkpt lat="38.801632" lon="-9.317338">
        <ele>172.23</ele>
      </trkpt>
      <trkpt lat="38.801601" lon="-9.3171">
        <ele>171.76</ele>
      </trkpt>
      <trkpt lat="38.801574" lon="-9.316773">
        <ele>171.37</ele>
      </trkpt>
      <trkpt lat="38.801532" lon="-9.316241">
        <ele>170.73</ele>
      </trkpt>
      <trkpt lat="38.801537" lon="-9.315298">
        <ele>170.91</ele>
      </trkpt>
      <trkpt lat="38.801529" lon="-9.315196">
        <ele>170.88</ele>
      </trkpt>
      <trkpt lat="38.801508" lon="-9.315133">
        <ele>170.97</ele>
      </trkpt>
      <trkpt lat="38.801433" lon="-9.314995">
        <ele>170.44</ele>
      </trkpt>
      <trkpt lat="38.800973" lon="-9.314288">
        <ele>168.14</ele>
      </trkpt>
      <trkpt lat="38.800712" lon="-9.313887">
        <ele>166.84</ele>
      </trkpt>
      <trkpt lat="38.800526" lon="-9.313658">
        <ele>166.36</ele>
      </trkpt>
      <trkpt lat="38.800195" lon="-9.31328">
        <ele>162.77</ele>
      </trkpt>
      <trkpt lat="38.800068" lon="-9.313128">
        <ele>163.99</ele>
      </trkpt>
      <trkpt lat="38.799863" lon="-9.312956">
        <ele>166.66</ele>
      </trkpt>
      <trkpt lat="38.799765" lon="-9.3129">
        <ele>168.47</ele>
      </trkpt>
      <trkpt lat="38.799654" lon="-9.312862">
        <ele>169.95</ele>
      </trkpt>
      <trkpt lat="38.799583" lon="-9.312845">
        <ele>170.79</ele>
      </trkpt>
      <trkpt lat="38.799481" lon="-9.312838">
        <ele>171.77</ele>
      </trkpt>
      <trkpt lat="38.799309" lon="-9.312846">
        <ele>173.12</ele>
      </trkpt>
      <trkpt lat="38.798928" lon="-9.312956">
        <ele>173.18</ele>
      </trkpt>
      <trkpt lat="38.7988" lon="-9.312982">
        <ele>172.67</ele>
      </trkpt>
      <trkpt lat="38.79868" lon="-9.312981">
        <ele>171.88</ele>
      </trkpt>
      <trkpt lat="38.798477" lon="-9.312938">
        <ele>170.49</ele>
      </trkpt>
      <trkpt lat="38.798244" lon="-9.312853">
        <ele>174.73</ele>
      </trkpt>
      <trkpt lat="38.798077" lon="-9.312822">
        <ele>174.59</ele>
      </trkpt>
      <trkpt lat="38.797938" lon="-9.312828">
        <ele>173.65</ele>
      </trkpt>
      <trkpt lat="38.797768" lon="-9.312868">
        <ele>171.81</ele>
      </trkpt>
      <trkpt lat="38.797651" lon="-9.312923">
        <ele>170.14</ele>
      </trkpt>
      <trkpt lat="38.797447" lon="-9.313037">
        <ele>168.4</ele>
      </trkpt>
      <trkpt lat="38.797314" lon="-9.313081">
        <ele>167.6</ele>
      </trkpt>
      <trkpt lat="38.797207" lon="-9.313105">
        <ele>167.19</ele>
      </trkpt>
      <trkpt lat="38.796952" lon="-9.31312">
        <ele>165.91</ele>
      </trkpt>
      <trkpt lat="38.796885" lon="-9.313117">
        <ele>165.78</ele>
      </trkpt>
      <trkpt lat="38.795965" lon="-9.313072">
        <ele>164.63</ele>
      </trkpt>
      <trkpt lat="38.795477" lon="-9.313047">
        <ele>165.07</ele>
      </trkpt>
      <trkpt lat="38.795215" lon="-9.312992">
        <ele>164.6</ele>
      </trkpt>
      <trkpt lat="38.79504" lon="-9.31293">
        <ele>163.74</ele>
      </trkpt>
      <trkpt lat="38.794932" lon="-9.312875">
        <ele>163.36</ele>
      </trkpt>
      <trkpt lat="38.794932" lon="-9.312875">
        <ele>163.36</ele>
      </trkpt>
      <trkpt lat="38.79471" lon="-9.312731">
        <ele>163.35</ele>
      </trkpt>
      <trkpt lat="38.794647" lon="-9.312666">
        <ele>163.26</ele>
      </trkpt>
      <trkpt lat="38.794612" lon="-9.31257">
        <ele>163.32</ele>
      </trkpt>
      <trkpt lat="38.794523" lon="-9.31225">
        <ele>163.17</ele>
      </trkpt>
      <trkpt lat="38.794355" lon="-9.31146">
        <ele>162.07076484641115</ele>
      </trkpt>
      <trkpt lat="38.79435252599663" lon="-9.311244889877315">
        <ele>162.02615772753913</ele>
      </trkpt>
      <trkpt lat="38.794359725488164" lon="-9.311130964083873">
        <ele>162.09462359226646</ele>
      </trkpt>
      <trkpt lat="38.79437652429871" lon="-9.311047829045691">
        <ele>162.2670172552564</ele>
      </trkpt>
      <trkpt lat="38.79435732565793" lon="-9.310927745100912">
        <ele>162.14184659762645</ele>
      </trkpt>
      <trkpt lat="38.79437652429871" lon="-9.31076763317509">
        <ele>162.58119321630184</ele>
      </trkpt>
      <trkpt lat="38.794479" lon="-9.310558">
        <ele>163.01</ele>
      </trkpt>
      <trkpt lat="38.794746" lon="-9.310121">
        <ele>163.07</ele>
      </trkpt>
      <trkpt lat="38.794929" lon="-9.309821">
        <ele>163.11</ele>
      </trkpt>
      <trkpt lat="38.794964" lon="-9.30973">
        <ele>163.1</ele>
      </trkpt>
      <trkpt lat="38.794978" lon="-9.309607">
        <ele>163.01</ele>
      </trkpt>
      <trkpt lat="38.794967" lon="-9.309504">
        <ele>163</ele>
      </trkpt>
      <trkpt lat="38.794755" lon="-9.308908">
        <ele>162.31</ele>
      </trkpt>
      <trkpt lat="38.794701" lon="-9.308793">
        <ele>161.98</ele>
      </trkpt>
      <trkpt lat="38.794596" lon="-9.308637">
        <ele>161.1</ele>
      </trkpt>
      <trkpt lat="38.794499" lon="-9.308538">
        <ele>161.15</ele>
      </trkpt>
      <trkpt lat="38.794341" lon="-9.30844">
        <ele>160.69</ele>
      </trkpt>
      <trkpt lat="38.794008" lon="-9.308236">
        <ele>159.73</ele>
      </trkpt>
      <trkpt lat="38.793642" lon="-9.308042">
        <ele>161.35</ele>
      </trkpt>
      <trkpt lat="38.793538" lon="-9.307883">
        <ele>163.31</ele>
      </trkpt>
      <trkpt lat="38.793466" lon="-9.307704">
        <ele>164.73</ele>
      </trkpt>
      <trkpt lat="38.793358" lon="-9.307481">
        <ele>166.27</ele>
      </trkpt>
      <trkpt lat="38.793251" lon="-9.30733">
        <ele>167.96</ele>
      </trkpt>
      <trkpt lat="38.793165" lon="-9.30725">
        <ele>169.59</ele>
      </trkpt>
      <trkpt lat="38.793051" lon="-9.30717">
        <ele>171.77</ele>
      </trkpt>
      <trkpt lat="38.792955" lon="-9.30712">
        <ele>171.99</ele>
      </trkpt>
      <trkpt lat="38.79281" lon="-9.307096">
        <ele>173.07</ele>
      </trkpt>
      <trkpt lat="38.792757" lon="-9.307087">
        <ele>173.47</ele>
      </trkpt>
      <trkpt lat="38.791786" lon="-9.307115">
        <ele>177.88</ele>
      </trkpt>
      <trkpt lat="38.791227" lon="-9.307118">
        <ele>179.01</ele>
      </trkpt>
      <trkpt lat="38.791094" lon="-9.307087">
        <ele>179.18</ele>
      </trkpt>
      <trkpt lat="38.790923" lon="-9.30699">
        <ele>179.54</ele>
      </trkpt>
      <trkpt lat="38.790748" lon="-9.306793">
        <ele>180.62</ele>
      </trkpt>
      <trkpt lat="38.790572" lon="-9.306596">
        <ele>178.21</ele>
      </trkpt>
      <trkpt lat="38.790235" lon="-9.306166">
        <ele>178.08</ele>
      </trkpt>
      <trkpt lat="38.790061" lon="-9.305917">
        <ele>179.11</ele>
      </trkpt>
      <trkpt lat="38.789911" lon="-9.30566">
        <ele>180.16</ele>
      </trkpt>
      <trkpt lat="38.789752" lon="-9.305358">
        <ele>181.91</ele>
      </trkpt>
      <trkpt lat="38.78943" lon="-9.304747">
        <ele>185.45</ele>
      </trkpt>
      <trkpt lat="38.789288" lon="-9.304444">
        <ele>187.11</ele>
      </trkpt>
      <trkpt lat="38.789159" lon="-9.304103">
        <ele>188.14</ele>
      </trkpt>
      <trkpt lat="38.789056" lon="-9.303883">
        <ele>188.89</ele>
      </trkpt>
      <trkpt lat="38.788825" lon="-9.303318">
        <ele>191.09</ele>
      </trkpt>
      <trkpt lat="38.788536" lon="-9.302547">
        <ele>195.66</ele>
      </trkpt>
      <trkpt lat="38.788486" lon="-9.30234">
        <ele>197.23</ele>
      </trkpt>
      <trkpt lat="38.788473" lon="-9.302134">
        <ele>198.53</ele>
      </trkpt>
      <trkpt lat="38.78849" lon="-9.30193">
        <ele>199.59</ele>
      </trkpt>
      <trkpt lat="38.788586" lon="-9.301666">
        <ele>200.2</ele>
      </trkpt>
      <trkpt lat="38.78865" lon="-9.301478">
        <ele>197.64</ele>
      </trkpt>
      <trkpt lat="38.788988" lon="-9.300663">
        <ele>201.82</ele>
      </trkpt>
      <trkpt lat="38.78907" lon="-9.30046">
        <ele>206.56</ele>
      </trkpt>
      <trkpt lat="38.789096" lon="-9.300302">
        <ele>206.73</ele>
      </trkpt>
      <trkpt lat="38.789097" lon="-9.300142">
        <ele>206.69</ele>
      </trkpt>
      <trkpt lat="38.789073" lon="-9.299965">
        <ele>206.9</ele>
      </trkpt>
      <trkpt lat="38.78902" lon="-9.299789">
        <ele>206.2</ele>
      </trkpt>
      <trkpt lat="38.788904" lon="-9.299565">
        <ele>205.67</ele>
      </trkpt>
      <trkpt lat="38.788762" lon="-9.299334">
        <ele>204.59</ele>
      </trkpt>
      <trkpt lat="38.788614" lon="-9.299002">
        <ele>203.49</ele>
      </trkpt>
      <trkpt lat="38.787851" lon="-9.297293">
        <ele>206.95</ele>
      </trkpt>
      <trkpt lat="38.787432" lon="-9.296356">
        <ele>209.44</ele>
      </trkpt>
      <trkpt lat="38.787147" lon="-9.295769">
        <ele>212.55</ele>
      </trkpt>
      <trkpt lat="38.786798" lon="-9.295099">
        <ele>214.99</ele>
      </trkpt>
      <trkpt lat="38.786615" lon="-9.294806">
        <ele>216.89</ele>
      </trkpt>
      <trkpt lat="38.786276" lon="-9.29444">
        <ele>219.93</ele>
      </trkpt>
      <trkpt lat="38.785964" lon="-9.294066">
        <ele>222.23</ele>
      </trkpt>
      <trkpt lat="38.785869" lon="-9.293942">
        <ele>223.6</ele>
      </trkpt>
      <trkpt lat="38.785729" lon="-9.293685">
        <ele>224.1</ele>
      </trkpt>
      <trkpt lat="38.78568" lon="-9.293418">
        <ele>225.02</ele>
      </trkpt>
      <trkpt lat="38.785667" lon="-9.293095">
        <ele>225.32</ele>
      </trkpt>
      <trkpt lat="38.785642" lon="-9.29245">
        <ele>222.02</ele>
      </trkpt>
      <trkpt lat="38.785542" lon="-9.290695">
        <ele>215.7</ele>
      </trkpt>
      <trkpt lat="38.785497" lon="-9.289613">
        <ele>213.56</ele>
      </trkpt>
      <trkpt lat="38.785398" lon="-9.288106">
        <ele>213.82</ele>
      </trkpt>
      <trkpt lat="38.785356" lon="-9.287788">
        <ele>213.74</ele>
      </trkpt>
      <trkpt lat="38.785254" lon="-9.287513">
        <ele>213.73</ele>
      </trkpt>
      <trkpt lat="38.785107" lon="-9.28728">
        <ele>211.69</ele>
      </trkpt>
      <trkpt lat="38.784903" lon="-9.287083">
        <ele>211.49</ele>
      </trkpt>
      <trkpt lat="38.784773" lon="-9.287014">
        <ele>211.74</ele>
      </trkpt>
      <trkpt lat="38.784743" lon="-9.287007">
        <ele>211.75480583627245</ele>
      </trkpt>
      <trkpt lat="38.78455922372851" lon="-9.28693591404462">
        <ele>211.90166312341591</ele>
      </trkpt>
      <trkpt lat="38.784280262545906" lon="-9.286672221742663">
        <ele>212.1612212764521</ele>
      </trkpt>
      <trkpt lat="38.783905037037655" lon="-9.28635434281743">
        <ele>212.84909479716453</ele>
      </trkpt>
      <trkpt lat="38.78389118328394" lon="-9.286342606364968">
        <ele>212.96145390765028</ele>
      </trkpt>
      <trkpt lat="38.78373701921552" lon="-9.286088331644606">
        <ele>213.87360456728763</ele>
      </trkpt>
      <trkpt lat="38.783609482798596" lon="-9.285535175325005">
        <ele>210.96667396031583</ele>
      </trkpt>
      <trkpt lat="38.78358285481377" lon="-9.285419683307595">
        <ele>210.62026196884256</ele>
      </trkpt>
      <trkpt lat="38.78346981097943" lon="-9.284861365723568">
        <ele>206.87680151335996</ele>
      </trkpt>
      <trkpt lat="38.783436031264046" lon="-9.284694529476411">
        <ele>206.02223180347545</ele>
      </trkpt>
      <trkpt lat="38.783323" lon="-9.284196">
        <ele>205.87</ele>
      </trkpt>
      <trkpt lat="38.783261" lon="-9.283864">
        <ele>205.58</ele>
      </trkpt>
      <trkpt lat="38.7832" lon="-9.283613">
        <ele>204.54</ele>
      </trkpt>
      <trkpt lat="38.78311" lon="-9.283415">
        <ele>204.47</ele>
      </trkpt>
      <trkpt lat="38.782957" lon="-9.283212">
        <ele>203.31</ele>
      </trkpt>
      <trkpt lat="38.782443" lon="-9.282417">
        <ele>202.36</ele>
      </trkpt>
      <trkpt lat="38.781665" lon="-9.281209">
        <ele>201.32</ele>
      </trkpt>
      <trkpt lat="38.781335" lon="-9.280709">
        <ele>200.11</ele>
      </trkpt>
      <trkpt lat="38.781007" lon="-9.280292">
        <ele>200.27</ele>
      </trkpt>
      <trkpt lat="38.780686" lon="-9.279949">
        <ele>201.67</ele>
      </trkpt>
      <trkpt lat="38.780336" lon="-9.279711">
        <ele>203.31</ele>
      </trkpt>
      <trkpt lat="38.780008" lon="-9.279449">
        <ele>203.86</ele>
      </trkpt>
      <trkpt lat="38.779847" lon="-9.279394">
        <ele>204.53</ele>
      </trkpt>
      <trkpt lat="38.779774" lon="-9.279383">
        <ele>204.97</ele>
      </trkpt>
      <trkpt lat="38.779284" lon="-9.279363">
        <ele>200.4</ele>
      </trkpt>
      <trkpt lat="38.778946" lon="-9.279349">
        <ele>198.28</ele>
      </trkpt>
      <trkpt lat="38.778711" lon="-9.279297">
        <ele>197.4</ele>
      </trkpt>
      <trkpt lat="38.77822" lon="-9.279138">
        <ele>196</ele>
      </trkpt>
      <trkpt lat="38.7771" lon="-9.278841">
        <ele>191.41</ele>
      </trkpt>
      <trkpt lat="38.77691" lon="-9.278756">
        <ele>190.47</ele>
      </trkpt>
      <trkpt lat="38.776691" lon="-9.278637">
        <ele>189.58</ele>
      </trkpt>
      <trkpt lat="38.775897" lon="-9.278086">
        <ele>184.66</ele>
      </trkpt>
      <trkpt lat="38.77582" lon="-9.277998">
        <ele>184.11</ele>
      </trkpt>
      <trkpt lat="38.775819" lon="-9.277814">
        <ele>184.11</ele>
      </trkpt>
      <trkpt lat="38.775816" lon="-9.27756">
        <ele>184.1</ele>
      </trkpt>
      <trkpt lat="38.775781" lon="-9.276948">
        <ele>182.91</ele>
      </trkpt>
      <trkpt lat="38.775746" lon="-9.276605">
        <ele>181.74</ele>
      </trkpt>
      <trkpt lat="38.775604" lon="-9.275639">
        <ele>177.45</ele>
      </trkpt>
      <trkpt lat="38.7756" lon="-9.275444">
        <ele>176.29</ele>
      </trkpt>
      <trkpt lat="38.775563" lon="-9.275058">
        <ele>173.76</ele>
      </trkpt>
      <trkpt lat="38.775515" lon="-9.273981">
        <ele>167.34</ele>
      </trkpt>
      <trkpt lat="38.775521" lon="-9.273719">
        <ele>165.66</ele>
      </trkpt>
      <trkpt lat="38.77563" lon="-9.272885">
        <ele>158.99</ele>
      </trkpt>
      <trkpt lat="38.775897" lon="-9.270998">
        <ele>154</ele>
      </trkpt>
      <trkpt lat="38.775936" lon="-9.27085">
        <ele>153.18</ele>
      </trkpt>
      <trkpt lat="38.776092" lon="-9.27054">
        <ele>152.33</ele>
      </trkpt>
      <trkpt lat="38.776162" lon="-9.270373">
        <ele>151.83</ele>
      </trkpt>
      <trkpt lat="38.776204" lon="-9.270237">
        <ele>150.73</ele>
      </trkpt>
      <trkpt lat="38.776246" lon="-9.269965">
        <ele>150.25</ele>
      </trkpt>
      <trkpt lat="38.776261" lon="-9.269748">
        <ele>149.74</ele>
      </trkpt>
      <trkpt lat="38.776269" lon="-9.269473">
        <ele>149.48</ele>
      </trkpt>
      <trkpt lat="38.776268" lon="-9.269079">
        <ele>148.84</ele>
      </trkpt>
      <trkpt lat="38.776254" lon="-9.268564">
        <ele>147.64</ele>
      </trkpt>
      <trkpt lat="38.776198" lon="-9.267959">
        <ele>145.03</ele>
      </trkpt>
      <trkpt lat="38.776156" lon="-9.267685">
        <ele>144.48</ele>
      </trkpt>
      <trkpt lat="38.776056" lon="-9.26741">
        <ele>142.29</ele>
      </trkpt>
      <trkpt lat="38.776015" lon="-9.267274">
        <ele>142.16</ele>
      </trkpt>
      <trkpt lat="38.776024" lon="-9.267092">
        <ele>142.19</ele>
      </trkpt>
      <trkpt lat="38.776217" lon="-9.265567">
        <ele>139.04</ele>
      </trkpt>
      <trkpt lat="38.776361" lon="-9.26471">
        <ele>140.34</ele>
      </trkpt>
      <trkpt lat="38.776375" lon="-9.264235">
        <ele>142.63</ele>
      </trkpt>
      <trkpt lat="38.775975" lon="-9.264166">
        <ele>141.24</ele>
      </trkpt>
      <trkpt lat="38.775832" lon="-9.264097">
        <ele>141</ele>
      </trkpt>
      <trkpt lat="38.775783" lon="-9.264009">
        <ele>140.81</ele>
      </trkpt>
      <trkpt lat="38.775723" lon="-9.26379">
        <ele>140.03</ele>
      </trkpt>
      <trkpt lat="38.775688" lon="-9.263592">
        <ele>139.1</ele>
      </trkpt>
      <trkpt lat="38.775553" lon="-9.262622">
        <ele>137.09</ele>
      </trkpt>
      <trkpt lat="38.775404" lon="-9.261775">
        <ele>136.97</ele>
      </trkpt>
      <trkpt lat="38.775341" lon="-9.261329">
        <ele>136.51</ele>
      </trkpt>
      <trkpt lat="38.775277" lon="-9.260976">
        <ele>136.03</ele>
      </trkpt>
      <trkpt lat="38.775232" lon="-9.260857">
        <ele>135.99</ele>
      </trkpt>
      <trkpt lat="38.775142" lon="-9.260736">
        <ele>136.01</ele>
      </trkpt>
      <trkpt lat="38.775095" lon="-9.260692">
        <ele>135.97</ele>
      </trkpt>
      <trkpt lat="38.774998" lon="-9.26065">
        <ele>136.16</ele>
      </trkpt>
      <trkpt lat="38.774831" lon="-9.260577">
        <ele>136.05</ele>
      </trkpt>
      <trkpt lat="38.774751" lon="-9.260568">
        <ele>136.25</ele>
      </trkpt>
      <trkpt lat="38.774688" lon="-9.260572">
        <ele>136.3</ele>
      </trkpt>
      <trkpt lat="38.77451" lon="-9.260582">
        <ele>136.43</ele>
      </trkpt>
      <trkpt lat="38.773066" lon="-9.26136">
        <ele>136.21</ele>
      </trkpt>
      <trkpt lat="38.772774" lon="-9.261468">
        <ele>135.88</ele>
      </trkpt>
      <trkpt lat="38.772706" lon="-9.261481">
        <ele>135.93</ele>
      </trkpt>
      <trkpt lat="38.772611" lon="-9.261485">
        <ele>135.35</ele>
      </trkpt>
      <trkpt lat="38.772422" lon="-9.261472">
        <ele>134.52</ele>
      </trkpt>
      <trkpt lat="38.772202" lon="-9.261425">
        <ele>133.43</ele>
      </trkpt>
      <trkpt lat="38.772023" lon="-9.261341">
        <ele>133.19</ele>
      </trkpt>
      <trkpt lat="38.771817" lon="-9.261186">
        <ele>132.52</ele>
      </trkpt>
      <trkpt lat="38.770567" lon="-9.260189">
        <ele>130.86</ele>
      </trkpt>
      <trkpt lat="38.770441" lon="-9.260105">
        <ele>131.31</ele>
      </trkpt>
      <trkpt lat="38.769926" lon="-9.259858">
        <ele>130.83</ele>
      </trkpt>
      <trkpt lat="38.769079" lon="-9.259477">
        <ele>130</ele>
      </trkpt>
      <trkpt lat="38.768208" lon="-9.259072">
        <ele>131.02</ele>
      </trkpt>
      <trkpt lat="38.76806" lon="-9.258992">
        <ele>130.35</ele>
      </trkpt>
      <trkpt lat="38.767989" lon="-9.258936">
        <ele>130.24</ele>
      </trkpt>
      <trkpt lat="38.767941" lon="-9.258886">
        <ele>130.59</ele>
      </trkpt>
      <trkpt lat="38.767643" lon="-9.25852">
        <ele>130.31</ele>
      </trkpt>
      <trkpt lat="38.767542" lon="-9.258417">
        <ele>129.95</ele>
      </trkpt>
      <trkpt lat="38.767345" lon="-9.258257">
        <ele>130.08</ele>
      </trkpt>
      <trkpt lat="38.767081" lon="-9.258097">
        <ele>130.03</ele>
      </trkpt>
      <trkpt lat="38.766331" lon="-9.257681">
        <ele>133.29</ele>
      </trkpt>
      <trkpt lat="38.766138" lon="-9.257592">
        <ele>133.83</ele>
      </trkpt>
      <trkpt lat="38.765824" lon="-9.257411">
        <ele>136.46</ele>
      </trkpt>
      <trkpt lat="38.765609" lon="-9.257347">
        <ele>137.3</ele>
      </trkpt>
      <trkpt lat="38.76549" lon="-9.257288">
        <ele>136.77</ele>
      </trkpt>
      <trkpt lat="38.764279" lon="-9.256875">
        <ele>131.02</ele>
      </trkpt>
      <trkpt lat="38.762731" lon="-9.256365">
        <ele>124.56</ele>
      </trkpt>
      <trkpt lat="38.762582" lon="-9.256327">
        <ele>124.3</ele>
      </trkpt>
      <trkpt lat="38.762492" lon="-9.256322">
        <ele>124.33</ele>
      </trkpt>
      <trkpt lat="38.762395" lon="-9.25633">
        <ele>124.29</ele>
      </trkpt>
      <trkpt lat="38.761704" lon="-9.256519">
        <ele>124.03</ele>
      </trkpt>
      <trkpt lat="38.761363" lon="-9.256628">
        <ele>123.43</ele>
      </trkpt>
      <trkpt lat="38.761102" lon="-9.25675">
        <ele>123.64</ele>
      </trkpt>
      <trkpt lat="38.760587" lon="-9.25704">
        <ele>123.49</ele>
      </trkpt>
      <trkpt lat="38.760454" lon="-9.257115">
        <ele>123.45</ele>
      </trkpt>
      <trkpt lat="38.760396" lon="-9.257134">
        <ele>123.56</ele>
      </trkpt>
      <trkpt lat="38.759855" lon="-9.257251">
        <ele>124</ele>
      </trkpt>
      <trkpt lat="38.759714" lon="-9.257367">
        <ele>123.26</ele>
      </trkpt>
      <trkpt lat="38.75966" lon="-9.257456">
        <ele>122.59</ele>
      </trkpt>
      <trkpt lat="38.759574" lon="-9.257708">
        <ele>121.29</ele>
      </trkpt>
      <trkpt lat="38.759544" lon="-9.257827">
        <ele>119.99</ele>
      </trkpt>
      <trkpt lat="38.759519" lon="-9.258069">
        <ele>117.69</ele>
      </trkpt>
      <trkpt lat="38.759523" lon="-9.258218">
        <ele>117.02</ele>
      </trkpt>
      <trkpt lat="38.75954" lon="-9.258341">
        <ele>116.51</ele>
      </trkpt>
      <trkpt lat="38.759586" lon="-9.258561">
        <ele>115.9</ele>
      </trkpt>
      <trkpt lat="38.759646" lon="-9.258698">
        <ele>115.03</ele>
      </trkpt>
      <trkpt lat="38.759821" lon="-9.258873">
        <ele>115.61</ele>
      </trkpt>
      <trkpt lat="38.759883" lon="-9.258882">
        <ele>115.66</ele>
      </trkpt>
      <trkpt lat="38.759937" lon="-9.258924">
        <ele>115.93</ele>
      </trkpt>
      <trkpt lat="38.759968" lon="-9.258979">
        <ele>116.1</ele>
      </trkpt>
      <trkpt lat="38.759983" lon="-9.259058">
        <ele>116.57</ele>
      </trkpt>
      <trkpt lat="38.75997" lon="-9.259138">
        <ele>117.09</ele>
      </trkpt>
      <trkpt lat="38.759925" lon="-9.259212">
        <ele>118.27</ele>
      </trkpt>
      <trkpt lat="38.759859" lon="-9.259249">
        <ele>117.55</ele>
      </trkpt>
      <trkpt lat="38.759653" lon="-9.259411">
        <ele>117.93</ele>
      </trkpt>
      <trkpt lat="38.759582" lon="-9.259456">
        <ele>117.78</ele>
      </trkpt>
      <trkpt lat="38.759521" lon="-9.25947">
        <ele>117.5</ele>
      </trkpt>
      <trkpt lat="38.758706" lon="-9.259538">
        <ele>111.46</ele>
      </trkpt>
      <trkpt lat="38.758596" lon="-9.259566">
        <ele>110.83</ele>
      </trkpt>
      <trkpt lat="38.75851" lon="-9.259613">
        <ele>110.8</ele>
      </trkpt>
      <trkpt lat="38.758354" lon="-9.259737">
        <ele>110.29</ele>
      </trkpt>
      <trkpt lat="38.758206" lon="-9.259827">
        <ele>109.13</ele>
      </trkpt>
      <trkpt lat="38.758059" lon="-9.259869">
        <ele>109.47</ele>
      </trkpt>
      <trkpt lat="38.75752" lon="-9.259858">
        <ele>109.23</ele>
      </trkpt>
      <trkpt lat="38.757356" lon="-9.259881">
        <ele>109.36</ele>
      </trkpt>
      <trkpt lat="38.757304" lon="-9.259925">
        <ele>109.61</ele>
      </trkpt>
      <trkpt lat="38.757262" lon="-9.259936">
        <ele>109.48</ele>
      </trkpt>
      <trkpt lat="38.757219" lon="-9.259931">
        <ele>109.25</ele>
      </trkpt>
      <trkpt lat="38.75718" lon="-9.25991">
        <ele>109.04</ele>
      </trkpt>
      <trkpt lat="38.757132" lon="-9.259849">
        <ele>109.05</ele>
      </trkpt>
      <trkpt lat="38.757024" lon="-9.259799">
        <ele>108.99</ele>
      </trkpt>
      <trkpt lat="38.756916" lon="-9.259781">
        <ele>108.81</ele>
      </trkpt>
      <trkpt lat="38.756517" lon="-9.259772">
        <ele>107.46</ele>
      </trkpt>
      <trkpt lat="38.75467" lon="-9.259737">
        <ele>102.19</ele>
      </trkpt>
      <trkpt lat="38.75467" lon="-9.259737">
        <ele>102.19</ele>
      </trkpt>
      <trkpt lat="38.754437" lon="-9.259773">
        <ele>101.9</ele>
      </trkpt>
      <trkpt lat="38.754388" lon="-9.259749">
        <ele>101.7</ele>
      </trkpt>
      <trkpt lat="38.754341" lon="-9.259746">
        <ele>101.53</ele>
      </trkpt>
      <trkpt lat="38.754286" lon="-9.259765">
        <ele>101.35</ele>
      </trkpt>
      <trkpt lat="38.754243" lon="-9.259804">
        <ele>101.17</ele>
      </trkpt>
      <trkpt lat="38.753993" lon="-9.259725">
        <ele>100.15</ele>
      </trkpt>
      <trkpt lat="38.753893" lon="-9.259696">
        <ele>100.06</ele>
      </trkpt>
      <trkpt lat="38.75389264420999" lon="-9.25969554775728">
        <ele>100.06273409819048</ele>
      </trkpt>
      <trkpt lat="38.753809" lon="-9.259671">
        <ele>99.99</ele>
      </trkpt>
      <trkpt lat="38.753477" lon="-9.259604">
        <ele>99</ele>
      </trkpt>
      <trkpt lat="38.752943" lon="-9.259424">
        <ele>98.65</ele>
      </trkpt>
      <trkpt lat="38.752455" lon="-9.259191">
        <ele>98.16</ele>
      </trkpt>
      <trkpt lat="38.752097" lon="-9.258961">
        <ele>95.2</ele>
      </trkpt>
      <trkpt lat="38.75164" lon="-9.258654">
        <ele>99.42</ele>
      </trkpt>
      <trkpt lat="38.751164" lon="-9.258241">
        <ele>101</ele>
      </trkpt>
      <trkpt lat="38.750996" lon="-9.258106">
        <ele>101</ele>
      </trkpt>
    </trkseg>
  </trk>
</gpx>
