<?xml version="1.0"?>
<gpx xmlns="http://www.topografix.com/GPX/1/1" xmlns:xsi="http://www.w3.org/2001/XMLSchema-instance" version="1.1" creator="AllTrails.com" xsi:schemaLocation="http://www.topografix.com/GPX/1/1 http://www.topografix.com/GPX/1/1/gpx.xsd">
  <metadata>
    <name><![CDATA[FigueiródosVinhos_Torre]]></name>
    <desc><![CDATA[]]></desc>
    <link href="http://www.alltrails.com">
      <text>AllTrails, LLC</text>
    </link>
    <bounds minlat="39.89871" minlon="-8.28421" maxlat="40.32765" maxlon="-7.50259"/>
  </metadata>
  <trk>
    <name><![CDATA[FigueiródosVinhos_Torre]]></name>
    <src>AllTrails</src>
    <trkseg>
      <trkpt lat="39.89871" lon="-8.28366">
        <ele>448.87</ele>
      </trkpt>
      <trkpt lat="39.89902" lon="-8.28379">
        <ele>449.26</ele>
      </trkpt>
      <trkpt lat="39.89948" lon="-8.28393">
        <ele>454.26</ele>
      </trkpt>
      <trkpt lat="39.90016" lon="-8.28415">
        <ele>462.18</ele>
      </trkpt>
      <trkpt lat="39.90042" lon="-8.28421">
        <ele>466.28</ele>
      </trkpt>
      <trkpt lat="39.90046" lon="-8.28364">
        <ele>463.42</ele>
      </trkpt>
      <trkpt lat="39.90049" lon="-8.28338">
        <ele>462.35</ele>
      </trkpt>
      <trkpt lat="39.90054" lon="-8.28319">
        <ele>462.29</ele>
      </trkpt>
      <trkpt lat="39.90163" lon="-8.27925">
        <ele>455.96</ele>
      </trkpt>
      <trkpt lat="39.90212" lon="-8.27743">
        <ele>450.86</ele>
      </trkpt>
      <trkpt lat="39.90229" lon="-8.27676">
        <ele>452.58</ele>
      </trkpt>
      <trkpt lat="39.9023" lon="-8.27669">
        <ele>452.36</ele>
      </trkpt>
      <trkpt lat="39.90231" lon="-8.27658">
        <ele>452.2</ele>
      </trkpt>
      <trkpt lat="39.90236" lon="-8.27654">
        <ele>452.49</ele>
      </trkpt>
      <trkpt lat="39.90262" lon="-8.27613">
        <ele>454.96</ele>
      </trkpt>
      <trkpt lat="39.90265" lon="-8.27606">
        <ele>455.28</ele>
      </trkpt>
      <trkpt lat="39.90268" lon="-8.27582">
        <ele>456.66</ele>
      </trkpt>
      <trkpt lat="39.90271" lon="-8.27572">
        <ele>456.86</ele>
      </trkpt>
      <trkpt lat="39.90282" lon="-8.27552">
        <ele>457.26</ele>
      </trkpt>
      <trkpt lat="39.90327" lon="-8.27469">
        <ele>456.2</ele>
      </trkpt>
      <trkpt lat="39.90351" lon="-8.27423">
        <ele>452.18</ele>
      </trkpt>
      <trkpt lat="39.90356" lon="-8.27417">
        <ele>451.68</ele>
      </trkpt>
      <trkpt lat="39.90361" lon="-8.27413">
        <ele>451.6</ele>
      </trkpt>
      <trkpt lat="39.90367" lon="-8.2741">
        <ele>451.87</ele>
      </trkpt>
      <trkpt lat="39.9037" lon="-8.2741">
        <ele>452.16</ele>
      </trkpt>
      <trkpt lat="39.9038" lon="-8.2741">
        <ele>453.16</ele>
      </trkpt>
      <trkpt lat="39.90385" lon="-8.27411">
        <ele>453.79</ele>
      </trkpt>
      <trkpt lat="39.9044" lon="-8.27439">
        <ele>456.77</ele>
      </trkpt>
      <trkpt lat="39.90443" lon="-8.2744">
        <ele>456.83</ele>
      </trkpt>
      <trkpt lat="39.9045" lon="-8.27442">
        <ele>457.11</ele>
      </trkpt>
      <trkpt lat="39.9046" lon="-8.27441">
        <ele>457.44</ele>
      </trkpt>
      <trkpt lat="39.90466" lon="-8.2744">
        <ele>457.62</ele>
      </trkpt>
      <trkpt lat="39.90501" lon="-8.27423">
        <ele>459.47</ele>
      </trkpt>
      <trkpt lat="39.90507" lon="-8.27421">
        <ele>459.39</ele>
      </trkpt>
      <trkpt lat="39.90512" lon="-8.27421">
        <ele>459.45</ele>
      </trkpt>
      <trkpt lat="39.90606" lon="-8.27435">
        <ele>462.43</ele>
      </trkpt>
      <trkpt lat="39.90636" lon="-8.27438">
        <ele>463.24</ele>
      </trkpt>
      <trkpt lat="39.90642" lon="-8.27438">
        <ele>463.71</ele>
      </trkpt>
      <trkpt lat="39.90651" lon="-8.27434">
        <ele>465.28</ele>
      </trkpt>
      <trkpt lat="39.90723" lon="-8.27383">
        <ele>468.82</ele>
      </trkpt>
      <trkpt lat="39.90731" lon="-8.27379">
        <ele>469.07</ele>
      </trkpt>
      <trkpt lat="39.9074" lon="-8.27379">
        <ele>469.51</ele>
      </trkpt>
      <trkpt lat="39.90799" lon="-8.27396">
        <ele>473.3</ele>
      </trkpt>
      <trkpt lat="39.90852" lon="-8.27411">
        <ele>476.25</ele>
      </trkpt>
      <trkpt lat="39.90875" lon="-8.27414">
        <ele>475.26</ele>
      </trkpt>
      <trkpt lat="39.90883" lon="-8.27413">
        <ele>474.42</ele>
      </trkpt>
      <trkpt lat="39.90899" lon="-8.2741">
        <ele>474.76</ele>
      </trkpt>
      <trkpt lat="39.90914" lon="-8.27403">
        <ele>475.78</ele>
      </trkpt>
      <trkpt lat="39.90926" lon="-8.27396">
        <ele>477.78</ele>
      </trkpt>
      <trkpt lat="39.90975" lon="-8.27353">
        <ele>482.97</ele>
      </trkpt>
      <trkpt lat="39.91015" lon="-8.27321">
        <ele>485.52</ele>
      </trkpt>
      <trkpt lat="39.91026" lon="-8.27309">
        <ele>485.41</ele>
      </trkpt>
      <trkpt lat="39.91027" lon="-8.27303">
        <ele>484.68</ele>
      </trkpt>
      <trkpt lat="39.91028" lon="-8.273">
        <ele>484.62</ele>
      </trkpt>
      <trkpt lat="39.9103" lon="-8.27298">
        <ele>484.62</ele>
      </trkpt>
      <trkpt lat="39.91035" lon="-8.27297">
        <ele>484.9</ele>
      </trkpt>
      <trkpt lat="39.91053" lon="-8.2729">
        <ele>485.7</ele>
      </trkpt>
      <trkpt lat="39.91133" lon="-8.27223">
        <ele>483.62</ele>
      </trkpt>
      <trkpt lat="39.91133" lon="-8.27223">
        <ele>483.62</ele>
      </trkpt>
      <trkpt lat="39.91148" lon="-8.27211">
        <ele>484.16</ele>
      </trkpt>
      <trkpt lat="39.91165" lon="-8.272">
        <ele>486.25</ele>
      </trkpt>
      <trkpt lat="39.91179" lon="-8.27194">
        <ele>484.62</ele>
      </trkpt>
      <trkpt lat="39.912" lon="-8.27189">
        <ele>482.05</ele>
      </trkpt>
      <trkpt lat="39.91219" lon="-8.2719">
        <ele>480.89</ele>
      </trkpt>
      <trkpt lat="39.9129" lon="-8.27207">
        <ele>477.95</ele>
      </trkpt>
      <trkpt lat="39.91303" lon="-8.27209">
        <ele>476.94</ele>
      </trkpt>
      <trkpt lat="39.91324" lon="-8.27211">
        <ele>479.02</ele>
      </trkpt>
      <trkpt lat="39.91334" lon="-8.2721">
        <ele>479.58</ele>
      </trkpt>
      <trkpt lat="39.91722" lon="-8.27154">
        <ele>480.71</ele>
      </trkpt>
      <trkpt lat="39.91858" lon="-8.27134">
        <ele>490.9</ele>
      </trkpt>
      <trkpt lat="39.91902" lon="-8.27119">
        <ele>496.0</ele>
      </trkpt>
      <trkpt lat="39.91933" lon="-8.27104">
        <ele>499.66</ele>
      </trkpt>
      <trkpt lat="39.91955" lon="-8.27087">
        <ele>499.63</ele>
      </trkpt>
      <trkpt lat="39.91963" lon="-8.27079">
        <ele>501.24</ele>
      </trkpt>
      <trkpt lat="39.91968" lon="-8.27073">
        <ele>502.67</ele>
      </trkpt>
      <trkpt lat="39.91986" lon="-8.27064">
        <ele>504.15</ele>
      </trkpt>
      <trkpt lat="39.91995" lon="-8.27058">
        <ele>504.07</ele>
      </trkpt>
      <trkpt lat="39.92005" lon="-8.27046">
        <ele>504.87</ele>
      </trkpt>
      <trkpt lat="39.9203" lon="-8.27008">
        <ele>510.93</ele>
      </trkpt>
      <trkpt lat="39.92058" lon="-8.26956">
        <ele>513.77</ele>
      </trkpt>
      <trkpt lat="39.92078" lon="-8.26908">
        <ele>517.25</ele>
      </trkpt>
      <trkpt lat="39.92211" lon="-8.26573">
        <ele>502.52</ele>
      </trkpt>
      <trkpt lat="39.92383" lon="-8.26137">
        <ele>511.95</ele>
      </trkpt>
      <trkpt lat="39.92434" lon="-8.26005">
        <ele>509.56</ele>
      </trkpt>
      <trkpt lat="39.92459" lon="-8.25945">
        <ele>516.0</ele>
      </trkpt>
      <trkpt lat="39.9247" lon="-8.25927">
        <ele>516.89</ele>
      </trkpt>
      <trkpt lat="39.92481" lon="-8.25912">
        <ele>516.23</ele>
      </trkpt>
      <trkpt lat="39.925" lon="-8.2589">
        <ele>514.08</ele>
      </trkpt>
      <trkpt lat="39.9251" lon="-8.2588">
        <ele>511.82</ele>
      </trkpt>
      <trkpt lat="39.9271" lon="-8.25711">
        <ele>509.99</ele>
      </trkpt>
      <trkpt lat="39.92736" lon="-8.25692">
        <ele>509.63</ele>
      </trkpt>
      <trkpt lat="39.92746" lon="-8.25687">
        <ele>509.97</ele>
      </trkpt>
      <trkpt lat="39.92764" lon="-8.25679">
        <ele>508.71</ele>
      </trkpt>
      <trkpt lat="39.92786" lon="-8.25673">
        <ele>506.14</ele>
      </trkpt>
      <trkpt lat="39.9281" lon="-8.25669">
        <ele>503.67</ele>
      </trkpt>
      <trkpt lat="39.92951" lon="-8.25655">
        <ele>519.06</ele>
      </trkpt>
      <trkpt lat="39.93014" lon="-8.25647">
        <ele>517.73</ele>
      </trkpt>
      <trkpt lat="39.9304" lon="-8.25644">
        <ele>519.13</ele>
      </trkpt>
      <trkpt lat="39.93065" lon="-8.2564">
        <ele>520.14</ele>
      </trkpt>
      <trkpt lat="39.93083" lon="-8.25635">
        <ele>517.2</ele>
      </trkpt>
      <trkpt lat="39.93099" lon="-8.25628">
        <ele>517.44</ele>
      </trkpt>
      <trkpt lat="39.93107" lon="-8.25621">
        <ele>517.49</ele>
      </trkpt>
      <trkpt lat="39.93115" lon="-8.25613">
        <ele>517.29</ele>
      </trkpt>
      <trkpt lat="39.93135" lon="-8.25588">
        <ele>517.99</ele>
      </trkpt>
      <trkpt lat="39.93145" lon="-8.2557">
        <ele>518.38</ele>
      </trkpt>
      <trkpt lat="39.9315" lon="-8.25556">
        <ele>519.17</ele>
      </trkpt>
      <trkpt lat="39.9319" lon="-8.25484">
        <ele>518.51</ele>
      </trkpt>
      <trkpt lat="39.93276" lon="-8.25341">
        <ele>517.21</ele>
      </trkpt>
      <trkpt lat="39.93302" lon="-8.25295">
        <ele>516.96</ele>
      </trkpt>
      <trkpt lat="39.93315" lon="-8.25275">
        <ele>519.28</ele>
      </trkpt>
      <trkpt lat="39.93324" lon="-8.25264">
        <ele>521.64</ele>
      </trkpt>
      <trkpt lat="39.9334" lon="-8.25249">
        <ele>526.91</ele>
      </trkpt>
      <trkpt lat="39.93361" lon="-8.25233">
        <ele>530.53</ele>
      </trkpt>
      <trkpt lat="39.9338" lon="-8.25222">
        <ele>532.37</ele>
      </trkpt>
      <trkpt lat="39.93391" lon="-8.25218">
        <ele>534.32</ele>
      </trkpt>
      <trkpt lat="39.93435" lon="-8.25187">
        <ele>545.18</ele>
      </trkpt>
      <trkpt lat="39.9345" lon="-8.25175">
        <ele>548.08</ele>
      </trkpt>
      <trkpt lat="39.93478" lon="-8.25147">
        <ele>548.03</ele>
      </trkpt>
      <trkpt lat="39.93507" lon="-8.25115">
        <ele>547.25</ele>
      </trkpt>
      <trkpt lat="39.93591" lon="-8.25014">
        <ele>548.5</ele>
      </trkpt>
      <trkpt lat="39.93606" lon="-8.24998">
        <ele>542.72</ele>
      </trkpt>
      <trkpt lat="39.93621" lon="-8.24985">
        <ele>537.16</ele>
      </trkpt>
      <trkpt lat="39.93634" lon="-8.24976">
        <ele>532.74</ele>
      </trkpt>
      <trkpt lat="39.93649" lon="-8.24969">
        <ele>531.23</ele>
      </trkpt>
      <trkpt lat="39.93664" lon="-8.24966">
        <ele>532.09</ele>
      </trkpt>
      <trkpt lat="39.93679" lon="-8.24965">
        <ele>534.0</ele>
      </trkpt>
      <trkpt lat="39.93694" lon="-8.24967">
        <ele>536.37</ele>
      </trkpt>
      <trkpt lat="39.93709" lon="-8.24972">
        <ele>544.3</ele>
      </trkpt>
      <trkpt lat="39.9373" lon="-8.24984">
        <ele>554.78</ele>
      </trkpt>
      <trkpt lat="39.93744" lon="-8.24995">
        <ele>559.7</ele>
      </trkpt>
      <trkpt lat="39.93836" lon="-8.25073">
        <ele>549.59</ele>
      </trkpt>
      <trkpt lat="39.93853" lon="-8.25084">
        <ele>544.58</ele>
      </trkpt>
      <trkpt lat="39.93877" lon="-8.25096">
        <ele>538.6</ele>
      </trkpt>
      <trkpt lat="39.93885" lon="-8.251">
        <ele>537.28</ele>
      </trkpt>
      <trkpt lat="39.93901" lon="-8.25104">
        <ele>535.62</ele>
      </trkpt>
      <trkpt lat="39.93909" lon="-8.25106">
        <ele>535.3</ele>
      </trkpt>
      <trkpt lat="39.93926" lon="-8.25108">
        <ele>532.3</ele>
      </trkpt>
      <trkpt lat="39.93946" lon="-8.25107">
        <ele>525.85</ele>
      </trkpt>
      <trkpt lat="39.93954" lon="-8.25106">
        <ele>524.3</ele>
      </trkpt>
      <trkpt lat="39.93972" lon="-8.25102">
        <ele>520.72</ele>
      </trkpt>
      <trkpt lat="39.9398" lon="-8.25099">
        <ele>520.18</ele>
      </trkpt>
      <trkpt lat="39.94006" lon="-8.25088">
        <ele>522.12</ele>
      </trkpt>
      <trkpt lat="39.94023" lon="-8.25078">
        <ele>528.31</ele>
      </trkpt>
      <trkpt lat="39.94039" lon="-8.25066">
        <ele>534.34</ele>
      </trkpt>
      <trkpt lat="39.94261" lon="-8.2488">
        <ele>540.12</ele>
      </trkpt>
      <trkpt lat="39.94534" lon="-8.24648">
        <ele>505.41</ele>
      </trkpt>
      <trkpt lat="39.94559" lon="-8.24621">
        <ele>504.89</ele>
      </trkpt>
      <trkpt lat="39.94641" lon="-8.2452">
        <ele>509.53</ele>
      </trkpt>
      <trkpt lat="39.94655" lon="-8.24504">
        <ele>512.09</ele>
      </trkpt>
      <trkpt lat="39.94679" lon="-8.24485">
        <ele>513.87</ele>
      </trkpt>
      <trkpt lat="39.94696" lon="-8.24477">
        <ele>513.53</ele>
      </trkpt>
      <trkpt lat="39.94705" lon="-8.24474">
        <ele>513.22</ele>
      </trkpt>
      <trkpt lat="39.94722" lon="-8.24472">
        <ele>512.95</ele>
      </trkpt>
      <trkpt lat="39.94738" lon="-8.24473">
        <ele>514.83</ele>
      </trkpt>
      <trkpt lat="39.94747" lon="-8.24475">
        <ele>516.17</ele>
      </trkpt>
      <trkpt lat="39.94754" lon="-8.24477">
        <ele>517.89</ele>
      </trkpt>
      <trkpt lat="39.94769" lon="-8.24484">
        <ele>523.2</ele>
      </trkpt>
      <trkpt lat="39.94785" lon="-8.24495">
        <ele>526.22</ele>
      </trkpt>
      <trkpt lat="39.94822" lon="-8.2452">
        <ele>521.43</ele>
      </trkpt>
      <trkpt lat="39.94841" lon="-8.24531">
        <ele>521.8</ele>
      </trkpt>
      <trkpt lat="39.94857" lon="-8.24537">
        <ele>521.11</ele>
      </trkpt>
      <trkpt lat="39.94872" lon="-8.24541">
        <ele>519.12</ele>
      </trkpt>
      <trkpt lat="39.94886" lon="-8.24541">
        <ele>514.68</ele>
      </trkpt>
      <trkpt lat="39.949" lon="-8.2454">
        <ele>513.9</ele>
      </trkpt>
      <trkpt lat="39.94908" lon="-8.24538">
        <ele>513.73</ele>
      </trkpt>
      <trkpt lat="39.94929" lon="-8.24528">
        <ele>513.81</ele>
      </trkpt>
      <trkpt lat="39.94944" lon="-8.24517">
        <ele>515.52</ele>
      </trkpt>
      <trkpt lat="39.9496" lon="-8.24501">
        <ele>518.3</ele>
      </trkpt>
      <trkpt lat="39.95017" lon="-8.24429">
        <ele>534.54</ele>
      </trkpt>
      <trkpt lat="39.95148" lon="-8.24259">
        <ele>517.86</ele>
      </trkpt>
      <trkpt lat="39.95161" lon="-8.2424">
        <ele>520.49</ele>
      </trkpt>
      <trkpt lat="39.95168" lon="-8.24227">
        <ele>521.98</ele>
      </trkpt>
      <trkpt lat="39.95174" lon="-8.24211">
        <ele>524.51</ele>
      </trkpt>
      <trkpt lat="39.9518" lon="-8.24185">
        <ele>528.59</ele>
      </trkpt>
      <trkpt lat="39.95182" lon="-8.24164">
        <ele>530.09</ele>
      </trkpt>
      <trkpt lat="39.95183" lon="-8.24143">
        <ele>528.62</ele>
      </trkpt>
      <trkpt lat="39.95182" lon="-8.2413">
        <ele>526.51</ele>
      </trkpt>
      <trkpt lat="39.95176" lon="-8.24092">
        <ele>520.31</ele>
      </trkpt>
      <trkpt lat="39.9515" lon="-8.23961">
        <ele>526.08</ele>
      </trkpt>
      <trkpt lat="39.95144" lon="-8.23924">
        <ele>524.94</ele>
      </trkpt>
      <trkpt lat="39.95143" lon="-8.23902">
        <ele>525.79</ele>
      </trkpt>
      <trkpt lat="39.95144" lon="-8.2388">
        <ele>527.38</ele>
      </trkpt>
      <trkpt lat="39.95145" lon="-8.23869">
        <ele>528.31</ele>
      </trkpt>
      <trkpt lat="39.95149" lon="-8.2385">
        <ele>530.66</ele>
      </trkpt>
      <trkpt lat="39.95156" lon="-8.23833">
        <ele>533.5</ele>
      </trkpt>
      <trkpt lat="39.95162" lon="-8.23819">
        <ele>535.88</ele>
      </trkpt>
      <trkpt lat="39.95167" lon="-8.2381">
        <ele>537.58</ele>
      </trkpt>
      <trkpt lat="39.95177" lon="-8.23797">
        <ele>539.9</ele>
      </trkpt>
      <trkpt lat="39.95189" lon="-8.23784">
        <ele>540.45</ele>
      </trkpt>
      <trkpt lat="39.95202" lon="-8.23773">
        <ele>540.13</ele>
      </trkpt>
      <trkpt lat="39.95257" lon="-8.23736">
        <ele>530.1</ele>
      </trkpt>
      <trkpt lat="39.95335" lon="-8.23685">
        <ele>529.92</ele>
      </trkpt>
      <trkpt lat="39.95378" lon="-8.23656">
        <ele>534.26</ele>
      </trkpt>
      <trkpt lat="39.95391" lon="-8.23646">
        <ele>534.27</ele>
      </trkpt>
      <trkpt lat="39.95403" lon="-8.23634">
        <ele>528.97</ele>
      </trkpt>
      <trkpt lat="39.95416" lon="-8.23614">
        <ele>520.93</ele>
      </trkpt>
      <trkpt lat="39.95429" lon="-8.23586">
        <ele>505.84</ele>
      </trkpt>
      <trkpt lat="39.95435" lon="-8.23564">
        <ele>500.75</ele>
      </trkpt>
      <trkpt lat="39.95437" lon="-8.23549">
        <ele>499.04</ele>
      </trkpt>
      <trkpt lat="39.95439" lon="-8.23524">
        <ele>498.1</ele>
      </trkpt>
      <trkpt lat="39.95438" lon="-8.23479">
        <ele>498.38</ele>
      </trkpt>
      <trkpt lat="39.95438" lon="-8.23459">
        <ele>500.87</ele>
      </trkpt>
      <trkpt lat="39.95441" lon="-8.2344">
        <ele>504.24</ele>
      </trkpt>
      <trkpt lat="39.95447" lon="-8.23414">
        <ele>504.83</ele>
      </trkpt>
      <trkpt lat="39.95453" lon="-8.23399">
        <ele>504.12</ele>
      </trkpt>
      <trkpt lat="39.95464" lon="-8.23378">
        <ele>503.67</ele>
      </trkpt>
      <trkpt lat="39.95473" lon="-8.23367">
        <ele>504.23</ele>
      </trkpt>
      <trkpt lat="39.95482" lon="-8.23355">
        <ele>503.63</ele>
      </trkpt>
      <trkpt lat="39.95515" lon="-8.23325">
        <ele>497.68</ele>
      </trkpt>
      <trkpt lat="39.95858" lon="-8.22991">
        <ele>470.49</ele>
      </trkpt>
      <trkpt lat="39.95951" lon="-8.22899">
        <ele>449.71</ele>
      </trkpt>
      <trkpt lat="39.96007" lon="-8.22844">
        <ele>450.42</ele>
      </trkpt>
      <trkpt lat="39.96026" lon="-8.22821">
        <ele>450.78</ele>
      </trkpt>
      <trkpt lat="39.96046" lon="-8.22795">
        <ele>454.24</ele>
      </trkpt>
      <trkpt lat="39.96055" lon="-8.22779">
        <ele>456.8</ele>
      </trkpt>
      <trkpt lat="39.96075" lon="-8.22742">
        <ele>457.89</ele>
      </trkpt>
      <trkpt lat="39.96204" lon="-8.22489">
        <ele>453.78</ele>
      </trkpt>
      <trkpt lat="39.96224" lon="-8.22452">
        <ele>459.97</ele>
      </trkpt>
      <trkpt lat="39.96231" lon="-8.22439">
        <ele>460.04</ele>
      </trkpt>
      <trkpt lat="39.96249" lon="-8.22414">
        <ele>456.22</ele>
      </trkpt>
      <trkpt lat="39.96262" lon="-8.224">
        <ele>452.2</ele>
      </trkpt>
      <trkpt lat="39.96271" lon="-8.22392">
        <ele>449.9</ele>
      </trkpt>
      <trkpt lat="39.96288" lon="-8.22381">
        <ele>448.02</ele>
      </trkpt>
      <trkpt lat="39.963" lon="-8.22375">
        <ele>447.0</ele>
      </trkpt>
      <trkpt lat="39.96314" lon="-8.22371">
        <ele>448.24</ele>
      </trkpt>
      <trkpt lat="39.96329" lon="-8.22367">
        <ele>451.49</ele>
      </trkpt>
      <trkpt lat="39.96342" lon="-8.22367">
        <ele>452.44</ele>
      </trkpt>
      <trkpt lat="39.96364" lon="-8.22369">
        <ele>451.3</ele>
      </trkpt>
      <trkpt lat="39.96392" lon="-8.22377">
        <ele>444.34</ele>
      </trkpt>
      <trkpt lat="39.96481" lon="-8.2241">
        <ele>437.68</ele>
      </trkpt>
      <trkpt lat="39.96488" lon="-8.22412">
        <ele>438.04</ele>
      </trkpt>
      <trkpt lat="39.96504" lon="-8.22412">
        <ele>438.18</ele>
      </trkpt>
      <trkpt lat="39.96545" lon="-8.22399">
        <ele>435.85</ele>
      </trkpt>
      <trkpt lat="39.96659" lon="-8.22356">
        <ele>436.91</ele>
      </trkpt>
      <trkpt lat="39.9675" lon="-8.22323">
        <ele>446.37</ele>
      </trkpt>
      <trkpt lat="39.96923" lon="-8.22261">
        <ele>438.89</ele>
      </trkpt>
      <trkpt lat="39.97004" lon="-8.22232">
        <ele>439.7</ele>
      </trkpt>
      <trkpt lat="39.97031" lon="-8.22223">
        <ele>439.43</ele>
      </trkpt>
      <trkpt lat="39.97052" lon="-8.22218">
        <ele>435.34</ele>
      </trkpt>
      <trkpt lat="39.9707" lon="-8.22216">
        <ele>433.05</ele>
      </trkpt>
      <trkpt lat="39.97088" lon="-8.22215">
        <ele>431.27</ele>
      </trkpt>
      <trkpt lat="39.97123" lon="-8.22219">
        <ele>431.16</ele>
      </trkpt>
      <trkpt lat="39.97143" lon="-8.22223">
        <ele>433.23</ele>
      </trkpt>
      <trkpt lat="39.97155" lon="-8.22227">
        <ele>437.74</ele>
      </trkpt>
      <trkpt lat="39.9718" lon="-8.22236">
        <ele>445.67</ele>
      </trkpt>
      <trkpt lat="39.9727" lon="-8.22275">
        <ele>439.17</ele>
      </trkpt>
      <trkpt lat="39.97367" lon="-8.22313">
        <ele>444.55</ele>
      </trkpt>
      <trkpt lat="39.97384" lon="-8.22318">
        <ele>446.58</ele>
      </trkpt>
      <trkpt lat="39.97402" lon="-8.22321">
        <ele>449.84</ele>
      </trkpt>
      <trkpt lat="39.97418" lon="-8.2232">
        <ele>453.6</ele>
      </trkpt>
      <trkpt lat="39.97436" lon="-8.22315">
        <ele>462.94</ele>
      </trkpt>
      <trkpt lat="39.97447" lon="-8.2231">
        <ele>467.45</ele>
      </trkpt>
      <trkpt lat="39.97459" lon="-8.22302">
        <ele>469.69</ele>
      </trkpt>
      <trkpt lat="39.97496" lon="-8.2227">
        <ele>471.49</ele>
      </trkpt>
      <trkpt lat="39.97529" lon="-8.2224">
        <ele>469.4</ele>
      </trkpt>
      <trkpt lat="39.97545" lon="-8.22228">
        <ele>473.5</ele>
      </trkpt>
      <trkpt lat="39.97559" lon="-8.22221">
        <ele>475.28</ele>
      </trkpt>
      <trkpt lat="39.97575" lon="-8.22217">
        <ele>476.19</ele>
      </trkpt>
      <trkpt lat="39.97587" lon="-8.22215">
        <ele>475.95</ele>
      </trkpt>
      <trkpt lat="39.97626" lon="-8.22217">
        <ele>471.45</ele>
      </trkpt>
      <trkpt lat="39.97645" lon="-8.22217">
        <ele>468.09</ele>
      </trkpt>
      <trkpt lat="39.97663" lon="-8.22212">
        <ele>461.72</ele>
      </trkpt>
      <trkpt lat="39.97679" lon="-8.22204">
        <ele>460.74</ele>
      </trkpt>
      <trkpt lat="39.97705" lon="-8.22187">
        <ele>462.68</ele>
      </trkpt>
      <trkpt lat="39.9771" lon="-8.2219">
        <ele>463.0</ele>
      </trkpt>
      <trkpt lat="39.97715" lon="-8.22191">
        <ele>463.47</ele>
      </trkpt>
      <trkpt lat="39.97722" lon="-8.22188">
        <ele>464.44</ele>
      </trkpt>
      <trkpt lat="39.97731" lon="-8.22184">
        <ele>466.09</ele>
      </trkpt>
      <trkpt lat="39.9775" lon="-8.22172">
        <ele>469.0</ele>
      </trkpt>
      <trkpt lat="39.97731" lon="-8.22184">
        <ele>466.09</ele>
      </trkpt>
      <trkpt lat="39.97722" lon="-8.22188">
        <ele>464.44</ele>
      </trkpt>
      <trkpt lat="39.97715" lon="-8.22191">
        <ele>463.47</ele>
      </trkpt>
      <trkpt lat="39.9771" lon="-8.2219">
        <ele>463.0</ele>
      </trkpt>
      <trkpt lat="39.97705" lon="-8.22187">
        <ele>462.68</ele>
      </trkpt>
      <trkpt lat="39.9788" lon="-8.22058">
        <ele>449.36</ele>
      </trkpt>
      <trkpt lat="39.97921" lon="-8.22026">
        <ele>442.94</ele>
      </trkpt>
      <trkpt lat="39.97943" lon="-8.22004">
        <ele>445.34</ele>
      </trkpt>
      <trkpt lat="39.97971" lon="-8.21975">
        <ele>453.04</ele>
      </trkpt>
      <trkpt lat="39.97997" lon="-8.21944">
        <ele>460.64</ele>
      </trkpt>
      <trkpt lat="39.98011" lon="-8.21923">
        <ele>465.08</ele>
      </trkpt>
      <trkpt lat="39.98021" lon="-8.21888">
        <ele>474.37</ele>
      </trkpt>
      <trkpt lat="39.98025" lon="-8.21866">
        <ele>477.75</ele>
      </trkpt>
      <trkpt lat="39.98026" lon="-8.21855">
        <ele>478.77</ele>
      </trkpt>
      <trkpt lat="39.98022" lon="-8.21844">
        <ele>477.73</ele>
      </trkpt>
      <trkpt lat="39.98019" lon="-8.21836">
        <ele>476.58</ele>
      </trkpt>
      <trkpt lat="39.98018" lon="-8.21828">
        <ele>475.54</ele>
      </trkpt>
      <trkpt lat="39.98019" lon="-8.21819">
        <ele>475.0</ele>
      </trkpt>
      <trkpt lat="39.98023" lon="-8.21811">
        <ele>476.09</ele>
      </trkpt>
      <trkpt lat="39.98028" lon="-8.21806">
        <ele>478.06</ele>
      </trkpt>
      <trkpt lat="39.9803" lon="-8.21799">
        <ele>477.43</ele>
      </trkpt>
      <trkpt lat="39.98032" lon="-8.21791">
        <ele>476.75</ele>
      </trkpt>
      <trkpt lat="39.9804" lon="-8.21711">
        <ele>477.49</ele>
      </trkpt>
      <trkpt lat="39.98043" lon="-8.2169">
        <ele>478.94</ele>
      </trkpt>
      <trkpt lat="39.9805" lon="-8.21663">
        <ele>477.31</ele>
      </trkpt>
      <trkpt lat="39.98056" lon="-8.21649">
        <ele>474.71</ele>
      </trkpt>
      <trkpt lat="39.9806" lon="-8.21639">
        <ele>472.0</ele>
      </trkpt>
      <trkpt lat="39.98073" lon="-8.21621">
        <ele>469.05</ele>
      </trkpt>
      <trkpt lat="39.98087" lon="-8.21604">
        <ele>466.13</ele>
      </trkpt>
      <trkpt lat="39.98102" lon="-8.2159">
        <ele>467.17</ele>
      </trkpt>
      <trkpt lat="39.9813" lon="-8.21571">
        <ele>475.39</ele>
      </trkpt>
      <trkpt lat="39.98229" lon="-8.21507">
        <ele>466.06</ele>
      </trkpt>
      <trkpt lat="39.98421" lon="-8.21382">
        <ele>477.09</ele>
      </trkpt>
      <trkpt lat="39.98455" lon="-8.21357">
        <ele>477.67</ele>
      </trkpt>
      <trkpt lat="39.98475" lon="-8.21341">
        <ele>477.1</ele>
      </trkpt>
      <trkpt lat="39.98486" lon="-8.21331">
        <ele>475.88</ele>
      </trkpt>
      <trkpt lat="39.98506" lon="-8.2131">
        <ele>474.45</ele>
      </trkpt>
      <trkpt lat="39.98525" lon="-8.21287">
        <ele>472.29</ele>
      </trkpt>
      <trkpt lat="39.98551" lon="-8.2125">
        <ele>473.18</ele>
      </trkpt>
      <trkpt lat="39.98585" lon="-8.21193">
        <ele>477.42</ele>
      </trkpt>
      <trkpt lat="39.98621" lon="-8.21119">
        <ele>482.05</ele>
      </trkpt>
      <trkpt lat="39.98645" lon="-8.21075">
        <ele>485.13</ele>
      </trkpt>
      <trkpt lat="39.98668" lon="-8.21038">
        <ele>479.24</ele>
      </trkpt>
      <trkpt lat="39.98689" lon="-8.2101">
        <ele>471.1</ele>
      </trkpt>
      <trkpt lat="39.9871" lon="-8.20988">
        <ele>469.74</ele>
      </trkpt>
      <trkpt lat="39.98728" lon="-8.2097">
        <ele>468.88</ele>
      </trkpt>
      <trkpt lat="39.98869" lon="-8.20831">
        <ele>446.93</ele>
      </trkpt>
      <trkpt lat="39.98939" lon="-8.20763">
        <ele>454.17</ele>
      </trkpt>
      <trkpt lat="39.98948" lon="-8.20756">
        <ele>454.8</ele>
      </trkpt>
      <trkpt lat="39.98966" lon="-8.20742">
        <ele>457.19</ele>
      </trkpt>
      <trkpt lat="39.98987" lon="-8.2073">
        <ele>456.55</ele>
      </trkpt>
      <trkpt lat="39.99009" lon="-8.2072">
        <ele>454.49</ele>
      </trkpt>
      <trkpt lat="39.99032" lon="-8.20713">
        <ele>450.75</ele>
      </trkpt>
      <trkpt lat="39.99046" lon="-8.20711">
        <ele>449.95</ele>
      </trkpt>
      <trkpt lat="39.99068" lon="-8.20709">
        <ele>449.03</ele>
      </trkpt>
      <trkpt lat="39.99089" lon="-8.2071">
        <ele>450.21</ele>
      </trkpt>
      <trkpt lat="39.99113" lon="-8.20715">
        <ele>457.55</ele>
      </trkpt>
      <trkpt lat="39.99136" lon="-8.20723">
        <ele>457.9</ele>
      </trkpt>
      <trkpt lat="39.99159" lon="-8.20734">
        <ele>460.24</ele>
      </trkpt>
      <trkpt lat="39.99188" lon="-8.20754">
        <ele>468.28</ele>
      </trkpt>
      <trkpt lat="39.99204" lon="-8.20767">
        <ele>474.03</ele>
      </trkpt>
      <trkpt lat="39.99221" lon="-8.20786">
        <ele>479.07</ele>
      </trkpt>
      <trkpt lat="39.99232" lon="-8.208">
        <ele>478.46</ele>
      </trkpt>
      <trkpt lat="39.99247" lon="-8.20822">
        <ele>475.58</ele>
      </trkpt>
      <trkpt lat="39.99259" lon="-8.20844">
        <ele>473.46</ele>
      </trkpt>
      <trkpt lat="39.9929" lon="-8.20915">
        <ele>475.73</ele>
      </trkpt>
      <trkpt lat="39.99303" lon="-8.20941">
        <ele>475.43</ele>
      </trkpt>
      <trkpt lat="39.99317" lon="-8.20967">
        <ele>472.25</ele>
      </trkpt>
      <trkpt lat="39.99324" lon="-8.20977">
        <ele>467.78</ele>
      </trkpt>
      <trkpt lat="39.99338" lon="-8.20994">
        <ele>458.74</ele>
      </trkpt>
      <trkpt lat="39.99355" lon="-8.21011">
        <ele>451.03</ele>
      </trkpt>
      <trkpt lat="39.99365" lon="-8.21019">
        <ele>446.93</ele>
      </trkpt>
      <trkpt lat="39.99386" lon="-8.21033">
        <ele>441.39</ele>
      </trkpt>
      <trkpt lat="39.99396" lon="-8.21038">
        <ele>439.85</ele>
      </trkpt>
      <trkpt lat="39.99414" lon="-8.21045">
        <ele>438.51</ele>
      </trkpt>
      <trkpt lat="39.99433" lon="-8.2105">
        <ele>441.96</ele>
      </trkpt>
      <trkpt lat="39.99451" lon="-8.21052">
        <ele>445.83</ele>
      </trkpt>
      <trkpt lat="39.99463" lon="-8.21053">
        <ele>447.97</ele>
      </trkpt>
      <trkpt lat="39.99471" lon="-8.21049">
        <ele>448.63</ele>
      </trkpt>
      <trkpt lat="39.99493" lon="-8.21044">
        <ele>447.67</ele>
      </trkpt>
      <trkpt lat="39.99508" lon="-8.21033">
        <ele>448.65</ele>
      </trkpt>
      <trkpt lat="39.99514" lon="-8.21024">
        <ele>449.68</ele>
      </trkpt>
      <trkpt lat="39.9952" lon="-8.21019">
        <ele>450.32</ele>
      </trkpt>
      <trkpt lat="39.99527" lon="-8.21016">
        <ele>451.17</ele>
      </trkpt>
      <trkpt lat="39.99534" lon="-8.21016">
        <ele>451.85</ele>
      </trkpt>
      <trkpt lat="39.99541" lon="-8.21018">
        <ele>452.71</ele>
      </trkpt>
      <trkpt lat="39.99548" lon="-8.21023">
        <ele>453.89</ele>
      </trkpt>
      <trkpt lat="39.99552" lon="-8.21028">
        <ele>454.71</ele>
      </trkpt>
      <trkpt lat="39.99555" lon="-8.21034">
        <ele>454.06</ele>
      </trkpt>
      <trkpt lat="39.99557" lon="-8.21041">
        <ele>453.14</ele>
      </trkpt>
      <trkpt lat="39.99562" lon="-8.21044">
        <ele>453.01</ele>
      </trkpt>
      <trkpt lat="39.99572" lon="-8.21047">
        <ele>453.51</ele>
      </trkpt>
      <trkpt lat="39.99842" lon="-8.21064">
        <ele>466.75</ele>
      </trkpt>
      <trkpt lat="39.99863" lon="-8.21061">
        <ele>467.93</ele>
      </trkpt>
      <trkpt lat="39.99866" lon="-8.21055">
        <ele>467.9</ele>
      </trkpt>
      <trkpt lat="39.99871" lon="-8.2105">
        <ele>468.91</ele>
      </trkpt>
      <trkpt lat="39.99876" lon="-8.21047">
        <ele>469.82</ele>
      </trkpt>
      <trkpt lat="39.99884" lon="-8.21038">
        <ele>471.23</ele>
      </trkpt>
      <trkpt lat="39.99889" lon="-8.21031">
        <ele>472.0</ele>
      </trkpt>
      <trkpt lat="39.999" lon="-8.2101">
        <ele>471.74</ele>
      </trkpt>
      <trkpt lat="39.99907" lon="-8.20988">
        <ele>472.03</ele>
      </trkpt>
      <trkpt lat="39.99917" lon="-8.20964">
        <ele>472.13</ele>
      </trkpt>
      <trkpt lat="39.99923" lon="-8.20952">
        <ele>471.21</ele>
      </trkpt>
      <trkpt lat="39.9993" lon="-8.20942">
        <ele>470.56</ele>
      </trkpt>
      <trkpt lat="39.99938" lon="-8.20932">
        <ele>469.64</ele>
      </trkpt>
      <trkpt lat="39.99955" lon="-8.20916">
        <ele>469.41</ele>
      </trkpt>
      <trkpt lat="40.00011" lon="-8.20879">
        <ele>467.34</ele>
      </trkpt>
      <trkpt lat="40.00023" lon="-8.20872">
        <ele>466.17</ele>
      </trkpt>
      <trkpt lat="40.00023" lon="-8.20872">
        <ele>466.17</ele>
      </trkpt>
      <trkpt lat="40.00032" lon="-8.20867">
        <ele>465.7</ele>
      </trkpt>
      <trkpt lat="40.00038" lon="-8.20866">
        <ele>465.26</ele>
      </trkpt>
      <trkpt lat="40.00049" lon="-8.20866">
        <ele>464.47</ele>
      </trkpt>
      <trkpt lat="40.00133" lon="-8.20883">
        <ele>467.74</ele>
      </trkpt>
      <trkpt lat="40.00141" lon="-8.20881">
        <ele>468.52</ele>
      </trkpt>
      <trkpt lat="40.00148" lon="-8.20881">
        <ele>468.38</ele>
      </trkpt>
      <trkpt lat="40.00154" lon="-8.20883">
        <ele>468.19</ele>
      </trkpt>
      <trkpt lat="40.00158" lon="-8.20886">
        <ele>468.06</ele>
      </trkpt>
      <trkpt lat="40.00159" lon="-8.20896">
        <ele>467.93</ele>
      </trkpt>
      <trkpt lat="40.00165" lon="-8.2091">
        <ele>467.95</ele>
      </trkpt>
      <trkpt lat="40.00172" lon="-8.20919">
        <ele>467.4</ele>
      </trkpt>
      <trkpt lat="40.00178" lon="-8.20923">
        <ele>466.82</ele>
      </trkpt>
      <trkpt lat="40.00338" lon="-8.20961">
        <ele>451.76</ele>
      </trkpt>
      <trkpt lat="40.00348" lon="-8.2096">
        <ele>452.94</ele>
      </trkpt>
      <trkpt lat="40.00363" lon="-8.20965">
        <ele>454.83</ele>
      </trkpt>
      <trkpt lat="40.00366" lon="-8.20964">
        <ele>454.93</ele>
      </trkpt>
      <trkpt lat="40.00369" lon="-8.20965">
        <ele>455.1</ele>
      </trkpt>
      <trkpt lat="40.00371" lon="-8.20967">
        <ele>455.23</ele>
      </trkpt>
      <trkpt lat="40.00373" lon="-8.2097">
        <ele>455.38</ele>
      </trkpt>
      <trkpt lat="40.00375" lon="-8.20974">
        <ele>455.44</ele>
      </trkpt>
      <trkpt lat="40.00388" lon="-8.20973">
        <ele>455.94</ele>
      </trkpt>
      <trkpt lat="40.006" lon="-8.21015">
        <ele>466.98</ele>
      </trkpt>
      <trkpt lat="40.00612" lon="-8.21015">
        <ele>468.05</ele>
      </trkpt>
      <trkpt lat="40.00617" lon="-8.21014">
        <ele>468.32</ele>
      </trkpt>
      <trkpt lat="40.0063" lon="-8.21007">
        <ele>469.19</ele>
      </trkpt>
      <trkpt lat="40.00641" lon="-8.20988">
        <ele>471.23</ele>
      </trkpt>
      <trkpt lat="40.0064" lon="-8.20987">
        <ele>471.37</ele>
      </trkpt>
      <trkpt lat="40.00641" lon="-8.20988">
        <ele>471.23</ele>
      </trkpt>
      <trkpt lat="40.00647" lon="-8.20965">
        <ele>471.97</ele>
      </trkpt>
      <trkpt lat="40.00655" lon="-8.20929">
        <ele>469.16</ele>
      </trkpt>
      <trkpt lat="40.0066" lon="-8.20916">
        <ele>468.53</ele>
      </trkpt>
      <trkpt lat="40.00664" lon="-8.20913">
        <ele>468.82</ele>
      </trkpt>
      <trkpt lat="40.00665" lon="-8.2091">
        <ele>468.89</ele>
      </trkpt>
      <trkpt lat="40.00668" lon="-8.20904">
        <ele>469.1</ele>
      </trkpt>
      <trkpt lat="40.00666" lon="-8.20884">
        <ele>468.28</ele>
      </trkpt>
      <trkpt lat="40.00571" lon="-8.20595">
        <ele>447.97</ele>
      </trkpt>
      <trkpt lat="40.00558" lon="-8.20578">
        <ele>445.39</ele>
      </trkpt>
      <trkpt lat="40.00553" lon="-8.20577">
        <ele>444.5</ele>
      </trkpt>
      <trkpt lat="40.00548" lon="-8.20574">
        <ele>444.46</ele>
      </trkpt>
      <trkpt lat="40.00545" lon="-8.2057">
        <ele>444.68</ele>
      </trkpt>
      <trkpt lat="40.0054" lon="-8.2057">
        <ele>444.32</ele>
      </trkpt>
      <trkpt lat="40.00519" lon="-8.20569">
        <ele>444.82</ele>
      </trkpt>
      <trkpt lat="40.00506" lon="-8.20574">
        <ele>445.89</ele>
      </trkpt>
      <trkpt lat="40.00486" lon="-8.20585">
        <ele>447.87</ele>
      </trkpt>
      <trkpt lat="40.00477" lon="-8.20592">
        <ele>449.09</ele>
      </trkpt>
      <trkpt lat="40.0046" lon="-8.20608">
        <ele>450.59</ele>
      </trkpt>
      <trkpt lat="40.00446" lon="-8.20628">
        <ele>449.71</ele>
      </trkpt>
      <trkpt lat="40.00413" lon="-8.20686">
        <ele>448.43</ele>
      </trkpt>
      <trkpt lat="40.00403" lon="-8.20699">
        <ele>448.31</ele>
      </trkpt>
      <trkpt lat="40.00397" lon="-8.20705">
        <ele>448.59</ele>
      </trkpt>
      <trkpt lat="40.00384" lon="-8.20714">
        <ele>448.01</ele>
      </trkpt>
      <trkpt lat="40.00377" lon="-8.20717">
        <ele>447.01</ele>
      </trkpt>
      <trkpt lat="40.00361" lon="-8.2072">
        <ele>445.07</ele>
      </trkpt>
      <trkpt lat="40.00351" lon="-8.20721">
        <ele>443.68</ele>
      </trkpt>
      <trkpt lat="40.00333" lon="-8.20717">
        <ele>442.33</ele>
      </trkpt>
      <trkpt lat="40.00323" lon="-8.20713">
        <ele>443.57</ele>
      </trkpt>
      <trkpt lat="40.00314" lon="-8.20707">
        <ele>444.7</ele>
      </trkpt>
      <trkpt lat="40.00305" lon="-8.20699">
        <ele>445.49</ele>
      </trkpt>
      <trkpt lat="40.00289" lon="-8.20684">
        <ele>446.08</ele>
      </trkpt>
      <trkpt lat="40.00301" lon="-8.20673">
        <ele>447.9</ele>
      </trkpt>
      <trkpt lat="40.00317" lon="-8.20651">
        <ele>451.11</ele>
      </trkpt>
      <trkpt lat="40.00323" lon="-8.20641">
        <ele>453.7</ele>
      </trkpt>
      <trkpt lat="40.00329" lon="-8.20626">
        <ele>456.39</ele>
      </trkpt>
      <trkpt lat="40.00331" lon="-8.20613">
        <ele>458.14</ele>
      </trkpt>
      <trkpt lat="40.00332" lon="-8.20594">
        <ele>458.65</ele>
      </trkpt>
      <trkpt lat="40.00331" lon="-8.20572">
        <ele>457.6</ele>
      </trkpt>
      <trkpt lat="40.0033" lon="-8.20537">
        <ele>456.08</ele>
      </trkpt>
      <trkpt lat="40.00329" lon="-8.20522">
        <ele>455.78</ele>
      </trkpt>
      <trkpt lat="40.00324" lon="-8.20499">
        <ele>454.68</ele>
      </trkpt>
      <trkpt lat="40.00304" lon="-8.20437">
        <ele>449.72</ele>
      </trkpt>
      <trkpt lat="40.00303" lon="-8.20426">
        <ele>449.54</ele>
      </trkpt>
      <trkpt lat="40.00305" lon="-8.20413">
        <ele>450.43</ele>
      </trkpt>
      <trkpt lat="40.00309" lon="-8.20403">
        <ele>453.08</ele>
      </trkpt>
      <trkpt lat="40.00311" lon="-8.20398">
        <ele>454.45</ele>
      </trkpt>
      <trkpt lat="40.00326" lon="-8.20378">
        <ele>462.11</ele>
      </trkpt>
      <trkpt lat="40.00339" lon="-8.20363">
        <ele>467.1</ele>
      </trkpt>
      <trkpt lat="40.00369" lon="-8.20338">
        <ele>474.56</ele>
      </trkpt>
      <trkpt lat="40.00375" lon="-8.20329">
        <ele>475.03</ele>
      </trkpt>
      <trkpt lat="40.0038" lon="-8.20317">
        <ele>474.49</ele>
      </trkpt>
      <trkpt lat="40.00382" lon="-8.20308">
        <ele>473.98</ele>
      </trkpt>
      <trkpt lat="40.00381" lon="-8.20303">
        <ele>473.11</ele>
      </trkpt>
      <trkpt lat="40.0038" lon="-8.20299">
        <ele>472.21</ele>
      </trkpt>
      <trkpt lat="40.00374" lon="-8.20286">
        <ele>469.23</ele>
      </trkpt>
      <trkpt lat="40.00369" lon="-8.20279">
        <ele>467.74</ele>
      </trkpt>
      <trkpt lat="40.00362" lon="-8.20274">
        <ele>467.35</ele>
      </trkpt>
      <trkpt lat="40.00302" lon="-8.20239">
        <ele>474.03</ele>
      </trkpt>
      <trkpt lat="40.00291" lon="-8.20231">
        <ele>475.78</ele>
      </trkpt>
      <trkpt lat="40.00285" lon="-8.20223">
        <ele>477.58</ele>
      </trkpt>
      <trkpt lat="40.00282" lon="-8.20214">
        <ele>477.73</ele>
      </trkpt>
      <trkpt lat="40.00277" lon="-8.20193">
        <ele>477.17</ele>
      </trkpt>
      <trkpt lat="40.00275" lon="-8.20175">
        <ele>479.85</ele>
      </trkpt>
      <trkpt lat="40.00276" lon="-8.20164">
        <ele>481.23</ele>
      </trkpt>
      <trkpt lat="40.00281" lon="-8.20152">
        <ele>480.84</ele>
      </trkpt>
      <trkpt lat="40.00288" lon="-8.20139">
        <ele>481.21</ele>
      </trkpt>
      <trkpt lat="40.00308" lon="-8.20109">
        <ele>484.89</ele>
      </trkpt>
      <trkpt lat="40.00312" lon="-8.20105">
        <ele>484.74</ele>
      </trkpt>
      <trkpt lat="40.00319" lon="-8.201">
        <ele>484.95</ele>
      </trkpt>
      <trkpt lat="40.00327" lon="-8.20098">
        <ele>485.75</ele>
      </trkpt>
      <trkpt lat="40.00352" lon="-8.20097">
        <ele>491.53</ele>
      </trkpt>
      <trkpt lat="40.00359" lon="-8.20094">
        <ele>493.21</ele>
      </trkpt>
      <trkpt lat="40.00365" lon="-8.2009">
        <ele>493.23</ele>
      </trkpt>
      <trkpt lat="40.0037" lon="-8.20084">
        <ele>492.42</ele>
      </trkpt>
      <trkpt lat="40.00374" lon="-8.20078">
        <ele>491.43</ele>
      </trkpt>
      <trkpt lat="40.00383" lon="-8.20056">
        <ele>491.31</ele>
      </trkpt>
      <trkpt lat="40.00388" lon="-8.20049">
        <ele>492.32</ele>
      </trkpt>
      <trkpt lat="40.00432" lon="-8.20006">
        <ele>496.35</ele>
      </trkpt>
      <trkpt lat="40.00439" lon="-8.19997">
        <ele>496.04</ele>
      </trkpt>
      <trkpt lat="40.0045" lon="-8.19979">
        <ele>495.18</ele>
      </trkpt>
      <trkpt lat="40.0046" lon="-8.19956">
        <ele>495.12</ele>
      </trkpt>
      <trkpt lat="40.00465" lon="-8.19937">
        <ele>494.31</ele>
      </trkpt>
      <trkpt lat="40.00466" lon="-8.19928">
        <ele>493.53</ele>
      </trkpt>
      <trkpt lat="40.00465" lon="-8.19918">
        <ele>492.64</ele>
      </trkpt>
      <trkpt lat="40.00462" lon="-8.19912">
        <ele>493.6</ele>
      </trkpt>
      <trkpt lat="40.00459" lon="-8.19905">
        <ele>494.89</ele>
      </trkpt>
      <trkpt lat="40.00454" lon="-8.199">
        <ele>495.54</ele>
      </trkpt>
      <trkpt lat="40.00445" lon="-8.19896">
        <ele>495.52</ele>
      </trkpt>
      <trkpt lat="40.00439" lon="-8.19895">
        <ele>496.02</ele>
      </trkpt>
      <trkpt lat="40.00436" lon="-8.19896">
        <ele>496.17</ele>
      </trkpt>
      <trkpt lat="40.00428" lon="-8.199">
        <ele>496.27</ele>
      </trkpt>
      <trkpt lat="40.0042" lon="-8.19909">
        <ele>495.28</ele>
      </trkpt>
      <trkpt lat="40.00408" lon="-8.19929">
        <ele>493.19</ele>
      </trkpt>
      <trkpt lat="40.00401" lon="-8.19935">
        <ele>492.6</ele>
      </trkpt>
      <trkpt lat="40.00393" lon="-8.19938">
        <ele>492.29</ele>
      </trkpt>
      <trkpt lat="40.00387" lon="-8.19938">
        <ele>492.24</ele>
      </trkpt>
      <trkpt lat="40.00369" lon="-8.19936">
        <ele>491.17</ele>
      </trkpt>
      <trkpt lat="40.00337" lon="-8.19929">
        <ele>489.56</ele>
      </trkpt>
      <trkpt lat="40.00326" lon="-8.19924">
        <ele>489.68</ele>
      </trkpt>
      <trkpt lat="40.00321" lon="-8.1992">
        <ele>490.08</ele>
      </trkpt>
      <trkpt lat="40.00304" lon="-8.19907">
        <ele>490.64</ele>
      </trkpt>
      <trkpt lat="40.00298" lon="-8.19898">
        <ele>491.07</ele>
      </trkpt>
      <trkpt lat="40.00292" lon="-8.19887">
        <ele>491.61</ele>
      </trkpt>
      <trkpt lat="40.00291" lon="-8.19872">
        <ele>492.37</ele>
      </trkpt>
      <trkpt lat="40.00291" lon="-8.19865">
        <ele>492.75</ele>
      </trkpt>
      <trkpt lat="40.00296" lon="-8.19852">
        <ele>494.51</ele>
      </trkpt>
      <trkpt lat="40.0034" lon="-8.19756">
        <ele>506.88</ele>
      </trkpt>
      <trkpt lat="40.00342" lon="-8.19745">
        <ele>507.05</ele>
      </trkpt>
      <trkpt lat="40.00341" lon="-8.19732">
        <ele>507.19</ele>
      </trkpt>
      <trkpt lat="40.00339" lon="-8.19721">
        <ele>507.2</ele>
      </trkpt>
      <trkpt lat="40.00337" lon="-8.19717">
        <ele>507.44</ele>
      </trkpt>
      <trkpt lat="40.00331" lon="-8.1971">
        <ele>507.79</ele>
      </trkpt>
      <trkpt lat="40.00322" lon="-8.19705">
        <ele>508.83</ele>
      </trkpt>
      <trkpt lat="40.00311" lon="-8.19702">
        <ele>509.86</ele>
      </trkpt>
      <trkpt lat="40.00301" lon="-8.19701">
        <ele>510.18</ele>
      </trkpt>
      <trkpt lat="40.00216" lon="-8.19717">
        <ele>509.86</ele>
      </trkpt>
      <trkpt lat="40.00199" lon="-8.19717">
        <ele>509.48</ele>
      </trkpt>
      <trkpt lat="40.00189" lon="-8.19714">
        <ele>509.0</ele>
      </trkpt>
      <trkpt lat="40.00184" lon="-8.19711">
        <ele>508.68</ele>
      </trkpt>
      <trkpt lat="40.00174" lon="-8.19702">
        <ele>508.25</ele>
      </trkpt>
      <trkpt lat="40.00166" lon="-8.19692">
        <ele>508.28</ele>
      </trkpt>
      <trkpt lat="40.00162" lon="-8.19687">
        <ele>508.52</ele>
      </trkpt>
      <trkpt lat="40.00156" lon="-8.19671">
        <ele>509.9</ele>
      </trkpt>
      <trkpt lat="40.00146" lon="-8.19641">
        <ele>519.42</ele>
      </trkpt>
      <trkpt lat="40.00142" lon="-8.19621">
        <ele>521.56</ele>
      </trkpt>
      <trkpt lat="40.00142" lon="-8.19614">
        <ele>522.35</ele>
      </trkpt>
      <trkpt lat="40.00144" lon="-8.19601">
        <ele>524.52</ele>
      </trkpt>
      <trkpt lat="40.00149" lon="-8.19591">
        <ele>526.22</ele>
      </trkpt>
      <trkpt lat="40.00153" lon="-8.19586">
        <ele>526.81</ele>
      </trkpt>
      <trkpt lat="40.00162" lon="-8.19579">
        <ele>526.95</ele>
      </trkpt>
      <trkpt lat="40.00191" lon="-8.19569">
        <ele>525.34</ele>
      </trkpt>
      <trkpt lat="40.00198" lon="-8.19564">
        <ele>525.61</ele>
      </trkpt>
      <trkpt lat="40.00205" lon="-8.19557">
        <ele>526.64</ele>
      </trkpt>
      <trkpt lat="40.00209" lon="-8.19545">
        <ele>527.83</ele>
      </trkpt>
      <trkpt lat="40.00211" lon="-8.19539">
        <ele>528.5</ele>
      </trkpt>
      <trkpt lat="40.00212" lon="-8.19524">
        <ele>530.02</ele>
      </trkpt>
      <trkpt lat="40.00208" lon="-8.19497">
        <ele>532.65</ele>
      </trkpt>
      <trkpt lat="40.00208" lon="-8.19485">
        <ele>533.51</ele>
      </trkpt>
      <trkpt lat="40.00211" lon="-8.19464">
        <ele>535.76</ele>
      </trkpt>
      <trkpt lat="40.00216" lon="-8.19452">
        <ele>537.89</ele>
      </trkpt>
      <trkpt lat="40.00219" lon="-8.19448">
        <ele>538.93</ele>
      </trkpt>
      <trkpt lat="40.00229" lon="-8.19434">
        <ele>543.13</ele>
      </trkpt>
      <trkpt lat="40.00278" lon="-8.1939">
        <ele>552.05</ele>
      </trkpt>
      <trkpt lat="40.00283" lon="-8.19381">
        <ele>554.19</ele>
      </trkpt>
      <trkpt lat="40.00286" lon="-8.19376">
        <ele>554.91</ele>
      </trkpt>
      <trkpt lat="40.0029" lon="-8.19365">
        <ele>555.26</ele>
      </trkpt>
      <trkpt lat="40.0029" lon="-8.19358">
        <ele>554.74</ele>
      </trkpt>
      <trkpt lat="40.0029" lon="-8.19352">
        <ele>553.54</ele>
      </trkpt>
      <trkpt lat="40.00286" lon="-8.19341">
        <ele>552.09</ele>
      </trkpt>
      <trkpt lat="40.00281" lon="-8.19332">
        <ele>551.4</ele>
      </trkpt>
      <trkpt lat="40.00265" lon="-8.19316">
        <ele>547.13</ele>
      </trkpt>
      <trkpt lat="40.00258" lon="-8.19306">
        <ele>545.7</ele>
      </trkpt>
      <trkpt lat="40.00256" lon="-8.193">
        <ele>545.78</ele>
      </trkpt>
      <trkpt lat="40.00254" lon="-8.19294">
        <ele>545.82</ele>
      </trkpt>
      <trkpt lat="40.00254" lon="-8.19286">
        <ele>546.47</ele>
      </trkpt>
      <trkpt lat="40.00254" lon="-8.19279">
        <ele>547.05</ele>
      </trkpt>
      <trkpt lat="40.00258" lon="-8.19267">
        <ele>547.13</ele>
      </trkpt>
      <trkpt lat="40.00265" lon="-8.19258">
        <ele>546.92</ele>
      </trkpt>
      <trkpt lat="40.00271" lon="-8.19254">
        <ele>546.66</ele>
      </trkpt>
      <trkpt lat="40.00283" lon="-8.19248">
        <ele>546.17</ele>
      </trkpt>
      <trkpt lat="40.00386" lon="-8.19208">
        <ele>547.47</ele>
      </trkpt>
      <trkpt lat="40.00396" lon="-8.19206">
        <ele>547.97</ele>
      </trkpt>
      <trkpt lat="40.00401" lon="-8.19207">
        <ele>548.62</ele>
      </trkpt>
      <trkpt lat="40.00419" lon="-8.19211">
        <ele>551.23</ele>
      </trkpt>
      <trkpt lat="40.00424" lon="-8.19211">
        <ele>551.77</ele>
      </trkpt>
      <trkpt lat="40.00432" lon="-8.19209">
        <ele>552.28</ele>
      </trkpt>
      <trkpt lat="40.00439" lon="-8.19203">
        <ele>551.95</ele>
      </trkpt>
      <trkpt lat="40.00441" lon="-8.192">
        <ele>551.63</ele>
      </trkpt>
      <trkpt lat="40.00482" lon="-8.19133">
        <ele>554.46</ele>
      </trkpt>
      <trkpt lat="40.00511" lon="-8.19095">
        <ele>556.8</ele>
      </trkpt>
      <trkpt lat="40.0052" lon="-8.19086">
        <ele>556.7</ele>
      </trkpt>
      <trkpt lat="40.0053" lon="-8.19079">
        <ele>557.6</ele>
      </trkpt>
      <trkpt lat="40.00536" lon="-8.19076">
        <ele>559.71</ele>
      </trkpt>
      <trkpt lat="40.00551" lon="-8.19072">
        <ele>564.85</ele>
      </trkpt>
      <trkpt lat="40.00555" lon="-8.1907">
        <ele>565.92</ele>
      </trkpt>
      <trkpt lat="40.0056" lon="-8.19067">
        <ele>567.68</ele>
      </trkpt>
      <trkpt lat="40.00563" lon="-8.19064">
        <ele>568.47</ele>
      </trkpt>
      <trkpt lat="40.00568" lon="-8.19055">
        <ele>568.79</ele>
      </trkpt>
      <trkpt lat="40.0057" lon="-8.1905">
        <ele>569.34</ele>
      </trkpt>
      <trkpt lat="40.00571" lon="-8.19043">
        <ele>569.22</ele>
      </trkpt>
      <trkpt lat="40.00571" lon="-8.19001">
        <ele>569.18</ele>
      </trkpt>
      <trkpt lat="40.00573" lon="-8.1899">
        <ele>569.51</ele>
      </trkpt>
      <trkpt lat="40.00574" lon="-8.18985">
        <ele>569.66</ele>
      </trkpt>
      <trkpt lat="40.0058" lon="-8.18975">
        <ele>570.52</ele>
      </trkpt>
      <trkpt lat="40.00604" lon="-8.1894">
        <ele>567.77</ele>
      </trkpt>
      <trkpt lat="40.00612" lon="-8.18933">
        <ele>566.93</ele>
      </trkpt>
      <trkpt lat="40.00621" lon="-8.18927">
        <ele>565.64</ele>
      </trkpt>
      <trkpt lat="40.0063" lon="-8.18925">
        <ele>565.02</ele>
      </trkpt>
      <trkpt lat="40.00636" lon="-8.18926">
        <ele>565.09</ele>
      </trkpt>
      <trkpt lat="40.00677" lon="-8.18941">
        <ele>570.42</ele>
      </trkpt>
      <trkpt lat="40.00682" lon="-8.18941">
        <ele>573.1</ele>
      </trkpt>
      <trkpt lat="40.00688" lon="-8.18941">
        <ele>576.31</ele>
      </trkpt>
      <trkpt lat="40.00693" lon="-8.18939">
        <ele>577.73</ele>
      </trkpt>
      <trkpt lat="40.00702" lon="-8.18933">
        <ele>576.52</ele>
      </trkpt>
      <trkpt lat="40.00705" lon="-8.18928">
        <ele>574.73</ele>
      </trkpt>
      <trkpt lat="40.00707" lon="-8.18922">
        <ele>572.46</ele>
      </trkpt>
      <trkpt lat="40.0071" lon="-8.18908">
        <ele>570.38</ele>
      </trkpt>
      <trkpt lat="40.00709" lon="-8.18889">
        <ele>567.87</ele>
      </trkpt>
      <trkpt lat="40.0071" lon="-8.18876">
        <ele>567.1</ele>
      </trkpt>
      <trkpt lat="40.00713" lon="-8.18865">
        <ele>567.15</ele>
      </trkpt>
      <trkpt lat="40.00716" lon="-8.18859">
        <ele>567.51</ele>
      </trkpt>
      <trkpt lat="40.0072" lon="-8.18854">
        <ele>568.24</ele>
      </trkpt>
      <trkpt lat="40.00724" lon="-8.1885">
        <ele>568.94</ele>
      </trkpt>
      <trkpt lat="40.0073" lon="-8.18846">
        <ele>570.01</ele>
      </trkpt>
      <trkpt lat="40.00741" lon="-8.18842">
        <ele>572.15</ele>
      </trkpt>
      <trkpt lat="40.00792" lon="-8.18832">
        <ele>578.96</ele>
      </trkpt>
      <trkpt lat="40.00801" lon="-8.18834">
        <ele>582.16</ele>
      </trkpt>
      <trkpt lat="40.00827" lon="-8.18844">
        <ele>593.72</ele>
      </trkpt>
      <trkpt lat="40.00836" lon="-8.18845">
        <ele>596.36</ele>
      </trkpt>
      <trkpt lat="40.0084" lon="-8.18844">
        <ele>596.12</ele>
      </trkpt>
      <trkpt lat="40.00848" lon="-8.1884">
        <ele>594.69</ele>
      </trkpt>
      <trkpt lat="40.00852" lon="-8.18836">
        <ele>593.06</ele>
      </trkpt>
      <trkpt lat="40.00916" lon="-8.1875">
        <ele>591.93</ele>
      </trkpt>
      <trkpt lat="40.00932" lon="-8.18732">
        <ele>592.78</ele>
      </trkpt>
      <trkpt lat="40.00939" lon="-8.18726">
        <ele>592.42</ele>
      </trkpt>
      <trkpt lat="40.00943" lon="-8.18724">
        <ele>592.41</ele>
      </trkpt>
      <trkpt lat="40.00956" lon="-8.18722">
        <ele>593.6</ele>
      </trkpt>
      <trkpt lat="40.00964" lon="-8.18718">
        <ele>593.72</ele>
      </trkpt>
      <trkpt lat="40.00972" lon="-8.18713">
        <ele>593.97</ele>
      </trkpt>
      <trkpt lat="40.00976" lon="-8.18708">
        <ele>593.61</ele>
      </trkpt>
      <trkpt lat="40.01033" lon="-8.18616">
        <ele>591.53</ele>
      </trkpt>
      <trkpt lat="40.0104" lon="-8.18603">
        <ele>591.86</ele>
      </trkpt>
      <trkpt lat="40.01042" lon="-8.18598">
        <ele>591.83</ele>
      </trkpt>
      <trkpt lat="40.01043" lon="-8.18592">
        <ele>591.65</ele>
      </trkpt>
      <trkpt lat="40.01043" lon="-8.18581">
        <ele>591.37</ele>
      </trkpt>
      <trkpt lat="40.01039" lon="-8.1857">
        <ele>591.48</ele>
      </trkpt>
      <trkpt lat="40.01033" lon="-8.18562">
        <ele>590.81</ele>
      </trkpt>
      <trkpt lat="40.01026" lon="-8.18556">
        <ele>589.98</ele>
      </trkpt>
      <trkpt lat="40.01017" lon="-8.18552">
        <ele>590.54</ele>
      </trkpt>
      <trkpt lat="40.01004" lon="-8.18552">
        <ele>590.42</ele>
      </trkpt>
      <trkpt lat="40.00999" lon="-8.18552">
        <ele>590.2</ele>
      </trkpt>
      <trkpt lat="40.00976" lon="-8.18561">
        <ele>584.98</ele>
      </trkpt>
      <trkpt lat="40.00965" lon="-8.1856">
        <ele>583.54</ele>
      </trkpt>
      <trkpt lat="40.00961" lon="-8.18559">
        <ele>583.24</ele>
      </trkpt>
      <trkpt lat="40.00953" lon="-8.18553">
        <ele>583.39</ele>
      </trkpt>
      <trkpt lat="40.00944" lon="-8.18544">
        <ele>584.42</ele>
      </trkpt>
      <trkpt lat="40.00934" lon="-8.18528">
        <ele>585.7</ele>
      </trkpt>
      <trkpt lat="40.0093" lon="-8.18523">
        <ele>586.0</ele>
      </trkpt>
      <trkpt lat="40.00923" lon="-8.18507">
        <ele>588.43</ele>
      </trkpt>
      <trkpt lat="40.00918" lon="-8.18491">
        <ele>591.17</ele>
      </trkpt>
      <trkpt lat="40.00904" lon="-8.18393">
        <ele>593.22</ele>
      </trkpt>
      <trkpt lat="40.00903" lon="-8.18369">
        <ele>594.84</ele>
      </trkpt>
      <trkpt lat="40.00905" lon="-8.18355">
        <ele>596.47</ele>
      </trkpt>
      <trkpt lat="40.00907" lon="-8.18348">
        <ele>597.51</ele>
      </trkpt>
      <trkpt lat="40.0094" lon="-8.18266">
        <ele>607.57</ele>
      </trkpt>
      <trkpt lat="40.00947" lon="-8.18255">
        <ele>608.47</ele>
      </trkpt>
      <trkpt lat="40.00984" lon="-8.18198">
        <ele>612.96</ele>
      </trkpt>
      <trkpt lat="40.00986" lon="-8.18192">
        <ele>612.82</ele>
      </trkpt>
      <trkpt lat="40.00988" lon="-8.18185">
        <ele>612.41</ele>
      </trkpt>
      <trkpt lat="40.00989" lon="-8.18179">
        <ele>611.98</ele>
      </trkpt>
      <trkpt lat="40.00989" lon="-8.18173">
        <ele>611.5</ele>
      </trkpt>
      <trkpt lat="40.00986" lon="-8.1816">
        <ele>610.16</ele>
      </trkpt>
      <trkpt lat="40.0098" lon="-8.1815">
        <ele>608.5</ele>
      </trkpt>
      <trkpt lat="40.00958" lon="-8.18132">
        <ele>605.49</ele>
      </trkpt>
      <trkpt lat="40.00862" lon="-8.18027">
        <ele>612.16</ele>
      </trkpt>
      <trkpt lat="40.00853" lon="-8.1802">
        <ele>614.28</ele>
      </trkpt>
      <trkpt lat="40.00844" lon="-8.18017">
        <ele>616.8</ele>
      </trkpt>
      <trkpt lat="40.00812" lon="-8.18019">
        <ele>615.42</ele>
      </trkpt>
      <trkpt lat="40.00787" lon="-8.18023">
        <ele>612.35</ele>
      </trkpt>
      <trkpt lat="40.00772" lon="-8.18021">
        <ele>611.45</ele>
      </trkpt>
      <trkpt lat="40.00767" lon="-8.18019">
        <ele>611.35</ele>
      </trkpt>
      <trkpt lat="40.00758" lon="-8.18012">
        <ele>611.94</ele>
      </trkpt>
      <trkpt lat="40.00735" lon="-8.17988">
        <ele>617.1</ele>
      </trkpt>
      <trkpt lat="40.00695" lon="-8.17943">
        <ele>620.21</ele>
      </trkpt>
      <trkpt lat="40.00688" lon="-8.17932">
        <ele>620.94</ele>
      </trkpt>
      <trkpt lat="40.00684" lon="-8.17919">
        <ele>621.21</ele>
      </trkpt>
      <trkpt lat="40.00679" lon="-8.17893">
        <ele>619.56</ele>
      </trkpt>
      <trkpt lat="40.00679" lon="-8.1788">
        <ele>619.44</ele>
      </trkpt>
      <trkpt lat="40.00682" lon="-8.17869">
        <ele>620.13</ele>
      </trkpt>
      <trkpt lat="40.00688" lon="-8.17856">
        <ele>622.22</ele>
      </trkpt>
      <trkpt lat="40.00733" lon="-8.17785">
        <ele>635.28</ele>
      </trkpt>
      <trkpt lat="40.0074" lon="-8.1777">
        <ele>636.68</ele>
      </trkpt>
      <trkpt lat="40.00742" lon="-8.17764">
        <ele>636.71</ele>
      </trkpt>
      <trkpt lat="40.00742" lon="-8.17757">
        <ele>635.99</ele>
      </trkpt>
      <trkpt lat="40.0074" lon="-8.17742">
        <ele>635.68</ele>
      </trkpt>
      <trkpt lat="40.00737" lon="-8.17735">
        <ele>635.59</ele>
      </trkpt>
      <trkpt lat="40.00733" lon="-8.17729">
        <ele>634.96</ele>
      </trkpt>
      <trkpt lat="40.0071" lon="-8.17704">
        <ele>630.23</ele>
      </trkpt>
      <trkpt lat="40.00703" lon="-8.17693">
        <ele>629.24</ele>
      </trkpt>
      <trkpt lat="40.00701" lon="-8.17685">
        <ele>629.15</ele>
      </trkpt>
      <trkpt lat="40.00699" lon="-8.17676">
        <ele>629.03</ele>
      </trkpt>
      <trkpt lat="40.00699" lon="-8.17654">
        <ele>631.45</ele>
      </trkpt>
      <trkpt lat="40.00701" lon="-8.17633">
        <ele>635.07</ele>
      </trkpt>
      <trkpt lat="40.00703" lon="-8.17625">
        <ele>636.54</ele>
      </trkpt>
      <trkpt lat="40.00706" lon="-8.17618">
        <ele>638.39</ele>
      </trkpt>
      <trkpt lat="40.0071" lon="-8.17611">
        <ele>640.71</ele>
      </trkpt>
      <trkpt lat="40.00741" lon="-8.17561">
        <ele>646.45</ele>
      </trkpt>
      <trkpt lat="40.00747" lon="-8.1755">
        <ele>646.37</ele>
      </trkpt>
      <trkpt lat="40.0075" lon="-8.17536">
        <ele>644.48</ele>
      </trkpt>
      <trkpt lat="40.00748" lon="-8.1752">
        <ele>642.87</ele>
      </trkpt>
      <trkpt lat="40.00746" lon="-8.17513">
        <ele>642.63</ele>
      </trkpt>
      <trkpt lat="40.00742" lon="-8.17507">
        <ele>642.07</ele>
      </trkpt>
      <trkpt lat="40.00738" lon="-8.17503">
        <ele>641.41</ele>
      </trkpt>
      <trkpt lat="40.00732" lon="-8.17499">
        <ele>640.46</ele>
      </trkpt>
      <trkpt lat="40.00684" lon="-8.17479">
        <ele>632.73</ele>
      </trkpt>
      <trkpt lat="40.00672" lon="-8.17472">
        <ele>632.45</ele>
      </trkpt>
      <trkpt lat="40.00591" lon="-8.17398">
        <ele>644.84</ele>
      </trkpt>
      <trkpt lat="40.00583" lon="-8.17391">
        <ele>644.77</ele>
      </trkpt>
      <trkpt lat="40.00574" lon="-8.1738">
        <ele>645.85</ele>
      </trkpt>
      <trkpt lat="40.00568" lon="-8.17368">
        <ele>645.85</ele>
      </trkpt>
      <trkpt lat="40.00555" lon="-8.17319">
        <ele>650.45</ele>
      </trkpt>
      <trkpt lat="40.00552" lon="-8.17312">
        <ele>651.66</ele>
      </trkpt>
      <trkpt lat="40.00545" lon="-8.17303">
        <ele>652.21</ele>
      </trkpt>
      <trkpt lat="40.0054" lon="-8.173">
        <ele>651.6</ele>
      </trkpt>
      <trkpt lat="40.00535" lon="-8.17298">
        <ele>650.59</ele>
      </trkpt>
      <trkpt lat="40.00497" lon="-8.17291">
        <ele>647.54</ele>
      </trkpt>
      <trkpt lat="40.00491" lon="-8.17288">
        <ele>647.03</ele>
      </trkpt>
      <trkpt lat="40.00486" lon="-8.17284">
        <ele>646.91</ele>
      </trkpt>
      <trkpt lat="40.00482" lon="-8.1728">
        <ele>646.93</ele>
      </trkpt>
      <trkpt lat="40.00466" lon="-8.17255">
        <ele>647.5</ele>
      </trkpt>
      <trkpt lat="40.00461" lon="-8.17251">
        <ele>647.91</ele>
      </trkpt>
      <trkpt lat="40.00456" lon="-8.17249">
        <ele>648.25</ele>
      </trkpt>
      <trkpt lat="40.0045" lon="-8.17249">
        <ele>648.25</ele>
      </trkpt>
      <trkpt lat="40.00443" lon="-8.17251">
        <ele>648.24</ele>
      </trkpt>
      <trkpt lat="40.00433" lon="-8.17257">
        <ele>649.86</ele>
      </trkpt>
      <trkpt lat="40.0041" lon="-8.17285">
        <ele>650.91</ele>
      </trkpt>
      <trkpt lat="40.004" lon="-8.17292">
        <ele>651.5</ele>
      </trkpt>
      <trkpt lat="40.00395" lon="-8.17294">
        <ele>651.98</ele>
      </trkpt>
      <trkpt lat="40.00388" lon="-8.17295">
        <ele>652.65</ele>
      </trkpt>
      <trkpt lat="40.00381" lon="-8.17293">
        <ele>652.91</ele>
      </trkpt>
      <trkpt lat="40.00376" lon="-8.17291">
        <ele>653.23</ele>
      </trkpt>
      <trkpt lat="40.00368" lon="-8.17282">
        <ele>654.59</ele>
      </trkpt>
      <trkpt lat="40.00359" lon="-8.17267">
        <ele>657.92</ele>
      </trkpt>
      <trkpt lat="40.00333" lon="-8.17202">
        <ele>665.48</ele>
      </trkpt>
      <trkpt lat="40.00324" lon="-8.17186">
        <ele>662.3</ele>
      </trkpt>
      <trkpt lat="40.00313" lon="-8.1717">
        <ele>658.86</ele>
      </trkpt>
      <trkpt lat="40.00299" lon="-8.17155">
        <ele>658.02</ele>
      </trkpt>
      <trkpt lat="40.00294" lon="-8.1715">
        <ele>658.38</ele>
      </trkpt>
      <trkpt lat="40.00289" lon="-8.17148">
        <ele>658.42</ele>
      </trkpt>
      <trkpt lat="40.00284" lon="-8.17147">
        <ele>658.35</ele>
      </trkpt>
      <trkpt lat="40.00279" lon="-8.17147">
        <ele>658.17</ele>
      </trkpt>
      <trkpt lat="40.00269" lon="-8.17152">
        <ele>659.78</ele>
      </trkpt>
      <trkpt lat="40.00265" lon="-8.17154">
        <ele>660.63</ele>
      </trkpt>
      <trkpt lat="40.00261" lon="-8.17159">
        <ele>661.33</ele>
      </trkpt>
      <trkpt lat="40.00222" lon="-8.17222">
        <ele>671.06</ele>
      </trkpt>
      <trkpt lat="40.00218" lon="-8.17227">
        <ele>671.87</ele>
      </trkpt>
      <trkpt lat="40.00213" lon="-8.17231">
        <ele>672.9</ele>
      </trkpt>
      <trkpt lat="40.00209" lon="-8.17233">
        <ele>673.76</ele>
      </trkpt>
      <trkpt lat="40.00204" lon="-8.17234">
        <ele>674.89</ele>
      </trkpt>
      <trkpt lat="40.00198" lon="-8.17235">
        <ele>676.24</ele>
      </trkpt>
      <trkpt lat="40.00191" lon="-8.17233">
        <ele>676.56</ele>
      </trkpt>
      <trkpt lat="40.00185" lon="-8.17231">
        <ele>675.56</ele>
      </trkpt>
      <trkpt lat="40.00133" lon="-8.17201">
        <ele>670.84</ele>
      </trkpt>
      <trkpt lat="40.00127" lon="-8.17197">
        <ele>670.49</ele>
      </trkpt>
      <trkpt lat="40.00115" lon="-8.17187">
        <ele>670.34</ele>
      </trkpt>
      <trkpt lat="40.0011" lon="-8.1718">
        <ele>670.26</ele>
      </trkpt>
      <trkpt lat="40.00105" lon="-8.17173">
        <ele>669.61</ele>
      </trkpt>
      <trkpt lat="40.00093" lon="-8.17147">
        <ele>668.45</ele>
      </trkpt>
      <trkpt lat="40.00089" lon="-8.17142">
        <ele>667.59</ele>
      </trkpt>
      <trkpt lat="40.00078" lon="-8.17136">
        <ele>666.96</ele>
      </trkpt>
      <trkpt lat="40.00067" lon="-8.17136">
        <ele>667.24</ele>
      </trkpt>
      <trkpt lat="40.00061" lon="-8.17138">
        <ele>666.98</ele>
      </trkpt>
      <trkpt lat="40.00056" lon="-8.17142">
        <ele>666.76</ele>
      </trkpt>
      <trkpt lat="40.00052" lon="-8.17146">
        <ele>667.19</ele>
      </trkpt>
      <trkpt lat="40.00045" lon="-8.17158">
        <ele>667.38</ele>
      </trkpt>
      <trkpt lat="40.00043" lon="-8.17165">
        <ele>666.98</ele>
      </trkpt>
      <trkpt lat="40.00024" lon="-8.17228">
        <ele>664.68</ele>
      </trkpt>
      <trkpt lat="40.0002" lon="-8.17236">
        <ele>665.4</ele>
      </trkpt>
      <trkpt lat="40.00014" lon="-8.17247">
        <ele>666.48</ele>
      </trkpt>
      <trkpt lat="40.0001" lon="-8.1725">
        <ele>667.2</ele>
      </trkpt>
      <trkpt lat="40.00001" lon="-8.17255">
        <ele>668.67</ele>
      </trkpt>
      <trkpt lat="39.99991" lon="-8.17258">
        <ele>669.54</ele>
      </trkpt>
      <trkpt lat="39.99968" lon="-8.17257">
        <ele>671.56</ele>
      </trkpt>
      <trkpt lat="39.99951" lon="-8.17254">
        <ele>672.68</ele>
      </trkpt>
      <trkpt lat="39.99936" lon="-8.1725">
        <ele>673.39</ele>
      </trkpt>
      <trkpt lat="39.99921" lon="-8.17244">
        <ele>672.78</ele>
      </trkpt>
      <trkpt lat="39.99839" lon="-8.17189">
        <ele>672.02</ele>
      </trkpt>
      <trkpt lat="39.99786" lon="-8.17153">
        <ele>669.84</ele>
      </trkpt>
      <trkpt lat="39.99774" lon="-8.17143">
        <ele>670.84</ele>
      </trkpt>
      <trkpt lat="39.99769" lon="-8.17139">
        <ele>671.34</ele>
      </trkpt>
      <trkpt lat="39.99766" lon="-8.17133">
        <ele>671.58</ele>
      </trkpt>
      <trkpt lat="39.9976" lon="-8.1712">
        <ele>672.08</ele>
      </trkpt>
      <trkpt lat="39.99758" lon="-8.17104">
        <ele>674.22</ele>
      </trkpt>
      <trkpt lat="39.99756" lon="-8.17083">
        <ele>679.01</ele>
      </trkpt>
      <trkpt lat="39.99755" lon="-8.16971">
        <ele>672.82</ele>
      </trkpt>
      <trkpt lat="39.99756" lon="-8.16957">
        <ele>672.78</ele>
      </trkpt>
      <trkpt lat="39.99759" lon="-8.16946">
        <ele>672.68</ele>
      </trkpt>
      <trkpt lat="39.99771" lon="-8.16921">
        <ele>668.48</ele>
      </trkpt>
      <trkpt lat="39.99773" lon="-8.16917">
        <ele>668.19</ele>
      </trkpt>
      <trkpt lat="39.99774" lon="-8.16911">
        <ele>667.97</ele>
      </trkpt>
      <trkpt lat="39.99774" lon="-8.16898">
        <ele>667.16</ele>
      </trkpt>
      <trkpt lat="39.99772" lon="-8.16892">
        <ele>666.55</ele>
      </trkpt>
      <trkpt lat="39.9977" lon="-8.16887">
        <ele>666.25</ele>
      </trkpt>
      <trkpt lat="39.99763" lon="-8.16878">
        <ele>666.0</ele>
      </trkpt>
      <trkpt lat="39.99759" lon="-8.16874">
        <ele>665.87</ele>
      </trkpt>
      <trkpt lat="39.99753" lon="-8.1687">
        <ele>665.61</ele>
      </trkpt>
      <trkpt lat="39.9968" lon="-8.16843">
        <ele>664.04</ele>
      </trkpt>
      <trkpt lat="39.99671" lon="-8.16841">
        <ele>660.69</ele>
      </trkpt>
      <trkpt lat="39.99659" lon="-8.16841">
        <ele>659.15</ele>
      </trkpt>
      <trkpt lat="39.99611" lon="-8.1685">
        <ele>658.2</ele>
      </trkpt>
      <trkpt lat="39.99596" lon="-8.16848">
        <ele>658.64</ele>
      </trkpt>
      <trkpt lat="39.99587" lon="-8.16843">
        <ele>659.79</ele>
      </trkpt>
      <trkpt lat="39.9957" lon="-8.16828">
        <ele>664.23</ele>
      </trkpt>
      <trkpt lat="39.99566" lon="-8.16824">
        <ele>664.79</ele>
      </trkpt>
      <trkpt lat="39.99561" lon="-8.16814">
        <ele>665.2</ele>
      </trkpt>
      <trkpt lat="39.99559" lon="-8.16808">
        <ele>665.16</ele>
      </trkpt>
      <trkpt lat="39.99558" lon="-8.16796">
        <ele>664.9</ele>
      </trkpt>
      <trkpt lat="39.9956" lon="-8.16754">
        <ele>664.51</ele>
      </trkpt>
      <trkpt lat="39.99559" lon="-8.16741">
        <ele>666.26</ele>
      </trkpt>
      <trkpt lat="39.99556" lon="-8.16732">
        <ele>667.65</ele>
      </trkpt>
      <trkpt lat="39.99553" lon="-8.16728">
        <ele>667.87</ele>
      </trkpt>
      <trkpt lat="39.99549" lon="-8.16724">
        <ele>667.55</ele>
      </trkpt>
      <trkpt lat="39.99542" lon="-8.1672">
        <ele>665.97</ele>
      </trkpt>
      <trkpt lat="39.99533" lon="-8.16719">
        <ele>663.32</ele>
      </trkpt>
      <trkpt lat="39.99431" lon="-8.16742">
        <ele>647.71</ele>
      </trkpt>
      <trkpt lat="39.9942" lon="-8.16743">
        <ele>649.63</ele>
      </trkpt>
      <trkpt lat="39.99413" lon="-8.16743">
        <ele>649.8</ele>
      </trkpt>
      <trkpt lat="39.99402" lon="-8.16739">
        <ele>648.98</ele>
      </trkpt>
      <trkpt lat="39.9937" lon="-8.16725">
        <ele>650.88</ele>
      </trkpt>
      <trkpt lat="39.99359" lon="-8.16718">
        <ele>652.88</ele>
      </trkpt>
      <trkpt lat="39.99353" lon="-8.1671">
        <ele>654.4</ele>
      </trkpt>
      <trkpt lat="39.99348" lon="-8.16698">
        <ele>656.07</ele>
      </trkpt>
      <trkpt lat="39.99324" lon="-8.16606">
        <ele>657.5</ele>
      </trkpt>
      <trkpt lat="39.99311" lon="-8.16557">
        <ele>650.21</ele>
      </trkpt>
      <trkpt lat="39.99307" lon="-8.16543">
        <ele>648.9</ele>
      </trkpt>
      <trkpt lat="39.993" lon="-8.16533">
        <ele>647.79</ele>
      </trkpt>
      <trkpt lat="39.99297" lon="-8.1653">
        <ele>647.46</ele>
      </trkpt>
      <trkpt lat="39.99288" lon="-8.16527">
        <ele>646.72</ele>
      </trkpt>
      <trkpt lat="39.99279" lon="-8.16527">
        <ele>646.06</ele>
      </trkpt>
      <trkpt lat="39.99263" lon="-8.16532">
        <ele>646.6</ele>
      </trkpt>
      <trkpt lat="39.99252" lon="-8.16542">
        <ele>646.96</ele>
      </trkpt>
      <trkpt lat="39.99248" lon="-8.16546">
        <ele>647.29</ele>
      </trkpt>
      <trkpt lat="39.99243" lon="-8.16556">
        <ele>648.0</ele>
      </trkpt>
      <trkpt lat="39.99208" lon="-8.16647">
        <ele>638.94</ele>
      </trkpt>
      <trkpt lat="39.99202" lon="-8.16668">
        <ele>638.25</ele>
      </trkpt>
      <trkpt lat="39.992" lon="-8.16683">
        <ele>639.34</ele>
      </trkpt>
      <trkpt lat="39.992" lon="-8.16691">
        <ele>639.8</ele>
      </trkpt>
      <trkpt lat="39.99201" lon="-8.16828">
        <ele>631.07</ele>
      </trkpt>
      <trkpt lat="39.99199" lon="-8.16849">
        <ele>629.13</ele>
      </trkpt>
      <trkpt lat="39.99196" lon="-8.16861">
        <ele>627.9</ele>
      </trkpt>
      <trkpt lat="39.99191" lon="-8.16874">
        <ele>628.41</ele>
      </trkpt>
      <trkpt lat="39.99088" lon="-8.17074">
        <ele>624.67</ele>
      </trkpt>
      <trkpt lat="39.9908" lon="-8.17087">
        <ele>624.58</ele>
      </trkpt>
      <trkpt lat="39.99072" lon="-8.17094">
        <ele>624.56</ele>
      </trkpt>
      <trkpt lat="39.99066" lon="-8.17097">
        <ele>625.18</ele>
      </trkpt>
      <trkpt lat="39.9906" lon="-8.17098">
        <ele>625.99</ele>
      </trkpt>
      <trkpt lat="39.99054" lon="-8.17099">
        <ele>626.52</ele>
      </trkpt>
      <trkpt lat="39.99047" lon="-8.17098">
        <ele>625.66</ele>
      </trkpt>
      <trkpt lat="39.99042" lon="-8.17095">
        <ele>624.8</ele>
      </trkpt>
      <trkpt lat="39.99036" lon="-8.17091">
        <ele>623.72</ele>
      </trkpt>
      <trkpt lat="39.9897" lon="-8.17031">
        <ele>611.92</ele>
      </trkpt>
      <trkpt lat="39.98964" lon="-8.17028">
        <ele>612.57</ele>
      </trkpt>
      <trkpt lat="39.98958" lon="-8.17026">
        <ele>613.09</ele>
      </trkpt>
      <trkpt lat="39.98953" lon="-8.17026">
        <ele>613.47</ele>
      </trkpt>
      <trkpt lat="39.98949" lon="-8.17027">
        <ele>613.72</ele>
      </trkpt>
      <trkpt lat="39.9894" lon="-8.17032">
        <ele>614.0</ele>
      </trkpt>
      <trkpt lat="39.98935" lon="-8.17038">
        <ele>613.79</ele>
      </trkpt>
      <trkpt lat="39.98894" lon="-8.17098">
        <ele>609.7</ele>
      </trkpt>
      <trkpt lat="39.98889" lon="-8.17104">
        <ele>609.02</ele>
      </trkpt>
      <trkpt lat="39.9888" lon="-8.17109">
        <ele>608.99</ele>
      </trkpt>
      <trkpt lat="39.98869" lon="-8.1711">
        <ele>609.65</ele>
      </trkpt>
      <trkpt lat="39.98864" lon="-8.17109">
        <ele>610.23</ele>
      </trkpt>
      <trkpt lat="39.98859" lon="-8.17105">
        <ele>611.44</ele>
      </trkpt>
      <trkpt lat="39.98854" lon="-8.171">
        <ele>612.71</ele>
      </trkpt>
      <trkpt lat="39.98851" lon="-8.17093">
        <ele>614.17</ele>
      </trkpt>
      <trkpt lat="39.98827" lon="-8.17037">
        <ele>619.16</ele>
      </trkpt>
      <trkpt lat="39.98767" lon="-8.16894">
        <ele>608.13</ele>
      </trkpt>
      <trkpt lat="39.98759" lon="-8.16864">
        <ele>607.54</ele>
      </trkpt>
      <trkpt lat="39.98757" lon="-8.16846">
        <ele>608.32</ele>
      </trkpt>
      <trkpt lat="39.98751" lon="-8.1671">
        <ele>611.79</ele>
      </trkpt>
      <trkpt lat="39.98751" lon="-8.16699">
        <ele>610.6</ele>
      </trkpt>
      <trkpt lat="39.98748" lon="-8.16684">
        <ele>609.46</ele>
      </trkpt>
      <trkpt lat="39.98746" lon="-8.16676">
        <ele>609.1</ele>
      </trkpt>
      <trkpt lat="39.98743" lon="-8.16669">
        <ele>608.79</ele>
      </trkpt>
      <trkpt lat="39.987" lon="-8.16605">
        <ele>606.22</ele>
      </trkpt>
      <trkpt lat="39.98581" lon="-8.16418">
        <ele>588.79</ele>
      </trkpt>
      <trkpt lat="39.98578" lon="-8.16412">
        <ele>588.58</ele>
      </trkpt>
      <trkpt lat="39.98575" lon="-8.16404">
        <ele>588.26</ele>
      </trkpt>
      <trkpt lat="39.98574" lon="-8.16397">
        <ele>588.09</ele>
      </trkpt>
      <trkpt lat="39.98573" lon="-8.16383">
        <ele>587.86</ele>
      </trkpt>
      <trkpt lat="39.98574" lon="-8.16376">
        <ele>587.99</ele>
      </trkpt>
      <trkpt lat="39.98576" lon="-8.16368">
        <ele>588.36</ele>
      </trkpt>
      <trkpt lat="39.98605" lon="-8.16293">
        <ele>595.23</ele>
      </trkpt>
      <trkpt lat="39.98609" lon="-8.16277">
        <ele>594.79</ele>
      </trkpt>
      <trkpt lat="39.98612" lon="-8.1626">
        <ele>593.75</ele>
      </trkpt>
      <trkpt lat="39.98613" lon="-8.16225">
        <ele>592.17</ele>
      </trkpt>
      <trkpt lat="39.9862" lon="-8.16091">
        <ele>586.82</ele>
      </trkpt>
      <trkpt lat="39.98621" lon="-8.1608">
        <ele>585.87</ele>
      </trkpt>
      <trkpt lat="39.9862" lon="-8.16071">
        <ele>585.57</ele>
      </trkpt>
      <trkpt lat="39.98619" lon="-8.16063">
        <ele>585.38</ele>
      </trkpt>
      <trkpt lat="39.98597" lon="-8.16003">
        <ele>583.67</ele>
      </trkpt>
      <trkpt lat="39.98596" lon="-8.15994">
        <ele>582.56</ele>
      </trkpt>
      <trkpt lat="39.98595" lon="-8.15984">
        <ele>580.94</ele>
      </trkpt>
      <trkpt lat="39.98594" lon="-8.15956">
        <ele>579.0</ele>
      </trkpt>
      <trkpt lat="39.98593" lon="-8.15947">
        <ele>579.0</ele>
      </trkpt>
      <trkpt lat="39.98591" lon="-8.15943">
        <ele>578.91</ele>
      </trkpt>
      <trkpt lat="39.98587" lon="-8.15938">
        <ele>578.57</ele>
      </trkpt>
      <trkpt lat="39.9858" lon="-8.15931">
        <ele>577.61</ele>
      </trkpt>
      <trkpt lat="39.98476" lon="-8.15898">
        <ele>570.1</ele>
      </trkpt>
      <trkpt lat="39.98468" lon="-8.15894">
        <ele>571.31</ele>
      </trkpt>
      <trkpt lat="39.98461" lon="-8.15889">
        <ele>572.16</ele>
      </trkpt>
      <trkpt lat="39.98456" lon="-8.15884">
        <ele>571.95</ele>
      </trkpt>
      <trkpt lat="39.98453" lon="-8.15878">
        <ele>571.71</ele>
      </trkpt>
      <trkpt lat="39.98451" lon="-8.15871">
        <ele>571.44</ele>
      </trkpt>
      <trkpt lat="39.9845" lon="-8.15861">
        <ele>571.2</ele>
      </trkpt>
      <trkpt lat="39.98451" lon="-8.15844">
        <ele>571.09</ele>
      </trkpt>
      <trkpt lat="39.98486" lon="-8.15721">
        <ele>578.79</ele>
      </trkpt>
      <trkpt lat="39.98486" lon="-8.1571">
        <ele>577.01</ele>
      </trkpt>
      <trkpt lat="39.98483" lon="-8.15697">
        <ele>574.38</ele>
      </trkpt>
      <trkpt lat="39.98481" lon="-8.15692">
        <ele>573.08</ele>
      </trkpt>
      <trkpt lat="39.98477" lon="-8.15686">
        <ele>571.09</ele>
      </trkpt>
      <trkpt lat="39.98469" lon="-8.15679">
        <ele>568.52</ele>
      </trkpt>
      <trkpt lat="39.98463" lon="-8.15677">
        <ele>567.95</ele>
      </trkpt>
      <trkpt lat="39.98457" lon="-8.15677">
        <ele>567.76</ele>
      </trkpt>
      <trkpt lat="39.98449" lon="-8.15678">
        <ele>567.58</ele>
      </trkpt>
      <trkpt lat="39.98371" lon="-8.15722">
        <ele>560.01</ele>
      </trkpt>
      <trkpt lat="39.98351" lon="-8.15731">
        <ele>559.68</ele>
      </trkpt>
      <trkpt lat="39.98333" lon="-8.15735">
        <ele>559.58</ele>
      </trkpt>
      <trkpt lat="39.98322" lon="-8.15735">
        <ele>560.76</ele>
      </trkpt>
      <trkpt lat="39.98234" lon="-8.15733">
        <ele>561.3</ele>
      </trkpt>
      <trkpt lat="39.98225" lon="-8.15732">
        <ele>560.79</ele>
      </trkpt>
      <trkpt lat="39.98206" lon="-8.15728">
        <ele>558.83</ele>
      </trkpt>
      <trkpt lat="39.982" lon="-8.15726">
        <ele>558.26</ele>
      </trkpt>
      <trkpt lat="39.98194" lon="-8.15723">
        <ele>557.79</ele>
      </trkpt>
      <trkpt lat="39.98189" lon="-8.15718">
        <ele>557.8</ele>
      </trkpt>
      <trkpt lat="39.98184" lon="-8.15711">
        <ele>558.12</ele>
      </trkpt>
      <trkpt lat="39.98173" lon="-8.15693">
        <ele>558.18</ele>
      </trkpt>
      <trkpt lat="39.98164" lon="-8.15684">
        <ele>556.69</ele>
      </trkpt>
      <trkpt lat="39.98158" lon="-8.1568">
        <ele>556.89</ele>
      </trkpt>
      <trkpt lat="39.98145" lon="-8.15676">
        <ele>557.07</ele>
      </trkpt>
      <trkpt lat="39.98139" lon="-8.15675">
        <ele>557.1</ele>
      </trkpt>
      <trkpt lat="39.98134" lon="-8.15676">
        <ele>556.17</ele>
      </trkpt>
      <trkpt lat="39.98126" lon="-8.15681">
        <ele>554.37</ele>
      </trkpt>
      <trkpt lat="39.98115" lon="-8.1569">
        <ele>551.9</ele>
      </trkpt>
      <trkpt lat="39.98098" lon="-8.15717">
        <ele>546.68</ele>
      </trkpt>
      <trkpt lat="39.98087" lon="-8.15731">
        <ele>544.47</ele>
      </trkpt>
      <trkpt lat="39.98082" lon="-8.15735">
        <ele>544.57</ele>
      </trkpt>
      <trkpt lat="39.98077" lon="-8.15739">
        <ele>544.92</ele>
      </trkpt>
      <trkpt lat="39.98073" lon="-8.15739">
        <ele>545.12</ele>
      </trkpt>
      <trkpt lat="39.98067" lon="-8.1574">
        <ele>545.32</ele>
      </trkpt>
      <trkpt lat="39.9806" lon="-8.15739">
        <ele>545.76</ele>
      </trkpt>
      <trkpt lat="39.98053" lon="-8.15737">
        <ele>546.03</ele>
      </trkpt>
      <trkpt lat="39.97969" lon="-8.15697">
        <ele>548.67</ele>
      </trkpt>
      <trkpt lat="39.97885" lon="-8.15653">
        <ele>537.52</ele>
      </trkpt>
      <trkpt lat="39.97837" lon="-8.1563">
        <ele>536.38</ele>
      </trkpt>
      <trkpt lat="39.97801" lon="-8.1561">
        <ele>542.65</ele>
      </trkpt>
      <trkpt lat="39.97794" lon="-8.15605">
        <ele>541.67</ele>
      </trkpt>
      <trkpt lat="39.9778" lon="-8.15592">
        <ele>539.91</ele>
      </trkpt>
      <trkpt lat="39.97774" lon="-8.15583">
        <ele>538.72</ele>
      </trkpt>
      <trkpt lat="39.97688" lon="-8.15414">
        <ele>520.21</ele>
      </trkpt>
      <trkpt lat="39.97643" lon="-8.15326">
        <ele>522.38</ele>
      </trkpt>
      <trkpt lat="39.97632" lon="-8.15309">
        <ele>521.33</ele>
      </trkpt>
      <trkpt lat="39.97625" lon="-8.15301">
        <ele>522.09</ele>
      </trkpt>
      <trkpt lat="39.97521" lon="-8.15203">
        <ele>518.94</ele>
      </trkpt>
      <trkpt lat="39.97513" lon="-8.15198">
        <ele>518.16</ele>
      </trkpt>
      <trkpt lat="39.97505" lon="-8.15194">
        <ele>517.69</ele>
      </trkpt>
      <trkpt lat="39.97498" lon="-8.15193">
        <ele>517.88</ele>
      </trkpt>
      <trkpt lat="39.97491" lon="-8.15193">
        <ele>518.9</ele>
      </trkpt>
      <trkpt lat="39.97484" lon="-8.15197">
        <ele>520.46</ele>
      </trkpt>
      <trkpt lat="39.97359" lon="-8.15278">
        <ele>517.64</ele>
      </trkpt>
      <trkpt lat="39.97153" lon="-8.15413">
        <ele>505.62</ele>
      </trkpt>
      <trkpt lat="39.97148" lon="-8.15418">
        <ele>505.72</ele>
      </trkpt>
      <trkpt lat="39.97106" lon="-8.15469">
        <ele>501.56</ele>
      </trkpt>
      <trkpt lat="39.97101" lon="-8.15473">
        <ele>500.98</ele>
      </trkpt>
      <trkpt lat="39.97095" lon="-8.15476">
        <ele>500.49</ele>
      </trkpt>
      <trkpt lat="39.9694" lon="-8.15492">
        <ele>489.44</ele>
      </trkpt>
      <trkpt lat="39.96928" lon="-8.15492">
        <ele>488.7</ele>
      </trkpt>
      <trkpt lat="39.96913" lon="-8.1549">
        <ele>487.26</ele>
      </trkpt>
      <trkpt lat="39.96907" lon="-8.15487">
        <ele>486.07</ele>
      </trkpt>
      <trkpt lat="39.96899" lon="-8.1548">
        <ele>484.64</ele>
      </trkpt>
      <trkpt lat="39.96885" lon="-8.1546">
        <ele>481.98</ele>
      </trkpt>
      <trkpt lat="39.96879" lon="-8.15449">
        <ele>480.98</ele>
      </trkpt>
      <trkpt lat="39.96864" lon="-8.15432">
        <ele>478.42</ele>
      </trkpt>
      <trkpt lat="39.96861" lon="-8.15421">
        <ele>477.31</ele>
      </trkpt>
      <trkpt lat="39.9686" lon="-8.15405">
        <ele>476.14</ele>
      </trkpt>
      <trkpt lat="39.96874" lon="-8.15394">
        <ele>477.14</ele>
      </trkpt>
      <trkpt lat="39.96879" lon="-8.15387">
        <ele>477.53</ele>
      </trkpt>
      <trkpt lat="39.96886" lon="-8.15377">
        <ele>478.2</ele>
      </trkpt>
      <trkpt lat="39.96896" lon="-8.15358">
        <ele>478.85</ele>
      </trkpt>
      <trkpt lat="39.96961" lon="-8.15202">
        <ele>488.2</ele>
      </trkpt>
      <trkpt lat="39.9724" lon="-8.14529">
        <ele>463.15</ele>
      </trkpt>
      <trkpt lat="39.97255" lon="-8.14503">
        <ele>465.35</ele>
      </trkpt>
      <trkpt lat="39.97264" lon="-8.1449">
        <ele>468.87</ele>
      </trkpt>
      <trkpt lat="39.97275" lon="-8.14477">
        <ele>473.72</ele>
      </trkpt>
      <trkpt lat="39.97295" lon="-8.14456">
        <ele>471.21</ele>
      </trkpt>
      <trkpt lat="39.9731" lon="-8.14445">
        <ele>469.58</ele>
      </trkpt>
      <trkpt lat="39.97325" lon="-8.14437">
        <ele>473.15</ele>
      </trkpt>
      <trkpt lat="39.97333" lon="-8.14433">
        <ele>475.24</ele>
      </trkpt>
      <trkpt lat="39.9735" lon="-8.14427">
        <ele>475.62</ele>
      </trkpt>
      <trkpt lat="39.97501" lon="-8.14383">
        <ele>465.74</ele>
      </trkpt>
      <trkpt lat="39.97515" lon="-8.14377">
        <ele>464.8</ele>
      </trkpt>
      <trkpt lat="39.97525" lon="-8.14371">
        <ele>463.88</ele>
      </trkpt>
      <trkpt lat="39.97544" lon="-8.14356">
        <ele>460.54</ele>
      </trkpt>
      <trkpt lat="39.97555" lon="-8.14345">
        <ele>459.61</ele>
      </trkpt>
      <trkpt lat="39.97649" lon="-8.14239">
        <ele>470.71</ele>
      </trkpt>
      <trkpt lat="39.97665" lon="-8.14226">
        <ele>469.38</ele>
      </trkpt>
      <trkpt lat="39.97673" lon="-8.1422">
        <ele>470.0</ele>
      </trkpt>
      <trkpt lat="39.97686" lon="-8.14216">
        <ele>471.03</ele>
      </trkpt>
      <trkpt lat="39.97695" lon="-8.14214">
        <ele>471.09</ele>
      </trkpt>
      <trkpt lat="39.97702" lon="-8.14214">
        <ele>470.84</ele>
      </trkpt>
      <trkpt lat="39.97721" lon="-8.14215">
        <ele>470.26</ele>
      </trkpt>
      <trkpt lat="39.97752" lon="-8.14222">
        <ele>464.84</ele>
      </trkpt>
      <trkpt lat="39.97768" lon="-8.14222">
        <ele>463.71</ele>
      </trkpt>
      <trkpt lat="39.97777" lon="-8.14221">
        <ele>463.14</ele>
      </trkpt>
      <trkpt lat="39.97784" lon="-8.14218">
        <ele>464.2</ele>
      </trkpt>
      <trkpt lat="39.97791" lon="-8.14215">
        <ele>465.42</ele>
      </trkpt>
      <trkpt lat="39.97798" lon="-8.14208">
        <ele>466.94</ele>
      </trkpt>
      <trkpt lat="39.9781" lon="-8.14194">
        <ele>469.02</ele>
      </trkpt>
      <trkpt lat="39.97817" lon="-8.14177">
        <ele>469.89</ele>
      </trkpt>
      <trkpt lat="39.97819" lon="-8.14167">
        <ele>470.47</ele>
      </trkpt>
      <trkpt lat="39.9782" lon="-8.14158">
        <ele>470.69</ele>
      </trkpt>
      <trkpt lat="39.97821" lon="-8.14147">
        <ele>471.03</ele>
      </trkpt>
      <trkpt lat="39.9782" lon="-8.14134">
        <ele>471.81</ele>
      </trkpt>
      <trkpt lat="39.97805" lon="-8.1407">
        <ele>474.21</ele>
      </trkpt>
      <trkpt lat="39.97804" lon="-8.14059">
        <ele>474.92</ele>
      </trkpt>
      <trkpt lat="39.97803" lon="-8.14048">
        <ele>475.3</ele>
      </trkpt>
      <trkpt lat="39.97806" lon="-8.14029">
        <ele>478.12</ele>
      </trkpt>
      <trkpt lat="39.97808" lon="-8.14021">
        <ele>479.28</ele>
      </trkpt>
      <trkpt lat="39.97811" lon="-8.14012">
        <ele>480.56</ele>
      </trkpt>
      <trkpt lat="39.97815" lon="-8.14004">
        <ele>481.82</ele>
      </trkpt>
      <trkpt lat="39.97838" lon="-8.13968">
        <ele>480.04</ele>
      </trkpt>
      <trkpt lat="39.97848" lon="-8.13949">
        <ele>475.86</ele>
      </trkpt>
      <trkpt lat="39.97852" lon="-8.13939">
        <ele>474.51</ele>
      </trkpt>
      <trkpt lat="39.97858" lon="-8.13913">
        <ele>472.46</ele>
      </trkpt>
      <trkpt lat="39.9786" lon="-8.13886">
        <ele>473.97</ele>
      </trkpt>
      <trkpt lat="39.97864" lon="-8.13852">
        <ele>477.26</ele>
      </trkpt>
      <trkpt lat="39.97866" lon="-8.13843">
        <ele>478.37</ele>
      </trkpt>
      <trkpt lat="39.97873" lon="-8.13824">
        <ele>480.29</ele>
      </trkpt>
      <trkpt lat="39.9788" lon="-8.13811">
        <ele>480.59</ele>
      </trkpt>
      <trkpt lat="39.9793" lon="-8.13736">
        <ele>475.02</ele>
      </trkpt>
      <trkpt lat="39.97941" lon="-8.13715">
        <ele>469.91</ele>
      </trkpt>
      <trkpt lat="39.97949" lon="-8.13695">
        <ele>465.28</ele>
      </trkpt>
      <trkpt lat="39.97952" lon="-8.13683">
        <ele>463.85</ele>
      </trkpt>
      <trkpt lat="39.97956" lon="-8.13658">
        <ele>461.83</ele>
      </trkpt>
      <trkpt lat="39.97956" lon="-8.13646">
        <ele>461.25</ele>
      </trkpt>
      <trkpt lat="39.97955" lon="-8.13632">
        <ele>460.57</ele>
      </trkpt>
      <trkpt lat="39.97953" lon="-8.13617">
        <ele>459.91</ele>
      </trkpt>
      <trkpt lat="39.97925" lon="-8.13512">
        <ele>462.64</ele>
      </trkpt>
      <trkpt lat="39.97918" lon="-8.13492">
        <ele>463.26</ele>
      </trkpt>
      <trkpt lat="39.97875" lon="-8.13353">
        <ele>463.65</ele>
      </trkpt>
      <trkpt lat="39.9787" lon="-8.13335">
        <ele>464.32</ele>
      </trkpt>
      <trkpt lat="39.97867" lon="-8.13308">
        <ele>464.19</ele>
      </trkpt>
      <trkpt lat="39.97866" lon="-8.1329">
        <ele>462.25</ele>
      </trkpt>
      <trkpt lat="39.97866" lon="-8.13273">
        <ele>460.36</ele>
      </trkpt>
      <trkpt lat="39.97868" lon="-8.13247">
        <ele>459.08</ele>
      </trkpt>
      <trkpt lat="39.97872" lon="-8.13221">
        <ele>460.22</ele>
      </trkpt>
      <trkpt lat="39.97892" lon="-8.13143">
        <ele>460.31</ele>
      </trkpt>
      <trkpt lat="39.97895" lon="-8.13125">
        <ele>460.55</ele>
      </trkpt>
      <trkpt lat="39.97896" lon="-8.13107">
        <ele>460.92</ele>
      </trkpt>
      <trkpt lat="39.97896" lon="-8.13089">
        <ele>461.56</ele>
      </trkpt>
      <trkpt lat="39.97895" lon="-8.13059">
        <ele>460.29</ele>
      </trkpt>
      <trkpt lat="39.97892" lon="-8.13022">
        <ele>462.04</ele>
      </trkpt>
      <trkpt lat="39.97889" lon="-8.13005">
        <ele>462.66</ele>
      </trkpt>
      <trkpt lat="39.97885" lon="-8.12986">
        <ele>463.66</ele>
      </trkpt>
      <trkpt lat="39.9788" lon="-8.12967">
        <ele>464.36</ele>
      </trkpt>
      <trkpt lat="39.9787" lon="-8.12943">
        <ele>463.64</ele>
      </trkpt>
      <trkpt lat="39.97855" lon="-8.12909">
        <ele>463.0</ele>
      </trkpt>
      <trkpt lat="39.97707" lon="-8.12655">
        <ele>452.75</ele>
      </trkpt>
      <trkpt lat="39.97606" lon="-8.12484">
        <ele>442.2</ele>
      </trkpt>
      <trkpt lat="39.9756" lon="-8.12403">
        <ele>431.9</ele>
      </trkpt>
      <trkpt lat="39.97542" lon="-8.12366">
        <ele>426.89</ele>
      </trkpt>
      <trkpt lat="39.97519" lon="-8.12317">
        <ele>426.26</ele>
      </trkpt>
      <trkpt lat="39.97501" lon="-8.12268">
        <ele>428.64</ele>
      </trkpt>
      <trkpt lat="39.97478" lon="-8.122">
        <ele>433.34</ele>
      </trkpt>
      <trkpt lat="39.97466" lon="-8.12153">
        <ele>431.56</ele>
      </trkpt>
      <trkpt lat="39.97455" lon="-8.12103">
        <ele>427.64</ele>
      </trkpt>
      <trkpt lat="39.9745" lon="-8.12072">
        <ele>424.69</ele>
      </trkpt>
      <trkpt lat="39.97447" lon="-8.12052">
        <ele>421.52</ele>
      </trkpt>
      <trkpt lat="39.97444" lon="-8.12015">
        <ele>420.98</ele>
      </trkpt>
      <trkpt lat="39.97444" lon="-8.11998">
        <ele>421.02</ele>
      </trkpt>
      <trkpt lat="39.97444" lon="-8.11982">
        <ele>421.58</ele>
      </trkpt>
      <trkpt lat="39.97447" lon="-8.11965">
        <ele>423.01</ele>
      </trkpt>
      <trkpt lat="39.9745" lon="-8.1195">
        <ele>424.68</ele>
      </trkpt>
      <trkpt lat="39.97455" lon="-8.11934">
        <ele>425.61</ele>
      </trkpt>
      <trkpt lat="39.97464" lon="-8.11912">
        <ele>425.83</ele>
      </trkpt>
      <trkpt lat="39.97476" lon="-8.11892">
        <ele>424.19</ele>
      </trkpt>
      <trkpt lat="39.9749" lon="-8.11875">
        <ele>419.34</ele>
      </trkpt>
      <trkpt lat="39.97508" lon="-8.1186">
        <ele>413.0</ele>
      </trkpt>
      <trkpt lat="39.97518" lon="-8.11853">
        <ele>408.64</ele>
      </trkpt>
      <trkpt lat="39.9754" lon="-8.11842">
        <ele>404.82</ele>
      </trkpt>
      <trkpt lat="39.97562" lon="-8.11835">
        <ele>405.63</ele>
      </trkpt>
      <trkpt lat="39.97571" lon="-8.11833">
        <ele>406.11</ele>
      </trkpt>
      <trkpt lat="39.9758" lon="-8.11832">
        <ele>406.72</ele>
      </trkpt>
      <trkpt lat="39.97605" lon="-8.11836">
        <ele>405.71</ele>
      </trkpt>
      <trkpt lat="39.97676" lon="-8.11862">
        <ele>403.48</ele>
      </trkpt>
      <trkpt lat="39.97697" lon="-8.11866">
        <ele>402.6</ele>
      </trkpt>
      <trkpt lat="39.97782" lon="-8.11869">
        <ele>397.3</ele>
      </trkpt>
      <trkpt lat="39.97803" lon="-8.11867">
        <ele>398.35</ele>
      </trkpt>
      <trkpt lat="39.97852" lon="-8.1186">
        <ele>395.91</ele>
      </trkpt>
      <trkpt lat="39.97868" lon="-8.1186">
        <ele>391.84</ele>
      </trkpt>
      <trkpt lat="39.97901" lon="-8.11866">
        <ele>383.84</ele>
      </trkpt>
      <trkpt lat="39.97922" lon="-8.11873">
        <ele>380.99</ele>
      </trkpt>
      <trkpt lat="39.97941" lon="-8.11882">
        <ele>381.28</ele>
      </trkpt>
      <trkpt lat="39.97959" lon="-8.11894">
        <ele>378.47</ele>
      </trkpt>
      <trkpt lat="39.97967" lon="-8.11901">
        <ele>377.02</ele>
      </trkpt>
      <trkpt lat="39.97984" lon="-8.11916">
        <ele>375.14</ele>
      </trkpt>
      <trkpt lat="39.98002" lon="-8.1194">
        <ele>375.84</ele>
      </trkpt>
      <trkpt lat="39.98009" lon="-8.11951">
        <ele>376.41</ele>
      </trkpt>
      <trkpt lat="39.98023" lon="-8.11977">
        <ele>377.65</ele>
      </trkpt>
      <trkpt lat="39.98029" lon="-8.1199">
        <ele>377.02</ele>
      </trkpt>
      <trkpt lat="39.9809" lon="-8.12145">
        <ele>367.58</ele>
      </trkpt>
      <trkpt lat="39.98096" lon="-8.1216">
        <ele>367.54</ele>
      </trkpt>
      <trkpt lat="39.98102" lon="-8.12171">
        <ele>368.23</ele>
      </trkpt>
      <trkpt lat="39.98116" lon="-8.12193">
        <ele>367.72</ele>
      </trkpt>
      <trkpt lat="39.98124" lon="-8.12203">
        <ele>364.43</ele>
      </trkpt>
      <trkpt lat="39.98141" lon="-8.12222">
        <ele>357.47</ele>
      </trkpt>
      <trkpt lat="39.98158" lon="-8.12235">
        <ele>354.56</ele>
      </trkpt>
      <trkpt lat="39.98177" lon="-8.12246">
        <ele>352.24</ele>
      </trkpt>
      <trkpt lat="39.98197" lon="-8.12254">
        <ele>353.06</ele>
      </trkpt>
      <trkpt lat="39.98219" lon="-8.12261">
        <ele>356.03</ele>
      </trkpt>
      <trkpt lat="39.9823" lon="-8.12263">
        <ele>357.58</ele>
      </trkpt>
      <trkpt lat="39.98242" lon="-8.12264">
        <ele>359.56</ele>
      </trkpt>
      <trkpt lat="39.98366" lon="-8.12273">
        <ele>360.63</ele>
      </trkpt>
      <trkpt lat="39.98386" lon="-8.12273">
        <ele>357.4</ele>
      </trkpt>
      <trkpt lat="39.98409" lon="-8.1227">
        <ele>353.96</ele>
      </trkpt>
      <trkpt lat="39.98433" lon="-8.12265">
        <ele>350.43</ele>
      </trkpt>
      <trkpt lat="39.98515" lon="-8.12237">
        <ele>334.53</ele>
      </trkpt>
      <trkpt lat="39.98665" lon="-8.12191">
        <ele>335.91</ele>
      </trkpt>
      <trkpt lat="39.98704" lon="-8.12183">
        <ele>339.97</ele>
      </trkpt>
      <trkpt lat="39.98817" lon="-8.12167">
        <ele>359.43</ele>
      </trkpt>
      <trkpt lat="39.98866" lon="-8.12159">
        <ele>364.65</ele>
      </trkpt>
      <trkpt lat="39.98918" lon="-8.12147">
        <ele>365.61</ele>
      </trkpt>
      <trkpt lat="39.98954" lon="-8.12136">
        <ele>370.45</ele>
      </trkpt>
      <trkpt lat="39.99093" lon="-8.1209">
        <ele>372.7</ele>
      </trkpt>
      <trkpt lat="39.99118" lon="-8.12081">
        <ele>369.92</ele>
      </trkpt>
      <trkpt lat="39.99141" lon="-8.1207">
        <ele>367.86</ele>
      </trkpt>
      <trkpt lat="39.99163" lon="-8.12058">
        <ele>372.07</ele>
      </trkpt>
      <trkpt lat="39.99226" lon="-8.12018">
        <ele>380.01</ele>
      </trkpt>
      <trkpt lat="39.99273" lon="-8.1199">
        <ele>381.09</ele>
      </trkpt>
      <trkpt lat="39.9931" lon="-8.11973">
        <ele>380.71</ele>
      </trkpt>
      <trkpt lat="39.99333" lon="-8.11964">
        <ele>381.49</ele>
      </trkpt>
      <trkpt lat="39.99362" lon="-8.11956">
        <ele>378.22</ele>
      </trkpt>
      <trkpt lat="39.99386" lon="-8.11954">
        <ele>375.04</ele>
      </trkpt>
      <trkpt lat="39.99412" lon="-8.11958">
        <ele>377.12</ele>
      </trkpt>
      <trkpt lat="39.99424" lon="-8.11962">
        <ele>378.45</ele>
      </trkpt>
      <trkpt lat="39.99431" lon="-8.11965">
        <ele>379.14</ele>
      </trkpt>
      <trkpt lat="39.99495" lon="-8.11993">
        <ele>391.1</ele>
      </trkpt>
      <trkpt lat="39.99503" lon="-8.11995">
        <ele>392.55</ele>
      </trkpt>
      <trkpt lat="39.9951" lon="-8.11996">
        <ele>393.22</ele>
      </trkpt>
      <trkpt lat="39.9952" lon="-8.11994">
        <ele>393.24</ele>
      </trkpt>
      <trkpt lat="39.99529" lon="-8.11991">
        <ele>393.17</ele>
      </trkpt>
      <trkpt lat="39.99538" lon="-8.11986">
        <ele>393.27</ele>
      </trkpt>
      <trkpt lat="39.99546" lon="-8.1198">
        <ele>393.7</ele>
      </trkpt>
      <trkpt lat="39.99553" lon="-8.11972">
        <ele>394.44</ele>
      </trkpt>
      <trkpt lat="39.9956" lon="-8.11962">
        <ele>394.85</ele>
      </trkpt>
      <trkpt lat="39.99567" lon="-8.1195">
        <ele>394.94</ele>
      </trkpt>
      <trkpt lat="39.99605" lon="-8.11875">
        <ele>405.07</ele>
      </trkpt>
      <trkpt lat="39.99611" lon="-8.11865">
        <ele>406.84</ele>
      </trkpt>
      <trkpt lat="39.99627" lon="-8.11847">
        <ele>409.94</ele>
      </trkpt>
      <trkpt lat="39.99636" lon="-8.1184">
        <ele>410.82</ele>
      </trkpt>
      <trkpt lat="39.99645" lon="-8.11834">
        <ele>412.55</ele>
      </trkpt>
      <trkpt lat="39.99654" lon="-8.1183">
        <ele>414.12</ele>
      </trkpt>
      <trkpt lat="39.99662" lon="-8.11827">
        <ele>415.19</ele>
      </trkpt>
      <trkpt lat="39.99675" lon="-8.11826">
        <ele>414.65</ele>
      </trkpt>
      <trkpt lat="39.99686" lon="-8.11828">
        <ele>414.0</ele>
      </trkpt>
      <trkpt lat="39.99699" lon="-8.11831">
        <ele>414.25</ele>
      </trkpt>
      <trkpt lat="39.99828" lon="-8.11881">
        <ele>429.47</ele>
      </trkpt>
      <trkpt lat="39.99844" lon="-8.11886">
        <ele>428.96</ele>
      </trkpt>
      <trkpt lat="39.99859" lon="-8.1189">
        <ele>426.91</ele>
      </trkpt>
      <trkpt lat="39.99889" lon="-8.11893">
        <ele>423.32</ele>
      </trkpt>
      <trkpt lat="39.99912" lon="-8.11891">
        <ele>420.7</ele>
      </trkpt>
      <trkpt lat="40.00029" lon="-8.11875">
        <ele>431.37</ele>
      </trkpt>
      <trkpt lat="40.00052" lon="-8.1187">
        <ele>428.48</ele>
      </trkpt>
      <trkpt lat="40.00074" lon="-8.11863">
        <ele>427.91</ele>
      </trkpt>
      <trkpt lat="40.00095" lon="-8.11853">
        <ele>426.24</ele>
      </trkpt>
      <trkpt lat="40.00118" lon="-8.11837">
        <ele>423.12</ele>
      </trkpt>
      <trkpt lat="40.00138" lon="-8.11818">
        <ele>424.15</ele>
      </trkpt>
      <trkpt lat="40.00146" lon="-8.11809">
        <ele>427.33</ele>
      </trkpt>
      <trkpt lat="40.00153" lon="-8.118">
        <ele>429.85</ele>
      </trkpt>
      <trkpt lat="40.00169" lon="-8.11772">
        <ele>435.12</ele>
      </trkpt>
      <trkpt lat="40.00182" lon="-8.11755">
        <ele>439.25</ele>
      </trkpt>
      <trkpt lat="40.00192" lon="-8.11745">
        <ele>441.16</ele>
      </trkpt>
      <trkpt lat="40.00203" lon="-8.11736">
        <ele>441.61</ele>
      </trkpt>
      <trkpt lat="40.00214" lon="-8.1173">
        <ele>441.97</ele>
      </trkpt>
      <trkpt lat="40.00224" lon="-8.11725">
        <ele>442.12</ele>
      </trkpt>
      <trkpt lat="40.00237" lon="-8.11722">
        <ele>440.92</ele>
      </trkpt>
      <trkpt lat="40.00316" lon="-8.11706">
        <ele>431.89</ele>
      </trkpt>
      <trkpt lat="40.00344" lon="-8.11701">
        <ele>434.04</ele>
      </trkpt>
      <trkpt lat="40.00421" lon="-8.11697">
        <ele>412.89</ele>
      </trkpt>
      <trkpt lat="40.00432" lon="-8.11694">
        <ele>409.62</ele>
      </trkpt>
      <trkpt lat="40.00452" lon="-8.11687">
        <ele>405.51</ele>
      </trkpt>
      <trkpt lat="40.00463" lon="-8.11682">
        <ele>403.72</ele>
      </trkpt>
      <trkpt lat="40.00474" lon="-8.11675">
        <ele>401.62</ele>
      </trkpt>
      <trkpt lat="40.00485" lon="-8.11666">
        <ele>401.32</ele>
      </trkpt>
      <trkpt lat="40.00494" lon="-8.11657">
        <ele>401.38</ele>
      </trkpt>
      <trkpt lat="40.00502" lon="-8.11647">
        <ele>400.83</ele>
      </trkpt>
      <trkpt lat="40.00509" lon="-8.11636">
        <ele>399.09</ele>
      </trkpt>
      <trkpt lat="40.00514" lon="-8.11625">
        <ele>396.75</ele>
      </trkpt>
      <trkpt lat="40.00521" lon="-8.11608">
        <ele>393.72</ele>
      </trkpt>
      <trkpt lat="40.00528" lon="-8.11579">
        <ele>391.99</ele>
      </trkpt>
      <trkpt lat="40.00551" lon="-8.11418">
        <ele>388.23</ele>
      </trkpt>
      <trkpt lat="40.00562" lon="-8.11325">
        <ele>374.23</ele>
      </trkpt>
      <trkpt lat="40.00569" lon="-8.1128">
        <ele>374.92</ele>
      </trkpt>
      <trkpt lat="40.00578" lon="-8.11235">
        <ele>374.94</ele>
      </trkpt>
      <trkpt lat="40.00585" lon="-8.11211">
        <ele>373.44</ele>
      </trkpt>
      <trkpt lat="40.00596" lon="-8.11184">
        <ele>373.46</ele>
      </trkpt>
      <trkpt lat="40.00602" lon="-8.11174">
        <ele>373.36</ele>
      </trkpt>
      <trkpt lat="40.00618" lon="-8.11154">
        <ele>372.92</ele>
      </trkpt>
      <trkpt lat="40.00627" lon="-8.11144">
        <ele>372.45</ele>
      </trkpt>
      <trkpt lat="40.00637" lon="-8.11136">
        <ele>372.48</ele>
      </trkpt>
      <trkpt lat="40.00651" lon="-8.11128">
        <ele>373.83</ele>
      </trkpt>
      <trkpt lat="40.00661" lon="-8.11123">
        <ele>374.81</ele>
      </trkpt>
      <trkpt lat="40.00705" lon="-8.11112">
        <ele>375.82</ele>
      </trkpt>
      <trkpt lat="40.00715" lon="-8.11108">
        <ele>374.48</ele>
      </trkpt>
      <trkpt lat="40.00731" lon="-8.11101">
        <ele>372.74</ele>
      </trkpt>
      <trkpt lat="40.00738" lon="-8.11095">
        <ele>371.09</ele>
      </trkpt>
      <trkpt lat="40.00758" lon="-8.11075">
        <ele>362.51</ele>
      </trkpt>
      <trkpt lat="40.00764" lon="-8.11066">
        <ele>358.44</ele>
      </trkpt>
      <trkpt lat="40.00775" lon="-8.11046">
        <ele>352.31</ele>
      </trkpt>
      <trkpt lat="40.00779" lon="-8.11036">
        <ele>350.57</ele>
      </trkpt>
      <trkpt lat="40.00782" lon="-8.11027">
        <ele>349.46</ele>
      </trkpt>
      <trkpt lat="40.00787" lon="-8.11009">
        <ele>350.0</ele>
      </trkpt>
      <trkpt lat="40.00789" lon="-8.10996">
        <ele>350.79</ele>
      </trkpt>
      <trkpt lat="40.0079" lon="-8.1098">
        <ele>353.2</ele>
      </trkpt>
      <trkpt lat="40.00788" lon="-8.10956">
        <ele>358.19</ele>
      </trkpt>
      <trkpt lat="40.00786" lon="-8.10942">
        <ele>361.53</ele>
      </trkpt>
      <trkpt lat="40.00775" lon="-8.10899">
        <ele>367.63</ele>
      </trkpt>
      <trkpt lat="40.00771" lon="-8.10879">
        <ele>369.2</ele>
      </trkpt>
      <trkpt lat="40.00766" lon="-8.10853">
        <ele>371.88</ele>
      </trkpt>
      <trkpt lat="40.00762" lon="-8.10821">
        <ele>373.92</ele>
      </trkpt>
      <trkpt lat="40.00764" lon="-8.108">
        <ele>374.22</ele>
      </trkpt>
      <trkpt lat="40.00766" lon="-8.10788">
        <ele>373.88</ele>
      </trkpt>
      <trkpt lat="40.00773" lon="-8.10767">
        <ele>373.08</ele>
      </trkpt>
      <trkpt lat="40.00778" lon="-8.10755">
        <ele>372.63</ele>
      </trkpt>
      <trkpt lat="40.00789" lon="-8.10732">
        <ele>375.68</ele>
      </trkpt>
      <trkpt lat="40.00795" lon="-8.10721">
        <ele>377.12</ele>
      </trkpt>
      <trkpt lat="40.00808" lon="-8.10704">
        <ele>379.82</ele>
      </trkpt>
      <trkpt lat="40.00822" lon="-8.1069">
        <ele>382.88</ele>
      </trkpt>
      <trkpt lat="40.00829" lon="-8.10685">
        <ele>384.4</ele>
      </trkpt>
      <trkpt lat="40.00838" lon="-8.10681">
        <ele>385.75</ele>
      </trkpt>
      <trkpt lat="40.00859" lon="-8.10674">
        <ele>386.88</ele>
      </trkpt>
      <trkpt lat="40.00877" lon="-8.1067">
        <ele>388.68</ele>
      </trkpt>
      <trkpt lat="40.00884" lon="-8.1067">
        <ele>389.88</ele>
      </trkpt>
      <trkpt lat="40.00902" lon="-8.10672">
        <ele>389.83</ele>
      </trkpt>
      <trkpt lat="40.00971" lon="-8.10684">
        <ele>398.13</ele>
      </trkpt>
      <trkpt lat="40.00985" lon="-8.10684">
        <ele>401.47</ele>
      </trkpt>
      <trkpt lat="40.0099" lon="-8.10683">
        <ele>402.38</ele>
      </trkpt>
      <trkpt lat="40.01004" lon="-8.10677">
        <ele>403.73</ele>
      </trkpt>
      <trkpt lat="40.01015" lon="-8.10667">
        <ele>399.43</ele>
      </trkpt>
      <trkpt lat="40.01024" lon="-8.10656">
        <ele>396.01</ele>
      </trkpt>
      <trkpt lat="40.01032" lon="-8.10642">
        <ele>393.32</ele>
      </trkpt>
      <trkpt lat="40.01037" lon="-8.10625">
        <ele>389.01</ele>
      </trkpt>
      <trkpt lat="40.01039" lon="-8.10617">
        <ele>387.25</ele>
      </trkpt>
      <trkpt lat="40.01041" lon="-8.10595">
        <ele>386.82</ele>
      </trkpt>
      <trkpt lat="40.01039" lon="-8.10574">
        <ele>387.69</ele>
      </trkpt>
      <trkpt lat="40.01035" lon="-8.10504">
        <ele>396.69</ele>
      </trkpt>
      <trkpt lat="40.01034" lon="-8.10479">
        <ele>398.36</ele>
      </trkpt>
      <trkpt lat="40.01037" lon="-8.10456">
        <ele>400.05</ele>
      </trkpt>
      <trkpt lat="40.01039" lon="-8.10443">
        <ele>400.8</ele>
      </trkpt>
      <trkpt lat="40.01041" lon="-8.10435">
        <ele>402.23</ele>
      </trkpt>
      <trkpt lat="40.01044" lon="-8.10427">
        <ele>404.06</ele>
      </trkpt>
      <trkpt lat="40.01058" lon="-8.10398">
        <ele>412.5</ele>
      </trkpt>
      <trkpt lat="40.01066" lon="-8.10384">
        <ele>412.26</ele>
      </trkpt>
      <trkpt lat="40.01073" lon="-8.10373">
        <ele>411.41</ele>
      </trkpt>
      <trkpt lat="40.01089" lon="-8.10357">
        <ele>408.93</ele>
      </trkpt>
      <trkpt lat="40.01111" lon="-8.10342">
        <ele>401.42</ele>
      </trkpt>
      <trkpt lat="40.01165" lon="-8.10302">
        <ele>398.21</ele>
      </trkpt>
      <trkpt lat="40.01405" lon="-8.10119">
        <ele>369.15</ele>
      </trkpt>
      <trkpt lat="40.0142" lon="-8.10108">
        <ele>362.44</ele>
      </trkpt>
      <trkpt lat="40.015" lon="-8.10038">
        <ele>353.74</ele>
      </trkpt>
      <trkpt lat="40.01514" lon="-8.10024">
        <ele>354.0</ele>
      </trkpt>
      <trkpt lat="40.01525" lon="-8.1001">
        <ele>353.09</ele>
      </trkpt>
      <trkpt lat="40.01536" lon="-8.09994">
        <ele>352.47</ele>
      </trkpt>
      <trkpt lat="40.01553" lon="-8.09963">
        <ele>349.35</ele>
      </trkpt>
      <trkpt lat="40.01561" lon="-8.09947">
        <ele>348.18</ele>
      </trkpt>
      <trkpt lat="40.0157" lon="-8.09926">
        <ele>349.26</ele>
      </trkpt>
      <trkpt lat="40.0158" lon="-8.09896">
        <ele>349.55</ele>
      </trkpt>
      <trkpt lat="40.01588" lon="-8.09859">
        <ele>351.41</ele>
      </trkpt>
      <trkpt lat="40.01591" lon="-8.09842">
        <ele>350.65</ele>
      </trkpt>
      <trkpt lat="40.016" lon="-8.09763">
        <ele>348.37</ele>
      </trkpt>
      <trkpt lat="40.01602" lon="-8.0975">
        <ele>348.61</ele>
      </trkpt>
      <trkpt lat="40.01604" lon="-8.09738">
        <ele>348.36</ele>
      </trkpt>
      <trkpt lat="40.01608" lon="-8.09727">
        <ele>347.15</ele>
      </trkpt>
      <trkpt lat="40.01612" lon="-8.09716">
        <ele>346.34</ele>
      </trkpt>
      <trkpt lat="40.01618" lon="-8.09704">
        <ele>345.33</ele>
      </trkpt>
      <trkpt lat="40.01625" lon="-8.09693">
        <ele>343.6</ele>
      </trkpt>
      <trkpt lat="40.01637" lon="-8.09679">
        <ele>339.38</ele>
      </trkpt>
      <trkpt lat="40.01654" lon="-8.09665">
        <ele>333.11</ele>
      </trkpt>
      <trkpt lat="40.01662" lon="-8.0966">
        <ele>330.29</ele>
      </trkpt>
      <trkpt lat="40.01679" lon="-8.09654">
        <ele>326.05</ele>
      </trkpt>
      <trkpt lat="40.01701" lon="-8.09652">
        <ele>323.94</ele>
      </trkpt>
      <trkpt lat="40.01742" lon="-8.09658">
        <ele>334.45</ele>
      </trkpt>
      <trkpt lat="40.01772" lon="-8.09661">
        <ele>337.24</ele>
      </trkpt>
      <trkpt lat="40.0178" lon="-8.09661">
        <ele>337.22</ele>
      </trkpt>
      <trkpt lat="40.01794" lon="-8.09657">
        <ele>336.55</ele>
      </trkpt>
      <trkpt lat="40.01807" lon="-8.0965">
        <ele>336.75</ele>
      </trkpt>
      <trkpt lat="40.01821" lon="-8.09639">
        <ele>335.65</ele>
      </trkpt>
      <trkpt lat="40.01838" lon="-8.0962">
        <ele>335.71</ele>
      </trkpt>
      <trkpt lat="40.01856" lon="-8.09599">
        <ele>334.65</ele>
      </trkpt>
      <trkpt lat="40.01949" lon="-8.09477">
        <ele>343.48</ele>
      </trkpt>
      <trkpt lat="40.02024" lon="-8.09381">
        <ele>336.96</ele>
      </trkpt>
      <trkpt lat="40.02197" lon="-8.09156">
        <ele>349.12</ele>
      </trkpt>
      <trkpt lat="40.02204" lon="-8.09146">
        <ele>350.56</ele>
      </trkpt>
      <trkpt lat="40.02208" lon="-8.09137">
        <ele>351.44</ele>
      </trkpt>
      <trkpt lat="40.02221" lon="-8.09097">
        <ele>354.49</ele>
      </trkpt>
      <trkpt lat="40.02228" lon="-8.09079">
        <ele>355.99</ele>
      </trkpt>
      <trkpt lat="40.02238" lon="-8.09061">
        <ele>354.65</ele>
      </trkpt>
      <trkpt lat="40.02244" lon="-8.09054">
        <ele>352.64</ele>
      </trkpt>
      <trkpt lat="40.02392" lon="-8.08911">
        <ele>365.43</ele>
      </trkpt>
      <trkpt lat="40.02409" lon="-8.08894">
        <ele>365.09</ele>
      </trkpt>
      <trkpt lat="40.02421" lon="-8.08877">
        <ele>363.66</ele>
      </trkpt>
      <trkpt lat="40.02473" lon="-8.08773">
        <ele>364.92</ele>
      </trkpt>
      <trkpt lat="40.02479" lon="-8.08756">
        <ele>367.92</ele>
      </trkpt>
      <trkpt lat="40.02485" lon="-8.08732">
        <ele>370.02</ele>
      </trkpt>
      <trkpt lat="40.02495" lon="-8.08672">
        <ele>373.54</ele>
      </trkpt>
      <trkpt lat="40.02498" lon="-8.08639">
        <ele>374.86</ele>
      </trkpt>
      <trkpt lat="40.02498" lon="-8.08628">
        <ele>375.26</ele>
      </trkpt>
      <trkpt lat="40.02491" lon="-8.08576">
        <ele>377.98</ele>
      </trkpt>
      <trkpt lat="40.0249" lon="-8.08564">
        <ele>378.51</ele>
      </trkpt>
      <trkpt lat="40.0249" lon="-8.08559">
        <ele>378.57</ele>
      </trkpt>
      <trkpt lat="40.02494" lon="-8.08548">
        <ele>377.14</ele>
      </trkpt>
      <trkpt lat="40.025" lon="-8.08539">
        <ele>375.6</ele>
      </trkpt>
      <trkpt lat="40.02505" lon="-8.08535">
        <ele>375.42</ele>
      </trkpt>
      <trkpt lat="40.02509" lon="-8.08533">
        <ele>375.31</ele>
      </trkpt>
      <trkpt lat="40.0252" lon="-8.08532">
        <ele>374.8</ele>
      </trkpt>
      <trkpt lat="40.02548" lon="-8.08538">
        <ele>375.98</ele>
      </trkpt>
      <trkpt lat="40.02553" lon="-8.08538">
        <ele>376.59</ele>
      </trkpt>
      <trkpt lat="40.02559" lon="-8.08535">
        <ele>377.44</ele>
      </trkpt>
      <trkpt lat="40.02565" lon="-8.08532">
        <ele>378.17</ele>
      </trkpt>
      <trkpt lat="40.02583" lon="-8.08517">
        <ele>382.71</ele>
      </trkpt>
      <trkpt lat="40.02694" lon="-8.08425">
        <ele>394.37</ele>
      </trkpt>
      <trkpt lat="40.02702" lon="-8.08417">
        <ele>394.73</ele>
      </trkpt>
      <trkpt lat="40.0271" lon="-8.08406">
        <ele>395.21</ele>
      </trkpt>
      <trkpt lat="40.02717" lon="-8.08392">
        <ele>396.72</ele>
      </trkpt>
      <trkpt lat="40.02742" lon="-8.08341">
        <ele>404.93</ele>
      </trkpt>
      <trkpt lat="40.02776" lon="-8.08276">
        <ele>404.26</ele>
      </trkpt>
      <trkpt lat="40.02801" lon="-8.08226">
        <ele>398.62</ele>
      </trkpt>
      <trkpt lat="40.02808" lon="-8.08217">
        <ele>399.3</ele>
      </trkpt>
      <trkpt lat="40.02813" lon="-8.08212">
        <ele>400.74</ele>
      </trkpt>
      <trkpt lat="40.02823" lon="-8.08205">
        <ele>402.98</ele>
      </trkpt>
      <trkpt lat="40.02829" lon="-8.08203">
        <ele>403.84</ele>
      </trkpt>
      <trkpt lat="40.02855" lon="-8.08199">
        <ele>404.24</ele>
      </trkpt>
      <trkpt lat="40.02861" lon="-8.08197">
        <ele>404.45</ele>
      </trkpt>
      <trkpt lat="40.02872" lon="-8.0819">
        <ele>406.41</ele>
      </trkpt>
      <trkpt lat="40.02882" lon="-8.08177">
        <ele>409.99</ele>
      </trkpt>
      <trkpt lat="40.02969" lon="-8.08051">
        <ele>423.59</ele>
      </trkpt>
      <trkpt lat="40.02981" lon="-8.08037">
        <ele>423.85</ele>
      </trkpt>
      <trkpt lat="40.02993" lon="-8.08025">
        <ele>424.06</ele>
      </trkpt>
      <trkpt lat="40.02999" lon="-8.08022">
        <ele>423.73</ele>
      </trkpt>
      <trkpt lat="40.03012" lon="-8.08016">
        <ele>422.73</ele>
      </trkpt>
      <trkpt lat="40.03026" lon="-8.08015">
        <ele>421.07</ele>
      </trkpt>
      <trkpt lat="40.03078" lon="-8.08025">
        <ele>423.89</ele>
      </trkpt>
      <trkpt lat="40.03086" lon="-8.08025">
        <ele>423.98</ele>
      </trkpt>
      <trkpt lat="40.03093" lon="-8.08025">
        <ele>422.62</ele>
      </trkpt>
      <trkpt lat="40.03099" lon="-8.08023">
        <ele>422.06</ele>
      </trkpt>
      <trkpt lat="40.03105" lon="-8.0802">
        <ele>422.03</ele>
      </trkpt>
      <trkpt lat="40.03209" lon="-8.07953">
        <ele>440.02</ele>
      </trkpt>
      <trkpt lat="40.03222" lon="-8.07944">
        <ele>442.06</ele>
      </trkpt>
      <trkpt lat="40.03238" lon="-8.07927">
        <ele>442.68</ele>
      </trkpt>
      <trkpt lat="40.03242" lon="-8.0792">
        <ele>443.67</ele>
      </trkpt>
      <trkpt lat="40.03279" lon="-8.07849">
        <ele>449.84</ele>
      </trkpt>
      <trkpt lat="40.03282" lon="-8.0784">
        <ele>449.8</ele>
      </trkpt>
      <trkpt lat="40.03284" lon="-8.07833">
        <ele>449.98</ele>
      </trkpt>
      <trkpt lat="40.03285" lon="-8.07825">
        <ele>449.53</ele>
      </trkpt>
      <trkpt lat="40.03285" lon="-8.07817">
        <ele>449.4</ele>
      </trkpt>
      <trkpt lat="40.03283" lon="-8.07808">
        <ele>449.51</ele>
      </trkpt>
      <trkpt lat="40.03281" lon="-8.078">
        <ele>450.78</ele>
      </trkpt>
      <trkpt lat="40.03271" lon="-8.07783">
        <ele>454.46</ele>
      </trkpt>
      <trkpt lat="40.03266" lon="-8.07771">
        <ele>454.73</ele>
      </trkpt>
      <trkpt lat="40.03264" lon="-8.07763">
        <ele>454.51</ele>
      </trkpt>
      <trkpt lat="40.03263" lon="-8.07755">
        <ele>454.4</ele>
      </trkpt>
      <trkpt lat="40.03263" lon="-8.07746">
        <ele>454.47</ele>
      </trkpt>
      <trkpt lat="40.03265" lon="-8.07737">
        <ele>454.87</ele>
      </trkpt>
      <trkpt lat="40.03298" lon="-8.07655">
        <ele>456.7</ele>
      </trkpt>
      <trkpt lat="40.03366" lon="-8.0749">
        <ele>471.7</ele>
      </trkpt>
      <trkpt lat="40.03378" lon="-8.07465">
        <ele>473.01</ele>
      </trkpt>
      <trkpt lat="40.03391" lon="-8.07441">
        <ele>472.86</ele>
      </trkpt>
      <trkpt lat="40.03398" lon="-8.07433">
        <ele>472.75</ele>
      </trkpt>
      <trkpt lat="40.03409" lon="-8.07427">
        <ele>473.29</ele>
      </trkpt>
      <trkpt lat="40.03424" lon="-8.07422">
        <ele>473.31</ele>
      </trkpt>
      <trkpt lat="40.03442" lon="-8.07419">
        <ele>472.34</ele>
      </trkpt>
      <trkpt lat="40.03458" lon="-8.07418">
        <ele>473.51</ele>
      </trkpt>
      <trkpt lat="40.03464" lon="-8.07419">
        <ele>474.13</ele>
      </trkpt>
      <trkpt lat="40.0348" lon="-8.07424">
        <ele>473.71</ele>
      </trkpt>
      <trkpt lat="40.03646" lon="-8.07508">
        <ele>494.38</ele>
      </trkpt>
      <trkpt lat="40.03656" lon="-8.07513">
        <ele>496.03</ele>
      </trkpt>
      <trkpt lat="40.03674" lon="-8.07525">
        <ele>499.28</ele>
      </trkpt>
      <trkpt lat="40.03891" lon="-8.07689">
        <ele>498.98</ele>
      </trkpt>
      <trkpt lat="40.03906" lon="-8.07698">
        <ele>503.18</ele>
      </trkpt>
      <trkpt lat="40.03913" lon="-8.07701">
        <ele>504.86</ele>
      </trkpt>
      <trkpt lat="40.03921" lon="-8.07702">
        <ele>506.8</ele>
      </trkpt>
      <trkpt lat="40.03937" lon="-8.07698">
        <ele>510.44</ele>
      </trkpt>
      <trkpt lat="40.03944" lon="-8.07693">
        <ele>511.51</ele>
      </trkpt>
      <trkpt lat="40.03985" lon="-8.07644">
        <ele>507.68</ele>
      </trkpt>
      <trkpt lat="40.03991" lon="-8.07638">
        <ele>507.52</ele>
      </trkpt>
      <trkpt lat="40.03997" lon="-8.07635">
        <ele>507.74</ele>
      </trkpt>
      <trkpt lat="40.04004" lon="-8.07632">
        <ele>507.04</ele>
      </trkpt>
      <trkpt lat="40.04012" lon="-8.07631">
        <ele>505.94</ele>
      </trkpt>
      <trkpt lat="40.04022" lon="-8.07632">
        <ele>504.93</ele>
      </trkpt>
      <trkpt lat="40.0403" lon="-8.07635">
        <ele>504.58</ele>
      </trkpt>
      <trkpt lat="40.04038" lon="-8.07641">
        <ele>505.22</ele>
      </trkpt>
      <trkpt lat="40.04044" lon="-8.07648">
        <ele>505.74</ele>
      </trkpt>
      <trkpt lat="40.04051" lon="-8.0766">
        <ele>506.13</ele>
      </trkpt>
      <trkpt lat="40.04056" lon="-8.07671">
        <ele>506.72</ele>
      </trkpt>
      <trkpt lat="40.04072" lon="-8.07728">
        <ele>514.99</ele>
      </trkpt>
      <trkpt lat="40.04078" lon="-8.07743">
        <ele>515.98</ele>
      </trkpt>
      <trkpt lat="40.04086" lon="-8.07754">
        <ele>516.08</ele>
      </trkpt>
      <trkpt lat="40.04094" lon="-8.07759">
        <ele>516.26</ele>
      </trkpt>
      <trkpt lat="40.04101" lon="-8.07762">
        <ele>516.36</ele>
      </trkpt>
      <trkpt lat="40.0411" lon="-8.07763">
        <ele>516.51</ele>
      </trkpt>
      <trkpt lat="40.04118" lon="-8.07763">
        <ele>518.0</ele>
      </trkpt>
      <trkpt lat="40.04127" lon="-8.0776">
        <ele>519.91</ele>
      </trkpt>
      <trkpt lat="40.04178" lon="-8.0773">
        <ele>521.25</ele>
      </trkpt>
      <trkpt lat="40.04182" lon="-8.07726">
        <ele>520.96</ele>
      </trkpt>
      <trkpt lat="40.04187" lon="-8.0772">
        <ele>520.53</ele>
      </trkpt>
      <trkpt lat="40.0419" lon="-8.07714">
        <ele>520.15</ele>
      </trkpt>
      <trkpt lat="40.04193" lon="-8.07706">
        <ele>519.72</ele>
      </trkpt>
      <trkpt lat="40.04195" lon="-8.07698">
        <ele>519.37</ele>
      </trkpt>
      <trkpt lat="40.04196" lon="-8.07691">
        <ele>519.83</ele>
      </trkpt>
      <trkpt lat="40.04195" lon="-8.07679">
        <ele>521.33</ele>
      </trkpt>
      <trkpt lat="40.04193" lon="-8.07669">
        <ele>522.46</ele>
      </trkpt>
      <trkpt lat="40.04188" lon="-8.0766">
        <ele>523.03</ele>
      </trkpt>
      <trkpt lat="40.04165" lon="-8.0763">
        <ele>524.22</ele>
      </trkpt>
      <trkpt lat="40.04161" lon="-8.07621">
        <ele>524.86</ele>
      </trkpt>
      <trkpt lat="40.04157" lon="-8.0761">
        <ele>525.7</ele>
      </trkpt>
      <trkpt lat="40.04156" lon="-8.07597">
        <ele>527.03</ele>
      </trkpt>
      <trkpt lat="40.04155" lon="-8.07558">
        <ele>529.39</ele>
      </trkpt>
      <trkpt lat="40.04158" lon="-8.07541">
        <ele>530.82</ele>
      </trkpt>
      <trkpt lat="40.04161" lon="-8.07533">
        <ele>531.75</ele>
      </trkpt>
      <trkpt lat="40.04165" lon="-8.07526">
        <ele>532.64</ele>
      </trkpt>
      <trkpt lat="40.04175" lon="-8.07511">
        <ele>533.71</ele>
      </trkpt>
      <trkpt lat="40.0421" lon="-8.07471">
        <ele>535.05</ele>
      </trkpt>
      <trkpt lat="40.04227" lon="-8.07452">
        <ele>534.89</ele>
      </trkpt>
      <trkpt lat="40.04232" lon="-8.07447">
        <ele>534.89</ele>
      </trkpt>
      <trkpt lat="40.0424" lon="-8.07443">
        <ele>535.19</ele>
      </trkpt>
      <trkpt lat="40.04247" lon="-8.07442">
        <ele>535.62</ele>
      </trkpt>
      <trkpt lat="40.04256" lon="-8.07442">
        <ele>536.24</ele>
      </trkpt>
      <trkpt lat="40.04266" lon="-8.07444">
        <ele>537.11</ele>
      </trkpt>
      <trkpt lat="40.04311" lon="-8.0746">
        <ele>537.31</ele>
      </trkpt>
      <trkpt lat="40.04319" lon="-8.07464">
        <ele>537.82</ele>
      </trkpt>
      <trkpt lat="40.04395" lon="-8.0752">
        <ele>550.98</ele>
      </trkpt>
      <trkpt lat="40.04401" lon="-8.07524">
        <ele>552.78</ele>
      </trkpt>
      <trkpt lat="40.04408" lon="-8.07526">
        <ele>554.69</ele>
      </trkpt>
      <trkpt lat="40.04415" lon="-8.07527">
        <ele>556.52</ele>
      </trkpt>
      <trkpt lat="40.04423" lon="-8.07527">
        <ele>558.3</ele>
      </trkpt>
      <trkpt lat="40.0443" lon="-8.07525">
        <ele>559.58</ele>
      </trkpt>
      <trkpt lat="40.04437" lon="-8.07521">
        <ele>560.55</ele>
      </trkpt>
      <trkpt lat="40.04459" lon="-8.07506">
        <ele>560.73</ele>
      </trkpt>
      <trkpt lat="40.04466" lon="-8.07498">
        <ele>559.65</ele>
      </trkpt>
      <trkpt lat="40.0447" lon="-8.07491">
        <ele>559.3</ele>
      </trkpt>
      <trkpt lat="40.04472" lon="-8.07482">
        <ele>558.7</ele>
      </trkpt>
      <trkpt lat="40.04472" lon="-8.0747">
        <ele>558.0</ele>
      </trkpt>
      <trkpt lat="40.0447" lon="-8.07461">
        <ele>557.77</ele>
      </trkpt>
      <trkpt lat="40.04465" lon="-8.07452">
        <ele>556.68</ele>
      </trkpt>
      <trkpt lat="40.04457" lon="-8.07444">
        <ele>554.13</ele>
      </trkpt>
      <trkpt lat="40.04447" lon="-8.07441">
        <ele>551.59</ele>
      </trkpt>
      <trkpt lat="40.04424" lon="-8.07438">
        <ele>553.94</ele>
      </trkpt>
      <trkpt lat="40.04415" lon="-8.07435">
        <ele>554.62</ele>
      </trkpt>
      <trkpt lat="40.04406" lon="-8.07431">
        <ele>552.68</ele>
      </trkpt>
      <trkpt lat="40.04398" lon="-8.07423">
        <ele>551.33</ele>
      </trkpt>
      <trkpt lat="40.04339" lon="-8.07355">
        <ele>553.94</ele>
      </trkpt>
      <trkpt lat="40.04334" lon="-8.07346">
        <ele>554.31</ele>
      </trkpt>
      <trkpt lat="40.04331" lon="-8.07337">
        <ele>554.9</ele>
      </trkpt>
      <trkpt lat="40.0433" lon="-8.07327">
        <ele>555.67</ele>
      </trkpt>
      <trkpt lat="40.04332" lon="-8.07318">
        <ele>556.82</ele>
      </trkpt>
      <trkpt lat="40.04336" lon="-8.07309">
        <ele>558.24</ele>
      </trkpt>
      <trkpt lat="40.04341" lon="-8.07303">
        <ele>559.38</ele>
      </trkpt>
      <trkpt lat="40.04347" lon="-8.07299">
        <ele>560.46</ele>
      </trkpt>
      <trkpt lat="40.04355" lon="-8.07296">
        <ele>561.9</ele>
      </trkpt>
      <trkpt lat="40.04362" lon="-8.07297">
        <ele>563.25</ele>
      </trkpt>
      <trkpt lat="40.04369" lon="-8.073">
        <ele>565.22</ele>
      </trkpt>
      <trkpt lat="40.04375" lon="-8.07306">
        <ele>566.97</ele>
      </trkpt>
      <trkpt lat="40.04402" lon="-8.07338">
        <ele>568.69</ele>
      </trkpt>
      <trkpt lat="40.04407" lon="-8.07343">
        <ele>567.67</ele>
      </trkpt>
      <trkpt lat="40.04413" lon="-8.07346">
        <ele>567.44</ele>
      </trkpt>
      <trkpt lat="40.0442" lon="-8.07348">
        <ele>566.97</ele>
      </trkpt>
      <trkpt lat="40.04429" lon="-8.07348">
        <ele>566.38</ele>
      </trkpt>
      <trkpt lat="40.04436" lon="-8.07345">
        <ele>566.65</ele>
      </trkpt>
      <trkpt lat="40.04521" lon="-8.07293">
        <ele>567.18</ele>
      </trkpt>
      <trkpt lat="40.04527" lon="-8.07289">
        <ele>569.44</ele>
      </trkpt>
      <trkpt lat="40.04533" lon="-8.07283">
        <ele>572.14</ele>
      </trkpt>
      <trkpt lat="40.04539" lon="-8.07275">
        <ele>574.6</ele>
      </trkpt>
      <trkpt lat="40.04546" lon="-8.07259">
        <ele>578.06</ele>
      </trkpt>
      <trkpt lat="40.04576" lon="-8.07149">
        <ele>582.66</ele>
      </trkpt>
      <trkpt lat="40.04579" lon="-8.0714">
        <ele>582.7</ele>
      </trkpt>
      <trkpt lat="40.04583" lon="-8.07132">
        <ele>583.47</ele>
      </trkpt>
      <trkpt lat="40.04592" lon="-8.07121">
        <ele>585.94</ele>
      </trkpt>
      <trkpt lat="40.04602" lon="-8.07112">
        <ele>588.92</ele>
      </trkpt>
      <trkpt lat="40.04613" lon="-8.07108">
        <ele>592.17</ele>
      </trkpt>
      <trkpt lat="40.04619" lon="-8.07108">
        <ele>593.39</ele>
      </trkpt>
      <trkpt lat="40.04625" lon="-8.0711">
        <ele>594.22</ele>
      </trkpt>
      <trkpt lat="40.04629" lon="-8.07113">
        <ele>594.59</ele>
      </trkpt>
      <trkpt lat="40.04633" lon="-8.07117">
        <ele>594.88</ele>
      </trkpt>
      <trkpt lat="40.04637" lon="-8.07123">
        <ele>594.88</ele>
      </trkpt>
      <trkpt lat="40.04646" lon="-8.07147">
        <ele>591.14</ele>
      </trkpt>
      <trkpt lat="40.04648" lon="-8.07152">
        <ele>589.87</ele>
      </trkpt>
      <trkpt lat="40.04657" lon="-8.07161">
        <ele>587.56</ele>
      </trkpt>
      <trkpt lat="40.04662" lon="-8.07164">
        <ele>586.75</ele>
      </trkpt>
      <trkpt lat="40.04666" lon="-8.07166">
        <ele>586.19</ele>
      </trkpt>
      <trkpt lat="40.04674" lon="-8.07167">
        <ele>585.67</ele>
      </trkpt>
      <trkpt lat="40.04738" lon="-8.07169">
        <ele>593.68</ele>
      </trkpt>
      <trkpt lat="40.04745" lon="-8.07171">
        <ele>594.53</ele>
      </trkpt>
      <trkpt lat="40.0475" lon="-8.07174">
        <ele>595.26</ele>
      </trkpt>
      <trkpt lat="40.04755" lon="-8.07176">
        <ele>596.59</ele>
      </trkpt>
      <trkpt lat="40.04759" lon="-8.07181">
        <ele>597.61</ele>
      </trkpt>
      <trkpt lat="40.04764" lon="-8.07187">
        <ele>598.66</ele>
      </trkpt>
      <trkpt lat="40.04767" lon="-8.07194">
        <ele>599.07</ele>
      </trkpt>
      <trkpt lat="40.04769" lon="-8.07202">
        <ele>599.96</ele>
      </trkpt>
      <trkpt lat="40.0477" lon="-8.07211">
        <ele>600.79</ele>
      </trkpt>
      <trkpt lat="40.0477" lon="-8.07218">
        <ele>601.3</ele>
      </trkpt>
      <trkpt lat="40.04768" lon="-8.07236">
        <ele>601.76</ele>
      </trkpt>
      <trkpt lat="40.04759" lon="-8.07273">
        <ele>601.09</ele>
      </trkpt>
      <trkpt lat="40.04757" lon="-8.07288">
        <ele>599.84</ele>
      </trkpt>
      <trkpt lat="40.04757" lon="-8.07296">
        <ele>599.12</ele>
      </trkpt>
      <trkpt lat="40.04759" lon="-8.07304">
        <ele>598.75</ele>
      </trkpt>
      <trkpt lat="40.04765" lon="-8.07317">
        <ele>598.46</ele>
      </trkpt>
      <trkpt lat="40.04773" lon="-8.07328">
        <ele>598.72</ele>
      </trkpt>
      <trkpt lat="40.04829" lon="-8.07366">
        <ele>607.85</ele>
      </trkpt>
      <trkpt lat="40.04842" lon="-8.07372">
        <ele>611.69</ele>
      </trkpt>
      <trkpt lat="40.04848" lon="-8.07374">
        <ele>613.51</ele>
      </trkpt>
      <trkpt lat="40.04861" lon="-8.07375">
        <ele>617.47</ele>
      </trkpt>
      <trkpt lat="40.04869" lon="-8.07373">
        <ele>619.15</ele>
      </trkpt>
      <trkpt lat="40.04912" lon="-8.07349">
        <ele>622.74</ele>
      </trkpt>
      <trkpt lat="40.04917" lon="-8.07347">
        <ele>622.45</ele>
      </trkpt>
      <trkpt lat="40.0493" lon="-8.07343">
        <ele>619.76</ele>
      </trkpt>
      <trkpt lat="40.05035" lon="-8.0734">
        <ele>617.84</ele>
      </trkpt>
      <trkpt lat="40.05051" lon="-8.07338">
        <ele>619.5</ele>
      </trkpt>
      <trkpt lat="40.05064" lon="-8.07333">
        <ele>620.77</ele>
      </trkpt>
      <trkpt lat="40.0507" lon="-8.07329">
        <ele>621.42</ele>
      </trkpt>
      <trkpt lat="40.0508" lon="-8.07318">
        <ele>623.43</ele>
      </trkpt>
      <trkpt lat="40.0513" lon="-8.07262">
        <ele>630.47</ele>
      </trkpt>
      <trkpt lat="40.0517" lon="-8.07217">
        <ele>629.37</ele>
      </trkpt>
      <trkpt lat="40.05174" lon="-8.07213">
        <ele>630.74</ele>
      </trkpt>
      <trkpt lat="40.0518" lon="-8.07209">
        <ele>632.53</ele>
      </trkpt>
      <trkpt lat="40.05191" lon="-8.07207">
        <ele>635.05</ele>
      </trkpt>
      <trkpt lat="40.05196" lon="-8.07208">
        <ele>635.98</ele>
      </trkpt>
      <trkpt lat="40.05201" lon="-8.0721">
        <ele>636.98</ele>
      </trkpt>
      <trkpt lat="40.05205" lon="-8.07214">
        <ele>637.41</ele>
      </trkpt>
      <trkpt lat="40.05209" lon="-8.07219">
        <ele>637.71</ele>
      </trkpt>
      <trkpt lat="40.05213" lon="-8.07225">
        <ele>638.11</ele>
      </trkpt>
      <trkpt lat="40.05289" lon="-8.07385">
        <ele>647.37</ele>
      </trkpt>
      <trkpt lat="40.05301" lon="-8.07404">
        <ele>645.86</ele>
      </trkpt>
      <trkpt lat="40.05311" lon="-8.07415">
        <ele>646.33</ele>
      </trkpt>
      <trkpt lat="40.05317" lon="-8.07418">
        <ele>647.5</ele>
      </trkpt>
      <trkpt lat="40.05322" lon="-8.07421">
        <ele>648.62</ele>
      </trkpt>
      <trkpt lat="40.05328" lon="-8.07422">
        <ele>649.88</ele>
      </trkpt>
      <trkpt lat="40.05335" lon="-8.07422">
        <ele>651.03</ele>
      </trkpt>
      <trkpt lat="40.05349" lon="-8.07418">
        <ele>651.48</ele>
      </trkpt>
      <trkpt lat="40.0536" lon="-8.07411">
        <ele>652.95</ele>
      </trkpt>
      <trkpt lat="40.05452" lon="-8.07319">
        <ele>656.2</ele>
      </trkpt>
      <trkpt lat="40.05458" lon="-8.07312">
        <ele>656.13</ele>
      </trkpt>
      <trkpt lat="40.05467" lon="-8.07296">
        <ele>656.38</ele>
      </trkpt>
      <trkpt lat="40.0547" lon="-8.07287">
        <ele>656.6</ele>
      </trkpt>
      <trkpt lat="40.05501" lon="-8.07138">
        <ele>658.97</ele>
      </trkpt>
      <trkpt lat="40.05504" lon="-8.07128">
        <ele>660.98</ele>
      </trkpt>
      <trkpt lat="40.05511" lon="-8.07113">
        <ele>663.29</ele>
      </trkpt>
      <trkpt lat="40.05519" lon="-8.07103">
        <ele>664.86</ele>
      </trkpt>
      <trkpt lat="40.05536" lon="-8.0709">
        <ele>666.09</ele>
      </trkpt>
      <trkpt lat="40.05544" lon="-8.07081">
        <ele>668.19</ele>
      </trkpt>
      <trkpt lat="40.05548" lon="-8.07074">
        <ele>669.47</ele>
      </trkpt>
      <trkpt lat="40.05556" lon="-8.07049">
        <ele>673.69</ele>
      </trkpt>
      <trkpt lat="40.05559" lon="-8.07043">
        <ele>673.12</ele>
      </trkpt>
      <trkpt lat="40.05564" lon="-8.07037">
        <ele>672.33</ele>
      </trkpt>
      <trkpt lat="40.05569" lon="-8.07032">
        <ele>672.12</ele>
      </trkpt>
      <trkpt lat="40.05597" lon="-8.07014">
        <ele>666.58</ele>
      </trkpt>
      <trkpt lat="40.05603" lon="-8.07008">
        <ele>665.98</ele>
      </trkpt>
      <trkpt lat="40.05639" lon="-8.06963">
        <ele>671.64</ele>
      </trkpt>
      <trkpt lat="40.05644" lon="-8.06957">
        <ele>672.0</ele>
      </trkpt>
      <trkpt lat="40.05656" lon="-8.0695">
        <ele>671.54</ele>
      </trkpt>
      <trkpt lat="40.05664" lon="-8.0695">
        <ele>670.38</ele>
      </trkpt>
      <trkpt lat="40.05669" lon="-8.06951">
        <ele>670.16</ele>
      </trkpt>
      <trkpt lat="40.05676" lon="-8.06953">
        <ele>670.8</ele>
      </trkpt>
      <trkpt lat="40.05693" lon="-8.06968">
        <ele>670.55</ele>
      </trkpt>
      <trkpt lat="40.05705" lon="-8.06975">
        <ele>667.51</ele>
      </trkpt>
      <trkpt lat="40.05712" lon="-8.06977">
        <ele>666.06</ele>
      </trkpt>
      <trkpt lat="40.05753" lon="-8.06981">
        <ele>670.65</ele>
      </trkpt>
      <trkpt lat="40.05759" lon="-8.06983">
        <ele>671.93</ele>
      </trkpt>
      <trkpt lat="40.05766" lon="-8.06987">
        <ele>673.23</ele>
      </trkpt>
      <trkpt lat="40.05775" lon="-8.06998">
        <ele>674.31</ele>
      </trkpt>
      <trkpt lat="40.05792" lon="-8.07029">
        <ele>672.78</ele>
      </trkpt>
      <trkpt lat="40.05801" lon="-8.07038">
        <ele>672.02</ele>
      </trkpt>
      <trkpt lat="40.0581" lon="-8.07043">
        <ele>672.68</ele>
      </trkpt>
      <trkpt lat="40.05815" lon="-8.07045">
        <ele>673.35</ele>
      </trkpt>
      <trkpt lat="40.05944" lon="-8.07059">
        <ele>690.19</ele>
      </trkpt>
      <trkpt lat="40.05957" lon="-8.07059">
        <ele>688.63</ele>
      </trkpt>
      <trkpt lat="40.05963" lon="-8.07058">
        <ele>688.05</ele>
      </trkpt>
      <trkpt lat="40.05976" lon="-8.07052">
        <ele>686.26</ele>
      </trkpt>
      <trkpt lat="40.05986" lon="-8.07044">
        <ele>684.9</ele>
      </trkpt>
      <trkpt lat="40.06038" lon="-8.06986">
        <ele>698.03</ele>
      </trkpt>
      <trkpt lat="40.06047" lon="-8.06973">
        <ele>702.43</ele>
      </trkpt>
      <trkpt lat="40.0605" lon="-8.06965">
        <ele>703.37</ele>
      </trkpt>
      <trkpt lat="40.06055" lon="-8.0695">
        <ele>704.6</ele>
      </trkpt>
      <trkpt lat="40.06056" lon="-8.06934">
        <ele>705.27</ele>
      </trkpt>
      <trkpt lat="40.06052" lon="-8.06891">
        <ele>707.65</ele>
      </trkpt>
      <trkpt lat="40.06053" lon="-8.06879">
        <ele>708.33</ele>
      </trkpt>
      <trkpt lat="40.06054" lon="-8.06873">
        <ele>708.54</ele>
      </trkpt>
      <trkpt lat="40.06061" lon="-8.06861">
        <ele>707.64</ele>
      </trkpt>
      <trkpt lat="40.06066" lon="-8.06853">
        <ele>707.54</ele>
      </trkpt>
      <trkpt lat="40.0613" lon="-8.06773">
        <ele>705.6</ele>
      </trkpt>
      <trkpt lat="40.06139" lon="-8.0676">
        <ele>706.45</ele>
      </trkpt>
      <trkpt lat="40.06143" lon="-8.06753">
        <ele>707.32</ele>
      </trkpt>
      <trkpt lat="40.06145" lon="-8.06745">
        <ele>708.84</ele>
      </trkpt>
      <trkpt lat="40.06147" lon="-8.06735">
        <ele>710.8</ele>
      </trkpt>
      <trkpt lat="40.0618" lon="-8.06557">
        <ele>720.64</ele>
      </trkpt>
      <trkpt lat="40.06184" lon="-8.06546">
        <ele>721.39</ele>
      </trkpt>
      <trkpt lat="40.06188" lon="-8.06541">
        <ele>721.27</ele>
      </trkpt>
      <trkpt lat="40.06196" lon="-8.06534">
        <ele>721.22</ele>
      </trkpt>
      <trkpt lat="40.06201" lon="-8.06532">
        <ele>721.04</ele>
      </trkpt>
      <trkpt lat="40.0621" lon="-8.06532">
        <ele>719.27</ele>
      </trkpt>
      <trkpt lat="40.06215" lon="-8.06534">
        <ele>717.34</ele>
      </trkpt>
      <trkpt lat="40.06224" lon="-8.06541">
        <ele>712.59</ele>
      </trkpt>
      <trkpt lat="40.06228" lon="-8.06546">
        <ele>710.78</ele>
      </trkpt>
      <trkpt lat="40.0626" lon="-8.06597">
        <ele>703.96</ele>
      </trkpt>
      <trkpt lat="40.06271" lon="-8.0661">
        <ele>704.14</ele>
      </trkpt>
      <trkpt lat="40.06277" lon="-8.06614">
        <ele>704.38</ele>
      </trkpt>
      <trkpt lat="40.06282" lon="-8.06617">
        <ele>705.15</ele>
      </trkpt>
      <trkpt lat="40.06289" lon="-8.06618">
        <ele>706.9</ele>
      </trkpt>
      <trkpt lat="40.06295" lon="-8.06618">
        <ele>708.57</ele>
      </trkpt>
      <trkpt lat="40.06318" lon="-8.06611">
        <ele>714.45</ele>
      </trkpt>
      <trkpt lat="40.06332" lon="-8.0661">
        <ele>715.03</ele>
      </trkpt>
      <trkpt lat="40.06338" lon="-8.06611">
        <ele>715.01</ele>
      </trkpt>
      <trkpt lat="40.06345" lon="-8.06613">
        <ele>714.71</ele>
      </trkpt>
      <trkpt lat="40.06352" lon="-8.06617">
        <ele>714.3</ele>
      </trkpt>
      <trkpt lat="40.06367" lon="-8.06629">
        <ele>713.42</ele>
      </trkpt>
      <trkpt lat="40.06632" lon="-8.06842">
        <ele>713.99</ele>
      </trkpt>
      <trkpt lat="40.06646" lon="-8.0685">
        <ele>714.86</ele>
      </trkpt>
      <trkpt lat="40.06716" lon="-8.06874">
        <ele>714.03</ele>
      </trkpt>
      <trkpt lat="40.06722" lon="-8.06877">
        <ele>713.59</ele>
      </trkpt>
      <trkpt lat="40.0673" lon="-8.06882">
        <ele>713.54</ele>
      </trkpt>
      <trkpt lat="40.06745" lon="-8.06894">
        <ele>714.67</ele>
      </trkpt>
      <trkpt lat="40.06752" lon="-8.06902">
        <ele>715.71</ele>
      </trkpt>
      <trkpt lat="40.06787" lon="-8.06945">
        <ele>712.61</ele>
      </trkpt>
      <trkpt lat="40.06801" lon="-8.06958">
        <ele>711.84</ele>
      </trkpt>
      <trkpt lat="40.06809" lon="-8.06961">
        <ele>712.05</ele>
      </trkpt>
      <trkpt lat="40.06823" lon="-8.06964">
        <ele>712.51</ele>
      </trkpt>
      <trkpt lat="40.06889" lon="-8.0697">
        <ele>712.78</ele>
      </trkpt>
      <trkpt lat="40.06902" lon="-8.06973">
        <ele>714.96</ele>
      </trkpt>
      <trkpt lat="40.06915" lon="-8.0698">
        <ele>717.58</ele>
      </trkpt>
      <trkpt lat="40.06986" lon="-8.07035">
        <ele>724.28</ele>
      </trkpt>
      <trkpt lat="40.06999" lon="-8.07047">
        <ele>718.99</ele>
      </trkpt>
      <trkpt lat="40.07009" lon="-8.07061">
        <ele>714.11</ele>
      </trkpt>
      <trkpt lat="40.07016" lon="-8.07077">
        <ele>711.65</ele>
      </trkpt>
      <trkpt lat="40.07018" lon="-8.07087">
        <ele>711.33</ele>
      </trkpt>
      <trkpt lat="40.07037" lon="-8.07193">
        <ele>716.24</ele>
      </trkpt>
      <trkpt lat="40.07039" lon="-8.07202">
        <ele>718.27</ele>
      </trkpt>
      <trkpt lat="40.07042" lon="-8.07208">
        <ele>719.59</ele>
      </trkpt>
      <trkpt lat="40.07046" lon="-8.07213">
        <ele>720.5</ele>
      </trkpt>
      <trkpt lat="40.0705" lon="-8.07218">
        <ele>721.46</ele>
      </trkpt>
      <trkpt lat="40.0706" lon="-8.07224">
        <ele>722.49</ele>
      </trkpt>
      <trkpt lat="40.07066" lon="-8.07226">
        <ele>722.99</ele>
      </trkpt>
      <trkpt lat="40.07086" lon="-8.07227">
        <ele>722.84</ele>
      </trkpt>
      <trkpt lat="40.07093" lon="-8.07229">
        <ele>722.77</ele>
      </trkpt>
      <trkpt lat="40.07099" lon="-8.07231">
        <ele>722.77</ele>
      </trkpt>
      <trkpt lat="40.07104" lon="-8.07235">
        <ele>723.27</ele>
      </trkpt>
      <trkpt lat="40.07108" lon="-8.0724">
        <ele>724.06</ele>
      </trkpt>
      <trkpt lat="40.07112" lon="-8.07246">
        <ele>725.04</ele>
      </trkpt>
      <trkpt lat="40.07121" lon="-8.07279">
        <ele>727.32</ele>
      </trkpt>
      <trkpt lat="40.07128" lon="-8.07292">
        <ele>727.3</ele>
      </trkpt>
      <trkpt lat="40.07134" lon="-8.07298">
        <ele>726.94</ele>
      </trkpt>
      <trkpt lat="40.07138" lon="-8.07302">
        <ele>726.75</ele>
      </trkpt>
      <trkpt lat="40.07172" lon="-8.07329">
        <ele>720.32</ele>
      </trkpt>
      <trkpt lat="40.07182" lon="-8.07344">
        <ele>723.61</ele>
      </trkpt>
      <trkpt lat="40.07202" lon="-8.07384">
        <ele>729.5</ele>
      </trkpt>
      <trkpt lat="40.07206" lon="-8.07391">
        <ele>730.42</ele>
      </trkpt>
      <trkpt lat="40.07217" lon="-8.07401">
        <ele>731.14</ele>
      </trkpt>
      <trkpt lat="40.07224" lon="-8.07404">
        <ele>730.63</ele>
      </trkpt>
      <trkpt lat="40.07265" lon="-8.0741">
        <ele>726.24</ele>
      </trkpt>
      <trkpt lat="40.07281" lon="-8.07416">
        <ele>726.93</ele>
      </trkpt>
      <trkpt lat="40.07298" lon="-8.07425">
        <ele>729.45</ele>
      </trkpt>
      <trkpt lat="40.0731" lon="-8.07438">
        <ele>732.68</ele>
      </trkpt>
      <trkpt lat="40.07317" lon="-8.07446">
        <ele>734.18</ele>
      </trkpt>
      <trkpt lat="40.07322" lon="-8.07455">
        <ele>734.64</ele>
      </trkpt>
      <trkpt lat="40.07327" lon="-8.07464">
        <ele>734.04</ele>
      </trkpt>
      <trkpt lat="40.07331" lon="-8.07475">
        <ele>733.19</ele>
      </trkpt>
      <trkpt lat="40.07336" lon="-8.07487">
        <ele>733.21</ele>
      </trkpt>
      <trkpt lat="40.07365" lon="-8.07587">
        <ele>739.72</ele>
      </trkpt>
      <trkpt lat="40.07369" lon="-8.07596">
        <ele>742.16</ele>
      </trkpt>
      <trkpt lat="40.07373" lon="-8.07602">
        <ele>743.43</ele>
      </trkpt>
      <trkpt lat="40.07378" lon="-8.07607">
        <ele>744.05</ele>
      </trkpt>
      <trkpt lat="40.07383" lon="-8.07611">
        <ele>744.24</ele>
      </trkpt>
      <trkpt lat="40.07389" lon="-8.07613">
        <ele>743.62</ele>
      </trkpt>
      <trkpt lat="40.07395" lon="-8.07615">
        <ele>744.73</ele>
      </trkpt>
      <trkpt lat="40.0741" lon="-8.07615">
        <ele>745.87</ele>
      </trkpt>
      <trkpt lat="40.07557" lon="-8.07603">
        <ele>759.06</ele>
      </trkpt>
      <trkpt lat="40.07567" lon="-8.07601">
        <ele>758.47</ele>
      </trkpt>
      <trkpt lat="40.07578" lon="-8.07598">
        <ele>758.29</ele>
      </trkpt>
      <trkpt lat="40.07587" lon="-8.07592">
        <ele>758.85</ele>
      </trkpt>
      <trkpt lat="40.07693" lon="-8.07503">
        <ele>760.19</ele>
      </trkpt>
      <trkpt lat="40.07714" lon="-8.0748">
        <ele>759.48</ele>
      </trkpt>
      <trkpt lat="40.07773" lon="-8.07396">
        <ele>767.92</ele>
      </trkpt>
      <trkpt lat="40.0778" lon="-8.07388">
        <ele>769.11</ele>
      </trkpt>
      <trkpt lat="40.07788" lon="-8.07382">
        <ele>769.02</ele>
      </trkpt>
      <trkpt lat="40.07796" lon="-8.07378">
        <ele>769.14</ele>
      </trkpt>
      <trkpt lat="40.07825" lon="-8.07373">
        <ele>768.64</ele>
      </trkpt>
      <trkpt lat="40.07839" lon="-8.07366">
        <ele>768.42</ele>
      </trkpt>
      <trkpt lat="40.07845" lon="-8.07361">
        <ele>768.4</ele>
      </trkpt>
      <trkpt lat="40.07887" lon="-8.07316">
        <ele>769.93</ele>
      </trkpt>
      <trkpt lat="40.07893" lon="-8.0731">
        <ele>770.9</ele>
      </trkpt>
      <trkpt lat="40.07902" lon="-8.07305">
        <ele>772.33</ele>
      </trkpt>
      <trkpt lat="40.0792" lon="-8.07298">
        <ele>774.7</ele>
      </trkpt>
      <trkpt lat="40.07944" lon="-8.07293">
        <ele>776.06</ele>
      </trkpt>
      <trkpt lat="40.07967" lon="-8.07285">
        <ele>775.91</ele>
      </trkpt>
      <trkpt lat="40.0798" lon="-8.07279">
        <ele>776.27</ele>
      </trkpt>
      <trkpt lat="40.07981" lon="-8.07275">
        <ele>776.38</ele>
      </trkpt>
      <trkpt lat="40.07989" lon="-8.0726">
        <ele>777.38</ele>
      </trkpt>
      <trkpt lat="40.0799" lon="-8.07254">
        <ele>777.74</ele>
      </trkpt>
      <trkpt lat="40.07991" lon="-8.07232">
        <ele>777.61</ele>
      </trkpt>
      <trkpt lat="40.07996" lon="-8.07211">
        <ele>778.16</ele>
      </trkpt>
      <trkpt lat="40.08005" lon="-8.07187">
        <ele>781.03</ele>
      </trkpt>
      <trkpt lat="40.08011" lon="-8.07174">
        <ele>783.65</ele>
      </trkpt>
      <trkpt lat="40.08023" lon="-8.07157">
        <ele>788.47</ele>
      </trkpt>
      <trkpt lat="40.08069" lon="-8.07072">
        <ele>791.37</ele>
      </trkpt>
      <trkpt lat="40.08082" lon="-8.07056">
        <ele>792.76</ele>
      </trkpt>
      <trkpt lat="40.08093" lon="-8.07045">
        <ele>792.79</ele>
      </trkpt>
      <trkpt lat="40.08104" lon="-8.07037">
        <ele>792.63</ele>
      </trkpt>
      <trkpt lat="40.08131" lon="-8.07019">
        <ele>793.53</ele>
      </trkpt>
      <trkpt lat="40.08145" lon="-8.07008">
        <ele>793.99</ele>
      </trkpt>
      <trkpt lat="40.08153" lon="-8.06999">
        <ele>792.29</ele>
      </trkpt>
      <trkpt lat="40.0816" lon="-8.06989">
        <ele>791.01</ele>
      </trkpt>
      <trkpt lat="40.08166" lon="-8.06976">
        <ele>789.55</ele>
      </trkpt>
      <trkpt lat="40.08168" lon="-8.06959">
        <ele>788.6</ele>
      </trkpt>
      <trkpt lat="40.08169" lon="-8.06943">
        <ele>787.68</ele>
      </trkpt>
      <trkpt lat="40.08167" lon="-8.06908">
        <ele>784.74</ele>
      </trkpt>
      <trkpt lat="40.08166" lon="-8.06837">
        <ele>797.08</ele>
      </trkpt>
      <trkpt lat="40.08168" lon="-8.06818">
        <ele>798.05</ele>
      </trkpt>
      <trkpt lat="40.08172" lon="-8.06802">
        <ele>798.11</ele>
      </trkpt>
      <trkpt lat="40.08177" lon="-8.06788">
        <ele>798.21</ele>
      </trkpt>
      <trkpt lat="40.08184" lon="-8.06775">
        <ele>798.41</ele>
      </trkpt>
      <trkpt lat="40.08194" lon="-8.06763">
        <ele>797.3</ele>
      </trkpt>
      <trkpt lat="40.08206" lon="-8.06754">
        <ele>795.72</ele>
      </trkpt>
      <trkpt lat="40.08219" lon="-8.06749">
        <ele>794.85</ele>
      </trkpt>
      <trkpt lat="40.08233" lon="-8.06746">
        <ele>795.92</ele>
      </trkpt>
      <trkpt lat="40.0825" lon="-8.06749">
        <ele>798.07</ele>
      </trkpt>
      <trkpt lat="40.08267" lon="-8.06757">
        <ele>803.04</ele>
      </trkpt>
      <trkpt lat="40.08304" lon="-8.06781">
        <ele>809.75</ele>
      </trkpt>
      <trkpt lat="40.08316" lon="-8.06785">
        <ele>810.64</ele>
      </trkpt>
      <trkpt lat="40.08341" lon="-8.06784">
        <ele>811.12</ele>
      </trkpt>
      <trkpt lat="40.08441" lon="-8.06758">
        <ele>813.04</ele>
      </trkpt>
      <trkpt lat="40.08455" lon="-8.06744">
        <ele>811.85</ele>
      </trkpt>
      <trkpt lat="40.08466" lon="-8.06723">
        <ele>810.5</ele>
      </trkpt>
      <trkpt lat="40.08508" lon="-8.0657">
        <ele>808.91</ele>
      </trkpt>
      <trkpt lat="40.08513" lon="-8.06534">
        <ele>807.31</ele>
      </trkpt>
      <trkpt lat="40.08514" lon="-8.06523">
        <ele>806.86</ele>
      </trkpt>
      <trkpt lat="40.08517" lon="-8.06368">
        <ele>809.68</ele>
      </trkpt>
      <trkpt lat="40.08515" lon="-8.06342">
        <ele>809.15</ele>
      </trkpt>
      <trkpt lat="40.08511" lon="-8.06318">
        <ele>811.59</ele>
      </trkpt>
      <trkpt lat="40.08496" lon="-8.06293">
        <ele>811.33</ele>
      </trkpt>
      <trkpt lat="40.08463" lon="-8.06256">
        <ele>809.76</ele>
      </trkpt>
      <trkpt lat="40.08455" lon="-8.06237">
        <ele>812.28</ele>
      </trkpt>
      <trkpt lat="40.08449" lon="-8.06211">
        <ele>815.77</ele>
      </trkpt>
      <trkpt lat="40.08451" lon="-8.06183">
        <ele>818.67</ele>
      </trkpt>
      <trkpt lat="40.08464" lon="-8.06148">
        <ele>822.46</ele>
      </trkpt>
      <trkpt lat="40.08495" lon="-8.0609">
        <ele>826.38</ele>
      </trkpt>
      <trkpt lat="40.08518" lon="-8.06021">
        <ele>825.82</ele>
      </trkpt>
      <trkpt lat="40.08529" lon="-8.06003">
        <ele>827.46</ele>
      </trkpt>
      <trkpt lat="40.08542" lon="-8.05993">
        <ele>830.07</ele>
      </trkpt>
      <trkpt lat="40.08582" lon="-8.05976">
        <ele>833.45</ele>
      </trkpt>
      <trkpt lat="40.086" lon="-8.05963">
        <ele>833.07</ele>
      </trkpt>
      <trkpt lat="40.0861" lon="-8.05947">
        <ele>832.16</ele>
      </trkpt>
      <trkpt lat="40.08616" lon="-8.0593">
        <ele>832.8</ele>
      </trkpt>
      <trkpt lat="40.0865" lon="-8.05744">
        <ele>836.27</ele>
      </trkpt>
      <trkpt lat="40.08657" lon="-8.05711">
        <ele>835.86</ele>
      </trkpt>
      <trkpt lat="40.08659" lon="-8.05704">
        <ele>836.02</ele>
      </trkpt>
      <trkpt lat="40.08665" lon="-8.0569">
        <ele>837.33</ele>
      </trkpt>
      <trkpt lat="40.08672" lon="-8.05679">
        <ele>837.98</ele>
      </trkpt>
      <trkpt lat="40.08686" lon="-8.05666">
        <ele>840.42</ele>
      </trkpt>
      <trkpt lat="40.08696" lon="-8.05661">
        <ele>841.13</ele>
      </trkpt>
      <trkpt lat="40.08704" lon="-8.05659">
        <ele>839.64</ele>
      </trkpt>
      <trkpt lat="40.08713" lon="-8.0566">
        <ele>838.26</ele>
      </trkpt>
      <trkpt lat="40.08721" lon="-8.05662">
        <ele>837.04</ele>
      </trkpt>
      <trkpt lat="40.08731" lon="-8.05666">
        <ele>836.34</ele>
      </trkpt>
      <trkpt lat="40.08739" lon="-8.05672">
        <ele>836.75</ele>
      </trkpt>
      <trkpt lat="40.08766" lon="-8.05696">
        <ele>839.68</ele>
      </trkpt>
      <trkpt lat="40.08833" lon="-8.05766">
        <ele>844.53</ele>
      </trkpt>
      <trkpt lat="40.08858" lon="-8.05785">
        <ele>849.54</ele>
      </trkpt>
      <trkpt lat="40.08878" lon="-8.0579">
        <ele>852.93</ele>
      </trkpt>
      <trkpt lat="40.08901" lon="-8.05786">
        <ele>859.14</ele>
      </trkpt>
      <trkpt lat="40.09015" lon="-8.05711">
        <ele>861.43</ele>
      </trkpt>
      <trkpt lat="40.09085" lon="-8.0569">
        <ele>874.76</ele>
      </trkpt>
      <trkpt lat="40.09099" lon="-8.05681">
        <ele>877.6</ele>
      </trkpt>
      <trkpt lat="40.09152" lon="-8.05614">
        <ele>862.84</ele>
      </trkpt>
      <trkpt lat="40.09231" lon="-8.05583">
        <ele>874.44</ele>
      </trkpt>
      <trkpt lat="40.09244" lon="-8.0557">
        <ele>874.81</ele>
      </trkpt>
      <trkpt lat="40.09283" lon="-8.05535">
        <ele>880.22</ele>
      </trkpt>
      <trkpt lat="40.09308" lon="-8.05519">
        <ele>880.16</ele>
      </trkpt>
      <trkpt lat="40.09351" lon="-8.05497">
        <ele>881.85</ele>
      </trkpt>
      <trkpt lat="40.09422" lon="-8.05464">
        <ele>872.47</ele>
      </trkpt>
      <trkpt lat="40.09447" lon="-8.05461">
        <ele>870.86</ele>
      </trkpt>
      <trkpt lat="40.09506" lon="-8.05467">
        <ele>878.86</ele>
      </trkpt>
      <trkpt lat="40.09529" lon="-8.0546">
        <ele>878.56</ele>
      </trkpt>
      <trkpt lat="40.09549" lon="-8.05446">
        <ele>877.71</ele>
      </trkpt>
      <trkpt lat="40.09567" lon="-8.05429">
        <ele>878.59</ele>
      </trkpt>
      <trkpt lat="40.09582" lon="-8.05402">
        <ele>879.43</ele>
      </trkpt>
      <trkpt lat="40.09614" lon="-8.0531">
        <ele>883.27</ele>
      </trkpt>
      <trkpt lat="40.09627" lon="-8.05287">
        <ele>886.67</ele>
      </trkpt>
      <trkpt lat="40.09714" lon="-8.05177">
        <ele>892.75</ele>
      </trkpt>
      <trkpt lat="40.09763" lon="-8.05077">
        <ele>893.17</ele>
      </trkpt>
      <trkpt lat="40.0978" lon="-8.05057">
        <ele>897.53</ele>
      </trkpt>
      <trkpt lat="40.09808" lon="-8.05037">
        <ele>894.64</ele>
      </trkpt>
      <trkpt lat="40.09833" lon="-8.05029">
        <ele>895.35</ele>
      </trkpt>
      <trkpt lat="40.09857" lon="-8.05027">
        <ele>896.51</ele>
      </trkpt>
      <trkpt lat="40.0992" lon="-8.05036">
        <ele>908.22</ele>
      </trkpt>
      <trkpt lat="40.0995" lon="-8.05033">
        <ele>907.34</ele>
      </trkpt>
      <trkpt lat="40.09969" lon="-8.05026">
        <ele>912.4</ele>
      </trkpt>
      <trkpt lat="40.0999" lon="-8.05006">
        <ele>914.42</ele>
      </trkpt>
      <trkpt lat="40.10006" lon="-8.04972">
        <ele>910.5</ele>
      </trkpt>
      <trkpt lat="40.10012" lon="-8.04946">
        <ele>911.08</ele>
      </trkpt>
      <trkpt lat="40.10014" lon="-8.04861">
        <ele>909.53</ele>
      </trkpt>
      <trkpt lat="40.10023" lon="-8.04831">
        <ele>911.91</ele>
      </trkpt>
      <trkpt lat="40.10121" lon="-8.04713">
        <ele>914.97</ele>
      </trkpt>
      <trkpt lat="40.10168" lon="-8.04634">
        <ele>916.82</ele>
      </trkpt>
      <trkpt lat="40.10248" lon="-8.04497">
        <ele>919.8</ele>
      </trkpt>
      <trkpt lat="40.10306" lon="-8.04334">
        <ele>917.14</ele>
      </trkpt>
      <trkpt lat="40.10332" lon="-8.04222">
        <ele>908.54</ele>
      </trkpt>
      <trkpt lat="40.10346" lon="-8.04103">
        <ele>905.45</ele>
      </trkpt>
      <trkpt lat="40.10349" lon="-8.04071">
        <ele>904.95</ele>
      </trkpt>
      <trkpt lat="40.1036" lon="-8.04033">
        <ele>906.08</ele>
      </trkpt>
      <trkpt lat="40.10381" lon="-8.03998">
        <ele>903.78</ele>
      </trkpt>
      <trkpt lat="40.10432" lon="-8.03919">
        <ele>901.6</ele>
      </trkpt>
      <trkpt lat="40.10459" lon="-8.03895">
        <ele>901.21</ele>
      </trkpt>
      <trkpt lat="40.10524" lon="-8.03851">
        <ele>895.85</ele>
      </trkpt>
      <trkpt lat="40.10542" lon="-8.03829">
        <ele>896.53</ele>
      </trkpt>
      <trkpt lat="40.10628" lon="-8.03642">
        <ele>895.68</ele>
      </trkpt>
      <trkpt lat="40.10647" lon="-8.03617">
        <ele>895.18</ele>
      </trkpt>
      <trkpt lat="40.10669" lon="-8.03609">
        <ele>893.73</ele>
      </trkpt>
      <trkpt lat="40.10687" lon="-8.0361">
        <ele>898.17</ele>
      </trkpt>
      <trkpt lat="40.10747" lon="-8.03643">
        <ele>900.22</ele>
      </trkpt>
      <trkpt lat="40.10767" lon="-8.03646">
        <ele>897.12</ele>
      </trkpt>
      <trkpt lat="40.10785" lon="-8.03635">
        <ele>893.37</ele>
      </trkpt>
      <trkpt lat="40.10803" lon="-8.03614">
        <ele>896.35</ele>
      </trkpt>
      <trkpt lat="40.10966" lon="-8.03356">
        <ele>896.43</ele>
      </trkpt>
      <trkpt lat="40.10966" lon="-8.03356">
        <ele>896.43</ele>
      </trkpt>
      <trkpt lat="40.11029" lon="-8.0316">
        <ele>891.78</ele>
      </trkpt>
      <trkpt lat="40.11052" lon="-8.03113">
        <ele>887.45</ele>
      </trkpt>
      <trkpt lat="40.11059" lon="-8.03093">
        <ele>886.97</ele>
      </trkpt>
      <trkpt lat="40.11064" lon="-8.03073">
        <ele>887.52</ele>
      </trkpt>
      <trkpt lat="40.11066" lon="-8.03046">
        <ele>888.31</ele>
      </trkpt>
      <trkpt lat="40.1104" lon="-8.02863">
        <ele>889.5</ele>
      </trkpt>
      <trkpt lat="40.11036" lon="-8.02838">
        <ele>888.61</ele>
      </trkpt>
      <trkpt lat="40.11029" lon="-8.02814">
        <ele>887.73</ele>
      </trkpt>
      <trkpt lat="40.1102" lon="-8.02795">
        <ele>887.91</ele>
      </trkpt>
      <trkpt lat="40.11011" lon="-8.02775">
        <ele>888.3</ele>
      </trkpt>
      <trkpt lat="40.10953" lon="-8.027">
        <ele>889.19</ele>
      </trkpt>
      <trkpt lat="40.10948" lon="-8.02693">
        <ele>889.59</ele>
      </trkpt>
      <trkpt lat="40.10935" lon="-8.02662">
        <ele>892.37</ele>
      </trkpt>
      <trkpt lat="40.10925" lon="-8.02625">
        <ele>894.25</ele>
      </trkpt>
      <trkpt lat="40.10923" lon="-8.02577">
        <ele>894.91</ele>
      </trkpt>
      <trkpt lat="40.10928" lon="-8.02543">
        <ele>893.6</ele>
      </trkpt>
      <trkpt lat="40.1094" lon="-8.02502">
        <ele>893.95</ele>
      </trkpt>
      <trkpt lat="40.11028" lon="-8.02322">
        <ele>895.0</ele>
      </trkpt>
      <trkpt lat="40.11042" lon="-8.02282">
        <ele>890.75</ele>
      </trkpt>
      <trkpt lat="40.11052" lon="-8.02193">
        <ele>890.07</ele>
      </trkpt>
      <trkpt lat="40.11057" lon="-8.01707">
        <ele>891.89</ele>
      </trkpt>
      <trkpt lat="40.11051" lon="-8.01631">
        <ele>882.3</ele>
      </trkpt>
      <trkpt lat="40.11048" lon="-8.01603">
        <ele>882.79</ele>
      </trkpt>
      <trkpt lat="40.11043" lon="-8.01583">
        <ele>882.39</ele>
      </trkpt>
      <trkpt lat="40.11037" lon="-8.01566">
        <ele>881.7</ele>
      </trkpt>
      <trkpt lat="40.11028" lon="-8.01546">
        <ele>882.75</ele>
      </trkpt>
      <trkpt lat="40.11016" lon="-8.01527">
        <ele>882.75</ele>
      </trkpt>
      <trkpt lat="40.11002" lon="-8.01507">
        <ele>882.32</ele>
      </trkpt>
      <trkpt lat="40.10983" lon="-8.01486">
        <ele>880.93</ele>
      </trkpt>
      <trkpt lat="40.10769" lon="-8.01309">
        <ele>886.15</ele>
      </trkpt>
      <trkpt lat="40.10744" lon="-8.01273">
        <ele>887.7</ele>
      </trkpt>
      <trkpt lat="40.10734" lon="-8.01242">
        <ele>885.38</ele>
      </trkpt>
      <trkpt lat="40.10735" lon="-8.01213">
        <ele>884.22</ele>
      </trkpt>
      <trkpt lat="40.10742" lon="-8.0118">
        <ele>882.57</ele>
      </trkpt>
      <trkpt lat="40.10757" lon="-8.01156">
        <ele>883.7</ele>
      </trkpt>
      <trkpt lat="40.10778" lon="-8.01137">
        <ele>888.42</ele>
      </trkpt>
      <trkpt lat="40.10873" lon="-8.01105">
        <ele>879.96</ele>
      </trkpt>
      <trkpt lat="40.10894" lon="-8.01092">
        <ele>877.45</ele>
      </trkpt>
      <trkpt lat="40.1091" lon="-8.01062">
        <ele>874.29</ele>
      </trkpt>
      <trkpt lat="40.10922" lon="-8.0099">
        <ele>869.23</ele>
      </trkpt>
      <trkpt lat="40.10926" lon="-8.00946">
        <ele>867.73</ele>
      </trkpt>
      <trkpt lat="40.10918" lon="-8.00921">
        <ele>866.13</ele>
      </trkpt>
      <trkpt lat="40.10892" lon="-8.00892">
        <ele>860.77</ele>
      </trkpt>
      <trkpt lat="40.10805" lon="-8.00826">
        <ele>861.84</ele>
      </trkpt>
      <trkpt lat="40.10769" lon="-8.00807">
        <ele>850.9</ele>
      </trkpt>
      <trkpt lat="40.10701" lon="-8.00811">
        <ele>846.51</ele>
      </trkpt>
      <trkpt lat="40.10678" lon="-8.00808">
        <ele>850.71</ele>
      </trkpt>
      <trkpt lat="40.10651" lon="-8.00794">
        <ele>849.94</ele>
      </trkpt>
      <trkpt lat="40.106" lon="-8.00746">
        <ele>847.52</ele>
      </trkpt>
      <trkpt lat="40.10585" lon="-8.00733">
        <ele>846.17</ele>
      </trkpt>
      <trkpt lat="40.10564" lon="-8.00686">
        <ele>845.92</ele>
      </trkpt>
      <trkpt lat="40.10553" lon="-8.00642">
        <ele>846.06</ele>
      </trkpt>
      <trkpt lat="40.10557" lon="-8.00586">
        <ele>847.46</ele>
      </trkpt>
      <trkpt lat="40.10587" lon="-8.00447">
        <ele>835.8</ele>
      </trkpt>
      <trkpt lat="40.10587" lon="-8.00411">
        <ele>835.75</ele>
      </trkpt>
      <trkpt lat="40.10579" lon="-8.00383">
        <ele>835.83</ele>
      </trkpt>
      <trkpt lat="40.10561" lon="-8.00346">
        <ele>831.14</ele>
      </trkpt>
      <trkpt lat="40.1052" lon="-8.0028">
        <ele>827.32</ele>
      </trkpt>
      <trkpt lat="40.10507" lon="-8.00249">
        <ele>827.37</ele>
      </trkpt>
      <trkpt lat="40.10503" lon="-8.00221">
        <ele>829.67</ele>
      </trkpt>
      <trkpt lat="40.10509" lon="-8.00188">
        <ele>832.83</ele>
      </trkpt>
      <trkpt lat="40.10524" lon="-8.00163">
        <ele>832.6</ele>
      </trkpt>
      <trkpt lat="40.10639" lon="-8.00073">
        <ele>807.4</ele>
      </trkpt>
      <trkpt lat="40.10649" lon="-8.0005">
        <ele>803.46</ele>
      </trkpt>
      <trkpt lat="40.1065" lon="-8.00024">
        <ele>802.56</ele>
      </trkpt>
      <trkpt lat="40.10636" lon="-7.99988">
        <ele>802.72</ele>
      </trkpt>
      <trkpt lat="40.10618" lon="-7.99975">
        <ele>800.86</ele>
      </trkpt>
      <trkpt lat="40.10525" lon="-7.99937">
        <ele>794.4</ele>
      </trkpt>
      <trkpt lat="40.10374" lon="-7.99813">
        <ele>794.39</ele>
      </trkpt>
      <trkpt lat="40.10344" lon="-7.99799">
        <ele>789.86</ele>
      </trkpt>
      <trkpt lat="40.10265" lon="-7.99799">
        <ele>784.37</ele>
      </trkpt>
      <trkpt lat="40.10241" lon="-7.99793">
        <ele>786.79</ele>
      </trkpt>
      <trkpt lat="40.10215" lon="-7.99778">
        <ele>786.92</ele>
      </trkpt>
      <trkpt lat="40.10181" lon="-7.99746">
        <ele>781.11</ele>
      </trkpt>
      <trkpt lat="40.1014" lon="-7.99724">
        <ele>776.6</ele>
      </trkpt>
      <trkpt lat="40.10118" lon="-7.99724">
        <ele>778.54</ele>
      </trkpt>
      <trkpt lat="40.10009" lon="-7.99766">
        <ele>778.15</ele>
      </trkpt>
      <trkpt lat="40.09982" lon="-7.99771">
        <ele>774.23</ele>
      </trkpt>
      <trkpt lat="40.09956" lon="-7.99767">
        <ele>771.89</ele>
      </trkpt>
      <trkpt lat="40.0994" lon="-7.99759">
        <ele>769.21</ele>
      </trkpt>
      <trkpt lat="40.09925" lon="-7.99752">
        <ele>767.6</ele>
      </trkpt>
      <trkpt lat="40.09903" lon="-7.99728">
        <ele>767.8</ele>
      </trkpt>
      <trkpt lat="40.09873" lon="-7.99686">
        <ele>770.06</ele>
      </trkpt>
      <trkpt lat="40.0986" lon="-7.9966">
        <ele>771.95</ele>
      </trkpt>
      <trkpt lat="40.09849" lon="-7.99624">
        <ele>776.01</ele>
      </trkpt>
      <trkpt lat="40.09848" lon="-7.996">
        <ele>777.13</ele>
      </trkpt>
      <trkpt lat="40.0985" lon="-7.99578">
        <ele>777.6</ele>
      </trkpt>
      <trkpt lat="40.09859" lon="-7.99551">
        <ele>779.09</ele>
      </trkpt>
      <trkpt lat="40.09876" lon="-7.99529">
        <ele>779.76</ele>
      </trkpt>
      <trkpt lat="40.09928" lon="-7.99486">
        <ele>781.02</ele>
      </trkpt>
      <trkpt lat="40.09945" lon="-7.99465">
        <ele>780.01</ele>
      </trkpt>
      <trkpt lat="40.09952" lon="-7.99437">
        <ele>774.38</ele>
      </trkpt>
      <trkpt lat="40.09953" lon="-7.99416">
        <ele>773.46</ele>
      </trkpt>
      <trkpt lat="40.09933" lon="-7.99323">
        <ele>774.45</ele>
      </trkpt>
      <trkpt lat="40.09931" lon="-7.99295">
        <ele>776.69</ele>
      </trkpt>
      <trkpt lat="40.09936" lon="-7.99251">
        <ele>777.91</ele>
      </trkpt>
      <trkpt lat="40.09983" lon="-7.99047">
        <ele>774.43</ele>
      </trkpt>
      <trkpt lat="40.09989" lon="-7.99022">
        <ele>774.85</ele>
      </trkpt>
      <trkpt lat="40.10004" lon="-7.98994">
        <ele>780.26</ele>
      </trkpt>
      <trkpt lat="40.10014" lon="-7.98983">
        <ele>780.99</ele>
      </trkpt>
      <trkpt lat="40.10026" lon="-7.98972">
        <ele>781.72</ele>
      </trkpt>
      <trkpt lat="40.10038" lon="-7.98967">
        <ele>781.6</ele>
      </trkpt>
      <trkpt lat="40.1006" lon="-7.98961">
        <ele>780.67</ele>
      </trkpt>
      <trkpt lat="40.1026" lon="-7.98952">
        <ele>772.48</ele>
      </trkpt>
      <trkpt lat="40.10274" lon="-7.9895">
        <ele>768.1</ele>
      </trkpt>
      <trkpt lat="40.10287" lon="-7.98944">
        <ele>763.96</ele>
      </trkpt>
      <trkpt lat="40.10297" lon="-7.98936">
        <ele>763.3</ele>
      </trkpt>
      <trkpt lat="40.10306" lon="-7.98924">
        <ele>762.54</ele>
      </trkpt>
      <trkpt lat="40.10313" lon="-7.98909">
        <ele>762.96</ele>
      </trkpt>
      <trkpt lat="40.10318" lon="-7.98896">
        <ele>764.31</ele>
      </trkpt>
      <trkpt lat="40.10319" lon="-7.98881">
        <ele>765.34</ele>
      </trkpt>
      <trkpt lat="40.10318" lon="-7.98868">
        <ele>765.72</ele>
      </trkpt>
      <trkpt lat="40.10316" lon="-7.98851">
        <ele>765.75</ele>
      </trkpt>
      <trkpt lat="40.10311" lon="-7.98831">
        <ele>764.83</ele>
      </trkpt>
      <trkpt lat="40.10302" lon="-7.98807">
        <ele>762.81</ele>
      </trkpt>
      <trkpt lat="40.10295" lon="-7.98795">
        <ele>761.05</ele>
      </trkpt>
      <trkpt lat="40.10286" lon="-7.98783">
        <ele>758.14</ele>
      </trkpt>
      <trkpt lat="40.10277" lon="-7.98775">
        <ele>755.22</ele>
      </trkpt>
      <trkpt lat="40.10251" lon="-7.98764">
        <ele>752.63</ele>
      </trkpt>
      <trkpt lat="40.10209" lon="-7.98749">
        <ele>753.67</ele>
      </trkpt>
      <trkpt lat="40.10197" lon="-7.98743">
        <ele>753.48</ele>
      </trkpt>
      <trkpt lat="40.10186" lon="-7.98737">
        <ele>752.36</ele>
      </trkpt>
      <trkpt lat="40.10164" lon="-7.98713">
        <ele>753.5</ele>
      </trkpt>
      <trkpt lat="40.10125" lon="-7.98655">
        <ele>748.29</ele>
      </trkpt>
      <trkpt lat="40.10102" lon="-7.98633">
        <ele>743.85</ele>
      </trkpt>
      <trkpt lat="40.09957" lon="-7.98543">
        <ele>729.42</ele>
      </trkpt>
      <trkpt lat="40.09937" lon="-7.9854">
        <ele>724.61</ele>
      </trkpt>
      <trkpt lat="40.09917" lon="-7.98546">
        <ele>720.44</ele>
      </trkpt>
      <trkpt lat="40.09899" lon="-7.98562">
        <ele>723.6</ele>
      </trkpt>
      <trkpt lat="40.0989" lon="-7.98582">
        <ele>722.85</ele>
      </trkpt>
      <trkpt lat="40.09872" lon="-7.98678">
        <ele>725.13</ele>
      </trkpt>
      <trkpt lat="40.09862" lon="-7.98699">
        <ele>725.73</ele>
      </trkpt>
      <trkpt lat="40.09804" lon="-7.98774">
        <ele>722.14</ele>
      </trkpt>
      <trkpt lat="40.09786" lon="-7.98784">
        <ele>720.77</ele>
      </trkpt>
      <trkpt lat="40.09767" lon="-7.98787">
        <ele>721.26</ele>
      </trkpt>
      <trkpt lat="40.09687" lon="-7.98735">
        <ele>717.79</ele>
      </trkpt>
      <trkpt lat="40.09669" lon="-7.98736">
        <ele>717.98</ele>
      </trkpt>
      <trkpt lat="40.09633" lon="-7.98764">
        <ele>722.25</ele>
      </trkpt>
      <trkpt lat="40.09573" lon="-7.98878">
        <ele>726.12</ele>
      </trkpt>
      <trkpt lat="40.09557" lon="-7.98898">
        <ele>727.98</ele>
      </trkpt>
      <trkpt lat="40.09536" lon="-7.98913">
        <ele>725.34</ele>
      </trkpt>
      <trkpt lat="40.09525" lon="-7.98915">
        <ele>723.86</ele>
      </trkpt>
      <trkpt lat="40.09512" lon="-7.98917">
        <ele>721.53</ele>
      </trkpt>
      <trkpt lat="40.09486" lon="-7.98913">
        <ele>718.17</ele>
      </trkpt>
      <trkpt lat="40.09402" lon="-7.98874">
        <ele>725.8</ele>
      </trkpt>
      <trkpt lat="40.09381" lon="-7.98878">
        <ele>726.81</ele>
      </trkpt>
      <trkpt lat="40.09358" lon="-7.9889">
        <ele>727.18</ele>
      </trkpt>
      <trkpt lat="40.09317" lon="-7.98951">
        <ele>731.43</ele>
      </trkpt>
      <trkpt lat="40.09298" lon="-7.98971">
        <ele>730.78</ele>
      </trkpt>
      <trkpt lat="40.09277" lon="-7.98981">
        <ele>723.96</ele>
      </trkpt>
      <trkpt lat="40.09206" lon="-7.98989">
        <ele>727.56</ele>
      </trkpt>
      <trkpt lat="40.09179" lon="-7.99008">
        <ele>726.56</ele>
      </trkpt>
      <trkpt lat="40.09109" lon="-7.99108">
        <ele>739.35</ele>
      </trkpt>
      <trkpt lat="40.09088" lon="-7.99131">
        <ele>739.7</ele>
      </trkpt>
      <trkpt lat="40.09069" lon="-7.99142">
        <ele>738.3</ele>
      </trkpt>
      <trkpt lat="40.09054" lon="-7.99146">
        <ele>738.63</ele>
      </trkpt>
      <trkpt lat="40.09033" lon="-7.99146">
        <ele>737.08</ele>
      </trkpt>
      <trkpt lat="40.0897" lon="-7.9913">
        <ele>722.75</ele>
      </trkpt>
      <trkpt lat="40.08947" lon="-7.99128">
        <ele>722.07</ele>
      </trkpt>
      <trkpt lat="40.08934" lon="-7.99132">
        <ele>724.71</ele>
      </trkpt>
      <trkpt lat="40.08825" lon="-7.99214">
        <ele>726.08</ele>
      </trkpt>
      <trkpt lat="40.08792" lon="-7.99229">
        <ele>725.2</ele>
      </trkpt>
      <trkpt lat="40.08767" lon="-7.99228">
        <ele>723.71</ele>
      </trkpt>
      <trkpt lat="40.0874" lon="-7.99211">
        <ele>725.9</ele>
      </trkpt>
      <trkpt lat="40.08728" lon="-7.99194">
        <ele>727.45</ele>
      </trkpt>
      <trkpt lat="40.08717" lon="-7.99176">
        <ele>728.08</ele>
      </trkpt>
      <trkpt lat="40.08691" lon="-7.99112">
        <ele>730.47</ele>
      </trkpt>
      <trkpt lat="40.08678" lon="-7.99088">
        <ele>727.65</ele>
      </trkpt>
      <trkpt lat="40.08669" lon="-7.99078">
        <ele>724.9</ele>
      </trkpt>
      <trkpt lat="40.0866" lon="-7.9907">
        <ele>724.51</ele>
      </trkpt>
      <trkpt lat="40.08648" lon="-7.99066">
        <ele>725.98</ele>
      </trkpt>
      <trkpt lat="40.0864" lon="-7.99066">
        <ele>727.21</ele>
      </trkpt>
      <trkpt lat="40.08623" lon="-7.99068">
        <ele>730.37</ele>
      </trkpt>
      <trkpt lat="40.08602" lon="-7.99081">
        <ele>732.41</ele>
      </trkpt>
      <trkpt lat="40.08528" lon="-7.99179">
        <ele>738.64</ele>
      </trkpt>
      <trkpt lat="40.0851" lon="-7.99193">
        <ele>735.2</ele>
      </trkpt>
      <trkpt lat="40.08485" lon="-7.992">
        <ele>731.9</ele>
      </trkpt>
      <trkpt lat="40.08467" lon="-7.99191">
        <ele>731.08</ele>
      </trkpt>
      <trkpt lat="40.08448" lon="-7.99175">
        <ele>730.48</ele>
      </trkpt>
      <trkpt lat="40.08432" lon="-7.9914">
        <ele>730.01</ele>
      </trkpt>
      <trkpt lat="40.08403" lon="-7.99059">
        <ele>726.31</ele>
      </trkpt>
      <trkpt lat="40.08356" lon="-7.98932">
        <ele>726.58</ele>
      </trkpt>
      <trkpt lat="40.08337" lon="-7.98891">
        <ele>724.03</ele>
      </trkpt>
      <trkpt lat="40.08315" lon="-7.98867">
        <ele>717.18</ele>
      </trkpt>
      <trkpt lat="40.08242" lon="-7.98815">
        <ele>721.06</ele>
      </trkpt>
      <trkpt lat="40.08235" lon="-7.98812">
        <ele>721.57</ele>
      </trkpt>
      <trkpt lat="40.08223" lon="-7.98803">
        <ele>722.31</ele>
      </trkpt>
      <trkpt lat="40.08203" lon="-7.98778">
        <ele>720.87</ele>
      </trkpt>
      <trkpt lat="40.08193" lon="-7.98759">
        <ele>718.41</ele>
      </trkpt>
      <trkpt lat="40.08183" lon="-7.98735">
        <ele>717.78</ele>
      </trkpt>
      <trkpt lat="40.08175" lon="-7.98712">
        <ele>716.9</ele>
      </trkpt>
      <trkpt lat="40.08172" lon="-7.98697">
        <ele>715.9</ele>
      </trkpt>
      <trkpt lat="40.08115" lon="-7.9852">
        <ele>705.04</ele>
      </trkpt>
      <trkpt lat="40.0809" lon="-7.98469">
        <ele>697.99</ele>
      </trkpt>
      <trkpt lat="40.07982" lon="-7.98321">
        <ele>682.9</ele>
      </trkpt>
      <trkpt lat="40.07968" lon="-7.98297">
        <ele>681.12</ele>
      </trkpt>
      <trkpt lat="40.07951" lon="-7.98246">
        <ele>681.8</ele>
      </trkpt>
      <trkpt lat="40.07939" lon="-7.98201">
        <ele>679.13</ele>
      </trkpt>
      <trkpt lat="40.07921" lon="-7.98139">
        <ele>671.63</ele>
      </trkpt>
      <trkpt lat="40.0791" lon="-7.98105">
        <ele>673.19</ele>
      </trkpt>
      <trkpt lat="40.07892" lon="-7.98074">
        <ele>670.5</ele>
      </trkpt>
      <trkpt lat="40.07871" lon="-7.98055">
        <ele>667.56</ele>
      </trkpt>
      <trkpt lat="40.07799" lon="-7.98009">
        <ele>657.5</ele>
      </trkpt>
      <trkpt lat="40.07772" lon="-7.97976">
        <ele>659.4</ele>
      </trkpt>
      <trkpt lat="40.07718" lon="-7.97883">
        <ele>665.51</ele>
      </trkpt>
      <trkpt lat="40.07711" lon="-7.97856">
        <ele>665.55</ele>
      </trkpt>
      <trkpt lat="40.07709" lon="-7.97817">
        <ele>664.85</ele>
      </trkpt>
      <trkpt lat="40.07711" lon="-7.97737">
        <ele>658.94</ele>
      </trkpt>
      <trkpt lat="40.07697" lon="-7.97688">
        <ele>653.43</ele>
      </trkpt>
      <trkpt lat="40.07634" lon="-7.97628">
        <ele>653.7</ele>
      </trkpt>
      <trkpt lat="40.07589" lon="-7.97596">
        <ele>649.03</ele>
      </trkpt>
      <trkpt lat="40.07467" lon="-7.97554">
        <ele>641.06</ele>
      </trkpt>
      <trkpt lat="40.07455" lon="-7.9755">
        <ele>641.01</ele>
      </trkpt>
      <trkpt lat="40.07445" lon="-7.97549">
        <ele>640.51</ele>
      </trkpt>
      <trkpt lat="40.07394" lon="-7.97533">
        <ele>633.83</ele>
      </trkpt>
      <trkpt lat="40.07361" lon="-7.97519">
        <ele>639.62</ele>
      </trkpt>
      <trkpt lat="40.07309" lon="-7.97502">
        <ele>646.5</ele>
      </trkpt>
      <trkpt lat="40.07178" lon="-7.97441">
        <ele>630.9</ele>
      </trkpt>
      <trkpt lat="40.07057" lon="-7.97429">
        <ele>625.46</ele>
      </trkpt>
      <trkpt lat="40.07026" lon="-7.97435">
        <ele>620.81</ele>
      </trkpt>
      <trkpt lat="40.06994" lon="-7.97457">
        <ele>621.21</ele>
      </trkpt>
      <trkpt lat="40.06906" lon="-7.9752">
        <ele>611.35</ele>
      </trkpt>
      <trkpt lat="40.06882" lon="-7.97525">
        <ele>618.83</ele>
      </trkpt>
      <trkpt lat="40.06864" lon="-7.97519">
        <ele>615.46</ele>
      </trkpt>
      <trkpt lat="40.06848" lon="-7.97502">
        <ele>612.71</ele>
      </trkpt>
      <trkpt lat="40.06835" lon="-7.97474">
        <ele>612.0</ele>
      </trkpt>
      <trkpt lat="40.06833" lon="-7.97441">
        <ele>609.7</ele>
      </trkpt>
      <trkpt lat="40.06836" lon="-7.97363">
        <ele>605.6</ele>
      </trkpt>
      <trkpt lat="40.06839" lon="-7.97335">
        <ele>605.83</ele>
      </trkpt>
      <trkpt lat="40.06841" lon="-7.97325">
        <ele>605.67</ele>
      </trkpt>
      <trkpt lat="40.06852" lon="-7.97301">
        <ele>606.37</ele>
      </trkpt>
      <trkpt lat="40.06857" lon="-7.97295">
        <ele>606.17</ele>
      </trkpt>
      <trkpt lat="40.06864" lon="-7.97287">
        <ele>605.06</ele>
      </trkpt>
      <trkpt lat="40.06878" lon="-7.97278">
        <ele>604.84</ele>
      </trkpt>
      <trkpt lat="40.0689" lon="-7.97274">
        <ele>605.85</ele>
      </trkpt>
      <trkpt lat="40.06974" lon="-7.97268">
        <ele>591.88</ele>
      </trkpt>
      <trkpt lat="40.0706" lon="-7.97265">
        <ele>599.51</ele>
      </trkpt>
      <trkpt lat="40.07075" lon="-7.97262">
        <ele>597.24</ele>
      </trkpt>
      <trkpt lat="40.07082" lon="-7.97259">
        <ele>596.02</ele>
      </trkpt>
      <trkpt lat="40.0709" lon="-7.97252">
        <ele>596.06</ele>
      </trkpt>
      <trkpt lat="40.07098" lon="-7.97241">
        <ele>595.9</ele>
      </trkpt>
      <trkpt lat="40.07103" lon="-7.97225">
        <ele>593.82</ele>
      </trkpt>
      <trkpt lat="40.07104" lon="-7.97216">
        <ele>592.85</ele>
      </trkpt>
      <trkpt lat="40.07104" lon="-7.97206">
        <ele>591.86</ele>
      </trkpt>
      <trkpt lat="40.071" lon="-7.9719">
        <ele>589.58</ele>
      </trkpt>
      <trkpt lat="40.07095" lon="-7.97181">
        <ele>587.93</ele>
      </trkpt>
      <trkpt lat="40.07088" lon="-7.97172">
        <ele>586.09</ele>
      </trkpt>
      <trkpt lat="40.07079" lon="-7.97167">
        <ele>584.56</ele>
      </trkpt>
      <trkpt lat="40.07069" lon="-7.97164">
        <ele>583.69</ele>
      </trkpt>
      <trkpt lat="40.0706" lon="-7.97165">
        <ele>582.65</ele>
      </trkpt>
      <trkpt lat="40.07036" lon="-7.97174">
        <ele>577.05</ele>
      </trkpt>
      <trkpt lat="40.07012" lon="-7.97183">
        <ele>572.67</ele>
      </trkpt>
      <trkpt lat="40.06993" lon="-7.9719">
        <ele>570.98</ele>
      </trkpt>
      <trkpt lat="40.06961" lon="-7.97192">
        <ele>572.19</ele>
      </trkpt>
      <trkpt lat="40.06887" lon="-7.97176">
        <ele>584.7</ele>
      </trkpt>
      <trkpt lat="40.06818" lon="-7.97143">
        <ele>576.3</ele>
      </trkpt>
      <trkpt lat="40.06793" lon="-7.97124">
        <ele>571.63</ele>
      </trkpt>
      <trkpt lat="40.06766" lon="-7.97095">
        <ele>564.12</ele>
      </trkpt>
      <trkpt lat="40.06678" lon="-7.96978">
        <ele>550.29</ele>
      </trkpt>
      <trkpt lat="40.06658" lon="-7.96956">
        <ele>550.65</ele>
      </trkpt>
      <trkpt lat="40.06647" lon="-7.96949">
        <ele>551.23</ele>
      </trkpt>
      <trkpt lat="40.06634" lon="-7.96945">
        <ele>552.49</ele>
      </trkpt>
      <trkpt lat="40.06624" lon="-7.96947">
        <ele>553.47</ele>
      </trkpt>
      <trkpt lat="40.06612" lon="-7.96956">
        <ele>554.47</ele>
      </trkpt>
      <trkpt lat="40.06601" lon="-7.96969">
        <ele>552.38</ele>
      </trkpt>
      <trkpt lat="40.06598" lon="-7.96985">
        <ele>548.59</ele>
      </trkpt>
      <trkpt lat="40.06597" lon="-7.97004">
        <ele>543.27</ele>
      </trkpt>
      <trkpt lat="40.06599" lon="-7.97028">
        <ele>533.26</ele>
      </trkpt>
      <trkpt lat="40.0666" lon="-7.97143">
        <ele>527.19</ele>
      </trkpt>
      <trkpt lat="40.06662" lon="-7.97168">
        <ele>528.3</ele>
      </trkpt>
      <trkpt lat="40.06655" lon="-7.97197">
        <ele>528.1</ele>
      </trkpt>
      <trkpt lat="40.06641" lon="-7.97214">
        <ele>532.49</ele>
      </trkpt>
      <trkpt lat="40.06611" lon="-7.97222">
        <ele>534.96</ele>
      </trkpt>
      <trkpt lat="40.06439" lon="-7.97208">
        <ele>514.28</ele>
      </trkpt>
      <trkpt lat="40.06307" lon="-7.9717">
        <ele>515.03</ele>
      </trkpt>
      <trkpt lat="40.06225" lon="-7.97182">
        <ele>512.83</ele>
      </trkpt>
      <trkpt lat="40.06175" lon="-7.97189">
        <ele>507.08</ele>
      </trkpt>
      <trkpt lat="40.06165" lon="-7.97193">
        <ele>507.71</ele>
      </trkpt>
      <trkpt lat="40.06057" lon="-7.9722">
        <ele>490.87</ele>
      </trkpt>
      <trkpt lat="40.06046" lon="-7.97222">
        <ele>490.3</ele>
      </trkpt>
      <trkpt lat="40.06024" lon="-7.97223">
        <ele>489.42</ele>
      </trkpt>
      <trkpt lat="40.06009" lon="-7.97221">
        <ele>490.04</ele>
      </trkpt>
      <trkpt lat="40.05998" lon="-7.97216">
        <ele>489.39</ele>
      </trkpt>
      <trkpt lat="40.05978" lon="-7.97204">
        <ele>490.61</ele>
      </trkpt>
      <trkpt lat="40.05964" lon="-7.97196">
        <ele>491.55</ele>
      </trkpt>
      <trkpt lat="40.05945" lon="-7.97191">
        <ele>491.93</ele>
      </trkpt>
      <trkpt lat="40.05933" lon="-7.9719">
        <ele>491.79</ele>
      </trkpt>
      <trkpt lat="40.05903" lon="-7.97191">
        <ele>489.07</ele>
      </trkpt>
      <trkpt lat="40.05759" lon="-7.97165">
        <ele>490.98</ele>
      </trkpt>
      <trkpt lat="40.05583" lon="-7.97039">
        <ele>462.29</ele>
      </trkpt>
      <trkpt lat="40.05564" lon="-7.97036">
        <ele>466.11</ele>
      </trkpt>
      <trkpt lat="40.05451" lon="-7.97035">
        <ele>474.62</ele>
      </trkpt>
      <trkpt lat="40.05429" lon="-7.97023">
        <ele>473.16</ele>
      </trkpt>
      <trkpt lat="40.05415" lon="-7.97005">
        <ele>470.74</ele>
      </trkpt>
      <trkpt lat="40.05396" lon="-7.96944">
        <ele>466.33</ele>
      </trkpt>
      <trkpt lat="40.05349" lon="-7.96763">
        <ele>444.6</ele>
      </trkpt>
      <trkpt lat="40.05348" lon="-7.96737">
        <ele>444.11</ele>
      </trkpt>
      <trkpt lat="40.05353" lon="-7.9671">
        <ele>442.13</ele>
      </trkpt>
      <trkpt lat="40.05386" lon="-7.96653">
        <ele>433.87</ele>
      </trkpt>
      <trkpt lat="40.05393" lon="-7.9663">
        <ele>431.83</ele>
      </trkpt>
      <trkpt lat="40.05393" lon="-7.96599">
        <ele>429.08</ele>
      </trkpt>
      <trkpt lat="40.0533" lon="-7.96458">
        <ele>432.38</ele>
      </trkpt>
      <trkpt lat="40.05328" lon="-7.9643">
        <ele>433.31</ele>
      </trkpt>
      <trkpt lat="40.05335" lon="-7.96398">
        <ele>431.14</ele>
      </trkpt>
      <trkpt lat="40.05371" lon="-7.96345">
        <ele>415.46</ele>
      </trkpt>
      <trkpt lat="40.05381" lon="-7.96321">
        <ele>413.16</ele>
      </trkpt>
      <trkpt lat="40.05383" lon="-7.96295">
        <ele>414.15</ele>
      </trkpt>
      <trkpt lat="40.05377" lon="-7.96272">
        <ele>415.52</ele>
      </trkpt>
      <trkpt lat="40.05357" lon="-7.96232">
        <ele>415.48</ele>
      </trkpt>
      <trkpt lat="40.05317" lon="-7.96158">
        <ele>400.78</ele>
      </trkpt>
      <trkpt lat="40.05305" lon="-7.96146">
        <ele>398.33</ele>
      </trkpt>
      <trkpt lat="40.0529" lon="-7.96139">
        <ele>393.95</ele>
      </trkpt>
      <trkpt lat="40.05272" lon="-7.96139">
        <ele>392.87</ele>
      </trkpt>
      <trkpt lat="40.05212" lon="-7.9618">
        <ele>411.3</ele>
      </trkpt>
      <trkpt lat="40.05196" lon="-7.96185">
        <ele>416.03</ele>
      </trkpt>
      <trkpt lat="40.05114" lon="-7.96171">
        <ele>407.09</ele>
      </trkpt>
      <trkpt lat="40.05068" lon="-7.96153">
        <ele>394.7</ele>
      </trkpt>
      <trkpt lat="40.0503" lon="-7.96128">
        <ele>391.66</ele>
      </trkpt>
      <trkpt lat="40.04932" lon="-7.96061">
        <ele>379.26</ele>
      </trkpt>
      <trkpt lat="40.04839" lon="-7.95996">
        <ele>384.79</ele>
      </trkpt>
      <trkpt lat="40.04751" lon="-7.95971">
        <ele>392.28</ele>
      </trkpt>
      <trkpt lat="40.04727" lon="-7.95954">
        <ele>397.45</ele>
      </trkpt>
      <trkpt lat="40.04692" lon="-7.95921">
        <ele>393.12</ele>
      </trkpt>
      <trkpt lat="40.04679" lon="-7.95899">
        <ele>386.46</ele>
      </trkpt>
      <trkpt lat="40.04675" lon="-7.9588">
        <ele>382.64</ele>
      </trkpt>
      <trkpt lat="40.0467" lon="-7.95816">
        <ele>382.07</ele>
      </trkpt>
      <trkpt lat="40.04672" lon="-7.95736">
        <ele>380.43</ele>
      </trkpt>
      <trkpt lat="40.04704" lon="-7.956">
        <ele>384.2</ele>
      </trkpt>
      <trkpt lat="40.04749" lon="-7.955">
        <ele>385.86</ele>
      </trkpt>
      <trkpt lat="40.04761" lon="-7.95484">
        <ele>386.35</ele>
      </trkpt>
      <trkpt lat="40.04825" lon="-7.95447">
        <ele>392.98</ele>
      </trkpt>
      <trkpt lat="40.04838" lon="-7.9543">
        <ele>393.35</ele>
      </trkpt>
      <trkpt lat="40.04848" lon="-7.95404">
        <ele>389.77</ele>
      </trkpt>
      <trkpt lat="40.04851" lon="-7.95374">
        <ele>385.25</ele>
      </trkpt>
      <trkpt lat="40.04851" lon="-7.95347">
        <ele>384.12</ele>
      </trkpt>
      <trkpt lat="40.04838" lon="-7.95266">
        <ele>376.65</ele>
      </trkpt>
      <trkpt lat="40.04789" lon="-7.95176">
        <ele>381.72</ele>
      </trkpt>
      <trkpt lat="40.04778" lon="-7.95129">
        <ele>387.39</ele>
      </trkpt>
      <trkpt lat="40.04767" lon="-7.95101">
        <ele>387.4</ele>
      </trkpt>
      <trkpt lat="40.04753" lon="-7.95089">
        <ele>386.11</ele>
      </trkpt>
      <trkpt lat="40.04709" lon="-7.95088">
        <ele>379.74</ele>
      </trkpt>
      <trkpt lat="40.04663" lon="-7.95088">
        <ele>380.68</ele>
      </trkpt>
      <trkpt lat="40.04656" lon="-7.95087">
        <ele>381.97</ele>
      </trkpt>
      <trkpt lat="40.04635" lon="-7.95079">
        <ele>385.4</ele>
      </trkpt>
      <trkpt lat="40.04608" lon="-7.95064">
        <ele>388.75</ele>
      </trkpt>
      <trkpt lat="40.04593" lon="-7.95043">
        <ele>391.49</ele>
      </trkpt>
      <trkpt lat="40.04569" lon="-7.94856">
        <ele>397.49</ele>
      </trkpt>
      <trkpt lat="40.04567" lon="-7.94825">
        <ele>400.08</ele>
      </trkpt>
      <trkpt lat="40.04567" lon="-7.94813">
        <ele>400.86</ele>
      </trkpt>
      <trkpt lat="40.04569" lon="-7.94799">
        <ele>401.52</ele>
      </trkpt>
      <trkpt lat="40.04575" lon="-7.94783">
        <ele>402.47</ele>
      </trkpt>
      <trkpt lat="40.04596" lon="-7.94738">
        <ele>403.65</ele>
      </trkpt>
      <trkpt lat="40.04598" lon="-7.94728">
        <ele>403.64</ele>
      </trkpt>
      <trkpt lat="40.04598" lon="-7.94719">
        <ele>403.55</ele>
      </trkpt>
      <trkpt lat="40.04598" lon="-7.94711">
        <ele>402.83</ele>
      </trkpt>
      <trkpt lat="40.04595" lon="-7.94696">
        <ele>402.04</ele>
      </trkpt>
      <trkpt lat="40.04591" lon="-7.94686">
        <ele>402.25</ele>
      </trkpt>
      <trkpt lat="40.04584" lon="-7.94675">
        <ele>404.45</ele>
      </trkpt>
      <trkpt lat="40.04576" lon="-7.94665">
        <ele>406.91</ele>
      </trkpt>
      <trkpt lat="40.04554" lon="-7.94646">
        <ele>414.14</ele>
      </trkpt>
      <trkpt lat="40.0453" lon="-7.94627">
        <ele>420.34</ele>
      </trkpt>
      <trkpt lat="40.0452" lon="-7.94623">
        <ele>421.64</ele>
      </trkpt>
      <trkpt lat="40.04512" lon="-7.94622">
        <ele>422.24</ele>
      </trkpt>
      <trkpt lat="40.04503" lon="-7.94624">
        <ele>423.13</ele>
      </trkpt>
      <trkpt lat="40.04495" lon="-7.94628">
        <ele>422.6</ele>
      </trkpt>
      <trkpt lat="40.04455" lon="-7.94653">
        <ele>417.26</ele>
      </trkpt>
      <trkpt lat="40.04444" lon="-7.94656">
        <ele>416.52</ele>
      </trkpt>
      <trkpt lat="40.0442" lon="-7.94657">
        <ele>411.37</ele>
      </trkpt>
      <trkpt lat="40.04397" lon="-7.94652">
        <ele>409.8</ele>
      </trkpt>
      <trkpt lat="40.04317" lon="-7.94606">
        <ele>423.94</ele>
      </trkpt>
      <trkpt lat="40.04293" lon="-7.94587">
        <ele>425.38</ele>
      </trkpt>
      <trkpt lat="40.04288" lon="-7.94579">
        <ele>424.27</ele>
      </trkpt>
      <trkpt lat="40.04259" lon="-7.94528">
        <ele>422.89</ele>
      </trkpt>
      <trkpt lat="40.04235" lon="-7.94506">
        <ele>430.14</ele>
      </trkpt>
      <trkpt lat="40.04168" lon="-7.94485">
        <ele>448.82</ele>
      </trkpt>
      <trkpt lat="40.04157" lon="-7.94479">
        <ele>448.68</ele>
      </trkpt>
      <trkpt lat="40.04143" lon="-7.9446">
        <ele>439.91</ele>
      </trkpt>
      <trkpt lat="40.04139" lon="-7.94445">
        <ele>432.3</ele>
      </trkpt>
      <trkpt lat="40.04143" lon="-7.94422">
        <ele>431.23</ele>
      </trkpt>
      <trkpt lat="40.04169" lon="-7.9439">
        <ele>421.03</ele>
      </trkpt>
      <trkpt lat="40.04173" lon="-7.94384">
        <ele>418.81</ele>
      </trkpt>
      <trkpt lat="40.04174" lon="-7.94376">
        <ele>418.3</ele>
      </trkpt>
      <trkpt lat="40.04175" lon="-7.94367">
        <ele>417.8</ele>
      </trkpt>
      <trkpt lat="40.04175" lon="-7.94357">
        <ele>418.57</ele>
      </trkpt>
      <trkpt lat="40.04171" lon="-7.94318">
        <ele>426.22</ele>
      </trkpt>
      <trkpt lat="40.0417" lon="-7.94306">
        <ele>428.15</ele>
      </trkpt>
      <trkpt lat="40.04171" lon="-7.94293">
        <ele>430.68</ele>
      </trkpt>
      <trkpt lat="40.04179" lon="-7.94255">
        <ele>431.46</ele>
      </trkpt>
      <trkpt lat="40.04179" lon="-7.94246">
        <ele>431.66</ele>
      </trkpt>
      <trkpt lat="40.04179" lon="-7.94239">
        <ele>431.24</ele>
      </trkpt>
      <trkpt lat="40.04177" lon="-7.94231">
        <ele>431.76</ele>
      </trkpt>
      <trkpt lat="40.04174" lon="-7.94224">
        <ele>432.71</ele>
      </trkpt>
      <trkpt lat="40.04166" lon="-7.94212">
        <ele>435.76</ele>
      </trkpt>
      <trkpt lat="40.04157" lon="-7.94203">
        <ele>436.78</ele>
      </trkpt>
      <trkpt lat="40.04118" lon="-7.94186">
        <ele>438.52</ele>
      </trkpt>
      <trkpt lat="40.04101" lon="-7.94184">
        <ele>440.51</ele>
      </trkpt>
      <trkpt lat="40.04051" lon="-7.94192">
        <ele>456.39</ele>
      </trkpt>
      <trkpt lat="40.0403" lon="-7.94192">
        <ele>460.24</ele>
      </trkpt>
      <trkpt lat="40.04022" lon="-7.94191">
        <ele>460.66</ele>
      </trkpt>
      <trkpt lat="40.04009" lon="-7.94187">
        <ele>460.24</ele>
      </trkpt>
      <trkpt lat="40.04003" lon="-7.94183">
        <ele>459.51</ele>
      </trkpt>
      <trkpt lat="40.03999" lon="-7.94177">
        <ele>458.39</ele>
      </trkpt>
      <trkpt lat="40.03991" lon="-7.94161">
        <ele>456.96</ele>
      </trkpt>
      <trkpt lat="40.03989" lon="-7.94143">
        <ele>456.06</ele>
      </trkpt>
      <trkpt lat="40.03996" lon="-7.94104">
        <ele>453.47</ele>
      </trkpt>
      <trkpt lat="40.03997" lon="-7.94092">
        <ele>453.76</ele>
      </trkpt>
      <trkpt lat="40.03996" lon="-7.94086">
        <ele>453.93</ele>
      </trkpt>
      <trkpt lat="40.03992" lon="-7.94074">
        <ele>454.34</ele>
      </trkpt>
      <trkpt lat="40.03967" lon="-7.94035">
        <ele>458.96</ele>
      </trkpt>
      <trkpt lat="40.03961" lon="-7.94024">
        <ele>462.04</ele>
      </trkpt>
      <trkpt lat="40.03956" lon="-7.94005">
        <ele>465.72</ele>
      </trkpt>
      <trkpt lat="40.03955" lon="-7.93994">
        <ele>466.85</ele>
      </trkpt>
      <trkpt lat="40.0396" lon="-7.93936">
        <ele>465.02</ele>
      </trkpt>
      <trkpt lat="40.0396" lon="-7.93929">
        <ele>465.1</ele>
      </trkpt>
      <trkpt lat="40.03954" lon="-7.9391">
        <ele>470.73</ele>
      </trkpt>
      <trkpt lat="40.03948" lon="-7.93899">
        <ele>477.25</ele>
      </trkpt>
      <trkpt lat="40.0392" lon="-7.93863">
        <ele>477.65</ele>
      </trkpt>
      <trkpt lat="40.03915" lon="-7.93852">
        <ele>477.09</ele>
      </trkpt>
      <trkpt lat="40.03911" lon="-7.9384">
        <ele>475.97</ele>
      </trkpt>
      <trkpt lat="40.03907" lon="-7.93785">
        <ele>465.04</ele>
      </trkpt>
      <trkpt lat="40.03905" lon="-7.93773">
        <ele>463.19</ele>
      </trkpt>
      <trkpt lat="40.03901" lon="-7.93766">
        <ele>462.93</ele>
      </trkpt>
      <trkpt lat="40.03895" lon="-7.93758">
        <ele>462.59</ele>
      </trkpt>
      <trkpt lat="40.03887" lon="-7.93753">
        <ele>462.81</ele>
      </trkpt>
      <trkpt lat="40.03846" lon="-7.93747">
        <ele>468.91</ele>
      </trkpt>
      <trkpt lat="40.03837" lon="-7.93744">
        <ele>469.8</ele>
      </trkpt>
      <trkpt lat="40.03831" lon="-7.93738">
        <ele>469.67</ele>
      </trkpt>
      <trkpt lat="40.03825" lon="-7.93729">
        <ele>469.49</ele>
      </trkpt>
      <trkpt lat="40.0382" lon="-7.9372">
        <ele>469.32</ele>
      </trkpt>
      <trkpt lat="40.03818" lon="-7.93712">
        <ele>468.35</ele>
      </trkpt>
      <trkpt lat="40.03817" lon="-7.937">
        <ele>466.22</ele>
      </trkpt>
      <trkpt lat="40.03821" lon="-7.93672">
        <ele>459.47</ele>
      </trkpt>
      <trkpt lat="40.03821" lon="-7.93662">
        <ele>458.55</ele>
      </trkpt>
      <trkpt lat="40.0382" lon="-7.93653">
        <ele>459.16</ele>
      </trkpt>
      <trkpt lat="40.03817" lon="-7.93646">
        <ele>461.0</ele>
      </trkpt>
      <trkpt lat="40.03769" lon="-7.93574">
        <ele>482.03</ele>
      </trkpt>
      <trkpt lat="40.0376" lon="-7.93554">
        <ele>480.68</ele>
      </trkpt>
      <trkpt lat="40.03758" lon="-7.93544">
        <ele>481.49</ele>
      </trkpt>
      <trkpt lat="40.03758" lon="-7.93531">
        <ele>481.42</ele>
      </trkpt>
      <trkpt lat="40.0376" lon="-7.93522">
        <ele>481.33</ele>
      </trkpt>
      <trkpt lat="40.03764" lon="-7.93512">
        <ele>481.17</ele>
      </trkpt>
      <trkpt lat="40.03772" lon="-7.93497">
        <ele>480.65</ele>
      </trkpt>
      <trkpt lat="40.03801" lon="-7.9346">
        <ele>478.16</ele>
      </trkpt>
      <trkpt lat="40.03828" lon="-7.93432">
        <ele>478.56</ele>
      </trkpt>
      <trkpt lat="40.03836" lon="-7.93422">
        <ele>478.39</ele>
      </trkpt>
      <trkpt lat="40.03839" lon="-7.93416">
        <ele>477.99</ele>
      </trkpt>
      <trkpt lat="40.03842" lon="-7.93409">
        <ele>477.4</ele>
      </trkpt>
      <trkpt lat="40.03844" lon="-7.93398">
        <ele>477.71</ele>
      </trkpt>
      <trkpt lat="40.03844" lon="-7.93386">
        <ele>478.57</ele>
      </trkpt>
      <trkpt lat="40.03842" lon="-7.93375">
        <ele>479.25</ele>
      </trkpt>
      <trkpt lat="40.03835" lon="-7.93358">
        <ele>480.8</ele>
      </trkpt>
      <trkpt lat="40.03788" lon="-7.9328">
        <ele>493.27</ele>
      </trkpt>
      <trkpt lat="40.03784" lon="-7.9327">
        <ele>495.2</ele>
      </trkpt>
      <trkpt lat="40.03782" lon="-7.93261">
        <ele>496.06</ele>
      </trkpt>
      <trkpt lat="40.0378" lon="-7.93249">
        <ele>496.86</ele>
      </trkpt>
      <trkpt lat="40.03778" lon="-7.93196">
        <ele>497.98</ele>
      </trkpt>
      <trkpt lat="40.03779" lon="-7.93174">
        <ele>498.1</ele>
      </trkpt>
      <trkpt lat="40.03788" lon="-7.93079">
        <ele>500.17</ele>
      </trkpt>
      <trkpt lat="40.03788" lon="-7.93069">
        <ele>500.3</ele>
      </trkpt>
      <trkpt lat="40.03785" lon="-7.9306">
        <ele>502.06</ele>
      </trkpt>
      <trkpt lat="40.0378" lon="-7.93049">
        <ele>506.41</ele>
      </trkpt>
      <trkpt lat="40.03775" lon="-7.93043">
        <ele>510.65</ele>
      </trkpt>
      <trkpt lat="40.03768" lon="-7.93038">
        <ele>514.52</ele>
      </trkpt>
      <trkpt lat="40.03691" lon="-7.93005">
        <ele>512.79</ele>
      </trkpt>
      <trkpt lat="40.03678" lon="-7.92996">
        <ele>508.35</ele>
      </trkpt>
      <trkpt lat="40.03673" lon="-7.9299">
        <ele>506.92</ele>
      </trkpt>
      <trkpt lat="40.0367" lon="-7.92984">
        <ele>505.57</ele>
      </trkpt>
      <trkpt lat="40.03668" lon="-7.92976">
        <ele>503.74</ele>
      </trkpt>
      <trkpt lat="40.03667" lon="-7.92966">
        <ele>502.94</ele>
      </trkpt>
      <trkpt lat="40.03669" lon="-7.92956">
        <ele>502.58</ele>
      </trkpt>
      <trkpt lat="40.03672" lon="-7.92946">
        <ele>502.04</ele>
      </trkpt>
      <trkpt lat="40.0368" lon="-7.92936">
        <ele>501.66</ele>
      </trkpt>
      <trkpt lat="40.0377" lon="-7.92834">
        <ele>496.2</ele>
      </trkpt>
      <trkpt lat="40.03774" lon="-7.92826">
        <ele>497.72</ele>
      </trkpt>
      <trkpt lat="40.03775" lon="-7.9282">
        <ele>499.24</ele>
      </trkpt>
      <trkpt lat="40.03777" lon="-7.92809">
        <ele>502.1</ele>
      </trkpt>
      <trkpt lat="40.03778" lon="-7.928">
        <ele>503.08</ele>
      </trkpt>
      <trkpt lat="40.03766" lon="-7.92667">
        <ele>510.0</ele>
      </trkpt>
      <trkpt lat="40.03764" lon="-7.92657">
        <ele>510.83</ele>
      </trkpt>
      <trkpt lat="40.0376" lon="-7.92646">
        <ele>511.81</ele>
      </trkpt>
      <trkpt lat="40.03753" lon="-7.92636">
        <ele>512.0</ele>
      </trkpt>
      <trkpt lat="40.03717" lon="-7.92604">
        <ele>516.34</ele>
      </trkpt>
      <trkpt lat="40.03713" lon="-7.92602">
        <ele>516.37</ele>
      </trkpt>
      <trkpt lat="40.03658" lon="-7.92596">
        <ele>534.11</ele>
      </trkpt>
      <trkpt lat="40.03651" lon="-7.92593">
        <ele>536.36</ele>
      </trkpt>
      <trkpt lat="40.03645" lon="-7.9259">
        <ele>537.94</ele>
      </trkpt>
      <trkpt lat="40.03641" lon="-7.92585">
        <ele>537.82</ele>
      </trkpt>
      <trkpt lat="40.03636" lon="-7.92573">
        <ele>537.5</ele>
      </trkpt>
      <trkpt lat="40.03634" lon="-7.92559">
        <ele>536.52</ele>
      </trkpt>
      <trkpt lat="40.03635" lon="-7.92553">
        <ele>535.72</ele>
      </trkpt>
      <trkpt lat="40.03638" lon="-7.92546">
        <ele>534.42</ele>
      </trkpt>
      <trkpt lat="40.03663" lon="-7.92493">
        <ele>518.43</ele>
      </trkpt>
      <trkpt lat="40.03666" lon="-7.92481">
        <ele>517.55</ele>
      </trkpt>
      <trkpt lat="40.0367" lon="-7.92463">
        <ele>517.24</ele>
      </trkpt>
      <trkpt lat="40.03673" lon="-7.92444">
        <ele>518.43</ele>
      </trkpt>
      <trkpt lat="40.03674" lon="-7.92427">
        <ele>518.9</ele>
      </trkpt>
      <trkpt lat="40.03675" lon="-7.92377">
        <ele>518.63</ele>
      </trkpt>
      <trkpt lat="40.03673" lon="-7.92365">
        <ele>519.04</ele>
      </trkpt>
      <trkpt lat="40.03667" lon="-7.92353">
        <ele>522.57</ele>
      </trkpt>
      <trkpt lat="40.03656" lon="-7.92336">
        <ele>526.6</ele>
      </trkpt>
      <trkpt lat="40.03651" lon="-7.92326">
        <ele>527.67</ele>
      </trkpt>
      <trkpt lat="40.03648" lon="-7.92319">
        <ele>527.99</ele>
      </trkpt>
      <trkpt lat="40.03648" lon="-7.92309">
        <ele>526.07</ele>
      </trkpt>
      <trkpt lat="40.03648" lon="-7.92301">
        <ele>525.18</ele>
      </trkpt>
      <trkpt lat="40.03651" lon="-7.92295">
        <ele>523.58</ele>
      </trkpt>
      <trkpt lat="40.03655" lon="-7.92288">
        <ele>521.82</ele>
      </trkpt>
      <trkpt lat="40.03661" lon="-7.92281">
        <ele>519.72</ele>
      </trkpt>
      <trkpt lat="40.03668" lon="-7.92278">
        <ele>517.93</ele>
      </trkpt>
      <trkpt lat="40.03674" lon="-7.92277">
        <ele>517.83</ele>
      </trkpt>
      <trkpt lat="40.03683" lon="-7.92277">
        <ele>517.55</ele>
      </trkpt>
      <trkpt lat="40.03699" lon="-7.92282">
        <ele>516.2</ele>
      </trkpt>
      <trkpt lat="40.03742" lon="-7.92302">
        <ele>518.06</ele>
      </trkpt>
      <trkpt lat="40.0375" lon="-7.92306">
        <ele>519.87</ele>
      </trkpt>
      <trkpt lat="40.03758" lon="-7.92314">
        <ele>522.26</ele>
      </trkpt>
      <trkpt lat="40.03764" lon="-7.92321">
        <ele>523.9</ele>
      </trkpt>
      <trkpt lat="40.03789" lon="-7.92392">
        <ele>522.98</ele>
      </trkpt>
      <trkpt lat="40.03798" lon="-7.92411">
        <ele>520.23</ele>
      </trkpt>
      <trkpt lat="40.03802" lon="-7.92416">
        <ele>519.87</ele>
      </trkpt>
      <trkpt lat="40.03808" lon="-7.92421">
        <ele>519.85</ele>
      </trkpt>
      <trkpt lat="40.03826" lon="-7.9243">
        <ele>522.12</ele>
      </trkpt>
      <trkpt lat="40.03954" lon="-7.92471">
        <ele>529.84</ele>
      </trkpt>
      <trkpt lat="40.03965" lon="-7.92473">
        <ele>531.45</ele>
      </trkpt>
      <trkpt lat="40.03975" lon="-7.92471">
        <ele>533.8</ele>
      </trkpt>
      <trkpt lat="40.03981" lon="-7.92468">
        <ele>535.66</ele>
      </trkpt>
      <trkpt lat="40.03987" lon="-7.92462">
        <ele>538.05</ele>
      </trkpt>
      <trkpt lat="40.03992" lon="-7.92454">
        <ele>540.7</ele>
      </trkpt>
      <trkpt lat="40.03995" lon="-7.92444">
        <ele>543.21</ele>
      </trkpt>
      <trkpt lat="40.03996" lon="-7.92435">
        <ele>543.71</ele>
      </trkpt>
      <trkpt lat="40.03995" lon="-7.92425">
        <ele>543.58</ele>
      </trkpt>
      <trkpt lat="40.03992" lon="-7.92415">
        <ele>543.23</ele>
      </trkpt>
      <trkpt lat="40.03988" lon="-7.92407">
        <ele>543.62</ele>
      </trkpt>
      <trkpt lat="40.03971" lon="-7.92382">
        <ele>545.8</ele>
      </trkpt>
      <trkpt lat="40.03963" lon="-7.92368">
        <ele>548.83</ele>
      </trkpt>
      <trkpt lat="40.03956" lon="-7.9235">
        <ele>551.19</ele>
      </trkpt>
      <trkpt lat="40.03952" lon="-7.92333">
        <ele>551.92</ele>
      </trkpt>
      <trkpt lat="40.03952" lon="-7.92308">
        <ele>552.41</ele>
      </trkpt>
      <trkpt lat="40.03961" lon="-7.92163">
        <ele>588.25</ele>
      </trkpt>
      <trkpt lat="40.03964" lon="-7.92145">
        <ele>589.73</ele>
      </trkpt>
      <trkpt lat="40.03971" lon="-7.9212">
        <ele>587.03</ele>
      </trkpt>
      <trkpt lat="40.03975" lon="-7.92094">
        <ele>584.44</ele>
      </trkpt>
      <trkpt lat="40.03975" lon="-7.92083">
        <ele>583.87</ele>
      </trkpt>
      <trkpt lat="40.03974" lon="-7.92075">
        <ele>583.62</ele>
      </trkpt>
      <trkpt lat="40.03969" lon="-7.92049">
        <ele>582.4</ele>
      </trkpt>
      <trkpt lat="40.03951" lon="-7.91968">
        <ele>567.48</ele>
      </trkpt>
      <trkpt lat="40.03949" lon="-7.91955">
        <ele>564.36</ele>
      </trkpt>
      <trkpt lat="40.03949" lon="-7.91942">
        <ele>561.64</ele>
      </trkpt>
      <trkpt lat="40.03951" lon="-7.91925">
        <ele>562.49</ele>
      </trkpt>
      <trkpt lat="40.03954" lon="-7.9191">
        <ele>563.39</ele>
      </trkpt>
      <trkpt lat="40.03959" lon="-7.91892">
        <ele>563.8</ele>
      </trkpt>
      <trkpt lat="40.03964" lon="-7.9188">
        <ele>562.92</ele>
      </trkpt>
      <trkpt lat="40.0397" lon="-7.91866">
        <ele>560.94</ele>
      </trkpt>
      <trkpt lat="40.03999" lon="-7.91788">
        <ele>549.91</ele>
      </trkpt>
      <trkpt lat="40.04005" lon="-7.91767">
        <ele>550.03</ele>
      </trkpt>
      <trkpt lat="40.04009" lon="-7.91746">
        <ele>552.09</ele>
      </trkpt>
      <trkpt lat="40.04012" lon="-7.91719">
        <ele>553.11</ele>
      </trkpt>
      <trkpt lat="40.04014" lon="-7.91703">
        <ele>552.46</ele>
      </trkpt>
      <trkpt lat="40.04013" lon="-7.91687">
        <ele>553.04</ele>
      </trkpt>
      <trkpt lat="40.0401" lon="-7.91672">
        <ele>554.34</ele>
      </trkpt>
      <trkpt lat="40.04006" lon="-7.91663">
        <ele>555.13</ele>
      </trkpt>
      <trkpt lat="40.03999" lon="-7.91653">
        <ele>557.16</ele>
      </trkpt>
      <trkpt lat="40.0391" lon="-7.91577">
        <ele>553.96</ele>
      </trkpt>
      <trkpt lat="40.03886" lon="-7.91561">
        <ele>552.71</ele>
      </trkpt>
      <trkpt lat="40.03875" lon="-7.91549">
        <ele>550.79</ele>
      </trkpt>
      <trkpt lat="40.0387" lon="-7.91539">
        <ele>549.89</ele>
      </trkpt>
      <trkpt lat="40.03868" lon="-7.91532">
        <ele>549.21</ele>
      </trkpt>
      <trkpt lat="40.03867" lon="-7.9151">
        <ele>549.43</ele>
      </trkpt>
      <trkpt lat="40.0387" lon="-7.91499">
        <ele>549.8</ele>
      </trkpt>
      <trkpt lat="40.03875" lon="-7.9149">
        <ele>550.58</ele>
      </trkpt>
      <trkpt lat="40.03893" lon="-7.91468">
        <ele>550.61</ele>
      </trkpt>
      <trkpt lat="40.03912" lon="-7.91449">
        <ele>549.9</ele>
      </trkpt>
      <trkpt lat="40.03918" lon="-7.91444">
        <ele>549.97</ele>
      </trkpt>
      <trkpt lat="40.03926" lon="-7.9144">
        <ele>549.91</ele>
      </trkpt>
      <trkpt lat="40.03973" lon="-7.91432">
        <ele>549.04</ele>
      </trkpt>
      <trkpt lat="40.04" lon="-7.91425">
        <ele>546.8</ele>
      </trkpt>
      <trkpt lat="40.04012" lon="-7.91417">
        <ele>548.78</ele>
      </trkpt>
      <trkpt lat="40.04025" lon="-7.91404">
        <ele>553.17</ele>
      </trkpt>
      <trkpt lat="40.04031" lon="-7.91396">
        <ele>555.41</ele>
      </trkpt>
      <trkpt lat="40.04036" lon="-7.91386">
        <ele>558.11</ele>
      </trkpt>
      <trkpt lat="40.0404" lon="-7.91375">
        <ele>560.38</ele>
      </trkpt>
      <trkpt lat="40.04045" lon="-7.91357">
        <ele>563.61</ele>
      </trkpt>
      <trkpt lat="40.04047" lon="-7.91326">
        <ele>566.39</ele>
      </trkpt>
      <trkpt lat="40.04048" lon="-7.91208">
        <ele>565.45</ele>
      </trkpt>
      <trkpt lat="40.04046" lon="-7.91069">
        <ele>565.91</ele>
      </trkpt>
      <trkpt lat="40.04048" lon="-7.91039">
        <ele>566.82</ele>
      </trkpt>
      <trkpt lat="40.04051" lon="-7.91025">
        <ele>567.29</ele>
      </trkpt>
      <trkpt lat="40.04056" lon="-7.91009">
        <ele>568.61</ele>
      </trkpt>
      <trkpt lat="40.04063" lon="-7.90996">
        <ele>569.01</ele>
      </trkpt>
      <trkpt lat="40.04073" lon="-7.90982">
        <ele>569.23</ele>
      </trkpt>
      <trkpt lat="40.04084" lon="-7.90967">
        <ele>569.15</ele>
      </trkpt>
      <trkpt lat="40.04098" lon="-7.90952">
        <ele>567.72</ele>
      </trkpt>
      <trkpt lat="40.04121" lon="-7.9093">
        <ele>568.31</ele>
      </trkpt>
      <trkpt lat="40.04179" lon="-7.90873">
        <ele>566.25</ele>
      </trkpt>
      <trkpt lat="40.04198" lon="-7.90852">
        <ele>564.4</ele>
      </trkpt>
      <trkpt lat="40.04208" lon="-7.90836">
        <ele>564.08</ele>
      </trkpt>
      <trkpt lat="40.04211" lon="-7.90828">
        <ele>564.75</ele>
      </trkpt>
      <trkpt lat="40.04213" lon="-7.9082">
        <ele>565.71</ele>
      </trkpt>
      <trkpt lat="40.04215" lon="-7.90808">
        <ele>567.37</ele>
      </trkpt>
      <trkpt lat="40.04215" lon="-7.90728">
        <ele>578.12</ele>
      </trkpt>
      <trkpt lat="40.04216" lon="-7.90721">
        <ele>578.25</ele>
      </trkpt>
      <trkpt lat="40.04219" lon="-7.90709">
        <ele>580.46</ele>
      </trkpt>
      <trkpt lat="40.04224" lon="-7.90696">
        <ele>582.66</ele>
      </trkpt>
      <trkpt lat="40.04231" lon="-7.90687">
        <ele>581.05</ele>
      </trkpt>
      <trkpt lat="40.04239" lon="-7.90678">
        <ele>578.87</ele>
      </trkpt>
      <trkpt lat="40.04287" lon="-7.90636">
        <ele>573.91</ele>
      </trkpt>
      <trkpt lat="40.04319" lon="-7.90605">
        <ele>572.51</ele>
      </trkpt>
      <trkpt lat="40.04347" lon="-7.90579">
        <ele>568.67</ele>
      </trkpt>
      <trkpt lat="40.04369" lon="-7.90555">
        <ele>570.09</ele>
      </trkpt>
      <trkpt lat="40.04375" lon="-7.90544">
        <ele>571.66</ele>
      </trkpt>
      <trkpt lat="40.04379" lon="-7.90533">
        <ele>573.01</ele>
      </trkpt>
      <trkpt lat="40.04383" lon="-7.9052">
        <ele>573.54</ele>
      </trkpt>
      <trkpt lat="40.04385" lon="-7.90497">
        <ele>573.37</ele>
      </trkpt>
      <trkpt lat="40.04384" lon="-7.90484">
        <ele>572.75</ele>
      </trkpt>
      <trkpt lat="40.04377" lon="-7.90457">
        <ele>572.39</ele>
      </trkpt>
      <trkpt lat="40.0431" lon="-7.90265">
        <ele>575.3</ele>
      </trkpt>
      <trkpt lat="40.04296" lon="-7.90222">
        <ele>574.3</ele>
      </trkpt>
      <trkpt lat="40.04295" lon="-7.90207">
        <ele>573.28</ele>
      </trkpt>
      <trkpt lat="40.043" lon="-7.90127">
        <ele>572.37</ele>
      </trkpt>
      <trkpt lat="40.043" lon="-7.90111">
        <ele>572.61</ele>
      </trkpt>
      <trkpt lat="40.04289" lon="-7.90012">
        <ele>578.7</ele>
      </trkpt>
      <trkpt lat="40.04287" lon="-7.89972">
        <ele>583.34</ele>
      </trkpt>
      <trkpt lat="40.04287" lon="-7.89961">
        <ele>583.74</ele>
      </trkpt>
      <trkpt lat="40.04289" lon="-7.89949">
        <ele>584.24</ele>
      </trkpt>
      <trkpt lat="40.04297" lon="-7.89923">
        <ele>585.46</ele>
      </trkpt>
      <trkpt lat="40.04323" lon="-7.89883">
        <ele>586.71</ele>
      </trkpt>
      <trkpt lat="40.0433" lon="-7.89871">
        <ele>586.96</ele>
      </trkpt>
      <trkpt lat="40.04334" lon="-7.89862">
        <ele>587.05</ele>
      </trkpt>
      <trkpt lat="40.0434" lon="-7.89844">
        <ele>588.27</ele>
      </trkpt>
      <trkpt lat="40.0434" lon="-7.89836">
        <ele>588.64</ele>
      </trkpt>
      <trkpt lat="40.0434" lon="-7.89826">
        <ele>588.83</ele>
      </trkpt>
      <trkpt lat="40.04333" lon="-7.89798">
        <ele>590.31</ele>
      </trkpt>
      <trkpt lat="40.04327" lon="-7.89784">
        <ele>591.81</ele>
      </trkpt>
      <trkpt lat="40.04316" lon="-7.89762">
        <ele>593.2</ele>
      </trkpt>
      <trkpt lat="40.04263" lon="-7.89658">
        <ele>595.06</ele>
      </trkpt>
      <trkpt lat="40.04259" lon="-7.89649">
        <ele>595.35</ele>
      </trkpt>
      <trkpt lat="40.04251" lon="-7.89625">
        <ele>595.46</ele>
      </trkpt>
      <trkpt lat="40.0424" lon="-7.89576">
        <ele>594.98</ele>
      </trkpt>
      <trkpt lat="40.04237" lon="-7.89556">
        <ele>594.94</ele>
      </trkpt>
      <trkpt lat="40.04236" lon="-7.89539">
        <ele>595.01</ele>
      </trkpt>
      <trkpt lat="40.04241" lon="-7.89462">
        <ele>604.9</ele>
      </trkpt>
      <trkpt lat="40.04239" lon="-7.89435">
        <ele>609.25</ele>
      </trkpt>
      <trkpt lat="40.04224" lon="-7.89336">
        <ele>608.68</ele>
      </trkpt>
      <trkpt lat="40.04224" lon="-7.89324">
        <ele>607.88</ele>
      </trkpt>
      <trkpt lat="40.04225" lon="-7.89309">
        <ele>606.55</ele>
      </trkpt>
      <trkpt lat="40.04228" lon="-7.89292">
        <ele>606.03</ele>
      </trkpt>
      <trkpt lat="40.04241" lon="-7.89232">
        <ele>610.52</ele>
      </trkpt>
      <trkpt lat="40.04248" lon="-7.89207">
        <ele>611.8</ele>
      </trkpt>
      <trkpt lat="40.04277" lon="-7.89127">
        <ele>610.72</ele>
      </trkpt>
      <trkpt lat="40.04291" lon="-7.89082">
        <ele>609.36</ele>
      </trkpt>
      <trkpt lat="40.04344" lon="-7.88896">
        <ele>608.52</ele>
      </trkpt>
      <trkpt lat="40.04346" lon="-7.88886">
        <ele>607.99</ele>
      </trkpt>
      <trkpt lat="40.04375" lon="-7.88631">
        <ele>622.28</ele>
      </trkpt>
      <trkpt lat="40.04376" lon="-7.88618">
        <ele>622.82</ele>
      </trkpt>
      <trkpt lat="40.04375" lon="-7.88605">
        <ele>623.22</ele>
      </trkpt>
      <trkpt lat="40.04368" lon="-7.88532">
        <ele>622.88</ele>
      </trkpt>
      <trkpt lat="40.04368" lon="-7.88508">
        <ele>621.92</ele>
      </trkpt>
      <trkpt lat="40.0437" lon="-7.88495">
        <ele>621.68</ele>
      </trkpt>
      <trkpt lat="40.04391" lon="-7.8839">
        <ele>622.58</ele>
      </trkpt>
      <trkpt lat="40.04395" lon="-7.88375">
        <ele>623.26</ele>
      </trkpt>
      <trkpt lat="40.04401" lon="-7.88359">
        <ele>624.8</ele>
      </trkpt>
      <trkpt lat="40.04418" lon="-7.88329">
        <ele>625.66</ele>
      </trkpt>
      <trkpt lat="40.04423" lon="-7.88316">
        <ele>627.99</ele>
      </trkpt>
      <trkpt lat="40.04426" lon="-7.88303">
        <ele>629.87</ele>
      </trkpt>
      <trkpt lat="40.04425" lon="-7.88293">
        <ele>630.3</ele>
      </trkpt>
      <trkpt lat="40.04423" lon="-7.88283">
        <ele>630.45</ele>
      </trkpt>
      <trkpt lat="40.04421" lon="-7.88276">
        <ele>630.46</ele>
      </trkpt>
      <trkpt lat="40.04333" lon="-7.88111">
        <ele>632.93</ele>
      </trkpt>
      <trkpt lat="40.04325" lon="-7.881">
        <ele>632.38</ele>
      </trkpt>
      <trkpt lat="40.0423" lon="-7.88001">
        <ele>643.73</ele>
      </trkpt>
      <trkpt lat="40.04167" lon="-7.87937">
        <ele>644.21</ele>
      </trkpt>
      <trkpt lat="40.0416" lon="-7.87927">
        <ele>642.22</ele>
      </trkpt>
      <trkpt lat="40.04155" lon="-7.87919">
        <ele>640.92</ele>
      </trkpt>
      <trkpt lat="40.04152" lon="-7.87908">
        <ele>639.63</ele>
      </trkpt>
      <trkpt lat="40.04151" lon="-7.87896">
        <ele>638.4</ele>
      </trkpt>
      <trkpt lat="40.04153" lon="-7.87886">
        <ele>637.56</ele>
      </trkpt>
      <trkpt lat="40.04154" lon="-7.87878">
        <ele>636.39</ele>
      </trkpt>
      <trkpt lat="40.04154" lon="-7.87878">
        <ele>636.39</ele>
      </trkpt>
      <trkpt lat="40.04154" lon="-7.87878">
        <ele>636.39</ele>
      </trkpt>
      <trkpt lat="40.04159" lon="-7.87868">
        <ele>635.34</ele>
      </trkpt>
      <trkpt lat="40.04167" lon="-7.87858">
        <ele>634.69</ele>
      </trkpt>
      <trkpt lat="40.04172" lon="-7.87855">
        <ele>634.81</ele>
      </trkpt>
      <trkpt lat="40.04186" lon="-7.87852">
        <ele>635.86</ele>
      </trkpt>
      <trkpt lat="40.04315" lon="-7.87843">
        <ele>630.78</ele>
      </trkpt>
      <trkpt lat="40.04332" lon="-7.87839">
        <ele>630.76</ele>
      </trkpt>
      <trkpt lat="40.04351" lon="-7.87828">
        <ele>628.47</ele>
      </trkpt>
      <trkpt lat="40.04422" lon="-7.87769">
        <ele>627.7</ele>
      </trkpt>
      <trkpt lat="40.04431" lon="-7.8776">
        <ele>628.62</ele>
      </trkpt>
      <trkpt lat="40.04442" lon="-7.87743">
        <ele>627.23</ele>
      </trkpt>
      <trkpt lat="40.04445" lon="-7.87729">
        <ele>622.15</ele>
      </trkpt>
      <trkpt lat="40.04446" lon="-7.8772">
        <ele>619.55</ele>
      </trkpt>
      <trkpt lat="40.04445" lon="-7.87708">
        <ele>618.21</ele>
      </trkpt>
      <trkpt lat="40.04442" lon="-7.8769">
        <ele>616.08</ele>
      </trkpt>
      <trkpt lat="40.04437" lon="-7.8768">
        <ele>614.35</ele>
      </trkpt>
      <trkpt lat="40.0443" lon="-7.87671">
        <ele>612.35</ele>
      </trkpt>
      <trkpt lat="40.04363" lon="-7.87591">
        <ele>611.44</ele>
      </trkpt>
      <trkpt lat="40.04357" lon="-7.87578">
        <ele>611.57</ele>
      </trkpt>
      <trkpt lat="40.04354" lon="-7.87571">
        <ele>611.31</ele>
      </trkpt>
      <trkpt lat="40.04348" lon="-7.87535">
        <ele>609.98</ele>
      </trkpt>
      <trkpt lat="40.04337" lon="-7.8743">
        <ele>609.58</ele>
      </trkpt>
      <trkpt lat="40.04338" lon="-7.87415">
        <ele>610.1</ele>
      </trkpt>
      <trkpt lat="40.04342" lon="-7.87405">
        <ele>610.58</ele>
      </trkpt>
      <trkpt lat="40.04345" lon="-7.87396">
        <ele>610.86</ele>
      </trkpt>
      <trkpt lat="40.04349" lon="-7.87388">
        <ele>610.76</ele>
      </trkpt>
      <trkpt lat="40.04355" lon="-7.8738">
        <ele>609.41</ele>
      </trkpt>
      <trkpt lat="40.04364" lon="-7.87373">
        <ele>608.18</ele>
      </trkpt>
      <trkpt lat="40.04373" lon="-7.87367">
        <ele>607.21</ele>
      </trkpt>
      <trkpt lat="40.04381" lon="-7.87365">
        <ele>606.7</ele>
      </trkpt>
      <trkpt lat="40.04391" lon="-7.87364">
        <ele>605.61</ele>
      </trkpt>
      <trkpt lat="40.04397" lon="-7.87364">
        <ele>603.6</ele>
      </trkpt>
      <trkpt lat="40.04422" lon="-7.87372">
        <ele>598.69</ele>
      </trkpt>
      <trkpt lat="40.04514" lon="-7.87403">
        <ele>609.14</ele>
      </trkpt>
      <trkpt lat="40.04527" lon="-7.87407">
        <ele>614.29</ele>
      </trkpt>
      <trkpt lat="40.0454" lon="-7.87408">
        <ele>615.93</ele>
      </trkpt>
      <trkpt lat="40.04551" lon="-7.87407">
        <ele>616.48</ele>
      </trkpt>
      <trkpt lat="40.04561" lon="-7.87403">
        <ele>616.74</ele>
      </trkpt>
      <trkpt lat="40.04572" lon="-7.87396">
        <ele>617.14</ele>
      </trkpt>
      <trkpt lat="40.04583" lon="-7.87383">
        <ele>612.85</ele>
      </trkpt>
      <trkpt lat="40.04595" lon="-7.87367">
        <ele>599.67</ele>
      </trkpt>
      <trkpt lat="40.04627" lon="-7.87315">
        <ele>594.01</ele>
      </trkpt>
      <trkpt lat="40.04635" lon="-7.87302">
        <ele>594.36</ele>
      </trkpt>
      <trkpt lat="40.04643" lon="-7.87292">
        <ele>593.81</ele>
      </trkpt>
      <trkpt lat="40.04653" lon="-7.87286">
        <ele>592.52</ele>
      </trkpt>
      <trkpt lat="40.04662" lon="-7.87283">
        <ele>591.35</ele>
      </trkpt>
      <trkpt lat="40.04671" lon="-7.87282">
        <ele>591.14</ele>
      </trkpt>
      <trkpt lat="40.04681" lon="-7.87283">
        <ele>592.26</ele>
      </trkpt>
      <trkpt lat="40.04748" lon="-7.87297">
        <ele>604.99</ele>
      </trkpt>
      <trkpt lat="40.04771" lon="-7.87299">
        <ele>598.34</ele>
      </trkpt>
      <trkpt lat="40.04785" lon="-7.87295">
        <ele>594.79</ele>
      </trkpt>
      <trkpt lat="40.04786" lon="-7.87301">
        <ele>595.07</ele>
      </trkpt>
      <trkpt lat="40.04788" lon="-7.87317">
        <ele>597.06</ele>
      </trkpt>
      <trkpt lat="40.04795" lon="-7.87323">
        <ele>597.66</ele>
      </trkpt>
      <trkpt lat="40.04801" lon="-7.87323">
        <ele>597.37</ele>
      </trkpt>
      <trkpt lat="40.04806" lon="-7.87322">
        <ele>597.02</ele>
      </trkpt>
      <trkpt lat="40.04811" lon="-7.87319">
        <ele>597.2</ele>
      </trkpt>
      <trkpt lat="40.04815" lon="-7.87313">
        <ele>596.7</ele>
      </trkpt>
      <trkpt lat="40.04854" lon="-7.87238">
        <ele>586.28</ele>
      </trkpt>
      <trkpt lat="40.0487" lon="-7.87212">
        <ele>583.74</ele>
      </trkpt>
      <trkpt lat="40.04942" lon="-7.87152">
        <ele>594.89</ele>
      </trkpt>
      <trkpt lat="40.04956" lon="-7.87127">
        <ele>594.61</ele>
      </trkpt>
      <trkpt lat="40.0496" lon="-7.87097">
        <ele>594.86</ele>
      </trkpt>
      <trkpt lat="40.04948" lon="-7.8702">
        <ele>591.41</ele>
      </trkpt>
      <trkpt lat="40.04944" lon="-7.8698">
        <ele>590.57</ele>
      </trkpt>
      <trkpt lat="40.0496" lon="-7.86925">
        <ele>600.46</ele>
      </trkpt>
      <trkpt lat="40.04961" lon="-7.86898">
        <ele>600.75</ele>
      </trkpt>
      <trkpt lat="40.04953" lon="-7.86873">
        <ele>599.15</ele>
      </trkpt>
      <trkpt lat="40.04934" lon="-7.86845">
        <ele>599.07</ele>
      </trkpt>
      <trkpt lat="40.04891" lon="-7.86813">
        <ele>606.44</ele>
      </trkpt>
      <trkpt lat="40.04873" lon="-7.86783">
        <ele>612.17</ele>
      </trkpt>
      <trkpt lat="40.04842" lon="-7.8671">
        <ele>627.7</ele>
      </trkpt>
      <trkpt lat="40.04843" lon="-7.86681">
        <ele>629.98</ele>
      </trkpt>
      <trkpt lat="40.0486" lon="-7.86671">
        <ele>631.32</ele>
      </trkpt>
      <trkpt lat="40.04878" lon="-7.86679">
        <ele>627.66</ele>
      </trkpt>
      <trkpt lat="40.04923" lon="-7.8672">
        <ele>625.51</ele>
      </trkpt>
      <trkpt lat="40.04952" lon="-7.86732">
        <ele>626.38</ele>
      </trkpt>
      <trkpt lat="40.04981" lon="-7.86739">
        <ele>624.63</ele>
      </trkpt>
      <trkpt lat="40.05034" lon="-7.86722">
        <ele>628.09</ele>
      </trkpt>
      <trkpt lat="40.05042" lon="-7.8672">
        <ele>629.28</ele>
      </trkpt>
      <trkpt lat="40.0505" lon="-7.86719">
        <ele>630.7</ele>
      </trkpt>
      <trkpt lat="40.05058" lon="-7.8672">
        <ele>633.02</ele>
      </trkpt>
      <trkpt lat="40.05065" lon="-7.86723">
        <ele>636.84</ele>
      </trkpt>
      <trkpt lat="40.05099" lon="-7.8674">
        <ele>649.09</ele>
      </trkpt>
      <trkpt lat="40.05109" lon="-7.86744">
        <ele>649.87</ele>
      </trkpt>
      <trkpt lat="40.05144" lon="-7.8675">
        <ele>644.47</ele>
      </trkpt>
      <trkpt lat="40.05202" lon="-7.86719">
        <ele>652.43</ele>
      </trkpt>
      <trkpt lat="40.05259" lon="-7.86702">
        <ele>660.2</ele>
      </trkpt>
      <trkpt lat="40.05285" lon="-7.86688">
        <ele>661.34</ele>
      </trkpt>
      <trkpt lat="40.05394" lon="-7.86598">
        <ele>670.64</ele>
      </trkpt>
      <trkpt lat="40.0546" lon="-7.86544">
        <ele>672.1</ele>
      </trkpt>
      <trkpt lat="40.05488" lon="-7.86515">
        <ele>679.74</ele>
      </trkpt>
      <trkpt lat="40.0551" lon="-7.86483">
        <ele>683.71</ele>
      </trkpt>
      <trkpt lat="40.05563" lon="-7.86377">
        <ele>682.43</ele>
      </trkpt>
      <trkpt lat="40.05585" lon="-7.86356">
        <ele>684.35</ele>
      </trkpt>
      <trkpt lat="40.05609" lon="-7.86351">
        <ele>684.38</ele>
      </trkpt>
      <trkpt lat="40.05661" lon="-7.86352">
        <ele>682.4</ele>
      </trkpt>
      <trkpt lat="40.05679" lon="-7.86333">
        <ele>687.06</ele>
      </trkpt>
      <trkpt lat="40.05691" lon="-7.86305">
        <ele>688.48</ele>
      </trkpt>
      <trkpt lat="40.05729" lon="-7.86182">
        <ele>698.18</ele>
      </trkpt>
      <trkpt lat="40.05736" lon="-7.86163">
        <ele>695.64</ele>
      </trkpt>
      <trkpt lat="40.05744" lon="-7.86146">
        <ele>692.16</ele>
      </trkpt>
      <trkpt lat="40.05759" lon="-7.8613">
        <ele>689.94</ele>
      </trkpt>
      <trkpt lat="40.05773" lon="-7.8612">
        <ele>689.7</ele>
      </trkpt>
      <trkpt lat="40.05853" lon="-7.86078">
        <ele>696.93</ele>
      </trkpt>
      <trkpt lat="40.05867" lon="-7.86065">
        <ele>695.63</ele>
      </trkpt>
      <trkpt lat="40.05874" lon="-7.86055">
        <ele>695.07</ele>
      </trkpt>
      <trkpt lat="40.05923" lon="-7.85942">
        <ele>702.44</ele>
      </trkpt>
      <trkpt lat="40.05974" lon="-7.85749">
        <ele>715.58</ele>
      </trkpt>
      <trkpt lat="40.05998" lon="-7.85711">
        <ele>723.62</ele>
      </trkpt>
      <trkpt lat="40.0603" lon="-7.85672">
        <ele>724.77</ele>
      </trkpt>
      <trkpt lat="40.06069" lon="-7.85647">
        <ele>730.25</ele>
      </trkpt>
      <trkpt lat="40.06094" lon="-7.85644">
        <ele>733.15</ele>
      </trkpt>
      <trkpt lat="40.06121" lon="-7.8565">
        <ele>737.28</ele>
      </trkpt>
      <trkpt lat="40.06266" lon="-7.85723">
        <ele>751.34</ele>
      </trkpt>
      <trkpt lat="40.06316" lon="-7.85727">
        <ele>756.51</ele>
      </trkpt>
      <trkpt lat="40.06341" lon="-7.85718">
        <ele>755.0</ele>
      </trkpt>
      <trkpt lat="40.0642" lon="-7.85663">
        <ele>762.63</ele>
      </trkpt>
      <trkpt lat="40.06443" lon="-7.85638">
        <ele>767.74</ele>
      </trkpt>
      <trkpt lat="40.06461" lon="-7.85607">
        <ele>765.97</ele>
      </trkpt>
      <trkpt lat="40.06534" lon="-7.8544">
        <ele>759.13</ele>
      </trkpt>
      <trkpt lat="40.0655" lon="-7.85413">
        <ele>756.48</ele>
      </trkpt>
      <trkpt lat="40.06556" lon="-7.85407">
        <ele>755.26</ele>
      </trkpt>
      <trkpt lat="40.06567" lon="-7.85401">
        <ele>753.56</ele>
      </trkpt>
      <trkpt lat="40.06571" lon="-7.854">
        <ele>752.93</ele>
      </trkpt>
      <trkpt lat="40.06583" lon="-7.85398">
        <ele>751.07</ele>
      </trkpt>
      <trkpt lat="40.06591" lon="-7.85399">
        <ele>749.43</ele>
      </trkpt>
      <trkpt lat="40.06642" lon="-7.85415">
        <ele>742.7</ele>
      </trkpt>
      <trkpt lat="40.06677" lon="-7.85427">
        <ele>747.19</ele>
      </trkpt>
      <trkpt lat="40.06689" lon="-7.85432">
        <ele>747.34</ele>
      </trkpt>
      <trkpt lat="40.06699" lon="-7.85437">
        <ele>746.44</ele>
      </trkpt>
      <trkpt lat="40.06709" lon="-7.85444">
        <ele>744.57</ele>
      </trkpt>
      <trkpt lat="40.06729" lon="-7.85461">
        <ele>739.69</ele>
      </trkpt>
      <trkpt lat="40.06996" lon="-7.85724">
        <ele>725.11</ele>
      </trkpt>
      <trkpt lat="40.07101" lon="-7.8585">
        <ele>718.6</ele>
      </trkpt>
      <trkpt lat="40.07187" lon="-7.85924">
        <ele>714.34</ele>
      </trkpt>
      <trkpt lat="40.07218" lon="-7.85936">
        <ele>712.49</ele>
      </trkpt>
      <trkpt lat="40.07609" lon="-7.86023">
        <ele>724.79</ele>
      </trkpt>
      <trkpt lat="40.07637" lon="-7.86021">
        <ele>730.12</ele>
      </trkpt>
      <trkpt lat="40.07766" lon="-7.86002">
        <ele>729.78</ele>
      </trkpt>
      <trkpt lat="40.07782" lon="-7.85994">
        <ele>730.66</ele>
      </trkpt>
      <trkpt lat="40.07788" lon="-7.8599">
        <ele>731.62</ele>
      </trkpt>
      <trkpt lat="40.07842" lon="-7.85917">
        <ele>741.08</ele>
      </trkpt>
      <trkpt lat="40.07851" lon="-7.85907">
        <ele>740.81</ele>
      </trkpt>
      <trkpt lat="40.0788" lon="-7.85881">
        <ele>738.77</ele>
      </trkpt>
      <trkpt lat="40.0792" lon="-7.85846">
        <ele>740.73</ele>
      </trkpt>
      <trkpt lat="40.07967" lon="-7.85808">
        <ele>741.75</ele>
      </trkpt>
      <trkpt lat="40.07979" lon="-7.85804">
        <ele>739.59</ele>
      </trkpt>
      <trkpt lat="40.07991" lon="-7.85802">
        <ele>736.99</ele>
      </trkpt>
      <trkpt lat="40.08002" lon="-7.85805">
        <ele>734.62</ele>
      </trkpt>
      <trkpt lat="40.08014" lon="-7.85813">
        <ele>736.46</ele>
      </trkpt>
      <trkpt lat="40.08073" lon="-7.85888">
        <ele>745.16</ele>
      </trkpt>
      <trkpt lat="40.08087" lon="-7.85915">
        <ele>745.4</ele>
      </trkpt>
      <trkpt lat="40.08109" lon="-7.85969">
        <ele>750.49</ele>
      </trkpt>
      <trkpt lat="40.08131" lon="-7.85999">
        <ele>751.71</ele>
      </trkpt>
      <trkpt lat="40.08161" lon="-7.86025">
        <ele>753.2</ele>
      </trkpt>
      <trkpt lat="40.08214" lon="-7.86059">
        <ele>759.09</ele>
      </trkpt>
      <trkpt lat="40.08229" lon="-7.86063">
        <ele>758.36</ele>
      </trkpt>
      <trkpt lat="40.08244" lon="-7.86058">
        <ele>756.55</ele>
      </trkpt>
      <trkpt lat="40.08254" lon="-7.86042">
        <ele>756.89</ele>
      </trkpt>
      <trkpt lat="40.08259" lon="-7.86019">
        <ele>757.59</ele>
      </trkpt>
      <trkpt lat="40.08259" lon="-7.85941">
        <ele>762.92</ele>
      </trkpt>
      <trkpt lat="40.08264" lon="-7.85923">
        <ele>764.04</ele>
      </trkpt>
      <trkpt lat="40.08274" lon="-7.85907">
        <ele>765.53</ele>
      </trkpt>
      <trkpt lat="40.08331" lon="-7.85844">
        <ele>762.87</ele>
      </trkpt>
      <trkpt lat="40.08346" lon="-7.85833">
        <ele>760.91</ele>
      </trkpt>
      <trkpt lat="40.08364" lon="-7.85825">
        <ele>759.51</ele>
      </trkpt>
      <trkpt lat="40.0842" lon="-7.85815">
        <ele>754.3</ele>
      </trkpt>
      <trkpt lat="40.08549" lon="-7.85809">
        <ele>742.46</ele>
      </trkpt>
      <trkpt lat="40.08635" lon="-7.85793">
        <ele>733.61</ele>
      </trkpt>
      <trkpt lat="40.08736" lon="-7.8575">
        <ele>715.55</ele>
      </trkpt>
      <trkpt lat="40.08764" lon="-7.85745">
        <ele>707.99</ele>
      </trkpt>
      <trkpt lat="40.08776" lon="-7.85739">
        <ele>708.34</ele>
      </trkpt>
      <trkpt lat="40.08782" lon="-7.85731">
        <ele>711.07</ele>
      </trkpt>
      <trkpt lat="40.08784" lon="-7.85727">
        <ele>712.95</ele>
      </trkpt>
      <trkpt lat="40.08785" lon="-7.85721">
        <ele>716.0</ele>
      </trkpt>
      <trkpt lat="40.08784" lon="-7.85716">
        <ele>717.4</ele>
      </trkpt>
      <trkpt lat="40.08781" lon="-7.85701">
        <ele>721.68</ele>
      </trkpt>
      <trkpt lat="40.0877" lon="-7.85672">
        <ele>729.42</ele>
      </trkpt>
      <trkpt lat="40.08767" lon="-7.8566">
        <ele>731.92</ele>
      </trkpt>
      <trkpt lat="40.08765" lon="-7.85647">
        <ele>734.13</ele>
      </trkpt>
      <trkpt lat="40.08765" lon="-7.85633">
        <ele>735.37</ele>
      </trkpt>
      <trkpt lat="40.0877" lon="-7.85506">
        <ele>730.18</ele>
      </trkpt>
      <trkpt lat="40.08769" lon="-7.85454">
        <ele>726.69</ele>
      </trkpt>
      <trkpt lat="40.08764" lon="-7.85454">
        <ele>727.83</ele>
      </trkpt>
      <trkpt lat="40.08769" lon="-7.85454">
        <ele>726.69</ele>
      </trkpt>
      <trkpt lat="40.08763" lon="-7.85395">
        <ele>723.83</ele>
      </trkpt>
      <trkpt lat="40.08763" lon="-7.85378">
        <ele>723.12</ele>
      </trkpt>
      <trkpt lat="40.08764" lon="-7.85366">
        <ele>722.24</ele>
      </trkpt>
      <trkpt lat="40.08782" lon="-7.8531">
        <ele>715.36</ele>
      </trkpt>
      <trkpt lat="40.08785" lon="-7.85292">
        <ele>712.61</ele>
      </trkpt>
      <trkpt lat="40.08786" lon="-7.85275">
        <ele>710.38</ele>
      </trkpt>
      <trkpt lat="40.08786" lon="-7.85225">
        <ele>707.84</ele>
      </trkpt>
      <trkpt lat="40.08789" lon="-7.852">
        <ele>707.27</ele>
      </trkpt>
      <trkpt lat="40.08794" lon="-7.85182">
        <ele>706.31</ele>
      </trkpt>
      <trkpt lat="40.08832" lon="-7.85075">
        <ele>698.11</ele>
      </trkpt>
      <trkpt lat="40.08843" lon="-7.85054">
        <ele>695.58</ele>
      </trkpt>
      <trkpt lat="40.08858" lon="-7.85033">
        <ele>692.51</ele>
      </trkpt>
      <trkpt lat="40.08877" lon="-7.85022">
        <ele>689.71</ele>
      </trkpt>
      <trkpt lat="40.08911" lon="-7.85015">
        <ele>687.85</ele>
      </trkpt>
      <trkpt lat="40.0893" lon="-7.85006">
        <ele>687.3</ele>
      </trkpt>
      <trkpt lat="40.08934" lon="-7.85002">
        <ele>687.3</ele>
      </trkpt>
      <trkpt lat="40.08937" lon="-7.85">
        <ele>687.27</ele>
      </trkpt>
      <trkpt lat="40.08941" lon="-7.85">
        <ele>687.12</ele>
      </trkpt>
      <trkpt lat="40.08944" lon="-7.85001">
        <ele>686.98</ele>
      </trkpt>
      <trkpt lat="40.08947" lon="-7.85003">
        <ele>686.75</ele>
      </trkpt>
      <trkpt lat="40.0895" lon="-7.85007">
        <ele>686.55</ele>
      </trkpt>
      <trkpt lat="40.08951" lon="-7.85012">
        <ele>686.5</ele>
      </trkpt>
      <trkpt lat="40.08961" lon="-7.85018">
        <ele>686.7</ele>
      </trkpt>
      <trkpt lat="40.08992" lon="-7.85031">
        <ele>689.49</ele>
      </trkpt>
      <trkpt lat="40.09019" lon="-7.85036">
        <ele>687.26</ele>
      </trkpt>
      <trkpt lat="40.09041" lon="-7.85036">
        <ele>685.58</ele>
      </trkpt>
      <trkpt lat="40.09061" lon="-7.8503">
        <ele>684.99</ele>
      </trkpt>
      <trkpt lat="40.09077" lon="-7.85024">
        <ele>682.73</ele>
      </trkpt>
      <trkpt lat="40.09093" lon="-7.85014">
        <ele>682.17</ele>
      </trkpt>
      <trkpt lat="40.09099" lon="-7.85009">
        <ele>682.38</ele>
      </trkpt>
      <trkpt lat="40.09099" lon="-7.85003">
        <ele>682.5</ele>
      </trkpt>
      <trkpt lat="40.09102" lon="-7.84997">
        <ele>682.64</ele>
      </trkpt>
      <trkpt lat="40.09104" lon="-7.84995">
        <ele>682.7</ele>
      </trkpt>
      <trkpt lat="40.09107" lon="-7.84993">
        <ele>682.81</ele>
      </trkpt>
      <trkpt lat="40.0911" lon="-7.84993">
        <ele>682.95</ele>
      </trkpt>
      <trkpt lat="40.09114" lon="-7.84994">
        <ele>682.9</ele>
      </trkpt>
      <trkpt lat="40.09116" lon="-7.84997">
        <ele>682.74</ele>
      </trkpt>
      <trkpt lat="40.09118" lon="-7.85">
        <ele>682.5</ele>
      </trkpt>
      <trkpt lat="40.09119" lon="-7.85004">
        <ele>682.33</ele>
      </trkpt>
      <trkpt lat="40.09145" lon="-7.84987">
        <ele>683.47</ele>
      </trkpt>
      <trkpt lat="40.09395" lon="-7.84843">
        <ele>700.77</ele>
      </trkpt>
      <trkpt lat="40.09447" lon="-7.84819">
        <ele>694.44</ele>
      </trkpt>
      <trkpt lat="40.09566" lon="-7.84778">
        <ele>699.48</ele>
      </trkpt>
      <trkpt lat="40.09635" lon="-7.84742">
        <ele>699.91</ele>
      </trkpt>
      <trkpt lat="40.09721" lon="-7.84697">
        <ele>699.96</ele>
      </trkpt>
      <trkpt lat="40.0974" lon="-7.84684">
        <ele>692.99</ele>
      </trkpt>
      <trkpt lat="40.09913" lon="-7.84583">
        <ele>670.93</ele>
      </trkpt>
      <trkpt lat="40.10029" lon="-7.84516">
        <ele>669.0</ele>
      </trkpt>
      <trkpt lat="40.1007" lon="-7.84482">
        <ele>666.1</ele>
      </trkpt>
      <trkpt lat="40.10106" lon="-7.84438">
        <ele>656.79</ele>
      </trkpt>
      <trkpt lat="40.10132" lon="-7.84401">
        <ele>657.12</ele>
      </trkpt>
      <trkpt lat="40.1022" lon="-7.8425">
        <ele>658.84</ele>
      </trkpt>
      <trkpt lat="40.10248" lon="-7.84213">
        <ele>657.32</ele>
      </trkpt>
      <trkpt lat="40.10309" lon="-7.84182">
        <ele>656.74</ele>
      </trkpt>
      <trkpt lat="40.10352" lon="-7.84162">
        <ele>648.7</ele>
      </trkpt>
      <trkpt lat="40.10368" lon="-7.84146">
        <ele>645.77</ele>
      </trkpt>
      <trkpt lat="40.10389" lon="-7.84114">
        <ele>649.02</ele>
      </trkpt>
      <trkpt lat="40.10404" lon="-7.84067">
        <ele>649.76</ele>
      </trkpt>
      <trkpt lat="40.10414" lon="-7.84019">
        <ele>647.56</ele>
      </trkpt>
      <trkpt lat="40.10413" lon="-7.83979">
        <ele>642.86</ele>
      </trkpt>
      <trkpt lat="40.10378" lon="-7.83855">
        <ele>651.65</ele>
      </trkpt>
      <trkpt lat="40.10368" lon="-7.83803">
        <ele>657.92</ele>
      </trkpt>
      <trkpt lat="40.10373" lon="-7.83749">
        <ele>664.69</ele>
      </trkpt>
      <trkpt lat="40.10396" lon="-7.83694">
        <ele>661.71</ele>
      </trkpt>
      <trkpt lat="40.10458" lon="-7.8356">
        <ele>663.52</ele>
      </trkpt>
      <trkpt lat="40.10619" lon="-7.83212">
        <ele>674.35</ele>
      </trkpt>
      <trkpt lat="40.10643" lon="-7.83178">
        <ele>674.14</ele>
      </trkpt>
      <trkpt lat="40.1082" lon="-7.82996">
        <ele>679.31</ele>
      </trkpt>
      <trkpt lat="40.10871" lon="-7.82935">
        <ele>687.11</ele>
      </trkpt>
      <trkpt lat="40.10954" lon="-7.8282">
        <ele>697.15</ele>
      </trkpt>
      <trkpt lat="40.11008" lon="-7.82762">
        <ele>701.25</ele>
      </trkpt>
      <trkpt lat="40.11054" lon="-7.8273">
        <ele>695.84</ele>
      </trkpt>
      <trkpt lat="40.11093" lon="-7.82716">
        <ele>696.05</ele>
      </trkpt>
      <trkpt lat="40.11151" lon="-7.82682">
        <ele>708.7</ele>
      </trkpt>
      <trkpt lat="40.11265" lon="-7.82608">
        <ele>708.96</ele>
      </trkpt>
      <trkpt lat="40.11314" lon="-7.82583">
        <ele>716.15</ele>
      </trkpt>
      <trkpt lat="40.11348" lon="-7.82573">
        <ele>714.26</ele>
      </trkpt>
      <trkpt lat="40.11386" lon="-7.82577">
        <ele>709.55</ele>
      </trkpt>
      <trkpt lat="40.11461" lon="-7.8263">
        <ele>714.9</ele>
      </trkpt>
      <trkpt lat="40.1148" lon="-7.82638">
        <ele>711.11</ele>
      </trkpt>
      <trkpt lat="40.11488" lon="-7.82641">
        <ele>709.56</ele>
      </trkpt>
      <trkpt lat="40.116" lon="-7.8264">
        <ele>716.68</ele>
      </trkpt>
      <trkpt lat="40.11794" lon="-7.82631">
        <ele>726.33</ele>
      </trkpt>
      <trkpt lat="40.11892" lon="-7.82629">
        <ele>740.7</ele>
      </trkpt>
      <trkpt lat="40.11912" lon="-7.82622">
        <ele>741.03</ele>
      </trkpt>
      <trkpt lat="40.11929" lon="-7.82612">
        <ele>739.68</ele>
      </trkpt>
      <trkpt lat="40.11945" lon="-7.82595">
        <ele>739.88</ele>
      </trkpt>
      <trkpt lat="40.11953" lon="-7.82568">
        <ele>742.03</ele>
      </trkpt>
      <trkpt lat="40.11984" lon="-7.82354">
        <ele>735.05</ele>
      </trkpt>
      <trkpt lat="40.1201" lon="-7.82253">
        <ele>731.93</ele>
      </trkpt>
      <trkpt lat="40.12032" lon="-7.82199">
        <ele>733.0</ele>
      </trkpt>
      <trkpt lat="40.1206" lon="-7.82159">
        <ele>733.29</ele>
      </trkpt>
      <trkpt lat="40.12118" lon="-7.82096">
        <ele>730.94</ele>
      </trkpt>
      <trkpt lat="40.12239" lon="-7.81942">
        <ele>741.5</ele>
      </trkpt>
      <trkpt lat="40.12266" lon="-7.81899">
        <ele>737.37</ele>
      </trkpt>
      <trkpt lat="40.12431" lon="-7.81562">
        <ele>761.81</ele>
      </trkpt>
      <trkpt lat="40.12462" lon="-7.81496">
        <ele>766.54</ele>
      </trkpt>
      <trkpt lat="40.12506" lon="-7.81358">
        <ele>770.27</ele>
      </trkpt>
      <trkpt lat="40.12525" lon="-7.81289">
        <ele>774.55</ele>
      </trkpt>
      <trkpt lat="40.12535" lon="-7.81269">
        <ele>776.04</ele>
      </trkpt>
      <trkpt lat="40.12555" lon="-7.81231">
        <ele>773.42</ele>
      </trkpt>
      <trkpt lat="40.12616" lon="-7.81149">
        <ele>781.85</ele>
      </trkpt>
      <trkpt lat="40.12653" lon="-7.81086">
        <ele>776.12</ele>
      </trkpt>
      <trkpt lat="40.12679" lon="-7.81034">
        <ele>774.09</ele>
      </trkpt>
      <trkpt lat="40.12686" lon="-7.81006">
        <ele>777.74</ele>
      </trkpt>
      <trkpt lat="40.12687" lon="-7.80989">
        <ele>780.59</ele>
      </trkpt>
      <trkpt lat="40.12685" lon="-7.80964">
        <ele>784.35</ele>
      </trkpt>
      <trkpt lat="40.12675" lon="-7.80913">
        <ele>788.77</ele>
      </trkpt>
      <trkpt lat="40.12585" lon="-7.80764">
        <ele>794.79</ele>
      </trkpt>
      <trkpt lat="40.12459" lon="-7.80364">
        <ele>807.76</ele>
      </trkpt>
      <trkpt lat="40.12448" lon="-7.80318">
        <ele>811.91</ele>
      </trkpt>
      <trkpt lat="40.12435" lon="-7.80182">
        <ele>812.93</ele>
      </trkpt>
      <trkpt lat="40.12431" lon="-7.80149">
        <ele>812.64</ele>
      </trkpt>
      <trkpt lat="40.12426" lon="-7.80127">
        <ele>813.57</ele>
      </trkpt>
      <trkpt lat="40.12421" lon="-7.80111">
        <ele>814.16</ele>
      </trkpt>
      <trkpt lat="40.12416" lon="-7.80104">
        <ele>814.52</ele>
      </trkpt>
      <trkpt lat="40.12408" lon="-7.80095">
        <ele>815.11</ele>
      </trkpt>
      <trkpt lat="40.12394" lon="-7.80086">
        <ele>815.15</ele>
      </trkpt>
      <trkpt lat="40.1235" lon="-7.80087">
        <ele>818.37</ele>
      </trkpt>
      <trkpt lat="40.12327" lon="-7.80078">
        <ele>820.56</ele>
      </trkpt>
      <trkpt lat="40.123" lon="-7.80057">
        <ele>818.23</ele>
      </trkpt>
      <trkpt lat="40.12175" lon="-7.79948">
        <ele>812.65</ele>
      </trkpt>
      <trkpt lat="40.121" lon="-7.79921">
        <ele>813.39</ele>
      </trkpt>
      <trkpt lat="40.12067" lon="-7.79909">
        <ele>813.65</ele>
      </trkpt>
      <trkpt lat="40.12013" lon="-7.79873">
        <ele>812.27</ele>
      </trkpt>
      <trkpt lat="40.11983" lon="-7.79843">
        <ele>809.21</ele>
      </trkpt>
      <trkpt lat="40.11829" lon="-7.79691">
        <ele>794.56</ele>
      </trkpt>
      <trkpt lat="40.1162" lon="-7.7953">
        <ele>780.09</ele>
      </trkpt>
      <trkpt lat="40.11563" lon="-7.79477">
        <ele>781.88</ele>
      </trkpt>
      <trkpt lat="40.11545" lon="-7.79464">
        <ele>779.83</ele>
      </trkpt>
      <trkpt lat="40.11468" lon="-7.79438">
        <ele>768.12</ele>
      </trkpt>
      <trkpt lat="40.11373" lon="-7.79412">
        <ele>759.98</ele>
      </trkpt>
      <trkpt lat="40.11262" lon="-7.79375">
        <ele>750.01</ele>
      </trkpt>
      <trkpt lat="40.11042" lon="-7.79247">
        <ele>718.78</ele>
      </trkpt>
      <trkpt lat="40.10912" lon="-7.79206">
        <ele>705.44</ele>
      </trkpt>
      <trkpt lat="40.10903" lon="-7.79199">
        <ele>704.76</ele>
      </trkpt>
      <trkpt lat="40.1087" lon="-7.79175">
        <ele>698.99</ele>
      </trkpt>
      <trkpt lat="40.10743" lon="-7.79006">
        <ele>685.29</ele>
      </trkpt>
      <trkpt lat="40.10724" lon="-7.78988">
        <ele>684.04</ele>
      </trkpt>
      <trkpt lat="40.10693" lon="-7.78986">
        <ele>680.73</ele>
      </trkpt>
      <trkpt lat="40.10644" lon="-7.7899">
        <ele>666.2</ele>
      </trkpt>
      <trkpt lat="40.10587" lon="-7.78969">
        <ele>657.77</ele>
      </trkpt>
      <trkpt lat="40.10548" lon="-7.78948">
        <ele>659.54</ele>
      </trkpt>
      <trkpt lat="40.10501" lon="-7.78914">
        <ele>654.8</ele>
      </trkpt>
      <trkpt lat="40.10424" lon="-7.78806">
        <ele>650.53</ele>
      </trkpt>
      <trkpt lat="40.10395" lon="-7.78754">
        <ele>648.73</ele>
      </trkpt>
      <trkpt lat="40.10366" lon="-7.78715">
        <ele>641.46</ele>
      </trkpt>
      <trkpt lat="40.10287" lon="-7.78639">
        <ele>635.29</ele>
      </trkpt>
      <trkpt lat="40.10255" lon="-7.78605">
        <ele>628.24</ele>
      </trkpt>
      <trkpt lat="40.10225" lon="-7.78559">
        <ele>627.38</ele>
      </trkpt>
      <trkpt lat="40.10204" lon="-7.78537">
        <ele>624.69</ele>
      </trkpt>
      <trkpt lat="40.10163" lon="-7.7851">
        <ele>619.73</ele>
      </trkpt>
      <trkpt lat="40.10136" lon="-7.78477">
        <ele>619.09</ele>
      </trkpt>
      <trkpt lat="40.10057" lon="-7.78385">
        <ele>607.88</ele>
      </trkpt>
      <trkpt lat="40.10019" lon="-7.78345">
        <ele>604.91</ele>
      </trkpt>
      <trkpt lat="40.09923" lon="-7.78299">
        <ele>604.74</ele>
      </trkpt>
      <trkpt lat="40.0989" lon="-7.78297">
        <ele>593.08</ele>
      </trkpt>
      <trkpt lat="40.09863" lon="-7.78285">
        <ele>584.81</ele>
      </trkpt>
      <trkpt lat="40.09797" lon="-7.7821">
        <ele>576.38</ele>
      </trkpt>
      <trkpt lat="40.09721" lon="-7.78149">
        <ele>577.67</ele>
      </trkpt>
      <trkpt lat="40.09674" lon="-7.78118">
        <ele>575.81</ele>
      </trkpt>
      <trkpt lat="40.09631" lon="-7.78077">
        <ele>571.22</ele>
      </trkpt>
      <trkpt lat="40.09593" lon="-7.78064">
        <ele>566.11</ele>
      </trkpt>
      <trkpt lat="40.09567" lon="-7.78049">
        <ele>564.48</ele>
      </trkpt>
      <trkpt lat="40.0955" lon="-7.78032">
        <ele>565.15</ele>
      </trkpt>
      <trkpt lat="40.09525" lon="-7.77964">
        <ele>565.02</ele>
      </trkpt>
      <trkpt lat="40.09388" lon="-7.77688">
        <ele>553.53</ele>
      </trkpt>
      <trkpt lat="40.09376" lon="-7.77665">
        <ele>553.46</ele>
      </trkpt>
      <trkpt lat="40.09344" lon="-7.77608">
        <ele>549.64</ele>
      </trkpt>
      <trkpt lat="40.09302" lon="-7.77567">
        <ele>551.68</ele>
      </trkpt>
      <trkpt lat="40.092" lon="-7.77486">
        <ele>547.0</ele>
      </trkpt>
      <trkpt lat="40.09183" lon="-7.77456">
        <ele>546.28</ele>
      </trkpt>
      <trkpt lat="40.09174" lon="-7.77424">
        <ele>543.43</ele>
      </trkpt>
      <trkpt lat="40.0917" lon="-7.77279">
        <ele>542.21</ele>
      </trkpt>
      <trkpt lat="40.09165" lon="-7.77229">
        <ele>542.59</ele>
      </trkpt>
      <trkpt lat="40.09109" lon="-7.77107">
        <ele>535.69</ele>
      </trkpt>
      <trkpt lat="40.09097" lon="-7.77041">
        <ele>533.43</ele>
      </trkpt>
      <trkpt lat="40.09083" lon="-7.77013">
        <ele>528.93</ele>
      </trkpt>
      <trkpt lat="40.09063" lon="-7.77001">
        <ele>525.97</ele>
      </trkpt>
      <trkpt lat="40.09041" lon="-7.77">
        <ele>525.52</ele>
      </trkpt>
      <trkpt lat="40.0897" lon="-7.77013">
        <ele>522.18</ele>
      </trkpt>
      <trkpt lat="40.08947" lon="-7.7701">
        <ele>522.21</ele>
      </trkpt>
      <trkpt lat="40.08924" lon="-7.76996">
        <ele>524.74</ele>
      </trkpt>
      <trkpt lat="40.08905" lon="-7.76969">
        <ele>520.42</ele>
      </trkpt>
      <trkpt lat="40.08885" lon="-7.76924">
        <ele>511.97</ele>
      </trkpt>
      <trkpt lat="40.08807" lon="-7.76595">
        <ele>507.08</ele>
      </trkpt>
      <trkpt lat="40.08801" lon="-7.76482">
        <ele>499.63</ele>
      </trkpt>
      <trkpt lat="40.08793" lon="-7.76465">
        <ele>497.62</ele>
      </trkpt>
      <trkpt lat="40.08764" lon="-7.76427">
        <ele>491.05</ele>
      </trkpt>
      <trkpt lat="40.08756" lon="-7.76407">
        <ele>490.15</ele>
      </trkpt>
      <trkpt lat="40.08754" lon="-7.76338">
        <ele>489.71</ele>
      </trkpt>
      <trkpt lat="40.08753" lon="-7.7631">
        <ele>488.93</ele>
      </trkpt>
      <trkpt lat="40.08742" lon="-7.76281">
        <ele>483.49</ele>
      </trkpt>
      <trkpt lat="40.08676" lon="-7.76147">
        <ele>477.38</ele>
      </trkpt>
      <trkpt lat="40.08668" lon="-7.76115">
        <ele>473.08</ele>
      </trkpt>
      <trkpt lat="40.08649" lon="-7.75976">
        <ele>466.18</ele>
      </trkpt>
      <trkpt lat="40.08649" lon="-7.75927">
        <ele>463.64</ele>
      </trkpt>
      <trkpt lat="40.08653" lon="-7.75863">
        <ele>454.22</ele>
      </trkpt>
      <trkpt lat="40.08641" lon="-7.75792">
        <ele>452.06</ele>
      </trkpt>
      <trkpt lat="40.08642" lon="-7.75765">
        <ele>453.47</ele>
      </trkpt>
      <trkpt lat="40.08649" lon="-7.75739">
        <ele>453.79</ele>
      </trkpt>
      <trkpt lat="40.08671" lon="-7.75709">
        <ele>454.92</ele>
      </trkpt>
      <trkpt lat="40.08754" lon="-7.75651">
        <ele>464.79</ele>
      </trkpt>
      <trkpt lat="40.08771" lon="-7.75627">
        <ele>461.86</ele>
      </trkpt>
      <trkpt lat="40.08809" lon="-7.75533">
        <ele>459.67</ele>
      </trkpt>
      <trkpt lat="40.08836" lon="-7.75504">
        <ele>454.94</ele>
      </trkpt>
      <trkpt lat="40.08857" lon="-7.75494">
        <ele>448.59</ele>
      </trkpt>
      <trkpt lat="40.0886" lon="-7.75495">
        <ele>448.16</ele>
      </trkpt>
      <trkpt lat="40.08891" lon="-7.75502">
        <ele>458.02</ele>
      </trkpt>
      <trkpt lat="40.0902" lon="-7.75555">
        <ele>466.2</ele>
      </trkpt>
      <trkpt lat="40.09036" lon="-7.75564">
        <ele>464.76</ele>
      </trkpt>
      <trkpt lat="40.09106" lon="-7.75633">
        <ele>457.07</ele>
      </trkpt>
      <trkpt lat="40.09132" lon="-7.75646">
        <ele>456.55</ele>
      </trkpt>
      <trkpt lat="40.09152" lon="-7.75646">
        <ele>453.69</ele>
      </trkpt>
      <trkpt lat="40.09175" lon="-7.75636">
        <ele>448.53</ele>
      </trkpt>
      <trkpt lat="40.09391" lon="-7.75485">
        <ele>436.03</ele>
      </trkpt>
      <trkpt lat="40.09408" lon="-7.75478">
        <ele>436.35</ele>
      </trkpt>
      <trkpt lat="40.09414" lon="-7.75477">
        <ele>436.65</ele>
      </trkpt>
      <trkpt lat="40.09426" lon="-7.75478">
        <ele>433.76</ele>
      </trkpt>
      <trkpt lat="40.09524" lon="-7.75504">
        <ele>425.16</ele>
      </trkpt>
      <trkpt lat="40.0954" lon="-7.75513">
        <ele>423.93</ele>
      </trkpt>
      <trkpt lat="40.09556" lon="-7.75525">
        <ele>422.16</ele>
      </trkpt>
      <trkpt lat="40.09575" lon="-7.75547">
        <ele>412.87</ele>
      </trkpt>
      <trkpt lat="40.09591" lon="-7.75571">
        <ele>408.6</ele>
      </trkpt>
      <trkpt lat="40.09606" lon="-7.75601">
        <ele>402.42</ele>
      </trkpt>
      <trkpt lat="40.09631" lon="-7.7567">
        <ele>397.67</ele>
      </trkpt>
      <trkpt lat="40.09644" lon="-7.75696">
        <ele>391.93</ele>
      </trkpt>
      <trkpt lat="40.09657" lon="-7.75711">
        <ele>390.25</ele>
      </trkpt>
      <trkpt lat="40.09679" lon="-7.75721">
        <ele>386.82</ele>
      </trkpt>
      <trkpt lat="40.09736" lon="-7.75737">
        <ele>368.94</ele>
      </trkpt>
      <trkpt lat="40.09754" lon="-7.7575">
        <ele>364.7</ele>
      </trkpt>
      <trkpt lat="40.09799" lon="-7.75817">
        <ele>364.15</ele>
      </trkpt>
      <trkpt lat="40.09817" lon="-7.75835">
        <ele>364.05</ele>
      </trkpt>
      <trkpt lat="40.09828" lon="-7.75833">
        <ele>361.1</ele>
      </trkpt>
      <trkpt lat="40.09852" lon="-7.75804">
        <ele>358.35</ele>
      </trkpt>
      <trkpt lat="40.09858" lon="-7.75786">
        <ele>363.82</ele>
      </trkpt>
      <trkpt lat="40.09859" lon="-7.75766">
        <ele>368.34</ele>
      </trkpt>
      <trkpt lat="40.09803" lon="-7.75587">
        <ele>377.69</ele>
      </trkpt>
      <trkpt lat="40.09752" lon="-7.75499">
        <ele>378.94</ele>
      </trkpt>
      <trkpt lat="40.09728" lon="-7.75368">
        <ele>389.01</ele>
      </trkpt>
      <trkpt lat="40.09719" lon="-7.75306">
        <ele>394.79</ele>
      </trkpt>
      <trkpt lat="40.09719" lon="-7.75294">
        <ele>395.77</ele>
      </trkpt>
      <trkpt lat="40.09722" lon="-7.75279">
        <ele>397.85</ele>
      </trkpt>
      <trkpt lat="40.09728" lon="-7.75265">
        <ele>399.86</ele>
      </trkpt>
      <trkpt lat="40.09736" lon="-7.75257">
        <ele>401.6</ele>
      </trkpt>
      <trkpt lat="40.09741" lon="-7.75253">
        <ele>402.56</ele>
      </trkpt>
      <trkpt lat="40.09754" lon="-7.75254">
        <ele>404.56</ele>
      </trkpt>
      <trkpt lat="40.09773" lon="-7.75259">
        <ele>407.55</ele>
      </trkpt>
      <trkpt lat="40.09801" lon="-7.75272">
        <ele>411.36</ele>
      </trkpt>
      <trkpt lat="40.09859" lon="-7.75272">
        <ele>401.67</ele>
      </trkpt>
      <trkpt lat="40.09895" lon="-7.75265">
        <ele>383.55</ele>
      </trkpt>
      <trkpt lat="40.09914" lon="-7.75269">
        <ele>378.64</ele>
      </trkpt>
      <trkpt lat="40.09945" lon="-7.75285">
        <ele>393.48</ele>
      </trkpt>
      <trkpt lat="40.0998" lon="-7.75282">
        <ele>392.73</ele>
      </trkpt>
      <trkpt lat="40.10012" lon="-7.75268">
        <ele>381.51</ele>
      </trkpt>
      <trkpt lat="40.10102" lon="-7.75177">
        <ele>368.55</ele>
      </trkpt>
      <trkpt lat="40.10126" lon="-7.75152">
        <ele>364.76</ele>
      </trkpt>
      <trkpt lat="40.10186" lon="-7.75043">
        <ele>359.65</ele>
      </trkpt>
      <trkpt lat="40.10204" lon="-7.74982">
        <ele>356.42</ele>
      </trkpt>
      <trkpt lat="40.10245" lon="-7.74491">
        <ele>344.1</ele>
      </trkpt>
      <trkpt lat="40.1026" lon="-7.74438">
        <ele>345.85</ele>
      </trkpt>
      <trkpt lat="40.10291" lon="-7.74382">
        <ele>345.42</ele>
      </trkpt>
      <trkpt lat="40.10329" lon="-7.74306">
        <ele>352.2</ele>
      </trkpt>
      <trkpt lat="40.10383" lon="-7.74227">
        <ele>356.75</ele>
      </trkpt>
      <trkpt lat="40.10385" lon="-7.74221">
        <ele>355.89</ele>
      </trkpt>
      <trkpt lat="40.10387" lon="-7.74205">
        <ele>354.71</ele>
      </trkpt>
      <trkpt lat="40.10385" lon="-7.74198">
        <ele>353.53</ele>
      </trkpt>
      <trkpt lat="40.103" lon="-7.74106">
        <ele>348.47</ele>
      </trkpt>
      <trkpt lat="40.10284" lon="-7.74081">
        <ele>348.63</ele>
      </trkpt>
      <trkpt lat="40.10284" lon="-7.74061">
        <ele>352.15</ele>
      </trkpt>
      <trkpt lat="40.10349" lon="-7.73971">
        <ele>345.3</ele>
      </trkpt>
      <trkpt lat="40.10348" lon="-7.73938">
        <ele>345.7</ele>
      </trkpt>
      <trkpt lat="40.10367" lon="-7.73906">
        <ele>345.25</ele>
      </trkpt>
      <trkpt lat="40.10379" lon="-7.73868">
        <ele>347.07</ele>
      </trkpt>
      <trkpt lat="40.10386" lon="-7.73836">
        <ele>345.2</ele>
      </trkpt>
      <trkpt lat="40.10391" lon="-7.73786">
        <ele>341.44</ele>
      </trkpt>
      <trkpt lat="40.1039" lon="-7.73766">
        <ele>340.11</ele>
      </trkpt>
      <trkpt lat="40.10384" lon="-7.73747">
        <ele>341.47</ele>
      </trkpt>
      <trkpt lat="40.10335" lon="-7.73627">
        <ele>355.6</ele>
      </trkpt>
      <trkpt lat="40.10322" lon="-7.73597">
        <ele>358.15</ele>
      </trkpt>
      <trkpt lat="40.10292" lon="-7.7355">
        <ele>359.45</ele>
      </trkpt>
      <trkpt lat="40.1029" lon="-7.73545">
        <ele>360.19</ele>
      </trkpt>
      <trkpt lat="40.10283" lon="-7.7353">
        <ele>362.8</ele>
      </trkpt>
      <trkpt lat="40.10277" lon="-7.735">
        <ele>360.64</ele>
      </trkpt>
      <trkpt lat="40.10279" lon="-7.73393">
        <ele>353.4</ele>
      </trkpt>
      <trkpt lat="40.10306" lon="-7.73225">
        <ele>368.45</ele>
      </trkpt>
      <trkpt lat="40.10314" lon="-7.73195">
        <ele>370.18</ele>
      </trkpt>
      <trkpt lat="40.10332" lon="-7.73168">
        <ele>369.19</ele>
      </trkpt>
      <trkpt lat="40.10376" lon="-7.73116">
        <ele>366.57</ele>
      </trkpt>
      <trkpt lat="40.10457" lon="-7.73041">
        <ele>363.93</ele>
      </trkpt>
      <trkpt lat="40.10467" lon="-7.7302">
        <ele>365.36</ele>
      </trkpt>
      <trkpt lat="40.10452" lon="-7.72918">
        <ele>368.82</ele>
      </trkpt>
      <trkpt lat="40.10433" lon="-7.72869">
        <ele>374.05</ele>
      </trkpt>
      <trkpt lat="40.10416" lon="-7.72744">
        <ele>378.98</ele>
      </trkpt>
      <trkpt lat="40.10417" lon="-7.72706">
        <ele>386.23</ele>
      </trkpt>
      <trkpt lat="40.10428" lon="-7.72677">
        <ele>386.97</ele>
      </trkpt>
      <trkpt lat="40.10486" lon="-7.72588">
        <ele>383.84</ele>
      </trkpt>
      <trkpt lat="40.10511" lon="-7.72542">
        <ele>387.17</ele>
      </trkpt>
      <trkpt lat="40.10517" lon="-7.72434">
        <ele>398.32</ele>
      </trkpt>
      <trkpt lat="40.10556" lon="-7.72238">
        <ele>410.55</ele>
      </trkpt>
      <trkpt lat="40.10554" lon="-7.72216">
        <ele>410.11</ele>
      </trkpt>
      <trkpt lat="40.10544" lon="-7.72198">
        <ele>410.83</ele>
      </trkpt>
      <trkpt lat="40.10539" lon="-7.72121">
        <ele>406.97</ele>
      </trkpt>
      <trkpt lat="40.10543" lon="-7.72097">
        <ele>406.04</ele>
      </trkpt>
      <trkpt lat="40.10569" lon="-7.72037">
        <ele>403.7</ele>
      </trkpt>
      <trkpt lat="40.1057" lon="-7.72014">
        <ele>401.5</ele>
      </trkpt>
      <trkpt lat="40.10568" lon="-7.71989">
        <ele>397.0</ele>
      </trkpt>
      <trkpt lat="40.10538" lon="-7.71876">
        <ele>393.28</ele>
      </trkpt>
      <trkpt lat="40.10538" lon="-7.71853">
        <ele>392.26</ele>
      </trkpt>
      <trkpt lat="40.10545" lon="-7.7183">
        <ele>391.73</ele>
      </trkpt>
      <trkpt lat="40.10613" lon="-7.71723">
        <ele>388.7</ele>
      </trkpt>
      <trkpt lat="40.1063" lon="-7.71683">
        <ele>382.59</ele>
      </trkpt>
      <trkpt lat="40.10665" lon="-7.71605">
        <ele>377.85</ele>
      </trkpt>
      <trkpt lat="40.10685" lon="-7.71579">
        <ele>386.45</ele>
      </trkpt>
      <trkpt lat="40.10797" lon="-7.71471">
        <ele>390.86</ele>
      </trkpt>
      <trkpt lat="40.10859" lon="-7.71368">
        <ele>396.05</ele>
      </trkpt>
      <trkpt lat="40.10886" lon="-7.71339">
        <ele>405.79</ele>
      </trkpt>
      <trkpt lat="40.10981" lon="-7.71267">
        <ele>402.95</ele>
      </trkpt>
      <trkpt lat="40.10997" lon="-7.71248">
        <ele>398.52</ele>
      </trkpt>
      <trkpt lat="40.11011" lon="-7.71226">
        <ele>397.27</ele>
      </trkpt>
      <trkpt lat="40.11064" lon="-7.71038">
        <ele>421.37</ele>
      </trkpt>
      <trkpt lat="40.11081" lon="-7.71008">
        <ele>415.78</ele>
      </trkpt>
      <trkpt lat="40.11108" lon="-7.70985">
        <ele>414.73</ele>
      </trkpt>
      <trkpt lat="40.11224" lon="-7.70932">
        <ele>430.92</ele>
      </trkpt>
      <trkpt lat="40.11242" lon="-7.70912">
        <ele>437.19</ele>
      </trkpt>
      <trkpt lat="40.11263" lon="-7.70877">
        <ele>442.01</ele>
      </trkpt>
      <trkpt lat="40.11268" lon="-7.70864">
        <ele>442.23</ele>
      </trkpt>
      <trkpt lat="40.11275" lon="-7.70839">
        <ele>445.03</ele>
      </trkpt>
      <trkpt lat="40.11284" lon="-7.70722">
        <ele>453.86</ele>
      </trkpt>
      <trkpt lat="40.11278" lon="-7.70692">
        <ele>453.22</ele>
      </trkpt>
      <trkpt lat="40.11267" lon="-7.70668">
        <ele>457.83</ele>
      </trkpt>
      <trkpt lat="40.11253" lon="-7.70656">
        <ele>460.46</ele>
      </trkpt>
      <trkpt lat="40.11235" lon="-7.70644">
        <ele>464.74</ele>
      </trkpt>
      <trkpt lat="40.11175" lon="-7.70629">
        <ele>467.64</ele>
      </trkpt>
      <trkpt lat="40.11145" lon="-7.70609">
        <ele>466.83</ele>
      </trkpt>
      <trkpt lat="40.11127" lon="-7.70588">
        <ele>468.48</ele>
      </trkpt>
      <trkpt lat="40.11112" lon="-7.70559">
        <ele>468.24</ele>
      </trkpt>
      <trkpt lat="40.11103" lon="-7.7053">
        <ele>467.56</ele>
      </trkpt>
      <trkpt lat="40.11096" lon="-7.70476">
        <ele>459.98</ele>
      </trkpt>
      <trkpt lat="40.11085" lon="-7.70449">
        <ele>458.48</ele>
      </trkpt>
      <trkpt lat="40.11068" lon="-7.70433">
        <ele>457.61</ele>
      </trkpt>
      <trkpt lat="40.11052" lon="-7.70426">
        <ele>456.81</ele>
      </trkpt>
      <trkpt lat="40.10995" lon="-7.70418">
        <ele>445.67</ele>
      </trkpt>
      <trkpt lat="40.10977" lon="-7.70407">
        <ele>444.58</ele>
      </trkpt>
      <trkpt lat="40.10941" lon="-7.70373">
        <ele>441.46</ele>
      </trkpt>
      <trkpt lat="40.1093" lon="-7.70365">
        <ele>439.69</ele>
      </trkpt>
      <trkpt lat="40.10916" lon="-7.70359">
        <ele>438.79</ele>
      </trkpt>
      <trkpt lat="40.10896" lon="-7.70359">
        <ele>441.62</ele>
      </trkpt>
      <trkpt lat="40.10832" lon="-7.70378">
        <ele>444.14</ele>
      </trkpt>
      <trkpt lat="40.1082" lon="-7.70379">
        <ele>443.5</ele>
      </trkpt>
      <trkpt lat="40.10811" lon="-7.70376">
        <ele>442.84</ele>
      </trkpt>
      <trkpt lat="40.10798" lon="-7.70365">
        <ele>440.24</ele>
      </trkpt>
      <trkpt lat="40.10786" lon="-7.70347">
        <ele>439.52</ele>
      </trkpt>
      <trkpt lat="40.1078" lon="-7.70329">
        <ele>442.46</ele>
      </trkpt>
      <trkpt lat="40.10779" lon="-7.70311">
        <ele>447.49</ele>
      </trkpt>
      <trkpt lat="40.10785" lon="-7.70292">
        <ele>452.3</ele>
      </trkpt>
      <trkpt lat="40.10816" lon="-7.70245">
        <ele>456.53</ele>
      </trkpt>
      <trkpt lat="40.10853" lon="-7.70197">
        <ele>458.51</ele>
      </trkpt>
      <trkpt lat="40.10872" lon="-7.70182">
        <ele>460.19</ele>
      </trkpt>
      <trkpt lat="40.10896" lon="-7.70175">
        <ele>460.66</ele>
      </trkpt>
      <trkpt lat="40.10937" lon="-7.70174">
        <ele>461.21</ele>
      </trkpt>
      <trkpt lat="40.11042" lon="-7.70175">
        <ele>462.22</ele>
      </trkpt>
      <trkpt lat="40.11109" lon="-7.70176">
        <ele>466.85</ele>
      </trkpt>
      <trkpt lat="40.11131" lon="-7.70167">
        <ele>468.44</ele>
      </trkpt>
      <trkpt lat="40.11146" lon="-7.70149">
        <ele>470.23</ele>
      </trkpt>
      <trkpt lat="40.11158" lon="-7.70124">
        <ele>472.71</ele>
      </trkpt>
      <trkpt lat="40.11165" lon="-7.70096">
        <ele>473.4</ele>
      </trkpt>
      <trkpt lat="40.1117" lon="-7.7">
        <ele>477.8</ele>
      </trkpt>
      <trkpt lat="40.11178" lon="-7.69952">
        <ele>482.15</ele>
      </trkpt>
      <trkpt lat="40.11238" lon="-7.69718">
        <ele>500.96</ele>
      </trkpt>
      <trkpt lat="40.11248" lon="-7.69684">
        <ele>503.92</ele>
      </trkpt>
      <trkpt lat="40.11287" lon="-7.69623">
        <ele>499.88</ele>
      </trkpt>
      <trkpt lat="40.11303" lon="-7.69593">
        <ele>494.86</ele>
      </trkpt>
      <trkpt lat="40.11308" lon="-7.69571">
        <ele>495.36</ele>
      </trkpt>
      <trkpt lat="40.11307" lon="-7.69535">
        <ele>499.12</ele>
      </trkpt>
      <trkpt lat="40.11288" lon="-7.69465">
        <ele>513.21</ele>
      </trkpt>
      <trkpt lat="40.11287" lon="-7.69444">
        <ele>514.01</ele>
      </trkpt>
      <trkpt lat="40.11313" lon="-7.69349">
        <ele>508.5</ele>
      </trkpt>
      <trkpt lat="40.11315" lon="-7.69322">
        <ele>509.74</ele>
      </trkpt>
      <trkpt lat="40.11312" lon="-7.69289">
        <ele>512.22</ele>
      </trkpt>
      <trkpt lat="40.11297" lon="-7.69223">
        <ele>511.77</ele>
      </trkpt>
      <trkpt lat="40.1127" lon="-7.69171">
        <ele>516.8</ele>
      </trkpt>
      <trkpt lat="40.11263" lon="-7.69146">
        <ele>517.9</ele>
      </trkpt>
      <trkpt lat="40.1126" lon="-7.69123">
        <ele>519.09</ele>
      </trkpt>
      <trkpt lat="40.11265" lon="-7.69087">
        <ele>518.54</ele>
      </trkpt>
      <trkpt lat="40.11279" lon="-7.69053">
        <ele>515.18</ele>
      </trkpt>
      <trkpt lat="40.11357" lon="-7.68926">
        <ele>521.56</ele>
      </trkpt>
      <trkpt lat="40.11378" lon="-7.68901">
        <ele>525.48</ele>
      </trkpt>
      <trkpt lat="40.11411" lon="-7.68875">
        <ele>528.4</ele>
      </trkpt>
      <trkpt lat="40.11561" lon="-7.6877">
        <ele>536.37</ele>
      </trkpt>
      <trkpt lat="40.11593" lon="-7.68757">
        <ele>535.64</ele>
      </trkpt>
      <trkpt lat="40.11753" lon="-7.68691">
        <ele>549.85</ele>
      </trkpt>
      <trkpt lat="40.11778" lon="-7.68672">
        <ele>549.98</ele>
      </trkpt>
      <trkpt lat="40.11796" lon="-7.68647">
        <ele>550.92</ele>
      </trkpt>
      <trkpt lat="40.11838" lon="-7.6853">
        <ele>557.83</ele>
      </trkpt>
      <trkpt lat="40.11855" lon="-7.68507">
        <ele>562.28</ele>
      </trkpt>
      <trkpt lat="40.11873" lon="-7.68498">
        <ele>563.36</ele>
      </trkpt>
      <trkpt lat="40.11895" lon="-7.68498">
        <ele>564.62</ele>
      </trkpt>
      <trkpt lat="40.11965" lon="-7.68548">
        <ele>566.63</ele>
      </trkpt>
      <trkpt lat="40.11981" lon="-7.68556">
        <ele>564.89</ele>
      </trkpt>
      <trkpt lat="40.11999" lon="-7.68555">
        <ele>565.08</ele>
      </trkpt>
      <trkpt lat="40.12018" lon="-7.68547">
        <ele>563.39</ele>
      </trkpt>
      <trkpt lat="40.12221" lon="-7.68397">
        <ele>588.24</ele>
      </trkpt>
      <trkpt lat="40.1224" lon="-7.6839">
        <ele>588.67</ele>
      </trkpt>
      <trkpt lat="40.12263" lon="-7.68393">
        <ele>590.69</ele>
      </trkpt>
      <trkpt lat="40.1228" lon="-7.68404">
        <ele>593.43</ele>
      </trkpt>
      <trkpt lat="40.1229" lon="-7.68418">
        <ele>593.97</ele>
      </trkpt>
      <trkpt lat="40.12298" lon="-7.68439">
        <ele>597.64</ele>
      </trkpt>
      <trkpt lat="40.123" lon="-7.68461">
        <ele>600.98</ele>
      </trkpt>
      <trkpt lat="40.12296" lon="-7.68537">
        <ele>606.9</ele>
      </trkpt>
      <trkpt lat="40.12302" lon="-7.68558">
        <ele>605.65</ele>
      </trkpt>
      <trkpt lat="40.12311" lon="-7.68575">
        <ele>603.3</ele>
      </trkpt>
      <trkpt lat="40.12329" lon="-7.68591">
        <ele>602.39</ele>
      </trkpt>
      <trkpt lat="40.12399" lon="-7.68615">
        <ele>595.18</ele>
      </trkpt>
      <trkpt lat="40.12416" lon="-7.68627">
        <ele>594.03</ele>
      </trkpt>
      <trkpt lat="40.12429" lon="-7.68645">
        <ele>591.91</ele>
      </trkpt>
      <trkpt lat="40.12436" lon="-7.68685">
        <ele>590.18</ele>
      </trkpt>
      <trkpt lat="40.12429" lon="-7.68763">
        <ele>592.76</ele>
      </trkpt>
      <trkpt lat="40.12435" lon="-7.68785">
        <ele>591.44</ele>
      </trkpt>
      <trkpt lat="40.12447" lon="-7.68802">
        <ele>590.12</ele>
      </trkpt>
      <trkpt lat="40.12462" lon="-7.68811">
        <ele>586.58</ele>
      </trkpt>
      <trkpt lat="40.12482" lon="-7.68817">
        <ele>583.59</ele>
      </trkpt>
      <trkpt lat="40.12585" lon="-7.6882">
        <ele>573.54</ele>
      </trkpt>
      <trkpt lat="40.12613" lon="-7.68826">
        <ele>572.67</ele>
      </trkpt>
      <trkpt lat="40.12633" lon="-7.68836">
        <ele>572.33</ele>
      </trkpt>
      <trkpt lat="40.1269" lon="-7.68887">
        <ele>570.69</ele>
      </trkpt>
      <trkpt lat="40.12702" lon="-7.68892">
        <ele>571.46</ele>
      </trkpt>
      <trkpt lat="40.1272" lon="-7.68892">
        <ele>570.17</ele>
      </trkpt>
      <trkpt lat="40.12737" lon="-7.68883">
        <ele>567.63</ele>
      </trkpt>
      <trkpt lat="40.12796" lon="-7.68803">
        <ele>552.94</ele>
      </trkpt>
      <trkpt lat="40.12803" lon="-7.68794">
        <ele>550.76</ele>
      </trkpt>
      <trkpt lat="40.12824" lon="-7.68778">
        <ele>550.03</ele>
      </trkpt>
      <trkpt lat="40.13134" lon="-7.68673">
        <ele>528.24</ele>
      </trkpt>
      <trkpt lat="40.1321" lon="-7.68649">
        <ele>523.21</ele>
      </trkpt>
      <trkpt lat="40.13288" lon="-7.68621">
        <ele>514.76</ele>
      </trkpt>
      <trkpt lat="40.13305" lon="-7.68608">
        <ele>515.36</ele>
      </trkpt>
      <trkpt lat="40.13314" lon="-7.68588">
        <ele>512.85</ele>
      </trkpt>
      <trkpt lat="40.13317" lon="-7.68564">
        <ele>510.85</ele>
      </trkpt>
      <trkpt lat="40.13313" lon="-7.68539">
        <ele>509.06</ele>
      </trkpt>
      <trkpt lat="40.13274" lon="-7.68448">
        <ele>503.89</ele>
      </trkpt>
      <trkpt lat="40.13263" lon="-7.68412">
        <ele>499.16</ele>
      </trkpt>
      <trkpt lat="40.13256" lon="-7.68313">
        <ele>489.87</ele>
      </trkpt>
      <trkpt lat="40.13257" lon="-7.6829">
        <ele>488.8</ele>
      </trkpt>
      <trkpt lat="40.13265" lon="-7.68269">
        <ele>487.88</ele>
      </trkpt>
      <trkpt lat="40.1328" lon="-7.68247">
        <ele>485.71</ele>
      </trkpt>
      <trkpt lat="40.13307" lon="-7.68225">
        <ele>481.25</ele>
      </trkpt>
      <trkpt lat="40.13333" lon="-7.68197">
        <ele>477.29</ele>
      </trkpt>
      <trkpt lat="40.13344" lon="-7.68176">
        <ele>477.98</ele>
      </trkpt>
      <trkpt lat="40.13352" lon="-7.68034">
        <ele>466.51</ele>
      </trkpt>
      <trkpt lat="40.13358" lon="-7.68009">
        <ele>466.61</ele>
      </trkpt>
      <trkpt lat="40.13367" lon="-7.67988">
        <ele>467.08</ele>
      </trkpt>
      <trkpt lat="40.13404" lon="-7.67931">
        <ele>465.43</ele>
      </trkpt>
      <trkpt lat="40.13465" lon="-7.67841">
        <ele>458.14</ele>
      </trkpt>
      <trkpt lat="40.13475" lon="-7.67814">
        <ele>455.78</ele>
      </trkpt>
      <trkpt lat="40.13473" lon="-7.67786">
        <ele>454.41</ele>
      </trkpt>
      <trkpt lat="40.13462" lon="-7.67763">
        <ele>449.4</ele>
      </trkpt>
      <trkpt lat="40.13436" lon="-7.67746">
        <ele>440.97</ele>
      </trkpt>
      <trkpt lat="40.13343" lon="-7.67714">
        <ele>431.51</ele>
      </trkpt>
      <trkpt lat="40.13327" lon="-7.67699">
        <ele>428.55</ele>
      </trkpt>
      <trkpt lat="40.13316" lon="-7.67676">
        <ele>427.21</ele>
      </trkpt>
      <trkpt lat="40.13312" lon="-7.6764">
        <ele>428.53</ele>
      </trkpt>
      <trkpt lat="40.13323" lon="-7.67609">
        <ele>432.59</ele>
      </trkpt>
      <trkpt lat="40.13344" lon="-7.67586">
        <ele>432.81</ele>
      </trkpt>
      <trkpt lat="40.1347" lon="-7.6742">
        <ele>415.97</ele>
      </trkpt>
      <trkpt lat="40.13487" lon="-7.67392">
        <ele>411.14</ele>
      </trkpt>
      <trkpt lat="40.13493" lon="-7.67377">
        <ele>410.74</ele>
      </trkpt>
      <trkpt lat="40.135" lon="-7.67358">
        <ele>412.0</ele>
      </trkpt>
      <trkpt lat="40.13508" lon="-7.67329">
        <ele>412.42</ele>
      </trkpt>
      <trkpt lat="40.13514" lon="-7.67305">
        <ele>411.96</ele>
      </trkpt>
      <trkpt lat="40.13523" lon="-7.67288">
        <ele>411.28</ele>
      </trkpt>
      <trkpt lat="40.13565" lon="-7.67259">
        <ele>408.61</ele>
      </trkpt>
      <trkpt lat="40.13572" lon="-7.67249">
        <ele>406.22</ele>
      </trkpt>
      <trkpt lat="40.13577" lon="-7.6723">
        <ele>406.3</ele>
      </trkpt>
      <trkpt lat="40.1358" lon="-7.67214">
        <ele>406.76</ele>
      </trkpt>
      <trkpt lat="40.13587" lon="-7.67143">
        <ele>409.58</ele>
      </trkpt>
      <trkpt lat="40.13592" lon="-7.6712">
        <ele>407.68</ele>
      </trkpt>
      <trkpt lat="40.13595" lon="-7.67113">
        <ele>407.07</ele>
      </trkpt>
      <trkpt lat="40.136" lon="-7.67106">
        <ele>406.1</ele>
      </trkpt>
      <trkpt lat="40.13669" lon="-7.6708">
        <ele>398.66</ele>
      </trkpt>
      <trkpt lat="40.1368" lon="-7.67069">
        <ele>398.11</ele>
      </trkpt>
      <trkpt lat="40.13689" lon="-7.67033">
        <ele>393.32</ele>
      </trkpt>
      <trkpt lat="40.13696" lon="-7.67019">
        <ele>393.08</ele>
      </trkpt>
      <trkpt lat="40.137" lon="-7.67006">
        <ele>393.08</ele>
      </trkpt>
      <trkpt lat="40.13709" lon="-7.66996">
        <ele>392.91</ele>
      </trkpt>
      <trkpt lat="40.13727" lon="-7.66972">
        <ele>388.5</ele>
      </trkpt>
      <trkpt lat="40.13777" lon="-7.66916">
        <ele>383.84</ele>
      </trkpt>
      <trkpt lat="40.13802" lon="-7.66892">
        <ele>384.26</ele>
      </trkpt>
      <trkpt lat="40.13815" lon="-7.66866">
        <ele>379.54</ele>
      </trkpt>
      <trkpt lat="40.13819" lon="-7.66846">
        <ele>377.94</ele>
      </trkpt>
      <trkpt lat="40.13819" lon="-7.66834">
        <ele>377.48</ele>
      </trkpt>
      <trkpt lat="40.13815" lon="-7.66765">
        <ele>381.73</ele>
      </trkpt>
      <trkpt lat="40.13818" lon="-7.66742">
        <ele>384.48</ele>
      </trkpt>
      <trkpt lat="40.13869" lon="-7.66591">
        <ele>392.38</ele>
      </trkpt>
      <trkpt lat="40.13872" lon="-7.66518">
        <ele>388.84</ele>
      </trkpt>
      <trkpt lat="40.13867" lon="-7.66487">
        <ele>392.51</ele>
      </trkpt>
      <trkpt lat="40.1386" lon="-7.66444">
        <ele>398.71</ele>
      </trkpt>
      <trkpt lat="40.13851" lon="-7.66401">
        <ele>398.82</ele>
      </trkpt>
      <trkpt lat="40.13851" lon="-7.66373">
        <ele>399.54</ele>
      </trkpt>
      <trkpt lat="40.13857" lon="-7.66332">
        <ele>401.92</ele>
      </trkpt>
      <trkpt lat="40.13871" lon="-7.663">
        <ele>402.8</ele>
      </trkpt>
      <trkpt lat="40.13891" lon="-7.66257">
        <ele>402.54</ele>
      </trkpt>
      <trkpt lat="40.13903" lon="-7.66202">
        <ele>401.41</ele>
      </trkpt>
      <trkpt lat="40.13923" lon="-7.66053">
        <ele>410.05</ele>
      </trkpt>
      <trkpt lat="40.13929" lon="-7.66035">
        <ele>412.89</ele>
      </trkpt>
      <trkpt lat="40.13939" lon="-7.66015">
        <ele>414.43</ele>
      </trkpt>
      <trkpt lat="40.13995" lon="-7.65934">
        <ele>414.93</ele>
      </trkpt>
      <trkpt lat="40.14005" lon="-7.65904">
        <ele>416.65</ele>
      </trkpt>
      <trkpt lat="40.1405" lon="-7.65578">
        <ele>428.27</ele>
      </trkpt>
      <trkpt lat="40.1406" lon="-7.65547">
        <ele>429.01</ele>
      </trkpt>
      <trkpt lat="40.14075" lon="-7.6553">
        <ele>429.86</ele>
      </trkpt>
      <trkpt lat="40.1409" lon="-7.65523">
        <ele>431.38</ele>
      </trkpt>
      <trkpt lat="40.14105" lon="-7.65521">
        <ele>433.75</ele>
      </trkpt>
      <trkpt lat="40.14117" lon="-7.65522">
        <ele>435.18</ele>
      </trkpt>
      <trkpt lat="40.14205" lon="-7.65527">
        <ele>446.41</ele>
      </trkpt>
      <trkpt lat="40.14225" lon="-7.65521">
        <ele>450.29</ele>
      </trkpt>
      <trkpt lat="40.14243" lon="-7.65503">
        <ele>450.29</ele>
      </trkpt>
      <trkpt lat="40.14286" lon="-7.65408">
        <ele>455.91</ele>
      </trkpt>
      <trkpt lat="40.14314" lon="-7.65344">
        <ele>454.58</ele>
      </trkpt>
      <trkpt lat="40.14317" lon="-7.65302">
        <ele>457.02</ele>
      </trkpt>
      <trkpt lat="40.14303" lon="-7.65229">
        <ele>457.11</ele>
      </trkpt>
      <trkpt lat="40.14302" lon="-7.65201">
        <ele>456.87</ele>
      </trkpt>
      <trkpt lat="40.14305" lon="-7.65184">
        <ele>457.38</ele>
      </trkpt>
      <trkpt lat="40.14469" lon="-7.64933">
        <ele>445.65</ele>
      </trkpt>
      <trkpt lat="40.14478" lon="-7.64914">
        <ele>446.19</ele>
      </trkpt>
      <trkpt lat="40.14493" lon="-7.64889">
        <ele>444.01</ele>
      </trkpt>
      <trkpt lat="40.14501" lon="-7.6488">
        <ele>442.21</ele>
      </trkpt>
      <trkpt lat="40.14505" lon="-7.64868">
        <ele>442.21</ele>
      </trkpt>
      <trkpt lat="40.14509" lon="-7.64848">
        <ele>442.18</ele>
      </trkpt>
      <trkpt lat="40.14514" lon="-7.6484">
        <ele>441.87</ele>
      </trkpt>
      <trkpt lat="40.14518" lon="-7.64837">
        <ele>441.62</ele>
      </trkpt>
      <trkpt lat="40.14536" lon="-7.64832">
        <ele>441.3</ele>
      </trkpt>
      <trkpt lat="40.14547" lon="-7.64821">
        <ele>441.69</ele>
      </trkpt>
      <trkpt lat="40.14551" lon="-7.64807">
        <ele>441.84</ele>
      </trkpt>
      <trkpt lat="40.14548" lon="-7.64788">
        <ele>441.73</ele>
      </trkpt>
      <trkpt lat="40.14542" lon="-7.64775">
        <ele>441.31</ele>
      </trkpt>
      <trkpt lat="40.1454" lon="-7.64762">
        <ele>440.3</ele>
      </trkpt>
      <trkpt lat="40.14542" lon="-7.64694">
        <ele>436.05</ele>
      </trkpt>
      <trkpt lat="40.14553" lon="-7.64546">
        <ele>427.66</ele>
      </trkpt>
      <trkpt lat="40.14557" lon="-7.64524">
        <ele>427.65</ele>
      </trkpt>
      <trkpt lat="40.14563" lon="-7.64497">
        <ele>425.21</ele>
      </trkpt>
      <trkpt lat="40.14576" lon="-7.64469">
        <ele>423.21</ele>
      </trkpt>
      <trkpt lat="40.14589" lon="-7.64443">
        <ele>423.12</ele>
      </trkpt>
      <trkpt lat="40.14613" lon="-7.6441">
        <ele>424.87</ele>
      </trkpt>
      <trkpt lat="40.14634" lon="-7.64382">
        <ele>421.03</ele>
      </trkpt>
      <trkpt lat="40.14645" lon="-7.64363">
        <ele>418.54</ele>
      </trkpt>
      <trkpt lat="40.14659" lon="-7.64328">
        <ele>416.32</ele>
      </trkpt>
      <trkpt lat="40.14673" lon="-7.64287">
        <ele>413.76</ele>
      </trkpt>
      <trkpt lat="40.14683" lon="-7.64261">
        <ele>411.6</ele>
      </trkpt>
      <trkpt lat="40.1469" lon="-7.6425">
        <ele>410.68</ele>
      </trkpt>
      <trkpt lat="40.14697" lon="-7.64239">
        <ele>409.76</ele>
      </trkpt>
      <trkpt lat="40.14726" lon="-7.64218">
        <ele>412.17</ele>
      </trkpt>
      <trkpt lat="40.14735" lon="-7.6421">
        <ele>413.33</ele>
      </trkpt>
      <trkpt lat="40.14742" lon="-7.64203">
        <ele>414.74</ele>
      </trkpt>
      <trkpt lat="40.1475" lon="-7.64186">
        <ele>416.09</ele>
      </trkpt>
      <trkpt lat="40.14762" lon="-7.64161">
        <ele>413.84</ele>
      </trkpt>
      <trkpt lat="40.14779" lon="-7.64118">
        <ele>409.62</ele>
      </trkpt>
      <trkpt lat="40.14784" lon="-7.641">
        <ele>410.07</ele>
      </trkpt>
      <trkpt lat="40.14797" lon="-7.64032">
        <ele>415.49</ele>
      </trkpt>
      <trkpt lat="40.14801" lon="-7.64015">
        <ele>415.14</ele>
      </trkpt>
      <trkpt lat="40.14808" lon="-7.64001">
        <ele>414.16</ele>
      </trkpt>
      <trkpt lat="40.14821" lon="-7.63984">
        <ele>413.15</ele>
      </trkpt>
      <trkpt lat="40.14852" lon="-7.63948">
        <ele>410.17</ele>
      </trkpt>
      <trkpt lat="40.14871" lon="-7.63925">
        <ele>408.73</ele>
      </trkpt>
      <trkpt lat="40.14883" lon="-7.63908">
        <ele>406.95</ele>
      </trkpt>
      <trkpt lat="40.14894" lon="-7.63892">
        <ele>404.33</ele>
      </trkpt>
      <trkpt lat="40.14905" lon="-7.63873">
        <ele>401.7</ele>
      </trkpt>
      <trkpt lat="40.14925" lon="-7.63825">
        <ele>390.8</ele>
      </trkpt>
      <trkpt lat="40.14956" lon="-7.63764">
        <ele>387.58</ele>
      </trkpt>
      <trkpt lat="40.14965" lon="-7.63751">
        <ele>387.26</ele>
      </trkpt>
      <trkpt lat="40.14974" lon="-7.63742">
        <ele>387.04</ele>
      </trkpt>
      <trkpt lat="40.14985" lon="-7.63737">
        <ele>385.44</ele>
      </trkpt>
      <trkpt lat="40.15035" lon="-7.63718">
        <ele>382.47</ele>
      </trkpt>
      <trkpt lat="40.15068" lon="-7.63703">
        <ele>381.62</ele>
      </trkpt>
      <trkpt lat="40.1509" lon="-7.63688">
        <ele>382.91</ele>
      </trkpt>
      <trkpt lat="40.15108" lon="-7.63673">
        <ele>387.99</ele>
      </trkpt>
      <trkpt lat="40.15129" lon="-7.63647">
        <ele>390.86</ele>
      </trkpt>
      <trkpt lat="40.15165" lon="-7.63598">
        <ele>390.13</ele>
      </trkpt>
      <trkpt lat="40.15196" lon="-7.63556">
        <ele>388.93</ele>
      </trkpt>
      <trkpt lat="40.15208" lon="-7.63537">
        <ele>388.84</ele>
      </trkpt>
      <trkpt lat="40.15227" lon="-7.63515">
        <ele>388.91</ele>
      </trkpt>
      <trkpt lat="40.15241" lon="-7.63505">
        <ele>388.88</ele>
      </trkpt>
      <trkpt lat="40.15255" lon="-7.63501">
        <ele>389.87</ele>
      </trkpt>
      <trkpt lat="40.15293" lon="-7.63501">
        <ele>393.49</ele>
      </trkpt>
      <trkpt lat="40.15306" lon="-7.63504">
        <ele>393.37</ele>
      </trkpt>
      <trkpt lat="40.15337" lon="-7.63526">
        <ele>399.48</ele>
      </trkpt>
      <trkpt lat="40.1535" lon="-7.63533">
        <ele>398.58</ele>
      </trkpt>
      <trkpt lat="40.15364" lon="-7.63537">
        <ele>399.06</ele>
      </trkpt>
      <trkpt lat="40.1538" lon="-7.63539">
        <ele>403.52</ele>
      </trkpt>
      <trkpt lat="40.15402" lon="-7.6353">
        <ele>405.45</ele>
      </trkpt>
      <trkpt lat="40.15449" lon="-7.63504">
        <ele>407.27</ele>
      </trkpt>
      <trkpt lat="40.15468" lon="-7.63491">
        <ele>405.23</ele>
      </trkpt>
      <trkpt lat="40.15481" lon="-7.6348">
        <ele>404.54</ele>
      </trkpt>
      <trkpt lat="40.15493" lon="-7.63469">
        <ele>405.94</ele>
      </trkpt>
      <trkpt lat="40.15547" lon="-7.63411">
        <ele>418.2</ele>
      </trkpt>
      <trkpt lat="40.15677" lon="-7.63275">
        <ele>431.92</ele>
      </trkpt>
      <trkpt lat="40.15692" lon="-7.63262">
        <ele>433.81</ele>
      </trkpt>
      <trkpt lat="40.15703" lon="-7.63255">
        <ele>432.7</ele>
      </trkpt>
      <trkpt lat="40.15718" lon="-7.63248">
        <ele>430.5</ele>
      </trkpt>
      <trkpt lat="40.15736" lon="-7.63242">
        <ele>426.14</ele>
      </trkpt>
      <trkpt lat="40.1575" lon="-7.63236">
        <ele>421.96</ele>
      </trkpt>
      <trkpt lat="40.15763" lon="-7.63225">
        <ele>418.33</ele>
      </trkpt>
      <trkpt lat="40.15769" lon="-7.63215">
        <ele>418.66</ele>
      </trkpt>
      <trkpt lat="40.15773" lon="-7.63199">
        <ele>421.43</ele>
      </trkpt>
      <trkpt lat="40.15774" lon="-7.63186">
        <ele>423.11</ele>
      </trkpt>
      <trkpt lat="40.15774" lon="-7.63175">
        <ele>424.13</ele>
      </trkpt>
      <trkpt lat="40.15772" lon="-7.63159">
        <ele>425.06</ele>
      </trkpt>
      <trkpt lat="40.1574" lon="-7.63033">
        <ele>428.82</ele>
      </trkpt>
      <trkpt lat="40.15732" lon="-7.63007">
        <ele>429.96</ele>
      </trkpt>
      <trkpt lat="40.15729" lon="-7.62986">
        <ele>431.25</ele>
      </trkpt>
      <trkpt lat="40.15728" lon="-7.62966">
        <ele>432.85</ele>
      </trkpt>
      <trkpt lat="40.1573" lon="-7.62943">
        <ele>435.77</ele>
      </trkpt>
      <trkpt lat="40.15735" lon="-7.62918">
        <ele>436.49</ele>
      </trkpt>
      <trkpt lat="40.15752" lon="-7.62863">
        <ele>435.06</ele>
      </trkpt>
      <trkpt lat="40.15755" lon="-7.62845">
        <ele>436.62</ele>
      </trkpt>
      <trkpt lat="40.15756" lon="-7.62826">
        <ele>437.5</ele>
      </trkpt>
      <trkpt lat="40.15751" lon="-7.62797">
        <ele>434.92</ele>
      </trkpt>
      <trkpt lat="40.1573" lon="-7.62725">
        <ele>434.33</ele>
      </trkpt>
      <trkpt lat="40.15726" lon="-7.627">
        <ele>438.82</ele>
      </trkpt>
      <trkpt lat="40.15724" lon="-7.62674">
        <ele>441.8</ele>
      </trkpt>
      <trkpt lat="40.15724" lon="-7.62616">
        <ele>446.4</ele>
      </trkpt>
      <trkpt lat="40.15734" lon="-7.62489">
        <ele>456.12</ele>
      </trkpt>
      <trkpt lat="40.15738" lon="-7.6246">
        <ele>459.08</ele>
      </trkpt>
      <trkpt lat="40.15742" lon="-7.62443">
        <ele>461.03</ele>
      </trkpt>
      <trkpt lat="40.15748" lon="-7.62424">
        <ele>461.11</ele>
      </trkpt>
      <trkpt lat="40.15761" lon="-7.62395">
        <ele>461.4</ele>
      </trkpt>
      <trkpt lat="40.15776" lon="-7.62354">
        <ele>461.62</ele>
      </trkpt>
      <trkpt lat="40.15781" lon="-7.62328">
        <ele>460.85</ele>
      </trkpt>
      <trkpt lat="40.15792" lon="-7.62242">
        <ele>466.5</ele>
      </trkpt>
      <trkpt lat="40.15799" lon="-7.62215">
        <ele>472.34</ele>
      </trkpt>
      <trkpt lat="40.15813" lon="-7.62185">
        <ele>477.01</ele>
      </trkpt>
      <trkpt lat="40.15852" lon="-7.62124">
        <ele>483.73</ele>
      </trkpt>
      <trkpt lat="40.15865" lon="-7.62102">
        <ele>483.33</ele>
      </trkpt>
      <trkpt lat="40.15888" lon="-7.6206">
        <ele>482.1</ele>
      </trkpt>
      <trkpt lat="40.15902" lon="-7.62032">
        <ele>478.53</ele>
      </trkpt>
      <trkpt lat="40.15932" lon="-7.61975">
        <ele>480.56</ele>
      </trkpt>
      <trkpt lat="40.15944" lon="-7.61965">
        <ele>476.9</ele>
      </trkpt>
      <trkpt lat="40.15957" lon="-7.6196">
        <ele>475.6</ele>
      </trkpt>
      <trkpt lat="40.16002" lon="-7.61947">
        <ele>473.57</ele>
      </trkpt>
      <trkpt lat="40.16022" lon="-7.6194">
        <ele>473.18</ele>
      </trkpt>
      <trkpt lat="40.16052" lon="-7.61925">
        <ele>470.29</ele>
      </trkpt>
      <trkpt lat="40.16062" lon="-7.61913">
        <ele>470.37</ele>
      </trkpt>
      <trkpt lat="40.16068" lon="-7.61901">
        <ele>469.71</ele>
      </trkpt>
      <trkpt lat="40.16074" lon="-7.61881">
        <ele>469.04</ele>
      </trkpt>
      <trkpt lat="40.16076" lon="-7.61873">
        <ele>469.46</ele>
      </trkpt>
      <trkpt lat="40.16086" lon="-7.61858">
        <ele>469.43</ele>
      </trkpt>
      <trkpt lat="40.16095" lon="-7.61853">
        <ele>467.85</ele>
      </trkpt>
      <trkpt lat="40.16102" lon="-7.61852">
        <ele>466.75</ele>
      </trkpt>
      <trkpt lat="40.16111" lon="-7.61854">
        <ele>465.27</ele>
      </trkpt>
      <trkpt lat="40.16145" lon="-7.61869">
        <ele>461.13</ele>
      </trkpt>
      <trkpt lat="40.16172" lon="-7.61879">
        <ele>461.23</ele>
      </trkpt>
      <trkpt lat="40.16207" lon="-7.61894">
        <ele>463.01</ele>
      </trkpt>
      <trkpt lat="40.16259" lon="-7.61915">
        <ele>472.43</ele>
      </trkpt>
      <trkpt lat="40.16272" lon="-7.61916">
        <ele>475.6</ele>
      </trkpt>
      <trkpt lat="40.16283" lon="-7.61916">
        <ele>475.19</ele>
      </trkpt>
      <trkpt lat="40.163" lon="-7.61913">
        <ele>469.69</ele>
      </trkpt>
      <trkpt lat="40.16317" lon="-7.61906">
        <ele>469.15</ele>
      </trkpt>
      <trkpt lat="40.16333" lon="-7.61896">
        <ele>470.73</ele>
      </trkpt>
      <trkpt lat="40.16359" lon="-7.61875">
        <ele>467.53</ele>
      </trkpt>
      <trkpt lat="40.16373" lon="-7.61862">
        <ele>465.79</ele>
      </trkpt>
      <trkpt lat="40.16398" lon="-7.61847">
        <ele>459.62</ele>
      </trkpt>
      <trkpt lat="40.16412" lon="-7.61843">
        <ele>454.26</ele>
      </trkpt>
      <trkpt lat="40.16423" lon="-7.61842">
        <ele>452.08</ele>
      </trkpt>
      <trkpt lat="40.16478" lon="-7.61844">
        <ele>456.68</ele>
      </trkpt>
      <trkpt lat="40.16524" lon="-7.61847">
        <ele>449.41</ele>
      </trkpt>
      <trkpt lat="40.16546" lon="-7.61847">
        <ele>441.33</ele>
      </trkpt>
      <trkpt lat="40.16563" lon="-7.61845">
        <ele>435.45</ele>
      </trkpt>
      <trkpt lat="40.1658" lon="-7.61838">
        <ele>430.59</ele>
      </trkpt>
      <trkpt lat="40.16596" lon="-7.61826">
        <ele>427.36</ele>
      </trkpt>
      <trkpt lat="40.1661" lon="-7.61812">
        <ele>424.11</ele>
      </trkpt>
      <trkpt lat="40.16621" lon="-7.61795">
        <ele>422.91</ele>
      </trkpt>
      <trkpt lat="40.16656" lon="-7.61731">
        <ele>420.52</ele>
      </trkpt>
      <trkpt lat="40.16673" lon="-7.61697">
        <ele>415.77</ele>
      </trkpt>
      <trkpt lat="40.16679" lon="-7.61684">
        <ele>413.42</ele>
      </trkpt>
      <trkpt lat="40.16684" lon="-7.61669">
        <ele>410.85</ele>
      </trkpt>
      <trkpt lat="40.16687" lon="-7.61655">
        <ele>407.81</ele>
      </trkpt>
      <trkpt lat="40.16688" lon="-7.61615">
        <ele>404.09</ele>
      </trkpt>
      <trkpt lat="40.1669" lon="-7.61597">
        <ele>404.52</ele>
      </trkpt>
      <trkpt lat="40.16716" lon="-7.61476">
        <ele>389.29</ele>
      </trkpt>
      <trkpt lat="40.1672" lon="-7.61465">
        <ele>388.22</ele>
      </trkpt>
      <trkpt lat="40.16739" lon="-7.61422">
        <ele>386.41</ele>
      </trkpt>
      <trkpt lat="40.16765" lon="-7.61374">
        <ele>386.92</ele>
      </trkpt>
      <trkpt lat="40.16777" lon="-7.61357">
        <ele>385.49</ele>
      </trkpt>
      <trkpt lat="40.16808" lon="-7.6132">
        <ele>384.39</ele>
      </trkpt>
      <trkpt lat="40.16833" lon="-7.61297">
        <ele>385.54</ele>
      </trkpt>
      <trkpt lat="40.16843" lon="-7.61286">
        <ele>387.13</ele>
      </trkpt>
      <trkpt lat="40.16849" lon="-7.61277">
        <ele>388.0</ele>
      </trkpt>
      <trkpt lat="40.16854" lon="-7.61263">
        <ele>389.78</ele>
      </trkpt>
      <trkpt lat="40.16859" lon="-7.61246">
        <ele>391.53</ele>
      </trkpt>
      <trkpt lat="40.16867" lon="-7.61201">
        <ele>392.7</ele>
      </trkpt>
      <trkpt lat="40.16871" lon="-7.61183">
        <ele>392.75</ele>
      </trkpt>
      <trkpt lat="40.16878" lon="-7.6117">
        <ele>391.65</ele>
      </trkpt>
      <trkpt lat="40.16883" lon="-7.61165">
        <ele>390.64</ele>
      </trkpt>
      <trkpt lat="40.16889" lon="-7.61164">
        <ele>389.27</ele>
      </trkpt>
      <trkpt lat="40.16889" lon="-7.61186">
        <ele>388.98</ele>
      </trkpt>
      <trkpt lat="40.169" lon="-7.61227">
        <ele>386.12</ele>
      </trkpt>
      <trkpt lat="40.17124" lon="-7.61462">
        <ele>400.17</ele>
      </trkpt>
      <trkpt lat="40.17155" lon="-7.61472">
        <ele>399.16</ele>
      </trkpt>
      <trkpt lat="40.17181" lon="-7.61468">
        <ele>399.49</ele>
      </trkpt>
      <trkpt lat="40.17307" lon="-7.61395">
        <ele>401.8</ele>
      </trkpt>
      <trkpt lat="40.17288" lon="-7.61335">
        <ele>400.51</ele>
      </trkpt>
      <trkpt lat="40.17282" lon="-7.61303">
        <ele>398.29</ele>
      </trkpt>
      <trkpt lat="40.17304" lon="-7.6111">
        <ele>387.0</ele>
      </trkpt>
      <trkpt lat="40.17308" lon="-7.61083">
        <ele>390.69</ele>
      </trkpt>
      <trkpt lat="40.17311" lon="-7.61064">
        <ele>390.87</ele>
      </trkpt>
      <trkpt lat="40.17317" lon="-7.61004">
        <ele>386.76</ele>
      </trkpt>
      <trkpt lat="40.17315" lon="-7.60999">
        <ele>386.09</ele>
      </trkpt>
      <trkpt lat="40.17311" lon="-7.60978">
        <ele>386.45</ele>
      </trkpt>
      <trkpt lat="40.17293" lon="-7.6092">
        <ele>388.04</ele>
      </trkpt>
      <trkpt lat="40.17291" lon="-7.60902">
        <ele>388.41</ele>
      </trkpt>
      <trkpt lat="40.17293" lon="-7.60888">
        <ele>389.24</ele>
      </trkpt>
      <trkpt lat="40.173" lon="-7.60861">
        <ele>390.8</ele>
      </trkpt>
      <trkpt lat="40.17343" lon="-7.60774">
        <ele>394.42</ele>
      </trkpt>
      <trkpt lat="40.17344" lon="-7.60756">
        <ele>393.2</ele>
      </trkpt>
      <trkpt lat="40.17342" lon="-7.60717">
        <ele>391.0</ele>
      </trkpt>
      <trkpt lat="40.17338" lon="-7.6064">
        <ele>394.97</ele>
      </trkpt>
      <trkpt lat="40.17336" lon="-7.60619">
        <ele>394.28</ele>
      </trkpt>
      <trkpt lat="40.17322" lon="-7.60584">
        <ele>391.63</ele>
      </trkpt>
      <trkpt lat="40.17308" lon="-7.60563">
        <ele>391.09</ele>
      </trkpt>
      <trkpt lat="40.17301" lon="-7.60547">
        <ele>390.7</ele>
      </trkpt>
      <trkpt lat="40.17295" lon="-7.60531">
        <ele>390.7</ele>
      </trkpt>
      <trkpt lat="40.1729" lon="-7.60512">
        <ele>390.07</ele>
      </trkpt>
      <trkpt lat="40.17288" lon="-7.60384">
        <ele>388.15</ele>
      </trkpt>
      <trkpt lat="40.1729" lon="-7.60341">
        <ele>392.58</ele>
      </trkpt>
      <trkpt lat="40.17295" lon="-7.60326">
        <ele>394.15</ele>
      </trkpt>
      <trkpt lat="40.17302" lon="-7.60311">
        <ele>395.48</ele>
      </trkpt>
      <trkpt lat="40.17434" lon="-7.60167">
        <ele>402.05</ele>
      </trkpt>
      <trkpt lat="40.17455" lon="-7.60146">
        <ele>404.13</ele>
      </trkpt>
      <trkpt lat="40.17473" lon="-7.60132">
        <ele>407.72</ele>
      </trkpt>
      <trkpt lat="40.1758" lon="-7.60069">
        <ele>400.33</ele>
      </trkpt>
      <trkpt lat="40.17599" lon="-7.60051">
        <ele>401.07</ele>
      </trkpt>
      <trkpt lat="40.17614" lon="-7.60031">
        <ele>400.55</ele>
      </trkpt>
      <trkpt lat="40.17648" lon="-7.59964">
        <ele>403.17</ele>
      </trkpt>
      <trkpt lat="40.17705" lon="-7.59833">
        <ele>415.5</ele>
      </trkpt>
      <trkpt lat="40.1782" lon="-7.59572">
        <ele>394.88</ele>
      </trkpt>
      <trkpt lat="40.17839" lon="-7.5954">
        <ele>394.05</ele>
      </trkpt>
      <trkpt lat="40.17861" lon="-7.59506">
        <ele>393.64</ele>
      </trkpt>
      <trkpt lat="40.17879" lon="-7.59485">
        <ele>391.59</ele>
      </trkpt>
      <trkpt lat="40.17921" lon="-7.59444">
        <ele>389.14</ele>
      </trkpt>
      <trkpt lat="40.17942" lon="-7.5943">
        <ele>389.39</ele>
      </trkpt>
      <trkpt lat="40.18037" lon="-7.5937">
        <ele>391.11</ele>
      </trkpt>
      <trkpt lat="40.18065" lon="-7.59352">
        <ele>394.25</ele>
      </trkpt>
      <trkpt lat="40.18082" lon="-7.59338">
        <ele>395.82</ele>
      </trkpt>
      <trkpt lat="40.18173" lon="-7.59232">
        <ele>404.68</ele>
      </trkpt>
      <trkpt lat="40.18185" lon="-7.5922">
        <ele>406.03</ele>
      </trkpt>
      <trkpt lat="40.18198" lon="-7.59211">
        <ele>406.87</ele>
      </trkpt>
      <trkpt lat="40.18223" lon="-7.59198">
        <ele>406.05</ele>
      </trkpt>
      <trkpt lat="40.18266" lon="-7.5918">
        <ele>406.57</ele>
      </trkpt>
      <trkpt lat="40.18366" lon="-7.59141">
        <ele>406.13</ele>
      </trkpt>
      <trkpt lat="40.18496" lon="-7.59056">
        <ele>405.89</ele>
      </trkpt>
      <trkpt lat="40.18625" lon="-7.5897">
        <ele>411.58</ele>
      </trkpt>
      <trkpt lat="40.18647" lon="-7.58954">
        <ele>412.75</ele>
      </trkpt>
      <trkpt lat="40.18658" lon="-7.58944">
        <ele>413.74</ele>
      </trkpt>
      <trkpt lat="40.18675" lon="-7.58926">
        <ele>417.62</ele>
      </trkpt>
      <trkpt lat="40.18743" lon="-7.58831">
        <ele>418.66</ele>
      </trkpt>
      <trkpt lat="40.18787" lon="-7.58777">
        <ele>417.31</ele>
      </trkpt>
      <trkpt lat="40.18807" lon="-7.58755">
        <ele>414.73</ele>
      </trkpt>
      <trkpt lat="40.18827" lon="-7.58737">
        <ele>412.73</ele>
      </trkpt>
      <trkpt lat="40.18867" lon="-7.58705">
        <ele>419.61</ele>
      </trkpt>
      <trkpt lat="40.18883" lon="-7.58696">
        <ele>420.76</ele>
      </trkpt>
      <trkpt lat="40.18904" lon="-7.58675">
        <ele>418.5</ele>
      </trkpt>
      <trkpt lat="40.18916" lon="-7.58654">
        <ele>417.06</ele>
      </trkpt>
      <trkpt lat="40.18926" lon="-7.5863">
        <ele>414.77</ele>
      </trkpt>
      <trkpt lat="40.18968" lon="-7.58511">
        <ele>408.46</ele>
      </trkpt>
      <trkpt lat="40.18976" lon="-7.58485">
        <ele>408.42</ele>
      </trkpt>
      <trkpt lat="40.1898" lon="-7.58461">
        <ele>408.14</ele>
      </trkpt>
      <trkpt lat="40.1898" lon="-7.5844">
        <ele>405.66</ele>
      </trkpt>
      <trkpt lat="40.18978" lon="-7.58418">
        <ele>401.07</ele>
      </trkpt>
      <trkpt lat="40.18965" lon="-7.58348">
        <ele>394.76</ele>
      </trkpt>
      <trkpt lat="40.18963" lon="-7.5833">
        <ele>393.6</ele>
      </trkpt>
      <trkpt lat="40.18963" lon="-7.58302">
        <ele>390.49</ele>
      </trkpt>
      <trkpt lat="40.18969" lon="-7.58176">
        <ele>387.57</ele>
      </trkpt>
      <trkpt lat="40.18973" lon="-7.5804">
        <ele>394.83</ele>
      </trkpt>
      <trkpt lat="40.18977" lon="-7.58012">
        <ele>398.39</ele>
      </trkpt>
      <trkpt lat="40.18999" lon="-7.57914">
        <ele>397.8</ele>
      </trkpt>
      <trkpt lat="40.19003" lon="-7.57873">
        <ele>396.98</ele>
      </trkpt>
      <trkpt lat="40.19003" lon="-7.5785">
        <ele>397.22</ele>
      </trkpt>
      <trkpt lat="40.19002" lon="-7.5784">
        <ele>397.41</ele>
      </trkpt>
      <trkpt lat="40.18992" lon="-7.57723">
        <ele>392.86</ele>
      </trkpt>
      <trkpt lat="40.18991" lon="-7.57693">
        <ele>393.86</ele>
      </trkpt>
      <trkpt lat="40.18993" lon="-7.57657">
        <ele>397.18</ele>
      </trkpt>
      <trkpt lat="40.18997" lon="-7.5763">
        <ele>397.68</ele>
      </trkpt>
      <trkpt lat="40.19003" lon="-7.57602">
        <ele>397.37</ele>
      </trkpt>
      <trkpt lat="40.19011" lon="-7.57577">
        <ele>397.38</ele>
      </trkpt>
      <trkpt lat="40.19038" lon="-7.5752">
        <ele>396.88</ele>
      </trkpt>
      <trkpt lat="40.19047" lon="-7.57495">
        <ele>395.15</ele>
      </trkpt>
      <trkpt lat="40.19054" lon="-7.57468">
        <ele>392.79</ele>
      </trkpt>
      <trkpt lat="40.19058" lon="-7.57434">
        <ele>392.12</ele>
      </trkpt>
      <trkpt lat="40.19063" lon="-7.57334">
        <ele>399.02</ele>
      </trkpt>
      <trkpt lat="40.19067" lon="-7.573">
        <ele>404.61</ele>
      </trkpt>
      <trkpt lat="40.19075" lon="-7.57269">
        <ele>407.46</ele>
      </trkpt>
      <trkpt lat="40.19115" lon="-7.57158">
        <ele>402.86</ele>
      </trkpt>
      <trkpt lat="40.19122" lon="-7.57135">
        <ele>402.8</ele>
      </trkpt>
      <trkpt lat="40.19125" lon="-7.57105">
        <ele>404.44</ele>
      </trkpt>
      <trkpt lat="40.19122" lon="-7.5696">
        <ele>406.01</ele>
      </trkpt>
      <trkpt lat="40.19122" lon="-7.56935">
        <ele>406.85</ele>
      </trkpt>
      <trkpt lat="40.19125" lon="-7.56913">
        <ele>407.76</ele>
      </trkpt>
      <trkpt lat="40.19205" lon="-7.56583">
        <ele>401.73</ele>
      </trkpt>
      <trkpt lat="40.19209" lon="-7.56571">
        <ele>400.97</ele>
      </trkpt>
      <trkpt lat="40.19216" lon="-7.56562">
        <ele>401.27</ele>
      </trkpt>
      <trkpt lat="40.19267" lon="-7.56519">
        <ele>405.23</ele>
      </trkpt>
      <trkpt lat="40.19275" lon="-7.56511">
        <ele>405.75</ele>
      </trkpt>
      <trkpt lat="40.19281" lon="-7.56502">
        <ele>405.65</ele>
      </trkpt>
      <trkpt lat="40.19328" lon="-7.56375">
        <ele>398.81</ele>
      </trkpt>
      <trkpt lat="40.19339" lon="-7.56353">
        <ele>397.52</ele>
      </trkpt>
      <trkpt lat="40.19356" lon="-7.56325">
        <ele>397.36</ele>
      </trkpt>
      <trkpt lat="40.19381" lon="-7.56296">
        <ele>401.01</ele>
      </trkpt>
      <trkpt lat="40.19378" lon="-7.56286">
        <ele>400.26</ele>
      </trkpt>
      <trkpt lat="40.19379" lon="-7.5628">
        <ele>400.51</ele>
      </trkpt>
      <trkpt lat="40.19382" lon="-7.56273">
        <ele>401.09</ele>
      </trkpt>
      <trkpt lat="40.19386" lon="-7.5627">
        <ele>401.99</ele>
      </trkpt>
      <trkpt lat="40.19391" lon="-7.56271">
        <ele>403.12</ele>
      </trkpt>
      <trkpt lat="40.19394" lon="-7.56273">
        <ele>403.72</ele>
      </trkpt>
      <trkpt lat="40.19413" lon="-7.56239">
        <ele>403.6</ele>
      </trkpt>
      <trkpt lat="40.19421" lon="-7.56211">
        <ele>399.51</ele>
      </trkpt>
      <trkpt lat="40.19426" lon="-7.56182">
        <ele>396.9</ele>
      </trkpt>
      <trkpt lat="40.19441" lon="-7.56055">
        <ele>396.88</ele>
      </trkpt>
      <trkpt lat="40.19449" lon="-7.5602">
        <ele>397.89</ele>
      </trkpt>
      <trkpt lat="40.19458" lon="-7.55996">
        <ele>399.98</ele>
      </trkpt>
      <trkpt lat="40.19478" lon="-7.55956">
        <ele>402.46</ele>
      </trkpt>
      <trkpt lat="40.19522" lon="-7.55867">
        <ele>404.25</ele>
      </trkpt>
      <trkpt lat="40.19545" lon="-7.55826">
        <ele>406.52</ele>
      </trkpt>
      <trkpt lat="40.19557" lon="-7.55798">
        <ele>405.84</ele>
      </trkpt>
      <trkpt lat="40.19558" lon="-7.55783">
        <ele>403.72</ele>
      </trkpt>
      <trkpt lat="40.19557" lon="-7.55769">
        <ele>402.4</ele>
      </trkpt>
      <trkpt lat="40.19545" lon="-7.55703">
        <ele>397.93</ele>
      </trkpt>
      <trkpt lat="40.19539" lon="-7.55664">
        <ele>397.65</ele>
      </trkpt>
      <trkpt lat="40.19539" lon="-7.55648">
        <ele>399.15</ele>
      </trkpt>
      <trkpt lat="40.1954" lon="-7.55633">
        <ele>400.52</ele>
      </trkpt>
      <trkpt lat="40.19543" lon="-7.55614">
        <ele>402.28</ele>
      </trkpt>
      <trkpt lat="40.19568" lon="-7.55491">
        <ele>408.86</ele>
      </trkpt>
      <trkpt lat="40.19568" lon="-7.55463">
        <ele>408.79</ele>
      </trkpt>
      <trkpt lat="40.19557" lon="-7.55302">
        <ele>412.31</ele>
      </trkpt>
      <trkpt lat="40.19557" lon="-7.55282">
        <ele>413.75</ele>
      </trkpt>
      <trkpt lat="40.19562" lon="-7.55267">
        <ele>415.1</ele>
      </trkpt>
      <trkpt lat="40.19569" lon="-7.55252">
        <ele>416.79</ele>
      </trkpt>
      <trkpt lat="40.19578" lon="-7.55242">
        <ele>418.19</ele>
      </trkpt>
      <trkpt lat="40.19716" lon="-7.55106">
        <ele>420.9</ele>
      </trkpt>
      <trkpt lat="40.19734" lon="-7.55096">
        <ele>419.37</ele>
      </trkpt>
      <trkpt lat="40.19762" lon="-7.55077">
        <ele>416.53</ele>
      </trkpt>
      <trkpt lat="40.19776" lon="-7.55065">
        <ele>414.38</ele>
      </trkpt>
      <trkpt lat="40.19786" lon="-7.55051">
        <ele>412.95</ele>
      </trkpt>
      <trkpt lat="40.19795" lon="-7.5503">
        <ele>412.57</ele>
      </trkpt>
      <trkpt lat="40.19797" lon="-7.55016">
        <ele>413.49</ele>
      </trkpt>
      <trkpt lat="40.19799" lon="-7.55002">
        <ele>414.69</ele>
      </trkpt>
      <trkpt lat="40.19798" lon="-7.54985">
        <ele>415.47</ele>
      </trkpt>
      <trkpt lat="40.19771" lon="-7.54839">
        <ele>420.41</ele>
      </trkpt>
      <trkpt lat="40.19771" lon="-7.54823">
        <ele>421.21</ele>
      </trkpt>
      <trkpt lat="40.19778" lon="-7.54787">
        <ele>422.65</ele>
      </trkpt>
      <trkpt lat="40.19791" lon="-7.54729">
        <ele>418.5</ele>
      </trkpt>
      <trkpt lat="40.19801" lon="-7.54713">
        <ele>416.56</ele>
      </trkpt>
      <trkpt lat="40.19848" lon="-7.54678">
        <ele>413.74</ele>
      </trkpt>
      <trkpt lat="40.19856" lon="-7.54677">
        <ele>414.75</ele>
      </trkpt>
      <trkpt lat="40.19867" lon="-7.54679">
        <ele>416.65</ele>
      </trkpt>
      <trkpt lat="40.19916" lon="-7.54705">
        <ele>419.94</ele>
      </trkpt>
      <trkpt lat="40.19924" lon="-7.54708">
        <ele>420.71</ele>
      </trkpt>
      <trkpt lat="40.19929" lon="-7.54709">
        <ele>421.04</ele>
      </trkpt>
      <trkpt lat="40.19947" lon="-7.54709">
        <ele>421.43</ele>
      </trkpt>
      <trkpt lat="40.20014" lon="-7.54687">
        <ele>416.03</ele>
      </trkpt>
      <trkpt lat="40.20045" lon="-7.54676">
        <ele>418.44</ele>
      </trkpt>
      <trkpt lat="40.20058" lon="-7.54674">
        <ele>419.94</ele>
      </trkpt>
      <trkpt lat="40.20104" lon="-7.5469">
        <ele>421.17</ele>
      </trkpt>
      <trkpt lat="40.20145" lon="-7.54697">
        <ele>426.42</ele>
      </trkpt>
      <trkpt lat="40.20161" lon="-7.54696">
        <ele>428.9</ele>
      </trkpt>
      <trkpt lat="40.20179" lon="-7.54693">
        <ele>431.18</ele>
      </trkpt>
      <trkpt lat="40.20235" lon="-7.54671">
        <ele>438.0</ele>
      </trkpt>
      <trkpt lat="40.20258" lon="-7.54655">
        <ele>442.56</ele>
      </trkpt>
      <trkpt lat="40.20265" lon="-7.54649">
        <ele>443.2</ele>
      </trkpt>
      <trkpt lat="40.20278" lon="-7.54633">
        <ele>443.78</ele>
      </trkpt>
      <trkpt lat="40.20287" lon="-7.54616">
        <ele>443.39</ele>
      </trkpt>
      <trkpt lat="40.2029" lon="-7.54606">
        <ele>443.15</ele>
      </trkpt>
      <trkpt lat="40.20291" lon="-7.54594">
        <ele>442.54</ele>
      </trkpt>
      <trkpt lat="40.20273" lon="-7.54434">
        <ele>454.4</ele>
      </trkpt>
      <trkpt lat="40.20275" lon="-7.5442">
        <ele>456.32</ele>
      </trkpt>
      <trkpt lat="40.20281" lon="-7.54406">
        <ele>457.35</ele>
      </trkpt>
      <trkpt lat="40.2032" lon="-7.54362">
        <ele>455.96</ele>
      </trkpt>
      <trkpt lat="40.20334" lon="-7.54354">
        <ele>454.83</ele>
      </trkpt>
      <trkpt lat="40.20385" lon="-7.5434">
        <ele>462.74</ele>
      </trkpt>
      <trkpt lat="40.20393" lon="-7.54336">
        <ele>463.56</ele>
      </trkpt>
      <trkpt lat="40.20399" lon="-7.5433">
        <ele>463.49</ele>
      </trkpt>
      <trkpt lat="40.20415" lon="-7.54303">
        <ele>462.77</ele>
      </trkpt>
      <trkpt lat="40.20527" lon="-7.54109">
        <ele>466.8</ele>
      </trkpt>
      <trkpt lat="40.20534" lon="-7.54091">
        <ele>464.6</ele>
      </trkpt>
      <trkpt lat="40.20539" lon="-7.54074">
        <ele>463.4</ele>
      </trkpt>
      <trkpt lat="40.20562" lon="-7.53916">
        <ele>471.43</ele>
      </trkpt>
      <trkpt lat="40.20567" lon="-7.53893">
        <ele>470.82</ele>
      </trkpt>
      <trkpt lat="40.20578" lon="-7.5387">
        <ele>469.64</ele>
      </trkpt>
      <trkpt lat="40.20599" lon="-7.53849">
        <ele>472.13</ele>
      </trkpt>
      <trkpt lat="40.20623" lon="-7.53836">
        <ele>476.68</ele>
      </trkpt>
      <trkpt lat="40.20623" lon="-7.53836">
        <ele>476.68</ele>
      </trkpt>
      <trkpt lat="40.20656" lon="-7.5382">
        <ele>480.16</ele>
      </trkpt>
      <trkpt lat="40.20665" lon="-7.53813">
        <ele>480.77</ele>
      </trkpt>
      <trkpt lat="40.20676" lon="-7.53801">
        <ele>479.02</ele>
      </trkpt>
      <trkpt lat="40.20688" lon="-7.53773">
        <ele>474.4</ele>
      </trkpt>
      <trkpt lat="40.20711" lon="-7.53704">
        <ele>472.83</ele>
      </trkpt>
      <trkpt lat="40.20725" lon="-7.53627">
        <ele>472.92</ele>
      </trkpt>
      <trkpt lat="40.2073" lon="-7.53606">
        <ele>471.38</ele>
      </trkpt>
      <trkpt lat="40.20739" lon="-7.53585">
        <ele>471.27</ele>
      </trkpt>
      <trkpt lat="40.20757" lon="-7.53555">
        <ele>469.66</ele>
      </trkpt>
      <trkpt lat="40.20767" lon="-7.53544">
        <ele>467.82</ele>
      </trkpt>
      <trkpt lat="40.20786" lon="-7.5353">
        <ele>465.99</ele>
      </trkpt>
      <trkpt lat="40.20819" lon="-7.53521">
        <ele>463.05</ele>
      </trkpt>
      <trkpt lat="40.20846" lon="-7.53511">
        <ele>462.38</ele>
      </trkpt>
      <trkpt lat="40.20852" lon="-7.53506">
        <ele>462.52</ele>
      </trkpt>
      <trkpt lat="40.20857" lon="-7.53501">
        <ele>462.63</ele>
      </trkpt>
      <trkpt lat="40.20861" lon="-7.53488">
        <ele>463.42</ele>
      </trkpt>
      <trkpt lat="40.20863" lon="-7.53475">
        <ele>464.15</ele>
      </trkpt>
      <trkpt lat="40.20861" lon="-7.53457">
        <ele>465.62</ele>
      </trkpt>
      <trkpt lat="40.20859" lon="-7.53446">
        <ele>466.38</ele>
      </trkpt>
      <trkpt lat="40.20855" lon="-7.53435">
        <ele>466.63</ele>
      </trkpt>
      <trkpt lat="40.20805" lon="-7.53368">
        <ele>460.36</ele>
      </trkpt>
      <trkpt lat="40.20801" lon="-7.53356">
        <ele>459.87</ele>
      </trkpt>
      <trkpt lat="40.20802" lon="-7.53345">
        <ele>460.56</ele>
      </trkpt>
      <trkpt lat="40.20806" lon="-7.53333">
        <ele>462.03</ele>
      </trkpt>
      <trkpt lat="40.20815" lon="-7.53323">
        <ele>462.75</ele>
      </trkpt>
      <trkpt lat="40.20846" lon="-7.53297">
        <ele>465.54</ele>
      </trkpt>
      <trkpt lat="40.20863" lon="-7.53291">
        <ele>466.02</ele>
      </trkpt>
      <trkpt lat="40.20917" lon="-7.53275">
        <ele>460.7</ele>
      </trkpt>
      <trkpt lat="40.20931" lon="-7.53267">
        <ele>460.24</ele>
      </trkpt>
      <trkpt lat="40.20944" lon="-7.53252">
        <ele>460.04</ele>
      </trkpt>
      <trkpt lat="40.20951" lon="-7.53235">
        <ele>459.71</ele>
      </trkpt>
      <trkpt lat="40.20954" lon="-7.53222">
        <ele>459.68</ele>
      </trkpt>
      <trkpt lat="40.20982" lon="-7.52909">
        <ele>457.83</ele>
      </trkpt>
      <trkpt lat="40.20983" lon="-7.52905">
        <ele>457.78</ele>
      </trkpt>
      <trkpt lat="40.20988" lon="-7.52895">
        <ele>458.52</ele>
      </trkpt>
      <trkpt lat="40.21007" lon="-7.52862">
        <ele>457.43</ele>
      </trkpt>
      <trkpt lat="40.21007" lon="-7.52857">
        <ele>457.19</ele>
      </trkpt>
      <trkpt lat="40.2101" lon="-7.52851">
        <ele>457.54</ele>
      </trkpt>
      <trkpt lat="40.2102" lon="-7.52842">
        <ele>458.61</ele>
      </trkpt>
      <trkpt lat="40.21025" lon="-7.52836">
        <ele>458.87</ele>
      </trkpt>
      <trkpt lat="40.21027" lon="-7.5283">
        <ele>458.68</ele>
      </trkpt>
      <trkpt lat="40.21026" lon="-7.52826">
        <ele>458.31</ele>
      </trkpt>
      <trkpt lat="40.21008" lon="-7.52752">
        <ele>458.22</ele>
      </trkpt>
      <trkpt lat="40.21007" lon="-7.52738">
        <ele>460.45</ele>
      </trkpt>
      <trkpt lat="40.21007" lon="-7.52725">
        <ele>462.56</ele>
      </trkpt>
      <trkpt lat="40.21017" lon="-7.52683">
        <ele>464.59</ele>
      </trkpt>
      <trkpt lat="40.21025" lon="-7.52637">
        <ele>467.14</ele>
      </trkpt>
      <trkpt lat="40.21036" lon="-7.52597">
        <ele>466.0</ele>
      </trkpt>
      <trkpt lat="40.21061" lon="-7.52555">
        <ele>468.59</ele>
      </trkpt>
      <trkpt lat="40.21061" lon="-7.52555">
        <ele>468.59</ele>
      </trkpt>
      <trkpt lat="40.21073" lon="-7.5254">
        <ele>467.54</ele>
      </trkpt>
      <trkpt lat="40.21081" lon="-7.52532">
        <ele>467.1</ele>
      </trkpt>
      <trkpt lat="40.2109" lon="-7.52529">
        <ele>467.23</ele>
      </trkpt>
      <trkpt lat="40.21097" lon="-7.5253">
        <ele>467.45</ele>
      </trkpt>
      <trkpt lat="40.21104" lon="-7.5254">
        <ele>467.42</ele>
      </trkpt>
      <trkpt lat="40.21107" lon="-7.52548">
        <ele>467.23</ele>
      </trkpt>
      <trkpt lat="40.21116" lon="-7.52615">
        <ele>465.19</ele>
      </trkpt>
      <trkpt lat="40.21128" lon="-7.52697">
        <ele>470.68</ele>
      </trkpt>
      <trkpt lat="40.21134" lon="-7.52731">
        <ele>470.86</ele>
      </trkpt>
      <trkpt lat="40.2114" lon="-7.52752">
        <ele>469.89</ele>
      </trkpt>
      <trkpt lat="40.2117" lon="-7.528">
        <ele>469.06</ele>
      </trkpt>
      <trkpt lat="40.21187" lon="-7.52832">
        <ele>472.62</ele>
      </trkpt>
      <trkpt lat="40.21224" lon="-7.52908">
        <ele>476.24</ele>
      </trkpt>
      <trkpt lat="40.21239" lon="-7.52932">
        <ele>478.08</ele>
      </trkpt>
      <trkpt lat="40.21256" lon="-7.52953">
        <ele>479.65</ele>
      </trkpt>
      <trkpt lat="40.21276" lon="-7.52974">
        <ele>481.88</ele>
      </trkpt>
      <trkpt lat="40.21285" lon="-7.52977">
        <ele>482.57</ele>
      </trkpt>
      <trkpt lat="40.21293" lon="-7.52977">
        <ele>483.0</ele>
      </trkpt>
      <trkpt lat="40.21304" lon="-7.52973">
        <ele>483.05</ele>
      </trkpt>
      <trkpt lat="40.2132" lon="-7.52963">
        <ele>483.39</ele>
      </trkpt>
      <trkpt lat="40.2134" lon="-7.52954">
        <ele>481.84</ele>
      </trkpt>
      <trkpt lat="40.21359" lon="-7.5295">
        <ele>479.74</ele>
      </trkpt>
      <trkpt lat="40.21384" lon="-7.5295">
        <ele>477.46</ele>
      </trkpt>
      <trkpt lat="40.21411" lon="-7.52956">
        <ele>477.55</ele>
      </trkpt>
      <trkpt lat="40.21429" lon="-7.52965">
        <ele>479.83</ele>
      </trkpt>
      <trkpt lat="40.21447" lon="-7.52979">
        <ele>485.19</ele>
      </trkpt>
      <trkpt lat="40.2152" lon="-7.53046">
        <ele>489.98</ele>
      </trkpt>
      <trkpt lat="40.21544" lon="-7.53063">
        <ele>489.5</ele>
      </trkpt>
      <trkpt lat="40.21554" lon="-7.53068">
        <ele>489.04</ele>
      </trkpt>
      <trkpt lat="40.21563" lon="-7.53068">
        <ele>489.27</ele>
      </trkpt>
      <trkpt lat="40.21574" lon="-7.53063">
        <ele>489.66</ele>
      </trkpt>
      <trkpt lat="40.21583" lon="-7.53054">
        <ele>489.88</ele>
      </trkpt>
      <trkpt lat="40.21617" lon="-7.53003">
        <ele>487.73</ele>
      </trkpt>
      <trkpt lat="40.21628" lon="-7.52993">
        <ele>487.61</ele>
      </trkpt>
      <trkpt lat="40.21643" lon="-7.52985">
        <ele>487.85</ele>
      </trkpt>
      <trkpt lat="40.2166" lon="-7.52984">
        <ele>487.53</ele>
      </trkpt>
      <trkpt lat="40.21701" lon="-7.5299">
        <ele>487.48</ele>
      </trkpt>
      <trkpt lat="40.21728" lon="-7.52995">
        <ele>487.51</ele>
      </trkpt>
      <trkpt lat="40.21738" lon="-7.52999">
        <ele>487.14</ele>
      </trkpt>
      <trkpt lat="40.21745" lon="-7.53006">
        <ele>486.62</ele>
      </trkpt>
      <trkpt lat="40.21749" lon="-7.53018">
        <ele>486.15</ele>
      </trkpt>
      <trkpt lat="40.21749" lon="-7.53026">
        <ele>486.18</ele>
      </trkpt>
      <trkpt lat="40.21747" lon="-7.53058">
        <ele>489.67</ele>
      </trkpt>
      <trkpt lat="40.21749" lon="-7.53073">
        <ele>491.6</ele>
      </trkpt>
      <trkpt lat="40.21753" lon="-7.53085">
        <ele>493.17</ele>
      </trkpt>
      <trkpt lat="40.21761" lon="-7.53096">
        <ele>493.85</ele>
      </trkpt>
      <trkpt lat="40.21771" lon="-7.53101">
        <ele>494.39</ele>
      </trkpt>
      <trkpt lat="40.21783" lon="-7.53102">
        <ele>495.36</ele>
      </trkpt>
      <trkpt lat="40.21794" lon="-7.53098">
        <ele>496.59</ele>
      </trkpt>
      <trkpt lat="40.21843" lon="-7.53073">
        <ele>495.4</ele>
      </trkpt>
      <trkpt lat="40.21865" lon="-7.53067">
        <ele>496.55</ele>
      </trkpt>
      <trkpt lat="40.21878" lon="-7.53066">
        <ele>495.9</ele>
      </trkpt>
      <trkpt lat="40.21892" lon="-7.53068">
        <ele>496.6</ele>
      </trkpt>
      <trkpt lat="40.21909" lon="-7.53075">
        <ele>500.85</ele>
      </trkpt>
      <trkpt lat="40.2193" lon="-7.53086">
        <ele>505.01</ele>
      </trkpt>
      <trkpt lat="40.21947" lon="-7.531">
        <ele>503.49</ele>
      </trkpt>
      <trkpt lat="40.21971" lon="-7.53126">
        <ele>502.02</ele>
      </trkpt>
      <trkpt lat="40.21983" lon="-7.53132">
        <ele>501.81</ele>
      </trkpt>
      <trkpt lat="40.21995" lon="-7.53132">
        <ele>501.6</ele>
      </trkpt>
      <trkpt lat="40.22007" lon="-7.53128">
        <ele>502.81</ele>
      </trkpt>
      <trkpt lat="40.22019" lon="-7.5312">
        <ele>505.57</ele>
      </trkpt>
      <trkpt lat="40.22031" lon="-7.53106">
        <ele>508.53</ele>
      </trkpt>
      <trkpt lat="40.22045" lon="-7.53082">
        <ele>511.36</ele>
      </trkpt>
      <trkpt lat="40.22125" lon="-7.52907">
        <ele>515.48</ele>
      </trkpt>
      <trkpt lat="40.22152" lon="-7.52851">
        <ele>515.57</ele>
      </trkpt>
      <trkpt lat="40.22161" lon="-7.5284">
        <ele>513.88</ele>
      </trkpt>
      <trkpt lat="40.22168" lon="-7.52832">
        <ele>512.99</ele>
      </trkpt>
      <trkpt lat="40.22179" lon="-7.52825">
        <ele>513.33</ele>
      </trkpt>
      <trkpt lat="40.22191" lon="-7.52817">
        <ele>512.67</ele>
      </trkpt>
      <trkpt lat="40.22219" lon="-7.52808">
        <ele>513.42</ele>
      </trkpt>
      <trkpt lat="40.22323" lon="-7.52776">
        <ele>518.19</ele>
      </trkpt>
      <trkpt lat="40.22338" lon="-7.52775">
        <ele>519.91</ele>
      </trkpt>
      <trkpt lat="40.22351" lon="-7.52777">
        <ele>522.79</ele>
      </trkpt>
      <trkpt lat="40.22362" lon="-7.52785">
        <ele>525.28</ele>
      </trkpt>
      <trkpt lat="40.22372" lon="-7.52795">
        <ele>525.77</ele>
      </trkpt>
      <trkpt lat="40.22388" lon="-7.52818">
        <ele>526.48</ele>
      </trkpt>
      <trkpt lat="40.22402" lon="-7.52847">
        <ele>525.42</ele>
      </trkpt>
      <trkpt lat="40.22413" lon="-7.52884">
        <ele>524.49</ele>
      </trkpt>
      <trkpt lat="40.22418" lon="-7.52902">
        <ele>525.41</ele>
      </trkpt>
      <trkpt lat="40.22419" lon="-7.52915">
        <ele>526.92</ele>
      </trkpt>
      <trkpt lat="40.22419" lon="-7.52927">
        <ele>527.16</ele>
      </trkpt>
      <trkpt lat="40.22413" lon="-7.52975">
        <ele>526.47</ele>
      </trkpt>
      <trkpt lat="40.22416" lon="-7.52994">
        <ele>524.57</ele>
      </trkpt>
      <trkpt lat="40.22422" lon="-7.53009">
        <ele>521.94</ele>
      </trkpt>
      <trkpt lat="40.22477" lon="-7.53107">
        <ele>521.75</ele>
      </trkpt>
      <trkpt lat="40.2249" lon="-7.53124">
        <ele>521.75</ele>
      </trkpt>
      <trkpt lat="40.22587" lon="-7.53205">
        <ele>523.38</ele>
      </trkpt>
      <trkpt lat="40.22597" lon="-7.5321">
        <ele>524.18</ele>
      </trkpt>
      <trkpt lat="40.22607" lon="-7.53214">
        <ele>524.18</ele>
      </trkpt>
      <trkpt lat="40.22617" lon="-7.53214">
        <ele>523.94</ele>
      </trkpt>
      <trkpt lat="40.2263" lon="-7.53212">
        <ele>523.75</ele>
      </trkpt>
      <trkpt lat="40.22645" lon="-7.53201">
        <ele>524.62</ele>
      </trkpt>
      <trkpt lat="40.22654" lon="-7.53189">
        <ele>526.88</ele>
      </trkpt>
      <trkpt lat="40.2266" lon="-7.53169">
        <ele>528.06</ele>
      </trkpt>
      <trkpt lat="40.22664" lon="-7.5315">
        <ele>529.33</ele>
      </trkpt>
      <trkpt lat="40.22677" lon="-7.53103">
        <ele>533.99</ele>
      </trkpt>
      <trkpt lat="40.22698" lon="-7.53042">
        <ele>536.28</ele>
      </trkpt>
      <trkpt lat="40.22733" lon="-7.52959">
        <ele>536.91</ele>
      </trkpt>
      <trkpt lat="40.22742" lon="-7.52947">
        <ele>539.88</ele>
      </trkpt>
      <trkpt lat="40.22753" lon="-7.52938">
        <ele>543.35</ele>
      </trkpt>
      <trkpt lat="40.22831" lon="-7.5291">
        <ele>551.08</ele>
      </trkpt>
      <trkpt lat="40.22842" lon="-7.52903">
        <ele>547.96</ele>
      </trkpt>
      <trkpt lat="40.2285" lon="-7.52893">
        <ele>545.14</ele>
      </trkpt>
      <trkpt lat="40.22857" lon="-7.5288">
        <ele>542.32</ele>
      </trkpt>
      <trkpt lat="40.22863" lon="-7.52864">
        <ele>539.19</ele>
      </trkpt>
      <trkpt lat="40.22877" lon="-7.52811">
        <ele>544.87</ele>
      </trkpt>
      <trkpt lat="40.22888" lon="-7.5277">
        <ele>546.28</ele>
      </trkpt>
      <trkpt lat="40.22895" lon="-7.52747">
        <ele>545.45</ele>
      </trkpt>
      <trkpt lat="40.22904" lon="-7.52728">
        <ele>544.01</ele>
      </trkpt>
      <trkpt lat="40.22919" lon="-7.52707">
        <ele>543.11</ele>
      </trkpt>
      <trkpt lat="40.22939" lon="-7.52692">
        <ele>540.11</ele>
      </trkpt>
      <trkpt lat="40.2309" lon="-7.5264">
        <ele>537.45</ele>
      </trkpt>
      <trkpt lat="40.23122" lon="-7.52625">
        <ele>541.09</ele>
      </trkpt>
      <trkpt lat="40.23178" lon="-7.52601">
        <ele>539.58</ele>
      </trkpt>
      <trkpt lat="40.2319" lon="-7.52594">
        <ele>539.25</ele>
      </trkpt>
      <trkpt lat="40.23218" lon="-7.52584">
        <ele>535.67</ele>
      </trkpt>
      <trkpt lat="40.23221" lon="-7.5258">
        <ele>534.11</ele>
      </trkpt>
      <trkpt lat="40.23224" lon="-7.52578">
        <ele>533.55</ele>
      </trkpt>
      <trkpt lat="40.23228" lon="-7.52577">
        <ele>533.87</ele>
      </trkpt>
      <trkpt lat="40.23231" lon="-7.52578">
        <ele>534.66</ele>
      </trkpt>
      <trkpt lat="40.23235" lon="-7.5258">
        <ele>535.87</ele>
      </trkpt>
      <trkpt lat="40.23237" lon="-7.52582">
        <ele>536.75</ele>
      </trkpt>
      <trkpt lat="40.23239" lon="-7.52586">
        <ele>537.59</ele>
      </trkpt>
      <trkpt lat="40.23241" lon="-7.52595">
        <ele>538.4</ele>
      </trkpt>
      <trkpt lat="40.23241" lon="-7.52599">
        <ele>538.63</ele>
      </trkpt>
      <trkpt lat="40.23246" lon="-7.52612">
        <ele>539.44</ele>
      </trkpt>
      <trkpt lat="40.23262" lon="-7.52643">
        <ele>530.58</ele>
      </trkpt>
      <trkpt lat="40.23316" lon="-7.52727">
        <ele>529.34</ele>
      </trkpt>
      <trkpt lat="40.23331" lon="-7.52744">
        <ele>528.57</ele>
      </trkpt>
      <trkpt lat="40.23343" lon="-7.52752">
        <ele>529.75</ele>
      </trkpt>
      <trkpt lat="40.23362" lon="-7.52756">
        <ele>531.5</ele>
      </trkpt>
      <trkpt lat="40.23386" lon="-7.52751">
        <ele>541.83</ele>
      </trkpt>
      <trkpt lat="40.23417" lon="-7.52739">
        <ele>548.69</ele>
      </trkpt>
      <trkpt lat="40.23502" lon="-7.52702">
        <ele>548.15</ele>
      </trkpt>
      <trkpt lat="40.23526" lon="-7.52698">
        <ele>546.38</ele>
      </trkpt>
      <trkpt lat="40.23552" lon="-7.527">
        <ele>550.24</ele>
      </trkpt>
      <trkpt lat="40.23567" lon="-7.52701">
        <ele>552.4</ele>
      </trkpt>
      <trkpt lat="40.2359" lon="-7.52701">
        <ele>553.39</ele>
      </trkpt>
      <trkpt lat="40.23594" lon="-7.52704">
        <ele>553.03</ele>
      </trkpt>
      <trkpt lat="40.23599" lon="-7.52703">
        <ele>552.14</ele>
      </trkpt>
      <trkpt lat="40.23604" lon="-7.52706">
        <ele>551.73</ele>
      </trkpt>
      <trkpt lat="40.23606" lon="-7.52708">
        <ele>551.69</ele>
      </trkpt>
      <trkpt lat="40.23607" lon="-7.52714">
        <ele>552.35</ele>
      </trkpt>
      <trkpt lat="40.23617" lon="-7.52715">
        <ele>552.07</ele>
      </trkpt>
      <trkpt lat="40.23666" lon="-7.52705">
        <ele>550.78</ele>
      </trkpt>
      <trkpt lat="40.23679" lon="-7.52705">
        <ele>551.92</ele>
      </trkpt>
      <trkpt lat="40.23688" lon="-7.5271">
        <ele>552.99</ele>
      </trkpt>
      <trkpt lat="40.23695" lon="-7.52716">
        <ele>553.76</ele>
      </trkpt>
      <trkpt lat="40.23712" lon="-7.5274">
        <ele>554.88</ele>
      </trkpt>
      <trkpt lat="40.23733" lon="-7.52767">
        <ele>554.82</ele>
      </trkpt>
      <trkpt lat="40.23743" lon="-7.52776">
        <ele>553.93</ele>
      </trkpt>
      <trkpt lat="40.23763" lon="-7.52787">
        <ele>555.26</ele>
      </trkpt>
      <trkpt lat="40.23788" lon="-7.52787">
        <ele>556.82</ele>
      </trkpt>
      <trkpt lat="40.23812" lon="-7.52781">
        <ele>558.08</ele>
      </trkpt>
      <trkpt lat="40.23828" lon="-7.52771">
        <ele>560.34</ele>
      </trkpt>
      <trkpt lat="40.23892" lon="-7.52687">
        <ele>562.29</ele>
      </trkpt>
      <trkpt lat="40.23902" lon="-7.52674">
        <ele>561.29</ele>
      </trkpt>
      <trkpt lat="40.2416" lon="-7.52307">
        <ele>564.37</ele>
      </trkpt>
      <trkpt lat="40.24203" lon="-7.52188">
        <ele>558.84</ele>
      </trkpt>
      <trkpt lat="40.24224" lon="-7.52172">
        <ele>553.6</ele>
      </trkpt>
      <trkpt lat="40.24257" lon="-7.52165">
        <ele>551.08</ele>
      </trkpt>
      <trkpt lat="40.24268" lon="-7.52157">
        <ele>552.2</ele>
      </trkpt>
      <trkpt lat="40.24276" lon="-7.52144">
        <ele>552.23</ele>
      </trkpt>
      <trkpt lat="40.24288" lon="-7.52096">
        <ele>550.84</ele>
      </trkpt>
      <trkpt lat="40.24299" lon="-7.52073">
        <ele>551.81</ele>
      </trkpt>
      <trkpt lat="40.24329" lon="-7.52043">
        <ele>553.96</ele>
      </trkpt>
      <trkpt lat="40.24369" lon="-7.52008">
        <ele>553.47</ele>
      </trkpt>
      <trkpt lat="40.24378" lon="-7.51994">
        <ele>553.74</ele>
      </trkpt>
      <trkpt lat="40.24385" lon="-7.51975">
        <ele>554.09</ele>
      </trkpt>
      <trkpt lat="40.24386" lon="-7.51962">
        <ele>553.47</ele>
      </trkpt>
      <trkpt lat="40.24379" lon="-7.51922">
        <ele>550.8</ele>
      </trkpt>
      <trkpt lat="40.2438" lon="-7.51911">
        <ele>551.21</ele>
      </trkpt>
      <trkpt lat="40.24385" lon="-7.51893">
        <ele>552.4</ele>
      </trkpt>
      <trkpt lat="40.24449" lon="-7.51773">
        <ele>551.25</ele>
      </trkpt>
      <trkpt lat="40.24455" lon="-7.51758">
        <ele>551.47</ele>
      </trkpt>
      <trkpt lat="40.24465" lon="-7.51726">
        <ele>554.97</ele>
      </trkpt>
      <trkpt lat="40.24474" lon="-7.51708">
        <ele>557.07</ele>
      </trkpt>
      <trkpt lat="40.24488" lon="-7.51688">
        <ele>555.97</ele>
      </trkpt>
      <trkpt lat="40.2454" lon="-7.51658">
        <ele>545.15</ele>
      </trkpt>
      <trkpt lat="40.2458" lon="-7.51678">
        <ele>543.8</ele>
      </trkpt>
      <trkpt lat="40.24605" lon="-7.51677">
        <ele>546.9</ele>
      </trkpt>
      <trkpt lat="40.24625" lon="-7.51658">
        <ele>548.38</ele>
      </trkpt>
      <trkpt lat="40.2466" lon="-7.51594">
        <ele>552.17</ele>
      </trkpt>
      <trkpt lat="40.24678" lon="-7.51575">
        <ele>551.81</ele>
      </trkpt>
      <trkpt lat="40.24689" lon="-7.51571">
        <ele>551.86</ele>
      </trkpt>
      <trkpt lat="40.24756" lon="-7.51579">
        <ele>546.75</ele>
      </trkpt>
      <trkpt lat="40.2478" lon="-7.51582">
        <ele>545.64</ele>
      </trkpt>
      <trkpt lat="40.24827" lon="-7.51598">
        <ele>545.73</ele>
      </trkpt>
      <trkpt lat="40.24848" lon="-7.51597">
        <ele>548.66</ele>
      </trkpt>
      <trkpt lat="40.24861" lon="-7.51589">
        <ele>550.59</ele>
      </trkpt>
      <trkpt lat="40.24874" lon="-7.51564">
        <ele>550.61</ele>
      </trkpt>
      <trkpt lat="40.24953" lon="-7.51348">
        <ele>551.56</ele>
      </trkpt>
      <trkpt lat="40.24972" lon="-7.51324">
        <ele>554.24</ele>
      </trkpt>
      <trkpt lat="40.25042" lon="-7.5128">
        <ele>551.52</ele>
      </trkpt>
      <trkpt lat="40.25059" lon="-7.51276">
        <ele>551.77</ele>
      </trkpt>
      <trkpt lat="40.25079" lon="-7.51279">
        <ele>556.91</ele>
      </trkpt>
      <trkpt lat="40.25117" lon="-7.513">
        <ele>553.04</ele>
      </trkpt>
      <trkpt lat="40.25133" lon="-7.51314">
        <ele>555.52</ele>
      </trkpt>
      <trkpt lat="40.25161" lon="-7.51356">
        <ele>562.43</ele>
      </trkpt>
      <trkpt lat="40.25175" lon="-7.51366">
        <ele>563.62</ele>
      </trkpt>
      <trkpt lat="40.25191" lon="-7.5137">
        <ele>562.68</ele>
      </trkpt>
      <trkpt lat="40.25323" lon="-7.51368">
        <ele>562.4</ele>
      </trkpt>
      <trkpt lat="40.25336" lon="-7.51373">
        <ele>559.65</ele>
      </trkpt>
      <trkpt lat="40.25347" lon="-7.51387">
        <ele>560.63</ele>
      </trkpt>
      <trkpt lat="40.25352" lon="-7.51405">
        <ele>563.59</ele>
      </trkpt>
      <trkpt lat="40.2536" lon="-7.51515">
        <ele>576.82</ele>
      </trkpt>
      <trkpt lat="40.25364" lon="-7.51524">
        <ele>577.13</ele>
      </trkpt>
      <trkpt lat="40.25369" lon="-7.51531">
        <ele>577.39</ele>
      </trkpt>
      <trkpt lat="40.25386" lon="-7.51542">
        <ele>577.38</ele>
      </trkpt>
      <trkpt lat="40.25398" lon="-7.51543">
        <ele>577.73</ele>
      </trkpt>
      <trkpt lat="40.25409" lon="-7.5154">
        <ele>577.86</ele>
      </trkpt>
      <trkpt lat="40.25417" lon="-7.51533">
        <ele>577.57</ele>
      </trkpt>
      <trkpt lat="40.25423" lon="-7.51523">
        <ele>575.88</ele>
      </trkpt>
      <trkpt lat="40.25433" lon="-7.51486">
        <ele>568.21</ele>
      </trkpt>
      <trkpt lat="40.25437" lon="-7.51476">
        <ele>566.58</ele>
      </trkpt>
      <trkpt lat="40.25442" lon="-7.51469">
        <ele>565.78</ele>
      </trkpt>
      <trkpt lat="40.25448" lon="-7.51463">
        <ele>565.83</ele>
      </trkpt>
      <trkpt lat="40.25457" lon="-7.51457">
        <ele>567.23</ele>
      </trkpt>
      <trkpt lat="40.25499" lon="-7.51441">
        <ele>577.54</ele>
      </trkpt>
      <trkpt lat="40.25511" lon="-7.51433">
        <ele>578.79</ele>
      </trkpt>
      <trkpt lat="40.25524" lon="-7.5142">
        <ele>579.51</ele>
      </trkpt>
      <trkpt lat="40.25573" lon="-7.51355">
        <ele>582.56</ele>
      </trkpt>
      <trkpt lat="40.25584" lon="-7.51345">
        <ele>583.4</ele>
      </trkpt>
      <trkpt lat="40.25599" lon="-7.51334">
        <ele>584.92</ele>
      </trkpt>
      <trkpt lat="40.25658" lon="-7.51304">
        <ele>583.39</ele>
      </trkpt>
      <trkpt lat="40.25667" lon="-7.513">
        <ele>583.28</ele>
      </trkpt>
      <trkpt lat="40.25678" lon="-7.51297">
        <ele>585.59</ele>
      </trkpt>
      <trkpt lat="40.25699" lon="-7.51295">
        <ele>589.78</ele>
      </trkpt>
      <trkpt lat="40.25794" lon="-7.51293">
        <ele>591.26</ele>
      </trkpt>
      <trkpt lat="40.25809" lon="-7.5129">
        <ele>593.64</ele>
      </trkpt>
      <trkpt lat="40.25822" lon="-7.51286">
        <ele>594.49</ele>
      </trkpt>
      <trkpt lat="40.25871" lon="-7.51264">
        <ele>594.02</ele>
      </trkpt>
      <trkpt lat="40.25888" lon="-7.51258">
        <ele>592.73</ele>
      </trkpt>
      <trkpt lat="40.25907" lon="-7.51254">
        <ele>591.02</ele>
      </trkpt>
      <trkpt lat="40.25934" lon="-7.51252">
        <ele>590.73</ele>
      </trkpt>
      <trkpt lat="40.2595" lon="-7.51253">
        <ele>590.24</ele>
      </trkpt>
      <trkpt lat="40.25956" lon="-7.51256">
        <ele>589.52</ele>
      </trkpt>
      <trkpt lat="40.25964" lon="-7.51264">
        <ele>588.89</ele>
      </trkpt>
      <trkpt lat="40.25986" lon="-7.51299">
        <ele>590.91</ele>
      </trkpt>
      <trkpt lat="40.25993" lon="-7.51305">
        <ele>591.69</ele>
      </trkpt>
      <trkpt lat="40.26004" lon="-7.51311">
        <ele>592.76</ele>
      </trkpt>
      <trkpt lat="40.2602" lon="-7.51314">
        <ele>593.85</ele>
      </trkpt>
      <trkpt lat="40.26071" lon="-7.51318">
        <ele>597.07</ele>
      </trkpt>
      <trkpt lat="40.26088" lon="-7.51314">
        <ele>596.53</ele>
      </trkpt>
      <trkpt lat="40.261" lon="-7.51307">
        <ele>597.14</ele>
      </trkpt>
      <trkpt lat="40.2611" lon="-7.51296">
        <ele>596.98</ele>
      </trkpt>
      <trkpt lat="40.26115" lon="-7.51287">
        <ele>595.31</ele>
      </trkpt>
      <trkpt lat="40.26136" lon="-7.5125">
        <ele>590.27</ele>
      </trkpt>
      <trkpt lat="40.26152" lon="-7.51235">
        <ele>591.2</ele>
      </trkpt>
      <trkpt lat="40.26314" lon="-7.51147">
        <ele>594.17</ele>
      </trkpt>
      <trkpt lat="40.26327" lon="-7.51138">
        <ele>594.3</ele>
      </trkpt>
      <trkpt lat="40.26337" lon="-7.51126">
        <ele>595.48</ele>
      </trkpt>
      <trkpt lat="40.2638" lon="-7.51074">
        <ele>592.92</ele>
      </trkpt>
      <trkpt lat="40.26397" lon="-7.51059">
        <ele>592.08</ele>
      </trkpt>
      <trkpt lat="40.26411" lon="-7.51049">
        <ele>589.93</ele>
      </trkpt>
      <trkpt lat="40.26426" lon="-7.51043">
        <ele>588.04</ele>
      </trkpt>
      <trkpt lat="40.26482" lon="-7.51025">
        <ele>584.44</ele>
      </trkpt>
      <trkpt lat="40.26497" lon="-7.51025">
        <ele>582.82</ele>
      </trkpt>
      <trkpt lat="40.2651" lon="-7.51027">
        <ele>581.42</ele>
      </trkpt>
      <trkpt lat="40.26526" lon="-7.51034">
        <ele>579.96</ele>
      </trkpt>
      <trkpt lat="40.26539" lon="-7.51046">
        <ele>580.56</ele>
      </trkpt>
      <trkpt lat="40.26559" lon="-7.51079">
        <ele>581.66</ele>
      </trkpt>
      <trkpt lat="40.26573" lon="-7.511">
        <ele>583.33</ele>
      </trkpt>
      <trkpt lat="40.26593" lon="-7.51106">
        <ele>586.29</ele>
      </trkpt>
      <trkpt lat="40.26609" lon="-7.51098">
        <ele>588.22</ele>
      </trkpt>
      <trkpt lat="40.2662" lon="-7.51084">
        <ele>588.36</ele>
      </trkpt>
      <trkpt lat="40.26655" lon="-7.51023">
        <ele>585.27</ele>
      </trkpt>
      <trkpt lat="40.26667" lon="-7.51012">
        <ele>586.26</ele>
      </trkpt>
      <trkpt lat="40.26683" lon="-7.51004">
        <ele>589.93</ele>
      </trkpt>
      <trkpt lat="40.26738" lon="-7.50994">
        <ele>592.78</ele>
      </trkpt>
      <trkpt lat="40.26761" lon="-7.50989">
        <ele>591.74</ele>
      </trkpt>
      <trkpt lat="40.26789" lon="-7.50972">
        <ele>591.6</ele>
      </trkpt>
      <trkpt lat="40.26801" lon="-7.50958">
        <ele>592.62</ele>
      </trkpt>
      <trkpt lat="40.26845" lon="-7.5087">
        <ele>597.31</ele>
      </trkpt>
      <trkpt lat="40.2686" lon="-7.50849">
        <ele>599.94</ele>
      </trkpt>
      <trkpt lat="40.26881" lon="-7.50832">
        <ele>597.09</ele>
      </trkpt>
      <trkpt lat="40.26903" lon="-7.50824">
        <ele>596.16</ele>
      </trkpt>
      <trkpt lat="40.26982" lon="-7.50815">
        <ele>604.18</ele>
      </trkpt>
      <trkpt lat="40.26989" lon="-7.50811">
        <ele>605.7</ele>
      </trkpt>
      <trkpt lat="40.26994" lon="-7.50806">
        <ele>606.88</ele>
      </trkpt>
      <trkpt lat="40.27003" lon="-7.50791">
        <ele>606.86</ele>
      </trkpt>
      <trkpt lat="40.27031" lon="-7.50726">
        <ele>609.35</ele>
      </trkpt>
      <trkpt lat="40.2704" lon="-7.50711">
        <ele>608.75</ele>
      </trkpt>
      <trkpt lat="40.27055" lon="-7.5069">
        <ele>606.31</ele>
      </trkpt>
      <trkpt lat="40.27093" lon="-7.50646">
        <ele>606.61</ele>
      </trkpt>
      <trkpt lat="40.27113" lon="-7.50629">
        <ele>609.35</ele>
      </trkpt>
      <trkpt lat="40.27147" lon="-7.50608">
        <ele>609.18</ele>
      </trkpt>
      <trkpt lat="40.27232" lon="-7.50558">
        <ele>613.41</ele>
      </trkpt>
      <trkpt lat="40.27249" lon="-7.50542">
        <ele>616.18</ele>
      </trkpt>
      <trkpt lat="40.27263" lon="-7.50526">
        <ele>616.95</ele>
      </trkpt>
      <trkpt lat="40.27288" lon="-7.50488">
        <ele>617.35</ele>
      </trkpt>
      <trkpt lat="40.273" lon="-7.50467">
        <ele>616.5</ele>
      </trkpt>
      <trkpt lat="40.2731" lon="-7.50452">
        <ele>615.93</ele>
      </trkpt>
      <trkpt lat="40.27322" lon="-7.50434">
        <ele>614.27</ele>
      </trkpt>
      <trkpt lat="40.27332" lon="-7.50422">
        <ele>613.62</ele>
      </trkpt>
      <trkpt lat="40.27385" lon="-7.5037">
        <ele>610.16</ele>
      </trkpt>
      <trkpt lat="40.274" lon="-7.50359">
        <ele>610.88</ele>
      </trkpt>
      <trkpt lat="40.27409" lon="-7.50356">
        <ele>610.06</ele>
      </trkpt>
      <trkpt lat="40.27416" lon="-7.50356">
        <ele>609.98</ele>
      </trkpt>
      <trkpt lat="40.27424" lon="-7.5036">
        <ele>607.16</ele>
      </trkpt>
      <trkpt lat="40.2743" lon="-7.50365">
        <ele>604.09</ele>
      </trkpt>
      <trkpt lat="40.27437" lon="-7.50374">
        <ele>601.56</ele>
      </trkpt>
      <trkpt lat="40.27493" lon="-7.5046">
        <ele>610.82</ele>
      </trkpt>
      <trkpt lat="40.27507" lon="-7.50487">
        <ele>614.18</ele>
      </trkpt>
      <trkpt lat="40.27517" lon="-7.50507">
        <ele>616.4</ele>
      </trkpt>
      <trkpt lat="40.27527" lon="-7.50508">
        <ele>616.18</ele>
      </trkpt>
      <trkpt lat="40.27535" lon="-7.50507">
        <ele>615.49</ele>
      </trkpt>
      <trkpt lat="40.27542" lon="-7.50502">
        <ele>614.63</ele>
      </trkpt>
      <trkpt lat="40.27548" lon="-7.50499">
        <ele>614.26</ele>
      </trkpt>
      <trkpt lat="40.27551" lon="-7.50502">
        <ele>614.21</ele>
      </trkpt>
      <trkpt lat="40.27554" lon="-7.50502">
        <ele>614.07</ele>
      </trkpt>
      <trkpt lat="40.27558" lon="-7.50505">
        <ele>613.51</ele>
      </trkpt>
      <trkpt lat="40.27576" lon="-7.50523">
        <ele>608.49</ele>
      </trkpt>
      <trkpt lat="40.27582" lon="-7.50531">
        <ele>606.49</ele>
      </trkpt>
      <trkpt lat="40.27596" lon="-7.50558">
        <ele>606.23</ele>
      </trkpt>
      <trkpt lat="40.27626" lon="-7.50637">
        <ele>609.59</ele>
      </trkpt>
      <trkpt lat="40.27634" lon="-7.50661">
        <ele>612.82</ele>
      </trkpt>
      <trkpt lat="40.27636" lon="-7.50677">
        <ele>615.38</ele>
      </trkpt>
      <trkpt lat="40.27636" lon="-7.50694">
        <ele>618.44</ele>
      </trkpt>
      <trkpt lat="40.27632" lon="-7.50715">
        <ele>621.09</ele>
      </trkpt>
      <trkpt lat="40.27629" lon="-7.50736">
        <ele>622.53</ele>
      </trkpt>
      <trkpt lat="40.2763" lon="-7.50767">
        <ele>622.59</ele>
      </trkpt>
      <trkpt lat="40.27634" lon="-7.50825">
        <ele>627.5</ele>
      </trkpt>
      <trkpt lat="40.27638" lon="-7.5085">
        <ele>632.8</ele>
      </trkpt>
      <trkpt lat="40.27646" lon="-7.50872">
        <ele>633.25</ele>
      </trkpt>
      <trkpt lat="40.27676" lon="-7.50928">
        <ele>623.61</ele>
      </trkpt>
      <trkpt lat="40.27687" lon="-7.50954">
        <ele>627.27</ele>
      </trkpt>
      <trkpt lat="40.27696" lon="-7.50982">
        <ele>633.07</ele>
      </trkpt>
      <trkpt lat="40.27704" lon="-7.51015">
        <ele>639.95</ele>
      </trkpt>
      <trkpt lat="40.2772" lon="-7.51041">
        <ele>642.84</ele>
      </trkpt>
      <trkpt lat="40.27736" lon="-7.51039">
        <ele>642.5</ele>
      </trkpt>
      <trkpt lat="40.27742" lon="-7.51035">
        <ele>642.29</ele>
      </trkpt>
      <trkpt lat="40.27749" lon="-7.51028">
        <ele>642.04</ele>
      </trkpt>
      <trkpt lat="40.27775" lon="-7.50972">
        <ele>640.58</ele>
      </trkpt>
      <trkpt lat="40.2778" lon="-7.50963">
        <ele>640.2</ele>
      </trkpt>
      <trkpt lat="40.27785" lon="-7.50947">
        <ele>638.9</ele>
      </trkpt>
      <trkpt lat="40.27789" lon="-7.50922">
        <ele>636.67</ele>
      </trkpt>
      <trkpt lat="40.27792" lon="-7.50792">
        <ele>632.8</ele>
      </trkpt>
      <trkpt lat="40.27796" lon="-7.50725">
        <ele>632.66</ele>
      </trkpt>
      <trkpt lat="40.27797" lon="-7.50679">
        <ele>634.02</ele>
      </trkpt>
      <trkpt lat="40.27804" lon="-7.50649">
        <ele>637.56</ele>
      </trkpt>
      <trkpt lat="40.27829" lon="-7.50597">
        <ele>648.94</ele>
      </trkpt>
      <trkpt lat="40.27832" lon="-7.50585">
        <ele>648.62</ele>
      </trkpt>
      <trkpt lat="40.27834" lon="-7.50575">
        <ele>647.92</ele>
      </trkpt>
      <trkpt lat="40.27834" lon="-7.50553">
        <ele>644.22</ele>
      </trkpt>
      <trkpt lat="40.27832" lon="-7.50525">
        <ele>641.71</ele>
      </trkpt>
      <trkpt lat="40.2783" lon="-7.50513">
        <ele>642.03</ele>
      </trkpt>
      <trkpt lat="40.27823" lon="-7.50481">
        <ele>642.37</ele>
      </trkpt>
      <trkpt lat="40.27822" lon="-7.50464">
        <ele>643.73</ele>
      </trkpt>
      <trkpt lat="40.27823" lon="-7.50437">
        <ele>648.13</ele>
      </trkpt>
      <trkpt lat="40.27825" lon="-7.50423">
        <ele>652.25</ele>
      </trkpt>
      <trkpt lat="40.27833" lon="-7.50385">
        <ele>658.53</ele>
      </trkpt>
      <trkpt lat="40.27846" lon="-7.50337">
        <ele>659.74</ele>
      </trkpt>
      <trkpt lat="40.27848" lon="-7.50335">
        <ele>660.17</ele>
      </trkpt>
      <trkpt lat="40.27855" lon="-7.50317">
        <ele>659.13</ele>
      </trkpt>
      <trkpt lat="40.27859" lon="-7.5031">
        <ele>658.54</ele>
      </trkpt>
      <trkpt lat="40.27863" lon="-7.50305">
        <ele>658.48</ele>
      </trkpt>
      <trkpt lat="40.27871" lon="-7.50299">
        <ele>658.95</ele>
      </trkpt>
      <trkpt lat="40.27911" lon="-7.50272">
        <ele>650.46</ele>
      </trkpt>
      <trkpt lat="40.27917" lon="-7.50273">
        <ele>650.96</ele>
      </trkpt>
      <trkpt lat="40.27924" lon="-7.50275">
        <ele>651.22</ele>
      </trkpt>
      <trkpt lat="40.2793" lon="-7.50279">
        <ele>652.05</ele>
      </trkpt>
      <trkpt lat="40.27932" lon="-7.50283">
        <ele>653.72</ele>
      </trkpt>
      <trkpt lat="40.27939" lon="-7.50289">
        <ele>656.29</ele>
      </trkpt>
      <trkpt lat="40.27942" lon="-7.50297">
        <ele>659.96</ele>
      </trkpt>
      <trkpt lat="40.2795" lon="-7.50299">
        <ele>663.82</ele>
      </trkpt>
      <trkpt lat="40.27955" lon="-7.50299">
        <ele>666.41</ele>
      </trkpt>
      <trkpt lat="40.27963" lon="-7.50296">
        <ele>669.59</ele>
      </trkpt>
      <trkpt lat="40.27998" lon="-7.50279">
        <ele>675.03</ele>
      </trkpt>
      <trkpt lat="40.28043" lon="-7.5026">
        <ele>680.18</ele>
      </trkpt>
      <trkpt lat="40.28053" lon="-7.50259">
        <ele>682.02</ele>
      </trkpt>
      <trkpt lat="40.28062" lon="-7.50261">
        <ele>682.99</ele>
      </trkpt>
      <trkpt lat="40.28062" lon="-7.50261">
        <ele>682.99</ele>
      </trkpt>
      <trkpt lat="40.28062" lon="-7.50261">
        <ele>682.99</ele>
      </trkpt>
      <trkpt lat="40.28071" lon="-7.5027">
        <ele>684.43</ele>
      </trkpt>
      <trkpt lat="40.28077" lon="-7.50281">
        <ele>684.63</ele>
      </trkpt>
      <trkpt lat="40.28083" lon="-7.50296">
        <ele>683.72</ele>
      </trkpt>
      <trkpt lat="40.28085" lon="-7.50305">
        <ele>684.03</ele>
      </trkpt>
      <trkpt lat="40.28086" lon="-7.50325">
        <ele>685.56</ele>
      </trkpt>
      <trkpt lat="40.28084" lon="-7.50344">
        <ele>686.43</ele>
      </trkpt>
      <trkpt lat="40.28069" lon="-7.50406">
        <ele>686.46</ele>
      </trkpt>
      <trkpt lat="40.28067" lon="-7.50422">
        <ele>686.4</ele>
      </trkpt>
      <trkpt lat="40.28067" lon="-7.50431">
        <ele>684.8</ele>
      </trkpt>
      <trkpt lat="40.28067" lon="-7.50434">
        <ele>684.27</ele>
      </trkpt>
      <trkpt lat="40.28079" lon="-7.50441">
        <ele>683.19</ele>
      </trkpt>
      <trkpt lat="40.28092" lon="-7.50439">
        <ele>686.52</ele>
      </trkpt>
      <trkpt lat="40.28124" lon="-7.50427">
        <ele>695.54</ele>
      </trkpt>
      <trkpt lat="40.28142" lon="-7.50418">
        <ele>697.98</ele>
      </trkpt>
      <trkpt lat="40.28163" lon="-7.50413">
        <ele>695.49</ele>
      </trkpt>
      <trkpt lat="40.28169" lon="-7.50412">
        <ele>694.84</ele>
      </trkpt>
      <trkpt lat="40.28174" lon="-7.50412">
        <ele>694.51</ele>
      </trkpt>
      <trkpt lat="40.28179" lon="-7.50415">
        <ele>694.78</ele>
      </trkpt>
      <trkpt lat="40.28183" lon="-7.50419">
        <ele>695.31</ele>
      </trkpt>
      <trkpt lat="40.28186" lon="-7.50427">
        <ele>696.69</ele>
      </trkpt>
      <trkpt lat="40.28189" lon="-7.50436">
        <ele>698.14</ele>
      </trkpt>
      <trkpt lat="40.28195" lon="-7.50479">
        <ele>701.71</ele>
      </trkpt>
      <trkpt lat="40.28194" lon="-7.50498">
        <ele>703.88</ele>
      </trkpt>
      <trkpt lat="40.28178" lon="-7.50612">
        <ele>705.55</ele>
      </trkpt>
      <trkpt lat="40.28178" lon="-7.50628">
        <ele>705.44</ele>
      </trkpt>
      <trkpt lat="40.2818" lon="-7.50642">
        <ele>705.42</ele>
      </trkpt>
      <trkpt lat="40.28217" lon="-7.50771">
        <ele>723.01</ele>
      </trkpt>
      <trkpt lat="40.2822" lon="-7.50777">
        <ele>723.94</ele>
      </trkpt>
      <trkpt lat="40.28226" lon="-7.50782">
        <ele>723.72</ele>
      </trkpt>
      <trkpt lat="40.28232" lon="-7.50784">
        <ele>722.88</ele>
      </trkpt>
      <trkpt lat="40.28256" lon="-7.50783">
        <ele>720.43</ele>
      </trkpt>
      <trkpt lat="40.28265" lon="-7.50784">
        <ele>721.08</ele>
      </trkpt>
      <trkpt lat="40.28275" lon="-7.50791">
        <ele>721.8</ele>
      </trkpt>
      <trkpt lat="40.28283" lon="-7.50804">
        <ele>722.73</ele>
      </trkpt>
      <trkpt lat="40.28285" lon="-7.50819">
        <ele>724.98</ele>
      </trkpt>
      <trkpt lat="40.28283" lon="-7.50833">
        <ele>726.7</ele>
      </trkpt>
      <trkpt lat="40.28276" lon="-7.50846">
        <ele>729.4</ele>
      </trkpt>
      <trkpt lat="40.28264" lon="-7.50854">
        <ele>729.48</ele>
      </trkpt>
      <trkpt lat="40.28246" lon="-7.50858">
        <ele>728.46</ele>
      </trkpt>
      <trkpt lat="40.28135" lon="-7.50873">
        <ele>739.16</ele>
      </trkpt>
      <trkpt lat="40.28126" lon="-7.50876">
        <ele>739.33</ele>
      </trkpt>
      <trkpt lat="40.28119" lon="-7.50879">
        <ele>739.51</ele>
      </trkpt>
      <trkpt lat="40.28112" lon="-7.50885">
        <ele>740.25</ele>
      </trkpt>
      <trkpt lat="40.28107" lon="-7.50892">
        <ele>740.41</ele>
      </trkpt>
      <trkpt lat="40.28101" lon="-7.50902">
        <ele>739.89</ele>
      </trkpt>
      <trkpt lat="40.28094" lon="-7.50923">
        <ele>740.12</ele>
      </trkpt>
      <trkpt lat="40.28093" lon="-7.50932">
        <ele>741.35</ele>
      </trkpt>
      <trkpt lat="40.28094" lon="-7.5094">
        <ele>742.95</ele>
      </trkpt>
      <trkpt lat="40.28097" lon="-7.50951">
        <ele>744.92</ele>
      </trkpt>
      <trkpt lat="40.28113" lon="-7.50976">
        <ele>749.83</ele>
      </trkpt>
      <trkpt lat="40.28118" lon="-7.5099">
        <ele>752.87</ele>
      </trkpt>
      <trkpt lat="40.2812" lon="-7.50998">
        <ele>754.59</ele>
      </trkpt>
      <trkpt lat="40.2812" lon="-7.51006">
        <ele>755.99</ele>
      </trkpt>
      <trkpt lat="40.28119" lon="-7.51016">
        <ele>757.5</ele>
      </trkpt>
      <trkpt lat="40.28117" lon="-7.51025">
        <ele>758.44</ele>
      </trkpt>
      <trkpt lat="40.28097" lon="-7.51073">
        <ele>758.8</ele>
      </trkpt>
      <trkpt lat="40.28094" lon="-7.51088">
        <ele>758.44</ele>
      </trkpt>
      <trkpt lat="40.28094" lon="-7.51106">
        <ele>757.79</ele>
      </trkpt>
      <trkpt lat="40.28096" lon="-7.51119">
        <ele>759.01</ele>
      </trkpt>
      <trkpt lat="40.28101" lon="-7.51146">
        <ele>761.95</ele>
      </trkpt>
      <trkpt lat="40.281" lon="-7.51176">
        <ele>764.53</ele>
      </trkpt>
      <trkpt lat="40.28101" lon="-7.51189">
        <ele>764.78</ele>
      </trkpt>
      <trkpt lat="40.28103" lon="-7.51197">
        <ele>765.53</ele>
      </trkpt>
      <trkpt lat="40.28115" lon="-7.51227">
        <ele>772.25</ele>
      </trkpt>
      <trkpt lat="40.28117" lon="-7.51237">
        <ele>774.11</ele>
      </trkpt>
      <trkpt lat="40.28117" lon="-7.51247">
        <ele>775.17</ele>
      </trkpt>
      <trkpt lat="40.28117" lon="-7.51255">
        <ele>775.87</ele>
      </trkpt>
      <trkpt lat="40.28115" lon="-7.51264">
        <ele>776.21</ele>
      </trkpt>
      <trkpt lat="40.28109" lon="-7.5128">
        <ele>775.92</ele>
      </trkpt>
      <trkpt lat="40.28107" lon="-7.51288">
        <ele>774.6</ele>
      </trkpt>
      <trkpt lat="40.28105" lon="-7.51304">
        <ele>772.78</ele>
      </trkpt>
      <trkpt lat="40.28107" lon="-7.51318">
        <ele>771.09</ele>
      </trkpt>
      <trkpt lat="40.28131" lon="-7.51459">
        <ele>776.78</ele>
      </trkpt>
      <trkpt lat="40.28132" lon="-7.51488">
        <ele>778.33</ele>
      </trkpt>
      <trkpt lat="40.28128" lon="-7.51525">
        <ele>781.29</ele>
      </trkpt>
      <trkpt lat="40.28127" lon="-7.5154">
        <ele>782.44</ele>
      </trkpt>
      <trkpt lat="40.28127" lon="-7.5155">
        <ele>783.26</ele>
      </trkpt>
      <trkpt lat="40.28129" lon="-7.51574">
        <ele>783.74</ele>
      </trkpt>
      <trkpt lat="40.28133" lon="-7.516">
        <ele>783.53</ele>
      </trkpt>
      <trkpt lat="40.28136" lon="-7.5162">
        <ele>784.04</ele>
      </trkpt>
      <trkpt lat="40.28136" lon="-7.51634">
        <ele>784.6</ele>
      </trkpt>
      <trkpt lat="40.28135" lon="-7.51645">
        <ele>785.79</ele>
      </trkpt>
      <trkpt lat="40.28133" lon="-7.51662">
        <ele>788.56</ele>
      </trkpt>
      <trkpt lat="40.28126" lon="-7.51694">
        <ele>792.54</ele>
      </trkpt>
      <trkpt lat="40.28122" lon="-7.51709">
        <ele>794.68</ele>
      </trkpt>
      <trkpt lat="40.28109" lon="-7.51741">
        <ele>796.9</ele>
      </trkpt>
      <trkpt lat="40.28105" lon="-7.51763">
        <ele>800.64</ele>
      </trkpt>
      <trkpt lat="40.28103" lon="-7.51786">
        <ele>805.06</ele>
      </trkpt>
      <trkpt lat="40.28104" lon="-7.51797">
        <ele>807.34</ele>
      </trkpt>
      <trkpt lat="40.2811" lon="-7.51831">
        <ele>813.46</ele>
      </trkpt>
      <trkpt lat="40.2811" lon="-7.51839">
        <ele>814.54</ele>
      </trkpt>
      <trkpt lat="40.28109" lon="-7.51846">
        <ele>815.29</ele>
      </trkpt>
      <trkpt lat="40.28107" lon="-7.51854">
        <ele>815.94</ele>
      </trkpt>
      <trkpt lat="40.28096" lon="-7.51881">
        <ele>817.12</ele>
      </trkpt>
      <trkpt lat="40.28092" lon="-7.51901">
        <ele>818.3</ele>
      </trkpt>
      <trkpt lat="40.28088" lon="-7.51963">
        <ele>819.23</ele>
      </trkpt>
      <trkpt lat="40.28089" lon="-7.5198">
        <ele>819.24</ele>
      </trkpt>
      <trkpt lat="40.28092" lon="-7.51993">
        <ele>820.43</ele>
      </trkpt>
      <trkpt lat="40.28116" lon="-7.52095">
        <ele>833.14</ele>
      </trkpt>
      <trkpt lat="40.28117" lon="-7.52104">
        <ele>834.47</ele>
      </trkpt>
      <trkpt lat="40.28118" lon="-7.52116">
        <ele>835.97</ele>
      </trkpt>
      <trkpt lat="40.28116" lon="-7.522">
        <ele>837.25</ele>
      </trkpt>
      <trkpt lat="40.28115" lon="-7.52228">
        <ele>841.0</ele>
      </trkpt>
      <trkpt lat="40.28117" lon="-7.52248">
        <ele>846.83</ele>
      </trkpt>
      <trkpt lat="40.28119" lon="-7.52264">
        <ele>848.34</ele>
      </trkpt>
      <trkpt lat="40.28122" lon="-7.52276">
        <ele>849.51</ele>
      </trkpt>
      <trkpt lat="40.28138" lon="-7.52329">
        <ele>858.27</ele>
      </trkpt>
      <trkpt lat="40.28139" lon="-7.52341">
        <ele>860.13</ele>
      </trkpt>
      <trkpt lat="40.28138" lon="-7.52347">
        <ele>860.63</ele>
      </trkpt>
      <trkpt lat="40.28132" lon="-7.52359">
        <ele>860.62</ele>
      </trkpt>
      <trkpt lat="40.28126" lon="-7.52364">
        <ele>860.11</ele>
      </trkpt>
      <trkpt lat="40.281" lon="-7.52383">
        <ele>860.94</ele>
      </trkpt>
      <trkpt lat="40.28093" lon="-7.52389">
        <ele>862.42</ele>
      </trkpt>
      <trkpt lat="40.28089" lon="-7.52395">
        <ele>863.18</ele>
      </trkpt>
      <trkpt lat="40.28084" lon="-7.52403">
        <ele>864.16</ele>
      </trkpt>
      <trkpt lat="40.28077" lon="-7.52422">
        <ele>865.95</ele>
      </trkpt>
      <trkpt lat="40.28075" lon="-7.5243">
        <ele>865.79</ele>
      </trkpt>
      <trkpt lat="40.28075" lon="-7.52437">
        <ele>865.94</ele>
      </trkpt>
      <trkpt lat="40.28076" lon="-7.52446">
        <ele>866.01</ele>
      </trkpt>
      <trkpt lat="40.28079" lon="-7.52454">
        <ele>865.39</ele>
      </trkpt>
      <trkpt lat="40.28093" lon="-7.52481">
        <ele>864.16</ele>
      </trkpt>
      <trkpt lat="40.28118" lon="-7.52526">
        <ele>861.1</ele>
      </trkpt>
      <trkpt lat="40.28125" lon="-7.52534">
        <ele>861.16</ele>
      </trkpt>
      <trkpt lat="40.28131" lon="-7.52539">
        <ele>861.41</ele>
      </trkpt>
      <trkpt lat="40.28138" lon="-7.52544">
        <ele>861.73</ele>
      </trkpt>
      <trkpt lat="40.28152" lon="-7.52547">
        <ele>865.99</ele>
      </trkpt>
      <trkpt lat="40.28175" lon="-7.52546">
        <ele>875.07</ele>
      </trkpt>
      <trkpt lat="40.28194" lon="-7.52544">
        <ele>883.16</ele>
      </trkpt>
      <trkpt lat="40.28204" lon="-7.52541">
        <ele>885.42</ele>
      </trkpt>
      <trkpt lat="40.28212" lon="-7.52535">
        <ele>888.59</ele>
      </trkpt>
      <trkpt lat="40.28221" lon="-7.52527">
        <ele>892.81</ele>
      </trkpt>
      <trkpt lat="40.28236" lon="-7.52504">
        <ele>896.12</ele>
      </trkpt>
      <trkpt lat="40.28243" lon="-7.52483">
        <ele>899.42</ele>
      </trkpt>
      <trkpt lat="40.28244" lon="-7.52467">
        <ele>900.66</ele>
      </trkpt>
      <trkpt lat="40.28239" lon="-7.52319">
        <ele>890.21</ele>
      </trkpt>
      <trkpt lat="40.28236" lon="-7.52274">
        <ele>888.53</ele>
      </trkpt>
      <trkpt lat="40.28231" lon="-7.5224">
        <ele>888.12</ele>
      </trkpt>
      <trkpt lat="40.28229" lon="-7.52219">
        <ele>888.32</ele>
      </trkpt>
      <trkpt lat="40.28229" lon="-7.5221">
        <ele>888.0</ele>
      </trkpt>
      <trkpt lat="40.2823" lon="-7.52201">
        <ele>888.04</ele>
      </trkpt>
      <trkpt lat="40.28233" lon="-7.52189">
        <ele>888.73</ele>
      </trkpt>
      <trkpt lat="40.28266" lon="-7.52097">
        <ele>894.62</ele>
      </trkpt>
      <trkpt lat="40.28274" lon="-7.5208">
        <ele>892.22</ele>
      </trkpt>
      <trkpt lat="40.28282" lon="-7.52068">
        <ele>891.4</ele>
      </trkpt>
      <trkpt lat="40.28289" lon="-7.52061">
        <ele>890.42</ele>
      </trkpt>
      <trkpt lat="40.28305" lon="-7.5205">
        <ele>888.8</ele>
      </trkpt>
      <trkpt lat="40.2831" lon="-7.52048">
        <ele>889.56</ele>
      </trkpt>
      <trkpt lat="40.28324" lon="-7.52046">
        <ele>891.95</ele>
      </trkpt>
      <trkpt lat="40.28367" lon="-7.52048">
        <ele>900.82</ele>
      </trkpt>
      <trkpt lat="40.28382" lon="-7.52045">
        <ele>902.77</ele>
      </trkpt>
      <trkpt lat="40.28512" lon="-7.52015">
        <ele>912.04</ele>
      </trkpt>
      <trkpt lat="40.28518" lon="-7.52015">
        <ele>911.94</ele>
      </trkpt>
      <trkpt lat="40.28523" lon="-7.52017">
        <ele>912.35</ele>
      </trkpt>
      <trkpt lat="40.28526" lon="-7.5202">
        <ele>913.06</ele>
      </trkpt>
      <trkpt lat="40.2853" lon="-7.52025">
        <ele>914.39</ele>
      </trkpt>
      <trkpt lat="40.28532" lon="-7.52031">
        <ele>915.96</ele>
      </trkpt>
      <trkpt lat="40.28533" lon="-7.52038">
        <ele>917.76</ele>
      </trkpt>
      <trkpt lat="40.2853" lon="-7.52049">
        <ele>920.43</ele>
      </trkpt>
      <trkpt lat="40.28527" lon="-7.52055">
        <ele>921.78</ele>
      </trkpt>
      <trkpt lat="40.28521" lon="-7.52062">
        <ele>923.13</ele>
      </trkpt>
      <trkpt lat="40.28485" lon="-7.52098">
        <ele>926.06</ele>
      </trkpt>
      <trkpt lat="40.28475" lon="-7.5211">
        <ele>928.08</ele>
      </trkpt>
      <trkpt lat="40.28465" lon="-7.52122">
        <ele>932.42</ele>
      </trkpt>
      <trkpt lat="40.28432" lon="-7.52172">
        <ele>941.21</ele>
      </trkpt>
      <trkpt lat="40.28426" lon="-7.5218">
        <ele>940.63</ele>
      </trkpt>
      <trkpt lat="40.28416" lon="-7.52188">
        <ele>940.08</ele>
      </trkpt>
      <trkpt lat="40.28408" lon="-7.52191">
        <ele>940.58</ele>
      </trkpt>
      <trkpt lat="40.28387" lon="-7.52197">
        <ele>940.41</ele>
      </trkpt>
      <trkpt lat="40.28381" lon="-7.52201">
        <ele>938.89</ele>
      </trkpt>
      <trkpt lat="40.28377" lon="-7.52205">
        <ele>937.83</ele>
      </trkpt>
      <trkpt lat="40.28375" lon="-7.5221">
        <ele>937.16</ele>
      </trkpt>
      <trkpt lat="40.28372" lon="-7.52217">
        <ele>936.22</ele>
      </trkpt>
      <trkpt lat="40.28372" lon="-7.52229">
        <ele>936.54</ele>
      </trkpt>
      <trkpt lat="40.28373" lon="-7.52236">
        <ele>937.34</ele>
      </trkpt>
      <trkpt lat="40.28376" lon="-7.52242">
        <ele>938.49</ele>
      </trkpt>
      <trkpt lat="40.28381" lon="-7.52248">
        <ele>940.1</ele>
      </trkpt>
      <trkpt lat="40.28387" lon="-7.52252">
        <ele>941.96</ele>
      </trkpt>
      <trkpt lat="40.28395" lon="-7.52253">
        <ele>943.62</ele>
      </trkpt>
      <trkpt lat="40.28412" lon="-7.52249">
        <ele>946.02</ele>
      </trkpt>
      <trkpt lat="40.28418" lon="-7.52248">
        <ele>947.05</ele>
      </trkpt>
      <trkpt lat="40.28423" lon="-7.52248">
        <ele>948.32</ele>
      </trkpt>
      <trkpt lat="40.28428" lon="-7.52251">
        <ele>950.06</ele>
      </trkpt>
      <trkpt lat="40.28433" lon="-7.52256">
        <ele>952.49</ele>
      </trkpt>
      <trkpt lat="40.28436" lon="-7.52261">
        <ele>954.56</ele>
      </trkpt>
      <trkpt lat="40.28438" lon="-7.52265">
        <ele>956.19</ele>
      </trkpt>
      <trkpt lat="40.28439" lon="-7.52271">
        <ele>958.08</ele>
      </trkpt>
      <trkpt lat="40.2844" lon="-7.52279">
        <ele>960.42</ele>
      </trkpt>
      <trkpt lat="40.28439" lon="-7.52286">
        <ele>961.03</ele>
      </trkpt>
      <trkpt lat="40.28419" lon="-7.52379">
        <ele>957.17</ele>
      </trkpt>
      <trkpt lat="40.28419" lon="-7.52386">
        <ele>956.94</ele>
      </trkpt>
      <trkpt lat="40.2842" lon="-7.52399">
        <ele>955.38</ele>
      </trkpt>
      <trkpt lat="40.28422" lon="-7.52405">
        <ele>955.02</ele>
      </trkpt>
      <trkpt lat="40.28425" lon="-7.52412">
        <ele>954.84</ele>
      </trkpt>
      <trkpt lat="40.28429" lon="-7.52418">
        <ele>955.21</ele>
      </trkpt>
      <trkpt lat="40.28435" lon="-7.52424">
        <ele>956.2</ele>
      </trkpt>
      <trkpt lat="40.28447" lon="-7.5243">
        <ele>958.9</ele>
      </trkpt>
      <trkpt lat="40.28488" lon="-7.5245">
        <ele>968.76</ele>
      </trkpt>
      <trkpt lat="40.28496" lon="-7.52453">
        <ele>971.76</ele>
      </trkpt>
      <trkpt lat="40.28507" lon="-7.52454">
        <ele>977.27</ele>
      </trkpt>
      <trkpt lat="40.28519" lon="-7.52451">
        <ele>984.11</ele>
      </trkpt>
      <trkpt lat="40.28552" lon="-7.52431">
        <ele>994.74</ele>
      </trkpt>
      <trkpt lat="40.28564" lon="-7.52421">
        <ele>995.67</ele>
      </trkpt>
      <trkpt lat="40.28569" lon="-7.52415">
        <ele>995.91</ele>
      </trkpt>
      <trkpt lat="40.28572" lon="-7.52409">
        <ele>995.91</ele>
      </trkpt>
      <trkpt lat="40.28575" lon="-7.524">
        <ele>995.8</ele>
      </trkpt>
      <trkpt lat="40.28582" lon="-7.52369">
        <ele>994.47</ele>
      </trkpt>
      <trkpt lat="40.28584" lon="-7.52363">
        <ele>994.11</ele>
      </trkpt>
      <trkpt lat="40.28586" lon="-7.52358">
        <ele>993.58</ele>
      </trkpt>
      <trkpt lat="40.28589" lon="-7.52353">
        <ele>992.98</ele>
      </trkpt>
      <trkpt lat="40.28594" lon="-7.52349">
        <ele>992.48</ele>
      </trkpt>
      <trkpt lat="40.28598" lon="-7.52347">
        <ele>992.22</ele>
      </trkpt>
      <trkpt lat="40.28604" lon="-7.52347">
        <ele>992.11</ele>
      </trkpt>
      <trkpt lat="40.2861" lon="-7.5235">
        <ele>992.22</ele>
      </trkpt>
      <trkpt lat="40.28614" lon="-7.52354">
        <ele>992.95</ele>
      </trkpt>
      <trkpt lat="40.28617" lon="-7.52363">
        <ele>994.18</ele>
      </trkpt>
      <trkpt lat="40.28618" lon="-7.52379">
        <ele>995.37</ele>
      </trkpt>
      <trkpt lat="40.28613" lon="-7.5258">
        <ele>1013.95</ele>
      </trkpt>
      <trkpt lat="40.28612" lon="-7.52599">
        <ele>1014.79</ele>
      </trkpt>
      <trkpt lat="40.28614" lon="-7.52621">
        <ele>1016.11</ele>
      </trkpt>
      <trkpt lat="40.28616" lon="-7.52631">
        <ele>1016.87</ele>
      </trkpt>
      <trkpt lat="40.28625" lon="-7.52664">
        <ele>1018.1</ele>
      </trkpt>
      <trkpt lat="40.28656" lon="-7.52761">
        <ele>1024.34</ele>
      </trkpt>
      <trkpt lat="40.28661" lon="-7.52771">
        <ele>1026.13</ele>
      </trkpt>
      <trkpt lat="40.28664" lon="-7.52776">
        <ele>1027.21</ele>
      </trkpt>
      <trkpt lat="40.2867" lon="-7.5278">
        <ele>1029.41</ele>
      </trkpt>
      <trkpt lat="40.28682" lon="-7.52784">
        <ele>1033.82</ele>
      </trkpt>
      <trkpt lat="40.28689" lon="-7.52784">
        <ele>1036.17</ele>
      </trkpt>
      <trkpt lat="40.28694" lon="-7.52782">
        <ele>1037.85</ele>
      </trkpt>
      <trkpt lat="40.287" lon="-7.52778">
        <ele>1039.2</ele>
      </trkpt>
      <trkpt lat="40.28706" lon="-7.52772">
        <ele>1040.83</ele>
      </trkpt>
      <trkpt lat="40.28712" lon="-7.52763">
        <ele>1042.52</ele>
      </trkpt>
      <trkpt lat="40.28766" lon="-7.52648">
        <ele>1052.77</ele>
      </trkpt>
      <trkpt lat="40.28771" lon="-7.52638">
        <ele>1050.67</ele>
      </trkpt>
      <trkpt lat="40.28775" lon="-7.52632">
        <ele>1049.95</ele>
      </trkpt>
      <trkpt lat="40.28784" lon="-7.52625">
        <ele>1049.16</ele>
      </trkpt>
      <trkpt lat="40.28796" lon="-7.52619">
        <ele>1047.87</ele>
      </trkpt>
      <trkpt lat="40.28802" lon="-7.52618">
        <ele>1047.28</ele>
      </trkpt>
      <trkpt lat="40.28808" lon="-7.52618">
        <ele>1047.04</ele>
      </trkpt>
      <trkpt lat="40.28822" lon="-7.52622">
        <ele>1048.03</ele>
      </trkpt>
      <trkpt lat="40.28831" lon="-7.52629">
        <ele>1049.76</ele>
      </trkpt>
      <trkpt lat="40.28835" lon="-7.52634">
        <ele>1051.52</ele>
      </trkpt>
      <trkpt lat="40.28842" lon="-7.52649">
        <ele>1057.44</ele>
      </trkpt>
      <trkpt lat="40.28846" lon="-7.52667">
        <ele>1062.72</ele>
      </trkpt>
      <trkpt lat="40.28845" lon="-7.52728">
        <ele>1072.92</ele>
      </trkpt>
      <trkpt lat="40.28839" lon="-7.52827">
        <ele>1072.34</ele>
      </trkpt>
      <trkpt lat="40.2884" lon="-7.5284">
        <ele>1073.36</ele>
      </trkpt>
      <trkpt lat="40.28842" lon="-7.52845">
        <ele>1074.69</ele>
      </trkpt>
      <trkpt lat="40.28846" lon="-7.52851">
        <ele>1076.92</ele>
      </trkpt>
      <trkpt lat="40.28851" lon="-7.52854">
        <ele>1079.23</ele>
      </trkpt>
      <trkpt lat="40.28856" lon="-7.52855">
        <ele>1081.32</ele>
      </trkpt>
      <trkpt lat="40.2886" lon="-7.52854">
        <ele>1082.79</ele>
      </trkpt>
      <trkpt lat="40.28866" lon="-7.52852">
        <ele>1087.36</ele>
      </trkpt>
      <trkpt lat="40.28871" lon="-7.52845">
        <ele>1090.95</ele>
      </trkpt>
      <trkpt lat="40.28877" lon="-7.52827">
        <ele>1094.14</ele>
      </trkpt>
      <trkpt lat="40.28892" lon="-7.52767">
        <ele>1092.39</ele>
      </trkpt>
      <trkpt lat="40.28895" lon="-7.52758">
        <ele>1091.83</ele>
      </trkpt>
      <trkpt lat="40.28899" lon="-7.52748">
        <ele>1091.37</ele>
      </trkpt>
      <trkpt lat="40.28903" lon="-7.5274">
        <ele>1091.63</ele>
      </trkpt>
      <trkpt lat="40.28915" lon="-7.52721">
        <ele>1092.13</ele>
      </trkpt>
      <trkpt lat="40.28931" lon="-7.52699">
        <ele>1090.38</ele>
      </trkpt>
      <trkpt lat="40.28935" lon="-7.52694">
        <ele>1090.55</ele>
      </trkpt>
      <trkpt lat="40.2894" lon="-7.5269">
        <ele>1091.64</ele>
      </trkpt>
      <trkpt lat="40.28947" lon="-7.52688">
        <ele>1093.14</ele>
      </trkpt>
      <trkpt lat="40.28953" lon="-7.52688">
        <ele>1094.38</ele>
      </trkpt>
      <trkpt lat="40.28959" lon="-7.5269">
        <ele>1096.1</ele>
      </trkpt>
      <trkpt lat="40.28967" lon="-7.52697">
        <ele>1099.27</ele>
      </trkpt>
      <trkpt lat="40.28972" lon="-7.52707">
        <ele>1101.77</ele>
      </trkpt>
      <trkpt lat="40.28974" lon="-7.52715">
        <ele>1103.1</ele>
      </trkpt>
      <trkpt lat="40.28975" lon="-7.52745">
        <ele>1109.94</ele>
      </trkpt>
      <trkpt lat="40.28981" lon="-7.52757">
        <ele>1113.33</ele>
      </trkpt>
      <trkpt lat="40.28985" lon="-7.52761">
        <ele>1114.36</ele>
      </trkpt>
      <trkpt lat="40.2899" lon="-7.52762">
        <ele>1114.63</ele>
      </trkpt>
      <trkpt lat="40.28996" lon="-7.52761">
        <ele>1114.52</ele>
      </trkpt>
      <trkpt lat="40.29001" lon="-7.52759">
        <ele>1114.25</ele>
      </trkpt>
      <trkpt lat="40.29006" lon="-7.52754">
        <ele>1113.33</ele>
      </trkpt>
      <trkpt lat="40.29009" lon="-7.52748">
        <ele>1112.31</ele>
      </trkpt>
      <trkpt lat="40.29013" lon="-7.52718">
        <ele>1107.74</ele>
      </trkpt>
      <trkpt lat="40.29014" lon="-7.52715">
        <ele>1107.48</ele>
      </trkpt>
      <trkpt lat="40.2902" lon="-7.52708">
        <ele>1107.33</ele>
      </trkpt>
      <trkpt lat="40.29025" lon="-7.52706">
        <ele>1107.7</ele>
      </trkpt>
      <trkpt lat="40.29029" lon="-7.52706">
        <ele>1108.04</ele>
      </trkpt>
      <trkpt lat="40.29034" lon="-7.52707">
        <ele>1108.04</ele>
      </trkpt>
      <trkpt lat="40.29037" lon="-7.52709">
        <ele>1108.29</ele>
      </trkpt>
      <trkpt lat="40.2904" lon="-7.52712">
        <ele>1108.72</ele>
      </trkpt>
      <trkpt lat="40.29043" lon="-7.52717">
        <ele>1109.51</ele>
      </trkpt>
      <trkpt lat="40.29053" lon="-7.52744">
        <ele>1112.3</ele>
      </trkpt>
      <trkpt lat="40.29059" lon="-7.5275">
        <ele>1114.61</ele>
      </trkpt>
      <trkpt lat="40.29063" lon="-7.52751">
        <ele>1116.73</ele>
      </trkpt>
      <trkpt lat="40.29069" lon="-7.52751">
        <ele>1119.51</ele>
      </trkpt>
      <trkpt lat="40.29074" lon="-7.5275">
        <ele>1121.63</ele>
      </trkpt>
      <trkpt lat="40.29086" lon="-7.52743">
        <ele>1125.86</ele>
      </trkpt>
      <trkpt lat="40.29094" lon="-7.52744">
        <ele>1126.97</ele>
      </trkpt>
      <trkpt lat="40.29099" lon="-7.52746">
        <ele>1127.65</ele>
      </trkpt>
      <trkpt lat="40.29104" lon="-7.5275">
        <ele>1128.23</ele>
      </trkpt>
      <trkpt lat="40.29107" lon="-7.52755">
        <ele>1129.74</ele>
      </trkpt>
      <trkpt lat="40.2911" lon="-7.52761">
        <ele>1131.6</ele>
      </trkpt>
      <trkpt lat="40.29111" lon="-7.52774">
        <ele>1135.03</ele>
      </trkpt>
      <trkpt lat="40.2911" lon="-7.52784">
        <ele>1137.12</ele>
      </trkpt>
      <trkpt lat="40.29106" lon="-7.52792">
        <ele>1138.16</ele>
      </trkpt>
      <trkpt lat="40.29101" lon="-7.52797">
        <ele>1138.47</ele>
      </trkpt>
      <trkpt lat="40.29055" lon="-7.52824">
        <ele>1134.87</ele>
      </trkpt>
      <trkpt lat="40.29046" lon="-7.52831">
        <ele>1134.98</ele>
      </trkpt>
      <trkpt lat="40.29041" lon="-7.52838">
        <ele>1135.74</ele>
      </trkpt>
      <trkpt lat="40.29037" lon="-7.52847">
        <ele>1136.79</ele>
      </trkpt>
      <trkpt lat="40.29034" lon="-7.52856">
        <ele>1137.98</ele>
      </trkpt>
      <trkpt lat="40.2903" lon="-7.52869">
        <ele>1139.5</ele>
      </trkpt>
      <trkpt lat="40.28996" lon="-7.53022">
        <ele>1146.92</ele>
      </trkpt>
      <trkpt lat="40.28986" lon="-7.53079">
        <ele>1155.77</ele>
      </trkpt>
      <trkpt lat="40.28983" lon="-7.53103">
        <ele>1157.65</ele>
      </trkpt>
      <trkpt lat="40.28979" lon="-7.5314">
        <ele>1160.29</ele>
      </trkpt>
      <trkpt lat="40.28979" lon="-7.53154">
        <ele>1158.14</ele>
      </trkpt>
      <trkpt lat="40.28981" lon="-7.5316">
        <ele>1157.82</ele>
      </trkpt>
      <trkpt lat="40.28983" lon="-7.53166">
        <ele>1157.58</ele>
      </trkpt>
      <trkpt lat="40.2899" lon="-7.53174">
        <ele>1160.98</ele>
      </trkpt>
      <trkpt lat="40.28995" lon="-7.53176">
        <ele>1163.0</ele>
      </trkpt>
      <trkpt lat="40.29001" lon="-7.53175">
        <ele>1164.69</ele>
      </trkpt>
      <trkpt lat="40.29007" lon="-7.53172">
        <ele>1165.43</ele>
      </trkpt>
      <trkpt lat="40.29011" lon="-7.53167">
        <ele>1165.8</ele>
      </trkpt>
      <trkpt lat="40.29017" lon="-7.53154">
        <ele>1168.48</ele>
      </trkpt>
      <trkpt lat="40.29032" lon="-7.53108">
        <ele>1175.47</ele>
      </trkpt>
      <trkpt lat="40.29038" lon="-7.53093">
        <ele>1176.2</ele>
      </trkpt>
      <trkpt lat="40.29051" lon="-7.53067">
        <ele>1174.49</ele>
      </trkpt>
      <trkpt lat="40.29101" lon="-7.52983">
        <ele>1177.56</ele>
      </trkpt>
      <trkpt lat="40.29108" lon="-7.52976">
        <ele>1179.32</ele>
      </trkpt>
      <trkpt lat="40.29113" lon="-7.52972">
        <ele>1180.04</ele>
      </trkpt>
      <trkpt lat="40.2912" lon="-7.52969">
        <ele>1179.93</ele>
      </trkpt>
      <trkpt lat="40.29125" lon="-7.52969">
        <ele>1180.15</ele>
      </trkpt>
      <trkpt lat="40.2913" lon="-7.5297">
        <ele>1180.47</ele>
      </trkpt>
      <trkpt lat="40.29135" lon="-7.52972">
        <ele>1180.84</ele>
      </trkpt>
      <trkpt lat="40.29142" lon="-7.52979">
        <ele>1182.22</ele>
      </trkpt>
      <trkpt lat="40.29146" lon="-7.52986">
        <ele>1183.48</ele>
      </trkpt>
      <trkpt lat="40.29149" lon="-7.52994">
        <ele>1184.92</ele>
      </trkpt>
      <trkpt lat="40.2915" lon="-7.53">
        <ele>1186.0</ele>
      </trkpt>
      <trkpt lat="40.2915" lon="-7.53007">
        <ele>1186.66</ele>
      </trkpt>
      <trkpt lat="40.29148" lon="-7.53021">
        <ele>1188.02</ele>
      </trkpt>
      <trkpt lat="40.29119" lon="-7.53095">
        <ele>1198.58</ele>
      </trkpt>
      <trkpt lat="40.29106" lon="-7.53125">
        <ele>1199.45</ele>
      </trkpt>
      <trkpt lat="40.29102" lon="-7.53138">
        <ele>1198.71</ele>
      </trkpt>
      <trkpt lat="40.29101" lon="-7.53145">
        <ele>1198.26</ele>
      </trkpt>
      <trkpt lat="40.29102" lon="-7.53152">
        <ele>1198.05</ele>
      </trkpt>
      <trkpt lat="40.29104" lon="-7.53158">
        <ele>1197.95</ele>
      </trkpt>
      <trkpt lat="40.29107" lon="-7.53164">
        <ele>1197.87</ele>
      </trkpt>
      <trkpt lat="40.29111" lon="-7.53169">
        <ele>1197.91</ele>
      </trkpt>
      <trkpt lat="40.29116" lon="-7.53172">
        <ele>1198.44</ele>
      </trkpt>
      <trkpt lat="40.2912" lon="-7.53174">
        <ele>1198.95</ele>
      </trkpt>
      <trkpt lat="40.29141" lon="-7.53175">
        <ele>1201.72</ele>
      </trkpt>
      <trkpt lat="40.29146" lon="-7.53177">
        <ele>1202.19</ele>
      </trkpt>
      <trkpt lat="40.29155" lon="-7.53184">
        <ele>1203.55</ele>
      </trkpt>
      <trkpt lat="40.2916" lon="-7.5319">
        <ele>1204.72</ele>
      </trkpt>
      <trkpt lat="40.29162" lon="-7.53194">
        <ele>1205.44</ele>
      </trkpt>
      <trkpt lat="40.29165" lon="-7.53205">
        <ele>1207.72</ele>
      </trkpt>
      <trkpt lat="40.29164" lon="-7.53214">
        <ele>1209.23</ele>
      </trkpt>
      <trkpt lat="40.2916" lon="-7.53254">
        <ele>1218.97</ele>
      </trkpt>
      <trkpt lat="40.2916" lon="-7.5326">
        <ele>1221.13</ele>
      </trkpt>
      <trkpt lat="40.29161" lon="-7.53265">
        <ele>1223.09</ele>
      </trkpt>
      <trkpt lat="40.29167" lon="-7.53274">
        <ele>1227.56</ele>
      </trkpt>
      <trkpt lat="40.29169" lon="-7.53276">
        <ele>1228.71</ele>
      </trkpt>
      <trkpt lat="40.29175" lon="-7.53279">
        <ele>1230.98</ele>
      </trkpt>
      <trkpt lat="40.29181" lon="-7.5328">
        <ele>1232.46</ele>
      </trkpt>
      <trkpt lat="40.29196" lon="-7.53275">
        <ele>1232.82</ele>
      </trkpt>
      <trkpt lat="40.29205" lon="-7.53274">
        <ele>1233.18</ele>
      </trkpt>
      <trkpt lat="40.29218" lon="-7.53276">
        <ele>1234.61</ele>
      </trkpt>
      <trkpt lat="40.29225" lon="-7.53279">
        <ele>1235.56</ele>
      </trkpt>
      <trkpt lat="40.29231" lon="-7.53284">
        <ele>1237.01</ele>
      </trkpt>
      <trkpt lat="40.29272" lon="-7.5332">
        <ele>1236.4</ele>
      </trkpt>
      <trkpt lat="40.29321" lon="-7.53362">
        <ele>1233.69</ele>
      </trkpt>
      <trkpt lat="40.29329" lon="-7.53371">
        <ele>1235.27</ele>
      </trkpt>
      <trkpt lat="40.29337" lon="-7.53381">
        <ele>1236.03</ele>
      </trkpt>
      <trkpt lat="40.2936" lon="-7.53423">
        <ele>1239.54</ele>
      </trkpt>
      <trkpt lat="40.29368" lon="-7.53434">
        <ele>1241.62</ele>
      </trkpt>
      <trkpt lat="40.29394" lon="-7.53457">
        <ele>1247.26</ele>
      </trkpt>
      <trkpt lat="40.29397" lon="-7.53463">
        <ele>1248.56</ele>
      </trkpt>
      <trkpt lat="40.294" lon="-7.5347">
        <ele>1250.1</ele>
      </trkpt>
      <trkpt lat="40.294" lon="-7.53477">
        <ele>1250.98</ele>
      </trkpt>
      <trkpt lat="40.294" lon="-7.53484">
        <ele>1251.84</ele>
      </trkpt>
      <trkpt lat="40.29397" lon="-7.53492">
        <ele>1252.1</ele>
      </trkpt>
      <trkpt lat="40.29393" lon="-7.53499">
        <ele>1251.92</ele>
      </trkpt>
      <trkpt lat="40.29387" lon="-7.53505">
        <ele>1251.89</ele>
      </trkpt>
      <trkpt lat="40.29381" lon="-7.53509">
        <ele>1252.18</ele>
      </trkpt>
      <trkpt lat="40.29374" lon="-7.53512">
        <ele>1252.22</ele>
      </trkpt>
      <trkpt lat="40.29368" lon="-7.53514">
        <ele>1252.15</ele>
      </trkpt>
      <trkpt lat="40.29362" lon="-7.53514">
        <ele>1251.61</ele>
      </trkpt>
      <trkpt lat="40.29357" lon="-7.53513">
        <ele>1252.26</ele>
      </trkpt>
      <trkpt lat="40.29352" lon="-7.5351">
        <ele>1252.88</ele>
      </trkpt>
      <trkpt lat="40.29344" lon="-7.53501">
        <ele>1253.69</ele>
      </trkpt>
      <trkpt lat="40.29337" lon="-7.53494">
        <ele>1255.54</ele>
      </trkpt>
      <trkpt lat="40.29322" lon="-7.53473">
        <ele>1258.08</ele>
      </trkpt>
      <trkpt lat="40.2931" lon="-7.53451">
        <ele>1258.27</ele>
      </trkpt>
      <trkpt lat="40.29297" lon="-7.53432">
        <ele>1257.75</ele>
      </trkpt>
      <trkpt lat="40.2929" lon="-7.53426">
        <ele>1258.41</ele>
      </trkpt>
      <trkpt lat="40.29285" lon="-7.53423">
        <ele>1259.15</ele>
      </trkpt>
      <trkpt lat="40.29279" lon="-7.53422">
        <ele>1260.47</ele>
      </trkpt>
      <trkpt lat="40.29273" lon="-7.53422">
        <ele>1259.03</ele>
      </trkpt>
      <trkpt lat="40.29267" lon="-7.53424">
        <ele>1257.42</ele>
      </trkpt>
      <trkpt lat="40.29255" lon="-7.53433">
        <ele>1257.33</ele>
      </trkpt>
      <trkpt lat="40.29244" lon="-7.53445">
        <ele>1262.25</ele>
      </trkpt>
      <trkpt lat="40.29233" lon="-7.53464">
        <ele>1270.29</ele>
      </trkpt>
      <trkpt lat="40.29224" lon="-7.53489">
        <ele>1276.11</ele>
      </trkpt>
      <trkpt lat="40.2922" lon="-7.5351">
        <ele>1277.48</ele>
      </trkpt>
      <trkpt lat="40.2922" lon="-7.53529">
        <ele>1277.61</ele>
      </trkpt>
      <trkpt lat="40.29222" lon="-7.53536">
        <ele>1277.39</ele>
      </trkpt>
      <trkpt lat="40.29224" lon="-7.53543">
        <ele>1276.9</ele>
      </trkpt>
      <trkpt lat="40.29233" lon="-7.53557">
        <ele>1276.03</ele>
      </trkpt>
      <trkpt lat="40.29303" lon="-7.53639">
        <ele>1277.37</ele>
      </trkpt>
      <trkpt lat="40.29338" lon="-7.53678">
        <ele>1273.83</ele>
      </trkpt>
      <trkpt lat="40.29357" lon="-7.53697">
        <ele>1272.99</ele>
      </trkpt>
      <trkpt lat="40.29378" lon="-7.53713">
        <ele>1271.06</ele>
      </trkpt>
      <trkpt lat="40.29399" lon="-7.53723">
        <ele>1271.32</ele>
      </trkpt>
      <trkpt lat="40.29424" lon="-7.53733">
        <ele>1274.31</ele>
      </trkpt>
      <trkpt lat="40.29577" lon="-7.53792">
        <ele>1281.06</ele>
      </trkpt>
      <trkpt lat="40.29714" lon="-7.53831">
        <ele>1298.13</ele>
      </trkpt>
      <trkpt lat="40.2983" lon="-7.53862">
        <ele>1315.3</ele>
      </trkpt>
      <trkpt lat="40.29846" lon="-7.53865">
        <ele>1317.92</ele>
      </trkpt>
      <trkpt lat="40.29866" lon="-7.53861">
        <ele>1320.83</ele>
      </trkpt>
      <trkpt lat="40.29875" lon="-7.53858">
        <ele>1320.72</ele>
      </trkpt>
      <trkpt lat="40.29885" lon="-7.53853">
        <ele>1320.51</ele>
      </trkpt>
      <trkpt lat="40.29902" lon="-7.53839">
        <ele>1321.45</ele>
      </trkpt>
      <trkpt lat="40.29997" lon="-7.53744">
        <ele>1318.87</ele>
      </trkpt>
      <trkpt lat="40.30039" lon="-7.53703">
        <ele>1328.09</ele>
      </trkpt>
      <trkpt lat="40.30145" lon="-7.53596">
        <ele>1334.56</ele>
      </trkpt>
      <trkpt lat="40.30152" lon="-7.53586">
        <ele>1333.97</ele>
      </trkpt>
      <trkpt lat="40.3016" lon="-7.53572">
        <ele>1334.09</ele>
      </trkpt>
      <trkpt lat="40.30166" lon="-7.53556">
        <ele>1335.02</ele>
      </trkpt>
      <trkpt lat="40.30171" lon="-7.53535">
        <ele>1336.51</ele>
      </trkpt>
      <trkpt lat="40.30194" lon="-7.53454">
        <ele>1337.65</ele>
      </trkpt>
      <trkpt lat="40.30202" lon="-7.5343">
        <ele>1337.12</ele>
      </trkpt>
      <trkpt lat="40.30209" lon="-7.53419">
        <ele>1337.52</ele>
      </trkpt>
      <trkpt lat="40.30217" lon="-7.53411">
        <ele>1339.9</ele>
      </trkpt>
      <trkpt lat="40.3022" lon="-7.53409">
        <ele>1340.71</ele>
      </trkpt>
      <trkpt lat="40.30229" lon="-7.53403">
        <ele>1342.94</ele>
      </trkpt>
      <trkpt lat="40.3024" lon="-7.53399">
        <ele>1344.38</ele>
      </trkpt>
      <trkpt lat="40.30248" lon="-7.53397">
        <ele>1345.04</ele>
      </trkpt>
      <trkpt lat="40.30255" lon="-7.53398">
        <ele>1344.72</ele>
      </trkpt>
      <trkpt lat="40.30264" lon="-7.534">
        <ele>1343.99</ele>
      </trkpt>
      <trkpt lat="40.30274" lon="-7.53406">
        <ele>1342.96</ele>
      </trkpt>
      <trkpt lat="40.30281" lon="-7.53411">
        <ele>1342.96</ele>
      </trkpt>
      <trkpt lat="40.30292" lon="-7.53423">
        <ele>1344.44</ele>
      </trkpt>
      <trkpt lat="40.30434" lon="-7.53706">
        <ele>1355.51</ele>
      </trkpt>
      <trkpt lat="40.30444" lon="-7.53726">
        <ele>1354.86</ele>
      </trkpt>
      <trkpt lat="40.30452" lon="-7.53736">
        <ele>1355.46</ele>
      </trkpt>
      <trkpt lat="40.30463" lon="-7.53748">
        <ele>1356.12</ele>
      </trkpt>
      <trkpt lat="40.30477" lon="-7.53757">
        <ele>1357.18</ele>
      </trkpt>
      <trkpt lat="40.30493" lon="-7.53762">
        <ele>1359.13</ele>
      </trkpt>
      <trkpt lat="40.30505" lon="-7.53763">
        <ele>1361.32</ele>
      </trkpt>
      <trkpt lat="40.30512" lon="-7.53762">
        <ele>1363.16</ele>
      </trkpt>
      <trkpt lat="40.30524" lon="-7.53758">
        <ele>1366.47</ele>
      </trkpt>
      <trkpt lat="40.30715" lon="-7.53678">
        <ele>1383.3</ele>
      </trkpt>
      <trkpt lat="40.30724" lon="-7.53675">
        <ele>1384.17</ele>
      </trkpt>
      <trkpt lat="40.30733" lon="-7.53675">
        <ele>1384.01</ele>
      </trkpt>
      <trkpt lat="40.30742" lon="-7.53676">
        <ele>1383.76</ele>
      </trkpt>
      <trkpt lat="40.30762" lon="-7.53687">
        <ele>1386.72</ele>
      </trkpt>
      <trkpt lat="40.30799" lon="-7.53711">
        <ele>1390.7</ele>
      </trkpt>
      <trkpt lat="40.30809" lon="-7.53719">
        <ele>1390.98</ele>
      </trkpt>
      <trkpt lat="40.3083" lon="-7.53744">
        <ele>1393.69</ele>
      </trkpt>
      <trkpt lat="40.3084" lon="-7.53768">
        <ele>1394.3</ele>
      </trkpt>
      <trkpt lat="40.30844" lon="-7.5378">
        <ele>1394.66</ele>
      </trkpt>
      <trkpt lat="40.30849" lon="-7.53805">
        <ele>1395.4</ele>
      </trkpt>
      <trkpt lat="40.3085" lon="-7.5382">
        <ele>1396.12</ele>
      </trkpt>
      <trkpt lat="40.30849" lon="-7.53833">
        <ele>1396.37</ele>
      </trkpt>
      <trkpt lat="40.30845" lon="-7.53859">
        <ele>1399.99</ele>
      </trkpt>
      <trkpt lat="40.30841" lon="-7.5387">
        <ele>1399.47</ele>
      </trkpt>
      <trkpt lat="40.30835" lon="-7.53883">
        <ele>1397.62</ele>
      </trkpt>
      <trkpt lat="40.30828" lon="-7.53897">
        <ele>1396.63</ele>
      </trkpt>
      <trkpt lat="40.30802" lon="-7.53932">
        <ele>1398.12</ele>
      </trkpt>
      <trkpt lat="40.30787" lon="-7.53955">
        <ele>1403.75</ele>
      </trkpt>
      <trkpt lat="40.30759" lon="-7.54008">
        <ele>1412.25</ele>
      </trkpt>
      <trkpt lat="40.30747" lon="-7.54028">
        <ele>1414.84</ele>
      </trkpt>
      <trkpt lat="40.30736" lon="-7.54041">
        <ele>1416.36</ele>
      </trkpt>
      <trkpt lat="40.30716" lon="-7.54061">
        <ele>1417.47</ele>
      </trkpt>
      <trkpt lat="40.30702" lon="-7.54077">
        <ele>1419.62</ele>
      </trkpt>
      <trkpt lat="40.30694" lon="-7.54092">
        <ele>1423.18</ele>
      </trkpt>
      <trkpt lat="40.30654" lon="-7.54164">
        <ele>1429.83</ele>
      </trkpt>
      <trkpt lat="40.3063" lon="-7.54214">
        <ele>1429.73</ele>
      </trkpt>
      <trkpt lat="40.3061" lon="-7.54269">
        <ele>1436.16</ele>
      </trkpt>
      <trkpt lat="40.30593" lon="-7.54318">
        <ele>1434.16</ele>
      </trkpt>
      <trkpt lat="40.3057" lon="-7.54383">
        <ele>1430.09</ele>
      </trkpt>
      <trkpt lat="40.30566" lon="-7.54398">
        <ele>1430.11</ele>
      </trkpt>
      <trkpt lat="40.30564" lon="-7.54414">
        <ele>1432.04</ele>
      </trkpt>
      <trkpt lat="40.30563" lon="-7.54424">
        <ele>1434.11</ele>
      </trkpt>
      <trkpt lat="40.30563" lon="-7.54437">
        <ele>1437.82</ele>
      </trkpt>
      <trkpt lat="40.30565" lon="-7.54459">
        <ele>1442.3</ele>
      </trkpt>
      <trkpt lat="40.30577" lon="-7.54535">
        <ele>1447.18</ele>
      </trkpt>
      <trkpt lat="40.3058" lon="-7.54546">
        <ele>1448.04</ele>
      </trkpt>
      <trkpt lat="40.30585" lon="-7.54557">
        <ele>1449.26</ele>
      </trkpt>
      <trkpt lat="40.30592" lon="-7.54575">
        <ele>1449.47</ele>
      </trkpt>
      <trkpt lat="40.30599" lon="-7.54586">
        <ele>1450.3</ele>
      </trkpt>
      <trkpt lat="40.30701" lon="-7.54785">
        <ele>1471.29</ele>
      </trkpt>
      <trkpt lat="40.30712" lon="-7.54803">
        <ele>1472.64</ele>
      </trkpt>
      <trkpt lat="40.30729" lon="-7.54824">
        <ele>1476.39</ele>
      </trkpt>
      <trkpt lat="40.30807" lon="-7.54888">
        <ele>1493.11</ele>
      </trkpt>
      <trkpt lat="40.30816" lon="-7.54897">
        <ele>1493.93</ele>
      </trkpt>
      <trkpt lat="40.30821" lon="-7.54906">
        <ele>1494.39</ele>
      </trkpt>
      <trkpt lat="40.30827" lon="-7.5492">
        <ele>1494.77</ele>
      </trkpt>
      <trkpt lat="40.30841" lon="-7.54973">
        <ele>1495.07</ele>
      </trkpt>
      <trkpt lat="40.30846" lon="-7.54983">
        <ele>1495.26</ele>
      </trkpt>
      <trkpt lat="40.3086" lon="-7.55">
        <ele>1495.88</ele>
      </trkpt>
      <trkpt lat="40.30867" lon="-7.55006">
        <ele>1496.25</ele>
      </trkpt>
      <trkpt lat="40.30873" lon="-7.55009">
        <ele>1496.88</ele>
      </trkpt>
      <trkpt lat="40.30884" lon="-7.55013">
        <ele>1498.28</ele>
      </trkpt>
      <trkpt lat="40.3094" lon="-7.55026">
        <ele>1505.59</ele>
      </trkpt>
      <trkpt lat="40.30949" lon="-7.5503">
        <ele>1506.46</ele>
      </trkpt>
      <trkpt lat="40.30965" lon="-7.5504">
        <ele>1507.1</ele>
      </trkpt>
      <trkpt lat="40.30976" lon="-7.55051">
        <ele>1506.5</ele>
      </trkpt>
      <trkpt lat="40.31035" lon="-7.55127">
        <ele>1509.84</ele>
      </trkpt>
      <trkpt lat="40.31069" lon="-7.55172">
        <ele>1515.98</ele>
      </trkpt>
      <trkpt lat="40.313" lon="-7.55476">
        <ele>1529.43</ele>
      </trkpt>
      <trkpt lat="40.31314" lon="-7.55496">
        <ele>1536.41</ele>
      </trkpt>
      <trkpt lat="40.31324" lon="-7.55515">
        <ele>1542.35</ele>
      </trkpt>
      <trkpt lat="40.31327" lon="-7.55526">
        <ele>1545.08</ele>
      </trkpt>
      <trkpt lat="40.31333" lon="-7.55547">
        <ele>1546.94</ele>
      </trkpt>
      <trkpt lat="40.31335" lon="-7.55559">
        <ele>1546.83</ele>
      </trkpt>
      <trkpt lat="40.31332" lon="-7.5571">
        <ele>1558.11</ele>
      </trkpt>
      <trkpt lat="40.31333" lon="-7.5573">
        <ele>1556.81</ele>
      </trkpt>
      <trkpt lat="40.31337" lon="-7.5575">
        <ele>1553.6</ele>
      </trkpt>
      <trkpt lat="40.31342" lon="-7.5576">
        <ele>1551.38</ele>
      </trkpt>
      <trkpt lat="40.31348" lon="-7.5577">
        <ele>1549.2</ele>
      </trkpt>
      <trkpt lat="40.31356" lon="-7.55779">
        <ele>1547.29</ele>
      </trkpt>
      <trkpt lat="40.31367" lon="-7.55788">
        <ele>1546.79</ele>
      </trkpt>
      <trkpt lat="40.31391" lon="-7.55803">
        <ele>1548.35</ele>
      </trkpt>
      <trkpt lat="40.31404" lon="-7.55815">
        <ele>1551.48</ele>
      </trkpt>
      <trkpt lat="40.31413" lon="-7.55826">
        <ele>1554.39</ele>
      </trkpt>
      <trkpt lat="40.31419" lon="-7.55836">
        <ele>1556.53</ele>
      </trkpt>
      <trkpt lat="40.31425" lon="-7.55849">
        <ele>1558.33</ele>
      </trkpt>
      <trkpt lat="40.31428" lon="-7.55865">
        <ele>1559.97</ele>
      </trkpt>
      <trkpt lat="40.31429" lon="-7.55878">
        <ele>1561.26</ele>
      </trkpt>
      <trkpt lat="40.31429" lon="-7.55891">
        <ele>1562.37</ele>
      </trkpt>
      <trkpt lat="40.31389" lon="-7.56313">
        <ele>1569.29</ele>
      </trkpt>
      <trkpt lat="40.3139" lon="-7.5633">
        <ele>1570.02</ele>
      </trkpt>
      <trkpt lat="40.31391" lon="-7.56342">
        <ele>1569.41</ele>
      </trkpt>
      <trkpt lat="40.31393" lon="-7.56351">
        <ele>1569.01</ele>
      </trkpt>
      <trkpt lat="40.31398" lon="-7.56363">
        <ele>1569.42</ele>
      </trkpt>
      <trkpt lat="40.31402" lon="-7.56373">
        <ele>1569.49</ele>
      </trkpt>
      <trkpt lat="40.31412" lon="-7.56386">
        <ele>1570.97</ele>
      </trkpt>
      <trkpt lat="40.31422" lon="-7.56394">
        <ele>1572.44</ele>
      </trkpt>
      <trkpt lat="40.31436" lon="-7.56403">
        <ele>1574.31</ele>
      </trkpt>
      <trkpt lat="40.31448" lon="-7.56405">
        <ele>1575.79</ele>
      </trkpt>
      <trkpt lat="40.31466" lon="-7.56404">
        <ele>1575.56</ele>
      </trkpt>
      <trkpt lat="40.316" lon="-7.56358">
        <ele>1578.65</ele>
      </trkpt>
      <trkpt lat="40.31623" lon="-7.56352">
        <ele>1580.6</ele>
      </trkpt>
      <trkpt lat="40.31635" lon="-7.5635">
        <ele>1581.12</ele>
      </trkpt>
      <trkpt lat="40.31647" lon="-7.56353">
        <ele>1581.91</ele>
      </trkpt>
      <trkpt lat="40.31657" lon="-7.56358">
        <ele>1583.23</ele>
      </trkpt>
      <trkpt lat="40.31665" lon="-7.56364">
        <ele>1584.8</ele>
      </trkpt>
      <trkpt lat="40.31673" lon="-7.56374">
        <ele>1584.43</ele>
      </trkpt>
      <trkpt lat="40.31679" lon="-7.56384">
        <ele>1583.97</ele>
      </trkpt>
      <trkpt lat="40.31685" lon="-7.56408">
        <ele>1584.02</ele>
      </trkpt>
      <trkpt lat="40.3169" lon="-7.56434">
        <ele>1586.35</ele>
      </trkpt>
      <trkpt lat="40.31747" lon="-7.56853">
        <ele>1610.8</ele>
      </trkpt>
      <trkpt lat="40.31773" lon="-7.57049">
        <ele>1608.08</ele>
      </trkpt>
      <trkpt lat="40.31776" lon="-7.57096">
        <ele>1608.51</ele>
      </trkpt>
      <trkpt lat="40.31776" lon="-7.57119">
        <ele>1609.06</ele>
      </trkpt>
      <trkpt lat="40.31774" lon="-7.5714">
        <ele>1611.5</ele>
      </trkpt>
      <trkpt lat="40.31768" lon="-7.57183">
        <ele>1613.15</ele>
      </trkpt>
      <trkpt lat="40.31758" lon="-7.57223">
        <ele>1617.74</ele>
      </trkpt>
      <trkpt lat="40.31746" lon="-7.57254">
        <ele>1617.84</ele>
      </trkpt>
      <trkpt lat="40.31703" lon="-7.57345">
        <ele>1613.29</ele>
      </trkpt>
      <trkpt lat="40.31673" lon="-7.5741">
        <ele>1605.94</ele>
      </trkpt>
      <trkpt lat="40.31643" lon="-7.57478">
        <ele>1598.24</ele>
      </trkpt>
      <trkpt lat="40.31639" lon="-7.57494">
        <ele>1600.13</ele>
      </trkpt>
      <trkpt lat="40.31637" lon="-7.57525">
        <ele>1598.58</ele>
      </trkpt>
      <trkpt lat="40.31636" lon="-7.57581">
        <ele>1598.42</ele>
      </trkpt>
      <trkpt lat="40.31635" lon="-7.57591">
        <ele>1596.96</ele>
      </trkpt>
      <trkpt lat="40.31632" lon="-7.57601">
        <ele>1595.72</ele>
      </trkpt>
      <trkpt lat="40.31627" lon="-7.57611">
        <ele>1595.44</ele>
      </trkpt>
      <trkpt lat="40.31621" lon="-7.57621">
        <ele>1595.65</ele>
      </trkpt>
      <trkpt lat="40.31516" lon="-7.57757">
        <ele>1593.41</ele>
      </trkpt>
      <trkpt lat="40.31497" lon="-7.57777">
        <ele>1591.32</ele>
      </trkpt>
      <trkpt lat="40.31419" lon="-7.57841">
        <ele>1589.12</ele>
      </trkpt>
      <trkpt lat="40.31365" lon="-7.57888">
        <ele>1577.13</ele>
      </trkpt>
      <trkpt lat="40.31335" lon="-7.57924">
        <ele>1576.66</ele>
      </trkpt>
      <trkpt lat="40.31283" lon="-7.57991">
        <ele>1574.5</ele>
      </trkpt>
      <trkpt lat="40.31209" lon="-7.58084">
        <ele>1564.96</ele>
      </trkpt>
      <trkpt lat="40.31178" lon="-7.58123">
        <ele>1560.38</ele>
      </trkpt>
      <trkpt lat="40.31169" lon="-7.58138">
        <ele>1559.07</ele>
      </trkpt>
      <trkpt lat="40.31159" lon="-7.58161">
        <ele>1556.75</ele>
      </trkpt>
      <trkpt lat="40.31154" lon="-7.58175">
        <ele>1555.6</ele>
      </trkpt>
      <trkpt lat="40.31152" lon="-7.58185">
        <ele>1554.51</ele>
      </trkpt>
      <trkpt lat="40.3115" lon="-7.58199">
        <ele>1554.09</ele>
      </trkpt>
      <trkpt lat="40.31148" lon="-7.58221">
        <ele>1556.9</ele>
      </trkpt>
      <trkpt lat="40.31149" lon="-7.58248">
        <ele>1550.74</ele>
      </trkpt>
      <trkpt lat="40.31153" lon="-7.58277">
        <ele>1548.04</ele>
      </trkpt>
      <trkpt lat="40.31157" lon="-7.5829">
        <ele>1545.76</ele>
      </trkpt>
      <trkpt lat="40.3117" lon="-7.58319">
        <ele>1543.21</ele>
      </trkpt>
      <trkpt lat="40.31177" lon="-7.58331">
        <ele>1543.19</ele>
      </trkpt>
      <trkpt lat="40.31185" lon="-7.58343">
        <ele>1542.82</ele>
      </trkpt>
      <trkpt lat="40.31196" lon="-7.58355">
        <ele>1542.02</ele>
      </trkpt>
      <trkpt lat="40.3121" lon="-7.58366">
        <ele>1542.33</ele>
      </trkpt>
      <trkpt lat="40.31236" lon="-7.58382">
        <ele>1541.5</ele>
      </trkpt>
      <trkpt lat="40.3133" lon="-7.58434">
        <ele>1528.49</ele>
      </trkpt>
      <trkpt lat="40.31354" lon="-7.5845">
        <ele>1529.25</ele>
      </trkpt>
      <trkpt lat="40.31365" lon="-7.58458">
        <ele>1531.9</ele>
      </trkpt>
      <trkpt lat="40.31382" lon="-7.58474">
        <ele>1540.42</ele>
      </trkpt>
      <trkpt lat="40.31541" lon="-7.5863">
        <ele>1580.99</ele>
      </trkpt>
      <trkpt lat="40.31548" lon="-7.58637">
        <ele>1584.53</ele>
      </trkpt>
      <trkpt lat="40.31564" lon="-7.58648">
        <ele>1584.61</ele>
      </trkpt>
      <trkpt lat="40.31591" lon="-7.58661">
        <ele>1580.41</ele>
      </trkpt>
      <trkpt lat="40.31711" lon="-7.5871">
        <ele>1591.45</ele>
      </trkpt>
      <trkpt lat="40.31738" lon="-7.58721">
        <ele>1587.45</ele>
      </trkpt>
      <trkpt lat="40.31799" lon="-7.58744">
        <ele>1587.26</ele>
      </trkpt>
      <trkpt lat="40.31807" lon="-7.58745">
        <ele>1587.65</ele>
      </trkpt>
      <trkpt lat="40.31826" lon="-7.58746">
        <ele>1586.63</ele>
      </trkpt>
      <trkpt lat="40.31837" lon="-7.58746">
        <ele>1587.65</ele>
      </trkpt>
      <trkpt lat="40.31873" lon="-7.58734">
        <ele>1599.06</ele>
      </trkpt>
      <trkpt lat="40.31917" lon="-7.5871">
        <ele>1598.55</ele>
      </trkpt>
      <trkpt lat="40.31928" lon="-7.58707">
        <ele>1595.7</ele>
      </trkpt>
      <trkpt lat="40.31938" lon="-7.58707">
        <ele>1594.1</ele>
      </trkpt>
      <trkpt lat="40.31951" lon="-7.58713">
        <ele>1594.38</ele>
      </trkpt>
      <trkpt lat="40.31959" lon="-7.58722">
        <ele>1596.36</ele>
      </trkpt>
      <trkpt lat="40.31963" lon="-7.58727">
        <ele>1597.83</ele>
      </trkpt>
      <trkpt lat="40.31967" lon="-7.58735">
        <ele>1600.54</ele>
      </trkpt>
      <trkpt lat="40.3202" lon="-7.58865">
        <ele>1632.04</ele>
      </trkpt>
      <trkpt lat="40.32027" lon="-7.58876">
        <ele>1631.79</ele>
      </trkpt>
      <trkpt lat="40.32031" lon="-7.58881">
        <ele>1631.97</ele>
      </trkpt>
      <trkpt lat="40.32041" lon="-7.5889">
        <ele>1631.88</ele>
      </trkpt>
      <trkpt lat="40.32048" lon="-7.58893">
        <ele>1631.22</ele>
      </trkpt>
      <trkpt lat="40.32061" lon="-7.58896">
        <ele>1629.08</ele>
      </trkpt>
      <trkpt lat="40.32067" lon="-7.58896">
        <ele>1627.4</ele>
      </trkpt>
      <trkpt lat="40.32079" lon="-7.58893">
        <ele>1622.73</ele>
      </trkpt>
      <trkpt lat="40.32084" lon="-7.58891">
        <ele>1620.88</ele>
      </trkpt>
      <trkpt lat="40.32098" lon="-7.58879">
        <ele>1618.54</ele>
      </trkpt>
      <trkpt lat="40.32167" lon="-7.58821">
        <ele>1608.01</ele>
      </trkpt>
      <trkpt lat="40.32178" lon="-7.58812">
        <ele>1613.16</ele>
      </trkpt>
      <trkpt lat="40.32188" lon="-7.58802">
        <ele>1621.29</ele>
      </trkpt>
      <trkpt lat="40.32198" lon="-7.58794">
        <ele>1626.69</ele>
      </trkpt>
      <trkpt lat="40.32209" lon="-7.58787">
        <ele>1626.37</ele>
      </trkpt>
      <trkpt lat="40.3222" lon="-7.58782">
        <ele>1625.95</ele>
      </trkpt>
      <trkpt lat="40.32231" lon="-7.58781">
        <ele>1625.36</ele>
      </trkpt>
      <trkpt lat="40.32243" lon="-7.58786">
        <ele>1626.68</ele>
      </trkpt>
      <trkpt lat="40.32253" lon="-7.58793">
        <ele>1629.48</ele>
      </trkpt>
      <trkpt lat="40.32261" lon="-7.58805">
        <ele>1632.85</ele>
      </trkpt>
      <trkpt lat="40.32267" lon="-7.58819">
        <ele>1632.42</ele>
      </trkpt>
      <trkpt lat="40.32268" lon="-7.58827">
        <ele>1632.53</ele>
      </trkpt>
      <trkpt lat="40.32268" lon="-7.58835">
        <ele>1632.68</ele>
      </trkpt>
      <trkpt lat="40.32268" lon="-7.5885">
        <ele>1631.98</ele>
      </trkpt>
      <trkpt lat="40.3225" lon="-7.5905">
        <ele>1630.2</ele>
      </trkpt>
      <trkpt lat="40.32251" lon="-7.59059">
        <ele>1629.74</ele>
      </trkpt>
      <trkpt lat="40.32255" lon="-7.59074">
        <ele>1628.86</ele>
      </trkpt>
      <trkpt lat="40.32261" lon="-7.59085">
        <ele>1628.66</ele>
      </trkpt>
      <trkpt lat="40.3227" lon="-7.59094">
        <ele>1630.97</ele>
      </trkpt>
      <trkpt lat="40.32275" lon="-7.59096">
        <ele>1631.58</ele>
      </trkpt>
      <trkpt lat="40.32284" lon="-7.59098">
        <ele>1634.14</ele>
      </trkpt>
      <trkpt lat="40.32302" lon="-7.59097">
        <ele>1639.38</ele>
      </trkpt>
      <trkpt lat="40.32324" lon="-7.5909">
        <ele>1650.34</ele>
      </trkpt>
      <trkpt lat="40.32337" lon="-7.59085">
        <ele>1656.08</ele>
      </trkpt>
      <trkpt lat="40.32344" lon="-7.5908">
        <ele>1656.79</ele>
      </trkpt>
      <trkpt lat="40.32352" lon="-7.59073">
        <ele>1657.36</ele>
      </trkpt>
      <trkpt lat="40.32368" lon="-7.59054">
        <ele>1657.08</ele>
      </trkpt>
      <trkpt lat="40.32377" lon="-7.5904">
        <ele>1656.61</ele>
      </trkpt>
      <trkpt lat="40.32381" lon="-7.59032">
        <ele>1656.75</ele>
      </trkpt>
      <trkpt lat="40.32399" lon="-7.58969">
        <ele>1651.28</ele>
      </trkpt>
      <trkpt lat="40.32403" lon="-7.5896">
        <ele>1648.9</ele>
      </trkpt>
      <trkpt lat="40.3241" lon="-7.58952">
        <ele>1645.77</ele>
      </trkpt>
      <trkpt lat="40.32413" lon="-7.5895">
        <ele>1644.63</ele>
      </trkpt>
      <trkpt lat="40.32418" lon="-7.58949">
        <ele>1643.34</ele>
      </trkpt>
      <trkpt lat="40.32423" lon="-7.5895">
        <ele>1642.54</ele>
      </trkpt>
      <trkpt lat="40.32427" lon="-7.58952">
        <ele>1642.15</ele>
      </trkpt>
      <trkpt lat="40.32429" lon="-7.58955">
        <ele>1642.4</ele>
      </trkpt>
      <trkpt lat="40.32432" lon="-7.58959">
        <ele>1642.46</ele>
      </trkpt>
      <trkpt lat="40.32433" lon="-7.58965">
        <ele>1643.41</ele>
      </trkpt>
      <trkpt lat="40.32434" lon="-7.58974">
        <ele>1644.45</ele>
      </trkpt>
      <trkpt lat="40.32433" lon="-7.58978">
        <ele>1644.8</ele>
      </trkpt>
      <trkpt lat="40.32431" lon="-7.58986">
        <ele>1645.74</ele>
      </trkpt>
      <trkpt lat="40.32393" lon="-7.59054">
        <ele>1656.97</ele>
      </trkpt>
      <trkpt lat="40.32386" lon="-7.59069">
        <ele>1657.71</ele>
      </trkpt>
      <trkpt lat="40.32379" lon="-7.59093">
        <ele>1659.0</ele>
      </trkpt>
      <trkpt lat="40.32359" lon="-7.59161">
        <ele>1673.31</ele>
      </trkpt>
      <trkpt lat="40.32355" lon="-7.59173">
        <ele>1674.65</ele>
      </trkpt>
      <trkpt lat="40.32352" lon="-7.5918">
        <ele>1674.94</ele>
      </trkpt>
      <trkpt lat="40.32348" lon="-7.59186">
        <ele>1674.8</ele>
      </trkpt>
      <trkpt lat="40.32343" lon="-7.59191">
        <ele>1674.27</ele>
      </trkpt>
      <trkpt lat="40.32337" lon="-7.59195">
        <ele>1673.41</ele>
      </trkpt>
      <trkpt lat="40.32314" lon="-7.59208">
        <ele>1672.3</ele>
      </trkpt>
      <trkpt lat="40.323" lon="-7.59219">
        <ele>1672.22</ele>
      </trkpt>
      <trkpt lat="40.32294" lon="-7.59228">
        <ele>1673.49</ele>
      </trkpt>
      <trkpt lat="40.32261" lon="-7.59282">
        <ele>1680.36</ele>
      </trkpt>
      <trkpt lat="40.32247" lon="-7.59302">
        <ele>1680.7</ele>
      </trkpt>
      <trkpt lat="40.32227" lon="-7.59321">
        <ele>1685.54</ele>
      </trkpt>
      <trkpt lat="40.32162" lon="-7.59375">
        <ele>1722.82</ele>
      </trkpt>
      <trkpt lat="40.32154" lon="-7.59379">
        <ele>1722.67</ele>
      </trkpt>
      <trkpt lat="40.32145" lon="-7.59381">
        <ele>1723.02</ele>
      </trkpt>
      <trkpt lat="40.32136" lon="-7.59381">
        <ele>1723.18</ele>
      </trkpt>
      <trkpt lat="40.32108" lon="-7.59374">
        <ele>1722.3</ele>
      </trkpt>
      <trkpt lat="40.32094" lon="-7.59369">
        <ele>1723.7</ele>
      </trkpt>
      <trkpt lat="40.32084" lon="-7.5936">
        <ele>1721.39</ele>
      </trkpt>
      <trkpt lat="40.32069" lon="-7.5934">
        <ele>1728.42</ele>
      </trkpt>
      <trkpt lat="40.32043" lon="-7.59299">
        <ele>1726.45</ele>
      </trkpt>
      <trkpt lat="40.32" lon="-7.59226">
        <ele>1739.54</ele>
      </trkpt>
      <trkpt lat="40.31996" lon="-7.59211">
        <ele>1738.16</ele>
      </trkpt>
      <trkpt lat="40.31994" lon="-7.59202">
        <ele>1737.03</ele>
      </trkpt>
      <trkpt lat="40.31994" lon="-7.59192">
        <ele>1734.93</ele>
      </trkpt>
      <trkpt lat="40.32002" lon="-7.59091">
        <ele>1733.65</ele>
      </trkpt>
      <trkpt lat="40.32002" lon="-7.59081">
        <ele>1735.84</ele>
      </trkpt>
      <trkpt lat="40.32" lon="-7.59071">
        <ele>1736.11</ele>
      </trkpt>
      <trkpt lat="40.31998" lon="-7.59063">
        <ele>1736.26</ele>
      </trkpt>
      <trkpt lat="40.31993" lon="-7.59053">
        <ele>1736.42</ele>
      </trkpt>
      <trkpt lat="40.31987" lon="-7.59044">
        <ele>1735.27</ele>
      </trkpt>
      <trkpt lat="40.31974" lon="-7.59032">
        <ele>1735.0</ele>
      </trkpt>
      <trkpt lat="40.31961" lon="-7.59022">
        <ele>1733.68</ele>
      </trkpt>
      <trkpt lat="40.31953" lon="-7.59021">
        <ele>1734.72</ele>
      </trkpt>
      <trkpt lat="40.31944" lon="-7.59022">
        <ele>1736.79</ele>
      </trkpt>
      <trkpt lat="40.31938" lon="-7.59025">
        <ele>1737.29</ele>
      </trkpt>
      <trkpt lat="40.3193" lon="-7.59031">
        <ele>1739.05</ele>
      </trkpt>
      <trkpt lat="40.31885" lon="-7.59083">
        <ele>1751.05</ele>
      </trkpt>
      <trkpt lat="40.31877" lon="-7.59096">
        <ele>1752.84</ele>
      </trkpt>
      <trkpt lat="40.3183" lon="-7.59176">
        <ele>1752.37</ele>
      </trkpt>
      <trkpt lat="40.31823" lon="-7.59188">
        <ele>1752.98</ele>
      </trkpt>
      <trkpt lat="40.31818" lon="-7.59202">
        <ele>1753.55</ele>
      </trkpt>
      <trkpt lat="40.31814" lon="-7.59214">
        <ele>1754.03</ele>
      </trkpt>
      <trkpt lat="40.31812" lon="-7.59229">
        <ele>1754.38</ele>
      </trkpt>
      <trkpt lat="40.3181" lon="-7.59243">
        <ele>1753.37</ele>
      </trkpt>
      <trkpt lat="40.31811" lon="-7.59262">
        <ele>1751.98</ele>
      </trkpt>
      <trkpt lat="40.31815" lon="-7.59287">
        <ele>1750.86</ele>
      </trkpt>
      <trkpt lat="40.31859" lon="-7.59407">
        <ele>1765.07</ele>
      </trkpt>
      <trkpt lat="40.3187" lon="-7.5944">
        <ele>1765.18</ele>
      </trkpt>
      <trkpt lat="40.31874" lon="-7.59463">
        <ele>1762.98</ele>
      </trkpt>
      <trkpt lat="40.31876" lon="-7.59478">
        <ele>1762.97</ele>
      </trkpt>
      <trkpt lat="40.31881" lon="-7.59595">
        <ele>1771.3</ele>
      </trkpt>
      <trkpt lat="40.31882" lon="-7.59604">
        <ele>1772.16</ele>
      </trkpt>
      <trkpt lat="40.31884" lon="-7.59615">
        <ele>1772.74</ele>
      </trkpt>
      <trkpt lat="40.31888" lon="-7.59626">
        <ele>1772.47</ele>
      </trkpt>
      <trkpt lat="40.31998" lon="-7.59845">
        <ele>1801.89</ele>
      </trkpt>
      <trkpt lat="40.32009" lon="-7.59874">
        <ele>1802.59</ele>
      </trkpt>
      <trkpt lat="40.32026" lon="-7.59939">
        <ele>1799.89</ele>
      </trkpt>
      <trkpt lat="40.32032" lon="-7.59954">
        <ele>1799.09</ele>
      </trkpt>
      <trkpt lat="40.3204" lon="-7.59966">
        <ele>1798.79</ele>
      </trkpt>
      <trkpt lat="40.3205" lon="-7.59975">
        <ele>1800.12</ele>
      </trkpt>
      <trkpt lat="40.32116" lon="-7.60032">
        <ele>1814.01</ele>
      </trkpt>
      <trkpt lat="40.32121" lon="-7.60038">
        <ele>1816.62</ele>
      </trkpt>
      <trkpt lat="40.32126" lon="-7.6005">
        <ele>1818.08</ele>
      </trkpt>
      <trkpt lat="40.32128" lon="-7.60057">
        <ele>1818.35</ele>
      </trkpt>
      <trkpt lat="40.32128" lon="-7.60071">
        <ele>1818.85</ele>
      </trkpt>
      <trkpt lat="40.32121" lon="-7.60133">
        <ele>1816.75</ele>
      </trkpt>
      <trkpt lat="40.32121" lon="-7.60148">
        <ele>1817.37</ele>
      </trkpt>
      <trkpt lat="40.32123" lon="-7.60157">
        <ele>1819.1</ele>
      </trkpt>
      <trkpt lat="40.32125" lon="-7.60165">
        <ele>1820.38</ele>
      </trkpt>
      <trkpt lat="40.32129" lon="-7.60174">
        <ele>1821.2</ele>
      </trkpt>
      <trkpt lat="40.32134" lon="-7.60181">
        <ele>1821.43</ele>
      </trkpt>
      <trkpt lat="40.32145" lon="-7.60192">
        <ele>1821.63</ele>
      </trkpt>
      <trkpt lat="40.32242" lon="-7.6027">
        <ele>1836.67</ele>
      </trkpt>
      <trkpt lat="40.32262" lon="-7.60286">
        <ele>1840.02</ele>
      </trkpt>
      <trkpt lat="40.32273" lon="-7.60292">
        <ele>1841.82</ele>
      </trkpt>
      <trkpt lat="40.32282" lon="-7.60294">
        <ele>1842.43</ele>
      </trkpt>
      <trkpt lat="40.32306" lon="-7.60297">
        <ele>1841.77</ele>
      </trkpt>
      <trkpt lat="40.32354" lon="-7.60302">
        <ele>1853.31</ele>
      </trkpt>
      <trkpt lat="40.32374" lon="-7.60302">
        <ele>1860.12</ele>
      </trkpt>
      <trkpt lat="40.3239" lon="-7.60299">
        <ele>1865.54</ele>
      </trkpt>
      <trkpt lat="40.32436" lon="-7.60286">
        <ele>1872.4</ele>
      </trkpt>
      <trkpt lat="40.32458" lon="-7.60279">
        <ele>1873.64</ele>
      </trkpt>
      <trkpt lat="40.32465" lon="-7.60275">
        <ele>1874.19</ele>
      </trkpt>
      <trkpt lat="40.32472" lon="-7.60269">
        <ele>1875.28</ele>
      </trkpt>
      <trkpt lat="40.32485" lon="-7.60256">
        <ele>1877.43</ele>
      </trkpt>
      <trkpt lat="40.32582" lon="-7.60091">
        <ele>1883.92</ele>
      </trkpt>
      <trkpt lat="40.32592" lon="-7.60076">
        <ele>1885.99</ele>
      </trkpt>
      <trkpt lat="40.32625" lon="-7.60038">
        <ele>1891.02</ele>
      </trkpt>
      <trkpt lat="40.32634" lon="-7.60029">
        <ele>1888.05</ele>
      </trkpt>
      <trkpt lat="40.32638" lon="-7.60026">
        <ele>1886.97</ele>
      </trkpt>
      <trkpt lat="40.32646" lon="-7.60026">
        <ele>1886.81</ele>
      </trkpt>
      <trkpt lat="40.3265" lon="-7.60027">
        <ele>1886.9</ele>
      </trkpt>
      <trkpt lat="40.32654" lon="-7.6003">
        <ele>1887.28</ele>
      </trkpt>
      <trkpt lat="40.32658" lon="-7.60036">
        <ele>1887.63</ele>
      </trkpt>
      <trkpt lat="40.3266" lon="-7.60042">
        <ele>1887.72</ele>
      </trkpt>
      <trkpt lat="40.3266" lon="-7.60049">
        <ele>1888.07</ele>
      </trkpt>
      <trkpt lat="40.3266" lon="-7.60056">
        <ele>1888.42</ele>
      </trkpt>
      <trkpt lat="40.32634" lon="-7.60131">
        <ele>1889.54</ele>
      </trkpt>
      <trkpt lat="40.3263" lon="-7.60146">
        <ele>1889.98</ele>
      </trkpt>
      <trkpt lat="40.32628" lon="-7.60165">
        <ele>1891.09</ele>
      </trkpt>
      <trkpt lat="40.32629" lon="-7.60173">
        <ele>1891.12</ele>
      </trkpt>
      <trkpt lat="40.32631" lon="-7.60184">
        <ele>1891.21</ele>
      </trkpt>
      <trkpt lat="40.32633" lon="-7.60191">
        <ele>1891.46</ele>
      </trkpt>
      <trkpt lat="40.32641" lon="-7.60204">
        <ele>1893.34</ele>
      </trkpt>
      <trkpt lat="40.32655" lon="-7.60217">
        <ele>1893.16</ele>
      </trkpt>
      <trkpt lat="40.32673" lon="-7.60228">
        <ele>1893.16</ele>
      </trkpt>
      <trkpt lat="40.32705" lon="-7.60247">
        <ele>1898.51</ele>
      </trkpt>
      <trkpt lat="40.32717" lon="-7.60257">
        <ele>1900.86</ele>
      </trkpt>
      <trkpt lat="40.32722" lon="-7.60264">
        <ele>1903.54</ele>
      </trkpt>
      <trkpt lat="40.32727" lon="-7.60272">
        <ele>1905.42</ele>
      </trkpt>
      <trkpt lat="40.32761" lon="-7.60375">
        <ele>1919.23</ele>
      </trkpt>
      <trkpt lat="40.32764" lon="-7.60387">
        <ele>1921.06</ele>
      </trkpt>
      <trkpt lat="40.32765" lon="-7.60396">
        <ele>1921.91</ele>
      </trkpt>
      <trkpt lat="40.32765" lon="-7.60407">
        <ele>1922.98</ele>
      </trkpt>
      <trkpt lat="40.32764" lon="-7.60415">
        <ele>1923.84</ele>
      </trkpt>
      <trkpt lat="40.3276" lon="-7.60425">
        <ele>1924.03</ele>
      </trkpt>
      <trkpt lat="40.32756" lon="-7.60433">
        <ele>1923.57</ele>
      </trkpt>
      <trkpt lat="40.32752" lon="-7.60438">
        <ele>1922.88</ele>
      </trkpt>
      <trkpt lat="40.32745" lon="-7.60443">
        <ele>1921.95</ele>
      </trkpt>
      <trkpt lat="40.32739" lon="-7.60447">
        <ele>1921.51</ele>
      </trkpt>
      <trkpt lat="40.32728" lon="-7.60451">
        <ele>1921.43</ele>
      </trkpt>
      <trkpt lat="40.32692" lon="-7.6046">
        <ele>1928.4</ele>
      </trkpt>
      <trkpt lat="40.32684" lon="-7.60464">
        <ele>1930.12</ele>
      </trkpt>
      <trkpt lat="40.32676" lon="-7.6047">
        <ele>1932.08</ele>
      </trkpt>
      <trkpt lat="40.3267" lon="-7.60477">
        <ele>1933.71</ele>
      </trkpt>
      <trkpt lat="40.32667" lon="-7.60484">
        <ele>1934.46</ele>
      </trkpt>
      <trkpt lat="40.32664" lon="-7.60492">
        <ele>1934.93</ele>
      </trkpt>
      <trkpt lat="40.32663" lon="-7.605">
        <ele>1934.92</ele>
      </trkpt>
      <trkpt lat="40.32663" lon="-7.60509">
        <ele>1934.56</ele>
      </trkpt>
      <trkpt lat="40.32665" lon="-7.60519">
        <ele>1933.69</ele>
      </trkpt>
      <trkpt lat="40.32698" lon="-7.60643">
        <ele>1944.3</ele>
      </trkpt>
      <trkpt lat="40.32703" lon="-7.60659">
        <ele>1946.89</ele>
      </trkpt>
      <trkpt lat="40.32709" lon="-7.6067">
        <ele>1949.57</ele>
      </trkpt>
      <trkpt lat="40.32715" lon="-7.60675">
        <ele>1951.02</ele>
      </trkpt>
      <trkpt lat="40.32721" lon="-7.60678">
        <ele>1952.08</ele>
      </trkpt>
      <trkpt lat="40.32725" lon="-7.60681">
        <ele>1952.55</ele>
      </trkpt>
      <trkpt lat="40.32728" lon="-7.60686">
        <ele>1953.09</ele>
      </trkpt>
      <trkpt lat="40.32729" lon="-7.60692">
        <ele>1953.74</ele>
      </trkpt>
      <trkpt lat="40.32727" lon="-7.60698">
        <ele>1954.23</ele>
      </trkpt>
      <trkpt lat="40.32724" lon="-7.60702">
        <ele>1954.53</ele>
      </trkpt>
      <trkpt lat="40.32719" lon="-7.60703">
        <ele>1954.42</ele>
      </trkpt>
      <trkpt lat="40.32715" lon="-7.60708">
        <ele>1954.58</ele>
      </trkpt>
      <trkpt lat="40.32698" lon="-7.60717">
        <ele>1954.59</ele>
      </trkpt>
      <trkpt lat="40.32673" lon="-7.60734">
        <ele>1958.07</ele>
      </trkpt>
      <trkpt lat="40.32656" lon="-7.60745">
        <ele>1960.27</ele>
      </trkpt>
      <trkpt lat="40.32642" lon="-7.60756">
        <ele>1961.61</ele>
      </trkpt>
      <trkpt lat="40.32629" lon="-7.6077">
        <ele>1962.4</ele>
      </trkpt>
      <trkpt lat="40.32622" lon="-7.6078">
        <ele>1963.13</ele>
      </trkpt>
      <trkpt lat="40.32618" lon="-7.60789">
        <ele>1962.29</ele>
      </trkpt>
      <trkpt lat="40.32554" lon="-7.60956">
        <ele>1971.52</ele>
      </trkpt>
      <trkpt lat="40.32536" lon="-7.6099">
        <ele>1975.65</ele>
      </trkpt>
      <trkpt lat="40.32522" lon="-7.61012">
        <ele>1979.66</ele>
      </trkpt>
      <trkpt lat="40.32505" lon="-7.61035">
        <ele>1983.9</ele>
      </trkpt>
      <trkpt lat="40.32483" lon="-7.61059">
        <ele>1987.02</ele>
      </trkpt>
      <trkpt lat="40.32468" lon="-7.61072">
        <ele>1991.7</ele>
      </trkpt>
      <trkpt lat="40.32286" lon="-7.61216">
        <ele>2007.39</ele>
      </trkpt>
    </trkseg>
  </trk>
</gpx>
