<?xml version="1.0" encoding="UTF-8"?>
<gpx creator="https://gpx.studio" version="1.1" schemaLocation="http://www.topografix.com/GPX/1/1 http://www.topografix.com/GPX/1/1/gpx.xsd http://www.garmin.com/xmlschemas/GpxExtensions/v3 http://www.garmin.com/xmlschemas/GpxExtensionsv3.xsd http://www.garmin.com/xmlschemas/TrackPointExtension/v1 http://www.garmin.com/xmlschemas/TrackPointExtensionv1.xsd http://www.garmin.com/xmlschemas/PowerExtension/v1 http://www.garmin.com/xmlschemas/PowerExtensionv1.xsd http://www.topografix.com/GPX/gpx_style/0/2 http://www.topografix.com/GPX/gpx_style/0/2/gpx_style.xsd" xmlns="http://www.topografix.com/GPX/1/1" xmlns:xsi="http://www.w3.org/2001/XMLSchema-instance" xsi:schemaLocation="http://www.topografix.com/GPX/1/1 http://www.topografix.com/GPX/1/1/gpx.xsd http://www.garmin.com/xmlschemas/GpxExtensions/v3 http://www.garmin.com/xmlschemas/GpxExtensionsv3.xsd http://www.garmin.com/xmlschemas/TrackPointExtension/v1 http://www.garmin.com/xmlschemas/TrackPointExtensionv1.xsd http://www.garmin.com/xmlschemas/PowerExtension/v1 http://www.garmin.com/xmlschemas/PowerExtensionv1.xsd http://www.topografix.com/GPX/gpx_style/0/2 http://www.topografix.com/GPX/gpx_style/0/2/gpx_style.xsd" xmlns:gpxtpx="http://www.garmin.com/xmlschemas/TrackPointExtension/v1" xmlns:gpxx="http://www.garmin.com/xmlschemas/GpxExtensions/v3" xmlns:gpxpx="http://www.garmin.com/xmlschemas/PowerExtension/v1" xmlns:gpx_style="http://www.topografix.com/GPX/gpx_style/0/2">
  <metadata>
    <name>Feira_Régua</name>
    <author>
      <name>gpx.studio</name>
      <link href="https://gpx.studio"/>
    </author>
  </metadata>
  <trk>
    <name>Feira_Régua</name>
    <extensions>
      <gpx_style:line>
        <gpx_style:color>0040ff</gpx_style:color>
      </gpx_style:line>
    </extensions>
    <trkseg>
      <trkpt lat="40.935027" lon="-8.576866">
        <ele>95.28</ele>
      </trkpt>
      <trkpt lat="40.934184" lon="-8.577951">
        <ele>96</ele>
      </trkpt>
      <trkpt lat="40.934138" lon="-8.577994">
        <ele>95.95</ele>
      </trkpt>
      <trkpt lat="40.934083" lon="-8.57801">
        <ele>95.95</ele>
      </trkpt>
      <trkpt lat="40.934024" lon="-8.578008">
        <ele>95.76</ele>
      </trkpt>
      <trkpt lat="40.93398" lon="-8.578005">
        <ele>95.44</ele>
      </trkpt>
      <trkpt lat="40.933929" lon="-8.578018">
        <ele>95.1</ele>
      </trkpt>
      <trkpt lat="40.93385" lon="-8.578123">
        <ele>95.29</ele>
      </trkpt>
      <trkpt lat="40.933815" lon="-8.5782">
        <ele>95.26</ele>
      </trkpt>
      <trkpt lat="40.933828" lon="-8.578265">
        <ele>95.6</ele>
      </trkpt>
      <trkpt lat="40.933825" lon="-8.578341">
        <ele>95.9</ele>
      </trkpt>
      <trkpt lat="40.933803" lon="-8.578407">
        <ele>96</ele>
      </trkpt>
      <trkpt lat="40.933767" lon="-8.57846">
        <ele>96</ele>
      </trkpt>
      <trkpt lat="40.93372" lon="-8.578495">
        <ele>96</ele>
      </trkpt>
      <trkpt lat="40.933669" lon="-8.578508">
        <ele>96</ele>
      </trkpt>
      <trkpt lat="40.933617" lon="-8.578499">
        <ele>95.93</ele>
      </trkpt>
      <trkpt lat="40.93357" lon="-8.578469">
        <ele>95.74</ele>
      </trkpt>
      <trkpt lat="40.933533" lon="-8.578422">
        <ele>95.36</ele>
      </trkpt>
      <trkpt lat="40.933508" lon="-8.578361">
        <ele>95</ele>
      </trkpt>
      <trkpt lat="40.933499" lon="-8.578294">
        <ele>95</ele>
      </trkpt>
      <trkpt lat="40.933382" lon="-8.578107">
        <ele>93.99</ele>
      </trkpt>
      <trkpt lat="40.932029" lon="-8.577347">
        <ele>88.44</ele>
      </trkpt>
      <trkpt lat="40.931778" lon="-8.577206">
        <ele>85.77</ele>
      </trkpt>
      <trkpt lat="40.931084" lon="-8.576804">
        <ele>86.44</ele>
      </trkpt>
      <trkpt lat="40.930871" lon="-8.57672">
        <ele>87.74</ele>
      </trkpt>
      <trkpt lat="40.930766" lon="-8.576666">
        <ele>88.79</ele>
      </trkpt>
      <trkpt lat="40.930624" lon="-8.576628">
        <ele>88.93</ele>
      </trkpt>
      <trkpt lat="40.930498" lon="-8.576626">
        <ele>89.3</ele>
      </trkpt>
      <trkpt lat="40.930395" lon="-8.576652">
        <ele>89.93</ele>
      </trkpt>
      <trkpt lat="40.930296" lon="-8.576712">
        <ele>89.56</ele>
      </trkpt>
      <trkpt lat="40.929664" lon="-8.577043">
        <ele>91.2</ele>
      </trkpt>
      <trkpt lat="40.929478" lon="-8.57706">
        <ele>91.68</ele>
      </trkpt>
      <trkpt lat="40.928197" lon="-8.576533">
        <ele>96.66</ele>
      </trkpt>
      <trkpt lat="40.927928" lon="-8.576386">
        <ele>98.47</ele>
      </trkpt>
      <trkpt lat="40.927274" lon="-8.575673">
        <ele>103.04</ele>
      </trkpt>
      <trkpt lat="40.927173" lon="-8.575602">
        <ele>103.89</ele>
      </trkpt>
      <trkpt lat="40.9271" lon="-8.575567">
        <ele>103.97</ele>
      </trkpt>
      <trkpt lat="40.927074" lon="-8.575555">
        <ele>104</ele>
      </trkpt>
      <trkpt lat="40.926986" lon="-8.575549">
        <ele>104.33</ele>
      </trkpt>
      <trkpt lat="40.926937" lon="-8.5756">
        <ele>104.71</ele>
      </trkpt>
      <trkpt lat="40.926864" lon="-8.575706">
        <ele>104.22</ele>
      </trkpt>
      <trkpt lat="40.926808" lon="-8.575844">
        <ele>104.21</ele>
      </trkpt>
      <trkpt lat="40.926464" lon="-8.57716">
        <ele>104.61</ele>
      </trkpt>
      <trkpt lat="40.926328" lon="-8.577728">
        <ele>103.68</ele>
      </trkpt>
      <trkpt lat="40.92626" lon="-8.578012">
        <ele>100.6</ele>
      </trkpt>
      <trkpt lat="40.926188" lon="-8.578398">
        <ele>100.59</ele>
      </trkpt>
      <trkpt lat="40.926191" lon="-8.578595">
        <ele>99.96</ele>
      </trkpt>
      <trkpt lat="40.926245" lon="-8.578762">
        <ele>98.67</ele>
      </trkpt>
      <trkpt lat="40.9263" lon="-8.578808">
        <ele>99.1</ele>
      </trkpt>
      <trkpt lat="40.926344" lon="-8.57887">
        <ele>98.27</ele>
      </trkpt>
      <trkpt lat="40.926374" lon="-8.578936">
        <ele>97.68</ele>
      </trkpt>
      <trkpt lat="40.926391" lon="-8.57901">
        <ele>97.42</ele>
      </trkpt>
      <trkpt lat="40.926396" lon="-8.579101">
        <ele>97.22</ele>
      </trkpt>
      <trkpt lat="40.926383" lon="-8.57919">
        <ele>97.03</ele>
      </trkpt>
      <trkpt lat="40.926311" lon="-8.579409">
        <ele>96.41</ele>
      </trkpt>
      <trkpt lat="40.926297" lon="-8.579536">
        <ele>95.56</ele>
      </trkpt>
      <trkpt lat="40.926324" lon="-8.579802">
        <ele>94.65</ele>
      </trkpt>
      <trkpt lat="40.92691" lon="-8.58184">
        <ele>84.71</ele>
      </trkpt>
      <trkpt lat="40.926996" lon="-8.582091">
        <ele>83.25</ele>
      </trkpt>
      <trkpt lat="40.927133" lon="-8.58238">
        <ele>82.13</ele>
      </trkpt>
      <trkpt lat="40.927246" lon="-8.582582">
        <ele>81.67</ele>
      </trkpt>
      <trkpt lat="40.927453" lon="-8.582887">
        <ele>80.82</ele>
      </trkpt>
      <trkpt lat="40.928312" lon="-8.583856">
        <ele>78.93</ele>
      </trkpt>
      <trkpt lat="40.928528" lon="-8.584089">
        <ele>77.61</ele>
      </trkpt>
      <trkpt lat="40.928959" lon="-8.584554">
        <ele>78.15</ele>
      </trkpt>
      <trkpt lat="40.929148" lon="-8.584709">
        <ele>78.88</ele>
      </trkpt>
      <trkpt lat="40.929415" lon="-8.58487">
        <ele>79</ele>
      </trkpt>
      <trkpt lat="40.929666" lon="-8.584988">
        <ele>78.35</ele>
      </trkpt>
      <trkpt lat="40.929831" lon="-8.585054">
        <ele>78</ele>
      </trkpt>
      <trkpt lat="40.930034" lon="-8.585103">
        <ele>79.02</ele>
      </trkpt>
      <trkpt lat="40.930183" lon="-8.585114">
        <ele>79.51</ele>
      </trkpt>
      <trkpt lat="40.93048" lon="-8.585105">
        <ele>80.74</ele>
      </trkpt>
      <trkpt lat="40.930789" lon="-8.58502">
        <ele>82.63</ele>
      </trkpt>
      <trkpt lat="40.931253" lon="-8.584838">
        <ele>85.14</ele>
      </trkpt>
      <trkpt lat="40.932023" lon="-8.584405">
        <ele>90.54</ele>
      </trkpt>
      <trkpt lat="40.933562" lon="-8.583539">
        <ele>96.08</ele>
      </trkpt>
      <trkpt lat="40.936838" lon="-8.581742">
        <ele>112.68</ele>
      </trkpt>
      <trkpt lat="40.937164" lon="-8.581624">
        <ele>114</ele>
      </trkpt>
      <trkpt lat="40.937409" lon="-8.58157">
        <ele>114.93</ele>
      </trkpt>
      <trkpt lat="40.937946" lon="-8.581525">
        <ele>116.02</ele>
      </trkpt>
      <trkpt lat="40.938084" lon="-8.581396">
        <ele>117</ele>
      </trkpt>
      <trkpt lat="40.938143" lon="-8.581303">
        <ele>117</ele>
      </trkpt>
      <trkpt lat="40.938197" lon="-8.581152">
        <ele>116.95</ele>
      </trkpt>
      <trkpt lat="40.938277" lon="-8.581023">
        <ele>116.76</ele>
      </trkpt>
      <trkpt lat="40.938379" lon="-8.580925">
        <ele>116.57</ele>
      </trkpt>
      <trkpt lat="40.938497" lon="-8.580865">
        <ele>116</ele>
      </trkpt>
      <trkpt lat="40.938622" lon="-8.580845">
        <ele>116</ele>
      </trkpt>
      <trkpt lat="40.938747" lon="-8.580868">
        <ele>115.9</ele>
      </trkpt>
      <trkpt lat="40.938863" lon="-8.580932">
        <ele>115.08</ele>
      </trkpt>
      <trkpt lat="40.938925" lon="-8.580986">
        <ele>115</ele>
      </trkpt>
      <trkpt lat="40.938979" lon="-8.581053">
        <ele>115</ele>
      </trkpt>
      <trkpt lat="40.939042" lon="-8.581161">
        <ele>115.34</ele>
      </trkpt>
      <trkpt lat="40.939086" lon="-8.581283">
        <ele>115.03</ele>
      </trkpt>
      <trkpt lat="40.93911" lon="-8.581416">
        <ele>114.29</ele>
      </trkpt>
      <trkpt lat="40.93917" lon="-8.581484">
        <ele>114.07</ele>
      </trkpt>
      <trkpt lat="40.939228" lon="-8.581533">
        <ele>114.05</ele>
      </trkpt>
      <trkpt lat="40.939345" lon="-8.581597">
        <ele>114</ele>
      </trkpt>
      <trkpt lat="40.939834" lon="-8.581684">
        <ele>112.32</ele>
      </trkpt>
      <trkpt lat="40.940181" lon="-8.581765">
        <ele>111.29</ele>
      </trkpt>
      <trkpt lat="40.940469" lon="-8.581906">
        <ele>110.75</ele>
      </trkpt>
      <trkpt lat="40.940644" lon="-8.582005">
        <ele>110</ele>
      </trkpt>
      <trkpt lat="40.940838" lon="-8.582142">
        <ele>109.37</ele>
      </trkpt>
      <trkpt lat="40.941162" lon="-8.582442">
        <ele>108.41</ele>
      </trkpt>
      <trkpt lat="40.941366" lon="-8.582631">
        <ele>107.81</ele>
      </trkpt>
      <trkpt lat="40.942238" lon="-8.583495">
        <ele>103.79</ele>
      </trkpt>
      <trkpt lat="40.942673" lon="-8.583927">
        <ele>104.13</ele>
      </trkpt>
      <trkpt lat="40.943545" lon="-8.58479">
        <ele>111</ele>
      </trkpt>
      <trkpt lat="40.943981" lon="-8.585222">
        <ele>107.27</ele>
      </trkpt>
      <trkpt lat="40.944634" lon="-8.58587">
        <ele>104.51</ele>
      </trkpt>
      <trkpt lat="40.945321" lon="-8.586589">
        <ele>104.04</ele>
      </trkpt>
      <trkpt lat="40.94586" lon="-8.587085">
        <ele>104</ele>
      </trkpt>
      <trkpt lat="40.946258" lon="-8.5874">
        <ele>106.47</ele>
      </trkpt>
      <trkpt lat="40.94643" lon="-8.587518">
        <ele>107</ele>
      </trkpt>
      <trkpt lat="40.946721" lon="-8.587669">
        <ele>106</ele>
      </trkpt>
      <trkpt lat="40.947007" lon="-8.587781">
        <ele>104.5</ele>
      </trkpt>
      <trkpt lat="40.947398" lon="-8.587871">
        <ele>101.76</ele>
      </trkpt>
      <trkpt lat="40.947686" lon="-8.587886">
        <ele>98.32</ele>
      </trkpt>
      <trkpt lat="40.947991" lon="-8.587884">
        <ele>97.66</ele>
      </trkpt>
      <trkpt lat="40.948344" lon="-8.587785">
        <ele>100.95</ele>
      </trkpt>
      <trkpt lat="40.948718" lon="-8.587611">
        <ele>95.88</ele>
      </trkpt>
      <trkpt lat="40.949026" lon="-8.587438">
        <ele>89.76</ele>
      </trkpt>
      <trkpt lat="40.949333" lon="-8.587265">
        <ele>86.02</ele>
      </trkpt>
      <trkpt lat="40.950118" lon="-8.586821">
        <ele>84.86</ele>
      </trkpt>
      <trkpt lat="40.95038" lon="-8.586673">
        <ele>86.07</ele>
      </trkpt>
      <trkpt lat="40.950642" lon="-8.586525">
        <ele>89.38</ele>
      </trkpt>
      <trkpt lat="40.950832" lon="-8.586436">
        <ele>88.84</ele>
      </trkpt>
      <trkpt lat="40.951047" lon="-8.586368">
        <ele>86.31</ele>
      </trkpt>
      <trkpt lat="40.951305" lon="-8.586325">
        <ele>85.4</ele>
      </trkpt>
      <trkpt lat="40.951563" lon="-8.586282">
        <ele>86.8</ele>
      </trkpt>
      <trkpt lat="40.951975" lon="-8.586292">
        <ele>89.08</ele>
      </trkpt>
      <trkpt lat="40.952286" lon="-8.58633">
        <ele>91</ele>
      </trkpt>
      <trkpt lat="40.952613" lon="-8.586429">
        <ele>91</ele>
      </trkpt>
      <trkpt lat="40.953109" lon="-8.586637">
        <ele>89</ele>
      </trkpt>
      <trkpt lat="40.953559" lon="-8.586871">
        <ele>92.73</ele>
      </trkpt>
      <trkpt lat="40.953784" lon="-8.586988">
        <ele>96.17</ele>
      </trkpt>
      <trkpt lat="40.954002" lon="-8.587115">
        <ele>98.95</ele>
      </trkpt>
      <trkpt lat="40.95422" lon="-8.587242">
        <ele>98.83</ele>
      </trkpt>
      <trkpt lat="40.95447" lon="-8.587364">
        <ele>97.69</ele>
      </trkpt>
      <trkpt lat="40.955722" lon="-8.587974">
        <ele>99.14</ele>
      </trkpt>
      <trkpt lat="40.956473" lon="-8.588339">
        <ele>102.63</ele>
      </trkpt>
      <trkpt lat="40.95708" lon="-8.588656">
        <ele>106.47</ele>
      </trkpt>
      <trkpt lat="40.95766" lon="-8.588953">
        <ele>107.9</ele>
      </trkpt>
      <trkpt lat="40.957896" lon="-8.589036">
        <ele>109</ele>
      </trkpt>
      <trkpt lat="40.958115" lon="-8.589088">
        <ele>109</ele>
      </trkpt>
      <trkpt lat="40.95842" lon="-8.58916">
        <ele>109</ele>
      </trkpt>
      <trkpt lat="40.958599" lon="-8.589118">
        <ele>109</ele>
      </trkpt>
      <trkpt lat="40.958653" lon="-8.58907">
        <ele>109</ele>
      </trkpt>
      <trkpt lat="40.958742" lon="-8.588882">
        <ele>109</ele>
      </trkpt>
      <trkpt lat="40.958789" lon="-8.588431">
        <ele>109.76</ele>
      </trkpt>
      <trkpt lat="40.958787" lon="-8.588143">
        <ele>110.56</ele>
      </trkpt>
      <trkpt lat="40.958752" lon="-8.587865">
        <ele>110.83</ele>
      </trkpt>
      <trkpt lat="40.958705" lon="-8.587674">
        <ele>111</ele>
      </trkpt>
      <trkpt lat="40.958528" lon="-8.58712">
        <ele>113.65</ele>
      </trkpt>
      <trkpt lat="40.958406" lon="-8.586842">
        <ele>115.35</ele>
      </trkpt>
      <trkpt lat="40.958122" lon="-8.586199">
        <ele>113.63</ele>
      </trkpt>
      <trkpt lat="40.957903" lon="-8.585626">
        <ele>114.64</ele>
      </trkpt>
      <trkpt lat="40.957839" lon="-8.585352">
        <ele>114.14</ele>
      </trkpt>
      <trkpt lat="40.957683" lon="-8.584417">
        <ele>114</ele>
      </trkpt>
      <trkpt lat="40.957679" lon="-8.584192">
        <ele>115</ele>
      </trkpt>
      <trkpt lat="40.957734" lon="-8.58356">
        <ele>116</ele>
      </trkpt>
      <trkpt lat="40.957817" lon="-8.582779">
        <ele>117</ele>
      </trkpt>
      <trkpt lat="40.958033" lon="-8.58032">
        <ele>121.36</ele>
      </trkpt>
      <trkpt lat="40.958062" lon="-8.579945">
        <ele>121.03</ele>
      </trkpt>
      <trkpt lat="40.958103" lon="-8.579556">
        <ele>121.24</ele>
      </trkpt>
      <trkpt lat="40.958131" lon="-8.579392">
        <ele>121.99</ele>
      </trkpt>
      <trkpt lat="40.958378" lon="-8.578338">
        <ele>122</ele>
      </trkpt>
      <trkpt lat="40.958461" lon="-8.577706">
        <ele>122</ele>
      </trkpt>
      <trkpt lat="40.958475" lon="-8.577501">
        <ele>122</ele>
      </trkpt>
      <trkpt lat="40.958491" lon="-8.576739">
        <ele>122</ele>
      </trkpt>
      <trkpt lat="40.95856" lon="-8.576128">
        <ele>123</ele>
      </trkpt>
      <trkpt lat="40.958739" lon="-8.574767">
        <ele>124.93</ele>
      </trkpt>
      <trkpt lat="40.958759" lon="-8.574545">
        <ele>125</ele>
      </trkpt>
      <trkpt lat="40.95876" lon="-8.574327">
        <ele>125</ele>
      </trkpt>
      <trkpt lat="40.958599" lon="-8.573766">
        <ele>124.99</ele>
      </trkpt>
      <trkpt lat="40.958327" lon="-8.572943">
        <ele>124.33</ele>
      </trkpt>
      <trkpt lat="40.95819" lon="-8.572561">
        <ele>123.09</ele>
      </trkpt>
      <trkpt lat="40.957981" lon="-8.571939">
        <ele>121.87</ele>
      </trkpt>
      <trkpt lat="40.957591" lon="-8.570813">
        <ele>114.85</ele>
      </trkpt>
      <trkpt lat="40.957307" lon="-8.569968">
        <ele>113.01</ele>
      </trkpt>
      <trkpt lat="40.957173" lon="-8.569584">
        <ele>110.01</ele>
      </trkpt>
      <trkpt lat="40.956983" lon="-8.569017">
        <ele>108.03</ele>
      </trkpt>
      <trkpt lat="40.956828" lon="-8.568568">
        <ele>110.64</ele>
      </trkpt>
      <trkpt lat="40.956759" lon="-8.568398">
        <ele>111.95</ele>
      </trkpt>
      <trkpt lat="40.956682" lon="-8.568257">
        <ele>112</ele>
      </trkpt>
      <trkpt lat="40.956548" lon="-8.568098">
        <ele>112.94</ele>
      </trkpt>
      <trkpt lat="40.956401" lon="-8.567981">
        <ele>113.38</ele>
      </trkpt>
      <trkpt lat="40.956057" lon="-8.56779">
        <ele>115.7</ele>
      </trkpt>
      <trkpt lat="40.955937" lon="-8.567714">
        <ele>115.9</ele>
      </trkpt>
      <trkpt lat="40.955713" lon="-8.567602">
        <ele>116.8</ele>
      </trkpt>
      <trkpt lat="40.955713" lon="-8.567602">
        <ele>116.8</ele>
      </trkpt>
      <trkpt lat="40.955548" lon="-8.56756">
        <ele>117.88</ele>
      </trkpt>
      <trkpt lat="40.955426" lon="-8.567549">
        <ele>118.56</ele>
      </trkpt>
      <trkpt lat="40.955274" lon="-8.567551">
        <ele>119.27</ele>
      </trkpt>
      <trkpt lat="40.954869" lon="-8.567642">
        <ele>122.32</ele>
      </trkpt>
      <trkpt lat="40.954448" lon="-8.567745">
        <ele>123.5</ele>
      </trkpt>
      <trkpt lat="40.954229" lon="-8.56778">
        <ele>125.19</ele>
      </trkpt>
      <trkpt lat="40.953573" lon="-8.567906">
        <ele>127.7</ele>
      </trkpt>
      <trkpt lat="40.953229" lon="-8.567925">
        <ele>128.44</ele>
      </trkpt>
      <trkpt lat="40.9531" lon="-8.567902">
        <ele>128.84</ele>
      </trkpt>
      <trkpt lat="40.952967" lon="-8.567854">
        <ele>128.68</ele>
      </trkpt>
      <trkpt lat="40.952871" lon="-8.567798">
        <ele>128.5</ele>
      </trkpt>
      <trkpt lat="40.952789" lon="-8.567725">
        <ele>128.96</ele>
      </trkpt>
      <trkpt lat="40.952385" lon="-8.567244">
        <ele>129</ele>
      </trkpt>
      <trkpt lat="40.951048" lon="-8.565533">
        <ele>126.14</ele>
      </trkpt>
      <trkpt lat="40.949844" lon="-8.563995">
        <ele>129.33</ele>
      </trkpt>
      <trkpt lat="40.949755" lon="-8.563899">
        <ele>129.11</ele>
      </trkpt>
      <trkpt lat="40.94965" lon="-8.563818">
        <ele>129.58</ele>
      </trkpt>
      <trkpt lat="40.949456" lon="-8.563734">
        <ele>130.07</ele>
      </trkpt>
      <trkpt lat="40.948576" lon="-8.563464">
        <ele>133</ele>
      </trkpt>
      <trkpt lat="40.948782" lon="-8.563158">
        <ele>133.22</ele>
      </trkpt>
      <trkpt lat="40.949308" lon="-8.562405">
        <ele>134</ele>
      </trkpt>
      <trkpt lat="40.950034" lon="-8.561208">
        <ele>136.77</ele>
      </trkpt>
      <trkpt lat="40.950834" lon="-8.559987">
        <ele>143</ele>
      </trkpt>
      <trkpt lat="40.95183" lon="-8.558496">
        <ele>146.95</ele>
      </trkpt>
      <trkpt lat="40.952031" lon="-8.558157">
        <ele>147.43</ele>
      </trkpt>
      <trkpt lat="40.952808" lon="-8.556172">
        <ele>151.43</ele>
      </trkpt>
      <trkpt lat="40.953175" lon="-8.55523">
        <ele>155.63</ele>
      </trkpt>
      <trkpt lat="40.953211" lon="-8.555131">
        <ele>156</ele>
      </trkpt>
      <trkpt lat="40.953233" lon="-8.555003">
        <ele>156</ele>
      </trkpt>
      <trkpt lat="40.95324" lon="-8.554852">
        <ele>156.52</ele>
      </trkpt>
      <trkpt lat="40.953219" lon="-8.554805">
        <ele>156.57</ele>
      </trkpt>
      <trkpt lat="40.953208" lon="-8.554753">
        <ele>156.49</ele>
      </trkpt>
      <trkpt lat="40.953207" lon="-8.554698">
        <ele>156.48</ele>
      </trkpt>
      <trkpt lat="40.95311" lon="-8.554418">
        <ele>155.73</ele>
      </trkpt>
      <trkpt lat="40.952557" lon="-8.553787">
        <ele>151.48</ele>
      </trkpt>
      <trkpt lat="40.952557" lon="-8.553787">
        <ele>151.48</ele>
      </trkpt>
      <trkpt lat="40.952523" lon="-8.553749">
        <ele>151.22</ele>
      </trkpt>
      <trkpt lat="40.952391" lon="-8.553935">
        <ele>150.01</ele>
      </trkpt>
      <trkpt lat="40.951871" lon="-8.554845">
        <ele>146.2</ele>
      </trkpt>
      <trkpt lat="40.951511" lon="-8.555522">
        <ele>145.43</ele>
      </trkpt>
      <trkpt lat="40.951423" lon="-8.55573">
        <ele>144.9</ele>
      </trkpt>
      <trkpt lat="40.950182" lon="-8.557502">
        <ele>139</ele>
      </trkpt>
      <trkpt lat="40.949376" lon="-8.55857">
        <ele>136.74603502540447</ele>
      </trkpt>
      <trkpt lat="40.949079902513745" lon="-8.558993339538574">
        <ele>135.76855468750273</ele>
      </trkpt>
      <trkpt lat="40.94872734832571" lon="-8.559362871391421">
        <ele>136.0064372788939</ele>
      </trkpt>
      <trkpt lat="40.94869093780031" lon="-8.559401035308838">
        <ele>136.135131836031</ele>
      </trkpt>
      <trkpt lat="40.948382190537615" lon="-8.55983385523907">
        <ele>135.803602315638</ele>
      </trkpt>
      <trkpt lat="40.94813990053413" lon="-8.560173511505127">
        <ele>135.134765625</ele>
      </trkpt>
      <trkpt lat="40.94786524654178" lon="-8.560644885975394">
        <ele>133.61413143402785</ele>
      </trkpt>
      <trkpt lat="40.94759059254944" lon="-8.561116260445662">
        <ele>132.73106343338566</ele>
      </trkpt>
      <trkpt lat="40.94731593855709" lon="-8.561587634915927">
        <ele>133.14154026551432</ele>
      </trkpt>
      <trkpt lat="40.947264714248064" lon="-8.561675548553467">
        <ele>133.4765625</ele>
      </trkpt>
      <trkpt lat="40.94699337010724" lon="-8.562150264848247">
        <ele>134.98070162469958</ele>
      </trkpt>
      <trkpt lat="40.94672202596643" lon="-8.56262498114303">
        <ele>136.3901197360089</ele>
      </trkpt>
      <trkpt lat="40.94645068182561" lon="-8.56309969743781">
        <ele>138.1363502180858</ele>
      </trkpt>
      <trkpt lat="40.946357101403265" lon="-8.563263416290283">
        <ele>138.08557128906415</ele>
      </trkpt>
      <trkpt lat="40.94591196053391" lon="-8.563347607078988">
        <ele>137.63629745245865</ele>
      </trkpt>
      <trkpt lat="40.94578983704048" lon="-8.563370704650879">
        <ele>137.1727294921875</ele>
      </trkpt>
      <trkpt lat="40.94535434433227" lon="-8.563222447754184">
        <ele>135.89183218908212</ele>
      </trkpt>
      <trkpt lat="40.944918851624074" lon="-8.563074190857488">
        <ele>132.18006441123924</ele>
      </trkpt>
      <trkpt lat="40.944655293696314" lon="-8.562984466552734">
        <ele>130.4458007811586</ele>
      </trkpt>
      <trkpt lat="40.944241990774955" lon="-8.562749965444075">
        <ele>128.04575183924925</ele>
      </trkpt>
      <trkpt lat="40.94386110175802" lon="-8.562533855438232">
        <ele>125.67187499984902</ele>
      </trkpt>
      <trkpt lat="40.94342719816752" lon="-8.562377650553652">
        <ele>122.87226693533492</ele>
      </trkpt>
      <trkpt lat="40.942993294577015" lon="-8.562221445669069">
        <ele>120.73296062194476</ele>
      </trkpt>
      <trkpt lat="40.94255939098652" lon="-8.562065240784488">
        <ele>118.85706765733946</ele>
      </trkpt>
      <trkpt lat="40.94212548739602" lon="-8.561909035899907">
        <ele>116.50662997393972</ele>
      </trkpt>
      <trkpt lat="40.942013352943775" lon="-8.561868667602539">
        <ele>115.904296875</ele>
      </trkpt>
      <trkpt lat="40.94156369276191" lon="-8.561868667602539">
        <ele>114.6703228118713</ele>
      </trkpt>
      <trkpt lat="40.94151088599281" lon="-8.561868667602539">
        <ele>114.4599609375573</ele>
      </trkpt>
      <trkpt lat="40.94106551572816" lon="-8.561950697539256">
        <ele>112.22393136729274</ele>
      </trkpt>
      <trkpt lat="40.94062014546351" lon="-8.562032727475973">
        <ele>108.82776760023239</ele>
      </trkpt>
      <trkpt lat="40.94017477519886" lon="-8.562114757412692">
        <ele>107.13421900671767</ele>
      </trkpt>
      <trkpt lat="40.93972940493421" lon="-8.562196787349409">
        <ele>107.03254557811445</ele>
      </trkpt>
      <trkpt lat="40.93964686229748" lon="-8.562211990356445">
        <ele>106.95703125001</ele>
      </trkpt>
      <trkpt lat="40.939647" lon="-8.562232">
        <ele>106.86</ele>
      </trkpt>
      <trkpt lat="40.939617" lon="-8.562233">
        <ele>106.8</ele>
      </trkpt>
      <trkpt lat="40.939429" lon="-8.562187">
        <ele>107</ele>
      </trkpt>
      <trkpt lat="40.939296" lon="-8.562094">
        <ele>107</ele>
      </trkpt>
      <trkpt lat="40.939179" lon="-8.561972">
        <ele>107</ele>
      </trkpt>
      <trkpt lat="40.938958" lon="-8.561707">
        <ele>107</ele>
      </trkpt>
      <trkpt lat="40.938506" lon="-8.561136">
        <ele>107.06</ele>
      </trkpt>
      <trkpt lat="40.93779" lon="-8.560194">
        <ele>107.12</ele>
      </trkpt>
      <trkpt lat="40.937518" lon="-8.55986">
        <ele>109.59</ele>
      </trkpt>
      <trkpt lat="40.937309" lon="-8.559701">
        <ele>110.46</ele>
      </trkpt>
      <trkpt lat="40.937172" lon="-8.559654">
        <ele>111.53</ele>
      </trkpt>
      <trkpt lat="40.936916" lon="-8.559637">
        <ele>112.79</ele>
      </trkpt>
      <trkpt lat="40.936665" lon="-8.559654">
        <ele>114.25</ele>
      </trkpt>
      <trkpt lat="40.936033" lon="-8.55964">
        <ele>118.67</ele>
      </trkpt>
      <trkpt lat="40.935426" lon="-8.559543">
        <ele>122.94</ele>
      </trkpt>
      <trkpt lat="40.934572" lon="-8.559368">
        <ele>127</ele>
      </trkpt>
      <trkpt lat="40.934307" lon="-8.559321">
        <ele>128.99</ele>
      </trkpt>
      <trkpt lat="40.934108" lon="-8.55927">
        <ele>129.55</ele>
      </trkpt>
      <trkpt lat="40.933949" lon="-8.559167">
        <ele>130.9</ele>
      </trkpt>
      <trkpt lat="40.933792" lon="-8.559008">
        <ele>132.53</ele>
      </trkpt>
      <trkpt lat="40.933686" lon="-8.558819">
        <ele>133.15</ele>
      </trkpt>
      <trkpt lat="40.932991" lon="-8.557124">
        <ele>140.5</ele>
      </trkpt>
      <trkpt lat="40.932904" lon="-8.556956">
        <ele>141.48</ele>
      </trkpt>
      <trkpt lat="40.932818" lon="-8.55683">
        <ele>142.21</ele>
      </trkpt>
      <trkpt lat="40.932402" lon="-8.556381">
        <ele>144.69</ele>
      </trkpt>
      <trkpt lat="40.932242" lon="-8.556192">
        <ele>145.2</ele>
      </trkpt>
      <trkpt lat="40.932183" lon="-8.556108">
        <ele>145.54</ele>
      </trkpt>
      <trkpt lat="40.932095" lon="-8.555898">
        <ele>145.63</ele>
      </trkpt>
      <trkpt lat="40.932033" lon="-8.555645">
        <ele>146.1</ele>
      </trkpt>
      <trkpt lat="40.932014" lon="-8.55549">
        <ele>147</ele>
      </trkpt>
      <trkpt lat="40.931843" lon="-8.553365">
        <ele>153.39</ele>
      </trkpt>
      <trkpt lat="40.931794" lon="-8.552845">
        <ele>156.29</ele>
      </trkpt>
      <trkpt lat="40.931752" lon="-8.552691">
        <ele>156.87</ele>
      </trkpt>
      <trkpt lat="40.931683" lon="-8.552535">
        <ele>157.15</ele>
      </trkpt>
      <trkpt lat="40.931612" lon="-8.552405">
        <ele>157.25</ele>
      </trkpt>
      <trkpt lat="40.931525" lon="-8.552271">
        <ele>158.15</ele>
      </trkpt>
      <trkpt lat="40.931439" lon="-8.552234">
        <ele>157.93</ele>
      </trkpt>
      <trkpt lat="40.931414" lon="-8.552243">
        <ele>157.88</ele>
      </trkpt>
      <trkpt lat="40.931363" lon="-8.552238">
        <ele>157.91</ele>
      </trkpt>
      <trkpt lat="40.931315" lon="-8.552196">
        <ele>158.15</ele>
      </trkpt>
      <trkpt lat="40.931298" lon="-8.552161">
        <ele>158.3</ele>
      </trkpt>
      <trkpt lat="40.931289" lon="-8.552121">
        <ele>158.46</ele>
      </trkpt>
      <trkpt lat="40.931289" lon="-8.552079">
        <ele>158.65</ele>
      </trkpt>
      <trkpt lat="40.931226" lon="-8.551952">
        <ele>158.86</ele>
      </trkpt>
      <trkpt lat="40.930819" lon="-8.551462">
        <ele>158.58</ele>
      </trkpt>
      <trkpt lat="40.930598" lon="-8.551158">
        <ele>159</ele>
      </trkpt>
      <trkpt lat="40.930299" lon="-8.550705">
        <ele>160.66</ele>
      </trkpt>
      <trkpt lat="40.930135" lon="-8.55045">
        <ele>159.63</ele>
      </trkpt>
      <trkpt lat="40.930104" lon="-8.550421">
        <ele>159.35</ele>
      </trkpt>
      <trkpt lat="40.929962" lon="-8.550364">
        <ele>159</ele>
      </trkpt>
      <trkpt lat="40.929928" lon="-8.550368">
        <ele>159</ele>
      </trkpt>
      <trkpt lat="40.929896" lon="-8.550357">
        <ele>159</ele>
      </trkpt>
      <trkpt lat="40.929867" lon="-8.550333">
        <ele>159</ele>
      </trkpt>
      <trkpt lat="40.929847" lon="-8.550298">
        <ele>159</ele>
      </trkpt>
      <trkpt lat="40.929836" lon="-8.550256">
        <ele>159</ele>
      </trkpt>
      <trkpt lat="40.929836" lon="-8.550212">
        <ele>159</ele>
      </trkpt>
      <trkpt lat="40.929847" lon="-8.55017">
        <ele>159</ele>
      </trkpt>
      <trkpt lat="40.929867" lon="-8.550135">
        <ele>159</ele>
      </trkpt>
      <trkpt lat="40.92985" lon="-8.549975">
        <ele>159.03</ele>
      </trkpt>
      <trkpt lat="40.929821" lon="-8.549907">
        <ele>158.99</ele>
      </trkpt>
      <trkpt lat="40.929764" lon="-8.549807">
        <ele>158.14</ele>
      </trkpt>
      <trkpt lat="40.92958" lon="-8.549439">
        <ele>158.34</ele>
      </trkpt>
      <trkpt lat="40.929053" lon="-8.548308">
        <ele>155.57</ele>
      </trkpt>
      <trkpt lat="40.929001" lon="-8.548254">
        <ele>155.23</ele>
      </trkpt>
      <trkpt lat="40.928969" lon="-8.548242">
        <ele>155.2</ele>
      </trkpt>
      <trkpt lat="40.928923" lon="-8.548223">
        <ele>155.14</ele>
      </trkpt>
      <trkpt lat="40.928839" lon="-8.548238">
        <ele>154.93</ele>
      </trkpt>
      <trkpt lat="40.928814" lon="-8.54827">
        <ele>154.71</ele>
      </trkpt>
      <trkpt lat="40.928752" lon="-8.548302">
        <ele>154.05</ele>
      </trkpt>
      <trkpt lat="40.928686" lon="-8.548301">
        <ele>153.35</ele>
      </trkpt>
      <trkpt lat="40.92858" lon="-8.548381">
        <ele>151.96</ele>
      </trkpt>
      <trkpt lat="40.92855" lon="-8.548468">
        <ele>151.71</ele>
      </trkpt>
      <trkpt lat="40.92854" lon="-8.548574">
        <ele>151.63</ele>
      </trkpt>
      <trkpt lat="40.928558" lon="-8.55159">
        <ele>144.52</ele>
      </trkpt>
      <trkpt lat="40.928573" lon="-8.551692">
        <ele>144.07</ele>
      </trkpt>
      <trkpt lat="40.928576" lon="-8.551985">
        <ele>143.94</ele>
      </trkpt>
      <trkpt lat="40.928561" lon="-8.552059">
        <ele>143.75</ele>
      </trkpt>
      <trkpt lat="40.928558" lon="-8.552825">
        <ele>142</ele>
      </trkpt>
      <trkpt lat="40.928553" lon="-8.553679">
        <ele>143.73</ele>
      </trkpt>
      <trkpt lat="40.928495" lon="-8.55417">
        <ele>144.28</ele>
      </trkpt>
      <trkpt lat="40.928241" lon="-8.555269">
        <ele>144.56</ele>
      </trkpt>
      <trkpt lat="40.928021" lon="-8.556062">
        <ele>144</ele>
      </trkpt>
      <trkpt lat="40.927984" lon="-8.556166">
        <ele>144</ele>
      </trkpt>
      <trkpt lat="40.927018" lon="-8.557677">
        <ele>139.91</ele>
      </trkpt>
      <trkpt lat="40.927" lon="-8.557674">
        <ele>139.78</ele>
      </trkpt>
      <trkpt lat="40.927" lon="-8.557674">
        <ele>139.78</ele>
      </trkpt>
      <trkpt lat="40.9269" lon="-8.557662">
        <ele>139.01</ele>
      </trkpt>
      <trkpt lat="40.926552" lon="-8.556311">
        <ele>137.75</ele>
      </trkpt>
      <trkpt lat="40.926319" lon="-8.555368">
        <ele>138</ele>
      </trkpt>
      <trkpt lat="40.926278" lon="-8.554782">
        <ele>137.22</ele>
      </trkpt>
      <trkpt lat="40.926199" lon="-8.553892">
        <ele>136</ele>
      </trkpt>
      <trkpt lat="40.926089" lon="-8.552513">
        <ele>134</ele>
      </trkpt>
      <trkpt lat="40.926068" lon="-8.55243">
        <ele>134</ele>
      </trkpt>
      <trkpt lat="40.926018" lon="-8.552422">
        <ele>134</ele>
      </trkpt>
      <trkpt lat="40.925979" lon="-8.55238">
        <ele>134</ele>
      </trkpt>
      <trkpt lat="40.925964" lon="-8.552316">
        <ele>134</ele>
      </trkpt>
      <trkpt lat="40.925977" lon="-8.552252">
        <ele>134</ele>
      </trkpt>
      <trkpt lat="40.925993" lon="-8.552226">
        <ele>134</ele>
      </trkpt>
      <trkpt lat="40.926038" lon="-8.552197">
        <ele>134.05</ele>
      </trkpt>
      <trkpt lat="40.926037" lon="-8.552097">
        <ele>134.27</ele>
      </trkpt>
      <trkpt lat="40.92589" lon="-8.550283">
        <ele>138</ele>
      </trkpt>
      <trkpt lat="40.925825" lon="-8.549646">
        <ele>139</ele>
      </trkpt>
      <trkpt lat="40.9258" lon="-8.549254">
        <ele>140</ele>
      </trkpt>
      <trkpt lat="40.925699" lon="-8.548056">
        <ele>141.22</ele>
      </trkpt>
      <trkpt lat="40.92569" lon="-8.547887">
        <ele>142</ele>
      </trkpt>
      <trkpt lat="40.925658" lon="-8.547883">
        <ele>142</ele>
      </trkpt>
      <trkpt lat="40.925629" lon="-8.547866">
        <ele>142</ele>
      </trkpt>
      <trkpt lat="40.925607" lon="-8.547836">
        <ele>142</ele>
      </trkpt>
      <trkpt lat="40.925593" lon="-8.547798">
        <ele>142</ele>
      </trkpt>
      <trkpt lat="40.92559" lon="-8.547756">
        <ele>142</ele>
      </trkpt>
      <trkpt lat="40.925598" lon="-8.547715">
        <ele>142</ele>
      </trkpt>
      <trkpt lat="40.925616" lon="-8.54768">
        <ele>142</ele>
      </trkpt>
      <trkpt lat="40.925642" lon="-8.547656">
        <ele>142</ele>
      </trkpt>
      <trkpt lat="40.925673" lon="-8.547645">
        <ele>142</ele>
      </trkpt>
      <trkpt lat="40.925705" lon="-8.547648">
        <ele>142</ele>
      </trkpt>
      <trkpt lat="40.925734" lon="-8.547665">
        <ele>142.02</ele>
      </trkpt>
      <trkpt lat="40.925756" lon="-8.547695">
        <ele>142.07</ele>
      </trkpt>
      <trkpt lat="40.92577" lon="-8.547733">
        <ele>142.03</ele>
      </trkpt>
      <trkpt lat="40.925773" lon="-8.547775">
        <ele>142.05</ele>
      </trkpt>
      <trkpt lat="40.926919" lon="-8.547884">
        <ele>145.16</ele>
      </trkpt>
      <trkpt lat="40.927025" lon="-8.547807">
        <ele>145.97</ele>
      </trkpt>
      <trkpt lat="40.927056" lon="-8.547773">
        <ele>146.03</ele>
      </trkpt>
      <trkpt lat="40.927096" lon="-8.547713">
        <ele>146</ele>
      </trkpt>
      <trkpt lat="40.927127" lon="-8.547632">
        <ele>146</ele>
      </trkpt>
      <trkpt lat="40.927168" lon="-8.547466">
        <ele>146.02</ele>
      </trkpt>
      <trkpt lat="40.927305" lon="-8.545159">
        <ele>139.94</ele>
      </trkpt>
      <trkpt lat="40.927328" lon="-8.545022">
        <ele>139.4</ele>
      </trkpt>
      <trkpt lat="40.927398" lon="-8.544781">
        <ele>139.84</ele>
      </trkpt>
      <trkpt lat="40.927507" lon="-8.544546">
        <ele>139.8</ele>
      </trkpt>
      <trkpt lat="40.927663" lon="-8.54431">
        <ele>140.88</ele>
      </trkpt>
      <trkpt lat="40.927887" lon="-8.543939">
        <ele>142.6</ele>
      </trkpt>
      <trkpt lat="40.928051" lon="-8.543706">
        <ele>142.93</ele>
      </trkpt>
      <trkpt lat="40.930055" lon="-8.541255">
        <ele>145.04</ele>
      </trkpt>
      <trkpt lat="40.930055" lon="-8.541255">
        <ele>145.04</ele>
      </trkpt>
      <trkpt lat="40.930069" lon="-8.541237">
        <ele>145.05</ele>
      </trkpt>
      <trkpt lat="40.930583" lon="-8.541673">
        <ele>150.12</ele>
      </trkpt>
      <trkpt lat="40.93065" lon="-8.541764">
        <ele>150.05</ele>
      </trkpt>
      <trkpt lat="40.930675" lon="-8.541798">
        <ele>150.02</ele>
      </trkpt>
      <trkpt lat="40.930163" lon="-8.544312">
        <ele>153</ele>
      </trkpt>
      <trkpt lat="40.930162" lon="-8.544405">
        <ele>153.06</ele>
      </trkpt>
      <trkpt lat="40.930185" lon="-8.544463">
        <ele>153.26</ele>
      </trkpt>
      <trkpt lat="40.930295" lon="-8.544447">
        <ele>153.94</ele>
      </trkpt>
      <trkpt lat="40.931282" lon="-8.544226">
        <ele>158.37</ele>
      </trkpt>
      <trkpt lat="40.932728" lon="-8.543932">
        <ele>165.65</ele>
      </trkpt>
      <trkpt lat="40.93295" lon="-8.543883">
        <ele>169.06</ele>
      </trkpt>
      <trkpt lat="40.933244" lon="-8.543822">
        <ele>168.18</ele>
      </trkpt>
      <trkpt lat="40.934864" lon="-8.54348">
        <ele>177.47</ele>
      </trkpt>
      <trkpt lat="40.936203" lon="-8.543219">
        <ele>180.21</ele>
      </trkpt>
      <trkpt lat="40.936306" lon="-8.543191">
        <ele>180.31</ele>
      </trkpt>
      <trkpt lat="40.936468" lon="-8.54308">
        <ele>181</ele>
      </trkpt>
      <trkpt lat="40.936511" lon="-8.543041">
        <ele>181</ele>
      </trkpt>
      <trkpt lat="40.9366" lon="-8.542927">
        <ele>181.67</ele>
      </trkpt>
      <trkpt lat="40.936655" lon="-8.542828">
        <ele>182</ele>
      </trkpt>
      <trkpt lat="40.93702" lon="-8.542251">
        <ele>185.89</ele>
      </trkpt>
      <trkpt lat="40.937558" lon="-8.541673">
        <ele>189.06</ele>
      </trkpt>
      <trkpt lat="40.937668" lon="-8.541528">
        <ele>191.51</ele>
      </trkpt>
      <trkpt lat="40.937926" lon="-8.5411">
        <ele>193.44</ele>
      </trkpt>
      <trkpt lat="40.93814" lon="-8.540821">
        <ele>194.73</ele>
      </trkpt>
      <trkpt lat="40.938286" lon="-8.540643">
        <ele>195.51</ele>
      </trkpt>
      <trkpt lat="40.938348" lon="-8.540542">
        <ele>196</ele>
      </trkpt>
      <trkpt lat="40.938423" lon="-8.540455">
        <ele>195.87</ele>
      </trkpt>
      <trkpt lat="40.938451" lon="-8.540378">
        <ele>195.92</ele>
      </trkpt>
      <trkpt lat="40.938482" lon="-8.540343">
        <ele>195.99</ele>
      </trkpt>
      <trkpt lat="40.938519" lon="-8.540322">
        <ele>195.92</ele>
      </trkpt>
      <trkpt lat="40.938733" lon="-8.540053">
        <ele>194.98</ele>
      </trkpt>
      <trkpt lat="40.939305" lon="-8.539137">
        <ele>193</ele>
      </trkpt>
      <trkpt lat="40.939332" lon="-8.539062">
        <ele>193</ele>
      </trkpt>
      <trkpt lat="40.939339" lon="-8.539006">
        <ele>193</ele>
      </trkpt>
      <trkpt lat="40.939361" lon="-8.538957">
        <ele>192.88</ele>
      </trkpt>
      <trkpt lat="40.939393" lon="-8.538921">
        <ele>192.67</ele>
      </trkpt>
      <trkpt lat="40.939433" lon="-8.538901">
        <ele>192.55</ele>
      </trkpt>
      <trkpt lat="40.939699" lon="-8.538501">
        <ele>192.11</ele>
      </trkpt>
      <trkpt lat="40.939915" lon="-8.53813">
        <ele>190.91</ele>
      </trkpt>
      <trkpt lat="40.939959" lon="-8.538066">
        <ele>189.72</ele>
      </trkpt>
      <trkpt lat="40.940079" lon="-8.537902">
        <ele>188.85</ele>
      </trkpt>
      <trkpt lat="40.940326" lon="-8.537577">
        <ele>190.85</ele>
      </trkpt>
      <trkpt lat="40.941195" lon="-8.536626">
        <ele>190.34</ele>
      </trkpt>
      <trkpt lat="40.941861" lon="-8.535904">
        <ele>193.13</ele>
      </trkpt>
      <trkpt lat="40.942051" lon="-8.53568">
        <ele>194</ele>
      </trkpt>
      <trkpt lat="40.942171" lon="-8.535488">
        <ele>194.67</ele>
      </trkpt>
      <trkpt lat="40.942211" lon="-8.535223">
        <ele>195</ele>
      </trkpt>
      <trkpt lat="40.942183" lon="-8.535138">
        <ele>195.21</ele>
      </trkpt>
      <trkpt lat="40.942182" lon="-8.535044">
        <ele>195.54</ele>
      </trkpt>
      <trkpt lat="40.942209" lon="-8.534955">
        <ele>195.82</ele>
      </trkpt>
      <trkpt lat="40.942257" lon="-8.53489">
        <ele>196.19</ele>
      </trkpt>
      <trkpt lat="40.942323" lon="-8.534852">
        <ele>196.7</ele>
      </trkpt>
      <trkpt lat="40.942388" lon="-8.534851">
        <ele>197</ele>
      </trkpt>
      <trkpt lat="40.942531" lon="-8.534717">
        <ele>197</ele>
      </trkpt>
      <trkpt lat="40.942839" lon="-8.534149">
        <ele>200.67</ele>
      </trkpt>
      <trkpt lat="40.94303" lon="-8.533838">
        <ele>203.13</ele>
      </trkpt>
      <trkpt lat="40.943125" lon="-8.533709">
        <ele>204.51</ele>
      </trkpt>
      <trkpt lat="40.943177" lon="-8.533656">
        <ele>205.24</ele>
      </trkpt>
      <trkpt lat="40.943321" lon="-8.53354">
        <ele>206.39</ele>
      </trkpt>
      <trkpt lat="40.943929" lon="-8.533148">
        <ele>209.06</ele>
      </trkpt>
      <trkpt lat="40.944809" lon="-8.532553">
        <ele>214.74</ele>
      </trkpt>
      <trkpt lat="40.946204" lon="-8.531596">
        <ele>223.54</ele>
      </trkpt>
      <trkpt lat="40.946381" lon="-8.531622">
        <ele>224.94</ele>
      </trkpt>
      <trkpt lat="40.947119" lon="-8.531687">
        <ele>228.24</ele>
      </trkpt>
      <trkpt lat="40.947454" lon="-8.531531">
        <ele>230.42</ele>
      </trkpt>
      <trkpt lat="40.947601" lon="-8.531296">
        <ele>232.67</ele>
      </trkpt>
      <trkpt lat="40.94766" lon="-8.530958">
        <ele>234.14</ele>
      </trkpt>
      <trkpt lat="40.947188" lon="-8.529368">
        <ele>239.98</ele>
      </trkpt>
      <trkpt lat="40.946568" lon="-8.528222">
        <ele>245.25</ele>
      </trkpt>
      <trkpt lat="40.945825" lon="-8.526675">
        <ele>253.72</ele>
      </trkpt>
      <trkpt lat="40.945527" lon="-8.526057">
        <ele>254.47</ele>
      </trkpt>
      <trkpt lat="40.94523" lon="-8.525438">
        <ele>259.86</ele>
      </trkpt>
      <trkpt lat="40.945065" lon="-8.525047">
        <ele>263.61</ele>
      </trkpt>
      <trkpt lat="40.945016" lon="-8.524806">
        <ele>264.27</ele>
      </trkpt>
      <trkpt lat="40.944998" lon="-8.524573">
        <ele>264.58</ele>
      </trkpt>
      <trkpt lat="40.945004" lon="-8.524248">
        <ele>265.68</ele>
      </trkpt>
      <trkpt lat="40.945027" lon="-8.524097">
        <ele>266.55</ele>
      </trkpt>
      <trkpt lat="40.945076" lon="-8.523952">
        <ele>267.78</ele>
      </trkpt>
      <trkpt lat="40.945203" lon="-8.523802">
        <ele>268.87</ele>
      </trkpt>
      <trkpt lat="40.945326" lon="-8.523747">
        <ele>269.82</ele>
      </trkpt>
      <trkpt lat="40.946689" lon="-8.523413">
        <ele>274.5</ele>
      </trkpt>
      <trkpt lat="40.947109" lon="-8.523337">
        <ele>275.55</ele>
      </trkpt>
      <trkpt lat="40.947316" lon="-8.523181">
        <ele>276.87</ele>
      </trkpt>
      <trkpt lat="40.94831" lon="-8.522373">
        <ele>281.79</ele>
      </trkpt>
      <trkpt lat="40.948835" lon="-8.521826">
        <ele>284.86</ele>
      </trkpt>
      <trkpt lat="40.949542" lon="-8.52109">
        <ele>289</ele>
      </trkpt>
      <trkpt lat="40.95004" lon="-8.519857">
        <ele>295.28</ele>
      </trkpt>
      <trkpt lat="40.950386" lon="-8.519637">
        <ele>298.01</ele>
      </trkpt>
      <trkpt lat="40.950878" lon="-8.51952">
        <ele>300.74</ele>
      </trkpt>
      <trkpt lat="40.951204" lon="-8.519606">
        <ele>303.11</ele>
      </trkpt>
      <trkpt lat="40.95142" lon="-8.519686">
        <ele>304.89</ele>
      </trkpt>
      <trkpt lat="40.951551" lon="-8.519725">
        <ele>305.73</ele>
      </trkpt>
      <trkpt lat="40.951752" lon="-8.519651">
        <ele>308.28</ele>
      </trkpt>
      <trkpt lat="40.951844" lon="-8.519659">
        <ele>308.99</ele>
      </trkpt>
      <trkpt lat="40.951891" lon="-8.519689">
        <ele>309.36</ele>
      </trkpt>
      <trkpt lat="40.952046" lon="-8.519891">
        <ele>309</ele>
      </trkpt>
      <trkpt lat="40.952091" lon="-8.519915">
        <ele>309</ele>
      </trkpt>
      <trkpt lat="40.952267" lon="-8.519997">
        <ele>309.36</ele>
      </trkpt>
      <trkpt lat="40.952319" lon="-8.520043">
        <ele>309.09</ele>
      </trkpt>
      <trkpt lat="40.952454" lon="-8.520062">
        <ele>308.99</ele>
      </trkpt>
      <trkpt lat="40.952643" lon="-8.520072">
        <ele>308</ele>
      </trkpt>
      <trkpt lat="40.952884" lon="-8.520005">
        <ele>307.31</ele>
      </trkpt>
      <trkpt lat="40.953742" lon="-8.519695">
        <ele>303.34</ele>
      </trkpt>
      <trkpt lat="40.953994" lon="-8.519611">
        <ele>302.46</ele>
      </trkpt>
      <trkpt lat="40.954353" lon="-8.519527">
        <ele>301.91</ele>
      </trkpt>
      <trkpt lat="40.955615" lon="-8.519299">
        <ele>301</ele>
      </trkpt>
      <trkpt lat="40.956085" lon="-8.519203">
        <ele>301</ele>
      </trkpt>
      <trkpt lat="40.956235" lon="-8.519117">
        <ele>301</ele>
      </trkpt>
      <trkpt lat="40.956328" lon="-8.518967">
        <ele>300.65</ele>
      </trkpt>
      <trkpt lat="40.956564" lon="-8.518219">
        <ele>300</ele>
      </trkpt>
      <trkpt lat="40.956727" lon="-8.517741">
        <ele>299.53</ele>
      </trkpt>
      <trkpt lat="40.956801" lon="-8.517607">
        <ele>299</ele>
      </trkpt>
      <trkpt lat="40.956922" lon="-8.517507">
        <ele>299</ele>
      </trkpt>
      <trkpt lat="40.957008" lon="-8.517471">
        <ele>298.97</ele>
      </trkpt>
      <trkpt lat="40.957159" lon="-8.51747">
        <ele>298.14</ele>
      </trkpt>
      <trkpt lat="40.957458" lon="-8.517498">
        <ele>297.08</ele>
      </trkpt>
      <trkpt lat="40.957458" lon="-8.517498">
        <ele>297.08</ele>
      </trkpt>
      <trkpt lat="40.958907" lon="-8.517641">
        <ele>293.88</ele>
      </trkpt>
      <trkpt lat="40.959717" lon="-8.517719">
        <ele>294.24</ele>
      </trkpt>
      <trkpt lat="40.960722" lon="-8.51769">
        <ele>289.74</ele>
      </trkpt>
      <trkpt lat="40.960861" lon="-8.517669">
        <ele>288.69</ele>
      </trkpt>
      <trkpt lat="40.961094" lon="-8.517593">
        <ele>286.67</ele>
      </trkpt>
      <trkpt lat="40.962297" lon="-8.517086">
        <ele>279.59</ele>
      </trkpt>
      <trkpt lat="40.962448" lon="-8.516962">
        <ele>278</ele>
      </trkpt>
      <trkpt lat="40.962522" lon="-8.516864">
        <ele>277.54</ele>
      </trkpt>
      <trkpt lat="40.962627" lon="-8.516593">
        <ele>276.86</ele>
      </trkpt>
      <trkpt lat="40.963156" lon="-8.514943">
        <ele>268.24</ele>
      </trkpt>
      <trkpt lat="40.963357" lon="-8.514327">
        <ele>266.8</ele>
      </trkpt>
      <trkpt lat="40.963444" lon="-8.514155">
        <ele>265.67</ele>
      </trkpt>
      <trkpt lat="40.963493" lon="-8.514092">
        <ele>265.2</ele>
      </trkpt>
      <trkpt lat="40.963567" lon="-8.513994">
        <ele>264.48</ele>
      </trkpt>
      <trkpt lat="40.964345" lon="-8.513467">
        <ele>258.91</ele>
      </trkpt>
      <trkpt lat="40.964681" lon="-8.513243">
        <ele>258.37</ele>
      </trkpt>
      <trkpt lat="40.964883" lon="-8.513088">
        <ele>257.47</ele>
      </trkpt>
      <trkpt lat="40.964993" lon="-8.512979">
        <ele>256.84</ele>
      </trkpt>
      <trkpt lat="40.965122" lon="-8.512767">
        <ele>255.82</ele>
      </trkpt>
      <trkpt lat="40.965195" lon="-8.51255">
        <ele>255.27</ele>
      </trkpt>
      <trkpt lat="40.965244" lon="-8.51234">
        <ele>255.18</ele>
      </trkpt>
      <trkpt lat="40.965263" lon="-8.512041">
        <ele>254.3</ele>
      </trkpt>
      <trkpt lat="40.965231" lon="-8.511804">
        <ele>253.06</ele>
      </trkpt>
      <trkpt lat="40.965188" lon="-8.511624">
        <ele>252.72</ele>
      </trkpt>
      <trkpt lat="40.965128" lon="-8.511468">
        <ele>252.26</ele>
      </trkpt>
      <trkpt lat="40.965044" lon="-8.51136">
        <ele>252.35</ele>
      </trkpt>
      <trkpt lat="40.964882" lon="-8.511237">
        <ele>252.29</ele>
      </trkpt>
      <trkpt lat="40.963679" lon="-8.510874">
        <ele>250.44</ele>
      </trkpt>
      <trkpt lat="40.962513" lon="-8.510517">
        <ele>244.6</ele>
      </trkpt>
      <trkpt lat="40.962243" lon="-8.510429">
        <ele>242.11</ele>
      </trkpt>
      <trkpt lat="40.962176" lon="-8.510378">
        <ele>242.35</ele>
      </trkpt>
      <trkpt lat="40.962064" lon="-8.510239">
        <ele>240.74</ele>
      </trkpt>
      <trkpt lat="40.961925" lon="-8.51">
        <ele>239.47</ele>
      </trkpt>
      <trkpt lat="40.96185" lon="-8.509912">
        <ele>239.04</ele>
      </trkpt>
      <trkpt lat="40.961512" lon="-8.509676">
        <ele>237.2</ele>
      </trkpt>
      <trkpt lat="40.960904" lon="-8.509139">
        <ele>233.83</ele>
      </trkpt>
      <trkpt lat="40.960762" lon="-8.508973">
        <ele>232.2</ele>
      </trkpt>
      <trkpt lat="40.960602" lon="-8.508734">
        <ele>230.49</ele>
      </trkpt>
      <trkpt lat="40.960325" lon="-8.508299">
        <ele>229.89</ele>
      </trkpt>
      <trkpt lat="40.960183" lon="-8.508064">
        <ele>228.47</ele>
      </trkpt>
      <trkpt lat="40.960136" lon="-8.507935">
        <ele>227.17</ele>
      </trkpt>
      <trkpt lat="40.960129" lon="-8.507802">
        <ele>226.22</ele>
      </trkpt>
      <trkpt lat="40.960156" lon="-8.507657">
        <ele>225.62</ele>
      </trkpt>
      <trkpt lat="40.960204" lon="-8.507545">
        <ele>224.78</ele>
      </trkpt>
      <trkpt lat="40.960317" lon="-8.507344">
        <ele>224.41</ele>
      </trkpt>
      <trkpt lat="40.960607" lon="-8.506856">
        <ele>220.33</ele>
      </trkpt>
      <trkpt lat="40.960646" lon="-8.506723">
        <ele>220.74</ele>
      </trkpt>
      <trkpt lat="40.960655" lon="-8.506561">
        <ele>221.12</ele>
      </trkpt>
      <trkpt lat="40.96062" lon="-8.506385">
        <ele>222.17</ele>
      </trkpt>
      <trkpt lat="40.960536" lon="-8.506205">
        <ele>222.44</ele>
      </trkpt>
      <trkpt lat="40.960345" lon="-8.505998">
        <ele>221.65</ele>
      </trkpt>
      <trkpt lat="40.959903" lon="-8.505556">
        <ele>221.32</ele>
      </trkpt>
      <trkpt lat="40.959778" lon="-8.505416">
        <ele>220.02</ele>
      </trkpt>
      <trkpt lat="40.959695" lon="-8.505261">
        <ele>217.84</ele>
      </trkpt>
      <trkpt lat="40.959622" lon="-8.505084">
        <ele>216.57</ele>
      </trkpt>
      <trkpt lat="40.959549" lon="-8.504976">
        <ele>216.14</ele>
      </trkpt>
      <trkpt lat="40.95943" lon="-8.504909">
        <ele>217.21</ele>
      </trkpt>
      <trkpt lat="40.959164" lon="-8.504845">
        <ele>216.7</ele>
      </trkpt>
      <trkpt lat="40.959032" lon="-8.504802">
        <ele>215.97</ele>
      </trkpt>
      <trkpt lat="40.958946" lon="-8.504741">
        <ele>215.1</ele>
      </trkpt>
      <trkpt lat="40.958876" lon="-8.504653">
        <ele>214</ele>
      </trkpt>
      <trkpt lat="40.958733" lon="-8.504378">
        <ele>212.05</ele>
      </trkpt>
      <trkpt lat="40.958669" lon="-8.50432">
        <ele>211.54</ele>
      </trkpt>
      <trkpt lat="40.958131" lon="-8.503995">
        <ele>209.31</ele>
      </trkpt>
      <trkpt lat="40.958056" lon="-8.503893">
        <ele>208.01</ele>
      </trkpt>
      <trkpt lat="40.957999" lon="-8.503735">
        <ele>207.66</ele>
      </trkpt>
      <trkpt lat="40.957979" lon="-8.503539">
        <ele>206.96</ele>
      </trkpt>
      <trkpt lat="40.957983" lon="-8.503375">
        <ele>206.25</ele>
      </trkpt>
      <trkpt lat="40.958029" lon="-8.503219">
        <ele>205.51</ele>
      </trkpt>
      <trkpt lat="40.958265" lon="-8.502921">
        <ele>203.73</ele>
      </trkpt>
      <trkpt lat="40.958775" lon="-8.502309">
        <ele>200.63</ele>
      </trkpt>
      <trkpt lat="40.959228" lon="-8.501745">
        <ele>195.6</ele>
      </trkpt>
      <trkpt lat="40.959349" lon="-8.501623">
        <ele>194.23</ele>
      </trkpt>
      <trkpt lat="40.959488" lon="-8.501552">
        <ele>194</ele>
      </trkpt>
      <trkpt lat="40.959627" lon="-8.501521">
        <ele>193.3</ele>
      </trkpt>
      <trkpt lat="40.95968" lon="-8.501527">
        <ele>192.82</ele>
      </trkpt>
      <trkpt lat="40.960441" lon="-8.501602">
        <ele>185.98</ele>
      </trkpt>
      <trkpt lat="40.961172" lon="-8.501678">
        <ele>182.77</ele>
      </trkpt>
      <trkpt lat="40.961506" lon="-8.501688">
        <ele>179.51</ele>
      </trkpt>
      <trkpt lat="40.961787" lon="-8.501651">
        <ele>178.85</ele>
      </trkpt>
      <trkpt lat="40.962522" lon="-8.501485">
        <ele>175.83</ele>
      </trkpt>
      <trkpt lat="40.963016" lon="-8.501377">
        <ele>171.78</ele>
      </trkpt>
      <trkpt lat="40.963301" lon="-8.501329">
        <ele>172.07</ele>
      </trkpt>
      <trkpt lat="40.96357" lon="-8.501264">
        <ele>170.94</ele>
      </trkpt>
      <trkpt lat="40.963711" lon="-8.501213">
        <ele>169.65</ele>
      </trkpt>
      <trkpt lat="40.963843" lon="-8.501093">
        <ele>168.53</ele>
      </trkpt>
      <trkpt lat="40.963977" lon="-8.500823">
        <ele>166.73</ele>
      </trkpt>
      <trkpt lat="40.964231" lon="-8.500207">
        <ele>163.58</ele>
      </trkpt>
      <trkpt lat="40.96436" lon="-8.499935">
        <ele>162</ele>
      </trkpt>
      <trkpt lat="40.96448" lon="-8.499748">
        <ele>161.6</ele>
      </trkpt>
      <trkpt lat="40.96465" lon="-8.499594">
        <ele>160.44</ele>
      </trkpt>
      <trkpt lat="40.964812" lon="-8.499514">
        <ele>159.1</ele>
      </trkpt>
      <trkpt lat="40.964975" lon="-8.49949">
        <ele>157.77</ele>
      </trkpt>
      <trkpt lat="40.965149" lon="-8.499521">
        <ele>157.18</ele>
      </trkpt>
      <trkpt lat="40.965658" lon="-8.49968">
        <ele>154.53</ele>
      </trkpt>
      <trkpt lat="40.965775" lon="-8.49964">
        <ele>152.67</ele>
      </trkpt>
      <trkpt lat="40.965863" lon="-8.499552">
        <ele>149.94</ele>
      </trkpt>
      <trkpt lat="40.965879" lon="-8.49951">
        <ele>148.62</ele>
      </trkpt>
      <trkpt lat="40.965898" lon="-8.499462">
        <ele>147.1</ele>
      </trkpt>
      <trkpt lat="40.965979" lon="-8.499216">
        <ele>147.15</ele>
      </trkpt>
      <trkpt lat="40.966036" lon="-8.499061">
        <ele>150.1</ele>
      </trkpt>
      <trkpt lat="40.966094" lon="-8.498975">
        <ele>152.78</ele>
      </trkpt>
      <trkpt lat="40.966164" lon="-8.498905">
        <ele>154.21</ele>
      </trkpt>
      <trkpt lat="40.966353" lon="-8.49875">
        <ele>155.62</ele>
      </trkpt>
      <trkpt lat="40.966573" lon="-8.498477">
        <ele>158.17</ele>
      </trkpt>
      <trkpt lat="40.966783" lon="-8.498177">
        <ele>159.22</ele>
      </trkpt>
      <trkpt lat="40.966865" lon="-8.498029">
        <ele>160.08</ele>
      </trkpt>
      <trkpt lat="40.966901" lon="-8.497842">
        <ele>161.19</ele>
      </trkpt>
      <trkpt lat="40.966931" lon="-8.49749">
        <ele>162.18</ele>
      </trkpt>
      <trkpt lat="40.966944" lon="-8.497156">
        <ele>163.12</ele>
      </trkpt>
      <trkpt lat="40.96694" lon="-8.497038">
        <ele>163.66</ele>
      </trkpt>
      <trkpt lat="40.966915" lon="-8.49689">
        <ele>163.98</ele>
      </trkpt>
      <trkpt lat="40.966824" lon="-8.49645">
        <ele>165.94</ele>
      </trkpt>
      <trkpt lat="40.966778" lon="-8.496169">
        <ele>167.07</ele>
      </trkpt>
      <trkpt lat="40.966767" lon="-8.495876">
        <ele>167.88</ele>
      </trkpt>
      <trkpt lat="40.966796" lon="-8.495567">
        <ele>169.16</ele>
      </trkpt>
      <trkpt lat="40.967053" lon="-8.494139">
        <ele>174.7</ele>
      </trkpt>
      <trkpt lat="40.967079" lon="-8.493864">
        <ele>176.01</ele>
      </trkpt>
      <trkpt lat="40.967055" lon="-8.493706">
        <ele>176.88</ele>
      </trkpt>
      <trkpt lat="40.966895" lon="-8.493311">
        <ele>178.2</ele>
      </trkpt>
      <trkpt lat="40.966836" lon="-8.493142">
        <ele>178.88</ele>
      </trkpt>
      <trkpt lat="40.966822" lon="-8.493006">
        <ele>179.06</ele>
      </trkpt>
      <trkpt lat="40.966838" lon="-8.492845">
        <ele>180.22</ele>
      </trkpt>
      <trkpt lat="40.966874" lon="-8.492724">
        <ele>180.93</ele>
      </trkpt>
      <trkpt lat="40.966927" lon="-8.492644">
        <ele>181.73</ele>
      </trkpt>
      <trkpt lat="40.967317" lon="-8.492239">
        <ele>183.69</ele>
      </trkpt>
      <trkpt lat="40.967535" lon="-8.492023">
        <ele>186.22</ele>
      </trkpt>
      <trkpt lat="40.967649" lon="-8.491874">
        <ele>187.99</ele>
      </trkpt>
      <trkpt lat="40.967699" lon="-8.491765">
        <ele>188.44</ele>
      </trkpt>
      <trkpt lat="40.967721" lon="-8.491641">
        <ele>189.72</ele>
      </trkpt>
      <trkpt lat="40.967724" lon="-8.491521">
        <ele>190.17</ele>
      </trkpt>
      <trkpt lat="40.967665" lon="-8.491056">
        <ele>190.7</ele>
      </trkpt>
      <trkpt lat="40.967671" lon="-8.490941">
        <ele>191.01</ele>
      </trkpt>
      <trkpt lat="40.967695" lon="-8.490865">
        <ele>191.42</ele>
      </trkpt>
      <trkpt lat="40.967788" lon="-8.490731">
        <ele>191.77</ele>
      </trkpt>
      <trkpt lat="40.967952" lon="-8.4906">
        <ele>192.27</ele>
      </trkpt>
      <trkpt lat="40.968135" lon="-8.490496">
        <ele>192.21</ele>
      </trkpt>
      <trkpt lat="40.968278" lon="-8.490415">
        <ele>192.16</ele>
      </trkpt>
      <trkpt lat="40.968402" lon="-8.490367">
        <ele>192.67</ele>
      </trkpt>
      <trkpt lat="40.968509" lon="-8.490364">
        <ele>193.83</ele>
      </trkpt>
      <trkpt lat="40.968577" lon="-8.490391">
        <ele>194.07</ele>
      </trkpt>
      <trkpt lat="40.968672" lon="-8.490471">
        <ele>193.2</ele>
      </trkpt>
      <trkpt lat="40.96925" lon="-8.490983">
        <ele>198.09</ele>
      </trkpt>
      <trkpt lat="40.96938" lon="-8.491048">
        <ele>198.02</ele>
      </trkpt>
      <trkpt lat="40.969653" lon="-8.491074">
        <ele>200.22</ele>
      </trkpt>
      <trkpt lat="40.969882" lon="-8.491076">
        <ele>201.52</ele>
      </trkpt>
      <trkpt lat="40.96998" lon="-8.491053">
        <ele>202.14</ele>
      </trkpt>
      <trkpt lat="40.96998" lon="-8.491053">
        <ele>202.14</ele>
      </trkpt>
      <trkpt lat="40.970052" lon="-8.491018">
        <ele>202.53</ele>
      </trkpt>
      <trkpt lat="40.97013" lon="-8.490951">
        <ele>202.69</ele>
      </trkpt>
      <trkpt lat="40.970206" lon="-8.490852">
        <ele>203.39</ele>
      </trkpt>
      <trkpt lat="40.970459" lon="-8.490301">
        <ele>204.3</ele>
      </trkpt>
      <trkpt lat="40.970459" lon="-8.490301">
        <ele>204.3</ele>
      </trkpt>
      <trkpt lat="40.970495" lon="-8.490219">
        <ele>204.59</ele>
      </trkpt>
      <trkpt lat="40.970649" lon="-8.490036">
        <ele>206.32</ele>
      </trkpt>
      <trkpt lat="40.970732" lon="-8.489957">
        <ele>207</ele>
      </trkpt>
      <trkpt lat="40.97078" lon="-8.489927">
        <ele>207.25</ele>
      </trkpt>
      <trkpt lat="40.97096" lon="-8.489812">
        <ele>208.17</ele>
      </trkpt>
      <trkpt lat="40.971315" lon="-8.489725">
        <ele>210.32</ele>
      </trkpt>
      <trkpt lat="40.971314541164666" lon="-8.489725613281543">
        <ele>210.32384921162404</ele>
      </trkpt>
      <trkpt lat="40.971522" lon="-8.489675">
        <ele>211.82</ele>
      </trkpt>
      <trkpt lat="40.971644" lon="-8.48961">
        <ele>212.03</ele>
      </trkpt>
      <trkpt lat="40.971786" lon="-8.489515">
        <ele>212.8</ele>
      </trkpt>
      <trkpt lat="40.972138" lon="-8.489165">
        <ele>217.18</ele>
      </trkpt>
      <trkpt lat="40.972322" lon="-8.489052">
        <ele>217.29</ele>
      </trkpt>
      <trkpt lat="40.972419" lon="-8.489024">
        <ele>217.62</ele>
      </trkpt>
      <trkpt lat="40.972537" lon="-8.489028">
        <ele>218.14</ele>
      </trkpt>
      <trkpt lat="40.972772" lon="-8.489095">
        <ele>219.17</ele>
      </trkpt>
      <trkpt lat="40.972997" lon="-8.489111">
        <ele>220.71</ele>
      </trkpt>
      <trkpt lat="40.973205" lon="-8.489055">
        <ele>221.74</ele>
      </trkpt>
      <trkpt lat="40.973386" lon="-8.488899">
        <ele>222.16</ele>
      </trkpt>
      <trkpt lat="40.974226" lon="-8.487824">
        <ele>223</ele>
      </trkpt>
      <trkpt lat="40.974295" lon="-8.487676">
        <ele>223</ele>
      </trkpt>
      <trkpt lat="40.974368" lon="-8.48744">
        <ele>222.59</ele>
      </trkpt>
      <trkpt lat="40.974716" lon="-8.485732">
        <ele>218.91</ele>
      </trkpt>
      <trkpt lat="40.974821" lon="-8.485458">
        <ele>218.1</ele>
      </trkpt>
      <trkpt lat="40.97512561985718" lon="-8.484790769196856">
        <ele>218.03334351973785</ele>
      </trkpt>
      <trkpt lat="40.975126" lon="-8.484791">
        <ele>218.02</ele>
      </trkpt>
      <trkpt lat="40.975278" lon="-8.484457">
        <ele>218</ele>
      </trkpt>
      <trkpt lat="40.975448" lon="-8.484187">
        <ele>218</ele>
      </trkpt>
      <trkpt lat="40.975487" lon="-8.484158">
        <ele>218</ele>
      </trkpt>
      <trkpt lat="40.975507" lon="-8.484129">
        <ele>218</ele>
      </trkpt>
      <trkpt lat="40.975515" lon="-8.484098">
        <ele>218</ele>
      </trkpt>
      <trkpt lat="40.975526" lon="-8.484055">
        <ele>218</ele>
      </trkpt>
      <trkpt lat="40.975521" lon="-8.483996">
        <ele>218</ele>
      </trkpt>
      <trkpt lat="40.97562" lon="-8.483738">
        <ele>218.04</ele>
      </trkpt>
      <trkpt lat="40.975703" lon="-8.483595">
        <ele>218.05</ele>
      </trkpt>
      <trkpt lat="40.9757027913526" lon="-8.483594996754594">
        <ele>218.05003531940483</ele>
      </trkpt>
      <trkpt lat="40.975785" lon="-8.483453">
        <ele>218.06</ele>
      </trkpt>
      <trkpt lat="40.975961" lon="-8.483242">
        <ele>218</ele>
      </trkpt>
      <trkpt lat="40.977272" lon="-8.482197">
        <ele>218.1</ele>
      </trkpt>
      <trkpt lat="40.977433" lon="-8.482088">
        <ele>218.77</ele>
      </trkpt>
      <trkpt lat="40.977572" lon="-8.48203">
        <ele>219.4</ele>
      </trkpt>
      <trkpt lat="40.977919" lon="-8.481886">
        <ele>220.99</ele>
      </trkpt>
      <trkpt lat="40.978437" lon="-8.481688">
        <ele>223.82</ele>
      </trkpt>
      <trkpt lat="40.979535" lon="-8.481288">
        <ele>229.53</ele>
      </trkpt>
      <trkpt lat="40.979662" lon="-8.481282">
        <ele>230.18</ele>
      </trkpt>
      <trkpt lat="40.980773" lon="-8.48129">
        <ele>234.6</ele>
      </trkpt>
      <trkpt lat="40.981557" lon="-8.481298">
        <ele>234.14</ele>
      </trkpt>
      <trkpt lat="40.981676" lon="-8.48126">
        <ele>234</ele>
      </trkpt>
      <trkpt lat="40.981784" lon="-8.481208">
        <ele>234</ele>
      </trkpt>
      <trkpt lat="40.982376" lon="-8.480753">
        <ele>234</ele>
      </trkpt>
      <trkpt lat="40.982603" lon="-8.480646">
        <ele>234</ele>
      </trkpt>
      <trkpt lat="40.98311" lon="-8.480433">
        <ele>234.5</ele>
      </trkpt>
      <trkpt lat="40.983344" lon="-8.480362">
        <ele>234.09</ele>
      </trkpt>
      <trkpt lat="40.983505" lon="-8.480353">
        <ele>234</ele>
      </trkpt>
      <trkpt lat="40.983573" lon="-8.480351">
        <ele>234.26</ele>
      </trkpt>
      <trkpt lat="40.983818" lon="-8.480415">
        <ele>234.49</ele>
      </trkpt>
      <trkpt lat="40.984092" lon="-8.480584">
        <ele>234.51</ele>
      </trkpt>
      <trkpt lat="40.986264" lon="-8.48218">
        <ele>234.26</ele>
      </trkpt>
      <trkpt lat="40.986499" lon="-8.482379">
        <ele>234.97</ele>
      </trkpt>
      <trkpt lat="40.986677" lon="-8.482591">
        <ele>234.84</ele>
      </trkpt>
      <trkpt lat="40.986834" lon="-8.482836">
        <ele>234.17</ele>
      </trkpt>
      <trkpt lat="40.987414" lon="-8.483806">
        <ele>234.66</ele>
      </trkpt>
      <trkpt lat="40.987555" lon="-8.483975">
        <ele>233.79</ele>
      </trkpt>
      <trkpt lat="40.987624" lon="-8.484028">
        <ele>233.73</ele>
      </trkpt>
      <trkpt lat="40.987882" lon="-8.484186">
        <ele>232.07</ele>
      </trkpt>
      <trkpt lat="40.988034" lon="-8.484254">
        <ele>230.63</ele>
      </trkpt>
      <trkpt lat="40.988169" lon="-8.48428">
        <ele>230.01</ele>
      </trkpt>
      <trkpt lat="40.988374" lon="-8.484272">
        <ele>228.8</ele>
      </trkpt>
      <trkpt lat="40.988566" lon="-8.484278">
        <ele>228.06</ele>
      </trkpt>
      <trkpt lat="40.988728" lon="-8.484313">
        <ele>226.83</ele>
      </trkpt>
      <trkpt lat="40.989243" lon="-8.484617">
        <ele>226.11</ele>
      </trkpt>
      <trkpt lat="40.989959" lon="-8.485003">
        <ele>226.09</ele>
      </trkpt>
      <trkpt lat="40.990127" lon="-8.48505">
        <ele>226.46</ele>
      </trkpt>
      <trkpt lat="40.990257" lon="-8.485037">
        <ele>226.38</ele>
      </trkpt>
      <trkpt lat="40.990311" lon="-8.485">
        <ele>226.5</ele>
      </trkpt>
      <trkpt lat="40.990386" lon="-8.484948">
        <ele>226.68</ele>
      </trkpt>
      <trkpt lat="40.990766" lon="-8.484617">
        <ele>226</ele>
      </trkpt>
      <trkpt lat="40.991217" lon="-8.484207">
        <ele>224.92</ele>
      </trkpt>
      <trkpt lat="40.991854" lon="-8.483641">
        <ele>221.22</ele>
      </trkpt>
      <trkpt lat="40.992122" lon="-8.48342">
        <ele>219.85</ele>
      </trkpt>
      <trkpt lat="40.992299" lon="-8.48332">
        <ele>218.88</ele>
      </trkpt>
      <trkpt lat="40.992454" lon="-8.483254">
        <ele>218.26</ele>
      </trkpt>
      <trkpt lat="40.993987" lon="-8.482692">
        <ele>213.36</ele>
      </trkpt>
      <trkpt lat="40.995002" lon="-8.482196">
        <ele>210.71</ele>
      </trkpt>
      <trkpt lat="40.995242" lon="-8.482062">
        <ele>210.92</ele>
      </trkpt>
      <trkpt lat="40.995678" lon="-8.481889">
        <ele>211</ele>
      </trkpt>
      <trkpt lat="40.996089" lon="-8.481745">
        <ele>211.17</ele>
      </trkpt>
      <trkpt lat="40.996192" lon="-8.481683">
        <ele>211.56</ele>
      </trkpt>
      <trkpt lat="40.996621" lon="-8.481348">
        <ele>212</ele>
      </trkpt>
      <trkpt lat="40.998029" lon="-8.480196">
        <ele>210.84</ele>
      </trkpt>
      <trkpt lat="40.998946" lon="-8.479438">
        <ele>214.12</ele>
      </trkpt>
      <trkpt lat="40.9991" lon="-8.479319">
        <ele>215.77</ele>
      </trkpt>
      <trkpt lat="40.999243" lon="-8.479259">
        <ele>216.22</ele>
      </trkpt>
      <trkpt lat="40.999466" lon="-8.479185">
        <ele>217.76</ele>
      </trkpt>
      <trkpt lat="40.999851" lon="-8.479057">
        <ele>220.42</ele>
      </trkpt>
      <trkpt lat="41.000629" lon="-8.478764">
        <ele>221.97</ele>
      </trkpt>
      <trkpt lat="41.001443" lon="-8.478471">
        <ele>222.99</ele>
      </trkpt>
      <trkpt lat="41.001793" lon="-8.478321">
        <ele>224.88</ele>
      </trkpt>
      <trkpt lat="41.001968" lon="-8.478163">
        <ele>226.58</ele>
      </trkpt>
      <trkpt lat="41.002799" lon="-8.477042">
        <ele>233.52</ele>
      </trkpt>
      <trkpt lat="41.003063" lon="-8.476655">
        <ele>235.91</ele>
      </trkpt>
      <trkpt lat="41.003344" lon="-8.476356">
        <ele>236</ele>
      </trkpt>
      <trkpt lat="41.003526" lon="-8.476185">
        <ele>236</ele>
      </trkpt>
      <trkpt lat="41.003618" lon="-8.47607">
        <ele>236.18</ele>
      </trkpt>
      <trkpt lat="41.003705" lon="-8.475925">
        <ele>236.15</ele>
      </trkpt>
      <trkpt lat="41.003899" lon="-8.475205">
        <ele>235.87</ele>
      </trkpt>
      <trkpt lat="41.004132" lon="-8.474285">
        <ele>237</ele>
      </trkpt>
      <trkpt lat="41.00421" lon="-8.473978">
        <ele>236.01</ele>
      </trkpt>
      <trkpt lat="41.004447" lon="-8.472939">
        <ele>236.81</ele>
      </trkpt>
      <trkpt lat="41.00463" lon="-8.472273">
        <ele>239.91</ele>
      </trkpt>
      <trkpt lat="41.004823" lon="-8.471406">
        <ele>241</ele>
      </trkpt>
      <trkpt lat="41.004959" lon="-8.470831">
        <ele>240.86</ele>
      </trkpt>
      <trkpt lat="41.00507" lon="-8.470548">
        <ele>239.4</ele>
      </trkpt>
      <trkpt lat="41.005263" lon="-8.470122">
        <ele>237.22</ele>
      </trkpt>
      <trkpt lat="41.005309" lon="-8.469925">
        <ele>236.85</ele>
      </trkpt>
      <trkpt lat="41.005364" lon="-8.469525">
        <ele>235.06</ele>
      </trkpt>
      <trkpt lat="41.005403" lon="-8.469304">
        <ele>233.95</ele>
      </trkpt>
      <trkpt lat="41.005436" lon="-8.469115">
        <ele>233</ele>
      </trkpt>
      <trkpt lat="41.005502" lon="-8.468809">
        <ele>232.25</ele>
      </trkpt>
      <trkpt lat="41.005609" lon="-8.468422">
        <ele>231.79</ele>
      </trkpt>
      <trkpt lat="41.005871" lon="-8.467762">
        <ele>228.95</ele>
      </trkpt>
      <trkpt lat="41.005899" lon="-8.467715">
        <ele>228.67</ele>
      </trkpt>
      <trkpt lat="41.005888" lon="-8.467653">
        <ele>228.31</ele>
      </trkpt>
      <trkpt lat="41.006025" lon="-8.467089">
        <ele>226.02</ele>
      </trkpt>
      <trkpt lat="41.006081" lon="-8.466979">
        <ele>225.58</ele>
      </trkpt>
      <trkpt lat="41.006199" lon="-8.46645">
        <ele>224</ele>
      </trkpt>
      <trkpt lat="41.006196" lon="-8.46637">
        <ele>223.94</ele>
      </trkpt>
      <trkpt lat="41.00632" lon="-8.465834">
        <ele>223</ele>
      </trkpt>
      <trkpt lat="41.00642" lon="-8.465398">
        <ele>223</ele>
      </trkpt>
      <trkpt lat="41.006468" lon="-8.465298">
        <ele>223</ele>
      </trkpt>
      <trkpt lat="41.006531" lon="-8.465024">
        <ele>223</ele>
      </trkpt>
      <trkpt lat="41.006557" lon="-8.464867">
        <ele>223.57</ele>
      </trkpt>
      <trkpt lat="41.006571" lon="-8.464677">
        <ele>223.55</ele>
      </trkpt>
      <trkpt lat="41.006676" lon="-8.46426">
        <ele>223.3</ele>
      </trkpt>
      <trkpt lat="41.006749" lon="-8.46403">
        <ele>223.17</ele>
      </trkpt>
      <trkpt lat="41.00685" lon="-8.463846">
        <ele>223</ele>
      </trkpt>
      <trkpt lat="41.007003" lon="-8.463742">
        <ele>223</ele>
      </trkpt>
      <trkpt lat="41.007141" lon="-8.463709">
        <ele>223</ele>
      </trkpt>
      <trkpt lat="41.007851" lon="-8.463501">
        <ele>223</ele>
      </trkpt>
      <trkpt lat="41.00799" lon="-8.463425">
        <ele>223.17</ele>
      </trkpt>
      <trkpt lat="41.008123" lon="-8.463305">
        <ele>222.58</ele>
      </trkpt>
      <trkpt lat="41.00828" lon="-8.462792">
        <ele>222.69</ele>
      </trkpt>
      <trkpt lat="41.008464" lon="-8.462258">
        <ele>222.92</ele>
      </trkpt>
      <trkpt lat="41.008591" lon="-8.461987">
        <ele>222.97</ele>
      </trkpt>
      <trkpt lat="41.00871" lon="-8.461826">
        <ele>222.06</ele>
      </trkpt>
      <trkpt lat="41.008797" lon="-8.461748">
        <ele>221.39</ele>
      </trkpt>
      <trkpt lat="41.008992" lon="-8.461628">
        <ele>220.92</ele>
      </trkpt>
      <trkpt lat="41.009088" lon="-8.461622">
        <ele>220.36</ele>
      </trkpt>
      <trkpt lat="41.009579" lon="-8.461686">
        <ele>219</ele>
      </trkpt>
      <trkpt lat="41.009839" lon="-8.46167">
        <ele>218.19</ele>
      </trkpt>
      <trkpt lat="41.01012" lon="-8.461632">
        <ele>217.3</ele>
      </trkpt>
      <trkpt lat="41.010281" lon="-8.461525">
        <ele>216.38</ele>
      </trkpt>
      <trkpt lat="41.010374" lon="-8.461479">
        <ele>216.28</ele>
      </trkpt>
      <trkpt lat="41.010697" lon="-8.461112">
        <ele>214.28</ele>
      </trkpt>
      <trkpt lat="41.010777" lon="-8.460969">
        <ele>213.45</ele>
      </trkpt>
      <trkpt lat="41.010886" lon="-8.460685">
        <ele>212.8</ele>
      </trkpt>
      <trkpt lat="41.011162" lon="-8.459635">
        <ele>208.7</ele>
      </trkpt>
      <trkpt lat="41.011343" lon="-8.458977">
        <ele>206.09</ele>
      </trkpt>
      <trkpt lat="41.011779" lon="-8.457386">
        <ele>206.04</ele>
      </trkpt>
      <trkpt lat="41.01195" lon="-8.456764">
        <ele>200.91</ele>
      </trkpt>
      <trkpt lat="41.012045" lon="-8.456331">
        <ele>201</ele>
      </trkpt>
      <trkpt lat="41.012084" lon="-8.456136">
        <ele>199.59</ele>
      </trkpt>
      <trkpt lat="41.012087" lon="-8.455909">
        <ele>198.03</ele>
      </trkpt>
      <trkpt lat="41.012044" lon="-8.455678">
        <ele>197.88</ele>
      </trkpt>
      <trkpt lat="41.012016" lon="-8.455609">
        <ele>197.58</ele>
      </trkpt>
      <trkpt lat="41.011962" lon="-8.455475">
        <ele>196.98</ele>
      </trkpt>
      <trkpt lat="41.011812" lon="-8.455223">
        <ele>195.59</ele>
      </trkpt>
      <trkpt lat="41.011716" lon="-8.455037">
        <ele>196.11</ele>
      </trkpt>
      <trkpt lat="41.011648" lon="-8.454794">
        <ele>194.89</ele>
      </trkpt>
      <trkpt lat="41.011611" lon="-8.454577">
        <ele>193.79</ele>
      </trkpt>
      <trkpt lat="41.011492" lon="-8.4536">
        <ele>190.99</ele>
      </trkpt>
      <trkpt lat="41.011482" lon="-8.453489">
        <ele>191.3</ele>
      </trkpt>
      <trkpt lat="41.011484" lon="-8.453401">
        <ele>191.31</ele>
      </trkpt>
      <trkpt lat="41.011543" lon="-8.453177">
        <ele>190.26</ele>
      </trkpt>
      <trkpt lat="41.011661" lon="-8.452949">
        <ele>189.76</ele>
      </trkpt>
      <trkpt lat="41.011756" lon="-8.45284">
        <ele>189.26</ele>
      </trkpt>
      <trkpt lat="41.012248" lon="-8.452547">
        <ele>187.39</ele>
      </trkpt>
      <trkpt lat="41.012382" lon="-8.452386">
        <ele>186.3</ele>
      </trkpt>
      <trkpt lat="41.012487" lon="-8.45218">
        <ele>185.33</ele>
      </trkpt>
      <trkpt lat="41.012561" lon="-8.451929">
        <ele>184.1</ele>
      </trkpt>
      <trkpt lat="41.012669" lon="-8.451468">
        <ele>185.97</ele>
      </trkpt>
      <trkpt lat="41.012746" lon="-8.451278">
        <ele>185.54</ele>
      </trkpt>
      <trkpt lat="41.012873" lon="-8.451105">
        <ele>186.54</ele>
      </trkpt>
      <trkpt lat="41.012969" lon="-8.451">
        <ele>185.95</ele>
      </trkpt>
      <trkpt lat="41.01328" lon="-8.45075">
        <ele>185.26</ele>
      </trkpt>
      <trkpt lat="41.013375" lon="-8.450709">
        <ele>185.3</ele>
      </trkpt>
      <trkpt lat="41.0135" lon="-8.450667">
        <ele>183.81</ele>
      </trkpt>
      <trkpt lat="41.014311" lon="-8.450659">
        <ele>176.51</ele>
      </trkpt>
      <trkpt lat="41.015014" lon="-8.450663">
        <ele>174.34</ele>
      </trkpt>
      <trkpt lat="41.015492" lon="-8.450667">
        <ele>170.47</ele>
      </trkpt>
      <trkpt lat="41.016167" lon="-8.450664">
        <ele>168.33</ele>
      </trkpt>
      <trkpt lat="41.016448" lon="-8.45062">
        <ele>164.25</ele>
      </trkpt>
      <trkpt lat="41.016734" lon="-8.450552">
        <ele>161.21</ele>
      </trkpt>
      <trkpt lat="41.017174" lon="-8.450416">
        <ele>162.87</ele>
      </trkpt>
      <trkpt lat="41.017416" lon="-8.450326">
        <ele>161.94</ele>
      </trkpt>
      <trkpt lat="41.01759" lon="-8.450208">
        <ele>156.09</ele>
      </trkpt>
      <trkpt lat="41.017696" lon="-8.450101">
        <ele>153.9</ele>
      </trkpt>
      <trkpt lat="41.017887" lon="-8.449811">
        <ele>151.91</ele>
      </trkpt>
      <trkpt lat="41.018002" lon="-8.449487">
        <ele>150.39</ele>
      </trkpt>
      <trkpt lat="41.01804" lon="-8.449178">
        <ele>150.58</ele>
      </trkpt>
      <trkpt lat="41.018032" lon="-8.448886">
        <ele>148.97</ele>
      </trkpt>
      <trkpt lat="41.017982" lon="-8.448615">
        <ele>148.15</ele>
      </trkpt>
      <trkpt lat="41.017779" lon="-8.44797">
        <ele>145.37</ele>
      </trkpt>
      <trkpt lat="41.017447" lon="-8.446896">
        <ele>139.51</ele>
      </trkpt>
      <trkpt lat="41.017108" lon="-8.445748">
        <ele>135.69</ele>
      </trkpt>
      <trkpt lat="41.016929" lon="-8.44518">
        <ele>137.58</ele>
      </trkpt>
      <trkpt lat="41.016554" lon="-8.44395">
        <ele>129.44</ele>
      </trkpt>
      <trkpt lat="41.01631" lon="-8.443182">
        <ele>127.52</ele>
      </trkpt>
      <trkpt lat="41.016229" lon="-8.442836">
        <ele>126.02</ele>
      </trkpt>
      <trkpt lat="41.016177" lon="-8.442378">
        <ele>124.84</ele>
      </trkpt>
      <trkpt lat="41.016109" lon="-8.441063">
        <ele>118.53</ele>
      </trkpt>
      <trkpt lat="41.016077" lon="-8.440583">
        <ele>119</ele>
      </trkpt>
      <trkpt lat="41.016011" lon="-8.439204">
        <ele>112.12</ele>
      </trkpt>
      <trkpt lat="41.015984" lon="-8.438785">
        <ele>110.72</ele>
      </trkpt>
      <trkpt lat="41.015933" lon="-8.438005">
        <ele>108.12</ele>
      </trkpt>
      <trkpt lat="41.015955" lon="-8.437741">
        <ele>107.07</ele>
      </trkpt>
      <trkpt lat="41.016009" lon="-8.437459">
        <ele>105.51</ele>
      </trkpt>
      <trkpt lat="41.016121" lon="-8.437216">
        <ele>103.45</ele>
      </trkpt>
      <trkpt lat="41.016229" lon="-8.437058">
        <ele>102.43</ele>
      </trkpt>
      <trkpt lat="41.016376" lon="-8.436933">
        <ele>100.42</ele>
      </trkpt>
      <trkpt lat="41.016807" lon="-8.43664">
        <ele>97</ele>
      </trkpt>
      <trkpt lat="41.016899" lon="-8.436538">
        <ele>96.37</ele>
      </trkpt>
      <trkpt lat="41.016963" lon="-8.43641">
        <ele>94.49</ele>
      </trkpt>
      <trkpt lat="41.017009" lon="-8.4362">
        <ele>92.83</ele>
      </trkpt>
      <trkpt lat="41.017133" lon="-8.43533">
        <ele>89.7</ele>
      </trkpt>
      <trkpt lat="41.017239" lon="-8.435046">
        <ele>88.32</ele>
      </trkpt>
      <trkpt lat="41.017375" lon="-8.434791">
        <ele>86.07</ele>
      </trkpt>
      <trkpt lat="41.017782" lon="-8.434399">
        <ele>83.54</ele>
      </trkpt>
      <trkpt lat="41.018188" lon="-8.434006">
        <ele>78.99</ele>
      </trkpt>
      <trkpt lat="41.018314" lon="-8.433852">
        <ele>79.65</ele>
      </trkpt>
      <trkpt lat="41.018428" lon="-8.433625">
        <ele>80.72</ele>
      </trkpt>
      <trkpt lat="41.01881" lon="-8.432627">
        <ele>73.48</ele>
      </trkpt>
      <trkpt lat="41.019192" lon="-8.431628">
        <ele>70.15</ele>
      </trkpt>
      <trkpt lat="41.019343" lon="-8.4313">
        <ele>68.87</ele>
      </trkpt>
      <trkpt lat="41.019431" lon="-8.431189">
        <ele>68.62</ele>
      </trkpt>
      <trkpt lat="41.019545" lon="-8.431099">
        <ele>67.45</ele>
      </trkpt>
      <trkpt lat="41.019766" lon="-8.430988">
        <ele>65.89</ele>
      </trkpt>
      <trkpt lat="41.019928" lon="-8.430954">
        <ele>64.94</ele>
      </trkpt>
      <trkpt lat="41.02007" lon="-8.430958">
        <ele>64.94</ele>
      </trkpt>
      <trkpt lat="41.020192" lon="-8.431023">
        <ele>64.99</ele>
      </trkpt>
      <trkpt lat="41.020393" lon="-8.431236">
        <ele>63.16</ele>
      </trkpt>
      <trkpt lat="41.0205" lon="-8.431314">
        <ele>61.44</ele>
      </trkpt>
      <trkpt lat="41.020608" lon="-8.431346">
        <ele>60.38</ele>
      </trkpt>
      <trkpt lat="41.020737" lon="-8.431348">
        <ele>59.53</ele>
      </trkpt>
      <trkpt lat="41.020863" lon="-8.431302">
        <ele>58.38</ele>
      </trkpt>
      <trkpt lat="41.021115" lon="-8.431104">
        <ele>56.44</ele>
      </trkpt>
      <trkpt lat="41.021207" lon="-8.431074">
        <ele>56.25</ele>
      </trkpt>
      <trkpt lat="41.021255" lon="-8.431058">
        <ele>56.15</ele>
      </trkpt>
      <trkpt lat="41.021439" lon="-8.431069">
        <ele>54.8</ele>
      </trkpt>
      <trkpt lat="41.021752" lon="-8.431165">
        <ele>54.27</ele>
      </trkpt>
      <trkpt lat="41.021949" lon="-8.431188">
        <ele>51.98</ele>
      </trkpt>
      <trkpt lat="41.022112" lon="-8.431144">
        <ele>51.22</ele>
      </trkpt>
      <trkpt lat="41.022616" lon="-8.430849">
        <ele>46.77</ele>
      </trkpt>
      <trkpt lat="41.022716" lon="-8.430759">
        <ele>45.74</ele>
      </trkpt>
      <trkpt lat="41.022786" lon="-8.430667">
        <ele>44.47</ele>
      </trkpt>
      <trkpt lat="41.022948" lon="-8.43042">
        <ele>41.6</ele>
      </trkpt>
      <trkpt lat="41.023069" lon="-8.430307">
        <ele>40.88</ele>
      </trkpt>
      <trkpt lat="41.023144" lon="-8.430273">
        <ele>41.1</ele>
      </trkpt>
      <trkpt lat="41.023244" lon="-8.430245">
        <ele>41.2</ele>
      </trkpt>
      <trkpt lat="41.023663" lon="-8.430181">
        <ele>39.14</ele>
      </trkpt>
      <trkpt lat="41.024244" lon="-8.430147">
        <ele>35.1</ele>
      </trkpt>
      <trkpt lat="41.024534" lon="-8.43013">
        <ele>29.42</ele>
      </trkpt>
      <trkpt lat="41.024683" lon="-8.430079">
        <ele>22.91</ele>
      </trkpt>
      <trkpt lat="41.025426" lon="-8.429702">
        <ele>37.22</ele>
      </trkpt>
      <trkpt lat="41.025536" lon="-8.429698">
        <ele>39.12</ele>
      </trkpt>
      <trkpt lat="41.025643" lon="-8.429713">
        <ele>42.19</ele>
      </trkpt>
      <trkpt lat="41.025762" lon="-8.429781">
        <ele>43.55</ele>
      </trkpt>
      <trkpt lat="41.026173" lon="-8.43024">
        <ele>40.47</ele>
      </trkpt>
      <trkpt lat="41.026341" lon="-8.430383">
        <ele>40.44</ele>
      </trkpt>
      <trkpt lat="41.026547" lon="-8.43051">
        <ele>39.99</ele>
      </trkpt>
      <trkpt lat="41.026716" lon="-8.430562">
        <ele>40.94</ele>
      </trkpt>
      <trkpt lat="41.027015" lon="-8.43062">
        <ele>41.99</ele>
      </trkpt>
      <trkpt lat="41.027571" lon="-8.430718">
        <ele>47.75</ele>
      </trkpt>
      <trkpt lat="41.027901" lon="-8.430777">
        <ele>49.52</ele>
      </trkpt>
      <trkpt lat="41.028036" lon="-8.430838">
        <ele>49.36</ele>
      </trkpt>
      <trkpt lat="41.028237" lon="-8.431013">
        <ele>49.78</ele>
      </trkpt>
      <trkpt lat="41.028462" lon="-8.431219">
        <ele>52.85</ele>
      </trkpt>
      <trkpt lat="41.028688" lon="-8.431424">
        <ele>52.52</ele>
      </trkpt>
      <trkpt lat="41.028857" lon="-8.431528">
        <ele>53.36</ele>
      </trkpt>
      <trkpt lat="41.028996" lon="-8.431541">
        <ele>56.58</ele>
      </trkpt>
      <trkpt lat="41.029133" lon="-8.431503">
        <ele>57.96</ele>
      </trkpt>
      <trkpt lat="41.029216" lon="-8.431425">
        <ele>58.71</ele>
      </trkpt>
      <trkpt lat="41.029304" lon="-8.431269">
        <ele>59.77</ele>
      </trkpt>
      <trkpt lat="41.029329" lon="-8.431116">
        <ele>59.86</ele>
      </trkpt>
      <trkpt lat="41.029323" lon="-8.430982">
        <ele>59.9</ele>
      </trkpt>
      <trkpt lat="41.029297" lon="-8.430843">
        <ele>59.96</ele>
      </trkpt>
      <trkpt lat="41.029152" lon="-8.430418">
        <ele>64.32</ele>
      </trkpt>
      <trkpt lat="41.029078" lon="-8.430158">
        <ele>67.4</ele>
      </trkpt>
      <trkpt lat="41.029055" lon="-8.430015">
        <ele>68.51</ele>
      </trkpt>
      <trkpt lat="41.029057" lon="-8.429894">
        <ele>69.04</ele>
      </trkpt>
      <trkpt lat="41.029084" lon="-8.429742">
        <ele>69.4</ele>
      </trkpt>
      <trkpt lat="41.029148" lon="-8.429575">
        <ele>69.94</ele>
      </trkpt>
      <trkpt lat="41.029352" lon="-8.429193">
        <ele>73.18</ele>
      </trkpt>
      <trkpt lat="41.02952" lon="-8.429035">
        <ele>74.27</ele>
      </trkpt>
      <trkpt lat="41.030046" lon="-8.428721">
        <ele>77.51</ele>
      </trkpt>
      <trkpt lat="41.030163" lon="-8.428623">
        <ele>78.99</ele>
      </trkpt>
      <trkpt lat="41.030247" lon="-8.428526">
        <ele>80.32</ele>
      </trkpt>
      <trkpt lat="41.030326" lon="-8.428375">
        <ele>83.69</ele>
      </trkpt>
      <trkpt lat="41.030393" lon="-8.428207">
        <ele>85.97</ele>
      </trkpt>
      <trkpt lat="41.03084" lon="-8.42672">
        <ele>91.47</ele>
      </trkpt>
      <trkpt lat="41.030905" lon="-8.426593">
        <ele>91.33</ele>
      </trkpt>
      <trkpt lat="41.030987" lon="-8.426504">
        <ele>92.19</ele>
      </trkpt>
      <trkpt lat="41.031107" lon="-8.426428">
        <ele>93.48</ele>
      </trkpt>
      <trkpt lat="41.031196" lon="-8.426416">
        <ele>94.1</ele>
      </trkpt>
      <trkpt lat="41.031269" lon="-8.426412">
        <ele>95.06</ele>
      </trkpt>
      <trkpt lat="41.031396" lon="-8.426458">
        <ele>96.11</ele>
      </trkpt>
      <trkpt lat="41.031659" lon="-8.426611">
        <ele>98.2</ele>
      </trkpt>
      <trkpt lat="41.031772" lon="-8.42665">
        <ele>99.42</ele>
      </trkpt>
      <trkpt lat="41.03187" lon="-8.426649">
        <ele>100.5</ele>
      </trkpt>
      <trkpt lat="41.032589" lon="-8.426524">
        <ele>103.62</ele>
      </trkpt>
      <trkpt lat="41.033231" lon="-8.426406">
        <ele>104</ele>
      </trkpt>
      <trkpt lat="41.033413" lon="-8.426337">
        <ele>105.74</ele>
      </trkpt>
      <trkpt lat="41.033613" lon="-8.426168">
        <ele>108.66</ele>
      </trkpt>
      <trkpt lat="41.033704" lon="-8.426033">
        <ele>109.8</ele>
      </trkpt>
      <trkpt lat="41.033761" lon="-8.425889">
        <ele>111.03</ele>
      </trkpt>
      <trkpt lat="41.033799" lon="-8.425697">
        <ele>111.89</ele>
      </trkpt>
      <trkpt lat="41.03382" lon="-8.425596">
        <ele>112.33</ele>
      </trkpt>
      <trkpt lat="41.033824" lon="-8.425461">
        <ele>113.06</ele>
      </trkpt>
      <trkpt lat="41.033805" lon="-8.425282">
        <ele>114.36</ele>
      </trkpt>
      <trkpt lat="41.033771" lon="-8.425133">
        <ele>114.93</ele>
      </trkpt>
      <trkpt lat="41.033718" lon="-8.42499">
        <ele>114.61</ele>
      </trkpt>
      <trkpt lat="41.033637" lon="-8.424852">
        <ele>113.9</ele>
      </trkpt>
      <trkpt lat="41.033274" lon="-8.424417">
        <ele>114.47</ele>
      </trkpt>
      <trkpt lat="41.032923" lon="-8.423998">
        <ele>118.43</ele>
      </trkpt>
      <trkpt lat="41.032793" lon="-8.423814">
        <ele>120.38</ele>
      </trkpt>
      <trkpt lat="41.032603" lon="-8.423491">
        <ele>120.01</ele>
      </trkpt>
      <trkpt lat="41.032527" lon="-8.423348">
        <ele>119.78</ele>
      </trkpt>
      <trkpt lat="41.032388" lon="-8.422994">
        <ele>119.26</ele>
      </trkpt>
      <trkpt lat="41.03228" lon="-8.422678">
        <ele>119.61</ele>
      </trkpt>
      <trkpt lat="41.032189" lon="-8.422385">
        <ele>121.13</ele>
      </trkpt>
      <trkpt lat="41.031875" lon="-8.421426">
        <ele>129.09</ele>
      </trkpt>
      <trkpt lat="41.031479" lon="-8.420174">
        <ele>131.07</ele>
      </trkpt>
      <trkpt lat="41.031381" lon="-8.419952">
        <ele>131.69</ele>
      </trkpt>
      <trkpt lat="41.031284" lon="-8.419807">
        <ele>132.24</ele>
      </trkpt>
      <trkpt lat="41.031164" lon="-8.419667">
        <ele>131.64</ele>
      </trkpt>
      <trkpt lat="41.030993" lon="-8.41953">
        <ele>130.21</ele>
      </trkpt>
      <trkpt lat="41.030451" lon="-8.419265">
        <ele>130.54</ele>
      </trkpt>
      <trkpt lat="41.030314" lon="-8.419145">
        <ele>131.58</ele>
      </trkpt>
      <trkpt lat="41.030212" lon="-8.419014">
        <ele>132.84</ele>
      </trkpt>
      <trkpt lat="41.030119" lon="-8.418817">
        <ele>134.16</ele>
      </trkpt>
      <trkpt lat="41.030066" lon="-8.418598">
        <ele>134.98</ele>
      </trkpt>
      <trkpt lat="41.030049" lon="-8.418355">
        <ele>135.37</ele>
      </trkpt>
      <trkpt lat="41.030083" lon="-8.418081">
        <ele>135.94</ele>
      </trkpt>
      <trkpt lat="41.030146" lon="-8.417905">
        <ele>136.8</ele>
      </trkpt>
      <trkpt lat="41.030208" lon="-8.417772">
        <ele>137.52</ele>
      </trkpt>
      <trkpt lat="41.03027" lon="-8.417696">
        <ele>138.14</ele>
      </trkpt>
      <trkpt lat="41.031679" lon="-8.416457">
        <ele>149.08</ele>
      </trkpt>
      <trkpt lat="41.031816" lon="-8.416298">
        <ele>150.82</ele>
      </trkpt>
      <trkpt lat="41.032016" lon="-8.415912">
        <ele>155.46</ele>
      </trkpt>
      <trkpt lat="41.032253" lon="-8.415415">
        <ele>157.32</ele>
      </trkpt>
      <trkpt lat="41.032326" lon="-8.415209">
        <ele>156.83</ele>
      </trkpt>
      <trkpt lat="41.032361" lon="-8.415023">
        <ele>157.16</ele>
      </trkpt>
      <trkpt lat="41.032384" lon="-8.414812">
        <ele>156.89</ele>
      </trkpt>
      <trkpt lat="41.032375" lon="-8.414552">
        <ele>155.68</ele>
      </trkpt>
      <trkpt lat="41.032265" lon="-8.413799">
        <ele>157.28</ele>
      </trkpt>
      <trkpt lat="41.031996" lon="-8.412087">
        <ele>169.84</ele>
      </trkpt>
      <trkpt lat="41.03197" lon="-8.411824">
        <ele>172.44</ele>
      </trkpt>
      <trkpt lat="41.031958" lon="-8.411587">
        <ele>174.41</ele>
      </trkpt>
      <trkpt lat="41.031983" lon="-8.411351">
        <ele>176.49</ele>
      </trkpt>
      <trkpt lat="41.032033" lon="-8.411048">
        <ele>179.25</ele>
      </trkpt>
      <trkpt lat="41.032132" lon="-8.410442">
        <ele>181.34</ele>
      </trkpt>
      <trkpt lat="41.032315" lon="-8.409375">
        <ele>189.43</ele>
      </trkpt>
      <trkpt lat="41.032381" lon="-8.408993">
        <ele>190.19</ele>
      </trkpt>
      <trkpt lat="41.032465" lon="-8.408426">
        <ele>193.07</ele>
      </trkpt>
      <trkpt lat="41.032516" lon="-8.407779">
        <ele>199.11</ele>
      </trkpt>
      <trkpt lat="41.032537" lon="-8.407103">
        <ele>201.88</ele>
      </trkpt>
      <trkpt lat="41.032553" lon="-8.406695">
        <ele>200.9</ele>
      </trkpt>
      <trkpt lat="41.032526" lon="-8.40643">
        <ele>198.72</ele>
      </trkpt>
      <trkpt lat="41.032458" lon="-8.406202">
        <ele>195.21</ele>
      </trkpt>
      <trkpt lat="41.032362" lon="-8.406031">
        <ele>193.9</ele>
      </trkpt>
      <trkpt lat="41.032253" lon="-8.4059">
        <ele>193.82</ele>
      </trkpt>
      <trkpt lat="41.031749" lon="-8.405588">
        <ele>189.13</ele>
      </trkpt>
      <trkpt lat="41.031613" lon="-8.405422">
        <ele>188.93</ele>
      </trkpt>
      <trkpt lat="41.031548" lon="-8.40522">
        <ele>191.01</ele>
      </trkpt>
      <trkpt lat="41.031504" lon="-8.404829">
        <ele>191.15</ele>
      </trkpt>
      <trkpt lat="41.031357" lon="-8.404444">
        <ele>190.08</ele>
      </trkpt>
      <trkpt lat="41.031298" lon="-8.404213">
        <ele>193.06</ele>
      </trkpt>
      <trkpt lat="41.031301" lon="-8.404064">
        <ele>194.27</ele>
      </trkpt>
      <trkpt lat="41.031329" lon="-8.403951">
        <ele>193.64</ele>
      </trkpt>
      <trkpt lat="41.031414" lon="-8.403763">
        <ele>191.91</ele>
      </trkpt>
      <trkpt lat="41.031513" lon="-8.403475">
        <ele>188.76</ele>
      </trkpt>
      <trkpt lat="41.031513" lon="-8.4033">
        <ele>187.85</ele>
      </trkpt>
      <trkpt lat="41.031493" lon="-8.403119">
        <ele>187.15</ele>
      </trkpt>
      <trkpt lat="41.031424" lon="-8.402959">
        <ele>186.66</ele>
      </trkpt>
      <trkpt lat="41.031345" lon="-8.402835">
        <ele>185.82</ele>
      </trkpt>
      <trkpt lat="41.031169" lon="-8.402687">
        <ele>185.56</ele>
      </trkpt>
      <trkpt lat="41.030994" lon="-8.40254">
        <ele>183.14</ele>
      </trkpt>
      <trkpt lat="41.030908" lon="-8.402408">
        <ele>180.91</ele>
      </trkpt>
      <trkpt lat="41.030865" lon="-8.402244">
        <ele>178.41</ele>
      </trkpt>
      <trkpt lat="41.030845" lon="-8.40205">
        <ele>176.85</ele>
      </trkpt>
      <trkpt lat="41.030847" lon="-8.401733">
        <ele>174.89</ele>
      </trkpt>
      <trkpt lat="41.030825" lon="-8.401521">
        <ele>173.79</ele>
      </trkpt>
      <trkpt lat="41.03077" lon="-8.401374">
        <ele>174.15</ele>
      </trkpt>
      <trkpt lat="41.030651" lon="-8.401065">
        <ele>170.75</ele>
      </trkpt>
      <trkpt lat="41.030531" lon="-8.400756">
        <ele>169.49</ele>
      </trkpt>
      <trkpt lat="41.030292" lon="-8.400138">
        <ele>169.38</ele>
      </trkpt>
      <trkpt lat="41.030199" lon="-8.400014">
        <ele>168.63</ele>
      </trkpt>
      <trkpt lat="41.030106" lon="-8.399939">
        <ele>167.3</ele>
      </trkpt>
      <trkpt lat="41.029906" lon="-8.399901">
        <ele>164.86</ele>
      </trkpt>
      <trkpt lat="41.02962" lon="-8.399846">
        <ele>164.09</ele>
      </trkpt>
      <trkpt lat="41.029516" lon="-8.399802">
        <ele>165.84</ele>
      </trkpt>
      <trkpt lat="41.029431" lon="-8.399734">
        <ele>167.63</ele>
      </trkpt>
      <trkpt lat="41.029214" lon="-8.399316">
        <ele>167.16</ele>
      </trkpt>
      <trkpt lat="41.029137" lon="-8.399184">
        <ele>165.12</ele>
      </trkpt>
      <trkpt lat="41.02899" lon="-8.399022">
        <ele>162.99</ele>
      </trkpt>
      <trkpt lat="41.028494" lon="-8.398672">
        <ele>159.87</ele>
      </trkpt>
      <trkpt lat="41.028261" lon="-8.398643">
        <ele>158.28</ele>
      </trkpt>
      <trkpt lat="41.028091" lon="-8.398611">
        <ele>154.06</ele>
      </trkpt>
      <trkpt lat="41.027925" lon="-8.398543">
        <ele>149.53</ele>
      </trkpt>
      <trkpt lat="41.027816" lon="-8.398434">
        <ele>147.12</ele>
      </trkpt>
      <trkpt lat="41.027732" lon="-8.39831">
        <ele>148.38</ele>
      </trkpt>
      <trkpt lat="41.027612" lon="-8.398053">
        <ele>152.37</ele>
      </trkpt>
      <trkpt lat="41.027582" lon="-8.397913">
        <ele>154.2</ele>
      </trkpt>
      <trkpt lat="41.027578" lon="-8.397757">
        <ele>154.29</ele>
      </trkpt>
      <trkpt lat="41.02759" lon="-8.397583">
        <ele>152.77</ele>
      </trkpt>
      <trkpt lat="41.027629" lon="-8.397424">
        <ele>150.08</ele>
      </trkpt>
      <trkpt lat="41.02771" lon="-8.397235">
        <ele>146.03</ele>
      </trkpt>
      <trkpt lat="41.027822" lon="-8.397074">
        <ele>142.96</ele>
      </trkpt>
      <trkpt lat="41.027872" lon="-8.397017">
        <ele>142.63</ele>
      </trkpt>
      <trkpt lat="41.028049" lon="-8.3969">
        <ele>142.96</ele>
      </trkpt>
      <trkpt lat="41.028296" lon="-8.396877">
        <ele>143.49</ele>
      </trkpt>
      <trkpt lat="41.028419" lon="-8.396915">
        <ele>144.52</ele>
      </trkpt>
      <trkpt lat="41.028516" lon="-8.39697">
        <ele>145.41</ele>
      </trkpt>
      <trkpt lat="41.02876" lon="-8.397148">
        <ele>146.59</ele>
      </trkpt>
      <trkpt lat="41.029248" lon="-8.397504">
        <ele>145.85</ele>
      </trkpt>
      <trkpt lat="41.029474" lon="-8.397568">
        <ele>148.06</ele>
      </trkpt>
      <trkpt lat="41.030229" lon="-8.397451">
        <ele>152.71</ele>
      </trkpt>
      <trkpt lat="41.030379" lon="-8.397405">
        <ele>154.67</ele>
      </trkpt>
      <trkpt lat="41.030528" lon="-8.397337">
        <ele>156.46</ele>
      </trkpt>
      <trkpt lat="41.030752" lon="-8.397151">
        <ele>157.66</ele>
      </trkpt>
      <trkpt lat="41.031034" lon="-8.396936">
        <ele>156.43</ele>
      </trkpt>
      <trkpt lat="41.031194" lon="-8.396833">
        <ele>156.2</ele>
      </trkpt>
      <trkpt lat="41.031294" lon="-8.396831">
        <ele>157.59</ele>
      </trkpt>
      <trkpt lat="41.031335" lon="-8.39683">
        <ele>158.15</ele>
      </trkpt>
      <trkpt lat="41.031457" lon="-8.39686">
        <ele>160.47</ele>
      </trkpt>
      <trkpt lat="41.03158" lon="-8.396968">
        <ele>162.57</ele>
      </trkpt>
      <trkpt lat="41.031684" lon="-8.397116">
        <ele>163.7</ele>
      </trkpt>
      <trkpt lat="41.03176" lon="-8.397198">
        <ele>165</ele>
      </trkpt>
      <trkpt lat="41.031866" lon="-8.397265">
        <ele>166.76</ele>
      </trkpt>
      <trkpt lat="41.032017" lon="-8.397285">
        <ele>168.98</ele>
      </trkpt>
      <trkpt lat="41.03226" lon="-8.397276">
        <ele>171.58</ele>
      </trkpt>
      <trkpt lat="41.032502" lon="-8.397268">
        <ele>171.34</ele>
      </trkpt>
      <trkpt lat="41.032745" lon="-8.397259">
        <ele>168.52</ele>
      </trkpt>
      <trkpt lat="41.033249" lon="-8.397218">
        <ele>166.63</ele>
      </trkpt>
      <trkpt lat="41.033384" lon="-8.397148">
        <ele>167.64</ele>
      </trkpt>
      <trkpt lat="41.033512" lon="-8.397041">
        <ele>168</ele>
      </trkpt>
      <trkpt lat="41.033566" lon="-8.396973">
        <ele>168</ele>
      </trkpt>
      <trkpt lat="41.033689" lon="-8.396787">
        <ele>168.4</ele>
      </trkpt>
      <trkpt lat="41.033856" lon="-8.396508">
        <ele>169.94</ele>
      </trkpt>
      <trkpt lat="41.03419" lon="-8.395949">
        <ele>166.29</ele>
      </trkpt>
      <trkpt lat="41.034262" lon="-8.39584">
        <ele>165.33</ele>
      </trkpt>
      <trkpt lat="41.03440563723882" lon="-8.395700759819505">
        <ele>163.9082842758986</ele>
      </trkpt>
      <trkpt lat="41.034405" lon="-8.3957">
        <ele>164.06</ele>
      </trkpt>
      <trkpt lat="41.034458" lon="-8.39565">
        <ele>163.39</ele>
      </trkpt>
      <trkpt lat="41.034501" lon="-8.395624">
        <ele>162.94</ele>
      </trkpt>
      <trkpt lat="41.034578" lon="-8.395631">
        <ele>162.15</ele>
      </trkpt>
      <trkpt lat="41.034634" lon="-8.395658">
        <ele>161.56</ele>
      </trkpt>
      <trkpt lat="41.03468" lon="-8.395709">
        <ele>161</ele>
      </trkpt>
      <trkpt lat="41.034712" lon="-8.395763">
        <ele>160.84</ele>
      </trkpt>
      <trkpt lat="41.034838" lon="-8.396047">
        <ele>159.01</ele>
      </trkpt>
      <trkpt lat="41.034877" lon="-8.396334">
        <ele>156.84</ele>
      </trkpt>
      <trkpt lat="41.034877195516614" lon="-8.396334433788448">
        <ele>156.83414570069064</ele>
      </trkpt>
      <trkpt lat="41.034916" lon="-8.396619">
        <ele>154.68</ele>
      </trkpt>
      <trkpt lat="41.034978" lon="-8.396863">
        <ele>154.36</ele>
      </trkpt>
      <trkpt lat="41.035015" lon="-8.396942">
        <ele>154.65</ele>
      </trkpt>
      <trkpt lat="41.03508" lon="-8.397039">
        <ele>155.04</ele>
      </trkpt>
      <trkpt lat="41.035127" lon="-8.397082">
        <ele>154.99</ele>
      </trkpt>
      <trkpt lat="41.035294" lon="-8.397119">
        <ele>155.76</ele>
      </trkpt>
      <trkpt lat="41.036075" lon="-8.396917">
        <ele>163.74</ele>
      </trkpt>
      <trkpt lat="41.036288" lon="-8.396892">
        <ele>164.1</ele>
      </trkpt>
      <trkpt lat="41.036499" lon="-8.39682">
        <ele>163.38</ele>
      </trkpt>
      <trkpt lat="41.036723" lon="-8.396716">
        <ele>161.71</ele>
      </trkpt>
      <trkpt lat="41.036949" lon="-8.396569">
        <ele>161.42</ele>
      </trkpt>
      <trkpt lat="41.037111" lon="-8.396425">
        <ele>159.55</ele>
      </trkpt>
      <trkpt lat="41.037292" lon="-8.396227">
        <ele>157.81</ele>
      </trkpt>
      <trkpt lat="41.037473" lon="-8.395951">
        <ele>156.68</ele>
      </trkpt>
      <trkpt lat="41.037965" lon="-8.395156">
        <ele>146.25</ele>
      </trkpt>
      <trkpt lat="41.038096" lon="-8.394978">
        <ele>144.37</ele>
      </trkpt>
      <trkpt lat="41.038261" lon="-8.394791">
        <ele>142.42</ele>
      </trkpt>
      <trkpt lat="41.03845" lon="-8.394645">
        <ele>140.69</ele>
      </trkpt>
      <trkpt lat="41.038621" lon="-8.394565">
        <ele>139.37</ele>
      </trkpt>
      <trkpt lat="41.038802" lon="-8.394515">
        <ele>138.08</ele>
      </trkpt>
      <trkpt lat="41.038988" lon="-8.394502">
        <ele>136.81</ele>
      </trkpt>
      <trkpt lat="41.03919" lon="-8.394541">
        <ele>135.37</ele>
      </trkpt>
      <trkpt lat="41.039358" lon="-8.394613">
        <ele>134.01</ele>
      </trkpt>
      <trkpt lat="41.039503" lon="-8.394705">
        <ele>132.67</ele>
      </trkpt>
      <trkpt lat="41.039618" lon="-8.394801">
        <ele>131.41</ele>
      </trkpt>
      <trkpt lat="41.039767" lon="-8.394976">
        <ele>129.27</ele>
      </trkpt>
      <trkpt lat="41.040005" lon="-8.395295">
        <ele>128.83</ele>
      </trkpt>
      <trkpt lat="41.040358" lon="-8.395806">
        <ele>130.25</ele>
      </trkpt>
      <trkpt lat="41.040669" lon="-8.396227">
        <ele>131.42</ele>
      </trkpt>
      <trkpt lat="41.040884" lon="-8.396428">
        <ele>132.39</ele>
      </trkpt>
      <trkpt lat="41.041071" lon="-8.396562">
        <ele>133.36</ele>
      </trkpt>
      <trkpt lat="41.041308" lon="-8.396685">
        <ele>131.78</ele>
      </trkpt>
      <trkpt lat="41.041477" lon="-8.396749">
        <ele>129.29</ele>
      </trkpt>
      <trkpt lat="41.04167" lon="-8.396793">
        <ele>127.38</ele>
      </trkpt>
      <trkpt lat="41.041887" lon="-8.396799">
        <ele>127.81</ele>
      </trkpt>
      <trkpt lat="41.04213" lon="-8.396768">
        <ele>128.42</ele>
      </trkpt>
      <trkpt lat="41.04236" lon="-8.3967">
        <ele>127.94</ele>
      </trkpt>
      <trkpt lat="41.043079" lon="-8.396422">
        <ele>127.38</ele>
      </trkpt>
      <trkpt lat="41.043992" lon="-8.396066">
        <ele>118.2</ele>
      </trkpt>
      <trkpt lat="41.044352" lon="-8.395921">
        <ele>117.46</ele>
      </trkpt>
      <trkpt lat="41.044648" lon="-8.395792">
        <ele>118</ele>
      </trkpt>
      <trkpt lat="41.045085" lon="-8.39561">
        <ele>120.68</ele>
      </trkpt>
      <trkpt lat="41.045336" lon="-8.395481">
        <ele>121.24</ele>
      </trkpt>
      <trkpt lat="41.045448" lon="-8.395393">
        <ele>120.94</ele>
      </trkpt>
      <trkpt lat="41.045543" lon="-8.395295">
        <ele>120.27</ele>
      </trkpt>
      <trkpt lat="41.045637" lon="-8.395179">
        <ele>119.02</ele>
      </trkpt>
      <trkpt lat="41.045739" lon="-8.395022">
        <ele>118.03</ele>
      </trkpt>
      <trkpt lat="41.045816" lon="-8.39485">
        <ele>116.35</ele>
      </trkpt>
      <trkpt lat="41.045899" lon="-8.394613">
        <ele>116.51</ele>
      </trkpt>
      <trkpt lat="41.045963" lon="-8.394323">
        <ele>116.85</ele>
      </trkpt>
      <trkpt lat="41.046041" lon="-8.393832">
        <ele>114.14</ele>
      </trkpt>
      <trkpt lat="41.046095" lon="-8.393477">
        <ele>108.78</ele>
      </trkpt>
      <trkpt lat="41.046147" lon="-8.393188">
        <ele>106.33</ele>
      </trkpt>
      <trkpt lat="41.046224" lon="-8.392947">
        <ele>102.89</ele>
      </trkpt>
      <trkpt lat="41.046364" lon="-8.392662">
        <ele>102.03</ele>
      </trkpt>
      <trkpt lat="41.046531" lon="-8.392377">
        <ele>101.14</ele>
      </trkpt>
      <trkpt lat="41.04685" lon="-8.391839">
        <ele>95.03</ele>
      </trkpt>
      <trkpt lat="41.047225" lon="-8.391214">
        <ele>85.37</ele>
      </trkpt>
      <trkpt lat="41.04745" lon="-8.39082">
        <ele>83.49</ele>
      </trkpt>
      <trkpt lat="41.04767" lon="-8.390391">
        <ele>81.11</ele>
      </trkpt>
      <trkpt lat="41.047793" lon="-8.390081">
        <ele>78.08</ele>
      </trkpt>
      <trkpt lat="41.047879" lon="-8.389825">
        <ele>75.97</ele>
      </trkpt>
      <trkpt lat="41.04795" lon="-8.389514">
        <ele>72.84</ele>
      </trkpt>
      <trkpt lat="41.047988" lon="-8.389202">
        <ele>70.54</ele>
      </trkpt>
      <trkpt lat="41.048005" lon="-8.388856">
        <ele>68.47</ele>
      </trkpt>
      <trkpt lat="41.047993" lon="-8.388594">
        <ele>67.16</ele>
      </trkpt>
      <trkpt lat="41.047956" lon="-8.388224">
        <ele>65.58</ele>
      </trkpt>
      <trkpt lat="41.04788" lon="-8.387778">
        <ele>62.63</ele>
      </trkpt>
      <trkpt lat="41.047812" lon="-8.387485">
        <ele>59.61</ele>
      </trkpt>
      <trkpt lat="41.047582" lon="-8.386811">
        <ele>54.89</ele>
      </trkpt>
      <trkpt lat="41.047446" lon="-8.386366">
        <ele>53.4</ele>
      </trkpt>
      <trkpt lat="41.047381" lon="-8.386082">
        <ele>52.28</ele>
      </trkpt>
      <trkpt lat="41.047345" lon="-8.385872">
        <ele>51.31</ele>
      </trkpt>
      <trkpt lat="41.047326" lon="-8.385659">
        <ele>50.16</ele>
      </trkpt>
      <trkpt lat="41.047347" lon="-8.385404">
        <ele>47.3</ele>
      </trkpt>
      <trkpt lat="41.047425" lon="-8.384915">
        <ele>42.51</ele>
      </trkpt>
      <trkpt lat="41.047604" lon="-8.38418">
        <ele>37.23</ele>
      </trkpt>
      <trkpt lat="41.047607" lon="-8.384156">
        <ele>36.98</ele>
      </trkpt>
      <trkpt lat="41.047654" lon="-8.383795">
        <ele>33.21</ele>
      </trkpt>
      <trkpt lat="41.047649" lon="-8.383673">
        <ele>31.93</ele>
      </trkpt>
      <trkpt lat="41.047591" lon="-8.383235">
        <ele>29.12</ele>
      </trkpt>
      <trkpt lat="41.047565" lon="-8.383061">
        <ele>29.42</ele>
      </trkpt>
      <trkpt lat="41.047398" lon="-8.382256">
        <ele>31.4</ele>
      </trkpt>
      <trkpt lat="41.047345" lon="-8.381952">
        <ele>31.92</ele>
      </trkpt>
      <trkpt lat="41.047315" lon="-8.381683">
        <ele>31.08</ele>
      </trkpt>
      <trkpt lat="41.047265" lon="-8.380973">
        <ele>27.11</ele>
      </trkpt>
      <trkpt lat="41.047272" lon="-8.380658">
        <ele>25.25</ele>
      </trkpt>
      <trkpt lat="41.047301" lon="-8.380306">
        <ele>25.53</ele>
      </trkpt>
      <trkpt lat="41.04734" lon="-8.379951">
        <ele>26.86</ele>
      </trkpt>
      <trkpt lat="41.04739" lon="-8.379599">
        <ele>25.93</ele>
      </trkpt>
      <trkpt lat="41.047501" lon="-8.378999">
        <ele>22.19</ele>
      </trkpt>
      <trkpt lat="41.047589" lon="-8.378521">
        <ele>23.32</ele>
      </trkpt>
      <trkpt lat="41.047689" lon="-8.378">
        <ele>22.37</ele>
      </trkpt>
      <trkpt lat="41.048074" lon="-8.376142">
        <ele>24.32</ele>
      </trkpt>
      <trkpt lat="41.048129" lon="-8.375839">
        <ele>25</ele>
      </trkpt>
      <trkpt lat="41.048291" lon="-8.375169">
        <ele>24.4</ele>
      </trkpt>
      <trkpt lat="41.048438" lon="-8.374656">
        <ele>27.46</ele>
      </trkpt>
      <trkpt lat="41.048696" lon="-8.373846">
        <ele>26.82</ele>
      </trkpt>
      <trkpt lat="41.049026" lon="-8.372812">
        <ele>23.88</ele>
      </trkpt>
      <trkpt lat="41.049098" lon="-8.372561">
        <ele>25.28</ele>
      </trkpt>
      <trkpt lat="41.049157" lon="-8.372312">
        <ele>27.36</ele>
      </trkpt>
      <trkpt lat="41.049231" lon="-8.371944">
        <ele>29.95</ele>
      </trkpt>
      <trkpt lat="41.049255" lon="-8.371769">
        <ele>29.97</ele>
      </trkpt>
      <trkpt lat="41.04928" lon="-8.371287">
        <ele>29.67</ele>
      </trkpt>
      <trkpt lat="41.049278" lon="-8.371059">
        <ele>29.51</ele>
      </trkpt>
      <trkpt lat="41.049261" lon="-8.370835">
        <ele>29.39</ele>
      </trkpt>
      <trkpt lat="41.049237" lon="-8.370631">
        <ele>29.54</ele>
      </trkpt>
      <trkpt lat="41.049201" lon="-8.370427">
        <ele>29.04</ele>
      </trkpt>
      <trkpt lat="41.049149" lon="-8.370185">
        <ele>29.21</ele>
      </trkpt>
      <trkpt lat="41.049072" lon="-8.369923">
        <ele>33.01</ele>
      </trkpt>
      <trkpt lat="41.049016" lon="-8.369753">
        <ele>34.23</ele>
      </trkpt>
      <trkpt lat="41.048936" lon="-8.369549">
        <ele>34.99</ele>
      </trkpt>
      <trkpt lat="41.04875" lon="-8.36916">
        <ele>36.64</ele>
      </trkpt>
      <trkpt lat="41.048589" lon="-8.368886">
        <ele>38.62</ele>
      </trkpt>
      <trkpt lat="41.048461" lon="-8.368702">
        <ele>38.82</ele>
      </trkpt>
      <trkpt lat="41.04827" lon="-8.368459">
        <ele>35.86</ele>
      </trkpt>
      <trkpt lat="41.048157" lon="-8.368329">
        <ele>34.6</ele>
      </trkpt>
      <trkpt lat="41.048032" lon="-8.368198">
        <ele>35.19</ele>
      </trkpt>
      <trkpt lat="41.047511" lon="-8.367684">
        <ele>46.31</ele>
      </trkpt>
      <trkpt lat="41.04682" lon="-8.367006">
        <ele>45.54</ele>
      </trkpt>
      <trkpt lat="41.046023" lon="-8.366235">
        <ele>55.95</ele>
      </trkpt>
      <trkpt lat="41.045626" lon="-8.365851">
        <ele>58.39</ele>
      </trkpt>
      <trkpt lat="41.045177" lon="-8.365409">
        <ele>58.41</ele>
      </trkpt>
      <trkpt lat="41.044828" lon="-8.365079">
        <ele>61.56</ele>
      </trkpt>
      <trkpt lat="41.044636" lon="-8.364898">
        <ele>61.1</ele>
      </trkpt>
      <trkpt lat="41.044426" lon="-8.364688">
        <ele>62.31</ele>
      </trkpt>
      <trkpt lat="41.044211" lon="-8.364473">
        <ele>65.89</ele>
      </trkpt>
      <trkpt lat="41.044049" lon="-8.364282">
        <ele>68.46</ele>
      </trkpt>
      <trkpt lat="41.043884" lon="-8.364031">
        <ele>68.48</ele>
      </trkpt>
      <trkpt lat="41.043621" lon="-8.36356">
        <ele>69.25</ele>
      </trkpt>
      <trkpt lat="41.043505" lon="-8.363367">
        <ele>69.58</ele>
      </trkpt>
      <trkpt lat="41.043388" lon="-8.363206">
        <ele>69.59</ele>
      </trkpt>
      <trkpt lat="41.043247" lon="-8.363049">
        <ele>70.96</ele>
      </trkpt>
      <trkpt lat="41.043095" lon="-8.362898">
        <ele>70.97</ele>
      </trkpt>
      <trkpt lat="41.042706" lon="-8.36254">
        <ele>71.6</ele>
      </trkpt>
      <trkpt lat="41.042512" lon="-8.362362">
        <ele>69.35</ele>
      </trkpt>
      <trkpt lat="41.042393" lon="-8.362303">
        <ele>68.22</ele>
      </trkpt>
      <trkpt lat="41.042242" lon="-8.362295">
        <ele>66.15</ele>
      </trkpt>
      <trkpt lat="41.042205" lon="-8.362305">
        <ele>65.37</ele>
      </trkpt>
      <trkpt lat="41.04216" lon="-8.362295">
        <ele>64.29</ele>
      </trkpt>
      <trkpt lat="41.04212" lon="-8.362259">
        <ele>63.66</ele>
      </trkpt>
      <trkpt lat="41.042101" lon="-8.362221">
        <ele>63.74</ele>
      </trkpt>
      <trkpt lat="41.041916" lon="-8.362037">
        <ele>65.19</ele>
      </trkpt>
      <trkpt lat="41.041588" lon="-8.361756">
        <ele>67.84</ele>
      </trkpt>
      <trkpt lat="41.041391" lon="-8.361546">
        <ele>69.12</ele>
      </trkpt>
      <trkpt lat="41.04115" lon="-8.36127">
        <ele>71.73</ele>
      </trkpt>
      <trkpt lat="41.040854" lon="-8.360883">
        <ele>75.61</ele>
      </trkpt>
      <trkpt lat="41.040289" lon="-8.360089">
        <ele>78.54</ele>
      </trkpt>
      <trkpt lat="41.040096" lon="-8.359876">
        <ele>79.94</ele>
      </trkpt>
      <trkpt lat="41.03999" lon="-8.359772">
        <ele>81.18</ele>
      </trkpt>
      <trkpt lat="41.039872" lon="-8.359675">
        <ele>81.39</ele>
      </trkpt>
      <trkpt lat="41.039453" lon="-8.359365">
        <ele>78.73</ele>
      </trkpt>
      <trkpt lat="41.039233" lon="-8.359165">
        <ele>81.07</ele>
      </trkpt>
      <trkpt lat="41.039032" lon="-8.358919">
        <ele>85.05</ele>
      </trkpt>
      <trkpt lat="41.038861" lon="-8.35863">
        <ele>88.42</ele>
      </trkpt>
      <trkpt lat="41.038776" lon="-8.358448">
        <ele>89.16</ele>
      </trkpt>
      <trkpt lat="41.038557" lon="-8.357914">
        <ele>92.88</ele>
      </trkpt>
      <trkpt lat="41.038063" lon="-8.356653">
        <ele>94.92</ele>
      </trkpt>
      <trkpt lat="41.037712" lon="-8.355891">
        <ele>94.35</ele>
      </trkpt>
      <trkpt lat="41.037344" lon="-8.355146">
        <ele>96.54</ele>
      </trkpt>
      <trkpt lat="41.03669" lon="-8.354019">
        <ele>97.71</ele>
      </trkpt>
      <trkpt lat="41.03669" lon="-8.354019">
        <ele>97.71</ele>
      </trkpt>
      <trkpt lat="41.036259" lon="-8.353273">
        <ele>102.57</ele>
      </trkpt>
      <trkpt lat="41.035875" lon="-8.352588">
        <ele>104.29</ele>
      </trkpt>
      <trkpt lat="41.035784" lon="-8.352434">
        <ele>106.68</ele>
      </trkpt>
      <trkpt lat="41.035683" lon="-8.352283">
        <ele>109.15</ele>
      </trkpt>
      <trkpt lat="41.035553" lon="-8.352119">
        <ele>111.11</ele>
      </trkpt>
      <trkpt lat="41.035454" lon="-8.352014">
        <ele>111.88</ele>
      </trkpt>
      <trkpt lat="41.034842" lon="-8.351558">
        <ele>111.02</ele>
      </trkpt>
      <trkpt lat="41.034662" lon="-8.351358">
        <ele>113.22</ele>
      </trkpt>
      <trkpt lat="41.034502" lon="-8.351117">
        <ele>117.04</ele>
      </trkpt>
      <trkpt lat="41.03439" lon="-8.350902">
        <ele>120.43</ele>
      </trkpt>
      <trkpt lat="41.03429" lon="-8.350603">
        <ele>123.42</ele>
      </trkpt>
      <trkpt lat="41.034198" lon="-8.350296">
        <ele>125.23</ele>
      </trkpt>
      <trkpt lat="41.034096" lon="-8.350084">
        <ele>126.76</ele>
      </trkpt>
      <trkpt lat="41.033935" lon="-8.349798">
        <ele>128.4</ele>
      </trkpt>
      <trkpt lat="41.033815" lon="-8.349618">
        <ele>130.4</ele>
      </trkpt>
      <trkpt lat="41.033774" lon="-8.349562">
        <ele>126.81</ele>
      </trkpt>
      <trkpt lat="41.033625" lon="-8.349366">
        <ele>128.66</ele>
      </trkpt>
      <trkpt lat="41.033451" lon="-8.349111">
        <ele>128.19</ele>
      </trkpt>
      <trkpt lat="41.033328" lon="-8.348885">
        <ele>124.73</ele>
      </trkpt>
      <trkpt lat="41.033241" lon="-8.348657">
        <ele>122.52</ele>
      </trkpt>
      <trkpt lat="41.033166" lon="-8.348368">
        <ele>124.69</ele>
      </trkpt>
      <trkpt lat="41.033129" lon="-8.348113">
        <ele>128.93</ele>
      </trkpt>
      <trkpt lat="41.033121" lon="-8.347893">
        <ele>132.67</ele>
      </trkpt>
      <trkpt lat="41.033152" lon="-8.347381">
        <ele>141.42</ele>
      </trkpt>
      <trkpt lat="41.033185" lon="-8.347059">
        <ele>144.92</ele>
      </trkpt>
      <trkpt lat="41.033203" lon="-8.346804">
        <ele>146.87</ele>
      </trkpt>
      <trkpt lat="41.033207" lon="-8.34659">
        <ele>147.4</ele>
      </trkpt>
      <trkpt lat="41.033187" lon="-8.346356">
        <ele>147.79</ele>
      </trkpt>
      <trkpt lat="41.033143" lon="-8.346118">
        <ele>147.74</ele>
      </trkpt>
      <trkpt lat="41.03307" lon="-8.345876">
        <ele>147.3</ele>
      </trkpt>
      <trkpt lat="41.032995" lon="-8.345699">
        <ele>147.39</ele>
      </trkpt>
      <trkpt lat="41.032888" lon="-8.345514">
        <ele>147.49</ele>
      </trkpt>
      <trkpt lat="41.032888" lon="-8.345514">
        <ele>147.49</ele>
      </trkpt>
      <trkpt lat="41.032768" lon="-8.345343">
        <ele>146.63</ele>
      </trkpt>
      <trkpt lat="41.032612" lon="-8.345139">
        <ele>144.65</ele>
      </trkpt>
      <trkpt lat="41.032214" lon="-8.344666">
        <ele>155.26</ele>
      </trkpt>
      <trkpt lat="41.031862" lon="-8.344261">
        <ele>165.57</ele>
      </trkpt>
      <trkpt lat="41.031739" lon="-8.344103">
        <ele>167.8</ele>
      </trkpt>
      <trkpt lat="41.031575" lon="-8.343856">
        <ele>170.27</ele>
      </trkpt>
      <trkpt lat="41.031433" lon="-8.343601">
        <ele>172.04</ele>
      </trkpt>
      <trkpt lat="41.031306" lon="-8.343317">
        <ele>173.27</ele>
      </trkpt>
      <trkpt lat="41.031213" lon="-8.343024">
        <ele>172.5</ele>
      </trkpt>
      <trkpt lat="41.031152" lon="-8.342711">
        <ele>170.03</ele>
      </trkpt>
      <trkpt lat="41.031119" lon="-8.342431">
        <ele>168.47</ele>
      </trkpt>
      <trkpt lat="41.031112" lon="-8.342198">
        <ele>169.65</ele>
      </trkpt>
      <trkpt lat="41.031115" lon="-8.342011">
        <ele>170.59</ele>
      </trkpt>
      <trkpt lat="41.031151" lon="-8.341669">
        <ele>172.28</ele>
      </trkpt>
      <trkpt lat="41.031223" lon="-8.341316">
        <ele>174.03</ele>
      </trkpt>
      <trkpt lat="41.031272" lon="-8.34115">
        <ele>174.86</ele>
      </trkpt>
      <trkpt lat="41.031324" lon="-8.341008">
        <ele>175.59</ele>
      </trkpt>
      <trkpt lat="41.031405" lon="-8.340834">
        <ele>176.51</ele>
      </trkpt>
      <trkpt lat="41.031494" lon="-8.340685">
        <ele>177.34</ele>
      </trkpt>
      <trkpt lat="41.031581" lon="-8.340557">
        <ele>178.1</ele>
      </trkpt>
      <trkpt lat="41.031763" lon="-8.34034">
        <ele>179.49</ele>
      </trkpt>
      <trkpt lat="41.031963" lon="-8.340162">
        <ele>180.83</ele>
      </trkpt>
      <trkpt lat="41.032239" lon="-8.339963">
        <ele>186.51</ele>
      </trkpt>
      <trkpt lat="41.032405" lon="-8.339858">
        <ele>189.63</ele>
      </trkpt>
      <trkpt lat="41.032806" lon="-8.339648">
        <ele>197.35</ele>
      </trkpt>
      <trkpt lat="41.03336" lon="-8.339366">
        <ele>201.81</ele>
      </trkpt>
      <trkpt lat="41.033706" lon="-8.339161">
        <ele>198.95</ele>
      </trkpt>
      <trkpt lat="41.033785" lon="-8.339107">
        <ele>197.55</ele>
      </trkpt>
      <trkpt lat="41.034066" lon="-8.338884">
        <ele>200.75</ele>
      </trkpt>
      <trkpt lat="41.034331" lon="-8.338637">
        <ele>203.96</ele>
      </trkpt>
      <trkpt lat="41.034501" lon="-8.33846">
        <ele>206.14</ele>
      </trkpt>
      <trkpt lat="41.034657" lon="-8.33827">
        <ele>208.32</ele>
      </trkpt>
      <trkpt lat="41.034805" lon="-8.338071">
        <ele>210.52</ele>
      </trkpt>
      <trkpt lat="41.03493" lon="-8.33787">
        <ele>215.28</ele>
      </trkpt>
      <trkpt lat="41.035096" lon="-8.337521">
        <ele>218.66</ele>
      </trkpt>
      <trkpt lat="41.035199" lon="-8.337272">
        <ele>218.11</ele>
      </trkpt>
      <trkpt lat="41.035343" lon="-8.336816">
        <ele>218.55</ele>
      </trkpt>
      <trkpt lat="41.035407" lon="-8.336491">
        <ele>220.84</ele>
      </trkpt>
      <trkpt lat="41.035443" lon="-8.336139">
        <ele>223.54</ele>
      </trkpt>
      <trkpt lat="41.035448" lon="-8.335704">
        <ele>225.04</ele>
      </trkpt>
      <trkpt lat="41.035415" lon="-8.335279">
        <ele>225.66</ele>
      </trkpt>
      <trkpt lat="41.035358" lon="-8.334864">
        <ele>223.66</ele>
      </trkpt>
      <trkpt lat="41.035325" lon="-8.334732">
        <ele>223.28</ele>
      </trkpt>
      <trkpt lat="41.035195" lon="-8.334215">
        <ele>221.8</ele>
      </trkpt>
      <trkpt lat="41.03506" lon="-8.33375">
        <ele>220.4</ele>
      </trkpt>
      <trkpt lat="41.03496" lon="-8.333444">
        <ele>219.12</ele>
      </trkpt>
      <trkpt lat="41.034661" lon="-8.332525">
        <ele>225.1</ele>
      </trkpt>
      <trkpt lat="41.034581" lon="-8.332246">
        <ele>224.92</ele>
      </trkpt>
      <trkpt lat="41.034451" lon="-8.33175">
        <ele>225.74</ele>
      </trkpt>
      <trkpt lat="41.034414" lon="-8.331525">
        <ele>225.62</ele>
      </trkpt>
      <trkpt lat="41.0344" lon="-8.33126">
        <ele>223.77</ele>
      </trkpt>
      <trkpt lat="41.034402" lon="-8.330961">
        <ele>220.42</ele>
      </trkpt>
      <trkpt lat="41.03444" lon="-8.330658">
        <ele>220.87</ele>
      </trkpt>
      <trkpt lat="41.034491" lon="-8.330389">
        <ele>221.27</ele>
      </trkpt>
      <trkpt lat="41.034569" lon="-8.330111">
        <ele>221.7</ele>
      </trkpt>
      <trkpt lat="41.034699" lon="-8.32976">
        <ele>222.25</ele>
      </trkpt>
      <trkpt lat="41.034843" lon="-8.329448">
        <ele>222.76</ele>
      </trkpt>
      <trkpt lat="41.034985" lon="-8.329174">
        <ele>223.22</ele>
      </trkpt>
      <trkpt lat="41.035181" lon="-8.328767">
        <ele>226.83</ele>
      </trkpt>
      <trkpt lat="41.035308" lon="-8.328482">
        <ele>227.19</ele>
      </trkpt>
      <trkpt lat="41.035457" lon="-8.328203">
        <ele>222.16</ele>
      </trkpt>
      <trkpt lat="41.035605" lon="-8.32795">
        <ele>222.2</ele>
      </trkpt>
      <trkpt lat="41.035743" lon="-8.327735">
        <ele>222.25</ele>
      </trkpt>
      <trkpt lat="41.035909" lon="-8.327518">
        <ele>222.29</ele>
      </trkpt>
      <trkpt lat="41.036095" lon="-8.327341">
        <ele>222.33</ele>
      </trkpt>
      <trkpt lat="41.036244" lon="-8.32722">
        <ele>222.36</ele>
      </trkpt>
      <trkpt lat="41.036587" lon="-8.327047">
        <ele>222.42</ele>
      </trkpt>
      <trkpt lat="41.036791" lon="-8.32699">
        <ele>227.07</ele>
      </trkpt>
      <trkpt lat="41.037013" lon="-8.326962">
        <ele>229.69</ele>
      </trkpt>
      <trkpt lat="41.037245" lon="-8.326952">
        <ele>229.92</ele>
      </trkpt>
      <trkpt lat="41.038003" lon="-8.32692">
        <ele>226.03</ele>
      </trkpt>
      <trkpt lat="41.038276" lon="-8.326907">
        <ele>228.56</ele>
      </trkpt>
      <trkpt lat="41.038893" lon="-8.32688">
        <ele>240.99</ele>
      </trkpt>
      <trkpt lat="41.03917" lon="-8.326858">
        <ele>242.56</ele>
      </trkpt>
      <trkpt lat="41.039521" lon="-8.326773">
        <ele>243.02</ele>
      </trkpt>
      <trkpt lat="41.039731" lon="-8.326682">
        <ele>242.9</ele>
      </trkpt>
      <trkpt lat="41.039905" lon="-8.326575">
        <ele>243.43</ele>
      </trkpt>
      <trkpt lat="41.040075" lon="-8.326449">
        <ele>244.97</ele>
      </trkpt>
      <trkpt lat="41.040229" lon="-8.326298">
        <ele>248.21</ele>
      </trkpt>
      <trkpt lat="41.040344" lon="-8.326164">
        <ele>251.41</ele>
      </trkpt>
      <trkpt lat="41.040506" lon="-8.32592">
        <ele>255.26</ele>
      </trkpt>
      <trkpt lat="41.04062" lon="-8.325719">
        <ele>256.36</ele>
      </trkpt>
      <trkpt lat="41.04095" lon="-8.325077">
        <ele>258.59</ele>
      </trkpt>
      <trkpt lat="41.041443" lon="-8.324107">
        <ele>257.83</ele>
      </trkpt>
      <trkpt lat="41.041591" lon="-8.323818">
        <ele>263.01</ele>
      </trkpt>
      <trkpt lat="41.04174" lon="-8.32353">
        <ele>265.9</ele>
      </trkpt>
      <trkpt lat="41.042135" lon="-8.322739">
        <ele>270.96</ele>
      </trkpt>
      <trkpt lat="41.042248" lon="-8.322447">
        <ele>272.18</ele>
      </trkpt>
      <trkpt lat="41.042339" lon="-8.322154">
        <ele>272.86</ele>
      </trkpt>
      <trkpt lat="41.042392" lon="-8.321943">
        <ele>273.66</ele>
      </trkpt>
      <trkpt lat="41.04243" lon="-8.321741">
        <ele>273.79</ele>
      </trkpt>
      <trkpt lat="41.042452" lon="-8.32142">
        <ele>274.97</ele>
      </trkpt>
      <trkpt lat="41.042444" lon="-8.321087">
        <ele>277.09</ele>
      </trkpt>
      <trkpt lat="41.0424" lon="-8.320778">
        <ele>278.43</ele>
      </trkpt>
      <trkpt lat="41.042369" lon="-8.320648">
        <ele>278.49</ele>
      </trkpt>
      <trkpt lat="41.042327" lon="-8.320473">
        <ele>278.58</ele>
      </trkpt>
      <trkpt lat="41.042242" lon="-8.320223">
        <ele>277.88</ele>
      </trkpt>
      <trkpt lat="41.042106" lon="-8.319936">
        <ele>277.14</ele>
      </trkpt>
      <trkpt lat="41.041955" lon="-8.319695">
        <ele>276.85</ele>
      </trkpt>
      <trkpt lat="41.041738" lon="-8.319427">
        <ele>277.31</ele>
      </trkpt>
      <trkpt lat="41.041465" lon="-8.319145">
        <ele>274.76</ele>
      </trkpt>
      <trkpt lat="41.041188" lon="-8.318888">
        <ele>274.77</ele>
      </trkpt>
      <trkpt lat="41.040988" lon="-8.318699">
        <ele>277.19</ele>
      </trkpt>
      <trkpt lat="41.040589" lon="-8.318322">
        <ele>278.54</ele>
      </trkpt>
      <trkpt lat="41.040146" lon="-8.317922">
        <ele>277.38</ele>
      </trkpt>
      <trkpt lat="41.039689" lon="-8.317533">
        <ele>274</ele>
      </trkpt>
      <trkpt lat="41.039133" lon="-8.317107">
        <ele>267.11</ele>
      </trkpt>
      <trkpt lat="41.038857" lon="-8.316924">
        <ele>263.9</ele>
      </trkpt>
      <trkpt lat="41.038265" lon="-8.316554">
        <ele>264.05</ele>
      </trkpt>
      <trkpt lat="41.037901" lon="-8.31639">
        <ele>266.96</ele>
      </trkpt>
      <trkpt lat="41.037629" lon="-8.316238">
        <ele>265.77</ele>
      </trkpt>
      <trkpt lat="41.036812" lon="-8.315782">
        <ele>257.65</ele>
      </trkpt>
      <trkpt lat="41.036087" lon="-8.315377">
        <ele>245.92</ele>
      </trkpt>
      <trkpt lat="41.035604" lon="-8.315107">
        <ele>244.11</ele>
      </trkpt>
      <trkpt lat="41.034678" lon="-8.314585">
        <ele>235.05</ele>
      </trkpt>
      <trkpt lat="41.034174" lon="-8.3143">
        <ele>233.17</ele>
      </trkpt>
      <trkpt lat="41.032211" lon="-8.313187">
        <ele>235.86</ele>
      </trkpt>
      <trkpt lat="41.031626" lon="-8.312855">
        <ele>235.24</ele>
      </trkpt>
      <trkpt lat="41.031239" lon="-8.312579">
        <ele>235.32</ele>
      </trkpt>
      <trkpt lat="41.030491" lon="-8.312157">
        <ele>230.02</ele>
      </trkpt>
      <trkpt lat="41.029993" lon="-8.311876">
        <ele>230.95</ele>
      </trkpt>
      <trkpt lat="41.029343" lon="-8.311503">
        <ele>234.99</ele>
      </trkpt>
      <trkpt lat="41.029117" lon="-8.311356">
        <ele>234.99</ele>
      </trkpt>
      <trkpt lat="41.028811" lon="-8.31114">
        <ele>235.33</ele>
      </trkpt>
      <trkpt lat="41.028562" lon="-8.310935">
        <ele>234.75</ele>
      </trkpt>
      <trkpt lat="41.028209" lon="-8.310591">
        <ele>234.05</ele>
      </trkpt>
      <trkpt lat="41.027959" lon="-8.310277">
        <ele>232.12</ele>
      </trkpt>
      <trkpt lat="41.027754" lon="-8.309976">
        <ele>228.74</ele>
      </trkpt>
      <trkpt lat="41.027581" lon="-8.309667">
        <ele>225.06</ele>
      </trkpt>
      <trkpt lat="41.027434" lon="-8.309336">
        <ele>219.71</ele>
      </trkpt>
      <trkpt lat="41.027323" lon="-8.309019">
        <ele>217.1</ele>
      </trkpt>
      <trkpt lat="41.027221" lon="-8.308636">
        <ele>214.64</ele>
      </trkpt>
      <trkpt lat="41.027156" lon="-8.308333">
        <ele>212.24</ele>
      </trkpt>
      <trkpt lat="41.027106" lon="-8.30796">
        <ele>210.44</ele>
      </trkpt>
      <trkpt lat="41.027074" lon="-8.307563">
        <ele>209.35</ele>
      </trkpt>
      <trkpt lat="41.027078" lon="-8.307153">
        <ele>208.44</ele>
      </trkpt>
      <trkpt lat="41.027107" lon="-8.306801">
        <ele>207.21</ele>
      </trkpt>
      <trkpt lat="41.027165" lon="-8.306403">
        <ele>203.89</ele>
      </trkpt>
      <trkpt lat="41.027238" lon="-8.306065">
        <ele>200.96</ele>
      </trkpt>
      <trkpt lat="41.027284" lon="-8.305881">
        <ele>200.51</ele>
      </trkpt>
      <trkpt lat="41.027376" lon="-8.305586">
        <ele>199.77</ele>
      </trkpt>
      <trkpt lat="41.027455" lon="-8.305381">
        <ele>199.24</ele>
      </trkpt>
      <trkpt lat="41.027562" lon="-8.305139">
        <ele>198.61</ele>
      </trkpt>
      <trkpt lat="41.027701" lon="-8.304872">
        <ele>197.88</ele>
      </trkpt>
      <trkpt lat="41.027857" lon="-8.304591">
        <ele>201.78</ele>
      </trkpt>
      <trkpt lat="41.028022" lon="-8.304315">
        <ele>203.36</ele>
      </trkpt>
      <trkpt lat="41.028225" lon="-8.304001">
        <ele>204.39</ele>
      </trkpt>
      <trkpt lat="41.028557" lon="-8.303514">
        <ele>205.37</ele>
      </trkpt>
      <trkpt lat="41.028708" lon="-8.303301">
        <ele>204.59</ele>
      </trkpt>
      <trkpt lat="41.028899" lon="-8.303034">
        <ele>200.34</ele>
      </trkpt>
      <trkpt lat="41.029061" lon="-8.302816">
        <ele>198.69</ele>
      </trkpt>
      <trkpt lat="41.029433" lon="-8.302327">
        <ele>206.77</ele>
      </trkpt>
      <trkpt lat="41.029615" lon="-8.302081">
        <ele>208.93</ele>
      </trkpt>
      <trkpt lat="41.029942" lon="-8.301635">
        <ele>207.74</ele>
      </trkpt>
      <trkpt lat="41.030098" lon="-8.301409">
        <ele>210.16</ele>
      </trkpt>
      <trkpt lat="41.030234" lon="-8.301191">
        <ele>212.62</ele>
      </trkpt>
      <trkpt lat="41.03037" lon="-8.300951">
        <ele>214.22</ele>
      </trkpt>
      <trkpt lat="41.030462" lon="-8.300766">
        <ele>214.28</ele>
      </trkpt>
      <trkpt lat="41.03058" lon="-8.300471">
        <ele>212.98</ele>
      </trkpt>
      <trkpt lat="41.030653" lon="-8.300234">
        <ele>212.97</ele>
      </trkpt>
      <trkpt lat="41.0307" lon="-8.300009">
        <ele>213.18</ele>
      </trkpt>
      <trkpt lat="41.030739" lon="-8.29975">
        <ele>214.12</ele>
      </trkpt>
      <trkpt lat="41.030769" lon="-8.299415">
        <ele>215.21</ele>
      </trkpt>
      <trkpt lat="41.030779" lon="-8.299134">
        <ele>215.99</ele>
      </trkpt>
      <trkpt lat="41.030765" lon="-8.29888">
        <ele>216.54</ele>
      </trkpt>
      <trkpt lat="41.03072" lon="-8.298558">
        <ele>217.43</ele>
      </trkpt>
      <trkpt lat="41.030678" lon="-8.298336">
        <ele>218.01</ele>
      </trkpt>
      <trkpt lat="41.030612" lon="-8.298098">
        <ele>218.65</ele>
      </trkpt>
      <trkpt lat="41.030537" lon="-8.297862">
        <ele>219.58</ele>
      </trkpt>
      <trkpt lat="41.030447" lon="-8.297642">
        <ele>219.89</ele>
      </trkpt>
      <trkpt lat="41.030215" lon="-8.297198">
        <ele>217.37</ele>
      </trkpt>
      <trkpt lat="41.030101" lon="-8.297021">
        <ele>217</ele>
      </trkpt>
      <trkpt lat="41.029965" lon="-8.296829">
        <ele>218.1</ele>
      </trkpt>
      <trkpt lat="41.029882" lon="-8.296732">
        <ele>219.34</ele>
      </trkpt>
      <trkpt lat="41.029795" lon="-8.296681">
        <ele>220.73</ele>
      </trkpt>
      <trkpt lat="41.029772" lon="-8.296675">
        <ele>221.1</ele>
      </trkpt>
      <trkpt lat="41.029684" lon="-8.296607">
        <ele>222.87</ele>
      </trkpt>
      <trkpt lat="41.029644" lon="-8.296544">
        <ele>223.49</ele>
      </trkpt>
      <trkpt lat="41.029619" lon="-8.296468">
        <ele>223.88</ele>
      </trkpt>
      <trkpt lat="41.02961" lon="-8.296355">
        <ele>224.03</ele>
      </trkpt>
      <trkpt lat="41.029593" lon="-8.296284">
        <ele>224.38</ele>
      </trkpt>
      <trkpt lat="41.029508" lon="-8.296118">
        <ele>224.59</ele>
      </trkpt>
      <trkpt lat="41.029332" lon="-8.295909">
        <ele>228.2</ele>
      </trkpt>
      <trkpt lat="41.029208" lon="-8.29574">
        <ele>228.99</ele>
      </trkpt>
      <trkpt lat="41.028804" lon="-8.29523">
        <ele>228.21</ele>
      </trkpt>
      <trkpt lat="41.028399" lon="-8.294721">
        <ele>222.96</ele>
      </trkpt>
      <trkpt lat="41.028197" lon="-8.294466">
        <ele>222.06</ele>
      </trkpt>
      <trkpt lat="41.027757" lon="-8.293895">
        <ele>223.68</ele>
      </trkpt>
      <trkpt lat="41.027537" lon="-8.29361">
        <ele>222.64</ele>
      </trkpt>
      <trkpt lat="41.027354" lon="-8.293293">
        <ele>212.69</ele>
      </trkpt>
      <trkpt lat="41.027208" lon="-8.292929">
        <ele>203.94</ele>
      </trkpt>
      <trkpt lat="41.026917" lon="-8.291921">
        <ele>207.36</ele>
      </trkpt>
      <trkpt lat="41.02682" lon="-8.291585">
        <ele>206.15</ele>
      </trkpt>
      <trkpt lat="41.026626" lon="-8.290913">
        <ele>197.47</ele>
      </trkpt>
      <trkpt lat="41.026529" lon="-8.290577">
        <ele>194.84</ele>
      </trkpt>
      <trkpt lat="41.026432" lon="-8.290241">
        <ele>194.67</ele>
      </trkpt>
      <trkpt lat="41.026335" lon="-8.289905">
        <ele>197.56</ele>
      </trkpt>
      <trkpt lat="41.026232" lon="-8.289559">
        <ele>196.77</ele>
      </trkpt>
      <trkpt lat="41.026147" lon="-8.289232">
        <ele>192.9</ele>
      </trkpt>
      <trkpt lat="41.026089" lon="-8.288915">
        <ele>187.22</ele>
      </trkpt>
      <trkpt lat="41.026072" lon="-8.288741">
        <ele>184.94</ele>
      </trkpt>
      <trkpt lat="41.026067" lon="-8.288565">
        <ele>182.86</ele>
      </trkpt>
      <trkpt lat="41.026077" lon="-8.288399">
        <ele>181</ele>
      </trkpt>
      <trkpt lat="41.0261" lon="-8.28823">
        <ele>180.08</ele>
      </trkpt>
      <trkpt lat="41.026181" lon="-8.287892">
        <ele>178.17</ele>
      </trkpt>
      <trkpt lat="41.026248" lon="-8.287687">
        <ele>177.96</ele>
      </trkpt>
      <trkpt lat="41.026338" lon="-8.287476">
        <ele>179.37</ele>
      </trkpt>
      <trkpt lat="41.026631" lon="-8.286941">
        <ele>183.2</ele>
      </trkpt>
      <trkpt lat="41.027072" lon="-8.286139">
        <ele>183.34</ele>
      </trkpt>
      <trkpt lat="41.027146" lon="-8.285966">
        <ele>184.03</ele>
      </trkpt>
      <trkpt lat="41.027206" lon="-8.285767">
        <ele>184.88</ele>
      </trkpt>
      <trkpt lat="41.027302" lon="-8.285234">
        <ele>185.58</ele>
      </trkpt>
      <trkpt lat="41.027344" lon="-8.28492">
        <ele>184.84</ele>
      </trkpt>
      <trkpt lat="41.027432" lon="-8.284206">
        <ele>175.54</ele>
      </trkpt>
      <trkpt lat="41.027463" lon="-8.283941">
        <ele>174.55</ele>
      </trkpt>
      <trkpt lat="41.027546" lon="-8.283179">
        <ele>178.04</ele>
      </trkpt>
      <trkpt lat="41.027589" lon="-8.282932">
        <ele>178.42</ele>
      </trkpt>
      <trkpt lat="41.027675" lon="-8.282216">
        <ele>179.62</ele>
      </trkpt>
      <trkpt lat="41.027766" lon="-8.281463">
        <ele>175.1</ele>
      </trkpt>
      <trkpt lat="41.027807" lon="-8.281198">
        <ele>174.35</ele>
      </trkpt>
      <trkpt lat="41.027871" lon="-8.280924">
        <ele>174.57</ele>
      </trkpt>
      <trkpt lat="41.027955" lon="-8.280677">
        <ele>174.06</ele>
      </trkpt>
      <trkpt lat="41.028055" lon="-8.280465">
        <ele>171.98</ele>
      </trkpt>
      <trkpt lat="41.028172" lon="-8.280293">
        <ele>171.2</ele>
      </trkpt>
      <trkpt lat="41.02829" lon="-8.28014">
        <ele>171.89</ele>
      </trkpt>
      <trkpt lat="41.028421" lon="-8.280004">
        <ele>173.93</ele>
      </trkpt>
      <trkpt lat="41.028562" lon="-8.279884">
        <ele>175.31</ele>
      </trkpt>
      <trkpt lat="41.029214" lon="-8.279433">
        <ele>170.27</ele>
      </trkpt>
      <trkpt lat="41.029978" lon="-8.278907">
        <ele>160.71</ele>
      </trkpt>
      <trkpt lat="41.030233" lon="-8.278732">
        <ele>159.46</ele>
      </trkpt>
      <trkpt lat="41.030487" lon="-8.278557">
        <ele>161.66</ele>
      </trkpt>
      <trkpt lat="41.030779" lon="-8.278363">
        <ele>161.91</ele>
      </trkpt>
      <trkpt lat="41.030963" lon="-8.278263">
        <ele>161.94</ele>
      </trkpt>
      <trkpt lat="41.031124" lon="-8.278204">
        <ele>162.09</ele>
      </trkpt>
      <trkpt lat="41.03132" lon="-8.278168">
        <ele>161.63</ele>
      </trkpt>
      <trkpt lat="41.031536" lon="-8.278168">
        <ele>159.99</ele>
      </trkpt>
      <trkpt lat="41.031675" lon="-8.278197">
        <ele>158.06</ele>
      </trkpt>
      <trkpt lat="41.031847" lon="-8.278253">
        <ele>156.1</ele>
      </trkpt>
      <trkpt lat="41.031978" lon="-8.278312">
        <ele>153.63</ele>
      </trkpt>
      <trkpt lat="41.033243" lon="-8.278953">
        <ele>162</ele>
      </trkpt>
      <trkpt lat="41.03336" lon="-8.278997">
        <ele>164.19</ele>
      </trkpt>
      <trkpt lat="41.033523" lon="-8.279043">
        <ele>165.9</ele>
      </trkpt>
      <trkpt lat="41.033691" lon="-8.279056">
        <ele>166.66</ele>
      </trkpt>
      <trkpt lat="41.033892" lon="-8.279029">
        <ele>167.72</ele>
      </trkpt>
      <trkpt lat="41.03398" lon="-8.27901">
        <ele>168.15</ele>
      </trkpt>
      <trkpt lat="41.034174" lon="-8.278941">
        <ele>169.86</ele>
      </trkpt>
      <trkpt lat="41.034498" lon="-8.278777">
        <ele>171.77</ele>
      </trkpt>
      <trkpt lat="41.03537598380675" lon="-8.278262537841405">
        <ele>177.8392327508713</ele>
      </trkpt>
      <trkpt lat="41.035376" lon="-8.278262">
        <ele>178.1</ele>
      </trkpt>
      <trkpt lat="41.035609" lon="-8.278126">
        <ele>179.45</ele>
      </trkpt>
      <trkpt lat="41.035931" lon="-8.278002">
        <ele>183.52</ele>
      </trkpt>
      <trkpt lat="41.036043" lon="-8.27795">
        <ele>184.58</ele>
      </trkpt>
      <trkpt lat="41.036459" lon="-8.277721">
        <ele>187.78</ele>
      </trkpt>
      <trkpt lat="41.03652" lon="-8.277732">
        <ele>188.26</ele>
      </trkpt>
      <trkpt lat="41.036577" lon="-8.277753">
        <ele>188.69</ele>
      </trkpt>
      <trkpt lat="41.036674" lon="-8.277831">
        <ele>189.44</ele>
      </trkpt>
      <trkpt lat="41.036763" lon="-8.277993">
        <ele>190.13</ele>
      </trkpt>
      <trkpt lat="41.036838" lon="-8.278204">
        <ele>189.86</ele>
      </trkpt>
      <trkpt lat="41.036889" lon="-8.278301">
        <ele>189.68</ele>
      </trkpt>
      <trkpt lat="41.036947" lon="-8.278389">
        <ele>189.62</ele>
      </trkpt>
      <trkpt lat="41.037004" lon="-8.27843">
        <ele>189.99</ele>
      </trkpt>
      <trkpt lat="41.037004" lon="-8.27843">
        <ele>189.99</ele>
      </trkpt>
      <trkpt lat="41.037068" lon="-8.278452">
        <ele>190.34</ele>
      </trkpt>
      <trkpt lat="41.037133" lon="-8.278455">
        <ele>190.68</ele>
      </trkpt>
      <trkpt lat="41.037408" lon="-8.278446">
        <ele>191.82</ele>
      </trkpt>
      <trkpt lat="41.037554" lon="-8.27848">
        <ele>192.43</ele>
      </trkpt>
      <trkpt lat="41.037655" lon="-8.278516">
        <ele>193.33</ele>
      </trkpt>
      <trkpt lat="41.03777" lon="-8.278598">
        <ele>193.61</ele>
      </trkpt>
      <trkpt lat="41.037837" lon="-8.278673">
        <ele>193.66</ele>
      </trkpt>
      <trkpt lat="41.037938" lon="-8.278816">
        <ele>193.56</ele>
      </trkpt>
      <trkpt lat="41.038014" lon="-8.278882">
        <ele>193.95</ele>
      </trkpt>
      <trkpt lat="41.038093" lon="-8.278928">
        <ele>194.63</ele>
      </trkpt>
      <trkpt lat="41.038353" lon="-8.27903">
        <ele>196.09</ele>
      </trkpt>
      <trkpt lat="41.038493" lon="-8.279048">
        <ele>196.6</ele>
      </trkpt>
      <trkpt lat="41.038632" lon="-8.279044">
        <ele>196.42</ele>
      </trkpt>
      <trkpt lat="41.038852" lon="-8.279024">
        <ele>196.17</ele>
      </trkpt>
      <trkpt lat="41.038974" lon="-8.278977">
        <ele>195.96</ele>
      </trkpt>
      <trkpt lat="41.039062" lon="-8.278898">
        <ele>196.79</ele>
      </trkpt>
      <trkpt lat="41.039564" lon="-8.278261">
        <ele>201.03</ele>
      </trkpt>
      <trkpt lat="41.039734" lon="-8.278017">
        <ele>201.41</ele>
      </trkpt>
      <trkpt lat="41.039839" lon="-8.277835">
        <ele>201.93</ele>
      </trkpt>
      <trkpt lat="41.039866" lon="-8.277703">
        <ele>202.84</ele>
      </trkpt>
      <trkpt lat="41.039856" lon="-8.277553">
        <ele>203.11</ele>
      </trkpt>
      <trkpt lat="41.039814" lon="-8.277447">
        <ele>204.07</ele>
      </trkpt>
      <trkpt lat="41.039747" lon="-8.277332">
        <ele>205.42</ele>
      </trkpt>
      <trkpt lat="41.039692" lon="-8.277191">
        <ele>205.86</ele>
      </trkpt>
      <trkpt lat="41.039682" lon="-8.277045">
        <ele>205.24</ele>
      </trkpt>
      <trkpt lat="41.039716" lon="-8.276876">
        <ele>204.24</ele>
      </trkpt>
      <trkpt lat="41.039752" lon="-8.276767">
        <ele>203.75</ele>
      </trkpt>
      <trkpt lat="41.039852" lon="-8.276585">
        <ele>203.64</ele>
      </trkpt>
      <trkpt lat="41.039928" lon="-8.276524">
        <ele>203.83</ele>
      </trkpt>
      <trkpt lat="41.040006" lon="-8.276495">
        <ele>204.36</ele>
      </trkpt>
      <trkpt lat="41.040157" lon="-8.276485">
        <ele>204.34</ele>
      </trkpt>
      <trkpt lat="41.0403" lon="-8.276459">
        <ele>204.12</ele>
      </trkpt>
      <trkpt lat="41.040561" lon="-8.276369">
        <ele>205.55</ele>
      </trkpt>
      <trkpt lat="41.040731" lon="-8.276374">
        <ele>204.19</ele>
      </trkpt>
      <trkpt lat="41.040839" lon="-8.276395">
        <ele>203.42</ele>
      </trkpt>
      <trkpt lat="41.041002" lon="-8.276414">
        <ele>202.79</ele>
      </trkpt>
      <trkpt lat="41.041119" lon="-8.276394">
        <ele>203.38</ele>
      </trkpt>
      <trkpt lat="41.041224" lon="-8.276346">
        <ele>204.27</ele>
      </trkpt>
      <trkpt lat="41.041363" lon="-8.276219">
        <ele>206.21</ele>
      </trkpt>
      <trkpt lat="41.04206" lon="-8.275569">
        <ele>205.52</ele>
      </trkpt>
      <trkpt lat="41.042316" lon="-8.275311">
        <ele>207.03</ele>
      </trkpt>
      <trkpt lat="41.042664" lon="-8.274998">
        <ele>208.23</ele>
      </trkpt>
      <trkpt lat="41.042822" lon="-8.274841">
        <ele>208.34</ele>
      </trkpt>
      <trkpt lat="41.0429" lon="-8.27475">
        <ele>208.64</ele>
      </trkpt>
      <trkpt lat="41.042962" lon="-8.274662">
        <ele>209.25</ele>
      </trkpt>
      <trkpt lat="41.042997" lon="-8.274588">
        <ele>210.15</ele>
      </trkpt>
      <trkpt lat="41.043023" lon="-8.27449">
        <ele>211.56</ele>
      </trkpt>
      <trkpt lat="41.043032" lon="-8.274367">
        <ele>213.12</ele>
      </trkpt>
      <trkpt lat="41.043023" lon="-8.274264">
        <ele>214.53</ele>
      </trkpt>
      <trkpt lat="41.042972" lon="-8.274016">
        <ele>216.57</ele>
      </trkpt>
      <trkpt lat="41.042676" lon="-8.272999">
        <ele>216.29</ele>
      </trkpt>
      <trkpt lat="41.042421" lon="-8.272125">
        <ele>221.3</ele>
      </trkpt>
      <trkpt lat="41.042379" lon="-8.271926">
        <ele>220.73</ele>
      </trkpt>
      <trkpt lat="41.042366" lon="-8.271813">
        <ele>220.06</ele>
      </trkpt>
      <trkpt lat="41.042371" lon="-8.271687">
        <ele>219.27</ele>
      </trkpt>
      <trkpt lat="41.042395" lon="-8.271544">
        <ele>218.52</ele>
      </trkpt>
      <trkpt lat="41.042538" lon="-8.271156">
        <ele>217.54</ele>
      </trkpt>
      <trkpt lat="41.042677" lon="-8.27074">
        <ele>218.84</ele>
      </trkpt>
      <trkpt lat="41.04274" lon="-8.270642">
        <ele>218.92</ele>
      </trkpt>
      <trkpt lat="41.042768" lon="-8.270555">
        <ele>219.21</ele>
      </trkpt>
      <trkpt lat="41.04277" lon="-8.27051">
        <ele>219.46</ele>
      </trkpt>
      <trkpt lat="41.042783" lon="-8.270469">
        <ele>219.67</ele>
      </trkpt>
      <trkpt lat="41.042805" lon="-8.270435">
        <ele>219.85</ele>
      </trkpt>
      <trkpt lat="41.042835" lon="-8.270412">
        <ele>219.96</ele>
      </trkpt>
      <trkpt lat="41.042869" lon="-8.270403">
        <ele>219.93</ele>
      </trkpt>
      <trkpt lat="41.042903" lon="-8.270409">
        <ele>219.71</ele>
      </trkpt>
      <trkpt lat="41.042934" lon="-8.27043">
        <ele>219.25</ele>
      </trkpt>
      <trkpt lat="41.043059" lon="-8.270476">
        <ele>218.2</ele>
      </trkpt>
      <trkpt lat="41.043166" lon="-8.270472">
        <ele>217.68</ele>
      </trkpt>
      <trkpt lat="41.043243" lon="-8.270487">
        <ele>216.94</ele>
      </trkpt>
      <trkpt lat="41.043391" lon="-8.270564">
        <ele>214.9</ele>
      </trkpt>
      <trkpt lat="41.043434" lon="-8.270601">
        <ele>214.38</ele>
      </trkpt>
      <trkpt lat="41.04345" lon="-8.270615">
        <ele>214.18</ele>
      </trkpt>
      <trkpt lat="41.0435" lon="-8.270705">
        <ele>213.65</ele>
      </trkpt>
      <trkpt lat="41.044036" lon="-8.271891">
        <ele>208</ele>
      </trkpt>
      <trkpt lat="41.044109" lon="-8.272034">
        <ele>208</ele>
      </trkpt>
      <trkpt lat="41.04428" lon="-8.272291">
        <ele>207.56</ele>
      </trkpt>
      <trkpt lat="41.04471" lon="-8.272886">
        <ele>206.46</ele>
      </trkpt>
      <trkpt lat="41.044825" lon="-8.273027">
        <ele>207.27</ele>
      </trkpt>
      <trkpt lat="41.044885" lon="-8.273062">
        <ele>207.73</ele>
      </trkpt>
      <trkpt lat="41.044941" lon="-8.273069">
        <ele>208.16</ele>
      </trkpt>
      <trkpt lat="41.045043" lon="-8.273048">
        <ele>208.83</ele>
      </trkpt>
      <trkpt lat="41.045104" lon="-8.273011">
        <ele>208.66</ele>
      </trkpt>
      <trkpt lat="41.04518" lon="-8.272905">
        <ele>208.03</ele>
      </trkpt>
      <trkpt lat="41.045245" lon="-8.272828">
        <ele>207.09</ele>
      </trkpt>
      <trkpt lat="41.045392" lon="-8.272733">
        <ele>206.04</ele>
      </trkpt>
      <trkpt lat="41.04543" lon="-8.272686">
        <ele>205.76</ele>
      </trkpt>
      <trkpt lat="41.045509" lon="-8.27261">
        <ele>205.32</ele>
      </trkpt>
      <trkpt lat="41.045758" lon="-8.272276">
        <ele>203.56</ele>
      </trkpt>
      <trkpt lat="41.045791" lon="-8.272221">
        <ele>203.11</ele>
      </trkpt>
      <trkpt lat="41.045835" lon="-8.27209">
        <ele>202.36</ele>
      </trkpt>
      <trkpt lat="41.046046" lon="-8.270883">
        <ele>197.15</ele>
      </trkpt>
      <trkpt lat="41.046086" lon="-8.270756">
        <ele>196.53</ele>
      </trkpt>
      <trkpt lat="41.04616" lon="-8.270641">
        <ele>196.25</ele>
      </trkpt>
      <trkpt lat="41.04654" lon="-8.27017">
        <ele>197.78</ele>
      </trkpt>
      <trkpt lat="41.047106" lon="-8.2695">
        <ele>193.54</ele>
      </trkpt>
      <trkpt lat="41.047227" lon="-8.269414">
        <ele>192.23</ele>
      </trkpt>
      <trkpt lat="41.047291" lon="-8.269395">
        <ele>191.89</ele>
      </trkpt>
      <trkpt lat="41.047389" lon="-8.269386">
        <ele>191.72</ele>
      </trkpt>
      <trkpt lat="41.047453" lon="-8.269401">
        <ele>191.82</ele>
      </trkpt>
      <trkpt lat="41.047717" lon="-8.269518">
        <ele>193.37</ele>
      </trkpt>
      <trkpt lat="41.047784" lon="-8.269539">
        <ele>193.87</ele>
      </trkpt>
      <trkpt lat="41.047856" lon="-8.26954">
        <ele>193.9</ele>
      </trkpt>
      <trkpt lat="41.04792" lon="-8.269522">
        <ele>193.63</ele>
      </trkpt>
      <trkpt lat="41.047978" lon="-8.269479">
        <ele>193.5</ele>
      </trkpt>
      <trkpt lat="41.048026" lon="-8.269432">
        <ele>193.58</ele>
      </trkpt>
      <trkpt lat="41.048082" lon="-8.269354">
        <ele>193.55</ele>
      </trkpt>
      <trkpt lat="41.048275" lon="-8.269047">
        <ele>191.21</ele>
      </trkpt>
      <trkpt lat="41.048396" lon="-8.268905">
        <ele>188.34</ele>
      </trkpt>
      <trkpt lat="41.048445" lon="-8.268869">
        <ele>187.72</ele>
      </trkpt>
      <trkpt lat="41.048507" lon="-8.268844">
        <ele>187.27</ele>
      </trkpt>
      <trkpt lat="41.048576" lon="-8.268834">
        <ele>187.04</ele>
      </trkpt>
      <trkpt lat="41.049208" lon="-8.268882">
        <ele>183.57</ele>
      </trkpt>
      <trkpt lat="41.049261" lon="-8.268894">
        <ele>183.12</ele>
      </trkpt>
      <trkpt lat="41.049303" lon="-8.268913">
        <ele>182.9</ele>
      </trkpt>
      <trkpt lat="41.049383" lon="-8.268975">
        <ele>182.45</ele>
      </trkpt>
      <trkpt lat="41.049736" lon="-8.269333">
        <ele>181.14</ele>
      </trkpt>
      <trkpt lat="41.04982" lon="-8.269371">
        <ele>180.71</ele>
      </trkpt>
      <trkpt lat="41.049859" lon="-8.269376">
        <ele>180.48</ele>
      </trkpt>
      <trkpt lat="41.049918" lon="-8.26937">
        <ele>180.21</ele>
      </trkpt>
      <trkpt lat="41.050009" lon="-8.269337">
        <ele>179.75</ele>
      </trkpt>
      <trkpt lat="41.050092" lon="-8.269259">
        <ele>179.71</ele>
      </trkpt>
      <trkpt lat="41.050132" lon="-8.269203">
        <ele>179.79</ele>
      </trkpt>
      <trkpt lat="41.05016" lon="-8.269134">
        <ele>179.56</ele>
      </trkpt>
      <trkpt lat="41.05018" lon="-8.269057">
        <ele>179.07</ele>
      </trkpt>
      <trkpt lat="41.050186" lon="-8.268989">
        <ele>178.58</ele>
      </trkpt>
      <trkpt lat="41.050167" lon="-8.268857">
        <ele>177.68</ele>
      </trkpt>
      <trkpt lat="41.050114" lon="-8.268688">
        <ele>176.58</ele>
      </trkpt>
      <trkpt lat="41.050055" lon="-8.268556">
        <ele>175.84</ele>
      </trkpt>
      <trkpt lat="41.050013" lon="-8.268484">
        <ele>175.93</ele>
      </trkpt>
      <trkpt lat="41.049957" lon="-8.26841">
        <ele>175.91</ele>
      </trkpt>
      <trkpt lat="41.049777" lon="-8.268213">
        <ele>174.67</ele>
      </trkpt>
      <trkpt lat="41.049727" lon="-8.268142">
        <ele>174.15</ele>
      </trkpt>
      <trkpt lat="41.0497" lon="-8.268086">
        <ele>173.85</ele>
      </trkpt>
      <trkpt lat="41.049666" lon="-8.267953">
        <ele>173.72</ele>
      </trkpt>
      <trkpt lat="41.04966" lon="-8.267795">
        <ele>173.64</ele>
      </trkpt>
      <trkpt lat="41.04968" lon="-8.267584">
        <ele>173.82</ele>
      </trkpt>
      <trkpt lat="41.049694" lon="-8.267512">
        <ele>173.84</ele>
      </trkpt>
      <trkpt lat="41.049738" lon="-8.267362">
        <ele>174.67</ele>
      </trkpt>
      <trkpt lat="41.049764" lon="-8.267216">
        <ele>175.02</ele>
      </trkpt>
      <trkpt lat="41.04977" lon="-8.266788">
        <ele>168.88</ele>
      </trkpt>
      <trkpt lat="41.049782" lon="-8.266713">
        <ele>168.03</ele>
      </trkpt>
      <trkpt lat="41.049805" lon="-8.266635">
        <ele>167.55</ele>
      </trkpt>
      <trkpt lat="41.049861" lon="-8.266532">
        <ele>167.22</ele>
      </trkpt>
      <trkpt lat="41.049913" lon="-8.266477">
        <ele>167.16</ele>
      </trkpt>
      <trkpt lat="41.049969" lon="-8.266439">
        <ele>167.55</ele>
      </trkpt>
      <trkpt lat="41.050369" lon="-8.266212">
        <ele>164.36</ele>
      </trkpt>
      <trkpt lat="41.05046" lon="-8.266178">
        <ele>163.68</ele>
      </trkpt>
      <trkpt lat="41.050514" lon="-8.266176">
        <ele>163.66</ele>
      </trkpt>
      <trkpt lat="41.050569" lon="-8.266189">
        <ele>163.96</ele>
      </trkpt>
      <trkpt lat="41.050853" lon="-8.266335">
        <ele>166.24</ele>
      </trkpt>
      <trkpt lat="41.050948" lon="-8.266353">
        <ele>166.28</ele>
      </trkpt>
      <trkpt lat="41.050995" lon="-8.266345">
        <ele>165.75</ele>
      </trkpt>
      <trkpt lat="41.051051" lon="-8.266317">
        <ele>164.81</ele>
      </trkpt>
      <trkpt lat="41.051094" lon="-8.266283">
        <ele>164.1</ele>
      </trkpt>
      <trkpt lat="41.05113" lon="-8.266238">
        <ele>163.49</ele>
      </trkpt>
      <trkpt lat="41.051158" lon="-8.266187">
        <ele>163.05</ele>
      </trkpt>
      <trkpt lat="41.051184" lon="-8.266113">
        <ele>162.39</ele>
      </trkpt>
      <trkpt lat="41.051196" lon="-8.266033">
        <ele>161.56</ele>
      </trkpt>
      <trkpt lat="41.051198" lon="-8.265959">
        <ele>160.84</ele>
      </trkpt>
      <trkpt lat="41.051185" lon="-8.265881">
        <ele>159.95</ele>
      </trkpt>
      <trkpt lat="41.051137" lon="-8.26577">
        <ele>158.48</ele>
      </trkpt>
      <trkpt lat="41.05099" lon="-8.265563">
        <ele>156.07</ele>
      </trkpt>
      <trkpt lat="41.050943" lon="-8.265475">
        <ele>155.35</ele>
      </trkpt>
      <trkpt lat="41.05091" lon="-8.265385">
        <ele>154.62</ele>
      </trkpt>
      <trkpt lat="41.050896" lon="-8.265279">
        <ele>153.87</ele>
      </trkpt>
      <trkpt lat="41.050895" lon="-8.265173">
        <ele>153.28</ele>
      </trkpt>
      <trkpt lat="41.050923" lon="-8.26489">
        <ele>152.29</ele>
      </trkpt>
      <trkpt lat="41.05094" lon="-8.264798">
        <ele>151.96</ele>
      </trkpt>
      <trkpt lat="41.050983" lon="-8.26468">
        <ele>150.87</ele>
      </trkpt>
      <trkpt lat="41.051044" lon="-8.264581">
        <ele>150.49</ele>
      </trkpt>
      <trkpt lat="41.051205" lon="-8.26443">
        <ele>149.71</ele>
      </trkpt>
      <trkpt lat="41.051357" lon="-8.264316">
        <ele>148.2</ele>
      </trkpt>
      <trkpt lat="41.051444" lon="-8.264291">
        <ele>148.03</ele>
      </trkpt>
      <trkpt lat="41.051564" lon="-8.264292">
        <ele>148.52</ele>
      </trkpt>
      <trkpt lat="41.05177" lon="-8.264312">
        <ele>147.73</ele>
      </trkpt>
      <trkpt lat="41.051939" lon="-8.264342">
        <ele>147.52</ele>
      </trkpt>
      <trkpt lat="41.052201" lon="-8.264405">
        <ele>144.82</ele>
      </trkpt>
      <trkpt lat="41.052432" lon="-8.264476">
        <ele>142.34</ele>
      </trkpt>
      <trkpt lat="41.052571" lon="-8.264544">
        <ele>140.33</ele>
      </trkpt>
      <trkpt lat="41.052675" lon="-8.264652">
        <ele>138.89</ele>
      </trkpt>
      <trkpt lat="41.052704" lon="-8.264694">
        <ele>138.27</ele>
      </trkpt>
      <trkpt lat="41.052776" lon="-8.264848">
        <ele>138.06</ele>
      </trkpt>
      <trkpt lat="41.05283" lon="-8.26499">
        <ele>138.05</ele>
      </trkpt>
      <trkpt lat="41.05288" lon="-8.265071">
        <ele>137.93</ele>
      </trkpt>
      <trkpt lat="41.053008" lon="-8.265183">
        <ele>138.07</ele>
      </trkpt>
      <trkpt lat="41.053078" lon="-8.265221">
        <ele>138.19</ele>
      </trkpt>
      <trkpt lat="41.053141" lon="-8.265244">
        <ele>138.49</ele>
      </trkpt>
      <trkpt lat="41.053199" lon="-8.265251">
        <ele>138.61</ele>
      </trkpt>
      <trkpt lat="41.053265" lon="-8.265245">
        <ele>138.5</ele>
      </trkpt>
      <trkpt lat="41.053394" lon="-8.265209">
        <ele>137.64</ele>
      </trkpt>
      <trkpt lat="41.053494" lon="-8.265192">
        <ele>136.67</ele>
      </trkpt>
      <trkpt lat="41.053584" lon="-8.265214">
        <ele>136.49</ele>
      </trkpt>
      <trkpt lat="41.053747" lon="-8.265298">
        <ele>136.39</ele>
      </trkpt>
      <trkpt lat="41.053831" lon="-8.265326">
        <ele>136.21</ele>
      </trkpt>
      <trkpt lat="41.053899" lon="-8.265324">
        <ele>135.88</ele>
      </trkpt>
      <trkpt lat="41.053979" lon="-8.265305">
        <ele>135.56</ele>
      </trkpt>
      <trkpt lat="41.054033" lon="-8.26527">
        <ele>135.2</ele>
      </trkpt>
      <trkpt lat="41.054091" lon="-8.265212">
        <ele>134.64</ele>
      </trkpt>
      <trkpt lat="41.054135" lon="-8.265147">
        <ele>133.88</ele>
      </trkpt>
      <trkpt lat="41.054191" lon="-8.264999">
        <ele>132.16</ele>
      </trkpt>
      <trkpt lat="41.054292" lon="-8.264677">
        <ele>129.11</ele>
      </trkpt>
      <trkpt lat="41.054496" lon="-8.264033">
        <ele>126.11</ele>
      </trkpt>
      <trkpt lat="41.054557" lon="-8.263873">
        <ele>125.35</ele>
      </trkpt>
      <trkpt lat="41.054609" lon="-8.263777">
        <ele>124.63</ele>
      </trkpt>
      <trkpt lat="41.054715" lon="-8.263639">
        <ele>123.85</ele>
      </trkpt>
      <trkpt lat="41.054834" lon="-8.263451">
        <ele>122.58</ele>
      </trkpt>
      <trkpt lat="41.055001" lon="-8.263171">
        <ele>121.61</ele>
      </trkpt>
      <trkpt lat="41.055055" lon="-8.263099">
        <ele>121.19</ele>
      </trkpt>
      <trkpt lat="41.055289" lon="-8.262894">
        <ele>121.6</ele>
      </trkpt>
      <trkpt lat="41.055359" lon="-8.262772">
        <ele>121.15</ele>
      </trkpt>
      <trkpt lat="41.055537" lon="-8.262309">
        <ele>120.5</ele>
      </trkpt>
      <trkpt lat="41.055708" lon="-8.261985">
        <ele>117.09</ele>
      </trkpt>
      <trkpt lat="41.055763" lon="-8.261915">
        <ele>115.89</ele>
      </trkpt>
      <trkpt lat="41.055823" lon="-8.261863">
        <ele>115.2</ele>
      </trkpt>
      <trkpt lat="41.055975" lon="-8.261806">
        <ele>113.55</ele>
      </trkpt>
      <trkpt lat="41.05613" lon="-8.261805">
        <ele>113.5</ele>
      </trkpt>
      <trkpt lat="41.056232" lon="-8.261818">
        <ele>113.68</ele>
      </trkpt>
      <trkpt lat="41.056331" lon="-8.261846">
        <ele>113.72</ele>
      </trkpt>
      <trkpt lat="41.056848" lon="-8.262059">
        <ele>112.99</ele>
      </trkpt>
      <trkpt lat="41.056943" lon="-8.262068">
        <ele>113.18</ele>
      </trkpt>
      <trkpt lat="41.057055" lon="-8.262049">
        <ele>113.16</ele>
      </trkpt>
      <trkpt lat="41.057152" lon="-8.262021">
        <ele>113.65</ele>
      </trkpt>
      <trkpt lat="41.057243" lon="-8.261973">
        <ele>113.91</ele>
      </trkpt>
      <trkpt lat="41.057298" lon="-8.26192">
        <ele>113.38</ele>
      </trkpt>
      <trkpt lat="41.057503" lon="-8.261669">
        <ele>106.62</ele>
      </trkpt>
      <trkpt lat="41.057709" lon="-8.261417">
        <ele>103.58</ele>
      </trkpt>
      <trkpt lat="41.057894" lon="-8.261177">
        <ele>98.18</ele>
      </trkpt>
      <trkpt lat="41.058065" lon="-8.26097">
        <ele>94.33</ele>
      </trkpt>
      <trkpt lat="41.058238" lon="-8.260801">
        <ele>92.08</ele>
      </trkpt>
      <trkpt lat="41.058388" lon="-8.26068">
        <ele>90.41</ele>
      </trkpt>
      <trkpt lat="41.05851" lon="-8.260618">
        <ele>89.27</ele>
      </trkpt>
      <trkpt lat="41.0586" lon="-8.260608">
        <ele>89</ele>
      </trkpt>
      <trkpt lat="41.058703" lon="-8.260649">
        <ele>89.69</ele>
      </trkpt>
      <trkpt lat="41.058788" lon="-8.260714">
        <ele>90.7</ele>
      </trkpt>
      <trkpt lat="41.058998" lon="-8.260944">
        <ele>91.85</ele>
      </trkpt>
      <trkpt lat="41.059053" lon="-8.260978">
        <ele>91.57</ele>
      </trkpt>
      <trkpt lat="41.059136" lon="-8.261013">
        <ele>91.21</ele>
      </trkpt>
      <trkpt lat="41.05941" lon="-8.261074">
        <ele>89.06</ele>
      </trkpt>
      <trkpt lat="41.059493" lon="-8.261104">
        <ele>88.34</ele>
      </trkpt>
      <trkpt lat="41.059605" lon="-8.261169">
        <ele>87.19</ele>
      </trkpt>
      <trkpt lat="41.059843" lon="-8.261387">
        <ele>85.2</ele>
      </trkpt>
      <trkpt lat="41.06014" lon="-8.261643">
        <ele>83.92</ele>
      </trkpt>
      <trkpt lat="41.060247" lon="-8.261708">
        <ele>83.57</ele>
      </trkpt>
      <trkpt lat="41.060351" lon="-8.261745">
        <ele>87.63</ele>
      </trkpt>
      <trkpt lat="41.060597" lon="-8.261738">
        <ele>85.59</ele>
      </trkpt>
      <trkpt lat="41.060678" lon="-8.261761">
        <ele>85.36</ele>
      </trkpt>
      <trkpt lat="41.060774" lon="-8.261824">
        <ele>85.6</ele>
      </trkpt>
      <trkpt lat="41.061006" lon="-8.262108">
        <ele>87.24</ele>
      </trkpt>
      <trkpt lat="41.061117" lon="-8.262216">
        <ele>87.01</ele>
      </trkpt>
      <trkpt lat="41.061431" lon="-8.262492">
        <ele>86.05</ele>
      </trkpt>
      <trkpt lat="41.061514" lon="-8.262565">
        <ele>84.27</ele>
      </trkpt>
      <trkpt lat="41.061677" lon="-8.262673">
        <ele>82.35</ele>
      </trkpt>
      <trkpt lat="41.061728" lon="-8.26269">
        <ele>82.06</ele>
      </trkpt>
      <trkpt lat="41.061772" lon="-8.262726">
        <ele>81.44</ele>
      </trkpt>
      <trkpt lat="41.061807" lon="-8.262778">
        <ele>80.82</ele>
      </trkpt>
      <trkpt lat="41.061828" lon="-8.262842">
        <ele>79.92</ele>
      </trkpt>
      <trkpt lat="41.061872" lon="-8.262907">
        <ele>78.61</ele>
      </trkpt>
      <trkpt lat="41.061932" lon="-8.262973">
        <ele>77.2</ele>
      </trkpt>
      <trkpt lat="41.062033" lon="-8.263019">
        <ele>75.4</ele>
      </trkpt>
      <trkpt lat="41.062188" lon="-8.262996">
        <ele>73.53</ele>
      </trkpt>
      <trkpt lat="41.062328" lon="-8.262927">
        <ele>73.21</ele>
      </trkpt>
      <trkpt lat="41.062653" lon="-8.26279">
        <ele>68.73</ele>
      </trkpt>
      <trkpt lat="41.063274" lon="-8.262251">
        <ele>62.95</ele>
      </trkpt>
      <trkpt lat="41.063384" lon="-8.262089">
        <ele>61.69</ele>
      </trkpt>
      <trkpt lat="41.063418" lon="-8.261986">
        <ele>61.94</ele>
      </trkpt>
      <trkpt lat="41.063437" lon="-8.261887">
        <ele>62.43</ele>
      </trkpt>
      <trkpt lat="41.063449" lon="-8.261632">
        <ele>63.24</ele>
      </trkpt>
      <trkpt lat="41.063457" lon="-8.261245">
        <ele>62.41</ele>
      </trkpt>
      <trkpt lat="41.063435" lon="-8.261108">
        <ele>60.84</ele>
      </trkpt>
      <trkpt lat="41.063373" lon="-8.260999">
        <ele>59.58</ele>
      </trkpt>
      <trkpt lat="41.063279" lon="-8.260916">
        <ele>58.1</ele>
      </trkpt>
      <trkpt lat="41.062699" lon="-8.260687">
        <ele>56.84</ele>
      </trkpt>
      <trkpt lat="41.062597" lon="-8.260633">
        <ele>56.63</ele>
      </trkpt>
      <trkpt lat="41.062058" lon="-8.260258">
        <ele>50.92</ele>
      </trkpt>
      <trkpt lat="41.061954" lon="-8.260217">
        <ele>48.94</ele>
      </trkpt>
      <trkpt lat="41.061887" lon="-8.260227">
        <ele>48.77</ele>
      </trkpt>
      <trkpt lat="41.061819" lon="-8.26027">
        <ele>49.75</ele>
      </trkpt>
      <trkpt lat="41.061632" lon="-8.260455">
        <ele>52.66</ele>
      </trkpt>
      <trkpt lat="41.061562" lon="-8.260497">
        <ele>53.08</ele>
      </trkpt>
      <trkpt lat="41.061459" lon="-8.260503">
        <ele>52.67</ele>
      </trkpt>
      <trkpt lat="41.06137" lon="-8.260471">
        <ele>51.77</ele>
      </trkpt>
      <trkpt lat="41.061281" lon="-8.260408">
        <ele>50.42</ele>
      </trkpt>
      <trkpt lat="41.061096" lon="-8.260249">
        <ele>48.93</ele>
      </trkpt>
      <trkpt lat="41.060976" lon="-8.260117">
        <ele>47.92</ele>
      </trkpt>
      <trkpt lat="41.060883" lon="-8.259959">
        <ele>45.61</ele>
      </trkpt>
      <trkpt lat="41.060763" lon="-8.259717">
        <ele>42.19</ele>
      </trkpt>
      <trkpt lat="41.060668" lon="-8.259605">
        <ele>41.91</ele>
      </trkpt>
      <trkpt lat="41.060583" lon="-8.259547">
        <ele>43.7</ele>
      </trkpt>
      <trkpt lat="41.06051" lon="-8.25947">
        <ele>45.48</ele>
      </trkpt>
      <trkpt lat="41.060463" lon="-8.259388">
        <ele>47.07</ele>
      </trkpt>
      <trkpt lat="41.060445" lon="-8.259268">
        <ele>48.59</ele>
      </trkpt>
      <trkpt lat="41.060464" lon="-8.259149">
        <ele>48.98</ele>
      </trkpt>
      <trkpt lat="41.060493" lon="-8.259062">
        <ele>48.92</ele>
      </trkpt>
      <trkpt lat="41.060623" lon="-8.258862">
        <ele>47.19</ele>
      </trkpt>
      <trkpt lat="41.06069" lon="-8.258786">
        <ele>47.47</ele>
      </trkpt>
      <trkpt lat="41.060758" lon="-8.258735">
        <ele>47.43</ele>
      </trkpt>
      <trkpt lat="41.060954" lon="-8.258668">
        <ele>45.55</ele>
      </trkpt>
      <trkpt lat="41.06111" lon="-8.258569">
        <ele>44.26</ele>
      </trkpt>
      <trkpt lat="41.061271" lon="-8.258442">
        <ele>42.9</ele>
      </trkpt>
      <trkpt lat="41.061336" lon="-8.258369">
        <ele>42.14</ele>
      </trkpt>
      <trkpt lat="41.061387" lon="-8.258277">
        <ele>42.16</ele>
      </trkpt>
      <trkpt lat="41.06141" lon="-8.258196">
        <ele>41.99</ele>
      </trkpt>
      <trkpt lat="41.061418" lon="-8.258104">
        <ele>42.39</ele>
      </trkpt>
      <trkpt lat="41.061407" lon="-8.25803">
        <ele>42.26</ele>
      </trkpt>
      <trkpt lat="41.061151" lon="-8.257203">
        <ele>40.37</ele>
      </trkpt>
      <trkpt lat="41.061131" lon="-8.257117">
        <ele>39.78</ele>
      </trkpt>
      <trkpt lat="41.061131" lon="-8.257063">
        <ele>38.68</ele>
      </trkpt>
      <trkpt lat="41.06114" lon="-8.257006">
        <ele>36.23</ele>
      </trkpt>
      <trkpt lat="41.061491" lon="-8.256241">
        <ele>37.53</ele>
      </trkpt>
      <trkpt lat="41.061627" lon="-8.256006">
        <ele>37.94</ele>
      </trkpt>
      <trkpt lat="41.061697" lon="-8.255925">
        <ele>44.3</ele>
      </trkpt>
      <trkpt lat="41.061782" lon="-8.255876">
        <ele>48.79</ele>
      </trkpt>
      <trkpt lat="41.061839" lon="-8.255862">
        <ele>50.73</ele>
      </trkpt>
      <trkpt lat="41.06196" lon="-8.255875">
        <ele>52.58</ele>
      </trkpt>
      <trkpt lat="41.062145" lon="-8.255987">
        <ele>50.21</ele>
      </trkpt>
      <trkpt lat="41.062349" lon="-8.256148">
        <ele>47.46</ele>
      </trkpt>
      <trkpt lat="41.06296" lon="-8.256632">
        <ele>49.73</ele>
      </trkpt>
      <trkpt lat="41.063189" lon="-8.256646">
        <ele>54.08</ele>
      </trkpt>
      <trkpt lat="41.063646" lon="-8.256675">
        <ele>56.92</ele>
      </trkpt>
      <trkpt lat="41.064198" lon="-8.256293">
        <ele>61.09</ele>
      </trkpt>
      <trkpt lat="41.06454" lon="-8.256159">
        <ele>62.58</ele>
      </trkpt>
      <trkpt lat="41.064896" lon="-8.255954">
        <ele>63.56</ele>
      </trkpt>
      <trkpt lat="41.065143" lon="-8.255861">
        <ele>64.17</ele>
      </trkpt>
      <trkpt lat="41.065276" lon="-8.255761">
        <ele>64.96</ele>
      </trkpt>
      <trkpt lat="41.065504" lon="-8.255485">
        <ele>66.55</ele>
      </trkpt>
      <trkpt lat="41.065611" lon="-8.255373">
        <ele>67.5</ele>
      </trkpt>
      <trkpt lat="41.065987" lon="-8.25509">
        <ele>68.94</ele>
      </trkpt>
      <trkpt lat="41.066133" lon="-8.254968">
        <ele>69.26</ele>
      </trkpt>
      <trkpt lat="41.06631" lon="-8.254781">
        <ele>70.33</ele>
      </trkpt>
      <trkpt lat="41.066435" lon="-8.254529">
        <ele>74.3</ele>
      </trkpt>
      <trkpt lat="41.066523" lon="-8.254427">
        <ele>75.83</ele>
      </trkpt>
      <trkpt lat="41.06663" lon="-8.25439">
        <ele>74.54</ele>
      </trkpt>
      <trkpt lat="41.066767" lon="-8.254359">
        <ele>72.97</ele>
      </trkpt>
      <trkpt lat="41.066993" lon="-8.254219">
        <ele>73.55</ele>
      </trkpt>
      <trkpt lat="41.067185" lon="-8.254078">
        <ele>73.25</ele>
      </trkpt>
      <trkpt lat="41.067293" lon="-8.253935">
        <ele>73</ele>
      </trkpt>
      <trkpt lat="41.067344" lon="-8.253825">
        <ele>73.21</ele>
      </trkpt>
      <trkpt lat="41.067367" lon="-8.253576">
        <ele>75.41</ele>
      </trkpt>
      <trkpt lat="41.067342" lon="-8.253238">
        <ele>76.1</ele>
      </trkpt>
      <trkpt lat="41.067289" lon="-8.253036">
        <ele>76.43</ele>
      </trkpt>
      <trkpt lat="41.06702" lon="-8.252587">
        <ele>80.49</ele>
      </trkpt>
      <trkpt lat="41.06696" lon="-8.252452">
        <ele>82.46</ele>
      </trkpt>
      <trkpt lat="41.066938" lon="-8.252274">
        <ele>84.29</ele>
      </trkpt>
      <trkpt lat="41.066974" lon="-8.252084">
        <ele>84.76</ele>
      </trkpt>
      <trkpt lat="41.067063" lon="-8.251728">
        <ele>85.97</ele>
      </trkpt>
      <trkpt lat="41.067085" lon="-8.251509">
        <ele>85.68</ele>
      </trkpt>
      <trkpt lat="41.067037" lon="-8.251319">
        <ele>86.66</ele>
      </trkpt>
      <trkpt lat="41.06696" lon="-8.251147">
        <ele>86.42</ele>
      </trkpt>
      <trkpt lat="41.066855" lon="-8.251034">
        <ele>87.03</ele>
      </trkpt>
      <trkpt lat="41.066654" lon="-8.250894">
        <ele>88.86</ele>
      </trkpt>
      <trkpt lat="41.066578" lon="-8.250841">
        <ele>89.55</ele>
      </trkpt>
      <trkpt lat="41.066485" lon="-8.250707">
        <ele>90.15</ele>
      </trkpt>
      <trkpt lat="41.066399" lon="-8.250521">
        <ele>91.5</ele>
      </trkpt>
      <trkpt lat="41.066347" lon="-8.250304">
        <ele>93.32</ele>
      </trkpt>
      <trkpt lat="41.066341" lon="-8.250042">
        <ele>94.95</ele>
      </trkpt>
      <trkpt lat="41.066356" lon="-8.249768">
        <ele>96.93</ele>
      </trkpt>
      <trkpt lat="41.06639" lon="-8.249542">
        <ele>99.13</ele>
      </trkpt>
      <trkpt lat="41.066655" lon="-8.24895">
        <ele>100.78</ele>
      </trkpt>
      <trkpt lat="41.066863" lon="-8.248292">
        <ele>102.84</ele>
      </trkpt>
      <trkpt lat="41.066963" lon="-8.247696">
        <ele>105.8</ele>
      </trkpt>
      <trkpt lat="41.067009" lon="-8.247359">
        <ele>108.39</ele>
      </trkpt>
      <trkpt lat="41.067007" lon="-8.246537">
        <ele>109.2</ele>
      </trkpt>
      <trkpt lat="41.066937" lon="-8.2462">
        <ele>111.22</ele>
      </trkpt>
      <trkpt lat="41.066914" lon="-8.24592">
        <ele>111</ele>
      </trkpt>
      <trkpt lat="41.066861" lon="-8.245597">
        <ele>111.04</ele>
      </trkpt>
      <trkpt lat="41.066787" lon="-8.245331">
        <ele>112.99</ele>
      </trkpt>
      <trkpt lat="41.066691" lon="-8.24518">
        <ele>115.5</ele>
      </trkpt>
      <trkpt lat="41.066157" lon="-8.244662">
        <ele>120.69</ele>
      </trkpt>
      <trkpt lat="41.066065" lon="-8.244459">
        <ele>121.51</ele>
      </trkpt>
      <trkpt lat="41.06603" lon="-8.244151">
        <ele>122.33</ele>
      </trkpt>
      <trkpt lat="41.066054" lon="-8.243886">
        <ele>123.57</ele>
      </trkpt>
      <trkpt lat="41.066116" lon="-8.243666">
        <ele>123.24</ele>
      </trkpt>
      <trkpt lat="41.066141" lon="-8.243538">
        <ele>123.22</ele>
      </trkpt>
      <trkpt lat="41.066147" lon="-8.24341">
        <ele>123.33</ele>
      </trkpt>
      <trkpt lat="41.066115" lon="-8.243293">
        <ele>124.2</ele>
      </trkpt>
      <trkpt lat="41.065789" lon="-8.242683">
        <ele>128.62</ele>
      </trkpt>
      <trkpt lat="41.065753" lon="-8.242568">
        <ele>129.1</ele>
      </trkpt>
      <trkpt lat="41.065757" lon="-8.242465">
        <ele>129.02</ele>
      </trkpt>
      <trkpt lat="41.065793" lon="-8.242307">
        <ele>129.86</ele>
      </trkpt>
      <trkpt lat="41.065966" lon="-8.24208">
        <ele>130.46</ele>
      </trkpt>
      <trkpt lat="41.066022" lon="-8.241984">
        <ele>130.4</ele>
      </trkpt>
      <trkpt lat="41.066063" lon="-8.241759">
        <ele>131.95</ele>
      </trkpt>
      <trkpt lat="41.066041" lon="-8.241523">
        <ele>133.6</ele>
      </trkpt>
      <trkpt lat="41.065941" lon="-8.241293">
        <ele>135.98</ele>
      </trkpt>
      <trkpt lat="41.065706" lon="-8.24099">
        <ele>138.46</ele>
      </trkpt>
      <trkpt lat="41.0656" lon="-8.240771">
        <ele>139.55</ele>
      </trkpt>
      <trkpt lat="41.065395" lon="-8.2403">
        <ele>141.73</ele>
      </trkpt>
      <trkpt lat="41.065362" lon="-8.240157">
        <ele>142.13</ele>
      </trkpt>
      <trkpt lat="41.065366" lon="-8.240054">
        <ele>142.67</ele>
      </trkpt>
      <trkpt lat="41.065387" lon="-8.239925">
        <ele>143.11</ele>
      </trkpt>
      <trkpt lat="41.065433" lon="-8.239807">
        <ele>142.97</ele>
      </trkpt>
      <trkpt lat="41.065786" lon="-8.239319">
        <ele>143.91</ele>
      </trkpt>
      <trkpt lat="41.066584" lon="-8.238213">
        <ele>149.88</ele>
      </trkpt>
      <trkpt lat="41.066643" lon="-8.238084">
        <ele>150.36</ele>
      </trkpt>
      <trkpt lat="41.066677" lon="-8.237932">
        <ele>151.33</ele>
      </trkpt>
      <trkpt lat="41.06669" lon="-8.237823">
        <ele>152.05</ele>
      </trkpt>
      <trkpt lat="41.066701" lon="-8.237741">
        <ele>152.6</ele>
      </trkpt>
      <trkpt lat="41.066699" lon="-8.237206">
        <ele>155.36</ele>
      </trkpt>
      <trkpt lat="41.066731" lon="-8.237058">
        <ele>156.56</ele>
      </trkpt>
      <trkpt lat="41.066795" lon="-8.236927">
        <ele>156.74</ele>
      </trkpt>
      <trkpt lat="41.066979" lon="-8.236616">
        <ele>157.59</ele>
      </trkpt>
      <trkpt lat="41.067215" lon="-8.236022">
        <ele>161.08</ele>
      </trkpt>
      <trkpt lat="41.067322" lon="-8.235629">
        <ele>162.69</ele>
      </trkpt>
      <trkpt lat="41.06738" lon="-8.235311">
        <ele>163.55</ele>
      </trkpt>
      <trkpt lat="41.067439" lon="-8.234586">
        <ele>167</ele>
      </trkpt>
      <trkpt lat="41.067504" lon="-8.234211">
        <ele>171.65</ele>
      </trkpt>
      <trkpt lat="41.067636" lon="-8.233462">
        <ele>174.74</ele>
      </trkpt>
      <trkpt lat="41.0677" lon="-8.233289">
        <ele>174.83</ele>
      </trkpt>
      <trkpt lat="41.067816" lon="-8.233187">
        <ele>174.47</ele>
      </trkpt>
      <trkpt lat="41.067932" lon="-8.233153">
        <ele>174.32</ele>
      </trkpt>
      <trkpt lat="41.068178" lon="-8.233187">
        <ele>173.54</ele>
      </trkpt>
      <trkpt lat="41.068423" lon="-8.233091">
        <ele>175.68</ele>
      </trkpt>
      <trkpt lat="41.068502" lon="-8.233033">
        <ele>176.48</ele>
      </trkpt>
      <trkpt lat="41.06869" lon="-8.232814">
        <ele>178.93</ele>
      </trkpt>
      <trkpt lat="41.068844" lon="-8.232717">
        <ele>179.38</ele>
      </trkpt>
      <trkpt lat="41.069125" lon="-8.232615">
        <ele>179.63</ele>
      </trkpt>
      <trkpt lat="41.069687" lon="-8.232312">
        <ele>183.96</ele>
      </trkpt>
      <trkpt lat="41.07" lon="-8.232117">
        <ele>183.45</ele>
      </trkpt>
      <trkpt lat="41.070065" lon="-8.232015">
        <ele>183.64</ele>
      </trkpt>
      <trkpt lat="41.0701" lon="-8.231908">
        <ele>183.88</ele>
      </trkpt>
      <trkpt lat="41.070087" lon="-8.231709">
        <ele>185.32</ele>
      </trkpt>
      <trkpt lat="41.069973" lon="-8.231056">
        <ele>189.61</ele>
      </trkpt>
      <trkpt lat="41.069877" lon="-8.23057">
        <ele>191.87</ele>
      </trkpt>
      <trkpt lat="41.069869" lon="-8.230417">
        <ele>192.53</ele>
      </trkpt>
      <trkpt lat="41.069901" lon="-8.23019">
        <ele>192.98</ele>
      </trkpt>
      <trkpt lat="41.069996" lon="-8.229693">
        <ele>193.65</ele>
      </trkpt>
      <trkpt lat="41.070001" lon="-8.229492">
        <ele>195.59</ele>
      </trkpt>
      <trkpt lat="41.069981" lon="-8.229307">
        <ele>197.61</ele>
      </trkpt>
      <trkpt lat="41.069996" lon="-8.229184">
        <ele>198.32</ele>
      </trkpt>
      <trkpt lat="41.070036" lon="-8.229097">
        <ele>198.78</ele>
      </trkpt>
      <trkpt lat="41.070103" lon="-8.229024">
        <ele>199.02</ele>
      </trkpt>
      <trkpt lat="41.070182" lon="-8.228985">
        <ele>198.95</ele>
      </trkpt>
      <trkpt lat="41.070605" lon="-8.228928">
        <ele>197.56</ele>
      </trkpt>
      <trkpt lat="41.07072" lon="-8.228869">
        <ele>198.04</ele>
      </trkpt>
      <trkpt lat="41.07082" lon="-8.228772">
        <ele>198.8</ele>
      </trkpt>
      <trkpt lat="41.070914" lon="-8.22865">
        <ele>200.08</ele>
      </trkpt>
      <trkpt lat="41.070997" lon="-8.228484">
        <ele>201.54</ele>
      </trkpt>
      <trkpt lat="41.071019" lon="-8.228394">
        <ele>202.78</ele>
      </trkpt>
      <trkpt lat="41.07101" lon="-8.228162">
        <ele>205.67</ele>
      </trkpt>
      <trkpt lat="41.070835" lon="-8.227129">
        <ele>207.2</ele>
      </trkpt>
      <trkpt lat="41.070825" lon="-8.226995">
        <ele>207.48</ele>
      </trkpt>
      <trkpt lat="41.070861" lon="-8.226829">
        <ele>207.83</ele>
      </trkpt>
      <trkpt lat="41.070924" lon="-8.226703">
        <ele>208.95</ele>
      </trkpt>
      <trkpt lat="41.070994" lon="-8.226625">
        <ele>209.15</ele>
      </trkpt>
      <trkpt lat="41.071037" lon="-8.226594">
        <ele>209.78</ele>
      </trkpt>
      <trkpt lat="41.071156" lon="-8.22651">
        <ele>211.53</ele>
      </trkpt>
      <trkpt lat="41.071294" lon="-8.22647">
        <ele>213.05</ele>
      </trkpt>
      <trkpt lat="41.07169" lon="-8.226467">
        <ele>215.66</ele>
      </trkpt>
      <trkpt lat="41.071889" lon="-8.226413">
        <ele>217.44</ele>
      </trkpt>
      <trkpt lat="41.072091" lon="-8.226419">
        <ele>216.97</ele>
      </trkpt>
      <trkpt lat="41.072252" lon="-8.22646">
        <ele>216.48</ele>
      </trkpt>
      <trkpt lat="41.07246" lon="-8.226553">
        <ele>217.61</ele>
      </trkpt>
      <trkpt lat="41.072719" lon="-8.226634">
        <ele>218.24</ele>
      </trkpt>
      <trkpt lat="41.07287" lon="-8.226638">
        <ele>218.17</ele>
      </trkpt>
      <trkpt lat="41.072998" lon="-8.226586">
        <ele>218.82</ele>
      </trkpt>
      <trkpt lat="41.073094" lon="-8.226471">
        <ele>221.6</ele>
      </trkpt>
      <trkpt lat="41.073255" lon="-8.226196">
        <ele>225.49</ele>
      </trkpt>
      <trkpt lat="41.073379" lon="-8.226049">
        <ele>226.37</ele>
      </trkpt>
      <trkpt lat="41.073629" lon="-8.225779">
        <ele>226.31</ele>
      </trkpt>
      <trkpt lat="41.073695" lon="-8.225694">
        <ele>226.34</ele>
      </trkpt>
      <trkpt lat="41.073746" lon="-8.22559">
        <ele>226.82</ele>
      </trkpt>
      <trkpt lat="41.073785" lon="-8.225427">
        <ele>228.15</ele>
      </trkpt>
      <trkpt lat="41.073789" lon="-8.225264">
        <ele>229.91</ele>
      </trkpt>
      <trkpt lat="41.07377" lon="-8.225101">
        <ele>231.64</ele>
      </trkpt>
      <trkpt lat="41.073657" lon="-8.224762">
        <ele>234.31</ele>
      </trkpt>
      <trkpt lat="41.073544" lon="-8.224422">
        <ele>234.72</ele>
      </trkpt>
      <trkpt lat="41.073353" lon="-8.223715">
        <ele>240.81</ele>
      </trkpt>
      <trkpt lat="41.073273" lon="-8.22336">
        <ele>242.52</ele>
      </trkpt>
      <trkpt lat="41.073268" lon="-8.223114">
        <ele>243.53</ele>
      </trkpt>
      <trkpt lat="41.073391" lon="-8.222632">
        <ele>242.61</ele>
      </trkpt>
      <trkpt lat="41.073409" lon="-8.222408">
        <ele>242.82</ele>
      </trkpt>
      <trkpt lat="41.073374" lon="-8.222159">
        <ele>244.6</ele>
      </trkpt>
      <trkpt lat="41.073217" lon="-8.221673">
        <ele>246.61</ele>
      </trkpt>
      <trkpt lat="41.07315" lon="-8.221343">
        <ele>248.65</ele>
      </trkpt>
      <trkpt lat="41.073082" lon="-8.221013">
        <ele>253.03</ele>
      </trkpt>
      <trkpt lat="41.073069" lon="-8.220856">
        <ele>255.05</ele>
      </trkpt>
      <trkpt lat="41.07308" lon="-8.2207">
        <ele>256.7</ele>
      </trkpt>
      <trkpt lat="41.073117" lon="-8.220495">
        <ele>258.9</ele>
      </trkpt>
      <trkpt lat="41.073258" lon="-8.220063">
        <ele>259.58</ele>
      </trkpt>
      <trkpt lat="41.07332" lon="-8.219759">
        <ele>256.12</ele>
      </trkpt>
      <trkpt lat="41.07337" lon="-8.219362">
        <ele>255.08</ele>
      </trkpt>
      <trkpt lat="41.073417" lon="-8.219175">
        <ele>255.51</ele>
      </trkpt>
      <trkpt lat="41.073476" lon="-8.219043">
        <ele>255.87</ele>
      </trkpt>
      <trkpt lat="41.07357" lon="-8.218918">
        <ele>255.87</ele>
      </trkpt>
      <trkpt lat="41.07367" lon="-8.218823">
        <ele>256.51</ele>
      </trkpt>
      <trkpt lat="41.074131" lon="-8.218554">
        <ele>259.69</ele>
      </trkpt>
      <trkpt lat="41.074232" lon="-8.218443">
        <ele>260.18</ele>
      </trkpt>
      <trkpt lat="41.074286" lon="-8.218338">
        <ele>260.57</ele>
      </trkpt>
      <trkpt lat="41.074326" lon="-8.218203">
        <ele>261.52</ele>
      </trkpt>
      <trkpt lat="41.074343" lon="-8.218056">
        <ele>261.36</ele>
      </trkpt>
      <trkpt lat="41.074319" lon="-8.217909">
        <ele>261.94</ele>
      </trkpt>
      <trkpt lat="41.074224" lon="-8.217703">
        <ele>263.21</ele>
      </trkpt>
      <trkpt lat="41.074193" lon="-8.217584">
        <ele>263.41</ele>
      </trkpt>
      <trkpt lat="41.074182" lon="-8.217481">
        <ele>263.67</ele>
      </trkpt>
      <trkpt lat="41.07419" lon="-8.217312">
        <ele>264.42</ele>
      </trkpt>
      <trkpt lat="41.074237" lon="-8.217143">
        <ele>264.31</ele>
      </trkpt>
      <trkpt lat="41.074681" lon="-8.216185">
        <ele>267.25</ele>
      </trkpt>
      <trkpt lat="41.074837" lon="-8.215847">
        <ele>270.03</ele>
      </trkpt>
      <trkpt lat="41.074885" lon="-8.215678">
        <ele>270.58</ele>
      </trkpt>
      <trkpt lat="41.074899" lon="-8.215549">
        <ele>271.11</ele>
      </trkpt>
      <trkpt lat="41.07488" lon="-8.215407">
        <ele>272.23</ele>
      </trkpt>
      <trkpt lat="41.07478" lon="-8.215137">
        <ele>276.73</ele>
      </trkpt>
      <trkpt lat="41.074746" lon="-8.21499">
        <ele>279.46</ele>
      </trkpt>
      <trkpt lat="41.074781" lon="-8.214815">
        <ele>280.91</ele>
      </trkpt>
      <trkpt lat="41.074922" lon="-8.214508">
        <ele>281.75</ele>
      </trkpt>
      <trkpt lat="41.075048" lon="-8.214289">
        <ele>281.65</ele>
      </trkpt>
      <trkpt lat="41.075152" lon="-8.214137">
        <ele>281.17</ele>
      </trkpt>
      <trkpt lat="41.075269" lon="-8.214029">
        <ele>280.05</ele>
      </trkpt>
      <trkpt lat="41.075544" lon="-8.213922">
        <ele>277.4</ele>
      </trkpt>
      <trkpt lat="41.075648" lon="-8.213833">
        <ele>277.77</ele>
      </trkpt>
      <trkpt lat="41.075731" lon="-8.213687">
        <ele>279.18</ele>
      </trkpt>
      <trkpt lat="41.075846" lon="-8.213383">
        <ele>282.2</ele>
      </trkpt>
      <trkpt lat="41.075961" lon="-8.213079">
        <ele>282.53</ele>
      </trkpt>
      <trkpt lat="41.075982" lon="-8.212935">
        <ele>282.54</ele>
      </trkpt>
      <trkpt lat="41.075965" lon="-8.212791">
        <ele>283.06</ele>
      </trkpt>
      <trkpt lat="41.075932" lon="-8.212652">
        <ele>283.3</ele>
      </trkpt>
      <trkpt lat="41.075787" lon="-8.212366">
        <ele>285.06</ele>
      </trkpt>
      <trkpt lat="41.075713" lon="-8.212176">
        <ele>286.27</ele>
      </trkpt>
      <trkpt lat="41.075704" lon="-8.211997">
        <ele>287.69</ele>
      </trkpt>
      <trkpt lat="41.075744" lon="-8.211835">
        <ele>288.37</ele>
      </trkpt>
      <trkpt lat="41.075865" lon="-8.211575">
        <ele>288.85</ele>
      </trkpt>
      <trkpt lat="41.075887" lon="-8.21144">
        <ele>289.65</ele>
      </trkpt>
      <trkpt lat="41.075884" lon="-8.211326">
        <ele>290.94</ele>
      </trkpt>
      <trkpt lat="41.075846" lon="-8.211173">
        <ele>292.15</ele>
      </trkpt>
      <trkpt lat="41.075682" lon="-8.210895">
        <ele>295.21</ele>
      </trkpt>
      <trkpt lat="41.075627" lon="-8.210751">
        <ele>296.29</ele>
      </trkpt>
      <trkpt lat="41.075611" lon="-8.210628">
        <ele>296.81</ele>
      </trkpt>
      <trkpt lat="41.075621" lon="-8.210485">
        <ele>297.46</ele>
      </trkpt>
      <trkpt lat="41.075657" lon="-8.210351">
        <ele>297.9</ele>
      </trkpt>
      <trkpt lat="41.075734" lon="-8.210223">
        <ele>297.98</ele>
      </trkpt>
      <trkpt lat="41.076017" lon="-8.209892">
        <ele>298.81</ele>
      </trkpt>
      <trkpt lat="41.076336" lon="-8.209614">
        <ele>298.97</ele>
      </trkpt>
      <trkpt lat="41.076555" lon="-8.209305">
        <ele>302.19</ele>
      </trkpt>
      <trkpt lat="41.076753" lon="-8.20897">
        <ele>304.68</ele>
      </trkpt>
      <trkpt lat="41.076847" lon="-8.208651">
        <ele>304.76</ele>
      </trkpt>
      <trkpt lat="41.076935" lon="-8.20835">
        <ele>304.83</ele>
      </trkpt>
      <trkpt lat="41.076945" lon="-8.208241">
        <ele>305.16</ele>
      </trkpt>
      <trkpt lat="41.076939" lon="-8.208126">
        <ele>305.94</ele>
      </trkpt>
      <trkpt lat="41.076898" lon="-8.208002">
        <ele>307.44</ele>
      </trkpt>
      <trkpt lat="41.076827" lon="-8.20787">
        <ele>308.94</ele>
      </trkpt>
      <trkpt lat="41.076661" lon="-8.207664">
        <ele>310.43</ele>
      </trkpt>
      <trkpt lat="41.076614" lon="-8.207549">
        <ele>310.64</ele>
      </trkpt>
      <trkpt lat="41.076583" lon="-8.207445">
        <ele>310.76</ele>
      </trkpt>
      <trkpt lat="41.076586" lon="-8.20729">
        <ele>311.03</ele>
      </trkpt>
      <trkpt lat="41.076684" lon="-8.206906">
        <ele>311.74</ele>
      </trkpt>
      <trkpt lat="41.076881" lon="-8.206139">
        <ele>318.62</ele>
      </trkpt>
      <trkpt lat="41.076946" lon="-8.205996">
        <ele>321.07</ele>
      </trkpt>
      <trkpt lat="41.077024" lon="-8.205938">
        <ele>320.42</ele>
      </trkpt>
      <trkpt lat="41.077176" lon="-8.205888">
        <ele>317.62</ele>
      </trkpt>
      <trkpt lat="41.077598" lon="-8.20581">
        <ele>313.3</ele>
      </trkpt>
      <trkpt lat="41.077754" lon="-8.205761">
        <ele>313.19</ele>
      </trkpt>
      <trkpt lat="41.078026" lon="-8.205556">
        <ele>314.71</ele>
      </trkpt>
      <trkpt lat="41.0783" lon="-8.205315">
        <ele>315.01</ele>
      </trkpt>
      <trkpt lat="41.078405" lon="-8.205155">
        <ele>316.19</ele>
      </trkpt>
      <trkpt lat="41.078459" lon="-8.204977">
        <ele>317.01</ele>
      </trkpt>
      <trkpt lat="41.07886" lon="-8.203308">
        <ele>321.67</ele>
      </trkpt>
      <trkpt lat="41.078994" lon="-8.202758">
        <ele>325.31</ele>
      </trkpt>
      <trkpt lat="41.079031" lon="-8.202503">
        <ele>325.22</ele>
      </trkpt>
      <trkpt lat="41.079001" lon="-8.202343">
        <ele>326.24</ele>
      </trkpt>
      <trkpt lat="41.078908" lon="-8.202067">
        <ele>327.75</ele>
      </trkpt>
      <trkpt lat="41.078846" lon="-8.201758">
        <ele>329.8</ele>
      </trkpt>
      <trkpt lat="41.078817" lon="-8.201458">
        <ele>330.74</ele>
      </trkpt>
      <trkpt lat="41.078741" lon="-8.201146">
        <ele>330.59</ele>
      </trkpt>
      <trkpt lat="41.078717" lon="-8.20102">
        <ele>330.82</ele>
      </trkpt>
      <trkpt lat="41.078709" lon="-8.200843">
        <ele>330.48</ele>
      </trkpt>
      <trkpt lat="41.078735" lon="-8.200682">
        <ele>331.13</ele>
      </trkpt>
      <trkpt lat="41.078784" lon="-8.200545">
        <ele>332.21</ele>
      </trkpt>
      <trkpt lat="41.078861" lon="-8.200423">
        <ele>333.4</ele>
      </trkpt>
      <trkpt lat="41.078975" lon="-8.200331">
        <ele>334.14</ele>
      </trkpt>
      <trkpt lat="41.079143" lon="-8.200239">
        <ele>335.78</ele>
      </trkpt>
      <trkpt lat="41.079499" lon="-8.20008">
        <ele>338.48</ele>
      </trkpt>
      <trkpt lat="41.079926" lon="-8.199825">
        <ele>341.55</ele>
      </trkpt>
      <trkpt lat="41.080023" lon="-8.199786">
        <ele>341.53</ele>
      </trkpt>
      <trkpt lat="41.080319" lon="-8.199726">
        <ele>341.3</ele>
      </trkpt>
      <trkpt lat="41.080436" lon="-8.199651">
        <ele>341.72</ele>
      </trkpt>
      <trkpt lat="41.080664" lon="-8.199391">
        <ele>343.13</ele>
      </trkpt>
      <trkpt lat="41.080873" lon="-8.199131">
        <ele>344.65</ele>
      </trkpt>
      <trkpt lat="41.080914" lon="-8.199017">
        <ele>344.99</ele>
      </trkpt>
      <trkpt lat="41.080924" lon="-8.19889">
        <ele>345.55</ele>
      </trkpt>
      <trkpt lat="41.080895" lon="-8.198778">
        <ele>345.98</ele>
      </trkpt>
      <trkpt lat="41.08085" lon="-8.198676">
        <ele>347.04</ele>
      </trkpt>
      <trkpt lat="41.080767" lon="-8.198586">
        <ele>348.09</ele>
      </trkpt>
      <trkpt lat="41.080659" lon="-8.198555">
        <ele>348.79</ele>
      </trkpt>
      <trkpt lat="41.080566" lon="-8.198566">
        <ele>349.17</ele>
      </trkpt>
      <trkpt lat="41.080319" lon="-8.198719">
        <ele>350.01</ele>
      </trkpt>
      <trkpt lat="41.080207" lon="-8.198758">
        <ele>350.05</ele>
      </trkpt>
      <trkpt lat="41.080074" lon="-8.198748">
        <ele>350.94</ele>
      </trkpt>
      <trkpt lat="41.079956" lon="-8.198672">
        <ele>351.47</ele>
      </trkpt>
      <trkpt lat="41.079832" lon="-8.198545">
        <ele>352.24</ele>
      </trkpt>
      <trkpt lat="41.079226" lon="-8.197758">
        <ele>356.54</ele>
      </trkpt>
      <trkpt lat="41.079072" lon="-8.197602">
        <ele>357.66</ele>
      </trkpt>
      <trkpt lat="41.078925" lon="-8.197503">
        <ele>359.07</ele>
      </trkpt>
      <trkpt lat="41.078709" lon="-8.197414">
        <ele>360.93</ele>
      </trkpt>
      <trkpt lat="41.078448" lon="-8.197329">
        <ele>362.49</ele>
      </trkpt>
      <trkpt lat="41.078363" lon="-8.197301">
        <ele>363</ele>
      </trkpt>
      <trkpt lat="41.077886" lon="-8.196986">
        <ele>364.88</ele>
      </trkpt>
      <trkpt lat="41.077416" lon="-8.196645">
        <ele>367.43</ele>
      </trkpt>
      <trkpt lat="41.077299" lon="-8.196518">
        <ele>368.65</ele>
      </trkpt>
      <trkpt lat="41.077235" lon="-8.196399">
        <ele>369.65</ele>
      </trkpt>
      <trkpt lat="41.077164" lon="-8.196197">
        <ele>370.37</ele>
      </trkpt>
      <trkpt lat="41.077146" lon="-8.196086">
        <ele>370.51</ele>
      </trkpt>
      <trkpt lat="41.077141" lon="-8.195736">
        <ele>371.1</ele>
      </trkpt>
      <trkpt lat="41.077114" lon="-8.195621">
        <ele>371.81</ele>
      </trkpt>
      <trkpt lat="41.077067" lon="-8.195516">
        <ele>373.03</ele>
      </trkpt>
      <trkpt lat="41.076852" lon="-8.195332">
        <ele>374.78</ele>
      </trkpt>
      <trkpt lat="41.075693" lon="-8.19462">
        <ele>374.49</ele>
      </trkpt>
      <trkpt lat="41.075477" lon="-8.194358">
        <ele>374.88</ele>
      </trkpt>
      <trkpt lat="41.075356" lon="-8.194273">
        <ele>375.06</ele>
      </trkpt>
      <trkpt lat="41.075239" lon="-8.19422">
        <ele>375.34</ele>
      </trkpt>
      <trkpt lat="41.074391" lon="-8.194029">
        <ele>375.23</ele>
      </trkpt>
      <trkpt lat="41.073286" lon="-8.193779">
        <ele>380.27</ele>
      </trkpt>
      <trkpt lat="41.073174" lon="-8.193721">
        <ele>380.94</ele>
      </trkpt>
      <trkpt lat="41.073072" lon="-8.193565">
        <ele>381.84</ele>
      </trkpt>
      <trkpt lat="41.07286" lon="-8.193015">
        <ele>386.75</ele>
      </trkpt>
      <trkpt lat="41.072643" lon="-8.192451">
        <ele>385.02</ele>
      </trkpt>
      <trkpt lat="41.07246" lon="-8.191892">
        <ele>382</ele>
      </trkpt>
      <trkpt lat="41.072365" lon="-8.191732">
        <ele>380.52</ele>
      </trkpt>
      <trkpt lat="41.072086" lon="-8.191501">
        <ele>380.08</ele>
      </trkpt>
      <trkpt lat="41.071764" lon="-8.191251">
        <ele>377.91</ele>
      </trkpt>
      <trkpt lat="41.071657" lon="-8.191115">
        <ele>376.85</ele>
      </trkpt>
      <trkpt lat="41.071586" lon="-8.190975">
        <ele>375.51</ele>
      </trkpt>
      <trkpt lat="41.071456" lon="-8.190624">
        <ele>373.08</ele>
      </trkpt>
      <trkpt lat="41.071419" lon="-8.190501">
        <ele>372.29</ele>
      </trkpt>
      <trkpt lat="41.071391" lon="-8.190372">
        <ele>371.95</ele>
      </trkpt>
      <trkpt lat="41.071381" lon="-8.19024">
        <ele>370.79</ele>
      </trkpt>
      <trkpt lat="41.071403" lon="-8.189978">
        <ele>368.6</ele>
      </trkpt>
      <trkpt lat="41.071501" lon="-8.189735">
        <ele>367.59</ele>
      </trkpt>
      <trkpt lat="41.071601" lon="-8.189604">
        <ele>367.76</ele>
      </trkpt>
      <trkpt lat="41.072075" lon="-8.189197">
        <ele>364.87</ele>
      </trkpt>
      <trkpt lat="41.072442" lon="-8.188658">
        <ele>362.57</ele>
      </trkpt>
      <trkpt lat="41.072585" lon="-8.188534">
        <ele>362.69</ele>
      </trkpt>
      <trkpt lat="41.073289" lon="-8.18811">
        <ele>363.19</ele>
      </trkpt>
      <trkpt lat="41.073383" lon="-8.188023">
        <ele>363</ele>
      </trkpt>
      <trkpt lat="41.073457" lon="-8.187935">
        <ele>362.94</ele>
      </trkpt>
      <trkpt lat="41.074294" lon="-8.186511">
        <ele>359.77</ele>
      </trkpt>
      <trkpt lat="41.074516" lon="-8.186288">
        <ele>360.02</ele>
      </trkpt>
      <trkpt lat="41.074737" lon="-8.186065">
        <ele>363.56</ele>
      </trkpt>
      <trkpt lat="41.075354" lon="-8.185221">
        <ele>367.09</ele>
      </trkpt>
      <trkpt lat="41.075888" lon="-8.184864">
        <ele>366.71</ele>
      </trkpt>
      <trkpt lat="41.076422" lon="-8.184507">
        <ele>364.11</ele>
      </trkpt>
      <trkpt lat="41.076613" lon="-8.184173">
        <ele>365.1</ele>
      </trkpt>
      <trkpt lat="41.076855" lon="-8.183565">
        <ele>367.19</ele>
      </trkpt>
      <trkpt lat="41.077125" lon="-8.18289">
        <ele>371.71</ele>
      </trkpt>
      <trkpt lat="41.077281" lon="-8.182517">
        <ele>373.18</ele>
      </trkpt>
      <trkpt lat="41.07766" lon="-8.181803">
        <ele>372.07</ele>
      </trkpt>
      <trkpt lat="41.07781" lon="-8.18152">
        <ele>373.22</ele>
      </trkpt>
      <trkpt lat="41.07786" lon="-8.181458">
        <ele>373.91</ele>
      </trkpt>
      <trkpt lat="41.078215" lon="-8.180936">
        <ele>378.75</ele>
      </trkpt>
      <trkpt lat="41.078661" lon="-8.180205">
        <ele>378.84</ele>
      </trkpt>
      <trkpt lat="41.07881" lon="-8.179961">
        <ele>377.06</ele>
      </trkpt>
      <trkpt lat="41.079189" lon="-8.17959">
        <ele>371.75</ele>
      </trkpt>
      <trkpt lat="41.079244" lon="-8.179393">
        <ele>371.63</ele>
      </trkpt>
      <trkpt lat="41.079244" lon="-8.179206">
        <ele>371.98</ele>
      </trkpt>
      <trkpt lat="41.079117" lon="-8.17852">
        <ele>371.78</ele>
      </trkpt>
      <trkpt lat="41.079029" lon="-8.178342">
        <ele>371.68</ele>
      </trkpt>
      <trkpt lat="41.078613" lon="-8.17794">
        <ele>373.01</ele>
      </trkpt>
      <trkpt lat="41.078328" lon="-8.1778">
        <ele>374.54</ele>
      </trkpt>
      <trkpt lat="41.078197" lon="-8.177691">
        <ele>375.37</ele>
      </trkpt>
      <trkpt lat="41.078144" lon="-8.177572">
        <ele>374.12</ele>
      </trkpt>
      <trkpt lat="41.077905" lon="-8.176815">
        <ele>372.66</ele>
      </trkpt>
      <trkpt lat="41.077831" lon="-8.176685">
        <ele>372.31</ele>
      </trkpt>
      <trkpt lat="41.077593" lon="-8.176504">
        <ele>372.68</ele>
      </trkpt>
      <trkpt lat="41.077538" lon="-8.176379">
        <ele>372.72</ele>
      </trkpt>
      <trkpt lat="41.077448" lon="-8.176028">
        <ele>371.53</ele>
      </trkpt>
      <trkpt lat="41.077268" lon="-8.175326">
        <ele>372.44</ele>
      </trkpt>
      <trkpt lat="41.077285" lon="-8.175152">
        <ele>372.18</ele>
      </trkpt>
      <trkpt lat="41.077353" lon="-8.174982">
        <ele>372.29</ele>
      </trkpt>
      <trkpt lat="41.07781" lon="-8.174115">
        <ele>369.49</ele>
      </trkpt>
      <trkpt lat="41.077962" lon="-8.173826">
        <ele>371.45</ele>
      </trkpt>
      <trkpt lat="41.078267" lon="-8.173248">
        <ele>370.65</ele>
      </trkpt>
      <trkpt lat="41.078419" lon="-8.172959">
        <ele>371.92</ele>
      </trkpt>
      <trkpt lat="41.078771" lon="-8.172507">
        <ele>372.93</ele>
      </trkpt>
      <trkpt lat="41.079124" lon="-8.172054">
        <ele>369.65</ele>
      </trkpt>
      <trkpt lat="41.079338" lon="-8.171629">
        <ele>367.5</ele>
      </trkpt>
      <trkpt lat="41.079379" lon="-8.171531">
        <ele>367.21</ele>
      </trkpt>
      <trkpt lat="41.079442" lon="-8.17134">
        <ele>367.34</ele>
      </trkpt>
      <trkpt lat="41.079708" lon="-8.170411">
        <ele>369.76</ele>
      </trkpt>
      <trkpt lat="41.079742" lon="-8.170311">
        <ele>370.07</ele>
      </trkpt>
      <trkpt lat="41.079766" lon="-8.170264">
        <ele>370.17</ele>
      </trkpt>
      <trkpt lat="41.079846" lon="-8.170125">
        <ele>369.66</ele>
      </trkpt>
      <trkpt lat="41.080165" lon="-8.169722">
        <ele>366.42</ele>
      </trkpt>
      <trkpt lat="41.080305" lon="-8.169529">
        <ele>365.69</ele>
      </trkpt>
      <trkpt lat="41.080542" lon="-8.169146">
        <ele>365.49</ele>
      </trkpt>
      <trkpt lat="41.081019" lon="-8.168343">
        <ele>364.38</ele>
      </trkpt>
      <trkpt lat="41.081449" lon="-8.167612">
        <ele>359.34</ele>
      </trkpt>
      <trkpt lat="41.081533" lon="-8.16745">
        <ele>358.21</ele>
      </trkpt>
      <trkpt lat="41.081605" lon="-8.167221">
        <ele>357.09</ele>
      </trkpt>
      <trkpt lat="41.08161" lon="-8.167185">
        <ele>357</ele>
      </trkpt>
      <trkpt lat="41.081622" lon="-8.167088">
        <ele>356.74</ele>
      </trkpt>
      <trkpt lat="41.08162" lon="-8.167024">
        <ele>356.46</ele>
      </trkpt>
      <trkpt lat="41.081601" lon="-8.166912">
        <ele>356.29</ele>
      </trkpt>
      <trkpt lat="41.081572" lon="-8.166817">
        <ele>356.05</ele>
      </trkpt>
      <trkpt lat="41.081491" lon="-8.166667">
        <ele>356.07</ele>
      </trkpt>
      <trkpt lat="41.081257" lon="-8.166376">
        <ele>355.89</ele>
      </trkpt>
      <trkpt lat="41.081114" lon="-8.166179">
        <ele>355.73</ele>
      </trkpt>
      <trkpt lat="41.081055" lon="-8.166079">
        <ele>355.6</ele>
      </trkpt>
      <trkpt lat="41.080971" lon="-8.1659">
        <ele>354.67</ele>
      </trkpt>
      <trkpt lat="41.08088" lon="-8.16573">
        <ele>354.2</ele>
      </trkpt>
      <trkpt lat="41.080583" lon="-8.165272">
        <ele>353.01</ele>
      </trkpt>
      <trkpt lat="41.080482" lon="-8.165165">
        <ele>353.27</ele>
      </trkpt>
      <trkpt lat="41.080343" lon="-8.165054">
        <ele>353.51</ele>
      </trkpt>
      <trkpt lat="41.080253" lon="-8.164972">
        <ele>354.43</ele>
      </trkpt>
      <trkpt lat="41.080178" lon="-8.164885">
        <ele>354.52</ele>
      </trkpt>
      <trkpt lat="41.080076" lon="-8.164738">
        <ele>355.18</ele>
      </trkpt>
      <trkpt lat="41.079991" lon="-8.164555">
        <ele>355.45</ele>
      </trkpt>
      <trkpt lat="41.079927" lon="-8.164297">
        <ele>354.35</ele>
      </trkpt>
      <trkpt lat="41.079893" lon="-8.164043">
        <ele>353.96</ele>
      </trkpt>
      <trkpt lat="41.079891" lon="-8.163956">
        <ele>354.28</ele>
      </trkpt>
      <trkpt lat="41.079899" lon="-8.163854">
        <ele>354.54</ele>
      </trkpt>
      <trkpt lat="41.07992" lon="-8.163744">
        <ele>354.92</ele>
      </trkpt>
      <trkpt lat="41.080025" lon="-8.163408">
        <ele>354.09</ele>
      </trkpt>
      <trkpt lat="41.080111" lon="-8.163054">
        <ele>352.32</ele>
      </trkpt>
      <trkpt lat="41.080262" lon="-8.162361">
        <ele>352.06</ele>
      </trkpt>
      <trkpt lat="41.080284" lon="-8.162191">
        <ele>351.72</ele>
      </trkpt>
      <trkpt lat="41.080322" lon="-8.161705">
        <ele>351.58</ele>
      </trkpt>
      <trkpt lat="41.080391" lon="-8.161243">
        <ele>349.21</ele>
      </trkpt>
      <trkpt lat="41.080392" lon="-8.161151">
        <ele>348.64</ele>
      </trkpt>
      <trkpt lat="41.080381" lon="-8.161058">
        <ele>348.27</ele>
      </trkpt>
      <trkpt lat="41.080329" lon="-8.16087">
        <ele>347.21</ele>
      </trkpt>
      <trkpt lat="41.080176" lon="-8.160488">
        <ele>346.16</ele>
      </trkpt>
      <trkpt lat="41.080033" lon="-8.160182">
        <ele>345.49</ele>
      </trkpt>
      <trkpt lat="41.079991" lon="-8.160113">
        <ele>344.67</ele>
      </trkpt>
      <trkpt lat="41.079934" lon="-8.160056">
        <ele>343.86</ele>
      </trkpt>
      <trkpt lat="41.079867" lon="-8.160013">
        <ele>343.18</ele>
      </trkpt>
      <trkpt lat="41.07977" lon="-8.159991">
        <ele>342.52</ele>
      </trkpt>
      <trkpt lat="41.079673" lon="-8.159988">
        <ele>342.12</ele>
      </trkpt>
      <trkpt lat="41.079464" lon="-8.160023">
        <ele>343.31</ele>
      </trkpt>
      <trkpt lat="41.079334" lon="-8.160021">
        <ele>345.17</ele>
      </trkpt>
      <trkpt lat="41.078862" lon="-8.159913">
        <ele>345.04</ele>
      </trkpt>
      <trkpt lat="41.078718" lon="-8.159874">
        <ele>343.83</ele>
      </trkpt>
      <trkpt lat="41.078564" lon="-8.159856">
        <ele>342.31</ele>
      </trkpt>
      <trkpt lat="41.07818" lon="-8.15985">
        <ele>339.83</ele>
      </trkpt>
      <trkpt lat="41.078062" lon="-8.159837">
        <ele>339.24</ele>
      </trkpt>
      <trkpt lat="41.077592" lon="-8.159731">
        <ele>334.31</ele>
      </trkpt>
      <trkpt lat="41.077273" lon="-8.159694">
        <ele>333.77</ele>
      </trkpt>
      <trkpt lat="41.076987" lon="-8.159678">
        <ele>332.85</ele>
      </trkpt>
      <trkpt lat="41.076232" lon="-8.159531">
        <ele>328.11</ele>
      </trkpt>
      <trkpt lat="41.075404" lon="-8.159437">
        <ele>323.95</ele>
      </trkpt>
      <trkpt lat="41.075302" lon="-8.159403">
        <ele>324.16</ele>
      </trkpt>
      <trkpt lat="41.075241" lon="-8.159367">
        <ele>324.22</ele>
      </trkpt>
      <trkpt lat="41.075136" lon="-8.15928">
        <ele>324.15</ele>
      </trkpt>
      <trkpt lat="41.075075" lon="-8.159209">
        <ele>323.94</ele>
      </trkpt>
      <trkpt lat="41.07497" lon="-8.159038">
        <ele>322.53</ele>
      </trkpt>
      <trkpt lat="41.074877" lon="-8.158853">
        <ele>320.79</ele>
      </trkpt>
      <trkpt lat="41.074827" lon="-8.158721">
        <ele>319.24</ele>
      </trkpt>
      <trkpt lat="41.074773" lon="-8.158526">
        <ele>318.3</ele>
      </trkpt>
      <trkpt lat="41.074771" lon="-8.158383">
        <ele>318.19</ele>
      </trkpt>
      <trkpt lat="41.07479" lon="-8.158274">
        <ele>318.14</ele>
      </trkpt>
      <trkpt lat="41.074899" lon="-8.157904">
        <ele>317.21</ele>
      </trkpt>
      <trkpt lat="41.075081" lon="-8.157367">
        <ele>313.01</ele>
      </trkpt>
      <trkpt lat="41.075115" lon="-8.15719">
        <ele>311.73</ele>
      </trkpt>
      <trkpt lat="41.075129" lon="-8.157001">
        <ele>309.58</ele>
      </trkpt>
      <trkpt lat="41.075115" lon="-8.156835">
        <ele>307.81</ele>
      </trkpt>
      <trkpt lat="41.07508" lon="-8.156681">
        <ele>306.49</ele>
      </trkpt>
      <trkpt lat="41.075037" lon="-8.15656">
        <ele>305.35</ele>
      </trkpt>
      <trkpt lat="41.074983" lon="-8.156458">
        <ele>304.41</ele>
      </trkpt>
      <trkpt lat="41.074915" lon="-8.156359">
        <ele>303.73</ele>
      </trkpt>
      <trkpt lat="41.074826" lon="-8.156269">
        <ele>303.08</ele>
      </trkpt>
      <trkpt lat="41.074738" lon="-8.156205">
        <ele>302.73</ele>
      </trkpt>
      <trkpt lat="41.07462" lon="-8.15614">
        <ele>303.31</ele>
      </trkpt>
      <trkpt lat="41.074342" lon="-8.156029">
        <ele>302.06</ele>
      </trkpt>
      <trkpt lat="41.074024" lon="-8.155912">
        <ele>299.02</ele>
      </trkpt>
      <trkpt lat="41.073787" lon="-8.155863">
        <ele>297.26</ele>
      </trkpt>
      <trkpt lat="41.0735" lon="-8.155867">
        <ele>296.64</ele>
      </trkpt>
      <trkpt lat="41.073232" lon="-8.155909">
        <ele>295.51</ele>
      </trkpt>
      <trkpt lat="41.07313" lon="-8.155934">
        <ele>294.84</ele>
      </trkpt>
      <trkpt lat="41.072799" lon="-8.156098">
        <ele>295.51</ele>
      </trkpt>
      <trkpt lat="41.072712" lon="-8.156128">
        <ele>295.08</ele>
      </trkpt>
      <trkpt lat="41.072578" lon="-8.156135">
        <ele>294.37</ele>
      </trkpt>
      <trkpt lat="41.072489" lon="-8.156099">
        <ele>293.83</ele>
      </trkpt>
      <trkpt lat="41.072406" lon="-8.156028">
        <ele>293.66</ele>
      </trkpt>
      <trkpt lat="41.07233" lon="-8.155897">
        <ele>294.79</ele>
      </trkpt>
      <trkpt lat="41.072286" lon="-8.155745">
        <ele>295.94</ele>
      </trkpt>
      <trkpt lat="41.07229" lon="-8.155482">
        <ele>295.74</ele>
      </trkpt>
      <trkpt lat="41.072313" lon="-8.155286">
        <ele>294.08</ele>
      </trkpt>
      <trkpt lat="41.072349" lon="-8.155117">
        <ele>292.91</ele>
      </trkpt>
      <trkpt lat="41.072398" lon="-8.154983">
        <ele>293.15</ele>
      </trkpt>
      <trkpt lat="41.072481" lon="-8.15486">
        <ele>294.26</ele>
      </trkpt>
      <trkpt lat="41.072578" lon="-8.154766">
        <ele>295.63</ele>
      </trkpt>
      <trkpt lat="41.072772" lon="-8.154676">
        <ele>295.85</ele>
      </trkpt>
      <trkpt lat="41.07333" lon="-8.154459">
        <ele>298.38</ele>
      </trkpt>
      <trkpt lat="41.073572" lon="-8.154361">
        <ele>297.87</ele>
      </trkpt>
      <trkpt lat="41.073746" lon="-8.154275">
        <ele>297.65</ele>
      </trkpt>
      <trkpt lat="41.073942" lon="-8.154151">
        <ele>296.89</ele>
      </trkpt>
      <trkpt lat="41.074076" lon="-8.154047">
        <ele>296.8</ele>
      </trkpt>
      <trkpt lat="41.074156" lon="-8.153963">
        <ele>297.07</ele>
      </trkpt>
      <trkpt lat="41.074226" lon="-8.153864">
        <ele>297.44</ele>
      </trkpt>
      <trkpt lat="41.074268" lon="-8.153771">
        <ele>297.81</ele>
      </trkpt>
      <trkpt lat="41.074298" lon="-8.153677">
        <ele>298.22</ele>
      </trkpt>
      <trkpt lat="41.074472" lon="-8.152816">
        <ele>299.79</ele>
      </trkpt>
      <trkpt lat="41.074488" lon="-8.152684">
        <ele>299.95</ele>
      </trkpt>
      <trkpt lat="41.074494" lon="-8.152534">
        <ele>299.79</ele>
      </trkpt>
      <trkpt lat="41.07449" lon="-8.152419">
        <ele>299.47</ele>
      </trkpt>
      <trkpt lat="41.074468" lon="-8.152279">
        <ele>299.24</ele>
      </trkpt>
      <trkpt lat="41.074401" lon="-8.152108">
        <ele>299.81</ele>
      </trkpt>
      <trkpt lat="41.074296" lon="-8.151963">
        <ele>301.57</ele>
      </trkpt>
      <trkpt lat="41.074134" lon="-8.151708">
        <ele>302.73</ele>
      </trkpt>
      <trkpt lat="41.074103" lon="-8.151632">
        <ele>302.86</ele>
      </trkpt>
      <trkpt lat="41.074068" lon="-8.151467">
        <ele>302.49</ele>
      </trkpt>
      <trkpt lat="41.074058" lon="-8.151357">
        <ele>302.22</ele>
      </trkpt>
      <trkpt lat="41.074058" lon="-8.151214">
        <ele>301.98</ele>
      </trkpt>
      <trkpt lat="41.074044" lon="-8.151091">
        <ele>302.31</ele>
      </trkpt>
      <trkpt lat="41.074025" lon="-8.15102">
        <ele>302.73</ele>
      </trkpt>
      <trkpt lat="41.074007" lon="-8.150952">
        <ele>303.14</ele>
      </trkpt>
      <trkpt lat="41.0739" lon="-8.150724">
        <ele>302.97</ele>
      </trkpt>
      <trkpt lat="41.073851" lon="-8.150657">
        <ele>303.31</ele>
      </trkpt>
      <trkpt lat="41.073777" lon="-8.150586">
        <ele>303.16</ele>
      </trkpt>
      <trkpt lat="41.073419" lon="-8.150427">
        <ele>306.4</ele>
      </trkpt>
      <trkpt lat="41.073361" lon="-8.15037">
        <ele>306.63</ele>
      </trkpt>
      <trkpt lat="41.072681" lon="-8.149246">
        <ele>307.95</ele>
      </trkpt>
      <trkpt lat="41.072627" lon="-8.149084">
        <ele>307.71</ele>
      </trkpt>
      <trkpt lat="41.072616" lon="-8.148999">
        <ele>307.43</ele>
      </trkpt>
      <trkpt lat="41.07264" lon="-8.148795">
        <ele>306.04</ele>
      </trkpt>
      <trkpt lat="41.072824" lon="-8.147991">
        <ele>305.23</ele>
      </trkpt>
      <trkpt lat="41.072834" lon="-8.147838">
        <ele>304.94</ele>
      </trkpt>
      <trkpt lat="41.072802" lon="-8.147628">
        <ele>304.4</ele>
      </trkpt>
      <trkpt lat="41.072745" lon="-8.147416">
        <ele>303.32</ele>
      </trkpt>
      <trkpt lat="41.072712" lon="-8.147324">
        <ele>302.47</ele>
      </trkpt>
      <trkpt lat="41.07263" lon="-8.147178">
        <ele>301.24</ele>
      </trkpt>
      <trkpt lat="41.072529" lon="-8.147084">
        <ele>300.83</ele>
      </trkpt>
      <trkpt lat="41.072127" lon="-8.146789">
        <ele>298.55</ele>
      </trkpt>
      <trkpt lat="41.071441" lon="-8.146295">
        <ele>297.58</ele>
      </trkpt>
      <trkpt lat="41.071014" lon="-8.145995">
        <ele>296.49</ele>
      </trkpt>
      <trkpt lat="41.070859" lon="-8.14593">
        <ele>296.21</ele>
      </trkpt>
      <trkpt lat="41.070606" lon="-8.145888">
        <ele>295.21</ele>
      </trkpt>
      <trkpt lat="41.07038" lon="-8.145827">
        <ele>293.95</ele>
      </trkpt>
      <trkpt lat="41.070202" lon="-8.14572">
        <ele>293.02</ele>
      </trkpt>
      <trkpt lat="41.069836" lon="-8.145466">
        <ele>291.3</ele>
      </trkpt>
      <trkpt lat="41.069778" lon="-8.145441">
        <ele>290.79</ele>
      </trkpt>
      <trkpt lat="41.069654" lon="-8.145445">
        <ele>290.61</ele>
      </trkpt>
      <trkpt lat="41.069591" lon="-8.145466">
        <ele>290.75</ele>
      </trkpt>
      <trkpt lat="41.069404" lon="-8.145575">
        <ele>292.25</ele>
      </trkpt>
      <trkpt lat="41.068649" lon="-8.14599">
        <ele>288.64</ele>
      </trkpt>
      <trkpt lat="41.068512" lon="-8.146039">
        <ele>288.08</ele>
      </trkpt>
      <trkpt lat="41.068374" lon="-8.146053">
        <ele>287.57</ele>
      </trkpt>
      <trkpt lat="41.068239" lon="-8.146026">
        <ele>286.99</ele>
      </trkpt>
      <trkpt lat="41.067862" lon="-8.145802">
        <ele>284.38</ele>
      </trkpt>
      <trkpt lat="41.06766" lon="-8.145721">
        <ele>282.38</ele>
      </trkpt>
      <trkpt lat="41.067409" lon="-8.145657">
        <ele>280.74</ele>
      </trkpt>
      <trkpt lat="41.067119" lon="-8.145538">
        <ele>279.36</ele>
      </trkpt>
      <trkpt lat="41.066388" lon="-8.145095">
        <ele>275.16</ele>
      </trkpt>
      <trkpt lat="41.066311" lon="-8.145056">
        <ele>274.33</ele>
      </trkpt>
      <trkpt lat="41.066097" lon="-8.144976">
        <ele>272.98</ele>
      </trkpt>
      <trkpt lat="41.065993" lon="-8.14489">
        <ele>272.29</ele>
      </trkpt>
      <trkpt lat="41.065915" lon="-8.144806">
        <ele>271.99</ele>
      </trkpt>
      <trkpt lat="41.065858" lon="-8.144721">
        <ele>271.79</ele>
      </trkpt>
      <trkpt lat="41.065822" lon="-8.144638">
        <ele>271.73</ele>
      </trkpt>
      <trkpt lat="41.065727" lon="-8.144417">
        <ele>271.57</ele>
      </trkpt>
      <trkpt lat="41.065677" lon="-8.144326">
        <ele>270.9</ele>
      </trkpt>
      <trkpt lat="41.065632" lon="-8.144261">
        <ele>270.22</ele>
      </trkpt>
      <trkpt lat="41.065534" lon="-8.144158">
        <ele>268.45</ele>
      </trkpt>
      <trkpt lat="41.065466" lon="-8.144114">
        <ele>267.27</ele>
      </trkpt>
      <trkpt lat="41.0654" lon="-8.144092">
        <ele>266.36</ele>
      </trkpt>
      <trkpt lat="41.065312" lon="-8.14408">
        <ele>265.4</ele>
      </trkpt>
      <trkpt lat="41.065222" lon="-8.144084">
        <ele>264.33</ele>
      </trkpt>
      <trkpt lat="41.06499" lon="-8.144131">
        <ele>263.27</ele>
      </trkpt>
      <trkpt lat="41.06473" lon="-8.144224">
        <ele>263.53</ele>
      </trkpt>
      <trkpt lat="41.064604" lon="-8.144289">
        <ele>262.86</ele>
      </trkpt>
      <trkpt lat="41.06448" lon="-8.144368">
        <ele>261.86</ele>
      </trkpt>
      <trkpt lat="41.064323" lon="-8.144493">
        <ele>259.29</ele>
      </trkpt>
      <trkpt lat="41.064209" lon="-8.144663">
        <ele>258.03</ele>
      </trkpt>
      <trkpt lat="41.064154" lon="-8.144787">
        <ele>258.09</ele>
      </trkpt>
      <trkpt lat="41.064105" lon="-8.144933">
        <ele>257.67</ele>
      </trkpt>
      <trkpt lat="41.063962" lon="-8.14528">
        <ele>256.49</ele>
      </trkpt>
      <trkpt lat="41.063904" lon="-8.145365">
        <ele>255.82</ele>
      </trkpt>
      <trkpt lat="41.063843" lon="-8.145433">
        <ele>254.59</ele>
      </trkpt>
      <trkpt lat="41.063688" lon="-8.145563">
        <ele>252.74</ele>
      </trkpt>
      <trkpt lat="41.063529" lon="-8.145669">
        <ele>251.67</ele>
      </trkpt>
      <trkpt lat="41.063466" lon="-8.145684">
        <ele>251.09</ele>
      </trkpt>
      <trkpt lat="41.063322" lon="-8.14566">
        <ele>249.45</ele>
      </trkpt>
      <trkpt lat="41.063217" lon="-8.145582">
        <ele>248.55</ele>
      </trkpt>
      <trkpt lat="41.063168" lon="-8.145512">
        <ele>247.93</ele>
      </trkpt>
      <trkpt lat="41.063078" lon="-8.145321">
        <ele>247.25</ele>
      </trkpt>
      <trkpt lat="41.062979" lon="-8.145042">
        <ele>250.33</ele>
      </trkpt>
      <trkpt lat="41.062949" lon="-8.144916">
        <ele>251.89</ele>
      </trkpt>
      <trkpt lat="41.062914" lon="-8.144733">
        <ele>252.47</ele>
      </trkpt>
      <trkpt lat="41.062916" lon="-8.144615">
        <ele>253.08</ele>
      </trkpt>
      <trkpt lat="41.06293" lon="-8.144497">
        <ele>253.29</ele>
      </trkpt>
      <trkpt lat="41.062954" lon="-8.144404">
        <ele>252.99</ele>
      </trkpt>
      <trkpt lat="41.063023" lon="-8.144195">
        <ele>253.3</ele>
      </trkpt>
      <trkpt lat="41.06318" lon="-8.143847">
        <ele>251.92</ele>
      </trkpt>
      <trkpt lat="41.06341" lon="-8.14307">
        <ele>254.4</ele>
      </trkpt>
      <trkpt lat="41.06354" lon="-8.142798">
        <ele>252.4</ele>
      </trkpt>
      <trkpt lat="41.063727" lon="-8.142531">
        <ele>251.88</ele>
      </trkpt>
      <trkpt lat="41.064202" lon="-8.14199">
        <ele>255.59</ele>
      </trkpt>
      <trkpt lat="41.06488" lon="-8.141644">
        <ele>256.25</ele>
      </trkpt>
      <trkpt lat="41.065027" lon="-8.141542">
        <ele>255.68</ele>
      </trkpt>
      <trkpt lat="41.065117" lon="-8.141424">
        <ele>255.79</ele>
      </trkpt>
      <trkpt lat="41.065492" lon="-8.140848">
        <ele>253.71</ele>
      </trkpt>
      <trkpt lat="41.065735" lon="-8.140477">
        <ele>258.13</ele>
      </trkpt>
      <trkpt lat="41.065869" lon="-8.140322">
        <ele>259.79</ele>
      </trkpt>
      <trkpt lat="41.065994" lon="-8.140228">
        <ele>260.39</ele>
      </trkpt>
      <trkpt lat="41.066123" lon="-8.140172">
        <ele>261.52</ele>
      </trkpt>
      <trkpt lat="41.066447" lon="-8.140143">
        <ele>263.52</ele>
      </trkpt>
      <trkpt lat="41.066606" lon="-8.140108">
        <ele>264.2</ele>
      </trkpt>
      <trkpt lat="41.067092" lon="-8.139845">
        <ele>267.8</ele>
      </trkpt>
      <trkpt lat="41.06735" lon="-8.13963">
        <ele>268.65</ele>
      </trkpt>
      <trkpt lat="41.067557" lon="-8.13943">
        <ele>269.88</ele>
      </trkpt>
      <trkpt lat="41.067692" lon="-8.139256">
        <ele>271.42</ele>
      </trkpt>
      <trkpt lat="41.067993" lon="-8.138719">
        <ele>275.36</ele>
      </trkpt>
      <trkpt lat="41.068229" lon="-8.138435">
        <ele>274.54</ele>
      </trkpt>
      <trkpt lat="41.068314" lon="-8.138311">
        <ele>273.69</ele>
      </trkpt>
      <trkpt lat="41.068363" lon="-8.138208">
        <ele>273.19</ele>
      </trkpt>
      <trkpt lat="41.068415" lon="-8.138">
        <ele>273.52</ele>
      </trkpt>
      <trkpt lat="41.068447" lon="-8.137809">
        <ele>272.99</ele>
      </trkpt>
      <trkpt lat="41.068456" lon="-8.137194">
        <ele>271.65</ele>
      </trkpt>
      <trkpt lat="41.068372" lon="-8.136756">
        <ele>273.19</ele>
      </trkpt>
      <trkpt lat="41.068361" lon="-8.1365">
        <ele>274.06</ele>
      </trkpt>
      <trkpt lat="41.068371" lon="-8.13626">
        <ele>274.35</ele>
      </trkpt>
      <trkpt lat="41.068417" lon="-8.136013">
        <ele>275.02</ele>
      </trkpt>
      <trkpt lat="41.068663" lon="-8.135403">
        <ele>277.08</ele>
      </trkpt>
      <trkpt lat="41.068949" lon="-8.135049">
        <ele>278.11</ele>
      </trkpt>
      <trkpt lat="41.069042" lon="-8.13492">
        <ele>279.65</ele>
      </trkpt>
      <trkpt lat="41.069132" lon="-8.134812">
        <ele>280.15</ele>
      </trkpt>
      <trkpt lat="41.069261" lon="-8.13468">
        <ele>280.46</ele>
      </trkpt>
      <trkpt lat="41.069374" lon="-8.134632">
        <ele>280.59</ele>
      </trkpt>
      <trkpt lat="41.069469" lon="-8.134632">
        <ele>280.56</ele>
      </trkpt>
      <trkpt lat="41.069695" lon="-8.134704">
        <ele>278.9</ele>
      </trkpt>
      <trkpt lat="41.069836" lon="-8.134723">
        <ele>278.79</ele>
      </trkpt>
      <trkpt lat="41.070175" lon="-8.134683">
        <ele>279.96</ele>
      </trkpt>
      <trkpt lat="41.070251" lon="-8.134664">
        <ele>279.97</ele>
      </trkpt>
      <trkpt lat="41.070341" lon="-8.134617">
        <ele>279.88</ele>
      </trkpt>
      <trkpt lat="41.070383" lon="-8.134582">
        <ele>279.93</ele>
      </trkpt>
      <trkpt lat="41.07044" lon="-8.134509">
        <ele>279.93</ele>
      </trkpt>
      <trkpt lat="41.0705" lon="-8.134389">
        <ele>279.89</ele>
      </trkpt>
      <trkpt lat="41.070554" lon="-8.134228">
        <ele>280.22</ele>
      </trkpt>
      <trkpt lat="41.070746" lon="-8.133292">
        <ele>282.83</ele>
      </trkpt>
      <trkpt lat="41.070797" lon="-8.132949">
        <ele>284.71</ele>
      </trkpt>
      <trkpt lat="41.070829" lon="-8.13253">
        <ele>286.36</ele>
      </trkpt>
      <trkpt lat="41.07085" lon="-8.13244">
        <ele>286.59</ele>
      </trkpt>
      <trkpt lat="41.070897" lon="-8.132332">
        <ele>286.28</ele>
      </trkpt>
      <trkpt lat="41.07098" lon="-8.132234">
        <ele>284.79</ele>
      </trkpt>
      <trkpt lat="41.071267" lon="-8.132006">
        <ele>282.01</ele>
      </trkpt>
      <trkpt lat="41.071345" lon="-8.131934">
        <ele>281.47</ele>
      </trkpt>
      <trkpt lat="41.071462" lon="-8.131792">
        <ele>281.63</ele>
      </trkpt>
      <trkpt lat="41.071751" lon="-8.131379">
        <ele>284.44</ele>
      </trkpt>
      <trkpt lat="41.07188" lon="-8.131243">
        <ele>285.02</ele>
      </trkpt>
      <trkpt lat="41.072553" lon="-8.130882">
        <ele>280.94</ele>
      </trkpt>
      <trkpt lat="41.072637" lon="-8.130817">
        <ele>280.78</ele>
      </trkpt>
      <trkpt lat="41.072722" lon="-8.130702">
        <ele>281.1</ele>
      </trkpt>
      <trkpt lat="41.072906" lon="-8.130396">
        <ele>281.17</ele>
      </trkpt>
      <trkpt lat="41.072997" lon="-8.130326">
        <ele>280.29</ele>
      </trkpt>
      <trkpt lat="41.073054" lon="-8.130282">
        <ele>279.74</ele>
      </trkpt>
      <trkpt lat="41.07339" lon="-8.130087">
        <ele>276.17</ele>
      </trkpt>
      <trkpt lat="41.073654" lon="-8.1299">
        <ele>275.14</ele>
      </trkpt>
      <trkpt lat="41.073793" lon="-8.129756">
        <ele>276.06</ele>
      </trkpt>
      <trkpt lat="41.074009" lon="-8.129477">
        <ele>277.98</ele>
      </trkpt>
      <trkpt lat="41.074077" lon="-8.129407">
        <ele>278.2</ele>
      </trkpt>
      <trkpt lat="41.074161" lon="-8.129352">
        <ele>277.81</ele>
      </trkpt>
      <trkpt lat="41.074544" lon="-8.12922">
        <ele>275.23</ele>
      </trkpt>
      <trkpt lat="41.074913" lon="-8.128913">
        <ele>273.69</ele>
      </trkpt>
      <trkpt lat="41.075064" lon="-8.128743">
        <ele>273.22</ele>
      </trkpt>
      <trkpt lat="41.075207" lon="-8.128556">
        <ele>273.48</ele>
      </trkpt>
      <trkpt lat="41.075753" lon="-8.127689">
        <ele>272.28</ele>
      </trkpt>
      <trkpt lat="41.075871" lon="-8.127476">
        <ele>273.49</ele>
      </trkpt>
      <trkpt lat="41.075985" lon="-8.127337">
        <ele>273.54</ele>
      </trkpt>
      <trkpt lat="41.076134" lon="-8.127201">
        <ele>272.82</ele>
      </trkpt>
      <trkpt lat="41.076246" lon="-8.127149">
        <ele>271.9</ele>
      </trkpt>
      <trkpt lat="41.076401" lon="-8.12712">
        <ele>270.53</ele>
      </trkpt>
      <trkpt lat="41.077035" lon="-8.127054">
        <ele>269.26</ele>
      </trkpt>
      <trkpt lat="41.077131" lon="-8.127014">
        <ele>268.99</ele>
      </trkpt>
      <trkpt lat="41.077227" lon="-8.126934">
        <ele>269.17</ele>
      </trkpt>
      <trkpt lat="41.077474" lon="-8.126664">
        <ele>269.41</ele>
      </trkpt>
      <trkpt lat="41.0777" lon="-8.12649">
        <ele>268.86</ele>
      </trkpt>
      <trkpt lat="41.077953" lon="-8.126344">
        <ele>267.79</ele>
      </trkpt>
      <trkpt lat="41.078054" lon="-8.126264">
        <ele>267.86</ele>
      </trkpt>
      <trkpt lat="41.078185" lon="-8.126072">
        <ele>267.97</ele>
      </trkpt>
      <trkpt lat="41.078556" lon="-8.125251">
        <ele>268.55</ele>
      </trkpt>
      <trkpt lat="41.078577" lon="-8.125154">
        <ele>269.92</ele>
      </trkpt>
      <trkpt lat="41.078585" lon="-8.125063">
        <ele>270.34</ele>
      </trkpt>
      <trkpt lat="41.078575" lon="-8.124954">
        <ele>270.97</ele>
      </trkpt>
      <trkpt lat="41.07837" lon="-8.124235">
        <ele>270.14</ele>
      </trkpt>
      <trkpt lat="41.078267" lon="-8.123876">
        <ele>271.78</ele>
      </trkpt>
      <trkpt lat="41.078128" lon="-8.123529">
        <ele>271.96</ele>
      </trkpt>
      <trkpt lat="41.077986" lon="-8.123304">
        <ele>272.26</ele>
      </trkpt>
      <trkpt lat="41.077739" lon="-8.122985">
        <ele>270.69</ele>
      </trkpt>
      <trkpt lat="41.077622" lon="-8.122842">
        <ele>271.71</ele>
      </trkpt>
      <trkpt lat="41.077501" lon="-8.122715">
        <ele>272.83</ele>
      </trkpt>
      <trkpt lat="41.077016" lon="-8.12239">
        <ele>275.23</ele>
      </trkpt>
      <trkpt lat="41.076875" lon="-8.122322">
        <ele>276.22</ele>
      </trkpt>
      <trkpt lat="41.076743" lon="-8.122293">
        <ele>276.83</ele>
      </trkpt>
      <trkpt lat="41.076565" lon="-8.122275">
        <ele>277.51</ele>
      </trkpt>
      <trkpt lat="41.076413" lon="-8.12226">
        <ele>278.08</ele>
      </trkpt>
      <trkpt lat="41.076082" lon="-8.122227">
        <ele>275.95</ele>
      </trkpt>
      <trkpt lat="41.075957" lon="-8.122172">
        <ele>274.57</ele>
      </trkpt>
      <trkpt lat="41.075877" lon="-8.122098">
        <ele>273.41</ele>
      </trkpt>
      <trkpt lat="41.075822" lon="-8.122024">
        <ele>273.19</ele>
      </trkpt>
      <trkpt lat="41.075782" lon="-8.121913">
        <ele>273.26</ele>
      </trkpt>
      <trkpt lat="41.075766" lon="-8.121791">
        <ele>272.54</ele>
      </trkpt>
      <trkpt lat="41.075724" lon="-8.121063">
        <ele>268.6</ele>
      </trkpt>
      <trkpt lat="41.075668" lon="-8.120847">
        <ele>268.47</ele>
      </trkpt>
      <trkpt lat="41.075599" lon="-8.120704">
        <ele>269.93</ele>
      </trkpt>
      <trkpt lat="41.075436" lon="-8.120371">
        <ele>269.95</ele>
      </trkpt>
      <trkpt lat="41.075399" lon="-8.120218">
        <ele>269.5</ele>
      </trkpt>
      <trkpt lat="41.075395" lon="-8.12006">
        <ele>267.87</ele>
      </trkpt>
      <trkpt lat="41.075408" lon="-8.119889">
        <ele>266.33</ele>
      </trkpt>
      <trkpt lat="41.075484" lon="-8.119502">
        <ele>262.87</ele>
      </trkpt>
      <trkpt lat="41.075493" lon="-8.119356">
        <ele>262.56</ele>
      </trkpt>
      <trkpt lat="41.075476" lon="-8.119202">
        <ele>262.5</ele>
      </trkpt>
      <trkpt lat="41.075443" lon="-8.119076">
        <ele>262.68</ele>
      </trkpt>
      <trkpt lat="41.075292" lon="-8.118716">
        <ele>263.19</ele>
      </trkpt>
      <trkpt lat="41.075252" lon="-8.118558">
        <ele>263.26</ele>
      </trkpt>
      <trkpt lat="41.075237" lon="-8.118382">
        <ele>263.39</ele>
      </trkpt>
      <trkpt lat="41.075242" lon="-8.1182">
        <ele>263.23</ele>
      </trkpt>
      <trkpt lat="41.075301" lon="-8.117711">
        <ele>261.16</ele>
      </trkpt>
      <trkpt lat="41.075311" lon="-8.117527">
        <ele>259.29</ele>
      </trkpt>
      <trkpt lat="41.075304" lon="-8.117365">
        <ele>257.8</ele>
      </trkpt>
      <trkpt lat="41.075264" lon="-8.117251">
        <ele>258.2</ele>
      </trkpt>
      <trkpt lat="41.075202" lon="-8.117151">
        <ele>258.18</ele>
      </trkpt>
      <trkpt lat="41.075121" lon="-8.117078">
        <ele>258.6</ele>
      </trkpt>
      <trkpt lat="41.074909" lon="-8.116944">
        <ele>259.85</ele>
      </trkpt>
      <trkpt lat="41.074789" lon="-8.116846">
        <ele>260</ele>
      </trkpt>
      <trkpt lat="41.074697" lon="-8.116749">
        <ele>260.2</ele>
      </trkpt>
      <trkpt lat="41.074599" lon="-8.11661">
        <ele>259.92</ele>
      </trkpt>
      <trkpt lat="41.074492" lon="-8.116389">
        <ele>258.07</ele>
      </trkpt>
      <trkpt lat="41.074377" lon="-8.11609">
        <ele>256.98</ele>
      </trkpt>
      <trkpt lat="41.074323" lon="-8.115924">
        <ele>258.59</ele>
      </trkpt>
      <trkpt lat="41.074323" lon="-8.115778">
        <ele>258.62</ele>
      </trkpt>
      <trkpt lat="41.07436" lon="-8.115392">
        <ele>256.95</ele>
      </trkpt>
      <trkpt lat="41.074398" lon="-8.115008">
        <ele>253.24</ele>
      </trkpt>
      <trkpt lat="41.074396" lon="-8.114875">
        <ele>251.78</ele>
      </trkpt>
      <trkpt lat="41.074365" lon="-8.114764">
        <ele>251.56</ele>
      </trkpt>
      <trkpt lat="41.074247" lon="-8.114543">
        <ele>254.13</ele>
      </trkpt>
      <trkpt lat="41.074216" lon="-8.11443">
        <ele>254.46</ele>
      </trkpt>
      <trkpt lat="41.074217" lon="-8.114123">
        <ele>252.56</ele>
      </trkpt>
      <trkpt lat="41.074197" lon="-8.114004">
        <ele>252.74</ele>
      </trkpt>
      <trkpt lat="41.074146" lon="-8.113838">
        <ele>253.08</ele>
      </trkpt>
      <trkpt lat="41.074029" lon="-8.113617">
        <ele>250.84</ele>
      </trkpt>
      <trkpt lat="41.073894" lon="-8.11331">
        <ele>248.08</ele>
      </trkpt>
      <trkpt lat="41.07387" lon="-8.113161">
        <ele>250.17</ele>
      </trkpt>
      <trkpt lat="41.073882" lon="-8.113027">
        <ele>253.84</ele>
      </trkpt>
      <trkpt lat="41.073931" lon="-8.112921">
        <ele>257.04</ele>
      </trkpt>
      <trkpt lat="41.074012" lon="-8.112834">
        <ele>259.41</ele>
      </trkpt>
      <trkpt lat="41.074133" lon="-8.112774">
        <ele>260.57</ele>
      </trkpt>
      <trkpt lat="41.074293" lon="-8.112745">
        <ele>260.64</ele>
      </trkpt>
      <trkpt lat="41.074529" lon="-8.11274">
        <ele>260.16</ele>
      </trkpt>
      <trkpt lat="41.07472" lon="-8.112782">
        <ele>260.99</ele>
      </trkpt>
      <trkpt lat="41.07483" lon="-8.112847">
        <ele>262.89</ele>
      </trkpt>
      <trkpt lat="41.074941" lon="-8.112975">
        <ele>264.33</ele>
      </trkpt>
      <trkpt lat="41.075076" lon="-8.113206">
        <ele>263.73</ele>
      </trkpt>
      <trkpt lat="41.075212" lon="-8.113436">
        <ele>261.08</ele>
      </trkpt>
      <trkpt lat="41.075289" lon="-8.11354">
        <ele>260.17</ele>
      </trkpt>
      <trkpt lat="41.075457" lon="-8.113625">
        <ele>261.98</ele>
      </trkpt>
      <trkpt lat="41.075512" lon="-8.113677">
        <ele>262.17</ele>
      </trkpt>
      <trkpt lat="41.075891" lon="-8.114176">
        <ele>264.95</ele>
      </trkpt>
      <trkpt lat="41.075976" lon="-8.114263">
        <ele>264.44</ele>
      </trkpt>
      <trkpt lat="41.076064" lon="-8.114314">
        <ele>264.44</ele>
      </trkpt>
      <trkpt lat="41.076151" lon="-8.114322">
        <ele>265.42</ele>
      </trkpt>
      <trkpt lat="41.076236" lon="-8.114311">
        <ele>265.78</ele>
      </trkpt>
      <trkpt lat="41.077135" lon="-8.11391">
        <ele>269.64</ele>
      </trkpt>
      <trkpt lat="41.077228" lon="-8.113809">
        <ele>270.57</ele>
      </trkpt>
      <trkpt lat="41.077321" lon="-8.113689">
        <ele>271.26</ele>
      </trkpt>
      <trkpt lat="41.077393" lon="-8.113538">
        <ele>272.58</ele>
      </trkpt>
      <trkpt lat="41.077475" lon="-8.113264">
        <ele>275.19</ele>
      </trkpt>
      <trkpt lat="41.077543" lon="-8.11311">
        <ele>275.95</ele>
      </trkpt>
      <trkpt lat="41.077649" lon="-8.11299">
        <ele>276.78</ele>
      </trkpt>
      <trkpt lat="41.077739" lon="-8.112934">
        <ele>277.17</ele>
      </trkpt>
      <trkpt lat="41.077849" lon="-8.112912">
        <ele>277.68</ele>
      </trkpt>
      <trkpt lat="41.078183" lon="-8.112873">
        <ele>277.29</ele>
      </trkpt>
      <trkpt lat="41.078348" lon="-8.112781">
        <ele>278.17</ele>
      </trkpt>
      <trkpt lat="41.078799" lon="-8.112409">
        <ele>284.06</ele>
      </trkpt>
      <trkpt lat="41.078911" lon="-8.112297">
        <ele>285.42</ele>
      </trkpt>
      <trkpt lat="41.078991" lon="-8.11218">
        <ele>287.06</ele>
      </trkpt>
      <trkpt lat="41.079209" lon="-8.111654">
        <ele>293.5</ele>
      </trkpt>
      <trkpt lat="41.079485" lon="-8.11097">
        <ele>291.44</ele>
      </trkpt>
      <trkpt lat="41.079556" lon="-8.110792">
        <ele>292.45</ele>
      </trkpt>
      <trkpt lat="41.07976" lon="-8.110286">
        <ele>295.32</ele>
      </trkpt>
      <trkpt lat="41.079845" lon="-8.110121">
        <ele>296.76</ele>
      </trkpt>
      <trkpt lat="41.079945" lon="-8.110005">
        <ele>296.98</ele>
      </trkpt>
      <trkpt lat="41.080106" lon="-8.109877">
        <ele>295.79</ele>
      </trkpt>
      <trkpt lat="41.08036" lon="-8.109703">
        <ele>293.28</ele>
      </trkpt>
      <trkpt lat="41.080615" lon="-8.109529">
        <ele>293.95</ele>
      </trkpt>
      <trkpt lat="41.081125" lon="-8.10918">
        <ele>299.49</ele>
      </trkpt>
      <trkpt lat="41.081213" lon="-8.109136">
        <ele>300.27</ele>
      </trkpt>
      <trkpt lat="41.081296" lon="-8.109133">
        <ele>300.78</ele>
      </trkpt>
      <trkpt lat="41.081386" lon="-8.109162">
        <ele>301.15</ele>
      </trkpt>
      <trkpt lat="41.081454" lon="-8.109222">
        <ele>301.24</ele>
      </trkpt>
      <trkpt lat="41.081652" lon="-8.109511">
        <ele>302.36</ele>
      </trkpt>
      <trkpt lat="41.081706" lon="-8.109569">
        <ele>302.27</ele>
      </trkpt>
      <trkpt lat="41.081778" lon="-8.109618">
        <ele>302.12</ele>
      </trkpt>
      <trkpt lat="41.081882" lon="-8.109656">
        <ele>302.17</ele>
      </trkpt>
      <trkpt lat="41.081974" lon="-8.109663">
        <ele>301.43</ele>
      </trkpt>
      <trkpt lat="41.082062" lon="-8.109645">
        <ele>301.08</ele>
      </trkpt>
      <trkpt lat="41.082148" lon="-8.109578">
        <ele>301.59</ele>
      </trkpt>
      <trkpt lat="41.082228" lon="-8.109477">
        <ele>302.74</ele>
      </trkpt>
      <trkpt lat="41.082283" lon="-8.109307">
        <ele>305.02</ele>
      </trkpt>
      <trkpt lat="41.08231" lon="-8.10915">
        <ele>306.41</ele>
      </trkpt>
      <trkpt lat="41.082303" lon="-8.108696">
        <ele>308.91</ele>
      </trkpt>
      <trkpt lat="41.082322" lon="-8.108557">
        <ele>309.29</ele>
      </trkpt>
      <trkpt lat="41.08236" lon="-8.108417">
        <ele>309.51</ele>
      </trkpt>
      <trkpt lat="41.082418" lon="-8.10832">
        <ele>309.4</ele>
      </trkpt>
      <trkpt lat="41.08265" lon="-8.108077">
        <ele>311.19</ele>
      </trkpt>
      <trkpt lat="41.082736" lon="-8.107964">
        <ele>314.28</ele>
      </trkpt>
      <trkpt lat="41.082782" lon="-8.107869">
        <ele>314.96</ele>
      </trkpt>
      <trkpt lat="41.082805" lon="-8.107778">
        <ele>315.17</ele>
      </trkpt>
      <trkpt lat="41.082817" lon="-8.107688">
        <ele>316.02</ele>
      </trkpt>
      <trkpt lat="41.082807" lon="-8.10753">
        <ele>317.06</ele>
      </trkpt>
      <trkpt lat="41.082768" lon="-8.107397">
        <ele>317.32</ele>
      </trkpt>
      <trkpt lat="41.082703" lon="-8.107285">
        <ele>318.12</ele>
      </trkpt>
      <trkpt lat="41.082632" lon="-8.107232">
        <ele>318.55</ele>
      </trkpt>
      <trkpt lat="41.082537" lon="-8.107184">
        <ele>319.43</ele>
      </trkpt>
      <trkpt lat="41.082099" lon="-8.107127">
        <ele>322.41</ele>
      </trkpt>
      <trkpt lat="41.081967" lon="-8.107086">
        <ele>323.08</ele>
      </trkpt>
      <trkpt lat="41.0817" lon="-8.106933">
        <ele>324</ele>
      </trkpt>
      <trkpt lat="41.08146" lon="-8.106786">
        <ele>324.39</ele>
      </trkpt>
      <trkpt lat="41.081344" lon="-8.10668">
        <ele>324.33</ele>
      </trkpt>
      <trkpt lat="41.081266" lon="-8.106561">
        <ele>325.12</ele>
      </trkpt>
      <trkpt lat="41.080931" lon="-8.105624">
        <ele>330</ele>
      </trkpt>
      <trkpt lat="41.080402" lon="-8.104193">
        <ele>333.85</ele>
      </trkpt>
      <trkpt lat="41.080312" lon="-8.104061">
        <ele>334.5</ele>
      </trkpt>
      <trkpt lat="41.080211" lon="-8.104006">
        <ele>334.97</ele>
      </trkpt>
      <trkpt lat="41.080091" lon="-8.103996">
        <ele>335.78</ele>
      </trkpt>
      <trkpt lat="41.079619" lon="-8.104093">
        <ele>338.3</ele>
      </trkpt>
      <trkpt lat="41.079519" lon="-8.104084">
        <ele>338.61</ele>
      </trkpt>
      <trkpt lat="41.07941" lon="-8.104042">
        <ele>338.56</ele>
      </trkpt>
      <trkpt lat="41.079335" lon="-8.103976">
        <ele>338.63</ele>
      </trkpt>
      <trkpt lat="41.079265" lon="-8.103834">
        <ele>339.33</ele>
      </trkpt>
      <trkpt lat="41.079247" lon="-8.103697">
        <ele>339.61</ele>
      </trkpt>
      <trkpt lat="41.079233" lon="-8.102588">
        <ele>343.51</ele>
      </trkpt>
      <trkpt lat="41.07922" lon="-8.101588">
        <ele>349.53</ele>
      </trkpt>
      <trkpt lat="41.079199" lon="-8.101449">
        <ele>350.28</ele>
      </trkpt>
      <trkpt lat="41.079152" lon="-8.101324">
        <ele>351.11</ele>
      </trkpt>
      <trkpt lat="41.079054" lon="-8.101203">
        <ele>352.69</ele>
      </trkpt>
      <trkpt lat="41.078718" lon="-8.100936">
        <ele>354.67</ele>
      </trkpt>
      <trkpt lat="41.078595" lon="-8.100804">
        <ele>355.86</ele>
      </trkpt>
      <trkpt lat="41.078507" lon="-8.100664">
        <ele>357.05</ele>
      </trkpt>
      <trkpt lat="41.078457" lon="-8.100443">
        <ele>357.94</ele>
      </trkpt>
      <trkpt lat="41.078433" lon="-8.100097">
        <ele>357.94</ele>
      </trkpt>
      <trkpt lat="41.078388" lon="-8.099981">
        <ele>358.43</ele>
      </trkpt>
      <trkpt lat="41.078008" lon="-8.099308">
        <ele>361.69</ele>
      </trkpt>
      <trkpt lat="41.07797" lon="-8.099176">
        <ele>362.3</ele>
      </trkpt>
      <trkpt lat="41.077966" lon="-8.099023">
        <ele>362.53</ele>
      </trkpt>
      <trkpt lat="41.078078" lon="-8.098482">
        <ele>363.34</ele>
      </trkpt>
      <trkpt lat="41.078101" lon="-8.098312">
        <ele>363.58</ele>
      </trkpt>
      <trkpt lat="41.078098" lon="-8.098189">
        <ele>363.67</ele>
      </trkpt>
      <trkpt lat="41.078074" lon="-8.098087">
        <ele>364.28</ele>
      </trkpt>
      <trkpt lat="41.078017" lon="-8.097971">
        <ele>365.29</ele>
      </trkpt>
      <trkpt lat="41.077942" lon="-8.097877">
        <ele>365.93</ele>
      </trkpt>
      <trkpt lat="41.077566" lon="-8.097564">
        <ele>367.5</ele>
      </trkpt>
      <trkpt lat="41.077306" lon="-8.097365">
        <ele>369.01</ele>
      </trkpt>
      <trkpt lat="41.07718" lon="-8.097248">
        <ele>370.07</ele>
      </trkpt>
      <trkpt lat="41.077064" lon="-8.097115">
        <ele>371.26</ele>
      </trkpt>
      <trkpt lat="41.076794" lon="-8.096696">
        <ele>372.87</ele>
      </trkpt>
      <trkpt lat="41.076732" lon="-8.096637">
        <ele>373.47</ele>
      </trkpt>
      <trkpt lat="41.076389" lon="-8.096429">
        <ele>376.34</ele>
      </trkpt>
      <trkpt lat="41.076007" lon="-8.096183">
        <ele>377.86</ele>
      </trkpt>
      <trkpt lat="41.075939" lon="-8.096151">
        <ele>378.2</ele>
      </trkpt>
      <trkpt lat="41.075446" lon="-8.095996">
        <ele>378.28</ele>
      </trkpt>
      <trkpt lat="41.075368" lon="-8.095956">
        <ele>378.68</ele>
      </trkpt>
      <trkpt lat="41.07531" lon="-8.095903">
        <ele>379.33</ele>
      </trkpt>
      <trkpt lat="41.075231" lon="-8.095792">
        <ele>380.56</ele>
      </trkpt>
      <trkpt lat="41.075206" lon="-8.095744">
        <ele>380.94</ele>
      </trkpt>
      <trkpt lat="41.075168" lon="-8.09564">
        <ele>381.52</ele>
      </trkpt>
      <trkpt lat="41.075059" lon="-8.095199">
        <ele>383.12</ele>
      </trkpt>
      <trkpt lat="41.075053" lon="-8.095101">
        <ele>382.83</ele>
      </trkpt>
      <trkpt lat="41.075007" lon="-8.095092">
        <ele>383.23</ele>
      </trkpt>
      <trkpt lat="41.074974" lon="-8.09505">
        <ele>383.53</ele>
      </trkpt>
      <trkpt lat="41.074964" lon="-8.09499">
        <ele>383.67</ele>
      </trkpt>
      <trkpt lat="41.074983" lon="-8.094934">
        <ele>383.38</ele>
      </trkpt>
      <trkpt lat="41.075028" lon="-8.094901">
        <ele>382.84</ele>
      </trkpt>
      <trkpt lat="41.075078" lon="-8.094912">
        <ele>382.46</ele>
      </trkpt>
      <trkpt lat="41.075112" lon="-8.094964">
        <ele>382.2</ele>
      </trkpt>
      <trkpt lat="41.075117" lon="-8.094997">
        <ele>382.16</ele>
      </trkpt>
      <trkpt lat="41.075756" lon="-8.094713">
        <ele>374.43</ele>
      </trkpt>
      <trkpt lat="41.075821" lon="-8.094658">
        <ele>373.49</ele>
      </trkpt>
      <trkpt lat="41.075859" lon="-8.094599">
        <ele>372.94</ele>
      </trkpt>
      <trkpt lat="41.075888" lon="-8.094528">
        <ele>372.63</ele>
      </trkpt>
      <trkpt lat="41.075903" lon="-8.09444">
        <ele>372.29</ele>
      </trkpt>
      <trkpt lat="41.0759" lon="-8.094377">
        <ele>372.36</ele>
      </trkpt>
      <trkpt lat="41.075885" lon="-8.094298">
        <ele>372.3</ele>
      </trkpt>
      <trkpt lat="41.075861" lon="-8.094235">
        <ele>372.49</ele>
      </trkpt>
      <trkpt lat="41.075807" lon="-8.094158">
        <ele>372.93</ele>
      </trkpt>
      <trkpt lat="41.075727" lon="-8.094098">
        <ele>372.79</ele>
      </trkpt>
      <trkpt lat="41.075519" lon="-8.094009">
        <ele>371.76</ele>
      </trkpt>
      <trkpt lat="41.075363" lon="-8.093953">
        <ele>371.29</ele>
      </trkpt>
      <trkpt lat="41.075234" lon="-8.093883">
        <ele>370.44</ele>
      </trkpt>
      <trkpt lat="41.075166" lon="-8.093822">
        <ele>369.93</ele>
      </trkpt>
      <trkpt lat="41.075079" lon="-8.09371">
        <ele>369.03</ele>
      </trkpt>
      <trkpt lat="41.075007" lon="-8.093582">
        <ele>368.92</ele>
      </trkpt>
      <trkpt lat="41.074948" lon="-8.093387">
        <ele>368.46</ele>
      </trkpt>
      <trkpt lat="41.074932" lon="-8.093288">
        <ele>367.64</ele>
      </trkpt>
      <trkpt lat="41.074905" lon="-8.092961">
        <ele>363.92</ele>
      </trkpt>
      <trkpt lat="41.074882" lon="-8.09283">
        <ele>362.16</ele>
      </trkpt>
      <trkpt lat="41.074848" lon="-8.092702">
        <ele>360.96</ele>
      </trkpt>
      <trkpt lat="41.074793" lon="-8.092569">
        <ele>359.48</ele>
      </trkpt>
      <trkpt lat="41.07465" lon="-8.092308">
        <ele>356.1</ele>
      </trkpt>
      <trkpt lat="41.07462" lon="-8.092327">
        <ele>356.45</ele>
      </trkpt>
      <trkpt lat="41.074587" lon="-8.092334">
        <ele>356.56</ele>
      </trkpt>
      <trkpt lat="41.074554" lon="-8.092326">
        <ele>356.43</ele>
      </trkpt>
      <trkpt lat="41.074524" lon="-8.092305">
        <ele>356.07</ele>
      </trkpt>
      <trkpt lat="41.074501" lon="-8.092274">
        <ele>355.84</ele>
      </trkpt>
      <trkpt lat="41.074486" lon="-8.092234">
        <ele>355.64</ele>
      </trkpt>
      <trkpt lat="41.074484" lon="-8.092156">
        <ele>355.2</ele>
      </trkpt>
      <trkpt lat="41.074512" lon="-8.092089">
        <ele>355.19</ele>
      </trkpt>
      <trkpt lat="41.074539" lon="-8.092063">
        <ele>355.24</ele>
      </trkpt>
      <trkpt lat="41.074571" lon="-8.092049">
        <ele>355.17</ele>
      </trkpt>
      <trkpt lat="41.074604" lon="-8.092048">
        <ele>355.05</ele>
      </trkpt>
      <trkpt lat="41.074636" lon="-8.092061">
        <ele>354.86</ele>
      </trkpt>
      <trkpt lat="41.074664" lon="-8.092087">
        <ele>354.65</ele>
      </trkpt>
      <trkpt lat="41.07473" lon="-8.092002">
        <ele>354.15</ele>
      </trkpt>
      <trkpt lat="41.074763" lon="-8.091976">
        <ele>353.79</ele>
      </trkpt>
      <trkpt lat="41.075838" lon="-8.091295">
        <ele>340.24</ele>
      </trkpt>
      <trkpt lat="41.075934" lon="-8.091235">
        <ele>339.04</ele>
      </trkpt>
      <trkpt lat="41.076081" lon="-8.090995">
        <ele>338.7</ele>
      </trkpt>
      <trkpt lat="41.076348" lon="-8.090487">
        <ele>337.92</ele>
      </trkpt>
      <trkpt lat="41.076449" lon="-8.090375">
        <ele>337.1</ele>
      </trkpt>
      <trkpt lat="41.076564" lon="-8.090375">
        <ele>334.8</ele>
      </trkpt>
      <trkpt lat="41.077137" lon="-8.090429">
        <ele>329.86</ele>
      </trkpt>
      <trkpt lat="41.077401" lon="-8.090367">
        <ele>328.1</ele>
      </trkpt>
      <trkpt lat="41.077709" lon="-8.090215">
        <ele>325.05</ele>
      </trkpt>
      <trkpt lat="41.077944" lon="-8.090007">
        <ele>322.56</ele>
      </trkpt>
      <trkpt lat="41.078258" lon="-8.089654">
        <ele>318.51</ele>
      </trkpt>
      <trkpt lat="41.078326" lon="-8.089494">
        <ele>318.06</ele>
      </trkpt>
      <trkpt lat="41.078359" lon="-8.08931">
        <ele>318.17</ele>
      </trkpt>
      <trkpt lat="41.078475" lon="-8.088408">
        <ele>317.11</ele>
      </trkpt>
      <trkpt lat="41.07852" lon="-8.088242">
        <ele>315.71</ele>
      </trkpt>
      <trkpt lat="41.078596" lon="-8.088125">
        <ele>314.16</ele>
      </trkpt>
      <trkpt lat="41.079059" lon="-8.087665">
        <ele>308.47</ele>
      </trkpt>
      <trkpt lat="41.079194" lon="-8.08756">
        <ele>307.11</ele>
      </trkpt>
      <trkpt lat="41.079286" lon="-8.08752">
        <ele>306</ele>
      </trkpt>
      <trkpt lat="41.079369" lon="-8.087507">
        <ele>305.44</ele>
      </trkpt>
      <trkpt lat="41.079703" lon="-8.087546">
        <ele>304.57</ele>
      </trkpt>
      <trkpt lat="41.079999" lon="-8.087583">
        <ele>301.78</ele>
      </trkpt>
      <trkpt lat="41.080138" lon="-8.087665">
        <ele>300.54</ele>
      </trkpt>
      <trkpt lat="41.080803" lon="-8.088194">
        <ele>296.39</ele>
      </trkpt>
      <trkpt lat="41.081247" lon="-8.088546">
        <ele>288.96</ele>
      </trkpt>
      <trkpt lat="41.081691" lon="-8.088899">
        <ele>284.02</ele>
      </trkpt>
      <trkpt lat="41.081921" lon="-8.089223">
        <ele>281.68</ele>
      </trkpt>
      <trkpt lat="41.082068" lon="-8.089412">
        <ele>280.74</ele>
      </trkpt>
      <trkpt lat="41.082176" lon="-8.089469">
        <ele>280.4</ele>
      </trkpt>
      <trkpt lat="41.082319" lon="-8.089497">
        <ele>280</ele>
      </trkpt>
      <trkpt lat="41.082422" lon="-8.089501">
        <ele>279.39</ele>
      </trkpt>
      <trkpt lat="41.082538" lon="-8.089416">
        <ele>277.61</ele>
      </trkpt>
      <trkpt lat="41.082628" lon="-8.089294">
        <ele>275.25</ele>
      </trkpt>
      <trkpt lat="41.08267" lon="-8.089162">
        <ele>273.46</ele>
      </trkpt>
      <trkpt lat="41.082667" lon="-8.088993">
        <ele>271.69</ele>
      </trkpt>
      <trkpt lat="41.082628" lon="-8.08885">
        <ele>270.8</ele>
      </trkpt>
      <trkpt lat="41.082604" lon="-8.088798">
        <ele>270.34</ele>
      </trkpt>
      <trkpt lat="41.081989" lon="-8.087506">
        <ele>258.95</ele>
      </trkpt>
      <trkpt lat="41.081886" lon="-8.087378">
        <ele>258.35</ele>
      </trkpt>
      <trkpt lat="41.081754" lon="-8.087314">
        <ele>258.95</ele>
      </trkpt>
      <trkpt lat="41.081308" lon="-8.087244">
        <ele>258.78</ele>
      </trkpt>
      <trkpt lat="41.081191" lon="-8.087184">
        <ele>258.69</ele>
      </trkpt>
      <trkpt lat="41.081134" lon="-8.08709">
        <ele>257.3</ele>
      </trkpt>
      <trkpt lat="41.081125" lon="-8.08697">
        <ele>254.66</ele>
      </trkpt>
      <trkpt lat="41.081165" lon="-8.086776">
        <ele>251.96</ele>
      </trkpt>
      <trkpt lat="41.081329" lon="-8.086195">
        <ele>250.61</ele>
      </trkpt>
      <trkpt lat="41.081401" lon="-8.085774">
        <ele>248.82</ele>
      </trkpt>
      <trkpt lat="41.081393" lon="-8.085443">
        <ele>244.84</ele>
      </trkpt>
      <trkpt lat="41.081298" lon="-8.085119">
        <ele>242</ele>
      </trkpt>
      <trkpt lat="41.081129" lon="-8.084905">
        <ele>241.35</ele>
      </trkpt>
      <trkpt lat="41.08096" lon="-8.084734">
        <ele>243.28</ele>
      </trkpt>
      <trkpt lat="41.080907" lon="-8.084589">
        <ele>245.34</ele>
      </trkpt>
      <trkpt lat="41.080918" lon="-8.084471">
        <ele>247.33</ele>
      </trkpt>
      <trkpt lat="41.081002" lon="-8.084422">
        <ele>246.34</ele>
      </trkpt>
      <trkpt lat="41.081286" lon="-8.084348">
        <ele>240.85</ele>
      </trkpt>
      <trkpt lat="41.081542" lon="-8.084153">
        <ele>238.94</ele>
      </trkpt>
      <trkpt lat="41.081841" lon="-8.083775">
        <ele>235.49</ele>
      </trkpt>
      <trkpt lat="41.082205" lon="-8.082979">
        <ele>228.16</ele>
      </trkpt>
      <trkpt lat="41.082686" lon="-8.081802">
        <ele>219.88</ele>
      </trkpt>
      <trkpt lat="41.082735" lon="-8.081496">
        <ele>218.18</ele>
      </trkpt>
      <trkpt lat="41.082778" lon="-8.081279">
        <ele>216.88</ele>
      </trkpt>
      <trkpt lat="41.082828" lon="-8.081176">
        <ele>215.63</ele>
      </trkpt>
      <trkpt lat="41.082926" lon="-8.081095">
        <ele>213.85</ele>
      </trkpt>
      <trkpt lat="41.083094" lon="-8.081039">
        <ele>210.59</ele>
      </trkpt>
      <trkpt lat="41.08323" lon="-8.081065">
        <ele>209.85</ele>
      </trkpt>
      <trkpt lat="41.083304" lon="-8.081157">
        <ele>211.22</ele>
      </trkpt>
      <trkpt lat="41.083321" lon="-8.081308">
        <ele>211.55</ele>
      </trkpt>
      <trkpt lat="41.083271" lon="-8.081392">
        <ele>212.31</ele>
      </trkpt>
      <trkpt lat="41.083211" lon="-8.08146">
        <ele>212.56</ele>
      </trkpt>
      <trkpt lat="41.083077" lon="-8.08156">
        <ele>211.55</ele>
      </trkpt>
      <trkpt lat="41.082994" lon="-8.081725">
        <ele>209.49</ele>
      </trkpt>
      <trkpt lat="41.082949" lon="-8.081877">
        <ele>208.87</ele>
      </trkpt>
      <trkpt lat="41.08295" lon="-8.082114">
        <ele>207.45</ele>
      </trkpt>
      <trkpt lat="41.083026" lon="-8.08237">
        <ele>205.73</ele>
      </trkpt>
      <trkpt lat="41.08316" lon="-8.082671">
        <ele>203.39</ele>
      </trkpt>
      <trkpt lat="41.083232" lon="-8.082897">
        <ele>202.27</ele>
      </trkpt>
      <trkpt lat="41.083296" lon="-8.083399">
        <ele>201.21</ele>
      </trkpt>
      <trkpt lat="41.083387" lon="-8.083498">
        <ele>200.26</ele>
      </trkpt>
      <trkpt lat="41.083491" lon="-8.083519">
        <ele>199.1</ele>
      </trkpt>
      <trkpt lat="41.083596" lon="-8.08341">
        <ele>197.21</ele>
      </trkpt>
      <trkpt lat="41.083634" lon="-8.083265">
        <ele>196.14</ele>
      </trkpt>
      <trkpt lat="41.083618" lon="-8.083011">
        <ele>194.75</ele>
      </trkpt>
      <trkpt lat="41.083522" lon="-8.08209">
        <ele>193.41</ele>
      </trkpt>
      <trkpt lat="41.083557" lon="-8.081891">
        <ele>192.89</ele>
      </trkpt>
      <trkpt lat="41.083584" lon="-8.081854">
        <ele>192.81</ele>
      </trkpt>
      <trkpt lat="41.083647" lon="-8.081763">
        <ele>192.62</ele>
      </trkpt>
      <trkpt lat="41.083832" lon="-8.081548">
        <ele>188.69</ele>
      </trkpt>
      <trkpt lat="41.08389" lon="-8.081349">
        <ele>186.43</ele>
      </trkpt>
      <trkpt lat="41.083871" lon="-8.08115">
        <ele>184.28</ele>
      </trkpt>
      <trkpt lat="41.083779" lon="-8.080907">
        <ele>183.16</ele>
      </trkpt>
      <trkpt lat="41.083493" lon="-8.080456">
        <ele>179.55</ele>
      </trkpt>
      <trkpt lat="41.083393" lon="-8.080367">
        <ele>178.4</ele>
      </trkpt>
      <trkpt lat="41.083224" lon="-8.080277">
        <ele>177.88</ele>
      </trkpt>
      <trkpt lat="41.0826" lon="-8.080212">
        <ele>175.12</ele>
      </trkpt>
      <trkpt lat="41.082377" lon="-8.080189">
        <ele>177.28</ele>
      </trkpt>
      <trkpt lat="41.082218" lon="-8.080078">
        <ele>177.42</ele>
      </trkpt>
      <trkpt lat="41.082025" lon="-8.079888">
        <ele>176.03</ele>
      </trkpt>
      <trkpt lat="41.081852" lon="-8.079694">
        <ele>172.6</ele>
      </trkpt>
      <trkpt lat="41.081624" lon="-8.079596">
        <ele>170.28</ele>
      </trkpt>
      <trkpt lat="41.08069" lon="-8.079506">
        <ele>170.03</ele>
      </trkpt>
      <trkpt lat="41.08055" lon="-8.079467">
        <ele>169.98</ele>
      </trkpt>
      <trkpt lat="41.080365" lon="-8.079294">
        <ele>168.62</ele>
      </trkpt>
      <trkpt lat="41.080167" lon="-8.079089">
        <ele>166.71</ele>
      </trkpt>
      <trkpt lat="41.080028" lon="-8.078993">
        <ele>166.75</ele>
      </trkpt>
      <trkpt lat="41.079924" lon="-8.078936">
        <ele>168.06</ele>
      </trkpt>
      <trkpt lat="41.079808" lon="-8.078797">
        <ele>165.75</ele>
      </trkpt>
      <trkpt lat="41.0796" lon="-8.078581">
        <ele>162.58</ele>
      </trkpt>
      <trkpt lat="41.079421" lon="-8.078464">
        <ele>161.27</ele>
      </trkpt>
      <trkpt lat="41.07922" lon="-8.078391">
        <ele>158.36</ele>
      </trkpt>
      <trkpt lat="41.079112" lon="-8.078397">
        <ele>157.45</ele>
      </trkpt>
      <trkpt lat="41.079024" lon="-8.078444">
        <ele>158</ele>
      </trkpt>
      <trkpt lat="41.078771" lon="-8.078553">
        <ele>161.61</ele>
      </trkpt>
      <trkpt lat="41.078628" lon="-8.078555">
        <ele>165.21</ele>
      </trkpt>
      <trkpt lat="41.078505" lon="-8.078487">
        <ele>166.3</ele>
      </trkpt>
      <trkpt lat="41.078418" lon="-8.07837">
        <ele>164.86</ele>
      </trkpt>
      <trkpt lat="41.078162" lon="-8.077981">
        <ele>162.71</ele>
      </trkpt>
      <trkpt lat="41.078109" lon="-8.07781">
        <ele>160.54</ele>
      </trkpt>
      <trkpt lat="41.078056" lon="-8.077535">
        <ele>156.58</ele>
      </trkpt>
      <trkpt lat="41.078003" lon="-8.077389">
        <ele>154.33</ele>
      </trkpt>
      <trkpt lat="41.077926" lon="-8.077291">
        <ele>152.45</ele>
      </trkpt>
      <trkpt lat="41.077813" lon="-8.077229">
        <ele>151.45</ele>
      </trkpt>
      <trkpt lat="41.077465" lon="-8.077133">
        <ele>147.49</ele>
      </trkpt>
      <trkpt lat="41.077195" lon="-8.077082">
        <ele>146.43</ele>
      </trkpt>
      <trkpt lat="41.0771" lon="-8.077003">
        <ele>144.97</ele>
      </trkpt>
      <trkpt lat="41.077051" lon="-8.076925">
        <ele>144.42</ele>
      </trkpt>
      <trkpt lat="41.077" lon="-8.076845">
        <ele>143.84</ele>
      </trkpt>
      <trkpt lat="41.076775" lon="-8.076204">
        <ele>136.1</ele>
      </trkpt>
      <trkpt lat="41.076667" lon="-8.076059">
        <ele>133.69</ele>
      </trkpt>
      <trkpt lat="41.076548" lon="-8.075997">
        <ele>134.14</ele>
      </trkpt>
      <trkpt lat="41.076164" lon="-8.075766">
        <ele>134.24</ele>
      </trkpt>
      <trkpt lat="41.075933" lon="-8.075553">
        <ele>132.82</ele>
      </trkpt>
      <trkpt lat="41.075706" lon="-8.075254">
        <ele>130.51</ele>
      </trkpt>
      <trkpt lat="41.075607" lon="-8.075068">
        <ele>129.47</ele>
      </trkpt>
      <trkpt lat="41.075527" lon="-8.074807">
        <ele>127.85</ele>
      </trkpt>
      <trkpt lat="41.07544" lon="-8.074581">
        <ele>125.53</ele>
      </trkpt>
      <trkpt lat="41.075363" lon="-8.07447">
        <ele>124.43</ele>
      </trkpt>
      <trkpt lat="41.075285" lon="-8.074395">
        <ele>124.06</ele>
      </trkpt>
      <trkpt lat="41.075197" lon="-8.074372">
        <ele>123.91</ele>
      </trkpt>
      <trkpt lat="41.074952" lon="-8.074421">
        <ele>125.62</ele>
      </trkpt>
      <trkpt lat="41.074846" lon="-8.07438">
        <ele>125.42</ele>
      </trkpt>
      <trkpt lat="41.074731" lon="-8.074273">
        <ele>123.21</ele>
      </trkpt>
      <trkpt lat="41.074281" lon="-8.07389">
        <ele>118</ele>
      </trkpt>
      <trkpt lat="41.074055" lon="-8.073699">
        <ele>117.71</ele>
      </trkpt>
      <trkpt lat="41.073886" lon="-8.073468">
        <ele>117.11</ele>
      </trkpt>
      <trkpt lat="41.073796" lon="-8.073293">
        <ele>116.49</ele>
      </trkpt>
      <trkpt lat="41.073677" lon="-8.073107">
        <ele>115.48</ele>
      </trkpt>
      <trkpt lat="41.073556" lon="-8.07302">
        <ele>114.69</ele>
      </trkpt>
      <trkpt lat="41.073476" lon="-8.073003">
        <ele>114.39</ele>
      </trkpt>
      <trkpt lat="41.073368" lon="-8.073026">
        <ele>114.11</ele>
      </trkpt>
      <trkpt lat="41.073286" lon="-8.073071">
        <ele>114.07</ele>
      </trkpt>
      <trkpt lat="41.073125" lon="-8.073186">
        <ele>114.41</ele>
      </trkpt>
      <trkpt lat="41.073034" lon="-8.073197">
        <ele>113.7</ele>
      </trkpt>
      <trkpt lat="41.07292" lon="-8.073122">
        <ele>112.07</ele>
      </trkpt>
      <trkpt lat="41.072255" lon="-8.072511">
        <ele>105.88</ele>
      </trkpt>
      <trkpt lat="41.072134" lon="-8.072409">
        <ele>103.99</ele>
      </trkpt>
      <trkpt lat="41.07146" lon="-8.072153">
        <ele>106.28</ele>
      </trkpt>
      <trkpt lat="41.071425" lon="-8.072128">
        <ele>106.38</ele>
      </trkpt>
      <trkpt lat="41.071361" lon="-8.072052">
        <ele>106.09</ele>
      </trkpt>
      <trkpt lat="41.071331" lon="-8.071976">
        <ele>105.2</ele>
      </trkpt>
      <trkpt lat="41.071327" lon="-8.071893">
        <ele>103.82</ele>
      </trkpt>
      <trkpt lat="41.071348" lon="-8.071764">
        <ele>101.24</ele>
      </trkpt>
      <trkpt lat="41.071378" lon="-8.0717">
        <ele>99.65</ele>
      </trkpt>
      <trkpt lat="41.071438" lon="-8.071642">
        <ele>97.67</ele>
      </trkpt>
      <trkpt lat="41.071517" lon="-8.071612">
        <ele>95.69</ele>
      </trkpt>
      <trkpt lat="41.071606" lon="-8.071617">
        <ele>94.43</ele>
      </trkpt>
      <trkpt lat="41.071695" lon="-8.071665">
        <ele>93.71</ele>
      </trkpt>
      <trkpt lat="41.07179" lon="-8.071746">
        <ele>93.43</ele>
      </trkpt>
      <trkpt lat="41.071998" lon="-8.071951">
        <ele>93.36</ele>
      </trkpt>
      <trkpt lat="41.072101" lon="-8.072017">
        <ele>93.16</ele>
      </trkpt>
      <trkpt lat="41.072217" lon="-8.072058">
        <ele>92.57</ele>
      </trkpt>
      <trkpt lat="41.072522" lon="-8.072143">
        <ele>90.34</ele>
      </trkpt>
      <trkpt lat="41.072698" lon="-8.072175">
        <ele>89.93</ele>
      </trkpt>
      <trkpt lat="41.072794" lon="-8.07215">
        <ele>89.36</ele>
      </trkpt>
      <trkpt lat="41.07283" lon="-8.072128">
        <ele>89.2</ele>
      </trkpt>
      <trkpt lat="41.072987" lon="-8.071981">
        <ele>86.85</ele>
      </trkpt>
      <trkpt lat="41.073049" lon="-8.071945">
        <ele>86.48</ele>
      </trkpt>
      <trkpt lat="41.073095" lon="-8.071934">
        <ele>86.47</ele>
      </trkpt>
      <trkpt lat="41.073916" lon="-8.071856">
        <ele>84.64</ele>
      </trkpt>
      <trkpt lat="41.073988" lon="-8.071855">
        <ele>84.49</ele>
      </trkpt>
      <trkpt lat="41.074277" lon="-8.071885">
        <ele>83.02</ele>
      </trkpt>
      <trkpt lat="41.074404" lon="-8.071814">
        <ele>80.77</ele>
      </trkpt>
      <trkpt lat="41.074421" lon="-8.071742">
        <ele>80</ele>
      </trkpt>
      <trkpt lat="41.074442" lon="-8.071648">
        <ele>79</ele>
      </trkpt>
      <trkpt lat="41.074446" lon="-8.071256">
        <ele>84.47</ele>
      </trkpt>
      <trkpt lat="41.074477" lon="-8.071158">
        <ele>87.54</ele>
      </trkpt>
      <trkpt lat="41.074531" lon="-8.071097">
        <ele>90.54</ele>
      </trkpt>
      <trkpt lat="41.074563" lon="-8.071077">
        <ele>91.7</ele>
      </trkpt>
      <trkpt lat="41.074654" lon="-8.071052">
        <ele>93.54</ele>
      </trkpt>
      <trkpt lat="41.074696" lon="-8.071049">
        <ele>93.95</ele>
      </trkpt>
      <trkpt lat="41.074778" lon="-8.071064">
        <ele>93.63</ele>
      </trkpt>
      <trkpt lat="41.074921" lon="-8.071123">
        <ele>90.14</ele>
      </trkpt>
      <trkpt lat="41.075018" lon="-8.07115">
        <ele>87.61</ele>
      </trkpt>
      <trkpt lat="41.075106" lon="-8.071149">
        <ele>85.63</ele>
      </trkpt>
      <trkpt lat="41.075217" lon="-8.071127">
        <ele>83.81</ele>
      </trkpt>
      <trkpt lat="41.075268" lon="-8.071097">
        <ele>83.69</ele>
      </trkpt>
      <trkpt lat="41.075735" lon="-8.070704">
        <ele>85.86</ele>
      </trkpt>
      <trkpt lat="41.075845" lon="-8.07063">
        <ele>85.64</ele>
      </trkpt>
      <trkpt lat="41.076132" lon="-8.070474">
        <ele>82.97</ele>
      </trkpt>
      <trkpt lat="41.076256" lon="-8.070388">
        <ele>80.85</ele>
      </trkpt>
      <trkpt lat="41.076312" lon="-8.070324">
        <ele>80.07</ele>
      </trkpt>
      <trkpt lat="41.076359" lon="-8.070248">
        <ele>79.55</ele>
      </trkpt>
      <trkpt lat="41.076489" lon="-8.069951">
        <ele>80.57</ele>
      </trkpt>
      <trkpt lat="41.076547" lon="-8.069864">
        <ele>81.58</ele>
      </trkpt>
      <trkpt lat="41.076616" lon="-8.069799">
        <ele>82.34</ele>
      </trkpt>
      <trkpt lat="41.076711" lon="-8.069749">
        <ele>82.58</ele>
      </trkpt>
      <trkpt lat="41.076952" lon="-8.06965">
        <ele>85.17</ele>
      </trkpt>
      <trkpt lat="41.077076" lon="-8.069638">
        <ele>86.78</ele>
      </trkpt>
      <trkpt lat="41.077124" lon="-8.069655">
        <ele>86.99</ele>
      </trkpt>
      <trkpt lat="41.07721" lon="-8.069738">
        <ele>85.89</ele>
      </trkpt>
      <trkpt lat="41.077343" lon="-8.069916">
        <ele>86.48</ele>
      </trkpt>
      <trkpt lat="41.077425" lon="-8.069999">
        <ele>87.99</ele>
      </trkpt>
      <trkpt lat="41.077576" lon="-8.070128">
        <ele>89.92</ele>
      </trkpt>
      <trkpt lat="41.077636" lon="-8.070196">
        <ele>90.17</ele>
      </trkpt>
      <trkpt lat="41.077734" lon="-8.070376">
        <ele>89</ele>
      </trkpt>
      <trkpt lat="41.077808" lon="-8.070584">
        <ele>87.64</ele>
      </trkpt>
      <trkpt lat="41.077912" lon="-8.071061">
        <ele>85.86</ele>
      </trkpt>
      <trkpt lat="41.077953" lon="-8.071208">
        <ele>86.13</ele>
      </trkpt>
      <trkpt lat="41.078047" lon="-8.071544">
        <ele>86.72</ele>
      </trkpt>
      <trkpt lat="41.078057" lon="-8.071708">
        <ele>85.36</ele>
      </trkpt>
      <trkpt lat="41.078039" lon="-8.07192">
        <ele>82.91</ele>
      </trkpt>
      <trkpt lat="41.077997" lon="-8.072119">
        <ele>79.51</ele>
      </trkpt>
      <trkpt lat="41.077889" lon="-8.072469">
        <ele>74.26</ele>
      </trkpt>
      <trkpt lat="41.077878" lon="-8.072586">
        <ele>74.28</ele>
      </trkpt>
      <trkpt lat="41.077936" lon="-8.072774">
        <ele>76.76</ele>
      </trkpt>
      <trkpt lat="41.078082" lon="-8.072981">
        <ele>79.79</ele>
      </trkpt>
      <trkpt lat="41.07859" lon="-8.073648">
        <ele>78.94</ele>
      </trkpt>
      <trkpt lat="41.079127" lon="-8.074378">
        <ele>83.04</ele>
      </trkpt>
      <trkpt lat="41.079372" lon="-8.074564">
        <ele>86.4</ele>
      </trkpt>
      <trkpt lat="41.079594" lon="-8.074656">
        <ele>86.81</ele>
      </trkpt>
      <trkpt lat="41.080642" lon="-8.074917">
        <ele>85.04</ele>
      </trkpt>
      <trkpt lat="41.081101" lon="-8.075034">
        <ele>86.75</ele>
      </trkpt>
      <trkpt lat="41.081666" lon="-8.075208">
        <ele>83.14</ele>
      </trkpt>
      <trkpt lat="41.081863" lon="-8.075371">
        <ele>79.1</ele>
      </trkpt>
      <trkpt lat="41.082109" lon="-8.075555">
        <ele>74.44</ele>
      </trkpt>
      <trkpt lat="41.082396" lon="-8.075586">
        <ele>76.45</ele>
      </trkpt>
      <trkpt lat="41.082682" lon="-8.075617">
        <ele>75.85</ele>
      </trkpt>
      <trkpt lat="41.083026" lon="-8.075526">
        <ele>77.57</ele>
      </trkpt>
      <trkpt lat="41.083324" lon="-8.075416">
        <ele>75.73</ele>
      </trkpt>
      <trkpt lat="41.083463" lon="-8.075291">
        <ele>75.96</ele>
      </trkpt>
      <trkpt lat="41.083521" lon="-8.075285">
        <ele>75.27</ele>
      </trkpt>
      <trkpt lat="41.083634" lon="-8.075323">
        <ele>75.21</ele>
      </trkpt>
      <trkpt lat="41.083802" lon="-8.075567">
        <ele>74.15</ele>
      </trkpt>
      <trkpt lat="41.08394" lon="-8.075706">
        <ele>75.09</ele>
      </trkpt>
      <trkpt lat="41.08398" lon="-8.075734">
        <ele>75.1</ele>
      </trkpt>
      <trkpt lat="41.084015" lon="-8.075758">
        <ele>75.11</ele>
      </trkpt>
      <trkpt lat="41.084438" lon="-8.075859">
        <ele>74.82</ele>
      </trkpt>
      <trkpt lat="41.084596" lon="-8.07586">
        <ele>75.11</ele>
      </trkpt>
      <trkpt lat="41.084938" lon="-8.075775">
        <ele>74.93</ele>
      </trkpt>
      <trkpt lat="41.085267" lon="-8.075713">
        <ele>75.68</ele>
      </trkpt>
      <trkpt lat="41.085515" lon="-8.075677">
        <ele>75.87</ele>
      </trkpt>
      <trkpt lat="41.08563" lon="-8.075681">
        <ele>74.28</ele>
      </trkpt>
      <trkpt lat="41.085699" lon="-8.075713">
        <ele>73.49</ele>
      </trkpt>
      <trkpt lat="41.085787" lon="-8.075819">
        <ele>71.68</ele>
      </trkpt>
      <trkpt lat="41.086053" lon="-8.076483">
        <ele>71.08</ele>
      </trkpt>
      <trkpt lat="41.086159" lon="-8.076637">
        <ele>72.34</ele>
      </trkpt>
      <trkpt lat="41.086631" lon="-8.077022">
        <ele>74.27</ele>
      </trkpt>
      <trkpt lat="41.086995" lon="-8.077199">
        <ele>72.28</ele>
      </trkpt>
      <trkpt lat="41.087491" lon="-8.077416">
        <ele>69.25</ele>
      </trkpt>
      <trkpt lat="41.087622" lon="-8.07745">
        <ele>68.17</ele>
      </trkpt>
      <trkpt lat="41.087829" lon="-8.077466">
        <ele>68.01</ele>
      </trkpt>
      <trkpt lat="41.088059" lon="-8.077509">
        <ele>65.04</ele>
      </trkpt>
      <trkpt lat="41.088195" lon="-8.077603">
        <ele>64.28</ele>
      </trkpt>
      <trkpt lat="41.088599" lon="-8.077989">
        <ele>64.69</ele>
      </trkpt>
      <trkpt lat="41.089003" lon="-8.078376">
        <ele>61.89</ele>
      </trkpt>
      <trkpt lat="41.089253" lon="-8.078627">
        <ele>61.58</ele>
      </trkpt>
      <trkpt lat="41.089318" lon="-8.078676">
        <ele>61.82</ele>
      </trkpt>
      <trkpt lat="41.08939" lon="-8.0787">
        <ele>62.1</ele>
      </trkpt>
      <trkpt lat="41.089465" lon="-8.078697">
        <ele>62.19</ele>
      </trkpt>
      <trkpt lat="41.089536" lon="-8.078668">
        <ele>62.59</ele>
      </trkpt>
      <trkpt lat="41.089809" lon="-8.078402">
        <ele>66.37</ele>
      </trkpt>
      <trkpt lat="41.090084" lon="-8.078131">
        <ele>67.39</ele>
      </trkpt>
      <trkpt lat="41.09016" lon="-8.077971">
        <ele>68.04</ele>
      </trkpt>
      <trkpt lat="41.090323" lon="-8.077503">
        <ele>70.82</ele>
      </trkpt>
      <trkpt lat="41.090415" lon="-8.077291">
        <ele>73.31</ele>
      </trkpt>
      <trkpt lat="41.090637" lon="-8.076988">
        <ele>76.91</ele>
      </trkpt>
      <trkpt lat="41.090706" lon="-8.076868">
        <ele>76.96</ele>
      </trkpt>
      <trkpt lat="41.090739" lon="-8.076734">
        <ele>77.83</ele>
      </trkpt>
      <trkpt lat="41.090733" lon="-8.076622">
        <ele>78.37</ele>
      </trkpt>
      <trkpt lat="41.090727" lon="-8.076491">
        <ele>79</ele>
      </trkpt>
      <trkpt lat="41.090703" lon="-8.076357">
        <ele>79</ele>
      </trkpt>
      <trkpt lat="41.090356" lon="-8.075219">
        <ele>85.65</ele>
      </trkpt>
      <trkpt lat="41.090221" lon="-8.074804">
        <ele>87.99</ele>
      </trkpt>
      <trkpt lat="41.090084" lon="-8.074338">
        <ele>89.14</ele>
      </trkpt>
      <trkpt lat="41.090059" lon="-8.074181">
        <ele>90.07</ele>
      </trkpt>
      <trkpt lat="41.090048" lon="-8.074031">
        <ele>91.42</ele>
      </trkpt>
      <trkpt lat="41.090079" lon="-8.073749">
        <ele>94.44</ele>
      </trkpt>
      <trkpt lat="41.09008" lon="-8.073634">
        <ele>95.55</ele>
      </trkpt>
      <trkpt lat="41.089954" lon="-8.072694">
        <ele>96.86</ele>
      </trkpt>
      <trkpt lat="41.089982" lon="-8.072351">
        <ele>98.98</ele>
      </trkpt>
      <trkpt lat="41.090017" lon="-8.072017">
        <ele>102.74</ele>
      </trkpt>
      <trkpt lat="41.09001" lon="-8.071841">
        <ele>103.97</ele>
      </trkpt>
      <trkpt lat="41.089987" lon="-8.07166">
        <ele>104.28</ele>
      </trkpt>
      <trkpt lat="41.089964" lon="-8.071295">
        <ele>105.25</ele>
      </trkpt>
      <trkpt lat="41.090039" lon="-8.070902">
        <ele>109.72</ele>
      </trkpt>
      <trkpt lat="41.09012" lon="-8.070607">
        <ele>111.61</ele>
      </trkpt>
      <trkpt lat="41.09013" lon="-8.070424">
        <ele>111.27</ele>
      </trkpt>
      <trkpt lat="41.090117" lon="-8.07026">
        <ele>112.3</ele>
      </trkpt>
      <trkpt lat="41.090004" lon="-8.069619">
        <ele>116.31</ele>
      </trkpt>
      <trkpt lat="41.089922" lon="-8.069109">
        <ele>117.98</ele>
      </trkpt>
      <trkpt lat="41.089917" lon="-8.068915">
        <ele>118.99</ele>
      </trkpt>
      <trkpt lat="41.089967" lon="-8.068731">
        <ele>120.66</ele>
      </trkpt>
      <trkpt lat="41.09028" lon="-8.068273">
        <ele>123.49</ele>
      </trkpt>
      <trkpt lat="41.090334" lon="-8.068154">
        <ele>124.39</ele>
      </trkpt>
      <trkpt lat="41.090355" lon="-8.068075">
        <ele>125.35</ele>
      </trkpt>
      <trkpt lat="41.090359" lon="-8.067888">
        <ele>125.93</ele>
      </trkpt>
      <trkpt lat="41.090342" lon="-8.067794">
        <ele>125.22</ele>
      </trkpt>
      <trkpt lat="41.090313" lon="-8.067705">
        <ele>125.57</ele>
      </trkpt>
      <trkpt lat="41.090131" lon="-8.067383">
        <ele>128.92</ele>
      </trkpt>
      <trkpt lat="41.090081" lon="-8.067228">
        <ele>129.68</ele>
      </trkpt>
      <trkpt lat="41.090063" lon="-8.067037">
        <ele>130.35</ele>
      </trkpt>
      <trkpt lat="41.090059" lon="-8.066469">
        <ele>132.29</ele>
      </trkpt>
      <trkpt lat="41.090023" lon="-8.066141">
        <ele>135.55</ele>
      </trkpt>
      <trkpt lat="41.089929" lon="-8.065305">
        <ele>138.28</ele>
      </trkpt>
      <trkpt lat="41.089897" lon="-8.065122">
        <ele>140.31</ele>
      </trkpt>
      <trkpt lat="41.089855" lon="-8.064987">
        <ele>140.92</ele>
      </trkpt>
      <trkpt lat="41.08979" lon="-8.064858">
        <ele>142.11</ele>
      </trkpt>
      <trkpt lat="41.089715" lon="-8.06477">
        <ele>142.52</ele>
      </trkpt>
      <trkpt lat="41.089548" lon="-8.064647">
        <ele>143.84</ele>
      </trkpt>
      <trkpt lat="41.089383" lon="-8.064559">
        <ele>144.26</ele>
      </trkpt>
      <trkpt lat="41.089043" lon="-8.064328">
        <ele>147.3</ele>
      </trkpt>
      <trkpt lat="41.088599" lon="-8.064018">
        <ele>148.39</ele>
      </trkpt>
      <trkpt lat="41.088476" lon="-8.063946">
        <ele>149.1</ele>
      </trkpt>
      <trkpt lat="41.088415" lon="-8.063919">
        <ele>148.48</ele>
      </trkpt>
      <trkpt lat="41.088272" lon="-8.063906">
        <ele>148.54</ele>
      </trkpt>
      <trkpt lat="41.088133" lon="-8.063848">
        <ele>149.26</ele>
      </trkpt>
      <trkpt lat="41.088031" lon="-8.063729">
        <ele>149.6</ele>
      </trkpt>
      <trkpt lat="41.087816" lon="-8.063386">
        <ele>148.14</ele>
      </trkpt>
      <trkpt lat="41.0876" lon="-8.063044">
        <ele>151.01</ele>
      </trkpt>
      <trkpt lat="41.087499" lon="-8.062754">
        <ele>151.55</ele>
      </trkpt>
      <trkpt lat="41.087559" lon="-8.062359">
        <ele>153.95</ele>
      </trkpt>
      <trkpt lat="41.087966" lon="-8.061529">
        <ele>155.34</ele>
      </trkpt>
      <trkpt lat="41.087993" lon="-8.061332">
        <ele>155.77</ele>
      </trkpt>
      <trkpt lat="41.087893" lon="-8.060895">
        <ele>154.27</ele>
      </trkpt>
      <trkpt lat="41.08786" lon="-8.060526">
        <ele>154.32</ele>
      </trkpt>
      <trkpt lat="41.087934" lon="-8.059863">
        <ele>154.59</ele>
      </trkpt>
      <trkpt lat="41.087735" lon="-8.059026">
        <ele>155.08</ele>
      </trkpt>
      <trkpt lat="41.08753" lon="-8.058349">
        <ele>155.7</ele>
      </trkpt>
      <trkpt lat="41.087399" lon="-8.05806">
        <ele>156.54</ele>
      </trkpt>
      <trkpt lat="41.087325" lon="-8.057718">
        <ele>155.9</ele>
      </trkpt>
      <trkpt lat="41.087251" lon="-8.057376">
        <ele>158.79</ele>
      </trkpt>
      <trkpt lat="41.087177" lon="-8.057033">
        <ele>159.1</ele>
      </trkpt>
      <trkpt lat="41.086995" lon="-8.056625">
        <ele>160.3</ele>
      </trkpt>
      <trkpt lat="41.086673" lon="-8.056169">
        <ele>161.2</ele>
      </trkpt>
      <trkpt lat="41.08638" lon="-8.054824">
        <ele>169.32</ele>
      </trkpt>
      <trkpt lat="41.086267" lon="-8.054303">
        <ele>171</ele>
      </trkpt>
      <trkpt lat="41.086273" lon="-8.054107">
        <ele>171.86</ele>
      </trkpt>
      <trkpt lat="41.086345" lon="-8.053907">
        <ele>172.59</ele>
      </trkpt>
      <trkpt lat="41.086965" lon="-8.053025">
        <ele>172.86</ele>
      </trkpt>
      <trkpt lat="41.08701" lon="-8.05284">
        <ele>175.42</ele>
      </trkpt>
      <trkpt lat="41.086993" lon="-8.052656">
        <ele>177.28</ele>
      </trkpt>
      <trkpt lat="41.086831" lon="-8.052208">
        <ele>178.81</ele>
      </trkpt>
      <trkpt lat="41.086816" lon="-8.051962">
        <ele>179.86</ele>
      </trkpt>
      <trkpt lat="41.086994" lon="-8.051238">
        <ele>183.07</ele>
      </trkpt>
      <trkpt lat="41.08697" lon="-8.051067">
        <ele>183.08</ele>
      </trkpt>
      <trkpt lat="41.086701" lon="-8.050354">
        <ele>184.22</ele>
      </trkpt>
      <trkpt lat="41.086711" lon="-8.050139">
        <ele>183.42</ele>
      </trkpt>
      <trkpt lat="41.086769" lon="-8.049982">
        <ele>184.58</ele>
      </trkpt>
      <trkpt lat="41.0869" lon="-8.049821">
        <ele>184.48</ele>
      </trkpt>
      <trkpt lat="41.087303" lon="-8.049445">
        <ele>184.52</ele>
      </trkpt>
      <trkpt lat="41.087508" lon="-8.04908">
        <ele>184.75</ele>
      </trkpt>
      <trkpt lat="41.087511" lon="-8.048883">
        <ele>185.74</ele>
      </trkpt>
      <trkpt lat="41.087465" lon="-8.048725">
        <ele>186.81</ele>
      </trkpt>
      <trkpt lat="41.087388" lon="-8.048642">
        <ele>188.02</ele>
      </trkpt>
      <trkpt lat="41.087267" lon="-8.048591">
        <ele>188.85</ele>
      </trkpt>
      <trkpt lat="41.086944" lon="-8.048682">
        <ele>190.2</ele>
      </trkpt>
      <trkpt lat="41.086822" lon="-8.048641">
        <ele>190.48</ele>
      </trkpt>
      <trkpt lat="41.086719" lon="-8.048519">
        <ele>191.4</ele>
      </trkpt>
      <trkpt lat="41.08667" lon="-8.04829">
        <ele>191.26</ele>
      </trkpt>
      <trkpt lat="41.086706" lon="-8.047931">
        <ele>192.03</ele>
      </trkpt>
      <trkpt lat="41.086727" lon="-8.047791">
        <ele>194.26</ele>
      </trkpt>
      <trkpt lat="41.086843" lon="-8.047009">
        <ele>194.73</ele>
      </trkpt>
      <trkpt lat="41.087002" lon="-8.045999">
        <ele>197.54</ele>
      </trkpt>
      <trkpt lat="41.086988" lon="-8.045809">
        <ele>197.77</ele>
      </trkpt>
      <trkpt lat="41.086901" lon="-8.045632">
        <ele>198.12</ele>
      </trkpt>
      <trkpt lat="41.086477" lon="-8.045206">
        <ele>201.04</ele>
      </trkpt>
      <trkpt lat="41.086053" lon="-8.044781">
        <ele>201.23</ele>
      </trkpt>
      <trkpt lat="41.085925" lon="-8.044726">
        <ele>202.48</ele>
      </trkpt>
      <trkpt lat="41.085475" lon="-8.044848">
        <ele>202.33</ele>
      </trkpt>
      <trkpt lat="41.085329" lon="-8.044836">
        <ele>202.92</ele>
      </trkpt>
      <trkpt lat="41.085203" lon="-8.044735">
        <ele>202.87</ele>
      </trkpt>
      <trkpt lat="41.085157" lon="-8.044677">
        <ele>203.03</ele>
      </trkpt>
      <trkpt lat="41.085006" lon="-8.044488">
        <ele>203.55</ele>
      </trkpt>
      <trkpt lat="41.084894" lon="-8.04432">
        <ele>203.32</ele>
      </trkpt>
      <trkpt lat="41.084835" lon="-8.04411">
        <ele>203.2</ele>
      </trkpt>
      <trkpt lat="41.084823" lon="-8.043942">
        <ele>203.46</ele>
      </trkpt>
      <trkpt lat="41.084867" lon="-8.04375">
        <ele>204.51</ele>
      </trkpt>
      <trkpt lat="41.084965" lon="-8.04354">
        <ele>204.99</ele>
      </trkpt>
      <trkpt lat="41.085222" lon="-8.043309">
        <ele>203.82</ele>
      </trkpt>
      <trkpt lat="41.085735" lon="-8.042847">
        <ele>204.72</ele>
      </trkpt>
      <trkpt lat="41.086055" lon="-8.042461">
        <ele>205.95</ele>
      </trkpt>
      <trkpt lat="41.086287" lon="-8.042273">
        <ele>205.74</ele>
      </trkpt>
      <trkpt lat="41.086637" lon="-8.0421">
        <ele>205.7</ele>
      </trkpt>
      <trkpt lat="41.087334" lon="-8.041813">
        <ele>205.66</ele>
      </trkpt>
      <trkpt lat="41.087798" lon="-8.041622">
        <ele>207.66</ele>
      </trkpt>
      <trkpt lat="41.08793" lon="-8.041461">
        <ele>208.02</ele>
      </trkpt>
      <trkpt lat="41.088001" lon="-8.04126">
        <ele>208.1</ele>
      </trkpt>
      <trkpt lat="41.088015" lon="-8.040908">
        <ele>208.34</ele>
      </trkpt>
      <trkpt lat="41.08789" lon="-8.039413">
        <ele>207.4</ele>
      </trkpt>
      <trkpt lat="41.08785" lon="-8.039248">
        <ele>207.34</ele>
      </trkpt>
      <trkpt lat="41.087776" lon="-8.039097">
        <ele>206.76</ele>
      </trkpt>
      <trkpt lat="41.087748" lon="-8.039005">
        <ele>205.86</ele>
      </trkpt>
      <trkpt lat="41.087746" lon="-8.038849">
        <ele>204.91</ele>
      </trkpt>
      <trkpt lat="41.0878" lon="-8.038706">
        <ele>205.46</ele>
      </trkpt>
      <trkpt lat="41.08786" lon="-8.038625">
        <ele>206.01</ele>
      </trkpt>
      <trkpt lat="41.088798" lon="-8.038043">
        <ele>199.24</ele>
      </trkpt>
      <trkpt lat="41.089064" lon="-8.037875">
        <ele>195.58</ele>
      </trkpt>
      <trkpt lat="41.089366" lon="-8.037599">
        <ele>194.22</ele>
      </trkpt>
      <trkpt lat="41.08984" lon="-8.037127">
        <ele>189.66</ele>
      </trkpt>
      <trkpt lat="41.089947" lon="-8.037068">
        <ele>188.45</ele>
      </trkpt>
      <trkpt lat="41.09037" lon="-8.036991">
        <ele>187.36</ele>
      </trkpt>
      <trkpt lat="41.090654" lon="-8.036939">
        <ele>186.63</ele>
      </trkpt>
      <trkpt lat="41.090885" lon="-8.036842">
        <ele>186.29</ele>
      </trkpt>
      <trkpt lat="41.091091" lon="-8.036715">
        <ele>185.73</ele>
      </trkpt>
      <trkpt lat="41.091289" lon="-8.036514">
        <ele>186.22</ele>
      </trkpt>
      <trkpt lat="41.091404" lon="-8.036346">
        <ele>186.3</ele>
      </trkpt>
      <trkpt lat="41.091531" lon="-8.036057">
        <ele>185.22</ele>
      </trkpt>
      <trkpt lat="41.091581" lon="-8.035995">
        <ele>185.06</ele>
      </trkpt>
      <trkpt lat="41.09166" lon="-8.035953">
        <ele>184.83</ele>
      </trkpt>
      <trkpt lat="41.091904" lon="-8.035884">
        <ele>184.72</ele>
      </trkpt>
      <trkpt lat="41.092092" lon="-8.035794">
        <ele>184.42</ele>
      </trkpt>
      <trkpt lat="41.092357" lon="-8.035581">
        <ele>182.94</ele>
      </trkpt>
      <trkpt lat="41.092811" lon="-8.034974">
        <ele>180.07</ele>
      </trkpt>
      <trkpt lat="41.09298" lon="-8.034674">
        <ele>178.77</ele>
      </trkpt>
      <trkpt lat="41.093033" lon="-8.034537">
        <ele>177.88</ele>
      </trkpt>
      <trkpt lat="41.093227" lon="-8.033837">
        <ele>175.35</ele>
      </trkpt>
      <trkpt lat="41.093272" lon="-8.033567">
        <ele>173.64</ele>
      </trkpt>
      <trkpt lat="41.093276" lon="-8.033103">
        <ele>173.64</ele>
      </trkpt>
      <trkpt lat="41.093296" lon="-8.032736">
        <ele>171.67</ele>
      </trkpt>
      <trkpt lat="41.093316" lon="-8.03237">
        <ele>172.44</ele>
      </trkpt>
      <trkpt lat="41.093335" lon="-8.032191">
        <ele>172.53</ele>
      </trkpt>
      <trkpt lat="41.09339" lon="-8.031956">
        <ele>170.83</ele>
      </trkpt>
      <trkpt lat="41.0935" lon="-8.031711">
        <ele>169.72</ele>
      </trkpt>
      <trkpt lat="41.093755" lon="-8.031357">
        <ele>169.22</ele>
      </trkpt>
      <trkpt lat="41.093868" lon="-8.031177">
        <ele>167.86</ele>
      </trkpt>
      <trkpt lat="41.09409" lon="-8.0304">
        <ele>163.41</ele>
      </trkpt>
      <trkpt lat="41.0941" lon="-8.030246">
        <ele>163.4</ele>
      </trkpt>
      <trkpt lat="41.094081" lon="-8.03009">
        <ele>162.26</ele>
      </trkpt>
      <trkpt lat="41.094036" lon="-8.029928">
        <ele>161.31</ele>
      </trkpt>
      <trkpt lat="41.093941" lon="-8.029764">
        <ele>160.06</ele>
      </trkpt>
      <trkpt lat="41.093817" lon="-8.029645">
        <ele>159.98</ele>
      </trkpt>
      <trkpt lat="41.093644" lon="-8.029565">
        <ele>159.24</ele>
      </trkpt>
      <trkpt lat="41.093214" lon="-8.029469">
        <ele>155.75</ele>
      </trkpt>
      <trkpt lat="41.092904" lon="-8.029399">
        <ele>157.08</ele>
      </trkpt>
      <trkpt lat="41.092633" lon="-8.029309">
        <ele>154.42</ele>
      </trkpt>
      <trkpt lat="41.092015" lon="-8.029034">
        <ele>150.86</ele>
      </trkpt>
      <trkpt lat="41.091727" lon="-8.028933">
        <ele>148.6</ele>
      </trkpt>
      <trkpt lat="41.091066" lon="-8.028797">
        <ele>150.64</ele>
      </trkpt>
      <trkpt lat="41.090881" lon="-8.028686">
        <ele>148.91</ele>
      </trkpt>
      <trkpt lat="41.090655" lon="-8.028454">
        <ele>146.87</ele>
      </trkpt>
      <trkpt lat="41.089978" lon="-8.027759">
        <ele>145.25</ele>
      </trkpt>
      <trkpt lat="41.089753" lon="-8.027528">
        <ele>146.48</ele>
      </trkpt>
      <trkpt lat="41.089527" lon="-8.027296">
        <ele>144.73</ele>
      </trkpt>
      <trkpt lat="41.089301" lon="-8.027064">
        <ele>147.49</ele>
      </trkpt>
      <trkpt lat="41.089216" lon="-8.026817">
        <ele>145.77</ele>
      </trkpt>
      <trkpt lat="41.089148" lon="-8.02612">
        <ele>143.89</ele>
      </trkpt>
      <trkpt lat="41.089057" lon="-8.025778">
        <ele>144.21</ele>
      </trkpt>
      <trkpt lat="41.088951" lon="-8.025631">
        <ele>144.87</ele>
      </trkpt>
      <trkpt lat="41.088806" lon="-8.025542">
        <ele>143.72</ele>
      </trkpt>
      <trkpt lat="41.08837" lon="-8.025484">
        <ele>141.6</ele>
      </trkpt>
      <trkpt lat="41.08798" lon="-8.025255">
        <ele>141.76</ele>
      </trkpt>
      <trkpt lat="41.087786" lon="-8.025179">
        <ele>140.24</ele>
      </trkpt>
      <trkpt lat="41.08763" lon="-8.025149">
        <ele>138.64</ele>
      </trkpt>
      <trkpt lat="41.087484" lon="-8.025163">
        <ele>137.39</ele>
      </trkpt>
      <trkpt lat="41.087331" lon="-8.025211">
        <ele>134.86</ele>
      </trkpt>
      <trkpt lat="41.086793" lon="-8.025576">
        <ele>130.98</ele>
      </trkpt>
      <trkpt lat="41.086523" lon="-8.025758">
        <ele>131.6</ele>
      </trkpt>
      <trkpt lat="41.086331" lon="-8.025851">
        <ele>131.73</ele>
      </trkpt>
      <trkpt lat="41.085501" lon="-8.025945">
        <ele>131.42</ele>
      </trkpt>
      <trkpt lat="41.085311" lon="-8.025918">
        <ele>130.88</ele>
      </trkpt>
      <trkpt lat="41.084905" lon="-8.025819">
        <ele>132.18</ele>
      </trkpt>
      <trkpt lat="41.084776" lon="-8.025758">
        <ele>131.16</ele>
      </trkpt>
      <trkpt lat="41.084546" lon="-8.02543">
        <ele>131.39</ele>
      </trkpt>
      <trkpt lat="41.08443" lon="-8.02527">
        <ele>129.22</ele>
      </trkpt>
      <trkpt lat="41.084233" lon="-8.025169">
        <ele>128.56</ele>
      </trkpt>
      <trkpt lat="41.083792" lon="-8.025084">
        <ele>126.98</ele>
      </trkpt>
      <trkpt lat="41.083383" lon="-8.025102">
        <ele>127.28</ele>
      </trkpt>
      <trkpt lat="41.083286" lon="-8.02508">
        <ele>125.99</ele>
      </trkpt>
      <trkpt lat="41.083215" lon="-8.024987">
        <ele>122.66</ele>
      </trkpt>
      <trkpt lat="41.083173" lon="-8.024883">
        <ele>122.58</ele>
      </trkpt>
      <trkpt lat="41.083123" lon="-8.024551">
        <ele>122.33</ele>
      </trkpt>
      <trkpt lat="41.083127" lon="-8.024423">
        <ele>122.24</ele>
      </trkpt>
      <trkpt lat="41.083167" lon="-8.024315">
        <ele>122.15</ele>
      </trkpt>
      <trkpt lat="41.083219" lon="-8.024231">
        <ele>123.51</ele>
      </trkpt>
      <trkpt lat="41.083301" lon="-8.024181">
        <ele>123.64</ele>
      </trkpt>
      <trkpt lat="41.083407" lon="-8.02415">
        <ele>123.97</ele>
      </trkpt>
      <trkpt lat="41.083904" lon="-8.02409">
        <ele>120.11</ele>
      </trkpt>
      <trkpt lat="41.084153" lon="-8.02406">
        <ele>119.76</ele>
      </trkpt>
      <trkpt lat="41.08448" lon="-8.024075">
        <ele>117.47</ele>
      </trkpt>
      <trkpt lat="41.084806" lon="-8.02409">
        <ele>120.35</ele>
      </trkpt>
      <trkpt lat="41.084996" lon="-8.024164">
        <ele>120.16</ele>
      </trkpt>
      <trkpt lat="41.08532" lon="-8.024335">
        <ele>121.21</ele>
      </trkpt>
      <trkpt lat="41.085441" lon="-8.024363">
        <ele>118.59</ele>
      </trkpt>
      <trkpt lat="41.085982" lon="-8.024325">
        <ele>114.34</ele>
      </trkpt>
      <trkpt lat="41.086112" lon="-8.024285">
        <ele>116</ele>
      </trkpt>
      <trkpt lat="41.086191" lon="-8.024208">
        <ele>117.65</ele>
      </trkpt>
      <trkpt lat="41.086276" lon="-8.024081">
        <ele>117.83</ele>
      </trkpt>
      <trkpt lat="41.086463" lon="-8.023513">
        <ele>116.67</ele>
      </trkpt>
      <trkpt lat="41.086595" lon="-8.023324">
        <ele>114.66</ele>
      </trkpt>
      <trkpt lat="41.086665" lon="-8.023262">
        <ele>113.92</ele>
      </trkpt>
      <trkpt lat="41.086791" lon="-8.023204">
        <ele>112.92</ele>
      </trkpt>
      <trkpt lat="41.086966" lon="-8.023195">
        <ele>111.18</ele>
      </trkpt>
      <trkpt lat="41.08737" lon="-8.023257">
        <ele>110.37</ele>
      </trkpt>
      <trkpt lat="41.087772" lon="-8.023318">
        <ele>109.56</ele>
      </trkpt>
      <trkpt lat="41.087989" lon="-8.023324">
        <ele>107.15</ele>
      </trkpt>
      <trkpt lat="41.088207" lon="-8.02333">
        <ele>107.81</ele>
      </trkpt>
      <trkpt lat="41.088342" lon="-8.023402">
        <ele>108.34</ele>
      </trkpt>
      <trkpt lat="41.088561" lon="-8.023578">
        <ele>106.45</ele>
      </trkpt>
      <trkpt lat="41.088683" lon="-8.023608">
        <ele>105.9</ele>
      </trkpt>
      <trkpt lat="41.089241" lon="-8.023681">
        <ele>108.49</ele>
      </trkpt>
      <trkpt lat="41.08952" lon="-8.023717">
        <ele>107.26</ele>
      </trkpt>
      <trkpt lat="41.08969" lon="-8.02376">
        <ele>107.76</ele>
      </trkpt>
      <trkpt lat="41.089879" lon="-8.023868">
        <ele>108.68</ele>
      </trkpt>
      <trkpt lat="41.090062" lon="-8.023993">
        <ele>109.74</ele>
      </trkpt>
      <trkpt lat="41.090191" lon="-8.024117">
        <ele>108.02</ele>
      </trkpt>
      <trkpt lat="41.090351" lon="-8.024325">
        <ele>108.44</ele>
      </trkpt>
      <trkpt lat="41.090614" lon="-8.02486">
        <ele>110.05</ele>
      </trkpt>
      <trkpt lat="41.09078" lon="-8.025061">
        <ele>108.86</ele>
      </trkpt>
      <trkpt lat="41.0911" lon="-8.02529">
        <ele>105.68</ele>
      </trkpt>
      <trkpt lat="41.09128" lon="-8.025409">
        <ele>105.41</ele>
      </trkpt>
      <trkpt lat="41.091457" lon="-8.025495">
        <ele>105.92</ele>
      </trkpt>
      <trkpt lat="41.091605" lon="-8.025615">
        <ele>104.94</ele>
      </trkpt>
      <trkpt lat="41.091837" lon="-8.025863">
        <ele>103.25</ele>
      </trkpt>
      <trkpt lat="41.091931" lon="-8.025987">
        <ele>102.85</ele>
      </trkpt>
      <trkpt lat="41.092081" lon="-8.026265">
        <ele>102.23</ele>
      </trkpt>
      <trkpt lat="41.092156" lon="-8.026333">
        <ele>102.84</ele>
      </trkpt>
      <trkpt lat="41.09224" lon="-8.026369">
        <ele>103.8</ele>
      </trkpt>
      <trkpt lat="41.09236" lon="-8.026388">
        <ele>103.85</ele>
      </trkpt>
      <trkpt lat="41.092754" lon="-8.026342">
        <ele>101.11</ele>
      </trkpt>
      <trkpt lat="41.093042" lon="-8.026345">
        <ele>99.78</ele>
      </trkpt>
      <trkpt lat="41.093495" lon="-8.02639">
        <ele>99.22</ele>
      </trkpt>
      <trkpt lat="41.093952" lon="-8.026486">
        <ele>97.99</ele>
      </trkpt>
      <trkpt lat="41.094082" lon="-8.026483">
        <ele>98.96</ele>
      </trkpt>
      <trkpt lat="41.094179" lon="-8.026425">
        <ele>101.16</ele>
      </trkpt>
      <trkpt lat="41.094265" lon="-8.026322">
        <ele>100.66</ele>
      </trkpt>
      <trkpt lat="41.094327" lon="-8.026154">
        <ele>99.43</ele>
      </trkpt>
      <trkpt lat="41.094392" lon="-8.025739">
        <ele>99.84</ele>
      </trkpt>
      <trkpt lat="41.094468" lon="-8.025527">
        <ele>97.76</ele>
      </trkpt>
      <trkpt lat="41.094527" lon="-8.025458">
        <ele>97.43</ele>
      </trkpt>
      <trkpt lat="41.094616" lon="-8.025354">
        <ele>96.93</ele>
      </trkpt>
      <trkpt lat="41.094845" lon="-8.025148">
        <ele>95.64</ele>
      </trkpt>
      <trkpt lat="41.094913" lon="-8.025012">
        <ele>96.12</ele>
      </trkpt>
      <trkpt lat="41.094968" lon="-8.024385">
        <ele>97.23</ele>
      </trkpt>
      <trkpt lat="41.095014" lon="-8.024229">
        <ele>93.9</ele>
      </trkpt>
      <trkpt lat="41.0951" lon="-8.024106">
        <ele>92.54</ele>
      </trkpt>
      <trkpt lat="41.095197" lon="-8.024026">
        <ele>94.1</ele>
      </trkpt>
      <trkpt lat="41.095472" lon="-8.023893">
        <ele>94.14</ele>
      </trkpt>
      <trkpt lat="41.095578" lon="-8.023799">
        <ele>95.82</ele>
      </trkpt>
      <trkpt lat="41.095726" lon="-8.023629">
        <ele>95.08</ele>
      </trkpt>
      <trkpt lat="41.096373" lon="-8.023148">
        <ele>95.92</ele>
      </trkpt>
      <trkpt lat="41.096536" lon="-8.02297">
        <ele>96.42</ele>
      </trkpt>
      <trkpt lat="41.096766" lon="-8.022531">
        <ele>95.8</ele>
      </trkpt>
      <trkpt lat="41.096961" lon="-8.021942">
        <ele>94.59</ele>
      </trkpt>
      <trkpt lat="41.097038" lon="-8.021673">
        <ele>94.82</ele>
      </trkpt>
      <trkpt lat="41.097086" lon="-8.021324">
        <ele>97.26</ele>
      </trkpt>
      <trkpt lat="41.097134" lon="-8.020975">
        <ele>94.16</ele>
      </trkpt>
      <trkpt lat="41.097182" lon="-8.020625">
        <ele>94.77</ele>
      </trkpt>
      <trkpt lat="41.097236" lon="-8.02046">
        <ele>93.79</ele>
      </trkpt>
      <trkpt lat="41.097296" lon="-8.020364">
        <ele>93.35</ele>
      </trkpt>
      <trkpt lat="41.097391" lon="-8.020293">
        <ele>93.74</ele>
      </trkpt>
      <trkpt lat="41.097684" lon="-8.020153">
        <ele>93.21</ele>
      </trkpt>
      <trkpt lat="41.097977" lon="-8.020012">
        <ele>89.79</ele>
      </trkpt>
      <trkpt lat="41.098066" lon="-8.019933">
        <ele>89.94</ele>
      </trkpt>
      <trkpt lat="41.098138" lon="-8.019805">
        <ele>90.51</ele>
      </trkpt>
      <trkpt lat="41.098317" lon="-8.019399">
        <ele>87.26</ele>
      </trkpt>
      <trkpt lat="41.098377" lon="-8.019141">
        <ele>89.03</ele>
      </trkpt>
      <trkpt lat="41.098395" lon="-8.018911">
        <ele>90.3</ele>
      </trkpt>
      <trkpt lat="41.098344" lon="-8.018096">
        <ele>88.93</ele>
      </trkpt>
      <trkpt lat="41.098337" lon="-8.017801">
        <ele>88.37</ele>
      </trkpt>
      <trkpt lat="41.098357" lon="-8.01761">
        <ele>87.46</ele>
      </trkpt>
      <trkpt lat="41.098421" lon="-8.017464">
        <ele>85.85</ele>
      </trkpt>
      <trkpt lat="41.098533" lon="-8.017382">
        <ele>84.7</ele>
      </trkpt>
      <trkpt lat="41.098649" lon="-8.01736">
        <ele>84.27</ele>
      </trkpt>
      <trkpt lat="41.098755" lon="-8.01741">
        <ele>82.81</ele>
      </trkpt>
      <trkpt lat="41.098994" lon="-8.017576">
        <ele>81.27</ele>
      </trkpt>
      <trkpt lat="41.099137" lon="-8.017617">
        <ele>81.53</ele>
      </trkpt>
      <trkpt lat="41.09928" lon="-8.017626">
        <ele>81.13</ele>
      </trkpt>
      <trkpt lat="41.099405" lon="-8.017583">
        <ele>82.1</ele>
      </trkpt>
      <trkpt lat="41.099523" lon="-8.017466">
        <ele>84.25</ele>
      </trkpt>
      <trkpt lat="41.09976" lon="-8.017168">
        <ele>83.69</ele>
      </trkpt>
      <trkpt lat="41.099885" lon="-8.016987">
        <ele>82.97</ele>
      </trkpt>
      <trkpt lat="41.100099" lon="-8.0167">
        <ele>83.28</ele>
      </trkpt>
      <trkpt lat="41.100253" lon="-8.016559">
        <ele>84.48</ele>
      </trkpt>
      <trkpt lat="41.100581" lon="-8.016368">
        <ele>84.25</ele>
      </trkpt>
      <trkpt lat="41.100667" lon="-8.016288">
        <ele>84.01</ele>
      </trkpt>
      <trkpt lat="41.10073" lon="-8.016174">
        <ele>85.12</ele>
      </trkpt>
      <trkpt lat="41.100824" lon="-8.015885">
        <ele>84.1</ele>
      </trkpt>
      <trkpt lat="41.100934" lon="-8.015762">
        <ele>81.05</ele>
      </trkpt>
      <trkpt lat="41.101266" lon="-8.015426">
        <ele>80.26</ele>
      </trkpt>
      <trkpt lat="41.101324" lon="-8.015319">
        <ele>78.97</ele>
      </trkpt>
      <trkpt lat="41.101353" lon="-8.0152">
        <ele>77.85</ele>
      </trkpt>
      <trkpt lat="41.101332" lon="-8.014701">
        <ele>77.07</ele>
      </trkpt>
      <trkpt lat="41.101312" lon="-8.014222">
        <ele>73.84</ele>
      </trkpt>
      <trkpt lat="41.101246" lon="-8.013219">
        <ele>66.61</ele>
      </trkpt>
      <trkpt lat="41.101241" lon="-8.012984">
        <ele>65.07</ele>
      </trkpt>
      <trkpt lat="41.101184" lon="-8.012803">
        <ele>64.74</ele>
      </trkpt>
      <trkpt lat="41.101079" lon="-8.012579">
        <ele>64.07</ele>
      </trkpt>
      <trkpt lat="41.100668" lon="-8.012103">
        <ele>61.29</ele>
      </trkpt>
      <trkpt lat="41.100586" lon="-8.011933">
        <ele>60.72</ele>
      </trkpt>
      <trkpt lat="41.10055" lon="-8.011773">
        <ele>57.65</ele>
      </trkpt>
      <trkpt lat="41.100606" lon="-8.010146">
        <ele>49.19</ele>
      </trkpt>
      <trkpt lat="41.100625" lon="-8.010027">
        <ele>49</ele>
      </trkpt>
      <trkpt lat="41.100661" lon="-8.009898">
        <ele>49.01</ele>
      </trkpt>
      <trkpt lat="41.100711" lon="-8.009793">
        <ele>48.92</ele>
      </trkpt>
      <trkpt lat="41.100798" lon="-8.009666">
        <ele>49.44</ele>
      </trkpt>
      <trkpt lat="41.100867" lon="-8.00961">
        <ele>49.77</ele>
      </trkpt>
      <trkpt lat="41.100953" lon="-8.009569">
        <ele>50.01</ele>
      </trkpt>
      <trkpt lat="41.101139" lon="-8.009534">
        <ele>50.33</ele>
      </trkpt>
      <trkpt lat="41.101227" lon="-8.009542">
        <ele>50.37</ele>
      </trkpt>
      <trkpt lat="41.10129" lon="-8.009559">
        <ele>50.19</ele>
      </trkpt>
      <trkpt lat="41.101352" lon="-8.009592">
        <ele>50.48</ele>
      </trkpt>
      <trkpt lat="41.101396" lon="-8.009635">
        <ele>50.89</ele>
      </trkpt>
      <trkpt lat="41.101478" lon="-8.009779">
        <ele>50.54</ele>
      </trkpt>
      <trkpt lat="41.10158" lon="-8.010062">
        <ele>52.93</ele>
      </trkpt>
      <trkpt lat="41.101621" lon="-8.010165">
        <ele>52.64</ele>
      </trkpt>
      <trkpt lat="41.101914" lon="-8.010569">
        <ele>56.75</ele>
      </trkpt>
      <trkpt lat="41.102027" lon="-8.010669">
        <ele>57.82</ele>
      </trkpt>
      <trkpt lat="41.102094" lon="-8.010688">
        <ele>58.42</ele>
      </trkpt>
      <trkpt lat="41.102182" lon="-8.010672">
        <ele>58.97</ele>
      </trkpt>
      <trkpt lat="41.102363" lon="-8.010609">
        <ele>59.97</ele>
      </trkpt>
      <trkpt lat="41.102501" lon="-8.010549">
        <ele>63.25</ele>
      </trkpt>
      <trkpt lat="41.102651" lon="-8.010455">
        <ele>63.51</ele>
      </trkpt>
      <trkpt lat="41.102753" lon="-8.010333">
        <ele>64.57</ele>
      </trkpt>
      <trkpt lat="41.102802" lon="-8.010249">
        <ele>65.05</ele>
      </trkpt>
      <trkpt lat="41.102837" lon="-8.010144">
        <ele>66.39</ele>
      </trkpt>
      <trkpt lat="41.102862" lon="-8.010038">
        <ele>66.6</ele>
      </trkpt>
      <trkpt lat="41.102898" lon="-8.009826">
        <ele>66.99</ele>
      </trkpt>
      <trkpt lat="41.102929" lon="-8.009521">
        <ele>67.69</ele>
      </trkpt>
      <trkpt lat="41.102912" lon="-8.009426">
        <ele>68.44</ele>
      </trkpt>
      <trkpt lat="41.102876" lon="-8.009347">
        <ele>69.33</ele>
      </trkpt>
      <trkpt lat="41.10279" lon="-8.009223">
        <ele>71</ele>
      </trkpt>
      <trkpt lat="41.102651" lon="-8.00903">
        <ele>70.6</ele>
      </trkpt>
      <trkpt lat="41.102484" lon="-8.008771">
        <ele>71.63</ele>
      </trkpt>
      <trkpt lat="41.102427" lon="-8.008641">
        <ele>72.13</ele>
      </trkpt>
      <trkpt lat="41.102409" lon="-8.008517">
        <ele>71.45</ele>
      </trkpt>
      <trkpt lat="41.10241" lon="-8.008435">
        <ele>71.22</ele>
      </trkpt>
      <trkpt lat="41.102431" lon="-8.008326">
        <ele>70.65</ele>
      </trkpt>
      <trkpt lat="41.102478" lon="-8.008194">
        <ele>70.39</ele>
      </trkpt>
      <trkpt lat="41.10253" lon="-8.008082">
        <ele>70.47</ele>
      </trkpt>
      <trkpt lat="41.102597" lon="-8.007893">
        <ele>71.85</ele>
      </trkpt>
      <trkpt lat="41.102619" lon="-8.007803">
        <ele>72.57</ele>
      </trkpt>
      <trkpt lat="41.102626" lon="-8.007718">
        <ele>73.43</ele>
      </trkpt>
      <trkpt lat="41.10261" lon="-8.007639">
        <ele>74.16</ele>
      </trkpt>
      <trkpt lat="41.102576" lon="-8.00756">
        <ele>74.91</ele>
      </trkpt>
      <trkpt lat="41.102527" lon="-8.007506">
        <ele>76.14</ele>
      </trkpt>
      <trkpt lat="41.102478" lon="-8.007471">
        <ele>76.44</ele>
      </trkpt>
      <trkpt lat="41.102411" lon="-8.007456">
        <ele>76.54</ele>
      </trkpt>
      <trkpt lat="41.102085" lon="-8.007452">
        <ele>77.65</ele>
      </trkpt>
      <trkpt lat="41.10202" lon="-8.007438">
        <ele>78.69</ele>
      </trkpt>
      <trkpt lat="41.101923" lon="-8.007357">
        <ele>79.56</ele>
      </trkpt>
      <trkpt lat="41.101851" lon="-8.007227">
        <ele>80.42</ele>
      </trkpt>
      <trkpt lat="41.101837" lon="-8.007154">
        <ele>81.12</ele>
      </trkpt>
      <trkpt lat="41.101833" lon="-8.007064">
        <ele>81.33</ele>
      </trkpt>
      <trkpt lat="41.101854" lon="-8.006623">
        <ele>86.21</ele>
      </trkpt>
      <trkpt lat="41.101873" lon="-8.006446">
        <ele>85.03</ele>
      </trkpt>
      <trkpt lat="41.1019" lon="-8.006355">
        <ele>84.76</ele>
      </trkpt>
      <trkpt lat="41.101936" lon="-8.006275">
        <ele>84.8</ele>
      </trkpt>
      <trkpt lat="41.10198" lon="-8.006203">
        <ele>85.07</ele>
      </trkpt>
      <trkpt lat="41.102039" lon="-8.006141">
        <ele>85.14</ele>
      </trkpt>
      <trkpt lat="41.10228" lon="-8.005961">
        <ele>86.17</ele>
      </trkpt>
      <trkpt lat="41.102412" lon="-8.005848">
        <ele>86.98</ele>
      </trkpt>
      <trkpt lat="41.10255" lon="-8.005726">
        <ele>88.26</ele>
      </trkpt>
      <trkpt lat="41.102627" lon="-8.005633">
        <ele>89.05</ele>
      </trkpt>
      <trkpt lat="41.102682" lon="-8.005547">
        <ele>89.78</ele>
      </trkpt>
      <trkpt lat="41.102714" lon="-8.005431">
        <ele>92.3</ele>
      </trkpt>
      <trkpt lat="41.102729" lon="-8.005301">
        <ele>93.77</ele>
      </trkpt>
      <trkpt lat="41.102743" lon="-8.004646">
        <ele>98.07</ele>
      </trkpt>
      <trkpt lat="41.102737" lon="-8.00443">
        <ele>99.55</ele>
      </trkpt>
      <trkpt lat="41.102793" lon="-8.004162">
        <ele>99.31</ele>
      </trkpt>
      <trkpt lat="41.102848" lon="-8.003895">
        <ele>101.17</ele>
      </trkpt>
      <trkpt lat="41.102843" lon="-8.003738">
        <ele>102.31</ele>
      </trkpt>
      <trkpt lat="41.102736" lon="-8.003185">
        <ele>106.46</ele>
      </trkpt>
      <trkpt lat="41.102593" lon="-8.002875">
        <ele>107.76</ele>
      </trkpt>
      <trkpt lat="41.102586" lon="-8.002725">
        <ele>107.21</ele>
      </trkpt>
      <trkpt lat="41.102639" lon="-8.00245">
        <ele>107.27</ele>
      </trkpt>
      <trkpt lat="41.102692" lon="-8.002174">
        <ele>110.08</ele>
      </trkpt>
      <trkpt lat="41.10263" lon="-8.001666">
        <ele>112.54</ele>
      </trkpt>
      <trkpt lat="41.10258" lon="-8.001405">
        <ele>114.67</ele>
      </trkpt>
      <trkpt lat="41.102385" lon="-8.000808">
        <ele>119.01</ele>
      </trkpt>
      <trkpt lat="41.102351" lon="-8.000611">
        <ele>118.67</ele>
      </trkpt>
      <trkpt lat="41.102395" lon="-8.000218">
        <ele>120.13</ele>
      </trkpt>
      <trkpt lat="41.102393" lon="-7.999825">
        <ele>122.38</ele>
      </trkpt>
      <trkpt lat="41.102432" lon="-7.999643">
        <ele>122.44</ele>
      </trkpt>
      <trkpt lat="41.10268" lon="-7.999124">
        <ele>124.34</ele>
      </trkpt>
      <trkpt lat="41.102727" lon="-7.998916">
        <ele>126.23</ele>
      </trkpt>
      <trkpt lat="41.102734" lon="-7.998748">
        <ele>128.58</ele>
      </trkpt>
      <trkpt lat="41.102718" lon="-7.998526">
        <ele>129.86</ele>
      </trkpt>
      <trkpt lat="41.102604" lon="-7.998108">
        <ele>133.13</ele>
      </trkpt>
      <trkpt lat="41.102533" lon="-7.997989">
        <ele>131.65</ele>
      </trkpt>
      <trkpt lat="41.102428" lon="-7.99789">
        <ele>131.35</ele>
      </trkpt>
      <trkpt lat="41.102179" lon="-7.997814">
        <ele>133.61</ele>
      </trkpt>
      <trkpt lat="41.10206" lon="-7.997695">
        <ele>136.49</ele>
      </trkpt>
      <trkpt lat="41.102022" lon="-7.997551">
        <ele>136.73</ele>
      </trkpt>
      <trkpt lat="41.102024" lon="-7.997478">
        <ele>137.8</ele>
      </trkpt>
      <trkpt lat="41.102044" lon="-7.997403">
        <ele>139.08</ele>
      </trkpt>
      <trkpt lat="41.102093" lon="-7.997288">
        <ele>142.33</ele>
      </trkpt>
      <trkpt lat="41.102308" lon="-7.99706">
        <ele>144.39</ele>
      </trkpt>
      <trkpt lat="41.102524" lon="-7.996833">
        <ele>142.15</ele>
      </trkpt>
      <trkpt lat="41.102739" lon="-7.996606">
        <ele>142.41</ele>
      </trkpt>
      <trkpt lat="41.102815" lon="-7.996448">
        <ele>143</ele>
      </trkpt>
      <trkpt lat="41.103044" lon="-7.995406">
        <ele>145.88</ele>
      </trkpt>
      <trkpt lat="41.103146" lon="-7.994939">
        <ele>148.88</ele>
      </trkpt>
      <trkpt lat="41.103207" lon="-7.994767">
        <ele>149.57</ele>
      </trkpt>
      <trkpt lat="41.103532" lon="-7.994298">
        <ele>152.28</ele>
      </trkpt>
      <trkpt lat="41.10358" lon="-7.994113">
        <ele>151.76</ele>
      </trkpt>
      <trkpt lat="41.103542" lon="-7.993754">
        <ele>153.53</ele>
      </trkpt>
      <trkpt lat="41.103541" lon="-7.993028">
        <ele>157.55</ele>
      </trkpt>
      <trkpt lat="41.10354" lon="-7.992664">
        <ele>155.55</ele>
      </trkpt>
      <trkpt lat="41.103568" lon="-7.992431">
        <ele>157</ele>
      </trkpt>
      <trkpt lat="41.103669" lon="-7.992152">
        <ele>159.4</ele>
      </trkpt>
      <trkpt lat="41.103771" lon="-7.991872">
        <ele>159.4</ele>
      </trkpt>
      <trkpt lat="41.103846" lon="-7.991438">
        <ele>159.38</ele>
      </trkpt>
      <trkpt lat="41.103856" lon="-7.991379">
        <ele>159.02</ele>
      </trkpt>
      <trkpt lat="41.103863" lon="-7.990808">
        <ele>160.71</ele>
      </trkpt>
      <trkpt lat="41.103873" lon="-7.990654">
        <ele>161.31</ele>
      </trkpt>
      <trkpt lat="41.103921" lon="-7.990505">
        <ele>160.73</ele>
      </trkpt>
      <trkpt lat="41.104051" lon="-7.990259">
        <ele>162.92</ele>
      </trkpt>
      <trkpt lat="41.104196" lon="-7.989984">
        <ele>163.01</ele>
      </trkpt>
      <trkpt lat="41.104312" lon="-7.989765">
        <ele>163.09</ele>
      </trkpt>
      <trkpt lat="41.104375" lon="-7.989596">
        <ele>163.35</ele>
      </trkpt>
      <trkpt lat="41.104517" lon="-7.989108">
        <ele>167.06</ele>
      </trkpt>
      <trkpt lat="41.104956" lon="-7.988462">
        <ele>168.12</ele>
      </trkpt>
      <trkpt lat="41.104985" lon="-7.988333">
        <ele>169.22</ele>
      </trkpt>
      <trkpt lat="41.10498" lon="-7.988202">
        <ele>169.44</ele>
      </trkpt>
      <trkpt lat="41.104942" lon="-7.988073">
        <ele>168.45</ele>
      </trkpt>
      <trkpt lat="41.104859" lon="-7.987946">
        <ele>168.38</ele>
      </trkpt>
      <trkpt lat="41.104562" lon="-7.987682">
        <ele>169.54</ele>
      </trkpt>
      <trkpt lat="41.104464" lon="-7.987533">
        <ele>171.73</ele>
      </trkpt>
      <trkpt lat="41.104427" lon="-7.987317">
        <ele>172.64</ele>
      </trkpt>
      <trkpt lat="41.104442" lon="-7.986721">
        <ele>173.71</ele>
      </trkpt>
      <trkpt lat="41.104432" lon="-7.986605">
        <ele>173.52</ele>
      </trkpt>
      <trkpt lat="41.104374" lon="-7.986447">
        <ele>173.77</ele>
      </trkpt>
      <trkpt lat="41.104289" lon="-7.986321">
        <ele>172.44</ele>
      </trkpt>
      <trkpt lat="41.104055" lon="-7.986156">
        <ele>172.57</ele>
      </trkpt>
      <trkpt lat="41.103968" lon="-7.986011">
        <ele>171.61</ele>
      </trkpt>
      <trkpt lat="41.103927" lon="-7.985876">
        <ele>172.68</ele>
      </trkpt>
      <trkpt lat="41.103953" lon="-7.98558">
        <ele>174.19</ele>
      </trkpt>
      <trkpt lat="41.104269" lon="-7.985178">
        <ele>174.14</ele>
      </trkpt>
      <trkpt lat="41.104723" lon="-7.984806">
        <ele>177.48</ele>
      </trkpt>
      <trkpt lat="41.104799" lon="-7.984612">
        <ele>178.52</ele>
      </trkpt>
      <trkpt lat="41.104841" lon="-7.984124">
        <ele>181.35</ele>
      </trkpt>
      <trkpt lat="41.104917" lon="-7.983919">
        <ele>181.74</ele>
      </trkpt>
      <trkpt lat="41.10501" lon="-7.98379">
        <ele>181.78</ele>
      </trkpt>
      <trkpt lat="41.105355" lon="-7.983456">
        <ele>184.6</ele>
      </trkpt>
      <trkpt lat="41.10556" lon="-7.983127">
        <ele>186.25</ele>
      </trkpt>
      <trkpt lat="41.105611" lon="-7.982896">
        <ele>186.58</ele>
      </trkpt>
      <trkpt lat="41.105623" lon="-7.982581">
        <ele>186.96</ele>
      </trkpt>
      <trkpt lat="41.105663" lon="-7.982382">
        <ele>187.85</ele>
      </trkpt>
      <trkpt lat="41.105758" lon="-7.982131">
        <ele>189.28</ele>
      </trkpt>
      <trkpt lat="41.106168" lon="-7.981376">
        <ele>191.83</ele>
      </trkpt>
      <trkpt lat="41.106316" lon="-7.980977">
        <ele>192.87</ele>
      </trkpt>
      <trkpt lat="41.106405" lon="-7.980793">
        <ele>192.98</ele>
      </trkpt>
      <trkpt lat="41.106572" lon="-7.980662">
        <ele>193.99</ele>
      </trkpt>
      <trkpt lat="41.106824" lon="-7.980425">
        <ele>197</ele>
      </trkpt>
      <trkpt lat="41.106959" lon="-7.980212">
        <ele>197.86</ele>
      </trkpt>
      <trkpt lat="41.10704" lon="-7.979986">
        <ele>197.58</ele>
      </trkpt>
      <trkpt lat="41.107224" lon="-7.979235">
        <ele>200.04</ele>
      </trkpt>
      <trkpt lat="41.107285" lon="-7.979082">
        <ele>201.05</ele>
      </trkpt>
      <trkpt lat="41.107543" lon="-7.978627">
        <ele>202.78</ele>
      </trkpt>
      <trkpt lat="41.107646" lon="-7.978331">
        <ele>203.97</ele>
      </trkpt>
      <trkpt lat="41.107687" lon="-7.978178">
        <ele>204.62</ele>
      </trkpt>
      <trkpt lat="41.107679" lon="-7.978016">
        <ele>204.92</ele>
      </trkpt>
      <trkpt lat="41.107617" lon="-7.977841">
        <ele>205.28</ele>
      </trkpt>
      <trkpt lat="41.107461" lon="-7.977549">
        <ele>205.93</ele>
      </trkpt>
      <trkpt lat="41.107231" lon="-7.977233">
        <ele>207.66</ele>
      </trkpt>
      <trkpt lat="41.107168" lon="-7.9771">
        <ele>208.77</ele>
      </trkpt>
      <trkpt lat="41.107152" lon="-7.97697">
        <ele>209.65</ele>
      </trkpt>
      <trkpt lat="41.10718" lon="-7.976807">
        <ele>210.71</ele>
      </trkpt>
      <trkpt lat="41.107299" lon="-7.97646">
        <ele>213.03</ele>
      </trkpt>
      <trkpt lat="41.107896" lon="-7.974726">
        <ele>217.14</ele>
      </trkpt>
      <trkpt lat="41.107941" lon="-7.974519">
        <ele>217.47</ele>
      </trkpt>
      <trkpt lat="41.107952" lon="-7.974329">
        <ele>217.28</ele>
      </trkpt>
      <trkpt lat="41.107928" lon="-7.974175">
        <ele>216.63</ele>
      </trkpt>
      <trkpt lat="41.107858" lon="-7.974018">
        <ele>217.26</ele>
      </trkpt>
      <trkpt lat="41.107686" lon="-7.973725">
        <ele>217.82</ele>
      </trkpt>
      <trkpt lat="41.107427" lon="-7.97338">
        <ele>218.44</ele>
      </trkpt>
      <trkpt lat="41.107287" lon="-7.973227">
        <ele>218.06</ele>
      </trkpt>
      <trkpt lat="41.107164" lon="-7.97313">
        <ele>218.26</ele>
      </trkpt>
      <trkpt lat="41.107032" lon="-7.973113">
        <ele>217.19</ele>
      </trkpt>
      <trkpt lat="41.106717" lon="-7.973209">
        <ele>213.47</ele>
      </trkpt>
      <trkpt lat="41.106401" lon="-7.973305">
        <ele>212.27</ele>
      </trkpt>
      <trkpt lat="41.106244" lon="-7.973313">
        <ele>213.8</ele>
      </trkpt>
      <trkpt lat="41.106039" lon="-7.973262">
        <ele>211.76</ele>
      </trkpt>
      <trkpt lat="41.105704" lon="-7.973109">
        <ele>210.26</ele>
      </trkpt>
      <trkpt lat="41.105451" lon="-7.972966">
        <ele>209.98</ele>
      </trkpt>
      <trkpt lat="41.104942" lon="-7.972577">
        <ele>205.96</ele>
      </trkpt>
      <trkpt lat="41.104713" lon="-7.972302">
        <ele>204.53</ele>
      </trkpt>
      <trkpt lat="41.104483" lon="-7.972027">
        <ele>201.02</ele>
      </trkpt>
      <trkpt lat="41.104347" lon="-7.971959">
        <ele>199.85</ele>
      </trkpt>
      <trkpt lat="41.104203" lon="-7.971968">
        <ele>197.54</ele>
      </trkpt>
      <trkpt lat="41.103957" lon="-7.972115">
        <ele>195.35</ele>
      </trkpt>
      <trkpt lat="41.103805" lon="-7.972136">
        <ele>195.43</ele>
      </trkpt>
      <trkpt lat="41.103698" lon="-7.972116">
        <ele>195.51</ele>
      </trkpt>
      <trkpt lat="41.103614" lon="-7.972067">
        <ele>195.51</ele>
      </trkpt>
      <trkpt lat="41.103545" lon="-7.971946">
        <ele>194.85</ele>
      </trkpt>
      <trkpt lat="41.103528" lon="-7.971808">
        <ele>193.43</ele>
      </trkpt>
      <trkpt lat="41.103556" lon="-7.97169">
        <ele>192.24</ele>
      </trkpt>
      <trkpt lat="41.103608" lon="-7.971593">
        <ele>191.65</ele>
      </trkpt>
      <trkpt lat="41.103689" lon="-7.971507">
        <ele>190.53</ele>
      </trkpt>
      <trkpt lat="41.103829" lon="-7.971396">
        <ele>188.94</ele>
      </trkpt>
      <trkpt lat="41.104075" lon="-7.9712">
        <ele>192.23</ele>
      </trkpt>
      <trkpt lat="41.104175" lon="-7.971146">
        <ele>194.21</ele>
      </trkpt>
      <trkpt lat="41.104254" lon="-7.97112">
        <ele>195.4</ele>
      </trkpt>
      <trkpt lat="41.104353" lon="-7.971107">
        <ele>196.77</ele>
      </trkpt>
      <trkpt lat="41.104581" lon="-7.971135">
        <ele>197.4</ele>
      </trkpt>
      <trkpt lat="41.104792" lon="-7.971179">
        <ele>198.15</ele>
      </trkpt>
      <trkpt lat="41.104886" lon="-7.971225">
        <ele>198.14</ele>
      </trkpt>
      <trkpt lat="41.105087" lon="-7.971348">
        <ele>199.77</ele>
      </trkpt>
      <trkpt lat="41.105191" lon="-7.971402">
        <ele>200.37</ele>
      </trkpt>
      <trkpt lat="41.105279" lon="-7.971426">
        <ele>201.77</ele>
      </trkpt>
      <trkpt lat="41.105366" lon="-7.971434">
        <ele>203.1</ele>
      </trkpt>
      <trkpt lat="41.105488" lon="-7.971426">
        <ele>204.09</ele>
      </trkpt>
      <trkpt lat="41.105622" lon="-7.971399">
        <ele>204.71</ele>
      </trkpt>
      <trkpt lat="41.105834" lon="-7.971339">
        <ele>206.47</ele>
      </trkpt>
      <trkpt lat="41.105918" lon="-7.971294">
        <ele>207.47</ele>
      </trkpt>
      <trkpt lat="41.105992" lon="-7.971238">
        <ele>208.42</ele>
      </trkpt>
      <trkpt lat="41.106077" lon="-7.97115">
        <ele>210.43</ele>
      </trkpt>
      <trkpt lat="41.106143" lon="-7.971055">
        <ele>212.39</ele>
      </trkpt>
      <trkpt lat="41.106196" lon="-7.970954">
        <ele>212.62</ele>
      </trkpt>
      <trkpt lat="41.106236" lon="-7.970846">
        <ele>212.27</ele>
      </trkpt>
      <trkpt lat="41.10646" lon="-7.970118">
        <ele>215.85</ele>
      </trkpt>
      <trkpt lat="41.106491" lon="-7.969992">
        <ele>216.01</ele>
      </trkpt>
      <trkpt lat="41.106498" lon="-7.9699">
        <ele>216.18</ele>
      </trkpt>
      <trkpt lat="41.106494" lon="-7.969822">
        <ele>216.73</ele>
      </trkpt>
      <trkpt lat="41.10648" lon="-7.969738">
        <ele>217.38</ele>
      </trkpt>
      <trkpt lat="41.106458" lon="-7.969664">
        <ele>218.29</ele>
      </trkpt>
      <trkpt lat="41.106421" lon="-7.969583">
        <ele>218.54</ele>
      </trkpt>
      <trkpt lat="41.106379" lon="-7.96952">
        <ele>217.7</ele>
      </trkpt>
      <trkpt lat="41.10601" lon="-7.969157">
        <ele>219.82</ele>
      </trkpt>
      <trkpt lat="41.105953" lon="-7.969088">
        <ele>221.07</ele>
      </trkpt>
      <trkpt lat="41.10591" lon="-7.969018">
        <ele>221.64</ele>
      </trkpt>
      <trkpt lat="41.105878" lon="-7.968947">
        <ele>221.55</ele>
      </trkpt>
      <trkpt lat="41.105854" lon="-7.968866">
        <ele>221.43</ele>
      </trkpt>
      <trkpt lat="41.105841" lon="-7.968785">
        <ele>221.27</ele>
      </trkpt>
      <trkpt lat="41.105837" lon="-7.9687">
        <ele>221.24</ele>
      </trkpt>
      <trkpt lat="41.105842" lon="-7.968623">
        <ele>221.14</ele>
      </trkpt>
      <trkpt lat="41.105707" lon="-7.968503">
        <ele>222.18</ele>
      </trkpt>
      <trkpt lat="41.105659" lon="-7.968447">
        <ele>222.64</ele>
      </trkpt>
      <trkpt lat="41.105572" lon="-7.968294">
        <ele>223.77</ele>
      </trkpt>
      <trkpt lat="41.10554" lon="-7.968201">
        <ele>224.3</ele>
      </trkpt>
      <trkpt lat="41.105427" lon="-7.967801">
        <ele>225.28</ele>
      </trkpt>
      <trkpt lat="41.105414" lon="-7.967702">
        <ele>225.74</ele>
      </trkpt>
      <trkpt lat="41.105412" lon="-7.967604">
        <ele>226.54</ele>
      </trkpt>
      <trkpt lat="41.105421" lon="-7.967501">
        <ele>227.44</ele>
      </trkpt>
      <trkpt lat="41.105976" lon="-7.965391">
        <ele>238.64</ele>
      </trkpt>
      <trkpt lat="41.105992" lon="-7.965329">
        <ele>238.98</ele>
      </trkpt>
      <trkpt lat="41.105997" lon="-7.965243">
        <ele>238.98</ele>
      </trkpt>
      <trkpt lat="41.105973" lon="-7.965166">
        <ele>239.27</ele>
      </trkpt>
      <trkpt lat="41.105314" lon="-7.96479">
        <ele>244.08</ele>
      </trkpt>
      <trkpt lat="41.105194" lon="-7.964679">
        <ele>245</ele>
      </trkpt>
      <trkpt lat="41.105077" lon="-7.964527">
        <ele>245.03</ele>
      </trkpt>
      <trkpt lat="41.104969" lon="-7.964342">
        <ele>245.99</ele>
      </trkpt>
      <trkpt lat="41.104877" lon="-7.964139">
        <ele>247.14</ele>
      </trkpt>
      <trkpt lat="41.104823" lon="-7.964013">
        <ele>247.87</ele>
      </trkpt>
      <trkpt lat="41.104801" lon="-7.963908">
        <ele>248.97</ele>
      </trkpt>
      <trkpt lat="41.104809" lon="-7.963822">
        <ele>249.97</ele>
      </trkpt>
      <trkpt lat="41.104927" lon="-7.963499">
        <ele>252.09</ele>
      </trkpt>
      <trkpt lat="41.105057" lon="-7.963341">
        <ele>254.04</ele>
      </trkpt>
      <trkpt lat="41.105047" lon="-7.963319">
        <ele>254.38</ele>
      </trkpt>
      <trkpt lat="41.10505" lon="-7.963269">
        <ele>254.8</ele>
      </trkpt>
      <trkpt lat="41.10508" lon="-7.963238">
        <ele>254.43</ele>
      </trkpt>
      <trkpt lat="41.105075" lon="-7.962949">
        <ele>258.18</ele>
      </trkpt>
      <trkpt lat="41.10508" lon="-7.962893">
        <ele>258.07</ele>
      </trkpt>
      <trkpt lat="41.105493" lon="-7.961566">
        <ele>265.93</ele>
      </trkpt>
      <trkpt lat="41.105506" lon="-7.961437">
        <ele>266.58</ele>
      </trkpt>
      <trkpt lat="41.105472" lon="-7.961293">
        <ele>266.31</ele>
      </trkpt>
      <trkpt lat="41.105337" lon="-7.960896">
        <ele>266.07</ele>
      </trkpt>
      <trkpt lat="41.105113" lon="-7.960338">
        <ele>266.76</ele>
      </trkpt>
      <trkpt lat="41.105074" lon="-7.960199">
        <ele>267.11</ele>
      </trkpt>
      <trkpt lat="41.105049" lon="-7.960197">
        <ele>267.32</ele>
      </trkpt>
      <trkpt lat="41.105006" lon="-7.960159">
        <ele>267.87</ele>
      </trkpt>
      <trkpt lat="41.10499" lon="-7.960094">
        <ele>268.37</ele>
      </trkpt>
      <trkpt lat="41.105009" lon="-7.960031">
        <ele>268.61</ele>
      </trkpt>
      <trkpt lat="41.105052" lon="-7.959997">
        <ele>268.5</ele>
      </trkpt>
      <trkpt lat="41.105078" lon="-7.959996">
        <ele>268.27</ele>
      </trkpt>
      <trkpt lat="41.105123" lon="-7.960027">
        <ele>267.73</ele>
      </trkpt>
      <trkpt lat="41.105444" lon="-7.95952">
        <ele>268.21</ele>
      </trkpt>
      <trkpt lat="41.105574" lon="-7.959054">
        <ele>268.29</ele>
      </trkpt>
      <trkpt lat="41.105682" lon="-7.958497">
        <ele>266.43</ele>
      </trkpt>
      <trkpt lat="41.105758" lon="-7.958105">
        <ele>267.34</ele>
      </trkpt>
      <trkpt lat="41.105848" lon="-7.957328">
        <ele>263.11</ele>
      </trkpt>
      <trkpt lat="41.105888" lon="-7.956927">
        <ele>262.78</ele>
      </trkpt>
      <trkpt lat="41.105995" lon="-7.956251">
        <ele>262.96</ele>
      </trkpt>
      <trkpt lat="41.106022" lon="-7.956167">
        <ele>263.24</ele>
      </trkpt>
      <trkpt lat="41.106058" lon="-7.956097">
        <ele>263.36</ele>
      </trkpt>
      <trkpt lat="41.106139" lon="-7.955998">
        <ele>263.87</ele>
      </trkpt>
      <trkpt lat="41.107039" lon="-7.955156">
        <ele>270.04</ele>
      </trkpt>
      <trkpt lat="41.10720339450304" lon="-7.954899794531804">
        <ele>270.8523594384088</ele>
      </trkpt>
      <trkpt lat="41.107203" lon="-7.954899">
        <ele>270.96</ele>
      </trkpt>
      <trkpt lat="41.107381" lon="-7.954623">
        <ele>271.73</ele>
      </trkpt>
      <trkpt lat="41.107476" lon="-7.954437">
        <ele>272.84</ele>
      </trkpt>
      <trkpt lat="41.107568" lon="-7.954327">
        <ele>273.38</ele>
      </trkpt>
      <trkpt lat="41.107652" lon="-7.954272">
        <ele>274.02</ele>
      </trkpt>
      <trkpt lat="41.107716" lon="-7.954254">
        <ele>274.35</ele>
      </trkpt>
      <trkpt lat="41.107701" lon="-7.954261">
        <ele>274.23</ele>
      </trkpt>
      <trkpt lat="41.107748" lon="-7.954256">
        <ele>274.43</ele>
      </trkpt>
      <trkpt lat="41.107855" lon="-7.954286">
        <ele>274.43</ele>
      </trkpt>
      <trkpt lat="41.107959" lon="-7.954383">
        <ele>274.06</ele>
      </trkpt>
      <trkpt lat="41.108014" lon="-7.954459">
        <ele>274.05</ele>
      </trkpt>
      <trkpt lat="41.10806" lon="-7.954548">
        <ele>273.79</ele>
      </trkpt>
      <trkpt lat="41.108366" lon="-7.954975">
        <ele>276.96</ele>
      </trkpt>
      <trkpt lat="41.108427" lon="-7.955031">
        <ele>277.63</ele>
      </trkpt>
      <trkpt lat="41.108494" lon="-7.955071">
        <ele>277.86</ele>
      </trkpt>
      <trkpt lat="41.108494" lon="-7.955071">
        <ele>277.86</ele>
      </trkpt>
      <trkpt lat="41.108566" lon="-7.955093">
        <ele>277.73</ele>
      </trkpt>
      <trkpt lat="41.108639" lon="-7.955097">
        <ele>277.97</ele>
      </trkpt>
      <trkpt lat="41.108712" lon="-7.955081">
        <ele>278.2</ele>
      </trkpt>
      <trkpt lat="41.108781" lon="-7.955048">
        <ele>278.55</ele>
      </trkpt>
      <trkpt lat="41.108844" lon="-7.954997">
        <ele>279.58</ele>
      </trkpt>
      <trkpt lat="41.108899" lon="-7.954932">
        <ele>280.04</ele>
      </trkpt>
      <trkpt lat="41.108943" lon="-7.954853">
        <ele>280.31</ele>
      </trkpt>
      <trkpt lat="41.108975" lon="-7.954765">
        <ele>280.64</ele>
      </trkpt>
      <trkpt lat="41.10943" lon="-7.952803">
        <ele>287.93</ele>
      </trkpt>
      <trkpt lat="41.109564" lon="-7.952186">
        <ele>288.52</ele>
      </trkpt>
      <trkpt lat="41.109566" lon="-7.952062">
        <ele>288.6</ele>
      </trkpt>
      <trkpt lat="41.10955" lon="-7.95193">
        <ele>288.85</ele>
      </trkpt>
      <trkpt lat="41.109452" lon="-7.951597">
        <ele>289.51</ele>
      </trkpt>
      <trkpt lat="41.10944" lon="-7.951492">
        <ele>290.07</ele>
      </trkpt>
      <trkpt lat="41.109441" lon="-7.951429">
        <ele>289.88</ele>
      </trkpt>
      <trkpt lat="41.109509" lon="-7.95101">
        <ele>287.82</ele>
      </trkpt>
      <trkpt lat="41.109569" lon="-7.950665">
        <ele>288.5</ele>
      </trkpt>
      <trkpt lat="41.109618" lon="-7.95052">
        <ele>286.32</ele>
      </trkpt>
      <trkpt lat="41.109662" lon="-7.950433">
        <ele>286.09</ele>
      </trkpt>
      <trkpt lat="41.109714" lon="-7.950372">
        <ele>285.56</ele>
      </trkpt>
      <trkpt lat="41.109782" lon="-7.95033">
        <ele>284.69</ele>
      </trkpt>
      <trkpt lat="41.109862" lon="-7.950317">
        <ele>284.12</ele>
      </trkpt>
      <trkpt lat="41.109933" lon="-7.950322">
        <ele>284.37</ele>
      </trkpt>
      <trkpt lat="41.110014" lon="-7.950351">
        <ele>284.67</ele>
      </trkpt>
      <trkpt lat="41.110112" lon="-7.950397">
        <ele>284.88</ele>
      </trkpt>
      <trkpt lat="41.110688" lon="-7.950784">
        <ele>288.2</ele>
      </trkpt>
      <trkpt lat="41.11070305835535" lon="-7.950790907502452">
        <ele>288.2621675268118</ele>
      </trkpt>
      <trkpt lat="41.110703" lon="-7.950791">
        <ele>288.26</ele>
      </trkpt>
      <trkpt lat="41.110797" lon="-7.950834">
        <ele>288.65</ele>
      </trkpt>
      <trkpt lat="41.110941" lon="-7.950937">
        <ele>288.84</ele>
      </trkpt>
      <trkpt lat="41.110998" lon="-7.950995">
        <ele>288.54</ele>
      </trkpt>
      <trkpt lat="41.111071" lon="-7.951098">
        <ele>288.51</ele>
      </trkpt>
      <trkpt lat="41.111137" lon="-7.951192">
        <ele>288.67</ele>
      </trkpt>
      <trkpt lat="41.111268" lon="-7.95134">
        <ele>288.37</ele>
      </trkpt>
      <trkpt lat="41.111268" lon="-7.95134">
        <ele>288.37</ele>
      </trkpt>
      <trkpt lat="41.111343" lon="-7.95139">
        <ele>288.51</ele>
      </trkpt>
      <trkpt lat="41.111549" lon="-7.951472">
        <ele>286.73</ele>
      </trkpt>
      <trkpt lat="41.111772" lon="-7.951447">
        <ele>285.78</ele>
      </trkpt>
      <trkpt lat="41.112983" lon="-7.951038">
        <ele>276.12</ele>
      </trkpt>
      <trkpt lat="41.11471" lon="-7.950455">
        <ele>265.26</ele>
      </trkpt>
      <trkpt lat="41.115511" lon="-7.950185">
        <ele>258.12</ele>
      </trkpt>
      <trkpt lat="41.115777" lon="-7.950082">
        <ele>253.53</ele>
      </trkpt>
      <trkpt lat="41.116029" lon="-7.949861">
        <ele>251.01</ele>
      </trkpt>
      <trkpt lat="41.116211" lon="-7.94959">
        <ele>248.72</ele>
      </trkpt>
      <trkpt lat="41.116417" lon="-7.949046">
        <ele>244.74</ele>
      </trkpt>
      <trkpt lat="41.116555" lon="-7.948697">
        <ele>239.87</ele>
      </trkpt>
      <trkpt lat="41.116742" lon="-7.948411">
        <ele>237.27</ele>
      </trkpt>
      <trkpt lat="41.116923" lon="-7.948232">
        <ele>235.77</ele>
      </trkpt>
      <trkpt lat="41.117147" lon="-7.948116">
        <ele>233.61</ele>
      </trkpt>
      <trkpt lat="41.117378" lon="-7.948064">
        <ele>229.34</ele>
      </trkpt>
      <trkpt lat="41.11761" lon="-7.948012">
        <ele>228.03</ele>
      </trkpt>
      <trkpt lat="41.118073" lon="-7.947908">
        <ele>220.36</ele>
      </trkpt>
      <trkpt lat="41.118346" lon="-7.947819">
        <ele>216.75</ele>
      </trkpt>
      <trkpt lat="41.118564" lon="-7.947677">
        <ele>215.32</ele>
      </trkpt>
      <trkpt lat="41.118675" lon="-7.947572">
        <ele>215.24</ele>
      </trkpt>
      <trkpt lat="41.118818" lon="-7.947382">
        <ele>214.58</ele>
      </trkpt>
      <trkpt lat="41.118894" lon="-7.947212">
        <ele>211.3</ele>
      </trkpt>
      <trkpt lat="41.11896" lon="-7.94701">
        <ele>210.56</ele>
      </trkpt>
      <trkpt lat="41.119045" lon="-7.946706">
        <ele>208.12</ele>
      </trkpt>
      <trkpt lat="41.119111" lon="-7.94638">
        <ele>209.22</ele>
      </trkpt>
      <trkpt lat="41.119244" lon="-7.945727">
        <ele>207.3</ele>
      </trkpt>
      <trkpt lat="41.11931" lon="-7.9454">
        <ele>203.23</ele>
      </trkpt>
      <trkpt lat="41.119377" lon="-7.945074">
        <ele>196.24</ele>
      </trkpt>
      <trkpt lat="41.119509" lon="-7.944421">
        <ele>190.86</ele>
      </trkpt>
      <trkpt lat="41.11955" lon="-7.944072">
        <ele>189.43</ele>
      </trkpt>
      <trkpt lat="41.119529" lon="-7.943825">
        <ele>190.55</ele>
      </trkpt>
      <trkpt lat="41.119481" lon="-7.943473">
        <ele>190.74</ele>
      </trkpt>
      <trkpt lat="41.119393" lon="-7.943167">
        <ele>189.7</ele>
      </trkpt>
      <trkpt lat="41.118947" lon="-7.94215">
        <ele>182.98</ele>
      </trkpt>
      <trkpt lat="41.118642" lon="-7.941458">
        <ele>172.02</ele>
      </trkpt>
      <trkpt lat="41.118332" lon="-7.94075">
        <ele>167.79</ele>
      </trkpt>
      <trkpt lat="41.118241" lon="-7.940425">
        <ele>164.31</ele>
      </trkpt>
      <trkpt lat="41.118059" lon="-7.939777">
        <ele>160.68</ele>
      </trkpt>
      <trkpt lat="41.118016" lon="-7.939505">
        <ele>159.65</ele>
      </trkpt>
      <trkpt lat="41.118032" lon="-7.939217">
        <ele>158.07</ele>
      </trkpt>
      <trkpt lat="41.118138" lon="-7.938982">
        <ele>156.49</ele>
      </trkpt>
      <trkpt lat="41.118296" lon="-7.938842">
        <ele>154.46</ele>
      </trkpt>
      <trkpt lat="41.118505" lon="-7.938847">
        <ele>151.56</ele>
      </trkpt>
      <trkpt lat="41.118679" lon="-7.938971">
        <ele>150.07</ele>
      </trkpt>
      <trkpt lat="41.11878" lon="-7.939192">
        <ele>146.78</ele>
      </trkpt>
      <trkpt lat="41.118806" lon="-7.939523">
        <ele>143.7</ele>
      </trkpt>
      <trkpt lat="41.118764" lon="-7.939964">
        <ele>139.77</ele>
      </trkpt>
      <trkpt lat="41.118778" lon="-7.940321">
        <ele>137.38</ele>
      </trkpt>
      <trkpt lat="41.118872" lon="-7.94064">
        <ele>135.52</ele>
      </trkpt>
      <trkpt lat="41.119077" lon="-7.94087">
        <ele>133.14</ele>
      </trkpt>
      <trkpt lat="41.119294" lon="-7.940942">
        <ele>132.3</ele>
      </trkpt>
      <trkpt lat="41.119781" lon="-7.940908">
        <ele>130.88</ele>
      </trkpt>
      <trkpt lat="41.120014" lon="-7.940891">
        <ele>126.31</ele>
      </trkpt>
      <trkpt lat="41.120014" lon="-7.940891">
        <ele>126.31</ele>
      </trkpt>
      <trkpt lat="41.121625" lon="-7.940584">
        <ele>121.46</ele>
      </trkpt>
      <trkpt lat="41.123204" lon="-7.940158">
        <ele>116.64</ele>
      </trkpt>
      <trkpt lat="41.123477" lon="-7.940078">
        <ele>120.07</ele>
      </trkpt>
      <trkpt lat="41.123636" lon="-7.940031">
        <ele>119.75</ele>
      </trkpt>
      <trkpt lat="41.123902" lon="-7.939961">
        <ele>115.95</ele>
      </trkpt>
      <trkpt lat="41.12406" lon="-7.939951">
        <ele>116.1</ele>
      </trkpt>
      <trkpt lat="41.12423" lon="-7.939978">
        <ele>116.24</ele>
      </trkpt>
      <trkpt lat="41.124381" lon="-7.940015">
        <ele>116.37</ele>
      </trkpt>
      <trkpt lat="41.124506" lon="-7.940082">
        <ele>116.48</ele>
      </trkpt>
      <trkpt lat="41.124694" lon="-7.940224">
        <ele>116.66</ele>
      </trkpt>
      <trkpt lat="41.124894" lon="-7.940484">
        <ele>116.91</ele>
      </trkpt>
      <trkpt lat="41.124983" lon="-7.940678">
        <ele>117.08</ele>
      </trkpt>
      <trkpt lat="41.125073" lon="-7.940954">
        <ele>117.31</ele>
      </trkpt>
      <trkpt lat="41.125094" lon="-7.941187">
        <ele>117.52</ele>
      </trkpt>
      <trkpt lat="41.125092" lon="-7.941419">
        <ele>117.73</ele>
      </trkpt>
      <trkpt lat="41.12506" lon="-7.941701">
        <ele>120.19</ele>
      </trkpt>
      <trkpt lat="41.124755" lon="-7.943623">
        <ele>123.52</ele>
      </trkpt>
      <trkpt lat="41.124734" lon="-7.943922">
        <ele>123.85</ele>
      </trkpt>
      <trkpt lat="41.124812" lon="-7.944266">
        <ele>126.68</ele>
      </trkpt>
      <trkpt lat="41.124893" lon="-7.944525">
        <ele>126.66</ele>
      </trkpt>
      <trkpt lat="41.124957" lon="-7.944665">
        <ele>128.35</ele>
      </trkpt>
      <trkpt lat="41.125034" lon="-7.944782">
        <ele>128.31</ele>
      </trkpt>
      <trkpt lat="41.125108" lon="-7.944888">
        <ele>129.08</ele>
      </trkpt>
      <trkpt lat="41.125276" lon="-7.945077">
        <ele>128.05</ele>
      </trkpt>
      <trkpt lat="41.125319" lon="-7.945105">
        <ele>126.46</ele>
      </trkpt>
      <trkpt lat="41.126486" lon="-7.945864">
        <ele>139.35</ele>
      </trkpt>
      <trkpt lat="41.126744" lon="-7.94601">
        <ele>142.72</ele>
      </trkpt>
      <trkpt lat="41.126839" lon="-7.946017">
        <ele>143.54</ele>
      </trkpt>
      <trkpt lat="41.126922" lon="-7.946024">
        <ele>144.26</ele>
      </trkpt>
      <trkpt lat="41.127291" lon="-7.945993">
        <ele>145.75</ele>
      </trkpt>
      <trkpt lat="41.127458" lon="-7.945927">
        <ele>145.85</ele>
      </trkpt>
      <trkpt lat="41.127716" lon="-7.945793">
        <ele>147.81</ele>
      </trkpt>
      <trkpt lat="41.128106" lon="-7.945647">
        <ele>150.63</ele>
      </trkpt>
      <trkpt lat="41.128347" lon="-7.945632">
        <ele>153.32</ele>
      </trkpt>
      <trkpt lat="41.12936" lon="-7.945832">
        <ele>162.21</ele>
      </trkpt>
      <trkpt lat="41.129629" lon="-7.94581">
        <ele>162.84</ele>
      </trkpt>
      <trkpt lat="41.129916" lon="-7.945741">
        <ele>164.23</ele>
      </trkpt>
      <trkpt lat="41.130154" lon="-7.945659">
        <ele>164.34</ele>
      </trkpt>
      <trkpt lat="41.130865" lon="-7.945413">
        <ele>169.11</ele>
      </trkpt>
      <trkpt lat="41.13117" lon="-7.945417">
        <ele>169.98</ele>
      </trkpt>
      <trkpt lat="41.131831" lon="-7.945548">
        <ele>173.43</ele>
      </trkpt>
      <trkpt lat="41.132166" lon="-7.945509">
        <ele>176.35</ele>
      </trkpt>
      <trkpt lat="41.132553" lon="-7.945362">
        <ele>177.56</ele>
      </trkpt>
      <trkpt lat="41.13305" lon="-7.945052">
        <ele>179.04</ele>
      </trkpt>
      <trkpt lat="41.133316" lon="-7.944983">
        <ele>179.55</ele>
      </trkpt>
      <trkpt lat="41.133546" lon="-7.945017">
        <ele>179.78</ele>
      </trkpt>
      <trkpt lat="41.133799" lon="-7.945168">
        <ele>181.42</ele>
      </trkpt>
      <trkpt lat="41.133993" lon="-7.945394">
        <ele>183.63</ele>
      </trkpt>
      <trkpt lat="41.134116" lon="-7.945699">
        <ele>185.08</ele>
      </trkpt>
      <trkpt lat="41.134151" lon="-7.946098">
        <ele>186.7</ele>
      </trkpt>
      <trkpt lat="41.134134" lon="-7.94634">
        <ele>184.5</ele>
      </trkpt>
      <trkpt lat="41.134038" lon="-7.94664">
        <ele>186.74</ele>
      </trkpt>
      <trkpt lat="41.133898" lon="-7.946852">
        <ele>188.52</ele>
      </trkpt>
      <trkpt lat="41.133683" lon="-7.947036">
        <ele>190.53</ele>
      </trkpt>
      <trkpt lat="41.133352" lon="-7.947185">
        <ele>195.77</ele>
      </trkpt>
      <trkpt lat="41.131566" lon="-7.947789">
        <ele>211.16</ele>
      </trkpt>
      <trkpt lat="41.13138" lon="-7.947898">
        <ele>213.01</ele>
      </trkpt>
      <trkpt lat="41.131253" lon="-7.948062">
        <ele>214.97</ele>
      </trkpt>
      <trkpt lat="41.131198" lon="-7.948192">
        <ele>215.67</ele>
      </trkpt>
      <trkpt lat="41.13119" lon="-7.948322">
        <ele>216.85</ele>
      </trkpt>
      <trkpt lat="41.13126" lon="-7.948443">
        <ele>217.59</ele>
      </trkpt>
      <trkpt lat="41.131373" lon="-7.948471">
        <ele>217.55</ele>
      </trkpt>
      <trkpt lat="41.131471" lon="-7.948439">
        <ele>217.05</ele>
      </trkpt>
      <trkpt lat="41.131572" lon="-7.948361">
        <ele>217.77</ele>
      </trkpt>
      <trkpt lat="41.131735" lon="-7.94814">
        <ele>217.33</ele>
      </trkpt>
      <trkpt lat="41.132032" lon="-7.947922">
        <ele>217.26</ele>
      </trkpt>
      <trkpt lat="41.132179" lon="-7.947874">
        <ele>217.21</ele>
      </trkpt>
      <trkpt lat="41.132433" lon="-7.947833">
        <ele>216.56</ele>
      </trkpt>
      <trkpt lat="41.133449" lon="-7.947667">
        <ele>220.65</ele>
      </trkpt>
      <trkpt lat="41.133699" lon="-7.947649">
        <ele>220.78</ele>
      </trkpt>
      <trkpt lat="41.134037" lon="-7.947699">
        <ele>222.66</ele>
      </trkpt>
      <trkpt lat="41.134758" lon="-7.947905">
        <ele>222.54</ele>
      </trkpt>
      <trkpt lat="41.135061" lon="-7.947992">
        <ele>222.49</ele>
      </trkpt>
      <trkpt lat="41.13518" lon="-7.947996">
        <ele>222.29</ele>
      </trkpt>
      <trkpt lat="41.135258" lon="-7.94797">
        <ele>222</ele>
      </trkpt>
      <trkpt lat="41.135363" lon="-7.947885">
        <ele>220.98</ele>
      </trkpt>
      <trkpt lat="41.135573" lon="-7.947777">
        <ele>219.14</ele>
      </trkpt>
      <trkpt lat="41.135755" lon="-7.947756">
        <ele>218.12</ele>
      </trkpt>
      <trkpt lat="41.1359" lon="-7.947812">
        <ele>218.74</ele>
      </trkpt>
      <trkpt lat="41.136298" lon="-7.948061">
        <ele>217.6</ele>
      </trkpt>
      <trkpt lat="41.136401" lon="-7.94807">
        <ele>216.66</ele>
      </trkpt>
      <trkpt lat="41.136566" lon="-7.947969">
        <ele>215.83</ele>
      </trkpt>
      <trkpt lat="41.136681" lon="-7.947813">
        <ele>216.58</ele>
      </trkpt>
      <trkpt lat="41.136711" lon="-7.94773">
        <ele>215.68</ele>
      </trkpt>
      <trkpt lat="41.136719" lon="-7.947637">
        <ele>213.6</ele>
      </trkpt>
      <trkpt lat="41.136682" lon="-7.947289">
        <ele>210.63</ele>
      </trkpt>
      <trkpt lat="41.136672" lon="-7.947238">
        <ele>212.26</ele>
      </trkpt>
      <trkpt lat="41.13662" lon="-7.947159">
        <ele>214.15</ele>
      </trkpt>
      <trkpt lat="41.136522" lon="-7.947091">
        <ele>216.06</ele>
      </trkpt>
      <trkpt lat="41.13613" lon="-7.947048">
        <ele>214.64</ele>
      </trkpt>
      <trkpt lat="41.135877" lon="-7.94694">
        <ele>213.63</ele>
      </trkpt>
      <trkpt lat="41.135356" lon="-7.946444">
        <ele>216.37</ele>
      </trkpt>
      <trkpt lat="41.134757" lon="-7.945801">
        <ele>218.6</ele>
      </trkpt>
      <trkpt lat="41.134679" lon="-7.945588">
        <ele>220.11</ele>
      </trkpt>
      <trkpt lat="41.134664" lon="-7.945416">
        <ele>219.84</ele>
      </trkpt>
      <trkpt lat="41.134695" lon="-7.945224">
        <ele>220.32</ele>
      </trkpt>
      <trkpt lat="41.134755" lon="-7.945111">
        <ele>219.98</ele>
      </trkpt>
      <trkpt lat="41.134928" lon="-7.944861">
        <ele>221.54</ele>
      </trkpt>
      <trkpt lat="41.135447" lon="-7.94411">
        <ele>219.15</ele>
      </trkpt>
      <trkpt lat="41.13563" lon="-7.943845">
        <ele>219.86</ele>
      </trkpt>
      <trkpt lat="41.135725" lon="-7.943587">
        <ele>219.23</ele>
      </trkpt>
      <trkpt lat="41.135805" lon="-7.943046">
        <ele>217.84</ele>
      </trkpt>
      <trkpt lat="41.135896" lon="-7.942437">
        <ele>219.38</ele>
      </trkpt>
      <trkpt lat="41.136084" lon="-7.941888">
        <ele>219.74</ele>
      </trkpt>
      <trkpt lat="41.136111" lon="-7.94161">
        <ele>220.41</ele>
      </trkpt>
      <trkpt lat="41.136038" lon="-7.94137">
        <ele>217.75</ele>
      </trkpt>
      <trkpt lat="41.136006" lon="-7.941338">
        <ele>217.89</ele>
      </trkpt>
      <trkpt lat="41.13594" lon="-7.94127">
        <ele>218.19</ele>
      </trkpt>
      <trkpt lat="41.135791" lon="-7.941249">
        <ele>219.12</ele>
      </trkpt>
      <trkpt lat="41.135492" lon="-7.941395">
        <ele>218.98</ele>
      </trkpt>
      <trkpt lat="41.134362" lon="-7.941944">
        <ele>224.76</ele>
      </trkpt>
      <trkpt lat="41.134225" lon="-7.941952">
        <ele>225.67</ele>
      </trkpt>
      <trkpt lat="41.134084" lon="-7.9419">
        <ele>226.42</ele>
      </trkpt>
      <trkpt lat="41.13373" lon="-7.941698">
        <ele>226.24</ele>
      </trkpt>
      <trkpt lat="41.133568" lon="-7.941715">
        <ele>226.85</ele>
      </trkpt>
      <trkpt lat="41.133431" lon="-7.941878">
        <ele>228.84</ele>
      </trkpt>
      <trkpt lat="41.13331" lon="-7.942377">
        <ele>230.59</ele>
      </trkpt>
      <trkpt lat="41.133214" lon="-7.942559">
        <ele>231.38</ele>
      </trkpt>
      <trkpt lat="41.132732" lon="-7.943155">
        <ele>232.35</ele>
      </trkpt>
      <trkpt lat="41.132574" lon="-7.943411">
        <ele>233.3</ele>
      </trkpt>
      <trkpt lat="41.132412" lon="-7.943523">
        <ele>234.01</ele>
      </trkpt>
      <trkpt lat="41.13234" lon="-7.943538">
        <ele>233.86</ele>
      </trkpt>
      <trkpt lat="41.131955" lon="-7.943456">
        <ele>234.34</ele>
      </trkpt>
      <trkpt lat="41.131759" lon="-7.943496">
        <ele>235.32</ele>
      </trkpt>
      <trkpt lat="41.131463" lon="-7.943761">
        <ele>234.27</ele>
      </trkpt>
      <trkpt lat="41.131316" lon="-7.943791">
        <ele>234.33</ele>
      </trkpt>
      <trkpt lat="41.131162" lon="-7.943755">
        <ele>234.97</ele>
      </trkpt>
      <trkpt lat="41.130383" lon="-7.943118">
        <ele>236.03</ele>
      </trkpt>
      <trkpt lat="41.130165" lon="-7.943022">
        <ele>236.13</ele>
      </trkpt>
      <trkpt lat="41.129282" lon="-7.943005">
        <ele>235.09</ele>
      </trkpt>
      <trkpt lat="41.129118" lon="-7.942944">
        <ele>235.92</ele>
      </trkpt>
      <trkpt lat="41.128973" lon="-7.94275">
        <ele>236.14</ele>
      </trkpt>
      <trkpt lat="41.128909" lon="-7.942489">
        <ele>235.61</ele>
      </trkpt>
      <trkpt lat="41.128982" lon="-7.941935">
        <ele>233.89</ele>
      </trkpt>
      <trkpt lat="41.128971" lon="-7.941273">
        <ele>231.18</ele>
      </trkpt>
      <trkpt lat="41.128862" lon="-7.940859">
        <ele>229.1</ele>
      </trkpt>
      <trkpt lat="41.128752" lon="-7.940588">
        <ele>227.55</ele>
      </trkpt>
      <trkpt lat="41.128241" lon="-7.939331">
        <ele>220.39</ele>
      </trkpt>
      <trkpt lat="41.1281" lon="-7.938984">
        <ele>220.89</ele>
      </trkpt>
      <trkpt lat="41.128067" lon="-7.938747">
        <ele>221.84</ele>
      </trkpt>
      <trkpt lat="41.128106" lon="-7.938147">
        <ele>221.6</ele>
      </trkpt>
      <trkpt lat="41.128183" lon="-7.937774">
        <ele>220.53</ele>
      </trkpt>
      <trkpt lat="41.128727" lon="-7.936601">
        <ele>219.03</ele>
      </trkpt>
      <trkpt lat="41.129021" lon="-7.936253">
        <ele>218.36</ele>
      </trkpt>
      <trkpt lat="41.129332" lon="-7.935996">
        <ele>217.9</ele>
      </trkpt>
      <trkpt lat="41.129667" lon="-7.9358">
        <ele>217.65</ele>
      </trkpt>
      <trkpt lat="41.130181" lon="-7.935276">
        <ele>218.92</ele>
      </trkpt>
      <trkpt lat="41.130279" lon="-7.935067">
        <ele>218.47</ele>
      </trkpt>
      <trkpt lat="41.130558" lon="-7.934133">
        <ele>219.38</ele>
      </trkpt>
      <trkpt lat="41.130584" lon="-7.9339">
        <ele>219.63</ele>
      </trkpt>
      <trkpt lat="41.130558" lon="-7.933706">
        <ele>219.31</ele>
      </trkpt>
      <trkpt lat="41.130387" lon="-7.933135">
        <ele>219.81</ele>
      </trkpt>
      <trkpt lat="41.130378" lon="-7.932968">
        <ele>219.82</ele>
      </trkpt>
      <trkpt lat="41.130448" lon="-7.932786">
        <ele>220.4</ele>
      </trkpt>
      <trkpt lat="41.13057" lon="-7.932684">
        <ele>218.94</ele>
      </trkpt>
      <trkpt lat="41.131127" lon="-7.932653">
        <ele>216.78</ele>
      </trkpt>
      <trkpt lat="41.131618" lon="-7.93238">
        <ele>214.21</ele>
      </trkpt>
      <trkpt lat="41.132141" lon="-7.931957">
        <ele>210.26</ele>
      </trkpt>
      <trkpt lat="41.132658" lon="-7.931509">
        <ele>206.91</ele>
      </trkpt>
      <trkpt lat="41.133234" lon="-7.931349">
        <ele>202.85</ele>
      </trkpt>
      <trkpt lat="41.133396" lon="-7.931268">
        <ele>202.52</ele>
      </trkpt>
      <trkpt lat="41.134601" lon="-7.930026">
        <ele>192.52</ele>
      </trkpt>
      <trkpt lat="41.134757" lon="-7.929838">
        <ele>191.29</ele>
      </trkpt>
      <trkpt lat="41.13503" lon="-7.929309">
        <ele>188.65</ele>
      </trkpt>
      <trkpt lat="41.13507" lon="-7.929073">
        <ele>187.3</ele>
      </trkpt>
      <trkpt lat="41.135048" lon="-7.928501">
        <ele>183.72</ele>
      </trkpt>
      <trkpt lat="41.135028" lon="-7.928364">
        <ele>183.07</ele>
      </trkpt>
      <trkpt lat="41.134976" lon="-7.928229">
        <ele>181.77</ele>
      </trkpt>
      <trkpt lat="41.134774" lon="-7.927881">
        <ele>179.37</ele>
      </trkpt>
      <trkpt lat="41.134603" lon="-7.927601">
        <ele>179.88</ele>
      </trkpt>
      <trkpt lat="41.134465" lon="-7.927532">
        <ele>181.13</ele>
      </trkpt>
      <trkpt lat="41.13436" lon="-7.927524">
        <ele>182.07</ele>
      </trkpt>
      <trkpt lat="41.134227" lon="-7.927561">
        <ele>182.62</ele>
      </trkpt>
      <trkpt lat="41.134121" lon="-7.927677">
        <ele>183.06</ele>
      </trkpt>
      <trkpt lat="41.133672" lon="-7.928221">
        <ele>186.66</ele>
      </trkpt>
      <trkpt lat="41.133599" lon="-7.928358">
        <ele>187.68</ele>
      </trkpt>
      <trkpt lat="41.133551" lon="-7.928522">
        <ele>188.57</ele>
      </trkpt>
      <trkpt lat="41.133478" lon="-7.928938">
        <ele>190.51</ele>
      </trkpt>
      <trkpt lat="41.133386" lon="-7.929196">
        <ele>191.25</ele>
      </trkpt>
      <trkpt lat="41.133224" lon="-7.929354">
        <ele>192.07</ele>
      </trkpt>
      <trkpt lat="41.132951" lon="-7.929421">
        <ele>193.89</ele>
      </trkpt>
      <trkpt lat="41.132349" lon="-7.929377">
        <ele>197.44</ele>
      </trkpt>
      <trkpt lat="41.131389" lon="-7.929719">
        <ele>199.74</ele>
      </trkpt>
      <trkpt lat="41.13125" lon="-7.929696">
        <ele>200.16</ele>
      </trkpt>
      <trkpt lat="41.131145" lon="-7.929624">
        <ele>201.28</ele>
      </trkpt>
      <trkpt lat="41.130974" lon="-7.929424">
        <ele>201.57</ele>
      </trkpt>
      <trkpt lat="41.130443" lon="-7.928558">
        <ele>203.95</ele>
      </trkpt>
      <trkpt lat="41.13011" lon="-7.928128">
        <ele>204.42</ele>
      </trkpt>
      <trkpt lat="41.129859" lon="-7.927904">
        <ele>204.72</ele>
      </trkpt>
      <trkpt lat="41.129412" lon="-7.927612">
        <ele>206.96</ele>
      </trkpt>
      <trkpt lat="41.128925" lon="-7.927194">
        <ele>208.9</ele>
      </trkpt>
      <trkpt lat="41.128837" lon="-7.927148">
        <ele>208.88</ele>
      </trkpt>
      <trkpt lat="41.128738" lon="-7.927133">
        <ele>209.02</ele>
      </trkpt>
      <trkpt lat="41.128599" lon="-7.92716">
        <ele>209.44</ele>
      </trkpt>
      <trkpt lat="41.128122" lon="-7.927505">
        <ele>211.46</ele>
      </trkpt>
      <trkpt lat="41.127542" lon="-7.92778">
        <ele>216.86</ele>
      </trkpt>
      <trkpt lat="41.127083" lon="-7.927998">
        <ele>219.12</ele>
      </trkpt>
      <trkpt lat="41.126874" lon="-7.928081">
        <ele>218.7</ele>
      </trkpt>
      <trkpt lat="41.126719" lon="-7.92811">
        <ele>218.71</ele>
      </trkpt>
      <trkpt lat="41.126025" lon="-7.928069">
        <ele>219.17</ele>
      </trkpt>
      <trkpt lat="41.125721" lon="-7.928014">
        <ele>220.53</ele>
      </trkpt>
      <trkpt lat="41.12545" lon="-7.927856">
        <ele>220.37</ele>
      </trkpt>
      <trkpt lat="41.125326" lon="-7.927808">
        <ele>219.97</ele>
      </trkpt>
      <trkpt lat="41.124501" lon="-7.927693">
        <ele>221.17</ele>
      </trkpt>
      <trkpt lat="41.124419" lon="-7.927644">
        <ele>221.88</ele>
      </trkpt>
      <trkpt lat="41.124349" lon="-7.927528">
        <ele>222.69</ele>
      </trkpt>
      <trkpt lat="41.124315" lon="-7.927376">
        <ele>222.29</ele>
      </trkpt>
      <trkpt lat="41.124322" lon="-7.927267">
        <ele>222.16</ele>
      </trkpt>
      <trkpt lat="41.124343" lon="-7.927124">
        <ele>221.87</ele>
      </trkpt>
      <trkpt lat="41.124395" lon="-7.926965">
        <ele>221.55</ele>
      </trkpt>
      <trkpt lat="41.124534" lon="-7.926627">
        <ele>219.16</ele>
      </trkpt>
      <trkpt lat="41.124812" lon="-7.925952">
        <ele>219.82</ele>
      </trkpt>
      <trkpt lat="41.12504" lon="-7.925174">
        <ele>220.71</ele>
      </trkpt>
      <trkpt lat="41.125309" lon="-7.92347">
        <ele>219.47</ele>
      </trkpt>
      <trkpt lat="41.125309" lon="-7.923218">
        <ele>219.1</ele>
      </trkpt>
      <trkpt lat="41.125255" lon="-7.923042">
        <ele>218.82</ele>
      </trkpt>
      <trkpt lat="41.125048" lon="-7.922535">
        <ele>220.2</ele>
      </trkpt>
      <trkpt lat="41.125018" lon="-7.922421">
        <ele>220.44</ele>
      </trkpt>
      <trkpt lat="41.125002" lon="-7.922107">
        <ele>220.21</ele>
      </trkpt>
      <trkpt lat="41.125021" lon="-7.921764">
        <ele>218.35</ele>
      </trkpt>
      <trkpt lat="41.125041" lon="-7.921157">
        <ele>217.07</ele>
      </trkpt>
      <trkpt lat="41.125009" lon="-7.92086">
        <ele>216.29</ele>
      </trkpt>
      <trkpt lat="41.124929" lon="-7.92053">
        <ele>216.57</ele>
      </trkpt>
      <trkpt lat="41.124903" lon="-7.920105">
        <ele>215.89</ele>
      </trkpt>
      <trkpt lat="41.124897" lon="-7.919606">
        <ele>216.81</ele>
      </trkpt>
      <trkpt lat="41.124947" lon="-7.919058">
        <ele>218.33</ele>
      </trkpt>
      <trkpt lat="41.124938" lon="-7.918868">
        <ele>217.92</ele>
      </trkpt>
      <trkpt lat="41.124921" lon="-7.91874">
        <ele>217.61</ele>
      </trkpt>
      <trkpt lat="41.124873" lon="-7.918571">
        <ele>216.65</ele>
      </trkpt>
      <trkpt lat="41.124827" lon="-7.918484">
        <ele>216.76</ele>
      </trkpt>
      <trkpt lat="41.124758" lon="-7.918421">
        <ele>215.77</ele>
      </trkpt>
      <trkpt lat="41.12445" lon="-7.918322">
        <ele>216.33</ele>
      </trkpt>
      <trkpt lat="41.124367" lon="-7.918263">
        <ele>216.87</ele>
      </trkpt>
      <trkpt lat="41.124305" lon="-7.918185">
        <ele>217.45</ele>
      </trkpt>
      <trkpt lat="41.124265" lon="-7.918101">
        <ele>217.13</ele>
      </trkpt>
      <trkpt lat="41.124239" lon="-7.917988">
        <ele>217.7</ele>
      </trkpt>
      <trkpt lat="41.124235" lon="-7.917881">
        <ele>218.42</ele>
      </trkpt>
      <trkpt lat="41.124248" lon="-7.917774">
        <ele>218.73</ele>
      </trkpt>
      <trkpt lat="41.124382" lon="-7.917394">
        <ele>221</ele>
      </trkpt>
      <trkpt lat="41.124513" lon="-7.916818">
        <ele>220.52</ele>
      </trkpt>
      <trkpt lat="41.124544" lon="-7.916448">
        <ele>219.26</ele>
      </trkpt>
      <trkpt lat="41.124528" lon="-7.916219">
        <ele>218.4</ele>
      </trkpt>
      <trkpt lat="41.124478" lon="-7.915961">
        <ele>218.04</ele>
      </trkpt>
      <trkpt lat="41.124232" lon="-7.914855">
        <ele>218.89</ele>
      </trkpt>
      <trkpt lat="41.124209" lon="-7.91464">
        <ele>219</ele>
      </trkpt>
      <trkpt lat="41.124214" lon="-7.914449">
        <ele>218.54</ele>
      </trkpt>
      <trkpt lat="41.124226" lon="-7.914325">
        <ele>218.18</ele>
      </trkpt>
      <trkpt lat="41.124349" lon="-7.913692">
        <ele>218.7</ele>
      </trkpt>
      <trkpt lat="41.124363" lon="-7.913567">
        <ele>218.15</ele>
      </trkpt>
      <trkpt lat="41.124351" lon="-7.91341">
        <ele>217.72</ele>
      </trkpt>
      <trkpt lat="41.124216" lon="-7.912748">
        <ele>218.49</ele>
      </trkpt>
      <trkpt lat="41.124204" lon="-7.91246">
        <ele>219.59</ele>
      </trkpt>
      <trkpt lat="41.12421" lon="-7.912069">
        <ele>217.87</ele>
      </trkpt>
      <trkpt lat="41.124246" lon="-7.911759">
        <ele>218.68</ele>
      </trkpt>
      <trkpt lat="41.124421" lon="-7.911032">
        <ele>224.51</ele>
      </trkpt>
      <trkpt lat="41.124596" lon="-7.910305">
        <ele>227.65</ele>
      </trkpt>
      <trkpt lat="41.12471" lon="-7.909844">
        <ele>226.61</ele>
      </trkpt>
      <trkpt lat="41.124765" lon="-7.909672">
        <ele>226.87</ele>
      </trkpt>
      <trkpt lat="41.124832" lon="-7.909518">
        <ele>226.79</ele>
      </trkpt>
      <trkpt lat="41.125129" lon="-7.908998">
        <ele>229.74</ele>
      </trkpt>
      <trkpt lat="41.125166" lon="-7.908923">
        <ele>229.78</ele>
      </trkpt>
      <trkpt lat="41.12524" lon="-7.908736">
        <ele>231.55</ele>
      </trkpt>
      <trkpt lat="41.125293" lon="-7.908549">
        <ele>232.52</ele>
      </trkpt>
      <trkpt lat="41.125312" lon="-7.908439">
        <ele>233.12</ele>
      </trkpt>
      <trkpt lat="41.12541" lon="-7.907686">
        <ele>235.49</ele>
      </trkpt>
      <trkpt lat="41.125421" lon="-7.907493">
        <ele>236.31</ele>
      </trkpt>
      <trkpt lat="41.125344" lon="-7.906526">
        <ele>240.2</ele>
      </trkpt>
      <trkpt lat="41.125351" lon="-7.906368">
        <ele>240.46</ele>
      </trkpt>
      <trkpt lat="41.125379" lon="-7.9062">
        <ele>239.55</ele>
      </trkpt>
      <trkpt lat="41.125423" lon="-7.906073">
        <ele>239.43</ele>
      </trkpt>
      <trkpt lat="41.125797" lon="-7.905336">
        <ele>239.57</ele>
      </trkpt>
      <trkpt lat="41.12583" lon="-7.905259">
        <ele>239.95</ele>
      </trkpt>
      <trkpt lat="41.125884" lon="-7.9051">
        <ele>240.38</ele>
      </trkpt>
      <trkpt lat="41.125992" lon="-7.904645">
        <ele>240.99</ele>
      </trkpt>
      <trkpt lat="41.126037" lon="-7.904542">
        <ele>241</ele>
      </trkpt>
      <trkpt lat="41.12611" lon="-7.904444">
        <ele>241.28</ele>
      </trkpt>
      <trkpt lat="41.126202" lon="-7.904373">
        <ele>241.99</ele>
      </trkpt>
      <trkpt lat="41.126336" lon="-7.904308">
        <ele>242.02</ele>
      </trkpt>
      <trkpt lat="41.126586" lon="-7.904211">
        <ele>243.38</ele>
      </trkpt>
      <trkpt lat="41.126836" lon="-7.904114">
        <ele>241.85</ele>
      </trkpt>
      <trkpt lat="41.126944" lon="-7.904081">
        <ele>240.65</ele>
      </trkpt>
      <trkpt lat="41.127089" lon="-7.904083">
        <ele>239.55</ele>
      </trkpt>
      <trkpt lat="41.127617" lon="-7.904181">
        <ele>236.2</ele>
      </trkpt>
      <trkpt lat="41.12773" lon="-7.904214">
        <ele>235.24</ele>
      </trkpt>
      <trkpt lat="41.128175" lon="-7.904453">
        <ele>233.09</ele>
      </trkpt>
      <trkpt lat="41.128404" lon="-7.904606">
        <ele>232.22</ele>
      </trkpt>
      <trkpt lat="41.128554" lon="-7.904733">
        <ele>231.79</ele>
      </trkpt>
      <trkpt lat="41.128593" lon="-7.90478">
        <ele>231.44</ele>
      </trkpt>
      <trkpt lat="41.128672" lon="-7.904924">
        <ele>230.76</ele>
      </trkpt>
      <trkpt lat="41.128698" lon="-7.905003">
        <ele>229.72</ele>
      </trkpt>
      <trkpt lat="41.128832" lon="-7.905536">
        <ele>226.7</ele>
      </trkpt>
      <trkpt lat="41.128858" lon="-7.90562">
        <ele>226.19</ele>
      </trkpt>
      <trkpt lat="41.12889" lon="-7.905686">
        <ele>225.36</ele>
      </trkpt>
      <trkpt lat="41.128929" lon="-7.905736">
        <ele>224.81</ele>
      </trkpt>
      <trkpt lat="41.128977" lon="-7.905774">
        <ele>224.57</ele>
      </trkpt>
      <trkpt lat="41.129093" lon="-7.905824">
        <ele>224.24</ele>
      </trkpt>
      <trkpt lat="41.129148" lon="-7.905826">
        <ele>224.3</ele>
      </trkpt>
      <trkpt lat="41.129203" lon="-7.905814">
        <ele>224.31</ele>
      </trkpt>
      <trkpt lat="41.129276" lon="-7.90578">
        <ele>224.65</ele>
      </trkpt>
      <trkpt lat="41.129605" lon="-7.905553">
        <ele>225.08</ele>
      </trkpt>
      <trkpt lat="41.129668" lon="-7.90552">
        <ele>224.95</ele>
      </trkpt>
      <trkpt lat="41.131421" lon="-7.904827">
        <ele>217.06</ele>
      </trkpt>
      <trkpt lat="41.131554" lon="-7.904808">
        <ele>216.12</ele>
      </trkpt>
      <trkpt lat="41.131718" lon="-7.904823">
        <ele>215.4</ele>
      </trkpt>
      <trkpt lat="41.13203" lon="-7.904897">
        <ele>214.31</ele>
      </trkpt>
      <trkpt lat="41.132106" lon="-7.904925">
        <ele>213.96</ele>
      </trkpt>
      <trkpt lat="41.132175" lon="-7.904967">
        <ele>214.06</ele>
      </trkpt>
      <trkpt lat="41.132306" lon="-7.905086">
        <ele>213.09</ele>
      </trkpt>
      <trkpt lat="41.132369" lon="-7.905155">
        <ele>212.85</ele>
      </trkpt>
      <trkpt lat="41.132498" lon="-7.905356">
        <ele>211.31</ele>
      </trkpt>
      <trkpt lat="41.132547" lon="-7.905454">
        <ele>211.75</ele>
      </trkpt>
      <trkpt lat="41.13259" lon="-7.905573">
        <ele>211.69</ele>
      </trkpt>
      <trkpt lat="41.13279" lon="-7.906269">
        <ele>210.72</ele>
      </trkpt>
      <trkpt lat="41.132825" lon="-7.906338">
        <ele>211.02</ele>
      </trkpt>
      <trkpt lat="41.132867" lon="-7.906388">
        <ele>210.91</ele>
      </trkpt>
      <trkpt lat="41.132953" lon="-7.906449">
        <ele>210.24</ele>
      </trkpt>
      <trkpt lat="41.133083" lon="-7.906497">
        <ele>210.04</ele>
      </trkpt>
      <trkpt lat="41.133362" lon="-7.906477">
        <ele>207.65</ele>
      </trkpt>
      <trkpt lat="41.133547" lon="-7.906464">
        <ele>208.14</ele>
      </trkpt>
      <trkpt lat="41.133641" lon="-7.906457">
        <ele>208.38</ele>
      </trkpt>
      <trkpt lat="41.133735" lon="-7.906417">
        <ele>208.87</ele>
      </trkpt>
      <trkpt lat="41.133795" lon="-7.906372">
        <ele>209.19</ele>
      </trkpt>
      <trkpt lat="41.133848" lon="-7.906305">
        <ele>209.61</ele>
      </trkpt>
      <trkpt lat="41.133886" lon="-7.906213">
        <ele>209.37</ele>
      </trkpt>
      <trkpt lat="41.133959" lon="-7.905957">
        <ele>208.08</ele>
      </trkpt>
      <trkpt lat="41.134033" lon="-7.905701">
        <ele>208.91</ele>
      </trkpt>
      <trkpt lat="41.134136" lon="-7.905381">
        <ele>209.39</ele>
      </trkpt>
      <trkpt lat="41.13419" lon="-7.905279">
        <ele>209.4</ele>
      </trkpt>
      <trkpt lat="41.13424" lon="-7.905221">
        <ele>210.02</ele>
      </trkpt>
      <trkpt lat="41.134294" lon="-7.90518">
        <ele>210.06</ele>
      </trkpt>
      <trkpt lat="41.134434" lon="-7.905124">
        <ele>209.74</ele>
      </trkpt>
      <trkpt lat="41.1345" lon="-7.905117">
        <ele>209.72</ele>
      </trkpt>
      <trkpt lat="41.134703" lon="-7.905124">
        <ele>210.23</ele>
      </trkpt>
      <trkpt lat="41.135196" lon="-7.905171">
        <ele>210.08</ele>
      </trkpt>
      <trkpt lat="41.135688" lon="-7.905218">
        <ele>212.45</ele>
      </trkpt>
      <trkpt lat="41.135819" lon="-7.905202">
        <ele>212.51</ele>
      </trkpt>
      <trkpt lat="41.135928" lon="-7.90513">
        <ele>213.32</ele>
      </trkpt>
      <trkpt lat="41.135976" lon="-7.905078">
        <ele>213.87</ele>
      </trkpt>
      <trkpt lat="41.136014" lon="-7.905015">
        <ele>214.55</ele>
      </trkpt>
      <trkpt lat="41.136038" lon="-7.904951">
        <ele>215.48</ele>
      </trkpt>
      <trkpt lat="41.136052" lon="-7.904862">
        <ele>216.21</ele>
      </trkpt>
      <trkpt lat="41.136054" lon="-7.904765">
        <ele>216.66</ele>
      </trkpt>
      <trkpt lat="41.136026" lon="-7.904337">
        <ele>217.93</ele>
      </trkpt>
      <trkpt lat="41.136028" lon="-7.904236">
        <ele>218.47</ele>
      </trkpt>
      <trkpt lat="41.136085" lon="-7.903484">
        <ele>221.97</ele>
      </trkpt>
      <trkpt lat="41.136113" lon="-7.903108">
        <ele>221.97</ele>
      </trkpt>
      <trkpt lat="41.136142" lon="-7.902966">
        <ele>221.9</ele>
      </trkpt>
      <trkpt lat="41.136179" lon="-7.902853">
        <ele>222.11</ele>
      </trkpt>
      <trkpt lat="41.136234" lon="-7.90276">
        <ele>222.69</ele>
      </trkpt>
      <trkpt lat="41.136586" lon="-7.902351">
        <ele>225.6</ele>
      </trkpt>
      <trkpt lat="41.136651" lon="-7.902264">
        <ele>226.07</ele>
      </trkpt>
      <trkpt lat="41.136696" lon="-7.902192">
        <ele>226.36</ele>
      </trkpt>
      <trkpt lat="41.136823" lon="-7.901929">
        <ele>227</ele>
      </trkpt>
      <trkpt lat="41.136963" lon="-7.901689">
        <ele>227.96</ele>
      </trkpt>
      <trkpt lat="41.137402" lon="-7.901041">
        <ele>229.78</ele>
      </trkpt>
      <trkpt lat="41.137469" lon="-7.900927">
        <ele>231.12</ele>
      </trkpt>
      <trkpt lat="41.137674" lon="-7.900478">
        <ele>233.24</ele>
      </trkpt>
      <trkpt lat="41.137719" lon="-7.900411">
        <ele>233.94</ele>
      </trkpt>
      <trkpt lat="41.137834" lon="-7.900302">
        <ele>234.3</ele>
      </trkpt>
      <trkpt lat="41.137916" lon="-7.900257">
        <ele>235.22</ele>
      </trkpt>
      <trkpt lat="41.138596" lon="-7.899931">
        <ele>236.77</ele>
      </trkpt>
      <trkpt lat="41.139486" lon="-7.899504">
        <ele>243.35</ele>
      </trkpt>
      <trkpt lat="41.139708" lon="-7.899397">
        <ele>243.13</ele>
      </trkpt>
      <trkpt lat="41.13987" lon="-7.899281">
        <ele>245.79</ele>
      </trkpt>
      <trkpt lat="41.139999" lon="-7.899099">
        <ele>247.58</ele>
      </trkpt>
      <trkpt lat="41.140339" lon="-7.898304">
        <ele>248.78</ele>
      </trkpt>
      <trkpt lat="41.140378" lon="-7.898141">
        <ele>249.01</ele>
      </trkpt>
      <trkpt lat="41.140381" lon="-7.898052">
        <ele>249.41</ele>
      </trkpt>
      <trkpt lat="41.140367" lon="-7.897968">
        <ele>249.81</ele>
      </trkpt>
      <trkpt lat="41.140239" lon="-7.897663">
        <ele>250.86</ele>
      </trkpt>
      <trkpt lat="41.140195" lon="-7.897525">
        <ele>250</ele>
      </trkpt>
      <trkpt lat="41.140185" lon="-7.897436">
        <ele>249.79</ele>
      </trkpt>
      <trkpt lat="41.140176" lon="-7.896676">
        <ele>251.3</ele>
      </trkpt>
      <trkpt lat="41.140187" lon="-7.89657">
        <ele>251.7</ele>
      </trkpt>
      <trkpt lat="41.140207" lon="-7.896465">
        <ele>251.45</ele>
      </trkpt>
      <trkpt lat="41.140237" lon="-7.896378">
        <ele>251.54</ele>
      </trkpt>
      <trkpt lat="41.140282" lon="-7.896282">
        <ele>251.4</ele>
      </trkpt>
      <trkpt lat="41.140681" lon="-7.89577">
        <ele>255.85</ele>
      </trkpt>
      <trkpt lat="41.140717" lon="-7.895678">
        <ele>256.4</ele>
      </trkpt>
      <trkpt lat="41.140736" lon="-7.895591">
        <ele>257.96</ele>
      </trkpt>
      <trkpt lat="41.14074" lon="-7.895498">
        <ele>258.66</ele>
      </trkpt>
      <trkpt lat="41.140722" lon="-7.895375">
        <ele>258.4</ele>
      </trkpt>
      <trkpt lat="41.140698" lon="-7.895285">
        <ele>258.99</ele>
      </trkpt>
      <trkpt lat="41.140665" lon="-7.895223">
        <ele>259.3</ele>
      </trkpt>
      <trkpt lat="41.140608" lon="-7.89515">
        <ele>260.26</ele>
      </trkpt>
      <trkpt lat="41.140535" lon="-7.895097">
        <ele>261.31</ele>
      </trkpt>
      <trkpt lat="41.140416" lon="-7.895034">
        <ele>262.2</ele>
      </trkpt>
      <trkpt lat="41.140069" lon="-7.894871">
        <ele>263.43</ele>
      </trkpt>
      <trkpt lat="41.139998" lon="-7.894833">
        <ele>262.99</ele>
      </trkpt>
      <trkpt lat="41.13992" lon="-7.894771">
        <ele>262.84</ele>
      </trkpt>
      <trkpt lat="41.139837" lon="-7.894664">
        <ele>263.34</ele>
      </trkpt>
      <trkpt lat="41.139498" lon="-7.894031">
        <ele>265.51</ele>
      </trkpt>
      <trkpt lat="41.139452" lon="-7.893931">
        <ele>265.6</ele>
      </trkpt>
      <trkpt lat="41.139426" lon="-7.89383">
        <ele>265.31</ele>
      </trkpt>
      <trkpt lat="41.139418" lon="-7.893707">
        <ele>265.03</ele>
      </trkpt>
      <trkpt lat="41.139435" lon="-7.893606">
        <ele>265.16</ele>
      </trkpt>
      <trkpt lat="41.139467" lon="-7.893513">
        <ele>264.79</ele>
      </trkpt>
      <trkpt lat="41.139553" lon="-7.89338">
        <ele>264.51</ele>
      </trkpt>
      <trkpt lat="41.139922" lon="-7.892869">
        <ele>267.19</ele>
      </trkpt>
      <trkpt lat="41.139924" lon="-7.892948">
        <ele>267.74</ele>
      </trkpt>
      <trkpt lat="41.139925" lon="-7.892994">
        <ele>268.06</ele>
      </trkpt>
      <trkpt lat="41.139894" lon="-7.893179">
        <ele>269.15</ele>
      </trkpt>
      <trkpt lat="41.139747" lon="-7.893628">
        <ele>274.09</ele>
      </trkpt>
      <trkpt lat="41.139736" lon="-7.893751">
        <ele>275.36</ele>
      </trkpt>
      <trkpt lat="41.139754" lon="-7.893831">
        <ele>276.17</ele>
      </trkpt>
      <trkpt lat="41.139788" lon="-7.893904">
        <ele>276.66</ele>
      </trkpt>
      <trkpt lat="41.139846" lon="-7.893947">
        <ele>277.69</ele>
      </trkpt>
      <trkpt lat="41.139894" lon="-7.893949">
        <ele>278.52</ele>
      </trkpt>
      <trkpt lat="41.139934" lon="-7.893939">
        <ele>279.27</ele>
      </trkpt>
      <trkpt lat="41.139983" lon="-7.893903">
        <ele>280.6</ele>
      </trkpt>
      <trkpt lat="41.140032" lon="-7.893829">
        <ele>281.52</ele>
      </trkpt>
      <trkpt lat="41.14007" lon="-7.893743">
        <ele>282.56</ele>
      </trkpt>
      <trkpt lat="41.140331" lon="-7.893162">
        <ele>289.52</ele>
      </trkpt>
      <trkpt lat="41.140573" lon="-7.892457">
        <ele>298.54</ele>
      </trkpt>
      <trkpt lat="41.140598" lon="-7.892406">
        <ele>298.77</ele>
      </trkpt>
      <trkpt lat="41.140631" lon="-7.892372">
        <ele>299.27</ele>
      </trkpt>
      <trkpt lat="41.140887" lon="-7.892208">
        <ele>303.45</ele>
      </trkpt>
      <trkpt lat="41.140924" lon="-7.892176">
        <ele>304.25</ele>
      </trkpt>
      <trkpt lat="41.140964" lon="-7.892119">
        <ele>304.97</ele>
      </trkpt>
      <trkpt lat="41.141035" lon="-7.891948">
        <ele>307.46</ele>
      </trkpt>
      <trkpt lat="41.141107" lon="-7.891694">
        <ele>310.19</ele>
      </trkpt>
      <trkpt lat="41.141131" lon="-7.891647">
        <ele>310.67</ele>
      </trkpt>
      <trkpt lat="41.141171" lon="-7.891609">
        <ele>310.98</ele>
      </trkpt>
      <trkpt lat="41.141223" lon="-7.89158">
        <ele>310.78</ele>
      </trkpt>
      <trkpt lat="41.141262" lon="-7.891566">
        <ele>310.06</ele>
      </trkpt>
      <trkpt lat="41.14132" lon="-7.891568">
        <ele>310.13</ele>
      </trkpt>
      <trkpt lat="41.141473" lon="-7.891605">
        <ele>312.03</ele>
      </trkpt>
      <trkpt lat="41.141568" lon="-7.891636">
        <ele>311.66</ele>
      </trkpt>
      <trkpt lat="41.141768" lon="-7.891734">
        <ele>313.54</ele>
      </trkpt>
      <trkpt lat="41.141856" lon="-7.8918">
        <ele>314.16</ele>
      </trkpt>
      <trkpt lat="41.141941" lon="-7.891878">
        <ele>315.15</ele>
      </trkpt>
      <trkpt lat="41.142117" lon="-7.892065">
        <ele>317.38</ele>
      </trkpt>
      <trkpt lat="41.142465" lon="-7.892531">
        <ele>321.99</ele>
      </trkpt>
      <trkpt lat="41.142543" lon="-7.892663">
        <ele>322.26</ele>
      </trkpt>
      <trkpt lat="41.142694" lon="-7.893055">
        <ele>323.7</ele>
      </trkpt>
      <trkpt lat="41.142777" lon="-7.893488">
        <ele>326.43</ele>
      </trkpt>
      <trkpt lat="41.142808" lon="-7.893593">
        <ele>326.87</ele>
      </trkpt>
      <trkpt lat="41.142845" lon="-7.893664">
        <ele>327.49</ele>
      </trkpt>
      <trkpt lat="41.142946" lon="-7.89378">
        <ele>328.46</ele>
      </trkpt>
      <trkpt lat="41.143205" lon="-7.893997">
        <ele>331.71</ele>
      </trkpt>
      <trkpt lat="41.143286" lon="-7.894078">
        <ele>332.35</ele>
      </trkpt>
      <trkpt lat="41.143403" lon="-7.89422">
        <ele>333.5</ele>
      </trkpt>
      <trkpt lat="41.14392" lon="-7.894446">
        <ele>331.49</ele>
      </trkpt>
      <trkpt lat="41.143974" lon="-7.894481">
        <ele>331.64</ele>
      </trkpt>
      <trkpt lat="41.14412" lon="-7.894627">
        <ele>331.34</ele>
      </trkpt>
      <trkpt lat="41.14418" lon="-7.894674">
        <ele>331.4</ele>
      </trkpt>
      <trkpt lat="41.145047" lon="-7.895085">
        <ele>329.13</ele>
      </trkpt>
      <trkpt lat="41.145108" lon="-7.895106">
        <ele>329.1</ele>
      </trkpt>
      <trkpt lat="41.145173" lon="-7.895114">
        <ele>329.67</ele>
      </trkpt>
      <trkpt lat="41.145246" lon="-7.895097">
        <ele>329.78</ele>
      </trkpt>
      <trkpt lat="41.145311" lon="-7.895049">
        <ele>330.18</ele>
      </trkpt>
      <trkpt lat="41.145353" lon="-7.895">
        <ele>329.94</ele>
      </trkpt>
      <trkpt lat="41.145597" lon="-7.894646">
        <ele>328.3</ele>
      </trkpt>
      <trkpt lat="41.145965" lon="-7.894114">
        <ele>322.72</ele>
      </trkpt>
      <trkpt lat="41.14621" lon="-7.893871">
        <ele>321.08</ele>
      </trkpt>
      <trkpt lat="41.146415" lon="-7.893734">
        <ele>321.1</ele>
      </trkpt>
      <trkpt lat="41.146512" lon="-7.893688">
        <ele>320.78</ele>
      </trkpt>
      <trkpt lat="41.14661" lon="-7.893656">
        <ele>320.84</ele>
      </trkpt>
      <trkpt lat="41.146698" lon="-7.893647">
        <ele>320.88</ele>
      </trkpt>
      <trkpt lat="41.146835" lon="-7.893659">
        <ele>319.65</ele>
      </trkpt>
      <trkpt lat="41.147255" lon="-7.893787">
        <ele>316.43</ele>
      </trkpt>
      <trkpt lat="41.147348" lon="-7.893841">
        <ele>315.64</ele>
      </trkpt>
      <trkpt lat="41.147407" lon="-7.893891">
        <ele>314.99</ele>
      </trkpt>
      <trkpt lat="41.147479" lon="-7.893969">
        <ele>314.32</ele>
      </trkpt>
      <trkpt lat="41.147532" lon="-7.894041">
        <ele>313.48</ele>
      </trkpt>
      <trkpt lat="41.147571" lon="-7.894112">
        <ele>312.71</ele>
      </trkpt>
      <trkpt lat="41.147856" lon="-7.894711">
        <ele>308.77</ele>
      </trkpt>
      <trkpt lat="41.147898" lon="-7.894784">
        <ele>308.63</ele>
      </trkpt>
      <trkpt lat="41.147941" lon="-7.894841">
        <ele>308.57</ele>
      </trkpt>
      <trkpt lat="41.147985" lon="-7.894871">
        <ele>308.01</ele>
      </trkpt>
      <trkpt lat="41.148042" lon="-7.894895">
        <ele>307.21</ele>
      </trkpt>
      <trkpt lat="41.14811" lon="-7.894909">
        <ele>306.45</ele>
      </trkpt>
      <trkpt lat="41.14846" lon="-7.894926">
        <ele>306.61</ele>
      </trkpt>
      <trkpt lat="41.148517" lon="-7.894939">
        <ele>306.45</ele>
      </trkpt>
      <trkpt lat="41.148636" lon="-7.895007">
        <ele>306.84</ele>
      </trkpt>
      <trkpt lat="41.148764" lon="-7.895118">
        <ele>307.23</ele>
      </trkpt>
      <trkpt lat="41.148919" lon="-7.895276">
        <ele>306.31</ele>
      </trkpt>
      <trkpt lat="41.148991" lon="-7.89539">
        <ele>305.59</ele>
      </trkpt>
      <trkpt lat="41.149062" lon="-7.895552">
        <ele>303.42</ele>
      </trkpt>
      <trkpt lat="41.149097" lon="-7.895606">
        <ele>302.39</ele>
      </trkpt>
      <trkpt lat="41.149138" lon="-7.895647">
        <ele>301.12</ele>
      </trkpt>
      <trkpt lat="41.149177" lon="-7.895669">
        <ele>300.61</ele>
      </trkpt>
      <trkpt lat="41.149213" lon="-7.895673">
        <ele>299.94</ele>
      </trkpt>
      <trkpt lat="41.149266" lon="-7.895659">
        <ele>298.66</ele>
      </trkpt>
      <trkpt lat="41.149308" lon="-7.895633">
        <ele>298.53</ele>
      </trkpt>
      <trkpt lat="41.149577" lon="-7.895325">
        <ele>293.39</ele>
      </trkpt>
      <trkpt lat="41.149843" lon="-7.895076">
        <ele>289.45</ele>
      </trkpt>
      <trkpt lat="41.150108" lon="-7.894827">
        <ele>283.33</ele>
      </trkpt>
      <trkpt lat="41.150195" lon="-7.894783">
        <ele>282.81</ele>
      </trkpt>
      <trkpt lat="41.150702" lon="-7.894698">
        <ele>281.14</ele>
      </trkpt>
      <trkpt lat="41.150822" lon="-7.894703">
        <ele>279.5</ele>
      </trkpt>
      <trkpt lat="41.151184" lon="-7.894817">
        <ele>278.43</ele>
      </trkpt>
      <trkpt lat="41.151281" lon="-7.894816">
        <ele>277.77</ele>
      </trkpt>
      <trkpt lat="41.151409" lon="-7.894782">
        <ele>277.07</ele>
      </trkpt>
      <trkpt lat="41.151462" lon="-7.894785">
        <ele>277.26</ele>
      </trkpt>
      <trkpt lat="41.151834" lon="-7.894911">
        <ele>273.66</ele>
      </trkpt>
      <trkpt lat="41.151904" lon="-7.894924">
        <ele>273.94</ele>
      </trkpt>
      <trkpt lat="41.152064" lon="-7.894899">
        <ele>274.56</ele>
      </trkpt>
      <trkpt lat="41.152412" lon="-7.894683">
        <ele>276.38</ele>
      </trkpt>
      <trkpt lat="41.153434" lon="-7.894039">
        <ele>281.94</ele>
      </trkpt>
      <trkpt lat="41.153775" lon="-7.893864">
        <ele>282.89</ele>
      </trkpt>
      <trkpt lat="41.154157" lon="-7.893615">
        <ele>285.24</ele>
      </trkpt>
      <trkpt lat="41.154279" lon="-7.893557">
        <ele>286.1</ele>
      </trkpt>
      <trkpt lat="41.154344" lon="-7.893543">
        <ele>286.48</ele>
      </trkpt>
      <trkpt lat="41.154412" lon="-7.893541">
        <ele>286.97</ele>
      </trkpt>
      <trkpt lat="41.154477" lon="-7.893558">
        <ele>287.48</ele>
      </trkpt>
      <trkpt lat="41.154597" lon="-7.893618">
        <ele>288.56</ele>
      </trkpt>
      <trkpt lat="41.155006" lon="-7.893913">
        <ele>292.68</ele>
      </trkpt>
      <trkpt lat="41.155708" lon="-7.894069">
        <ele>295.6</ele>
      </trkpt>
      <trkpt lat="41.155679" lon="-7.894311">
        <ele>298.99</ele>
      </trkpt>
      <trkpt lat="41.155686" lon="-7.894508">
        <ele>300.79</ele>
      </trkpt>
      <trkpt lat="41.155707" lon="-7.894576">
        <ele>300.77</ele>
      </trkpt>
      <trkpt lat="41.155759" lon="-7.894666">
        <ele>300.94</ele>
      </trkpt>
      <trkpt lat="41.155832" lon="-7.894755">
        <ele>301.12</ele>
      </trkpt>
      <trkpt lat="41.155961" lon="-7.894827">
        <ele>300.26</ele>
      </trkpt>
      <trkpt lat="41.156029" lon="-7.894841">
        <ele>299.99</ele>
      </trkpt>
      <trkpt lat="41.156126" lon="-7.894838">
        <ele>299.93</ele>
      </trkpt>
      <trkpt lat="41.156211" lon="-7.894801">
        <ele>299.24</ele>
      </trkpt>
      <trkpt lat="41.156278" lon="-7.894745">
        <ele>298.85</ele>
      </trkpt>
      <trkpt lat="41.15657" lon="-7.894466">
        <ele>299.37</ele>
      </trkpt>
      <trkpt lat="41.15686" lon="-7.894189">
        <ele>299.89</ele>
      </trkpt>
      <trkpt lat="41.157819" lon="-7.892911">
        <ele>302.49</ele>
      </trkpt>
      <trkpt lat="41.15793" lon="-7.892726">
        <ele>302.1</ele>
      </trkpt>
      <trkpt lat="41.158204" lon="-7.892358">
        <ele>302.45</ele>
      </trkpt>
      <trkpt lat="41.158225" lon="-7.89231">
        <ele>302.59</ele>
      </trkpt>
      <trkpt lat="41.158259" lon="-7.892272">
        <ele>302.51</ele>
      </trkpt>
      <trkpt lat="41.158301" lon="-7.892259">
        <ele>302.24</ele>
      </trkpt>
      <trkpt lat="41.158344" lon="-7.892262">
        <ele>302.17</ele>
      </trkpt>
      <trkpt lat="41.158381" lon="-7.892287">
        <ele>302.33</ele>
      </trkpt>
      <trkpt lat="41.158409" lon="-7.892335">
        <ele>302.14</ele>
      </trkpt>
      <trkpt lat="41.158445" lon="-7.892341">
        <ele>302.14</ele>
      </trkpt>
      <trkpt lat="41.158612" lon="-7.892308">
        <ele>300.29</ele>
      </trkpt>
      <trkpt lat="41.159328" lon="-7.891755">
        <ele>296.75</ele>
      </trkpt>
      <trkpt lat="41.159521" lon="-7.891634">
        <ele>296.23</ele>
      </trkpt>
      <trkpt lat="41.159623" lon="-7.891594">
        <ele>295.57</ele>
      </trkpt>
      <trkpt lat="41.159723" lon="-7.891574">
        <ele>294.66</ele>
      </trkpt>
      <trkpt lat="41.159821" lon="-7.891576">
        <ele>293.65</ele>
      </trkpt>
      <trkpt lat="41.16012" lon="-7.89161">
        <ele>293.87</ele>
      </trkpt>
      <trkpt lat="41.160346" lon="-7.891571">
        <ele>294.15</ele>
      </trkpt>
      <trkpt lat="41.160463" lon="-7.891489">
        <ele>294.88</ele>
      </trkpt>
      <trkpt lat="41.160553" lon="-7.89133">
        <ele>295.08</ele>
      </trkpt>
      <trkpt lat="41.160616" lon="-7.891083">
        <ele>294.5</ele>
      </trkpt>
      <trkpt lat="41.160644" lon="-7.890353">
        <ele>294.43</ele>
      </trkpt>
      <trkpt lat="41.160681" lon="-7.88924">
        <ele>298.73</ele>
      </trkpt>
      <trkpt lat="41.16071" lon="-7.889057">
        <ele>299.45</ele>
      </trkpt>
      <trkpt lat="41.160736" lon="-7.888984">
        <ele>299.38</ele>
      </trkpt>
      <trkpt lat="41.160836" lon="-7.888783">
        <ele>301.32</ele>
      </trkpt>
      <trkpt lat="41.160924" lon="-7.888691">
        <ele>301.59</ele>
      </trkpt>
      <trkpt lat="41.160997" lon="-7.888634">
        <ele>302.16</ele>
      </trkpt>
      <trkpt lat="41.161088" lon="-7.888595">
        <ele>302.92</ele>
      </trkpt>
      <trkpt lat="41.161185" lon="-7.888573">
        <ele>303.68</ele>
      </trkpt>
      <trkpt lat="41.161311" lon="-7.888563">
        <ele>306.2</ele>
      </trkpt>
      <trkpt lat="41.161637" lon="-7.888543">
        <ele>307.52</ele>
      </trkpt>
      <trkpt lat="41.161826" lon="-7.888468">
        <ele>309.09</ele>
      </trkpt>
      <trkpt lat="41.161873" lon="-7.888333">
        <ele>309.54</ele>
      </trkpt>
      <trkpt lat="41.161874" lon="-7.888215">
        <ele>310.05</ele>
      </trkpt>
      <trkpt lat="41.161854" lon="-7.888095">
        <ele>311.69</ele>
      </trkpt>
      <trkpt lat="41.161827" lon="-7.888069">
        <ele>311.59</ele>
      </trkpt>
      <trkpt lat="41.161705" lon="-7.887951">
        <ele>311.17</ele>
      </trkpt>
      <trkpt lat="41.161586" lon="-7.88781">
        <ele>316.71</ele>
      </trkpt>
      <trkpt lat="41.16138" lon="-7.887516">
        <ele>313.24</ele>
      </trkpt>
      <trkpt lat="41.161188" lon="-7.88723">
        <ele>308.86</ele>
      </trkpt>
      <trkpt lat="41.160996" lon="-7.886945">
        <ele>308.09</ele>
      </trkpt>
      <trkpt lat="41.160817" lon="-7.886703">
        <ele>305.95</ele>
      </trkpt>
      <trkpt lat="41.160703" lon="-7.886599">
        <ele>306.32</ele>
      </trkpt>
      <trkpt lat="41.160569" lon="-7.886515">
        <ele>305.67</ele>
      </trkpt>
      <trkpt lat="41.160405" lon="-7.88647">
        <ele>306.25</ele>
      </trkpt>
      <trkpt lat="41.160179" lon="-7.886456">
        <ele>306.42</ele>
      </trkpt>
      <trkpt lat="41.160066" lon="-7.886474">
        <ele>306.05</ele>
      </trkpt>
      <trkpt lat="41.159919" lon="-7.886535">
        <ele>306.1</ele>
      </trkpt>
      <trkpt lat="41.159873" lon="-7.886565">
        <ele>306.1</ele>
      </trkpt>
      <trkpt lat="41.15981" lon="-7.886606">
        <ele>306.11</ele>
      </trkpt>
      <trkpt lat="41.159642" lon="-7.886769">
        <ele>305.17</ele>
      </trkpt>
      <trkpt lat="41.159574" lon="-7.886883">
        <ele>304.31</ele>
      </trkpt>
      <trkpt lat="41.159504" lon="-7.887051">
        <ele>305.06</ele>
      </trkpt>
      <trkpt lat="41.159474" lon="-7.887153">
        <ele>304.3</ele>
      </trkpt>
      <trkpt lat="41.159423" lon="-7.887384">
        <ele>303.79</ele>
      </trkpt>
      <trkpt lat="41.159402" lon="-7.887518">
        <ele>303.74</ele>
      </trkpt>
      <trkpt lat="41.15941" lon="-7.887777">
        <ele>303.04</ele>
      </trkpt>
      <trkpt lat="41.159457" lon="-7.888411">
        <ele>299.47</ele>
      </trkpt>
      <trkpt lat="41.159461" lon="-7.888629">
        <ele>298.2</ele>
      </trkpt>
      <trkpt lat="41.159453" lon="-7.888855">
        <ele>297.79</ele>
      </trkpt>
      <trkpt lat="41.159438" lon="-7.888989">
        <ele>297.35</ele>
      </trkpt>
      <trkpt lat="41.159384" lon="-7.889253">
        <ele>296.9</ele>
      </trkpt>
      <trkpt lat="41.15928" lon="-7.889559">
        <ele>295.25</ele>
      </trkpt>
      <trkpt lat="41.159172" lon="-7.8898">
        <ele>294.22</ele>
      </trkpt>
      <trkpt lat="41.159112" lon="-7.889911">
        <ele>294.42</ele>
      </trkpt>
      <trkpt lat="41.159036" lon="-7.890019">
        <ele>293.77</ele>
      </trkpt>
      <trkpt lat="41.158878" lon="-7.890206">
        <ele>291.8</ele>
      </trkpt>
      <trkpt lat="41.158699" lon="-7.890391">
        <ele>290.74</ele>
      </trkpt>
      <trkpt lat="41.158262" lon="-7.890866">
        <ele>289.92</ele>
      </trkpt>
      <trkpt lat="41.157169" lon="-7.892055">
        <ele>282.14</ele>
      </trkpt>
      <trkpt lat="41.15701" lon="-7.892206">
        <ele>281.26</ele>
      </trkpt>
      <trkpt lat="41.156914" lon="-7.892271">
        <ele>280.15</ele>
      </trkpt>
      <trkpt lat="41.156733" lon="-7.892324">
        <ele>280.8</ele>
      </trkpt>
      <trkpt lat="41.156624" lon="-7.892301">
        <ele>279.89</ele>
      </trkpt>
      <trkpt lat="41.156535" lon="-7.892265">
        <ele>277.59</ele>
      </trkpt>
      <trkpt lat="41.156438" lon="-7.892217">
        <ele>278.16</ele>
      </trkpt>
      <trkpt lat="41.15633" lon="-7.892128">
        <ele>277</ele>
      </trkpt>
      <trkpt lat="41.156251" lon="-7.892018">
        <ele>275.56</ele>
      </trkpt>
      <trkpt lat="41.156192" lon="-7.891893">
        <ele>274.91</ele>
      </trkpt>
      <trkpt lat="41.156155" lon="-7.891739">
        <ele>274.13</ele>
      </trkpt>
      <trkpt lat="41.156138" lon="-7.891587">
        <ele>273.04</ele>
      </trkpt>
      <trkpt lat="41.156137" lon="-7.891499">
        <ele>272.44</ele>
      </trkpt>
      <trkpt lat="41.156148" lon="-7.891378">
        <ele>271.35</ele>
      </trkpt>
      <trkpt lat="41.156169" lon="-7.891276">
        <ele>270.3</ele>
      </trkpt>
      <trkpt lat="41.156225" lon="-7.891108">
        <ele>269.16</ele>
      </trkpt>
      <trkpt lat="41.156389" lon="-7.890743">
        <ele>266.25</ele>
      </trkpt>
      <trkpt lat="41.157014" lon="-7.889605">
        <ele>259.83</ele>
      </trkpt>
      <trkpt lat="41.157063" lon="-7.889473">
        <ele>259.61</ele>
      </trkpt>
      <trkpt lat="41.157117" lon="-7.88928">
        <ele>258.87</ele>
      </trkpt>
      <trkpt lat="41.157136" lon="-7.889082">
        <ele>258.92</ele>
      </trkpt>
      <trkpt lat="41.157125" lon="-7.88893">
        <ele>258.45</ele>
      </trkpt>
      <trkpt lat="41.157091" lon="-7.88877">
        <ele>258.24</ele>
      </trkpt>
      <trkpt lat="41.156903" lon="-7.888075">
        <ele>255.05</ele>
      </trkpt>
      <trkpt lat="41.156801" lon="-7.887697">
        <ele>251.44</ele>
      </trkpt>
      <trkpt lat="41.156665" lon="-7.887199">
        <ele>251.61</ele>
      </trkpt>
      <trkpt lat="41.156428" lon="-7.886371">
        <ele>249.39</ele>
      </trkpt>
      <trkpt lat="41.156413" lon="-7.886278">
        <ele>248.62</ele>
      </trkpt>
      <trkpt lat="41.156408" lon="-7.886187">
        <ele>247.72</ele>
      </trkpt>
      <trkpt lat="41.156419" lon="-7.88608">
        <ele>246.86</ele>
      </trkpt>
      <trkpt lat="41.156572" lon="-7.885281">
        <ele>244.28</ele>
      </trkpt>
      <trkpt lat="41.156607" lon="-7.885097">
        <ele>243.68</ele>
      </trkpt>
      <trkpt lat="41.156642" lon="-7.884974">
        <ele>243.57</ele>
      </trkpt>
      <trkpt lat="41.156685" lon="-7.88487">
        <ele>243.29</ele>
      </trkpt>
      <trkpt lat="41.156732" lon="-7.884785">
        <ele>242.67</ele>
      </trkpt>
      <trkpt lat="41.156782" lon="-7.88471">
        <ele>242.12</ele>
      </trkpt>
      <trkpt lat="41.157346" lon="-7.884029">
        <ele>231.13</ele>
      </trkpt>
      <trkpt lat="41.15737" lon="-7.883984">
        <ele>231.03</ele>
      </trkpt>
      <trkpt lat="41.157559" lon="-7.883412">
        <ele>224.63</ele>
      </trkpt>
      <trkpt lat="41.157605" lon="-7.883334">
        <ele>223.24</ele>
      </trkpt>
      <trkpt lat="41.157707" lon="-7.883245">
        <ele>220.82</ele>
      </trkpt>
      <trkpt lat="41.157942" lon="-7.883096">
        <ele>216.42</ele>
      </trkpt>
      <trkpt lat="41.15841" lon="-7.882798">
        <ele>210.96</ele>
      </trkpt>
      <trkpt lat="41.15868" lon="-7.882688">
        <ele>207.98</ele>
      </trkpt>
      <trkpt lat="41.158764" lon="-7.88264">
        <ele>207.06</ele>
      </trkpt>
      <trkpt lat="41.158835" lon="-7.882577">
        <ele>205.19</ele>
      </trkpt>
      <trkpt lat="41.158881" lon="-7.88251">
        <ele>204.44</ele>
      </trkpt>
      <trkpt lat="41.158913" lon="-7.882413">
        <ele>203.92</ele>
      </trkpt>
      <trkpt lat="41.15893" lon="-7.882283">
        <ele>203.24</ele>
      </trkpt>
      <trkpt lat="41.158911" lon="-7.881858">
        <ele>199.36</ele>
      </trkpt>
      <trkpt lat="41.158875" lon="-7.88151">
        <ele>196.92</ele>
      </trkpt>
      <trkpt lat="41.158877" lon="-7.881421">
        <ele>196.82</ele>
      </trkpt>
      <trkpt lat="41.158916" lon="-7.881135">
        <ele>195.23</ele>
      </trkpt>
      <trkpt lat="41.158922" lon="-7.88098">
        <ele>195.25</ele>
      </trkpt>
      <trkpt lat="41.158887" lon="-7.88084">
        <ele>195.06</ele>
      </trkpt>
      <trkpt lat="41.158746" lon="-7.88052">
        <ele>193.26</ele>
      </trkpt>
      <trkpt lat="41.158706" lon="-7.880411">
        <ele>191.93</ele>
      </trkpt>
      <trkpt lat="41.158688" lon="-7.880315">
        <ele>191.18</ele>
      </trkpt>
      <trkpt lat="41.15868" lon="-7.880267">
        <ele>190.75</ele>
      </trkpt>
      <trkpt lat="41.158683" lon="-7.880107">
        <ele>188.74</ele>
      </trkpt>
      <trkpt lat="41.158699" lon="-7.880038">
        <ele>188.05</ele>
      </trkpt>
      <trkpt lat="41.158986" lon="-7.879407">
        <ele>182.81</ele>
      </trkpt>
      <trkpt lat="41.159013" lon="-7.879318">
        <ele>182.31</ele>
      </trkpt>
      <trkpt lat="41.159108" lon="-7.879006">
        <ele>180.56</ele>
      </trkpt>
      <trkpt lat="41.15928" lon="-7.878654">
        <ele>178.1</ele>
      </trkpt>
      <trkpt lat="41.159326" lon="-7.87859">
        <ele>177.62</ele>
      </trkpt>
      <trkpt lat="41.159382" lon="-7.878551">
        <ele>178.04</ele>
      </trkpt>
      <trkpt lat="41.159719" lon="-7.878473">
        <ele>178.27</ele>
      </trkpt>
      <trkpt lat="41.160149" lon="-7.878377">
        <ele>175.03</ele>
      </trkpt>
      <trkpt lat="41.160257" lon="-7.878351">
        <ele>175.53</ele>
      </trkpt>
      <trkpt lat="41.160358" lon="-7.878313">
        <ele>174.45</ele>
      </trkpt>
      <trkpt lat="41.160454" lon="-7.878259">
        <ele>173.88</ele>
      </trkpt>
      <trkpt lat="41.160569" lon="-7.878175">
        <ele>173.36</ele>
      </trkpt>
      <trkpt lat="41.160727" lon="-7.878029">
        <ele>171.2</ele>
      </trkpt>
      <trkpt lat="41.160754" lon="-7.877984">
        <ele>171.19</ele>
      </trkpt>
      <trkpt lat="41.160769" lon="-7.877933">
        <ele>171.89</ele>
      </trkpt>
      <trkpt lat="41.160773" lon="-7.877871">
        <ele>172.04</ele>
      </trkpt>
      <trkpt lat="41.160764" lon="-7.877802">
        <ele>171.51</ele>
      </trkpt>
      <trkpt lat="41.160678" lon="-7.877405">
        <ele>171.23</ele>
      </trkpt>
      <trkpt lat="41.160669" lon="-7.877244">
        <ele>170.1</ele>
      </trkpt>
      <trkpt lat="41.160703" lon="-7.876904">
        <ele>168.34</ele>
      </trkpt>
      <trkpt lat="41.160759" lon="-7.876656">
        <ele>168.73</ele>
      </trkpt>
      <trkpt lat="41.160829" lon="-7.8765">
        <ele>168.57</ele>
      </trkpt>
      <trkpt lat="41.160877" lon="-7.876439">
        <ele>168.96</ele>
      </trkpt>
      <trkpt lat="41.160937" lon="-7.876388">
        <ele>169.18</ele>
      </trkpt>
      <trkpt lat="41.160996" lon="-7.876353">
        <ele>169.14</ele>
      </trkpt>
      <trkpt lat="41.161379" lon="-7.876264">
        <ele>167.79</ele>
      </trkpt>
      <trkpt lat="41.161559" lon="-7.876207">
        <ele>167.66</ele>
      </trkpt>
      <trkpt lat="41.161611" lon="-7.876182">
        <ele>167.55</ele>
      </trkpt>
      <trkpt lat="41.161701" lon="-7.876117">
        <ele>166.76</ele>
      </trkpt>
      <trkpt lat="41.161797" lon="-7.876025">
        <ele>166.36</ele>
      </trkpt>
      <trkpt lat="41.162201" lon="-7.875486">
        <ele>165.34</ele>
      </trkpt>
      <trkpt lat="41.162232" lon="-7.875409">
        <ele>164.74</ele>
      </trkpt>
      <trkpt lat="41.162255" lon="-7.87532">
        <ele>164.62</ele>
      </trkpt>
      <trkpt lat="41.162272" lon="-7.875194">
        <ele>164.22</ele>
      </trkpt>
      <trkpt lat="41.162282" lon="-7.874984">
        <ele>163.92</ele>
      </trkpt>
      <trkpt lat="41.162266" lon="-7.874732">
        <ele>162.71</ele>
      </trkpt>
      <trkpt lat="41.162208" lon="-7.874142">
        <ele>159.47</ele>
      </trkpt>
      <trkpt lat="41.162204" lon="-7.874043">
        <ele>158.65</ele>
      </trkpt>
      <trkpt lat="41.162209" lon="-7.873959">
        <ele>157.1</ele>
      </trkpt>
      <trkpt lat="41.162234" lon="-7.873879">
        <ele>156.39</ele>
      </trkpt>
      <trkpt lat="41.16248" lon="-7.873227">
        <ele>152.28</ele>
      </trkpt>
      <trkpt lat="41.16253" lon="-7.873022">
        <ele>150.62</ele>
      </trkpt>
      <trkpt lat="41.162547" lon="-7.872799">
        <ele>148.5</ele>
      </trkpt>
      <trkpt lat="41.162536" lon="-7.872595">
        <ele>147.75</ele>
      </trkpt>
      <trkpt lat="41.162507" lon="-7.872485">
        <ele>146.77</ele>
      </trkpt>
      <trkpt lat="41.162396" lon="-7.872193">
        <ele>146.43</ele>
      </trkpt>
      <trkpt lat="41.162343" lon="-7.872031">
        <ele>146.43</ele>
      </trkpt>
      <trkpt lat="41.162328" lon="-7.871924">
        <ele>146.12</ele>
      </trkpt>
      <trkpt lat="41.162329" lon="-7.87175">
        <ele>144.52</ele>
      </trkpt>
      <trkpt lat="41.162344" lon="-7.87167">
        <ele>143.85</ele>
      </trkpt>
      <trkpt lat="41.162372" lon="-7.871578">
        <ele>143.21</ele>
      </trkpt>
      <trkpt lat="41.162626" lon="-7.871014">
        <ele>139.95</ele>
      </trkpt>
      <trkpt lat="41.16282" lon="-7.870606">
        <ele>137.99</ele>
      </trkpt>
      <trkpt lat="41.162925" lon="-7.870395">
        <ele>138.68</ele>
      </trkpt>
      <trkpt lat="41.163057" lon="-7.870189">
        <ele>138</ele>
      </trkpt>
      <trkpt lat="41.163092" lon="-7.87012">
        <ele>137.55</ele>
      </trkpt>
      <trkpt lat="41.163114" lon="-7.870049">
        <ele>136.82</ele>
      </trkpt>
      <trkpt lat="41.163115" lon="-7.869968">
        <ele>136.35</ele>
      </trkpt>
      <trkpt lat="41.163103" lon="-7.869911">
        <ele>136.01</ele>
      </trkpt>
      <trkpt lat="41.163069" lon="-7.869851">
        <ele>135.12</ele>
      </trkpt>
      <trkpt lat="41.162999" lon="-7.869785">
        <ele>134.49</ele>
      </trkpt>
      <trkpt lat="41.162942" lon="-7.869758">
        <ele>133.85</ele>
      </trkpt>
      <trkpt lat="41.162897" lon="-7.869756">
        <ele>133.44</ele>
      </trkpt>
      <trkpt lat="41.162849" lon="-7.869767">
        <ele>132.83</ele>
      </trkpt>
      <trkpt lat="41.1628" lon="-7.869808">
        <ele>131.53</ele>
      </trkpt>
      <trkpt lat="41.162759" lon="-7.86987">
        <ele>131.11</ele>
      </trkpt>
      <trkpt lat="41.162598" lon="-7.870461">
        <ele>128.13</ele>
      </trkpt>
      <trkpt lat="41.162559" lon="-7.870561">
        <ele>126.76</ele>
      </trkpt>
      <trkpt lat="41.162282" lon="-7.870966">
        <ele>123.43</ele>
      </trkpt>
      <trkpt lat="41.162173" lon="-7.871137">
        <ele>122.95</ele>
      </trkpt>
      <trkpt lat="41.16206" lon="-7.871354">
        <ele>121.7</ele>
      </trkpt>
      <trkpt lat="41.162001" lon="-7.871516">
        <ele>121.4</ele>
      </trkpt>
      <trkpt lat="41.16191" lon="-7.871853">
        <ele>118.75</ele>
      </trkpt>
      <trkpt lat="41.161886" lon="-7.871914">
        <ele>118.63</ele>
      </trkpt>
      <trkpt lat="41.16185" lon="-7.871947">
        <ele>117.78</ele>
      </trkpt>
      <trkpt lat="41.161808" lon="-7.871964">
        <ele>116.87</ele>
      </trkpt>
      <trkpt lat="41.161766" lon="-7.871966">
        <ele>116.53</ele>
      </trkpt>
      <trkpt lat="41.161741" lon="-7.871955">
        <ele>116.24</ele>
      </trkpt>
      <trkpt lat="41.161714" lon="-7.871928">
        <ele>115.73</ele>
      </trkpt>
      <trkpt lat="41.161695" lon="-7.871887">
        <ele>115.03</ele>
      </trkpt>
      <trkpt lat="41.161678" lon="-7.871817">
        <ele>113.41</ele>
      </trkpt>
      <trkpt lat="41.161683" lon="-7.871726">
        <ele>112.56</ele>
      </trkpt>
      <trkpt lat="41.161774" lon="-7.871363">
        <ele>110.2</ele>
      </trkpt>
      <trkpt lat="41.161881" lon="-7.870504">
        <ele>103.5</ele>
      </trkpt>
      <trkpt lat="41.161869" lon="-7.870344">
        <ele>103.26</ele>
      </trkpt>
      <trkpt lat="41.161851" lon="-7.870257">
        <ele>103.06</ele>
      </trkpt>
      <trkpt lat="41.161738" lon="-7.869961">
        <ele>99.58</ele>
      </trkpt>
      <trkpt lat="41.161734" lon="-7.869844">
        <ele>97.77</ele>
      </trkpt>
      <trkpt lat="41.161752" lon="-7.869791">
        <ele>97.07</ele>
      </trkpt>
      <trkpt lat="41.162018" lon="-7.86935">
        <ele>94.14</ele>
      </trkpt>
      <trkpt lat="41.162056" lon="-7.869313">
        <ele>94.11</ele>
      </trkpt>
      <trkpt lat="41.162536" lon="-7.868991">
        <ele>93.68</ele>
      </trkpt>
      <trkpt lat="41.162563" lon="-7.86895">
        <ele>93.34</ele>
      </trkpt>
      <trkpt lat="41.162578" lon="-7.868859">
        <ele>91.46</ele>
      </trkpt>
      <trkpt lat="41.162494" lon="-7.868521">
        <ele>86.29</ele>
      </trkpt>
      <trkpt lat="41.162419" lon="-7.868231">
        <ele>85.44</ele>
      </trkpt>
      <trkpt lat="41.162374" lon="-7.868137">
        <ele>86.79</ele>
      </trkpt>
      <trkpt lat="41.162304" lon="-7.868084">
        <ele>86.88</ele>
      </trkpt>
      <trkpt lat="41.162263" lon="-7.868068">
        <ele>86.61</ele>
      </trkpt>
      <trkpt lat="41.161544" lon="-7.867904">
        <ele>83.41</ele>
      </trkpt>
      <trkpt lat="41.161231" lon="-7.86783">
        <ele>80.03</ele>
      </trkpt>
      <trkpt lat="41.161201" lon="-7.867813">
        <ele>79.77</ele>
      </trkpt>
      <trkpt lat="41.161138" lon="-7.867742">
        <ele>79.23</ele>
      </trkpt>
      <trkpt lat="41.161" lon="-7.867568">
        <ele>78.59</ele>
      </trkpt>
      <trkpt lat="41.160978" lon="-7.867528">
        <ele>78.4</ele>
      </trkpt>
      <trkpt lat="41.160953" lon="-7.867435">
        <ele>77.99</ele>
      </trkpt>
      <trkpt lat="41.160919" lon="-7.867047">
        <ele>77.81</ele>
      </trkpt>
      <trkpt lat="41.160899" lon="-7.866493">
        <ele>77.06</ele>
      </trkpt>
      <trkpt lat="41.160915" lon="-7.866392">
        <ele>77.93</ele>
      </trkpt>
      <trkpt lat="41.160944" lon="-7.866315">
        <ele>78.49</ele>
      </trkpt>
      <trkpt lat="41.161006" lon="-7.866242">
        <ele>78.84</ele>
      </trkpt>
      <trkpt lat="41.161089" lon="-7.86621">
        <ele>79.32</ele>
      </trkpt>
      <trkpt lat="41.161561" lon="-7.866178">
        <ele>79.53</ele>
      </trkpt>
      <trkpt lat="41.161654" lon="-7.866141">
        <ele>78.48</ele>
      </trkpt>
      <trkpt lat="41.161699" lon="-7.866103">
        <ele>77.97</ele>
      </trkpt>
      <trkpt lat="41.161731" lon="-7.866047">
        <ele>78.26</ele>
      </trkpt>
      <trkpt lat="41.161745" lon="-7.86598">
        <ele>78.3</ele>
      </trkpt>
      <trkpt lat="41.161742" lon="-7.865906">
        <ele>78.24</ele>
      </trkpt>
      <trkpt lat="41.161729" lon="-7.865834">
        <ele>78.01</ele>
      </trkpt>
      <trkpt lat="41.161671" lon="-7.865627">
        <ele>76.32</ele>
      </trkpt>
      <trkpt lat="41.161659" lon="-7.865534">
        <ele>75.83</ele>
      </trkpt>
      <trkpt lat="41.161737" lon="-7.864888">
        <ele>73.65</ele>
      </trkpt>
      <trkpt lat="41.16175" lon="-7.86482">
        <ele>73.45</ele>
      </trkpt>
      <trkpt lat="41.161774" lon="-7.864769">
        <ele>73.96</ele>
      </trkpt>
      <trkpt lat="41.161814" lon="-7.864729">
        <ele>75.03</ele>
      </trkpt>
      <trkpt lat="41.161997" lon="-7.864617">
        <ele>75.77</ele>
      </trkpt>
      <trkpt lat="41.162386" lon="-7.864427">
        <ele>75.28</ele>
      </trkpt>
      <trkpt lat="41.16243" lon="-7.864396">
        <ele>75.22</ele>
      </trkpt>
      <trkpt lat="41.162832" lon="-7.863855">
        <ele>73.53</ele>
      </trkpt>
      <trkpt lat="41.16302" lon="-7.863597">
        <ele>70.79</ele>
      </trkpt>
      <trkpt lat="41.163044" lon="-7.863544">
        <ele>69.87</ele>
      </trkpt>
      <trkpt lat="41.163052" lon="-7.863464">
        <ele>70.93</ele>
      </trkpt>
      <trkpt lat="41.163047" lon="-7.86342">
        <ele>71.36</ele>
      </trkpt>
      <trkpt lat="41.163014" lon="-7.863361">
        <ele>71.71</ele>
      </trkpt>
      <trkpt lat="41.162976" lon="-7.86333">
        <ele>72.21</ele>
      </trkpt>
      <trkpt lat="41.162929" lon="-7.863308">
        <ele>72.94</ele>
      </trkpt>
      <trkpt lat="41.162724" lon="-7.86331">
        <ele>71.27</ele>
      </trkpt>
      <trkpt lat="41.162519" lon="-7.863312">
        <ele>71.86</ele>
      </trkpt>
      <trkpt lat="41.16219" lon="-7.863474">
        <ele>71.7</ele>
      </trkpt>
      <trkpt lat="41.161691" lon="-7.863678">
        <ele>69.64</ele>
      </trkpt>
      <trkpt lat="41.161191" lon="-7.863882">
        <ele>69.92</ele>
      </trkpt>
      <trkpt lat="41.161003" lon="-7.863938">
        <ele>69.74</ele>
      </trkpt>
      <trkpt lat="41.160907" lon="-7.863957">
        <ele>69.4</ele>
      </trkpt>
      <trkpt lat="41.1608" lon="-7.863955">
        <ele>69</ele>
      </trkpt>
      <trkpt lat="41.160621" lon="-7.863919">
        <ele>69.44</ele>
      </trkpt>
      <trkpt lat="41.160519" lon="-7.86387">
        <ele>70.19</ele>
      </trkpt>
      <trkpt lat="41.160417" lon="-7.863791">
        <ele>69.5</ele>
      </trkpt>
      <trkpt lat="41.160363" lon="-7.863731">
        <ele>68.74</ele>
      </trkpt>
      <trkpt lat="41.160254" lon="-7.863574">
        <ele>67.94</ele>
      </trkpt>
      <trkpt lat="41.160131" lon="-7.863354">
        <ele>68.07</ele>
      </trkpt>
      <trkpt lat="41.160087" lon="-7.863262">
        <ele>68.33</ele>
      </trkpt>
      <trkpt lat="41.15992" lon="-7.86275">
        <ele>68.24</ele>
      </trkpt>
      <trkpt lat="41.159882" lon="-7.862548">
        <ele>67.07</ele>
      </trkpt>
      <trkpt lat="41.159859" lon="-7.862156">
        <ele>66.35</ele>
      </trkpt>
      <trkpt lat="41.159827" lon="-7.861962">
        <ele>65.88</ele>
      </trkpt>
      <trkpt lat="41.159792" lon="-7.861867">
        <ele>65.18</ele>
      </trkpt>
      <trkpt lat="41.159662" lon="-7.861598">
        <ele>62.57</ele>
      </trkpt>
      <trkpt lat="41.159623" lon="-7.861498">
        <ele>61.07</ele>
      </trkpt>
      <trkpt lat="41.159597" lon="-7.861409">
        <ele>60.49</ele>
      </trkpt>
      <trkpt lat="41.159393" lon="-7.860547">
        <ele>57.54</ele>
      </trkpt>
      <trkpt lat="41.159329" lon="-7.860028">
        <ele>57.47</ele>
      </trkpt>
      <trkpt lat="41.159191" lon="-7.85928">
        <ele>57.71</ele>
      </trkpt>
      <trkpt lat="41.15914" lon="-7.859006">
        <ele>59.62</ele>
      </trkpt>
      <trkpt lat="41.15909" lon="-7.858732">
        <ele>58.37</ele>
      </trkpt>
      <trkpt lat="41.158981" lon="-7.858205">
        <ele>58.56</ele>
      </trkpt>
      <trkpt lat="41.158882" lon="-7.857829">
        <ele>58.43</ele>
      </trkpt>
      <trkpt lat="41.158682" lon="-7.857144">
        <ele>58.34</ele>
      </trkpt>
      <trkpt lat="41.158568" lon="-7.856884">
        <ele>57.41</ele>
      </trkpt>
      <trkpt lat="41.158282" lon="-7.855471">
        <ele>62.16</ele>
      </trkpt>
      <trkpt lat="41.15777" lon="-7.852939">
        <ele>65.77</ele>
      </trkpt>
      <trkpt lat="41.157718" lon="-7.852521">
        <ele>66.27</ele>
      </trkpt>
      <trkpt lat="41.157505" lon="-7.85164">
        <ele>65.97</ele>
      </trkpt>
      <trkpt lat="41.157205" lon="-7.850786">
        <ele>64.2</ele>
      </trkpt>
      <trkpt lat="41.157105" lon="-7.850501">
        <ele>65.02</ele>
      </trkpt>
      <trkpt lat="41.157032" lon="-7.850203">
        <ele>66.59</ele>
      </trkpt>
      <trkpt lat="41.15695" lon="-7.849825">
        <ele>65.36</ele>
      </trkpt>
      <trkpt lat="41.15693" lon="-7.849682">
        <ele>65.14</ele>
      </trkpt>
      <trkpt lat="41.15692" lon="-7.849436">
        <ele>66.4</ele>
      </trkpt>
      <trkpt lat="41.156942" lon="-7.84914">
        <ele>66.7</ele>
      </trkpt>
      <trkpt lat="41.156931" lon="-7.849026">
        <ele>66.69</ele>
      </trkpt>
      <trkpt lat="41.156889" lon="-7.848792">
        <ele>65.5</ele>
      </trkpt>
      <trkpt lat="41.156887" lon="-7.848713">
        <ele>65.39</ele>
      </trkpt>
      <trkpt lat="41.156893" lon="-7.848681">
        <ele>65.62</ele>
      </trkpt>
      <trkpt lat="41.157047" lon="-7.848311">
        <ele>66.97</ele>
      </trkpt>
      <trkpt lat="41.15716" lon="-7.847962">
        <ele>67.37</ele>
      </trkpt>
      <trkpt lat="41.157204" lon="-7.847882">
        <ele>67.82</ele>
      </trkpt>
      <trkpt lat="41.15726" lon="-7.847821">
        <ele>68.36</ele>
      </trkpt>
      <trkpt lat="41.157318" lon="-7.847776">
        <ele>69.34</ele>
      </trkpt>
      <trkpt lat="41.157587" lon="-7.847628">
        <ele>70.29</ele>
      </trkpt>
      <trkpt lat="41.158124" lon="-7.847333">
        <ele>66.21</ele>
      </trkpt>
      <trkpt lat="41.158159" lon="-7.847305">
        <ele>65.6</ele>
      </trkpt>
      <trkpt lat="41.158215" lon="-7.847232">
        <ele>63.66</ele>
      </trkpt>
      <trkpt lat="41.158253" lon="-7.847134">
        <ele>61.89</ele>
      </trkpt>
      <trkpt lat="41.158264" lon="-7.847027">
        <ele>59.52</ele>
      </trkpt>
      <trkpt lat="41.158247" lon="-7.846877">
        <ele>57.34</ele>
      </trkpt>
      <trkpt lat="41.158139" lon="-7.846409">
        <ele>56.44</ele>
      </trkpt>
      <trkpt lat="41.158101" lon="-7.846338">
        <ele>58.82</ele>
      </trkpt>
      <trkpt lat="41.158041" lon="-7.846298">
        <ele>59.66</ele>
      </trkpt>
      <trkpt lat="41.157929" lon="-7.846281">
        <ele>60.62</ele>
      </trkpt>
      <trkpt lat="41.157259" lon="-7.846281">
        <ele>66.54</ele>
      </trkpt>
      <trkpt lat="41.156979" lon="-7.846277">
        <ele>65.17</ele>
      </trkpt>
      <trkpt lat="41.156837" lon="-7.846237">
        <ele>63.95</ele>
      </trkpt>
      <trkpt lat="41.156691" lon="-7.846164">
        <ele>62.73</ele>
      </trkpt>
      <trkpt lat="41.156611" lon="-7.846097">
        <ele>62.01</ele>
      </trkpt>
      <trkpt lat="41.156585" lon="-7.846058">
        <ele>61.94</ele>
      </trkpt>
      <trkpt lat="41.15655" lon="-7.84596">
        <ele>62.8</ele>
      </trkpt>
      <trkpt lat="41.156444" lon="-7.845507">
        <ele>66.89</ele>
      </trkpt>
      <trkpt lat="41.156389" lon="-7.845184">
        <ele>67.2</ele>
      </trkpt>
      <trkpt lat="41.156361" lon="-7.844993">
        <ele>67.69</ele>
      </trkpt>
      <trkpt lat="41.156353" lon="-7.844887">
        <ele>67.67</ele>
      </trkpt>
      <trkpt lat="41.15636" lon="-7.844489">
        <ele>68.24</ele>
      </trkpt>
      <trkpt lat="41.156284" lon="-7.843984">
        <ele>66.92</ele>
      </trkpt>
      <trkpt lat="41.156099" lon="-7.842827">
        <ele>67.88</ele>
      </trkpt>
      <trkpt lat="41.156043" lon="-7.84201">
        <ele>68.62</ele>
      </trkpt>
      <trkpt lat="41.155904" lon="-7.841284">
        <ele>66.28</ele>
      </trkpt>
      <trkpt lat="41.155775" lon="-7.840609">
        <ele>68.47</ele>
      </trkpt>
      <trkpt lat="41.155657" lon="-7.839998">
        <ele>67.42</ele>
      </trkpt>
      <trkpt lat="41.155599" lon="-7.839692">
        <ele>68.42</ele>
      </trkpt>
      <trkpt lat="41.155542" lon="-7.838807">
        <ele>70.32</ele>
      </trkpt>
      <trkpt lat="41.155413" lon="-7.838145">
        <ele>71.36</ele>
      </trkpt>
      <trkpt lat="41.155219" lon="-7.837151">
        <ele>68.92</ele>
      </trkpt>
      <trkpt lat="41.155024" lon="-7.836157">
        <ele>69.13</ele>
      </trkpt>
      <trkpt lat="41.15496" lon="-7.835826">
        <ele>66.17</ele>
      </trkpt>
      <trkpt lat="41.154895" lon="-7.835495">
        <ele>66.28</ele>
      </trkpt>
      <trkpt lat="41.154719" lon="-7.835094">
        <ele>67.27</ele>
      </trkpt>
      <trkpt lat="41.154184" lon="-7.833824">
        <ele>66.41</ele>
      </trkpt>
      <trkpt lat="41.153916" lon="-7.833189">
        <ele>68.72</ele>
      </trkpt>
      <trkpt lat="41.153624" lon="-7.832287">
        <ele>70.53</ele>
      </trkpt>
      <trkpt lat="41.153434" lon="-7.831575">
        <ele>72.14</ele>
      </trkpt>
      <trkpt lat="41.153248" lon="-7.830584">
        <ele>70.52</ele>
      </trkpt>
      <trkpt lat="41.153204" lon="-7.829229">
        <ele>76.46</ele>
      </trkpt>
      <trkpt lat="41.153173" lon="-7.828424">
        <ele>77.2</ele>
      </trkpt>
      <trkpt lat="41.153147" lon="-7.828115">
        <ele>77</ele>
      </trkpt>
      <trkpt lat="41.153109" lon="-7.827849">
        <ele>76.73</ele>
      </trkpt>
      <trkpt lat="41.153057" lon="-7.827582">
        <ele>76.68</ele>
      </trkpt>
      <trkpt lat="41.152965" lon="-7.82723">
        <ele>76.16</ele>
      </trkpt>
      <trkpt lat="41.152898" lon="-7.827008">
        <ele>76.95</ele>
      </trkpt>
      <trkpt lat="41.152803" lon="-7.826741">
        <ele>77.29</ele>
      </trkpt>
      <trkpt lat="41.152697" lon="-7.826481">
        <ele>76.35</ele>
      </trkpt>
      <trkpt lat="41.152402" lon="-7.8259">
        <ele>76.52</ele>
      </trkpt>
      <trkpt lat="41.152276" lon="-7.825672">
        <ele>76.32</ele>
      </trkpt>
      <trkpt lat="41.151843" lon="-7.824953">
        <ele>76.96</ele>
      </trkpt>
      <trkpt lat="41.151018" lon="-7.823634">
        <ele>73.06</ele>
      </trkpt>
      <trkpt lat="41.150835" lon="-7.823395">
        <ele>72.99</ele>
      </trkpt>
      <trkpt lat="41.150287" lon="-7.822679">
        <ele>67.65</ele>
      </trkpt>
      <trkpt lat="41.150104" lon="-7.822441">
        <ele>67.93</ele>
      </trkpt>
      <trkpt lat="41.149921" lon="-7.822202">
        <ele>73.83</ele>
      </trkpt>
      <trkpt lat="41.149834" lon="-7.822075">
        <ele>73.28</ele>
      </trkpt>
      <trkpt lat="41.149753" lon="-7.821922">
        <ele>71.19</ele>
      </trkpt>
      <trkpt lat="41.149703" lon="-7.821787">
        <ele>72.01</ele>
      </trkpt>
      <trkpt lat="41.149661" lon="-7.821648">
        <ele>70.98</ele>
      </trkpt>
      <trkpt lat="41.149506" lon="-7.821028">
        <ele>72.63</ele>
      </trkpt>
      <trkpt lat="41.149483" lon="-7.820952">
        <ele>73.93</ele>
      </trkpt>
      <trkpt lat="41.149424" lon="-7.820819">
        <ele>73.82</ele>
      </trkpt>
      <trkpt lat="41.149256" lon="-7.820519">
        <ele>73.69</ele>
      </trkpt>
      <trkpt lat="41.148856" lon="-7.819967">
        <ele>73.26</ele>
      </trkpt>
      <trkpt lat="41.148808" lon="-7.819894">
        <ele>72.86</ele>
      </trkpt>
      <trkpt lat="41.148777" lon="-7.819821">
        <ele>72.12</ele>
      </trkpt>
      <trkpt lat="41.148723" lon="-7.819574">
        <ele>71.53</ele>
      </trkpt>
      <trkpt lat="41.148655" lon="-7.819156">
        <ele>71.2</ele>
      </trkpt>
      <trkpt lat="41.148586" lon="-7.818739">
        <ele>68.37</ele>
      </trkpt>
      <trkpt lat="41.148535" lon="-7.818234">
        <ele>68</ele>
      </trkpt>
      <trkpt lat="41.1485" lon="-7.818004">
        <ele>67.02</ele>
      </trkpt>
      <trkpt lat="41.14845" lon="-7.817736">
        <ele>67.98</ele>
      </trkpt>
      <trkpt lat="41.148357" lon="-7.817355">
        <ele>67.65</ele>
      </trkpt>
      <trkpt lat="41.148331" lon="-7.81722">
        <ele>67.46</ele>
      </trkpt>
      <trkpt lat="41.14833" lon="-7.817092">
        <ele>67.05</ele>
      </trkpt>
      <trkpt lat="41.148542" lon="-7.814947">
        <ele>71.29</ele>
      </trkpt>
      <trkpt lat="41.148585" lon="-7.814624">
        <ele>70.69</ele>
      </trkpt>
      <trkpt lat="41.148647" lon="-7.814265">
        <ele>72.16</ele>
      </trkpt>
      <trkpt lat="41.148682" lon="-7.813699">
        <ele>74.91</ele>
      </trkpt>
      <trkpt lat="41.148713" lon="-7.813564">
        <ele>75</ele>
      </trkpt>
      <trkpt lat="41.148806" lon="-7.813345">
        <ele>75.82</ele>
      </trkpt>
      <trkpt lat="41.148917" lon="-7.813128">
        <ele>74.54</ele>
      </trkpt>
      <trkpt lat="41.149072" lon="-7.812765">
        <ele>71.79</ele>
      </trkpt>
      <trkpt lat="41.149381" lon="-7.81204">
        <ele>70.28</ele>
      </trkpt>
      <trkpt lat="41.149521" lon="-7.811781">
        <ele>71.16</ele>
      </trkpt>
      <trkpt lat="41.149787" lon="-7.811411">
        <ele>71.69</ele>
      </trkpt>
      <trkpt lat="41.150046" lon="-7.811222">
        <ele>71.91</ele>
      </trkpt>
      <trkpt lat="41.150249" lon="-7.811038">
        <ele>70.55</ele>
      </trkpt>
      <trkpt lat="41.150654" lon="-7.810669">
        <ele>73.11</ele>
      </trkpt>
      <trkpt lat="41.151337" lon="-7.809798">
        <ele>71.14</ele>
      </trkpt>
      <trkpt lat="41.15156" lon="-7.809443">
        <ele>69.95</ele>
      </trkpt>
      <trkpt lat="41.151697" lon="-7.809322">
        <ele>71.05</ele>
      </trkpt>
      <trkpt lat="41.151734" lon="-7.809288">
        <ele>71.35</ele>
      </trkpt>
      <trkpt lat="41.151957" lon="-7.809199">
        <ele>71.8</ele>
      </trkpt>
      <trkpt lat="41.152798" lon="-7.809046">
        <ele>72.16</ele>
      </trkpt>
      <trkpt lat="41.153391" lon="-7.809035">
        <ele>71.76</ele>
      </trkpt>
      <trkpt lat="41.153732" lon="-7.808999">
        <ele>72.98</ele>
      </trkpt>
      <trkpt lat="41.154011" lon="-7.808924">
        <ele>74.03</ele>
      </trkpt>
      <trkpt lat="41.154289" lon="-7.808849">
        <ele>70.97</ele>
      </trkpt>
      <trkpt lat="41.15445" lon="-7.808858">
        <ele>71.2</ele>
      </trkpt>
      <trkpt lat="41.154701" lon="-7.808909">
        <ele>69.44</ele>
      </trkpt>
      <trkpt lat="41.15489" lon="-7.808831">
        <ele>68.46</ele>
      </trkpt>
      <trkpt lat="41.155051" lon="-7.808642">
        <ele>69.67</ele>
      </trkpt>
      <trkpt lat="41.155212" lon="-7.808453">
        <ele>67.75</ele>
      </trkpt>
      <trkpt lat="41.155435" lon="-7.808303">
        <ele>66.77</ele>
      </trkpt>
      <trkpt lat="41.155985" lon="-7.80808">
        <ele>68.52</ele>
      </trkpt>
      <trkpt lat="41.156259" lon="-7.807969">
        <ele>67.22</ele>
      </trkpt>
      <trkpt lat="41.157084" lon="-7.807634">
        <ele>68.32</ele>
      </trkpt>
      <trkpt lat="41.157359" lon="-7.807523">
        <ele>70.49</ele>
      </trkpt>
      <trkpt lat="41.157536" lon="-7.807423">
        <ele>70.29</ele>
      </trkpt>
      <trkpt lat="41.157693" lon="-7.807375">
        <ele>72.52</ele>
      </trkpt>
      <trkpt lat="41.15777" lon="-7.807341">
        <ele>72.86</ele>
      </trkpt>
      <trkpt lat="41.158681" lon="-7.806825">
        <ele>73.59</ele>
      </trkpt>
      <trkpt lat="41.159123" lon="-7.806581">
        <ele>71.33</ele>
      </trkpt>
      <trkpt lat="41.159208" lon="-7.806549">
        <ele>71.44</ele>
      </trkpt>
      <trkpt lat="41.159536" lon="-7.806467">
        <ele>72.02</ele>
      </trkpt>
      <trkpt lat="41.159929" lon="-7.806367">
        <ele>69.71</ele>
      </trkpt>
      <trkpt lat="41.160048" lon="-7.806328">
        <ele>69.54</ele>
      </trkpt>
      <trkpt lat="41.160152" lon="-7.806277">
        <ele>68.47</ele>
      </trkpt>
      <trkpt lat="41.160294" lon="-7.806194">
        <ele>68.63</ele>
      </trkpt>
      <trkpt lat="41.160418" lon="-7.806094">
        <ele>68.24</ele>
      </trkpt>
      <trkpt lat="41.160937" lon="-7.805579">
        <ele>68.11</ele>
      </trkpt>
      <trkpt lat="41.161201" lon="-7.805393">
        <ele>67</ele>
      </trkpt>
      <trkpt lat="41.16127" lon="-7.805353">
        <ele>67.07</ele>
      </trkpt>
      <trkpt lat="41.16161" lon="-7.8053">
        <ele>67.72</ele>
      </trkpt>
      <trkpt lat="41.161727" lon="-7.805266">
        <ele>67.32</ele>
      </trkpt>
      <trkpt lat="41.161965" lon="-7.805135">
        <ele>67.91</ele>
      </trkpt>
      <trkpt lat="41.162211" lon="-7.804967">
        <ele>67.85</ele>
      </trkpt>
      <trkpt lat="41.162867" lon="-7.804461">
        <ele>70.03</ele>
      </trkpt>
      <trkpt lat="41.162996" lon="-7.804328">
        <ele>69.71</ele>
      </trkpt>
      <trkpt lat="41.163025" lon="-7.804249">
        <ele>69.25</ele>
      </trkpt>
      <trkpt lat="41.16303" lon="-7.804207">
        <ele>69.01</ele>
      </trkpt>
      <trkpt lat="41.163037" lon="-7.804146">
        <ele>68.65</ele>
      </trkpt>
      <trkpt lat="41.163024" lon="-7.804108">
        <ele>68.43</ele>
      </trkpt>
      <trkpt lat="41.163021" lon="-7.804064">
        <ele>68.18</ele>
      </trkpt>
      <trkpt lat="41.163028" lon="-7.804021">
        <ele>67.88</ele>
      </trkpt>
      <trkpt lat="41.163046" lon="-7.803984">
        <ele>67.55</ele>
      </trkpt>
      <trkpt lat="41.163071" lon="-7.803956">
        <ele>67.38</ele>
      </trkpt>
      <trkpt lat="41.163101" lon="-7.80394">
        <ele>67.39</ele>
      </trkpt>
      <trkpt lat="41.163231" lon="-7.803779">
        <ele>67.34</ele>
      </trkpt>
      <trkpt lat="41.163231" lon="-7.803779">
        <ele>67.34</ele>
      </trkpt>
      <trkpt lat="41.163294" lon="-7.80357">
        <ele>66.75</ele>
      </trkpt>
      <trkpt lat="41.163275" lon="-7.803445">
        <ele>66.45</ele>
      </trkpt>
      <trkpt lat="41.163262" lon="-7.803403">
        <ele>66.3</ele>
      </trkpt>
      <trkpt lat="41.163221" lon="-7.803345">
        <ele>65.8</ele>
      </trkpt>
      <trkpt lat="41.16319" lon="-7.803318">
        <ele>65.49</ele>
      </trkpt>
      <trkpt lat="41.162275" lon="-7.80273">
        <ele>57.62</ele>
      </trkpt>
      <trkpt lat="41.162124" lon="-7.802615">
        <ele>56.08</ele>
      </trkpt>
      <trkpt lat="41.162" lon="-7.80256">
        <ele>56</ele>
      </trkpt>
      <trkpt lat="41.161951" lon="-7.802586">
        <ele>56</ele>
      </trkpt>
      <trkpt lat="41.161898" lon="-7.80259">
        <ele>55.83</ele>
      </trkpt>
      <trkpt lat="41.161849" lon="-7.802572">
        <ele>55.6</ele>
      </trkpt>
      <trkpt lat="41.161807" lon="-7.802535">
        <ele>55.25</ele>
      </trkpt>
      <trkpt lat="41.161776" lon="-7.802482">
        <ele>55</ele>
      </trkpt>
      <trkpt lat="41.161759" lon="-7.802418">
        <ele>55</ele>
      </trkpt>
      <trkpt lat="41.161758" lon="-7.802351">
        <ele>55</ele>
      </trkpt>
      <trkpt lat="41.161778" lon="-7.802271">
        <ele>54.83</ele>
      </trkpt>
      <trkpt lat="41.161802" lon="-7.80223">
        <ele>54.84</ele>
      </trkpt>
      <trkpt lat="41.161833" lon="-7.802197">
        <ele>55.03</ele>
      </trkpt>
      <trkpt lat="41.161869" lon="-7.802176">
        <ele>55.07</ele>
      </trkpt>
      <trkpt lat="41.161958" lon="-7.802055">
        <ele>55.05</ele>
      </trkpt>
      <trkpt lat="41.16199" lon="-7.801998">
        <ele>55.29</ele>
      </trkpt>
      <trkpt lat="41.162104" lon="-7.801741">
        <ele>55.73</ele>
      </trkpt>
      <trkpt lat="41.162353" lon="-7.801125">
        <ele>56.01</ele>
      </trkpt>
      <trkpt lat="41.162442" lon="-7.800877">
        <ele>55.71</ele>
      </trkpt>
      <trkpt lat="41.162522" lon="-7.800623">
        <ele>55.5</ele>
      </trkpt>
      <trkpt lat="41.162625" lon="-7.800217">
        <ele>55.85</ele>
      </trkpt>
      <trkpt lat="41.162712" lon="-7.799777">
        <ele>55.77</ele>
      </trkpt>
      <trkpt lat="41.162749" lon="-7.799538">
        <ele>56.15</ele>
      </trkpt>
      <trkpt lat="41.162788" lon="-7.799254">
        <ele>56.02</ele>
      </trkpt>
      <trkpt lat="41.162815" lon="-7.798909">
        <ele>55.71</ele>
      </trkpt>
      <trkpt lat="41.162938" lon="-7.796404">
        <ele>55.62</ele>
      </trkpt>
      <trkpt lat="41.162944" lon="-7.79613">
        <ele>56.29</ele>
      </trkpt>
      <trkpt lat="41.162939" lon="-7.79594">
        <ele>56.26</ele>
      </trkpt>
      <trkpt lat="41.162911" lon="-7.795662">
        <ele>56.81</ele>
      </trkpt>
      <trkpt lat="41.162886" lon="-7.795505">
        <ele>57</ele>
      </trkpt>
      <trkpt lat="41.1625" lon="-7.793853">
        <ele>60.19</ele>
      </trkpt>
      <trkpt lat="41.162141" lon="-7.792336">
        <ele>59.46</ele>
      </trkpt>
      <trkpt lat="41.162026" lon="-7.791861">
        <ele>59.57</ele>
      </trkpt>
      <trkpt lat="41.161989" lon="-7.791737">
        <ele>59.28</ele>
      </trkpt>
      <trkpt lat="41.161891" lon="-7.791577">
        <ele>59</ele>
      </trkpt>
      <trkpt lat="41.161701" lon="-7.791411">
        <ele>58.55</ele>
      </trkpt>
      <trkpt lat="41.161634" lon="-7.791353">
        <ele>58.4</ele>
      </trkpt>
      <trkpt lat="41.161563" lon="-7.791274">
        <ele>58</ele>
      </trkpt>
      <trkpt lat="41.161499" lon="-7.791177">
        <ele>58</ele>
      </trkpt>
      <trkpt lat="41.161117" lon="-7.790436">
        <ele>55.37</ele>
      </trkpt>
      <trkpt lat="41.160463" lon="-7.789185">
        <ele>55.68</ele>
      </trkpt>
      <trkpt lat="41.160071" lon="-7.788399">
        <ele>57.95</ele>
      </trkpt>
      <trkpt lat="41.160003" lon="-7.788245">
        <ele>57.6</ele>
      </trkpt>
      <trkpt lat="41.15968" lon="-7.787329">
        <ele>56.61</ele>
      </trkpt>
      <trkpt lat="41.159376" lon="-7.786469">
        <ele>61.15</ele>
      </trkpt>
    </trkseg>
  </trk>
</gpx>
