<?xml version="1.0" encoding="UTF-8"?>
<gpx creator="https://gpx.studio" version="1.1" xmlns="http://www.topografix.com/GPX/1/1" xmlns:xsi="http://www.w3.org/2001/XMLSchema-instance" xsi:schemaLocation="http://www.topografix.com/GPX/1/1 http://www.topografix.com/GPX/1/1/gpx.xsd http://www.garmin.com/xmlschemas/GpxExtensions/v3 http://www.garmin.com/xmlschemas/GpxExtensionsv3.xsd http://www.garmin.com/xmlschemas/TrackPointExtension/v1 http://www.garmin.com/xmlschemas/TrackPointExtensionv1.xsd http://www.garmin.com/xmlschemas/PowerExtension/v1 http://www.garmin.com/xmlschemas/PowerExtensionv1.xsd http://www.topografix.com/GPX/gpx_style/0/2 http://www.topografix.com/GPX/gpx_style/0/2/gpx_style.xsd" xmlns:gpxtpx="http://www.garmin.com/xmlschemas/TrackPointExtension/v1" xmlns:gpxx="http://www.garmin.com/xmlschemas/GpxExtensions/v3" xmlns:gpxpx="http://www.garmin.com/xmlschemas/PowerExtension/v1" xmlns:gpx_style="http://www.topografix.com/GPX/gpx_style/0/2">
  <metadata>
    <name>VieiradoMinho_Gêres_v2</name>
    <author>
      <name>gpx.studio</name>
      <link href="https://gpx.studio"/>
    </author>
  </metadata>
  <trk>
    <name>VieiradoMinho_Gêres_v2</name>
    <trkseg>
      <trkpt lat="41.633943" lon="-8.140867">
        <ele>389.48</ele>
      </trkpt>
      <trkpt lat="41.63353" lon="-8.140522">
        <ele>389</ele>
      </trkpt>
      <trkpt lat="41.633335" lon="-8.140421">
        <ele>388.42</ele>
      </trkpt>
      <trkpt lat="41.633028" lon="-8.140162">
        <ele>388</ele>
      </trkpt>
      <trkpt lat="41.632802" lon="-8.140092">
        <ele>387.48</ele>
      </trkpt>
      <trkpt lat="41.632771" lon="-8.140095">
        <ele>387.26</ele>
      </trkpt>
      <trkpt lat="41.632742" lon="-8.140082">
        <ele>387.2</ele>
      </trkpt>
      <trkpt lat="41.632585" lon="-8.140093">
        <ele>387.18</ele>
      </trkpt>
      <trkpt lat="41.632463" lon="-8.14016">
        <ele>387</ele>
      </trkpt>
      <trkpt lat="41.632294" lon="-8.140253">
        <ele>386.76</ele>
      </trkpt>
      <trkpt lat="41.631403" lon="-8.140659">
        <ele>383.85</ele>
      </trkpt>
      <trkpt lat="41.631144" lon="-8.14074">
        <ele>382.75</ele>
      </trkpt>
      <trkpt lat="41.630716" lon="-8.140822">
        <ele>381</ele>
      </trkpt>
      <trkpt lat="41.630587" lon="-8.140924">
        <ele>380.16</ele>
      </trkpt>
      <trkpt lat="41.630574" lon="-8.140976">
        <ele>380.06</ele>
      </trkpt>
      <trkpt lat="41.63055" lon="-8.141015">
        <ele>380</ele>
      </trkpt>
      <trkpt lat="41.630517" lon="-8.141039">
        <ele>380</ele>
      </trkpt>
      <trkpt lat="41.630469" lon="-8.141047">
        <ele>380</ele>
      </trkpt>
      <trkpt lat="41.630434" lon="-8.141032">
        <ele>380</ele>
      </trkpt>
      <trkpt lat="41.630404" lon="-8.141001">
        <ele>380</ele>
      </trkpt>
      <trkpt lat="41.630381" lon="-8.140944">
        <ele>379.81</ele>
      </trkpt>
      <trkpt lat="41.630141" lon="-8.140613">
        <ele>377.7</ele>
      </trkpt>
      <trkpt lat="41.629628" lon="-8.139978">
        <ele>375.55</ele>
      </trkpt>
      <trkpt lat="41.629445" lon="-8.139862">
        <ele>375.28</ele>
      </trkpt>
      <trkpt lat="41.629323" lon="-8.139819">
        <ele>374.65</ele>
      </trkpt>
      <trkpt lat="41.629174" lon="-8.139767">
        <ele>373.89</ele>
      </trkpt>
      <trkpt lat="41.629124" lon="-8.13984">
        <ele>375.31</ele>
      </trkpt>
      <trkpt lat="41.628517" lon="-8.140043">
        <ele>378.33</ele>
      </trkpt>
      <trkpt lat="41.627586" lon="-8.14034">
        <ele>386.59</ele>
      </trkpt>
      <trkpt lat="41.626783" lon="-8.140381">
        <ele>387.54</ele>
      </trkpt>
      <trkpt lat="41.626042" lon="-8.140306">
        <ele>383.15</ele>
      </trkpt>
      <trkpt lat="41.624317" lon="-8.140202">
        <ele>381.54</ele>
      </trkpt>
      <trkpt lat="41.623694" lon="-8.140164">
        <ele>378.93</ele>
      </trkpt>
      <trkpt lat="41.62304" lon="-8.14044">
        <ele>377.16</ele>
      </trkpt>
      <trkpt lat="41.62285" lon="-8.140542">
        <ele>375.9</ele>
      </trkpt>
      <trkpt lat="41.622765" lon="-8.14066">
        <ele>375.02</ele>
      </trkpt>
      <trkpt lat="41.622729" lon="-8.140826">
        <ele>374.17</ele>
      </trkpt>
      <trkpt lat="41.622785" lon="-8.141861">
        <ele>371.96</ele>
      </trkpt>
      <trkpt lat="41.622713" lon="-8.142012">
        <ele>370.94</ele>
      </trkpt>
      <trkpt lat="41.622606" lon="-8.142026">
        <ele>370.19</ele>
      </trkpt>
      <trkpt lat="41.622509" lon="-8.141941">
        <ele>372.27</ele>
      </trkpt>
      <trkpt lat="41.622426" lon="-8.141655">
        <ele>373.35</ele>
      </trkpt>
      <trkpt lat="41.622343" lon="-8.141369">
        <ele>370.22</ele>
      </trkpt>
      <trkpt lat="41.622138" lon="-8.141198">
        <ele>370.68</ele>
      </trkpt>
      <trkpt lat="41.621934" lon="-8.141026">
        <ele>368.87</ele>
      </trkpt>
      <trkpt lat="41.621184" lon="-8.140737">
        <ele>369.96</ele>
      </trkpt>
      <trkpt lat="41.620551" lon="-8.140794">
        <ele>375.07</ele>
      </trkpt>
      <trkpt lat="41.620206" lon="-8.140825">
        <ele>380.27</ele>
      </trkpt>
      <trkpt lat="41.620061" lon="-8.140896">
        <ele>382.23</ele>
      </trkpt>
      <trkpt lat="41.61988" lon="-8.141205">
        <ele>385.73</ele>
      </trkpt>
      <trkpt lat="41.619729" lon="-8.141698">
        <ele>386.26</ele>
      </trkpt>
      <trkpt lat="41.619596" lon="-8.141896">
        <ele>386.62</ele>
      </trkpt>
      <trkpt lat="41.618944" lon="-8.142391">
        <ele>394.31</ele>
      </trkpt>
      <trkpt lat="41.618719" lon="-8.142623">
        <ele>397.8</ele>
      </trkpt>
      <trkpt lat="41.61856" lon="-8.142903">
        <ele>400.31</ele>
      </trkpt>
      <trkpt lat="41.618401" lon="-8.143182">
        <ele>399.26</ele>
      </trkpt>
      <trkpt lat="41.618268" lon="-8.143372">
        <ele>399.88</ele>
      </trkpt>
      <trkpt lat="41.617777" lon="-8.143758">
        <ele>401.44</ele>
      </trkpt>
      <trkpt lat="41.617201" lon="-8.14421">
        <ele>397.34</ele>
      </trkpt>
      <trkpt lat="41.617039" lon="-8.144337">
        <ele>396.19</ele>
      </trkpt>
      <trkpt lat="41.616601" lon="-8.144407">
        <ele>393.1</ele>
      </trkpt>
      <trkpt lat="41.616062" lon="-8.144623">
        <ele>388.42</ele>
      </trkpt>
      <trkpt lat="41.615615" lon="-8.144912">
        <ele>385.04</ele>
      </trkpt>
      <trkpt lat="41.615391" lon="-8.145057">
        <ele>385.57</ele>
      </trkpt>
      <trkpt lat="41.615192" lon="-8.145143">
        <ele>385.18</ele>
      </trkpt>
      <trkpt lat="41.614993" lon="-8.145228">
        <ele>387.43</ele>
      </trkpt>
      <trkpt lat="41.614876" lon="-8.145195">
        <ele>385.58</ele>
      </trkpt>
      <trkpt lat="41.614849" lon="-8.145177">
        <ele>385.34</ele>
      </trkpt>
      <trkpt lat="41.61473" lon="-8.144972">
        <ele>386.26</ele>
      </trkpt>
      <trkpt lat="41.614653" lon="-8.144908">
        <ele>388.21</ele>
      </trkpt>
      <trkpt lat="41.614321" lon="-8.144792">
        <ele>395.32</ele>
      </trkpt>
      <trkpt lat="41.614026" lon="-8.144689">
        <ele>396.98</ele>
      </trkpt>
      <trkpt lat="41.613863" lon="-8.144665">
        <ele>398.02</ele>
      </trkpt>
      <trkpt lat="41.613546" lon="-8.144706">
        <ele>402.01</ele>
      </trkpt>
      <trkpt lat="41.613376" lon="-8.144771">
        <ele>403.26</ele>
      </trkpt>
      <trkpt lat="41.613188" lon="-8.144915">
        <ele>405.2</ele>
      </trkpt>
      <trkpt lat="41.612841" lon="-8.14518">
        <ele>408.79</ele>
      </trkpt>
      <trkpt lat="41.612574" lon="-8.145385">
        <ele>413.61</ele>
      </trkpt>
      <trkpt lat="41.612449" lon="-8.145421">
        <ele>414.51</ele>
      </trkpt>
      <trkpt lat="41.611889" lon="-8.145307">
        <ele>422.16</ele>
      </trkpt>
      <trkpt lat="41.611708" lon="-8.145251">
        <ele>423.65</ele>
      </trkpt>
      <trkpt lat="41.611088" lon="-8.144914">
        <ele>429.71</ele>
      </trkpt>
      <trkpt lat="41.610845" lon="-8.144614">
        <ele>433.29</ele>
      </trkpt>
      <trkpt lat="41.610153" lon="-8.144346">
        <ele>439.23</ele>
      </trkpt>
      <trkpt lat="41.609147" lon="-8.14385">
        <ele>440.05</ele>
      </trkpt>
      <trkpt lat="41.608981" lon="-8.143785">
        <ele>440.44</ele>
      </trkpt>
      <trkpt lat="41.608494" lon="-8.143809">
        <ele>438.47</ele>
      </trkpt>
      <trkpt lat="41.608386" lon="-8.143845">
        <ele>438.68</ele>
      </trkpt>
      <trkpt lat="41.607699" lon="-8.144327">
        <ele>438.97</ele>
      </trkpt>
      <trkpt lat="41.607478" lon="-8.144505">
        <ele>438.27</ele>
      </trkpt>
      <trkpt lat="41.607323" lon="-8.14474">
        <ele>438.09</ele>
      </trkpt>
      <trkpt lat="41.607272" lon="-8.144863">
        <ele>437.47</ele>
      </trkpt>
      <trkpt lat="41.607153" lon="-8.144925">
        <ele>437.09</ele>
      </trkpt>
      <trkpt lat="41.607058" lon="-8.144954">
        <ele>436.87</ele>
      </trkpt>
      <trkpt lat="41.605919" lon="-8.144593">
        <ele>427.32</ele>
      </trkpt>
      <trkpt lat="41.605697" lon="-8.144479">
        <ele>425.87</ele>
      </trkpt>
      <trkpt lat="41.605472" lon="-8.144338">
        <ele>423.23</ele>
      </trkpt>
      <trkpt lat="41.605024" lon="-8.144055">
        <ele>421.5</ele>
      </trkpt>
      <trkpt lat="41.604884" lon="-8.144012">
        <ele>421.39</ele>
      </trkpt>
      <trkpt lat="41.604757" lon="-8.144033">
        <ele>420.83</ele>
      </trkpt>
      <trkpt lat="41.604605" lon="-8.144122">
        <ele>420.8</ele>
      </trkpt>
      <trkpt lat="41.604392" lon="-8.144403">
        <ele>418.67</ele>
      </trkpt>
      <trkpt lat="41.604002" lon="-8.144649">
        <ele>415.35</ele>
      </trkpt>
      <trkpt lat="41.603694" lon="-8.144691">
        <ele>411.03</ele>
      </trkpt>
      <trkpt lat="41.603085" lon="-8.144424">
        <ele>407.81</ele>
      </trkpt>
      <trkpt lat="41.602999" lon="-8.144364">
        <ele>407.4</ele>
      </trkpt>
      <trkpt lat="41.60291" lon="-8.144373">
        <ele>405.4</ele>
      </trkpt>
      <trkpt lat="41.602856" lon="-8.144415">
        <ele>404.51</ele>
      </trkpt>
      <trkpt lat="41.602834" lon="-8.144611">
        <ele>403.58</ele>
      </trkpt>
      <trkpt lat="41.602872" lon="-8.144721">
        <ele>403.29</ele>
      </trkpt>
      <trkpt lat="41.602926" lon="-8.144912">
        <ele>399.68</ele>
      </trkpt>
      <trkpt lat="41.603044" lon="-8.145175">
        <ele>396.59</ele>
      </trkpt>
      <trkpt lat="41.603075" lon="-8.145264">
        <ele>396.7</ele>
      </trkpt>
      <trkpt lat="41.603069" lon="-8.1454">
        <ele>394.93</ele>
      </trkpt>
      <trkpt lat="41.603002" lon="-8.145616">
        <ele>392.68</ele>
      </trkpt>
      <trkpt lat="41.602926" lon="-8.145739">
        <ele>390.74</ele>
      </trkpt>
      <trkpt lat="41.602717" lon="-8.145901">
        <ele>388.17</ele>
      </trkpt>
      <trkpt lat="41.602469" lon="-8.146138">
        <ele>385.97</ele>
      </trkpt>
      <trkpt lat="41.602215" lon="-8.146457">
        <ele>382.33</ele>
      </trkpt>
      <trkpt lat="41.60206" lon="-8.146614">
        <ele>379.44</ele>
      </trkpt>
      <trkpt lat="41.601685" lon="-8.146694">
        <ele>375.09</ele>
      </trkpt>
      <trkpt lat="41.601358" lon="-8.146779">
        <ele>370.85</ele>
      </trkpt>
      <trkpt lat="41.601213" lon="-8.146788">
        <ele>369.7</ele>
      </trkpt>
      <trkpt lat="41.600514" lon="-8.14683">
        <ele>364.17</ele>
      </trkpt>
      <trkpt lat="41.599784" lon="-8.146966">
        <ele>362.41</ele>
      </trkpt>
      <trkpt lat="41.599597" lon="-8.146991">
        <ele>362.23</ele>
      </trkpt>
      <trkpt lat="41.599086" lon="-8.146962">
        <ele>354.99</ele>
      </trkpt>
      <trkpt lat="41.598905" lon="-8.147064">
        <ele>353.09</ele>
      </trkpt>
      <trkpt lat="41.59861" lon="-8.147119">
        <ele>351.16</ele>
      </trkpt>
      <trkpt lat="41.598559" lon="-8.147174">
        <ele>348.09</ele>
      </trkpt>
      <trkpt lat="41.598556" lon="-8.147276">
        <ele>346.14</ele>
      </trkpt>
      <trkpt lat="41.598575" lon="-8.147322">
        <ele>345.17</ele>
      </trkpt>
      <trkpt lat="41.598632" lon="-8.147344">
        <ele>344.25</ele>
      </trkpt>
      <trkpt lat="41.598718" lon="-8.147331">
        <ele>344.35</ele>
      </trkpt>
      <trkpt lat="41.598794" lon="-8.147361">
        <ele>343.64</ele>
      </trkpt>
      <trkpt lat="41.598829" lon="-8.147433">
        <ele>342.38</ele>
      </trkpt>
      <trkpt lat="41.598801" lon="-8.147501">
        <ele>341.18</ele>
      </trkpt>
      <trkpt lat="41.598705" lon="-8.147569">
        <ele>339.5</ele>
      </trkpt>
      <trkpt lat="41.598601" lon="-8.14756">
        <ele>338.7</ele>
      </trkpt>
      <trkpt lat="41.598528" lon="-8.147594">
        <ele>337.42</ele>
      </trkpt>
      <trkpt lat="41.598416" lon="-8.147734">
        <ele>335.99</ele>
      </trkpt>
      <trkpt lat="41.598296" lon="-8.147984">
        <ele>335.76</ele>
      </trkpt>
      <trkpt lat="41.598194" lon="-8.148078">
        <ele>336.26</ele>
      </trkpt>
      <trkpt lat="41.598077" lon="-8.148112">
        <ele>336.94</ele>
      </trkpt>
      <trkpt lat="41.597629" lon="-8.148328">
        <ele>337.81</ele>
      </trkpt>
      <trkpt lat="41.597493" lon="-8.148294">
        <ele>337.66</ele>
      </trkpt>
      <trkpt lat="41.597245" lon="-8.14815">
        <ele>336.94</ele>
      </trkpt>
      <trkpt lat="41.597115" lon="-8.14812">
        <ele>335.6</ele>
      </trkpt>
      <trkpt lat="41.59695" lon="-8.148205">
        <ele>335.82</ele>
      </trkpt>
      <trkpt lat="41.596874" lon="-8.148269">
        <ele>334.38</ele>
      </trkpt>
      <trkpt lat="41.59663" lon="-8.148528">
        <ele>333.81</ele>
      </trkpt>
      <trkpt lat="41.596509" lon="-8.148519">
        <ele>333.71</ele>
      </trkpt>
      <trkpt lat="41.596417" lon="-8.148468">
        <ele>334.23</ele>
      </trkpt>
      <trkpt lat="41.596277" lon="-8.148222">
        <ele>334.27</ele>
      </trkpt>
      <trkpt lat="41.596068" lon="-8.147637">
        <ele>333.13</ele>
      </trkpt>
      <trkpt lat="41.595896" lon="-8.14744">
        <ele>335.29</ele>
      </trkpt>
      <trkpt lat="41.595554" lon="-8.147047">
        <ele>335.1</ele>
      </trkpt>
      <trkpt lat="41.595137" lon="-8.146478">
        <ele>335.48</ele>
      </trkpt>
      <trkpt lat="41.595021" lon="-8.146227">
        <ele>334.42</ele>
      </trkpt>
      <trkpt lat="41.594842" lon="-8.146035">
        <ele>336.63</ele>
      </trkpt>
      <trkpt lat="41.594663" lon="-8.145843">
        <ele>335.67</ele>
      </trkpt>
      <trkpt lat="41.594484" lon="-8.14565">
        <ele>337.03</ele>
      </trkpt>
      <trkpt lat="41.594285" lon="-8.145395">
        <ele>335.69</ele>
      </trkpt>
      <trkpt lat="41.593687" lon="-8.144627">
        <ele>335.73</ele>
      </trkpt>
      <trkpt lat="41.593567" lon="-8.144497">
        <ele>336.15</ele>
      </trkpt>
      <trkpt lat="41.593024" lon="-8.14391">
        <ele>338.07</ele>
      </trkpt>
      <trkpt lat="41.592812" lon="-8.143777">
        <ele>335.85</ele>
      </trkpt>
      <trkpt lat="41.592419" lon="-8.14368">
        <ele>335.37</ele>
      </trkpt>
      <trkpt lat="41.592344" lon="-8.143705">
        <ele>335.43</ele>
      </trkpt>
      <trkpt lat="41.592296" lon="-8.143802">
        <ele>336.48</ele>
      </trkpt>
      <trkpt lat="41.592258" lon="-8.143942">
        <ele>337.62</ele>
      </trkpt>
      <trkpt lat="41.592239" lon="-8.144089">
        <ele>337.91</ele>
      </trkpt>
      <trkpt lat="41.592231" lon="-8.144283">
        <ele>338.38</ele>
      </trkpt>
      <trkpt lat="41.592285" lon="-8.144531">
        <ele>339.26</ele>
      </trkpt>
      <trkpt lat="41.592575" lon="-8.145261">
        <ele>338.88</ele>
      </trkpt>
      <trkpt lat="41.592659" lon="-8.145742">
        <ele>340.47</ele>
      </trkpt>
      <trkpt lat="41.592656" lon="-8.146098">
        <ele>342.25</ele>
      </trkpt>
      <trkpt lat="41.592624" lon="-8.146515">
        <ele>341.76</ele>
      </trkpt>
      <trkpt lat="41.592581" lon="-8.146655">
        <ele>340.1</ele>
      </trkpt>
      <trkpt lat="41.592484" lon="-8.146763">
        <ele>337.59</ele>
      </trkpt>
      <trkpt lat="41.592374" lon="-8.146781">
        <ele>337.49</ele>
      </trkpt>
      <trkpt lat="41.592255" lon="-8.146673">
        <ele>337.95</ele>
      </trkpt>
      <trkpt lat="41.592169" lon="-8.146547">
        <ele>338.74</ele>
      </trkpt>
      <trkpt lat="41.59211" lon="-8.146396">
        <ele>339.24</ele>
      </trkpt>
      <trkpt lat="41.592089" lon="-8.14617">
        <ele>341.21</ele>
      </trkpt>
      <trkpt lat="41.592083" lon="-8.145847">
        <ele>341.98</ele>
      </trkpt>
      <trkpt lat="41.592059" lon="-8.145706">
        <ele>342.06</ele>
      </trkpt>
      <trkpt lat="41.592011" lon="-8.145581">
        <ele>343.18</ele>
      </trkpt>
      <trkpt lat="41.591903" lon="-8.145329">
        <ele>343.22</ele>
      </trkpt>
      <trkpt lat="41.591785" lon="-8.145142">
        <ele>343.82</ele>
      </trkpt>
      <trkpt lat="41.591689" lon="-8.144996">
        <ele>342.34</ele>
      </trkpt>
      <trkpt lat="41.591248" lon="-8.144643">
        <ele>340.58</ele>
      </trkpt>
      <trkpt lat="41.590659" lon="-8.144388">
        <ele>337.33</ele>
      </trkpt>
      <trkpt lat="41.590304" lon="-8.144193">
        <ele>337.05</ele>
      </trkpt>
      <trkpt lat="41.589995" lon="-8.144104">
        <ele>339.66</ele>
      </trkpt>
      <trkpt lat="41.589877" lon="-8.144003">
        <ele>338.91</ele>
      </trkpt>
      <trkpt lat="41.589474" lon="-8.143532">
        <ele>343.4</ele>
      </trkpt>
      <trkpt lat="41.589444" lon="-8.143468">
        <ele>343.66</ele>
      </trkpt>
      <trkpt lat="41.589441" lon="-8.143367">
        <ele>343.54</ele>
      </trkpt>
      <trkpt lat="41.589482" lon="-8.143252">
        <ele>344.57</ele>
      </trkpt>
      <trkpt lat="41.589691" lon="-8.143033">
        <ele>341.31</ele>
      </trkpt>
      <trkpt lat="41.589772" lon="-8.142814">
        <ele>340.15</ele>
      </trkpt>
      <trkpt lat="41.58978" lon="-8.142691">
        <ele>339.89</ele>
      </trkpt>
      <trkpt lat="41.589748" lon="-8.142458">
        <ele>339.64</ele>
      </trkpt>
      <trkpt lat="41.58974" lon="-8.142159">
        <ele>339.28</ele>
      </trkpt>
      <trkpt lat="41.589751" lon="-8.141962">
        <ele>338.47</ele>
      </trkpt>
      <trkpt lat="41.589729" lon="-8.141509">
        <ele>339.8</ele>
      </trkpt>
      <trkpt lat="41.589648" lon="-8.14124">
        <ele>339.69</ele>
      </trkpt>
      <trkpt lat="41.589334" lon="-8.140769">
        <ele>339.79</ele>
      </trkpt>
      <trkpt lat="41.589084" lon="-8.140467">
        <ele>339.86</ele>
      </trkpt>
      <trkpt lat="41.588834" lon="-8.140165">
        <ele>336.58</ele>
      </trkpt>
      <trkpt lat="41.588626" lon="-8.139979">
        <ele>336.24</ele>
      </trkpt>
      <trkpt lat="41.588333" lon="-8.140016">
        <ele>336.68</ele>
      </trkpt>
      <trkpt lat="41.58819" lon="-8.13993">
        <ele>335.16</ele>
      </trkpt>
      <trkpt lat="41.588091" lon="-8.13974">
        <ele>333.87</ele>
      </trkpt>
      <trkpt lat="41.587851" lon="-8.139504">
        <ele>337.66</ele>
      </trkpt>
      <trkpt lat="41.58772" lon="-8.139429">
        <ele>338.01</ele>
      </trkpt>
      <trkpt lat="41.587393" lon="-8.139287">
        <ele>336.83</ele>
      </trkpt>
      <trkpt lat="41.587115" lon="-8.138991">
        <ele>336.51</ele>
      </trkpt>
      <trkpt lat="41.586695" lon="-8.138199">
        <ele>335.3</ele>
      </trkpt>
      <trkpt lat="41.586527" lon="-8.138014">
        <ele>333.41</ele>
      </trkpt>
      <trkpt lat="41.586271" lon="-8.137757">
        <ele>329.69</ele>
      </trkpt>
      <trkpt lat="41.586004" lon="-8.137538">
        <ele>327.95</ele>
      </trkpt>
      <trkpt lat="41.585794" lon="-8.137425">
        <ele>326.01</ele>
      </trkpt>
      <trkpt lat="41.585492" lon="-8.137309">
        <ele>326.74</ele>
      </trkpt>
      <trkpt lat="41.585277" lon="-8.137276">
        <ele>325.66</ele>
      </trkpt>
      <trkpt lat="41.585031" lon="-8.137254">
        <ele>332.23</ele>
      </trkpt>
      <trkpt lat="41.585037" lon="-8.136995">
        <ele>331.96</ele>
      </trkpt>
      <trkpt lat="41.584963" lon="-8.136755">
        <ele>332</ele>
      </trkpt>
      <trkpt lat="41.58482" lon="-8.136598">
        <ele>333.46</ele>
      </trkpt>
      <trkpt lat="41.584493" lon="-8.136388">
        <ele>334.31</ele>
      </trkpt>
      <trkpt lat="41.584254" lon="-8.136224">
        <ele>336.39</ele>
      </trkpt>
      <trkpt lat="41.583778" lon="-8.135895">
        <ele>335.81</ele>
      </trkpt>
      <trkpt lat="41.583279" lon="-8.135625">
        <ele>339.22</ele>
      </trkpt>
      <trkpt lat="41.58239" lon="-8.135058">
        <ele>341.53</ele>
      </trkpt>
      <trkpt lat="41.582127" lon="-8.13488">
        <ele>344.47</ele>
      </trkpt>
      <trkpt lat="41.581759" lon="-8.134662">
        <ele>347.15</ele>
      </trkpt>
      <trkpt lat="41.581625" lon="-8.134639">
        <ele>347.84</ele>
      </trkpt>
      <trkpt lat="41.581355" lon="-8.134667">
        <ele>348.25</ele>
      </trkpt>
      <trkpt lat="41.58081" lon="-8.13481">
        <ele>351.59</ele>
      </trkpt>
      <trkpt lat="41.580743" lon="-8.13487">
        <ele>352.38</ele>
      </trkpt>
      <trkpt lat="41.580693" lon="-8.134968">
        <ele>353.59</ele>
      </trkpt>
      <trkpt lat="41.580659" lon="-8.135073">
        <ele>354.14</ele>
      </trkpt>
      <trkpt lat="41.580635" lon="-8.135571">
        <ele>358.81</ele>
      </trkpt>
      <trkpt lat="41.580617" lon="-8.13575">
        <ele>359.32</ele>
      </trkpt>
      <trkpt lat="41.580568" lon="-8.135924">
        <ele>359.14</ele>
      </trkpt>
      <trkpt lat="41.580404" lon="-8.136154">
        <ele>358.78</ele>
      </trkpt>
      <trkpt lat="41.580234" lon="-8.136325">
        <ele>359.11</ele>
      </trkpt>
      <trkpt lat="41.580012" lon="-8.136459">
        <ele>361.49</ele>
      </trkpt>
      <trkpt lat="41.579587" lon="-8.136592">
        <ele>359.31</ele>
      </trkpt>
      <trkpt lat="41.578867" lon="-8.13687">
        <ele>359.66</ele>
      </trkpt>
      <trkpt lat="41.578729" lon="-8.136894">
        <ele>357.96</ele>
      </trkpt>
      <trkpt lat="41.578649" lon="-8.136891">
        <ele>356.97</ele>
      </trkpt>
      <trkpt lat="41.57858" lon="-8.136877">
        <ele>356.29</ele>
      </trkpt>
      <trkpt lat="41.578203" lon="-8.136714">
        <ele>354.62</ele>
      </trkpt>
      <trkpt lat="41.578064" lon="-8.136651">
        <ele>355.73</ele>
      </trkpt>
      <trkpt lat="41.577469" lon="-8.136385">
        <ele>360.44</ele>
      </trkpt>
      <trkpt lat="41.577357" lon="-8.136312">
        <ele>361.75</ele>
      </trkpt>
      <trkpt lat="41.577022" lon="-8.135903">
        <ele>364.66</ele>
      </trkpt>
      <trkpt lat="41.576971" lon="-8.135831">
        <ele>365.58</ele>
      </trkpt>
      <trkpt lat="41.576877" lon="-8.135634">
        <ele>368.06</ele>
      </trkpt>
      <trkpt lat="41.576794" lon="-8.13543">
        <ele>369.42</ele>
      </trkpt>
      <trkpt lat="41.57641" lon="-8.134999">
        <ele>372.67</ele>
      </trkpt>
      <trkpt lat="41.576368" lon="-8.134934">
        <ele>372.74</ele>
      </trkpt>
      <trkpt lat="41.576338" lon="-8.134866">
        <ele>373.09</ele>
      </trkpt>
      <trkpt lat="41.576315" lon="-8.134789">
        <ele>373.45</ele>
      </trkpt>
      <trkpt lat="41.576299" lon="-8.134663">
        <ele>373.83</ele>
      </trkpt>
      <trkpt lat="41.576306" lon="-8.134517">
        <ele>374.14</ele>
      </trkpt>
      <trkpt lat="41.576342" lon="-8.134261">
        <ele>375.49</ele>
      </trkpt>
      <trkpt lat="41.576345" lon="-8.134166">
        <ele>376.19</ele>
      </trkpt>
      <trkpt lat="41.576327" lon="-8.134058">
        <ele>377.34</ele>
      </trkpt>
      <trkpt lat="41.576234" lon="-8.133755">
        <ele>380.88</ele>
      </trkpt>
      <trkpt lat="41.576206" lon="-8.133691">
        <ele>381.68</ele>
      </trkpt>
      <trkpt lat="41.576125" lon="-8.133577">
        <ele>383.03</ele>
      </trkpt>
      <trkpt lat="41.575729" lon="-8.133374">
        <ele>385.2</ele>
      </trkpt>
      <trkpt lat="41.575598" lon="-8.133268">
        <ele>385.89</ele>
      </trkpt>
      <trkpt lat="41.575341" lon="-8.132948">
        <ele>386.74</ele>
      </trkpt>
      <trkpt lat="41.575084" lon="-8.13267">
        <ele>384.01</ele>
      </trkpt>
      <trkpt lat="41.574238" lon="-8.13212">
        <ele>378.04</ele>
      </trkpt>
      <trkpt lat="41.574172" lon="-8.1321">
        <ele>377.06</ele>
      </trkpt>
      <trkpt lat="41.574049" lon="-8.132112">
        <ele>375.57</ele>
      </trkpt>
      <trkpt lat="41.574" lon="-8.132142">
        <ele>375.19</ele>
      </trkpt>
      <trkpt lat="41.57387" lon="-8.132246">
        <ele>373.36</ele>
      </trkpt>
      <trkpt lat="41.573483" lon="-8.132537">
        <ele>369.24</ele>
      </trkpt>
      <trkpt lat="41.573112" lon="-8.132838">
        <ele>366.98</ele>
      </trkpt>
      <trkpt lat="41.573029" lon="-8.132871">
        <ele>366.52</ele>
      </trkpt>
      <trkpt lat="41.572956" lon="-8.132887">
        <ele>366.05</ele>
      </trkpt>
      <trkpt lat="41.572885" lon="-8.132889">
        <ele>365.52</ele>
      </trkpt>
      <trkpt lat="41.572433" lon="-8.132776">
        <ele>362.43</ele>
      </trkpt>
      <trkpt lat="41.572086" lon="-8.13269">
        <ele>360.62</ele>
      </trkpt>
      <trkpt lat="41.571969" lon="-8.132703">
        <ele>360.79</ele>
      </trkpt>
      <trkpt lat="41.571855" lon="-8.132772">
        <ele>361.07</ele>
      </trkpt>
      <trkpt lat="41.571553" lon="-8.133202">
        <ele>358.53</ele>
      </trkpt>
      <trkpt lat="41.571178" lon="-8.133367">
        <ele>355.68</ele>
      </trkpt>
      <trkpt lat="41.571066" lon="-8.133367">
        <ele>354.42</ele>
      </trkpt>
      <trkpt lat="41.570952" lon="-8.133308">
        <ele>353.96</ele>
      </trkpt>
      <trkpt lat="41.57071" lon="-8.133026">
        <ele>352.99</ele>
      </trkpt>
      <trkpt lat="41.570603" lon="-8.132952">
        <ele>352.45</ele>
      </trkpt>
      <trkpt lat="41.570473" lon="-8.132953">
        <ele>351.65</ele>
      </trkpt>
      <trkpt lat="41.570233" lon="-8.133073">
        <ele>353.31</ele>
      </trkpt>
      <trkpt lat="41.570144" lon="-8.133206">
        <ele>355.25</ele>
      </trkpt>
      <trkpt lat="41.569928" lon="-8.133983">
        <ele>353.01</ele>
      </trkpt>
      <trkpt lat="41.569704" lon="-8.134255">
        <ele>352.66</ele>
      </trkpt>
      <trkpt lat="41.569663" lon="-8.134408">
        <ele>352.73</ele>
      </trkpt>
      <trkpt lat="41.569663" lon="-8.134562">
        <ele>352.89</ele>
      </trkpt>
      <trkpt lat="41.569779" lon="-8.134865">
        <ele>353.13</ele>
      </trkpt>
      <trkpt lat="41.569862" lon="-8.135314">
        <ele>351.76</ele>
      </trkpt>
      <trkpt lat="41.569871" lon="-8.135986">
        <ele>348.92</ele>
      </trkpt>
      <trkpt lat="41.569797" lon="-8.136956">
        <ele>345.47</ele>
      </trkpt>
      <trkpt lat="41.569835" lon="-8.137168">
        <ele>345.33</ele>
      </trkpt>
      <trkpt lat="41.569938" lon="-8.137305">
        <ele>344.41</ele>
      </trkpt>
      <trkpt lat="41.570568" lon="-8.137687">
        <ele>342.91</ele>
      </trkpt>
      <trkpt lat="41.570912" lon="-8.137661">
        <ele>340.5</ele>
      </trkpt>
      <trkpt lat="41.571055" lon="-8.137743">
        <ele>342.27</ele>
      </trkpt>
      <trkpt lat="41.571113" lon="-8.137849">
        <ele>342.04</ele>
      </trkpt>
      <trkpt lat="41.571124" lon="-8.138046">
        <ele>342.89</ele>
      </trkpt>
      <trkpt lat="41.570974" lon="-8.139207">
        <ele>338.54</ele>
      </trkpt>
      <trkpt lat="41.57092" lon="-8.139463">
        <ele>337.55</ele>
      </trkpt>
      <trkpt lat="41.570686" lon="-8.139928">
        <ele>332.58</ele>
      </trkpt>
      <trkpt lat="41.570304" lon="-8.140317">
        <ele>331.3</ele>
      </trkpt>
      <trkpt lat="41.570048" lon="-8.140627">
        <ele>328.23</ele>
      </trkpt>
      <trkpt lat="41.569866" lon="-8.140739">
        <ele>327.46</ele>
      </trkpt>
      <trkpt lat="41.56969" lon="-8.140713">
        <ele>326.47</ele>
      </trkpt>
      <trkpt lat="41.569258" lon="-8.140507">
        <ele>326.26</ele>
      </trkpt>
      <trkpt lat="41.569036" lon="-8.140517">
        <ele>326.33</ele>
      </trkpt>
      <trkpt lat="41.568466" lon="-8.141006">
        <ele>323.27</ele>
      </trkpt>
      <trkpt lat="41.568281" lon="-8.141109">
        <ele>322.38</ele>
      </trkpt>
      <trkpt lat="41.568078" lon="-8.141101">
        <ele>321.33</ele>
      </trkpt>
      <trkpt lat="41.567912" lon="-8.141004">
        <ele>320.03</ele>
      </trkpt>
      <trkpt lat="41.567653" lon="-8.140618">
        <ele>322.21</ele>
      </trkpt>
      <trkpt lat="41.567435" lon="-8.140599">
        <ele>320.99</ele>
      </trkpt>
      <trkpt lat="41.567305" lon="-8.140521">
        <ele>319.53</ele>
      </trkpt>
      <trkpt lat="41.567155" lon="-8.140324">
        <ele>319.59</ele>
      </trkpt>
      <trkpt lat="41.566982" lon="-8.14024">
        <ele>319.95</ele>
      </trkpt>
      <trkpt lat="41.566849" lon="-8.140281">
        <ele>316.56</ele>
      </trkpt>
      <trkpt lat="41.56665" lon="-8.140607">
        <ele>319.89</ele>
      </trkpt>
      <trkpt lat="41.566642" lon="-8.140778">
        <ele>319.13</ele>
      </trkpt>
      <trkpt lat="41.566774" lon="-8.141288">
        <ele>320.45</ele>
      </trkpt>
      <trkpt lat="41.566764" lon="-8.14149">
        <ele>320.18</ele>
      </trkpt>
      <trkpt lat="41.566671" lon="-8.141711">
        <ele>319.92</ele>
      </trkpt>
      <trkpt lat="41.566366" lon="-8.14203">
        <ele>321.58</ele>
      </trkpt>
      <trkpt lat="41.565964" lon="-8.142364">
        <ele>322.43</ele>
      </trkpt>
      <trkpt lat="41.565818" lon="-8.142612">
        <ele>323.67</ele>
      </trkpt>
      <trkpt lat="41.565771" lon="-8.142832">
        <ele>322.8</ele>
      </trkpt>
      <trkpt lat="41.565819" lon="-8.143054">
        <ele>320.29</ele>
      </trkpt>
      <trkpt lat="41.56596" lon="-8.143273">
        <ele>320.87</ele>
      </trkpt>
      <trkpt lat="41.56614" lon="-8.143356">
        <ele>320.31</ele>
      </trkpt>
      <trkpt lat="41.567205" lon="-8.14303">
        <ele>316.97</ele>
      </trkpt>
      <trkpt lat="41.567722" lon="-8.143011">
        <ele>318.86</ele>
      </trkpt>
      <trkpt lat="41.567981" lon="-8.143002">
        <ele>317.36</ele>
      </trkpt>
      <trkpt lat="41.568112" lon="-8.143116">
        <ele>319.44</ele>
      </trkpt>
      <trkpt lat="41.568188" lon="-8.143328">
        <ele>320.26</ele>
      </trkpt>
      <trkpt lat="41.568162" lon="-8.143483">
        <ele>320.62</ele>
      </trkpt>
      <trkpt lat="41.568111" lon="-8.143798">
        <ele>321.36</ele>
      </trkpt>
      <trkpt lat="41.568156" lon="-8.144001">
        <ele>320.68</ele>
      </trkpt>
      <trkpt lat="41.568265" lon="-8.144134">
        <ele>320.56</ele>
      </trkpt>
      <trkpt lat="41.568636" lon="-8.144218">
        <ele>321.62</ele>
      </trkpt>
      <trkpt lat="41.568793" lon="-8.144375">
        <ele>324.31</ele>
      </trkpt>
      <trkpt lat="41.568965" lon="-8.14463">
        <ele>324.38</ele>
      </trkpt>
      <trkpt lat="41.569136" lon="-8.144885">
        <ele>321.84</ele>
      </trkpt>
      <trkpt lat="41.569222" lon="-8.144949">
        <ele>321.14</ele>
      </trkpt>
      <trkpt lat="41.569284" lon="-8.144977">
        <ele>321.11</ele>
      </trkpt>
      <trkpt lat="41.569456" lon="-8.144943">
        <ele>321.11</ele>
      </trkpt>
      <trkpt lat="41.56987" lon="-8.144667">
        <ele>320.41</ele>
      </trkpt>
      <trkpt lat="41.570014" lon="-8.144677">
        <ele>321.86</ele>
      </trkpt>
      <trkpt lat="41.570153" lon="-8.144754">
        <ele>322.54</ele>
      </trkpt>
      <trkpt lat="41.570328" lon="-8.144942">
        <ele>324.19</ele>
      </trkpt>
      <trkpt lat="41.570398" lon="-8.145125">
        <ele>324.5</ele>
      </trkpt>
      <trkpt lat="41.570391" lon="-8.145474">
        <ele>326.4</ele>
      </trkpt>
      <trkpt lat="41.570384" lon="-8.145823">
        <ele>325.45</ele>
      </trkpt>
      <trkpt lat="41.570298" lon="-8.146004">
        <ele>326.46</ele>
      </trkpt>
      <trkpt lat="41.570082" lon="-8.14617">
        <ele>325.69</ele>
      </trkpt>
      <trkpt lat="41.570005" lon="-8.146345">
        <ele>322.98</ele>
      </trkpt>
      <trkpt lat="41.570021" lon="-8.14666">
        <ele>325.51</ele>
      </trkpt>
      <trkpt lat="41.570117" lon="-8.146914">
        <ele>324.49</ele>
      </trkpt>
      <trkpt lat="41.570289" lon="-8.147065">
        <ele>322.41</ele>
      </trkpt>
      <trkpt lat="41.570435" lon="-8.147065">
        <ele>319.61</ele>
      </trkpt>
      <trkpt lat="41.570602" lon="-8.147029">
        <ele>318.39</ele>
      </trkpt>
      <trkpt lat="41.570947" lon="-8.146954">
        <ele>319.22</ele>
      </trkpt>
      <trkpt lat="41.571131" lon="-8.14695">
        <ele>320.53</ele>
      </trkpt>
      <trkpt lat="41.571275" lon="-8.147019">
        <ele>321.39</ele>
      </trkpt>
      <trkpt lat="41.571365" lon="-8.147244">
        <ele>321.86</ele>
      </trkpt>
      <trkpt lat="41.571395" lon="-8.147509">
        <ele>321.17</ele>
      </trkpt>
      <trkpt lat="41.571374" lon="-8.147695">
        <ele>320.31</ele>
      </trkpt>
      <trkpt lat="41.571183" lon="-8.148033">
        <ele>318.36</ele>
      </trkpt>
      <trkpt lat="41.57112" lon="-8.148396">
        <ele>316.96</ele>
      </trkpt>
      <trkpt lat="41.571173" lon="-8.148601">
        <ele>315.59</ele>
      </trkpt>
      <trkpt lat="41.571409" lon="-8.148891">
        <ele>314.82</ele>
      </trkpt>
      <trkpt lat="41.571431" lon="-8.148984">
        <ele>314.79</ele>
      </trkpt>
      <trkpt lat="41.571472" lon="-8.149156">
        <ele>314.74</ele>
      </trkpt>
      <trkpt lat="41.571359" lon="-8.149668">
        <ele>314.62</ele>
      </trkpt>
      <trkpt lat="41.571365" lon="-8.149846">
        <ele>312.87</ele>
      </trkpt>
      <trkpt lat="41.571565" lon="-8.15048">
        <ele>309.77</ele>
      </trkpt>
      <trkpt lat="41.571564" lon="-8.150868">
        <ele>308.54</ele>
      </trkpt>
      <trkpt lat="41.571532" lon="-8.151063">
        <ele>307.03</ele>
      </trkpt>
      <trkpt lat="41.571171" lon="-8.151727">
        <ele>308.47</ele>
      </trkpt>
      <trkpt lat="41.571138" lon="-8.151827">
        <ele>306.07</ele>
      </trkpt>
      <trkpt lat="41.571127" lon="-8.15194">
        <ele>305.2</ele>
      </trkpt>
      <trkpt lat="41.571151" lon="-8.152109">
        <ele>305.19</ele>
      </trkpt>
      <trkpt lat="41.571412" lon="-8.152483">
        <ele>303.44</ele>
      </trkpt>
      <trkpt lat="41.571448" lon="-8.152693">
        <ele>303.36</ele>
      </trkpt>
      <trkpt lat="41.57136" lon="-8.153081">
        <ele>301.57</ele>
      </trkpt>
      <trkpt lat="41.57135" lon="-8.153765">
        <ele>299.2</ele>
      </trkpt>
      <trkpt lat="41.571274" lon="-8.154016">
        <ele>297.75</ele>
      </trkpt>
      <trkpt lat="41.571156" lon="-8.154147">
        <ele>296.97</ele>
      </trkpt>
      <trkpt lat="41.570919" lon="-8.154183">
        <ele>295.87</ele>
      </trkpt>
      <trkpt lat="41.57077" lon="-8.154256">
        <ele>297.63</ele>
      </trkpt>
      <trkpt lat="41.570644" lon="-8.154464">
        <ele>297.39</ele>
      </trkpt>
      <trkpt lat="41.570491" lon="-8.155047">
        <ele>295.24</ele>
      </trkpt>
      <trkpt lat="41.57048" lon="-8.155238">
        <ele>293.45</ele>
      </trkpt>
      <trkpt lat="41.570521" lon="-8.155768">
        <ele>290.38</ele>
      </trkpt>
      <trkpt lat="41.570486" lon="-8.156016">
        <ele>290.65</ele>
      </trkpt>
      <trkpt lat="41.570223" lon="-8.157085">
        <ele>287.57</ele>
      </trkpt>
      <trkpt lat="41.569992" lon="-8.157444">
        <ele>286.18</ele>
      </trkpt>
      <trkpt lat="41.569933" lon="-8.157618">
        <ele>285.14</ele>
      </trkpt>
      <trkpt lat="41.569902" lon="-8.157954">
        <ele>283.8</ele>
      </trkpt>
      <trkpt lat="41.569845" lon="-8.158112">
        <ele>283.62</ele>
      </trkpt>
      <trkpt lat="41.569566" lon="-8.158467">
        <ele>284.01</ele>
      </trkpt>
      <trkpt lat="41.56922" lon="-8.158752">
        <ele>283.96</ele>
      </trkpt>
      <trkpt lat="41.56914" lon="-8.158818">
        <ele>283.95</ele>
      </trkpt>
      <trkpt lat="41.569079" lon="-8.158967">
        <ele>282.29</ele>
      </trkpt>
      <trkpt lat="41.569125" lon="-8.159165">
        <ele>280.3</ele>
      </trkpt>
      <trkpt lat="41.569332" lon="-8.159387">
        <ele>279.21</ele>
      </trkpt>
      <trkpt lat="41.569601" lon="-8.159894">
        <ele>278.92</ele>
      </trkpt>
      <trkpt lat="41.56963" lon="-8.160093">
        <ele>279.08</ele>
      </trkpt>
      <trkpt lat="41.569548" lon="-8.16044">
        <ele>278.12</ele>
      </trkpt>
      <trkpt lat="41.569631" lon="-8.160644">
        <ele>276</ele>
      </trkpt>
      <trkpt lat="41.569726" lon="-8.160771">
        <ele>274.53</ele>
      </trkpt>
      <trkpt lat="41.569875" lon="-8.160854">
        <ele>272.52</ele>
      </trkpt>
      <trkpt lat="41.570024" lon="-8.160832">
        <ele>271.22</ele>
      </trkpt>
      <trkpt lat="41.570302" lon="-8.160556">
        <ele>269.45</ele>
      </trkpt>
      <trkpt lat="41.570349" lon="-8.160539">
        <ele>269.94</ele>
      </trkpt>
      <trkpt lat="41.570532" lon="-8.160514">
        <ele>271.23</ele>
      </trkpt>
      <trkpt lat="41.57065" lon="-8.160581">
        <ele>271.62</ele>
      </trkpt>
      <trkpt lat="41.570743" lon="-8.160694">
        <ele>271.74</ele>
      </trkpt>
      <trkpt lat="41.570851" lon="-8.160995">
        <ele>271.9</ele>
      </trkpt>
      <trkpt lat="41.570959" lon="-8.161297">
        <ele>269.52</ele>
      </trkpt>
      <trkpt lat="41.57102" lon="-8.161661">
        <ele>269.36</ele>
      </trkpt>
      <trkpt lat="41.57126" lon="-8.162382">
        <ele>266.52</ele>
      </trkpt>
      <trkpt lat="41.571292" lon="-8.162594">
        <ele>267.53</ele>
      </trkpt>
      <trkpt lat="41.571272" lon="-8.163094">
        <ele>267.52</ele>
      </trkpt>
      <trkpt lat="41.571353" lon="-8.163602">
        <ele>264.26</ele>
      </trkpt>
      <trkpt lat="41.571498" lon="-8.163916">
        <ele>259.18</ele>
      </trkpt>
      <trkpt lat="41.571683" lon="-8.164269">
        <ele>258.26</ele>
      </trkpt>
      <trkpt lat="41.57173" lon="-8.164684">
        <ele>260.15</ele>
      </trkpt>
      <trkpt lat="41.571622" lon="-8.165029">
        <ele>259.78</ele>
      </trkpt>
      <trkpt lat="41.57146" lon="-8.165231">
        <ele>262.76</ele>
      </trkpt>
      <trkpt lat="41.571298" lon="-8.165432">
        <ele>262.48</ele>
      </trkpt>
      <trkpt lat="41.571218" lon="-8.165662">
        <ele>259.66</ele>
      </trkpt>
      <trkpt lat="41.571242" lon="-8.1659">
        <ele>256.28</ele>
      </trkpt>
      <trkpt lat="41.571337" lon="-8.166045">
        <ele>253.88</ele>
      </trkpt>
      <trkpt lat="41.571687" lon="-8.166211">
        <ele>253.14</ele>
      </trkpt>
      <trkpt lat="41.571947" lon="-8.166611">
        <ele>251.67</ele>
      </trkpt>
      <trkpt lat="41.572578" lon="-8.167021">
        <ele>247.63</ele>
      </trkpt>
      <trkpt lat="41.572855" lon="-8.167201">
        <ele>247.8</ele>
      </trkpt>
      <trkpt lat="41.572976" lon="-8.167322">
        <ele>247.25</ele>
      </trkpt>
      <trkpt lat="41.573048" lon="-8.167448">
        <ele>245.83</ele>
      </trkpt>
      <trkpt lat="41.573083" lon="-8.167587">
        <ele>245.62</ele>
      </trkpt>
      <trkpt lat="41.573097" lon="-8.167863">
        <ele>245.3</ele>
      </trkpt>
      <trkpt lat="41.573303" lon="-8.168472">
        <ele>241.53</ele>
      </trkpt>
      <trkpt lat="41.573405" lon="-8.168794">
        <ele>240.93</ele>
      </trkpt>
      <trkpt lat="41.57343" lon="-8.168996">
        <ele>241.31</ele>
      </trkpt>
      <trkpt lat="41.573377" lon="-8.169295">
        <ele>241.18</ele>
      </trkpt>
      <trkpt lat="41.573387" lon="-8.169465">
        <ele>238.86</ele>
      </trkpt>
      <trkpt lat="41.573469" lon="-8.169655">
        <ele>236.6</ele>
      </trkpt>
      <trkpt lat="41.573776" lon="-8.16986">
        <ele>234.42</ele>
      </trkpt>
      <trkpt lat="41.57385" lon="-8.169947">
        <ele>234.35</ele>
      </trkpt>
      <trkpt lat="41.5739" lon="-8.170048">
        <ele>234.23</ele>
      </trkpt>
      <trkpt lat="41.573972" lon="-8.170461">
        <ele>233.67</ele>
      </trkpt>
      <trkpt lat="41.574004" lon="-8.170549">
        <ele>232.8</ele>
      </trkpt>
      <trkpt lat="41.574155" lon="-8.170836">
        <ele>232.12</ele>
      </trkpt>
      <trkpt lat="41.57419" lon="-8.171066">
        <ele>232.32</ele>
      </trkpt>
      <trkpt lat="41.574127" lon="-8.171281">
        <ele>231.38</ele>
      </trkpt>
      <trkpt lat="41.573881" lon="-8.171551">
        <ele>230.95</ele>
      </trkpt>
      <trkpt lat="41.573777" lon="-8.171783">
        <ele>229.9</ele>
      </trkpt>
      <trkpt lat="41.573697" lon="-8.172134">
        <ele>227.11</ele>
      </trkpt>
      <trkpt lat="41.573572" lon="-8.172418">
        <ele>227.88</ele>
      </trkpt>
      <trkpt lat="41.573282" lon="-8.172846">
        <ele>224.77</ele>
      </trkpt>
      <trkpt lat="41.573243" lon="-8.173103">
        <ele>221.57</ele>
      </trkpt>
      <trkpt lat="41.573288" lon="-8.173242">
        <ele>219.62</ele>
      </trkpt>
      <trkpt lat="41.573539" lon="-8.173486">
        <ele>217.82</ele>
      </trkpt>
      <trkpt lat="41.573654" lon="-8.173696">
        <ele>218.95</ele>
      </trkpt>
      <trkpt lat="41.573736" lon="-8.174161">
        <ele>216.72</ele>
      </trkpt>
      <trkpt lat="41.573704" lon="-8.174382">
        <ele>214.86</ele>
      </trkpt>
      <trkpt lat="41.573587" lon="-8.174609">
        <ele>213.46</ele>
      </trkpt>
      <trkpt lat="41.573087" lon="-8.175049">
        <ele>212.5</ele>
      </trkpt>
      <trkpt lat="41.57292" lon="-8.175231">
        <ele>213.31</ele>
      </trkpt>
      <trkpt lat="41.572365" lon="-8.176428">
        <ele>209.31</ele>
      </trkpt>
      <trkpt lat="41.571709" lon="-8.1776">
        <ele>202.71</ele>
      </trkpt>
      <trkpt lat="41.571523" lon="-8.177695">
        <ele>201.94</ele>
      </trkpt>
      <trkpt lat="41.571388" lon="-8.177625">
        <ele>200.47</ele>
      </trkpt>
      <trkpt lat="41.571242" lon="-8.177224">
        <ele>197.53</ele>
      </trkpt>
      <trkpt lat="41.571182" lon="-8.177095">
        <ele>197.18</ele>
      </trkpt>
      <trkpt lat="41.570591" lon="-8.176414">
        <ele>194.67</ele>
      </trkpt>
      <trkpt lat="41.570421" lon="-8.176332">
        <ele>195.23</ele>
      </trkpt>
      <trkpt lat="41.57026" lon="-8.17639">
        <ele>194.42</ele>
      </trkpt>
      <trkpt lat="41.569759" lon="-8.176951">
        <ele>191.45</ele>
      </trkpt>
      <trkpt lat="41.569719" lon="-8.177067">
        <ele>190.31</ele>
      </trkpt>
      <trkpt lat="41.56971" lon="-8.177172">
        <ele>190.5</ele>
      </trkpt>
      <trkpt lat="41.569681" lon="-8.177547">
        <ele>191.22</ele>
      </trkpt>
      <trkpt lat="41.569909" lon="-8.177973">
        <ele>194.02</ele>
      </trkpt>
      <trkpt lat="41.569937" lon="-8.178271">
        <ele>196.06</ele>
      </trkpt>
      <trkpt lat="41.569699" lon="-8.179296">
        <ele>200.87</ele>
      </trkpt>
      <trkpt lat="41.56946" lon="-8.18032">
        <ele>203.34</ele>
      </trkpt>
      <trkpt lat="41.569387" lon="-8.180502">
        <ele>203.36</ele>
      </trkpt>
      <trkpt lat="41.568967" lon="-8.180904">
        <ele>204.73</ele>
      </trkpt>
      <trkpt lat="41.568894" lon="-8.181056">
        <ele>206.99</ele>
      </trkpt>
      <trkpt lat="41.568892" lon="-8.18121">
        <ele>207.96</ele>
      </trkpt>
      <trkpt lat="41.569112" lon="-8.181822">
        <ele>207.87</ele>
      </trkpt>
      <trkpt lat="41.569143" lon="-8.182017">
        <ele>207.67</ele>
      </trkpt>
      <trkpt lat="41.569114" lon="-8.182172">
        <ele>207.59</ele>
      </trkpt>
      <trkpt lat="41.568996" lon="-8.182397">
        <ele>208.13</ele>
      </trkpt>
      <trkpt lat="41.56887" lon="-8.182525">
        <ele>207.84</ele>
      </trkpt>
      <trkpt lat="41.568587" lon="-8.182528">
        <ele>207.26</ele>
      </trkpt>
      <trkpt lat="41.568407" lon="-8.182622">
        <ele>209.68</ele>
      </trkpt>
      <trkpt lat="41.568257" lon="-8.182862">
        <ele>208.27</ele>
      </trkpt>
      <trkpt lat="41.568106" lon="-8.183101">
        <ele>209.82</ele>
      </trkpt>
      <trkpt lat="41.568067" lon="-8.183347">
        <ele>213.96</ele>
      </trkpt>
      <trkpt lat="41.568201" lon="-8.183797">
        <ele>213.4</ele>
      </trkpt>
      <trkpt lat="41.568223" lon="-8.18406">
        <ele>213.12</ele>
      </trkpt>
      <trkpt lat="41.56817" lon="-8.184316">
        <ele>213.26</ele>
      </trkpt>
      <trkpt lat="41.568109" lon="-8.184434">
        <ele>211.91</ele>
      </trkpt>
      <trkpt lat="41.56802" lon="-8.18451">
        <ele>212.01</ele>
      </trkpt>
      <trkpt lat="41.567719" lon="-8.184647">
        <ele>213.29</ele>
      </trkpt>
      <trkpt lat="41.567602" lon="-8.184859">
        <ele>214.2</ele>
      </trkpt>
      <trkpt lat="41.567607" lon="-8.185042">
        <ele>215.58</ele>
      </trkpt>
      <trkpt lat="41.567804" lon="-8.185469">
        <ele>217.21</ele>
      </trkpt>
      <trkpt lat="41.567807" lon="-8.185653">
        <ele>217.75</ele>
      </trkpt>
      <trkpt lat="41.567771" lon="-8.185803">
        <ele>217.94</ele>
      </trkpt>
      <trkpt lat="41.567424" lon="-8.186431">
        <ele>219.19</ele>
      </trkpt>
      <trkpt lat="41.567365" lon="-8.186602">
        <ele>219.38</ele>
      </trkpt>
      <trkpt lat="41.56736" lon="-8.186791">
        <ele>219.67</ele>
      </trkpt>
      <trkpt lat="41.567489" lon="-8.187073">
        <ele>219.23</ele>
      </trkpt>
      <trkpt lat="41.567502" lon="-8.187334">
        <ele>218.08</ele>
      </trkpt>
      <trkpt lat="41.567433" lon="-8.187565">
        <ele>216.98</ele>
      </trkpt>
      <trkpt lat="41.567126" lon="-8.188414">
        <ele>213.51</ele>
      </trkpt>
      <trkpt lat="41.567073" lon="-8.188657">
        <ele>212.92</ele>
      </trkpt>
      <trkpt lat="41.567061" lon="-8.189201">
        <ele>210.82</ele>
      </trkpt>
      <trkpt lat="41.567001" lon="-8.189404">
        <ele>209.81</ele>
      </trkpt>
      <trkpt lat="41.566817" lon="-8.189677">
        <ele>207</ele>
      </trkpt>
      <trkpt lat="41.566668" lon="-8.189756">
        <ele>205.89</ele>
      </trkpt>
      <trkpt lat="41.566625" lon="-8.189779">
        <ele>205.57</ele>
      </trkpt>
      <trkpt lat="41.56607" lon="-8.189759">
        <ele>203.7</ele>
      </trkpt>
      <trkpt lat="41.565922" lon="-8.189804">
        <ele>203.44</ele>
      </trkpt>
      <trkpt lat="41.565809" lon="-8.189939">
        <ele>203.8</ele>
      </trkpt>
      <trkpt lat="41.565755" lon="-8.190113">
        <ele>203.88</ele>
      </trkpt>
      <trkpt lat="41.565776" lon="-8.190314">
        <ele>203.72</ele>
      </trkpt>
      <trkpt lat="41.565883" lon="-8.19057">
        <ele>204.26</ele>
      </trkpt>
      <trkpt lat="41.566018" lon="-8.190748">
        <ele>206.07</ele>
      </trkpt>
      <trkpt lat="41.567531" lon="-8.19136">
        <ele>208.89</ele>
      </trkpt>
      <trkpt lat="41.56766" lon="-8.191507">
        <ele>208.86</ele>
      </trkpt>
      <trkpt lat="41.567732" lon="-8.191849">
        <ele>209.15</ele>
      </trkpt>
      <trkpt lat="41.567765" lon="-8.192175">
        <ele>208.27</ele>
      </trkpt>
      <trkpt lat="41.56776" lon="-8.192378">
        <ele>208.05</ele>
      </trkpt>
      <trkpt lat="41.567669" lon="-8.192595">
        <ele>207.01</ele>
      </trkpt>
      <trkpt lat="41.567087" lon="-8.193018">
        <ele>207.49</ele>
      </trkpt>
      <trkpt lat="41.566991" lon="-8.193165">
        <ele>208.25</ele>
      </trkpt>
      <trkpt lat="41.56696" lon="-8.193361">
        <ele>208.25</ele>
      </trkpt>
      <trkpt lat="41.567035" lon="-8.193722">
        <ele>206.42</ele>
      </trkpt>
      <trkpt lat="41.567056" lon="-8.19406">
        <ele>205.47</ele>
      </trkpt>
      <trkpt lat="41.567048" lon="-8.194292">
        <ele>203.54</ele>
      </trkpt>
      <trkpt lat="41.566971" lon="-8.194493">
        <ele>203.39</ele>
      </trkpt>
      <trkpt lat="41.566617" lon="-8.194829">
        <ele>208.53</ele>
      </trkpt>
      <trkpt lat="41.566452" lon="-8.195088">
        <ele>207.5</ele>
      </trkpt>
      <trkpt lat="41.566287" lon="-8.195348">
        <ele>204.14</ele>
      </trkpt>
      <trkpt lat="41.566268" lon="-8.195625">
        <ele>201.14</ele>
      </trkpt>
      <trkpt lat="41.566477" lon="-8.195981">
        <ele>200.07</ele>
      </trkpt>
      <trkpt lat="41.5666" lon="-8.196373">
        <ele>200.29</ele>
      </trkpt>
      <trkpt lat="41.566653" lon="-8.196658">
        <ele>198.31</ele>
      </trkpt>
      <trkpt lat="41.566594" lon="-8.196865">
        <ele>196.13</ele>
      </trkpt>
      <trkpt lat="41.566406" lon="-8.19712">
        <ele>194.51</ele>
      </trkpt>
      <trkpt lat="41.566364" lon="-8.197346">
        <ele>193.37</ele>
      </trkpt>
      <trkpt lat="41.566419" lon="-8.197816">
        <ele>192.11</ele>
      </trkpt>
      <trkpt lat="41.566357" lon="-8.19804">
        <ele>191.59</ele>
      </trkpt>
      <trkpt lat="41.566342" lon="-8.198094">
        <ele>191.47</ele>
      </trkpt>
      <trkpt lat="41.566157" lon="-8.198244">
        <ele>191.09</ele>
      </trkpt>
      <trkpt lat="41.565892" lon="-8.198227">
        <ele>190.46</ele>
      </trkpt>
      <trkpt lat="41.565752" lon="-8.198293">
        <ele>189.76</ele>
      </trkpt>
      <trkpt lat="41.565658" lon="-8.19844">
        <ele>189</ele>
      </trkpt>
      <trkpt lat="41.565643" lon="-8.198612">
        <ele>189.17</ele>
      </trkpt>
      <trkpt lat="41.565677" lon="-8.198749">
        <ele>190.33</ele>
      </trkpt>
      <trkpt lat="41.565924" lon="-8.199074">
        <ele>188.92</ele>
      </trkpt>
      <trkpt lat="41.566177" lon="-8.19932">
        <ele>187.42</ele>
      </trkpt>
      <trkpt lat="41.56626" lon="-8.199523">
        <ele>187.27</ele>
      </trkpt>
      <trkpt lat="41.566313" lon="-8.19989">
        <ele>188.28</ele>
      </trkpt>
      <trkpt lat="41.566365" lon="-8.200258">
        <ele>186.75</ele>
      </trkpt>
      <trkpt lat="41.566396" lon="-8.200961">
        <ele>181.86</ele>
      </trkpt>
      <trkpt lat="41.566414" lon="-8.201052">
        <ele>180.84</ele>
      </trkpt>
      <trkpt lat="41.566464" lon="-8.201161">
        <ele>180.34</ele>
      </trkpt>
      <trkpt lat="41.566596" lon="-8.201263">
        <ele>179.67</ele>
      </trkpt>
      <trkpt lat="41.566874" lon="-8.201358">
        <ele>178.58</ele>
      </trkpt>
      <trkpt lat="41.566969" lon="-8.20146">
        <ele>178.04</ele>
      </trkpt>
      <trkpt lat="41.567017" lon="-8.201616">
        <ele>177.37</ele>
      </trkpt>
      <trkpt lat="41.566991" lon="-8.20224">
        <ele>179.46</ele>
      </trkpt>
      <trkpt lat="41.56701" lon="-8.202422">
        <ele>179.23</ele>
      </trkpt>
      <trkpt lat="41.567124" lon="-8.202762">
        <ele>181.03</ele>
      </trkpt>
      <trkpt lat="41.567124" lon="-8.203026">
        <ele>181.03</ele>
      </trkpt>
      <trkpt lat="41.566964" lon="-8.204436">
        <ele>182.99</ele>
      </trkpt>
      <trkpt lat="41.566843" lon="-8.205493">
        <ele>188.4</ele>
      </trkpt>
      <trkpt lat="41.566803" lon="-8.205845">
        <ele>193.74</ele>
      </trkpt>
      <trkpt lat="41.566694" lon="-8.206153">
        <ele>197.43</ele>
      </trkpt>
      <trkpt lat="41.566344" lon="-8.206674">
        <ele>194.99</ele>
      </trkpt>
      <trkpt lat="41.565995" lon="-8.207195">
        <ele>198.96</ele>
      </trkpt>
      <trkpt lat="41.565803" lon="-8.207522">
        <ele>197.87</ele>
      </trkpt>
      <trkpt lat="41.565715" lon="-8.207748">
        <ele>198.6</ele>
      </trkpt>
      <trkpt lat="41.565566" lon="-8.20813">
        <ele>199.82</ele>
      </trkpt>
      <trkpt lat="41.565345" lon="-8.208641">
        <ele>202.94</ele>
      </trkpt>
      <trkpt lat="41.564702" lon="-8.209681">
        <ele>207.91</ele>
      </trkpt>
      <trkpt lat="41.564622" lon="-8.209904">
        <ele>209.99</ele>
      </trkpt>
      <trkpt lat="41.564579" lon="-8.210535">
        <ele>213.43</ele>
      </trkpt>
      <trkpt lat="41.564578" lon="-8.210816">
        <ele>214.03</ele>
      </trkpt>
      <trkpt lat="41.564861" lon="-8.211886">
        <ele>208.45</ele>
      </trkpt>
      <trkpt lat="41.564893" lon="-8.212778">
        <ele>205.31</ele>
      </trkpt>
      <trkpt lat="41.564885" lon="-8.214036">
        <ele>206.08</ele>
      </trkpt>
      <trkpt lat="41.564834" lon="-8.2143">
        <ele>204.96</ele>
      </trkpt>
      <trkpt lat="41.564598" lon="-8.214772">
        <ele>204</ele>
      </trkpt>
      <trkpt lat="41.56457" lon="-8.214925">
        <ele>203.91</ele>
      </trkpt>
      <trkpt lat="41.564582" lon="-8.215072">
        <ele>204</ele>
      </trkpt>
      <trkpt lat="41.564975" lon="-8.215909">
        <ele>209.19</ele>
      </trkpt>
      <trkpt lat="41.565035" lon="-8.216066">
        <ele>210</ele>
      </trkpt>
      <trkpt lat="41.565026" lon="-8.216255">
        <ele>209.72</ele>
      </trkpt>
      <trkpt lat="41.56487" lon="-8.216514">
        <ele>208.28</ele>
      </trkpt>
      <trkpt lat="41.564811" lon="-8.216742">
        <ele>208.07</ele>
      </trkpt>
      <trkpt lat="41.564829" lon="-8.21743">
        <ele>209.82</ele>
      </trkpt>
      <trkpt lat="41.564849" lon="-8.218184">
        <ele>210.08</ele>
      </trkpt>
      <trkpt lat="41.564884" lon="-8.219503">
        <ele>215.54</ele>
      </trkpt>
      <trkpt lat="41.564897" lon="-8.220001">
        <ele>215.9</ele>
      </trkpt>
      <trkpt lat="41.56495" lon="-8.221256">
        <ele>219.73</ele>
      </trkpt>
      <trkpt lat="41.565176" lon="-8.222501">
        <ele>222.62</ele>
      </trkpt>
      <trkpt lat="41.565171" lon="-8.222566">
        <ele>222.95</ele>
      </trkpt>
      <trkpt lat="41.565139" lon="-8.222676">
        <ele>223.33</ele>
      </trkpt>
      <trkpt lat="41.565102" lon="-8.222738">
        <ele>223.4</ele>
      </trkpt>
      <trkpt lat="41.565029" lon="-8.222809">
        <ele>223.26</ele>
      </trkpt>
      <trkpt lat="41.56484" lon="-8.222847">
        <ele>223.54</ele>
      </trkpt>
      <trkpt lat="41.5644" lon="-8.222935">
        <ele>224.21</ele>
      </trkpt>
      <trkpt lat="41.564257" lon="-8.222897">
        <ele>224.81</ele>
      </trkpt>
      <trkpt lat="41.564151" lon="-8.22281">
        <ele>225.06</ele>
      </trkpt>
      <trkpt lat="41.563796" lon="-8.222324">
        <ele>226.27</ele>
      </trkpt>
      <trkpt lat="41.563547" lon="-8.221889">
        <ele>226.97</ele>
      </trkpt>
      <trkpt lat="41.562917" lon="-8.221192">
        <ele>226.67</ele>
      </trkpt>
      <trkpt lat="41.562592" lon="-8.221048">
        <ele>228.54</ele>
      </trkpt>
      <trkpt lat="41.562549" lon="-8.221035">
        <ele>228.72</ele>
      </trkpt>
      <trkpt lat="41.562354" lon="-8.221034">
        <ele>229.09</ele>
      </trkpt>
      <trkpt lat="41.562024" lon="-8.221112">
        <ele>229.11</ele>
      </trkpt>
      <trkpt lat="41.561802" lon="-8.22138">
        <ele>228.72</ele>
      </trkpt>
      <trkpt lat="41.561648" lon="-8.221535">
        <ele>226.9</ele>
      </trkpt>
      <trkpt lat="41.561391" lon="-8.221738">
        <ele>225.45</ele>
      </trkpt>
      <trkpt lat="41.560556" lon="-8.222356">
        <ele>222.86</ele>
      </trkpt>
      <trkpt lat="41.559975" lon="-8.222931">
        <ele>219.82</ele>
      </trkpt>
      <trkpt lat="41.55987" lon="-8.223088">
        <ele>218.6</ele>
      </trkpt>
      <trkpt lat="41.559804" lon="-8.223303">
        <ele>217.92</ele>
      </trkpt>
      <trkpt lat="41.559778" lon="-8.223655">
        <ele>218</ele>
      </trkpt>
      <trkpt lat="41.55965" lon="-8.22542">
        <ele>211.33</ele>
      </trkpt>
      <trkpt lat="41.559541" lon="-8.225717">
        <ele>210.37</ele>
      </trkpt>
      <trkpt lat="41.559461" lon="-8.225788">
        <ele>209.73</ele>
      </trkpt>
      <trkpt lat="41.55934" lon="-8.225894">
        <ele>208.77</ele>
      </trkpt>
      <trkpt lat="41.559113" lon="-8.22591">
        <ele>206.89</ele>
      </trkpt>
      <trkpt lat="41.558492" lon="-8.225557">
        <ele>203.09</ele>
      </trkpt>
      <trkpt lat="41.558355" lon="-8.225374">
        <ele>202.62</ele>
      </trkpt>
      <trkpt lat="41.558299" lon="-8.225173">
        <ele>201.8</ele>
      </trkpt>
      <trkpt lat="41.558239" lon="-8.224459">
        <ele>198.14</ele>
      </trkpt>
      <trkpt lat="41.558322" lon="-8.223733">
        <ele>198.08</ele>
      </trkpt>
      <trkpt lat="41.558308" lon="-8.223463">
        <ele>196.76</ele>
      </trkpt>
      <trkpt lat="41.558232" lon="-8.223042">
        <ele>193.99</ele>
      </trkpt>
      <trkpt lat="41.558065" lon="-8.222087">
        <ele>192.26</ele>
      </trkpt>
      <trkpt lat="41.557966" lon="-8.221566">
        <ele>187.93</ele>
      </trkpt>
      <trkpt lat="41.557969" lon="-8.221332">
        <ele>186.16</ele>
      </trkpt>
      <trkpt lat="41.558121" lon="-8.220966">
        <ele>186.52</ele>
      </trkpt>
      <trkpt lat="41.558136" lon="-8.220819">
        <ele>186.74</ele>
      </trkpt>
      <trkpt lat="41.558106" lon="-8.22066">
        <ele>186.06</ele>
      </trkpt>
      <trkpt lat="41.557994" lon="-8.220503">
        <ele>184.25</ele>
      </trkpt>
      <trkpt lat="41.557913" lon="-8.220403">
        <ele>183.79</ele>
      </trkpt>
      <trkpt lat="41.55752" lon="-8.219992">
        <ele>182.46</ele>
      </trkpt>
      <trkpt lat="41.557349" lon="-8.219751">
        <ele>180.22</ele>
      </trkpt>
      <trkpt lat="41.557294" lon="-8.219582">
        <ele>180.48</ele>
      </trkpt>
      <trkpt lat="41.557245" lon="-8.219253">
        <ele>179.93</ele>
      </trkpt>
      <trkpt lat="41.557145" lon="-8.218596">
        <ele>172.92</ele>
      </trkpt>
      <trkpt lat="41.55715" lon="-8.218468">
        <ele>172.9</ele>
      </trkpt>
      <trkpt lat="41.557188" lon="-8.218131">
        <ele>173.65</ele>
      </trkpt>
      <trkpt lat="41.557318" lon="-8.217887">
        <ele>175.19</ele>
      </trkpt>
      <trkpt lat="41.557469" lon="-8.217759">
        <ele>174.41</ele>
      </trkpt>
      <trkpt lat="41.557752" lon="-8.217719">
        <ele>170.04</ele>
      </trkpt>
      <trkpt lat="41.558035" lon="-8.217679">
        <ele>170.08</ele>
      </trkpt>
      <trkpt lat="41.558263" lon="-8.217506">
        <ele>168.27</ele>
      </trkpt>
      <trkpt lat="41.558475" lon="-8.217282">
        <ele>165.46</ele>
      </trkpt>
      <trkpt lat="41.558687" lon="-8.217058">
        <ele>165.55</ele>
      </trkpt>
      <trkpt lat="41.5589" lon="-8.216835">
        <ele>168.13</ele>
      </trkpt>
      <trkpt lat="41.559274" lon="-8.21654">
        <ele>175.61</ele>
      </trkpt>
      <trkpt lat="41.559371" lon="-8.216459">
        <ele>176.19</ele>
      </trkpt>
      <trkpt lat="41.559598" lon="-8.215945">
        <ele>164.74</ele>
      </trkpt>
      <trkpt lat="41.559712" lon="-8.215688">
        <ele>161.75</ele>
      </trkpt>
      <trkpt lat="41.559956" lon="-8.215303">
        <ele>159.12</ele>
      </trkpt>
      <trkpt lat="41.560358" lon="-8.214938">
        <ele>161.34</ele>
      </trkpt>
      <trkpt lat="41.560418" lon="-8.214773">
        <ele>159.19</ele>
      </trkpt>
      <trkpt lat="41.560402" lon="-8.214617">
        <ele>157.55</ele>
      </trkpt>
      <trkpt lat="41.560186" lon="-8.214237">
        <ele>153.05</ele>
      </trkpt>
      <trkpt lat="41.560095" lon="-8.214166">
        <ele>151.84</ele>
      </trkpt>
      <trkpt lat="41.559988" lon="-8.214147">
        <ele>154.43</ele>
      </trkpt>
      <trkpt lat="41.559859" lon="-8.214223">
        <ele>156.43</ele>
      </trkpt>
      <trkpt lat="41.559814" lon="-8.214276">
        <ele>156.76</ele>
      </trkpt>
      <trkpt lat="41.559236" lon="-8.214944">
        <ele>160.9</ele>
      </trkpt>
      <trkpt lat="41.558612" lon="-8.215665">
        <ele>156.69</ele>
      </trkpt>
      <trkpt lat="41.55829" lon="-8.215815">
        <ele>156.08</ele>
      </trkpt>
      <trkpt lat="41.558042" lon="-8.215821">
        <ele>155.15</ele>
      </trkpt>
      <trkpt lat="41.557688" lon="-8.215547">
        <ele>159.85</ele>
      </trkpt>
      <trkpt lat="41.557564" lon="-8.215494">
        <ele>160.64</ele>
      </trkpt>
      <trkpt lat="41.556428" lon="-8.215767">
        <ele>157.47</ele>
      </trkpt>
      <trkpt lat="41.555991" lon="-8.215907">
        <ele>161.18</ele>
      </trkpt>
      <trkpt lat="41.555854" lon="-8.216077">
        <ele>161.34</ele>
      </trkpt>
      <trkpt lat="41.555549" lon="-8.216647">
        <ele>161.88</ele>
      </trkpt>
      <trkpt lat="41.555372" lon="-8.217087">
        <ele>164.07</ele>
      </trkpt>
      <trkpt lat="41.555255" lon="-8.217363">
        <ele>167.51</ele>
      </trkpt>
      <trkpt lat="41.555139" lon="-8.217639">
        <ele>167.42</ele>
      </trkpt>
      <trkpt lat="41.55487" lon="-8.217894">
        <ele>168.77</ele>
      </trkpt>
      <trkpt lat="41.554572" lon="-8.218256">
        <ele>170.94</ele>
      </trkpt>
      <trkpt lat="41.554481" lon="-8.218393">
        <ele>170.81</ele>
      </trkpt>
      <trkpt lat="41.554414" lon="-8.218552">
        <ele>169.95</ele>
      </trkpt>
      <trkpt lat="41.554344" lon="-8.218792">
        <ele>168.24</ele>
      </trkpt>
      <trkpt lat="41.554225" lon="-8.21912">
        <ele>164.96</ele>
      </trkpt>
      <trkpt lat="41.55406" lon="-8.219308">
        <ele>164.67</ele>
      </trkpt>
      <trkpt lat="41.553763" lon="-8.219329">
        <ele>168.58</ele>
      </trkpt>
      <trkpt lat="41.55359" lon="-8.219539">
        <ele>170.35</ele>
      </trkpt>
      <trkpt lat="41.553505" lon="-8.219758">
        <ele>172.19</ele>
      </trkpt>
      <trkpt lat="41.553662" lon="-8.220461">
        <ele>168.74</ele>
      </trkpt>
      <trkpt lat="41.553663" lon="-8.220692">
        <ele>167.06</ele>
      </trkpt>
      <trkpt lat="41.553537" lon="-8.220934">
        <ele>165.23</ele>
      </trkpt>
      <trkpt lat="41.553411" lon="-8.221176">
        <ele>165.74</ele>
      </trkpt>
      <trkpt lat="41.553376" lon="-8.221272">
        <ele>166.13</ele>
      </trkpt>
      <trkpt lat="41.553341" lon="-8.221403">
        <ele>166.29</ele>
      </trkpt>
      <trkpt lat="41.553282" lon="-8.221693">
        <ele>166.09</ele>
      </trkpt>
      <trkpt lat="41.553277" lon="-8.221813">
        <ele>165.52</ele>
      </trkpt>
      <trkpt lat="41.553293" lon="-8.221954">
        <ele>165.15</ele>
      </trkpt>
      <trkpt lat="41.553469" lon="-8.222327">
        <ele>163.01</ele>
      </trkpt>
      <trkpt lat="41.553517" lon="-8.222607">
        <ele>161.9</ele>
      </trkpt>
      <trkpt lat="41.553505" lon="-8.222738">
        <ele>161.82</ele>
      </trkpt>
      <trkpt lat="41.553445" lon="-8.222956">
        <ele>160.8</ele>
      </trkpt>
      <trkpt lat="41.553325" lon="-8.223164">
        <ele>160.25</ele>
      </trkpt>
      <trkpt lat="41.552856" lon="-8.223859">
        <ele>161.14</ele>
      </trkpt>
      <trkpt lat="41.552455" lon="-8.224451">
        <ele>161.9</ele>
      </trkpt>
      <trkpt lat="41.552334" lon="-8.224586">
        <ele>162.05</ele>
      </trkpt>
      <trkpt lat="41.552232" lon="-8.224654">
        <ele>162.45</ele>
      </trkpt>
      <trkpt lat="41.552084" lon="-8.224708">
        <ele>162.18</ele>
      </trkpt>
      <trkpt lat="41.551962" lon="-8.224707">
        <ele>162.19</ele>
      </trkpt>
      <trkpt lat="41.551802" lon="-8.224667">
        <ele>162.59</ele>
      </trkpt>
      <trkpt lat="41.551679" lon="-8.224586">
        <ele>163</ele>
      </trkpt>
      <trkpt lat="41.551534" lon="-8.224439">
        <ele>163.74</ele>
      </trkpt>
      <trkpt lat="41.551262" lon="-8.224136">
        <ele>164.51</ele>
      </trkpt>
      <trkpt lat="41.551081" lon="-8.223803">
        <ele>163.6</ele>
      </trkpt>
      <trkpt lat="41.550732" lon="-8.222947">
        <ele>165.55</ele>
      </trkpt>
      <trkpt lat="41.550619" lon="-8.222671">
        <ele>164.51</ele>
      </trkpt>
      <trkpt lat="41.550558" lon="-8.222318">
        <ele>163.08</ele>
      </trkpt>
      <trkpt lat="41.550509" lon="-8.222106">
        <ele>162.66</ele>
      </trkpt>
      <trkpt lat="41.550417" lon="-8.221948">
        <ele>162.17</ele>
      </trkpt>
      <trkpt lat="41.550114" lon="-8.221529">
        <ele>160.9</ele>
      </trkpt>
      <trkpt lat="41.549902" lon="-8.220655">
        <ele>158.57</ele>
      </trkpt>
      <trkpt lat="41.549674" lon="-8.21999">
        <ele>155.14</ele>
      </trkpt>
      <trkpt lat="41.549561" lon="-8.219657">
        <ele>155.42</ele>
      </trkpt>
      <trkpt lat="41.549156" lon="-8.218728">
        <ele>155.35</ele>
      </trkpt>
      <trkpt lat="41.549094" lon="-8.21864">
        <ele>154.61</ele>
      </trkpt>
      <trkpt lat="41.54901" lon="-8.218603">
        <ele>153.39</ele>
      </trkpt>
      <trkpt lat="41.548709" lon="-8.218642">
        <ele>152.5</ele>
      </trkpt>
      <trkpt lat="41.548639" lon="-8.21862">
        <ele>153.23</ele>
      </trkpt>
      <trkpt lat="41.548546" lon="-8.218852">
        <ele>155.64</ele>
      </trkpt>
      <trkpt lat="41.548556" lon="-8.219173">
        <ele>156.11</ele>
      </trkpt>
      <trkpt lat="41.548564" lon="-8.219431">
        <ele>156.49</ele>
      </trkpt>
      <trkpt lat="41.548566" lon="-8.21975">
        <ele>158.72</ele>
      </trkpt>
      <trkpt lat="41.548544" lon="-8.219962">
        <ele>160.52</ele>
      </trkpt>
      <trkpt lat="41.548477" lon="-8.220079">
        <ele>162.25</ele>
      </trkpt>
      <trkpt lat="41.548386" lon="-8.220149">
        <ele>163.67</ele>
      </trkpt>
      <trkpt lat="41.548115" lon="-8.220206">
        <ele>167.87</ele>
      </trkpt>
      <trkpt lat="41.547914" lon="-8.2203">
        <ele>167.81</ele>
      </trkpt>
      <trkpt lat="41.547659" lon="-8.220494">
        <ele>168</ele>
      </trkpt>
      <trkpt lat="41.547537" lon="-8.220687">
        <ele>168.85</ele>
      </trkpt>
      <trkpt lat="41.547387" lon="-8.22119">
        <ele>168.68</ele>
      </trkpt>
      <trkpt lat="41.547257" lon="-8.221356">
        <ele>169.55</ele>
      </trkpt>
      <trkpt lat="41.546863" lon="-8.221579">
        <ele>171.83</ele>
      </trkpt>
      <trkpt lat="41.54677" lon="-8.221685">
        <ele>172.3</ele>
      </trkpt>
      <trkpt lat="41.546733" lon="-8.221799">
        <ele>171.54</ele>
      </trkpt>
      <trkpt lat="41.546705" lon="-8.222371">
        <ele>168.78</ele>
      </trkpt>
      <trkpt lat="41.546679" lon="-8.222583">
        <ele>168.67</ele>
      </trkpt>
      <trkpt lat="41.546565" lon="-8.22302">
        <ele>167.98</ele>
      </trkpt>
      <trkpt lat="41.546328" lon="-8.223508">
        <ele>168.95</ele>
      </trkpt>
      <trkpt lat="41.546047" lon="-8.223868">
        <ele>168.07</ele>
      </trkpt>
      <trkpt lat="41.545956" lon="-8.223909">
        <ele>168</ele>
      </trkpt>
      <trkpt lat="41.54587" lon="-8.223905">
        <ele>167.94</ele>
      </trkpt>
      <trkpt lat="41.545593" lon="-8.223851">
        <ele>168.32</ele>
      </trkpt>
      <trkpt lat="41.545503" lon="-8.223852">
        <ele>168.32</ele>
      </trkpt>
      <trkpt lat="41.545406" lon="-8.223882">
        <ele>167.98</ele>
      </trkpt>
      <trkpt lat="41.545252" lon="-8.223951">
        <ele>167.51</ele>
      </trkpt>
      <trkpt lat="41.544694" lon="-8.224112">
        <ele>165.83</ele>
      </trkpt>
      <trkpt lat="41.544638" lon="-8.224147">
        <ele>165.97</ele>
      </trkpt>
      <trkpt lat="41.544581" lon="-8.224222">
        <ele>166.39</ele>
      </trkpt>
      <trkpt lat="41.544492" lon="-8.224502">
        <ele>167.12</ele>
      </trkpt>
      <trkpt lat="41.544176" lon="-8.225474">
        <ele>164.27</ele>
      </trkpt>
      <trkpt lat="41.544148" lon="-8.2256">
        <ele>163.76</ele>
      </trkpt>
      <trkpt lat="41.544138" lon="-8.225752">
        <ele>163.83</ele>
      </trkpt>
      <trkpt lat="41.544124" lon="-8.227554">
        <ele>160.6</ele>
      </trkpt>
      <trkpt lat="41.544109" lon="-8.227617">
        <ele>160.25</ele>
      </trkpt>
      <trkpt lat="41.544091" lon="-8.227694">
        <ele>159.82</ele>
      </trkpt>
      <trkpt lat="41.544042" lon="-8.2278">
        <ele>159.2</ele>
      </trkpt>
      <trkpt lat="41.543942" lon="-8.227937">
        <ele>158.41</ele>
      </trkpt>
      <trkpt lat="41.54267" lon="-8.229055">
        <ele>151.15</ele>
      </trkpt>
      <trkpt lat="41.542409" lon="-8.229253">
        <ele>150.57</ele>
      </trkpt>
      <trkpt lat="41.542186" lon="-8.229344">
        <ele>150.45</ele>
      </trkpt>
      <trkpt lat="41.541635" lon="-8.229465">
        <ele>151.18</ele>
      </trkpt>
      <trkpt lat="41.541514" lon="-8.229516">
        <ele>151.28</ele>
      </trkpt>
      <trkpt lat="41.54145" lon="-8.229613">
        <ele>150.57</ele>
      </trkpt>
      <trkpt lat="41.541389" lon="-8.229763">
        <ele>149.79</ele>
      </trkpt>
      <trkpt lat="41.541317" lon="-8.230391">
        <ele>148.96</ele>
      </trkpt>
      <trkpt lat="41.541229" lon="-8.231002">
        <ele>153.41</ele>
      </trkpt>
      <trkpt lat="41.541104" lon="-8.231426">
        <ele>156.83</ele>
      </trkpt>
      <trkpt lat="41.540361" lon="-8.233155">
        <ele>166.16</ele>
      </trkpt>
      <trkpt lat="41.539659" lon="-8.234811">
        <ele>168</ele>
      </trkpt>
      <trkpt lat="41.539393" lon="-8.235633">
        <ele>167.59</ele>
      </trkpt>
      <trkpt lat="41.539164" lon="-8.236344">
        <ele>169.48</ele>
      </trkpt>
      <trkpt lat="41.539041" lon="-8.236762">
        <ele>168.06</ele>
      </trkpt>
      <trkpt lat="41.539003" lon="-8.236961">
        <ele>167.4</ele>
      </trkpt>
      <trkpt lat="41.538936" lon="-8.237568">
        <ele>165.8</ele>
      </trkpt>
      <trkpt lat="41.538912" lon="-8.237853">
        <ele>166.43</ele>
      </trkpt>
      <trkpt lat="41.538913" lon="-8.237946">
        <ele>166.42</ele>
      </trkpt>
      <trkpt lat="41.538933" lon="-8.238042">
        <ele>166.61</ele>
      </trkpt>
      <trkpt lat="41.538956" lon="-8.238099">
        <ele>166.76</ele>
      </trkpt>
      <trkpt lat="41.538998" lon="-8.238153">
        <ele>166.99</ele>
      </trkpt>
      <trkpt lat="41.539085" lon="-8.238201">
        <ele>167.54</ele>
      </trkpt>
      <trkpt lat="41.539631" lon="-8.238223">
        <ele>169.72</ele>
      </trkpt>
      <trkpt lat="41.540098" lon="-8.238207">
        <ele>171.43</ele>
      </trkpt>
      <trkpt lat="41.540465" lon="-8.238261">
        <ele>172.44</ele>
      </trkpt>
      <trkpt lat="41.540609" lon="-8.238294">
        <ele>172.42</ele>
      </trkpt>
      <trkpt lat="41.540702" lon="-8.238344">
        <ele>172.93</ele>
      </trkpt>
      <trkpt lat="41.540784" lon="-8.238447">
        <ele>174.64</ele>
      </trkpt>
      <trkpt lat="41.540819" lon="-8.238521">
        <ele>175.5</ele>
      </trkpt>
      <trkpt lat="41.54085" lon="-8.238643">
        <ele>176.43</ele>
      </trkpt>
      <trkpt lat="41.540852" lon="-8.238712">
        <ele>176.81</ele>
      </trkpt>
      <trkpt lat="41.540803" lon="-8.238952">
        <ele>178.22</ele>
      </trkpt>
      <trkpt lat="41.540602" lon="-8.239746">
        <ele>180.35</ele>
      </trkpt>
      <trkpt lat="41.540543" lon="-8.239886">
        <ele>180.46</ele>
      </trkpt>
      <trkpt lat="41.540454" lon="-8.240045">
        <ele>181.36</ele>
      </trkpt>
      <trkpt lat="41.5403" lon="-8.240294">
        <ele>183.16</ele>
      </trkpt>
      <trkpt lat="41.540295" lon="-8.240302">
        <ele>183.22</ele>
      </trkpt>
      <trkpt lat="41.540346" lon="-8.240377">
        <ele>181.93</ele>
      </trkpt>
      <trkpt lat="41.540357" lon="-8.240445">
        <ele>181.54</ele>
      </trkpt>
      <trkpt lat="41.5404" lon="-8.240558">
        <ele>180.75</ele>
      </trkpt>
      <trkpt lat="41.54059" lon="-8.240884">
        <ele>177.78</ele>
      </trkpt>
      <trkpt lat="41.541162" lon="-8.241808">
        <ele>163.86</ele>
      </trkpt>
      <trkpt lat="41.5412" lon="-8.241893">
        <ele>162.96</ele>
      </trkpt>
      <trkpt lat="41.541215" lon="-8.241977">
        <ele>162.28</ele>
      </trkpt>
      <trkpt lat="41.541136" lon="-8.242896">
        <ele>156.18</ele>
      </trkpt>
      <trkpt lat="41.541126" lon="-8.2435">
        <ele>151.16</ele>
      </trkpt>
      <trkpt lat="41.54117" lon="-8.243781">
        <ele>149.77</ele>
      </trkpt>
      <trkpt lat="41.54121" lon="-8.243923">
        <ele>149.38</ele>
      </trkpt>
      <trkpt lat="41.541375" lon="-8.244316">
        <ele>149.11</ele>
      </trkpt>
      <trkpt lat="41.541431" lon="-8.244469">
        <ele>149.67</ele>
      </trkpt>
      <trkpt lat="41.541483" lon="-8.244719">
        <ele>151.63</ele>
      </trkpt>
      <trkpt lat="41.54149" lon="-8.244917">
        <ele>152.72</ele>
      </trkpt>
      <trkpt lat="41.541479" lon="-8.245038">
        <ele>153.49</ele>
      </trkpt>
      <trkpt lat="41.541407" lon="-8.24541">
        <ele>153.64</ele>
      </trkpt>
      <trkpt lat="41.541261" lon="-8.246155">
        <ele>146.76</ele>
      </trkpt>
      <trkpt lat="41.541141" lon="-8.246772">
        <ele>148.36</ele>
      </trkpt>
      <trkpt lat="41.541081" lon="-8.24708">
        <ele>147.55</ele>
      </trkpt>
      <trkpt lat="41.541074" lon="-8.247387">
        <ele>144.08</ele>
      </trkpt>
      <trkpt lat="41.541107" lon="-8.247397">
        <ele>142.88</ele>
      </trkpt>
      <trkpt lat="41.541136" lon="-8.247423">
        <ele>141.76</ele>
      </trkpt>
      <trkpt lat="41.541154" lon="-8.247461">
        <ele>141.04</ele>
      </trkpt>
      <trkpt lat="41.541161" lon="-8.247506">
        <ele>140.9</ele>
      </trkpt>
      <trkpt lat="41.541153" lon="-8.247551">
        <ele>141.06</ele>
      </trkpt>
      <trkpt lat="41.54149" lon="-8.247854">
        <ele>136.57</ele>
      </trkpt>
      <trkpt lat="41.541866" lon="-8.248153">
        <ele>132.49</ele>
      </trkpt>
      <trkpt lat="41.542254" lon="-8.248502">
        <ele>132.08</ele>
      </trkpt>
      <trkpt lat="41.542371" lon="-8.248654">
        <ele>133.02</ele>
      </trkpt>
      <trkpt lat="41.542464" lon="-8.248802">
        <ele>134.06</ele>
      </trkpt>
      <trkpt lat="41.542662" lon="-8.249219">
        <ele>136.7</ele>
      </trkpt>
      <trkpt lat="41.543808" lon="-8.25188">
        <ele>148.21</ele>
      </trkpt>
      <trkpt lat="41.544489" lon="-8.253445">
        <ele>151.8</ele>
      </trkpt>
      <trkpt lat="41.54482" lon="-8.254223">
        <ele>150.99</ele>
      </trkpt>
      <trkpt lat="41.545376" lon="-8.255528">
        <ele>144.99</ele>
      </trkpt>
      <trkpt lat="41.545508" lon="-8.25577">
        <ele>142.37</ele>
      </trkpt>
      <trkpt lat="41.54579" lon="-8.255984">
        <ele>138.68</ele>
      </trkpt>
      <trkpt lat="41.546093" lon="-8.256081">
        <ele>133.65</ele>
      </trkpt>
      <trkpt lat="41.546237" lon="-8.256127">
        <ele>134.24</ele>
      </trkpt>
      <trkpt lat="41.546396" lon="-8.256177">
        <ele>134.89</ele>
      </trkpt>
      <trkpt lat="41.54687" lon="-8.256411">
        <ele>140.89</ele>
      </trkpt>
      <trkpt lat="41.547344" lon="-8.256644">
        <ele>143.53</ele>
      </trkpt>
      <trkpt lat="41.547994" lon="-8.257041">
        <ele>147.92</ele>
      </trkpt>
      <trkpt lat="41.548267" lon="-8.257132">
        <ele>150.48</ele>
      </trkpt>
      <trkpt lat="41.548564" lon="-8.257159">
        <ele>152.55</ele>
      </trkpt>
      <trkpt lat="41.549269" lon="-8.256962">
        <ele>159.42</ele>
      </trkpt>
      <trkpt lat="41.550254" lon="-8.256757">
        <ele>166.53</ele>
      </trkpt>
      <trkpt lat="41.550608" lon="-8.256827">
        <ele>169.85</ele>
      </trkpt>
      <trkpt lat="41.551077" lon="-8.257116">
        <ele>174.76</ele>
      </trkpt>
      <trkpt lat="41.551397" lon="-8.257309">
        <ele>175.2</ele>
      </trkpt>
      <trkpt lat="41.552034" lon="-8.257564">
        <ele>177.31</ele>
      </trkpt>
      <trkpt lat="41.552273" lon="-8.257738">
        <ele>177.64</ele>
      </trkpt>
      <trkpt lat="41.553019" lon="-8.258527">
        <ele>179.81</ele>
      </trkpt>
      <trkpt lat="41.553276" lon="-8.258953">
        <ele>180.53</ele>
      </trkpt>
      <trkpt lat="41.553414" lon="-8.259045">
        <ele>181.42</ele>
      </trkpt>
      <trkpt lat="41.553662" lon="-8.259114">
        <ele>182.45</ele>
      </trkpt>
      <trkpt lat="41.553845" lon="-8.259137">
        <ele>182.06</ele>
      </trkpt>
      <trkpt lat="41.554241" lon="-8.259131">
        <ele>184.15</ele>
      </trkpt>
      <trkpt lat="41.554542" lon="-8.259082">
        <ele>186.64</ele>
      </trkpt>
      <trkpt lat="41.555225" lon="-8.25889">
        <ele>193.54</ele>
      </trkpt>
      <trkpt lat="41.555402" lon="-8.258842">
        <ele>196.33</ele>
      </trkpt>
      <trkpt lat="41.555641" lon="-8.258777">
        <ele>194.36</ele>
      </trkpt>
      <trkpt lat="41.556357" lon="-8.258583">
        <ele>199.64</ele>
      </trkpt>
      <trkpt lat="41.55646" lon="-8.258525">
        <ele>201.97</ele>
      </trkpt>
      <trkpt lat="41.556545" lon="-8.258447">
        <ele>202.33</ele>
      </trkpt>
      <trkpt lat="41.556705" lon="-8.25821">
        <ele>200.74</ele>
      </trkpt>
      <trkpt lat="41.557025" lon="-8.257737">
        <ele>202.88</ele>
      </trkpt>
      <trkpt lat="41.557183" lon="-8.2576">
        <ele>203.33</ele>
      </trkpt>
      <trkpt lat="41.557368" lon="-8.257522">
        <ele>204.35</ele>
      </trkpt>
      <trkpt lat="41.557516" lon="-8.257522">
        <ele>206.03</ele>
      </trkpt>
      <trkpt lat="41.55811" lon="-8.257679">
        <ele>209.75</ele>
      </trkpt>
      <trkpt lat="41.558317" lon="-8.25777">
        <ele>211.47</ele>
      </trkpt>
      <trkpt lat="41.558977" lon="-8.25806">
        <ele>216.99</ele>
      </trkpt>
      <trkpt lat="41.559194" lon="-8.258066">
        <ele>218.55</ele>
      </trkpt>
      <trkpt lat="41.559798" lon="-8.257843">
        <ele>216.6</ele>
      </trkpt>
      <trkpt lat="41.560605" lon="-8.257587">
        <ele>211.93</ele>
      </trkpt>
      <trkpt lat="41.5608" lon="-8.257573">
        <ele>210.59</ele>
      </trkpt>
      <trkpt lat="41.560935" lon="-8.257613">
        <ele>210.45</ele>
      </trkpt>
      <trkpt lat="41.561163" lon="-8.257756">
        <ele>210.96</ele>
      </trkpt>
      <trkpt lat="41.561334" lon="-8.257935">
        <ele>208.76</ele>
      </trkpt>
      <trkpt lat="41.561494" lon="-8.258167">
        <ele>207</ele>
      </trkpt>
      <trkpt lat="41.561643" lon="-8.258413">
        <ele>207.52</ele>
      </trkpt>
      <trkpt lat="41.56189" lon="-8.258787">
        <ele>208.48</ele>
      </trkpt>
      <trkpt lat="41.562447" lon="-8.259651">
        <ele>208.29</ele>
      </trkpt>
      <trkpt lat="41.56275" lon="-8.260114">
        <ele>209.02</ele>
      </trkpt>
      <trkpt lat="41.563001" lon="-8.260365">
        <ele>209.58</ele>
      </trkpt>
      <trkpt lat="41.563328" lon="-8.260537">
        <ele>210</ele>
      </trkpt>
      <trkpt lat="41.564375" lon="-8.260956">
        <ele>209</ele>
      </trkpt>
      <trkpt lat="41.565334" lon="-8.261209">
        <ele>204.13</ele>
      </trkpt>
      <trkpt lat="41.56552" lon="-8.261258">
        <ele>202.91</ele>
      </trkpt>
      <trkpt lat="41.565765" lon="-8.261212">
        <ele>202.69</ele>
      </trkpt>
      <trkpt lat="41.565789" lon="-8.261193">
        <ele>202.68</ele>
      </trkpt>
      <trkpt lat="41.565816" lon="-8.261187">
        <ele>202.5</ele>
      </trkpt>
      <trkpt lat="41.565843" lon="-8.261195">
        <ele>202.25</ele>
      </trkpt>
      <trkpt lat="41.565865" lon="-8.261216">
        <ele>201.87</ele>
      </trkpt>
      <trkpt lat="41.565884" lon="-8.261284">
        <ele>201.06</ele>
      </trkpt>
      <trkpt lat="41.565977" lon="-8.261411">
        <ele>199.82</ele>
      </trkpt>
      <trkpt lat="41.566167" lon="-8.261561">
        <ele>198.16</ele>
      </trkpt>
      <trkpt lat="41.566334" lon="-8.261834">
        <ele>194.28</ele>
      </trkpt>
      <trkpt lat="41.566434" lon="-8.262119">
        <ele>193.07</ele>
      </trkpt>
      <trkpt lat="41.566532" lon="-8.262577">
        <ele>191.32</ele>
      </trkpt>
      <trkpt lat="41.566626" lon="-8.262995">
        <ele>191.78</ele>
      </trkpt>
      <trkpt lat="41.566727" lon="-8.263653">
        <ele>190.77</ele>
      </trkpt>
      <trkpt lat="41.566765" lon="-8.263787">
        <ele>190.79</ele>
      </trkpt>
      <trkpt lat="41.566825" lon="-8.263895">
        <ele>189.39</ele>
      </trkpt>
      <trkpt lat="41.566873" lon="-8.263964">
        <ele>189.33</ele>
      </trkpt>
      <trkpt lat="41.566928" lon="-8.264016">
        <ele>189.6</ele>
      </trkpt>
      <trkpt lat="41.567164" lon="-8.264205">
        <ele>189.96</ele>
      </trkpt>
      <trkpt lat="41.567291" lon="-8.264304">
        <ele>189.9</ele>
      </trkpt>
      <trkpt lat="41.567521" lon="-8.264454">
        <ele>187.32</ele>
      </trkpt>
      <trkpt lat="41.567796" lon="-8.264588">
        <ele>184.64</ele>
      </trkpt>
      <trkpt lat="41.567987" lon="-8.26463">
        <ele>183.55</ele>
      </trkpt>
      <trkpt lat="41.568493" lon="-8.26474">
        <ele>180.66</ele>
      </trkpt>
      <trkpt lat="41.570065" lon="-8.265097">
        <ele>180.78</ele>
      </trkpt>
      <trkpt lat="41.57028" lon="-8.26511">
        <ele>179.8</ele>
      </trkpt>
      <trkpt lat="41.570903" lon="-8.264907">
        <ele>177.34</ele>
      </trkpt>
      <trkpt lat="41.571068" lon="-8.264873">
        <ele>176.11</ele>
      </trkpt>
      <trkpt lat="41.571596" lon="-8.264729">
        <ele>174.5</ele>
      </trkpt>
      <trkpt lat="41.572382" lon="-8.264515">
        <ele>176.5</ele>
      </trkpt>
      <trkpt lat="41.572915" lon="-8.26437">
        <ele>177.86</ele>
      </trkpt>
      <trkpt lat="41.572976" lon="-8.264339">
        <ele>178</ele>
      </trkpt>
      <trkpt lat="41.573055" lon="-8.264271">
        <ele>178</ele>
      </trkpt>
      <trkpt lat="41.573067" lon="-8.2642">
        <ele>178</ele>
      </trkpt>
      <trkpt lat="41.573099" lon="-8.264141">
        <ele>178.19</ele>
      </trkpt>
      <trkpt lat="41.573145" lon="-8.264102">
        <ele>178.47</ele>
      </trkpt>
      <trkpt lat="41.573198" lon="-8.26409">
        <ele>178.76</ele>
      </trkpt>
      <trkpt lat="41.573251" lon="-8.264106">
        <ele>178.88</ele>
      </trkpt>
      <trkpt lat="41.573295" lon="-8.264148">
        <ele>179</ele>
      </trkpt>
      <trkpt lat="41.573324" lon="-8.26421">
        <ele>179</ele>
      </trkpt>
      <trkpt lat="41.573333" lon="-8.264282">
        <ele>179.01</ele>
      </trkpt>
      <trkpt lat="41.573321" lon="-8.264352">
        <ele>179</ele>
      </trkpt>
      <trkpt lat="41.57329" lon="-8.264412">
        <ele>179</ele>
      </trkpt>
      <trkpt lat="41.573271" lon="-8.264605">
        <ele>179</ele>
      </trkpt>
      <trkpt lat="41.573617" lon="-8.266066">
        <ele>182.78</ele>
      </trkpt>
      <trkpt lat="41.57402" lon="-8.267772">
        <ele>184.16</ele>
      </trkpt>
      <trkpt lat="41.574142" lon="-8.267996">
        <ele>184.15</ele>
      </trkpt>
      <trkpt lat="41.574191" lon="-8.268012">
        <ele>184.28</ele>
      </trkpt>
      <trkpt lat="41.574211" lon="-8.268034">
        <ele>184.24</ele>
      </trkpt>
      <trkpt lat="41.574229" lon="-8.268073">
        <ele>184.06</ele>
      </trkpt>
      <trkpt lat="41.574233" lon="-8.268142">
        <ele>184</ele>
      </trkpt>
      <trkpt lat="41.574207" lon="-8.268202">
        <ele>183.86</ele>
      </trkpt>
      <trkpt lat="41.574178" lon="-8.268226">
        <ele>183.64</ele>
      </trkpt>
      <trkpt lat="41.574001" lon="-8.268403">
        <ele>182.14</ele>
      </trkpt>
      <trkpt lat="41.573921" lon="-8.268519">
        <ele>181.73</ele>
      </trkpt>
      <trkpt lat="41.573531" lon="-8.269083">
        <ele>179.93</ele>
      </trkpt>
      <trkpt lat="41.573127" lon="-8.269666">
        <ele>181</ele>
      </trkpt>
      <trkpt lat="41.573029" lon="-8.269912">
        <ele>181</ele>
      </trkpt>
      <trkpt lat="41.572999" lon="-8.270053">
        <ele>181</ele>
      </trkpt>
      <trkpt lat="41.572976" lon="-8.270225">
        <ele>181</ele>
      </trkpt>
      <trkpt lat="41.573033" lon="-8.270429">
        <ele>181.43</ele>
      </trkpt>
      <trkpt lat="41.573073" lon="-8.270475">
        <ele>181.89</ele>
      </trkpt>
      <trkpt lat="41.573092" lon="-8.270521">
        <ele>181.74</ele>
      </trkpt>
      <trkpt lat="41.573101" lon="-8.270572">
        <ele>181.52</ele>
      </trkpt>
      <trkpt lat="41.573098" lon="-8.270625">
        <ele>181.32</ele>
      </trkpt>
      <trkpt lat="41.573084" lon="-8.270674">
        <ele>181.14</ele>
      </trkpt>
      <trkpt lat="41.573049" lon="-8.270728">
        <ele>181.3</ele>
      </trkpt>
      <trkpt lat="41.57301" lon="-8.270992">
        <ele>181.96</ele>
      </trkpt>
      <trkpt lat="41.573024" lon="-8.271138">
        <ele>182.46</ele>
      </trkpt>
      <trkpt lat="41.573122" lon="-8.271735">
        <ele>185.09</ele>
      </trkpt>
      <trkpt lat="41.573261" lon="-8.272161">
        <ele>185.93</ele>
      </trkpt>
      <trkpt lat="41.573416" lon="-8.272496">
        <ele>188.43</ele>
      </trkpt>
      <trkpt lat="41.573854" lon="-8.27318">
        <ele>193.69</ele>
      </trkpt>
      <trkpt lat="41.574105" lon="-8.273465">
        <ele>196.59</ele>
      </trkpt>
      <trkpt lat="41.574347" lon="-8.273641">
        <ele>198.99</ele>
      </trkpt>
      <trkpt lat="41.574584" lon="-8.273791">
        <ele>201.14</ele>
      </trkpt>
      <trkpt lat="41.574739" lon="-8.273829">
        <ele>201.96</ele>
      </trkpt>
      <trkpt lat="41.574773" lon="-8.273822">
        <ele>202.07</ele>
      </trkpt>
      <trkpt lat="41.574817" lon="-8.273839">
        <ele>202.25</ele>
      </trkpt>
      <trkpt lat="41.574835" lon="-8.273859">
        <ele>202.4</ele>
      </trkpt>
      <trkpt lat="41.574857" lon="-8.273913">
        <ele>202.76</ele>
      </trkpt>
      <trkpt lat="41.574859" lon="-8.273943">
        <ele>202.94</ele>
      </trkpt>
      <trkpt lat="41.574846" lon="-8.274002">
        <ele>203.18</ele>
      </trkpt>
      <trkpt lat="41.574831" lon="-8.274026">
        <ele>203.21</ele>
      </trkpt>
      <trkpt lat="41.574827" lon="-8.274208">
        <ele>203.62</ele>
      </trkpt>
      <trkpt lat="41.574846" lon="-8.274279">
        <ele>203.9</ele>
      </trkpt>
      <trkpt lat="41.575203" lon="-8.275568">
        <ele>209.04</ele>
      </trkpt>
      <trkpt lat="41.575313" lon="-8.275889">
        <ele>210.78</ele>
      </trkpt>
      <trkpt lat="41.575406" lon="-8.276121">
        <ele>212</ele>
      </trkpt>
      <trkpt lat="41.575487" lon="-8.276236">
        <ele>212.2</ele>
      </trkpt>
      <trkpt lat="41.575598" lon="-8.276302">
        <ele>213.4</ele>
      </trkpt>
      <trkpt lat="41.575633" lon="-8.276295">
        <ele>213.63</ele>
      </trkpt>
      <trkpt lat="41.575668" lon="-8.276306">
        <ele>213.99</ele>
      </trkpt>
      <trkpt lat="41.575696" lon="-8.276334">
        <ele>214.36</ele>
      </trkpt>
      <trkpt lat="41.575715" lon="-8.276375">
        <ele>214.52</ele>
      </trkpt>
      <trkpt lat="41.57572" lon="-8.276422">
        <ele>214.56</ele>
      </trkpt>
      <trkpt lat="41.575799" lon="-8.276536">
        <ele>215</ele>
      </trkpt>
      <trkpt lat="41.575863" lon="-8.276598">
        <ele>215</ele>
      </trkpt>
      <trkpt lat="41.575943" lon="-8.276644">
        <ele>215.35</ele>
      </trkpt>
      <trkpt lat="41.57623" lon="-8.27675">
        <ele>216.93</ele>
      </trkpt>
      <trkpt lat="41.576649" lon="-8.27687">
        <ele>218.6</ele>
      </trkpt>
      <trkpt lat="41.576867" lon="-8.276948">
        <ele>220.11</ele>
      </trkpt>
      <trkpt lat="41.577155" lon="-8.277067">
        <ele>220.94</ele>
      </trkpt>
      <trkpt lat="41.577969" lon="-8.277557">
        <ele>225.71</ele>
      </trkpt>
      <trkpt lat="41.578099" lon="-8.277604">
        <ele>225.96</ele>
      </trkpt>
      <trkpt lat="41.578226" lon="-8.27762">
        <ele>226.23</ele>
      </trkpt>
      <trkpt lat="41.578609" lon="-8.27762">
        <ele>228.21</ele>
      </trkpt>
      <trkpt lat="41.578899" lon="-8.277693">
        <ele>230.68</ele>
      </trkpt>
      <trkpt lat="41.5792" lon="-8.277741">
        <ele>232.13</ele>
      </trkpt>
      <trkpt lat="41.579489" lon="-8.277734">
        <ele>233.75</ele>
      </trkpt>
      <trkpt lat="41.579666" lon="-8.277662">
        <ele>234.61</ele>
      </trkpt>
      <trkpt lat="41.580089" lon="-8.277465">
        <ele>237.13</ele>
      </trkpt>
      <trkpt lat="41.580256" lon="-8.277475">
        <ele>238.82</ele>
      </trkpt>
      <trkpt lat="41.580613" lon="-8.277744">
        <ele>240.86</ele>
      </trkpt>
      <trkpt lat="41.580726" lon="-8.277792">
        <ele>242.23</ele>
      </trkpt>
      <trkpt lat="41.580884" lon="-8.277824">
        <ele>243.69</ele>
      </trkpt>
      <trkpt lat="41.581046" lon="-8.277782">
        <ele>244.38</ele>
      </trkpt>
      <trkpt lat="41.581155" lon="-8.277719">
        <ele>244.83</ele>
      </trkpt>
      <trkpt lat="41.581343" lon="-8.277558">
        <ele>245.35</ele>
      </trkpt>
      <trkpt lat="41.581351" lon="-8.277516">
        <ele>245.12</ele>
      </trkpt>
      <trkpt lat="41.58137" lon="-8.277481">
        <ele>244.94</ele>
      </trkpt>
      <trkpt lat="41.581398" lon="-8.277458">
        <ele>244.86</ele>
      </trkpt>
      <trkpt lat="41.58143" lon="-8.277451">
        <ele>244.91</ele>
      </trkpt>
      <trkpt lat="41.581462" lon="-8.277462">
        <ele>244.51</ele>
      </trkpt>
      <trkpt lat="41.581488" lon="-8.277488">
        <ele>244.33</ele>
      </trkpt>
      <trkpt lat="41.581505" lon="-8.277525">
        <ele>244.64</ele>
      </trkpt>
      <trkpt lat="41.58151" lon="-8.277568">
        <ele>245.19</ele>
      </trkpt>
      <trkpt lat="41.581502" lon="-8.27761">
        <ele>245.79</ele>
      </trkpt>
      <trkpt lat="41.581582" lon="-8.277781">
        <ele>247.27</ele>
      </trkpt>
      <trkpt lat="41.581666" lon="-8.277924">
        <ele>247.72</ele>
      </trkpt>
      <trkpt lat="41.581645" lon="-8.277903">
        <ele>247.63</ele>
      </trkpt>
      <trkpt lat="41.581645" lon="-8.277903">
        <ele>247.63</ele>
      </trkpt>
      <trkpt lat="41.581423" lon="-8.277675">
        <ele>246.65</ele>
      </trkpt>
      <trkpt lat="41.581391" lon="-8.277664">
        <ele>246.34</ele>
      </trkpt>
      <trkpt lat="41.581365" lon="-8.277638">
        <ele>245.99</ele>
      </trkpt>
      <trkpt lat="41.581348" lon="-8.277601">
        <ele>245.64</ele>
      </trkpt>
      <trkpt lat="41.581343" lon="-8.277558">
        <ele>245.35</ele>
      </trkpt>
      <trkpt lat="41.581351" lon="-8.277516">
        <ele>245.12</ele>
      </trkpt>
      <trkpt lat="41.58137" lon="-8.277481">
        <ele>244.94</ele>
      </trkpt>
      <trkpt lat="41.581398" lon="-8.277458">
        <ele>244.86</ele>
      </trkpt>
      <trkpt lat="41.58143" lon="-8.277451">
        <ele>244.91</ele>
      </trkpt>
      <trkpt lat="41.581462" lon="-8.277462">
        <ele>244.51</ele>
      </trkpt>
      <trkpt lat="41.581488" lon="-8.277488">
        <ele>244.33</ele>
      </trkpt>
      <trkpt lat="41.581505" lon="-8.277525">
        <ele>244.64</ele>
      </trkpt>
      <trkpt lat="41.58151" lon="-8.277568">
        <ele>245.19</ele>
      </trkpt>
      <trkpt lat="41.581502" lon="-8.27761">
        <ele>245.79</ele>
      </trkpt>
      <trkpt lat="41.581582" lon="-8.277781">
        <ele>247.27</ele>
      </trkpt>
      <trkpt lat="41.581666" lon="-8.277924">
        <ele>247.72</ele>
      </trkpt>
      <trkpt lat="41.582107" lon="-8.278454">
        <ele>251.01</ele>
      </trkpt>
      <trkpt lat="41.582494" lon="-8.278863">
        <ele>253.55</ele>
      </trkpt>
      <trkpt lat="41.582649" lon="-8.279077">
        <ele>254.92</ele>
      </trkpt>
      <trkpt lat="41.583054" lon="-8.27983">
        <ele>259.99</ele>
      </trkpt>
      <trkpt lat="41.583109" lon="-8.279986">
        <ele>261.21</ele>
      </trkpt>
      <trkpt lat="41.583149" lon="-8.28022">
        <ele>263.36</ele>
      </trkpt>
      <trkpt lat="41.583143" lon="-8.280535">
        <ele>264.96</ele>
      </trkpt>
      <trkpt lat="41.58306" lon="-8.281012">
        <ele>265.52</ele>
      </trkpt>
      <trkpt lat="41.582964" lon="-8.281613">
        <ele>264.55</ele>
      </trkpt>
      <trkpt lat="41.582961" lon="-8.281692">
        <ele>264.37</ele>
      </trkpt>
      <trkpt lat="41.582971" lon="-8.281794">
        <ele>263.98</ele>
      </trkpt>
      <trkpt lat="41.582991" lon="-8.281861">
        <ele>263.98</ele>
      </trkpt>
      <trkpt lat="41.582991" lon="-8.281861">
        <ele>263.98</ele>
      </trkpt>
      <trkpt lat="41.583019" lon="-8.281925">
        <ele>263.96</ele>
      </trkpt>
      <trkpt lat="41.583053" lon="-8.28197">
        <ele>264.23</ele>
      </trkpt>
      <trkpt lat="41.583085" lon="-8.281945">
        <ele>264.72</ele>
      </trkpt>
      <trkpt lat="41.583161" lon="-8.281885">
        <ele>265.89</ele>
      </trkpt>
      <trkpt lat="41.583203" lon="-8.28179">
        <ele>266.18074130698267</ele>
      </trkpt>
      <trkpt lat="41.583264260542876" lon="-8.281595676217705">
        <ele>267.9435626131047</ele>
      </trkpt>
      <trkpt lat="41.58336814368505" lon="-8.281351579165374">
        <ele>272.4487076503989</ele>
      </trkpt>
      <trkpt lat="41.58349406242121" lon="-8.281073813554286">
        <ele>273.80009580957045</ele>
      </trkpt>
      <trkpt lat="41.583577483448494" lon="-8.28091599218456">
        <ele>273.853896694225</ele>
      </trkpt>
      <trkpt lat="41.58361840693237" lon="-8.28076027509971">
        <ele>273.3557574075819</ele>
      </trkpt>
      <trkpt lat="41.58371756757282" lon="-8.28045936235381">
        <ele>276.48028657193885</ele>
      </trkpt>
      <trkpt lat="41.583705" lon="-8.280452">
        <ele>280.68</ele>
      </trkpt>
      <trkpt lat="41.583747" lon="-8.280322">
        <ele>281.88</ele>
      </trkpt>
      <trkpt lat="41.584297" lon="-8.2794">
        <ele>293.4</ele>
      </trkpt>
      <trkpt lat="41.584408" lon="-8.279278">
        <ele>293.64</ele>
      </trkpt>
      <trkpt lat="41.584513" lon="-8.279212">
        <ele>295.18</ele>
      </trkpt>
      <trkpt lat="41.584692" lon="-8.279236">
        <ele>296.5</ele>
      </trkpt>
      <trkpt lat="41.584731" lon="-8.279254">
        <ele>296.95</ele>
      </trkpt>
      <trkpt lat="41.584823" lon="-8.279297">
        <ele>298.02</ele>
      </trkpt>
      <trkpt lat="41.585132" lon="-8.279518">
        <ele>302.56</ele>
      </trkpt>
      <trkpt lat="41.585243" lon="-8.279568">
        <ele>304.18</ele>
      </trkpt>
      <trkpt lat="41.585364" lon="-8.279598">
        <ele>306.19</ele>
      </trkpt>
      <trkpt lat="41.58557" lon="-8.279593">
        <ele>308.78</ele>
      </trkpt>
      <trkpt lat="41.585913" lon="-8.27961">
        <ele>310.37</ele>
      </trkpt>
      <trkpt lat="41.586574" lon="-8.280069">
        <ele>314.5</ele>
      </trkpt>
      <trkpt lat="41.586773" lon="-8.28021">
        <ele>317.07</ele>
      </trkpt>
      <trkpt lat="41.58696" lon="-8.280256">
        <ele>317.87</ele>
      </trkpt>
      <trkpt lat="41.587273" lon="-8.280269">
        <ele>320.25</ele>
      </trkpt>
      <trkpt lat="41.587381" lon="-8.2803">
        <ele>321.06</ele>
      </trkpt>
      <trkpt lat="41.587451" lon="-8.280371">
        <ele>321.89</ele>
      </trkpt>
      <trkpt lat="41.58751" lon="-8.280482">
        <ele>323.34</ele>
      </trkpt>
      <trkpt lat="41.587852" lon="-8.280682">
        <ele>324.44</ele>
      </trkpt>
      <trkpt lat="41.588057" lon="-8.280741">
        <ele>323.25</ele>
      </trkpt>
      <trkpt lat="41.588265" lon="-8.280703">
        <ele>322.55</ele>
      </trkpt>
      <trkpt lat="41.588559" lon="-8.280532">
        <ele>323.67</ele>
      </trkpt>
      <trkpt lat="41.588872" lon="-8.28039">
        <ele>321.99</ele>
      </trkpt>
      <trkpt lat="41.589374" lon="-8.2802">
        <ele>320</ele>
      </trkpt>
      <trkpt lat="41.589781" lon="-8.280065">
        <ele>320.56</ele>
      </trkpt>
      <trkpt lat="41.589926" lon="-8.280017">
        <ele>320.77</ele>
      </trkpt>
      <trkpt lat="41.590514" lon="-8.279797">
        <ele>316.56</ele>
      </trkpt>
      <trkpt lat="41.590872" lon="-8.279672">
        <ele>314.79</ele>
      </trkpt>
      <trkpt lat="41.591131" lon="-8.27957">
        <ele>314.42</ele>
      </trkpt>
      <trkpt lat="41.591411" lon="-8.279486">
        <ele>313.22</ele>
      </trkpt>
      <trkpt lat="41.59182" lon="-8.279497">
        <ele>310.3</ele>
      </trkpt>
      <trkpt lat="41.592069" lon="-8.279556">
        <ele>307.66</ele>
      </trkpt>
      <trkpt lat="41.59247" lon="-8.279759">
        <ele>304.24</ele>
      </trkpt>
      <trkpt lat="41.593215" lon="-8.280049">
        <ele>298.03</ele>
      </trkpt>
      <trkpt lat="41.593883" lon="-8.280336">
        <ele>292.93</ele>
      </trkpt>
      <trkpt lat="41.594536" lon="-8.280598">
        <ele>288.65</ele>
      </trkpt>
      <trkpt lat="41.595055" lon="-8.280837">
        <ele>285.52</ele>
      </trkpt>
      <trkpt lat="41.595674" lon="-8.28121">
        <ele>281.33</ele>
      </trkpt>
      <trkpt lat="41.595834" lon="-8.281218">
        <ele>280.09</ele>
      </trkpt>
      <trkpt lat="41.595914" lon="-8.281245">
        <ele>280</ele>
      </trkpt>
      <trkpt lat="41.595996" lon="-8.281275">
        <ele>279.95</ele>
      </trkpt>
      <trkpt lat="41.596037" lon="-8.281339">
        <ele>279.93</ele>
      </trkpt>
      <trkpt lat="41.596819" lon="-8.280937">
        <ele>277.62</ele>
      </trkpt>
      <trkpt lat="41.59713" lon="-8.280744">
        <ele>277.61</ele>
      </trkpt>
      <trkpt lat="41.597155" lon="-8.280718">
        <ele>277.62</ele>
      </trkpt>
      <trkpt lat="41.597577" lon="-8.28027">
        <ele>277.77</ele>
      </trkpt>
      <trkpt lat="41.597725" lon="-8.28008">
        <ele>278.17</ele>
      </trkpt>
      <trkpt lat="41.597818" lon="-8.279943">
        <ele>278.96</ele>
      </trkpt>
      <trkpt lat="41.597943" lon="-8.279715">
        <ele>280.68</ele>
      </trkpt>
      <trkpt lat="41.598238" lon="-8.278936">
        <ele>281.66</ele>
      </trkpt>
      <trkpt lat="41.598365" lon="-8.278549">
        <ele>283.17</ele>
      </trkpt>
      <trkpt lat="41.598403" lon="-8.27838">
        <ele>283.63</ele>
      </trkpt>
      <trkpt lat="41.598525" lon="-8.277615">
        <ele>284.35</ele>
      </trkpt>
      <trkpt lat="41.598569" lon="-8.27746">
        <ele>284.53</ele>
      </trkpt>
      <trkpt lat="41.598618" lon="-8.277351">
        <ele>284.39</ele>
      </trkpt>
      <trkpt lat="41.598669" lon="-8.277269">
        <ele>284.33</ele>
      </trkpt>
      <trkpt lat="41.599765" lon="-8.275881">
        <ele>290.28</ele>
      </trkpt>
      <trkpt lat="41.599934" lon="-8.275668">
        <ele>292.45</ele>
      </trkpt>
      <trkpt lat="41.600103" lon="-8.275455">
        <ele>292.13</ele>
      </trkpt>
      <trkpt lat="41.600262" lon="-8.275335">
        <ele>292.88</ele>
      </trkpt>
      <trkpt lat="41.600396" lon="-8.275262">
        <ele>293.3</ele>
      </trkpt>
      <trkpt lat="41.60043" lon="-8.275243">
        <ele>293.4</ele>
      </trkpt>
      <trkpt lat="41.600603" lon="-8.275205">
        <ele>294.4</ele>
      </trkpt>
      <trkpt lat="41.600793" lon="-8.275214">
        <ele>295.17</ele>
      </trkpt>
      <trkpt lat="41.60094" lon="-8.275243">
        <ele>295.63</ele>
      </trkpt>
      <trkpt lat="41.602023" lon="-8.27576">
        <ele>298.64</ele>
      </trkpt>
      <trkpt lat="41.602291" lon="-8.275809">
        <ele>299.02</ele>
      </trkpt>
      <trkpt lat="41.602463" lon="-8.275797">
        <ele>300.08</ele>
      </trkpt>
      <trkpt lat="41.602611" lon="-8.275769">
        <ele>301.26</ele>
      </trkpt>
      <trkpt lat="41.602824" lon="-8.275678">
        <ele>302.16</ele>
      </trkpt>
      <trkpt lat="41.602989" lon="-8.27558">
        <ele>302.35</ele>
      </trkpt>
      <trkpt lat="41.603109" lon="-8.275483">
        <ele>301.56</ele>
      </trkpt>
      <trkpt lat="41.603223" lon="-8.275362">
        <ele>302.35</ele>
      </trkpt>
      <trkpt lat="41.603421" lon="-8.275077">
        <ele>303.89</ele>
      </trkpt>
      <trkpt lat="41.603821" lon="-8.27438">
        <ele>305.64</ele>
      </trkpt>
      <trkpt lat="41.60401" lon="-8.27414">
        <ele>305.73</ele>
      </trkpt>
      <trkpt lat="41.60429" lon="-8.27397">
        <ele>306.64</ele>
      </trkpt>
      <trkpt lat="41.604604" lon="-8.273863">
        <ele>307.21</ele>
      </trkpt>
      <trkpt lat="41.604855" lon="-8.273778">
        <ele>307.67</ele>
      </trkpt>
      <trkpt lat="41.605097" lon="-8.273646">
        <ele>309.6</ele>
      </trkpt>
      <trkpt lat="41.605818" lon="-8.273068">
        <ele>310.04</ele>
      </trkpt>
      <trkpt lat="41.605962" lon="-8.272987">
        <ele>311.02</ele>
      </trkpt>
      <trkpt lat="41.606138" lon="-8.272954">
        <ele>311.31</ele>
      </trkpt>
      <trkpt lat="41.606543" lon="-8.272972">
        <ele>313.58</ele>
      </trkpt>
      <trkpt lat="41.606702" lon="-8.272954">
        <ele>313.17</ele>
      </trkpt>
      <trkpt lat="41.606856" lon="-8.272896">
        <ele>312.59</ele>
      </trkpt>
      <trkpt lat="41.607005" lon="-8.272794">
        <ele>313.15</ele>
      </trkpt>
      <trkpt lat="41.607111" lon="-8.272675">
        <ele>313.59</ele>
      </trkpt>
      <trkpt lat="41.607191" lon="-8.272545">
        <ele>314.21</ele>
      </trkpt>
      <trkpt lat="41.607209" lon="-8.272517">
        <ele>314.35</ele>
      </trkpt>
      <trkpt lat="41.60727" lon="-8.272359">
        <ele>314.78</ele>
      </trkpt>
      <trkpt lat="41.607312" lon="-8.272187">
        <ele>314.98</ele>
      </trkpt>
      <trkpt lat="41.607336" lon="-8.271966">
        <ele>315.94</ele>
      </trkpt>
      <trkpt lat="41.607318" lon="-8.27094">
        <ele>319.39</ele>
      </trkpt>
      <trkpt lat="41.6074" lon="-8.270615">
        <ele>320.4</ele>
      </trkpt>
      <trkpt lat="41.607513" lon="-8.270393">
        <ele>321.16</ele>
      </trkpt>
      <trkpt lat="41.607714" lon="-8.270153">
        <ele>321.99</ele>
      </trkpt>
      <trkpt lat="41.607974" lon="-8.27004">
        <ele>322.73</ele>
      </trkpt>
      <trkpt lat="41.608403" lon="-8.270007">
        <ele>324.5</ele>
      </trkpt>
      <trkpt lat="41.608923" lon="-8.269944">
        <ele>325.38</ele>
      </trkpt>
      <trkpt lat="41.609125" lon="-8.269865">
        <ele>326.09</ele>
      </trkpt>
      <trkpt lat="41.609215" lon="-8.269799">
        <ele>326</ele>
      </trkpt>
      <trkpt lat="41.609293" lon="-8.269712">
        <ele>326.56</ele>
      </trkpt>
      <trkpt lat="41.609356" lon="-8.269614">
        <ele>326.95</ele>
      </trkpt>
      <trkpt lat="41.609411" lon="-8.269473">
        <ele>326.99</ele>
      </trkpt>
      <trkpt lat="41.609469" lon="-8.269104">
        <ele>327.76</ele>
      </trkpt>
      <trkpt lat="41.609519" lon="-8.268666">
        <ele>328.13</ele>
      </trkpt>
      <trkpt lat="41.609524" lon="-8.268226">
        <ele>328.16</ele>
      </trkpt>
      <trkpt lat="41.609538" lon="-8.266958">
        <ele>332.62</ele>
      </trkpt>
      <trkpt lat="41.609558" lon="-8.265112">
        <ele>333.41</ele>
      </trkpt>
      <trkpt lat="41.609495" lon="-8.264756">
        <ele>332.17</ele>
      </trkpt>
      <trkpt lat="41.609402" lon="-8.264431">
        <ele>330.9</ele>
      </trkpt>
      <trkpt lat="41.609226" lon="-8.263817">
        <ele>333.18</ele>
      </trkpt>
      <trkpt lat="41.608982" lon="-8.262966">
        <ele>332.56</ele>
      </trkpt>
      <trkpt lat="41.608967" lon="-8.262893">
        <ele>333.17</ele>
      </trkpt>
      <trkpt lat="41.608907" lon="-8.262403">
        <ele>334</ele>
      </trkpt>
      <trkpt lat="41.608917" lon="-8.262088">
        <ele>334.26</ele>
      </trkpt>
      <trkpt lat="41.60897" lon="-8.26185">
        <ele>333.98</ele>
      </trkpt>
      <trkpt lat="41.609082" lon="-8.261524">
        <ele>332.07</ele>
      </trkpt>
      <trkpt lat="41.609306" lon="-8.261038">
        <ele>330.73</ele>
      </trkpt>
      <trkpt lat="41.609957" lon="-8.259879">
        <ele>331.27</ele>
      </trkpt>
      <trkpt lat="41.610197" lon="-8.259539">
        <ele>331.79</ele>
      </trkpt>
      <trkpt lat="41.610936" lon="-8.258804">
        <ele>330.5</ele>
      </trkpt>
      <trkpt lat="41.611147" lon="-8.258594">
        <ele>329.55</ele>
      </trkpt>
      <trkpt lat="41.611347" lon="-8.258472">
        <ele>328.85</ele>
      </trkpt>
      <trkpt lat="41.612468" lon="-8.258202">
        <ele>332.01</ele>
      </trkpt>
      <trkpt lat="41.6126" lon="-8.258134">
        <ele>332.55</ele>
      </trkpt>
      <trkpt lat="41.612701" lon="-8.258026">
        <ele>331.7</ele>
      </trkpt>
      <trkpt lat="41.612787" lon="-8.257899">
        <ele>331.7</ele>
      </trkpt>
      <trkpt lat="41.612851" lon="-8.257771">
        <ele>331.77</ele>
      </trkpt>
      <trkpt lat="41.612933" lon="-8.257431">
        <ele>332.44</ele>
      </trkpt>
      <trkpt lat="41.613014" lon="-8.25709">
        <ele>329.69</ele>
      </trkpt>
      <trkpt lat="41.613164" lon="-8.25678">
        <ele>330.11</ele>
      </trkpt>
      <trkpt lat="41.613426" lon="-8.256562">
        <ele>331.38</ele>
      </trkpt>
      <trkpt lat="41.613658" lon="-8.2565">
        <ele>330.99</ele>
      </trkpt>
      <trkpt lat="41.613775" lon="-8.25651">
        <ele>330.6</ele>
      </trkpt>
      <trkpt lat="41.613898" lon="-8.25652">
        <ele>330.18</ele>
      </trkpt>
      <trkpt lat="41.614424" lon="-8.256662">
        <ele>329</ele>
      </trkpt>
      <trkpt lat="41.614665" lon="-8.256642">
        <ele>329.48</ele>
      </trkpt>
      <trkpt lat="41.614872" lon="-8.256571">
        <ele>330.89</ele>
      </trkpt>
      <trkpt lat="41.616503" lon="-8.25536">
        <ele>341.62</ele>
      </trkpt>
      <trkpt lat="41.616642" lon="-8.255185">
        <ele>342.41</ele>
      </trkpt>
      <trkpt lat="41.616738" lon="-8.254867">
        <ele>344.83</ele>
      </trkpt>
      <trkpt lat="41.616741" lon="-8.254518">
        <ele>347.68</ele>
      </trkpt>
      <trkpt lat="41.616633" lon="-8.254267">
        <ele>349.15</ele>
      </trkpt>
      <trkpt lat="41.616412" lon="-8.254056">
        <ele>350.6</ele>
      </trkpt>
      <trkpt lat="41.616184" lon="-8.253994">
        <ele>352.68</ele>
      </trkpt>
      <trkpt lat="41.615748" lon="-8.254022">
        <ele>355.35</ele>
      </trkpt>
      <trkpt lat="41.615697" lon="-8.254025">
        <ele>355.64</ele>
      </trkpt>
      <trkpt lat="41.615568" lon="-8.254007">
        <ele>355.84</ele>
      </trkpt>
      <trkpt lat="41.61543" lon="-8.253962">
        <ele>356.61</ele>
      </trkpt>
      <trkpt lat="41.615199" lon="-8.253777">
        <ele>357.85</ele>
      </trkpt>
      <trkpt lat="41.615047" lon="-8.253522">
        <ele>358.4</ele>
      </trkpt>
      <trkpt lat="41.614844" lon="-8.252811">
        <ele>362.01</ele>
      </trkpt>
      <trkpt lat="41.614775" lon="-8.252662">
        <ele>362.69</ele>
      </trkpt>
      <trkpt lat="41.614686" lon="-8.252523">
        <ele>363.47</ele>
      </trkpt>
      <trkpt lat="41.614552" lon="-8.25239">
        <ele>365.03</ele>
      </trkpt>
      <trkpt lat="41.614423" lon="-8.252326">
        <ele>366.55</ele>
      </trkpt>
      <trkpt lat="41.613737" lon="-8.25225">
        <ele>370.16</ele>
      </trkpt>
      <trkpt lat="41.61347" lon="-8.252144">
        <ele>370.4</ele>
      </trkpt>
      <trkpt lat="41.613243" lon="-8.251938">
        <ele>371.97</ele>
      </trkpt>
      <trkpt lat="41.613102" lon="-8.251603">
        <ele>374.12</ele>
      </trkpt>
      <trkpt lat="41.613055" lon="-8.251281">
        <ele>374.57</ele>
      </trkpt>
      <trkpt lat="41.613039" lon="-8.250608">
        <ele>376.78</ele>
      </trkpt>
      <trkpt lat="41.613025" lon="-8.250456">
        <ele>376.93</ele>
      </trkpt>
      <trkpt lat="41.613009" lon="-8.250355">
        <ele>376.98</ele>
      </trkpt>
      <trkpt lat="41.612979" lon="-8.250253">
        <ele>377.1</ele>
      </trkpt>
      <trkpt lat="41.612938" lon="-8.250164">
        <ele>377.26</ele>
      </trkpt>
      <trkpt lat="41.612838" lon="-8.250003">
        <ele>378.46</ele>
      </trkpt>
      <trkpt lat="41.612753" lon="-8.249914">
        <ele>379.69</ele>
      </trkpt>
      <trkpt lat="41.612676" lon="-8.249857">
        <ele>380.86</ele>
      </trkpt>
      <trkpt lat="41.612334" lon="-8.24973">
        <ele>383.12</ele>
      </trkpt>
      <trkpt lat="41.611964" lon="-8.249534">
        <ele>386.53</ele>
      </trkpt>
      <trkpt lat="41.61187" lon="-8.249433">
        <ele>387.22</ele>
      </trkpt>
      <trkpt lat="41.611783" lon="-8.249322">
        <ele>387.9</ele>
      </trkpt>
      <trkpt lat="41.611706" lon="-8.249154">
        <ele>387</ele>
      </trkpt>
      <trkpt lat="41.611649" lon="-8.248986">
        <ele>386.47</ele>
      </trkpt>
      <trkpt lat="41.611642" lon="-8.248948">
        <ele>386.15</ele>
      </trkpt>
      <trkpt lat="41.611613" lon="-8.248785">
        <ele>384.79</ele>
      </trkpt>
      <trkpt lat="41.611601" lon="-8.248584">
        <ele>384.87</ele>
      </trkpt>
      <trkpt lat="41.611608" lon="-8.247394">
        <ele>391.21</ele>
      </trkpt>
      <trkpt lat="41.611615" lon="-8.246006">
        <ele>392.42</ele>
      </trkpt>
      <trkpt lat="41.611619" lon="-8.245312">
        <ele>397.32</ele>
      </trkpt>
      <trkpt lat="41.611676" lon="-8.244934">
        <ele>399.2</ele>
      </trkpt>
      <trkpt lat="41.611753" lon="-8.244632">
        <ele>398.37</ele>
      </trkpt>
      <trkpt lat="41.6119" lon="-8.244387">
        <ele>397.98</ele>
      </trkpt>
      <trkpt lat="41.612407" lon="-8.243935">
        <ele>398.14</ele>
      </trkpt>
      <trkpt lat="41.612561" lon="-8.243688">
        <ele>400.05</ele>
      </trkpt>
      <trkpt lat="41.612612" lon="-8.243489">
        <ele>402.44</ele>
      </trkpt>
      <trkpt lat="41.612628" lon="-8.243309">
        <ele>404.99</ele>
      </trkpt>
      <trkpt lat="41.612597" lon="-8.242601">
        <ele>405.84</ele>
      </trkpt>
      <trkpt lat="41.612636" lon="-8.24225">
        <ele>405.57</ele>
      </trkpt>
      <trkpt lat="41.612662" lon="-8.242143">
        <ele>406.06</ele>
      </trkpt>
      <trkpt lat="41.612677" lon="-8.242082">
        <ele>406.34</ele>
      </trkpt>
      <trkpt lat="41.612772" lon="-8.241906">
        <ele>408.13</ele>
      </trkpt>
      <trkpt lat="41.612871" lon="-8.241775">
        <ele>409.62</ele>
      </trkpt>
      <trkpt lat="41.613029" lon="-8.241654">
        <ele>412.5</ele>
      </trkpt>
      <trkpt lat="41.613306" lon="-8.241563">
        <ele>415.82</ele>
      </trkpt>
      <trkpt lat="41.613584" lon="-8.241471">
        <ele>414.58</ele>
      </trkpt>
      <trkpt lat="41.614695" lon="-8.241106">
        <ele>418.68</ele>
      </trkpt>
      <trkpt lat="41.614866" lon="-8.241028">
        <ele>420.53</ele>
      </trkpt>
      <trkpt lat="41.61502" lon="-8.240891">
        <ele>421.07</ele>
      </trkpt>
      <trkpt lat="41.615129" lon="-8.240742">
        <ele>420.96</ele>
      </trkpt>
      <trkpt lat="41.615197" lon="-8.240574">
        <ele>421.5</ele>
      </trkpt>
      <trkpt lat="41.615254" lon="-8.240386">
        <ele>421.73</ele>
      </trkpt>
      <trkpt lat="41.615263" lon="-8.240195">
        <ele>422.11</ele>
      </trkpt>
      <trkpt lat="41.61526" lon="-8.240006">
        <ele>423.15</ele>
      </trkpt>
      <trkpt lat="41.615224" lon="-8.239835">
        <ele>423.82</ele>
      </trkpt>
      <trkpt lat="41.615101" lon="-8.239546">
        <ele>425.54</ele>
      </trkpt>
      <trkpt lat="41.614952" lon="-8.239216">
        <ele>429.61</ele>
      </trkpt>
      <trkpt lat="41.614802" lon="-8.238886">
        <ele>431.58</ele>
      </trkpt>
      <trkpt lat="41.6147" lon="-8.238464">
        <ele>432.12</ele>
      </trkpt>
      <trkpt lat="41.614713" lon="-8.238165">
        <ele>431.18</ele>
      </trkpt>
      <trkpt lat="41.614771" lon="-8.237892">
        <ele>431.08</ele>
      </trkpt>
      <trkpt lat="41.614856" lon="-8.237655">
        <ele>432.54</ele>
      </trkpt>
      <trkpt lat="41.61487" lon="-8.237617">
        <ele>432.78</ele>
      </trkpt>
      <trkpt lat="41.614988" lon="-8.237404">
        <ele>435.54</ele>
      </trkpt>
      <trkpt lat="41.615191" lon="-8.237158">
        <ele>438.71</ele>
      </trkpt>
      <trkpt lat="41.615611" lon="-8.236774">
        <ele>438.69</ele>
      </trkpt>
      <trkpt lat="41.615821" lon="-8.236581">
        <ele>440.32</ele>
      </trkpt>
      <trkpt lat="41.615966" lon="-8.236379">
        <ele>441.45</ele>
      </trkpt>
      <trkpt lat="41.616069" lon="-8.236183">
        <ele>441.32</ele>
      </trkpt>
      <trkpt lat="41.616116" lon="-8.236001">
        <ele>440.09</ele>
      </trkpt>
      <trkpt lat="41.616149" lon="-8.235745">
        <ele>438.87</ele>
      </trkpt>
      <trkpt lat="41.61615" lon="-8.235312">
        <ele>439.88</ele>
      </trkpt>
      <trkpt lat="41.616152" lon="-8.234879">
        <ele>445.89</ele>
      </trkpt>
      <trkpt lat="41.616182" lon="-8.23448">
        <ele>451.87</ele>
      </trkpt>
      <trkpt lat="41.616247" lon="-8.234122">
        <ele>455.88</ele>
      </trkpt>
      <trkpt lat="41.616326" lon="-8.233793">
        <ele>458.25</ele>
      </trkpt>
      <trkpt lat="41.616565" lon="-8.232807">
        <ele>461.1</ele>
      </trkpt>
      <trkpt lat="41.616644" lon="-8.232479">
        <ele>459.44</ele>
      </trkpt>
      <trkpt lat="41.616735" lon="-8.232223">
        <ele>460.79</ele>
      </trkpt>
      <trkpt lat="41.616855" lon="-8.231999">
        <ele>461.51</ele>
      </trkpt>
      <trkpt lat="41.617746" lon="-8.230922">
        <ele>467.17</ele>
      </trkpt>
      <trkpt lat="41.618028" lon="-8.230583">
        <ele>470.39</ele>
      </trkpt>
      <trkpt lat="41.618217" lon="-8.23044">
        <ele>473.14</ele>
      </trkpt>
      <trkpt lat="41.618406" lon="-8.230359">
        <ele>474.73</ele>
      </trkpt>
      <trkpt lat="41.618909" lon="-8.230319">
        <ele>478.29</ele>
      </trkpt>
      <trkpt lat="41.619109" lon="-8.230237">
        <ele>478.77</ele>
      </trkpt>
      <trkpt lat="41.619254" lon="-8.230146">
        <ele>479.33</ele>
      </trkpt>
      <trkpt lat="41.61943" lon="-8.229902">
        <ele>479.56</ele>
      </trkpt>
      <trkpt lat="41.619651" lon="-8.229134">
        <ele>485.51</ele>
      </trkpt>
      <trkpt lat="41.619822" lon="-8.228801">
        <ele>487.8</ele>
      </trkpt>
      <trkpt lat="41.620046" lon="-8.228614">
        <ele>490.02</ele>
      </trkpt>
      <trkpt lat="41.62036" lon="-8.228533">
        <ele>494.47</ele>
      </trkpt>
      <trkpt lat="41.621032" lon="-8.228588">
        <ele>494.65</ele>
      </trkpt>
      <trkpt lat="41.621248" lon="-8.228523">
        <ele>495.53</ele>
      </trkpt>
      <trkpt lat="41.621455" lon="-8.22842">
        <ele>497.59</ele>
      </trkpt>
      <trkpt lat="41.62164" lon="-8.228233">
        <ele>497.77</ele>
      </trkpt>
      <trkpt lat="41.621777" lon="-8.227946">
        <ele>497.29</ele>
      </trkpt>
      <trkpt lat="41.621826" lon="-8.227624">
        <ele>498.26</ele>
      </trkpt>
      <trkpt lat="41.621786" lon="-8.227303">
        <ele>500.19</ele>
      </trkpt>
      <trkpt lat="41.621651" lon="-8.226994">
        <ele>503.78</ele>
      </trkpt>
      <trkpt lat="41.621496" lon="-8.226743">
        <ele>505.97</ele>
      </trkpt>
      <trkpt lat="41.621031" lon="-8.225988">
        <ele>506.2</ele>
      </trkpt>
      <trkpt lat="41.620824" lon="-8.225688">
        <ele>507.32</ele>
      </trkpt>
      <trkpt lat="41.620244" lon="-8.224849">
        <ele>510.46</ele>
      </trkpt>
      <trkpt lat="41.620048" lon="-8.224564">
        <ele>509.98</ele>
      </trkpt>
      <trkpt lat="41.619947" lon="-8.224329">
        <ele>508.61</ele>
      </trkpt>
      <trkpt lat="41.619894" lon="-8.224123">
        <ele>507.42</ele>
      </trkpt>
      <trkpt lat="41.619869" lon="-8.223874">
        <ele>505.77</ele>
      </trkpt>
      <trkpt lat="41.619865" lon="-8.223614">
        <ele>504.23</ele>
      </trkpt>
      <trkpt lat="41.619959" lon="-8.223209">
        <ele>503.61</ele>
      </trkpt>
      <trkpt lat="41.620101" lon="-8.222935">
        <ele>503.72</ele>
      </trkpt>
      <trkpt lat="41.620527" lon="-8.222113">
        <ele>499.38</ele>
      </trkpt>
      <trkpt lat="41.620689" lon="-8.221749">
        <ele>496.41</ele>
      </trkpt>
      <trkpt lat="41.620901" lon="-8.220932">
        <ele>493.83</ele>
      </trkpt>
      <trkpt lat="41.62113" lon="-8.220142">
        <ele>496.61</ele>
      </trkpt>
      <trkpt lat="41.621924" lon="-8.218052">
        <ele>491.9</ele>
      </trkpt>
      <trkpt lat="41.622123" lon="-8.217357">
        <ele>491</ele>
      </trkpt>
      <trkpt lat="41.622285" lon="-8.216795">
        <ele>492.89</ele>
      </trkpt>
      <trkpt lat="41.622934" lon="-8.214536">
        <ele>499.64</ele>
      </trkpt>
      <trkpt lat="41.623696" lon="-8.212484">
        <ele>505.57</ele>
      </trkpt>
      <trkpt lat="41.62376" lon="-8.212192">
        <ele>506.07</ele>
      </trkpt>
      <trkpt lat="41.623761" lon="-8.211883">
        <ele>507.77</ele>
      </trkpt>
      <trkpt lat="41.62343" lon="-8.209897">
        <ele>514.87</ele>
      </trkpt>
      <trkpt lat="41.623202" lon="-8.208531">
        <ele>517</ele>
      </trkpt>
      <trkpt lat="41.623192" lon="-8.208193">
        <ele>517</ele>
      </trkpt>
      <trkpt lat="41.623263" lon="-8.20785">
        <ele>517.16</ele>
      </trkpt>
      <trkpt lat="41.623393" lon="-8.207557">
        <ele>517.71</ele>
      </trkpt>
      <trkpt lat="41.623507" lon="-8.207406">
        <ele>518.48</ele>
      </trkpt>
      <trkpt lat="41.625351" lon="-8.205236">
        <ele>527.85</ele>
      </trkpt>
      <trkpt lat="41.626107" lon="-8.204347">
        <ele>532.13</ele>
      </trkpt>
      <trkpt lat="41.626507" lon="-8.203876">
        <ele>538.35</ele>
      </trkpt>
      <trkpt lat="41.626707" lon="-8.203641">
        <ele>538.75</ele>
      </trkpt>
      <trkpt lat="41.626928" lon="-8.20342">
        <ele>536.06</ele>
      </trkpt>
      <trkpt lat="41.627593" lon="-8.20276">
        <ele>535.74</ele>
      </trkpt>
      <trkpt lat="41.628036" lon="-8.202319">
        <ele>540.42</ele>
      </trkpt>
      <trkpt lat="41.62865" lon="-8.201708">
        <ele>538.92</ele>
      </trkpt>
      <trkpt lat="41.628924" lon="-8.201398">
        <ele>540.25</ele>
      </trkpt>
      <trkpt lat="41.62998" lon="-8.199687">
        <ele>546.37</ele>
      </trkpt>
      <trkpt lat="41.630104" lon="-8.199498">
        <ele>545.69</ele>
      </trkpt>
      <trkpt lat="41.630159" lon="-8.199396">
        <ele>544.82</ele>
      </trkpt>
      <trkpt lat="41.630731" lon="-8.198469">
        <ele>539.73</ele>
      </trkpt>
      <trkpt lat="41.630922" lon="-8.198159">
        <ele>540.23</ele>
      </trkpt>
      <trkpt lat="41.631371" lon="-8.197692">
        <ele>543.08</ele>
      </trkpt>
      <trkpt lat="41.631569" lon="-8.197519">
        <ele>544.75</ele>
      </trkpt>
      <trkpt lat="41.631699" lon="-8.197418">
        <ele>545.81</ele>
      </trkpt>
      <trkpt lat="41.632062" lon="-8.197194">
        <ele>545.57</ele>
      </trkpt>
      <trkpt lat="41.633667" lon="-8.196204">
        <ele>543.09</ele>
      </trkpt>
      <trkpt lat="41.633981" lon="-8.195999">
        <ele>542</ele>
      </trkpt>
      <trkpt lat="41.634142" lon="-8.195794">
        <ele>541.95</ele>
      </trkpt>
      <trkpt lat="41.63423" lon="-8.195643">
        <ele>541.92</ele>
      </trkpt>
      <trkpt lat="41.634286" lon="-8.19546">
        <ele>541.7</ele>
      </trkpt>
      <trkpt lat="41.634323" lon="-8.19519">
        <ele>541.22</ele>
      </trkpt>
      <trkpt lat="41.634393" lon="-8.193619">
        <ele>541</ele>
      </trkpt>
      <trkpt lat="41.634425" lon="-8.192921">
        <ele>537.01</ele>
      </trkpt>
      <trkpt lat="41.634472" lon="-8.191875">
        <ele>534.36</ele>
      </trkpt>
      <trkpt lat="41.634468" lon="-8.191805">
        <ele>534.18</ele>
      </trkpt>
      <trkpt lat="41.634435" lon="-8.191699">
        <ele>533.91</ele>
      </trkpt>
      <trkpt lat="41.634356" lon="-8.191556">
        <ele>532.55</ele>
      </trkpt>
      <trkpt lat="41.634323" lon="-8.19154">
        <ele>532.24</ele>
      </trkpt>
      <trkpt lat="41.63428" lon="-8.191487">
        <ele>532.22</ele>
      </trkpt>
      <trkpt lat="41.634264" lon="-8.19144">
        <ele>532.37</ele>
      </trkpt>
      <trkpt lat="41.63426" lon="-8.191389">
        <ele>532.64</ele>
      </trkpt>
      <trkpt lat="41.634269" lon="-8.191339">
        <ele>532.81</ele>
      </trkpt>
      <trkpt lat="41.63429" lon="-8.191295">
        <ele>532.97</ele>
      </trkpt>
      <trkpt lat="41.63432" lon="-8.191262">
        <ele>533</ele>
      </trkpt>
      <trkpt lat="41.634358" lon="-8.191244">
        <ele>533</ele>
      </trkpt>
      <trkpt lat="41.634463" lon="-8.191129">
        <ele>533.6</ele>
      </trkpt>
      <trkpt lat="41.634539" lon="-8.190911">
        <ele>534.66</ele>
      </trkpt>
      <trkpt lat="41.634631" lon="-8.190427">
        <ele>536</ele>
      </trkpt>
      <trkpt lat="41.636161" lon="-8.186275">
        <ele>542</ele>
      </trkpt>
      <trkpt lat="41.636414" lon="-8.185842">
        <ele>540.85</ele>
      </trkpt>
      <trkpt lat="41.636747" lon="-8.185442">
        <ele>538.61</ele>
      </trkpt>
      <trkpt lat="41.636998" lon="-8.185189">
        <ele>537.05</ele>
      </trkpt>
      <trkpt lat="41.637094" lon="-8.185243">
        <ele>537.08</ele>
      </trkpt>
      <trkpt lat="41.637154" lon="-8.185389">
        <ele>536.91</ele>
      </trkpt>
      <trkpt lat="41.637174" lon="-8.185605">
        <ele>538.22</ele>
      </trkpt>
      <trkpt lat="41.637196" lon="-8.185688">
        <ele>537.99</ele>
      </trkpt>
      <trkpt lat="41.637267" lon="-8.185954">
        <ele>537.23</ele>
      </trkpt>
      <trkpt lat="41.637547" lon="-8.187002">
        <ele>527.01</ele>
      </trkpt>
      <trkpt lat="41.63764" lon="-8.187351">
        <ele>525.19</ele>
      </trkpt>
      <trkpt lat="41.637735" lon="-8.187524">
        <ele>523.36</ele>
      </trkpt>
      <trkpt lat="41.638079" lon="-8.187814">
        <ele>519.61</ele>
      </trkpt>
      <trkpt lat="41.638317" lon="-8.188297">
        <ele>517.3</ele>
      </trkpt>
      <trkpt lat="41.638481" lon="-8.188377">
        <ele>518.41</ele>
      </trkpt>
      <trkpt lat="41.638615" lon="-8.188332">
        <ele>517.65</ele>
      </trkpt>
      <trkpt lat="41.638708" lon="-8.18819">
        <ele>517.47</ele>
      </trkpt>
      <trkpt lat="41.638956" lon="-8.187425">
        <ele>514.72</ele>
      </trkpt>
      <trkpt lat="41.63908" lon="-8.187042">
        <ele>508.4</ele>
      </trkpt>
      <trkpt lat="41.639213" lon="-8.186876">
        <ele>506.5</ele>
      </trkpt>
      <trkpt lat="41.639377" lon="-8.186823">
        <ele>504.31</ele>
      </trkpt>
      <trkpt lat="41.639695" lon="-8.186868">
        <ele>501.87</ele>
      </trkpt>
      <trkpt lat="41.639935" lon="-8.186902">
        <ele>500.03</ele>
      </trkpt>
      <trkpt lat="41.640101" lon="-8.186868">
        <ele>496.09</ele>
      </trkpt>
      <trkpt lat="41.640229" lon="-8.186758">
        <ele>496.63</ele>
      </trkpt>
      <trkpt lat="41.640393" lon="-8.186375">
        <ele>495.1</ele>
      </trkpt>
      <trkpt lat="41.640518" lon="-8.186276">
        <ele>492.38</ele>
      </trkpt>
      <trkpt lat="41.641241" lon="-8.185812">
        <ele>485.3</ele>
      </trkpt>
      <trkpt lat="41.64147" lon="-8.185582">
        <ele>480.8</ele>
      </trkpt>
      <trkpt lat="41.642155" lon="-8.184893">
        <ele>475.52</ele>
      </trkpt>
      <trkpt lat="41.642239" lon="-8.184887">
        <ele>475.31</ele>
      </trkpt>
      <trkpt lat="41.642274" lon="-8.184884">
        <ele>475.22</ele>
      </trkpt>
      <trkpt lat="41.642405" lon="-8.184941">
        <ele>476.81</ele>
      </trkpt>
      <trkpt lat="41.642469" lon="-8.185054">
        <ele>477.75</ele>
      </trkpt>
      <trkpt lat="41.64257" lon="-8.185451">
        <ele>473.91</ele>
      </trkpt>
      <trkpt lat="41.64266" lon="-8.185591">
        <ele>471.8</ele>
      </trkpt>
      <trkpt lat="41.642851" lon="-8.185684">
        <ele>469.29</ele>
      </trkpt>
      <trkpt lat="41.643089" lon="-8.185723">
        <ele>466.81</ele>
      </trkpt>
      <trkpt lat="41.643302" lon="-8.185664">
        <ele>464.69</ele>
      </trkpt>
      <trkpt lat="41.643769" lon="-8.185458">
        <ele>459.72</ele>
      </trkpt>
      <trkpt lat="41.644003" lon="-8.185355">
        <ele>459.23</ele>
      </trkpt>
      <trkpt lat="41.644592" lon="-8.185282">
        <ele>453.72</ele>
      </trkpt>
      <trkpt lat="41.644613" lon="-8.18528">
        <ele>453.53</ele>
      </trkpt>
      <trkpt lat="41.645007" lon="-8.185043">
        <ele>452.37</ele>
      </trkpt>
      <trkpt lat="41.645189" lon="-8.185091">
        <ele>451.52</ele>
      </trkpt>
      <trkpt lat="41.645576" lon="-8.185437">
        <ele>447.96</ele>
      </trkpt>
      <trkpt lat="41.645743" lon="-8.18549">
        <ele>446.13</ele>
      </trkpt>
      <trkpt lat="41.645974" lon="-8.18546">
        <ele>443.95</ele>
      </trkpt>
      <trkpt lat="41.646251" lon="-8.185233">
        <ele>442.7</ele>
      </trkpt>
      <trkpt lat="41.646529" lon="-8.185006">
        <ele>444.04</ele>
      </trkpt>
      <trkpt lat="41.64669" lon="-8.185022">
        <ele>443.88</ele>
      </trkpt>
      <trkpt lat="41.647164" lon="-8.185278">
        <ele>442.36</ele>
      </trkpt>
      <trkpt lat="41.647526" lon="-8.185424">
        <ele>438.5</ele>
      </trkpt>
      <trkpt lat="41.647713" lon="-8.185399">
        <ele>437.08</ele>
      </trkpt>
      <trkpt lat="41.647973" lon="-8.185274">
        <ele>435.01</ele>
      </trkpt>
      <trkpt lat="41.648293" lon="-8.1851">
        <ele>430.28</ele>
      </trkpt>
      <trkpt lat="41.648365" lon="-8.18494">
        <ele>430.43</ele>
      </trkpt>
      <trkpt lat="41.648364" lon="-8.184761">
        <ele>431.85</ele>
      </trkpt>
      <trkpt lat="41.648262" lon="-8.18445">
        <ele>432.67</ele>
      </trkpt>
      <trkpt lat="41.648247" lon="-8.184235">
        <ele>431.5</ele>
      </trkpt>
      <trkpt lat="41.64836" lon="-8.183868">
        <ele>431.27</ele>
      </trkpt>
      <trkpt lat="41.648473" lon="-8.183502">
        <ele>427.04</ele>
      </trkpt>
      <trkpt lat="41.648585" lon="-8.183136">
        <ele>425.18</ele>
      </trkpt>
      <trkpt lat="41.648589" lon="-8.183008">
        <ele>425.2</ele>
      </trkpt>
      <trkpt lat="41.648546" lon="-8.182896">
        <ele>426.66</ele>
      </trkpt>
      <trkpt lat="41.648233" lon="-8.182598">
        <ele>425.19</ele>
      </trkpt>
      <trkpt lat="41.648179" lon="-8.182427">
        <ele>422.88</ele>
      </trkpt>
      <trkpt lat="41.64826" lon="-8.182154">
        <ele>417.8</ele>
      </trkpt>
      <trkpt lat="41.648366" lon="-8.182029">
        <ele>416.83</ele>
      </trkpt>
      <trkpt lat="41.648933" lon="-8.181933">
        <ele>412.29</ele>
      </trkpt>
      <trkpt lat="41.649216" lon="-8.181884">
        <ele>411.63</ele>
      </trkpt>
      <trkpt lat="41.649668" lon="-8.181997">
        <ele>407.6</ele>
      </trkpt>
      <trkpt lat="41.649805" lon="-8.181971">
        <ele>406.04</ele>
      </trkpt>
      <trkpt lat="41.649928" lon="-8.181818">
        <ele>406</ele>
      </trkpt>
      <trkpt lat="41.64996" lon="-8.181507">
        <ele>405.89</ele>
      </trkpt>
      <trkpt lat="41.649994" lon="-8.181157">
        <ele>402.41</ele>
      </trkpt>
      <trkpt lat="41.650039" lon="-8.180698">
        <ele>400.5</ele>
      </trkpt>
      <trkpt lat="41.650063" lon="-8.180457">
        <ele>399.49</ele>
      </trkpt>
      <trkpt lat="41.649982" lon="-8.179995">
        <ele>397.56</ele>
      </trkpt>
      <trkpt lat="41.649999" lon="-8.17979">
        <ele>395.51</ele>
      </trkpt>
      <trkpt lat="41.650119" lon="-8.179559">
        <ele>394.32</ele>
      </trkpt>
      <trkpt lat="41.650706" lon="-8.179066">
        <ele>387.46</ele>
      </trkpt>
      <trkpt lat="41.650844" lon="-8.178879">
        <ele>386.72</ele>
      </trkpt>
      <trkpt lat="41.650993" lon="-8.178366">
        <ele>385.11</ele>
      </trkpt>
      <trkpt lat="41.651185" lon="-8.178053">
        <ele>381.49</ele>
      </trkpt>
      <trkpt lat="41.651378" lon="-8.177741">
        <ele>380.65</ele>
      </trkpt>
      <trkpt lat="41.651483" lon="-8.177244">
        <ele>380.31</ele>
      </trkpt>
      <trkpt lat="41.651576" lon="-8.177106">
        <ele>378.98</ele>
      </trkpt>
      <trkpt lat="41.651664" lon="-8.177062">
        <ele>378.56</ele>
      </trkpt>
      <trkpt lat="41.651785" lon="-8.177139">
        <ele>378.96</ele>
      </trkpt>
      <trkpt lat="41.651801" lon="-8.177163">
        <ele>379.3</ele>
      </trkpt>
      <trkpt lat="41.651866" lon="-8.177262">
        <ele>380.68</ele>
      </trkpt>
      <trkpt lat="41.651947" lon="-8.178007">
        <ele>373.53</ele>
      </trkpt>
      <trkpt lat="41.651995" lon="-8.17816">
        <ele>372.04</ele>
      </trkpt>
      <trkpt lat="41.652073" lon="-8.178273">
        <ele>370.01</ele>
      </trkpt>
      <trkpt lat="41.652281" lon="-8.178441">
        <ele>367.75</ele>
      </trkpt>
      <trkpt lat="41.652559" lon="-8.178603">
        <ele>364.44</ele>
      </trkpt>
      <trkpt lat="41.652814" lon="-8.178672">
        <ele>362.89</ele>
      </trkpt>
      <trkpt lat="41.652975" lon="-8.178759">
        <ele>362.44</ele>
      </trkpt>
      <trkpt lat="41.653279" lon="-8.179015">
        <ele>362.41</ele>
      </trkpt>
      <trkpt lat="41.653377" lon="-8.179304">
        <ele>361.14</ele>
      </trkpt>
      <trkpt lat="41.653421" lon="-8.179387">
        <ele>359.53</ele>
      </trkpt>
      <trkpt lat="41.653487" lon="-8.179455">
        <ele>358.12</ele>
      </trkpt>
      <trkpt lat="41.653649" lon="-8.17953">
        <ele>355.53</ele>
      </trkpt>
      <trkpt lat="41.653856" lon="-8.179569">
        <ele>352.87</ele>
      </trkpt>
      <trkpt lat="41.654159" lon="-8.179574">
        <ele>351.38</ele>
      </trkpt>
      <trkpt lat="41.654265" lon="-8.179609">
        <ele>351.03</ele>
      </trkpt>
      <trkpt lat="41.65447" lon="-8.179716">
        <ele>349.6</ele>
      </trkpt>
      <trkpt lat="41.6545" lon="-8.179721">
        <ele>349.36</ele>
      </trkpt>
      <trkpt lat="41.654556" lon="-8.179729">
        <ele>348.94</ele>
      </trkpt>
      <trkpt lat="41.654637" lon="-8.179716">
        <ele>348.54</ele>
      </trkpt>
      <trkpt lat="41.654976" lon="-8.179499">
        <ele>346.36</ele>
      </trkpt>
      <trkpt lat="41.655103" lon="-8.179362">
        <ele>344.39</ele>
      </trkpt>
      <trkpt lat="41.655172" lon="-8.17922">
        <ele>343.09</ele>
      </trkpt>
      <trkpt lat="41.65522" lon="-8.179001">
        <ele>343</ele>
      </trkpt>
      <trkpt lat="41.655261" lon="-8.178733">
        <ele>342.29</ele>
      </trkpt>
      <trkpt lat="41.655268" lon="-8.178599">
        <ele>341.87</ele>
      </trkpt>
      <trkpt lat="41.655255" lon="-8.178491">
        <ele>341.78</ele>
      </trkpt>
      <trkpt lat="41.655164" lon="-8.178304">
        <ele>341.98</ele>
      </trkpt>
      <trkpt lat="41.655117" lon="-8.178124">
        <ele>339.91</ele>
      </trkpt>
      <trkpt lat="41.655124" lon="-8.177941">
        <ele>337.57</ele>
      </trkpt>
      <trkpt lat="41.655149" lon="-8.177782">
        <ele>336.74</ele>
      </trkpt>
      <trkpt lat="41.655196" lon="-8.177654">
        <ele>336.57</ele>
      </trkpt>
      <trkpt lat="41.655254" lon="-8.177573">
        <ele>335.81</ele>
      </trkpt>
      <trkpt lat="41.65534" lon="-8.177492">
        <ele>334.8</ele>
      </trkpt>
      <trkpt lat="41.655776" lon="-8.177195">
        <ele>326.94</ele>
      </trkpt>
      <trkpt lat="41.656213" lon="-8.176899">
        <ele>323.6</ele>
      </trkpt>
      <trkpt lat="41.656551" lon="-8.176499">
        <ele>319.89</ele>
      </trkpt>
      <trkpt lat="41.65672" lon="-8.176299">
        <ele>319.54</ele>
      </trkpt>
      <trkpt lat="41.656898" lon="-8.176166">
        <ele>317.62</ele>
      </trkpt>
      <trkpt lat="41.657034" lon="-8.176107">
        <ele>316.66</ele>
      </trkpt>
      <trkpt lat="41.65711" lon="-8.17611">
        <ele>316.84</ele>
      </trkpt>
      <trkpt lat="41.657139" lon="-8.176111">
        <ele>316.91</ele>
      </trkpt>
      <trkpt lat="41.657253" lon="-8.17618">
        <ele>317.03</ele>
      </trkpt>
      <trkpt lat="41.657431" lon="-8.176381">
        <ele>316.01</ele>
      </trkpt>
      <trkpt lat="41.657699" lon="-8.176612">
        <ele>312.98</ele>
      </trkpt>
      <trkpt lat="41.658142" lon="-8.176895">
        <ele>309.48</ele>
      </trkpt>
      <trkpt lat="41.658335" lon="-8.17693">
        <ele>307.66</ele>
      </trkpt>
      <trkpt lat="41.658944" lon="-8.176852">
        <ele>304.18</ele>
      </trkpt>
      <trkpt lat="41.659071" lon="-8.176897">
        <ele>304.23</ele>
      </trkpt>
      <trkpt lat="41.659162" lon="-8.176984">
        <ele>304.53</ele>
      </trkpt>
      <trkpt lat="41.659599" lon="-8.177516">
        <ele>299.9</ele>
      </trkpt>
      <trkpt lat="41.659711" lon="-8.177625">
        <ele>297.72</ele>
      </trkpt>
      <trkpt lat="41.660065" lon="-8.177837">
        <ele>295.09</ele>
      </trkpt>
      <trkpt lat="41.660183" lon="-8.177953">
        <ele>294.89</ele>
      </trkpt>
      <trkpt lat="41.660257" lon="-8.178054">
        <ele>295.44</ele>
      </trkpt>
      <trkpt lat="41.660336" lon="-8.17829">
        <ele>295.27</ele>
      </trkpt>
      <trkpt lat="41.660364" lon="-8.178694">
        <ele>295.68</ele>
      </trkpt>
      <trkpt lat="41.660396" lon="-8.178989">
        <ele>295.18</ele>
      </trkpt>
      <trkpt lat="41.660487" lon="-8.179147">
        <ele>294.2</ele>
      </trkpt>
      <trkpt lat="41.660611" lon="-8.179184">
        <ele>292.6</ele>
      </trkpt>
      <trkpt lat="41.660987" lon="-8.17911">
        <ele>289.2</ele>
      </trkpt>
      <trkpt lat="41.661157" lon="-8.179039">
        <ele>288.2</ele>
      </trkpt>
      <trkpt lat="41.661256" lon="-8.178958">
        <ele>288.71</ele>
      </trkpt>
      <trkpt lat="41.661322" lon="-8.17883">
        <ele>288.6</ele>
      </trkpt>
      <trkpt lat="41.66133" lon="-8.178691">
        <ele>287.85</ele>
      </trkpt>
      <trkpt lat="41.661259" lon="-8.178499">
        <ele>287.08</ele>
      </trkpt>
      <trkpt lat="41.66122" lon="-8.178346">
        <ele>286.03</ele>
      </trkpt>
      <trkpt lat="41.661239" lon="-8.178155">
        <ele>284.22</ele>
      </trkpt>
      <trkpt lat="41.661339" lon="-8.177941">
        <ele>283.36</ele>
      </trkpt>
      <trkpt lat="41.66159" lon="-8.177696">
        <ele>280.88</ele>
      </trkpt>
      <trkpt lat="41.66163" lon="-8.177579">
        <ele>280.92</ele>
      </trkpt>
      <trkpt lat="41.661644" lon="-8.177465">
        <ele>280.6</ele>
      </trkpt>
      <trkpt lat="41.661604" lon="-8.177344">
        <ele>280.11</ele>
      </trkpt>
      <trkpt lat="41.661548" lon="-8.177269">
        <ele>279.03</ele>
      </trkpt>
      <trkpt lat="41.661452" lon="-8.177254">
        <ele>279.39</ele>
      </trkpt>
      <trkpt lat="41.661282" lon="-8.177294">
        <ele>279.87</ele>
      </trkpt>
      <trkpt lat="41.661101" lon="-8.177278">
        <ele>277.72</ele>
      </trkpt>
      <trkpt lat="41.660982" lon="-8.177226">
        <ele>277.36</ele>
      </trkpt>
      <trkpt lat="41.660877" lon="-8.177091">
        <ele>275.93</ele>
      </trkpt>
      <trkpt lat="41.660826" lon="-8.17691">
        <ele>275.58</ele>
      </trkpt>
      <trkpt lat="41.660834" lon="-8.176713">
        <ele>272.41</ele>
      </trkpt>
      <trkpt lat="41.660962" lon="-8.176098">
        <ele>267.95</ele>
      </trkpt>
      <trkpt lat="41.660972" lon="-8.175905">
        <ele>268.47</ele>
      </trkpt>
      <trkpt lat="41.66093" lon="-8.175724">
        <ele>268.81</ele>
      </trkpt>
      <trkpt lat="41.660849" lon="-8.175602">
        <ele>269.02</ele>
      </trkpt>
      <trkpt lat="41.66071" lon="-8.175484">
        <ele>269.72</ele>
      </trkpt>
      <trkpt lat="41.66056" lon="-8.175185">
        <ele>262.93</ele>
      </trkpt>
      <trkpt lat="41.660511" lon="-8.17497">
        <ele>261.31</ele>
      </trkpt>
      <trkpt lat="41.660571" lon="-8.174765">
        <ele>259.2</ele>
      </trkpt>
      <trkpt lat="41.660691" lon="-8.174553">
        <ele>258.89</ele>
      </trkpt>
      <trkpt lat="41.660829" lon="-8.174461">
        <ele>258.19</ele>
      </trkpt>
      <trkpt lat="41.661105" lon="-8.174503">
        <ele>255.77</ele>
      </trkpt>
      <trkpt lat="41.661345" lon="-8.174582">
        <ele>254.08</ele>
      </trkpt>
      <trkpt lat="41.661531" lon="-8.17463">
        <ele>252.04</ele>
      </trkpt>
      <trkpt lat="41.661626" lon="-8.174654">
        <ele>251</ele>
      </trkpt>
      <trkpt lat="41.661874" lon="-8.174666">
        <ele>247.87</ele>
      </trkpt>
      <trkpt lat="41.662059" lon="-8.174609">
        <ele>247.19</ele>
      </trkpt>
      <trkpt lat="41.662207" lon="-8.174437">
        <ele>245.64</ele>
      </trkpt>
      <trkpt lat="41.662427" lon="-8.174017">
        <ele>243.06</ele>
      </trkpt>
      <trkpt lat="41.662619" lon="-8.173902">
        <ele>242.89</ele>
      </trkpt>
      <trkpt lat="41.66278" lon="-8.173902">
        <ele>242.56</ele>
      </trkpt>
      <trkpt lat="41.66292" lon="-8.174045">
        <ele>241.55</ele>
      </trkpt>
      <trkpt lat="41.662987" lon="-8.174128">
        <ele>241.66</ele>
      </trkpt>
      <trkpt lat="41.663165" lon="-8.174436">
        <ele>239.95</ele>
      </trkpt>
      <trkpt lat="41.663343" lon="-8.174744">
        <ele>234.74</ele>
      </trkpt>
      <trkpt lat="41.663521" lon="-8.175052">
        <ele>232.13</ele>
      </trkpt>
      <trkpt lat="41.663672" lon="-8.175218">
        <ele>230.79</ele>
      </trkpt>
      <trkpt lat="41.664063" lon="-8.175526">
        <ele>227.55</ele>
      </trkpt>
      <trkpt lat="41.664202" lon="-8.175707">
        <ele>228.82</ele>
      </trkpt>
      <trkpt lat="41.664325" lon="-8.175992">
        <ele>227.22</ele>
      </trkpt>
      <trkpt lat="41.664447" lon="-8.176278">
        <ele>223.55</ele>
      </trkpt>
      <trkpt lat="41.664578" lon="-8.176436">
        <ele>221.93</ele>
      </trkpt>
      <trkpt lat="41.664912" lon="-8.176747">
        <ele>219.9</ele>
      </trkpt>
      <trkpt lat="41.665269" lon="-8.177235">
        <ele>216.78</ele>
      </trkpt>
      <trkpt lat="41.66539" lon="-8.177399">
        <ele>215.73</ele>
      </trkpt>
      <trkpt lat="41.665503" lon="-8.177506">
        <ele>212.94</ele>
      </trkpt>
      <trkpt lat="41.665818" lon="-8.177762">
        <ele>211.52</ele>
      </trkpt>
      <trkpt lat="41.665961" lon="-8.177887">
        <ele>208.52</ele>
      </trkpt>
      <trkpt lat="41.666672" lon="-8.178367">
        <ele>204.36</ele>
      </trkpt>
      <trkpt lat="41.666757" lon="-8.178455">
        <ele>203.6</ele>
      </trkpt>
      <trkpt lat="41.666829" lon="-8.178565">
        <ele>203.37</ele>
      </trkpt>
      <trkpt lat="41.666914" lon="-8.178741">
        <ele>202.51</ele>
      </trkpt>
      <trkpt lat="41.667213" lon="-8.179492">
        <ele>197.11</ele>
      </trkpt>
      <trkpt lat="41.667271" lon="-8.179755">
        <ele>195.22</ele>
      </trkpt>
      <trkpt lat="41.667458" lon="-8.180851">
        <ele>193.8</ele>
      </trkpt>
      <trkpt lat="41.667498" lon="-8.181087">
        <ele>190.33</ele>
      </trkpt>
      <trkpt lat="41.667556" lon="-8.181292">
        <ele>187.12</ele>
      </trkpt>
      <trkpt lat="41.667651" lon="-8.18139">
        <ele>185.65</ele>
      </trkpt>
      <trkpt lat="41.667756" lon="-8.18143">
        <ele>184.35</ele>
      </trkpt>
      <trkpt lat="41.667853" lon="-8.181431">
        <ele>183.36</ele>
      </trkpt>
      <trkpt lat="41.667931" lon="-8.181394">
        <ele>183.32</ele>
      </trkpt>
      <trkpt lat="41.668031" lon="-8.181323">
        <ele>181.21</ele>
      </trkpt>
      <trkpt lat="41.66821" lon="-8.181113">
        <ele>178.15</ele>
      </trkpt>
      <trkpt lat="41.668389" lon="-8.180903">
        <ele>177.63</ele>
      </trkpt>
      <trkpt lat="41.668507" lon="-8.180837">
        <ele>176.36</ele>
      </trkpt>
      <trkpt lat="41.668851" lon="-8.180646">
        <ele>172.66</ele>
      </trkpt>
      <trkpt lat="41.669543" lon="-8.18026">
        <ele>168.55</ele>
      </trkpt>
      <trkpt lat="41.670081" lon="-8.179942">
        <ele>171.31</ele>
      </trkpt>
      <trkpt lat="41.670267" lon="-8.179726">
        <ele>168.35</ele>
      </trkpt>
      <trkpt lat="41.670619" lon="-8.17906">
        <ele>170.29</ele>
      </trkpt>
      <trkpt lat="41.670794" lon="-8.178727">
        <ele>169.47</ele>
      </trkpt>
      <trkpt lat="41.670993" lon="-8.178463">
        <ele>168.65</ele>
      </trkpt>
      <trkpt lat="41.671234" lon="-8.178288">
        <ele>166.87</ele>
      </trkpt>
      <trkpt lat="41.67143" lon="-8.178219">
        <ele>164.88</ele>
      </trkpt>
      <trkpt lat="41.671694" lon="-8.178201">
        <ele>163.61</ele>
      </trkpt>
      <trkpt lat="41.672116" lon="-8.178172">
        <ele>165.42</ele>
      </trkpt>
      <trkpt lat="41.672768" lon="-8.178127">
        <ele>168.02</ele>
      </trkpt>
      <trkpt lat="41.673154" lon="-8.1781">
        <ele>163.94</ele>
      </trkpt>
      <trkpt lat="41.673729" lon="-8.178078">
        <ele>161.98</ele>
      </trkpt>
      <trkpt lat="41.673934" lon="-8.178151">
        <ele>159.73</ele>
      </trkpt>
      <trkpt lat="41.674028" lon="-8.178247">
        <ele>158.25</ele>
      </trkpt>
      <trkpt lat="41.674105" lon="-8.1784">
        <ele>151.67</ele>
      </trkpt>
      <trkpt lat="41.675418" lon="-8.179946">
        <ele>157.14</ele>
      </trkpt>
      <trkpt lat="41.675525" lon="-8.180055">
        <ele>158.64</ele>
      </trkpt>
      <trkpt lat="41.675665" lon="-8.180221">
        <ele>158.74</ele>
      </trkpt>
      <trkpt lat="41.675826" lon="-8.1803">
        <ele>159.32</ele>
      </trkpt>
      <trkpt lat="41.675891" lon="-8.180332">
        <ele>159.56</ele>
      </trkpt>
      <trkpt lat="41.675946" lon="-8.180332">
        <ele>159.72</ele>
      </trkpt>
      <trkpt lat="41.676117" lon="-8.180247">
        <ele>160.03</ele>
      </trkpt>
      <trkpt lat="41.676278" lon="-8.179994">
        <ele>159.51</ele>
      </trkpt>
      <trkpt lat="41.676439" lon="-8.17974">
        <ele>160.98</ele>
      </trkpt>
      <trkpt lat="41.676633" lon="-8.179461">
        <ele>162.36</ele>
      </trkpt>
      <trkpt lat="41.676696" lon="-8.179359">
        <ele>160.89</ele>
      </trkpt>
      <trkpt lat="41.676743" lon="-8.179262">
        <ele>159.27</ele>
      </trkpt>
      <trkpt lat="41.676814" lon="-8.179079">
        <ele>158.24</ele>
      </trkpt>
      <trkpt lat="41.676845" lon="-8.178963">
        <ele>157.24</ele>
      </trkpt>
      <trkpt lat="41.676869" lon="-8.17884">
        <ele>152.16</ele>
      </trkpt>
      <trkpt lat="41.677392" lon="-8.176455">
        <ele>148</ele>
      </trkpt>
      <trkpt lat="41.677447" lon="-8.176321">
        <ele>153.47</ele>
      </trkpt>
      <trkpt lat="41.677495" lon="-8.176255">
        <ele>157.21</ele>
      </trkpt>
      <trkpt lat="41.677614" lon="-8.176145">
        <ele>159.48</ele>
      </trkpt>
      <trkpt lat="41.677726" lon="-8.17609">
        <ele>159.02</ele>
      </trkpt>
      <trkpt lat="41.678792" lon="-8.176061">
        <ele>160.03</ele>
      </trkpt>
      <trkpt lat="41.678955" lon="-8.17602">
        <ele>159.31</ele>
      </trkpt>
      <trkpt lat="41.679079" lon="-8.175962">
        <ele>159.89</ele>
      </trkpt>
      <trkpt lat="41.679246" lon="-8.175793">
        <ele>161.11</ele>
      </trkpt>
      <trkpt lat="41.679382" lon="-8.175547">
        <ele>161.27</ele>
      </trkpt>
      <trkpt lat="41.679428" lon="-8.175393">
        <ele>159.8</ele>
      </trkpt>
      <trkpt lat="41.679571" lon="-8.174851">
        <ele>159.76</ele>
      </trkpt>
      <trkpt lat="41.679674" lon="-8.174491">
        <ele>162.14</ele>
      </trkpt>
      <trkpt lat="41.67988" lon="-8.17377">
        <ele>163.56</ele>
      </trkpt>
      <trkpt lat="41.67998" lon="-8.173572">
        <ele>162.22</ele>
      </trkpt>
      <trkpt lat="41.680101" lon="-8.17343">
        <ele>161.68</ele>
      </trkpt>
      <trkpt lat="41.680196" lon="-8.173356">
        <ele>161</ele>
      </trkpt>
      <trkpt lat="41.680367" lon="-8.173286">
        <ele>158.72</ele>
      </trkpt>
      <trkpt lat="41.680512" lon="-8.173286">
        <ele>159.66</ele>
      </trkpt>
      <trkpt lat="41.680681" lon="-8.173326">
        <ele>161.81</ele>
      </trkpt>
      <trkpt lat="41.681041" lon="-8.173528">
        <ele>164.12</ele>
      </trkpt>
      <trkpt lat="41.681209" lon="-8.173601">
        <ele>164.69</ele>
      </trkpt>
      <trkpt lat="41.681419" lon="-8.173561">
        <ele>167.59</ele>
      </trkpt>
      <trkpt lat="41.681554" lon="-8.173438">
        <ele>167.49</ele>
      </trkpt>
      <trkpt lat="41.681777" lon="-8.173155">
        <ele>165.28</ele>
      </trkpt>
      <trkpt lat="41.682" lon="-8.172871">
        <ele>167.72</ele>
      </trkpt>
      <trkpt lat="41.682213" lon="-8.172677">
        <ele>166.99</ele>
      </trkpt>
      <trkpt lat="41.682406" lon="-8.172547">
        <ele>168.04</ele>
      </trkpt>
      <trkpt lat="41.682828" lon="-8.172347">
        <ele>177.86</ele>
      </trkpt>
      <trkpt lat="41.683693" lon="-8.171951">
        <ele>180.7</ele>
      </trkpt>
      <trkpt lat="41.684059" lon="-8.171778">
        <ele>184.77</ele>
      </trkpt>
      <trkpt lat="41.684354" lon="-8.171688">
        <ele>187.77</ele>
      </trkpt>
      <trkpt lat="41.684647" lon="-8.171744">
        <ele>183.23</ele>
      </trkpt>
      <trkpt lat="41.685016" lon="-8.171935">
        <ele>179.99</ele>
      </trkpt>
      <trkpt lat="41.685378" lon="-8.172097">
        <ele>185.96</ele>
      </trkpt>
      <trkpt lat="41.685498" lon="-8.172134">
        <ele>187.74</ele>
      </trkpt>
      <trkpt lat="41.686008" lon="-8.172397">
        <ele>187.13</ele>
      </trkpt>
      <trkpt lat="41.686507" lon="-8.172645">
        <ele>182.18</ele>
      </trkpt>
      <trkpt lat="41.68675" lon="-8.172761">
        <ele>183.27</ele>
      </trkpt>
      <trkpt lat="41.686994" lon="-8.172878">
        <ele>180.49</ele>
      </trkpt>
      <trkpt lat="41.687388" lon="-8.173038">
        <ele>182.8</ele>
      </trkpt>
      <trkpt lat="41.68758" lon="-8.173078">
        <ele>181.69</ele>
      </trkpt>
      <trkpt lat="41.687789" lon="-8.17306">
        <ele>180.17</ele>
      </trkpt>
      <trkpt lat="41.688011" lon="-8.17299">
        <ele>180.73</ele>
      </trkpt>
      <trkpt lat="41.688233" lon="-8.17292">
        <ele>178.64</ele>
      </trkpt>
      <trkpt lat="41.688439" lon="-8.172802">
        <ele>177.77</ele>
      </trkpt>
      <trkpt lat="41.688647" lon="-8.172592">
        <ele>175.64</ele>
      </trkpt>
      <trkpt lat="41.688854" lon="-8.172381">
        <ele>170.04</ele>
      </trkpt>
      <trkpt lat="41.68902" lon="-8.172213">
        <ele>169.03</ele>
      </trkpt>
      <trkpt lat="41.68932" lon="-8.172025">
        <ele>174.19</ele>
      </trkpt>
      <trkpt lat="41.689479" lon="-8.17204">
        <ele>173.15</ele>
      </trkpt>
      <trkpt lat="41.689604" lon="-8.172094">
        <ele>170.64</ele>
      </trkpt>
      <trkpt lat="41.689808" lon="-8.172158">
        <ele>166.51</ele>
      </trkpt>
      <trkpt lat="41.690011" lon="-8.172221">
        <ele>164.65</ele>
      </trkpt>
      <trkpt lat="41.690241" lon="-8.172283">
        <ele>165.33</ele>
      </trkpt>
      <trkpt lat="41.69043" lon="-8.172334">
        <ele>162.35</ele>
      </trkpt>
      <trkpt lat="41.690684" lon="-8.172355">
        <ele>159.15</ele>
      </trkpt>
      <trkpt lat="41.690966" lon="-8.172349">
        <ele>157.38</ele>
      </trkpt>
      <trkpt lat="41.69187" lon="-8.17228">
        <ele>155</ele>
      </trkpt>
      <trkpt lat="41.692698" lon="-8.172219">
        <ele>160.15</ele>
      </trkpt>
      <trkpt lat="41.692849" lon="-8.172111">
        <ele>162.09</ele>
      </trkpt>
      <trkpt lat="41.693103" lon="-8.171708">
        <ele>165.93</ele>
      </trkpt>
      <trkpt lat="41.693249" lon="-8.171655">
        <ele>161.81</ele>
      </trkpt>
      <trkpt lat="41.693667" lon="-8.171669">
        <ele>168.59</ele>
      </trkpt>
      <trkpt lat="41.693836" lon="-8.17163">
        <ele>169.46</ele>
      </trkpt>
      <trkpt lat="41.694114" lon="-8.171542">
        <ele>167.38</ele>
      </trkpt>
      <trkpt lat="41.694434" lon="-8.171531">
        <ele>168.36</ele>
      </trkpt>
      <trkpt lat="41.694509" lon="-8.171456">
        <ele>169.53</ele>
      </trkpt>
      <trkpt lat="41.694687" lon="-8.171216">
        <ele>172.07</ele>
      </trkpt>
      <trkpt lat="41.694836" lon="-8.171064">
        <ele>174.49</ele>
      </trkpt>
      <trkpt lat="41.695274" lon="-8.170977">
        <ele>177.82</ele>
      </trkpt>
      <trkpt lat="41.695477" lon="-8.170883">
        <ele>176.73</ele>
      </trkpt>
      <trkpt lat="41.69568" lon="-8.170789">
        <ele>177.67</ele>
      </trkpt>
      <trkpt lat="41.695933" lon="-8.170551">
        <ele>179.24</ele>
      </trkpt>
      <trkpt lat="41.696215" lon="-8.170167">
        <ele>179.77</ele>
      </trkpt>
      <trkpt lat="41.696341" lon="-8.170072">
        <ele>181.44</ele>
      </trkpt>
      <trkpt lat="41.696605" lon="-8.169908">
        <ele>183.37</ele>
      </trkpt>
      <trkpt lat="41.696737" lon="-8.169697">
        <ele>183.13</ele>
      </trkpt>
      <trkpt lat="41.696774" lon="-8.169386">
        <ele>183.41</ele>
      </trkpt>
      <trkpt lat="41.696802" lon="-8.169024">
        <ele>184.02</ele>
      </trkpt>
      <trkpt lat="41.696859" lon="-8.168299">
        <ele>181.26</ele>
      </trkpt>
      <trkpt lat="41.696977" lon="-8.168171">
        <ele>175.88</ele>
      </trkpt>
      <trkpt lat="41.697088" lon="-8.168112">
        <ele>172.32</ele>
      </trkpt>
      <trkpt lat="41.697219" lon="-8.168125">
        <ele>168.23</ele>
      </trkpt>
      <trkpt lat="41.697343" lon="-8.168183">
        <ele>165.59</ele>
      </trkpt>
      <trkpt lat="41.697524" lon="-8.16825">
        <ele>162.79</ele>
      </trkpt>
      <trkpt lat="41.697644" lon="-8.168232">
        <ele>160.87</ele>
      </trkpt>
      <trkpt lat="41.697716" lon="-8.168171">
        <ele>159.19</ele>
      </trkpt>
      <trkpt lat="41.697775" lon="-8.168062">
        <ele>157.87</ele>
      </trkpt>
      <trkpt lat="41.697853" lon="-8.167737">
        <ele>158.34</ele>
      </trkpt>
      <trkpt lat="41.697939" lon="-8.167601">
        <ele>158.66</ele>
      </trkpt>
      <trkpt lat="41.697999" lon="-8.167568">
        <ele>158.19</ele>
      </trkpt>
      <trkpt lat="41.698125" lon="-8.167546">
        <ele>157.62</ele>
      </trkpt>
      <trkpt lat="41.698206" lon="-8.167572">
        <ele>156.8</ele>
      </trkpt>
      <trkpt lat="41.69827" lon="-8.167626">
        <ele>156.09</ele>
      </trkpt>
      <trkpt lat="41.698521" lon="-8.16795">
        <ele>160.68</ele>
      </trkpt>
      <trkpt lat="41.698622" lon="-8.167969">
        <ele>161.55</ele>
      </trkpt>
      <trkpt lat="41.698754" lon="-8.167956">
        <ele>161.81</ele>
      </trkpt>
      <trkpt lat="41.698943" lon="-8.167921">
        <ele>161.2</ele>
      </trkpt>
      <trkpt lat="41.699445" lon="-8.16776">
        <ele>156.3</ele>
      </trkpt>
      <trkpt lat="41.699683" lon="-8.167686">
        <ele>158.61</ele>
      </trkpt>
      <trkpt lat="41.699921" lon="-8.167612">
        <ele>163.55</ele>
      </trkpt>
      <trkpt lat="41.700028" lon="-8.167614">
        <ele>165.82</ele>
      </trkpt>
      <trkpt lat="41.70021" lon="-8.167653">
        <ele>171.07</ele>
      </trkpt>
      <trkpt lat="41.700868" lon="-8.168003">
        <ele>187.3</ele>
      </trkpt>
      <trkpt lat="41.70126" lon="-8.168151">
        <ele>191</ele>
      </trkpt>
      <trkpt lat="41.701344" lon="-8.168163">
        <ele>191</ele>
      </trkpt>
      <trkpt lat="41.701538" lon="-8.168086">
        <ele>190.27</ele>
      </trkpt>
      <trkpt lat="41.701615" lon="-8.168013">
        <ele>189.07</ele>
      </trkpt>
      <trkpt lat="41.701705" lon="-8.167898">
        <ele>186.17</ele>
      </trkpt>
      <trkpt lat="41.701815" lon="-8.167672">
        <ele>183.17</ele>
      </trkpt>
      <trkpt lat="41.702" lon="-8.16729">
        <ele>201.71</ele>
      </trkpt>
      <trkpt lat="41.702041" lon="-8.167226">
        <ele>212.17</ele>
      </trkpt>
      <trkpt lat="41.702121" lon="-8.167114">
        <ele>223.01</ele>
      </trkpt>
      <trkpt lat="41.702416" lon="-8.166909">
        <ele>231.56</ele>
      </trkpt>
      <trkpt lat="41.702861" lon="-8.166685">
        <ele>240.85</ele>
      </trkpt>
      <trkpt lat="41.702988" lon="-8.166691">
        <ele>241.31</ele>
      </trkpt>
      <trkpt lat="41.70309" lon="-8.166759">
        <ele>239.09</ele>
      </trkpt>
      <trkpt lat="41.703272" lon="-8.166974">
        <ele>229.86</ele>
      </trkpt>
      <trkpt lat="41.703454" lon="-8.167188">
        <ele>222.84</ele>
      </trkpt>
      <trkpt lat="41.703651" lon="-8.167281">
        <ele>224.02</ele>
      </trkpt>
      <trkpt lat="41.703951" lon="-8.167266">
        <ele>226.56</ele>
      </trkpt>
      <trkpt lat="41.70448" lon="-8.167201">
        <ele>227.96</ele>
      </trkpt>
      <trkpt lat="41.704668" lon="-8.167267">
        <ele>228.43</ele>
      </trkpt>
      <trkpt lat="41.705043" lon="-8.167521">
        <ele>230.89</ele>
      </trkpt>
      <trkpt lat="41.705298" lon="-8.167543">
        <ele>234.18</ele>
      </trkpt>
      <trkpt lat="41.705574" lon="-8.167442">
        <ele>236.54</ele>
      </trkpt>
      <trkpt lat="41.705861" lon="-8.167267">
        <ele>239.69</ele>
      </trkpt>
      <trkpt lat="41.706136" lon="-8.167314">
        <ele>238.13</ele>
      </trkpt>
      <trkpt lat="41.706412" lon="-8.16736">
        <ele>242.76</ele>
      </trkpt>
      <trkpt lat="41.706715" lon="-8.167411">
        <ele>241.02</ele>
      </trkpt>
      <trkpt lat="41.706779" lon="-8.167453">
        <ele>240.11</ele>
      </trkpt>
      <trkpt lat="41.707077" lon="-8.167646">
        <ele>243.39</ele>
      </trkpt>
      <trkpt lat="41.707286" lon="-8.167665">
        <ele>244.38</ele>
      </trkpt>
      <trkpt lat="41.707591" lon="-8.167584">
        <ele>244.61</ele>
      </trkpt>
      <trkpt lat="41.70779" lon="-8.167553">
        <ele>245.54</ele>
      </trkpt>
      <trkpt lat="41.707948" lon="-8.167553">
        <ele>246.62</ele>
      </trkpt>
      <trkpt lat="41.708132" lon="-8.167509">
        <ele>246.58</ele>
      </trkpt>
      <trkpt lat="41.708298" lon="-8.16732">
        <ele>247.46</ele>
      </trkpt>
      <trkpt lat="41.708455" lon="-8.166913">
        <ele>251.86</ele>
      </trkpt>
      <trkpt lat="41.708993" lon="-8.166568">
        <ele>254.8</ele>
      </trkpt>
      <trkpt lat="41.709262" lon="-8.166395">
        <ele>254.23</ele>
      </trkpt>
      <trkpt lat="41.709349" lon="-8.16624">
        <ele>253.4</ele>
      </trkpt>
      <trkpt lat="41.709527" lon="-8.165725">
        <ele>257.6</ele>
      </trkpt>
      <trkpt lat="41.709706" lon="-8.16557">
        <ele>261.11</ele>
      </trkpt>
      <trkpt lat="41.709908" lon="-8.165553">
        <ele>264.03</ele>
      </trkpt>
      <trkpt lat="41.71012" lon="-8.165717">
        <ele>262.06</ele>
      </trkpt>
      <trkpt lat="41.710331" lon="-8.165881">
        <ele>263.9</ele>
      </trkpt>
      <trkpt lat="41.710784" lon="-8.166012">
        <ele>267.95</ele>
      </trkpt>
      <trkpt lat="41.711013" lon="-8.16617">
        <ele>267.43</ele>
      </trkpt>
      <trkpt lat="41.711243" lon="-8.166328">
        <ele>270.61</ele>
      </trkpt>
      <trkpt lat="41.711473" lon="-8.166486">
        <ele>269.89</ele>
      </trkpt>
      <trkpt lat="41.711714" lon="-8.166533">
        <ele>270.1</ele>
      </trkpt>
      <trkpt lat="41.712195" lon="-8.166629">
        <ele>276.57</ele>
      </trkpt>
      <trkpt lat="41.712676" lon="-8.166724">
        <ele>279.92</ele>
      </trkpt>
      <trkpt lat="41.713053" lon="-8.166976">
        <ele>277.4</ele>
      </trkpt>
      <trkpt lat="41.713282" lon="-8.167005">
        <ele>278.28</ele>
      </trkpt>
      <trkpt lat="41.713424" lon="-8.166956">
        <ele>278.91</ele>
      </trkpt>
      <trkpt lat="41.713592" lon="-8.166841">
        <ele>279.72</ele>
      </trkpt>
      <trkpt lat="41.713836" lon="-8.166711">
        <ele>282.05</ele>
      </trkpt>
      <trkpt lat="41.713995" lon="-8.166751">
        <ele>284.81</ele>
      </trkpt>
      <trkpt lat="41.714103" lon="-8.166899">
        <ele>285.91</ele>
      </trkpt>
      <trkpt lat="41.714159" lon="-8.167102">
        <ele>286.07</ele>
      </trkpt>
      <trkpt lat="41.714213" lon="-8.167588">
        <ele>285.54</ele>
      </trkpt>
      <trkpt lat="41.714339" lon="-8.167733">
        <ele>285.75</ele>
      </trkpt>
      <trkpt lat="41.714493" lon="-8.167742">
        <ele>285.03</ele>
      </trkpt>
      <trkpt lat="41.714635" lon="-8.167627">
        <ele>285.11</ele>
      </trkpt>
      <trkpt lat="41.714872" lon="-8.167194">
        <ele>292.07</ele>
      </trkpt>
      <trkpt lat="41.715126" lon="-8.16705">
        <ele>293.03</ele>
      </trkpt>
      <trkpt lat="41.715314" lon="-8.167008">
        <ele>292.29</ele>
      </trkpt>
      <trkpt lat="41.7155" lon="-8.166906">
        <ele>293.41</ele>
      </trkpt>
      <trkpt lat="41.715521" lon="-8.166887">
        <ele>293.55</ele>
      </trkpt>
      <trkpt lat="41.71557" lon="-8.166872">
        <ele>293.52</ele>
      </trkpt>
      <trkpt lat="41.715884" lon="-8.166697">
        <ele>295.2</ele>
      </trkpt>
      <trkpt lat="41.7166" lon="-8.165822">
        <ele>298.98</ele>
      </trkpt>
      <trkpt lat="41.71683" lon="-8.1653">
        <ele>302.81</ele>
      </trkpt>
      <trkpt lat="41.716944" lon="-8.16518">
        <ele>304.16</ele>
      </trkpt>
      <trkpt lat="41.717605" lon="-8.164973">
        <ele>309.82</ele>
      </trkpt>
      <trkpt lat="41.718098" lon="-8.164819">
        <ele>309.97</ele>
      </trkpt>
      <trkpt lat="41.718291" lon="-8.164678">
        <ele>314.32</ele>
      </trkpt>
      <trkpt lat="41.718624" lon="-8.16433">
        <ele>327.82</ele>
      </trkpt>
      <trkpt lat="41.71898" lon="-8.164231">
        <ele>324.58</ele>
      </trkpt>
      <trkpt lat="41.719218" lon="-8.164259">
        <ele>321.36</ele>
      </trkpt>
      <trkpt lat="41.719456" lon="-8.164288">
        <ele>321.13</ele>
      </trkpt>
      <trkpt lat="41.719695" lon="-8.164316">
        <ele>318.1</ele>
      </trkpt>
      <trkpt lat="41.719905" lon="-8.164232">
        <ele>318.97</ele>
      </trkpt>
      <trkpt lat="41.720383" lon="-8.163845">
        <ele>326.08</ele>
      </trkpt>
      <trkpt lat="41.720506" lon="-8.163746">
        <ele>329.54</ele>
      </trkpt>
      <trkpt lat="41.72067" lon="-8.163697">
        <ele>332.45</ele>
      </trkpt>
      <trkpt lat="41.720821" lon="-8.163736">
        <ele>331.51</ele>
      </trkpt>
      <trkpt lat="41.721029" lon="-8.163894">
        <ele>326.6</ele>
      </trkpt>
      <trkpt lat="41.721237" lon="-8.164053">
        <ele>325.34</ele>
      </trkpt>
      <trkpt lat="41.721476" lon="-8.164134">
        <ele>329.76</ele>
      </trkpt>
      <trkpt lat="41.721714" lon="-8.164215">
        <ele>330.9</ele>
      </trkpt>
      <trkpt lat="41.72189" lon="-8.164196">
        <ele>330.26</ele>
      </trkpt>
      <trkpt lat="41.722034" lon="-8.164075">
        <ele>330.22</ele>
      </trkpt>
      <trkpt lat="41.722145" lon="-8.163929">
        <ele>329.03</ele>
      </trkpt>
      <trkpt lat="41.72222" lon="-8.163463">
        <ele>334.42</ele>
      </trkpt>
      <trkpt lat="41.722316" lon="-8.163291">
        <ele>334.65</ele>
      </trkpt>
      <trkpt lat="41.722477" lon="-8.163215">
        <ele>335.68</ele>
      </trkpt>
      <trkpt lat="41.722809" lon="-8.163337">
        <ele>331.98</ele>
      </trkpt>
      <trkpt lat="41.722922" lon="-8.163302">
        <ele>332.99</ele>
      </trkpt>
      <trkpt lat="41.723114" lon="-8.163128">
        <ele>337.63</ele>
      </trkpt>
      <trkpt lat="41.723255" lon="-8.163132">
        <ele>336.84</ele>
      </trkpt>
      <trkpt lat="41.723474" lon="-8.163259">
        <ele>335.12</ele>
      </trkpt>
      <trkpt lat="41.723665" lon="-8.16334">
        <ele>334.94</ele>
      </trkpt>
      <trkpt lat="41.723814" lon="-8.163256">
        <ele>336.41</ele>
      </trkpt>
      <trkpt lat="41.724268" lon="-8.162798">
        <ele>340.31</ele>
      </trkpt>
      <trkpt lat="41.724375" lon="-8.162523">
        <ele>344.21</ele>
      </trkpt>
      <trkpt lat="41.724377" lon="-8.162472">
        <ele>345.38</ele>
      </trkpt>
      <trkpt lat="41.724391" lon="-8.162424">
        <ele>346.34</ele>
      </trkpt>
      <trkpt lat="41.724415" lon="-8.162384">
        <ele>346.74</ele>
      </trkpt>
      <trkpt lat="41.724448" lon="-8.162357">
        <ele>346.5</ele>
      </trkpt>
      <trkpt lat="41.724485" lon="-8.162346">
        <ele>345.77</ele>
      </trkpt>
      <trkpt lat="41.724523" lon="-8.16235">
        <ele>344.76</ele>
      </trkpt>
      <trkpt lat="41.724559" lon="-8.162371">
        <ele>343.46</ele>
      </trkpt>
      <trkpt lat="41.724587" lon="-8.162405">
        <ele>341.99</ele>
      </trkpt>
      <trkpt lat="41.724606" lon="-8.16245">
        <ele>340.57</ele>
      </trkpt>
      <trkpt lat="41.724712" lon="-8.16252">
        <ele>338.37</ele>
      </trkpt>
      <trkpt lat="41.724937" lon="-8.162539">
        <ele>339.68</ele>
      </trkpt>
      <trkpt lat="41.725337" lon="-8.162591">
        <ele>340.31</ele>
      </trkpt>
      <trkpt lat="41.725894" lon="-8.162658">
        <ele>338.84</ele>
      </trkpt>
      <trkpt lat="41.726246" lon="-8.16267">
        <ele>338.85</ele>
      </trkpt>
      <trkpt lat="41.726669" lon="-8.162681">
        <ele>342.72</ele>
      </trkpt>
      <trkpt lat="41.726936" lon="-8.162568">
        <ele>345.78</ele>
      </trkpt>
      <trkpt lat="41.727831" lon="-8.1622">
        <ele>349.66</ele>
      </trkpt>
      <trkpt lat="41.728352" lon="-8.161995">
        <ele>347.6</ele>
      </trkpt>
      <trkpt lat="41.728933" lon="-8.161764">
        <ele>353.63</ele>
      </trkpt>
      <trkpt lat="41.729232" lon="-8.161641">
        <ele>352.5</ele>
      </trkpt>
      <trkpt lat="41.729278" lon="-8.161637">
        <ele>352.2</ele>
      </trkpt>
      <trkpt lat="41.729359" lon="-8.161667">
        <ele>351.13</ele>
      </trkpt>
      <trkpt lat="41.729386" lon="-8.161699">
        <ele>350.55</ele>
      </trkpt>
      <trkpt lat="41.729423" lon="-8.16177">
        <ele>349.33</ele>
      </trkpt>
      <trkpt lat="41.729457" lon="-8.161867">
        <ele>348.54</ele>
      </trkpt>
      <trkpt lat="41.729514" lon="-8.161947">
        <ele>348.35</ele>
      </trkpt>
      <trkpt lat="41.729592" lon="-8.162005">
        <ele>349.63</ele>
      </trkpt>
      <trkpt lat="41.729857" lon="-8.16196">
        <ele>351.88</ele>
      </trkpt>
      <trkpt lat="41.730192" lon="-8.16191">
        <ele>359.11</ele>
      </trkpt>
      <trkpt lat="41.730468" lon="-8.161856">
        <ele>366</ele>
      </trkpt>
      <trkpt lat="41.730743" lon="-8.161801">
        <ele>369.83</ele>
      </trkpt>
      <trkpt lat="41.731299" lon="-8.161458">
        <ele>376.76</ele>
      </trkpt>
      <trkpt lat="41.731725" lon="-8.161419">
        <ele>377.05</ele>
      </trkpt>
      <trkpt lat="41.731833" lon="-8.161387">
        <ele>378.67</ele>
      </trkpt>
      <trkpt lat="41.732023" lon="-8.161289">
        <ele>384.2</ele>
      </trkpt>
      <trkpt lat="41.73223" lon="-8.161115">
        <ele>392.44</ele>
      </trkpt>
      <trkpt lat="41.732437" lon="-8.16094">
        <ele>398.54</ele>
      </trkpt>
      <trkpt lat="41.732644" lon="-8.160766">
        <ele>400.51</ele>
      </trkpt>
      <trkpt lat="41.733075" lon="-8.160374">
        <ele>400.44</ele>
      </trkpt>
      <trkpt lat="41.733441" lon="-8.160172">
        <ele>398.56</ele>
      </trkpt>
      <trkpt lat="41.733705" lon="-8.160026">
        <ele>395.88</ele>
      </trkpt>
      <trkpt lat="41.734125" lon="-8.159657">
        <ele>399.77</ele>
      </trkpt>
      <trkpt lat="41.734484" lon="-8.159555">
        <ele>403.92</ele>
      </trkpt>
      <trkpt lat="41.73464" lon="-8.159461">
        <ele>404.93</ele>
      </trkpt>
      <trkpt lat="41.734905" lon="-8.159246">
        <ele>408.69</ele>
      </trkpt>
      <trkpt lat="41.735051" lon="-8.159216">
        <ele>408.82</ele>
      </trkpt>
      <trkpt lat="41.735251" lon="-8.159249">
        <ele>409.01</ele>
      </trkpt>
      <trkpt lat="41.735504" lon="-8.15934">
        <ele>410.75</ele>
      </trkpt>
      <trkpt lat="41.735756" lon="-8.159431">
        <ele>415.14</ele>
      </trkpt>
      <trkpt lat="41.735817" lon="-8.159422">
        <ele>417.3</ele>
      </trkpt>
      <trkpt lat="41.735846" lon="-8.159349">
        <ele>420.32</ele>
      </trkpt>
      <trkpt lat="41.735828" lon="-8.159263">
        <ele>422.25</ele>
      </trkpt>
      <trkpt lat="41.735688" lon="-8.159066">
        <ele>423.61</ele>
      </trkpt>
      <trkpt lat="41.735298" lon="-8.158414">
        <ele>435.03</ele>
      </trkpt>
      <trkpt lat="41.735296" lon="-8.158338">
        <ele>437.59</ele>
      </trkpt>
      <trkpt lat="41.735336" lon="-8.158277">
        <ele>440.73</ele>
      </trkpt>
      <trkpt lat="41.735393" lon="-8.158276">
        <ele>442.35</ele>
      </trkpt>
      <trkpt lat="41.735573" lon="-8.158439">
        <ele>442.48</ele>
      </trkpt>
      <trkpt lat="41.735692" lon="-8.158458">
        <ele>444.21</ele>
      </trkpt>
      <trkpt lat="41.735943" lon="-8.158318">
        <ele>449.52</ele>
      </trkpt>
      <trkpt lat="41.735987" lon="-8.158303">
        <ele>450.54</ele>
      </trkpt>
      <trkpt lat="41.736074" lon="-8.158304">
        <ele>451.51</ele>
      </trkpt>
      <trkpt lat="41.736493" lon="-8.158473">
        <ele>449.2</ele>
      </trkpt>
      <trkpt lat="41.736665" lon="-8.158421">
        <ele>448.35</ele>
      </trkpt>
      <trkpt lat="41.736754" lon="-8.158248">
        <ele>449.62</ele>
      </trkpt>
      <trkpt lat="41.73689" lon="-8.157683">
        <ele>459.3</ele>
      </trkpt>
      <trkpt lat="41.736961" lon="-8.157576">
        <ele>459.12</ele>
      </trkpt>
      <trkpt lat="41.73714" lon="-8.1575">
        <ele>457.09</ele>
      </trkpt>
      <trkpt lat="41.737271" lon="-8.157445">
        <ele>456.8</ele>
      </trkpt>
      <trkpt lat="41.737293" lon="-8.157418">
        <ele>456.94</ele>
      </trkpt>
      <trkpt lat="41.737303" lon="-8.157378">
        <ele>457.34</ele>
      </trkpt>
      <trkpt lat="41.737297" lon="-8.157335">
        <ele>457.88</ele>
      </trkpt>
      <trkpt lat="41.737278" lon="-8.157306">
        <ele>458.36</ele>
      </trkpt>
      <trkpt lat="41.736934" lon="-8.157217">
        <ele>463</ele>
      </trkpt>
      <trkpt lat="41.736912" lon="-8.157195">
        <ele>463.63</ele>
      </trkpt>
      <trkpt lat="41.736902" lon="-8.157156">
        <ele>464.23</ele>
      </trkpt>
      <trkpt lat="41.736899" lon="-8.157111">
        <ele>464.54</ele>
      </trkpt>
      <trkpt lat="41.73692" lon="-8.157071">
        <ele>464.48</ele>
      </trkpt>
      <trkpt lat="41.737178" lon="-8.156891">
        <ele>463.96</ele>
      </trkpt>
      <trkpt lat="41.737436" lon="-8.156712">
        <ele>466.54</ele>
      </trkpt>
      <trkpt lat="41.73745" lon="-8.15665">
        <ele>467.61</ele>
      </trkpt>
      <trkpt lat="41.73744" lon="-8.156602">
        <ele>468.45</ele>
      </trkpt>
      <trkpt lat="41.737407" lon="-8.15658">
        <ele>468.77</ele>
      </trkpt>
      <trkpt lat="41.737145" lon="-8.156518">
        <ele>470.03</ele>
      </trkpt>
      <trkpt lat="41.737117" lon="-8.156491">
        <ele>470.49</ele>
      </trkpt>
      <trkpt lat="41.737105" lon="-8.156447">
        <ele>471.19</ele>
      </trkpt>
      <trkpt lat="41.737106" lon="-8.156401">
        <ele>472.15</ele>
      </trkpt>
      <trkpt lat="41.737127" lon="-8.156359">
        <ele>472.93</ele>
      </trkpt>
      <trkpt lat="41.737959" lon="-8.155632">
        <ele>481.46</ele>
      </trkpt>
      <trkpt lat="41.738046" lon="-8.155631">
        <ele>482.28</ele>
      </trkpt>
      <trkpt lat="41.738096" lon="-8.155672">
        <ele>482.86</ele>
      </trkpt>
      <trkpt lat="41.73828" lon="-8.155969">
        <ele>484.99</ele>
      </trkpt>
      <trkpt lat="41.738419" lon="-8.15614">
        <ele>484.99</ele>
      </trkpt>
      <trkpt lat="41.738571" lon="-8.156279">
        <ele>486.73</ele>
      </trkpt>
      <trkpt lat="41.738802" lon="-8.156352">
        <ele>490.08</ele>
      </trkpt>
      <trkpt lat="41.739002" lon="-8.156556">
        <ele>488.74</ele>
      </trkpt>
      <trkpt lat="41.739109" lon="-8.156612">
        <ele>488.95</ele>
      </trkpt>
      <trkpt lat="41.73922" lon="-8.156601">
        <ele>489.15</ele>
      </trkpt>
      <trkpt lat="41.739569" lon="-8.156341">
        <ele>493.02</ele>
      </trkpt>
      <trkpt lat="41.740215" lon="-8.156127">
        <ele>501.14</ele>
      </trkpt>
      <trkpt lat="41.740535" lon="-8.155884">
        <ele>504.3</ele>
      </trkpt>
      <trkpt lat="41.740648" lon="-8.155867">
        <ele>504.75</ele>
      </trkpt>
      <trkpt lat="41.740857" lon="-8.155925">
        <ele>506.25</ele>
      </trkpt>
      <trkpt lat="41.741071" lon="-8.155903">
        <ele>508.7</ele>
      </trkpt>
      <trkpt lat="41.741189" lon="-8.155837">
        <ele>510.73</ele>
      </trkpt>
      <trkpt lat="41.741374" lon="-8.155641">
        <ele>516.55</ele>
      </trkpt>
      <trkpt lat="41.741585" lon="-8.155569">
        <ele>516.64</ele>
      </trkpt>
      <trkpt lat="41.741899" lon="-8.155394">
        <ele>519.93</ele>
      </trkpt>
      <trkpt lat="41.742413" lon="-8.155278">
        <ele>520.88</ele>
      </trkpt>
      <trkpt lat="41.74262" lon="-8.155156">
        <ele>522.34</ele>
      </trkpt>
      <trkpt lat="41.74279" lon="-8.155035">
        <ele>524.02</ele>
      </trkpt>
      <trkpt lat="41.742904" lon="-8.154874">
        <ele>525.77</ele>
      </trkpt>
      <trkpt lat="41.742955" lon="-8.154732">
        <ele>529.31</ele>
      </trkpt>
      <trkpt lat="41.742989" lon="-8.15467">
        <ele>531.68</ele>
      </trkpt>
      <trkpt lat="41.743085" lon="-8.154535">
        <ele>537.39</ele>
      </trkpt>
      <trkpt lat="41.743254" lon="-8.154399">
        <ele>535.64</ele>
      </trkpt>
      <trkpt lat="41.743578" lon="-8.154324">
        <ele>535.68</ele>
      </trkpt>
      <trkpt lat="41.74389" lon="-8.154083">
        <ele>535.36</ele>
      </trkpt>
      <trkpt lat="41.743983" lon="-8.154084">
        <ele>529.02</ele>
      </trkpt>
      <trkpt lat="41.744075" lon="-8.154106">
        <ele>533.32</ele>
      </trkpt>
      <trkpt lat="41.744144" lon="-8.154185">
        <ele>535.74</ele>
      </trkpt>
      <trkpt lat="41.74419" lon="-8.15429">
        <ele>536.02</ele>
      </trkpt>
      <trkpt lat="41.744204" lon="-8.154381">
        <ele>534.57</ele>
      </trkpt>
      <trkpt lat="41.744208" lon="-8.154459">
        <ele>534.19</ele>
      </trkpt>
      <trkpt lat="41.744044" lon="-8.15471">
        <ele>529.47</ele>
      </trkpt>
      <trkpt lat="41.74388" lon="-8.154962">
        <ele>530.9</ele>
      </trkpt>
      <trkpt lat="41.743867" lon="-8.155116">
        <ele>534.3</ele>
      </trkpt>
      <trkpt lat="41.743883" lon="-8.155175">
        <ele>534.77</ele>
      </trkpt>
      <trkpt lat="41.743924" lon="-8.155232">
        <ele>535.43</ele>
      </trkpt>
      <trkpt lat="41.744506" lon="-8.155682">
        <ele>541.11</ele>
      </trkpt>
      <trkpt lat="41.744785" lon="-8.155895">
        <ele>545.81</ele>
      </trkpt>
      <trkpt lat="41.744895" lon="-8.155914">
        <ele>548.1</ele>
      </trkpt>
      <trkpt lat="41.744942" lon="-8.155888">
        <ele>548.26</ele>
      </trkpt>
      <trkpt lat="41.744978" lon="-8.155853">
        <ele>548.9</ele>
      </trkpt>
      <trkpt lat="41.745039" lon="-8.155765">
        <ele>550.58</ele>
      </trkpt>
      <trkpt lat="41.745105" lon="-8.155691">
        <ele>550.97</ele>
      </trkpt>
      <trkpt lat="41.745235" lon="-8.155574">
        <ele>552.56</ele>
      </trkpt>
      <trkpt lat="41.745294" lon="-8.155492">
        <ele>553.03</ele>
      </trkpt>
      <trkpt lat="41.745315" lon="-8.155442">
        <ele>553.21</ele>
      </trkpt>
      <trkpt lat="41.74533" lon="-8.155338">
        <ele>553.76</ele>
      </trkpt>
      <trkpt lat="41.745333" lon="-8.155185">
        <ele>555.65</ele>
      </trkpt>
      <trkpt lat="41.745345" lon="-8.155122">
        <ele>556.65</ele>
      </trkpt>
      <trkpt lat="41.745365" lon="-8.15508">
        <ele>557.23</ele>
      </trkpt>
      <trkpt lat="41.745398" lon="-8.155041">
        <ele>557.46</ele>
      </trkpt>
      <trkpt lat="41.74545" lon="-8.15502">
        <ele>557.55</ele>
      </trkpt>
      <trkpt lat="41.745509" lon="-8.15503">
        <ele>557.32</ele>
      </trkpt>
      <trkpt lat="41.745719" lon="-8.155102">
        <ele>561.27</ele>
      </trkpt>
      <trkpt lat="41.74599" lon="-8.155147">
        <ele>563.48</ele>
      </trkpt>
      <trkpt lat="41.746215" lon="-8.155073">
        <ele>566.19</ele>
      </trkpt>
      <trkpt lat="41.746544" lon="-8.154901">
        <ele>570.25</ele>
      </trkpt>
      <trkpt lat="41.746855" lon="-8.154554">
        <ele>574.18</ele>
      </trkpt>
      <trkpt lat="41.746895" lon="-8.154497">
        <ele>575.17</ele>
      </trkpt>
      <trkpt lat="41.746917" lon="-8.154393">
        <ele>576.99</ele>
      </trkpt>
      <trkpt lat="41.746905" lon="-8.154341">
        <ele>578.13</ele>
      </trkpt>
      <trkpt lat="41.746878" lon="-8.154312">
        <ele>578.66</ele>
      </trkpt>
      <trkpt lat="41.746829" lon="-8.154295">
        <ele>578.8</ele>
      </trkpt>
      <trkpt lat="41.746578" lon="-8.154285">
        <ele>581.03</ele>
      </trkpt>
      <trkpt lat="41.746538" lon="-8.154272">
        <ele>581.49</ele>
      </trkpt>
      <trkpt lat="41.746505" lon="-8.154224">
        <ele>582.31</ele>
      </trkpt>
      <trkpt lat="41.746497" lon="-8.15417">
        <ele>583.29</ele>
      </trkpt>
      <trkpt lat="41.746519" lon="-8.154105">
        <ele>584.26</ele>
      </trkpt>
      <trkpt lat="41.746587" lon="-8.154047">
        <ele>584.74</ele>
      </trkpt>
      <trkpt lat="41.746683" lon="-8.153987">
        <ele>585.06</ele>
      </trkpt>
      <trkpt lat="41.747111" lon="-8.15381">
        <ele>589.68</ele>
      </trkpt>
      <trkpt lat="41.74719" lon="-8.153807">
        <ele>590.61</ele>
      </trkpt>
      <trkpt lat="41.747271" lon="-8.153843">
        <ele>591.03</ele>
      </trkpt>
      <trkpt lat="41.747612" lon="-8.154104">
        <ele>594.15</ele>
      </trkpt>
      <trkpt lat="41.747654" lon="-8.154125">
        <ele>594.51</ele>
      </trkpt>
      <trkpt lat="41.747697" lon="-8.154129">
        <ele>594.97</ele>
      </trkpt>
      <trkpt lat="41.747771" lon="-8.154082">
        <ele>595.41</ele>
      </trkpt>
      <trkpt lat="41.748034" lon="-8.153634">
        <ele>601.46</ele>
      </trkpt>
      <trkpt lat="41.748104" lon="-8.153453">
        <ele>602.06</ele>
      </trkpt>
      <trkpt lat="41.748148" lon="-8.153288">
        <ele>604.13</ele>
      </trkpt>
      <trkpt lat="41.748232" lon="-8.153093">
        <ele>606.42</ele>
      </trkpt>
      <trkpt lat="41.748379" lon="-8.15292">
        <ele>608.26</ele>
      </trkpt>
      <trkpt lat="41.748539" lon="-8.152748">
        <ele>611.9</ele>
      </trkpt>
      <trkpt lat="41.74861" lon="-8.152707">
        <ele>612.57</ele>
      </trkpt>
      <trkpt lat="41.748687" lon="-8.152682">
        <ele>613.07</ele>
      </trkpt>
      <trkpt lat="41.748731" lon="-8.152698">
        <ele>612.41</ele>
      </trkpt>
      <trkpt lat="41.748783" lon="-8.152762">
        <ele>611.36</ele>
      </trkpt>
      <trkpt lat="41.748784" lon="-8.152821">
        <ele>610.56</ele>
      </trkpt>
      <trkpt lat="41.74875" lon="-8.153026">
        <ele>611.12</ele>
      </trkpt>
      <trkpt lat="41.748746" lon="-8.153112">
        <ele>611.87</ele>
      </trkpt>
      <trkpt lat="41.748755" lon="-8.153195">
        <ele>613.05</ele>
      </trkpt>
      <trkpt lat="41.74893" lon="-8.153696">
        <ele>616.41</ele>
      </trkpt>
      <trkpt lat="41.748974" lon="-8.153787">
        <ele>617.46</ele>
      </trkpt>
      <trkpt lat="41.749055" lon="-8.153856">
        <ele>618.95</ele>
      </trkpt>
      <trkpt lat="41.749129" lon="-8.153899">
        <ele>619.78</ele>
      </trkpt>
      <trkpt lat="41.749363" lon="-8.154009">
        <ele>622.69</ele>
      </trkpt>
      <trkpt lat="41.749391" lon="-8.154033">
        <ele>622.5</ele>
      </trkpt>
      <trkpt lat="41.749429" lon="-8.154122">
        <ele>621.73</ele>
      </trkpt>
      <trkpt lat="41.749433" lon="-8.154188">
        <ele>621.19</ele>
      </trkpt>
      <trkpt lat="41.749414" lon="-8.154519">
        <ele>622.76</ele>
      </trkpt>
      <trkpt lat="41.749425" lon="-8.15457">
        <ele>623.61</ele>
      </trkpt>
      <trkpt lat="41.74945" lon="-8.154607">
        <ele>624.22</ele>
      </trkpt>
      <trkpt lat="41.749483" lon="-8.154625">
        <ele>625.36</ele>
      </trkpt>
      <trkpt lat="41.749523" lon="-8.154627">
        <ele>626.68</ele>
      </trkpt>
      <trkpt lat="41.749554" lon="-8.15461">
        <ele>627.64</ele>
      </trkpt>
      <trkpt lat="41.749576" lon="-8.154577">
        <ele>628.34</ele>
      </trkpt>
      <trkpt lat="41.749721" lon="-8.153854">
        <ele>632.57</ele>
      </trkpt>
      <trkpt lat="41.749729" lon="-8.153784">
        <ele>634.06</ele>
      </trkpt>
      <trkpt lat="41.74969" lon="-8.153675">
        <ele>635.87</ele>
      </trkpt>
      <trkpt lat="41.749652" lon="-8.153638">
        <ele>636.36</ele>
      </trkpt>
      <trkpt lat="41.749403" lon="-8.153499">
        <ele>637.77</ele>
      </trkpt>
      <trkpt lat="41.749362" lon="-8.153451">
        <ele>637.7</ele>
      </trkpt>
      <trkpt lat="41.749336" lon="-8.153386">
        <ele>637.84</ele>
      </trkpt>
      <trkpt lat="41.749326" lon="-8.153311">
        <ele>638.1</ele>
      </trkpt>
      <trkpt lat="41.749331" lon="-8.153217">
        <ele>638.59</ele>
      </trkpt>
      <trkpt lat="41.74953" lon="-8.152281">
        <ele>643.96</ele>
      </trkpt>
      <trkpt lat="41.749559" lon="-8.152224">
        <ele>644.95</ele>
      </trkpt>
      <trkpt lat="41.749605" lon="-8.152204">
        <ele>646.17</ele>
      </trkpt>
      <trkpt lat="41.749655" lon="-8.152199">
        <ele>647.49</ele>
      </trkpt>
      <trkpt lat="41.749704" lon="-8.152247">
        <ele>648.49</ele>
      </trkpt>
      <trkpt lat="41.749727" lon="-8.152303">
        <ele>648.53</ele>
      </trkpt>
      <trkpt lat="41.749731" lon="-8.152387">
        <ele>648.46</ele>
      </trkpt>
      <trkpt lat="41.749671" lon="-8.152794">
        <ele>649.77</ele>
      </trkpt>
      <trkpt lat="41.749664" lon="-8.152887">
        <ele>649.98</ele>
      </trkpt>
      <trkpt lat="41.749698" lon="-8.153001">
        <ele>651.03</ele>
      </trkpt>
      <trkpt lat="41.749991" lon="-8.153348">
        <ele>653.6</ele>
      </trkpt>
      <trkpt lat="41.750215" lon="-8.153423">
        <ele>656.55</ele>
      </trkpt>
      <trkpt lat="41.750341" lon="-8.153533">
        <ele>657.09</ele>
      </trkpt>
      <trkpt lat="41.750376" lon="-8.153606">
        <ele>657.91</ele>
      </trkpt>
      <trkpt lat="41.750388" lon="-8.153698">
        <ele>658.61</ele>
      </trkpt>
      <trkpt lat="41.750378" lon="-8.153844">
        <ele>659.29</ele>
      </trkpt>
      <trkpt lat="41.750321" lon="-8.154187">
        <ele>663.77</ele>
      </trkpt>
      <trkpt lat="41.750323" lon="-8.154302">
        <ele>663.18</ele>
      </trkpt>
      <trkpt lat="41.750347" lon="-8.15439">
        <ele>662.21</ele>
      </trkpt>
      <trkpt lat="41.750409" lon="-8.154476">
        <ele>659.91</ele>
      </trkpt>
      <trkpt lat="41.750471" lon="-8.154525">
        <ele>659.84</ele>
      </trkpt>
      <trkpt lat="41.750561" lon="-8.154574">
        <ele>660.26</ele>
      </trkpt>
      <trkpt lat="41.750661" lon="-8.154596">
        <ele>660.99</ele>
      </trkpt>
      <trkpt lat="41.750737" lon="-8.154601">
        <ele>661.31</ele>
      </trkpt>
      <trkpt lat="41.750823" lon="-8.154587">
        <ele>662.28</ele>
      </trkpt>
      <trkpt lat="41.750904" lon="-8.154539">
        <ele>663.96</ele>
      </trkpt>
      <trkpt lat="41.75101" lon="-8.154453">
        <ele>665.6</ele>
      </trkpt>
      <trkpt lat="41.751206" lon="-8.154152">
        <ele>668.85</ele>
      </trkpt>
      <trkpt lat="41.751231" lon="-8.154065">
        <ele>670.89</ele>
      </trkpt>
      <trkpt lat="41.75123" lon="-8.153954">
        <ele>672.31</ele>
      </trkpt>
      <trkpt lat="41.751144" lon="-8.153633">
        <ele>675.45</ele>
      </trkpt>
      <trkpt lat="41.750874" lon="-8.15291">
        <ele>675.58</ele>
      </trkpt>
      <trkpt lat="41.750851" lon="-8.152714">
        <ele>676.24</ele>
      </trkpt>
      <trkpt lat="41.750862" lon="-8.152071">
        <ele>680</ele>
      </trkpt>
      <trkpt lat="41.75088" lon="-8.151984">
        <ele>680.75</ele>
      </trkpt>
      <trkpt lat="41.750917" lon="-8.151931">
        <ele>681.58</ele>
      </trkpt>
      <trkpt lat="41.751179" lon="-8.151667">
        <ele>686.62</ele>
      </trkpt>
      <trkpt lat="41.751395" lon="-8.151379">
        <ele>689.46</ele>
      </trkpt>
      <trkpt lat="41.751627" lon="-8.151247">
        <ele>689.94</ele>
      </trkpt>
      <trkpt lat="41.752091" lon="-8.150984">
        <ele>696.14</ele>
      </trkpt>
      <trkpt lat="41.752355" lon="-8.150872">
        <ele>698.81</ele>
      </trkpt>
      <trkpt lat="41.75273" lon="-8.150766">
        <ele>700.48</ele>
      </trkpt>
      <trkpt lat="41.752962" lon="-8.150649">
        <ele>702.24</ele>
      </trkpt>
      <trkpt lat="41.753193" lon="-8.150531">
        <ele>701.14</ele>
      </trkpt>
      <trkpt lat="41.753854" lon="-8.150367">
        <ele>701.92</ele>
      </trkpt>
      <trkpt lat="41.754152" lon="-8.150192">
        <ele>701.18</ele>
      </trkpt>
      <trkpt lat="41.754191" lon="-8.150135">
        <ele>701.55</ele>
      </trkpt>
      <trkpt lat="41.754217" lon="-8.149989">
        <ele>704.06</ele>
      </trkpt>
      <trkpt lat="41.7542" lon="-8.149919">
        <ele>705.43</ele>
      </trkpt>
      <trkpt lat="41.754168" lon="-8.149868">
        <ele>707.35</ele>
      </trkpt>
      <trkpt lat="41.754117" lon="-8.149844">
        <ele>708.72</ele>
      </trkpt>
      <trkpt lat="41.754032" lon="-8.149843">
        <ele>710.74</ele>
      </trkpt>
      <trkpt lat="41.753869" lon="-8.150113">
        <ele>708.49</ele>
      </trkpt>
      <trkpt lat="41.7538" lon="-8.150184">
        <ele>708.86</ele>
      </trkpt>
      <trkpt lat="41.753763" lon="-8.150207">
        <ele>709.09</ele>
      </trkpt>
      <trkpt lat="41.753697" lon="-8.150227">
        <ele>709.55</ele>
      </trkpt>
      <trkpt lat="41.753661" lon="-8.150211">
        <ele>710.35</ele>
      </trkpt>
      <trkpt lat="41.753593" lon="-8.150116">
        <ele>713.19</ele>
      </trkpt>
      <trkpt lat="41.753587" lon="-8.150048">
        <ele>715.55</ele>
      </trkpt>
      <trkpt lat="41.753597" lon="-8.149975">
        <ele>717.64</ele>
      </trkpt>
      <trkpt lat="41.753634" lon="-8.149896">
        <ele>719.53</ele>
      </trkpt>
      <trkpt lat="41.753699" lon="-8.149844">
        <ele>720.33</ele>
      </trkpt>
      <trkpt lat="41.753774" lon="-8.149816">
        <ele>719.43</ele>
      </trkpt>
      <trkpt lat="41.753914" lon="-8.149722">
        <ele>717.52</ele>
      </trkpt>
      <trkpt lat="41.754026" lon="-8.149617">
        <ele>717.26</ele>
      </trkpt>
      <trkpt lat="41.75412" lon="-8.149469">
        <ele>718.5</ele>
      </trkpt>
      <trkpt lat="41.754158" lon="-8.149427">
        <ele>718.79</ele>
      </trkpt>
      <trkpt lat="41.754271" lon="-8.149369">
        <ele>719.46</ele>
      </trkpt>
      <trkpt lat="41.754584" lon="-8.149403">
        <ele>720.65</ele>
      </trkpt>
      <trkpt lat="41.7552" lon="-8.149475">
        <ele>727.94</ele>
      </trkpt>
      <trkpt lat="41.755907" lon="-8.149761">
        <ele>729.42</ele>
      </trkpt>
      <trkpt lat="41.756098" lon="-8.1498">
        <ele>728.35</ele>
      </trkpt>
      <trkpt lat="41.75621" lon="-8.149784">
        <ele>728.04</ele>
      </trkpt>
      <trkpt lat="41.7563" lon="-8.149731">
        <ele>730.4</ele>
      </trkpt>
      <trkpt lat="41.756347" lon="-8.149676">
        <ele>730.36</ele>
      </trkpt>
      <trkpt lat="41.756379" lon="-8.149611">
        <ele>731.63</ele>
      </trkpt>
      <trkpt lat="41.756389" lon="-8.149529">
        <ele>733.47</ele>
      </trkpt>
      <trkpt lat="41.756373" lon="-8.149427">
        <ele>735.2</ele>
      </trkpt>
      <trkpt lat="41.75634" lon="-8.149359">
        <ele>737.05</ele>
      </trkpt>
      <trkpt lat="41.756298" lon="-8.1493">
        <ele>738.71</ele>
      </trkpt>
      <trkpt lat="41.756224" lon="-8.149281">
        <ele>741.21</ele>
      </trkpt>
      <trkpt lat="41.756162" lon="-8.14931">
        <ele>741.3</ele>
      </trkpt>
      <trkpt lat="41.756002" lon="-8.149413">
        <ele>738.58</ele>
      </trkpt>
      <trkpt lat="41.755949" lon="-8.149439">
        <ele>738.84</ele>
      </trkpt>
      <trkpt lat="41.755832" lon="-8.149438">
        <ele>738.57</ele>
      </trkpt>
      <trkpt lat="41.755719" lon="-8.149401">
        <ele>738.63</ele>
      </trkpt>
      <trkpt lat="41.755173" lon="-8.149109">
        <ele>742.15</ele>
      </trkpt>
      <trkpt lat="41.754928" lon="-8.149057">
        <ele>743.05</ele>
      </trkpt>
      <trkpt lat="41.754845" lon="-8.149006">
        <ele>742.55</ele>
      </trkpt>
      <trkpt lat="41.754805" lon="-8.148951">
        <ele>742.9</ele>
      </trkpt>
      <trkpt lat="41.754781" lon="-8.148877">
        <ele>744.4</ele>
      </trkpt>
      <trkpt lat="41.754778" lon="-8.148784">
        <ele>746.41</ele>
      </trkpt>
      <trkpt lat="41.754811" lon="-8.148691">
        <ele>748.87</ele>
      </trkpt>
      <trkpt lat="41.754859" lon="-8.148622">
        <ele>751.75</ele>
      </trkpt>
      <trkpt lat="41.754926" lon="-8.148591">
        <ele>752.9</ele>
      </trkpt>
      <trkpt lat="41.754996" lon="-8.148611">
        <ele>752.24</ele>
      </trkpt>
      <trkpt lat="41.755243" lon="-8.14889">
        <ele>750.93</ele>
      </trkpt>
      <trkpt lat="41.755382" lon="-8.148964">
        <ele>753.15</ele>
      </trkpt>
      <trkpt lat="41.755846" lon="-8.149041">
        <ele>756.86</ele>
      </trkpt>
      <trkpt lat="41.755989" lon="-8.149035">
        <ele>758.33</ele>
      </trkpt>
      <trkpt lat="41.756073" lon="-8.148994">
        <ele>760.53</ele>
      </trkpt>
      <trkpt lat="41.756143" lon="-8.148967">
        <ele>760.79</ele>
      </trkpt>
      <trkpt lat="41.756216" lon="-8.1489">
        <ele>761.58</ele>
      </trkpt>
      <trkpt lat="41.756446" lon="-8.148495">
        <ele>763.42</ele>
      </trkpt>
      <trkpt lat="41.756558" lon="-8.148246">
        <ele>764.46</ele>
      </trkpt>
      <trkpt lat="41.756652" lon="-8.1478">
        <ele>764.96</ele>
      </trkpt>
      <trkpt lat="41.756681" lon="-8.147745">
        <ele>763.43</ele>
      </trkpt>
      <trkpt lat="41.756723" lon="-8.147707">
        <ele>763.07</ele>
      </trkpt>
      <trkpt lat="41.756833" lon="-8.147675">
        <ele>762.4</ele>
      </trkpt>
      <trkpt lat="41.756928" lon="-8.147707">
        <ele>761.78</ele>
      </trkpt>
      <trkpt lat="41.756974" lon="-8.147752">
        <ele>762.79</ele>
      </trkpt>
      <trkpt lat="41.757026" lon="-8.14785">
        <ele>762.12</ele>
      </trkpt>
      <trkpt lat="41.757163" lon="-8.148457">
        <ele>759.44</ele>
      </trkpt>
      <trkpt lat="41.757224" lon="-8.148562">
        <ele>760.71</ele>
      </trkpt>
      <trkpt lat="41.757324" lon="-8.148582">
        <ele>761.82</ele>
      </trkpt>
      <trkpt lat="41.757891" lon="-8.148516">
        <ele>768.96</ele>
      </trkpt>
      <trkpt lat="41.758021" lon="-8.148547">
        <ele>768.67</ele>
      </trkpt>
      <trkpt lat="41.758262" lon="-8.148691">
        <ele>769.66</ele>
      </trkpt>
      <trkpt lat="41.758747" lon="-8.148811">
        <ele>774.73</ele>
      </trkpt>
      <trkpt lat="41.758967" lon="-8.148811">
        <ele>777.37</ele>
      </trkpt>
      <trkpt lat="41.759311" lon="-8.148761">
        <ele>779.55</ele>
      </trkpt>
      <trkpt lat="41.759392" lon="-8.148704">
        <ele>782.5</ele>
      </trkpt>
      <trkpt lat="41.759467" lon="-8.148689">
        <ele>780.5</ele>
      </trkpt>
      <trkpt lat="41.759526" lon="-8.148718">
        <ele>778.58</ele>
      </trkpt>
      <trkpt lat="41.759575" lon="-8.148777">
        <ele>776.29</ele>
      </trkpt>
      <trkpt lat="41.759615" lon="-8.148898">
        <ele>775.36</ele>
      </trkpt>
      <trkpt lat="41.759692" lon="-8.149005">
        <ele>778.39</ele>
      </trkpt>
      <trkpt lat="41.759935" lon="-8.149123">
        <ele>782.65</ele>
      </trkpt>
      <trkpt lat="41.760052" lon="-8.149124">
        <ele>785.16</ele>
      </trkpt>
      <trkpt lat="41.760303" lon="-8.149026">
        <ele>789.35</ele>
      </trkpt>
      <trkpt lat="41.760656" lon="-8.149031">
        <ele>791.66</ele>
      </trkpt>
      <trkpt lat="41.760807" lon="-8.149027">
        <ele>793.77</ele>
      </trkpt>
      <trkpt lat="41.760942" lon="-8.149068">
        <ele>793.81</ele>
      </trkpt>
      <trkpt lat="41.761089" lon="-8.149197">
        <ele>794.02</ele>
      </trkpt>
      <trkpt lat="41.761214" lon="-8.149195">
        <ele>796.81</ele>
      </trkpt>
      <trkpt lat="41.761297" lon="-8.149146">
        <ele>798.31</ele>
      </trkpt>
      <trkpt lat="41.761334" lon="-8.14904">
        <ele>798.05</ele>
      </trkpt>
      <trkpt lat="41.76133" lon="-8.148942">
        <ele>798.74</ele>
      </trkpt>
      <trkpt lat="41.761287" lon="-8.148845">
        <ele>800.81</ele>
      </trkpt>
      <trkpt lat="41.761214" lon="-8.148798">
        <ele>803.07</ele>
      </trkpt>
      <trkpt lat="41.760297" lon="-8.148728">
        <ele>808.16</ele>
      </trkpt>
      <trkpt lat="41.760138" lon="-8.148801">
        <ele>805.55</ele>
      </trkpt>
      <trkpt lat="41.760057" lon="-8.148799">
        <ele>805.7</ele>
      </trkpt>
      <trkpt lat="41.759966" lon="-8.148714">
        <ele>809.13</ele>
      </trkpt>
      <trkpt lat="41.759967" lon="-8.148638">
        <ele>809.15</ele>
      </trkpt>
      <trkpt lat="41.760008" lon="-8.148557">
        <ele>811.8</ele>
      </trkpt>
      <trkpt lat="41.760051" lon="-8.148527">
        <ele>814.28</ele>
      </trkpt>
      <trkpt lat="41.760298" lon="-8.148548">
        <ele>815.02</ele>
      </trkpt>
      <trkpt lat="41.76105" lon="-8.148475">
        <ele>823.26</ele>
      </trkpt>
      <trkpt lat="41.761515" lon="-8.148313">
        <ele>829.86</ele>
      </trkpt>
      <trkpt lat="41.761684" lon="-8.148293">
        <ele>830.12</ele>
      </trkpt>
      <trkpt lat="41.762231" lon="-8.148383">
        <ele>828.69</ele>
      </trkpt>
      <trkpt lat="41.762368" lon="-8.148362">
        <ele>829.69</ele>
      </trkpt>
      <trkpt lat="41.762602" lon="-8.148134">
        <ele>834.12</ele>
      </trkpt>
      <trkpt lat="41.762738" lon="-8.14808">
        <ele>833.58</ele>
      </trkpt>
      <trkpt lat="41.763023" lon="-8.14813">
        <ele>834.63</ele>
      </trkpt>
      <trkpt lat="41.763342" lon="-8.14805">
        <ele>837.39</ele>
      </trkpt>
      <trkpt lat="41.763543" lon="-8.14795">
        <ele>840.1</ele>
      </trkpt>
      <trkpt lat="41.763744" lon="-8.147849">
        <ele>840.34</ele>
      </trkpt>
      <trkpt lat="41.764096" lon="-8.147809">
        <ele>842.46</ele>
      </trkpt>
      <trkpt lat="41.764847" lon="-8.147653">
        <ele>847.22</ele>
      </trkpt>
      <trkpt lat="41.765675" lon="-8.147158">
        <ele>853.3</ele>
      </trkpt>
      <trkpt lat="41.766112" lon="-8.146836">
        <ele>855.34</ele>
      </trkpt>
      <trkpt lat="41.766223" lon="-8.146814">
        <ele>855.18</ele>
      </trkpt>
      <trkpt lat="41.767198" lon="-8.146799">
        <ele>861.38</ele>
      </trkpt>
      <trkpt lat="41.767334" lon="-8.146756">
        <ele>861.8</ele>
      </trkpt>
      <trkpt lat="41.767389" lon="-8.146706">
        <ele>861.8</ele>
      </trkpt>
      <trkpt lat="41.767622" lon="-8.146285">
        <ele>861.04</ele>
      </trkpt>
      <trkpt lat="41.767713" lon="-8.146169">
        <ele>861.49</ele>
      </trkpt>
      <trkpt lat="41.767863" lon="-8.146052">
        <ele>860.54</ele>
      </trkpt>
      <trkpt lat="41.768102" lon="-8.145963">
        <ele>857.14</ele>
      </trkpt>
      <trkpt lat="41.768243" lon="-8.145926">
        <ele>857.34</ele>
      </trkpt>
      <trkpt lat="41.768326" lon="-8.145888">
        <ele>856.71</ele>
      </trkpt>
      <trkpt lat="41.768669" lon="-8.145613">
        <ele>855.11</ele>
      </trkpt>
      <trkpt lat="41.768865" lon="-8.145498">
        <ele>854.1</ele>
      </trkpt>
      <trkpt lat="41.769058" lon="-8.145414">
        <ele>852.45</ele>
      </trkpt>
      <trkpt lat="41.769268" lon="-8.145296">
        <ele>850.39</ele>
      </trkpt>
      <trkpt lat="41.769419" lon="-8.145264">
        <ele>849.27</ele>
      </trkpt>
      <trkpt lat="41.770023" lon="-8.145171">
        <ele>846.56</ele>
      </trkpt>
      <trkpt lat="41.77029" lon="-8.145036">
        <ele>844.87</ele>
      </trkpt>
      <trkpt lat="41.770553" lon="-8.144721">
        <ele>842.84</ele>
      </trkpt>
      <trkpt lat="41.77083" lon="-8.144493">
        <ele>840.35</ele>
      </trkpt>
      <trkpt lat="41.770961" lon="-8.144445">
        <ele>838.17</ele>
      </trkpt>
      <trkpt lat="41.771081" lon="-8.144438">
        <ele>837.39</ele>
      </trkpt>
      <trkpt lat="41.771324" lon="-8.144477">
        <ele>835.58</ele>
      </trkpt>
      <trkpt lat="41.77149" lon="-8.144442">
        <ele>832.31</ele>
      </trkpt>
      <trkpt lat="41.771873" lon="-8.144212">
        <ele>830.5</ele>
      </trkpt>
      <trkpt lat="41.772856" lon="-8.143915">
        <ele>822.7</ele>
      </trkpt>
      <trkpt lat="41.773401" lon="-8.143934">
        <ele>819.08</ele>
      </trkpt>
      <trkpt lat="41.773706" lon="-8.143908">
        <ele>815.07</ele>
      </trkpt>
      <trkpt lat="41.773852" lon="-8.14386">
        <ele>814.53</ele>
      </trkpt>
      <trkpt lat="41.774002" lon="-8.143757">
        <ele>813.01</ele>
      </trkpt>
      <trkpt lat="41.7743" lon="-8.143448">
        <ele>811.03</ele>
      </trkpt>
      <trkpt lat="41.774408" lon="-8.143389">
        <ele>810.78</ele>
      </trkpt>
      <trkpt lat="41.774762" lon="-8.143295">
        <ele>807.88</ele>
      </trkpt>
      <trkpt lat="41.775497" lon="-8.14285">
        <ele>801.67</ele>
      </trkpt>
      <trkpt lat="41.775708" lon="-8.142747">
        <ele>800.99</ele>
      </trkpt>
      <trkpt lat="41.776203" lon="-8.142601">
        <ele>798.05</ele>
      </trkpt>
      <trkpt lat="41.776371" lon="-8.142513">
        <ele>796.23</ele>
      </trkpt>
      <trkpt lat="41.776762" lon="-8.142309">
        <ele>790.26</ele>
      </trkpt>
      <trkpt lat="41.777076" lon="-8.142146">
        <ele>790.12</ele>
      </trkpt>
      <trkpt lat="41.77733" lon="-8.142092">
        <ele>788.22</ele>
      </trkpt>
      <trkpt lat="41.777838" lon="-8.141986">
        <ele>780.06</ele>
      </trkpt>
      <trkpt lat="41.778346" lon="-8.141879">
        <ele>775.16</ele>
      </trkpt>
      <trkpt lat="41.778526" lon="-8.141737">
        <ele>769.26</ele>
      </trkpt>
      <trkpt lat="41.778678" lon="-8.141489">
        <ele>765.92</ele>
      </trkpt>
      <trkpt lat="41.778829" lon="-8.141241">
        <ele>769.81</ele>
      </trkpt>
      <trkpt lat="41.779206" lon="-8.141206">
        <ele>765.09</ele>
      </trkpt>
      <trkpt lat="41.779908" lon="-8.141215">
        <ele>755.58</ele>
      </trkpt>
      <trkpt lat="41.780156" lon="-8.141139">
        <ele>753.16</ele>
      </trkpt>
      <trkpt lat="41.780499" lon="-8.14084">
        <ele>752.58</ele>
      </trkpt>
      <trkpt lat="41.781251" lon="-8.140493">
        <ele>749.11</ele>
      </trkpt>
      <trkpt lat="41.782755" lon="-8.139797">
        <ele>737.76</ele>
      </trkpt>
      <trkpt lat="41.782939" lon="-8.139696">
        <ele>736.84</ele>
      </trkpt>
      <trkpt lat="41.783463" lon="-8.139447">
        <ele>732.88</ele>
      </trkpt>
      <trkpt lat="41.783725" lon="-8.139323">
        <ele>733.91</ele>
      </trkpt>
      <trkpt lat="41.784007" lon="-8.13933">
        <ele>733.02</ele>
      </trkpt>
      <trkpt lat="41.784288" lon="-8.139336">
        <ele>736.93</ele>
      </trkpt>
      <trkpt lat="41.78457" lon="-8.139343">
        <ele>737.43</ele>
      </trkpt>
      <trkpt lat="41.784745" lon="-8.139309">
        <ele>734.17</ele>
      </trkpt>
      <trkpt lat="41.784981" lon="-8.139229">
        <ele>734.45</ele>
      </trkpt>
      <trkpt lat="41.785161" lon="-8.139187">
        <ele>737.21</ele>
      </trkpt>
      <trkpt lat="41.785709" lon="-8.139162">
        <ele>733.56</ele>
      </trkpt>
      <trkpt lat="41.786202" lon="-8.138976">
        <ele>731.68</ele>
      </trkpt>
      <trkpt lat="41.786446" lon="-8.138871">
        <ele>730.97</ele>
      </trkpt>
      <trkpt lat="41.7867" lon="-8.138739">
        <ele>733.06</ele>
      </trkpt>
      <trkpt lat="41.786933" lon="-8.138651">
        <ele>732.09</ele>
      </trkpt>
      <trkpt lat="41.787076" lon="-8.138521">
        <ele>731.19</ele>
      </trkpt>
      <trkpt lat="41.787243" lon="-8.1383">
        <ele>728.99</ele>
      </trkpt>
      <trkpt lat="41.787302" lon="-8.138088">
        <ele>726.46</ele>
      </trkpt>
      <trkpt lat="41.787326" lon="-8.137896">
        <ele>724.66</ele>
      </trkpt>
      <trkpt lat="41.787309" lon="-8.137587">
        <ele>719.4</ele>
      </trkpt>
      <trkpt lat="41.78734" lon="-8.137374">
        <ele>718.99</ele>
      </trkpt>
      <trkpt lat="41.787373" lon="-8.137299">
        <ele>718.82</ele>
      </trkpt>
      <trkpt lat="41.787453" lon="-8.137204">
        <ele>718.22</ele>
      </trkpt>
      <trkpt lat="41.787622" lon="-8.137052">
        <ele>717.42</ele>
      </trkpt>
      <trkpt lat="41.788041" lon="-8.136745">
        <ele>712.08</ele>
      </trkpt>
      <trkpt lat="41.78837" lon="-8.136457">
        <ele>708</ele>
      </trkpt>
      <trkpt lat="41.788502" lon="-8.136322">
        <ele>705.83</ele>
      </trkpt>
      <trkpt lat="41.788636" lon="-8.136162">
        <ele>706.1</ele>
      </trkpt>
      <trkpt lat="41.788713" lon="-8.1361">
        <ele>707.93</ele>
      </trkpt>
      <trkpt lat="41.788891" lon="-8.136088">
        <ele>707.63</ele>
      </trkpt>
      <trkpt lat="41.789251" lon="-8.136206">
        <ele>702.64</ele>
      </trkpt>
      <trkpt lat="41.789765" lon="-8.136435">
        <ele>697.22</ele>
      </trkpt>
      <trkpt lat="41.790503" lon="-8.136543">
        <ele>691.63</ele>
      </trkpt>
      <trkpt lat="41.790848" lon="-8.136531">
        <ele>688.61</ele>
      </trkpt>
      <trkpt lat="41.791021" lon="-8.136433">
        <ele>687.28</ele>
      </trkpt>
      <trkpt lat="41.791211" lon="-8.136233">
        <ele>685.87</ele>
      </trkpt>
      <trkpt lat="41.791534" lon="-8.135922">
        <ele>685.29</ele>
      </trkpt>
      <trkpt lat="41.791698" lon="-8.13584">
        <ele>687.28</ele>
      </trkpt>
      <trkpt lat="41.791901" lon="-8.135769">
        <ele>689.08</ele>
      </trkpt>
      <trkpt lat="41.791989" lon="-8.135658">
        <ele>689.4</ele>
      </trkpt>
      <trkpt lat="41.792259" lon="-8.134956">
        <ele>687.72</ele>
      </trkpt>
      <trkpt lat="41.792304" lon="-8.134885">
        <ele>687.28</ele>
      </trkpt>
      <trkpt lat="41.792369" lon="-8.134836">
        <ele>686.41</ele>
      </trkpt>
      <trkpt lat="41.79246" lon="-8.13482">
        <ele>686.59</ele>
      </trkpt>
      <trkpt lat="41.792528" lon="-8.134822">
        <ele>686.99</ele>
      </trkpt>
      <trkpt lat="41.792597" lon="-8.13485">
        <ele>687.21</ele>
      </trkpt>
      <trkpt lat="41.792657" lon="-8.134898">
        <ele>688.11</ele>
      </trkpt>
      <trkpt lat="41.792788" lon="-8.13507">
        <ele>689.47</ele>
      </trkpt>
      <trkpt lat="41.792908" lon="-8.135212">
        <ele>689.43</ele>
      </trkpt>
      <trkpt lat="41.792965" lon="-8.135244">
        <ele>689.2</ele>
      </trkpt>
      <trkpt lat="41.792996" lon="-8.135252">
        <ele>689.1</ele>
      </trkpt>
      <trkpt lat="41.793059" lon="-8.135247">
        <ele>688.89</ele>
      </trkpt>
      <trkpt lat="41.793146" lon="-8.135229">
        <ele>688.31</ele>
      </trkpt>
      <trkpt lat="41.793225" lon="-8.135165">
        <ele>688.36</ele>
      </trkpt>
      <trkpt lat="41.793344" lon="-8.134958">
        <ele>689.61</ele>
      </trkpt>
      <trkpt lat="41.793507" lon="-8.134738">
        <ele>688.27</ele>
      </trkpt>
      <trkpt lat="41.793593" lon="-8.134672">
        <ele>689.78</ele>
      </trkpt>
      <trkpt lat="41.793643" lon="-8.13465">
        <ele>690.54</ele>
      </trkpt>
      <trkpt lat="41.79385" lon="-8.13463">
        <ele>691.58</ele>
      </trkpt>
      <trkpt lat="41.793948" lon="-8.13459">
        <ele>691.67</ele>
      </trkpt>
      <trkpt lat="41.794001" lon="-8.134552">
        <ele>691.66</ele>
      </trkpt>
      <trkpt lat="41.794122" lon="-8.134419">
        <ele>692.09</ele>
      </trkpt>
      <trkpt lat="41.794283" lon="-8.134275">
        <ele>691.39</ele>
      </trkpt>
      <trkpt lat="41.794361" lon="-8.134222">
        <ele>690.96</ele>
      </trkpt>
      <trkpt lat="41.794525" lon="-8.13414">
        <ele>692.23</ele>
      </trkpt>
      <trkpt lat="41.794663" lon="-8.134157">
        <ele>692.61</ele>
      </trkpt>
      <trkpt lat="41.794983" lon="-8.134176">
        <ele>694.09</ele>
      </trkpt>
      <trkpt lat="41.7952" lon="-8.134165">
        <ele>692.26</ele>
      </trkpt>
      <trkpt lat="41.795417" lon="-8.134154">
        <ele>693.25</ele>
      </trkpt>
      <trkpt lat="41.795584" lon="-8.134182">
        <ele>694.55</ele>
      </trkpt>
      <trkpt lat="41.796015" lon="-8.134293">
        <ele>695.69</ele>
      </trkpt>
      <trkpt lat="41.79631" lon="-8.134329">
        <ele>694.65</ele>
      </trkpt>
      <trkpt lat="41.796505" lon="-8.13433">
        <ele>694.77</ele>
      </trkpt>
      <trkpt lat="41.79676" lon="-8.134283">
        <ele>695.52</ele>
      </trkpt>
      <trkpt lat="41.796843" lon="-8.134257">
        <ele>695.31</ele>
      </trkpt>
      <trkpt lat="41.79702" lon="-8.134189">
        <ele>692.53</ele>
      </trkpt>
      <trkpt lat="41.797144" lon="-8.134075">
        <ele>690.86</ele>
      </trkpt>
      <trkpt lat="41.797275" lon="-8.133863">
        <ele>690.22</ele>
      </trkpt>
      <trkpt lat="41.797369" lon="-8.133681">
        <ele>689.73</ele>
      </trkpt>
      <trkpt lat="41.797451" lon="-8.133571">
        <ele>689.77</ele>
      </trkpt>
      <trkpt lat="41.79758" lon="-8.133447">
        <ele>688.23</ele>
      </trkpt>
      <trkpt lat="41.797672" lon="-8.133374">
        <ele>688.23</ele>
      </trkpt>
      <trkpt lat="41.797739" lon="-8.133351">
        <ele>689.05</ele>
      </trkpt>
      <trkpt lat="41.797867" lon="-8.133339">
        <ele>689.85</ele>
      </trkpt>
      <trkpt lat="41.797971" lon="-8.133346">
        <ele>690.36</ele>
      </trkpt>
      <trkpt lat="41.79816" lon="-8.133386">
        <ele>692.83</ele>
      </trkpt>
      <trkpt lat="41.798253" lon="-8.133415">
        <ele>693.76</ele>
      </trkpt>
      <trkpt lat="41.798299" lon="-8.133416">
        <ele>693.7</ele>
      </trkpt>
      <trkpt lat="41.798522" lon="-8.133354">
        <ele>696.05</ele>
      </trkpt>
      <trkpt lat="41.798739" lon="-8.133237">
        <ele>699.13</ele>
      </trkpt>
      <trkpt lat="41.799154" lon="-8.13275">
        <ele>705.67</ele>
      </trkpt>
      <trkpt lat="41.799794" lon="-8.132248">
        <ele>709.2</ele>
      </trkpt>
      <trkpt lat="41.800117" lon="-8.131969">
        <ele>712.5</ele>
      </trkpt>
      <trkpt lat="41.800347" lon="-8.131786">
        <ele>715.77</ele>
      </trkpt>
      <trkpt lat="41.800629" lon="-8.131651">
        <ele>717.88</ele>
      </trkpt>
      <trkpt lat="41.800885" lon="-8.131581">
        <ele>716.56</ele>
      </trkpt>
      <trkpt lat="41.801077" lon="-8.131561">
        <ele>717.66</ele>
      </trkpt>
      <trkpt lat="41.801252" lon="-8.131631">
        <ele>718.74</ele>
      </trkpt>
      <trkpt lat="41.801408" lon="-8.131673">
        <ele>717.87</ele>
      </trkpt>
      <trkpt lat="41.80153" lon="-8.131643">
        <ele>717.65</ele>
      </trkpt>
      <trkpt lat="41.802142" lon="-8.131317">
        <ele>718.48</ele>
      </trkpt>
      <trkpt lat="41.802419" lon="-8.13102">
        <ele>716.32</ele>
      </trkpt>
      <trkpt lat="41.802549" lon="-8.130857">
        <ele>715.78</ele>
      </trkpt>
      <trkpt lat="41.802668" lon="-8.130652">
        <ele>715.07</ele>
      </trkpt>
      <trkpt lat="41.802758" lon="-8.130424">
        <ele>715.95</ele>
      </trkpt>
      <trkpt lat="41.8029" lon="-8.129804">
        <ele>716.48</ele>
      </trkpt>
      <trkpt lat="41.802971" lon="-8.129458">
        <ele>719.68</ele>
      </trkpt>
      <trkpt lat="41.803071" lon="-8.128964">
        <ele>721.29</ele>
      </trkpt>
      <trkpt lat="41.803105" lon="-8.128874">
        <ele>720.57</ele>
      </trkpt>
      <trkpt lat="41.803131" lon="-8.12884">
        <ele>719.42</ele>
      </trkpt>
      <trkpt lat="41.803159" lon="-8.128822">
        <ele>718.49</ele>
      </trkpt>
      <trkpt lat="41.803221" lon="-8.128827">
        <ele>715.56</ele>
      </trkpt>
      <trkpt lat="41.803455" lon="-8.128938">
        <ele>715.74</ele>
      </trkpt>
      <trkpt lat="41.803507" lon="-8.129012">
        <ele>719.26</ele>
      </trkpt>
      <trkpt lat="41.803544" lon="-8.12909">
        <ele>720.99</ele>
      </trkpt>
      <trkpt lat="41.803564" lon="-8.129154">
        <ele>721.57</ele>
      </trkpt>
      <trkpt lat="41.803621" lon="-8.129416">
        <ele>721.14</ele>
      </trkpt>
      <trkpt lat="41.803793" lon="-8.129943">
        <ele>724.71</ele>
      </trkpt>
      <trkpt lat="41.80391" lon="-8.130132">
        <ele>726.03</ele>
      </trkpt>
      <trkpt lat="41.804272" lon="-8.130516">
        <ele>728.67</ele>
      </trkpt>
      <trkpt lat="41.804368" lon="-8.13068">
        <ele>726.45</ele>
      </trkpt>
      <trkpt lat="41.804749" lon="-8.130892">
        <ele>725.16</ele>
      </trkpt>
      <trkpt lat="41.805231" lon="-8.131161">
        <ele>725.84</ele>
      </trkpt>
      <trkpt lat="41.805668" lon="-8.13116">
        <ele>727.5</ele>
      </trkpt>
      <trkpt lat="41.805996" lon="-8.131097">
        <ele>730.44</ele>
      </trkpt>
      <trkpt lat="41.806325" lon="-8.131034">
        <ele>731.05</ele>
      </trkpt>
      <trkpt lat="41.806572" lon="-8.130898">
        <ele>736.53</ele>
      </trkpt>
      <trkpt lat="41.80698" lon="-8.130665">
        <ele>740.82</ele>
      </trkpt>
      <trkpt lat="41.807418" lon="-8.130663">
        <ele>741.35</ele>
      </trkpt>
      <trkpt lat="41.80766" lon="-8.130643">
        <ele>745.3</ele>
      </trkpt>
      <trkpt lat="41.807855" lon="-8.130583">
        <ele>748.7</ele>
      </trkpt>
      <trkpt lat="41.807979" lon="-8.130549">
        <ele>748.57</ele>
      </trkpt>
      <trkpt lat="41.808133" lon="-8.130535">
        <ele>749.33</ele>
      </trkpt>
      <trkpt lat="41.808223" lon="-8.130543">
        <ele>750.37</ele>
      </trkpt>
      <trkpt lat="41.8083" lon="-8.130591">
        <ele>751.08</ele>
      </trkpt>
      <trkpt lat="41.80834" lon="-8.13067">
        <ele>751.47</ele>
      </trkpt>
      <trkpt lat="41.808363" lon="-8.130746">
        <ele>752.2</ele>
      </trkpt>
      <trkpt lat="41.80839" lon="-8.13097">
        <ele>753.95</ele>
      </trkpt>
      <trkpt lat="41.808393" lon="-8.131191">
        <ele>755.24</ele>
      </trkpt>
      <trkpt lat="41.808401" lon="-8.131259">
        <ele>755.61</ele>
      </trkpt>
      <trkpt lat="41.808499" lon="-8.131282">
        <ele>755.99</ele>
      </trkpt>
      <trkpt lat="41.808773" lon="-8.13132">
        <ele>757.84</ele>
      </trkpt>
      <trkpt lat="41.808808" lon="-8.131343">
        <ele>757.46</ele>
      </trkpt>
      <trkpt lat="41.808846" lon="-8.131406">
        <ele>757.19</ele>
      </trkpt>
      <trkpt lat="41.808865" lon="-8.131474">
        <ele>756.58</ele>
      </trkpt>
      <trkpt lat="41.809066" lon="-8.131478">
        <ele>756.05</ele>
      </trkpt>
      <trkpt lat="41.809243" lon="-8.131436">
        <ele>754.42</ele>
      </trkpt>
      <trkpt lat="41.809394" lon="-8.131333">
        <ele>752.14</ele>
      </trkpt>
      <trkpt lat="41.809487" lon="-8.131231">
        <ele>751.06</ele>
      </trkpt>
      <trkpt lat="41.809557" lon="-8.131095">
        <ele>749.31</ele>
      </trkpt>
      <trkpt lat="41.809603" lon="-8.130896">
        <ele>748.05</ele>
      </trkpt>
      <trkpt lat="41.809635" lon="-8.130628">
        <ele>746.34</ele>
      </trkpt>
      <trkpt lat="41.809675" lon="-8.130467">
        <ele>745.02</ele>
      </trkpt>
      <trkpt lat="41.809767" lon="-8.130313">
        <ele>744.38</ele>
      </trkpt>
      <trkpt lat="41.809904" lon="-8.130125">
        <ele>742.28</ele>
      </trkpt>
      <trkpt lat="41.810063" lon="-8.129928">
        <ele>741.21</ele>
      </trkpt>
      <trkpt lat="41.810671" lon="-8.12922">
        <ele>735.97</ele>
      </trkpt>
      <trkpt lat="41.810722" lon="-8.12917">
        <ele>735.21</ele>
      </trkpt>
      <trkpt lat="41.810846" lon="-8.129082">
        <ele>733.92</ele>
      </trkpt>
      <trkpt lat="41.811245" lon="-8.128922">
        <ele>730.76</ele>
      </trkpt>
      <trkpt lat="41.811327" lon="-8.12886">
        <ele>730.57</ele>
      </trkpt>
      <trkpt lat="41.81136" lon="-8.128821">
        <ele>730.42</ele>
      </trkpt>
      <trkpt lat="41.811386" lon="-8.128779">
        <ele>730.65</ele>
      </trkpt>
      <trkpt lat="41.81143" lon="-8.128639">
        <ele>729.86</ele>
      </trkpt>
      <trkpt lat="41.811518" lon="-8.128098">
        <ele>727.31</ele>
      </trkpt>
      <trkpt lat="41.811546" lon="-8.127973">
        <ele>727.15</ele>
      </trkpt>
      <trkpt lat="41.811596" lon="-8.127839">
        <ele>726.03</ele>
      </trkpt>
      <trkpt lat="41.811635" lon="-8.127785">
        <ele>725.67</ele>
      </trkpt>
      <trkpt lat="41.811707" lon="-8.127715">
        <ele>725.4</ele>
      </trkpt>
      <trkpt lat="41.812058" lon="-8.127442">
        <ele>721.96</ele>
      </trkpt>
      <trkpt lat="41.812356" lon="-8.127234">
        <ele>720.3</ele>
      </trkpt>
      <trkpt lat="41.81275" lon="-8.12698">
        <ele>718.7</ele>
      </trkpt>
      <trkpt lat="41.812817" lon="-8.126944">
        <ele>717.76</ele>
      </trkpt>
      <trkpt lat="41.81317" lon="-8.126843">
        <ele>714.84</ele>
      </trkpt>
      <trkpt lat="41.813428" lon="-8.126792">
        <ele>713.24</ele>
      </trkpt>
      <trkpt lat="41.813551" lon="-8.126814">
        <ele>711.76</ele>
      </trkpt>
      <trkpt lat="41.814071" lon="-8.126984">
        <ele>707.62</ele>
      </trkpt>
      <trkpt lat="41.814144" lon="-8.126991">
        <ele>706.91</ele>
      </trkpt>
      <trkpt lat="41.814293" lon="-8.126974">
        <ele>704.88</ele>
      </trkpt>
      <trkpt lat="41.814455" lon="-8.126906">
        <ele>703.52</ele>
      </trkpt>
      <trkpt lat="41.814765" lon="-8.126758">
        <ele>701.19</ele>
      </trkpt>
      <trkpt lat="41.814883" lon="-8.126724">
        <ele>700.04</ele>
      </trkpt>
      <trkpt lat="41.814983" lon="-8.126731">
        <ele>699.38</ele>
      </trkpt>
      <trkpt lat="41.815278" lon="-8.126796">
        <ele>697.27</ele>
      </trkpt>
      <trkpt lat="41.815362" lon="-8.126804">
        <ele>696.68</ele>
      </trkpt>
      <trkpt lat="41.815801" lon="-8.126732">
        <ele>692.51</ele>
      </trkpt>
      <trkpt lat="41.815951" lon="-8.126732">
        <ele>691.31</ele>
      </trkpt>
      <trkpt lat="41.816302" lon="-8.126763">
        <ele>688.06</ele>
      </trkpt>
      <trkpt lat="41.816412" lon="-8.126743">
        <ele>687.57</ele>
      </trkpt>
      <trkpt lat="41.816528" lon="-8.126696">
        <ele>686.88</ele>
      </trkpt>
      <trkpt lat="41.816678" lon="-8.126602">
        <ele>685.37</ele>
      </trkpt>
      <trkpt lat="41.817475" lon="-8.125986">
        <ele>678.83</ele>
      </trkpt>
      <trkpt lat="41.818223" lon="-8.125429">
        <ele>673.12</ele>
      </trkpt>
      <trkpt lat="41.819065" lon="-8.124677">
        <ele>663.87</ele>
      </trkpt>
      <trkpt lat="41.819926" lon="-8.12389">
        <ele>655.49</ele>
      </trkpt>
      <trkpt lat="41.819999" lon="-8.123844">
        <ele>655.25</ele>
      </trkpt>
      <trkpt lat="41.820132" lon="-8.123787">
        <ele>654.37</ele>
      </trkpt>
      <trkpt lat="41.820312" lon="-8.123733">
        <ele>654.66</ele>
      </trkpt>
      <trkpt lat="41.820405" lon="-8.123739">
        <ele>653.98</ele>
      </trkpt>
      <trkpt lat="41.820459" lon="-8.123761">
        <ele>653.34</ele>
      </trkpt>
      <trkpt lat="41.821035" lon="-8.124115">
        <ele>647.85</ele>
      </trkpt>
      <trkpt lat="41.821211" lon="-8.12421">
        <ele>647.03</ele>
      </trkpt>
      <trkpt lat="41.822084" lon="-8.1246">
        <ele>640.63</ele>
      </trkpt>
      <trkpt lat="41.822168" lon="-8.124622">
        <ele>640.21</ele>
      </trkpt>
      <trkpt lat="41.822257" lon="-8.124625">
        <ele>639.83</ele>
      </trkpt>
      <trkpt lat="41.822401" lon="-8.124584">
        <ele>638.76</ele>
      </trkpt>
      <trkpt lat="41.8225" lon="-8.124536">
        <ele>637.77</ele>
      </trkpt>
      <trkpt lat="41.822571" lon="-8.12449">
        <ele>637.2</ele>
      </trkpt>
      <trkpt lat="41.822666" lon="-8.124404">
        <ele>636.72</ele>
      </trkpt>
      <trkpt lat="41.822698" lon="-8.124357">
        <ele>636.44</ele>
      </trkpt>
      <trkpt lat="41.822742" lon="-8.124248">
        <ele>635.88</ele>
      </trkpt>
      <trkpt lat="41.822761" lon="-8.124165">
        <ele>635.62</ele>
      </trkpt>
      <trkpt lat="41.822828" lon="-8.123688">
        <ele>634.57</ele>
      </trkpt>
      <trkpt lat="41.822847" lon="-8.123619">
        <ele>633.73</ele>
      </trkpt>
      <trkpt lat="41.822901" lon="-8.123522">
        <ele>632.96</ele>
      </trkpt>
      <trkpt lat="41.822985" lon="-8.123456">
        <ele>630.81</ele>
      </trkpt>
      <trkpt lat="41.823021" lon="-8.123441">
        <ele>630.34</ele>
      </trkpt>
      <trkpt lat="41.82311" lon="-8.123448">
        <ele>628.73</ele>
      </trkpt>
      <trkpt lat="41.823151" lon="-8.123467">
        <ele>628.54</ele>
      </trkpt>
      <trkpt lat="41.82323" lon="-8.123548">
        <ele>627.83</ele>
      </trkpt>
      <trkpt lat="41.823317" lon="-8.123689">
        <ele>626.18</ele>
      </trkpt>
      <trkpt lat="41.823389" lon="-8.12379">
        <ele>625.89</ele>
      </trkpt>
      <trkpt lat="41.823454" lon="-8.123866">
        <ele>624.71</ele>
      </trkpt>
      <trkpt lat="41.823531" lon="-8.123934">
        <ele>623.94</ele>
      </trkpt>
      <trkpt lat="41.823725" lon="-8.124061">
        <ele>622.49</ele>
      </trkpt>
      <trkpt lat="41.823859" lon="-8.124088">
        <ele>621.95</ele>
      </trkpt>
      <trkpt lat="41.823931" lon="-8.124076">
        <ele>621.57</ele>
      </trkpt>
      <trkpt lat="41.824016" lon="-8.124039">
        <ele>621.28</ele>
      </trkpt>
      <trkpt lat="41.824361" lon="-8.12383">
        <ele>618.36</ele>
      </trkpt>
      <trkpt lat="41.824637" lon="-8.123684">
        <ele>616.47</ele>
      </trkpt>
      <trkpt lat="41.824702" lon="-8.12364">
        <ele>616.18</ele>
      </trkpt>
      <trkpt lat="41.82477" lon="-8.123571">
        <ele>615.26</ele>
      </trkpt>
      <trkpt lat="41.824827" lon="-8.123483">
        <ele>614.64</ele>
      </trkpt>
      <trkpt lat="41.825003" lon="-8.123145">
        <ele>611.45</ele>
      </trkpt>
      <trkpt lat="41.825062" lon="-8.123044">
        <ele>610.88</ele>
      </trkpt>
      <trkpt lat="41.825151" lon="-8.12292">
        <ele>610.22</ele>
      </trkpt>
      <trkpt lat="41.825356" lon="-8.122665">
        <ele>605.45</ele>
      </trkpt>
      <trkpt lat="41.82546" lon="-8.122578">
        <ele>606.27</ele>
      </trkpt>
      <trkpt lat="41.826444" lon="-8.122298">
        <ele>598.44</ele>
      </trkpt>
      <trkpt lat="41.82659" lon="-8.122244">
        <ele>597.41</ele>
      </trkpt>
      <trkpt lat="41.827172" lon="-8.121949">
        <ele>593.39</ele>
      </trkpt>
      <trkpt lat="41.827234" lon="-8.121927">
        <ele>592.28</ele>
      </trkpt>
      <trkpt lat="41.827338" lon="-8.121924">
        <ele>590.96</ele>
      </trkpt>
      <trkpt lat="41.827503" lon="-8.122008">
        <ele>588.67</ele>
      </trkpt>
      <trkpt lat="41.827607" lon="-8.122043">
        <ele>588.37</ele>
      </trkpt>
      <trkpt lat="41.827698" lon="-8.122034">
        <ele>587.89</ele>
      </trkpt>
      <trkpt lat="41.827845" lon="-8.121974">
        <ele>586.72</ele>
      </trkpt>
      <trkpt lat="41.827908" lon="-8.121938">
        <ele>585.89</ele>
      </trkpt>
      <trkpt lat="41.827969" lon="-8.121886">
        <ele>585.35</ele>
      </trkpt>
      <trkpt lat="41.82801" lon="-8.121836">
        <ele>585.15</ele>
      </trkpt>
      <trkpt lat="41.828157" lon="-8.121568">
        <ele>583.37</ele>
      </trkpt>
      <trkpt lat="41.82824" lon="-8.121469">
        <ele>583.13</ele>
      </trkpt>
      <trkpt lat="41.828309" lon="-8.121409">
        <ele>582.35</ele>
      </trkpt>
      <trkpt lat="41.828607" lon="-8.121183">
        <ele>579.18</ele>
      </trkpt>
      <trkpt lat="41.829392" lon="-8.120672">
        <ele>571.51</ele>
      </trkpt>
      <trkpt lat="41.829717" lon="-8.120464">
        <ele>570.29</ele>
      </trkpt>
      <trkpt lat="41.829862" lon="-8.12041">
        <ele>568.24</ele>
      </trkpt>
      <trkpt lat="41.830082" lon="-8.120362">
        <ele>565.18</ele>
      </trkpt>
      <trkpt lat="41.830148" lon="-8.120338">
        <ele>565.2</ele>
      </trkpt>
      <trkpt lat="41.83023" lon="-8.120282">
        <ele>565.18</ele>
      </trkpt>
      <trkpt lat="41.830267" lon="-8.120243">
        <ele>565.11</ele>
      </trkpt>
      <trkpt lat="41.830419" lon="-8.120024">
        <ele>564.35</ele>
      </trkpt>
      <trkpt lat="41.830495" lon="-8.119937">
        <ele>564.51</ele>
      </trkpt>
      <trkpt lat="41.830665" lon="-8.119775">
        <ele>561.85</ele>
      </trkpt>
      <trkpt lat="41.830801" lon="-8.119578">
        <ele>560.82</ele>
      </trkpt>
      <trkpt lat="41.830888" lon="-8.119499">
        <ele>559.81</ele>
      </trkpt>
      <trkpt lat="41.831056" lon="-8.119417">
        <ele>557.3</ele>
      </trkpt>
      <trkpt lat="41.831154" lon="-8.119321">
        <ele>557.58</ele>
      </trkpt>
      <trkpt lat="41.831257" lon="-8.119201">
        <ele>557.37</ele>
      </trkpt>
      <trkpt lat="41.831362" lon="-8.1191">
        <ele>555.36</ele>
      </trkpt>
      <trkpt lat="41.831404" lon="-8.119079">
        <ele>554.56</ele>
      </trkpt>
      <trkpt lat="41.83157" lon="-8.119069">
        <ele>551.92</ele>
      </trkpt>
      <trkpt lat="41.83168" lon="-8.119042">
        <ele>551.81</ele>
      </trkpt>
      <trkpt lat="41.832151" lon="-8.118751">
        <ele>548.94</ele>
      </trkpt>
      <trkpt lat="41.832219" lon="-8.11873">
        <ele>547.67</ele>
      </trkpt>
      <trkpt lat="41.832415" lon="-8.118705">
        <ele>546.09</ele>
      </trkpt>
      <trkpt lat="41.832608" lon="-8.118625">
        <ele>544.56</ele>
      </trkpt>
      <trkpt lat="41.832793" lon="-8.118524">
        <ele>543.13</ele>
      </trkpt>
      <trkpt lat="41.832858" lon="-8.118477">
        <ele>542.17</ele>
      </trkpt>
      <trkpt lat="41.832937" lon="-8.118396">
        <ele>542.07</ele>
      </trkpt>
      <trkpt lat="41.832997" lon="-8.118288">
        <ele>541.41</ele>
      </trkpt>
      <trkpt lat="41.833041" lon="-8.118164">
        <ele>542.17</ele>
      </trkpt>
      <trkpt lat="41.833055" lon="-8.118087">
        <ele>542.69</ele>
      </trkpt>
      <trkpt lat="41.833066" lon="-8.117788">
        <ele>543.08</ele>
      </trkpt>
      <trkpt lat="41.833088" lon="-8.117629">
        <ele>542.24</ele>
      </trkpt>
      <trkpt lat="41.833136" lon="-8.117503">
        <ele>540.43</ele>
      </trkpt>
      <trkpt lat="41.833207" lon="-8.117403">
        <ele>539.56</ele>
      </trkpt>
      <trkpt lat="41.833299" lon="-8.117337">
        <ele>538.97</ele>
      </trkpt>
      <trkpt lat="41.833416" lon="-8.117309">
        <ele>538.45</ele>
      </trkpt>
      <trkpt lat="41.833472" lon="-8.117312">
        <ele>538.25</ele>
      </trkpt>
      <trkpt lat="41.833534" lon="-8.11733">
        <ele>537.96</ele>
      </trkpt>
      <trkpt lat="41.833689" lon="-8.117406">
        <ele>536.69</ele>
      </trkpt>
      <trkpt lat="41.833768" lon="-8.117434">
        <ele>536.28</ele>
      </trkpt>
      <trkpt lat="41.833827" lon="-8.117446">
        <ele>535.68</ele>
      </trkpt>
      <trkpt lat="41.833933" lon="-8.117437">
        <ele>535.17</ele>
      </trkpt>
      <trkpt lat="41.834021" lon="-8.1174">
        <ele>535.26</ele>
      </trkpt>
      <trkpt lat="41.834539" lon="-8.11709">
        <ele>532.22</ele>
      </trkpt>
      <trkpt lat="41.835501" lon="-8.11663">
        <ele>527.55</ele>
      </trkpt>
      <trkpt lat="41.835585" lon="-8.116604">
        <ele>526.7</ele>
      </trkpt>
      <trkpt lat="41.83564" lon="-8.116603">
        <ele>526.27</ele>
      </trkpt>
      <trkpt lat="41.835696" lon="-8.116616">
        <ele>525.78</ele>
      </trkpt>
      <trkpt lat="41.835744" lon="-8.116647">
        <ele>525.16</ele>
      </trkpt>
      <trkpt lat="41.83579" lon="-8.116695">
        <ele>524.36</ele>
      </trkpt>
      <trkpt lat="41.835829" lon="-8.116758">
        <ele>523.95</ele>
      </trkpt>
      <trkpt lat="41.835869" lon="-8.116878">
        <ele>523.91</ele>
      </trkpt>
      <trkpt lat="41.835875" lon="-8.116953">
        <ele>523.68</ele>
      </trkpt>
      <trkpt lat="41.83587" lon="-8.117016">
        <ele>523.58</ele>
      </trkpt>
      <trkpt lat="41.835852" lon="-8.117086">
        <ele>523.36</ele>
      </trkpt>
      <trkpt lat="41.835778" lon="-8.1172">
        <ele>521.42</ele>
      </trkpt>
      <trkpt lat="41.83572" lon="-8.117255">
        <ele>520.18</ele>
      </trkpt>
      <trkpt lat="41.835648" lon="-8.1173">
        <ele>519.36</ele>
      </trkpt>
      <trkpt lat="41.835102" lon="-8.117578">
        <ele>515.65</ele>
      </trkpt>
      <trkpt lat="41.834985" lon="-8.117652">
        <ele>514.36</ele>
      </trkpt>
      <trkpt lat="41.834918" lon="-8.117714">
        <ele>513.45</ele>
      </trkpt>
      <trkpt lat="41.834862" lon="-8.117791">
        <ele>512.95</ele>
      </trkpt>
      <trkpt lat="41.834733" lon="-8.118056">
        <ele>512.05</ele>
      </trkpt>
      <trkpt lat="41.834469" lon="-8.118635">
        <ele>508.56</ele>
      </trkpt>
      <trkpt lat="41.834387" lon="-8.118796">
        <ele>506.88</ele>
      </trkpt>
      <trkpt lat="41.834291" lon="-8.11895">
        <ele>504.19</ele>
      </trkpt>
      <trkpt lat="41.834203" lon="-8.119078">
        <ele>503.29</ele>
      </trkpt>
      <trkpt lat="41.834154" lon="-8.119191">
        <ele>502.82</ele>
      </trkpt>
      <trkpt lat="41.83413" lon="-8.119307">
        <ele>503.04</ele>
      </trkpt>
      <trkpt lat="41.834129" lon="-8.119385">
        <ele>502.62</ele>
      </trkpt>
      <trkpt lat="41.83414" lon="-8.119464">
        <ele>501.99</ele>
      </trkpt>
      <trkpt lat="41.834161" lon="-8.119543">
        <ele>499.9</ele>
      </trkpt>
      <trkpt lat="41.834215" lon="-8.119678">
        <ele>499.23</ele>
      </trkpt>
      <trkpt lat="41.834287" lon="-8.119806">
        <ele>498.56</ele>
      </trkpt>
      <trkpt lat="41.834427" lon="-8.120017">
        <ele>497.4</ele>
      </trkpt>
      <trkpt lat="41.834527" lon="-8.120137">
        <ele>498.76</ele>
      </trkpt>
      <trkpt lat="41.834629" lon="-8.120206">
        <ele>499.49</ele>
      </trkpt>
      <trkpt lat="41.834822" lon="-8.120304">
        <ele>500.3</ele>
      </trkpt>
      <trkpt lat="41.835073" lon="-8.120448">
        <ele>501.63</ele>
      </trkpt>
      <trkpt lat="41.835576" lon="-8.120735">
        <ele>497.81</ele>
      </trkpt>
      <trkpt lat="41.835651" lon="-8.120795">
        <ele>498.75</ele>
      </trkpt>
      <trkpt lat="41.835758" lon="-8.120925">
        <ele>499.82</ele>
      </trkpt>
      <trkpt lat="41.835826" lon="-8.121046">
        <ele>499.27</ele>
      </trkpt>
      <trkpt lat="41.835881" lon="-8.121123">
        <ele>498.05</ele>
      </trkpt>
      <trkpt lat="41.835934" lon="-8.121186">
        <ele>496.73</ele>
      </trkpt>
      <trkpt lat="41.83612" lon="-8.121369">
        <ele>496.62</ele>
      </trkpt>
      <trkpt lat="41.836306" lon="-8.121619">
        <ele>493.31</ele>
      </trkpt>
      <trkpt lat="41.836359" lon="-8.121664">
        <ele>492.8</ele>
      </trkpt>
      <trkpt lat="41.83641" lon="-8.12169">
        <ele>492.69</ele>
      </trkpt>
      <trkpt lat="41.836472" lon="-8.121698">
        <ele>492.55</ele>
      </trkpt>
      <trkpt lat="41.836621" lon="-8.121678">
        <ele>492.32</ele>
      </trkpt>
      <trkpt lat="41.83674" lon="-8.121632">
        <ele>492.6</ele>
      </trkpt>
      <trkpt lat="41.837557" lon="-8.121078">
        <ele>488.54</ele>
      </trkpt>
      <trkpt lat="41.837762" lon="-8.120979">
        <ele>486.4</ele>
      </trkpt>
      <trkpt lat="41.837867" lon="-8.120945">
        <ele>485.98</ele>
      </trkpt>
      <trkpt lat="41.838101" lon="-8.120917">
        <ele>481.9</ele>
      </trkpt>
      <trkpt lat="41.838359" lon="-8.120911">
        <ele>478.46</ele>
      </trkpt>
      <trkpt lat="41.838608" lon="-8.120894">
        <ele>480.65</ele>
      </trkpt>
      <trkpt lat="41.838696" lon="-8.120876">
        <ele>481.44</ele>
      </trkpt>
      <trkpt lat="41.838741" lon="-8.120859">
        <ele>481.96</ele>
      </trkpt>
      <trkpt lat="41.838823" lon="-8.120796">
        <ele>483.48</ele>
      </trkpt>
      <trkpt lat="41.839048" lon="-8.120556">
        <ele>483.49</ele>
      </trkpt>
      <trkpt lat="41.83912" lon="-8.120507">
        <ele>482.73</ele>
      </trkpt>
      <trkpt lat="41.839192" lon="-8.120477">
        <ele>482.91</ele>
      </trkpt>
      <trkpt lat="41.839413" lon="-8.120415">
        <ele>483.32</ele>
      </trkpt>
      <trkpt lat="41.839559" lon="-8.120312">
        <ele>483.14</ele>
      </trkpt>
      <trkpt lat="41.839618" lon="-8.120281">
        <ele>483.31</ele>
      </trkpt>
      <trkpt lat="41.839681" lon="-8.12026">
        <ele>483.09</ele>
      </trkpt>
      <trkpt lat="41.839769" lon="-8.120257">
        <ele>482.7</ele>
      </trkpt>
      <trkpt lat="41.840007" lon="-8.120282">
        <ele>482.83</ele>
      </trkpt>
      <trkpt lat="41.840087" lon="-8.120281">
        <ele>483.15</ele>
      </trkpt>
      <trkpt lat="41.840224" lon="-8.120223">
        <ele>483.52</ele>
      </trkpt>
      <trkpt lat="41.840332" lon="-8.120162">
        <ele>484.94</ele>
      </trkpt>
      <trkpt lat="41.840389" lon="-8.120113">
        <ele>485.75</ele>
      </trkpt>
      <trkpt lat="41.84044" lon="-8.120056">
        <ele>485.89</ele>
      </trkpt>
      <trkpt lat="41.840486" lon="-8.119992">
        <ele>485.78</ele>
      </trkpt>
      <trkpt lat="41.840622" lon="-8.119747">
        <ele>486.13</ele>
      </trkpt>
      <trkpt lat="41.840673" lon="-8.11969">
        <ele>485.93</ele>
      </trkpt>
      <trkpt lat="41.840733" lon="-8.11964">
        <ele>485.57</ele>
      </trkpt>
      <trkpt lat="41.840851" lon="-8.119574">
        <ele>486.84</ele>
      </trkpt>
      <trkpt lat="41.841105" lon="-8.119459">
        <ele>486.62</ele>
      </trkpt>
      <trkpt lat="41.841239" lon="-8.119413">
        <ele>487.57</ele>
      </trkpt>
      <trkpt lat="41.841352" lon="-8.119403">
        <ele>487.99</ele>
      </trkpt>
      <trkpt lat="41.841606" lon="-8.119408">
        <ele>489.99</ele>
      </trkpt>
      <trkpt lat="41.841698" lon="-8.119401">
        <ele>490.79</ele>
      </trkpt>
      <trkpt lat="41.84199" lon="-8.119355">
        <ele>492.02</ele>
      </trkpt>
      <trkpt lat="41.842321" lon="-8.119383">
        <ele>494.53</ele>
      </trkpt>
      <trkpt lat="41.842363" lon="-8.119376">
        <ele>495.02</ele>
      </trkpt>
      <trkpt lat="41.8424" lon="-8.119356">
        <ele>495.01</ele>
      </trkpt>
      <trkpt lat="41.842432" lon="-8.119327">
        <ele>494.43</ele>
      </trkpt>
      <trkpt lat="41.842461" lon="-8.119272">
        <ele>493.9</ele>
      </trkpt>
      <trkpt lat="41.842478" lon="-8.119213">
        <ele>494.23</ele>
      </trkpt>
      <trkpt lat="41.842486" lon="-8.119151">
        <ele>494.45</ele>
      </trkpt>
      <trkpt lat="41.842484" lon="-8.119099">
        <ele>495.06</ele>
      </trkpt>
      <trkpt lat="41.842467" lon="-8.119008">
        <ele>496.22</ele>
      </trkpt>
      <trkpt lat="41.842386" lon="-8.118806">
        <ele>498.22</ele>
      </trkpt>
      <trkpt lat="41.842365" lon="-8.118722">
        <ele>498.63</ele>
      </trkpt>
      <trkpt lat="41.842361" lon="-8.118646">
        <ele>499.77</ele>
      </trkpt>
      <trkpt lat="41.842388" lon="-8.118512">
        <ele>500.41</ele>
      </trkpt>
      <trkpt lat="41.842447" lon="-8.118409">
        <ele>500.25</ele>
      </trkpt>
      <trkpt lat="41.842497" lon="-8.118364">
        <ele>499.56</ele>
      </trkpt>
      <trkpt lat="41.84256" lon="-8.118329">
        <ele>498.69</ele>
      </trkpt>
      <trkpt lat="41.843038" lon="-8.118187">
        <ele>495.23</ele>
      </trkpt>
      <trkpt lat="41.843512" lon="-8.118012">
        <ele>492.28</ele>
      </trkpt>
      <trkpt lat="41.843621" lon="-8.117958">
        <ele>491.57</ele>
      </trkpt>
      <trkpt lat="41.84388" lon="-8.117804">
        <ele>489.81</ele>
      </trkpt>
      <trkpt lat="41.844002" lon="-8.117744">
        <ele>488.51</ele>
      </trkpt>
      <trkpt lat="41.844276" lon="-8.11764">
        <ele>487.09</ele>
      </trkpt>
      <trkpt lat="41.84433" lon="-8.117602">
        <ele>485.91</ele>
      </trkpt>
      <trkpt lat="41.844401" lon="-8.117535">
        <ele>485.27</ele>
      </trkpt>
      <trkpt lat="41.844774" lon="-8.117194">
        <ele>485.45</ele>
      </trkpt>
      <trkpt lat="41.844907" lon="-8.117025">
        <ele>483.94</ele>
      </trkpt>
      <trkpt lat="41.845021" lon="-8.116912">
        <ele>483.42</ele>
      </trkpt>
      <trkpt lat="41.845131" lon="-8.116854">
        <ele>483.07</ele>
      </trkpt>
      <trkpt lat="41.845266" lon="-8.116784">
        <ele>482.66</ele>
      </trkpt>
      <trkpt lat="41.845315" lon="-8.11675">
        <ele>483.64</ele>
      </trkpt>
      <trkpt lat="41.845444" lon="-8.116603">
        <ele>485.31</ele>
      </trkpt>
      <trkpt lat="41.84553" lon="-8.116518">
        <ele>485.72</ele>
      </trkpt>
      <trkpt lat="41.84594" lon="-8.11623">
        <ele>483.08</ele>
      </trkpt>
      <trkpt lat="41.846019" lon="-8.116183">
        <ele>482.66</ele>
      </trkpt>
      <trkpt lat="41.846097" lon="-8.11615">
        <ele>482.39</ele>
      </trkpt>
      <trkpt lat="41.846219" lon="-8.116117">
        <ele>481.39</ele>
      </trkpt>
      <trkpt lat="41.846389" lon="-8.116093">
        <ele>481.01</ele>
      </trkpt>
      <trkpt lat="41.846484" lon="-8.116069">
        <ele>480.57</ele>
      </trkpt>
      <trkpt lat="41.846545" lon="-8.116043">
        <ele>480</ele>
      </trkpt>
      <trkpt lat="41.846983" lon="-8.115785">
        <ele>477.13</ele>
      </trkpt>
      <trkpt lat="41.84728" lon="-8.115589">
        <ele>473.97</ele>
      </trkpt>
      <trkpt lat="41.847576" lon="-8.115394">
        <ele>473.4</ele>
      </trkpt>
      <trkpt lat="41.847871" lon="-8.115207">
        <ele>470.99</ele>
      </trkpt>
      <trkpt lat="41.84814" lon="-8.115018">
        <ele>468.67</ele>
      </trkpt>
      <trkpt lat="41.848699" lon="-8.114588">
        <ele>466.52</ele>
      </trkpt>
      <trkpt lat="41.848777" lon="-8.114483">
        <ele>466.17</ele>
      </trkpt>
      <trkpt lat="41.848897" lon="-8.114252">
        <ele>464.1</ele>
      </trkpt>
      <trkpt lat="41.848996" lon="-8.11409">
        <ele>462.66</ele>
      </trkpt>
      <trkpt lat="41.849065" lon="-8.114028">
        <ele>462.1</ele>
      </trkpt>
      <trkpt lat="41.849122" lon="-8.11399">
        <ele>461.53</ele>
      </trkpt>
      <trkpt lat="41.849183" lon="-8.113964">
        <ele>460.76</ele>
      </trkpt>
      <trkpt lat="41.849262" lon="-8.113945">
        <ele>460.37</ele>
      </trkpt>
      <trkpt lat="41.849724" lon="-8.113849">
        <ele>458.39</ele>
      </trkpt>
      <trkpt lat="41.849814" lon="-8.113843">
        <ele>458.14</ele>
      </trkpt>
      <trkpt lat="41.849899" lon="-8.113854">
        <ele>458.2</ele>
      </trkpt>
      <trkpt lat="41.850026" lon="-8.11389">
        <ele>457.57</ele>
      </trkpt>
      <trkpt lat="41.850602" lon="-8.11409">
        <ele>455.91</ele>
      </trkpt>
      <trkpt lat="41.850728" lon="-8.114093">
        <ele>454.69</ele>
      </trkpt>
      <trkpt lat="41.850969" lon="-8.114068">
        <ele>454.08</ele>
      </trkpt>
      <trkpt lat="41.851184" lon="-8.114032">
        <ele>452.71</ele>
      </trkpt>
      <trkpt lat="41.851385" lon="-8.113975">
        <ele>449.69</ele>
      </trkpt>
      <trkpt lat="41.851764" lon="-8.113863">
        <ele>449.01</ele>
      </trkpt>
      <trkpt lat="41.851918" lon="-8.113836">
        <ele>447.3</ele>
      </trkpt>
      <trkpt lat="41.85205" lon="-8.113878">
        <ele>445.91</ele>
      </trkpt>
      <trkpt lat="41.852129" lon="-8.113925">
        <ele>445.22</ele>
      </trkpt>
      <trkpt lat="41.852301" lon="-8.114068">
        <ele>445.97</ele>
      </trkpt>
      <trkpt lat="41.852473" lon="-8.114211">
        <ele>444.63</ele>
      </trkpt>
      <trkpt lat="41.852561" lon="-8.114272">
        <ele>444.33</ele>
      </trkpt>
      <trkpt lat="41.852661" lon="-8.114327">
        <ele>444.81</ele>
      </trkpt>
      <trkpt lat="41.852718" lon="-8.114345">
        <ele>444.97</ele>
      </trkpt>
      <trkpt lat="41.852777" lon="-8.114354">
        <ele>445.3</ele>
      </trkpt>
      <trkpt lat="41.852823" lon="-8.11435">
        <ele>445.15</ele>
      </trkpt>
      <trkpt lat="41.852937" lon="-8.114311">
        <ele>445.29</ele>
      </trkpt>
      <trkpt lat="41.852992" lon="-8.114281">
        <ele>445.41</ele>
      </trkpt>
      <trkpt lat="41.853058" lon="-8.114221">
        <ele>445.22</ele>
      </trkpt>
      <trkpt lat="41.854295" lon="-8.112964">
        <ele>439.18</ele>
      </trkpt>
      <trkpt lat="41.854403" lon="-8.112863">
        <ele>438.52</ele>
      </trkpt>
      <trkpt lat="41.854639" lon="-8.112703">
        <ele>437.46</ele>
      </trkpt>
      <trkpt lat="41.854848" lon="-8.112581">
        <ele>434.75</ele>
      </trkpt>
      <trkpt lat="41.855271" lon="-8.11234">
        <ele>433.42</ele>
      </trkpt>
      <trkpt lat="41.855392" lon="-8.11225">
        <ele>432.67</ele>
      </trkpt>
      <trkpt lat="41.855539" lon="-8.112104">
        <ele>430.17</ele>
      </trkpt>
      <trkpt lat="41.855723" lon="-8.111938">
        <ele>428.46</ele>
      </trkpt>
      <trkpt lat="41.855856" lon="-8.111874">
        <ele>427.3</ele>
      </trkpt>
      <trkpt lat="41.855928" lon="-8.111865">
        <ele>427.17</ele>
      </trkpt>
      <trkpt lat="41.856009" lon="-8.111868">
        <ele>426.57</ele>
      </trkpt>
      <trkpt lat="41.856295" lon="-8.111917">
        <ele>424.31</ele>
      </trkpt>
      <trkpt lat="41.856373" lon="-8.111894">
        <ele>423.27</ele>
      </trkpt>
      <trkpt lat="41.856423" lon="-8.111863">
        <ele>422.29</ele>
      </trkpt>
      <trkpt lat="41.856465" lon="-8.111821">
        <ele>421.47</ele>
      </trkpt>
      <trkpt lat="41.856518" lon="-8.111764">
        <ele>420.47</ele>
      </trkpt>
      <trkpt lat="41.856741" lon="-8.111527">
        <ele>422.44</ele>
      </trkpt>
      <trkpt lat="41.856839" lon="-8.111446">
        <ele>422.34</ele>
      </trkpt>
      <trkpt lat="41.856974" lon="-8.11137">
        <ele>422.7</ele>
      </trkpt>
      <trkpt lat="41.857079" lon="-8.111335">
        <ele>421.93</ele>
      </trkpt>
      <trkpt lat="41.857408" lon="-8.111252">
        <ele>419.47</ele>
      </trkpt>
      <trkpt lat="41.857456" lon="-8.111228">
        <ele>419.12</ele>
      </trkpt>
      <trkpt lat="41.857494" lon="-8.111193">
        <ele>418.4</ele>
      </trkpt>
      <trkpt lat="41.857545" lon="-8.111116">
        <ele>416.98</ele>
      </trkpt>
      <trkpt lat="41.857638" lon="-8.110933">
        <ele>416.7</ele>
      </trkpt>
      <trkpt lat="41.857755" lon="-8.110654">
        <ele>418.6</ele>
      </trkpt>
      <trkpt lat="41.857839" lon="-8.110508">
        <ele>418.69</ele>
      </trkpt>
      <trkpt lat="41.857877" lon="-8.110456">
        <ele>418.55</ele>
      </trkpt>
      <trkpt lat="41.857929" lon="-8.110409">
        <ele>418.44</ele>
      </trkpt>
      <trkpt lat="41.858029" lon="-8.110351">
        <ele>418.35</ele>
      </trkpt>
      <trkpt lat="41.858453" lon="-8.110158">
        <ele>416.6</ele>
      </trkpt>
      <trkpt lat="41.858642" lon="-8.110088">
        <ele>416.64</ele>
      </trkpt>
      <trkpt lat="41.858742" lon="-8.110084">
        <ele>416.48</ele>
      </trkpt>
      <trkpt lat="41.858853" lon="-8.110121">
        <ele>415.6</ele>
      </trkpt>
      <trkpt lat="41.859271" lon="-8.110328">
        <ele>412.26</ele>
      </trkpt>
      <trkpt lat="41.859384" lon="-8.110376">
        <ele>412.34</ele>
      </trkpt>
      <trkpt lat="41.859443" lon="-8.110389">
        <ele>412.64</ele>
      </trkpt>
      <trkpt lat="41.859493" lon="-8.110384">
        <ele>412.53</ele>
      </trkpt>
      <trkpt lat="41.859541" lon="-8.11037">
        <ele>412.46</ele>
      </trkpt>
      <trkpt lat="41.859599" lon="-8.110338">
        <ele>412.46</ele>
      </trkpt>
      <trkpt lat="41.859659" lon="-8.110286">
        <ele>412.3</ele>
      </trkpt>
      <trkpt lat="41.85976" lon="-8.110142">
        <ele>412.68</ele>
      </trkpt>
      <trkpt lat="41.859832" lon="-8.109974">
        <ele>413.65</ele>
      </trkpt>
      <trkpt lat="41.859947" lon="-8.109662">
        <ele>412.14</ele>
      </trkpt>
      <trkpt lat="41.86002" lon="-8.109487">
        <ele>409.78</ele>
      </trkpt>
      <trkpt lat="41.860066" lon="-8.109414">
        <ele>409.41</ele>
      </trkpt>
      <trkpt lat="41.860126" lon="-8.109352">
        <ele>409.2</ele>
      </trkpt>
      <trkpt lat="41.860285" lon="-8.109241">
        <ele>407.04</ele>
      </trkpt>
      <trkpt lat="41.860849" lon="-8.108969">
        <ele>403.25</ele>
      </trkpt>
      <trkpt lat="41.861093" lon="-8.108821">
        <ele>401.65</ele>
      </trkpt>
      <trkpt lat="41.861578" lon="-8.108435">
        <ele>398.76</ele>
      </trkpt>
      <trkpt lat="41.861831" lon="-8.108253">
        <ele>399.34</ele>
      </trkpt>
      <trkpt lat="41.861949" lon="-8.108214">
        <ele>398.92</ele>
      </trkpt>
      <trkpt lat="41.862064" lon="-8.108251">
        <ele>397.98</ele>
      </trkpt>
      <trkpt lat="41.862162" lon="-8.108315">
        <ele>396.35</ele>
      </trkpt>
      <trkpt lat="41.86226" lon="-8.108348">
        <ele>396.19</ele>
      </trkpt>
      <trkpt lat="41.862307" lon="-8.108352">
        <ele>396.51</ele>
      </trkpt>
      <trkpt lat="41.862397" lon="-8.108317">
        <ele>396.77</ele>
      </trkpt>
      <trkpt lat="41.862452" lon="-8.108276">
        <ele>396.51</ele>
      </trkpt>
      <trkpt lat="41.862531" lon="-8.108198">
        <ele>396.19</ele>
      </trkpt>
      <trkpt lat="41.863004" lon="-8.107686">
        <ele>393.93</ele>
      </trkpt>
      <trkpt lat="41.863083" lon="-8.107608">
        <ele>392.91</ele>
      </trkpt>
      <trkpt lat="41.863138" lon="-8.107572">
        <ele>392.41</ele>
      </trkpt>
      <trkpt lat="41.863227" lon="-8.107533">
        <ele>391.82</ele>
      </trkpt>
      <trkpt lat="41.863356" lon="-8.107506">
        <ele>391.41</ele>
      </trkpt>
      <trkpt lat="41.863819" lon="-8.10744">
        <ele>389.12</ele>
      </trkpt>
      <trkpt lat="41.864044" lon="-8.107398">
        <ele>389</ele>
      </trkpt>
      <trkpt lat="41.864493" lon="-8.107315">
        <ele>384.8</ele>
      </trkpt>
      <trkpt lat="41.864776" lon="-8.107249">
        <ele>382.94</ele>
      </trkpt>
      <trkpt lat="41.864839" lon="-8.107213">
        <ele>382.84</ele>
      </trkpt>
      <trkpt lat="41.864882" lon="-8.107173">
        <ele>382.37</ele>
      </trkpt>
      <trkpt lat="41.864926" lon="-8.107068">
        <ele>381.39</ele>
      </trkpt>
      <trkpt lat="41.864933" lon="-8.106789">
        <ele>378.18</ele>
      </trkpt>
      <trkpt lat="41.864925" lon="-8.10645">
        <ele>377.78</ele>
      </trkpt>
      <trkpt lat="41.86493" lon="-8.106278">
        <ele>379.31</ele>
      </trkpt>
      <trkpt lat="41.864967" lon="-8.105981">
        <ele>380</ele>
      </trkpt>
      <trkpt lat="41.865044" lon="-8.105772">
        <ele>379.69</ele>
      </trkpt>
      <trkpt lat="41.865183" lon="-8.105542">
        <ele>379.71</ele>
      </trkpt>
      <trkpt lat="41.865708" lon="-8.105228">
        <ele>379.62</ele>
      </trkpt>
      <trkpt lat="41.86702" lon="-8.104444">
        <ele>383.28</ele>
      </trkpt>
      <trkpt lat="41.867356" lon="-8.104265">
        <ele>383.56</ele>
      </trkpt>
      <trkpt lat="41.86762" lon="-8.104086">
        <ele>384.63</ele>
      </trkpt>
      <trkpt lat="41.868122" lon="-8.103588">
        <ele>387.78</ele>
      </trkpt>
      <trkpt lat="41.868782" lon="-8.10282">
        <ele>390.26</ele>
      </trkpt>
      <trkpt lat="41.868982" lon="-8.102641">
        <ele>390.66</ele>
      </trkpt>
      <trkpt lat="41.869237" lon="-8.102461">
        <ele>390.76</ele>
      </trkpt>
      <trkpt lat="41.869575" lon="-8.1023">
        <ele>391.6</ele>
      </trkpt>
      <trkpt lat="41.870572" lon="-8.10209">
        <ele>393.09</ele>
      </trkpt>
      <trkpt lat="41.870993" lon="-8.101946">
        <ele>393.85</ele>
      </trkpt>
      <trkpt lat="41.871439" lon="-8.101703">
        <ele>395.34</ele>
      </trkpt>
      <trkpt lat="41.871773" lon="-8.10143">
        <ele>396.92</ele>
      </trkpt>
      <trkpt lat="41.872617" lon="-8.100573">
        <ele>400.49</ele>
      </trkpt>
      <trkpt lat="41.872761" lon="-8.10046">
        <ele>400.37</ele>
      </trkpt>
      <trkpt lat="41.873011" lon="-8.100291">
        <ele>399.8</ele>
      </trkpt>
      <trkpt lat="41.874515" lon="-8.099468">
        <ele>396.96</ele>
      </trkpt>
      <trkpt lat="41.874846" lon="-8.099268">
        <ele>398.73</ele>
      </trkpt>
      <trkpt lat="41.875264" lon="-8.098949">
        <ele>400.03</ele>
      </trkpt>
      <trkpt lat="41.876365" lon="-8.097871">
        <ele>406.8</ele>
      </trkpt>
      <trkpt lat="41.877246" lon="-8.097008">
        <ele>409.63</ele>
      </trkpt>
      <trkpt lat="41.877406" lon="-8.096884">
        <ele>409.87</ele>
      </trkpt>
      <trkpt lat="41.877602" lon="-8.096816">
        <ele>410.5</ele>
      </trkpt>
      <trkpt lat="41.877793" lon="-8.096806">
        <ele>411.54</ele>
      </trkpt>
      <trkpt lat="41.878003" lon="-8.096875">
        <ele>413.42</ele>
      </trkpt>
      <trkpt lat="41.878167" lon="-8.097013">
        <ele>414.7</ele>
      </trkpt>
      <trkpt lat="41.878393" lon="-8.097326">
        <ele>416.56</ele>
      </trkpt>
      <trkpt lat="41.879341" lon="-8.098822">
        <ele>427.04</ele>
      </trkpt>
      <trkpt lat="41.879558" lon="-8.099022">
        <ele>428.55</ele>
      </trkpt>
      <trkpt lat="41.879838" lon="-8.099171">
        <ele>430.93</ele>
      </trkpt>
      <trkpt lat="41.8801" lon="-8.099207">
        <ele>431.97</ele>
      </trkpt>
      <trkpt lat="41.880394" lon="-8.099155">
        <ele>433.23</ele>
      </trkpt>
      <trkpt lat="41.882878" lon="-8.098476">
        <ele>450.58</ele>
      </trkpt>
      <trkpt lat="41.883973" lon="-8.098177">
        <ele>456.53</ele>
      </trkpt>
      <trkpt lat="41.884216" lon="-8.098063">
        <ele>458.04</ele>
      </trkpt>
      <trkpt lat="41.884394" lon="-8.097914">
        <ele>459.75</ele>
      </trkpt>
      <trkpt lat="41.884568" lon="-8.097664">
        <ele>461.58</ele>
      </trkpt>
      <trkpt lat="41.884713" lon="-8.097205">
        <ele>464.49</ele>
      </trkpt>
      <trkpt lat="41.884848" lon="-8.096646">
        <ele>467.74</ele>
      </trkpt>
      <trkpt lat="41.884972" lon="-8.09639">
        <ele>468.71</ele>
      </trkpt>
      <trkpt lat="41.885133" lon="-8.096185">
        <ele>469.42</ele>
      </trkpt>
      <trkpt lat="41.885333" lon="-8.096045">
        <ele>470.47</ele>
      </trkpt>
      <trkpt lat="41.885526" lon="-8.096002">
        <ele>470.97</ele>
      </trkpt>
      <trkpt lat="41.886556" lon="-8.09592">
        <ele>474.95</ele>
      </trkpt>
      <trkpt lat="41.886794" lon="-8.095852">
        <ele>475.29</ele>
      </trkpt>
      <trkpt lat="41.88699" lon="-8.095738">
        <ele>475.03</ele>
      </trkpt>
      <trkpt lat="41.887192" lon="-8.095503">
        <ele>476.11</ele>
      </trkpt>
      <trkpt lat="41.887314" lon="-8.095267">
        <ele>476.19</ele>
      </trkpt>
      <trkpt lat="41.887399" lon="-8.094891">
        <ele>476.07</ele>
      </trkpt>
      <trkpt lat="41.887397" lon="-8.094468">
        <ele>474.93</ele>
      </trkpt>
      <trkpt lat="41.887273" lon="-8.093396">
        <ele>470.54</ele>
      </trkpt>
      <trkpt lat="41.887108" lon="-8.091967">
        <ele>461.55</ele>
      </trkpt>
      <trkpt lat="41.887084" lon="-8.091667">
        <ele>460.31</ele>
      </trkpt>
      <trkpt lat="41.887114" lon="-8.091284">
        <ele>459.43</ele>
      </trkpt>
      <trkpt lat="41.887171" lon="-8.09099">
        <ele>458.97</ele>
      </trkpt>
      <trkpt lat="41.887291" lon="-8.090689">
        <ele>458.39</ele>
      </trkpt>
      <trkpt lat="41.887447" lon="-8.090388">
        <ele>458.75</ele>
      </trkpt>
      <trkpt lat="41.887617" lon="-8.09019">
        <ele>458.78</ele>
      </trkpt>
      <trkpt lat="41.887789" lon="-8.090032">
        <ele>459.52</ele>
      </trkpt>
      <trkpt lat="41.888097" lon="-8.089869">
        <ele>460.28</ele>
      </trkpt>
      <trkpt lat="41.888371" lon="-8.089793">
        <ele>461.23</ele>
      </trkpt>
      <trkpt lat="41.889472" lon="-8.089547">
        <ele>467.02</ele>
      </trkpt>
      <trkpt lat="41.889747" lon="-8.089486">
        <ele>467.1</ele>
      </trkpt>
      <trkpt lat="41.890031" lon="-8.089373">
        <ele>469.04</ele>
      </trkpt>
      <trkpt lat="41.890676" lon="-8.089114">
        <ele>469.53</ele>
      </trkpt>
      <trkpt lat="41.891434" lon="-8.088779">
        <ele>470.33</ele>
      </trkpt>
      <trkpt lat="41.8919" lon="-8.088565">
        <ele>468.55</ele>
      </trkpt>
      <trkpt lat="41.892167" lon="-8.088408">
        <ele>466.55</ele>
      </trkpt>
      <trkpt lat="41.892773" lon="-8.088026">
        <ele>461.89</ele>
      </trkpt>
      <trkpt lat="41.893294" lon="-8.087662">
        <ele>459.07</ele>
      </trkpt>
      <trkpt lat="41.893725" lon="-8.087325">
        <ele>455.36</ele>
      </trkpt>
      <trkpt lat="41.893874" lon="-8.087166">
        <ele>454.44</ele>
      </trkpt>
      <trkpt lat="41.893949" lon="-8.087073">
        <ele>454.52</ele>
      </trkpt>
      <trkpt lat="41.894007" lon="-8.086972">
        <ele>454.2</ele>
      </trkpt>
      <trkpt lat="41.894058" lon="-8.086861">
        <ele>453.78</ele>
      </trkpt>
      <trkpt lat="41.894105" lon="-8.086719">
        <ele>453.31</ele>
      </trkpt>
      <trkpt lat="41.894139" lon="-8.086571">
        <ele>453.05</ele>
      </trkpt>
      <trkpt lat="41.89416" lon="-8.086426">
        <ele>451.94</ele>
      </trkpt>
      <trkpt lat="41.894171" lon="-8.086167">
        <ele>450.6</ele>
      </trkpt>
      <trkpt lat="41.894165" lon="-8.085666">
        <ele>445.94</ele>
      </trkpt>
      <trkpt lat="41.894207" lon="-8.085358">
        <ele>443.67</ele>
      </trkpt>
      <trkpt lat="41.89427" lon="-8.085157">
        <ele>443</ele>
      </trkpt>
      <trkpt lat="41.894398" lon="-8.084875">
        <ele>444.17</ele>
      </trkpt>
      <trkpt lat="41.894532" lon="-8.084697">
        <ele>443.74</ele>
      </trkpt>
      <trkpt lat="41.8947" lon="-8.084576">
        <ele>442.37</ele>
      </trkpt>
      <trkpt lat="41.894847" lon="-8.084563">
        <ele>440.06</ele>
      </trkpt>
      <trkpt lat="41.894984" lon="-8.08462">
        <ele>437.66</ele>
      </trkpt>
      <trkpt lat="41.895273" lon="-8.084832">
        <ele>435.85</ele>
      </trkpt>
      <trkpt lat="41.896081" lon="-8.085191">
        <ele>430.08</ele>
      </trkpt>
      <trkpt lat="41.89633" lon="-8.085234">
        <ele>428.59</ele>
      </trkpt>
      <trkpt lat="41.896457" lon="-8.085222">
        <ele>427.62</ele>
      </trkpt>
      <trkpt lat="41.89688" lon="-8.085102">
        <ele>426.02</ele>
      </trkpt>
      <trkpt lat="41.897206" lon="-8.084988">
        <ele>424.93</ele>
      </trkpt>
      <trkpt lat="41.897306" lon="-8.084895">
        <ele>423.88</ele>
      </trkpt>
      <trkpt lat="41.897467" lon="-8.084398">
        <ele>421.06</ele>
      </trkpt>
      <trkpt lat="41.897555" lon="-8.08419">
        <ele>419.89</ele>
      </trkpt>
      <trkpt lat="41.897655" lon="-8.083997">
        <ele>419.07</ele>
      </trkpt>
      <trkpt lat="41.897766" lon="-8.083863">
        <ele>418.24</ele>
      </trkpt>
      <trkpt lat="41.897851" lon="-8.08382">
        <ele>417.57</ele>
      </trkpt>
      <trkpt lat="41.898283" lon="-8.083886">
        <ele>415.2</ele>
      </trkpt>
      <trkpt lat="41.898377" lon="-8.083886">
        <ele>414.46</ele>
      </trkpt>
      <trkpt lat="41.898673" lon="-8.083731">
        <ele>413</ele>
      </trkpt>
      <trkpt lat="41.898783" lon="-8.083648">
        <ele>413</ele>
      </trkpt>
      <trkpt lat="41.898855" lon="-8.08357">
        <ele>412.94</ele>
      </trkpt>
      <trkpt lat="41.898925" lon="-8.083432">
        <ele>412.33</ele>
      </trkpt>
      <trkpt lat="41.898968" lon="-8.08328">
        <ele>411.07</ele>
      </trkpt>
      <trkpt lat="41.899032" lon="-8.083053">
        <ele>412.61</ele>
      </trkpt>
      <trkpt lat="41.899066" lon="-8.082925">
        <ele>413</ele>
      </trkpt>
      <trkpt lat="41.899127" lon="-8.082889">
        <ele>412.89</ele>
      </trkpt>
      <trkpt lat="41.899222" lon="-8.082915">
        <ele>412.57</ele>
      </trkpt>
      <trkpt lat="41.899498" lon="-8.083059">
        <ele>411.52</ele>
      </trkpt>
      <trkpt lat="41.900409" lon="-8.083479">
        <ele>409</ele>
      </trkpt>
      <trkpt lat="41.901082" lon="-8.083871">
        <ele>408</ele>
      </trkpt>
      <trkpt lat="41.901514" lon="-8.084096">
        <ele>408.73</ele>
      </trkpt>
      <trkpt lat="41.901582" lon="-8.084119">
        <ele>408.9</ele>
      </trkpt>
      <trkpt lat="41.90171" lon="-8.084115">
        <ele>409.2</ele>
      </trkpt>
      <trkpt lat="41.901752" lon="-8.084495">
        <ele>407.35</ele>
      </trkpt>
      <trkpt lat="41.901763" lon="-8.084858">
        <ele>405.2</ele>
      </trkpt>
      <trkpt lat="41.901749" lon="-8.08503">
        <ele>404.48</ele>
      </trkpt>
      <trkpt lat="41.901712" lon="-8.085305">
        <ele>402.48</ele>
      </trkpt>
      <trkpt lat="41.90169" lon="-8.08556">
        <ele>401.68</ele>
      </trkpt>
      <trkpt lat="41.901694" lon="-8.085654">
        <ele>401.89</ele>
      </trkpt>
      <trkpt lat="41.901708" lon="-8.085748">
        <ele>402.11</ele>
      </trkpt>
      <trkpt lat="41.901751" lon="-8.085887">
        <ele>403.48</ele>
      </trkpt>
      <trkpt lat="41.901786" lon="-8.085963">
        <ele>405.01</ele>
      </trkpt>
      <trkpt lat="41.901842" lon="-8.086042">
        <ele>405.37</ele>
      </trkpt>
      <trkpt lat="41.901922" lon="-8.086129">
        <ele>406.06</ele>
      </trkpt>
      <trkpt lat="41.90208" lon="-8.08626">
        <ele>408.09</ele>
      </trkpt>
      <trkpt lat="41.902158" lon="-8.086304">
        <ele>408.61</ele>
      </trkpt>
      <trkpt lat="41.902304" lon="-8.086345">
        <ele>409.5</ele>
      </trkpt>
      <trkpt lat="41.902454" lon="-8.086325">
        <ele>410.54</ele>
      </trkpt>
      <trkpt lat="41.902757" lon="-8.086241">
        <ele>411.58</ele>
      </trkpt>
      <trkpt lat="41.902922" lon="-8.086204">
        <ele>410.79</ele>
      </trkpt>
      <trkpt lat="41.90306" lon="-8.08619">
        <ele>411.22</ele>
      </trkpt>
      <trkpt lat="41.903159" lon="-8.08619">
        <ele>410.8</ele>
      </trkpt>
      <trkpt lat="41.903241" lon="-8.086202">
        <ele>410.44</ele>
      </trkpt>
      <trkpt lat="41.903334" lon="-8.086234">
        <ele>409.77</ele>
      </trkpt>
      <trkpt lat="41.903425" lon="-8.086287">
        <ele>407.43</ele>
      </trkpt>
      <trkpt lat="41.903525" lon="-8.086366">
        <ele>407.62</ele>
      </trkpt>
      <trkpt lat="41.904771" lon="-8.087432">
        <ele>399.65</ele>
      </trkpt>
      <trkpt lat="41.904947" lon="-8.087572">
        <ele>398.58</ele>
      </trkpt>
      <trkpt lat="41.905062" lon="-8.087635">
        <ele>397.11</ele>
      </trkpt>
      <trkpt lat="41.905179" lon="-8.087689">
        <ele>397.01</ele>
      </trkpt>
      <trkpt lat="41.90532" lon="-8.087731">
        <ele>396.47</ele>
      </trkpt>
      <trkpt lat="41.905488" lon="-8.087758">
        <ele>396.49</ele>
      </trkpt>
      <trkpt lat="41.905588" lon="-8.087763">
        <ele>396.33</ele>
      </trkpt>
      <trkpt lat="41.905739" lon="-8.087757">
        <ele>396.65</ele>
      </trkpt>
      <trkpt lat="41.905998" lon="-8.087755">
        <ele>394.38</ele>
      </trkpt>
      <trkpt lat="41.906149" lon="-8.087768">
        <ele>392.4</ele>
      </trkpt>
      <trkpt lat="41.906286" lon="-8.0878">
        <ele>390.4</ele>
      </trkpt>
      <trkpt lat="41.90642" lon="-8.087854">
        <ele>388.28</ele>
      </trkpt>
      <trkpt lat="41.906563" lon="-8.08793">
        <ele>386.93</ele>
      </trkpt>
      <trkpt lat="41.906768" lon="-8.088084">
        <ele>386.03</ele>
      </trkpt>
      <trkpt lat="41.906931" lon="-8.088237">
        <ele>385.21</ele>
      </trkpt>
      <trkpt lat="41.907233" lon="-8.088558">
        <ele>382.13</ele>
      </trkpt>
      <trkpt lat="41.907617" lon="-8.088987">
        <ele>378.92</ele>
      </trkpt>
      <trkpt lat="41.907778" lon="-8.089221">
        <ele>377.19</ele>
      </trkpt>
      <trkpt lat="41.907896" lon="-8.089452">
        <ele>376.52</ele>
      </trkpt>
      <trkpt lat="41.907946" lon="-8.089578">
        <ele>376.23</ele>
      </trkpt>
      <trkpt lat="41.907991" lon="-8.089717">
        <ele>376.4</ele>
      </trkpt>
      <trkpt lat="41.908023" lon="-8.089842">
        <ele>375.12</ele>
      </trkpt>
      <trkpt lat="41.908066" lon="-8.090087">
        <ele>373.99</ele>
      </trkpt>
      <trkpt lat="41.908173" lon="-8.09151">
        <ele>367.6</ele>
      </trkpt>
      <trkpt lat="41.908237" lon="-8.091792">
        <ele>366.43</ele>
      </trkpt>
      <trkpt lat="41.908267" lon="-8.09189">
        <ele>366.08</ele>
      </trkpt>
      <trkpt lat="41.90827" lon="-8.092072">
        <ele>364.25</ele>
      </trkpt>
      <trkpt lat="41.908108" lon="-8.092101">
        <ele>365.54</ele>
      </trkpt>
      <trkpt lat="41.907991" lon="-8.092133">
        <ele>365.94</ele>
      </trkpt>
      <trkpt lat="41.907848" lon="-8.092207">
        <ele>366.26</ele>
      </trkpt>
      <trkpt lat="41.907782" lon="-8.092258">
        <ele>366.25</ele>
      </trkpt>
      <trkpt lat="41.907691" lon="-8.092364">
        <ele>366.92</ele>
      </trkpt>
      <trkpt lat="41.907531" lon="-8.092533">
        <ele>367.33</ele>
      </trkpt>
      <trkpt lat="41.907402" lon="-8.092654">
        <ele>368</ele>
      </trkpt>
      <trkpt lat="41.907307" lon="-8.092843">
        <ele>368</ele>
      </trkpt>
      <trkpt lat="41.907222" lon="-8.093046">
        <ele>368.04</ele>
      </trkpt>
      <trkpt lat="41.907155" lon="-8.093268">
        <ele>367.7</ele>
      </trkpt>
      <trkpt lat="41.907099" lon="-8.093493">
        <ele>368.35</ele>
      </trkpt>
      <trkpt lat="41.907043" lon="-8.093766">
        <ele>367.85</ele>
      </trkpt>
      <trkpt lat="41.906917" lon="-8.094512">
        <ele>370</ele>
      </trkpt>
      <trkpt lat="41.906874" lon="-8.094702">
        <ele>371.93</ele>
      </trkpt>
      <trkpt lat="41.906818" lon="-8.094901">
        <ele>372.84</ele>
      </trkpt>
      <trkpt lat="41.906742" lon="-8.095103">
        <ele>371.37</ele>
      </trkpt>
      <trkpt lat="41.906638" lon="-8.095317">
        <ele>372.46</ele>
      </trkpt>
      <trkpt lat="41.906542" lon="-8.095479">
        <ele>372.49</ele>
      </trkpt>
      <trkpt lat="41.906429" lon="-8.095631">
        <ele>371.65</ele>
      </trkpt>
      <trkpt lat="41.906336" lon="-8.095738">
        <ele>372.29</ele>
      </trkpt>
      <trkpt lat="41.906168" lon="-8.095897">
        <ele>371.92</ele>
      </trkpt>
      <trkpt lat="41.905723" lon="-8.096236">
        <ele>371.58</ele>
      </trkpt>
      <trkpt lat="41.903555" lon="-8.097854">
        <ele>379.73</ele>
      </trkpt>
      <trkpt lat="41.903385" lon="-8.097987">
        <ele>379.21</ele>
      </trkpt>
      <trkpt lat="41.903237" lon="-8.098129">
        <ele>378.67</ele>
      </trkpt>
      <trkpt lat="41.903139" lon="-8.098242">
        <ele>378.28</ele>
      </trkpt>
      <trkpt lat="41.903028" lon="-8.098398">
        <ele>379.15</ele>
      </trkpt>
      <trkpt lat="41.902946" lon="-8.098554">
        <ele>378.48</ele>
      </trkpt>
      <trkpt lat="41.90283" lon="-8.09887">
        <ele>378.11</ele>
      </trkpt>
      <trkpt lat="41.902714" lon="-8.099186">
        <ele>381.36</ele>
      </trkpt>
      <trkpt lat="41.902588" lon="-8.09956">
        <ele>384.08</ele>
      </trkpt>
      <trkpt lat="41.902462" lon="-8.099934">
        <ele>382.06</ele>
      </trkpt>
      <trkpt lat="41.90234" lon="-8.100204">
        <ele>381.25</ele>
      </trkpt>
      <trkpt lat="41.902218" lon="-8.100473">
        <ele>386.05</ele>
      </trkpt>
      <trkpt lat="41.901906" lon="-8.100995">
        <ele>386.6</ele>
      </trkpt>
      <trkpt lat="41.90166" lon="-8.101303">
        <ele>387.17</ele>
      </trkpt>
      <trkpt lat="41.901514" lon="-8.101486">
        <ele>387.52</ele>
      </trkpt>
      <trkpt lat="41.901015" lon="-8.101942">
        <ele>390.55</ele>
      </trkpt>
      <trkpt lat="41.900505" lon="-8.102378">
        <ele>394.89</ele>
      </trkpt>
      <trkpt lat="41.900251" lon="-8.102596">
        <ele>401.39</ele>
      </trkpt>
      <trkpt lat="41.899776" lon="-8.103098">
        <ele>405.26</ele>
      </trkpt>
      <trkpt lat="41.899407" lon="-8.103605">
        <ele>406.59</ele>
      </trkpt>
      <trkpt lat="41.899148" lon="-8.104008">
        <ele>414.1</ele>
      </trkpt>
      <trkpt lat="41.899025" lon="-8.104268">
        <ele>415.88</ele>
      </trkpt>
      <trkpt lat="41.898779" lon="-8.104788">
        <ele>415.37</ele>
      </trkpt>
      <trkpt lat="41.898366" lon="-8.105669">
        <ele>406.67</ele>
      </trkpt>
      <trkpt lat="41.897968" lon="-8.106505">
        <ele>402.73</ele>
      </trkpt>
      <trkpt lat="41.897913" lon="-8.106596">
        <ele>403.7</ele>
      </trkpt>
      <trkpt lat="41.897776" lon="-8.106821">
        <ele>402.46</ele>
      </trkpt>
      <trkpt lat="41.897558" lon="-8.10706">
        <ele>400.97</ele>
      </trkpt>
      <trkpt lat="41.89737" lon="-8.107172">
        <ele>400.38</ele>
      </trkpt>
      <trkpt lat="41.897157" lon="-8.107255">
        <ele>401.88</ele>
      </trkpt>
      <trkpt lat="41.896944" lon="-8.10728">
        <ele>403.15</ele>
      </trkpt>
      <trkpt lat="41.896687" lon="-8.107261">
        <ele>402.54</ele>
      </trkpt>
      <trkpt lat="41.89643" lon="-8.107138">
        <ele>398.9</ele>
      </trkpt>
      <trkpt lat="41.896246" lon="-8.107008">
        <ele>396.4</ele>
      </trkpt>
      <trkpt lat="41.895997" lon="-8.106776">
        <ele>393.09</ele>
      </trkpt>
      <trkpt lat="41.895251" lon="-8.106082">
        <ele>387.79</ele>
      </trkpt>
      <trkpt lat="41.894853" lon="-8.105765">
        <ele>383.64</ele>
      </trkpt>
      <trkpt lat="41.894616" lon="-8.105651">
        <ele>383.02</ele>
      </trkpt>
      <trkpt lat="41.894382" lon="-8.105599">
        <ele>381.08</ele>
      </trkpt>
      <trkpt lat="41.894098" lon="-8.105612">
        <ele>380.72</ele>
      </trkpt>
      <trkpt lat="41.893864" lon="-8.105724">
        <ele>380.59</ele>
      </trkpt>
      <trkpt lat="41.893598" lon="-8.10596">
        <ele>378.88</ele>
      </trkpt>
      <trkpt lat="41.893172" lon="-8.106365">
        <ele>376.9</ele>
      </trkpt>
      <trkpt lat="41.892954" lon="-8.106517">
        <ele>376.99</ele>
      </trkpt>
      <trkpt lat="41.892735" lon="-8.106669">
        <ele>374.68</ele>
      </trkpt>
      <trkpt lat="41.8925" lon="-8.106733">
        <ele>375.44</ele>
      </trkpt>
      <trkpt lat="41.892265" lon="-8.106797">
        <ele>374.1</ele>
      </trkpt>
      <trkpt lat="41.892064" lon="-8.106822">
        <ele>372.86</ele>
      </trkpt>
      <trkpt lat="41.891764" lon="-8.106813">
        <ele>372.03</ele>
      </trkpt>
      <trkpt lat="41.891306" lon="-8.106741">
        <ele>370</ele>
      </trkpt>
      <trkpt lat="41.891218" lon="-8.106741">
        <ele>368.23</ele>
      </trkpt>
      <trkpt lat="41.891032" lon="-8.10676">
        <ele>363.59</ele>
      </trkpt>
      <trkpt lat="41.890883" lon="-8.106792">
        <ele>364.16</ele>
      </trkpt>
      <trkpt lat="41.890709" lon="-8.106861">
        <ele>364.84</ele>
      </trkpt>
      <trkpt lat="41.890552" lon="-8.106954">
        <ele>365.49</ele>
      </trkpt>
      <trkpt lat="41.890441" lon="-8.107034">
        <ele>365.97</ele>
      </trkpt>
      <trkpt lat="41.890248" lon="-8.10723">
        <ele>366.94</ele>
      </trkpt>
      <trkpt lat="41.890149" lon="-8.107358">
        <ele>367.52</ele>
      </trkpt>
      <trkpt lat="41.890066" lon="-8.107489">
        <ele>368.08</ele>
      </trkpt>
      <trkpt lat="41.889991" lon="-8.107642">
        <ele>368.7</ele>
      </trkpt>
      <trkpt lat="41.889921" lon="-8.107807">
        <ele>369.37</ele>
      </trkpt>
      <trkpt lat="41.88987" lon="-8.107976">
        <ele>368.79</ele>
      </trkpt>
      <trkpt lat="41.889828" lon="-8.108173">
        <ele>369.06</ele>
      </trkpt>
      <trkpt lat="41.889798" lon="-8.108398">
        <ele>369.69</ele>
      </trkpt>
      <trkpt lat="41.889788" lon="-8.108637">
        <ele>369.12</ele>
      </trkpt>
      <trkpt lat="41.889792" lon="-8.109073">
        <ele>368.78</ele>
      </trkpt>
      <trkpt lat="41.889782" lon="-8.109295">
        <ele>368.28</ele>
      </trkpt>
      <trkpt lat="41.889751" lon="-8.109534">
        <ele>368.35</ele>
      </trkpt>
      <trkpt lat="41.889643" lon="-8.109964">
        <ele>367.78</ele>
      </trkpt>
      <trkpt lat="41.889524" lon="-8.1104">
        <ele>370.74</ele>
      </trkpt>
      <trkpt lat="41.889482" lon="-8.110723">
        <ele>371.76</ele>
      </trkpt>
      <trkpt lat="41.889501" lon="-8.111146">
        <ele>374.51</ele>
      </trkpt>
      <trkpt lat="41.889602" lon="-8.111515">
        <ele>373.9</ele>
      </trkpt>
      <trkpt lat="41.889752" lon="-8.111828">
        <ele>376.27</ele>
      </trkpt>
      <trkpt lat="41.88989" lon="-8.112043">
        <ele>377.41</ele>
      </trkpt>
      <trkpt lat="41.890202" lon="-8.112272">
        <ele>374.97</ele>
      </trkpt>
      <trkpt lat="41.890862" lon="-8.112393">
        <ele>371.74</ele>
      </trkpt>
      <trkpt lat="41.891178" lon="-8.112521">
        <ele>370.41</ele>
      </trkpt>
      <trkpt lat="41.891405" lon="-8.112761">
        <ele>371.74</ele>
      </trkpt>
      <trkpt lat="41.89157" lon="-8.11305">
        <ele>371.26</ele>
      </trkpt>
      <trkpt lat="41.891732" lon="-8.113528">
        <ele>371.68</ele>
      </trkpt>
      <trkpt lat="41.891922" lon="-8.114043">
        <ele>369.32</ele>
      </trkpt>
      <trkpt lat="41.892072" lon="-8.114284">
        <ele>368.78</ele>
      </trkpt>
      <trkpt lat="41.892309" lon="-8.114524">
        <ele>370.29</ele>
      </trkpt>
      <trkpt lat="41.892949" lon="-8.11495">
        <ele>369.33</ele>
      </trkpt>
      <trkpt lat="41.893373" lon="-8.115373">
        <ele>368.38</ele>
      </trkpt>
      <trkpt lat="41.893693" lon="-8.115946">
        <ele>369.51</ele>
      </trkpt>
      <trkpt lat="41.893867" lon="-8.116459">
        <ele>369.18</ele>
      </trkpt>
      <trkpt lat="41.893956" lon="-8.117011">
        <ele>370</ele>
      </trkpt>
      <trkpt lat="41.893959" lon="-8.117564">
        <ele>370.93</ele>
      </trkpt>
      <trkpt lat="41.893889" lon="-8.118075">
        <ele>372.2</ele>
      </trkpt>
      <trkpt lat="41.893758" lon="-8.118539">
        <ele>372.57</ele>
      </trkpt>
      <trkpt lat="41.893557" lon="-8.118998">
        <ele>372.21</ele>
      </trkpt>
      <trkpt lat="41.89331" lon="-8.119382">
        <ele>373.64</ele>
      </trkpt>
      <trkpt lat="41.893072" lon="-8.11965">
        <ele>373.9</ele>
      </trkpt>
      <trkpt lat="41.892627" lon="-8.120043">
        <ele>377.16</ele>
      </trkpt>
      <trkpt lat="41.892426" lon="-8.12024">
        <ele>377.47</ele>
      </trkpt>
      <trkpt lat="41.89231" lon="-8.120353">
        <ele>377.65</ele>
      </trkpt>
      <trkpt lat="41.892117" lon="-8.120597">
        <ele>378.78</ele>
      </trkpt>
      <trkpt lat="41.891923" lon="-8.120932">
        <ele>379.28</ele>
      </trkpt>
      <trkpt lat="41.891783" lon="-8.121321">
        <ele>378.95</ele>
      </trkpt>
      <trkpt lat="41.891719" lon="-8.121675">
        <ele>377.49</ele>
      </trkpt>
      <trkpt lat="41.891702" lon="-8.122092">
        <ele>378.19</ele>
      </trkpt>
      <trkpt lat="41.891731" lon="-8.12243">
        <ele>380.54</ele>
      </trkpt>
      <trkpt lat="41.891807" lon="-8.122785">
        <ele>382.18</ele>
      </trkpt>
      <trkpt lat="41.891939" lon="-8.123113">
        <ele>383.1</ele>
      </trkpt>
      <trkpt lat="41.891983" lon="-8.123206">
        <ele>383.28</ele>
      </trkpt>
      <trkpt lat="41.892051" lon="-8.123323">
        <ele>383.36</ele>
      </trkpt>
      <trkpt lat="41.892413" lon="-8.12387">
        <ele>385.72</ele>
      </trkpt>
      <trkpt lat="41.892723" lon="-8.124389">
        <ele>386.72</ele>
      </trkpt>
      <trkpt lat="41.892922" lon="-8.124856">
        <ele>387.28</ele>
      </trkpt>
      <trkpt lat="41.89307" lon="-8.125385">
        <ele>389.2</ele>
      </trkpt>
      <trkpt lat="41.893145" lon="-8.125755">
        <ele>390.15</ele>
      </trkpt>
      <trkpt lat="41.893187" lon="-8.126296">
        <ele>391.03</ele>
      </trkpt>
      <trkpt lat="41.893182" lon="-8.126763">
        <ele>392.34</ele>
      </trkpt>
      <trkpt lat="41.893161" lon="-8.127065">
        <ele>393.63</ele>
      </trkpt>
      <trkpt lat="41.893118" lon="-8.127429">
        <ele>394.45</ele>
      </trkpt>
      <trkpt lat="41.893075" lon="-8.127792">
        <ele>392.45</ele>
      </trkpt>
      <trkpt lat="41.893063" lon="-8.12816">
        <ele>390.96</ele>
      </trkpt>
      <trkpt lat="41.893122" lon="-8.128583">
        <ele>391.05</ele>
      </trkpt>
      <trkpt lat="41.893325" lon="-8.129312">
        <ele>387.17</ele>
      </trkpt>
      <trkpt lat="41.893412" lon="-8.129641">
        <ele>386.79</ele>
      </trkpt>
      <trkpt lat="41.893441" lon="-8.129952">
        <ele>385.22</ele>
      </trkpt>
      <trkpt lat="41.893436" lon="-8.130345">
        <ele>384.32</ele>
      </trkpt>
      <trkpt lat="41.893372" lon="-8.130723">
        <ele>383.52</ele>
      </trkpt>
      <trkpt lat="41.89327" lon="-8.13104">
        <ele>383.37</ele>
      </trkpt>
      <trkpt lat="41.893203" lon="-8.131215">
        <ele>381.7</ele>
      </trkpt>
      <trkpt lat="41.893094" lon="-8.131429">
        <ele>381.26</ele>
      </trkpt>
      <trkpt lat="41.89295" lon="-8.131622">
        <ele>381.32</ele>
      </trkpt>
      <trkpt lat="41.892785" lon="-8.131815">
        <ele>380.2</ele>
      </trkpt>
      <trkpt lat="41.892674" lon="-8.131914">
        <ele>379.72</ele>
      </trkpt>
      <trkpt lat="41.892561" lon="-8.131995">
        <ele>379.5</ele>
      </trkpt>
      <trkpt lat="41.892389" lon="-8.132089">
        <ele>378.15</ele>
      </trkpt>
      <trkpt lat="41.892124" lon="-8.132209">
        <ele>375.95</ele>
      </trkpt>
      <trkpt lat="41.891866" lon="-8.132297">
        <ele>375.93</ele>
      </trkpt>
      <trkpt lat="41.891607" lon="-8.132385">
        <ele>370.66</ele>
      </trkpt>
      <trkpt lat="41.891337" lon="-8.132565">
        <ele>370.06</ele>
      </trkpt>
      <trkpt lat="41.891095" lon="-8.13282">
        <ele>369.43</ele>
      </trkpt>
      <trkpt lat="41.890928" lon="-8.13312">
        <ele>368.82</ele>
      </trkpt>
      <trkpt lat="41.890791" lon="-8.133494">
        <ele>368.1</ele>
      </trkpt>
      <trkpt lat="41.890722" lon="-8.133899">
        <ele>367.34</ele>
      </trkpt>
      <trkpt lat="41.890725" lon="-8.134328">
        <ele>376.08</ele>
      </trkpt>
      <trkpt lat="41.890794" lon="-8.134938">
        <ele>378.66</ele>
      </trkpt>
      <trkpt lat="41.890838" lon="-8.135563">
        <ele>380.93</ele>
      </trkpt>
      <trkpt lat="41.890831" lon="-8.136092">
        <ele>382.14</ele>
      </trkpt>
      <trkpt lat="41.890777" lon="-8.136534">
        <ele>381.69</ele>
      </trkpt>
      <trkpt lat="41.890693" lon="-8.13694">
        <ele>383.67</ele>
      </trkpt>
      <trkpt lat="41.890491" lon="-8.137556">
        <ele>383.11</ele>
      </trkpt>
      <trkpt lat="41.890277" lon="-8.138011">
        <ele>383.35</ele>
      </trkpt>
      <trkpt lat="41.890103" lon="-8.138309">
        <ele>383.68</ele>
      </trkpt>
      <trkpt lat="41.88983" lon="-8.138663">
        <ele>384.9</ele>
      </trkpt>
      <trkpt lat="41.88937" lon="-8.13917">
        <ele>384.33</ele>
      </trkpt>
      <trkpt lat="41.889167" lon="-8.139435">
        <ele>383.13</ele>
      </trkpt>
      <trkpt lat="41.889037" lon="-8.139688">
        <ele>382.95</ele>
      </trkpt>
      <trkpt lat="41.888916" lon="-8.140023">
        <ele>383.61</ele>
      </trkpt>
      <trkpt lat="41.888795" lon="-8.140358">
        <ele>382.11</ele>
      </trkpt>
      <trkpt lat="41.888643" lon="-8.140679">
        <ele>382.15</ele>
      </trkpt>
      <trkpt lat="41.888503" lon="-8.140882">
        <ele>381.74</ele>
      </trkpt>
      <trkpt lat="41.888282" lon="-8.141114">
        <ele>380.55</ele>
      </trkpt>
      <trkpt lat="41.8879" lon="-8.141431">
        <ele>379.89</ele>
      </trkpt>
      <trkpt lat="41.887614" lon="-8.141734">
        <ele>379.36</ele>
      </trkpt>
      <trkpt lat="41.887293" lon="-8.142284">
        <ele>378.36</ele>
      </trkpt>
      <trkpt lat="41.886964" lon="-8.142826">
        <ele>377.01</ele>
      </trkpt>
      <trkpt lat="41.886272" lon="-8.143571">
        <ele>374.95</ele>
      </trkpt>
      <trkpt lat="41.886055" lon="-8.143807">
        <ele>376.01</ele>
      </trkpt>
      <trkpt lat="41.885779" lon="-8.144193">
        <ele>375.63</ele>
      </trkpt>
      <trkpt lat="41.88555" lon="-8.144631">
        <ele>375.02</ele>
      </trkpt>
      <trkpt lat="41.885223" lon="-8.145482">
        <ele>373.36</ele>
      </trkpt>
      <trkpt lat="41.885024" lon="-8.145912">
        <ele>373.13</ele>
      </trkpt>
      <trkpt lat="41.884768" lon="-8.146232">
        <ele>373.28</ele>
      </trkpt>
      <trkpt lat="41.884354" lon="-8.14669">
        <ele>373.99</ele>
      </trkpt>
      <trkpt lat="41.884176" lon="-8.147003">
        <ele>374.61</ele>
      </trkpt>
      <trkpt lat="41.88407" lon="-8.147327">
        <ele>375.87</ele>
      </trkpt>
      <trkpt lat="41.883933" lon="-8.148241">
        <ele>378.92</ele>
      </trkpt>
      <trkpt lat="41.88381" lon="-8.148694">
        <ele>377.94</ele>
      </trkpt>
      <trkpt lat="41.883613" lon="-8.149062">
        <ele>375.99</ele>
      </trkpt>
      <trkpt lat="41.883447" lon="-8.149311">
        <ele>375.08</ele>
      </trkpt>
      <trkpt lat="41.883245" lon="-8.149508">
        <ele>374.48</ele>
      </trkpt>
      <trkpt lat="41.882944" lon="-8.149695">
        <ele>374.25</ele>
      </trkpt>
      <trkpt lat="41.882657" lon="-8.149791">
        <ele>372.75</ele>
      </trkpt>
      <trkpt lat="41.882365" lon="-8.149798">
        <ele>371.33</ele>
      </trkpt>
      <trkpt lat="41.882042" lon="-8.149738">
        <ele>370.23</ele>
      </trkpt>
      <trkpt lat="41.881546" lon="-8.149525">
        <ele>368.11</ele>
      </trkpt>
      <trkpt lat="41.881205" lon="-8.149422">
        <ele>368.25</ele>
      </trkpt>
      <trkpt lat="41.880923" lon="-8.149404">
        <ele>369</ele>
      </trkpt>
      <trkpt lat="41.880663" lon="-8.149445">
        <ele>368.72</ele>
      </trkpt>
      <trkpt lat="41.880388" lon="-8.149545">
        <ele>369.64</ele>
      </trkpt>
      <trkpt lat="41.880131" lon="-8.149714">
        <ele>372.72</ele>
      </trkpt>
      <trkpt lat="41.879852" lon="-8.150007">
        <ele>373.49</ele>
      </trkpt>
      <trkpt lat="41.879698" lon="-8.150243">
        <ele>373.88</ele>
      </trkpt>
      <trkpt lat="41.879567" lon="-8.150493">
        <ele>374.2</ele>
      </trkpt>
      <trkpt lat="41.879454" lon="-8.150844">
        <ele>375.78</ele>
      </trkpt>
      <trkpt lat="41.879386" lon="-8.151193">
        <ele>375.17</ele>
      </trkpt>
      <trkpt lat="41.879365" lon="-8.151591">
        <ele>375.94</ele>
      </trkpt>
      <trkpt lat="41.879395" lon="-8.151992">
        <ele>376.44</ele>
      </trkpt>
      <trkpt lat="41.879468" lon="-8.152322">
        <ele>376.97</ele>
      </trkpt>
      <trkpt lat="41.879621" lon="-8.152738">
        <ele>376.87</ele>
      </trkpt>
      <trkpt lat="41.880164" lon="-8.153842">
        <ele>380.35</ele>
      </trkpt>
      <trkpt lat="41.8803" lon="-8.154374">
        <ele>379.96</ele>
      </trkpt>
      <trkpt lat="41.880343" lon="-8.154829">
        <ele>381.86</ele>
      </trkpt>
      <trkpt lat="41.880329" lon="-8.155241">
        <ele>383.9</ele>
      </trkpt>
      <trkpt lat="41.880228" lon="-8.155699">
        <ele>384.06</ele>
      </trkpt>
      <trkpt lat="41.880087" lon="-8.156096">
        <ele>382.72</ele>
      </trkpt>
      <trkpt lat="41.879866" lon="-8.156471">
        <ele>382.25</ele>
      </trkpt>
      <trkpt lat="41.879548" lon="-8.156809">
        <ele>382.47</ele>
      </trkpt>
      <trkpt lat="41.879083" lon="-8.157264">
        <ele>383.2</ele>
      </trkpt>
      <trkpt lat="41.878904" lon="-8.157573">
        <ele>379.85</ele>
      </trkpt>
      <trkpt lat="41.878808" lon="-8.157872">
        <ele>377</ele>
      </trkpt>
      <trkpt lat="41.87877" lon="-8.158206">
        <ele>375</ele>
      </trkpt>
      <trkpt lat="41.87879" lon="-8.158543">
        <ele>374.45</ele>
      </trkpt>
      <trkpt lat="41.878864" lon="-8.158869">
        <ele>373.55</ele>
      </trkpt>
      <trkpt lat="41.878929" lon="-8.159042">
        <ele>372.59</ele>
      </trkpt>
      <trkpt lat="41.879195" lon="-8.159423">
        <ele>372.07</ele>
      </trkpt>
      <trkpt lat="41.879979" lon="-8.159975">
        <ele>371.28</ele>
      </trkpt>
      <trkpt lat="41.880187" lon="-8.160255">
        <ele>371.19</ele>
      </trkpt>
      <trkpt lat="41.880327" lon="-8.160545">
        <ele>371</ele>
      </trkpt>
      <trkpt lat="41.880426" lon="-8.161064">
        <ele>371.19</ele>
      </trkpt>
      <trkpt lat="41.88041" lon="-8.161296">
        <ele>370.82</ele>
      </trkpt>
      <trkpt lat="41.880394" lon="-8.161533">
        <ele>370.44</ele>
      </trkpt>
      <trkpt lat="41.880275" lon="-8.161913">
        <ele>370.81</ele>
      </trkpt>
      <trkpt lat="41.880111" lon="-8.162187">
        <ele>371.21</ele>
      </trkpt>
      <trkpt lat="41.87988" lon="-8.16242">
        <ele>371.79</ele>
      </trkpt>
      <trkpt lat="41.879366" lon="-8.162741">
        <ele>374.42</ele>
      </trkpt>
      <trkpt lat="41.878596" lon="-8.163222">
        <ele>375.79</ele>
      </trkpt>
      <trkpt lat="41.878184" lon="-8.163491">
        <ele>374.56</ele>
      </trkpt>
      <trkpt lat="41.87777" lon="-8.163829">
        <ele>374.24</ele>
      </trkpt>
      <trkpt lat="41.877343" lon="-8.164291">
        <ele>376.84</ele>
      </trkpt>
      <trkpt lat="41.876583" lon="-8.165256">
        <ele>379.45</ele>
      </trkpt>
      <trkpt lat="41.876337" lon="-8.165587">
        <ele>379.08</ele>
      </trkpt>
      <trkpt lat="41.876164" lon="-8.165802">
        <ele>379.29</ele>
      </trkpt>
      <trkpt lat="41.875818" lon="-8.166232">
        <ele>376.53</ele>
      </trkpt>
      <trkpt lat="41.875408" lon="-8.166634">
        <ele>371.37</ele>
      </trkpt>
      <trkpt lat="41.875193" lon="-8.166794">
        <ele>372.89</ele>
      </trkpt>
      <trkpt lat="41.874978" lon="-8.166954">
        <ele>372.32</ele>
      </trkpt>
      <trkpt lat="41.87443" lon="-8.167274">
        <ele>369.17</ele>
      </trkpt>
      <trkpt lat="41.873262" lon="-8.167805">
        <ele>366.34</ele>
      </trkpt>
      <trkpt lat="41.873014" lon="-8.16794">
        <ele>365.37</ele>
      </trkpt>
      <trkpt lat="41.872837" lon="-8.16809">
        <ele>364.38</ele>
      </trkpt>
      <trkpt lat="41.872766" lon="-8.168193">
        <ele>363.68</ele>
      </trkpt>
      <trkpt lat="41.872706" lon="-8.168313">
        <ele>362.27</ele>
      </trkpt>
      <trkpt lat="41.872667" lon="-8.168449">
        <ele>361.48</ele>
      </trkpt>
      <trkpt lat="41.872642" lon="-8.168585">
        <ele>360.25</ele>
      </trkpt>
      <trkpt lat="41.872594" lon="-8.16914">
        <ele>358.94</ele>
      </trkpt>
      <trkpt lat="41.872566" lon="-8.169513">
        <ele>362.01</ele>
      </trkpt>
      <trkpt lat="41.872516" lon="-8.169752">
        <ele>364.16</ele>
      </trkpt>
      <trkpt lat="41.872131" lon="-8.170724">
        <ele>366</ele>
      </trkpt>
      <trkpt lat="41.872086" lon="-8.170989">
        <ele>367.11</ele>
      </trkpt>
      <trkpt lat="41.872086" lon="-8.171181">
        <ele>367.69</ele>
      </trkpt>
      <trkpt lat="41.872126" lon="-8.171409">
        <ele>368.93</ele>
      </trkpt>
      <trkpt lat="41.872283" lon="-8.171717">
        <ele>369.73</ele>
      </trkpt>
      <trkpt lat="41.872808" lon="-8.172462">
        <ele>373.01</ele>
      </trkpt>
      <trkpt lat="41.872885" lon="-8.172628">
        <ele>373.47</ele>
      </trkpt>
      <trkpt lat="41.872946" lon="-8.172853">
        <ele>374.02</ele>
      </trkpt>
      <trkpt lat="41.87297" lon="-8.173062">
        <ele>374</ele>
      </trkpt>
      <trkpt lat="41.872941" lon="-8.173307">
        <ele>373.36</ele>
      </trkpt>
      <trkpt lat="41.872854" lon="-8.173588">
        <ele>373.5</ele>
      </trkpt>
      <trkpt lat="41.872658" lon="-8.173924">
        <ele>370.82</ele>
      </trkpt>
      <trkpt lat="41.872392" lon="-8.174279">
        <ele>369.55</ele>
      </trkpt>
      <trkpt lat="41.872052" lon="-8.174835">
        <ele>368.4</ele>
      </trkpt>
      <trkpt lat="41.871647" lon="-8.175579">
        <ele>366.74</ele>
      </trkpt>
      <trkpt lat="41.871494" lon="-8.175894">
        <ele>365.77</ele>
      </trkpt>
      <trkpt lat="41.871354" lon="-8.176245">
        <ele>364.9</ele>
      </trkpt>
      <trkpt lat="41.871163" lon="-8.176998">
        <ele>362.96</ele>
      </trkpt>
      <trkpt lat="41.871059" lon="-8.177475">
        <ele>361.28</ele>
      </trkpt>
      <trkpt lat="41.870816" lon="-8.178208">
        <ele>358.67</ele>
      </trkpt>
      <trkpt lat="41.870761" lon="-8.178597">
        <ele>358.2</ele>
      </trkpt>
      <trkpt lat="41.87073" lon="-8.179345">
        <ele>355.38</ele>
      </trkpt>
      <trkpt lat="41.870667" lon="-8.180055">
        <ele>351.58</ele>
      </trkpt>
      <trkpt lat="41.870588" lon="-8.180312">
        <ele>350.95</ele>
      </trkpt>
      <trkpt lat="41.870444" lon="-8.180562">
        <ele>349.51</ele>
      </trkpt>
      <trkpt lat="41.869929" lon="-8.181004">
        <ele>345.92</ele>
      </trkpt>
      <trkpt lat="41.869723" lon="-8.181242">
        <ele>345.02</ele>
      </trkpt>
      <trkpt lat="41.869557" lon="-8.181473">
        <ele>344.96</ele>
      </trkpt>
      <trkpt lat="41.869372" lon="-8.181681">
        <ele>345.3</ele>
      </trkpt>
      <trkpt lat="41.869099" lon="-8.181854">
        <ele>345.41</ele>
      </trkpt>
      <trkpt lat="41.868815" lon="-8.181906">
        <ele>344.18</ele>
      </trkpt>
      <trkpt lat="41.868499" lon="-8.181943">
        <ele>344.55</ele>
      </trkpt>
      <trkpt lat="41.86815" lon="-8.182059">
        <ele>340.3</ele>
      </trkpt>
      <trkpt lat="41.867915" lon="-8.182211">
        <ele>341.47</ele>
      </trkpt>
      <trkpt lat="41.867721" lon="-8.182411">
        <ele>342.58</ele>
      </trkpt>
      <trkpt lat="41.867583" lon="-8.182624">
        <ele>343.57</ele>
      </trkpt>
      <trkpt lat="41.867489" lon="-8.182826">
        <ele>344.42</ele>
      </trkpt>
      <trkpt lat="41.867438" lon="-8.182989">
        <ele>345.07</ele>
      </trkpt>
      <trkpt lat="41.867393" lon="-8.183209">
        <ele>345.94</ele>
      </trkpt>
      <trkpt lat="41.867372" lon="-8.183435">
        <ele>346.82</ele>
      </trkpt>
      <trkpt lat="41.867387" lon="-8.183687">
        <ele>347.83</ele>
      </trkpt>
      <trkpt lat="41.867476" lon="-8.184201">
        <ele>350.01</ele>
      </trkpt>
      <trkpt lat="41.867654" lon="-8.184679">
        <ele>352.4</ele>
      </trkpt>
      <trkpt lat="41.867736" lon="-8.185029">
        <ele>353.96</ele>
      </trkpt>
      <trkpt lat="41.867765" lon="-8.185267">
        <ele>355.82</ele>
      </trkpt>
      <trkpt lat="41.867762" lon="-8.185592">
        <ele>356.43</ele>
      </trkpt>
      <trkpt lat="41.867636" lon="-8.186064">
        <ele>357.4</ele>
      </trkpt>
      <trkpt lat="41.867514" lon="-8.186332">
        <ele>359.71</ele>
      </trkpt>
      <trkpt lat="41.867268" lon="-8.186868">
        <ele>361.2</ele>
      </trkpt>
      <trkpt lat="41.867113" lon="-8.187242">
        <ele>362.25</ele>
      </trkpt>
      <trkpt lat="41.867012" lon="-8.187648">
        <ele>364.88</ele>
      </trkpt>
      <trkpt lat="41.867032" lon="-8.187974">
        <ele>367.9</ele>
      </trkpt>
      <trkpt lat="41.867119" lon="-8.188279">
        <ele>370.38</ele>
      </trkpt>
      <trkpt lat="41.867317" lon="-8.188555">
        <ele>370.72</ele>
      </trkpt>
      <trkpt lat="41.867525" lon="-8.188662">
        <ele>370.87</ele>
      </trkpt>
      <trkpt lat="41.867738" lon="-8.188698">
        <ele>371.49</ele>
      </trkpt>
      <trkpt lat="41.867934" lon="-8.188631">
        <ele>373.78</ele>
      </trkpt>
      <trkpt lat="41.868124" lon="-8.188505">
        <ele>375.98</ele>
      </trkpt>
      <trkpt lat="41.868489" lon="-8.188212">
        <ele>377.51</ele>
      </trkpt>
      <trkpt lat="41.86881" lon="-8.188051">
        <ele>379.11</ele>
      </trkpt>
      <trkpt lat="41.869075" lon="-8.188079">
        <ele>381</ele>
      </trkpt>
      <trkpt lat="41.869522" lon="-8.188323">
        <ele>383.13</ele>
      </trkpt>
      <trkpt lat="41.869735" lon="-8.188384">
        <ele>383.48</ele>
      </trkpt>
      <trkpt lat="41.869961" lon="-8.1884">
        <ele>384.96</ele>
      </trkpt>
      <trkpt lat="41.870345" lon="-8.188347">
        <ele>388.99</ele>
      </trkpt>
      <trkpt lat="41.870566" lon="-8.188378">
        <ele>390.61</ele>
      </trkpt>
      <trkpt lat="41.870805" lon="-8.188529">
        <ele>392.24</ele>
      </trkpt>
      <trkpt lat="41.87094" lon="-8.18872">
        <ele>393.51</ele>
      </trkpt>
      <trkpt lat="41.87105" lon="-8.188991">
        <ele>395.31</ele>
      </trkpt>
      <trkpt lat="41.871084" lon="-8.189251">
        <ele>397.41</ele>
      </trkpt>
      <trkpt lat="41.871073" lon="-8.189497">
        <ele>398.39</ele>
      </trkpt>
      <trkpt lat="41.870977" lon="-8.190014">
        <ele>400.83</ele>
      </trkpt>
      <trkpt lat="41.870671" lon="-8.191208">
        <ele>405.84</ele>
      </trkpt>
      <trkpt lat="41.870623" lon="-8.19148">
        <ele>407.32</ele>
      </trkpt>
      <trkpt lat="41.870607" lon="-8.191784">
        <ele>409.54</ele>
      </trkpt>
      <trkpt lat="41.870651" lon="-8.192018">
        <ele>408.75</ele>
      </trkpt>
      <trkpt lat="41.870748" lon="-8.192219">
        <ele>409.16</ele>
      </trkpt>
      <trkpt lat="41.870887" lon="-8.192402">
        <ele>411.11</ele>
      </trkpt>
      <trkpt lat="41.871049" lon="-8.192508">
        <ele>413.29</ele>
      </trkpt>
      <trkpt lat="41.871129" lon="-8.19253">
        <ele>412.84</ele>
      </trkpt>
      <trkpt lat="41.871266" lon="-8.192587">
        <ele>413.28</ele>
      </trkpt>
      <trkpt lat="41.871432" lon="-8.192679">
        <ele>414.56</ele>
      </trkpt>
      <trkpt lat="41.871556" lon="-8.192827">
        <ele>415.04</ele>
      </trkpt>
      <trkpt lat="41.871623" lon="-8.192971">
        <ele>415.84</ele>
      </trkpt>
      <trkpt lat="41.871671" lon="-8.193166">
        <ele>416.46</ele>
      </trkpt>
      <trkpt lat="41.871684" lon="-8.193312">
        <ele>416.84</ele>
      </trkpt>
      <trkpt lat="41.871659" lon="-8.193535">
        <ele>417.75</ele>
      </trkpt>
      <trkpt lat="41.871625" lon="-8.193637">
        <ele>418.28</ele>
      </trkpt>
      <trkpt lat="41.871485" lon="-8.193901">
        <ele>419.11</ele>
      </trkpt>
      <trkpt lat="41.871348" lon="-8.194081">
        <ele>419.45</ele>
      </trkpt>
      <trkpt lat="41.871009" lon="-8.194423">
        <ele>421.5</ele>
      </trkpt>
      <trkpt lat="41.870818" lon="-8.194606">
        <ele>421.51</ele>
      </trkpt>
      <trkpt lat="41.8706" lon="-8.194765">
        <ele>423.32</ele>
      </trkpt>
      <trkpt lat="41.87044" lon="-8.194848">
        <ele>423.65</ele>
      </trkpt>
      <trkpt lat="41.870332" lon="-8.194877">
        <ele>423.29</ele>
      </trkpt>
      <trkpt lat="41.870237" lon="-8.194885">
        <ele>423.52</ele>
      </trkpt>
      <trkpt lat="41.870029" lon="-8.19488">
        <ele>424.41</ele>
      </trkpt>
      <trkpt lat="41.869818" lon="-8.194887">
        <ele>426.16</ele>
      </trkpt>
      <trkpt lat="41.869649" lon="-8.194936">
        <ele>427.37</ele>
      </trkpt>
      <trkpt lat="41.869506" lon="-8.195053">
        <ele>428.4</ele>
      </trkpt>
      <trkpt lat="41.869339" lon="-8.195318">
        <ele>429.75</ele>
      </trkpt>
      <trkpt lat="41.869203" lon="-8.196043">
        <ele>432.54</ele>
      </trkpt>
      <trkpt lat="41.868999" lon="-8.197131">
        <ele>432.83</ele>
      </trkpt>
      <trkpt lat="41.868796" lon="-8.198248">
        <ele>430.96</ele>
      </trkpt>
      <trkpt lat="41.868754" lon="-8.198509">
        <ele>431.3</ele>
      </trkpt>
      <trkpt lat="41.868634" lon="-8.199035">
        <ele>432.24</ele>
      </trkpt>
      <trkpt lat="41.868521" lon="-8.199412">
        <ele>430.91</ele>
      </trkpt>
      <trkpt lat="41.868396" lon="-8.199633">
        <ele>430.11</ele>
      </trkpt>
      <trkpt lat="41.868202" lon="-8.199894">
        <ele>430.17</ele>
      </trkpt>
      <trkpt lat="41.86777" lon="-8.200466">
        <ele>428.86</ele>
      </trkpt>
      <trkpt lat="41.866938" lon="-8.201524">
        <ele>424.93</ele>
      </trkpt>
      <trkpt lat="41.866718" lon="-8.201859">
        <ele>424.06</ele>
      </trkpt>
      <trkpt lat="41.866616" lon="-8.202056">
        <ele>423.48</ele>
      </trkpt>
      <trkpt lat="41.86622" lon="-8.20282">
        <ele>421.25</ele>
      </trkpt>
      <trkpt lat="41.86613" lon="-8.203042">
        <ele>420.48</ele>
      </trkpt>
      <trkpt lat="41.866103" lon="-8.203316">
        <ele>419.5</ele>
      </trkpt>
      <trkpt lat="41.866158" lon="-8.203541">
        <ele>418.96</ele>
      </trkpt>
      <trkpt lat="41.866277" lon="-8.203752">
        <ele>418.98</ele>
      </trkpt>
      <trkpt lat="41.866769" lon="-8.20439">
        <ele>418.19</ele>
      </trkpt>
      <trkpt lat="41.866904" lon="-8.204593">
        <ele>418.32</ele>
      </trkpt>
      <trkpt lat="41.867003" lon="-8.204814">
        <ele>418.47</ele>
      </trkpt>
      <trkpt lat="41.867076" lon="-8.20508">
        <ele>417.8</ele>
      </trkpt>
      <trkpt lat="41.867121" lon="-8.205385">
        <ele>417.09</ele>
      </trkpt>
      <trkpt lat="41.867124" lon="-8.205638">
        <ele>417.05</ele>
      </trkpt>
      <trkpt lat="41.867094" lon="-8.205882">
        <ele>416.22</ele>
      </trkpt>
      <trkpt lat="41.867066" lon="-8.206009">
        <ele>415.85</ele>
      </trkpt>
      <trkpt lat="41.866954" lon="-8.206392">
        <ele>414.44</ele>
      </trkpt>
      <trkpt lat="41.866456" lon="-8.207707">
        <ele>410.04</ele>
      </trkpt>
      <trkpt lat="41.866219" lon="-8.20839">
        <ele>406.74</ele>
      </trkpt>
      <trkpt lat="41.866138" lon="-8.208593">
        <ele>407.3</ele>
      </trkpt>
      <trkpt lat="41.866097" lon="-8.208875">
        <ele>405.78</ele>
      </trkpt>
      <trkpt lat="41.86614" lon="-8.209147">
        <ele>405.08</ele>
      </trkpt>
      <trkpt lat="41.866571" lon="-8.210063">
        <ele>400.06</ele>
      </trkpt>
      <trkpt lat="41.866641" lon="-8.210291">
        <ele>399.3</ele>
      </trkpt>
      <trkpt lat="41.866651" lon="-8.21048">
        <ele>398.2</ele>
      </trkpt>
      <trkpt lat="41.866629" lon="-8.210657">
        <ele>397.72</ele>
      </trkpt>
      <trkpt lat="41.866579" lon="-8.210826">
        <ele>396.38</ele>
      </trkpt>
      <trkpt lat="41.866497" lon="-8.210955">
        <ele>396.26</ele>
      </trkpt>
      <trkpt lat="41.866226" lon="-8.211174">
        <ele>393.48</ele>
      </trkpt>
      <trkpt lat="41.865695" lon="-8.211302">
        <ele>391.47</ele>
      </trkpt>
      <trkpt lat="41.865557" lon="-8.211387">
        <ele>390.54</ele>
      </trkpt>
      <trkpt lat="41.865448" lon="-8.21154">
        <ele>389.19</ele>
      </trkpt>
      <trkpt lat="41.865323" lon="-8.211786">
        <ele>387.14</ele>
      </trkpt>
      <trkpt lat="41.865267" lon="-8.21207">
        <ele>386.81</ele>
      </trkpt>
      <trkpt lat="41.865148" lon="-8.212531">
        <ele>384.98</ele>
      </trkpt>
      <trkpt lat="41.865059" lon="-8.21275">
        <ele>384.17</ele>
      </trkpt>
      <trkpt lat="41.864931" lon="-8.21291">
        <ele>382.47</ele>
      </trkpt>
      <trkpt lat="41.864127" lon="-8.213227">
        <ele>378.85</ele>
      </trkpt>
      <trkpt lat="41.863934" lon="-8.213318">
        <ele>378.9</ele>
      </trkpt>
      <trkpt lat="41.863833" lon="-8.213392">
        <ele>377.18</ele>
      </trkpt>
      <trkpt lat="41.863626" lon="-8.213534">
        <ele>376.78</ele>
      </trkpt>
      <trkpt lat="41.86342" lon="-8.213743">
        <ele>375.34</ele>
      </trkpt>
      <trkpt lat="41.863328" lon="-8.213975">
        <ele>373.91</ele>
      </trkpt>
      <trkpt lat="41.863298" lon="-8.214246">
        <ele>372.8</ele>
      </trkpt>
      <trkpt lat="41.863322" lon="-8.214408">
        <ele>372.6</ele>
      </trkpt>
      <trkpt lat="41.863591" lon="-8.215093">
        <ele>371.48</ele>
      </trkpt>
      <trkpt lat="41.863864" lon="-8.215829">
        <ele>369.31</ele>
      </trkpt>
      <trkpt lat="41.864358" lon="-8.216647">
        <ele>366.99</ele>
      </trkpt>
      <trkpt lat="41.86449" lon="-8.216849">
        <ele>366.19</ele>
      </trkpt>
      <trkpt lat="41.864542" lon="-8.217019">
        <ele>364.72</ele>
      </trkpt>
      <trkpt lat="41.864557" lon="-8.218119">
        <ele>360.55</ele>
      </trkpt>
      <trkpt lat="41.864511" lon="-8.21836">
        <ele>359.87</ele>
      </trkpt>
      <trkpt lat="41.864424" lon="-8.218583">
        <ele>358.63</ele>
      </trkpt>
      <trkpt lat="41.864276" lon="-8.21873">
        <ele>357.8</ele>
      </trkpt>
      <trkpt lat="41.864082" lon="-8.218831">
        <ele>357.14</ele>
      </trkpt>
      <trkpt lat="41.863318" lon="-8.218902">
        <ele>352.81</ele>
      </trkpt>
      <trkpt lat="41.863044" lon="-8.219009">
        <ele>352.18</ele>
      </trkpt>
      <trkpt lat="41.862448" lon="-8.219327">
        <ele>349.97</ele>
      </trkpt>
      <trkpt lat="41.862265" lon="-8.219474">
        <ele>349.75</ele>
      </trkpt>
      <trkpt lat="41.862129" lon="-8.219659">
        <ele>349.12</ele>
      </trkpt>
      <trkpt lat="41.861646" lon="-8.220578">
        <ele>346.4</ele>
      </trkpt>
      <trkpt lat="41.861324" lon="-8.221191">
        <ele>346.6</ele>
      </trkpt>
      <trkpt lat="41.861064" lon="-8.221528">
        <ele>347.91</ele>
      </trkpt>
      <trkpt lat="41.860812" lon="-8.221749">
        <ele>347.76</ele>
      </trkpt>
      <trkpt lat="41.860338" lon="-8.222197">
        <ele>348.69</ele>
      </trkpt>
      <trkpt lat="41.860231" lon="-8.22228">
        <ele>349.35</ele>
      </trkpt>
      <trkpt lat="41.859842" lon="-8.222551">
        <ele>348.92</ele>
      </trkpt>
      <trkpt lat="41.859754" lon="-8.222646">
        <ele>348.73</ele>
      </trkpt>
      <trkpt lat="41.859702" lon="-8.222734">
        <ele>345.95</ele>
      </trkpt>
      <trkpt lat="41.859616" lon="-8.222903">
        <ele>344.68</ele>
      </trkpt>
      <trkpt lat="41.859577" lon="-8.223078">
        <ele>343.49</ele>
      </trkpt>
      <trkpt lat="41.859559" lon="-8.223265">
        <ele>342.24</ele>
      </trkpt>
      <trkpt lat="41.859562" lon="-8.223491">
        <ele>340.72</ele>
      </trkpt>
      <trkpt lat="41.859573" lon="-8.223612">
        <ele>344.67</ele>
      </trkpt>
      <trkpt lat="41.859595" lon="-8.223709">
        <ele>346.62</ele>
      </trkpt>
      <trkpt lat="41.859973" lon="-8.224552">
        <ele>344.67</ele>
      </trkpt>
      <trkpt lat="41.860207" lon="-8.224995">
        <ele>342.56</ele>
      </trkpt>
      <trkpt lat="41.860355" lon="-8.225146">
        <ele>340.57</ele>
      </trkpt>
      <trkpt lat="41.861046" lon="-8.225678">
        <ele>337.47</ele>
      </trkpt>
      <trkpt lat="41.861136" lon="-8.225835">
        <ele>336.42</ele>
      </trkpt>
      <trkpt lat="41.861206" lon="-8.226045">
        <ele>335.22</ele>
      </trkpt>
      <trkpt lat="41.861421" lon="-8.227484">
        <ele>333.25</ele>
      </trkpt>
      <trkpt lat="41.86151" lon="-8.227808">
        <ele>332.35</ele>
      </trkpt>
      <trkpt lat="41.861707" lon="-8.228111">
        <ele>330.27</ele>
      </trkpt>
      <trkpt lat="41.862436" lon="-8.229152">
        <ele>327.99</ele>
      </trkpt>
      <trkpt lat="41.86257" lon="-8.22957">
        <ele>326.24</ele>
      </trkpt>
      <trkpt lat="41.863051" lon="-8.233057">
        <ele>316.55</ele>
      </trkpt>
      <trkpt lat="41.863055" lon="-8.233439">
        <ele>315.42</ele>
      </trkpt>
      <trkpt lat="41.86299" lon="-8.233843">
        <ele>312.69</ele>
      </trkpt>
      <trkpt lat="41.862925" lon="-8.234248">
        <ele>312.27</ele>
      </trkpt>
      <trkpt lat="41.862794" lon="-8.234552">
        <ele>311.81</ele>
      </trkpt>
      <trkpt lat="41.862606" lon="-8.234808">
        <ele>311.37</ele>
      </trkpt>
      <trkpt lat="41.862158" lon="-8.235154">
        <ele>308.47</ele>
      </trkpt>
      <trkpt lat="41.862001" lon="-8.235317">
        <ele>306.5</ele>
      </trkpt>
      <trkpt lat="41.861902" lon="-8.235453">
        <ele>305.38</ele>
      </trkpt>
      <trkpt lat="41.861866" lon="-8.23561">
        <ele>304.86</ele>
      </trkpt>
      <trkpt lat="41.861804" lon="-8.236553">
        <ele>301.44</ele>
      </trkpt>
      <trkpt lat="41.861777" lon="-8.23669">
        <ele>301.28</ele>
      </trkpt>
      <trkpt lat="41.861719" lon="-8.236856">
        <ele>300.23</ele>
      </trkpt>
      <trkpt lat="41.861629" lon="-8.236976">
        <ele>299.04</ele>
      </trkpt>
      <trkpt lat="41.861413" lon="-8.237192">
        <ele>297.73</ele>
      </trkpt>
      <trkpt lat="41.861145" lon="-8.237405">
        <ele>297.24</ele>
      </trkpt>
      <trkpt lat="41.86061" lon="-8.23783">
        <ele>293.05</ele>
      </trkpt>
      <trkpt lat="41.860362" lon="-8.237958">
        <ele>292.16</ele>
      </trkpt>
      <trkpt lat="41.859936" lon="-8.238081">
        <ele>291.14</ele>
      </trkpt>
      <trkpt lat="41.859636" lon="-8.238159">
        <ele>287.89</ele>
      </trkpt>
      <trkpt lat="41.859336" lon="-8.238238">
        <ele>287.94</ele>
      </trkpt>
      <trkpt lat="41.859143" lon="-8.238311">
        <ele>286.69</ele>
      </trkpt>
      <trkpt lat="41.858926" lon="-8.238463">
        <ele>288.31</ele>
      </trkpt>
      <trkpt lat="41.858777" lon="-8.238633">
        <ele>288.52</ele>
      </trkpt>
      <trkpt lat="41.858682" lon="-8.23889">
        <ele>285</ele>
      </trkpt>
      <trkpt lat="41.858652" lon="-8.239113">
        <ele>284.62</ele>
      </trkpt>
      <trkpt lat="41.858682" lon="-8.23938">
        <ele>283.88</ele>
      </trkpt>
      <trkpt lat="41.858729" lon="-8.239557">
        <ele>284.11</ele>
      </trkpt>
      <trkpt lat="41.858847" lon="-8.239777">
        <ele>283.84</ele>
      </trkpt>
      <trkpt lat="41.858989" lon="-8.239899">
        <ele>284.31</ele>
      </trkpt>
      <trkpt lat="41.859226" lon="-8.24002">
        <ele>283.42</ele>
      </trkpt>
      <trkpt lat="41.859587" lon="-8.240137">
        <ele>282.86</ele>
      </trkpt>
      <trkpt lat="41.86015" lon="-8.240304">
        <ele>279.93</ele>
      </trkpt>
      <trkpt lat="41.860266" lon="-8.240363">
        <ele>278.6</ele>
      </trkpt>
      <trkpt lat="41.860425" lon="-8.240466">
        <ele>277.17</ele>
      </trkpt>
      <trkpt lat="41.860532" lon="-8.240557">
        <ele>276.93</ele>
      </trkpt>
      <trkpt lat="41.860597" lon="-8.240663">
        <ele>276.97</ele>
      </trkpt>
      <trkpt lat="41.860666" lon="-8.240816">
        <ele>275.56</ele>
      </trkpt>
      <trkpt lat="41.860701" lon="-8.241047">
        <ele>274.25</ele>
      </trkpt>
      <trkpt lat="41.860692" lon="-8.241211">
        <ele>273.23</ele>
      </trkpt>
      <trkpt lat="41.860665" lon="-8.241396">
        <ele>272.07</ele>
      </trkpt>
      <trkpt lat="41.860536" lon="-8.241976">
        <ele>269.61</ele>
      </trkpt>
      <trkpt lat="41.860516" lon="-8.242197">
        <ele>269.03</ele>
      </trkpt>
      <trkpt lat="41.860548" lon="-8.242489">
        <ele>267.05</ele>
      </trkpt>
      <trkpt lat="41.860605" lon="-8.24277">
        <ele>266.57</ele>
      </trkpt>
      <trkpt lat="41.860599" lon="-8.243033">
        <ele>265.87</ele>
      </trkpt>
      <trkpt lat="41.860546" lon="-8.243174">
        <ele>265.51</ele>
      </trkpt>
      <trkpt lat="41.860337" lon="-8.243635">
        <ele>261.96</ele>
      </trkpt>
      <trkpt lat="41.86027" lon="-8.24374">
        <ele>262.24</ele>
      </trkpt>
      <trkpt lat="41.860084" lon="-8.243981">
        <ele>260.64</ele>
      </trkpt>
      <trkpt lat="41.859525" lon="-8.244705">
        <ele>261.32</ele>
      </trkpt>
      <trkpt lat="41.859338" lon="-8.244946">
        <ele>259.81</ele>
      </trkpt>
      <trkpt lat="41.858915" lon="-8.245493">
        <ele>261.35</ele>
      </trkpt>
      <trkpt lat="41.858722" lon="-8.245593">
        <ele>262.15</ele>
      </trkpt>
      <trkpt lat="41.85824" lon="-8.245644">
        <ele>263.65</ele>
      </trkpt>
      <trkpt lat="41.857999" lon="-8.245669">
        <ele>262.63</ele>
      </trkpt>
      <trkpt lat="41.857857" lon="-8.24572">
        <ele>261.93</ele>
      </trkpt>
      <trkpt lat="41.857783" lon="-8.245763">
        <ele>260.83</ele>
      </trkpt>
      <trkpt lat="41.857691" lon="-8.245898">
        <ele>258.67</ele>
      </trkpt>
      <trkpt lat="41.857649" lon="-8.246119">
        <ele>259.75</ele>
      </trkpt>
      <trkpt lat="41.857675" lon="-8.246276">
        <ele>261.57</ele>
      </trkpt>
      <trkpt lat="41.857718" lon="-8.246456">
        <ele>262.25</ele>
      </trkpt>
      <trkpt lat="41.857901" lon="-8.246833">
        <ele>261.27</ele>
      </trkpt>
      <trkpt lat="41.858168" lon="-8.247304">
        <ele>259.83</ele>
      </trkpt>
      <trkpt lat="41.858352" lon="-8.247685">
        <ele>259.83</ele>
      </trkpt>
      <trkpt lat="41.858447" lon="-8.248108">
        <ele>262.66</ele>
      </trkpt>
      <trkpt lat="41.858515" lon="-8.24866">
        <ele>267.65</ele>
      </trkpt>
      <trkpt lat="41.858515" lon="-8.249028">
        <ele>268.9</ele>
      </trkpt>
      <trkpt lat="41.858482" lon="-8.249383">
        <ele>268.26</ele>
      </trkpt>
      <trkpt lat="41.858414" lon="-8.250092">
        <ele>272.97</ele>
      </trkpt>
      <trkpt lat="41.858347" lon="-8.250802">
        <ele>269.14</ele>
      </trkpt>
      <trkpt lat="41.858357" lon="-8.251099">
        <ele>267.89</ele>
      </trkpt>
      <trkpt lat="41.858428" lon="-8.251603">
        <ele>267.4</ele>
      </trkpt>
      <trkpt lat="41.858421" lon="-8.2519">
        <ele>264.65</ele>
      </trkpt>
      <trkpt lat="41.858338" lon="-8.252323">
        <ele>262.33</ele>
      </trkpt>
      <trkpt lat="41.858293" lon="-8.252593">
        <ele>260.61</ele>
      </trkpt>
      <trkpt lat="41.858282" lon="-8.252831">
        <ele>259.41</ele>
      </trkpt>
      <trkpt lat="41.858322" lon="-8.253049">
        <ele>258.93</ele>
      </trkpt>
      <trkpt lat="41.858351" lon="-8.253105">
        <ele>258.68</ele>
      </trkpt>
      <trkpt lat="41.858423" lon="-8.253249">
        <ele>258.05</ele>
      </trkpt>
      <trkpt lat="41.858688" lon="-8.25354">
        <ele>259.18</ele>
      </trkpt>
      <trkpt lat="41.85882" lon="-8.253751">
        <ele>257.29</ele>
      </trkpt>
      <trkpt lat="41.859039" lon="-8.254375">
        <ele>255.78</ele>
      </trkpt>
      <trkpt lat="41.859122" lon="-8.254701">
        <ele>255.79</ele>
      </trkpt>
      <trkpt lat="41.859139" lon="-8.255031">
        <ele>254.65</ele>
      </trkpt>
      <trkpt lat="41.859034" lon="-8.255542">
        <ele>252</ele>
      </trkpt>
      <trkpt lat="41.858949" lon="-8.255949">
        <ele>254.68</ele>
      </trkpt>
      <trkpt lat="41.858865" lon="-8.256356">
        <ele>254.21</ele>
      </trkpt>
      <trkpt lat="41.858417" lon="-8.257533">
        <ele>257.17</ele>
      </trkpt>
      <trkpt lat="41.858272" lon="-8.257914">
        <ele>255.68</ele>
      </trkpt>
      <trkpt lat="41.858228" lon="-8.258108">
        <ele>254.94</ele>
      </trkpt>
      <trkpt lat="41.858213" lon="-8.258328">
        <ele>253.89</ele>
      </trkpt>
      <trkpt lat="41.858211" lon="-8.258843">
        <ele>252.46</ele>
      </trkpt>
      <trkpt lat="41.858198" lon="-8.259039">
        <ele>252.04</ele>
      </trkpt>
      <trkpt lat="41.858158" lon="-8.259207">
        <ele>250.72</ele>
      </trkpt>
      <trkpt lat="41.858106" lon="-8.259376">
        <ele>249.41</ele>
      </trkpt>
      <trkpt lat="41.858001" lon="-8.259562">
        <ele>248.19</ele>
      </trkpt>
      <trkpt lat="41.85755" lon="-8.260092">
        <ele>245.66</ele>
      </trkpt>
      <trkpt lat="41.857468" lon="-8.260216">
        <ele>244.3</ele>
      </trkpt>
      <trkpt lat="41.857164" lon="-8.260932">
        <ele>241.24</ele>
      </trkpt>
      <trkpt lat="41.857048" lon="-8.261098">
        <ele>240.57</ele>
      </trkpt>
      <trkpt lat="41.85668" lon="-8.261513">
        <ele>238.44</ele>
      </trkpt>
      <trkpt lat="41.856513" lon="-8.261764">
        <ele>232.81</ele>
      </trkpt>
      <trkpt lat="41.856346" lon="-8.262014">
        <ele>231.43</ele>
      </trkpt>
      <trkpt lat="41.856029" lon="-8.262407">
        <ele>230.25</ele>
      </trkpt>
      <trkpt lat="41.855825" lon="-8.26274">
        <ele>227.33</ele>
      </trkpt>
      <trkpt lat="41.855666" lon="-8.263048">
        <ele>226.83</ele>
      </trkpt>
      <trkpt lat="41.855469" lon="-8.26346">
        <ele>226.26</ele>
      </trkpt>
      <trkpt lat="41.855331" lon="-8.263736">
        <ele>227.43</ele>
      </trkpt>
      <trkpt lat="41.855212" lon="-8.263887">
        <ele>228.03</ele>
      </trkpt>
      <trkpt lat="41.85485" lon="-8.26419">
        <ele>230.97</ele>
      </trkpt>
      <trkpt lat="41.854775" lon="-8.264265">
        <ele>231.13</ele>
      </trkpt>
      <trkpt lat="41.854732" lon="-8.264337">
        <ele>231.26</ele>
      </trkpt>
      <trkpt lat="41.854664" lon="-8.264483">
        <ele>231.85</ele>
      </trkpt>
      <trkpt lat="41.854648" lon="-8.264571">
        <ele>232.45</ele>
      </trkpt>
      <trkpt lat="41.854651" lon="-8.264845">
        <ele>232.97</ele>
      </trkpt>
      <trkpt lat="41.854688" lon="-8.264997">
        <ele>233.38</ele>
      </trkpt>
      <trkpt lat="41.854818" lon="-8.265365">
        <ele>235.98</ele>
      </trkpt>
      <trkpt lat="41.854964" lon="-8.265622">
        <ele>236.58</ele>
      </trkpt>
      <trkpt lat="41.85511" lon="-8.26588">
        <ele>234.94</ele>
      </trkpt>
      <trkpt lat="41.855316" lon="-8.266102">
        <ele>234.73</ele>
      </trkpt>
      <trkpt lat="41.855584" lon="-8.266326">
        <ele>232.35</ele>
      </trkpt>
      <trkpt lat="41.855668" lon="-8.266396">
        <ele>233.28</ele>
      </trkpt>
      <trkpt lat="41.855815" lon="-8.26656">
        <ele>233.16</ele>
      </trkpt>
      <trkpt lat="41.856084" lon="-8.266982">
        <ele>231.63</ele>
      </trkpt>
      <trkpt lat="41.856287" lon="-8.26736">
        <ele>230.48</ele>
      </trkpt>
      <trkpt lat="41.856355" lon="-8.267581">
        <ele>229.6</ele>
      </trkpt>
      <trkpt lat="41.856382" lon="-8.267747">
        <ele>229.34</ele>
      </trkpt>
      <trkpt lat="41.856393" lon="-8.267911">
        <ele>228.3</ele>
      </trkpt>
      <trkpt lat="41.856367" lon="-8.268073">
        <ele>226.15</ele>
      </trkpt>
      <trkpt lat="41.856341" lon="-8.268183">
        <ele>224.8</ele>
      </trkpt>
      <trkpt lat="41.856152" lon="-8.268641">
        <ele>223.73</ele>
      </trkpt>
      <trkpt lat="41.856086" lon="-8.268865">
        <ele>223.05</ele>
      </trkpt>
      <trkpt lat="41.856073" lon="-8.26913">
        <ele>223.31</ele>
      </trkpt>
      <trkpt lat="41.856162" lon="-8.269603">
        <ele>222.51</ele>
      </trkpt>
      <trkpt lat="41.856152" lon="-8.26986">
        <ele>220.49</ele>
      </trkpt>
      <trkpt lat="41.855934" lon="-8.270432">
        <ele>220.65</ele>
      </trkpt>
      <trkpt lat="41.855887" lon="-8.270621">
        <ele>221.06</ele>
      </trkpt>
      <trkpt lat="41.855883" lon="-8.270917">
        <ele>221.13</ele>
      </trkpt>
      <trkpt lat="41.855902" lon="-8.271225">
        <ele>222.1</ele>
      </trkpt>
      <trkpt lat="41.855893" lon="-8.271382">
        <ele>221.81</ele>
      </trkpt>
      <trkpt lat="41.855802" lon="-8.27192">
        <ele>218.37</ele>
      </trkpt>
      <trkpt lat="41.8558" lon="-8.272241">
        <ele>216.53</ele>
      </trkpt>
      <trkpt lat="41.855788" lon="-8.272566">
        <ele>215.02</ele>
      </trkpt>
      <trkpt lat="41.855742" lon="-8.272791">
        <ele>213.79</ele>
      </trkpt>
      <trkpt lat="41.855546" lon="-8.273169">
        <ele>211.75</ele>
      </trkpt>
      <trkpt lat="41.855092" lon="-8.273666">
        <ele>206.78</ele>
      </trkpt>
      <trkpt lat="41.854864" lon="-8.273915">
        <ele>205.97</ele>
      </trkpt>
      <trkpt lat="41.854785" lon="-8.274041">
        <ele>206.82</ele>
      </trkpt>
      <trkpt lat="41.854726" lon="-8.274186">
        <ele>207.13</ele>
      </trkpt>
      <trkpt lat="41.854695" lon="-8.274336">
        <ele>207.27</ele>
      </trkpt>
      <trkpt lat="41.85471" lon="-8.27452">
        <ele>207.68</ele>
      </trkpt>
      <trkpt lat="41.854753" lon="-8.274674">
        <ele>208.32</ele>
      </trkpt>
      <trkpt lat="41.854821" lon="-8.274785">
        <ele>208.98</ele>
      </trkpt>
      <trkpt lat="41.855042" lon="-8.275022">
        <ele>208.43</ele>
      </trkpt>
      <trkpt lat="41.855089" lon="-8.275086">
        <ele>208.16</ele>
      </trkpt>
      <trkpt lat="41.85518" lon="-8.27524">
        <ele>206.29</ele>
      </trkpt>
      <trkpt lat="41.855199" lon="-8.275381">
        <ele>205.43</ele>
      </trkpt>
      <trkpt lat="41.855204" lon="-8.275564">
        <ele>204.02</ele>
      </trkpt>
      <trkpt lat="41.855177" lon="-8.275733">
        <ele>203.21</ele>
      </trkpt>
      <trkpt lat="41.85507" lon="-8.276159">
        <ele>200.94</ele>
      </trkpt>
      <trkpt lat="41.855005" lon="-8.277422">
        <ele>195.97</ele>
      </trkpt>
      <trkpt lat="41.855035" lon="-8.27759">
        <ele>194.9</ele>
      </trkpt>
      <trkpt lat="41.855283" lon="-8.278049">
        <ele>192.86</ele>
      </trkpt>
      <trkpt lat="41.855371" lon="-8.278266">
        <ele>192.69</ele>
      </trkpt>
      <trkpt lat="41.855575" lon="-8.27956">
        <ele>182.93</ele>
      </trkpt>
      <trkpt lat="41.855674" lon="-8.280189">
        <ele>180.24</ele>
      </trkpt>
      <trkpt lat="41.855691" lon="-8.280479">
        <ele>178.78</ele>
      </trkpt>
      <trkpt lat="41.855684" lon="-8.280726">
        <ele>178.41</ele>
      </trkpt>
      <trkpt lat="41.855638" lon="-8.281064">
        <ele>177.24</ele>
      </trkpt>
      <trkpt lat="41.855482" lon="-8.281511">
        <ele>174.3</ele>
      </trkpt>
      <trkpt lat="41.855251" lon="-8.28187">
        <ele>171.38</ele>
      </trkpt>
      <trkpt lat="41.854723" lon="-8.282386">
        <ele>167.03</ele>
      </trkpt>
      <trkpt lat="41.854595" lon="-8.282597">
        <ele>166.29</ele>
      </trkpt>
      <trkpt lat="41.854479" lon="-8.282909">
        <ele>165.07</ele>
      </trkpt>
      <trkpt lat="41.854272" lon="-8.283419">
        <ele>162.81</ele>
      </trkpt>
      <trkpt lat="41.854222" lon="-8.283581">
        <ele>163.03</ele>
      </trkpt>
      <trkpt lat="41.854098" lon="-8.283968">
        <ele>160.22</ele>
      </trkpt>
      <trkpt lat="41.854008" lon="-8.284169">
        <ele>158.59</ele>
      </trkpt>
      <trkpt lat="41.853864" lon="-8.284442">
        <ele>157.25</ele>
      </trkpt>
      <trkpt lat="41.853667" lon="-8.284745">
        <ele>154.71</ele>
      </trkpt>
      <trkpt lat="41.853533" lon="-8.284902">
        <ele>154.45</ele>
      </trkpt>
      <trkpt lat="41.853348" lon="-8.28507">
        <ele>152.82</ele>
      </trkpt>
      <trkpt lat="41.853093" lon="-8.285202">
        <ele>152.96</ele>
      </trkpt>
      <trkpt lat="41.852608" lon="-8.285414">
        <ele>151.56</ele>
      </trkpt>
      <trkpt lat="41.852365" lon="-8.285519">
        <ele>148.3</ele>
      </trkpt>
      <trkpt lat="41.852083" lon="-8.285659">
        <ele>147.04</ele>
      </trkpt>
      <trkpt lat="41.851874" lon="-8.285699">
        <ele>145.92</ele>
      </trkpt>
      <trkpt lat="41.851703" lon="-8.285643">
        <ele>145.89</ele>
      </trkpt>
      <trkpt lat="41.851504" lon="-8.285423">
        <ele>144.18</ele>
      </trkpt>
      <trkpt lat="41.850935" lon="-8.284728">
        <ele>139.47</ele>
      </trkpt>
      <trkpt lat="41.850813" lon="-8.284606">
        <ele>138.28</ele>
      </trkpt>
      <trkpt lat="41.850661" lon="-8.28452">
        <ele>135.93</ele>
      </trkpt>
      <trkpt lat="41.85051" lon="-8.284488">
        <ele>134.64</ele>
      </trkpt>
      <trkpt lat="41.850372" lon="-8.284493">
        <ele>133.59</ele>
      </trkpt>
      <trkpt lat="41.850208" lon="-8.284541">
        <ele>132.44</ele>
      </trkpt>
      <trkpt lat="41.849636" lon="-8.284774">
        <ele>127.63</ele>
      </trkpt>
      <trkpt lat="41.848887" lon="-8.285078">
        <ele>124.19</ele>
      </trkpt>
      <trkpt lat="41.848743" lon="-8.285164">
        <ele>123.69</ele>
      </trkpt>
      <trkpt lat="41.84863" lon="-8.285268">
        <ele>122.27</ele>
      </trkpt>
      <trkpt lat="41.848529" lon="-8.285387">
        <ele>121.39</ele>
      </trkpt>
      <trkpt lat="41.847929" lon="-8.286249">
        <ele>114.33</ele>
      </trkpt>
      <trkpt lat="41.847802" lon="-8.286384">
        <ele>113.4</ele>
      </trkpt>
      <trkpt lat="41.847695" lon="-8.286447">
        <ele>113.46</ele>
      </trkpt>
      <trkpt lat="41.847567" lon="-8.28649">
        <ele>112.72</ele>
      </trkpt>
      <trkpt lat="41.847007" lon="-8.2865">
        <ele>108.8</ele>
      </trkpt>
      <trkpt lat="41.846877" lon="-8.286474">
        <ele>108.57</ele>
      </trkpt>
      <trkpt lat="41.846711" lon="-8.286379">
        <ele>107.62</ele>
      </trkpt>
      <trkpt lat="41.846581" lon="-8.286213">
        <ele>106.53</ele>
      </trkpt>
      <trkpt lat="41.846386" lon="-8.285823">
        <ele>104.99</ele>
      </trkpt>
      <trkpt lat="41.84629" lon="-8.285684">
        <ele>103.68</ele>
      </trkpt>
      <trkpt lat="41.846154" lon="-8.28558">
        <ele>102.84</ele>
      </trkpt>
      <trkpt lat="41.84605" lon="-8.285564">
        <ele>102.38</ele>
      </trkpt>
      <trkpt lat="41.846004" lon="-8.285556">
        <ele>102.17</ele>
      </trkpt>
      <trkpt lat="41.845894" lon="-8.285589">
        <ele>101.77</ele>
      </trkpt>
      <trkpt lat="41.845798" lon="-8.285663">
        <ele>102.12</ele>
      </trkpt>
      <trkpt lat="41.845726" lon="-8.285789">
        <ele>101.36</ele>
      </trkpt>
      <trkpt lat="41.84562" lon="-8.286087">
        <ele>101.07</ele>
      </trkpt>
      <trkpt lat="41.845513" lon="-8.286386">
        <ele>103.45</ele>
      </trkpt>
      <trkpt lat="41.845436" lon="-8.28655">
        <ele>103.11</ele>
      </trkpt>
      <trkpt lat="41.845345" lon="-8.286644">
        <ele>103.08</ele>
      </trkpt>
      <trkpt lat="41.845244" lon="-8.286697">
        <ele>102.07</ele>
      </trkpt>
      <trkpt lat="41.845109" lon="-8.286716">
        <ele>101.21</ele>
      </trkpt>
      <trkpt lat="41.844955" lon="-8.286697">
        <ele>100.61</ele>
      </trkpt>
      <trkpt lat="41.844366" lon="-8.286505">
        <ele>95.61</ele>
      </trkpt>
      <trkpt lat="41.84422" lon="-8.286477">
        <ele>94.73</ele>
      </trkpt>
      <trkpt lat="41.844061" lon="-8.286494">
        <ele>93.36</ele>
      </trkpt>
      <trkpt lat="41.843893" lon="-8.286582">
        <ele>92.06</ele>
      </trkpt>
      <trkpt lat="41.843779" lon="-8.28667">
        <ele>91.24</ele>
      </trkpt>
      <trkpt lat="41.843681" lon="-8.286771">
        <ele>90.66</ele>
      </trkpt>
      <trkpt lat="41.843068" lon="-8.287591">
        <ele>85.18</ele>
      </trkpt>
      <trkpt lat="41.842958" lon="-8.287713">
        <ele>85.56</ele>
      </trkpt>
      <trkpt lat="41.842848" lon="-8.287814">
        <ele>85.58</ele>
      </trkpt>
      <trkpt lat="41.842738" lon="-8.287885">
        <ele>85.31</ele>
      </trkpt>
      <trkpt lat="41.842227" lon="-8.28806">
        <ele>86.41</ele>
      </trkpt>
      <trkpt lat="41.842101" lon="-8.28814">
        <ele>85.91</ele>
      </trkpt>
      <trkpt lat="41.84195" lon="-8.288288">
        <ele>85.65</ele>
      </trkpt>
      <trkpt lat="41.841838" lon="-8.288444">
        <ele>85.53</ele>
      </trkpt>
      <trkpt lat="41.841304" lon="-8.289327">
        <ele>82.59</ele>
      </trkpt>
      <trkpt lat="41.841173" lon="-8.289472">
        <ele>82.14</ele>
      </trkpt>
      <trkpt lat="41.840842" lon="-8.289768">
        <ele>80.63</ele>
      </trkpt>
      <trkpt lat="41.840743" lon="-8.289877">
        <ele>79.23</ele>
      </trkpt>
      <trkpt lat="41.840653" lon="-8.290034">
        <ele>78.4</ele>
      </trkpt>
      <trkpt lat="41.840615" lon="-8.290217">
        <ele>77.27</ele>
      </trkpt>
      <trkpt lat="41.840605" lon="-8.29043">
        <ele>76.17</ele>
      </trkpt>
      <trkpt lat="41.840636" lon="-8.291192">
        <ele>79.18</ele>
      </trkpt>
      <trkpt lat="41.840642" lon="-8.29145">
        <ele>78.31</ele>
      </trkpt>
      <trkpt lat="41.840639" lon="-8.291751">
        <ele>76.62</ele>
      </trkpt>
      <trkpt lat="41.840554" lon="-8.293109">
        <ele>78.44</ele>
      </trkpt>
      <trkpt lat="41.840515" lon="-8.293329">
        <ele>78.5</ele>
      </trkpt>
      <trkpt lat="41.840429" lon="-8.293563">
        <ele>79.38</ele>
      </trkpt>
      <trkpt lat="41.840298" lon="-8.293764">
        <ele>77.6</ele>
      </trkpt>
      <trkpt lat="41.840091" lon="-8.294012">
        <ele>77.02</ele>
      </trkpt>
      <trkpt lat="41.839839" lon="-8.294251">
        <ele>78.21</ele>
      </trkpt>
      <trkpt lat="41.838847" lon="-8.295033">
        <ele>80.55</ele>
      </trkpt>
      <trkpt lat="41.838514" lon="-8.295136">
        <ele>81.2</ele>
      </trkpt>
      <trkpt lat="41.838066" lon="-8.295122">
        <ele>81.58</ele>
      </trkpt>
      <trkpt lat="41.837981" lon="-8.29513">
        <ele>81.49</ele>
      </trkpt>
      <trkpt lat="41.837871" lon="-8.295174">
        <ele>82.28</ele>
      </trkpt>
      <trkpt lat="41.837804" lon="-8.295236">
        <ele>82.42</ele>
      </trkpt>
      <trkpt lat="41.837719" lon="-8.295335">
        <ele>82.2</ele>
      </trkpt>
      <trkpt lat="41.837457" lon="-8.295604">
        <ele>86.01</ele>
      </trkpt>
      <trkpt lat="41.837374" lon="-8.295649">
        <ele>86.67</ele>
      </trkpt>
      <trkpt lat="41.837249" lon="-8.29568">
        <ele>87.74</ele>
      </trkpt>
      <trkpt lat="41.837136" lon="-8.295657">
        <ele>87.85</ele>
      </trkpt>
      <trkpt lat="41.837068" lon="-8.295629">
        <ele>88.07</ele>
      </trkpt>
      <trkpt lat="41.836699" lon="-8.295377">
        <ele>89.92</ele>
      </trkpt>
      <trkpt lat="41.8365" lon="-8.295241">
        <ele>92.6</ele>
      </trkpt>
      <trkpt lat="41.836441" lon="-8.295222">
        <ele>93</ele>
      </trkpt>
      <trkpt lat="41.836236" lon="-8.295214">
        <ele>93.62</ele>
      </trkpt>
      <trkpt lat="41.836041" lon="-8.295328">
        <ele>95.29</ele>
      </trkpt>
      <trkpt lat="41.835861" lon="-8.295602">
        <ele>97.09</ele>
      </trkpt>
      <trkpt lat="41.835589" lon="-8.296511">
        <ele>97.93</ele>
      </trkpt>
      <trkpt lat="41.835496" lon="-8.296702">
        <ele>95.84</ele>
      </trkpt>
      <trkpt lat="41.835183" lon="-8.297293">
        <ele>95.98</ele>
      </trkpt>
      <trkpt lat="41.83512" lon="-8.297537">
        <ele>96.97</ele>
      </trkpt>
      <trkpt lat="41.835108" lon="-8.297761">
        <ele>97.83</ele>
      </trkpt>
      <trkpt lat="41.835127" lon="-8.298241">
        <ele>96.82</ele>
      </trkpt>
      <trkpt lat="41.835084" lon="-8.298503">
        <ele>95.25</ele>
      </trkpt>
      <trkpt lat="41.835015" lon="-8.298678">
        <ele>94.15</ele>
      </trkpt>
      <trkpt lat="41.834571" lon="-8.299643">
        <ele>90.25</ele>
      </trkpt>
      <trkpt lat="41.834419" lon="-8.299873">
        <ele>87.87</ele>
      </trkpt>
      <trkpt lat="41.834278" lon="-8.299967">
        <ele>86.81</ele>
      </trkpt>
      <trkpt lat="41.83408" lon="-8.300005">
        <ele>84.59</ele>
      </trkpt>
      <trkpt lat="41.833914" lon="-8.299974">
        <ele>82.69</ele>
      </trkpt>
      <trkpt lat="41.833605" lon="-8.299823">
        <ele>81.63</ele>
      </trkpt>
      <trkpt lat="41.833296" lon="-8.299673">
        <ele>78.54</ele>
      </trkpt>
      <trkpt lat="41.833167" lon="-8.299623">
        <ele>77.68</ele>
      </trkpt>
      <trkpt lat="41.832955" lon="-8.299612">
        <ele>76.22</ele>
      </trkpt>
      <trkpt lat="41.832686" lon="-8.299676">
        <ele>76</ele>
      </trkpt>
      <trkpt lat="41.831976" lon="-8.299964">
        <ele>75.6</ele>
      </trkpt>
      <trkpt lat="41.831838" lon="-8.300095">
        <ele>74.99</ele>
      </trkpt>
      <trkpt lat="41.831759" lon="-8.300227">
        <ele>75.06</ele>
      </trkpt>
      <trkpt lat="41.831665" lon="-8.300494">
        <ele>75.42</ele>
      </trkpt>
      <trkpt lat="41.831666" lon="-8.300553">
        <ele>75.48</ele>
      </trkpt>
      <trkpt lat="41.831671" lon="-8.300752">
        <ele>75.7</ele>
      </trkpt>
      <trkpt lat="41.831791" lon="-8.301396">
        <ele>76.31</ele>
      </trkpt>
      <trkpt lat="41.831813" lon="-8.301692">
        <ele>76.26</ele>
      </trkpt>
      <trkpt lat="41.831799" lon="-8.301975">
        <ele>75.47</ele>
      </trkpt>
      <trkpt lat="41.831477" lon="-8.303152">
        <ele>72.78</ele>
      </trkpt>
      <trkpt lat="41.831382" lon="-8.303362">
        <ele>71.19</ele>
      </trkpt>
      <trkpt lat="41.831268" lon="-8.303545">
        <ele>69.23</ele>
      </trkpt>
      <trkpt lat="41.831081" lon="-8.303688">
        <ele>67.13</ele>
      </trkpt>
      <trkpt lat="41.830558" lon="-8.303927">
        <ele>63.23</ele>
      </trkpt>
      <trkpt lat="41.830384" lon="-8.304093">
        <ele>61.38</ele>
      </trkpt>
      <trkpt lat="41.830252" lon="-8.304332">
        <ele>60.48</ele>
      </trkpt>
      <trkpt lat="41.830165" lon="-8.304656">
        <ele>59.35</ele>
      </trkpt>
      <trkpt lat="41.830078" lon="-8.304981">
        <ele>60.79</ele>
      </trkpt>
      <trkpt lat="41.829817" lon="-8.305956">
        <ele>60.29</ele>
      </trkpt>
      <trkpt lat="41.82973" lon="-8.306281">
        <ele>58.73</ele>
      </trkpt>
      <trkpt lat="41.829659" lon="-8.306485">
        <ele>57.58</ele>
      </trkpt>
      <trkpt lat="41.828978" lon="-8.307778">
        <ele>58.38</ele>
      </trkpt>
      <trkpt lat="41.828793" lon="-8.307995">
        <ele>58.3</ele>
      </trkpt>
      <trkpt lat="41.828589" lon="-8.308176">
        <ele>58.68</ele>
      </trkpt>
      <trkpt lat="41.828044" lon="-8.308518">
        <ele>55.91</ele>
      </trkpt>
      <trkpt lat="41.827804" lon="-8.30871">
        <ele>55.88</ele>
      </trkpt>
      <trkpt lat="41.827513" lon="-8.309079">
        <ele>58.56</ele>
      </trkpt>
      <trkpt lat="41.826622" lon="-8.310409">
        <ele>65.7</ele>
      </trkpt>
      <trkpt lat="41.826481" lon="-8.310599">
        <ele>66.79</ele>
      </trkpt>
      <trkpt lat="41.826346" lon="-8.310744">
        <ele>66.73</ele>
      </trkpt>
      <trkpt lat="41.826098" lon="-8.310928">
        <ele>68.35</ele>
      </trkpt>
      <trkpt lat="41.825108" lon="-8.311389">
        <ele>74.85</ele>
      </trkpt>
      <trkpt lat="41.824613" lon="-8.311619">
        <ele>75.91</ele>
      </trkpt>
      <trkpt lat="41.824384" lon="-8.31176">
        <ele>75.99</ele>
      </trkpt>
      <trkpt lat="41.824042" lon="-8.311944">
        <ele>76.26</ele>
      </trkpt>
      <trkpt lat="41.823521" lon="-8.312285">
        <ele>74.16</ele>
      </trkpt>
      <trkpt lat="41.822507" lon="-8.313012">
        <ele>68.89</ele>
      </trkpt>
      <trkpt lat="41.822206" lon="-8.313271">
        <ele>65.14</ele>
      </trkpt>
      <trkpt lat="41.82203" lon="-8.313457">
        <ele>62.91</ele>
      </trkpt>
      <trkpt lat="41.821947" lon="-8.313577">
        <ele>61.21</ele>
      </trkpt>
      <trkpt lat="41.821861" lon="-8.313725">
        <ele>60.6</ele>
      </trkpt>
      <trkpt lat="41.82176" lon="-8.313964">
        <ele>59.68</ele>
      </trkpt>
      <trkpt lat="41.821689" lon="-8.314207">
        <ele>58.79</ele>
      </trkpt>
      <trkpt lat="41.821652" lon="-8.314416">
        <ele>58.04</ele>
      </trkpt>
      <trkpt lat="41.821637" lon="-8.314601">
        <ele>57.38</ele>
      </trkpt>
      <trkpt lat="41.821628" lon="-8.314762">
        <ele>59.24</ele>
      </trkpt>
      <trkpt lat="41.821694" lon="-8.317623">
        <ele>59.99</ele>
      </trkpt>
      <trkpt lat="41.821392" lon="-8.317575">
        <ele>60.94</ele>
      </trkpt>
      <trkpt lat="41.821179" lon="-8.317479">
        <ele>62.69</ele>
      </trkpt>
      <trkpt lat="41.821082" lon="-8.317352">
        <ele>64.4</ele>
      </trkpt>
      <trkpt lat="41.821049" lon="-8.317149">
        <ele>66.07</ele>
      </trkpt>
      <trkpt lat="41.821038" lon="-8.316791">
        <ele>68.05</ele>
      </trkpt>
      <trkpt lat="41.820856" lon="-8.315879">
        <ele>70.56</ele>
      </trkpt>
      <trkpt lat="41.820797" lon="-8.3157">
        <ele>70.28</ele>
      </trkpt>
      <trkpt lat="41.820729" lon="-8.315536">
        <ele>70.45</ele>
      </trkpt>
      <trkpt lat="41.82064" lon="-8.315432">
        <ele>69.76</ele>
      </trkpt>
      <trkpt lat="41.820581" lon="-8.3154">
        <ele>69.36</ele>
      </trkpt>
      <trkpt lat="41.820371" lon="-8.315419">
        <ele>69.34</ele>
      </trkpt>
      <trkpt lat="41.820303" lon="-8.31541">
        <ele>69.17</ele>
      </trkpt>
      <trkpt lat="41.820262" lon="-8.315371">
        <ele>69</ele>
      </trkpt>
      <trkpt lat="41.820187" lon="-8.315229">
        <ele>69</ele>
      </trkpt>
      <trkpt lat="41.820139" lon="-8.314966">
        <ele>70.34</ele>
      </trkpt>
      <trkpt lat="41.820082" lon="-8.314787">
        <ele>70.36</ele>
      </trkpt>
      <trkpt lat="41.819964" lon="-8.314549">
        <ele>69.91</ele>
      </trkpt>
      <trkpt lat="41.819824" lon="-8.314285">
        <ele>71.25</ele>
      </trkpt>
      <trkpt lat="41.819583" lon="-8.313835">
        <ele>76.55</ele>
      </trkpt>
      <trkpt lat="41.819392" lon="-8.31348">
        <ele>80.07</ele>
      </trkpt>
      <trkpt lat="41.819314" lon="-8.313377">
        <ele>80.66</ele>
      </trkpt>
      <trkpt lat="41.819196" lon="-8.313276">
        <ele>81.92</ele>
      </trkpt>
      <trkpt lat="41.819092" lon="-8.313201">
        <ele>82.42</ele>
      </trkpt>
      <trkpt lat="41.819004" lon="-8.31289">
        <ele>84.45</ele>
      </trkpt>
      <trkpt lat="41.818895" lon="-8.312348">
        <ele>88.36</ele>
      </trkpt>
      <trkpt lat="41.818876" lon="-8.312197">
        <ele>89.63</ele>
      </trkpt>
      <trkpt lat="41.818872" lon="-8.312001">
        <ele>91.52</ele>
      </trkpt>
      <trkpt lat="41.818881" lon="-8.311816">
        <ele>93.5</ele>
      </trkpt>
      <trkpt lat="41.818932" lon="-8.311398">
        <ele>96.16</ele>
      </trkpt>
      <trkpt lat="41.81902" lon="-8.31124">
        <ele>97.16</ele>
      </trkpt>
      <trkpt lat="41.819069" lon="-8.311114">
        <ele>98.28</ele>
      </trkpt>
      <trkpt lat="41.819194" lon="-8.310612">
        <ele>99.63</ele>
      </trkpt>
      <trkpt lat="41.819254" lon="-8.31052">
        <ele>100.27</ele>
      </trkpt>
      <trkpt lat="41.819288" lon="-8.310438">
        <ele>100.71</ele>
      </trkpt>
      <trkpt lat="41.819303" lon="-8.310335">
        <ele>101.69</ele>
      </trkpt>
      <trkpt lat="41.819269" lon="-8.310232">
        <ele>102.88</ele>
      </trkpt>
      <trkpt lat="41.819245" lon="-8.309971">
        <ele>104</ele>
      </trkpt>
      <trkpt lat="41.819072" lon="-8.309955">
        <ele>104</ele>
      </trkpt>
      <trkpt lat="41.81889" lon="-8.310007">
        <ele>104</ele>
      </trkpt>
      <trkpt lat="41.81877" lon="-8.310018">
        <ele>104</ele>
      </trkpt>
      <trkpt lat="41.81852" lon="-8.309909">
        <ele>104.69</ele>
      </trkpt>
      <trkpt lat="41.818475" lon="-8.309907">
        <ele>105.19</ele>
      </trkpt>
      <trkpt lat="41.818429" lon="-8.309927">
        <ele>105.66</ele>
      </trkpt>
      <trkpt lat="41.81838" lon="-8.309985">
        <ele>105.67</ele>
      </trkpt>
      <trkpt lat="41.818321" lon="-8.310031">
        <ele>106.12</ele>
      </trkpt>
      <trkpt lat="41.818231" lon="-8.310043">
        <ele>107.36</ele>
      </trkpt>
      <trkpt lat="41.818186" lon="-8.309971">
        <ele>109.33</ele>
      </trkpt>
      <trkpt lat="41.818046" lon="-8.309557">
        <ele>113.48</ele>
      </trkpt>
      <trkpt lat="41.818003" lon="-8.30948">
        <ele>113.92</ele>
      </trkpt>
      <trkpt lat="41.817924" lon="-8.309425">
        <ele>114.5</ele>
      </trkpt>
      <trkpt lat="41.81762" lon="-8.309305">
        <ele>116.44</ele>
      </trkpt>
      <trkpt lat="41.817235" lon="-8.309282">
        <ele>117.94</ele>
      </trkpt>
      <trkpt lat="41.817111" lon="-8.309227">
        <ele>118.83</ele>
      </trkpt>
      <trkpt lat="41.817045" lon="-8.309145">
        <ele>118.83</ele>
      </trkpt>
      <trkpt lat="41.816689" lon="-8.308625">
        <ele>122.1</ele>
      </trkpt>
      <trkpt lat="41.816485" lon="-8.308459">
        <ele>124.76</ele>
      </trkpt>
      <trkpt lat="41.816222" lon="-8.308334">
        <ele>126.02</ele>
      </trkpt>
      <trkpt lat="41.816026" lon="-8.308208">
        <ele>128.44</ele>
      </trkpt>
      <trkpt lat="41.815978" lon="-8.308153">
        <ele>130.14</ele>
      </trkpt>
      <trkpt lat="41.815993" lon="-8.30797">
        <ele>133.45</ele>
      </trkpt>
      <trkpt lat="41.816029" lon="-8.307751">
        <ele>134.93</ele>
      </trkpt>
      <trkpt lat="41.816008" lon="-8.30765">
        <ele>135.74</ele>
      </trkpt>
      <trkpt lat="41.815951" lon="-8.307582">
        <ele>136.53</ele>
      </trkpt>
      <trkpt lat="41.815785" lon="-8.30754">
        <ele>139.29</ele>
      </trkpt>
      <trkpt lat="41.815521" lon="-8.307544">
        <ele>143.81</ele>
      </trkpt>
      <trkpt lat="41.815382" lon="-8.307531">
        <ele>145.33</ele>
      </trkpt>
      <trkpt lat="41.815258" lon="-8.307488">
        <ele>146.27</ele>
      </trkpt>
      <trkpt lat="41.814974" lon="-8.307558">
        <ele>147.24</ele>
      </trkpt>
      <trkpt lat="41.814714" lon="-8.307552">
        <ele>149.58</ele>
      </trkpt>
      <trkpt lat="41.814434" lon="-8.307408">
        <ele>150.91</ele>
      </trkpt>
      <trkpt lat="41.814206" lon="-8.3073">
        <ele>153.97</ele>
      </trkpt>
      <trkpt lat="41.814106" lon="-8.307354">
        <ele>156.26</ele>
      </trkpt>
      <trkpt lat="41.813958" lon="-8.307611">
        <ele>158.37</ele>
      </trkpt>
      <trkpt lat="41.813459" lon="-8.307976">
        <ele>162.74</ele>
      </trkpt>
      <trkpt lat="41.813243" lon="-8.308035">
        <ele>165.86</ele>
      </trkpt>
      <trkpt lat="41.813123" lon="-8.307987">
        <ele>167.92</ele>
      </trkpt>
      <trkpt lat="41.813131" lon="-8.307826">
        <ele>170.58</ele>
      </trkpt>
      <trkpt lat="41.813366" lon="-8.307317">
        <ele>174.01</ele>
      </trkpt>
      <trkpt lat="41.813565" lon="-8.306969">
        <ele>176.71</ele>
      </trkpt>
      <trkpt lat="41.813686" lon="-8.306292">
        <ele>184.77</ele>
      </trkpt>
      <trkpt lat="41.81378" lon="-8.305551">
        <ele>192.79</ele>
      </trkpt>
      <trkpt lat="41.813826" lon="-8.305181">
        <ele>194.69</ele>
      </trkpt>
      <trkpt lat="41.813828" lon="-8.305033">
        <ele>195.45</ele>
      </trkpt>
      <trkpt lat="41.813802" lon="-8.304929">
        <ele>196.22</ele>
      </trkpt>
      <trkpt lat="41.813714" lon="-8.304752">
        <ele>197.74</ele>
      </trkpt>
      <trkpt lat="41.813523" lon="-8.304532">
        <ele>200.93</ele>
      </trkpt>
      <trkpt lat="41.813303" lon="-8.304205">
        <ele>205.64</ele>
      </trkpt>
      <trkpt lat="41.813031" lon="-8.303572">
        <ele>212.23</ele>
      </trkpt>
      <trkpt lat="41.812951" lon="-8.30295">
        <ele>215.9</ele>
      </trkpt>
      <trkpt lat="41.812987" lon="-8.302403">
        <ele>219.88</ele>
      </trkpt>
      <trkpt lat="41.813095" lon="-8.302065">
        <ele>223.59</ele>
      </trkpt>
      <trkpt lat="41.813251" lon="-8.3018">
        <ele>227.02</ele>
      </trkpt>
      <trkpt lat="41.813274" lon="-8.301731">
        <ele>227.96</ele>
      </trkpt>
      <trkpt lat="41.813277" lon="-8.301644">
        <ele>229</ele>
      </trkpt>
      <trkpt lat="41.813263" lon="-8.301576">
        <ele>229.95</ele>
      </trkpt>
      <trkpt lat="41.813243" lon="-8.301528">
        <ele>230.62</ele>
      </trkpt>
      <trkpt lat="41.813173" lon="-8.301446">
        <ele>231.51</ele>
      </trkpt>
      <trkpt lat="41.813142" lon="-8.301395">
        <ele>231.96</ele>
      </trkpt>
      <trkpt lat="41.813126" lon="-8.301341">
        <ele>232.44</ele>
      </trkpt>
      <trkpt lat="41.813119" lon="-8.301287">
        <ele>232.95</ele>
      </trkpt>
      <trkpt lat="41.813108" lon="-8.300993">
        <ele>235.04</ele>
      </trkpt>
      <trkpt lat="41.813089" lon="-8.300915">
        <ele>235.49</ele>
      </trkpt>
      <trkpt lat="41.813053" lon="-8.300827">
        <ele>236.2</ele>
      </trkpt>
      <trkpt lat="41.812979" lon="-8.300713">
        <ele>237.21</ele>
      </trkpt>
      <trkpt lat="41.812743" lon="-8.300471">
        <ele>239.91</ele>
      </trkpt>
      <trkpt lat="41.81269" lon="-8.300406">
        <ele>240.51</ele>
      </trkpt>
      <trkpt lat="41.812663" lon="-8.300342">
        <ele>240.78</ele>
      </trkpt>
      <trkpt lat="41.812654" lon="-8.300243">
        <ele>241.58</ele>
      </trkpt>
      <trkpt lat="41.812675" lon="-8.299552">
        <ele>243.8</ele>
      </trkpt>
      <trkpt lat="41.812642" lon="-8.299309">
        <ele>244.5</ele>
      </trkpt>
      <trkpt lat="41.812618" lon="-8.299194">
        <ele>245</ele>
      </trkpt>
      <trkpt lat="41.812559" lon="-8.299065">
        <ele>245.51</ele>
      </trkpt>
      <trkpt lat="41.812511" lon="-8.299007">
        <ele>246</ele>
      </trkpt>
      <trkpt lat="41.812339" lon="-8.298889">
        <ele>245.33</ele>
      </trkpt>
      <trkpt lat="41.812016" lon="-8.298642">
        <ele>247.43</ele>
      </trkpt>
      <trkpt lat="41.811973" lon="-8.298633">
        <ele>248.03</ele>
      </trkpt>
      <trkpt lat="41.811939" lon="-8.298631">
        <ele>248.42</ele>
      </trkpt>
      <trkpt lat="41.811909" lon="-8.298646">
        <ele>248.46</ele>
      </trkpt>
      <trkpt lat="41.811834" lon="-8.298732">
        <ele>248.02</ele>
      </trkpt>
      <trkpt lat="41.811659" lon="-8.298953">
        <ele>250.74</ele>
      </trkpt>
      <trkpt lat="41.811591" lon="-8.298986">
        <ele>251.49</ele>
      </trkpt>
      <trkpt lat="41.811503" lon="-8.298986">
        <ele>251.85</ele>
      </trkpt>
      <trkpt lat="41.811279" lon="-8.298857">
        <ele>254.21</ele>
      </trkpt>
      <trkpt lat="41.811234" lon="-8.298865">
        <ele>254.07</ele>
      </trkpt>
      <trkpt lat="41.811195" lon="-8.29889">
        <ele>254.11</ele>
      </trkpt>
      <trkpt lat="41.81116" lon="-8.298932">
        <ele>255.41</ele>
      </trkpt>
      <trkpt lat="41.811133" lon="-8.298974">
        <ele>256.5</ele>
      </trkpt>
      <trkpt lat="41.811118" lon="-8.299026">
        <ele>257.26</ele>
      </trkpt>
      <trkpt lat="41.811112" lon="-8.299109">
        <ele>257.94</ele>
      </trkpt>
      <trkpt lat="41.811116" lon="-8.299501">
        <ele>260.43</ele>
      </trkpt>
      <trkpt lat="41.811106" lon="-8.299598">
        <ele>260.72</ele>
      </trkpt>
      <trkpt lat="41.811089" lon="-8.299699">
        <ele>261.25</ele>
      </trkpt>
      <trkpt lat="41.811048" lon="-8.299812">
        <ele>261.87</ele>
      </trkpt>
      <trkpt lat="41.811012" lon="-8.299871">
        <ele>262.1</ele>
      </trkpt>
      <trkpt lat="41.810965" lon="-8.299933">
        <ele>262.03</ele>
      </trkpt>
      <trkpt lat="41.810892" lon="-8.299983">
        <ele>261.94</ele>
      </trkpt>
      <trkpt lat="41.810752" lon="-8.300001">
        <ele>262.98</ele>
      </trkpt>
      <trkpt lat="41.810684" lon="-8.299983">
        <ele>264.02</ele>
      </trkpt>
      <trkpt lat="41.810528" lon="-8.299876">
        <ele>265.3</ele>
      </trkpt>
      <trkpt lat="41.810288" lon="-8.29956">
        <ele>268.91</ele>
      </trkpt>
      <trkpt lat="41.810008" lon="-8.299061">
        <ele>275.68</ele>
      </trkpt>
      <trkpt lat="41.80972" lon="-8.298632">
        <ele>281.08</ele>
      </trkpt>
      <trkpt lat="41.809584" lon="-8.298497">
        <ele>283.06</ele>
      </trkpt>
      <trkpt lat="41.809312" lon="-8.298417">
        <ele>286.06</ele>
      </trkpt>
      <trkpt lat="41.809169" lon="-8.298272">
        <ele>287.64</ele>
      </trkpt>
      <trkpt lat="41.809033" lon="-8.297773">
        <ele>291.04</ele>
      </trkpt>
      <trkpt lat="41.808817" lon="-8.296641">
        <ele>299.86</ele>
      </trkpt>
      <trkpt lat="41.808857" lon="-8.296335">
        <ele>301.71</ele>
      </trkpt>
      <trkpt lat="41.808901" lon="-8.295874">
        <ele>305.95</ele>
      </trkpt>
      <trkpt lat="41.808865" lon="-8.295676">
        <ele>308.62</ele>
      </trkpt>
      <trkpt lat="41.808709" lon="-8.295504">
        <ele>310.33</ele>
      </trkpt>
      <trkpt lat="41.808481" lon="-8.295314">
        <ele>310.98</ele>
      </trkpt>
      <trkpt lat="41.808253" lon="-8.295123">
        <ele>314.11</ele>
      </trkpt>
      <trkpt lat="41.807949" lon="-8.294903">
        <ele>319.17</ele>
      </trkpt>
      <trkpt lat="41.807833" lon="-8.29479">
        <ele>320.17</ele>
      </trkpt>
      <trkpt lat="41.807701" lon="-8.294361">
        <ele>323.02</ele>
      </trkpt>
      <trkpt lat="41.807573" lon="-8.294286">
        <ele>323.86</ele>
      </trkpt>
      <trkpt lat="41.807441" lon="-8.29442">
        <ele>326.09</ele>
      </trkpt>
      <trkpt lat="41.807269" lon="-8.294866">
        <ele>327.18</ele>
      </trkpt>
      <trkpt lat="41.807089" lon="-8.295177">
        <ele>327.98</ele>
      </trkpt>
      <trkpt lat="41.80692" lon="-8.295272">
        <ele>329.17</ele>
      </trkpt>
      <trkpt lat="41.806807" lon="-8.295273">
        <ele>329.82</ele>
      </trkpt>
      <trkpt lat="41.806716" lon="-8.295228">
        <ele>330.37</ele>
      </trkpt>
      <trkpt lat="41.806665" lon="-8.295139">
        <ele>330.84</ele>
      </trkpt>
      <trkpt lat="41.806641" lon="-8.295027">
        <ele>330.99</ele>
      </trkpt>
      <trkpt lat="41.806678" lon="-8.294484">
        <ele>332.89</ele>
      </trkpt>
      <trkpt lat="41.806672" lon="-8.294313">
        <ele>334.59</ele>
      </trkpt>
      <trkpt lat="41.806605" lon="-8.29392">
        <ele>337.4</ele>
      </trkpt>
      <trkpt lat="41.806485" lon="-8.293637">
        <ele>339.09</ele>
      </trkpt>
      <trkpt lat="41.806426" lon="-8.293557">
        <ele>338.89</ele>
      </trkpt>
      <trkpt lat="41.80633" lon="-8.293524">
        <ele>339.24</ele>
      </trkpt>
      <trkpt lat="41.806187" lon="-8.293574">
        <ele>339.93</ele>
      </trkpt>
      <trkpt lat="41.806083" lon="-8.293649">
        <ele>340.83</ele>
      </trkpt>
      <trkpt lat="41.805823" lon="-8.294112">
        <ele>341.94</ele>
      </trkpt>
      <trkpt lat="41.805706" lon="-8.294219">
        <ele>341.96</ele>
      </trkpt>
      <trkpt lat="41.805568" lon="-8.294253">
        <ele>342.29</ele>
      </trkpt>
      <trkpt lat="41.805347" lon="-8.294208">
        <ele>343.54</ele>
      </trkpt>
      <trkpt lat="41.805077" lon="-8.294096">
        <ele>344.4</ele>
      </trkpt>
      <trkpt lat="41.804663" lon="-8.293819">
        <ele>347.17</ele>
      </trkpt>
      <trkpt lat="41.803942" lon="-8.293197">
        <ele>351.37</ele>
      </trkpt>
      <trkpt lat="41.803678" lon="-8.292997">
        <ele>354.49</ele>
      </trkpt>
      <trkpt lat="41.803483" lon="-8.292818">
        <ele>356.53</ele>
      </trkpt>
      <trkpt lat="41.802922" lon="-8.29211">
        <ele>360.79</ele>
      </trkpt>
      <trkpt lat="41.802766" lon="-8.291875">
        <ele>362.15</ele>
      </trkpt>
      <trkpt lat="41.802694" lon="-8.291683">
        <ele>363.17</ele>
      </trkpt>
      <trkpt lat="41.802672" lon="-8.29152">
        <ele>364.35</ele>
      </trkpt>
      <trkpt lat="41.802659" lon="-8.29143">
        <ele>364.99</ele>
      </trkpt>
      <trkpt lat="41.80267" lon="-8.290959">
        <ele>367.58</ele>
      </trkpt>
      <trkpt lat="41.802645" lon="-8.290476">
        <ele>369.54</ele>
      </trkpt>
      <trkpt lat="41.802567" lon="-8.290101">
        <ele>370.26</ele>
      </trkpt>
      <trkpt lat="41.80256" lon="-8.28993">
        <ele>371.59</ele>
      </trkpt>
      <trkpt lat="41.8026" lon="-8.289682">
        <ele>372.78</ele>
      </trkpt>
      <trkpt lat="41.802589" lon="-8.289557">
        <ele>372.5</ele>
      </trkpt>
      <trkpt lat="41.802484" lon="-8.289254">
        <ele>372.11</ele>
      </trkpt>
      <trkpt lat="41.802485" lon="-8.289104">
        <ele>373.23</ele>
      </trkpt>
      <trkpt lat="41.802577" lon="-8.288779">
        <ele>373.26</ele>
      </trkpt>
      <trkpt lat="41.802782" lon="-8.288398">
        <ele>375.89</ele>
      </trkpt>
      <trkpt lat="41.802788" lon="-8.288303">
        <ele>375.95</ele>
      </trkpt>
      <trkpt lat="41.802718" lon="-8.288038">
        <ele>374.2</ele>
      </trkpt>
      <trkpt lat="41.802735" lon="-8.287908">
        <ele>375.16</ele>
      </trkpt>
      <trkpt lat="41.802849" lon="-8.28762">
        <ele>377.63</ele>
      </trkpt>
      <trkpt lat="41.802872" lon="-8.287493">
        <ele>377.59</ele>
      </trkpt>
      <trkpt lat="41.802865" lon="-8.287228">
        <ele>376.97</ele>
      </trkpt>
      <trkpt lat="41.80288" lon="-8.286826">
        <ele>378.38</ele>
      </trkpt>
      <trkpt lat="41.802954" lon="-8.286297">
        <ele>379.64</ele>
      </trkpt>
      <trkpt lat="41.803029" lon="-8.286101">
        <ele>381.91</ele>
      </trkpt>
      <trkpt lat="41.80325" lon="-8.285718">
        <ele>383.93</ele>
      </trkpt>
      <trkpt lat="41.803386" lon="-8.285428">
        <ele>384.58</ele>
      </trkpt>
      <trkpt lat="41.80347" lon="-8.285166">
        <ele>385.24</ele>
      </trkpt>
      <trkpt lat="41.803608" lon="-8.28485">
        <ele>386.87</ele>
      </trkpt>
      <trkpt lat="41.80362" lon="-8.28473">
        <ele>385.74</ele>
      </trkpt>
      <trkpt lat="41.803589" lon="-8.284399">
        <ele>386.29</ele>
      </trkpt>
      <trkpt lat="41.8036" lon="-8.284162">
        <ele>387.52</ele>
      </trkpt>
      <trkpt lat="41.803649" lon="-8.283778">
        <ele>389.87</ele>
      </trkpt>
      <trkpt lat="41.803668" lon="-8.283376">
        <ele>393.47</ele>
      </trkpt>
      <trkpt lat="41.803769" lon="-8.281989">
        <ele>408.49</ele>
      </trkpt>
      <trkpt lat="41.803818" lon="-8.281681">
        <ele>409.97</ele>
      </trkpt>
      <trkpt lat="41.803921" lon="-8.281118">
        <ele>414.25</ele>
      </trkpt>
      <trkpt lat="41.803918" lon="-8.280999">
        <ele>413.81</ele>
      </trkpt>
      <trkpt lat="41.803885" lon="-8.280931">
        <ele>413.88</ele>
      </trkpt>
      <trkpt lat="41.803823" lon="-8.280873">
        <ele>414.07</ele>
      </trkpt>
      <trkpt lat="41.803733" lon="-8.280856">
        <ele>413.92</ele>
      </trkpt>
      <trkpt lat="41.803602" lon="-8.280898">
        <ele>414.93</ele>
      </trkpt>
      <trkpt lat="41.80336" lon="-8.281159">
        <ele>416.42</ele>
      </trkpt>
      <trkpt lat="41.803249" lon="-8.281407">
        <ele>415.94</ele>
      </trkpt>
      <trkpt lat="41.802798" lon="-8.282188">
        <ele>414.37</ele>
      </trkpt>
      <trkpt lat="41.802718" lon="-8.282402">
        <ele>413.75</ele>
      </trkpt>
      <trkpt lat="41.802621" lon="-8.282836">
        <ele>409.04</ele>
      </trkpt>
      <trkpt lat="41.802523" lon="-8.282953">
        <ele>407.96</ele>
      </trkpt>
      <trkpt lat="41.802419" lon="-8.282982">
        <ele>407</ele>
      </trkpt>
      <trkpt lat="41.802263" lon="-8.282905">
        <ele>406.02</ele>
      </trkpt>
      <trkpt lat="41.802164" lon="-8.282875">
        <ele>405.99</ele>
      </trkpt>
      <trkpt lat="41.802069" lon="-8.282912">
        <ele>405.24</ele>
      </trkpt>
      <trkpt lat="41.802002" lon="-8.283004">
        <ele>405.02</ele>
      </trkpt>
      <trkpt lat="41.801836" lon="-8.283798">
        <ele>403.17</ele>
      </trkpt>
      <trkpt lat="41.801765" lon="-8.284003">
        <ele>403</ele>
      </trkpt>
      <trkpt lat="41.801578" lon="-8.284256">
        <ele>402.83</ele>
      </trkpt>
      <trkpt lat="41.8012" lon="-8.284661">
        <ele>404.27</ele>
      </trkpt>
      <trkpt lat="41.801061" lon="-8.284696">
        <ele>405.64</ele>
      </trkpt>
      <trkpt lat="41.800952" lon="-8.284677">
        <ele>406.09</ele>
      </trkpt>
      <trkpt lat="41.800711" lon="-8.284535">
        <ele>406.97</ele>
      </trkpt>
      <trkpt lat="41.800477" lon="-8.28446">
        <ele>407.46</ele>
      </trkpt>
      <trkpt lat="41.80033" lon="-8.28446">
        <ele>407.7</ele>
      </trkpt>
      <trkpt lat="41.800117" lon="-8.284532">
        <ele>408.39</ele>
      </trkpt>
      <trkpt lat="41.799528" lon="-8.284881">
        <ele>410.65</ele>
      </trkpt>
      <trkpt lat="41.799373" lon="-8.284906">
        <ele>411.41</ele>
      </trkpt>
      <trkpt lat="41.79883" lon="-8.284837">
        <ele>413.19</ele>
      </trkpt>
      <trkpt lat="41.798585" lon="-8.284842">
        <ele>416.24</ele>
      </trkpt>
      <trkpt lat="41.797878" lon="-8.285158">
        <ele>424.17</ele>
      </trkpt>
      <trkpt lat="41.797618" lon="-8.285199">
        <ele>425.48</ele>
      </trkpt>
      <trkpt lat="41.797029" lon="-8.285113">
        <ele>425.97</ele>
      </trkpt>
      <trkpt lat="41.796735" lon="-8.28507">
        <ele>428.24</ele>
      </trkpt>
      <trkpt lat="41.796585" lon="-8.284994">
        <ele>429.04</ele>
      </trkpt>
      <trkpt lat="41.796256" lon="-8.284616">
        <ele>433.68</ele>
      </trkpt>
      <trkpt lat="41.795688" lon="-8.283636">
        <ele>439.35</ele>
      </trkpt>
      <trkpt lat="41.795473" lon="-8.283265">
        <ele>441.41</ele>
      </trkpt>
      <trkpt lat="41.795365" lon="-8.283166">
        <ele>443.08</ele>
      </trkpt>
      <trkpt lat="41.795195" lon="-8.283081">
        <ele>444.23</ele>
      </trkpt>
      <trkpt lat="41.795114" lon="-8.283004">
        <ele>445.61</ele>
      </trkpt>
      <trkpt lat="41.795064" lon="-8.282891">
        <ele>447.27</ele>
      </trkpt>
      <trkpt lat="41.795016" lon="-8.282622">
        <ele>448.08</ele>
      </trkpt>
      <trkpt lat="41.79502" lon="-8.282279">
        <ele>449.05</ele>
      </trkpt>
      <trkpt lat="41.795003" lon="-8.282105">
        <ele>448.74</ele>
      </trkpt>
      <trkpt lat="41.794932" lon="-8.281945">
        <ele>448.24</ele>
      </trkpt>
      <trkpt lat="41.794835" lon="-8.281855">
        <ele>448.14</ele>
      </trkpt>
      <trkpt lat="41.794726" lon="-8.281818">
        <ele>447.99</ele>
      </trkpt>
      <trkpt lat="41.794636" lon="-8.281815">
        <ele>447.81</ele>
      </trkpt>
      <trkpt lat="41.794566" lon="-8.281871">
        <ele>448.04</ele>
      </trkpt>
      <trkpt lat="41.794451" lon="-8.282046">
        <ele>449.14</ele>
      </trkpt>
      <trkpt lat="41.794089" lon="-8.282401">
        <ele>448.78</ele>
      </trkpt>
      <trkpt lat="41.793968" lon="-8.282468">
        <ele>449.31</ele>
      </trkpt>
      <trkpt lat="41.793862" lon="-8.282481">
        <ele>449.4</ele>
      </trkpt>
      <trkpt lat="41.793754" lon="-8.282433">
        <ele>449.1</ele>
      </trkpt>
      <trkpt lat="41.793651" lon="-8.282324">
        <ele>449.45</ele>
      </trkpt>
      <trkpt lat="41.793527" lon="-8.281973">
        <ele>448.92</ele>
      </trkpt>
      <trkpt lat="41.793381" lon="-8.281748">
        <ele>448.25</ele>
      </trkpt>
      <trkpt lat="41.792627" lon="-8.281023">
        <ele>450.98</ele>
      </trkpt>
      <trkpt lat="41.792531" lon="-8.280907">
        <ele>451.16</ele>
      </trkpt>
      <trkpt lat="41.792466" lon="-8.280734">
        <ele>451.18</ele>
      </trkpt>
      <trkpt lat="41.79234" lon="-8.280179">
        <ele>448.85</ele>
      </trkpt>
      <trkpt lat="41.792282" lon="-8.280055">
        <ele>447.89</ele>
      </trkpt>
      <trkpt lat="41.792207" lon="-8.279991">
        <ele>447.5</ele>
      </trkpt>
      <trkpt lat="41.792081" lon="-8.279969">
        <ele>447.62</ele>
      </trkpt>
      <trkpt lat="41.791991" lon="-8.279828">
        <ele>448.98</ele>
      </trkpt>
      <trkpt lat="41.791927" lon="-8.279543">
        <ele>449.05</ele>
      </trkpt>
      <trkpt lat="41.791827" lon="-8.279207">
        <ele>449.2</ele>
      </trkpt>
      <trkpt lat="41.791792" lon="-8.27901">
        <ele>448.58</ele>
      </trkpt>
      <trkpt lat="41.791727" lon="-8.278839">
        <ele>448.18</ele>
      </trkpt>
      <trkpt lat="41.791636" lon="-8.278722">
        <ele>448.22</ele>
      </trkpt>
      <trkpt lat="41.791381" lon="-8.278533">
        <ele>449.08</ele>
      </trkpt>
      <trkpt lat="41.791271" lon="-8.278413">
        <ele>450.43</ele>
      </trkpt>
      <trkpt lat="41.791198" lon="-8.278246">
        <ele>451.91</ele>
      </trkpt>
      <trkpt lat="41.791104" lon="-8.277784">
        <ele>454.14</ele>
      </trkpt>
      <trkpt lat="41.790927" lon="-8.277438">
        <ele>458.19</ele>
      </trkpt>
      <trkpt lat="41.790446" lon="-8.276236">
        <ele>467.19</ele>
      </trkpt>
      <trkpt lat="41.790235" lon="-8.275863">
        <ele>470.21</ele>
      </trkpt>
      <trkpt lat="41.790041" lon="-8.275472">
        <ele>473.32</ele>
      </trkpt>
      <trkpt lat="41.789947" lon="-8.275207">
        <ele>475.24</ele>
      </trkpt>
      <trkpt lat="41.789898" lon="-8.274971">
        <ele>477.15</ele>
      </trkpt>
      <trkpt lat="41.789869" lon="-8.274774">
        <ele>478.04</ele>
      </trkpt>
      <trkpt lat="41.7898" lon="-8.274026">
        <ele>484.4</ele>
      </trkpt>
      <trkpt lat="41.789786" lon="-8.273665">
        <ele>487.34</ele>
      </trkpt>
      <trkpt lat="41.789865" lon="-8.273438">
        <ele>490.02</ele>
      </trkpt>
      <trkpt lat="41.789879" lon="-8.273346">
        <ele>488.75</ele>
      </trkpt>
      <trkpt lat="41.789858" lon="-8.27324">
        <ele>486.42</ele>
      </trkpt>
      <trkpt lat="41.789767" lon="-8.273173">
        <ele>485.67</ele>
      </trkpt>
      <trkpt lat="41.789569" lon="-8.273195">
        <ele>486.22</ele>
      </trkpt>
      <trkpt lat="41.789384" lon="-8.273281">
        <ele>486.65</ele>
      </trkpt>
      <trkpt lat="41.789157" lon="-8.27353">
        <ele>487.54</ele>
      </trkpt>
      <trkpt lat="41.788986" lon="-8.27384">
        <ele>491.89</ele>
      </trkpt>
      <trkpt lat="41.788895" lon="-8.274045">
        <ele>492.99</ele>
      </trkpt>
      <trkpt lat="41.788851" lon="-8.274078">
        <ele>493.36</ele>
      </trkpt>
      <trkpt lat="41.788796" lon="-8.274043">
        <ele>494.17</ele>
      </trkpt>
      <trkpt lat="41.788697" lon="-8.273744">
        <ele>499.68</ele>
      </trkpt>
      <trkpt lat="41.788586" lon="-8.273466">
        <ele>501.94</ele>
      </trkpt>
      <trkpt lat="41.788319" lon="-8.272952">
        <ele>508</ele>
      </trkpt>
      <trkpt lat="41.788116" lon="-8.272796">
        <ele>508.85</ele>
      </trkpt>
      <trkpt lat="41.787971" lon="-8.272601">
        <ele>511.74</ele>
      </trkpt>
      <trkpt lat="41.787914" lon="-8.272345">
        <ele>515.51</ele>
      </trkpt>
      <trkpt lat="41.787654" lon="-8.2713">
        <ele>525.78</ele>
      </trkpt>
      <trkpt lat="41.78748" lon="-8.271032">
        <ele>526.46</ele>
      </trkpt>
      <trkpt lat="41.787287" lon="-8.270549">
        <ele>531.69</ele>
      </trkpt>
      <trkpt lat="41.787275" lon="-8.270074">
        <ele>537.96</ele>
      </trkpt>
      <trkpt lat="41.787375" lon="-8.269843">
        <ele>540.82</ele>
      </trkpt>
      <trkpt lat="41.787375" lon="-8.269684">
        <ele>538.21</ele>
      </trkpt>
      <trkpt lat="41.787285" lon="-8.269431">
        <ele>539.41</ele>
      </trkpt>
      <trkpt lat="41.787261" lon="-8.269105">
        <ele>543.15</ele>
      </trkpt>
      <trkpt lat="41.787309" lon="-8.268847">
        <ele>546.24</ele>
      </trkpt>
      <trkpt lat="41.787378" lon="-8.268661">
        <ele>548.6</ele>
      </trkpt>
      <trkpt lat="41.787428" lon="-8.268457">
        <ele>548.24</ele>
      </trkpt>
      <trkpt lat="41.787363" lon="-8.268179">
        <ele>547.64</ele>
      </trkpt>
      <trkpt lat="41.78729" lon="-8.267438">
        <ele>554.4</ele>
      </trkpt>
      <trkpt lat="41.787225" lon="-8.267287">
        <ele>553.76</ele>
      </trkpt>
      <trkpt lat="41.78678" lon="-8.265789">
        <ele>564.32</ele>
      </trkpt>
      <trkpt lat="41.786718" lon="-8.26539">
        <ele>567.46</ele>
      </trkpt>
      <trkpt lat="41.786664" lon="-8.265353">
        <ele>565.4</ele>
      </trkpt>
      <trkpt lat="41.786458" lon="-8.265214">
        <ele>566.9</ele>
      </trkpt>
      <trkpt lat="41.786334" lon="-8.264907">
        <ele>571.65</ele>
      </trkpt>
      <trkpt lat="41.786094" lon="-8.264601">
        <ele>572.97</ele>
      </trkpt>
      <trkpt lat="41.78601" lon="-8.264287">
        <ele>574.57</ele>
      </trkpt>
      <trkpt lat="41.785834" lon="-8.264156">
        <ele>571</ele>
      </trkpt>
      <trkpt lat="41.785717" lon="-8.264169">
        <ele>570.94</ele>
      </trkpt>
      <trkpt lat="41.785546" lon="-8.264387">
        <ele>570.59</ele>
      </trkpt>
      <trkpt lat="41.785441" lon="-8.264613">
        <ele>572.95</ele>
      </trkpt>
      <trkpt lat="41.785424" lon="-8.264935">
        <ele>575.53</ele>
      </trkpt>
      <trkpt lat="41.785455" lon="-8.265546">
        <ele>580.54</ele>
      </trkpt>
      <trkpt lat="41.785531" lon="-8.26591">
        <ele>583.09</ele>
      </trkpt>
      <trkpt lat="41.785542" lon="-8.266162">
        <ele>585.1</ele>
      </trkpt>
      <trkpt lat="41.785565" lon="-8.266538">
        <ele>584.12</ele>
      </trkpt>
      <trkpt lat="41.785559" lon="-8.266753">
        <ele>584.67</ele>
      </trkpt>
      <trkpt lat="41.785515" lon="-8.266997">
        <ele>585.95</ele>
      </trkpt>
      <trkpt lat="41.785441" lon="-8.267159">
        <ele>585.6</ele>
      </trkpt>
      <trkpt lat="41.78524" lon="-8.26741">
        <ele>588.27</ele>
      </trkpt>
      <trkpt lat="41.78515" lon="-8.267486">
        <ele>589.79</ele>
      </trkpt>
      <trkpt lat="41.784941" lon="-8.267558">
        <ele>594.93</ele>
      </trkpt>
      <trkpt lat="41.784788" lon="-8.267593">
        <ele>596.14</ele>
      </trkpt>
      <trkpt lat="41.78461" lon="-8.267682">
        <ele>597.86</ele>
      </trkpt>
      <trkpt lat="41.784567" lon="-8.267674">
        <ele>598.58</ele>
      </trkpt>
      <trkpt lat="41.784538" lon="-8.267648">
        <ele>599.42</ele>
      </trkpt>
      <trkpt lat="41.784534" lon="-8.267603">
        <ele>600.26</ele>
      </trkpt>
      <trkpt lat="41.784547" lon="-8.267555">
        <ele>601.08</ele>
      </trkpt>
      <trkpt lat="41.784797" lon="-8.267324">
        <ele>603.85</ele>
      </trkpt>
      <trkpt lat="41.784837" lon="-8.267225">
        <ele>606.48</ele>
      </trkpt>
      <trkpt lat="41.784922" lon="-8.266841">
        <ele>611.33</ele>
      </trkpt>
      <trkpt lat="41.784928" lon="-8.266758">
        <ele>612.62</ele>
      </trkpt>
      <trkpt lat="41.784921" lon="-8.26667">
        <ele>613.92</ele>
      </trkpt>
      <trkpt lat="41.784887" lon="-8.266571">
        <ele>615.31</ele>
      </trkpt>
      <trkpt lat="41.784843" lon="-8.266506">
        <ele>616.42</ele>
      </trkpt>
      <trkpt lat="41.784656" lon="-8.266341">
        <ele>618.08</ele>
      </trkpt>
      <trkpt lat="41.784551" lon="-8.266172">
        <ele>619.08</ele>
      </trkpt>
      <trkpt lat="41.784416" lon="-8.266137">
        <ele>619.31</ele>
      </trkpt>
      <trkpt lat="41.784115" lon="-8.265942">
        <ele>620.37</ele>
      </trkpt>
      <trkpt lat="41.783904" lon="-8.265809">
        <ele>619.4</ele>
      </trkpt>
      <trkpt lat="41.783848" lon="-8.26575">
        <ele>619.15</ele>
      </trkpt>
      <trkpt lat="41.783812" lon="-8.265697">
        <ele>618.85</ele>
      </trkpt>
      <trkpt lat="41.783646" lon="-8.265302">
        <ele>620.47</ele>
      </trkpt>
      <trkpt lat="41.783591" lon="-8.265229">
        <ele>621.07</ele>
      </trkpt>
      <trkpt lat="41.783532" lon="-8.265183">
        <ele>621.62</ele>
      </trkpt>
      <trkpt lat="41.783462" lon="-8.265155">
        <ele>622.07</ele>
      </trkpt>
      <trkpt lat="41.783355" lon="-8.26513">
        <ele>622.66</ele>
      </trkpt>
      <trkpt lat="41.783191" lon="-8.265137">
        <ele>622.56</ele>
      </trkpt>
      <trkpt lat="41.78301" lon="-8.265182">
        <ele>621.47</ele>
      </trkpt>
      <trkpt lat="41.782843" lon="-8.265067">
        <ele>625.14</ele>
      </trkpt>
      <trkpt lat="41.782717" lon="-8.265114">
        <ele>623.95</ele>
      </trkpt>
      <trkpt lat="41.782441" lon="-8.265127">
        <ele>622.45</ele>
      </trkpt>
      <trkpt lat="41.782205" lon="-8.264977">
        <ele>622.95</ele>
      </trkpt>
      <trkpt lat="41.781821" lon="-8.264686">
        <ele>619.81</ele>
      </trkpt>
      <trkpt lat="41.78169" lon="-8.264482">
        <ele>620.81</ele>
      </trkpt>
      <trkpt lat="41.781635" lon="-8.264422">
        <ele>621.85</ele>
      </trkpt>
      <trkpt lat="41.781572" lon="-8.264396">
        <ele>622.32</ele>
      </trkpt>
      <trkpt lat="41.781487" lon="-8.264394">
        <ele>623.01</ele>
      </trkpt>
      <trkpt lat="41.781404" lon="-8.264423">
        <ele>623.55</ele>
      </trkpt>
      <trkpt lat="41.781338" lon="-8.264474">
        <ele>623.62</ele>
      </trkpt>
      <trkpt lat="41.781279" lon="-8.264542">
        <ele>624.22</ele>
      </trkpt>
      <trkpt lat="41.781112" lon="-8.265327">
        <ele>618.88</ele>
      </trkpt>
      <trkpt lat="41.781073" lon="-8.265383">
        <ele>618.18</ele>
      </trkpt>
      <trkpt lat="41.780678" lon="-8.265655">
        <ele>616.54</ele>
      </trkpt>
      <trkpt lat="41.780577" lon="-8.265686">
        <ele>616.49</ele>
      </trkpt>
      <trkpt lat="41.780468" lon="-8.265706">
        <ele>616.68</ele>
      </trkpt>
      <trkpt lat="41.780282" lon="-8.265667">
        <ele>617.09</ele>
      </trkpt>
      <trkpt lat="41.779887" lon="-8.265434">
        <ele>620.19</ele>
      </trkpt>
      <trkpt lat="41.779632" lon="-8.265242">
        <ele>623.08</ele>
      </trkpt>
      <trkpt lat="41.779329" lon="-8.265204">
        <ele>625.59</ele>
      </trkpt>
      <trkpt lat="41.77928" lon="-8.265216">
        <ele>626.39</ele>
      </trkpt>
      <trkpt lat="41.779239" lon="-8.265251">
        <ele>627.17</ele>
      </trkpt>
      <trkpt lat="41.779217" lon="-8.265297">
        <ele>627.6</ele>
      </trkpt>
      <trkpt lat="41.779188" lon="-8.265434">
        <ele>629.36</ele>
      </trkpt>
      <trkpt lat="41.77918" lon="-8.265509">
        <ele>630.41</ele>
      </trkpt>
      <trkpt lat="41.779191" lon="-8.265594">
        <ele>631.45</ele>
      </trkpt>
      <trkpt lat="41.779348" lon="-8.265926">
        <ele>630.66</ele>
      </trkpt>
      <trkpt lat="41.779512" lon="-8.26618">
        <ele>627.16</ele>
      </trkpt>
      <trkpt lat="41.779529" lon="-8.26624">
        <ele>627.53</ele>
      </trkpt>
      <trkpt lat="41.779532" lon="-8.266306">
        <ele>628.56</ele>
      </trkpt>
      <trkpt lat="41.77948" lon="-8.266683">
        <ele>631.69</ele>
      </trkpt>
      <trkpt lat="41.779447" lon="-8.266769">
        <ele>631.22</ele>
      </trkpt>
      <trkpt lat="41.779334" lon="-8.266859">
        <ele>631.26</ele>
      </trkpt>
      <trkpt lat="41.779022" lon="-8.266971">
        <ele>634.59</ele>
      </trkpt>
      <trkpt lat="41.778853" lon="-8.267108">
        <ele>635.84</ele>
      </trkpt>
      <trkpt lat="41.778741" lon="-8.267322">
        <ele>636.18</ele>
      </trkpt>
      <trkpt lat="41.778688" lon="-8.267587">
        <ele>637.03</ele>
      </trkpt>
      <trkpt lat="41.778698" lon="-8.26798">
        <ele>638.97</ele>
      </trkpt>
      <trkpt lat="41.77875" lon="-8.268453">
        <ele>642.03</ele>
      </trkpt>
      <trkpt lat="41.77875" lon="-8.268846">
        <ele>642.03</ele>
      </trkpt>
      <trkpt lat="41.778735" lon="-8.268963">
        <ele>642.15</ele>
      </trkpt>
      <trkpt lat="41.778681" lon="-8.269089">
        <ele>642.41</ele>
      </trkpt>
      <trkpt lat="41.778336" lon="-8.269517">
        <ele>643.36</ele>
      </trkpt>
      <trkpt lat="41.778012" lon="-8.269763">
        <ele>644.22</ele>
      </trkpt>
      <trkpt lat="41.777688" lon="-8.270099">
        <ele>643.28</ele>
      </trkpt>
      <trkpt lat="41.777423" lon="-8.270223">
        <ele>644.48</ele>
      </trkpt>
      <trkpt lat="41.77723" lon="-8.27022">
        <ele>647.22</ele>
      </trkpt>
      <trkpt lat="41.777054" lon="-8.27023">
        <ele>649.29</ele>
      </trkpt>
      <trkpt lat="41.776749" lon="-8.270412">
        <ele>651.95</ele>
      </trkpt>
      <trkpt lat="41.776461" lon="-8.27044">
        <ele>658.04</ele>
      </trkpt>
      <trkpt lat="41.776246" lon="-8.27052">
        <ele>660.91</ele>
      </trkpt>
      <trkpt lat="41.776025" lon="-8.270517">
        <ele>665.57</ele>
      </trkpt>
      <trkpt lat="41.775667" lon="-8.270386">
        <ele>672.87</ele>
      </trkpt>
      <trkpt lat="41.775443" lon="-8.27037">
        <ele>675.13</ele>
      </trkpt>
      <trkpt lat="41.775255" lon="-8.270373">
        <ele>676.68</ele>
      </trkpt>
      <trkpt lat="41.775102" lon="-8.270389">
        <ele>677.04</ele>
      </trkpt>
      <trkpt lat="41.774979" lon="-8.270587">
        <ele>678.54</ele>
      </trkpt>
      <trkpt lat="41.775005" lon="-8.270738">
        <ele>680.43</ele>
      </trkpt>
      <trkpt lat="41.775193" lon="-8.270904">
        <ele>680.44</ele>
      </trkpt>
      <trkpt lat="41.775279" lon="-8.271086">
        <ele>681.07</ele>
      </trkpt>
      <trkpt lat="41.775317" lon="-8.27129">
        <ele>681.47</ele>
      </trkpt>
      <trkpt lat="41.77526" lon="-8.271469">
        <ele>682.29</ele>
      </trkpt>
      <trkpt lat="41.775021" lon="-8.271559">
        <ele>684.93</ele>
      </trkpt>
      <trkpt lat="41.774669" lon="-8.271527">
        <ele>689.63</ele>
      </trkpt>
      <trkpt lat="41.774073" lon="-8.271565">
        <ele>697.84</ele>
      </trkpt>
      <trkpt lat="41.773916" lon="-8.271718">
        <ele>701.77</ele>
      </trkpt>
      <trkpt lat="41.773728" lon="-8.272118">
        <ele>709.79</ele>
      </trkpt>
      <trkpt lat="41.773489" lon="-8.272533">
        <ele>712.17</ele>
      </trkpt>
      <trkpt lat="41.77338" lon="-8.272782">
        <ele>712.59</ele>
      </trkpt>
      <trkpt lat="41.773227" lon="-8.273062">
        <ele>716.2</ele>
      </trkpt>
      <trkpt lat="41.773075" lon="-8.273342">
        <ele>717.62</ele>
      </trkpt>
      <trkpt lat="41.772727" lon="-8.273693">
        <ele>721.07</ele>
      </trkpt>
      <trkpt lat="41.772289" lon="-8.273901">
        <ele>724.4</ele>
      </trkpt>
      <trkpt lat="41.771709" lon="-8.274204">
        <ele>728.31</ele>
      </trkpt>
      <trkpt lat="41.771383" lon="-8.274309">
        <ele>730.85</ele>
      </trkpt>
      <trkpt lat="41.770999" lon="-8.274476">
        <ele>733.7</ele>
      </trkpt>
      <trkpt lat="41.770816" lon="-8.274651">
        <ele>735.38</ele>
      </trkpt>
      <trkpt lat="41.770656" lon="-8.274942">
        <ele>737.88</ele>
      </trkpt>
      <trkpt lat="41.770539" lon="-8.27531">
        <ele>740.99</ele>
      </trkpt>
      <trkpt lat="41.770187" lon="-8.276412">
        <ele>745.33</ele>
      </trkpt>
      <trkpt lat="41.769725" lon="-8.277233">
        <ele>750.2</ele>
      </trkpt>
      <trkpt lat="41.769356" lon="-8.277803">
        <ele>756.37</ele>
      </trkpt>
      <trkpt lat="41.768988" lon="-8.278374">
        <ele>760.22</ele>
      </trkpt>
      <trkpt lat="41.768755" lon="-8.278699">
        <ele>763.61</ele>
      </trkpt>
      <trkpt lat="41.768538" lon="-8.278875">
        <ele>765.62</ele>
      </trkpt>
      <trkpt lat="41.767438" lon="-8.279439">
        <ele>777.19</ele>
      </trkpt>
      <trkpt lat="41.767355" lon="-8.279512">
        <ele>777.84</ele>
      </trkpt>
      <trkpt lat="41.767226" lon="-8.279771">
        <ele>777.04</ele>
      </trkpt>
      <trkpt lat="41.767027" lon="-8.280226">
        <ele>777.2</ele>
      </trkpt>
      <trkpt lat="41.76676" lon="-8.280658">
        <ele>778.74</ele>
      </trkpt>
      <trkpt lat="41.766541" lon="-8.280878">
        <ele>779.67</ele>
      </trkpt>
      <trkpt lat="41.766038" lon="-8.281073">
        <ele>780.95</ele>
      </trkpt>
      <trkpt lat="41.765912" lon="-8.281171">
        <ele>781.1</ele>
      </trkpt>
      <trkpt lat="41.765741" lon="-8.281571">
        <ele>783.24</ele>
      </trkpt>
      <trkpt lat="41.765642" lon="-8.281792">
        <ele>782.86</ele>
      </trkpt>
      <trkpt lat="41.765601" lon="-8.281875">
        <ele>782.29</ele>
      </trkpt>
      <trkpt lat="41.765556" lon="-8.281947">
        <ele>781.52</ele>
      </trkpt>
      <trkpt lat="41.765181" lon="-8.281528">
        <ele>783</ele>
      </trkpt>
      <trkpt lat="41.765134" lon="-8.28144">
        <ele>783.21</ele>
      </trkpt>
      <trkpt lat="41.765106" lon="-8.281348">
        <ele>783.7</ele>
      </trkpt>
      <trkpt lat="41.765091" lon="-8.281224">
        <ele>784.29</ele>
      </trkpt>
      <trkpt lat="41.765047" lon="-8.279165">
        <ele>778.95</ele>
      </trkpt>
      <trkpt lat="41.765015" lon="-8.278977">
        <ele>777.93</ele>
      </trkpt>
      <trkpt lat="41.764965" lon="-8.278828">
        <ele>777.12</ele>
      </trkpt>
      <trkpt lat="41.764907" lon="-8.278689">
        <ele>776.22</ele>
      </trkpt>
      <trkpt lat="41.764834" lon="-8.278583">
        <ele>775.61</ele>
      </trkpt>
      <trkpt lat="41.764641" lon="-8.278361">
        <ele>773.52</ele>
      </trkpt>
      <trkpt lat="41.764476" lon="-8.278185">
        <ele>772.83</ele>
      </trkpt>
      <trkpt lat="41.764406" lon="-8.278078">
        <ele>772.8</ele>
      </trkpt>
      <trkpt lat="41.764375" lon="-8.277976">
        <ele>772.75</ele>
      </trkpt>
      <trkpt lat="41.764352" lon="-8.277848">
        <ele>772.76</ele>
      </trkpt>
      <trkpt lat="41.764259" lon="-8.276867">
        <ele>770.01</ele>
      </trkpt>
      <trkpt lat="41.764162" lon="-8.275861">
        <ele>770.16</ele>
      </trkpt>
      <trkpt lat="41.764098" lon="-8.275191">
        <ele>766.8</ele>
      </trkpt>
      <trkpt lat="41.763991" lon="-8.274206">
        <ele>765</ele>
      </trkpt>
      <trkpt lat="41.763992" lon="-8.273995">
        <ele>765</ele>
      </trkpt>
      <trkpt lat="41.764016" lon="-8.273732">
        <ele>765</ele>
      </trkpt>
      <trkpt lat="41.764069" lon="-8.27349">
        <ele>764.44</ele>
      </trkpt>
      <trkpt lat="41.764277" lon="-8.272843">
        <ele>762.16</ele>
      </trkpt>
      <trkpt lat="41.765069" lon="-8.270374">
        <ele>762.86</ele>
      </trkpt>
      <trkpt lat="41.765315" lon="-8.269607">
        <ele>761.73</ele>
      </trkpt>
      <trkpt lat="41.765419" lon="-8.269283">
        <ele>763.13</ele>
      </trkpt>
      <trkpt lat="41.765712" lon="-8.268341">
        <ele>762.85</ele>
      </trkpt>
      <trkpt lat="41.766104" lon="-8.267085">
        <ele>756.2</ele>
      </trkpt>
      <trkpt lat="41.766166" lon="-8.266917">
        <ele>755.23</ele>
      </trkpt>
      <trkpt lat="41.766441" lon="-8.266578">
        <ele>754.53</ele>
      </trkpt>
      <trkpt lat="41.766571" lon="-8.266395">
        <ele>753.4</ele>
      </trkpt>
      <trkpt lat="41.766646" lon="-8.266268">
        <ele>753.07</ele>
      </trkpt>
      <trkpt lat="41.766701" lon="-8.266124">
        <ele>753.06</ele>
      </trkpt>
      <trkpt lat="41.766749" lon="-8.265962">
        <ele>753.43</ele>
      </trkpt>
      <trkpt lat="41.766796" lon="-8.265743">
        <ele>753.8</ele>
      </trkpt>
      <trkpt lat="41.766833" lon="-8.265504">
        <ele>754</ele>
      </trkpt>
      <trkpt lat="41.76686" lon="-8.265231">
        <ele>752.42</ele>
      </trkpt>
      <trkpt lat="41.766868" lon="-8.264866">
        <ele>750.55</ele>
      </trkpt>
      <trkpt lat="41.766856" lon="-8.264724">
        <ele>750.13</ele>
      </trkpt>
      <trkpt lat="41.766829" lon="-8.264578">
        <ele>750</ele>
      </trkpt>
      <trkpt lat="41.76674" lon="-8.264251">
        <ele>750.28</ele>
      </trkpt>
      <trkpt lat="41.766423" lon="-8.263384">
        <ele>758.14</ele>
      </trkpt>
      <trkpt lat="41.766202" lon="-8.262819">
        <ele>758.33</ele>
      </trkpt>
      <trkpt lat="41.766088" lon="-8.262498">
        <ele>757.38</ele>
      </trkpt>
      <trkpt lat="41.765979" lon="-8.262159">
        <ele>757.32</ele>
      </trkpt>
      <trkpt lat="41.765935" lon="-8.261949">
        <ele>756.34</ele>
      </trkpt>
      <trkpt lat="41.765932" lon="-8.261608">
        <ele>753.48</ele>
      </trkpt>
      <trkpt lat="41.765929" lon="-8.261266">
        <ele>753.08</ele>
      </trkpt>
      <trkpt lat="41.765898" lon="-8.261118">
        <ele>753.19</ele>
      </trkpt>
      <trkpt lat="41.765848" lon="-8.261017">
        <ele>753.57</ele>
      </trkpt>
      <trkpt lat="41.765767" lon="-8.260947">
        <ele>753.52</ele>
      </trkpt>
      <trkpt lat="41.76563" lon="-8.260869">
        <ele>752.02</ele>
      </trkpt>
      <trkpt lat="41.765558" lon="-8.260809">
        <ele>751.32</ele>
      </trkpt>
      <trkpt lat="41.765465" lon="-8.260684">
        <ele>750.72</ele>
      </trkpt>
      <trkpt lat="41.765394" lon="-8.260552">
        <ele>749.26</ele>
      </trkpt>
      <trkpt lat="41.765001" lon="-8.25968">
        <ele>749.15</ele>
      </trkpt>
      <trkpt lat="41.764904" lon="-8.259403">
        <ele>747.15</ele>
      </trkpt>
      <trkpt lat="41.764831" lon="-8.259092">
        <ele>744.66</ele>
      </trkpt>
      <trkpt lat="41.764835" lon="-8.258926">
        <ele>743.7</ele>
      </trkpt>
      <trkpt lat="41.764861" lon="-8.258797">
        <ele>743.17</ele>
      </trkpt>
      <trkpt lat="41.764915" lon="-8.258698">
        <ele>743.15</ele>
      </trkpt>
      <trkpt lat="41.765111" lon="-8.25845">
        <ele>741.3</ele>
      </trkpt>
      <trkpt lat="41.765568" lon="-8.257893">
        <ele>739.76</ele>
      </trkpt>
      <trkpt lat="41.765689" lon="-8.257738">
        <ele>740.27</ele>
      </trkpt>
      <trkpt lat="41.765748" lon="-8.257612">
        <ele>740.43</ele>
      </trkpt>
      <trkpt lat="41.765766" lon="-8.257481">
        <ele>740.7</ele>
      </trkpt>
      <trkpt lat="41.765748" lon="-8.257344">
        <ele>740.21</ele>
      </trkpt>
      <trkpt lat="41.765684" lon="-8.2571">
        <ele>737.87</ele>
      </trkpt>
      <trkpt lat="41.765662" lon="-8.256933">
        <ele>737.61</ele>
      </trkpt>
      <trkpt lat="41.765678" lon="-8.256762">
        <ele>739.26</ele>
      </trkpt>
      <trkpt lat="41.76582" lon="-8.256267">
        <ele>743.25</ele>
      </trkpt>
      <trkpt lat="41.765957" lon="-8.255734">
        <ele>747.03</ele>
      </trkpt>
      <trkpt lat="41.766014" lon="-8.255579">
        <ele>749.01</ele>
      </trkpt>
      <trkpt lat="41.7661" lon="-8.255474">
        <ele>751.98</ele>
      </trkpt>
      <trkpt lat="41.766215" lon="-8.255395">
        <ele>755.37</ele>
      </trkpt>
      <trkpt lat="41.76633" lon="-8.255327">
        <ele>757.49</ele>
      </trkpt>
      <trkpt lat="41.766876" lon="-8.255164">
        <ele>766.42</ele>
      </trkpt>
      <trkpt lat="41.767089" lon="-8.255099">
        <ele>766.96</ele>
      </trkpt>
      <trkpt lat="41.767141" lon="-8.25504">
        <ele>766.6</ele>
      </trkpt>
      <trkpt lat="41.767203" lon="-8.254933">
        <ele>766.48</ele>
      </trkpt>
      <trkpt lat="41.767235" lon="-8.254821">
        <ele>766.88</ele>
      </trkpt>
      <trkpt lat="41.767237" lon="-8.254696">
        <ele>767.59</ele>
      </trkpt>
      <trkpt lat="41.767147" lon="-8.254354">
        <ele>767.62</ele>
      </trkpt>
      <trkpt lat="41.766967" lon="-8.25367">
        <ele>764.36</ele>
      </trkpt>
      <trkpt lat="41.766915" lon="-8.25351">
        <ele>764.18</ele>
      </trkpt>
      <trkpt lat="41.76684" lon="-8.253371">
        <ele>764.34</ele>
      </trkpt>
      <trkpt lat="41.766703" lon="-8.253174">
        <ele>764.51</ele>
      </trkpt>
      <trkpt lat="41.766374" lon="-8.25276">
        <ele>762.66</ele>
      </trkpt>
      <trkpt lat="41.766247" lon="-8.252578">
        <ele>760.24</ele>
      </trkpt>
      <trkpt lat="41.766167" lon="-8.252418">
        <ele>758.38</ele>
      </trkpt>
      <trkpt lat="41.766122" lon="-8.252256">
        <ele>756.74</ele>
      </trkpt>
      <trkpt lat="41.766036" lon="-8.251344">
        <ele>756.82</ele>
      </trkpt>
      <trkpt lat="41.765997" lon="-8.250924">
        <ele>758.47</ele>
      </trkpt>
      <trkpt lat="41.765997" lon="-8.250637">
        <ele>759.9</ele>
      </trkpt>
      <trkpt lat="41.766052" lon="-8.250241">
        <ele>761.01</ele>
      </trkpt>
      <trkpt lat="41.766109" lon="-8.250036">
        <ele>761.93</ele>
      </trkpt>
      <trkpt lat="41.766546" lon="-8.248739">
        <ele>764.23</ele>
      </trkpt>
      <trkpt lat="41.766751" lon="-8.248128">
        <ele>762.99</ele>
      </trkpt>
      <trkpt lat="41.766827" lon="-8.247868">
        <ele>762.51</ele>
      </trkpt>
      <trkpt lat="41.766879" lon="-8.247567">
        <ele>760.29</ele>
      </trkpt>
      <trkpt lat="41.766923" lon="-8.247066">
        <ele>754.81</ele>
      </trkpt>
      <trkpt lat="41.766915" lon="-8.246816">
        <ele>753.36</ele>
      </trkpt>
      <trkpt lat="41.766881" lon="-8.246413">
        <ele>750.55</ele>
      </trkpt>
      <trkpt lat="41.766752" lon="-8.245223">
        <ele>737.73</ele>
      </trkpt>
      <trkpt lat="41.766764" lon="-8.245124">
        <ele>736.49</ele>
      </trkpt>
      <trkpt lat="41.766799" lon="-8.245056">
        <ele>735.42</ele>
      </trkpt>
      <trkpt lat="41.766853" lon="-8.245001">
        <ele>734.3</ele>
      </trkpt>
      <trkpt lat="41.7673" lon="-8.244881">
        <ele>728.49</ele>
      </trkpt>
      <trkpt lat="41.767357" lon="-8.24481">
        <ele>727.08</ele>
      </trkpt>
      <trkpt lat="41.76739" lon="-8.244702">
        <ele>725.67</ele>
      </trkpt>
      <trkpt lat="41.767401" lon="-8.244512">
        <ele>723.89</ele>
      </trkpt>
      <trkpt lat="41.767253" lon="-8.244033">
        <ele>717.98</ele>
      </trkpt>
      <trkpt lat="41.767189" lon="-8.243787">
        <ele>712.01</ele>
      </trkpt>
      <trkpt lat="41.767099" lon="-8.243537">
        <ele>706.37</ele>
      </trkpt>
      <trkpt lat="41.767024" lon="-8.243439">
        <ele>704.74</ele>
      </trkpt>
      <trkpt lat="41.767053" lon="-8.243345">
        <ele>703.38</ele>
      </trkpt>
      <trkpt lat="41.767077" lon="-8.243212">
        <ele>702.4</ele>
      </trkpt>
      <trkpt lat="41.767058" lon="-8.243073">
        <ele>702.34</ele>
      </trkpt>
      <trkpt lat="41.766873" lon="-8.242665">
        <ele>703.75</ele>
      </trkpt>
      <trkpt lat="41.766836" lon="-8.242484">
        <ele>705.72</ele>
      </trkpt>
      <trkpt lat="41.766837" lon="-8.242303">
        <ele>708.87</ele>
      </trkpt>
      <trkpt lat="41.766894" lon="-8.241953">
        <ele>714.37</ele>
      </trkpt>
      <trkpt lat="41.76701" lon="-8.241251">
        <ele>720.4</ele>
      </trkpt>
      <trkpt lat="41.767052" lon="-8.241144">
        <ele>720.76</ele>
      </trkpt>
      <trkpt lat="41.767114" lon="-8.241056">
        <ele>721.67</ele>
      </trkpt>
      <trkpt lat="41.767461" lon="-8.240759">
        <ele>723.98</ele>
      </trkpt>
      <trkpt lat="41.76777" lon="-8.240466">
        <ele>725.95</ele>
      </trkpt>
      <trkpt lat="41.7679" lon="-8.240297">
        <ele>728.59</ele>
      </trkpt>
      <trkpt lat="41.768226" lon="-8.239936">
        <ele>739.1</ele>
      </trkpt>
      <trkpt lat="41.768277" lon="-8.239721">
        <ele>742.22</ele>
      </trkpt>
      <trkpt lat="41.768237" lon="-8.23952">
        <ele>743.29</ele>
      </trkpt>
      <trkpt lat="41.767975" lon="-8.238874">
        <ele>742.19</ele>
      </trkpt>
      <trkpt lat="41.767843" lon="-8.238552">
        <ele>745.29</ele>
      </trkpt>
      <trkpt lat="41.767738" lon="-8.23836">
        <ele>747.55</ele>
      </trkpt>
      <trkpt lat="41.767606" lon="-8.238188">
        <ele>748.41</ele>
      </trkpt>
      <trkpt lat="41.767327" lon="-8.237903">
        <ele>749.16</ele>
      </trkpt>
      <trkpt lat="41.767202" lon="-8.237747">
        <ele>749.4</ele>
      </trkpt>
      <trkpt lat="41.767114" lon="-8.237576">
        <ele>750.92</ele>
      </trkpt>
      <trkpt lat="41.766936" lon="-8.237043">
        <ele>752.25</ele>
      </trkpt>
      <trkpt lat="41.766904" lon="-8.236438">
        <ele>754.63</ele>
      </trkpt>
      <trkpt lat="41.766873" lon="-8.236368">
        <ele>754.4</ele>
      </trkpt>
      <trkpt lat="41.766828" lon="-8.236336">
        <ele>754.05</ele>
      </trkpt>
      <trkpt lat="41.766721" lon="-8.236302">
        <ele>754.79</ele>
      </trkpt>
      <trkpt lat="41.766582" lon="-8.23631">
        <ele>757.37</ele>
      </trkpt>
      <trkpt lat="41.766517" lon="-8.236366">
        <ele>758.92</ele>
      </trkpt>
      <trkpt lat="41.76646" lon="-8.236582">
        <ele>759.42</ele>
      </trkpt>
      <trkpt lat="41.7663" lon="-8.237312">
        <ele>762.34</ele>
      </trkpt>
      <trkpt lat="41.766205" lon="-8.23791">
        <ele>763.11</ele>
      </trkpt>
      <trkpt lat="41.766148" lon="-8.23807">
        <ele>762.63</ele>
      </trkpt>
      <trkpt lat="41.766048" lon="-8.238287">
        <ele>761.53</ele>
      </trkpt>
      <trkpt lat="41.765756" lon="-8.23857">
        <ele>761.37</ele>
      </trkpt>
      <trkpt lat="41.765645" lon="-8.238624">
        <ele>762.17</ele>
      </trkpt>
      <trkpt lat="41.765161" lon="-8.239088">
        <ele>760.07</ele>
      </trkpt>
      <trkpt lat="41.765011" lon="-8.239198">
        <ele>759.98</ele>
      </trkpt>
      <trkpt lat="41.76473" lon="-8.239385">
        <ele>758.96</ele>
      </trkpt>
      <trkpt lat="41.764558" lon="-8.239438">
        <ele>758.63</ele>
      </trkpt>
      <trkpt lat="41.764483" lon="-8.239479">
        <ele>757.9</ele>
      </trkpt>
      <trkpt lat="41.76442" lon="-8.23949">
        <ele>757.72</ele>
      </trkpt>
      <trkpt lat="41.764351" lon="-8.239465">
        <ele>757.9</ele>
      </trkpt>
      <trkpt lat="41.764288" lon="-8.239406">
        <ele>758.42</ele>
      </trkpt>
      <trkpt lat="41.76414" lon="-8.239184">
        <ele>760.12</ele>
      </trkpt>
      <trkpt lat="41.763824" lon="-8.238705">
        <ele>757.79</ele>
      </trkpt>
      <trkpt lat="41.763724" lon="-8.238606">
        <ele>757.89</ele>
      </trkpt>
      <trkpt lat="41.763614" lon="-8.238542">
        <ele>758</ele>
      </trkpt>
      <trkpt lat="41.763043" lon="-8.238405">
        <ele>755.98</ele>
      </trkpt>
      <trkpt lat="41.762801" lon="-8.23833">
        <ele>754.61</ele>
      </trkpt>
      <trkpt lat="41.762613" lon="-8.238231">
        <ele>753.27</ele>
      </trkpt>
      <trkpt lat="41.762469" lon="-8.238121">
        <ele>751.81</ele>
      </trkpt>
      <trkpt lat="41.762394" lon="-8.238016">
        <ele>750.96</ele>
      </trkpt>
      <trkpt lat="41.762259" lon="-8.237625">
        <ele>752.99</ele>
      </trkpt>
      <trkpt lat="41.762201" lon="-8.237527">
        <ele>752.88</ele>
      </trkpt>
      <trkpt lat="41.762031" lon="-8.237377">
        <ele>749.86</ele>
      </trkpt>
      <trkpt lat="41.761905" lon="-8.237214">
        <ele>747.63</ele>
      </trkpt>
      <trkpt lat="41.761799" lon="-8.237061">
        <ele>744.66</ele>
      </trkpt>
      <trkpt lat="41.761731" lon="-8.236889">
        <ele>742.7</ele>
      </trkpt>
      <trkpt lat="41.761687" lon="-8.236702">
        <ele>741.27</ele>
      </trkpt>
      <trkpt lat="41.761673" lon="-8.236557">
        <ele>740.96</ele>
      </trkpt>
      <trkpt lat="41.761659" lon="-8.236138">
        <ele>739.36</ele>
      </trkpt>
      <trkpt lat="41.761679" lon="-8.235591">
        <ele>736.76</ele>
      </trkpt>
      <trkpt lat="41.761694" lon="-8.235478">
        <ele>736.02</ele>
      </trkpt>
      <trkpt lat="41.761761" lon="-8.235318">
        <ele>735.78</ele>
      </trkpt>
      <trkpt lat="41.762139" lon="-8.234865">
        <ele>739.45</ele>
      </trkpt>
      <trkpt lat="41.762209" lon="-8.234559">
        <ele>735.72</ele>
      </trkpt>
      <trkpt lat="41.762257" lon="-8.234384">
        <ele>735.59</ele>
      </trkpt>
      <trkpt lat="41.762321" lon="-8.234226">
        <ele>736.04</ele>
      </trkpt>
      <trkpt lat="41.762443" lon="-8.233792">
        <ele>734.66</ele>
      </trkpt>
      <trkpt lat="41.762499" lon="-8.233674">
        <ele>734.56</ele>
      </trkpt>
      <trkpt lat="41.762651" lon="-8.233496">
        <ele>736.39</ele>
      </trkpt>
      <trkpt lat="41.762757" lon="-8.233325">
        <ele>735.35</ele>
      </trkpt>
      <trkpt lat="41.762879" lon="-8.233089">
        <ele>733.88</ele>
      </trkpt>
      <trkpt lat="41.762941" lon="-8.2329">
        <ele>732.79</ele>
      </trkpt>
      <trkpt lat="41.762972" lon="-8.232719">
        <ele>732.3</ele>
      </trkpt>
      <trkpt lat="41.762969" lon="-8.232558">
        <ele>731.17</ele>
      </trkpt>
      <trkpt lat="41.76295" lon="-8.232281">
        <ele>729.37</ele>
      </trkpt>
      <trkpt lat="41.76295" lon="-8.231937">
        <ele>729.19</ele>
      </trkpt>
      <trkpt lat="41.762937" lon="-8.231722">
        <ele>727.91</ele>
      </trkpt>
      <trkpt lat="41.762957" lon="-8.231521">
        <ele>728.95</ele>
      </trkpt>
      <trkpt lat="41.762946" lon="-8.23138">
        <ele>728.67</ele>
      </trkpt>
      <trkpt lat="41.76291" lon="-8.231207">
        <ele>728.07</ele>
      </trkpt>
      <trkpt lat="41.762581" lon="-8.230058">
        <ele>722.6</ele>
      </trkpt>
      <trkpt lat="41.762601" lon="-8.22985">
        <ele>721.26</ele>
      </trkpt>
      <trkpt lat="41.762679" lon="-8.22974">
        <ele>721.14</ele>
      </trkpt>
      <trkpt lat="41.762872" lon="-8.229578">
        <ele>721.24</ele>
      </trkpt>
      <trkpt lat="41.763003" lon="-8.229507">
        <ele>720.43</ele>
      </trkpt>
      <trkpt lat="41.763128" lon="-8.229466">
        <ele>720.05</ele>
      </trkpt>
      <trkpt lat="41.763353" lon="-8.22943">
        <ele>719.88</ele>
      </trkpt>
      <trkpt lat="41.763612" lon="-8.229418">
        <ele>719.42</ele>
      </trkpt>
      <trkpt lat="41.76387" lon="-8.229356">
        <ele>717.7</ele>
      </trkpt>
      <trkpt lat="41.764041" lon="-8.22927">
        <ele>716.36</ele>
      </trkpt>
      <trkpt lat="41.764194" lon="-8.229118">
        <ele>714.02</ele>
      </trkpt>
      <trkpt lat="41.764297" lon="-8.22899">
        <ele>712.66</ele>
      </trkpt>
      <trkpt lat="41.764359" lon="-8.22886">
        <ele>710.84</ele>
      </trkpt>
      <trkpt lat="41.764464" lon="-8.228516">
        <ele>707.14</ele>
      </trkpt>
      <trkpt lat="41.764531" lon="-8.228366">
        <ele>706.27</ele>
      </trkpt>
      <trkpt lat="41.764659" lon="-8.22812">
        <ele>706.46</ele>
      </trkpt>
      <trkpt lat="41.764708" lon="-8.227997">
        <ele>705.92</ele>
      </trkpt>
      <trkpt lat="41.764736" lon="-8.227883">
        <ele>705.09</ele>
      </trkpt>
      <trkpt lat="41.764758" lon="-8.227697">
        <ele>703.7</ele>
      </trkpt>
      <trkpt lat="41.764768" lon="-8.227474">
        <ele>701.71</ele>
      </trkpt>
      <trkpt lat="41.764773" lon="-8.227355">
        <ele>700.65</ele>
      </trkpt>
      <trkpt lat="41.764803" lon="-8.227133">
        <ele>699.57</ele>
      </trkpt>
      <trkpt lat="41.764837" lon="-8.227015">
        <ele>698.98</ele>
      </trkpt>
      <trkpt lat="41.764894" lon="-8.226882">
        <ele>698.13</ele>
      </trkpt>
      <trkpt lat="41.764993" lon="-8.226731">
        <ele>697.19</ele>
      </trkpt>
      <trkpt lat="41.765139" lon="-8.226594">
        <ele>696.82</ele>
      </trkpt>
      <trkpt lat="41.765402" lon="-8.22648">
        <ele>698.58</ele>
      </trkpt>
      <trkpt lat="41.765519" lon="-8.226387">
        <ele>697.95</ele>
      </trkpt>
      <trkpt lat="41.765587" lon="-8.22626">
        <ele>696.14</ele>
      </trkpt>
      <trkpt lat="41.765626" lon="-8.22604">
        <ele>692.76</ele>
      </trkpt>
      <trkpt lat="41.765658" lon="-8.225667">
        <ele>689.31</ele>
      </trkpt>
      <trkpt lat="41.765698" lon="-8.225471">
        <ele>688.41</ele>
      </trkpt>
      <trkpt lat="41.765782" lon="-8.225237">
        <ele>688.86</ele>
      </trkpt>
      <trkpt lat="41.766107" lon="-8.2245">
        <ele>686.56</ele>
      </trkpt>
      <trkpt lat="41.766393" lon="-8.223975">
        <ele>684.33</ele>
      </trkpt>
      <trkpt lat="41.766733" lon="-8.223452">
        <ele>681.13</ele>
      </trkpt>
      <trkpt lat="41.766807" lon="-8.223352">
        <ele>680.4</ele>
      </trkpt>
      <trkpt lat="41.766961" lon="-8.223181">
        <ele>679.86</ele>
      </trkpt>
      <trkpt lat="41.767224" lon="-8.222958">
        <ele>678.53</ele>
      </trkpt>
      <trkpt lat="41.767335" lon="-8.222796">
        <ele>676.81</ele>
      </trkpt>
      <trkpt lat="41.767398" lon="-8.222657">
        <ele>675.64</ele>
      </trkpt>
      <trkpt lat="41.767492" lon="-8.222348">
        <ele>673.19</ele>
      </trkpt>
      <trkpt lat="41.767609" lon="-8.222117">
        <ele>671.74</ele>
      </trkpt>
      <trkpt lat="41.767749" lon="-8.22195">
        <ele>670.76</ele>
      </trkpt>
      <trkpt lat="41.768256" lon="-8.221595">
        <ele>669.28</ele>
      </trkpt>
      <trkpt lat="41.768318" lon="-8.221512">
        <ele>668.79</ele>
      </trkpt>
      <trkpt lat="41.76836" lon="-8.22141">
        <ele>667.89</ele>
      </trkpt>
      <trkpt lat="41.768392" lon="-8.221123">
        <ele>665.15</ele>
      </trkpt>
      <trkpt lat="41.768386" lon="-8.220693">
        <ele>663.26</ele>
      </trkpt>
      <trkpt lat="41.768403" lon="-8.220478">
        <ele>663.05</ele>
      </trkpt>
      <trkpt lat="41.768454" lon="-8.220268">
        <ele>662.17</ele>
      </trkpt>
      <trkpt lat="41.768747" lon="-8.219793">
        <ele>658.99</ele>
      </trkpt>
      <trkpt lat="41.768794" lon="-8.219595">
        <ele>658.21</ele>
      </trkpt>
      <trkpt lat="41.768775" lon="-8.219404">
        <ele>657.71</ele>
      </trkpt>
      <trkpt lat="41.768686" lon="-8.219255">
        <ele>657.36</ele>
      </trkpt>
      <trkpt lat="41.768385" lon="-8.218899">
        <ele>655.47</ele>
      </trkpt>
      <trkpt lat="41.768328" lon="-8.218797">
        <ele>654.22</ele>
      </trkpt>
      <trkpt lat="41.768293" lon="-8.218696">
        <ele>653.41</ele>
      </trkpt>
      <trkpt lat="41.768232" lon="-8.218447">
        <ele>651.97</ele>
      </trkpt>
      <trkpt lat="41.76818" lon="-8.218285">
        <ele>651.18</ele>
      </trkpt>
      <trkpt lat="41.767968" lon="-8.217967">
        <ele>646.98</ele>
      </trkpt>
      <trkpt lat="41.76792" lon="-8.217796">
        <ele>645.75</ele>
      </trkpt>
      <trkpt lat="41.767921" lon="-8.217583">
        <ele>645.78</ele>
      </trkpt>
      <trkpt lat="41.767963" lon="-8.217236">
        <ele>644.24</ele>
      </trkpt>
      <trkpt lat="41.76803" lon="-8.21698">
        <ele>642.74</ele>
      </trkpt>
      <trkpt lat="41.768122" lon="-8.216774">
        <ele>642.42</ele>
      </trkpt>
      <trkpt lat="41.768246" lon="-8.216531">
        <ele>641.61</ele>
      </trkpt>
      <trkpt lat="41.768323" lon="-8.216354">
        <ele>640.73</ele>
      </trkpt>
      <trkpt lat="41.768413" lon="-8.216201">
        <ele>640.8</ele>
      </trkpt>
      <trkpt lat="41.768485" lon="-8.216183">
        <ele>641.92</ele>
      </trkpt>
      <trkpt lat="41.768662" lon="-8.21616">
        <ele>642.99</ele>
      </trkpt>
      <trkpt lat="41.768799" lon="-8.216158">
        <ele>643.7</ele>
      </trkpt>
      <trkpt lat="41.768995" lon="-8.216126">
        <ele>644.17</ele>
      </trkpt>
      <trkpt lat="41.769193" lon="-8.216019">
        <ele>642.14</ele>
      </trkpt>
      <trkpt lat="41.769476" lon="-8.215723">
        <ele>637.22</ele>
      </trkpt>
      <trkpt lat="41.769493" lon="-8.215543">
        <ele>633.47</ele>
      </trkpt>
      <trkpt lat="41.769499" lon="-8.215319">
        <ele>629.79</ele>
      </trkpt>
      <trkpt lat="41.769518" lon="-8.215154">
        <ele>627.95</ele>
      </trkpt>
      <trkpt lat="41.769611" lon="-8.214958">
        <ele>628.1</ele>
      </trkpt>
      <trkpt lat="41.769723" lon="-8.214803">
        <ele>626.07</ele>
      </trkpt>
      <trkpt lat="41.769896" lon="-8.21474">
        <ele>627.8</ele>
      </trkpt>
      <trkpt lat="41.770103" lon="-8.214703">
        <ele>628.55</ele>
      </trkpt>
      <trkpt lat="41.770369" lon="-8.214728">
        <ele>631.13</ele>
      </trkpt>
      <trkpt lat="41.770446" lon="-8.214723">
        <ele>631.32</ele>
      </trkpt>
      <trkpt lat="41.770787" lon="-8.214551">
        <ele>627.95</ele>
      </trkpt>
      <trkpt lat="41.770927" lon="-8.214498">
        <ele>627.96</ele>
      </trkpt>
      <trkpt lat="41.771266" lon="-8.214286">
        <ele>623.38</ele>
      </trkpt>
      <trkpt lat="41.771418" lon="-8.214178">
        <ele>625.84</ele>
      </trkpt>
      <trkpt lat="41.771524" lon="-8.21407">
        <ele>622.37</ele>
      </trkpt>
      <trkpt lat="41.771742" lon="-8.214003">
        <ele>624.32</ele>
      </trkpt>
      <trkpt lat="41.771984" lon="-8.213948">
        <ele>625.47</ele>
      </trkpt>
      <trkpt lat="41.772072" lon="-8.213876">
        <ele>624.06</ele>
      </trkpt>
      <trkpt lat="41.772084" lon="-8.21382">
        <ele>622.59</ele>
      </trkpt>
      <trkpt lat="41.772068" lon="-8.213584">
        <ele>618.93</ele>
      </trkpt>
      <trkpt lat="41.772019" lon="-8.213494">
        <ele>618.97</ele>
      </trkpt>
      <trkpt lat="41.771838" lon="-8.213404">
        <ele>617.01</ele>
      </trkpt>
      <trkpt lat="41.771722" lon="-8.213314">
        <ele>615.92</ele>
      </trkpt>
      <trkpt lat="41.771695" lon="-8.213151">
        <ele>620.2</ele>
      </trkpt>
      <trkpt lat="41.771638" lon="-8.213053">
        <ele>621.4</ele>
      </trkpt>
      <trkpt lat="41.771472" lon="-8.21295">
        <ele>619.59</ele>
      </trkpt>
      <trkpt lat="41.771299" lon="-8.21273">
        <ele>619.51</ele>
      </trkpt>
      <trkpt lat="41.771188" lon="-8.212704">
        <ele>616.9</ele>
      </trkpt>
      <trkpt lat="41.770982" lon="-8.212711">
        <ele>608.89</ele>
      </trkpt>
      <trkpt lat="41.770901" lon="-8.212702">
        <ele>607.18</ele>
      </trkpt>
      <trkpt lat="41.770556" lon="-8.212562">
        <ele>612.18</ele>
      </trkpt>
      <trkpt lat="41.77015" lon="-8.212317">
        <ele>626.28</ele>
      </trkpt>
      <trkpt lat="41.770047" lon="-8.212329">
        <ele>625.66</ele>
      </trkpt>
      <trkpt lat="41.769953" lon="-8.212405">
        <ele>621.29</ele>
      </trkpt>
      <trkpt lat="41.76992" lon="-8.21252">
        <ele>612.43</ele>
      </trkpt>
      <trkpt lat="41.769907" lon="-8.212643">
        <ele>601.21</ele>
      </trkpt>
      <trkpt lat="41.76988" lon="-8.212707">
        <ele>595.29</ele>
      </trkpt>
      <trkpt lat="41.769819" lon="-8.212737">
        <ele>592.27</ele>
      </trkpt>
      <trkpt lat="41.769494" lon="-8.212659">
        <ele>602.24</ele>
      </trkpt>
      <trkpt lat="41.769282" lon="-8.212632">
        <ele>606.36</ele>
      </trkpt>
      <trkpt lat="41.769069" lon="-8.212632">
        <ele>606.49</ele>
      </trkpt>
      <trkpt lat="41.768881" lon="-8.21266">
        <ele>604.1</ele>
      </trkpt>
      <trkpt lat="41.768709" lon="-8.212661">
        <ele>602.68</ele>
      </trkpt>
      <trkpt lat="41.768575" lon="-8.212682">
        <ele>600.16</ele>
      </trkpt>
      <trkpt lat="41.768439" lon="-8.212755">
        <ele>594.37</ele>
      </trkpt>
      <trkpt lat="41.768371" lon="-8.212763">
        <ele>592.61</ele>
      </trkpt>
      <trkpt lat="41.768309" lon="-8.212711">
        <ele>592.12</ele>
      </trkpt>
      <trkpt lat="41.768252" lon="-8.212601">
        <ele>593.91</ele>
      </trkpt>
      <trkpt lat="41.768035" lon="-8.212363">
        <ele>593.26</ele>
      </trkpt>
      <trkpt lat="41.767979" lon="-8.212275">
        <ele>594.83</ele>
      </trkpt>
      <trkpt lat="41.767897" lon="-8.21218">
        <ele>595.92</ele>
      </trkpt>
      <trkpt lat="41.767753" lon="-8.212095">
        <ele>593.07</ele>
      </trkpt>
      <trkpt lat="41.767592" lon="-8.212028">
        <ele>587.05</ele>
      </trkpt>
      <trkpt lat="41.767549" lon="-8.211993">
        <ele>586.36</ele>
      </trkpt>
      <trkpt lat="41.767469" lon="-8.211881">
        <ele>587.23</ele>
      </trkpt>
      <trkpt lat="41.767373" lon="-8.211698">
        <ele>590.17</ele>
      </trkpt>
      <trkpt lat="41.767223" lon="-8.211538">
        <ele>589.78</ele>
      </trkpt>
      <trkpt lat="41.767086" lon="-8.211466">
        <ele>587.22</ele>
      </trkpt>
      <trkpt lat="41.766911" lon="-8.211417">
        <ele>583.05</ele>
      </trkpt>
      <trkpt lat="41.766713" lon="-8.211307">
        <ele>581.64</ele>
      </trkpt>
      <trkpt lat="41.766415" lon="-8.211057">
        <ele>582.86</ele>
      </trkpt>
      <trkpt lat="41.766335" lon="-8.211001">
        <ele>583.61</ele>
      </trkpt>
      <trkpt lat="41.766146" lon="-8.210998">
        <ele>580.76</ele>
      </trkpt>
      <trkpt lat="41.765834" lon="-8.210998">
        <ele>580.72</ele>
      </trkpt>
      <trkpt lat="41.765682" lon="-8.21103">
        <ele>580.84</ele>
      </trkpt>
      <trkpt lat="41.76547" lon="-8.211105">
        <ele>580.87</ele>
      </trkpt>
      <trkpt lat="41.76525" lon="-8.211261">
        <ele>578.1</ele>
      </trkpt>
      <trkpt lat="41.765028" lon="-8.211411">
        <ele>578.35</ele>
      </trkpt>
      <trkpt lat="41.764874" lon="-8.211543">
        <ele>578.91</ele>
      </trkpt>
      <trkpt lat="41.764603" lon="-8.212075">
        <ele>569.64</ele>
      </trkpt>
      <trkpt lat="41.764499" lon="-8.212133">
        <ele>568.56</ele>
      </trkpt>
      <trkpt lat="41.764372" lon="-8.212128">
        <ele>566.56</ele>
      </trkpt>
      <trkpt lat="41.764219" lon="-8.212037">
        <ele>564.66</ele>
      </trkpt>
      <trkpt lat="41.764094" lon="-8.211903">
        <ele>564.22</ele>
      </trkpt>
      <trkpt lat="41.764041" lon="-8.211764">
        <ele>565.39</ele>
      </trkpt>
      <trkpt lat="41.764035" lon="-8.21158">
        <ele>566.93</ele>
      </trkpt>
      <trkpt lat="41.764102" lon="-8.211313">
        <ele>567.07</ele>
      </trkpt>
      <trkpt lat="41.764228" lon="-8.211105">
        <ele>568.62</ele>
      </trkpt>
      <trkpt lat="41.76428" lon="-8.210989">
        <ele>567.64</ele>
      </trkpt>
      <trkpt lat="41.764292" lon="-8.21091">
        <ele>565.63</ele>
      </trkpt>
      <trkpt lat="41.764268" lon="-8.210655">
        <ele>555.41</ele>
      </trkpt>
      <trkpt lat="41.764212" lon="-8.210252">
        <ele>543.11</ele>
      </trkpt>
      <trkpt lat="41.764164" lon="-8.210022">
        <ele>542.23</ele>
      </trkpt>
      <trkpt lat="41.764072" lon="-8.209707">
        <ele>543.74</ele>
      </trkpt>
      <trkpt lat="41.763946" lon="-8.209428">
        <ele>546.34</ele>
      </trkpt>
      <trkpt lat="41.763842" lon="-8.209262">
        <ele>547.03</ele>
      </trkpt>
      <trkpt lat="41.763718" lon="-8.209094">
        <ele>548.49</ele>
      </trkpt>
      <trkpt lat="41.763601" lon="-8.208974">
        <ele>548.6</ele>
      </trkpt>
      <trkpt lat="41.763478" lon="-8.208874">
        <ele>548.41</ele>
      </trkpt>
      <trkpt lat="41.763306" lon="-8.20878">
        <ele>547.3</ele>
      </trkpt>
      <trkpt lat="41.763161" lon="-8.208715">
        <ele>546.19</ele>
      </trkpt>
      <trkpt lat="41.762942" lon="-8.208649">
        <ele>545.59</ele>
      </trkpt>
      <trkpt lat="41.762857" lon="-8.208635">
        <ele>545.23</ele>
      </trkpt>
      <trkpt lat="41.762584" lon="-8.208598">
        <ele>548.85</ele>
      </trkpt>
      <trkpt lat="41.762246" lon="-8.208599">
        <ele>559.4</ele>
      </trkpt>
      <trkpt lat="41.761911" lon="-8.208665">
        <ele>571.61</ele>
      </trkpt>
      <trkpt lat="41.761902" lon="-8.208575">
        <ele>574.34</ele>
      </trkpt>
      <trkpt lat="41.761904" lon="-8.208526">
        <ele>575.39</ele>
      </trkpt>
      <trkpt lat="41.761922" lon="-8.208479">
        <ele>575.51</ele>
      </trkpt>
      <trkpt lat="41.761984" lon="-8.208384">
        <ele>574.54</ele>
      </trkpt>
      <trkpt lat="41.762012" lon="-8.208299">
        <ele>574.69</ele>
      </trkpt>
      <trkpt lat="41.762028" lon="-8.208212">
        <ele>575.38</ele>
      </trkpt>
      <trkpt lat="41.762028" lon="-8.208122">
        <ele>576.44</ele>
      </trkpt>
      <trkpt lat="41.762013" lon="-8.20802">
        <ele>577.72</ele>
      </trkpt>
      <trkpt lat="41.761862" lon="-8.207421">
        <ele>580.22</ele>
      </trkpt>
      <trkpt lat="41.761829" lon="-8.207227">
        <ele>580.62</ele>
      </trkpt>
      <trkpt lat="41.761823" lon="-8.207118">
        <ele>580.33</ele>
      </trkpt>
      <trkpt lat="41.761837" lon="-8.207019">
        <ele>579.34</ele>
      </trkpt>
      <trkpt lat="41.761875" lon="-8.206914">
        <ele>579.09</ele>
      </trkpt>
      <trkpt lat="41.761946" lon="-8.206811">
        <ele>578.21</ele>
      </trkpt>
      <trkpt lat="41.762035" lon="-8.206706">
        <ele>578.48</ele>
      </trkpt>
      <trkpt lat="41.762269" lon="-8.206448">
        <ele>581.03</ele>
      </trkpt>
      <trkpt lat="41.762602" lon="-8.206075">
        <ele>582.17</ele>
      </trkpt>
      <trkpt lat="41.762995" lon="-8.205722">
        <ele>581.09</ele>
      </trkpt>
      <trkpt lat="41.763076" lon="-8.205581">
        <ele>582.42</ele>
      </trkpt>
      <trkpt lat="41.763131" lon="-8.205423">
        <ele>584.06</ele>
      </trkpt>
      <trkpt lat="41.763146" lon="-8.2053">
        <ele>586.27</ele>
      </trkpt>
      <trkpt lat="41.763139" lon="-8.205186">
        <ele>587.22</ele>
      </trkpt>
      <trkpt lat="41.763061" lon="-8.204868">
        <ele>591.9</ele>
      </trkpt>
      <trkpt lat="41.763015" lon="-8.204635">
        <ele>594.94</ele>
      </trkpt>
      <trkpt lat="41.76301" lon="-8.204389">
        <ele>596.6</ele>
      </trkpt>
      <trkpt lat="41.763074" lon="-8.204057">
        <ele>595.52</ele>
      </trkpt>
      <trkpt lat="41.763092" lon="-8.203875">
        <ele>595.45</ele>
      </trkpt>
      <trkpt lat="41.763094" lon="-8.203775">
        <ele>595.37</ele>
      </trkpt>
      <trkpt lat="41.763052" lon="-8.203501">
        <ele>597.65</ele>
      </trkpt>
      <trkpt lat="41.762951" lon="-8.203045">
        <ele>601.01</ele>
      </trkpt>
      <trkpt lat="41.762869" lon="-8.202682">
        <ele>601.76</ele>
      </trkpt>
      <trkpt lat="41.762838" lon="-8.202478">
        <ele>600.4</ele>
      </trkpt>
      <trkpt lat="41.76283" lon="-8.202322">
        <ele>599.52</ele>
      </trkpt>
      <trkpt lat="41.762841" lon="-8.202171">
        <ele>599.12</ele>
      </trkpt>
      <trkpt lat="41.762872" lon="-8.202015">
        <ele>598.9</ele>
      </trkpt>
      <trkpt lat="41.762923" lon="-8.201866">
        <ele>599.38</ele>
      </trkpt>
      <trkpt lat="41.763347" lon="-8.200981">
        <ele>607.14</ele>
      </trkpt>
      <trkpt lat="41.763475" lon="-8.200692">
        <ele>608.89</ele>
      </trkpt>
      <trkpt lat="41.763793" lon="-8.199607">
        <ele>614.07</ele>
      </trkpt>
      <trkpt lat="41.76401" lon="-8.198822">
        <ele>620.6</ele>
      </trkpt>
      <trkpt lat="41.764182" lon="-8.198598">
        <ele>620.99</ele>
      </trkpt>
      <trkpt lat="41.764477" lon="-8.198376">
        <ele>622.08</ele>
      </trkpt>
      <trkpt lat="41.764755" lon="-8.198208">
        <ele>622.4</ele>
      </trkpt>
      <trkpt lat="41.765036" lon="-8.198111">
        <ele>626.44</ele>
      </trkpt>
      <trkpt lat="41.765316" lon="-8.198015">
        <ele>626.26</ele>
      </trkpt>
      <trkpt lat="41.765485" lon="-8.197882">
        <ele>625.77</ele>
      </trkpt>
      <trkpt lat="41.765587" lon="-8.197708">
        <ele>626.37</ele>
      </trkpt>
      <trkpt lat="41.765733" lon="-8.197144">
        <ele>630.77</ele>
      </trkpt>
      <trkpt lat="41.765901" lon="-8.196876">
        <ele>629.89</ele>
      </trkpt>
      <trkpt lat="41.766152" lon="-8.196622">
        <ele>629.43</ele>
      </trkpt>
      <trkpt lat="41.766655" lon="-8.196116">
        <ele>634.4</ele>
      </trkpt>
      <trkpt lat="41.767179" lon="-8.195798">
        <ele>632.82</ele>
      </trkpt>
      <trkpt lat="41.767602" lon="-8.195405">
        <ele>637.09</ele>
      </trkpt>
      <trkpt lat="41.768079" lon="-8.195078">
        <ele>637.65</ele>
      </trkpt>
      <trkpt lat="41.768167" lon="-8.194978">
        <ele>638.11</ele>
      </trkpt>
      <trkpt lat="41.768323" lon="-8.194674">
        <ele>638.87</ele>
      </trkpt>
      <trkpt lat="41.768463" lon="-8.193879">
        <ele>641.96</ele>
      </trkpt>
      <trkpt lat="41.768455" lon="-8.193497">
        <ele>643.53</ele>
      </trkpt>
      <trkpt lat="41.768322" lon="-8.192968">
        <ele>645.4</ele>
      </trkpt>
      <trkpt lat="41.768256" lon="-8.192728">
        <ele>645.93</ele>
      </trkpt>
      <trkpt lat="41.768079" lon="-8.192359">
        <ele>648.74</ele>
      </trkpt>
      <trkpt lat="41.767901" lon="-8.19199">
        <ele>649.5</ele>
      </trkpt>
      <trkpt lat="41.767437" lon="-8.19078">
        <ele>647.73</ele>
      </trkpt>
      <trkpt lat="41.767189" lon="-8.190491">
        <ele>649.16</ele>
      </trkpt>
      <trkpt lat="41.767021" lon="-8.190358">
        <ele>650.11</ele>
      </trkpt>
      <trkpt lat="41.766806" lon="-8.190261">
        <ele>649.94</ele>
      </trkpt>
      <trkpt lat="41.766402" lon="-8.190035">
        <ele>650.29</ele>
      </trkpt>
      <trkpt lat="41.766166" lon="-8.19">
        <ele>650.93</ele>
      </trkpt>
      <trkpt lat="41.765929" lon="-8.189964">
        <ele>649.46</ele>
      </trkpt>
      <trkpt lat="41.765104" lon="-8.19011">
        <ele>648.59</ele>
      </trkpt>
      <trkpt lat="41.764826" lon="-8.190126">
        <ele>648.27</ele>
      </trkpt>
      <trkpt lat="41.764316" lon="-8.190076">
        <ele>647.87</ele>
      </trkpt>
      <trkpt lat="41.764061" lon="-8.190051">
        <ele>645.77</ele>
      </trkpt>
      <trkpt lat="41.763699" lon="-8.190089">
        <ele>642.94</ele>
      </trkpt>
      <trkpt lat="41.763499" lon="-8.190121">
        <ele>640.62</ele>
      </trkpt>
      <trkpt lat="41.763344" lon="-8.190232">
        <ele>638.48</ele>
      </trkpt>
      <trkpt lat="41.763252" lon="-8.190418">
        <ele>637.98</ele>
      </trkpt>
      <trkpt lat="41.763152" lon="-8.190859">
        <ele>638.8</ele>
      </trkpt>
      <trkpt lat="41.763098" lon="-8.19094">
        <ele>638.46</ele>
      </trkpt>
      <trkpt lat="41.763028" lon="-8.191021">
        <ele>638.39</ele>
      </trkpt>
      <trkpt lat="41.762958" lon="-8.191083">
        <ele>638.2</ele>
      </trkpt>
      <trkpt lat="41.761899" lon="-8.191573">
        <ele>635.81</ele>
      </trkpt>
      <trkpt lat="41.761527" lon="-8.191723">
        <ele>635.66</ele>
      </trkpt>
      <trkpt lat="41.761246" lon="-8.191929">
        <ele>637.29</ele>
      </trkpt>
      <trkpt lat="41.760964" lon="-8.192136">
        <ele>636.15</ele>
      </trkpt>
      <trkpt lat="41.760765" lon="-8.192216">
        <ele>634.31</ele>
      </trkpt>
      <trkpt lat="41.75999" lon="-8.192414">
        <ele>630.87</ele>
      </trkpt>
      <trkpt lat="41.759766" lon="-8.192505">
        <ele>629.59</ele>
      </trkpt>
      <trkpt lat="41.759579" lon="-8.192645">
        <ele>629.17</ele>
      </trkpt>
      <trkpt lat="41.759101" lon="-8.193136">
        <ele>628.39</ele>
      </trkpt>
      <trkpt lat="41.758078" lon="-8.194183">
        <ele>620.84</ele>
      </trkpt>
      <trkpt lat="41.757466" lon="-8.193081">
        <ele>619.06</ele>
      </trkpt>
      <trkpt lat="41.757399" lon="-8.193001">
        <ele>619.53</ele>
      </trkpt>
      <trkpt lat="41.757325" lon="-8.192967">
        <ele>619.72</ele>
      </trkpt>
      <trkpt lat="41.757244" lon="-8.192967">
        <ele>619.72</ele>
      </trkpt>
      <trkpt lat="41.756959" lon="-8.193207">
        <ele>618.33</ele>
      </trkpt>
      <trkpt lat="41.756674" lon="-8.193447">
        <ele>619.94</ele>
      </trkpt>
      <trkpt lat="41.756569" lon="-8.193487">
        <ele>619.97</ele>
      </trkpt>
      <trkpt lat="41.756343" lon="-8.193468">
        <ele>620.73</ele>
      </trkpt>
      <trkpt lat="41.755789" lon="-8.193197">
        <ele>621</ele>
      </trkpt>
      <trkpt lat="41.755684" lon="-8.193175">
        <ele>621</ele>
      </trkpt>
      <trkpt lat="41.755559" lon="-8.193174">
        <ele>621.79</ele>
      </trkpt>
      <trkpt lat="41.75541" lon="-8.193194">
        <ele>622.95</ele>
      </trkpt>
      <trkpt lat="41.754242" lon="-8.193671">
        <ele>627.05</ele>
      </trkpt>
      <trkpt lat="41.753952" lon="-8.193754">
        <ele>629.46</ele>
      </trkpt>
      <trkpt lat="41.753661" lon="-8.193838">
        <ele>629.86</ele>
      </trkpt>
      <trkpt lat="41.753098" lon="-8.193906">
        <ele>628.48</ele>
      </trkpt>
      <trkpt lat="41.752696" lon="-8.193956">
        <ele>632.22</ele>
      </trkpt>
      <trkpt lat="41.752534" lon="-8.194022">
        <ele>634.58</ele>
      </trkpt>
      <trkpt lat="41.752463" lon="-8.194076">
        <ele>635.17</ele>
      </trkpt>
      <trkpt lat="41.751801" lon="-8.19471">
        <ele>630.62</ele>
      </trkpt>
      <trkpt lat="41.75137" lon="-8.195143">
        <ele>632.51</ele>
      </trkpt>
      <trkpt lat="41.750938" lon="-8.195576">
        <ele>630.46</ele>
      </trkpt>
      <trkpt lat="41.750573" lon="-8.195976">
        <ele>628.87</ele>
      </trkpt>
      <trkpt lat="41.750292" lon="-8.19648">
        <ele>632.83</ele>
      </trkpt>
      <trkpt lat="41.74991" lon="-8.196865">
        <ele>632.94</ele>
      </trkpt>
      <trkpt lat="41.749482" lon="-8.197056">
        <ele>631.96</ele>
      </trkpt>
      <trkpt lat="41.748943" lon="-8.19723">
        <ele>629.69</ele>
      </trkpt>
      <trkpt lat="41.748449" lon="-8.197387">
        <ele>624.8</ele>
      </trkpt>
      <trkpt lat="41.748335" lon="-8.197432">
        <ele>624.06</ele>
      </trkpt>
      <trkpt lat="41.748271" lon="-8.19748">
        <ele>623.35</ele>
      </trkpt>
      <trkpt lat="41.748204" lon="-8.197548">
        <ele>622.6</ele>
      </trkpt>
      <trkpt lat="41.748151" lon="-8.197623">
        <ele>621.62</ele>
      </trkpt>
      <trkpt lat="41.748115" lon="-8.197694">
        <ele>621.21</ele>
      </trkpt>
      <trkpt lat="41.74798" lon="-8.198129">
        <ele>620.58</ele>
      </trkpt>
      <trkpt lat="41.74792" lon="-8.198257">
        <ele>620.12</ele>
      </trkpt>
      <trkpt lat="41.74783" lon="-8.198369">
        <ele>619.33</ele>
      </trkpt>
      <trkpt lat="41.747302" lon="-8.198809">
        <ele>618.55</ele>
      </trkpt>
      <trkpt lat="41.746932" lon="-8.199093">
        <ele>614.72</ele>
      </trkpt>
      <trkpt lat="41.74624" lon="-8.199314">
        <ele>608.76</ele>
      </trkpt>
      <trkpt lat="41.746052" lon="-8.199514">
        <ele>607.25</ele>
      </trkpt>
      <trkpt lat="41.745828" lon="-8.199997">
        <ele>606.15</ele>
      </trkpt>
      <trkpt lat="41.745635" lon="-8.200188">
        <ele>607.52</ele>
      </trkpt>
      <trkpt lat="41.745256" lon="-8.200233">
        <ele>605.84</ele>
      </trkpt>
      <trkpt lat="41.745095" lon="-8.20028">
        <ele>603.38</ele>
      </trkpt>
      <trkpt lat="41.744734" lon="-8.200576">
        <ele>600.1</ele>
      </trkpt>
      <trkpt lat="41.744324" lon="-8.200942">
        <ele>598.02</ele>
      </trkpt>
      <trkpt lat="41.744239" lon="-8.201083">
        <ele>597</ele>
      </trkpt>
      <trkpt lat="41.744205" lon="-8.201256">
        <ele>596.34</ele>
      </trkpt>
      <trkpt lat="41.744216" lon="-8.201453">
        <ele>595.23</ele>
      </trkpt>
      <trkpt lat="41.744296" lon="-8.201788">
        <ele>592.65</ele>
      </trkpt>
      <trkpt lat="41.744399" lon="-8.202122">
        <ele>589.72</ele>
      </trkpt>
      <trkpt lat="41.744428" lon="-8.202413">
        <ele>588.6</ele>
      </trkpt>
      <trkpt lat="41.744391" lon="-8.202604">
        <ele>589.5</ele>
      </trkpt>
      <trkpt lat="41.744306" lon="-8.202777">
        <ele>589.84</ele>
      </trkpt>
      <trkpt lat="41.744195" lon="-8.202922">
        <ele>588.87</ele>
      </trkpt>
      <trkpt lat="41.743722" lon="-8.203415">
        <ele>584.9</ele>
      </trkpt>
      <trkpt lat="41.743572" lon="-8.203809">
        <ele>584.77</ele>
      </trkpt>
      <trkpt lat="41.743422" lon="-8.204203">
        <ele>586.83</ele>
      </trkpt>
      <trkpt lat="41.743335" lon="-8.204358">
        <ele>588.49</ele>
      </trkpt>
      <trkpt lat="41.742678" lon="-8.204886">
        <ele>595.87</ele>
      </trkpt>
      <trkpt lat="41.74229" lon="-8.205329">
        <ele>593.08</ele>
      </trkpt>
      <trkpt lat="41.741486" lon="-8.20626">
        <ele>595.18</ele>
      </trkpt>
      <trkpt lat="41.740994" lon="-8.206856">
        <ele>596.02</ele>
      </trkpt>
      <trkpt lat="41.740683" lon="-8.207469">
        <ele>593.45</ele>
      </trkpt>
      <trkpt lat="41.740461" lon="-8.20783">
        <ele>594.93</ele>
      </trkpt>
      <trkpt lat="41.740168" lon="-8.208134">
        <ele>592.85</ele>
      </trkpt>
      <trkpt lat="41.739986" lon="-8.208341">
        <ele>590.64</ele>
      </trkpt>
      <trkpt lat="41.739593" lon="-8.208837">
        <ele>579.6</ele>
      </trkpt>
      <trkpt lat="41.73949" lon="-8.209081">
        <ele>575.97</ele>
      </trkpt>
      <trkpt lat="41.739401" lon="-8.209925">
        <ele>570.5</ele>
      </trkpt>
      <trkpt lat="41.739345" lon="-8.210065">
        <ele>568.44</ele>
      </trkpt>
      <trkpt lat="41.739235" lon="-8.21012">
        <ele>565.02</ele>
      </trkpt>
      <trkpt lat="41.739146" lon="-8.210093">
        <ele>562.92</ele>
      </trkpt>
      <trkpt lat="41.739075" lon="-8.209993">
        <ele>561.46</ele>
      </trkpt>
      <trkpt lat="41.738738" lon="-8.209217">
        <ele>559.66</ele>
      </trkpt>
      <trkpt lat="41.738589" lon="-8.208873">
        <ele>556.94</ele>
      </trkpt>
      <trkpt lat="41.738434" lon="-8.208577">
        <ele>554.76</ele>
      </trkpt>
      <trkpt lat="41.738321" lon="-8.208426">
        <ele>554</ele>
      </trkpt>
      <trkpt lat="41.738201" lon="-8.20835">
        <ele>553.71</ele>
      </trkpt>
      <trkpt lat="41.73788" lon="-8.208213">
        <ele>552.28</ele>
      </trkpt>
      <trkpt lat="41.737587" lon="-8.208062">
        <ele>549.2</ele>
      </trkpt>
      <trkpt lat="41.737326" lon="-8.207801">
        <ele>548.39</ele>
      </trkpt>
      <trkpt lat="41.737189" lon="-8.207758">
        <ele>548.95</ele>
      </trkpt>
      <trkpt lat="41.737007" lon="-8.207793">
        <ele>550.35</ele>
      </trkpt>
      <trkpt lat="41.736846" lon="-8.207918">
        <ele>551.04</ele>
      </trkpt>
      <trkpt lat="41.73655" lon="-8.208483">
        <ele>554.04</ele>
      </trkpt>
      <trkpt lat="41.736362" lon="-8.208794">
        <ele>550.44</ele>
      </trkpt>
      <trkpt lat="41.736115" lon="-8.208978">
        <ele>548.75</ele>
      </trkpt>
      <trkpt lat="41.735364" lon="-8.20917">
        <ele>554.32</ele>
      </trkpt>
      <trkpt lat="41.734995" lon="-8.209408">
        <ele>549.93</ele>
      </trkpt>
      <trkpt lat="41.734904" lon="-8.209553">
        <ele>547.82</ele>
      </trkpt>
      <trkpt lat="41.73477" lon="-8.209944">
        <ele>545.44</ele>
      </trkpt>
      <trkpt lat="41.734636" lon="-8.210335">
        <ele>545.25</ele>
      </trkpt>
      <trkpt lat="41.734276" lon="-8.210978">
        <ele>549</ele>
      </trkpt>
      <trkpt lat="41.734111" lon="-8.211425">
        <ele>552.21</ele>
      </trkpt>
      <trkpt lat="41.733946" lon="-8.211547">
        <ele>554.8</ele>
      </trkpt>
      <trkpt lat="41.733788" lon="-8.211612">
        <ele>557.21</ele>
      </trkpt>
      <trkpt lat="41.733624" lon="-8.21163">
        <ele>559.98</ele>
      </trkpt>
      <trkpt lat="41.733439" lon="-8.21161">
        <ele>561.66</ele>
      </trkpt>
      <trkpt lat="41.733236" lon="-8.211681">
        <ele>562.16</ele>
      </trkpt>
      <trkpt lat="41.732933" lon="-8.211882">
        <ele>562.12</ele>
      </trkpt>
      <trkpt lat="41.732719" lon="-8.212101">
        <ele>565.96</ele>
      </trkpt>
      <trkpt lat="41.732302" lon="-8.21272">
        <ele>574.44</ele>
      </trkpt>
      <trkpt lat="41.732123" lon="-8.212882">
        <ele>574.87</ele>
      </trkpt>
      <trkpt lat="41.731418" lon="-8.213294">
        <ele>576.51</ele>
      </trkpt>
      <trkpt lat="41.731195" lon="-8.213406">
        <ele>576.83</ele>
      </trkpt>
      <trkpt lat="41.731009" lon="-8.213447">
        <ele>576.39</ele>
      </trkpt>
      <trkpt lat="41.730694" lon="-8.213426">
        <ele>574.57</ele>
      </trkpt>
      <trkpt lat="41.730498" lon="-8.21344">
        <ele>573.38</ele>
      </trkpt>
      <trkpt lat="41.730329" lon="-8.213544">
        <ele>573.79</ele>
      </trkpt>
      <trkpt lat="41.730193" lon="-8.213713">
        <ele>575.73</ele>
      </trkpt>
      <trkpt lat="41.730117" lon="-8.213884">
        <ele>576.74</ele>
      </trkpt>
      <trkpt lat="41.729983" lon="-8.214402">
        <ele>574.77</ele>
      </trkpt>
      <trkpt lat="41.729898" lon="-8.214731">
        <ele>571.45</ele>
      </trkpt>
      <trkpt lat="41.729729" lon="-8.215389">
        <ele>573</ele>
      </trkpt>
      <trkpt lat="41.729476" lon="-8.216377">
        <ele>564.53</ele>
      </trkpt>
      <trkpt lat="41.729401" lon="-8.216574">
        <ele>561.64</ele>
      </trkpt>
      <trkpt lat="41.7293" lon="-8.216723">
        <ele>559.19</ele>
      </trkpt>
      <trkpt lat="41.729173" lon="-8.216829">
        <ele>557.23</ele>
      </trkpt>
      <trkpt lat="41.729061" lon="-8.216864">
        <ele>555.95</ele>
      </trkpt>
      <trkpt lat="41.728871" lon="-8.216885">
        <ele>555.33</ele>
      </trkpt>
      <trkpt lat="41.728763" lon="-8.216931">
        <ele>555.02</ele>
      </trkpt>
      <trkpt lat="41.728444" lon="-8.217217">
        <ele>556.99</ele>
      </trkpt>
      <trkpt lat="41.728325" lon="-8.217258">
        <ele>557.02</ele>
      </trkpt>
      <trkpt lat="41.727932" lon="-8.217225">
        <ele>552.32</ele>
      </trkpt>
      <trkpt lat="41.727754" lon="-8.217177">
        <ele>553.44</ele>
      </trkpt>
      <trkpt lat="41.727577" lon="-8.217066">
        <ele>557.56</ele>
      </trkpt>
      <trkpt lat="41.727359" lon="-8.216823">
        <ele>560.99</ele>
      </trkpt>
      <trkpt lat="41.727111" lon="-8.216648">
        <ele>559.42</ele>
      </trkpt>
      <trkpt lat="41.726614" lon="-8.216299">
        <ele>549.71</ele>
      </trkpt>
      <trkpt lat="41.72652" lon="-8.216271">
        <ele>548.99</ele>
      </trkpt>
      <trkpt lat="41.726419" lon="-8.216286">
        <ele>548.55</ele>
      </trkpt>
      <trkpt lat="41.726137" lon="-8.216443">
        <ele>548.02</ele>
      </trkpt>
      <trkpt lat="41.726001" lon="-8.216488">
        <ele>548.04</ele>
      </trkpt>
      <trkpt lat="41.725252" lon="-8.216548">
        <ele>546.3</ele>
      </trkpt>
      <trkpt lat="41.725126" lon="-8.216605">
        <ele>546.67</ele>
      </trkpt>
      <trkpt lat="41.724995" lon="-8.216725">
        <ele>547.21</ele>
      </trkpt>
      <trkpt lat="41.724747" lon="-8.217146">
        <ele>548.91</ele>
      </trkpt>
      <trkpt lat="41.724678" lon="-8.217194">
        <ele>548.08</ele>
      </trkpt>
      <trkpt lat="41.724578" lon="-8.21723">
        <ele>546.56</ele>
      </trkpt>
      <trkpt lat="41.724338" lon="-8.21727">
        <ele>544.96</ele>
      </trkpt>
      <trkpt lat="41.724188" lon="-8.217231">
        <ele>543.16</ele>
      </trkpt>
      <trkpt lat="41.723653" lon="-8.216958">
        <ele>536.79</ele>
      </trkpt>
      <trkpt lat="41.723414" lon="-8.216873">
        <ele>535.34</ele>
      </trkpt>
      <trkpt lat="41.723142" lon="-8.216831">
        <ele>533.71</ele>
      </trkpt>
      <trkpt lat="41.722617" lon="-8.2168">
        <ele>524.44</ele>
      </trkpt>
      <trkpt lat="41.721943" lon="-8.216699">
        <ele>514.86</ele>
      </trkpt>
      <trkpt lat="41.721805" lon="-8.216731">
        <ele>513.75</ele>
      </trkpt>
      <trkpt lat="41.721479" lon="-8.217067">
        <ele>511.54</ele>
      </trkpt>
      <trkpt lat="41.721265" lon="-8.217296">
        <ele>512.63</ele>
      </trkpt>
      <trkpt lat="41.721147" lon="-8.217378">
        <ele>513.18</ele>
      </trkpt>
      <trkpt lat="41.720613" lon="-8.217523">
        <ele>508.02</ele>
      </trkpt>
      <trkpt lat="41.720346" lon="-8.217596">
        <ele>503.22</ele>
      </trkpt>
      <trkpt lat="41.719602" lon="-8.218037">
        <ele>497.41</ele>
      </trkpt>
      <trkpt lat="41.719222" lon="-8.218313">
        <ele>497.73</ele>
      </trkpt>
      <trkpt lat="41.719054" lon="-8.218381">
        <ele>496.44</ele>
      </trkpt>
      <trkpt lat="41.718694" lon="-8.218434">
        <ele>487.3</ele>
      </trkpt>
      <trkpt lat="41.718598" lon="-8.218484">
        <ele>485.41</ele>
      </trkpt>
      <trkpt lat="41.718535" lon="-8.218546">
        <ele>484.15</ele>
      </trkpt>
      <trkpt lat="41.718468" lon="-8.218682">
        <ele>483.84</ele>
      </trkpt>
      <trkpt lat="41.71827" lon="-8.219225">
        <ele>487.44</ele>
      </trkpt>
      <trkpt lat="41.718153" lon="-8.219344">
        <ele>485.71</ele>
      </trkpt>
      <trkpt lat="41.718026" lon="-8.219373">
        <ele>482.5</ele>
      </trkpt>
      <trkpt lat="41.717866" lon="-8.219344">
        <ele>479.01</ele>
      </trkpt>
      <trkpt lat="41.717412" lon="-8.21905">
        <ele>470.62</ele>
      </trkpt>
      <trkpt lat="41.717176" lon="-8.218989">
        <ele>469.4</ele>
      </trkpt>
      <trkpt lat="41.716935" lon="-8.218948">
        <ele>467.75</ele>
      </trkpt>
      <trkpt lat="41.716808" lon="-8.218946">
        <ele>467.59</ele>
      </trkpt>
      <trkpt lat="41.716644" lon="-8.218967">
        <ele>467.21</ele>
      </trkpt>
      <trkpt lat="41.716355" lon="-8.218978">
        <ele>466.05</ele>
      </trkpt>
      <trkpt lat="41.716025" lon="-8.218831">
        <ele>459.25</ele>
      </trkpt>
      <trkpt lat="41.7158" lon="-8.218656">
        <ele>455.93</ele>
      </trkpt>
      <trkpt lat="41.715511" lon="-8.218583">
        <ele>457.08</ele>
      </trkpt>
      <trkpt lat="41.715222" lon="-8.21851">
        <ele>451.92</ele>
      </trkpt>
      <trkpt lat="41.715042" lon="-8.218512">
        <ele>449.21</ele>
      </trkpt>
      <trkpt lat="41.714496" lon="-8.218706">
        <ele>451.03</ele>
      </trkpt>
      <trkpt lat="41.71395" lon="-8.2189">
        <ele>447.44</ele>
      </trkpt>
      <trkpt lat="41.71358" lon="-8.219223">
        <ele>447.33</ele>
      </trkpt>
      <trkpt lat="41.713451" lon="-8.219282">
        <ele>447.22</ele>
      </trkpt>
      <trkpt lat="41.713312" lon="-8.219281">
        <ele>445.91</ele>
      </trkpt>
      <trkpt lat="41.713185" lon="-8.219209">
        <ele>444.3</ele>
      </trkpt>
      <trkpt lat="41.713028" lon="-8.218988">
        <ele>440.77</ele>
      </trkpt>
      <trkpt lat="41.712914" lon="-8.218884">
        <ele>438.95</ele>
      </trkpt>
      <trkpt lat="41.712459" lon="-8.218739">
        <ele>437.14</ele>
      </trkpt>
      <trkpt lat="41.712232" lon="-8.218666">
        <ele>434.54</ele>
      </trkpt>
      <trkpt lat="41.712057" lon="-8.218698">
        <ele>432.94</ele>
      </trkpt>
      <trkpt lat="41.711935" lon="-8.218779">
        <ele>431.87</ele>
      </trkpt>
      <trkpt lat="41.711853" lon="-8.218904">
        <ele>432.15</ele>
      </trkpt>
      <trkpt lat="41.711767" lon="-8.21919">
        <ele>436.09</ele>
      </trkpt>
      <trkpt lat="41.711593" lon="-8.219762">
        <ele>437.87</ele>
      </trkpt>
      <trkpt lat="41.711502" lon="-8.219879">
        <ele>436.38</ele>
      </trkpt>
      <trkpt lat="41.711408" lon="-8.21993">
        <ele>434.91</ele>
      </trkpt>
      <trkpt lat="41.711312" lon="-8.219918">
        <ele>433.91</ele>
      </trkpt>
      <trkpt lat="41.710818" lon="-8.219552">
        <ele>423.57</ele>
      </trkpt>
      <trkpt lat="41.710712" lon="-8.219498">
        <ele>422.63</ele>
      </trkpt>
      <trkpt lat="41.710611" lon="-8.21948">
        <ele>422.11</ele>
      </trkpt>
      <trkpt lat="41.710212" lon="-8.21956">
        <ele>424.36</ele>
      </trkpt>
      <trkpt lat="41.710118" lon="-8.219543">
        <ele>425.14</ele>
      </trkpt>
      <trkpt lat="41.709885" lon="-8.21941">
        <ele>423.39</ele>
      </trkpt>
      <trkpt lat="41.709652" lon="-8.219278">
        <ele>424.16</ele>
      </trkpt>
      <trkpt lat="41.709578" lon="-8.219172">
        <ele>423.25</ele>
      </trkpt>
      <trkpt lat="41.709521" lon="-8.218922">
        <ele>417.85</ele>
      </trkpt>
      <trkpt lat="41.709458" lon="-8.218739">
        <ele>415.29</ele>
      </trkpt>
      <trkpt lat="41.709254" lon="-8.218501">
        <ele>414.13</ele>
      </trkpt>
      <trkpt lat="41.709146" lon="-8.218417">
        <ele>413.4</ele>
      </trkpt>
      <trkpt lat="41.708849" lon="-8.218303">
        <ele>415.56</ele>
      </trkpt>
      <trkpt lat="41.708614" lon="-8.218089">
        <ele>410.59</ele>
      </trkpt>
      <trkpt lat="41.708426" lon="-8.218005">
        <ele>409.91</ele>
      </trkpt>
      <trkpt lat="41.708263" lon="-8.217907">
        <ele>408.2</ele>
      </trkpt>
      <trkpt lat="41.708086" lon="-8.217706">
        <ele>404.9</ele>
      </trkpt>
      <trkpt lat="41.707979" lon="-8.217613">
        <ele>403.64</ele>
      </trkpt>
      <trkpt lat="41.707813" lon="-8.217544">
        <ele>403.94</ele>
      </trkpt>
      <trkpt lat="41.707294" lon="-8.217258">
        <ele>401.18</ele>
      </trkpt>
      <trkpt lat="41.707112" lon="-8.217221">
        <ele>399.35</ele>
      </trkpt>
      <trkpt lat="41.706988" lon="-8.217262">
        <ele>398.97</ele>
      </trkpt>
      <trkpt lat="41.706667" lon="-8.217533">
        <ele>400.23</ele>
      </trkpt>
      <trkpt lat="41.706518" lon="-8.217566">
        <ele>396.92</ele>
      </trkpt>
      <trkpt lat="41.706105" lon="-8.217523">
        <ele>390.38</ele>
      </trkpt>
      <trkpt lat="41.70597" lon="-8.217446">
        <ele>388.75</ele>
      </trkpt>
      <trkpt lat="41.705792" lon="-8.217242">
        <ele>385.85</ele>
      </trkpt>
      <trkpt lat="41.705614" lon="-8.217038">
        <ele>389.87</ele>
      </trkpt>
      <trkpt lat="41.705457" lon="-8.216945">
        <ele>390.08</ele>
      </trkpt>
      <trkpt lat="41.705333" lon="-8.216948">
        <ele>392.65</ele>
      </trkpt>
      <trkpt lat="41.705088" lon="-8.217069">
        <ele>401.05</ele>
      </trkpt>
      <trkpt lat="41.704844" lon="-8.217191">
        <ele>405.36</ele>
      </trkpt>
      <trkpt lat="41.704676" lon="-8.217215">
        <ele>405.08</ele>
      </trkpt>
      <trkpt lat="41.704378" lon="-8.216987">
        <ele>396.75</ele>
      </trkpt>
      <trkpt lat="41.704328" lon="-8.216834">
        <ele>394.75</ele>
      </trkpt>
      <trkpt lat="41.704333" lon="-8.216687">
        <ele>394.15</ele>
      </trkpt>
      <trkpt lat="41.704547" lon="-8.2161">
        <ele>385.34</ele>
      </trkpt>
      <trkpt lat="41.704635" lon="-8.215822">
        <ele>382.35</ele>
      </trkpt>
      <trkpt lat="41.704683" lon="-8.215496">
        <ele>380.75</ele>
      </trkpt>
      <trkpt lat="41.704691" lon="-8.215169">
        <ele>380.31</ele>
      </trkpt>
      <trkpt lat="41.70464" lon="-8.214893">
        <ele>378.33</ele>
      </trkpt>
      <trkpt lat="41.704497" lon="-8.214498">
        <ele>373.01</ele>
      </trkpt>
      <trkpt lat="41.704241" lon="-8.213796">
        <ele>368.4</ele>
      </trkpt>
      <trkpt lat="41.704157" lon="-8.213628">
        <ele>367.06</ele>
      </trkpt>
      <trkpt lat="41.703876" lon="-8.213281">
        <ele>366.88</ele>
      </trkpt>
      <trkpt lat="41.703654" lon="-8.212742">
        <ele>357.57</ele>
      </trkpt>
      <trkpt lat="41.703559" lon="-8.212626">
        <ele>355.74</ele>
      </trkpt>
      <trkpt lat="41.703444" lon="-8.212567">
        <ele>354.15</ele>
      </trkpt>
      <trkpt lat="41.703084" lon="-8.212605">
        <ele>353.24</ele>
      </trkpt>
      <trkpt lat="41.702962" lon="-8.212553">
        <ele>352.82</ele>
      </trkpt>
      <trkpt lat="41.702589" lon="-8.21217">
        <ele>347.1</ele>
      </trkpt>
      <trkpt lat="41.702213" lon="-8.212027">
        <ele>347.78</ele>
      </trkpt>
      <trkpt lat="41.702056" lon="-8.212025">
        <ele>348.38</ele>
      </trkpt>
      <trkpt lat="41.701752" lon="-8.21214">
        <ele>353.95</ele>
      </trkpt>
      <trkpt lat="41.701628" lon="-8.212087">
        <ele>354.1</ele>
      </trkpt>
      <trkpt lat="41.701551" lon="-8.212003">
        <ele>352.85</ele>
      </trkpt>
      <trkpt lat="41.701495" lon="-8.211791">
        <ele>347.55</ele>
      </trkpt>
      <trkpt lat="41.701422" lon="-8.21162">
        <ele>344.09</ele>
      </trkpt>
      <trkpt lat="41.701028" lon="-8.211087">
        <ele>340.71</ele>
      </trkpt>
      <trkpt lat="41.700917" lon="-8.210989">
        <ele>339.27</ele>
      </trkpt>
      <trkpt lat="41.700417" lon="-8.210867">
        <ele>335.54</ele>
      </trkpt>
      <trkpt lat="41.700193" lon="-8.210866">
        <ele>334.85</ele>
      </trkpt>
      <trkpt lat="41.699968" lon="-8.210865">
        <ele>331.87</ele>
      </trkpt>
      <trkpt lat="41.699839" lon="-8.210914">
        <ele>331.72</ele>
      </trkpt>
      <trkpt lat="41.699697" lon="-8.211047">
        <ele>334.81</ele>
      </trkpt>
      <trkpt lat="41.699526" lon="-8.211097">
        <ele>337.01</ele>
      </trkpt>
      <trkpt lat="41.699334" lon="-8.21099">
        <ele>340.11</ele>
      </trkpt>
      <trkpt lat="41.698851" lon="-8.210075">
        <ele>336.05</ele>
      </trkpt>
      <trkpt lat="41.69869" lon="-8.209769">
        <ele>333.07</ele>
      </trkpt>
      <trkpt lat="41.698328" lon="-8.209266">
        <ele>331.36</ele>
      </trkpt>
      <trkpt lat="41.698153" lon="-8.209095">
        <ele>329.3</ele>
      </trkpt>
      <trkpt lat="41.697979" lon="-8.208994">
        <ele>326.56</ele>
      </trkpt>
      <trkpt lat="41.697661" lon="-8.209001">
        <ele>324.24</ele>
      </trkpt>
      <trkpt lat="41.697342" lon="-8.209008">
        <ele>324.13</ele>
      </trkpt>
      <trkpt lat="41.697011" lon="-8.209064">
        <ele>323.51</ele>
      </trkpt>
      <trkpt lat="41.696719" lon="-8.208931">
        <ele>320.29</ele>
      </trkpt>
      <trkpt lat="41.696135" lon="-8.208666">
        <ele>318.04</ele>
      </trkpt>
      <trkpt lat="41.696032" lon="-8.208535">
        <ele>316.37</ele>
      </trkpt>
      <trkpt lat="41.695969" lon="-8.208372">
        <ele>314.51</ele>
      </trkpt>
      <trkpt lat="41.695851" lon="-8.20794">
        <ele>308.44</ele>
      </trkpt>
      <trkpt lat="41.695807" lon="-8.207882">
        <ele>307.47</ele>
      </trkpt>
      <trkpt lat="41.695702" lon="-8.207823">
        <ele>307.4</ele>
      </trkpt>
      <trkpt lat="41.695656" lon="-8.207818">
        <ele>308.08</ele>
      </trkpt>
      <trkpt lat="41.695519" lon="-8.207801">
        <ele>310.11</ele>
      </trkpt>
      <trkpt lat="41.695416" lon="-8.207739">
        <ele>311.22</ele>
      </trkpt>
      <trkpt lat="41.695291" lon="-8.207632">
        <ele>314.38</ele>
      </trkpt>
      <trkpt lat="41.695228" lon="-8.2075">
        <ele>315.99</ele>
      </trkpt>
      <trkpt lat="41.695202" lon="-8.20737">
        <ele>315.86</ele>
      </trkpt>
      <trkpt lat="41.695168" lon="-8.20698">
        <ele>312.37</ele>
      </trkpt>
      <trkpt lat="41.695124" lon="-8.206871">
        <ele>311.71</ele>
      </trkpt>
      <trkpt lat="41.695064" lon="-8.206766">
        <ele>310.59</ele>
      </trkpt>
      <trkpt lat="41.694986" lon="-8.206656">
        <ele>308.47</ele>
      </trkpt>
      <trkpt lat="41.694918" lon="-8.206602">
        <ele>307.3</ele>
      </trkpt>
      <trkpt lat="41.694782" lon="-8.206551">
        <ele>305.44</ele>
      </trkpt>
      <trkpt lat="41.694639" lon="-8.206567">
        <ele>305.13</ele>
      </trkpt>
      <trkpt lat="41.694271" lon="-8.206838">
        <ele>305.15</ele>
      </trkpt>
      <trkpt lat="41.694164" lon="-8.206819">
        <ele>302.85</ele>
      </trkpt>
      <trkpt lat="41.693908" lon="-8.206607">
        <ele>295.11</ele>
      </trkpt>
      <trkpt lat="41.693601" lon="-8.206527">
        <ele>295.55</ele>
      </trkpt>
      <trkpt lat="41.693356" lon="-8.206371">
        <ele>293.11</ele>
      </trkpt>
      <trkpt lat="41.692846" lon="-8.20644">
        <ele>297.58</ele>
      </trkpt>
      <trkpt lat="41.692769" lon="-8.20644">
        <ele>298.18</ele>
      </trkpt>
      <trkpt lat="41.692716" lon="-8.206424">
        <ele>298.1</ele>
      </trkpt>
      <trkpt lat="41.692616" lon="-8.206362">
        <ele>297.23</ele>
      </trkpt>
      <trkpt lat="41.69252" lon="-8.206249">
        <ele>296.55</ele>
      </trkpt>
      <trkpt lat="41.69248" lon="-8.206167">
        <ele>295.91</ele>
      </trkpt>
      <trkpt lat="41.692449" lon="-8.20607">
        <ele>296.15</ele>
      </trkpt>
      <trkpt lat="41.692441" lon="-8.206003">
        <ele>295.92</ele>
      </trkpt>
      <trkpt lat="41.692436" lon="-8.205768">
        <ele>294.08</ele>
      </trkpt>
      <trkpt lat="41.692423" lon="-8.205703">
        <ele>293.94</ele>
      </trkpt>
      <trkpt lat="41.692398" lon="-8.205632">
        <ele>293.95</ele>
      </trkpt>
      <trkpt lat="41.692368" lon="-8.205576">
        <ele>293.88</ele>
      </trkpt>
      <trkpt lat="41.692338" lon="-8.205538">
        <ele>294</ele>
      </trkpt>
      <trkpt lat="41.692135" lon="-8.205392">
        <ele>294.33</ele>
      </trkpt>
      <trkpt lat="41.692059" lon="-8.205349">
        <ele>293.89</ele>
      </trkpt>
      <trkpt lat="41.69188" lon="-8.205284">
        <ele>293.26</ele>
      </trkpt>
      <trkpt lat="41.691666" lon="-8.205224">
        <ele>294.97</ele>
      </trkpt>
      <trkpt lat="41.691554" lon="-8.205127">
        <ele>295.78</ele>
      </trkpt>
      <trkpt lat="41.691362" lon="-8.204694">
        <ele>294.05</ele>
      </trkpt>
      <trkpt lat="41.691263" lon="-8.204509">
        <ele>292.91</ele>
      </trkpt>
      <trkpt lat="41.69114" lon="-8.204363">
        <ele>292.24</ele>
      </trkpt>
      <trkpt lat="41.691024" lon="-8.204256">
        <ele>291.56</ele>
      </trkpt>
      <trkpt lat="41.690899" lon="-8.204176">
        <ele>290.7</ele>
      </trkpt>
      <trkpt lat="41.690313" lon="-8.203967">
        <ele>290.71</ele>
      </trkpt>
      <trkpt lat="41.6899" lon="-8.203804">
        <ele>288.85</ele>
      </trkpt>
      <trkpt lat="41.689753" lon="-8.203725">
        <ele>287.79</ele>
      </trkpt>
      <trkpt lat="41.689152" lon="-8.203271">
        <ele>285.48</ele>
      </trkpt>
      <trkpt lat="41.68878" lon="-8.202986">
        <ele>282.06</ele>
      </trkpt>
      <trkpt lat="41.688276" lon="-8.202582">
        <ele>276.56</ele>
      </trkpt>
      <trkpt lat="41.688181" lon="-8.202472">
        <ele>275.88</ele>
      </trkpt>
      <trkpt lat="41.688079" lon="-8.202312">
        <ele>275.14</ele>
      </trkpt>
      <trkpt lat="41.688041" lon="-8.202221">
        <ele>274.21</ele>
      </trkpt>
      <trkpt lat="41.687925" lon="-8.201856">
        <ele>271.42</ele>
      </trkpt>
      <trkpt lat="41.687796" lon="-8.201459">
        <ele>270.6</ele>
      </trkpt>
      <trkpt lat="41.687712" lon="-8.20126">
        <ele>269.69</ele>
      </trkpt>
      <trkpt lat="41.687629" lon="-8.201135">
        <ele>268.94</ele>
      </trkpt>
      <trkpt lat="41.68742" lon="-8.200949">
        <ele>266.43</ele>
      </trkpt>
      <trkpt lat="41.687259" lon="-8.200892">
        <ele>265.92</ele>
      </trkpt>
      <trkpt lat="41.687064" lon="-8.200852">
        <ele>265.75</ele>
      </trkpt>
      <trkpt lat="41.686761" lon="-8.200804">
        <ele>266.06</ele>
      </trkpt>
      <trkpt lat="41.686639" lon="-8.200712">
        <ele>265.06</ele>
      </trkpt>
      <trkpt lat="41.686521" lon="-8.200532">
        <ele>262.71</ele>
      </trkpt>
      <trkpt lat="41.686221" lon="-8.1998">
        <ele>257.7</ele>
      </trkpt>
      <trkpt lat="41.68608" lon="-8.199583">
        <ele>256.21</ele>
      </trkpt>
      <trkpt lat="41.685858" lon="-8.199399">
        <ele>255.16</ele>
      </trkpt>
      <trkpt lat="41.685379" lon="-8.199237">
        <ele>255.87</ele>
      </trkpt>
      <trkpt lat="41.685108" lon="-8.199044">
        <ele>255.48</ele>
      </trkpt>
      <trkpt lat="41.684999" lon="-8.198859">
        <ele>252.06</ele>
      </trkpt>
      <trkpt lat="41.684949" lon="-8.198673">
        <ele>248.99</ele>
      </trkpt>
      <trkpt lat="41.684901" lon="-8.198241">
        <ele>246.67</ele>
      </trkpt>
      <trkpt lat="41.684843" lon="-8.197989">
        <ele>247.33</ele>
      </trkpt>
      <trkpt lat="41.684734" lon="-8.197806">
        <ele>247.96</ele>
      </trkpt>
      <trkpt lat="41.684513" lon="-8.19756">
        <ele>247.46</ele>
      </trkpt>
      <trkpt lat="41.684419" lon="-8.197332">
        <ele>243.4</ele>
      </trkpt>
      <trkpt lat="41.684396" lon="-8.197114">
        <ele>240.07</ele>
      </trkpt>
      <trkpt lat="41.684492" lon="-8.196568">
        <ele>237.28</ele>
      </trkpt>
      <trkpt lat="41.684478" lon="-8.196351">
        <ele>235.25</ele>
      </trkpt>
      <trkpt lat="41.68443" lon="-8.196202">
        <ele>233.76</ele>
      </trkpt>
      <trkpt lat="41.684367" lon="-8.196082">
        <ele>232.72</ele>
      </trkpt>
      <trkpt lat="41.684099" lon="-8.195696">
        <ele>231.27</ele>
      </trkpt>
      <trkpt lat="41.683968" lon="-8.195598">
        <ele>232.02</ele>
      </trkpt>
      <trkpt lat="41.683767" lon="-8.195555">
        <ele>232.64</ele>
      </trkpt>
      <trkpt lat="41.683029" lon="-8.19563">
        <ele>225.77</ele>
      </trkpt>
      <trkpt lat="41.682439" lon="-8.195597">
        <ele>223.13</ele>
      </trkpt>
      <trkpt lat="41.682239" lon="-8.195549">
        <ele>223.72</ele>
      </trkpt>
      <trkpt lat="41.682116" lon="-8.195396">
        <ele>225.54</ele>
      </trkpt>
      <trkpt lat="41.681963" lon="-8.19466">
        <ele>219.52</ele>
      </trkpt>
      <trkpt lat="41.681752" lon="-8.194249">
        <ele>220.24</ele>
      </trkpt>
      <trkpt lat="41.681655" lon="-8.194009">
        <ele>217.88</ele>
      </trkpt>
      <trkpt lat="41.681621" lon="-8.193742">
        <ele>214.74</ele>
      </trkpt>
      <trkpt lat="41.681636" lon="-8.19255">
        <ele>208.21</ele>
      </trkpt>
      <trkpt lat="41.68161" lon="-8.192282">
        <ele>207.74</ele>
      </trkpt>
      <trkpt lat="41.681587" lon="-8.192129">
        <ele>206.76</ele>
      </trkpt>
      <trkpt lat="41.681416" lon="-8.191538">
        <ele>204.57</ele>
      </trkpt>
      <trkpt lat="41.681391" lon="-8.19141">
        <ele>204.22</ele>
      </trkpt>
      <trkpt lat="41.681377" lon="-8.19128">
        <ele>203.47</ele>
      </trkpt>
      <trkpt lat="41.681305" lon="-8.189822">
        <ele>198.5</ele>
      </trkpt>
      <trkpt lat="41.681368" lon="-8.189015">
        <ele>195.77</ele>
      </trkpt>
      <trkpt lat="41.681357" lon="-8.188742">
        <ele>194.54</ele>
      </trkpt>
      <trkpt lat="41.681267" lon="-8.188493">
        <ele>193.57</ele>
      </trkpt>
      <trkpt lat="41.681082" lon="-8.188193">
        <ele>191.83</ele>
      </trkpt>
      <trkpt lat="41.681012" lon="-8.188002">
        <ele>189.52</ele>
      </trkpt>
      <trkpt lat="41.680941" lon="-8.187778">
        <ele>189.1</ele>
      </trkpt>
      <trkpt lat="41.680877" lon="-8.187169">
        <ele>184.5</ele>
      </trkpt>
      <trkpt lat="41.680813" lon="-8.186864">
        <ele>183.38</ele>
      </trkpt>
      <trkpt lat="41.680498" lon="-8.186168">
        <ele>179.12</ele>
      </trkpt>
      <trkpt lat="41.680387" lon="-8.186033">
        <ele>177.93</ele>
      </trkpt>
      <trkpt lat="41.680231" lon="-8.185925">
        <ele>176.28</ele>
      </trkpt>
      <trkpt lat="41.679881" lon="-8.185881">
        <ele>175.61</ele>
      </trkpt>
      <trkpt lat="41.679754" lon="-8.18582">
        <ele>175.1</ele>
      </trkpt>
      <trkpt lat="41.679634" lon="-8.185725">
        <ele>172.86</ele>
      </trkpt>
      <trkpt lat="41.679247" lon="-8.185297">
        <ele>170.43</ele>
      </trkpt>
      <trkpt lat="41.679116" lon="-8.1852">
        <ele>168.65</ele>
      </trkpt>
      <trkpt lat="41.67862" lon="-8.184971">
        <ele>166.13</ele>
      </trkpt>
      <trkpt lat="41.678472" lon="-8.184903">
        <ele>165.38</ele>
      </trkpt>
      <trkpt lat="41.678289" lon="-8.184802">
        <ele>164.1</ele>
      </trkpt>
      <trkpt lat="41.678096" lon="-8.184564">
        <ele>164.76</ele>
      </trkpt>
      <trkpt lat="41.678031" lon="-8.184271">
        <ele>165.14</ele>
      </trkpt>
      <trkpt lat="41.678001" lon="-8.183958">
        <ele>167.33</ele>
      </trkpt>
      <trkpt lat="41.677972" lon="-8.183646">
        <ele>166.33</ele>
      </trkpt>
      <trkpt lat="41.677888" lon="-8.183435">
        <ele>166.91</ele>
      </trkpt>
      <trkpt lat="41.677356" lon="-8.182828">
        <ele>164.04</ele>
      </trkpt>
      <trkpt lat="41.677239" lon="-8.182781">
        <ele>164.06</ele>
      </trkpt>
      <trkpt lat="41.677101" lon="-8.182757">
        <ele>163.47</ele>
      </trkpt>
      <trkpt lat="41.676819" lon="-8.182786">
        <ele>162.31</ele>
      </trkpt>
      <trkpt lat="41.676706" lon="-8.182776">
        <ele>161.13</ele>
      </trkpt>
      <trkpt lat="41.676584" lon="-8.18271">
        <ele>160.73</ele>
      </trkpt>
      <trkpt lat="41.676507" lon="-8.182635">
        <ele>160.54</ele>
      </trkpt>
      <trkpt lat="41.676437" lon="-8.182445">
        <ele>160.99</ele>
      </trkpt>
      <trkpt lat="41.676417" lon="-8.18222">
        <ele>160.44</ele>
      </trkpt>
      <trkpt lat="41.676487" lon="-8.181546">
        <ele>157.77</ele>
      </trkpt>
      <trkpt lat="41.676484" lon="-8.181429">
        <ele>158.12</ele>
      </trkpt>
      <trkpt lat="41.676469" lon="-8.181326">
        <ele>158.45</ele>
      </trkpt>
      <trkpt lat="41.676439" lon="-8.181196">
        <ele>159.2</ele>
      </trkpt>
      <trkpt lat="41.676389" lon="-8.181068">
        <ele>159.95</ele>
      </trkpt>
      <trkpt lat="41.676107" lon="-8.18076">
        <ele>160.19</ele>
      </trkpt>
      <trkpt lat="41.675944" lon="-8.180706">
        <ele>160</ele>
      </trkpt>
      <trkpt lat="41.675889" lon="-8.180705">
        <ele>159.99</ele>
      </trkpt>
      <trkpt lat="41.675849" lon="-8.180686">
        <ele>159.92</ele>
      </trkpt>
      <trkpt lat="41.675816" lon="-8.180653">
        <ele>159.71</ele>
      </trkpt>
      <trkpt lat="41.675792" lon="-8.180608">
        <ele>159.3</ele>
      </trkpt>
      <trkpt lat="41.675778" lon="-8.180555">
        <ele>158.9</ele>
      </trkpt>
      <trkpt lat="41.675778" lon="-8.18048">
        <ele>158.81</ele>
      </trkpt>
      <trkpt lat="41.675793" lon="-8.180428">
        <ele>158.92</ele>
      </trkpt>
      <trkpt lat="41.675818" lon="-8.180383">
        <ele>159.12</ele>
      </trkpt>
      <trkpt lat="41.675851" lon="-8.18035">
        <ele>159.35</ele>
      </trkpt>
      <trkpt lat="41.675891" lon="-8.180332">
        <ele>159.56</ele>
      </trkpt>
      <trkpt lat="41.675946" lon="-8.180332">
        <ele>159.72</ele>
      </trkpt>
      <trkpt lat="41.676117" lon="-8.180247">
        <ele>160.03</ele>
      </trkpt>
      <trkpt lat="41.676278" lon="-8.179994">
        <ele>159.51</ele>
      </trkpt>
      <trkpt lat="41.676439" lon="-8.17974">
        <ele>160.98</ele>
      </trkpt>
      <trkpt lat="41.676633" lon="-8.179461">
        <ele>162.36</ele>
      </trkpt>
      <trkpt lat="41.676696" lon="-8.179359">
        <ele>160.89</ele>
      </trkpt>
      <trkpt lat="41.676743" lon="-8.179262">
        <ele>159.27</ele>
      </trkpt>
      <trkpt lat="41.676814" lon="-8.179079">
        <ele>158.24</ele>
      </trkpt>
      <trkpt lat="41.676845" lon="-8.178963">
        <ele>157.24</ele>
      </trkpt>
      <trkpt lat="41.676869" lon="-8.17884">
        <ele>152.16</ele>
      </trkpt>
      <trkpt lat="41.677392" lon="-8.176455">
        <ele>148</ele>
      </trkpt>
      <trkpt lat="41.677447" lon="-8.176321">
        <ele>153.47</ele>
      </trkpt>
      <trkpt lat="41.677495" lon="-8.176255">
        <ele>157.21</ele>
      </trkpt>
      <trkpt lat="41.677614" lon="-8.176145">
        <ele>159.48</ele>
      </trkpt>
      <trkpt lat="41.677726" lon="-8.17609">
        <ele>159.02</ele>
      </trkpt>
      <trkpt lat="41.67776" lon="-8.176088">
        <ele>159.02</ele>
      </trkpt>
      <trkpt lat="41.678792" lon="-8.176061">
        <ele>160.03</ele>
      </trkpt>
      <trkpt lat="41.678955" lon="-8.17602">
        <ele>159.31</ele>
      </trkpt>
      <trkpt lat="41.679079" lon="-8.175962">
        <ele>159.89</ele>
      </trkpt>
      <trkpt lat="41.679246" lon="-8.175793">
        <ele>161.11</ele>
      </trkpt>
      <trkpt lat="41.679382" lon="-8.175547">
        <ele>161.27</ele>
      </trkpt>
      <trkpt lat="41.679428" lon="-8.175393">
        <ele>159.8</ele>
      </trkpt>
      <trkpt lat="41.679571" lon="-8.174851">
        <ele>159.76</ele>
      </trkpt>
      <trkpt lat="41.679674" lon="-8.174491">
        <ele>162.14</ele>
      </trkpt>
      <trkpt lat="41.67988" lon="-8.17377">
        <ele>163.56</ele>
      </trkpt>
      <trkpt lat="41.67998" lon="-8.173572">
        <ele>162.22</ele>
      </trkpt>
      <trkpt lat="41.680101" lon="-8.17343">
        <ele>161.68</ele>
      </trkpt>
      <trkpt lat="41.680196" lon="-8.173356">
        <ele>161</ele>
      </trkpt>
      <trkpt lat="41.680367" lon="-8.173286">
        <ele>158.72</ele>
      </trkpt>
      <trkpt lat="41.680512" lon="-8.173286">
        <ele>159.66</ele>
      </trkpt>
      <trkpt lat="41.680681" lon="-8.173326">
        <ele>161.81</ele>
      </trkpt>
      <trkpt lat="41.681041" lon="-8.173528">
        <ele>164.12</ele>
      </trkpt>
      <trkpt lat="41.681209" lon="-8.173601">
        <ele>164.69</ele>
      </trkpt>
      <trkpt lat="41.681419" lon="-8.173561">
        <ele>167.59</ele>
      </trkpt>
      <trkpt lat="41.681554" lon="-8.173438">
        <ele>167.49</ele>
      </trkpt>
      <trkpt lat="41.681777" lon="-8.173155">
        <ele>165.28</ele>
      </trkpt>
      <trkpt lat="41.682" lon="-8.172871">
        <ele>167.72</ele>
      </trkpt>
      <trkpt lat="41.682213" lon="-8.172677">
        <ele>166.99</ele>
      </trkpt>
      <trkpt lat="41.682406" lon="-8.172547">
        <ele>168.04</ele>
      </trkpt>
      <trkpt lat="41.682828" lon="-8.172347">
        <ele>177.86</ele>
      </trkpt>
      <trkpt lat="41.683693" lon="-8.171951">
        <ele>180.7</ele>
      </trkpt>
      <trkpt lat="41.683969" lon="-8.171821">
        <ele>183.77</ele>
      </trkpt>
      <trkpt lat="41.684059" lon="-8.171778">
        <ele>184.77</ele>
      </trkpt>
      <trkpt lat="41.684354" lon="-8.171688">
        <ele>187.77</ele>
      </trkpt>
      <trkpt lat="41.684647" lon="-8.171744">
        <ele>183.23</ele>
      </trkpt>
      <trkpt lat="41.685016" lon="-8.171935">
        <ele>179.99</ele>
      </trkpt>
      <trkpt lat="41.685378" lon="-8.172097">
        <ele>185.96</ele>
      </trkpt>
      <trkpt lat="41.685498" lon="-8.172134">
        <ele>187.74</ele>
      </trkpt>
      <trkpt lat="41.686008" lon="-8.172397">
        <ele>187.13</ele>
      </trkpt>
      <trkpt lat="41.686507" lon="-8.172645">
        <ele>182.18</ele>
      </trkpt>
      <trkpt lat="41.68675" lon="-8.172761">
        <ele>183.27</ele>
      </trkpt>
      <trkpt lat="41.686994" lon="-8.172878">
        <ele>180.49</ele>
      </trkpt>
      <trkpt lat="41.687388" lon="-8.173038">
        <ele>182.8</ele>
      </trkpt>
      <trkpt lat="41.68758" lon="-8.173078">
        <ele>181.69</ele>
      </trkpt>
      <trkpt lat="41.687789" lon="-8.17306">
        <ele>180.17</ele>
      </trkpt>
      <trkpt lat="41.688011" lon="-8.17299">
        <ele>180.73</ele>
      </trkpt>
      <trkpt lat="41.688233" lon="-8.17292">
        <ele>178.64</ele>
      </trkpt>
      <trkpt lat="41.688439" lon="-8.172802">
        <ele>177.77</ele>
      </trkpt>
      <trkpt lat="41.688713" lon="-8.172525">
        <ele>173.86</ele>
      </trkpt>
      <trkpt lat="41.688854" lon="-8.172381">
        <ele>170.04</ele>
      </trkpt>
      <trkpt lat="41.68902" lon="-8.172213">
        <ele>169.03</ele>
      </trkpt>
      <trkpt lat="41.68932" lon="-8.172025">
        <ele>174.19</ele>
      </trkpt>
      <trkpt lat="41.689479" lon="-8.17204">
        <ele>173.15</ele>
      </trkpt>
      <trkpt lat="41.689604" lon="-8.172094">
        <ele>170.64</ele>
      </trkpt>
      <trkpt lat="41.689808" lon="-8.172158">
        <ele>166.51</ele>
      </trkpt>
      <trkpt lat="41.690011" lon="-8.172221">
        <ele>164.65</ele>
      </trkpt>
      <trkpt lat="41.690241" lon="-8.172283">
        <ele>165.33</ele>
      </trkpt>
      <trkpt lat="41.69043" lon="-8.172334">
        <ele>162.35</ele>
      </trkpt>
      <trkpt lat="41.690684" lon="-8.172355">
        <ele>159.15</ele>
      </trkpt>
      <trkpt lat="41.690966" lon="-8.172349">
        <ele>157.38</ele>
      </trkpt>
      <trkpt lat="41.69187" lon="-8.17228">
        <ele>155</ele>
      </trkpt>
      <trkpt lat="41.692698" lon="-8.172219">
        <ele>160.15</ele>
      </trkpt>
      <trkpt lat="41.692849" lon="-8.172111">
        <ele>162.09</ele>
      </trkpt>
      <trkpt lat="41.693103" lon="-8.171708">
        <ele>165.93</ele>
      </trkpt>
      <trkpt lat="41.693249" lon="-8.171655">
        <ele>161.81</ele>
      </trkpt>
      <trkpt lat="41.693667" lon="-8.171669">
        <ele>168.59</ele>
      </trkpt>
      <trkpt lat="41.693836" lon="-8.17163">
        <ele>169.46</ele>
      </trkpt>
      <trkpt lat="41.694114" lon="-8.171542">
        <ele>167.38</ele>
      </trkpt>
      <trkpt lat="41.694434" lon="-8.171531">
        <ele>168.36</ele>
      </trkpt>
      <trkpt lat="41.694509" lon="-8.171456">
        <ele>169.53</ele>
      </trkpt>
      <trkpt lat="41.694687" lon="-8.171216">
        <ele>172.07</ele>
      </trkpt>
      <trkpt lat="41.694836" lon="-8.171064">
        <ele>174.49</ele>
      </trkpt>
      <trkpt lat="41.695241" lon="-8.170983">
        <ele>177.57</ele>
      </trkpt>
      <trkpt lat="41.695274" lon="-8.170977">
        <ele>177.82</ele>
      </trkpt>
      <trkpt lat="41.695477" lon="-8.170883">
        <ele>176.73</ele>
      </trkpt>
      <trkpt lat="41.69568" lon="-8.170789">
        <ele>177.67</ele>
      </trkpt>
      <trkpt lat="41.695933" lon="-8.170551">
        <ele>179.24</ele>
      </trkpt>
      <trkpt lat="41.696215" lon="-8.170167">
        <ele>179.77</ele>
      </trkpt>
      <trkpt lat="41.696341" lon="-8.170072">
        <ele>181.44</ele>
      </trkpt>
      <trkpt lat="41.696605" lon="-8.169908">
        <ele>183.37</ele>
      </trkpt>
      <trkpt lat="41.696737" lon="-8.169697">
        <ele>183.13</ele>
      </trkpt>
      <trkpt lat="41.696774" lon="-8.169386">
        <ele>183.41</ele>
      </trkpt>
      <trkpt lat="41.696802" lon="-8.169024">
        <ele>184.02</ele>
      </trkpt>
      <trkpt lat="41.696859" lon="-8.168299">
        <ele>181.26</ele>
      </trkpt>
      <trkpt lat="41.696977" lon="-8.168171">
        <ele>175.88</ele>
      </trkpt>
      <trkpt lat="41.697088" lon="-8.168112">
        <ele>172.32</ele>
      </trkpt>
      <trkpt lat="41.697219" lon="-8.168125">
        <ele>168.23</ele>
      </trkpt>
      <trkpt lat="41.697343" lon="-8.168183">
        <ele>165.59</ele>
      </trkpt>
      <trkpt lat="41.697524" lon="-8.16825">
        <ele>162.79</ele>
      </trkpt>
      <trkpt lat="41.697644" lon="-8.168232">
        <ele>160.87</ele>
      </trkpt>
      <trkpt lat="41.697716" lon="-8.168171">
        <ele>159.19</ele>
      </trkpt>
      <trkpt lat="41.697775" lon="-8.168062">
        <ele>157.87</ele>
      </trkpt>
      <trkpt lat="41.697853" lon="-8.167737">
        <ele>158.34</ele>
      </trkpt>
      <trkpt lat="41.697939" lon="-8.167601">
        <ele>158.66</ele>
      </trkpt>
      <trkpt lat="41.697999" lon="-8.167568">
        <ele>158.19</ele>
      </trkpt>
      <trkpt lat="41.698125" lon="-8.167546">
        <ele>157.62</ele>
      </trkpt>
      <trkpt lat="41.698206" lon="-8.167572">
        <ele>156.8</ele>
      </trkpt>
      <trkpt lat="41.69827" lon="-8.167626">
        <ele>156.09</ele>
      </trkpt>
      <trkpt lat="41.698521" lon="-8.16795">
        <ele>160.68</ele>
      </trkpt>
      <trkpt lat="41.698622" lon="-8.167969">
        <ele>161.55</ele>
      </trkpt>
      <trkpt lat="41.698754" lon="-8.167956">
        <ele>161.81</ele>
      </trkpt>
      <trkpt lat="41.698943" lon="-8.167921">
        <ele>161.2</ele>
      </trkpt>
      <trkpt lat="41.699445" lon="-8.16776">
        <ele>156.3</ele>
      </trkpt>
      <trkpt lat="41.699683" lon="-8.167686">
        <ele>158.61</ele>
      </trkpt>
      <trkpt lat="41.699921" lon="-8.167612">
        <ele>163.55</ele>
      </trkpt>
      <trkpt lat="41.700028" lon="-8.167614">
        <ele>165.82</ele>
      </trkpt>
      <trkpt lat="41.70021" lon="-8.167653">
        <ele>171.07</ele>
      </trkpt>
      <trkpt lat="41.700868" lon="-8.168003">
        <ele>187.3</ele>
      </trkpt>
      <trkpt lat="41.70126" lon="-8.168151">
        <ele>191</ele>
      </trkpt>
      <trkpt lat="41.701344" lon="-8.168163">
        <ele>191</ele>
      </trkpt>
      <trkpt lat="41.701538" lon="-8.168086">
        <ele>190.27</ele>
      </trkpt>
      <trkpt lat="41.701615" lon="-8.168013">
        <ele>189.07</ele>
      </trkpt>
      <trkpt lat="41.701705" lon="-8.167898">
        <ele>186.17</ele>
      </trkpt>
      <trkpt lat="41.701815" lon="-8.167672">
        <ele>183.17</ele>
      </trkpt>
      <trkpt lat="41.702" lon="-8.16729">
        <ele>201.71</ele>
      </trkpt>
      <trkpt lat="41.702041" lon="-8.167226">
        <ele>212.17</ele>
      </trkpt>
      <trkpt lat="41.702121" lon="-8.167114">
        <ele>223.01</ele>
      </trkpt>
      <trkpt lat="41.702416" lon="-8.166909">
        <ele>231.56</ele>
      </trkpt>
      <trkpt lat="41.702861" lon="-8.166685">
        <ele>240.85</ele>
      </trkpt>
      <trkpt lat="41.702988" lon="-8.166691">
        <ele>241.31</ele>
      </trkpt>
      <trkpt lat="41.703057" lon="-8.166737">
        <ele>239.81</ele>
      </trkpt>
      <trkpt lat="41.70309" lon="-8.166759">
        <ele>239.09</ele>
      </trkpt>
      <trkpt lat="41.703272" lon="-8.166974">
        <ele>229.86</ele>
      </trkpt>
      <trkpt lat="41.703454" lon="-8.167188">
        <ele>222.84</ele>
      </trkpt>
      <trkpt lat="41.703651" lon="-8.167281">
        <ele>224.02</ele>
      </trkpt>
      <trkpt lat="41.703951" lon="-8.167266">
        <ele>226.56</ele>
      </trkpt>
      <trkpt lat="41.70448" lon="-8.167201">
        <ele>227.96</ele>
      </trkpt>
      <trkpt lat="41.704668" lon="-8.167267">
        <ele>228.43</ele>
      </trkpt>
      <trkpt lat="41.705043" lon="-8.167521">
        <ele>230.89</ele>
      </trkpt>
      <trkpt lat="41.705298" lon="-8.167543">
        <ele>234.18</ele>
      </trkpt>
      <trkpt lat="41.705574" lon="-8.167442">
        <ele>236.54</ele>
      </trkpt>
      <trkpt lat="41.705861" lon="-8.167267">
        <ele>239.69</ele>
      </trkpt>
      <trkpt lat="41.706136" lon="-8.167314">
        <ele>238.13</ele>
      </trkpt>
      <trkpt lat="41.706412" lon="-8.16736">
        <ele>242.76</ele>
      </trkpt>
      <trkpt lat="41.706715" lon="-8.167411">
        <ele>241.02</ele>
      </trkpt>
      <trkpt lat="41.706779" lon="-8.167453">
        <ele>240.11</ele>
      </trkpt>
      <trkpt lat="41.707077" lon="-8.167646">
        <ele>243.39</ele>
      </trkpt>
      <trkpt lat="41.707286" lon="-8.167665">
        <ele>244.38</ele>
      </trkpt>
      <trkpt lat="41.707591" lon="-8.167584">
        <ele>244.61</ele>
      </trkpt>
      <trkpt lat="41.70779" lon="-8.167553">
        <ele>245.54</ele>
      </trkpt>
      <trkpt lat="41.707948" lon="-8.167553">
        <ele>246.62</ele>
      </trkpt>
      <trkpt lat="41.708132" lon="-8.167509">
        <ele>246.58</ele>
      </trkpt>
      <trkpt lat="41.708298" lon="-8.16732">
        <ele>247.46</ele>
      </trkpt>
      <trkpt lat="41.708455" lon="-8.166913">
        <ele>251.86</ele>
      </trkpt>
      <trkpt lat="41.708993" lon="-8.166568">
        <ele>254.8</ele>
      </trkpt>
      <trkpt lat="41.709262" lon="-8.166395">
        <ele>254.23</ele>
      </trkpt>
      <trkpt lat="41.709349" lon="-8.16624">
        <ele>253.4</ele>
      </trkpt>
      <trkpt lat="41.709527" lon="-8.165725">
        <ele>257.6</ele>
      </trkpt>
      <trkpt lat="41.709706" lon="-8.16557">
        <ele>261.11</ele>
      </trkpt>
      <trkpt lat="41.709908" lon="-8.165553">
        <ele>264.03</ele>
      </trkpt>
      <trkpt lat="41.71012" lon="-8.165717">
        <ele>262.06</ele>
      </trkpt>
      <trkpt lat="41.710331" lon="-8.165881">
        <ele>263.9</ele>
      </trkpt>
      <trkpt lat="41.710784" lon="-8.166012">
        <ele>267.95</ele>
      </trkpt>
      <trkpt lat="41.711013" lon="-8.16617">
        <ele>267.43</ele>
      </trkpt>
      <trkpt lat="41.711243" lon="-8.166328">
        <ele>270.61</ele>
      </trkpt>
      <trkpt lat="41.711473" lon="-8.166486">
        <ele>269.89</ele>
      </trkpt>
      <trkpt lat="41.711714" lon="-8.166533">
        <ele>270.1</ele>
      </trkpt>
      <trkpt lat="41.71204" lon="-8.166598">
        <ele>274.49</ele>
      </trkpt>
      <trkpt lat="41.71204" lon="-8.166598">
        <ele>274.49</ele>
      </trkpt>
      <trkpt lat="41.712676" lon="-8.166724">
        <ele>279.92</ele>
      </trkpt>
      <trkpt lat="41.713053" lon="-8.166976">
        <ele>277.4</ele>
      </trkpt>
      <trkpt lat="41.713282" lon="-8.167005">
        <ele>278.28</ele>
      </trkpt>
      <trkpt lat="41.713424" lon="-8.166956">
        <ele>278.91</ele>
      </trkpt>
      <trkpt lat="41.713592" lon="-8.166841">
        <ele>279.72</ele>
      </trkpt>
      <trkpt lat="41.713836" lon="-8.166711">
        <ele>282.05</ele>
      </trkpt>
      <trkpt lat="41.713995" lon="-8.166751">
        <ele>284.81</ele>
      </trkpt>
      <trkpt lat="41.714103" lon="-8.166899">
        <ele>285.91</ele>
      </trkpt>
      <trkpt lat="41.714159" lon="-8.167102">
        <ele>286.07</ele>
      </trkpt>
      <trkpt lat="41.714213" lon="-8.167588">
        <ele>285.54</ele>
      </trkpt>
      <trkpt lat="41.714339" lon="-8.167733">
        <ele>285.75</ele>
      </trkpt>
      <trkpt lat="41.714493" lon="-8.167742">
        <ele>285.03</ele>
      </trkpt>
      <trkpt lat="41.714635" lon="-8.167627">
        <ele>285.11</ele>
      </trkpt>
      <trkpt lat="41.714872" lon="-8.167194">
        <ele>292.07</ele>
      </trkpt>
      <trkpt lat="41.715126" lon="-8.16705">
        <ele>293.03</ele>
      </trkpt>
      <trkpt lat="41.715314" lon="-8.167008">
        <ele>292.29</ele>
      </trkpt>
      <trkpt lat="41.7155" lon="-8.166906">
        <ele>293.41</ele>
      </trkpt>
      <trkpt lat="41.715521" lon="-8.166887">
        <ele>293.55</ele>
      </trkpt>
      <trkpt lat="41.71557" lon="-8.166872">
        <ele>293.52</ele>
      </trkpt>
      <trkpt lat="41.715884" lon="-8.166697">
        <ele>295.2</ele>
      </trkpt>
      <trkpt lat="41.7166" lon="-8.165822">
        <ele>298.98</ele>
      </trkpt>
      <trkpt lat="41.71683" lon="-8.1653">
        <ele>302.81</ele>
      </trkpt>
      <trkpt lat="41.716944" lon="-8.16518">
        <ele>304.16</ele>
      </trkpt>
      <trkpt lat="41.717605" lon="-8.164973">
        <ele>309.82</ele>
      </trkpt>
      <trkpt lat="41.718098" lon="-8.164819">
        <ele>309.97</ele>
      </trkpt>
      <trkpt lat="41.718291" lon="-8.164678">
        <ele>314.32</ele>
      </trkpt>
      <trkpt lat="41.718624" lon="-8.16433">
        <ele>327.82</ele>
      </trkpt>
      <trkpt lat="41.71898" lon="-8.164231">
        <ele>324.58</ele>
      </trkpt>
      <trkpt lat="41.719218" lon="-8.164259">
        <ele>321.36</ele>
      </trkpt>
      <trkpt lat="41.719456" lon="-8.164288">
        <ele>321.13</ele>
      </trkpt>
      <trkpt lat="41.719695" lon="-8.164316">
        <ele>318.1</ele>
      </trkpt>
      <trkpt lat="41.719905" lon="-8.164232">
        <ele>318.97</ele>
      </trkpt>
      <trkpt lat="41.720383" lon="-8.163845">
        <ele>326.08</ele>
      </trkpt>
      <trkpt lat="41.720506" lon="-8.163746">
        <ele>329.54</ele>
      </trkpt>
      <trkpt lat="41.72067" lon="-8.163697">
        <ele>332.45</ele>
      </trkpt>
      <trkpt lat="41.720821" lon="-8.163736">
        <ele>331.51</ele>
      </trkpt>
      <trkpt lat="41.721029" lon="-8.163894">
        <ele>326.6</ele>
      </trkpt>
      <trkpt lat="41.721237" lon="-8.164053">
        <ele>325.34</ele>
      </trkpt>
      <trkpt lat="41.721476" lon="-8.164134">
        <ele>329.76</ele>
      </trkpt>
      <trkpt lat="41.721714" lon="-8.164215">
        <ele>330.9</ele>
      </trkpt>
      <trkpt lat="41.72189" lon="-8.164196">
        <ele>330.26</ele>
      </trkpt>
      <trkpt lat="41.722034" lon="-8.164075">
        <ele>330.22</ele>
      </trkpt>
      <trkpt lat="41.722145" lon="-8.163929">
        <ele>329.03</ele>
      </trkpt>
      <trkpt lat="41.72222" lon="-8.163463">
        <ele>334.42</ele>
      </trkpt>
      <trkpt lat="41.722316" lon="-8.163291">
        <ele>334.65</ele>
      </trkpt>
      <trkpt lat="41.722477" lon="-8.163215">
        <ele>335.68</ele>
      </trkpt>
      <trkpt lat="41.722809" lon="-8.163337">
        <ele>331.98</ele>
      </trkpt>
      <trkpt lat="41.722922" lon="-8.163302">
        <ele>332.99</ele>
      </trkpt>
      <trkpt lat="41.723114" lon="-8.163128">
        <ele>337.63</ele>
      </trkpt>
      <trkpt lat="41.723255" lon="-8.163132">
        <ele>336.84</ele>
      </trkpt>
      <trkpt lat="41.723474" lon="-8.163259">
        <ele>335.12</ele>
      </trkpt>
      <trkpt lat="41.723665" lon="-8.16334">
        <ele>334.94</ele>
      </trkpt>
      <trkpt lat="41.723814" lon="-8.163256">
        <ele>336.41</ele>
      </trkpt>
      <trkpt lat="41.724268" lon="-8.162798">
        <ele>340.31</ele>
      </trkpt>
      <trkpt lat="41.724375" lon="-8.162523">
        <ele>344.21</ele>
      </trkpt>
      <trkpt lat="41.724377" lon="-8.162472">
        <ele>345.38</ele>
      </trkpt>
      <trkpt lat="41.724391" lon="-8.162424">
        <ele>346.34</ele>
      </trkpt>
      <trkpt lat="41.724415" lon="-8.162384">
        <ele>346.74</ele>
      </trkpt>
      <trkpt lat="41.724448" lon="-8.162357">
        <ele>346.5</ele>
      </trkpt>
      <trkpt lat="41.724485" lon="-8.162346">
        <ele>345.77</ele>
      </trkpt>
      <trkpt lat="41.724523" lon="-8.16235">
        <ele>344.76</ele>
      </trkpt>
      <trkpt lat="41.724559" lon="-8.162371">
        <ele>343.46</ele>
      </trkpt>
      <trkpt lat="41.724587" lon="-8.162405">
        <ele>341.99</ele>
      </trkpt>
      <trkpt lat="41.724606" lon="-8.16245">
        <ele>340.57</ele>
      </trkpt>
      <trkpt lat="41.724712" lon="-8.16252">
        <ele>338.37</ele>
      </trkpt>
      <trkpt lat="41.724937" lon="-8.162539">
        <ele>339.68</ele>
      </trkpt>
      <trkpt lat="41.725337" lon="-8.162591">
        <ele>340.31</ele>
      </trkpt>
      <trkpt lat="41.725894" lon="-8.162658">
        <ele>338.84</ele>
      </trkpt>
      <trkpt lat="41.726246" lon="-8.16267">
        <ele>338.85</ele>
      </trkpt>
      <trkpt lat="41.726669" lon="-8.162681">
        <ele>342.72</ele>
      </trkpt>
      <trkpt lat="41.726936" lon="-8.162568">
        <ele>345.78</ele>
      </trkpt>
      <trkpt lat="41.727869" lon="-8.162185">
        <ele>349.49</ele>
      </trkpt>
    </trkseg>
  </trk>
</gpx>
