<?xml version="1.0" encoding="UTF-8"?>
<gpx version="1.1" creator="AllTrails.com" schemaLocation="http://www.topografix.com/GPX/1/1 http://www.topografix.com/GPX/1/1/gpx.xsd http://www.garmin.com/xmlschemas/GpxExtensions/v3 http://www.garmin.com/xmlschemas/GpxExtensionsv3.xsd http://www.garmin.com/xmlschemas/TrackPointExtension/v1 http://www.garmin.com/xmlschemas/TrackPointExtensionv1.xsd http://www.garmin.com/xmlschemas/PowerExtension/v1 http://www.garmin.com/xmlschemas/PowerExtensionv1.xsd http://www.topografix.com/GPX/gpx_style/0/2 http://www.topografix.com/GPX/gpx_style/0/2/gpx_style.xsd" xmlns="http://www.topografix.com/GPX/1/1" xmlns:xsi="http://www.w3.org/2001/XMLSchema-instance" xsi:schemaLocation="http://www.topografix.com/GPX/1/1 http://www.topografix.com/GPX/1/1/gpx.xsd http://www.garmin.com/xmlschemas/GpxExtensions/v3 http://www.garmin.com/xmlschemas/GpxExtensionsv3.xsd http://www.garmin.com/xmlschemas/TrackPointExtension/v1 http://www.garmin.com/xmlschemas/TrackPointExtensionv1.xsd http://www.garmin.com/xmlschemas/PowerExtension/v1 http://www.garmin.com/xmlschemas/PowerExtensionv1.xsd http://www.topografix.com/GPX/gpx_style/0/2 http://www.topografix.com/GPX/gpx_style/0/2/gpx_style.xsd" xmlns:gpxtpx="http://www.garmin.com/xmlschemas/TrackPointExtension/v1" xmlns:gpxx="http://www.garmin.com/xmlschemas/GpxExtensions/v3" xmlns:gpxpx="http://www.garmin.com/xmlschemas/PowerExtension/v1" xmlns:gpx_style="http://www.topografix.com/GPX/gpx_style/0/2">
  <metadata>
    <name>Paredes_Sra._da_Graça</name>
    <author>
      <name>gpx.studio</name>
      <link href="https://gpx.studio"/>
    </author>
    <link href="http://www.alltrails.com">
      <text>AllTrails, LLC</text>
    </link>
  </metadata>
  <trk>
    <name>Paredes_Sra._da_Graça</name>
    <src>AllTrails</src>
    <trkseg>
      <trkpt lat="41.23506" lon="-8.38874">
        <ele>267.56</ele>
      </trkpt>
      <trkpt lat="41.23508" lon="-8.3888">
        <ele>267.27</ele>
      </trkpt>
      <trkpt lat="41.23507" lon="-8.38922">
        <ele>264.88</ele>
      </trkpt>
      <trkpt lat="41.23496" lon="-8.39005">
        <ele>267.31</ele>
      </trkpt>
      <trkpt lat="41.23481" lon="-8.39063">
        <ele>265.43</ele>
      </trkpt>
      <trkpt lat="41.23474" lon="-8.39097">
        <ele>264.29</ele>
      </trkpt>
      <trkpt lat="41.23477" lon="-8.39129">
        <ele>264.18</ele>
      </trkpt>
      <trkpt lat="41.235" lon="-8.39205">
        <ele>258.38</ele>
      </trkpt>
      <trkpt lat="41.23511" lon="-8.39265">
        <ele>256.95</ele>
      </trkpt>
      <trkpt lat="41.23513" lon="-8.393">
        <ele>258.32</ele>
      </trkpt>
      <trkpt lat="41.23506" lon="-8.39428">
        <ele>274.26</ele>
      </trkpt>
      <trkpt lat="41.23494" lon="-8.39591">
        <ele>277.68</ele>
      </trkpt>
      <trkpt lat="41.23487" lon="-8.3964">
        <ele>276.79</ele>
      </trkpt>
      <trkpt lat="41.2349" lon="-8.39642">
        <ele>276.09</ele>
      </trkpt>
      <trkpt lat="41.23493" lon="-8.39646">
        <ele>275.32</ele>
      </trkpt>
      <trkpt lat="41.23495" lon="-8.39653">
        <ele>274.66</ele>
      </trkpt>
      <trkpt lat="41.23495" lon="-8.39653">
        <ele>274.66</ele>
      </trkpt>
      <trkpt lat="41.23495" lon="-8.39657">
        <ele>274.55</ele>
      </trkpt>
      <trkpt lat="41.23494" lon="-8.39662">
        <ele>274.64</ele>
      </trkpt>
      <trkpt lat="41.23492" lon="-8.39667">
        <ele>275.05</ele>
      </trkpt>
      <trkpt lat="41.23489" lon="-8.3967">
        <ele>276.11</ele>
      </trkpt>
      <trkpt lat="41.23486" lon="-8.39672">
        <ele>277.01</ele>
      </trkpt>
      <trkpt lat="41.23482" lon="-8.39673">
        <ele>278</ele>
      </trkpt>
      <trkpt lat="41.23478" lon="-8.39672">
        <ele>278.86</ele>
      </trkpt>
      <trkpt lat="41.23469" lon="-8.39685">
        <ele>281.09</ele>
      </trkpt>
      <trkpt lat="41.23407" lon="-8.39758">
        <ele>276.25</ele>
      </trkpt>
      <trkpt lat="41.23388" lon="-8.39784">
        <ele>281.12</ele>
      </trkpt>
      <trkpt lat="41.23369" lon="-8.39823">
        <ele>283.23</ele>
      </trkpt>
      <trkpt lat="41.23346" lon="-8.39884">
        <ele>281.28</ele>
      </trkpt>
      <trkpt lat="41.23318" lon="-8.39956">
        <ele>275.52</ele>
      </trkpt>
      <trkpt lat="41.23306" lon="-8.39989">
        <ele>274.72</ele>
      </trkpt>
      <trkpt lat="41.2332" lon="-8.40014">
        <ele>270.15</ele>
      </trkpt>
      <trkpt lat="41.23349" lon="-8.40095">
        <ele>264.6</ele>
      </trkpt>
      <trkpt lat="41.2337" lon="-8.40148">
        <ele>258.94</ele>
      </trkpt>
      <trkpt lat="41.2339" lon="-8.40181">
        <ele>250.06</ele>
      </trkpt>
      <trkpt lat="41.23406" lon="-8.40217">
        <ele>247.33</ele>
      </trkpt>
      <trkpt lat="41.23416" lon="-8.40243">
        <ele>244.2</ele>
      </trkpt>
      <trkpt lat="41.23421" lon="-8.40257">
        <ele>241.68</ele>
      </trkpt>
      <trkpt lat="41.23429" lon="-8.40309">
        <ele>237.68</ele>
      </trkpt>
      <trkpt lat="41.23435" lon="-8.40395">
        <ele>236.67</ele>
      </trkpt>
      <trkpt lat="41.23444" lon="-8.40441">
        <ele>233.46</ele>
      </trkpt>
      <trkpt lat="41.23453" lon="-8.40469">
        <ele>230.65</ele>
      </trkpt>
      <trkpt lat="41.23461" lon="-8.4048">
        <ele>228.63</ele>
      </trkpt>
      <trkpt lat="41.23474" lon="-8.40484">
        <ele>226.65</ele>
      </trkpt>
      <trkpt lat="41.235" lon="-8.40487">
        <ele>222.87</ele>
      </trkpt>
      <trkpt lat="41.2351" lon="-8.405">
        <ele>219.56</ele>
      </trkpt>
      <trkpt lat="41.23517" lon="-8.40513">
        <ele>218.37</ele>
      </trkpt>
      <trkpt lat="41.23522" lon="-8.40531">
        <ele>217.56</ele>
      </trkpt>
      <trkpt lat="41.23517" lon="-8.40561">
        <ele>217.98</ele>
      </trkpt>
      <trkpt lat="41.23505" lon="-8.40581">
        <ele>219.51</ele>
      </trkpt>
      <trkpt lat="41.23483" lon="-8.40611">
        <ele>215.56</ele>
      </trkpt>
      <trkpt lat="41.23478" lon="-8.40633">
        <ele>214.37</ele>
      </trkpt>
      <trkpt lat="41.23479" lon="-8.40663">
        <ele>214.68</ele>
      </trkpt>
      <trkpt lat="41.23483" lon="-8.40753">
        <ele>213.24</ele>
      </trkpt>
      <trkpt lat="41.23483" lon="-8.40769">
        <ele>210.36</ele>
      </trkpt>
      <trkpt lat="41.23482" lon="-8.40783">
        <ele>207.4</ele>
      </trkpt>
      <trkpt lat="41.23479" lon="-8.40794">
        <ele>204.24</ele>
      </trkpt>
      <trkpt lat="41.23476" lon="-8.40804">
        <ele>201.11</ele>
      </trkpt>
      <trkpt lat="41.23485" lon="-8.40806">
        <ele>202.24</ele>
      </trkpt>
      <trkpt lat="41.23496" lon="-8.40805">
        <ele>204.39</ele>
      </trkpt>
      <trkpt lat="41.23542" lon="-8.40801">
        <ele>209.61</ele>
      </trkpt>
      <trkpt lat="41.23558" lon="-8.40795">
        <ele>210.41</ele>
      </trkpt>
      <trkpt lat="41.2357" lon="-8.40786">
        <ele>208.89</ele>
      </trkpt>
      <trkpt lat="41.23609" lon="-8.4075">
        <ele>201.3</ele>
      </trkpt>
      <trkpt lat="41.23618" lon="-8.40752">
        <ele>200.18</ele>
      </trkpt>
      <trkpt lat="41.23628" lon="-8.40758">
        <ele>198.48</ele>
      </trkpt>
      <trkpt lat="41.23688" lon="-8.40822">
        <ele>201.23</ele>
      </trkpt>
      <trkpt lat="41.23688" lon="-8.40822">
        <ele>201.23</ele>
      </trkpt>
      <trkpt lat="41.23719" lon="-8.40856">
        <ele>194.14</ele>
      </trkpt>
      <trkpt lat="41.23727" lon="-8.40866">
        <ele>192.77</ele>
      </trkpt>
      <trkpt lat="41.23733" lon="-8.40877">
        <ele>192.17</ele>
      </trkpt>
      <trkpt lat="41.23753" lon="-8.4097">
        <ele>197.19</ele>
      </trkpt>
      <trkpt lat="41.23765" lon="-8.41038">
        <ele>198.85</ele>
      </trkpt>
      <trkpt lat="41.23767" lon="-8.41056">
        <ele>199.71</ele>
      </trkpt>
      <trkpt lat="41.23767" lon="-8.41077">
        <ele>199.42</ele>
      </trkpt>
      <trkpt lat="41.23765" lon="-8.41096">
        <ele>198.88</ele>
      </trkpt>
      <trkpt lat="41.23755" lon="-8.4113">
        <ele>197.48</ele>
      </trkpt>
      <trkpt lat="41.23741" lon="-8.41154">
        <ele>196.71</ele>
      </trkpt>
      <trkpt lat="41.23722" lon="-8.4117">
        <ele>197.04</ele>
      </trkpt>
      <trkpt lat="41.23709" lon="-8.4118">
        <ele>199.84</ele>
      </trkpt>
      <trkpt lat="41.23702" lon="-8.41192">
        <ele>201.97</ele>
      </trkpt>
      <trkpt lat="41.23698" lon="-8.41197">
        <ele>201.82</ele>
      </trkpt>
      <trkpt lat="41.236981" lon="-8.411969">
        <ele>184.31</ele>
      </trkpt>
      <trkpt lat="41.236889" lon="-8.411873">
        <ele>184.99</ele>
      </trkpt>
      <trkpt lat="41.236759" lon="-8.411811">
        <ele>187.44</ele>
      </trkpt>
      <trkpt lat="41.236587" lon="-8.411824">
        <ele>188.75</ele>
      </trkpt>
      <trkpt lat="41.23627" lon="-8.411902">
        <ele>190.55</ele>
      </trkpt>
      <trkpt lat="41.236105" lon="-8.411897">
        <ele>189.54</ele>
      </trkpt>
      <trkpt lat="41.236015" lon="-8.411871">
        <ele>187.89</ele>
      </trkpt>
      <trkpt lat="41.235924" lon="-8.411802">
        <ele>188.37</ele>
      </trkpt>
      <trkpt lat="41.235749" lon="-8.411609">
        <ele>188.17</ele>
      </trkpt>
      <trkpt lat="41.235401" lon="-8.411225">
        <ele>192.06</ele>
      </trkpt>
      <trkpt lat="41.23506" lon="-8.41087">
        <ele>192.71</ele>
      </trkpt>
      <trkpt lat="41.23506" lon="-8.41087">
        <ele>192.71</ele>
      </trkpt>
      <trkpt lat="41.234841" lon="-8.410642">
        <ele>193.12</ele>
      </trkpt>
      <trkpt lat="41.234841" lon="-8.410642">
        <ele>193.13</ele>
      </trkpt>
      <trkpt lat="41.235401" lon="-8.411225">
        <ele>192.06</ele>
      </trkpt>
      <trkpt lat="41.235749" lon="-8.411609">
        <ele>188.17</ele>
      </trkpt>
      <trkpt lat="41.235924" lon="-8.411802">
        <ele>188.37</ele>
      </trkpt>
      <trkpt lat="41.236015" lon="-8.411871">
        <ele>187.89</ele>
      </trkpt>
      <trkpt lat="41.236105" lon="-8.411897">
        <ele>189.54</ele>
      </trkpt>
      <trkpt lat="41.23627" lon="-8.411902">
        <ele>190.55</ele>
      </trkpt>
      <trkpt lat="41.236587" lon="-8.411824">
        <ele>188.75</ele>
      </trkpt>
      <trkpt lat="41.23627" lon="-8.411902">
        <ele>190.55</ele>
      </trkpt>
      <trkpt lat="41.236105" lon="-8.411897">
        <ele>189.54</ele>
      </trkpt>
      <trkpt lat="41.236015" lon="-8.411871">
        <ele>187.89</ele>
      </trkpt>
      <trkpt lat="41.235924" lon="-8.411802">
        <ele>188.37</ele>
      </trkpt>
      <trkpt lat="41.235657" lon="-8.411508">
        <ele>189.2</ele>
      </trkpt>
      <trkpt lat="41.235657" lon="-8.411508">
        <ele>189.19</ele>
      </trkpt>
      <trkpt lat="41.235924" lon="-8.411802">
        <ele>188.37</ele>
      </trkpt>
      <trkpt lat="41.236015" lon="-8.411871">
        <ele>187.89</ele>
      </trkpt>
      <trkpt lat="41.236105" lon="-8.411897">
        <ele>189.54</ele>
      </trkpt>
      <trkpt lat="41.23627" lon="-8.411902">
        <ele>190.55</ele>
      </trkpt>
      <trkpt lat="41.236387" lon="-8.411873">
        <ele>189.88</ele>
      </trkpt>
      <trkpt lat="41.236387" lon="-8.411873">
        <ele>189.88</ele>
      </trkpt>
      <trkpt lat="41.236387" lon="-8.411873">
        <ele>189.88</ele>
      </trkpt>
      <trkpt lat="41.23627" lon="-8.411902">
        <ele>190.55</ele>
      </trkpt>
      <trkpt lat="41.236105" lon="-8.411897">
        <ele>189.54</ele>
      </trkpt>
      <trkpt lat="41.236015" lon="-8.411871">
        <ele>187.89</ele>
      </trkpt>
      <trkpt lat="41.235907" lon="-8.411784">
        <ele>188.35</ele>
      </trkpt>
      <trkpt lat="41.235907" lon="-8.411784">
        <ele>188.35</ele>
      </trkpt>
      <trkpt lat="41.236015" lon="-8.411871">
        <ele>187.89</ele>
      </trkpt>
      <trkpt lat="41.236086" lon="-8.411892">
        <ele>189.19</ele>
      </trkpt>
      <trkpt lat="41.236015" lon="-8.411871">
        <ele>187.89</ele>
      </trkpt>
      <trkpt lat="41.235924" lon="-8.411802">
        <ele>188.37</ele>
      </trkpt>
      <trkpt lat="41.235749" lon="-8.411609">
        <ele>188.17</ele>
      </trkpt>
      <trkpt lat="41.235401" lon="-8.411225">
        <ele>192.06</ele>
      </trkpt>
      <trkpt lat="41.23456" lon="-8.410348">
        <ele>193.66</ele>
      </trkpt>
      <trkpt lat="41.234349" lon="-8.410129">
        <ele>192.14</ele>
      </trkpt>
      <trkpt lat="41.234328" lon="-8.410115">
        <ele>192.22</ele>
      </trkpt>
      <trkpt lat="41.234182" lon="-8.410095">
        <ele>192.04</ele>
      </trkpt>
      <trkpt lat="41.233699" lon="-8.409997">
        <ele>192</ele>
      </trkpt>
      <trkpt lat="41.232904" lon="-8.409836">
        <ele>194.84</ele>
      </trkpt>
      <trkpt lat="41.232822" lon="-8.409835">
        <ele>195.19</ele>
      </trkpt>
      <trkpt lat="41.23282" lon="-8.40983">
        <ele>190.47</ele>
      </trkpt>
      <trkpt lat="41.23274" lon="-8.40987">
        <ele>191.11</ele>
      </trkpt>
      <trkpt lat="41.23268" lon="-8.40989">
        <ele>192.89</ele>
      </trkpt>
      <trkpt lat="41.23256" lon="-8.41002">
        <ele>196.8</ele>
      </trkpt>
      <trkpt lat="41.23246" lon="-8.41026">
        <ele>199.32</ele>
      </trkpt>
      <trkpt lat="41.23235" lon="-8.41079">
        <ele>199.26</ele>
      </trkpt>
      <trkpt lat="41.23226" lon="-8.4113">
        <ele>196.78</ele>
      </trkpt>
      <trkpt lat="41.23221" lon="-8.41199">
        <ele>189</ele>
      </trkpt>
      <trkpt lat="41.23223" lon="-8.41206">
        <ele>188.07</ele>
      </trkpt>
      <trkpt lat="41.23223" lon="-8.41213">
        <ele>187.56</ele>
      </trkpt>
      <trkpt lat="41.23223" lon="-8.4122">
        <ele>187.05</ele>
      </trkpt>
      <trkpt lat="41.23222" lon="-8.41226">
        <ele>187.35</ele>
      </trkpt>
      <trkpt lat="41.23219" lon="-8.41233">
        <ele>188.8</ele>
      </trkpt>
      <trkpt lat="41.23216" lon="-8.41238">
        <ele>189.99</ele>
      </trkpt>
      <trkpt lat="41.23212" lon="-8.41243">
        <ele>191.35</ele>
      </trkpt>
      <trkpt lat="41.23208" lon="-8.41247">
        <ele>192.53</ele>
      </trkpt>
      <trkpt lat="41.23203" lon="-8.41249">
        <ele>193.85</ele>
      </trkpt>
      <trkpt lat="41.23198" lon="-8.4125">
        <ele>195.1</ele>
      </trkpt>
      <trkpt lat="41.23192" lon="-8.4125">
        <ele>196.18</ele>
      </trkpt>
      <trkpt lat="41.23187" lon="-8.41248">
        <ele>196.59</ele>
      </trkpt>
      <trkpt lat="41.23183" lon="-8.41245">
        <ele>196.93</ele>
      </trkpt>
      <trkpt lat="41.23178" lon="-8.41241">
        <ele>197.32</ele>
      </trkpt>
      <trkpt lat="41.23175" lon="-8.41235">
        <ele>197.56</ele>
      </trkpt>
      <trkpt lat="41.23172" lon="-8.41229">
        <ele>197.76</ele>
      </trkpt>
      <trkpt lat="41.23156" lon="-8.41211">
        <ele>194.78</ele>
      </trkpt>
      <trkpt lat="41.23057" lon="-8.41094">
        <ele>225.43</ele>
      </trkpt>
      <trkpt lat="41.23041" lon="-8.41072">
        <ele>227.69</ele>
      </trkpt>
      <trkpt lat="41.23038" lon="-8.41065">
        <ele>227.87</ele>
      </trkpt>
      <trkpt lat="41.23033" lon="-8.41062">
        <ele>228.48</ele>
      </trkpt>
      <trkpt lat="41.23027" lon="-8.41058">
        <ele>229.08</ele>
      </trkpt>
      <trkpt lat="41.23024" lon="-8.41052">
        <ele>229.02</ele>
      </trkpt>
      <trkpt lat="41.23021" lon="-8.41046">
        <ele>229.08</ele>
      </trkpt>
      <trkpt lat="41.23019" lon="-8.41039">
        <ele>229.19</ele>
      </trkpt>
      <trkpt lat="41.23019" lon="-8.41032">
        <ele>229.27</ele>
      </trkpt>
      <trkpt lat="41.23019" lon="-8.41025">
        <ele>229.12</ele>
      </trkpt>
      <trkpt lat="41.2302" lon="-8.41019">
        <ele>228.65</ele>
      </trkpt>
      <trkpt lat="41.23022" lon="-8.41012">
        <ele>228.07</ele>
      </trkpt>
      <trkpt lat="41.23026" lon="-8.41007">
        <ele>227.57</ele>
      </trkpt>
      <trkpt lat="41.2303" lon="-8.41002">
        <ele>227.2</ele>
      </trkpt>
      <trkpt lat="41.23034" lon="-8.40998">
        <ele>227.17</ele>
      </trkpt>
      <trkpt lat="41.23039" lon="-8.40996">
        <ele>227.32</ele>
      </trkpt>
      <trkpt lat="41.23046" lon="-8.40988">
        <ele>227.51</ele>
      </trkpt>
      <trkpt lat="41.23052" lon="-8.40979">
        <ele>227.78</ele>
      </trkpt>
      <trkpt lat="41.23056" lon="-8.40968">
        <ele>227.75</ele>
      </trkpt>
      <trkpt lat="41.23067" lon="-8.40895">
        <ele>233.47</ele>
      </trkpt>
      <trkpt lat="41.23079" lon="-8.40818">
        <ele>232.52</ele>
      </trkpt>
      <trkpt lat="41.23084" lon="-8.40776">
        <ele>228.95</ele>
      </trkpt>
      <trkpt lat="41.23085" lon="-8.40753">
        <ele>229.75</ele>
      </trkpt>
      <trkpt lat="41.23083" lon="-8.40738">
        <ele>231.25</ele>
      </trkpt>
      <trkpt lat="41.23076" lon="-8.40721">
        <ele>232.18</ele>
      </trkpt>
      <trkpt lat="41.23073" lon="-8.40714">
        <ele>233.1</ele>
      </trkpt>
      <trkpt lat="41.23072" lon="-8.40711">
        <ele>233.55</ele>
      </trkpt>
      <trkpt lat="41.23057" lon="-8.40702">
        <ele>233.54</ele>
      </trkpt>
      <trkpt lat="41.23034" lon="-8.40694">
        <ele>228.13</ele>
      </trkpt>
      <trkpt lat="41.22964" lon="-8.40701">
        <ele>227.36</ele>
      </trkpt>
      <trkpt lat="41.22929" lon="-8.40702">
        <ele>228.84</ele>
      </trkpt>
      <trkpt lat="41.22902" lon="-8.40703">
        <ele>228.62</ele>
      </trkpt>
      <trkpt lat="41.22857" lon="-8.40703">
        <ele>229.4</ele>
      </trkpt>
      <trkpt lat="41.22812" lon="-8.40709">
        <ele>225.28</ele>
      </trkpt>
      <trkpt lat="41.22786" lon="-8.40714">
        <ele>222.08</ele>
      </trkpt>
      <trkpt lat="41.22772" lon="-8.40723">
        <ele>220.3</ele>
      </trkpt>
      <trkpt lat="41.22746" lon="-8.40752">
        <ele>226.4</ele>
      </trkpt>
      <trkpt lat="41.22737" lon="-8.40768">
        <ele>225.67</ele>
      </trkpt>
      <trkpt lat="41.22733" lon="-8.40786">
        <ele>223.66</ele>
      </trkpt>
      <trkpt lat="41.22734" lon="-8.40837">
        <ele>218.03</ele>
      </trkpt>
      <trkpt lat="41.22728" lon="-8.40857">
        <ele>216.2</ele>
      </trkpt>
      <trkpt lat="41.22708" lon="-8.40885">
        <ele>214.81</ele>
      </trkpt>
      <trkpt lat="41.22678" lon="-8.40925">
        <ele>211.41</ele>
      </trkpt>
      <trkpt lat="41.2267" lon="-8.40931">
        <ele>209.99</ele>
      </trkpt>
      <trkpt lat="41.2266" lon="-8.40934">
        <ele>208.54</ele>
      </trkpt>
      <trkpt lat="41.22652" lon="-8.40933">
        <ele>207.54</ele>
      </trkpt>
      <trkpt lat="41.22497" lon="-8.40905">
        <ele>202.71</ele>
      </trkpt>
      <trkpt lat="41.22479" lon="-8.40903">
        <ele>205.51</ele>
      </trkpt>
      <trkpt lat="41.2247" lon="-8.40903">
        <ele>206.61</ele>
      </trkpt>
      <trkpt lat="41.2244" lon="-8.40925">
        <ele>204.13</ele>
      </trkpt>
      <trkpt lat="41.22427" lon="-8.40928">
        <ele>202.45</ele>
      </trkpt>
      <trkpt lat="41.22416" lon="-8.40923">
        <ele>202.53</ele>
      </trkpt>
      <trkpt lat="41.22364" lon="-8.40875">
        <ele>204.07</ele>
      </trkpt>
      <trkpt lat="41.22352" lon="-8.40869">
        <ele>204.01</ele>
      </trkpt>
      <trkpt lat="41.22298" lon="-8.40863">
        <ele>200.99</ele>
      </trkpt>
      <trkpt lat="41.22276" lon="-8.40861">
        <ele>198.26</ele>
      </trkpt>
      <trkpt lat="41.22257" lon="-8.40864">
        <ele>201.33</ele>
      </trkpt>
      <trkpt lat="41.22235" lon="-8.40878">
        <ele>203.05</ele>
      </trkpt>
      <trkpt lat="41.22182" lon="-8.40916">
        <ele>204.82</ele>
      </trkpt>
      <trkpt lat="41.22116" lon="-8.40957">
        <ele>215.77</ele>
      </trkpt>
      <trkpt lat="41.22099" lon="-8.40969">
        <ele>208.6</ele>
      </trkpt>
      <trkpt lat="41.22089" lon="-8.40978">
        <ele>202.98</ele>
      </trkpt>
      <trkpt lat="41.22081" lon="-8.40988">
        <ele>200.06</ele>
      </trkpt>
      <trkpt lat="41.2206" lon="-8.41022">
        <ele>202.3</ele>
      </trkpt>
      <trkpt lat="41.22037" lon="-8.41044">
        <ele>208.06</ele>
      </trkpt>
      <trkpt lat="41.22" lon="-8.41068">
        <ele>212.34</ele>
      </trkpt>
      <trkpt lat="41.21994" lon="-8.41072">
        <ele>212.26</ele>
      </trkpt>
      <trkpt lat="41.2199" lon="-8.41079">
        <ele>212.32</ele>
      </trkpt>
      <trkpt lat="41.2199" lon="-8.41084">
        <ele>212.61</ele>
      </trkpt>
      <trkpt lat="41.21988" lon="-8.41089">
        <ele>212.8</ele>
      </trkpt>
      <trkpt lat="41.21986" lon="-8.41093">
        <ele>213.04</ele>
      </trkpt>
      <trkpt lat="41.21983" lon="-8.41096">
        <ele>213.23</ele>
      </trkpt>
      <trkpt lat="41.21979" lon="-8.41098">
        <ele>213.37</ele>
      </trkpt>
      <trkpt lat="41.21974" lon="-8.41097">
        <ele>213.02</ele>
      </trkpt>
      <trkpt lat="41.2197" lon="-8.41095">
        <ele>213.11</ele>
      </trkpt>
      <trkpt lat="41.21963" lon="-8.41092">
        <ele>214.3</ele>
      </trkpt>
      <trkpt lat="41.21954" lon="-8.41094">
        <ele>217.15</ele>
      </trkpt>
      <trkpt lat="41.21937" lon="-8.41104">
        <ele>222.96</ele>
      </trkpt>
      <trkpt lat="41.21927" lon="-8.41111">
        <ele>224.62</ele>
      </trkpt>
      <trkpt lat="41.21914" lon="-8.41124">
        <ele>228.22</ele>
      </trkpt>
      <trkpt lat="41.21895" lon="-8.41149">
        <ele>227.68</ele>
      </trkpt>
      <trkpt lat="41.21862" lon="-8.41191">
        <ele>223.03</ele>
      </trkpt>
      <trkpt lat="41.21838" lon="-8.41223">
        <ele>234.6</ele>
      </trkpt>
      <trkpt lat="41.21828" lon="-8.41234">
        <ele>238.66</ele>
      </trkpt>
      <trkpt lat="41.2176" lon="-8.41321">
        <ele>238.79</ele>
      </trkpt>
      <trkpt lat="41.21742" lon="-8.4135">
        <ele>239.22</ele>
      </trkpt>
      <trkpt lat="41.21717" lon="-8.4142">
        <ele>247.95</ele>
      </trkpt>
      <trkpt lat="41.21687" lon="-8.41475">
        <ele>249.31</ele>
      </trkpt>
      <trkpt lat="41.2165" lon="-8.41541">
        <ele>240.46</ele>
      </trkpt>
      <trkpt lat="41.21627" lon="-8.41582">
        <ele>237.12</ele>
      </trkpt>
      <trkpt lat="41.21595" lon="-8.4164">
        <ele>238.4</ele>
      </trkpt>
      <trkpt lat="41.21587" lon="-8.4165">
        <ele>239.41</ele>
      </trkpt>
      <trkpt lat="41.2158" lon="-8.41664">
        <ele>239.59</ele>
      </trkpt>
      <trkpt lat="41.21576" lon="-8.41679">
        <ele>240.86</ele>
      </trkpt>
      <trkpt lat="41.21575" lon="-8.41688">
        <ele>241.59</ele>
      </trkpt>
      <trkpt lat="41.21573" lon="-8.41692">
        <ele>241.73</ele>
      </trkpt>
      <trkpt lat="41.21569" lon="-8.41706">
        <ele>239.24</ele>
      </trkpt>
      <trkpt lat="41.21569" lon="-8.41724">
        <ele>235.96</ele>
      </trkpt>
      <trkpt lat="41.21628" lon="-8.42086">
        <ele>242.58</ele>
      </trkpt>
      <trkpt lat="41.21643" lon="-8.42187">
        <ele>247.63</ele>
      </trkpt>
      <trkpt lat="41.21646" lon="-8.42207">
        <ele>247.78</ele>
      </trkpt>
      <trkpt lat="41.21648" lon="-8.42215">
        <ele>247.69</ele>
      </trkpt>
      <trkpt lat="41.21653" lon="-8.42225">
        <ele>247.26</ele>
      </trkpt>
      <trkpt lat="41.21673" lon="-8.42235">
        <ele>246.55</ele>
      </trkpt>
      <trkpt lat="41.21675" lon="-8.42237">
        <ele>246.94</ele>
      </trkpt>
      <trkpt lat="41.21676" lon="-8.42242">
        <ele>247.75</ele>
      </trkpt>
      <trkpt lat="41.21674" lon="-8.42253">
        <ele>249.3</ele>
      </trkpt>
      <trkpt lat="41.21671" lon="-8.42259">
        <ele>249.92</ele>
      </trkpt>
      <trkpt lat="41.21666" lon="-8.42286">
        <ele>252.02</ele>
      </trkpt>
      <trkpt lat="41.21665" lon="-8.42372">
        <ele>255.7</ele>
      </trkpt>
      <trkpt lat="41.21663" lon="-8.42394">
        <ele>257.56</ele>
      </trkpt>
      <trkpt lat="41.21659" lon="-8.42411">
        <ele>255.67</ele>
      </trkpt>
      <trkpt lat="41.21616" lon="-8.42527">
        <ele>255.78</ele>
      </trkpt>
      <trkpt lat="41.21605" lon="-8.42554">
        <ele>257.78</ele>
      </trkpt>
      <trkpt lat="41.21583" lon="-8.42586">
        <ele>263</ele>
      </trkpt>
      <trkpt lat="41.21549" lon="-8.42619">
        <ele>264.36</ele>
      </trkpt>
      <trkpt lat="41.21533" lon="-8.42633">
        <ele>261.22</ele>
      </trkpt>
      <trkpt lat="41.21517" lon="-8.42637">
        <ele>255.34</ele>
      </trkpt>
      <trkpt lat="41.21503" lon="-8.42634">
        <ele>250.47</ele>
      </trkpt>
      <trkpt lat="41.21476" lon="-8.4261">
        <ele>251.04</ele>
      </trkpt>
      <trkpt lat="41.21435" lon="-8.4257">
        <ele>251.81</ele>
      </trkpt>
      <trkpt lat="41.21417" lon="-8.42567">
        <ele>255.87</ele>
      </trkpt>
      <trkpt lat="41.21399" lon="-8.42575">
        <ele>260.86</ele>
      </trkpt>
      <trkpt lat="41.21372" lon="-8.426">
        <ele>267.58</ele>
      </trkpt>
      <trkpt lat="41.2136" lon="-8.42619">
        <ele>268.77</ele>
      </trkpt>
      <trkpt lat="41.21342" lon="-8.42676">
        <ele>269.81</ele>
      </trkpt>
      <trkpt lat="41.21334" lon="-8.42697">
        <ele>269.74</ele>
      </trkpt>
      <trkpt lat="41.21325" lon="-8.42711">
        <ele>269.94</ele>
      </trkpt>
      <trkpt lat="41.2131" lon="-8.42724">
        <ele>271.66</ele>
      </trkpt>
      <trkpt lat="41.2125" lon="-8.4276">
        <ele>271</ele>
      </trkpt>
      <trkpt lat="41.21244" lon="-8.42768">
        <ele>271.92</ele>
      </trkpt>
      <trkpt lat="41.21239" lon="-8.42782">
        <ele>273.56</ele>
      </trkpt>
      <trkpt lat="41.21224" lon="-8.42868">
        <ele>268.56</ele>
      </trkpt>
      <trkpt lat="41.21217" lon="-8.42887">
        <ele>269.21</ele>
      </trkpt>
      <trkpt lat="41.21205" lon="-8.42903">
        <ele>270.78</ele>
      </trkpt>
      <trkpt lat="41.21194" lon="-8.42911">
        <ele>271.71</ele>
      </trkpt>
      <trkpt lat="41.21185" lon="-8.42916">
        <ele>273.11</ele>
      </trkpt>
      <trkpt lat="41.21174" lon="-8.42921">
        <ele>274.69</ele>
      </trkpt>
      <trkpt lat="41.21169" lon="-8.42921">
        <ele>275.63</ele>
      </trkpt>
      <trkpt lat="41.21161" lon="-8.4292">
        <ele>277.35</ele>
      </trkpt>
      <trkpt lat="41.21143" lon="-8.42911">
        <ele>280.48</ele>
      </trkpt>
      <trkpt lat="41.21136" lon="-8.4291">
        <ele>280.3</ele>
      </trkpt>
      <trkpt lat="41.21129" lon="-8.42912">
        <ele>279.32</ele>
      </trkpt>
      <trkpt lat="41.21124" lon="-8.4292">
        <ele>278.63</ele>
      </trkpt>
      <trkpt lat="41.21086" lon="-8.43003">
        <ele>276.96</ele>
      </trkpt>
      <trkpt lat="41.21083" lon="-8.43024">
        <ele>273.68</ele>
      </trkpt>
      <trkpt lat="41.21088" lon="-8.43037">
        <ele>269.06</ele>
      </trkpt>
      <trkpt lat="41.21093" lon="-8.43045">
        <ele>265.85</ele>
      </trkpt>
      <trkpt lat="41.21101" lon="-8.43055">
        <ele>262.22</ele>
      </trkpt>
      <trkpt lat="41.21126" lon="-8.43078">
        <ele>260.68</ele>
      </trkpt>
      <trkpt lat="41.21181" lon="-8.4312">
        <ele>257.59</ele>
      </trkpt>
      <trkpt lat="41.2119" lon="-8.43128">
        <ele>256.74</ele>
      </trkpt>
      <trkpt lat="41.21199" lon="-8.43141">
        <ele>254.16</ele>
      </trkpt>
      <trkpt lat="41.21209" lon="-8.43156">
        <ele>250.58</ele>
      </trkpt>
      <trkpt lat="41.21224" lon="-8.43208">
        <ele>249.61</ele>
      </trkpt>
      <trkpt lat="41.212463733633875" lon="-8.433674102141367">
        <ele>239.70978551154022</ele>
      </trkpt>
      <trkpt lat="41.212461" lon="-8.433675">
        <ele>236.18</ele>
      </trkpt>
      <trkpt lat="41.212477" lon="-8.433791">
        <ele>235.4</ele>
      </trkpt>
      <trkpt lat="41.212432" lon="-8.433827">
        <ele>234.82</ele>
      </trkpt>
      <trkpt lat="41.212392" lon="-8.433895">
        <ele>234.05</ele>
      </trkpt>
      <trkpt lat="41.212376" lon="-8.433941">
        <ele>233.55</ele>
      </trkpt>
      <trkpt lat="41.212369" lon="-8.43401">
        <ele>232.88</ele>
      </trkpt>
      <trkpt lat="41.21237" lon="-8.43401">
        <ele>233.1</ele>
      </trkpt>
      <trkpt lat="41.21204" lon="-8.43416">
        <ele>237.66</ele>
      </trkpt>
      <trkpt lat="41.21096" lon="-8.43458">
        <ele>226.33</ele>
      </trkpt>
      <trkpt lat="41.21078" lon="-8.43472">
        <ele>222.44</ele>
      </trkpt>
      <trkpt lat="41.21063" lon="-8.43494">
        <ele>217.82</ele>
      </trkpt>
      <trkpt lat="41.21028" lon="-8.43567">
        <ele>223.57</ele>
      </trkpt>
      <trkpt lat="41.20998" lon="-8.43633">
        <ele>224.5</ele>
      </trkpt>
      <trkpt lat="41.20984" lon="-8.43655">
        <ele>220.93</ele>
      </trkpt>
      <trkpt lat="41.2096" lon="-8.43677">
        <ele>209.96</ele>
      </trkpt>
      <trkpt lat="41.20936" lon="-8.43689">
        <ele>199.97</ele>
      </trkpt>
      <trkpt lat="41.20915" lon="-8.43694">
        <ele>191.66</ele>
      </trkpt>
      <trkpt lat="41.20888" lon="-8.43692">
        <ele>186.08</ele>
      </trkpt>
      <trkpt lat="41.20864" lon="-8.4368">
        <ele>184.35</ele>
      </trkpt>
      <trkpt lat="41.20816" lon="-8.43642">
        <ele>183.89</ele>
      </trkpt>
      <trkpt lat="41.20784" lon="-8.4363">
        <ele>183.51</ele>
      </trkpt>
      <trkpt lat="41.20758" lon="-8.43634">
        <ele>183.94</ele>
      </trkpt>
      <trkpt lat="41.20735" lon="-8.43645">
        <ele>183.56</ele>
      </trkpt>
      <trkpt lat="41.20716" lon="-8.43664">
        <ele>182.13</ele>
      </trkpt>
      <trkpt lat="41.20685" lon="-8.4371">
        <ele>178.89</ele>
      </trkpt>
      <trkpt lat="41.20647" lon="-8.43775">
        <ele>180.59</ele>
      </trkpt>
      <trkpt lat="41.20618" lon="-8.43822">
        <ele>176.77</ele>
      </trkpt>
      <trkpt lat="41.20552" lon="-8.43929">
        <ele>170.16</ele>
      </trkpt>
      <trkpt lat="41.20521" lon="-8.43972">
        <ele>159.55</ele>
      </trkpt>
      <trkpt lat="41.205211" lon="-8.439721">
        <ele>161.05</ele>
      </trkpt>
      <trkpt lat="41.204885" lon="-8.440075">
        <ele>159.3</ele>
      </trkpt>
      <trkpt lat="41.204534" lon="-8.44033">
        <ele>159.83</ele>
      </trkpt>
      <trkpt lat="41.203713" lon="-8.440804">
        <ele>155.55</ele>
      </trkpt>
      <trkpt lat="41.202524" lon="-8.441511">
        <ele>148.33</ele>
      </trkpt>
      <trkpt lat="41.202271" lon="-8.441602">
        <ele>146.62</ele>
      </trkpt>
      <trkpt lat="41.20218" lon="-8.441573">
        <ele>146.3</ele>
      </trkpt>
      <trkpt lat="41.202128" lon="-8.441539">
        <ele>146.16</ele>
      </trkpt>
      <trkpt lat="41.202114" lon="-8.44152">
        <ele>146.19</ele>
      </trkpt>
      <trkpt lat="41.201315" lon="-8.440446">
        <ele>148.85</ele>
      </trkpt>
      <trkpt lat="41.201261" lon="-8.440392">
        <ele>148.94</ele>
      </trkpt>
      <trkpt lat="41.20104" lon="-8.440229">
        <ele>148.85</ele>
      </trkpt>
      <trkpt lat="41.200988" lon="-8.44018">
        <ele>148.7</ele>
      </trkpt>
      <trkpt lat="41.200953" lon="-8.440128">
        <ele>148.63</ele>
      </trkpt>
      <trkpt lat="41.20092" lon="-8.440045">
        <ele>148.6</ele>
      </trkpt>
      <trkpt lat="41.2009" lon="-8.439975">
        <ele>148.61</ele>
      </trkpt>
      <trkpt lat="41.200862" lon="-8.439919">
        <ele>148.47</ele>
      </trkpt>
      <trkpt lat="41.200813" lon="-8.439883">
        <ele>148.21</ele>
      </trkpt>
      <trkpt lat="41.200758" lon="-8.439872">
        <ele>147.85</ele>
      </trkpt>
      <trkpt lat="41.200669" lon="-8.439855">
        <ele>147.28</ele>
      </trkpt>
      <trkpt lat="41.200609" lon="-8.439833">
        <ele>146.89</ele>
      </trkpt>
      <trkpt lat="41.200499" lon="-8.439721">
        <ele>146.15</ele>
      </trkpt>
      <trkpt lat="41.200409" lon="-8.439609">
        <ele>145.47</ele>
      </trkpt>
      <trkpt lat="41.200301" lon="-8.439513">
        <ele>144.7</ele>
      </trkpt>
      <trkpt lat="41.20030086061723" lon="-8.43951298721532">
        <ele>137.97172127098338</ele>
      </trkpt>
      <trkpt lat="41.20023" lon="-8.43945">
        <ele>137.83</ele>
      </trkpt>
      <trkpt lat="41.1995" lon="-8.43892">
        <ele>134.13</ele>
      </trkpt>
      <trkpt lat="41.19907" lon="-8.43859">
        <ele>139.97</ele>
      </trkpt>
      <trkpt lat="41.19892" lon="-8.43838">
        <ele>140.6</ele>
      </trkpt>
      <trkpt lat="41.19889" lon="-8.43833">
        <ele>140.1</ele>
      </trkpt>
      <trkpt lat="41.19881" lon="-8.43819">
        <ele>143.3</ele>
      </trkpt>
      <trkpt lat="41.19868" lon="-8.43772">
        <ele>140.73</ele>
      </trkpt>
      <trkpt lat="41.19824" lon="-8.43593">
        <ele>148.66</ele>
      </trkpt>
      <trkpt lat="41.19804" lon="-8.43545">
        <ele>144.22</ele>
      </trkpt>
      <trkpt lat="41.198041" lon="-8.435448">
        <ele>149.17</ele>
      </trkpt>
      <trkpt lat="41.197731" lon="-8.435097">
        <ele>147.23</ele>
      </trkpt>
      <trkpt lat="41.197309" lon="-8.434845">
        <ele>146</ele>
      </trkpt>
      <trkpt lat="41.196845" lon="-8.434536">
        <ele>145.46</ele>
      </trkpt>
      <trkpt lat="41.19665" lon="-8.434352">
        <ele>145.67</ele>
      </trkpt>
      <trkpt lat="41.196496" lon="-8.434182">
        <ele>145.89</ele>
      </trkpt>
      <trkpt lat="41.196431" lon="-8.434098">
        <ele>146.02</ele>
      </trkpt>
      <trkpt lat="41.196431" lon="-8.434098">
        <ele>146.02</ele>
      </trkpt>
      <trkpt lat="41.196398" lon="-8.434054">
        <ele>146.08</ele>
      </trkpt>
      <trkpt lat="41.19635" lon="-8.433979">
        <ele>146.2</ele>
      </trkpt>
      <trkpt lat="41.196324" lon="-8.433915">
        <ele>146.33</ele>
      </trkpt>
      <trkpt lat="41.196305" lon="-8.433836">
        <ele>146.69</ele>
      </trkpt>
      <trkpt lat="41.196301" lon="-8.4338">
        <ele>146.87</ele>
      </trkpt>
      <trkpt lat="41.196299" lon="-8.433784">
        <ele>146.95</ele>
      </trkpt>
      <trkpt lat="41.196311" lon="-8.433654">
        <ele>147.64</ele>
      </trkpt>
      <trkpt lat="41.196335" lon="-8.433582">
        <ele>148.06</ele>
      </trkpt>
      <trkpt lat="41.196537" lon="-8.433245">
        <ele>150.26</ele>
      </trkpt>
      <trkpt lat="41.196607" lon="-8.433105">
        <ele>151.19</ele>
      </trkpt>
      <trkpt lat="41.196637" lon="-8.433012">
        <ele>151.9</ele>
      </trkpt>
      <trkpt lat="41.196692" lon="-8.432701">
        <ele>154.35</ele>
      </trkpt>
      <trkpt lat="41.19669" lon="-8.4327">
        <ele>155.56</ele>
      </trkpt>
      <trkpt lat="41.1967" lon="-8.43251">
        <ele>157.42</ele>
      </trkpt>
      <trkpt lat="41.19667" lon="-8.4323">
        <ele>156.53</ele>
      </trkpt>
      <trkpt lat="41.19654" lon="-8.43192">
        <ele>155.59</ele>
      </trkpt>
      <trkpt lat="41.1964" lon="-8.43151">
        <ele>154.02</ele>
      </trkpt>
      <trkpt lat="41.1963" lon="-8.43123">
        <ele>152.93</ele>
      </trkpt>
      <trkpt lat="41.19623" lon="-8.43098">
        <ele>154.95</ele>
      </trkpt>
      <trkpt lat="41.1962" lon="-8.43079">
        <ele>157.53</ele>
      </trkpt>
      <trkpt lat="41.1962" lon="-8.43062">
        <ele>159.76</ele>
      </trkpt>
      <trkpt lat="41.19621" lon="-8.43047">
        <ele>160.45</ele>
      </trkpt>
      <trkpt lat="41.19624" lon="-8.43033">
        <ele>160.19</ele>
      </trkpt>
      <trkpt lat="41.19642" lon="-8.42969">
        <ele>157.38</ele>
      </trkpt>
      <trkpt lat="41.19644" lon="-8.42943">
        <ele>154.61</ele>
      </trkpt>
      <trkpt lat="41.19644" lon="-8.42928">
        <ele>156.92</ele>
      </trkpt>
      <trkpt lat="41.19642" lon="-8.42913">
        <ele>158.68</ele>
      </trkpt>
      <trkpt lat="41.19638" lon="-8.42902">
        <ele>159.53</ele>
      </trkpt>
      <trkpt lat="41.19631" lon="-8.42888">
        <ele>160.75</ele>
      </trkpt>
      <trkpt lat="41.19615" lon="-8.42866">
        <ele>159.22</ele>
      </trkpt>
      <trkpt lat="41.19574" lon="-8.42825">
        <ele>160.93</ele>
      </trkpt>
      <trkpt lat="41.19555" lon="-8.428">
        <ele>164.51</ele>
      </trkpt>
      <trkpt lat="41.19545" lon="-8.42782">
        <ele>162.05</ele>
      </trkpt>
      <trkpt lat="41.19535" lon="-8.42746">
        <ele>163.5</ele>
      </trkpt>
      <trkpt lat="41.19527" lon="-8.42711">
        <ele>169.83</ele>
      </trkpt>
      <trkpt lat="41.19523" lon="-8.42679">
        <ele>176.03</ele>
      </trkpt>
      <trkpt lat="41.19523" lon="-8.42653">
        <ele>179.12</ele>
      </trkpt>
      <trkpt lat="41.19527" lon="-8.4263">
        <ele>181.18</ele>
      </trkpt>
      <trkpt lat="41.19534" lon="-8.42608">
        <ele>180.5</ele>
      </trkpt>
      <trkpt lat="41.19545" lon="-8.42584">
        <ele>180.29</ele>
      </trkpt>
      <trkpt lat="41.19559" lon="-8.42566">
        <ele>178.08</ele>
      </trkpt>
      <trkpt lat="41.1957" lon="-8.42555">
        <ele>178.6</ele>
      </trkpt>
      <trkpt lat="41.19591" lon="-8.42543">
        <ele>181.93</ele>
      </trkpt>
      <trkpt lat="41.19608" lon="-8.42537">
        <ele>187.01</ele>
      </trkpt>
      <trkpt lat="41.19668" lon="-8.42528">
        <ele>193.99</ele>
      </trkpt>
      <trkpt lat="41.19687" lon="-8.4252">
        <ele>196.47</ele>
      </trkpt>
      <trkpt lat="41.19702" lon="-8.4251">
        <ele>199.87</ele>
      </trkpt>
      <trkpt lat="41.19713" lon="-8.42497">
        <ele>202.11</ele>
      </trkpt>
      <trkpt lat="41.19724" lon="-8.42479">
        <ele>202.28</ele>
      </trkpt>
      <trkpt lat="41.19733" lon="-8.42456">
        <ele>200.61</ele>
      </trkpt>
      <trkpt lat="41.19737" lon="-8.42429">
        <ele>199</ele>
      </trkpt>
      <trkpt lat="41.19737" lon="-8.42404">
        <ele>197.87</ele>
      </trkpt>
      <trkpt lat="41.19733" lon="-8.42381">
        <ele>197.77</ele>
      </trkpt>
      <trkpt lat="41.19725" lon="-8.42353">
        <ele>197.09</ele>
      </trkpt>
      <trkpt lat="41.19691" lon="-8.42241">
        <ele>195.87</ele>
      </trkpt>
      <trkpt lat="41.19681" lon="-8.42209">
        <ele>201.4</ele>
      </trkpt>
      <trkpt lat="41.19671" lon="-8.42184">
        <ele>204.12</ele>
      </trkpt>
      <trkpt lat="41.19661" lon="-8.42165">
        <ele>204.92</ele>
      </trkpt>
      <trkpt lat="41.1964" lon="-8.42137">
        <ele>206.18</ele>
      </trkpt>
      <trkpt lat="41.19567" lon="-8.42052">
        <ele>202.57</ele>
      </trkpt>
      <trkpt lat="41.19514" lon="-8.41987">
        <ele>198.31</ele>
      </trkpt>
      <trkpt lat="41.19504" lon="-8.41971">
        <ele>202.14</ele>
      </trkpt>
      <trkpt lat="41.19427" lon="-8.4183">
        <ele>220.7</ele>
      </trkpt>
      <trkpt lat="41.19325" lon="-8.41641">
        <ele>243.59</ele>
      </trkpt>
      <trkpt lat="41.19315" lon="-8.41618">
        <ele>248.53</ele>
      </trkpt>
      <trkpt lat="41.19308" lon="-8.41598">
        <ele>251.28</ele>
      </trkpt>
      <trkpt lat="41.19302" lon="-8.41574">
        <ele>253.53</ele>
      </trkpt>
      <trkpt lat="41.1924" lon="-8.41278">
        <ele>273.18</ele>
      </trkpt>
      <trkpt lat="41.19236" lon="-8.41255">
        <ele>273.29</ele>
      </trkpt>
      <trkpt lat="41.19235" lon="-8.4123">
        <ele>273.55</ele>
      </trkpt>
      <trkpt lat="41.19236" lon="-8.41208">
        <ele>274.48</ele>
      </trkpt>
      <trkpt lat="41.19237" lon="-8.41193">
        <ele>275.41</ele>
      </trkpt>
      <trkpt lat="41.19239" lon="-8.41182">
        <ele>277.18</ele>
      </trkpt>
      <trkpt lat="41.19245" lon="-8.41156">
        <ele>280.67</ele>
      </trkpt>
      <trkpt lat="41.19255" lon="-8.41128">
        <ele>284.61</ele>
      </trkpt>
      <trkpt lat="41.19265" lon="-8.41108">
        <ele>287.1</ele>
      </trkpt>
      <trkpt lat="41.19277" lon="-8.41089">
        <ele>288.11</ele>
      </trkpt>
      <trkpt lat="41.19288" lon="-8.41077">
        <ele>289.61</ele>
      </trkpt>
      <trkpt lat="41.19363" lon="-8.40999">
        <ele>303.14</ele>
      </trkpt>
      <trkpt lat="41.19379" lon="-8.40987">
        <ele>304.58</ele>
      </trkpt>
      <trkpt lat="41.19412" lon="-8.4095">
        <ele>305.44</ele>
      </trkpt>
      <trkpt lat="41.19416" lon="-8.40948">
        <ele>305.07</ele>
      </trkpt>
      <trkpt lat="41.1942" lon="-8.40947">
        <ele>304.88</ele>
      </trkpt>
      <trkpt lat="41.1942" lon="-8.40941">
        <ele>305.02</ele>
      </trkpt>
      <trkpt lat="41.19432" lon="-8.40915">
        <ele>306.15</ele>
      </trkpt>
      <trkpt lat="41.19437" lon="-8.40899">
        <ele>307.74</ele>
      </trkpt>
      <trkpt lat="41.1944" lon="-8.4089">
        <ele>308.73</ele>
      </trkpt>
      <trkpt lat="41.19439" lon="-8.40877">
        <ele>310.43</ele>
      </trkpt>
      <trkpt lat="41.19441" lon="-8.40863">
        <ele>312.49</ele>
      </trkpt>
      <trkpt lat="41.19441" lon="-8.40837">
        <ele>312.97</ele>
      </trkpt>
      <trkpt lat="41.19438" lon="-8.40819">
        <ele>308.6</ele>
      </trkpt>
      <trkpt lat="41.19433" lon="-8.40802">
        <ele>304.67</ele>
      </trkpt>
      <trkpt lat="41.19426" lon="-8.40783">
        <ele>303.71</ele>
      </trkpt>
      <trkpt lat="41.1942" lon="-8.4077">
        <ele>302.63</ele>
      </trkpt>
      <trkpt lat="41.19408" lon="-8.40753">
        <ele>302.33</ele>
      </trkpt>
      <trkpt lat="41.19398" lon="-8.40742">
        <ele>305.9</ele>
      </trkpt>
      <trkpt lat="41.19385" lon="-8.4073">
        <ele>310.3</ele>
      </trkpt>
      <trkpt lat="41.19371" lon="-8.40724">
        <ele>310.51</ele>
      </trkpt>
      <trkpt lat="41.19355" lon="-8.40719">
        <ele>310.76</ele>
      </trkpt>
      <trkpt lat="41.19344" lon="-8.40718">
        <ele>310.79</ele>
      </trkpt>
      <trkpt lat="41.19279" lon="-8.40726">
        <ele>305.24</ele>
      </trkpt>
      <trkpt lat="41.19265" lon="-8.40726">
        <ele>305.51</ele>
      </trkpt>
      <trkpt lat="41.19249" lon="-8.40723">
        <ele>306.88</ele>
      </trkpt>
      <trkpt lat="41.19232" lon="-8.40715">
        <ele>309</ele>
      </trkpt>
      <trkpt lat="41.19226" lon="-8.40711">
        <ele>309.65</ele>
      </trkpt>
      <trkpt lat="41.19215" lon="-8.40703">
        <ele>310.02</ele>
      </trkpt>
      <trkpt lat="41.19205" lon="-8.40691">
        <ele>309.85</ele>
      </trkpt>
      <trkpt lat="41.19193" lon="-8.40671">
        <ele>309.07</ele>
      </trkpt>
      <trkpt lat="41.19147" lon="-8.4059">
        <ele>311.98</ele>
      </trkpt>
      <trkpt lat="41.19131" lon="-8.40559">
        <ele>308.3</ele>
      </trkpt>
      <trkpt lat="41.1912" lon="-8.40527">
        <ele>311.38</ele>
      </trkpt>
      <trkpt lat="41.19116" lon="-8.40506">
        <ele>311.55</ele>
      </trkpt>
      <trkpt lat="41.19113" lon="-8.40487">
        <ele>311.36</ele>
      </trkpt>
      <trkpt lat="41.19112" lon="-8.40458">
        <ele>311.78</ele>
      </trkpt>
      <trkpt lat="41.19109" lon="-8.40162">
        <ele>309.49</ele>
      </trkpt>
      <trkpt lat="41.19107" lon="-8.40144">
        <ele>311.33</ele>
      </trkpt>
      <trkpt lat="41.19104" lon="-8.40127">
        <ele>314.73</ele>
      </trkpt>
      <trkpt lat="41.19099" lon="-8.40112">
        <ele>317.62</ele>
      </trkpt>
      <trkpt lat="41.19059" lon="-8.40005">
        <ele>317.38</ele>
      </trkpt>
      <trkpt lat="41.19054" lon="-8.3999">
        <ele>316.02</ele>
      </trkpt>
      <trkpt lat="41.1905" lon="-8.39973">
        <ele>314.25</ele>
      </trkpt>
      <trkpt lat="41.19046" lon="-8.39942">
        <ele>314.46</ele>
      </trkpt>
      <trkpt lat="41.19037" lon="-8.39606">
        <ele>312.11</ele>
      </trkpt>
      <trkpt lat="41.19032" lon="-8.39451">
        <ele>306.02</ele>
      </trkpt>
      <trkpt lat="41.19033" lon="-8.39424">
        <ele>309.37</ele>
      </trkpt>
      <trkpt lat="41.19037" lon="-8.39408">
        <ele>311.15</ele>
      </trkpt>
      <trkpt lat="41.19044" lon="-8.39393">
        <ele>311.41</ele>
      </trkpt>
      <trkpt lat="41.19159" lon="-8.39203">
        <ele>311.25</ele>
      </trkpt>
      <trkpt lat="41.19174" lon="-8.39186">
        <ele>312.62</ele>
      </trkpt>
      <trkpt lat="41.19206" lon="-8.39158">
        <ele>309.27</ele>
      </trkpt>
      <trkpt lat="41.19216" lon="-8.39144">
        <ele>309.27</ele>
      </trkpt>
      <trkpt lat="41.19222" lon="-8.39129">
        <ele>308.9</ele>
      </trkpt>
      <trkpt lat="41.19225" lon="-8.39112">
        <ele>308.17</ele>
      </trkpt>
      <trkpt lat="41.19226" lon="-8.39048">
        <ele>309.58</ele>
      </trkpt>
      <trkpt lat="41.19229" lon="-8.38977">
        <ele>312.32</ele>
      </trkpt>
      <trkpt lat="41.19231" lon="-8.38967">
        <ele>312.69</ele>
      </trkpt>
      <trkpt lat="41.19241" lon="-8.38946">
        <ele>313.99</ele>
      </trkpt>
      <trkpt lat="41.19253" lon="-8.38925">
        <ele>313.75</ele>
      </trkpt>
      <trkpt lat="41.19256" lon="-8.38916">
        <ele>313.3</ele>
      </trkpt>
      <trkpt lat="41.19257" lon="-8.38907">
        <ele>311.59</ele>
      </trkpt>
      <trkpt lat="41.19258" lon="-8.38897">
        <ele>309.74</ele>
      </trkpt>
      <trkpt lat="41.19257" lon="-8.38889">
        <ele>308.03</ele>
      </trkpt>
      <trkpt lat="41.19252" lon="-8.38873">
        <ele>306.19</ele>
      </trkpt>
      <trkpt lat="41.19248" lon="-8.38866">
        <ele>305.2</ele>
      </trkpt>
      <trkpt lat="41.19246" lon="-8.38858">
        <ele>304.54</ele>
      </trkpt>
      <trkpt lat="41.19246" lon="-8.38851">
        <ele>304.14</ele>
      </trkpt>
      <trkpt lat="41.19248" lon="-8.38843">
        <ele>304.02</ele>
      </trkpt>
      <trkpt lat="41.19251" lon="-8.38837">
        <ele>304.25</ele>
      </trkpt>
      <trkpt lat="41.19255" lon="-8.38832">
        <ele>304.41</ele>
      </trkpt>
      <trkpt lat="41.19259" lon="-8.38825">
        <ele>304.27</ele>
      </trkpt>
      <trkpt lat="41.19262" lon="-8.38817">
        <ele>304.04</ele>
      </trkpt>
      <trkpt lat="41.19263" lon="-8.38809">
        <ele>303.6</ele>
      </trkpt>
      <trkpt lat="41.19262" lon="-8.38795">
        <ele>302.67</ele>
      </trkpt>
      <trkpt lat="41.19257" lon="-8.38781">
        <ele>301.59</ele>
      </trkpt>
      <trkpt lat="41.1923" lon="-8.38716">
        <ele>297.35</ele>
      </trkpt>
      <trkpt lat="41.19117" lon="-8.38436">
        <ele>286.91</ele>
      </trkpt>
      <trkpt lat="41.19109" lon="-8.38416">
        <ele>284.4</ele>
      </trkpt>
      <trkpt lat="41.19099" lon="-8.38403">
        <ele>282.16</ele>
      </trkpt>
      <trkpt lat="41.19088" lon="-8.38391">
        <ele>280.65</ele>
      </trkpt>
      <trkpt lat="41.19071" lon="-8.38379">
        <ele>279.99</ele>
      </trkpt>
      <trkpt lat="41.19032" lon="-8.38364">
        <ele>278.86</ele>
      </trkpt>
      <trkpt lat="41.19014" lon="-8.38354">
        <ele>277.99</ele>
      </trkpt>
      <trkpt lat="41.19005" lon="-8.38346">
        <ele>277.44</ele>
      </trkpt>
      <trkpt lat="41.18995" lon="-8.38333">
        <ele>277.54</ele>
      </trkpt>
      <trkpt lat="41.18987" lon="-8.38322">
        <ele>278.4</ele>
      </trkpt>
      <trkpt lat="41.18926" lon="-8.38182">
        <ele>274.56</ele>
      </trkpt>
      <trkpt lat="41.18926" lon="-8.38182">
        <ele>274.56</ele>
      </trkpt>
      <trkpt lat="41.18774" lon="-8.37834">
        <ele>263.92</ele>
      </trkpt>
      <trkpt lat="41.18688" lon="-8.37634">
        <ele>266.59</ele>
      </trkpt>
      <trkpt lat="41.18684" lon="-8.37623">
        <ele>268.58</ele>
      </trkpt>
      <trkpt lat="41.1868" lon="-8.376">
        <ele>271.76</ele>
      </trkpt>
      <trkpt lat="41.18679" lon="-8.37584">
        <ele>273.6</ele>
      </trkpt>
      <trkpt lat="41.18687" lon="-8.37523">
        <ele>279.4</ele>
      </trkpt>
      <trkpt lat="41.18689" lon="-8.37482">
        <ele>282.72</ele>
      </trkpt>
      <trkpt lat="41.18693" lon="-8.37449">
        <ele>283</ele>
      </trkpt>
      <trkpt lat="41.18714" lon="-8.3729">
        <ele>283.99</ele>
      </trkpt>
      <trkpt lat="41.18747" lon="-8.37051">
        <ele>295.49</ele>
      </trkpt>
      <trkpt lat="41.1877" lon="-8.36918">
        <ele>306.79</ele>
      </trkpt>
      <trkpt lat="41.18775" lon="-8.36896">
        <ele>311.46</ele>
      </trkpt>
      <trkpt lat="41.18782" lon="-8.36878">
        <ele>310.39</ele>
      </trkpt>
      <trkpt lat="41.18791" lon="-8.3686">
        <ele>308.19</ele>
      </trkpt>
      <trkpt lat="41.18804" lon="-8.36839">
        <ele>310.25</ele>
      </trkpt>
      <trkpt lat="41.18816" lon="-8.36826">
        <ele>310.59</ele>
      </trkpt>
      <trkpt lat="41.18829" lon="-8.36815">
        <ele>311.62</ele>
      </trkpt>
      <trkpt lat="41.18845" lon="-8.36807">
        <ele>309.97</ele>
      </trkpt>
      <trkpt lat="41.18861" lon="-8.368">
        <ele>305.42</ele>
      </trkpt>
      <trkpt lat="41.18955" lon="-8.36771">
        <ele>283.72</ele>
      </trkpt>
      <trkpt lat="41.18974" lon="-8.36762">
        <ele>281.43</ele>
      </trkpt>
      <trkpt lat="41.1914" lon="-8.3665">
        <ele>267.18</ele>
      </trkpt>
      <trkpt lat="41.19242" lon="-8.3658">
        <ele>248.53</ele>
      </trkpt>
      <trkpt lat="41.19291" lon="-8.36547">
        <ele>252.2</ele>
      </trkpt>
      <trkpt lat="41.19307" lon="-8.36539">
        <ele>255.31</ele>
      </trkpt>
      <trkpt lat="41.19315" lon="-8.36537">
        <ele>256.13</ele>
      </trkpt>
      <trkpt lat="41.19331" lon="-8.36535">
        <ele>258.62</ele>
      </trkpt>
      <trkpt lat="41.1941" lon="-8.36539">
        <ele>243.63</ele>
      </trkpt>
      <trkpt lat="41.19421" lon="-8.36537">
        <ele>240.01</ele>
      </trkpt>
      <trkpt lat="41.19437" lon="-8.36531">
        <ele>237.17</ele>
      </trkpt>
      <trkpt lat="41.19444" lon="-8.36527">
        <ele>235.88</ele>
      </trkpt>
      <trkpt lat="41.19462" lon="-8.3651">
        <ele>236.54</ele>
      </trkpt>
      <trkpt lat="41.19469" lon="-8.36492">
        <ele>236.58</ele>
      </trkpt>
      <trkpt lat="41.19504" lon="-8.3638">
        <ele>228.98</ele>
      </trkpt>
      <trkpt lat="41.19511" lon="-8.36364">
        <ele>229.15</ele>
      </trkpt>
      <trkpt lat="41.19523" lon="-8.36349">
        <ele>230.84</ele>
      </trkpt>
      <trkpt lat="41.1953" lon="-8.36343">
        <ele>231.82</ele>
      </trkpt>
      <trkpt lat="41.19539" lon="-8.3634">
        <ele>230.98</ele>
      </trkpt>
      <trkpt lat="41.19548" lon="-8.36337">
        <ele>230.01</ele>
      </trkpt>
      <trkpt lat="41.1956" lon="-8.36337">
        <ele>228.55</ele>
      </trkpt>
      <trkpt lat="41.19593" lon="-8.36339">
        <ele>225.5</ele>
      </trkpt>
      <trkpt lat="41.1961" lon="-8.36337">
        <ele>225.63</ele>
      </trkpt>
      <trkpt lat="41.19625" lon="-8.36332">
        <ele>226.26</ele>
      </trkpt>
      <trkpt lat="41.19644" lon="-8.36322">
        <ele>227.4</ele>
      </trkpt>
      <trkpt lat="41.19661" lon="-8.36306">
        <ele>228.06</ele>
      </trkpt>
      <trkpt lat="41.19673" lon="-8.36288">
        <ele>229.73</ele>
      </trkpt>
      <trkpt lat="41.19686" lon="-8.36263">
        <ele>231.09</ele>
      </trkpt>
      <trkpt lat="41.1974" lon="-8.36145">
        <ele>235.08</ele>
      </trkpt>
      <trkpt lat="41.19753" lon="-8.3612">
        <ele>231.63</ele>
      </trkpt>
      <trkpt lat="41.19767" lon="-8.361">
        <ele>224.19</ele>
      </trkpt>
      <trkpt lat="41.19786" lon="-8.36083">
        <ele>220.1</ele>
      </trkpt>
      <trkpt lat="41.19854" lon="-8.3603">
        <ele>213.89</ele>
      </trkpt>
      <trkpt lat="41.19883" lon="-8.36006">
        <ele>212.44</ele>
      </trkpt>
      <trkpt lat="41.19895" lon="-8.35994">
        <ele>211.25</ele>
      </trkpt>
      <trkpt lat="41.19906" lon="-8.35978">
        <ele>208.82</ele>
      </trkpt>
      <trkpt lat="41.19915" lon="-8.35962">
        <ele>207.16</ele>
      </trkpt>
      <trkpt lat="41.19938" lon="-8.35913">
        <ele>205.23</ele>
      </trkpt>
      <trkpt lat="41.19943" lon="-8.35891">
        <ele>203.3</ele>
      </trkpt>
      <trkpt lat="41.19944" lon="-8.35877">
        <ele>203.05</ele>
      </trkpt>
      <trkpt lat="41.19944" lon="-8.35858">
        <ele>203.16</ele>
      </trkpt>
      <trkpt lat="41.1994" lon="-8.35828">
        <ele>204.26</ele>
      </trkpt>
      <trkpt lat="41.19937" lon="-8.3581">
        <ele>204.43</ele>
      </trkpt>
      <trkpt lat="41.19937" lon="-8.3581">
        <ele>204.43</ele>
      </trkpt>
      <trkpt lat="41.19927" lon="-8.35778">
        <ele>201.76</ele>
      </trkpt>
      <trkpt lat="41.19897" lon="-8.3572">
        <ele>191.64</ele>
      </trkpt>
      <trkpt lat="41.1989" lon="-8.35704">
        <ele>191.71</ele>
      </trkpt>
      <trkpt lat="41.19886" lon="-8.35689">
        <ele>192.62</ele>
      </trkpt>
      <trkpt lat="41.19885" lon="-8.35665">
        <ele>193.04</ele>
      </trkpt>
      <trkpt lat="41.19886" lon="-8.35623">
        <ele>195.47</ele>
      </trkpt>
      <trkpt lat="41.19883" lon="-8.35573">
        <ele>191.59</ele>
      </trkpt>
      <trkpt lat="41.19876" lon="-8.35536">
        <ele>189.25</ele>
      </trkpt>
      <trkpt lat="41.19869" lon="-8.35509">
        <ele>186.3</ele>
      </trkpt>
      <trkpt lat="41.19861" lon="-8.35489">
        <ele>182.63</ele>
      </trkpt>
      <trkpt lat="41.19851" lon="-8.35471">
        <ele>179.79</ele>
      </trkpt>
      <trkpt lat="41.19797" lon="-8.35394">
        <ele>170.71</ele>
      </trkpt>
      <trkpt lat="41.19787" lon="-8.35377">
        <ele>168.52</ele>
      </trkpt>
      <trkpt lat="41.19772" lon="-8.35345">
        <ele>168.88</ele>
      </trkpt>
      <trkpt lat="41.19763" lon="-8.35322">
        <ele>170.16</ele>
      </trkpt>
      <trkpt lat="41.19755" lon="-8.35289">
        <ele>171.26</ele>
      </trkpt>
      <trkpt lat="41.19747" lon="-8.35251">
        <ele>171.43</ele>
      </trkpt>
      <trkpt lat="41.19744" lon="-8.35214">
        <ele>170.22</ele>
      </trkpt>
      <trkpt lat="41.19744" lon="-8.35185">
        <ele>168.27</ele>
      </trkpt>
      <trkpt lat="41.19747" lon="-8.35129">
        <ele>165.86</ele>
      </trkpt>
      <trkpt lat="41.19752" lon="-8.35089">
        <ele>165.27</ele>
      </trkpt>
      <trkpt lat="41.19762" lon="-8.35051">
        <ele>166.98</ele>
      </trkpt>
      <trkpt lat="41.19798" lon="-8.34948">
        <ele>163.83</ele>
      </trkpt>
      <trkpt lat="41.1983" lon="-8.34853">
        <ele>167.05</ele>
      </trkpt>
      <trkpt lat="41.19847" lon="-8.34807">
        <ele>172.88</ele>
      </trkpt>
      <trkpt lat="41.19902" lon="-8.34717">
        <ele>181.82</ele>
      </trkpt>
      <trkpt lat="41.19916" lon="-8.34691">
        <ele>180.22</ele>
      </trkpt>
      <trkpt lat="41.19935" lon="-8.34659">
        <ele>178.82</ele>
      </trkpt>
      <trkpt lat="41.19939" lon="-8.34651">
        <ele>177.22</ele>
      </trkpt>
      <trkpt lat="41.19937" lon="-8.34645">
        <ele>176.47</ele>
      </trkpt>
      <trkpt lat="41.19938" lon="-8.34639">
        <ele>175.48</ele>
      </trkpt>
      <trkpt lat="41.1994" lon="-8.34635">
        <ele>174.78</ele>
      </trkpt>
      <trkpt lat="41.19946" lon="-8.34624">
        <ele>172.63</ele>
      </trkpt>
      <trkpt lat="41.1995" lon="-8.34621">
        <ele>171.57</ele>
      </trkpt>
      <trkpt lat="41.19954" lon="-8.34619">
        <ele>170.61</ele>
      </trkpt>
      <trkpt lat="41.19959" lon="-8.34619">
        <ele>169.81</ele>
      </trkpt>
      <trkpt lat="41.19968" lon="-8.3461">
        <ele>166.82</ele>
      </trkpt>
      <trkpt lat="41.1998" lon="-8.3459">
        <ele>169.05</ele>
      </trkpt>
      <trkpt lat="41.19996" lon="-8.34567">
        <ele>171.1</ele>
      </trkpt>
      <trkpt lat="41.20016" lon="-8.34525">
        <ele>168.54</ele>
      </trkpt>
      <trkpt lat="41.2003" lon="-8.34488">
        <ele>168.27</ele>
      </trkpt>
      <trkpt lat="41.20051" lon="-8.3442">
        <ele>167.58</ele>
      </trkpt>
      <trkpt lat="41.20066" lon="-8.34385">
        <ele>171.98</ele>
      </trkpt>
      <trkpt lat="41.2008" lon="-8.34359">
        <ele>173.11</ele>
      </trkpt>
      <trkpt lat="41.20153" lon="-8.34249">
        <ele>181.54</ele>
      </trkpt>
      <trkpt lat="41.20175" lon="-8.34221">
        <ele>185.96</ele>
      </trkpt>
      <trkpt lat="41.20281" lon="-8.34109">
        <ele>178.8</ele>
      </trkpt>
      <trkpt lat="41.20281" lon="-8.34109">
        <ele>178.8</ele>
      </trkpt>
      <trkpt lat="41.20341" lon="-8.34046">
        <ele>179.84</ele>
      </trkpt>
      <trkpt lat="41.20367" lon="-8.34029">
        <ele>175.25</ele>
      </trkpt>
      <trkpt lat="41.20388" lon="-8.34017">
        <ele>167.69</ele>
      </trkpt>
      <trkpt lat="41.20424" lon="-8.34002">
        <ele>161.36</ele>
      </trkpt>
      <trkpt lat="41.20504" lon="-8.33972">
        <ele>160.5</ele>
      </trkpt>
      <trkpt lat="41.20525" lon="-8.33957">
        <ele>161.52</ele>
      </trkpt>
      <trkpt lat="41.2054" lon="-8.33938">
        <ele>162.04</ele>
      </trkpt>
      <trkpt lat="41.20548" lon="-8.33922">
        <ele>159.34</ele>
      </trkpt>
      <trkpt lat="41.20554" lon="-8.33905">
        <ele>157.98</ele>
      </trkpt>
      <trkpt lat="41.20582926884174" lon="-8.337703403667792">
        <ele>168.4635018701113</ele>
      </trkpt>
      <trkpt lat="41.205827" lon="-8.337702">
        <ele>163.3</ele>
      </trkpt>
      <trkpt lat="41.205843" lon="-8.337625">
        <ele>163.39</ele>
      </trkpt>
      <trkpt lat="41.205925" lon="-8.337529">
        <ele>164.74</ele>
      </trkpt>
      <trkpt lat="41.205968" lon="-8.337308">
        <ele>166.03</ele>
      </trkpt>
      <trkpt lat="41.206294" lon="-8.33589">
        <ele>172.85</ele>
      </trkpt>
      <trkpt lat="41.206321" lon="-8.335738">
        <ele>172.34</ele>
      </trkpt>
      <trkpt lat="41.206327" lon="-8.335642">
        <ele>172.01</ele>
      </trkpt>
      <trkpt lat="41.206343" lon="-8.335574">
        <ele>171.8</ele>
      </trkpt>
      <trkpt lat="41.20633" lon="-8.335421">
        <ele>171.77</ele>
      </trkpt>
      <trkpt lat="41.206343" lon="-8.335394">
        <ele>171.82</ele>
      </trkpt>
      <trkpt lat="41.20635" lon="-8.3354">
        <ele>171.86</ele>
      </trkpt>
      <trkpt lat="41.2064" lon="-8.33529">
        <ele>174.24</ele>
      </trkpt>
      <trkpt lat="41.20654" lon="-8.33497">
        <ele>179.61</ele>
      </trkpt>
      <trkpt lat="41.20677" lon="-8.33446">
        <ele>183.98</ele>
      </trkpt>
      <trkpt lat="41.20693" lon="-8.33409">
        <ele>188.84</ele>
      </trkpt>
      <trkpt lat="41.20718" lon="-8.33359">
        <ele>190.84</ele>
      </trkpt>
      <trkpt lat="41.20737" lon="-8.3332">
        <ele>188.53</ele>
      </trkpt>
      <trkpt lat="41.20761" lon="-8.3327">
        <ele>181.65</ele>
      </trkpt>
      <trkpt lat="41.20765" lon="-8.33262">
        <ele>180.85</ele>
      </trkpt>
      <trkpt lat="41.20775" lon="-8.33228">
        <ele>178.56</ele>
      </trkpt>
      <trkpt lat="41.20774" lon="-8.33228">
        <ele>176.12</ele>
      </trkpt>
      <trkpt lat="41.207787" lon="-8.331961">
        <ele>175.6</ele>
      </trkpt>
      <trkpt lat="41.207787" lon="-8.331813">
        <ele>175.31</ele>
      </trkpt>
      <trkpt lat="41.207772" lon="-8.331702">
        <ele>175.15</ele>
      </trkpt>
      <trkpt lat="41.207715" lon="-8.331471">
        <ele>175.03</ele>
      </trkpt>
      <trkpt lat="41.207667" lon="-8.331348">
        <ele>175</ele>
      </trkpt>
      <trkpt lat="41.207603" lon="-8.331245">
        <ele>174.84</ele>
      </trkpt>
      <trkpt lat="41.2076" lon="-8.33125">
        <ele>180.34</ele>
      </trkpt>
      <trkpt lat="41.20733" lon="-8.33092">
        <ele>182.42</ele>
      </trkpt>
      <trkpt lat="41.20705" lon="-8.33045">
        <ele>173.19</ele>
      </trkpt>
      <trkpt lat="41.20705" lon="-8.33045">
        <ele>173.19</ele>
      </trkpt>
      <trkpt lat="41.20674" lon="-8.33">
        <ele>163.17</ele>
      </trkpt>
      <trkpt lat="41.20661" lon="-8.32981">
        <ele>160.68</ele>
      </trkpt>
      <trkpt lat="41.20631" lon="-8.32935">
        <ele>163.22</ele>
      </trkpt>
      <trkpt lat="41.20602" lon="-8.3289">
        <ele>170.71</ele>
      </trkpt>
      <trkpt lat="41.20598" lon="-8.32884">
        <ele>170.91</ele>
      </trkpt>
      <trkpt lat="41.20569" lon="-8.32839">
        <ele>173.31</ele>
      </trkpt>
      <trkpt lat="41.2054" lon="-8.32793">
        <ele>167.53</ele>
      </trkpt>
      <trkpt lat="41.20519" lon="-8.32761">
        <ele>166.95</ele>
      </trkpt>
      <trkpt lat="41.2049" lon="-8.32716">
        <ele>161.5</ele>
      </trkpt>
      <trkpt lat="41.20461" lon="-8.3267">
        <ele>160.95</ele>
      </trkpt>
      <trkpt lat="41.20438" lon="-8.32634">
        <ele>157.59</ele>
      </trkpt>
      <trkpt lat="41.20408" lon="-8.32589">
        <ele>155.67</ele>
      </trkpt>
      <trkpt lat="41.20387" lon="-8.32557">
        <ele>157.3</ele>
      </trkpt>
      <trkpt lat="41.20383" lon="-8.32544">
        <ele>160.86</ele>
      </trkpt>
      <trkpt lat="41.2038" lon="-8.32536">
        <ele>163.37</ele>
      </trkpt>
      <trkpt lat="41.20379" lon="-8.32528">
        <ele>165.44</ele>
      </trkpt>
      <trkpt lat="41.20382" lon="-8.32521">
        <ele>164.74</ele>
      </trkpt>
      <trkpt lat="41.2039" lon="-8.32507">
        <ele>163.6</ele>
      </trkpt>
      <trkpt lat="41.2039" lon="-8.32507">
        <ele>163.6</ele>
      </trkpt>
      <trkpt lat="41.2039" lon="-8.32507">
        <ele>163.6</ele>
      </trkpt>
      <trkpt lat="41.20398" lon="-8.32499">
        <ele>162.69</ele>
      </trkpt>
      <trkpt lat="41.20413" lon="-8.32484">
        <ele>158.68</ele>
      </trkpt>
      <trkpt lat="41.20439" lon="-8.32462">
        <ele>159.04</ele>
      </trkpt>
      <trkpt lat="41.20448" lon="-8.32451">
        <ele>155.85</ele>
      </trkpt>
      <trkpt lat="41.20456" lon="-8.32446">
        <ele>152.2</ele>
      </trkpt>
      <trkpt lat="41.20466" lon="-8.32447">
        <ele>149.04</ele>
      </trkpt>
      <trkpt lat="41.2047" lon="-8.32453">
        <ele>149.73</ele>
      </trkpt>
      <trkpt lat="41.20475" lon="-8.32467">
        <ele>153.73</ele>
      </trkpt>
      <trkpt lat="41.20481" lon="-8.32482">
        <ele>154.51</ele>
      </trkpt>
      <trkpt lat="41.20486" lon="-8.32493">
        <ele>154.26</ele>
      </trkpt>
      <trkpt lat="41.20496" lon="-8.32511">
        <ele>151.15</ele>
      </trkpt>
      <trkpt lat="41.20496" lon="-8.32511">
        <ele>151.15</ele>
      </trkpt>
      <trkpt lat="41.20499" lon="-8.32515">
        <ele>149.77</ele>
      </trkpt>
      <trkpt lat="41.205" lon="-8.32516">
        <ele>149.39</ele>
      </trkpt>
      <trkpt lat="41.20508" lon="-8.3252">
        <ele>146.11</ele>
      </trkpt>
      <trkpt lat="41.20508" lon="-8.3252">
        <ele>146.11</ele>
      </trkpt>
      <trkpt lat="41.2051" lon="-8.32521">
        <ele>145.35</ele>
      </trkpt>
      <trkpt lat="41.20517" lon="-8.32522">
        <ele>143.36</ele>
      </trkpt>
      <trkpt lat="41.2052" lon="-8.32521">
        <ele>142.75</ele>
      </trkpt>
      <trkpt lat="41.2052" lon="-8.32521">
        <ele>142.75</ele>
      </trkpt>
      <trkpt lat="41.20527" lon="-8.32519">
        <ele>141.16</ele>
      </trkpt>
      <trkpt lat="41.20537" lon="-8.32514">
        <ele>143.81</ele>
      </trkpt>
      <trkpt lat="41.20549" lon="-8.32511">
        <ele>147.32</ele>
      </trkpt>
      <trkpt lat="41.20552" lon="-8.3251">
        <ele>148.27</ele>
      </trkpt>
      <trkpt lat="41.20569" lon="-8.32511">
        <ele>146.79</ele>
      </trkpt>
      <trkpt lat="41.20586" lon="-8.32518">
        <ele>142.6</ele>
      </trkpt>
      <trkpt lat="41.20589" lon="-8.32519">
        <ele>141.58</ele>
      </trkpt>
      <trkpt lat="41.20605" lon="-8.32533">
        <ele>136.5</ele>
      </trkpt>
      <trkpt lat="41.20654" lon="-8.32609">
        <ele>144.29</ele>
      </trkpt>
      <trkpt lat="41.20702" lon="-8.32681">
        <ele>148.06</ele>
      </trkpt>
      <trkpt lat="41.20711" lon="-8.32694">
        <ele>144.28</ele>
      </trkpt>
      <trkpt lat="41.20728" lon="-8.32714">
        <ele>143.21</ele>
      </trkpt>
      <trkpt lat="41.20728" lon="-8.32714">
        <ele>143.21</ele>
      </trkpt>
      <trkpt lat="41.20734" lon="-8.32721">
        <ele>142.83</ele>
      </trkpt>
      <trkpt lat="41.20748" lon="-8.32732">
        <ele>141.92</ele>
      </trkpt>
      <trkpt lat="41.20755" lon="-8.32735">
        <ele>141.69</ele>
      </trkpt>
      <trkpt lat="41.20761" lon="-8.32735">
        <ele>140.96</ele>
      </trkpt>
      <trkpt lat="41.20768" lon="-8.32732">
        <ele>139.78</ele>
      </trkpt>
      <trkpt lat="41.20771" lon="-8.32728">
        <ele>139.06</ele>
      </trkpt>
      <trkpt lat="41.20775" lon="-8.32726">
        <ele>138.51</ele>
      </trkpt>
      <trkpt lat="41.20779" lon="-8.32726">
        <ele>138.27</ele>
      </trkpt>
      <trkpt lat="41.20783" lon="-8.32727">
        <ele>138.34</ele>
      </trkpt>
      <trkpt lat="41.20787" lon="-8.3273">
        <ele>138.56</ele>
      </trkpt>
      <trkpt lat="41.20794" lon="-8.32735">
        <ele>138.92</ele>
      </trkpt>
      <trkpt lat="41.20801" lon="-8.32736">
        <ele>138.99</ele>
      </trkpt>
      <trkpt lat="41.2082" lon="-8.32733">
        <ele>138.95</ele>
      </trkpt>
      <trkpt lat="41.20832" lon="-8.32728">
        <ele>137.7</ele>
      </trkpt>
      <trkpt lat="41.20882" lon="-8.32711">
        <ele>135.47</ele>
      </trkpt>
      <trkpt lat="41.20901" lon="-8.32713">
        <ele>137.79</ele>
      </trkpt>
      <trkpt lat="41.20915" lon="-8.32721">
        <ele>139.88</ele>
      </trkpt>
      <trkpt lat="41.20945" lon="-8.32763">
        <ele>152.96</ele>
      </trkpt>
      <trkpt lat="41.20971" lon="-8.32802">
        <ele>158.25</ele>
      </trkpt>
      <trkpt lat="41.20976" lon="-8.32799">
        <ele>157.95</ele>
      </trkpt>
      <trkpt lat="41.2098" lon="-8.32798">
        <ele>157.71</ele>
      </trkpt>
      <trkpt lat="41.20987" lon="-8.32799">
        <ele>157.65</ele>
      </trkpt>
      <trkpt lat="41.2099" lon="-8.32803">
        <ele>158.05</ele>
      </trkpt>
      <trkpt lat="41.21002" lon="-8.3279">
        <ele>156.06</ele>
      </trkpt>
      <trkpt lat="41.21039" lon="-8.32747">
        <ele>152.87</ele>
      </trkpt>
      <trkpt lat="41.21049" lon="-8.32736">
        <ele>152.76</ele>
      </trkpt>
      <trkpt lat="41.21057" lon="-8.3273">
        <ele>153.01</ele>
      </trkpt>
      <trkpt lat="41.21067" lon="-8.32727">
        <ele>153.07</ele>
      </trkpt>
      <trkpt lat="41.21091" lon="-8.32731">
        <ele>151.78</ele>
      </trkpt>
      <trkpt lat="41.21122" lon="-8.32745">
        <ele>144.15</ele>
      </trkpt>
      <trkpt lat="41.2126" lon="-8.32809">
        <ele>132.77</ele>
      </trkpt>
      <trkpt lat="41.21325" lon="-8.32839">
        <ele>139.28</ele>
      </trkpt>
      <trkpt lat="41.21339" lon="-8.32841">
        <ele>142.34</ele>
      </trkpt>
      <trkpt lat="41.2135" lon="-8.32841">
        <ele>146.87</ele>
      </trkpt>
      <trkpt lat="41.2136" lon="-8.32836">
        <ele>151.34</ele>
      </trkpt>
      <trkpt lat="41.21366" lon="-8.32828">
        <ele>151.32</ele>
      </trkpt>
      <trkpt lat="41.21369" lon="-8.32823">
        <ele>150.74</ele>
      </trkpt>
      <trkpt lat="41.21419" lon="-8.32739">
        <ele>149.64</ele>
      </trkpt>
      <trkpt lat="41.21436" lon="-8.32719">
        <ele>149.46</ele>
      </trkpt>
      <trkpt lat="41.21471" lon="-8.32691">
        <ele>146.68</ele>
      </trkpt>
      <trkpt lat="41.21536" lon="-8.32643">
        <ele>160.82</ele>
      </trkpt>
      <trkpt lat="41.21575" lon="-8.32629">
        <ele>166.71</ele>
      </trkpt>
      <trkpt lat="41.21684" lon="-8.32611">
        <ele>171.25</ele>
      </trkpt>
      <trkpt lat="41.21729" lon="-8.32603">
        <ele>167.55</ele>
      </trkpt>
      <trkpt lat="41.21747" lon="-8.32599">
        <ele>165.7</ele>
      </trkpt>
      <trkpt lat="41.21763" lon="-8.32594">
        <ele>165.98</ele>
      </trkpt>
      <trkpt lat="41.21799" lon="-8.32579">
        <ele>167.46</ele>
      </trkpt>
      <trkpt lat="41.21836" lon="-8.32562">
        <ele>169.26</ele>
      </trkpt>
      <trkpt lat="41.21849" lon="-8.32558">
        <ele>170.14</ele>
      </trkpt>
      <trkpt lat="41.21901" lon="-8.32546">
        <ele>172.37</ele>
      </trkpt>
      <trkpt lat="41.21977" lon="-8.32532">
        <ele>179.5</ele>
      </trkpt>
      <trkpt lat="41.22" lon="-8.3252">
        <ele>179.72</ele>
      </trkpt>
      <trkpt lat="41.22014" lon="-8.32509">
        <ele>181</ele>
      </trkpt>
      <trkpt lat="41.22142" lon="-8.32406">
        <ele>189.31</ele>
      </trkpt>
      <trkpt lat="41.22213" lon="-8.32351">
        <ele>183.24</ele>
      </trkpt>
      <trkpt lat="41.22225" lon="-8.32341">
        <ele>184.43</ele>
      </trkpt>
      <trkpt lat="41.22241" lon="-8.32321">
        <ele>186.05</ele>
      </trkpt>
      <trkpt lat="41.22295" lon="-8.32246">
        <ele>184.23</ele>
      </trkpt>
      <trkpt lat="41.22337" lon="-8.32189">
        <ele>188.04</ele>
      </trkpt>
      <trkpt lat="41.22345" lon="-8.3218">
        <ele>187.88</ele>
      </trkpt>
      <trkpt lat="41.22365" lon="-8.32164">
        <ele>186.96</ele>
      </trkpt>
      <trkpt lat="41.22375" lon="-8.32158">
        <ele>186.81</ele>
      </trkpt>
      <trkpt lat="41.2241" lon="-8.32145">
        <ele>189.32</ele>
      </trkpt>
      <trkpt lat="41.22424" lon="-8.32138">
        <ele>189.81</ele>
      </trkpt>
      <trkpt lat="41.22427" lon="-8.32136">
        <ele>189.16</ele>
      </trkpt>
      <trkpt lat="41.22445" lon="-8.32113">
        <ele>187.91</ele>
      </trkpt>
      <trkpt lat="41.22447" lon="-8.3211">
        <ele>187.68</ele>
      </trkpt>
      <trkpt lat="41.22451" lon="-8.32104">
        <ele>186.41</ele>
      </trkpt>
      <trkpt lat="41.2247" lon="-8.32075">
        <ele>182.94</ele>
      </trkpt>
      <trkpt lat="41.22472" lon="-8.32068">
        <ele>182.33</ele>
      </trkpt>
      <trkpt lat="41.22477" lon="-8.32054">
        <ele>180.49</ele>
      </trkpt>
      <trkpt lat="41.22488" lon="-8.32015">
        <ele>176.21</ele>
      </trkpt>
      <trkpt lat="41.22491" lon="-8.31999">
        <ele>175.31</ele>
      </trkpt>
      <trkpt lat="41.22491" lon="-8.31986">
        <ele>175.16</ele>
      </trkpt>
      <trkpt lat="41.22488" lon="-8.3196">
        <ele>176.13</ele>
      </trkpt>
      <trkpt lat="41.22487" lon="-8.31946">
        <ele>177.39</ele>
      </trkpt>
      <trkpt lat="41.22488" lon="-8.31931">
        <ele>177.36</ele>
      </trkpt>
      <trkpt lat="41.2249" lon="-8.31912">
        <ele>177.78</ele>
      </trkpt>
      <trkpt lat="41.22512" lon="-8.31804">
        <ele>189.54</ele>
      </trkpt>
      <trkpt lat="41.22516" lon="-8.31792">
        <ele>190.55</ele>
      </trkpt>
      <trkpt lat="41.22544" lon="-8.31722">
        <ele>196.25</ele>
      </trkpt>
      <trkpt lat="41.22561" lon="-8.31692">
        <ele>197.15</ele>
      </trkpt>
      <trkpt lat="41.22572" lon="-8.31679">
        <ele>195.89</ele>
      </trkpt>
      <trkpt lat="41.22586" lon="-8.31664">
        <ele>196.64</ele>
      </trkpt>
      <trkpt lat="41.22626" lon="-8.31625">
        <ele>192.5</ele>
      </trkpt>
      <trkpt lat="41.22673" lon="-8.31583">
        <ele>189.57</ele>
      </trkpt>
      <trkpt lat="41.22684" lon="-8.31565">
        <ele>190.07</ele>
      </trkpt>
      <trkpt lat="41.2269" lon="-8.31544">
        <ele>191.5</ele>
      </trkpt>
      <trkpt lat="41.22712" lon="-8.3145">
        <ele>188.76</ele>
      </trkpt>
      <trkpt lat="41.22717" lon="-8.31428">
        <ele>189.08</ele>
      </trkpt>
      <trkpt lat="41.22735" lon="-8.31358">
        <ele>192.33</ele>
      </trkpt>
      <trkpt lat="41.22753" lon="-8.31325">
        <ele>189.7</ele>
      </trkpt>
      <trkpt lat="41.22765" lon="-8.31311">
        <ele>186.86</ele>
      </trkpt>
      <trkpt lat="41.22805" lon="-8.31261">
        <ele>180.33</ele>
      </trkpt>
      <trkpt lat="41.22876" lon="-8.31166">
        <ele>178.25</ele>
      </trkpt>
      <trkpt lat="41.22899" lon="-8.31133">
        <ele>183.16</ele>
      </trkpt>
      <trkpt lat="41.22912" lon="-8.3112">
        <ele>184</ele>
      </trkpt>
      <trkpt lat="41.22958" lon="-8.31099">
        <ele>186.93</ele>
      </trkpt>
      <trkpt lat="41.23018" lon="-8.3104">
        <ele>191.64</ele>
      </trkpt>
      <trkpt lat="41.23038" lon="-8.31022">
        <ele>186.43</ele>
      </trkpt>
      <trkpt lat="41.23057" lon="-8.31012">
        <ele>183.11</ele>
      </trkpt>
      <trkpt lat="41.23105" lon="-8.31007">
        <ele>176.45</ele>
      </trkpt>
      <trkpt lat="41.23112" lon="-8.31007">
        <ele>176.42</ele>
      </trkpt>
      <trkpt lat="41.23126" lon="-8.30999">
        <ele>174.78</ele>
      </trkpt>
      <trkpt lat="41.23233" lon="-8.30869">
        <ele>178.53</ele>
      </trkpt>
      <trkpt lat="41.23284" lon="-8.30825">
        <ele>181.23</ele>
      </trkpt>
      <trkpt lat="41.23332" lon="-8.30784">
        <ele>177.94</ele>
      </trkpt>
      <trkpt lat="41.23361" lon="-8.30756">
        <ele>173.15</ele>
      </trkpt>
      <trkpt lat="41.23395" lon="-8.30736">
        <ele>170.11</ele>
      </trkpt>
      <trkpt lat="41.23489" lon="-8.30669">
        <ele>163.55</ele>
      </trkpt>
      <trkpt lat="41.23541" lon="-8.30632">
        <ele>163.52</ele>
      </trkpt>
      <trkpt lat="41.23633076418001" lon="-8.30565035332363">
        <ele>167.69599158823797</ele>
      </trkpt>
      <trkpt lat="41.236331" lon="-8.305652">
        <ele>167.81</ele>
      </trkpt>
      <trkpt lat="41.236404" lon="-8.305599">
        <ele>168.33</ele>
      </trkpt>
      <trkpt lat="41.236486" lon="-8.305587">
        <ele>169.15</ele>
      </trkpt>
      <trkpt lat="41.236579" lon="-8.305569">
        <ele>170.11</ele>
      </trkpt>
      <trkpt lat="41.236616" lon="-8.305576">
        <ele>170.44</ele>
      </trkpt>
      <trkpt lat="41.236672" lon="-8.305587">
        <ele>170.94</ele>
      </trkpt>
      <trkpt lat="41.236819" lon="-8.305683">
        <ele>172.01</ele>
      </trkpt>
      <trkpt lat="41.236867" lon="-8.305776">
        <ele>172.21</ele>
      </trkpt>
      <trkpt lat="41.23686922378052" lon="-8.305774167232293">
        <ele>172.42905038689935</ele>
      </trkpt>
      <trkpt lat="41.23705" lon="-8.30612">
        <ele>171.03</ele>
      </trkpt>
      <trkpt lat="41.23726" lon="-8.30639">
        <ele>175.41</ele>
      </trkpt>
      <trkpt lat="41.23749" lon="-8.30656">
        <ele>175.54</ele>
      </trkpt>
      <trkpt lat="41.23776" lon="-8.30665">
        <ele>180.51</ele>
      </trkpt>
      <trkpt lat="41.23866" lon="-8.30665">
        <ele>173.09</ele>
      </trkpt>
      <trkpt lat="41.24061" lon="-8.30665">
        <ele>155.68</ele>
      </trkpt>
      <trkpt lat="41.24907" lon="-8.30668">
        <ele>182.7</ele>
      </trkpt>
      <trkpt lat="41.25003" lon="-8.30668">
        <ele>195.26</ele>
      </trkpt>
      <trkpt lat="41.25112" lon="-8.3067">
        <ele>186.45</ele>
      </trkpt>
      <trkpt lat="41.25145" lon="-8.3067">
        <ele>180.47</ele>
      </trkpt>
      <trkpt lat="41.25162" lon="-8.30663">
        <ele>181.05</ele>
      </trkpt>
      <trkpt lat="41.25171" lon="-8.30656">
        <ele>183.55</ele>
      </trkpt>
      <trkpt lat="41.25178" lon="-8.3065">
        <ele>185.67</ele>
      </trkpt>
      <trkpt lat="41.25191" lon="-8.30632">
        <ele>188.86</ele>
      </trkpt>
      <trkpt lat="41.25202" lon="-8.30605">
        <ele>196.36</ele>
      </trkpt>
      <trkpt lat="41.25215" lon="-8.3058">
        <ele>199.86</ele>
      </trkpt>
      <trkpt lat="41.25228" lon="-8.30557">
        <ele>201.76</ele>
      </trkpt>
      <trkpt lat="41.25241" lon="-8.3054">
        <ele>203.89</ele>
      </trkpt>
      <trkpt lat="41.25256" lon="-8.30531">
        <ele>206</ele>
      </trkpt>
      <trkpt lat="41.25297" lon="-8.30522">
        <ele>208.2</ele>
      </trkpt>
      <trkpt lat="41.25322" lon="-8.30518">
        <ele>200.82</ele>
      </trkpt>
      <trkpt lat="41.25346" lon="-8.3052">
        <ele>194.27</ele>
      </trkpt>
      <trkpt lat="41.25367" lon="-8.30528">
        <ele>194.75</ele>
      </trkpt>
      <trkpt lat="41.2547" lon="-8.30583">
        <ele>210.29</ele>
      </trkpt>
      <trkpt lat="41.25485" lon="-8.30589">
        <ele>208.97</ele>
      </trkpt>
      <trkpt lat="41.2551" lon="-8.30583">
        <ele>208.75</ele>
      </trkpt>
      <trkpt lat="41.25528" lon="-8.30575">
        <ele>210.36</ele>
      </trkpt>
      <trkpt lat="41.25543" lon="-8.30568">
        <ele>214.94</ele>
      </trkpt>
      <trkpt lat="41.25559" lon="-8.30555">
        <ele>219.13</ele>
      </trkpt>
      <trkpt lat="41.25572" lon="-8.30538">
        <ele>220.71</ele>
      </trkpt>
      <trkpt lat="41.25742" lon="-8.30216">
        <ele>229.66</ele>
      </trkpt>
      <trkpt lat="41.25791" lon="-8.30116">
        <ele>233.2</ele>
      </trkpt>
      <trkpt lat="41.25832" lon="-8.30021">
        <ele>243.97</ele>
      </trkpt>
      <trkpt lat="41.25856" lon="-8.29975">
        <ele>249.47</ele>
      </trkpt>
      <trkpt lat="41.2587" lon="-8.29953">
        <ele>247.08</ele>
      </trkpt>
      <trkpt lat="41.25885" lon="-8.2992">
        <ele>243.32</ele>
      </trkpt>
      <trkpt lat="41.259" lon="-8.29872">
        <ele>241.04</ele>
      </trkpt>
      <trkpt lat="41.25924" lon="-8.2979">
        <ele>243.62</ele>
      </trkpt>
      <trkpt lat="41.25939" lon="-8.29756">
        <ele>246.1</ele>
      </trkpt>
      <trkpt lat="41.2595" lon="-8.29743">
        <ele>249.2</ele>
      </trkpt>
      <trkpt lat="41.25998" lon="-8.29696">
        <ele>258.01</ele>
      </trkpt>
      <trkpt lat="41.25998" lon="-8.29696">
        <ele>258.01</ele>
      </trkpt>
      <trkpt lat="41.26017" lon="-8.29678">
        <ele>261.12</ele>
      </trkpt>
      <trkpt lat="41.26088" lon="-8.29635">
        <ele>257.99</ele>
      </trkpt>
      <trkpt lat="41.26232" lon="-8.29518">
        <ele>272.17</ele>
      </trkpt>
      <trkpt lat="41.26332" lon="-8.29408">
        <ele>249.91</ele>
      </trkpt>
      <trkpt lat="41.26351" lon="-8.29386">
        <ele>258.47</ele>
      </trkpt>
      <trkpt lat="41.26357" lon="-8.29376">
        <ele>259.89</ele>
      </trkpt>
      <trkpt lat="41.2636" lon="-8.29368">
        <ele>261.09</ele>
      </trkpt>
      <trkpt lat="41.26362" lon="-8.29357">
        <ele>262.54</ele>
      </trkpt>
      <trkpt lat="41.26362" lon="-8.29344">
        <ele>263.34</ele>
      </trkpt>
      <trkpt lat="41.26358" lon="-8.29339">
        <ele>263.57</ele>
      </trkpt>
      <trkpt lat="41.26356" lon="-8.29332">
        <ele>264.18</ele>
      </trkpt>
      <trkpt lat="41.26355" lon="-8.29322">
        <ele>264.13</ele>
      </trkpt>
      <trkpt lat="41.26357" lon="-8.29312">
        <ele>264.03</ele>
      </trkpt>
      <trkpt lat="41.26359" lon="-8.29307">
        <ele>264</ele>
      </trkpt>
      <trkpt lat="41.26362" lon="-8.29303">
        <ele>264.28</ele>
      </trkpt>
      <trkpt lat="41.26365" lon="-8.293">
        <ele>264.96</ele>
      </trkpt>
      <trkpt lat="41.26369" lon="-8.29298">
        <ele>265.74</ele>
      </trkpt>
      <trkpt lat="41.26374" lon="-8.29297">
        <ele>266.66</ele>
      </trkpt>
      <trkpt lat="41.26381" lon="-8.29298">
        <ele>267.98</ele>
      </trkpt>
      <trkpt lat="41.26387" lon="-8.29302">
        <ele>269.36</ele>
      </trkpt>
      <trkpt lat="41.26391" lon="-8.29306">
        <ele>269.91</ele>
      </trkpt>
      <trkpt lat="41.26395" lon="-8.29308">
        <ele>269.51</ele>
      </trkpt>
      <trkpt lat="41.26403" lon="-8.29308">
        <ele>269.56</ele>
      </trkpt>
      <trkpt lat="41.26412" lon="-8.29304">
        <ele>269.98</ele>
      </trkpt>
      <trkpt lat="41.26444" lon="-8.29285">
        <ele>276.85</ele>
      </trkpt>
      <trkpt lat="41.26465" lon="-8.29266">
        <ele>280.63</ele>
      </trkpt>
      <trkpt lat="41.26483" lon="-8.29247">
        <ele>282.67</ele>
      </trkpt>
      <trkpt lat="41.26581" lon="-8.29134">
        <ele>289.18</ele>
      </trkpt>
      <trkpt lat="41.2659" lon="-8.29121">
        <ele>289.15</ele>
      </trkpt>
      <trkpt lat="41.2659" lon="-8.29117">
        <ele>289.28</ele>
      </trkpt>
      <trkpt lat="41.26592" lon="-8.29113">
        <ele>289.52</ele>
      </trkpt>
      <trkpt lat="41.26594" lon="-8.29109">
        <ele>290.2</ele>
      </trkpt>
      <trkpt lat="41.26613" lon="-8.29098">
        <ele>292.09</ele>
      </trkpt>
      <trkpt lat="41.26702" lon="-8.28968">
        <ele>289.61</ele>
      </trkpt>
      <trkpt lat="41.2676" lon="-8.28881">
        <ele>278.84</ele>
      </trkpt>
      <trkpt lat="41.26787" lon="-8.28833">
        <ele>277.94</ele>
      </trkpt>
      <trkpt lat="41.26809" lon="-8.28774">
        <ele>272.08</ele>
      </trkpt>
      <trkpt lat="41.26814" lon="-8.28759">
        <ele>275.07</ele>
      </trkpt>
      <trkpt lat="41.26814" lon="-8.28755">
        <ele>275.87</ele>
      </trkpt>
      <trkpt lat="41.26817" lon="-8.28749">
        <ele>276.19</ele>
      </trkpt>
      <trkpt lat="41.2682" lon="-8.28745">
        <ele>275.83</ele>
      </trkpt>
      <trkpt lat="41.26826" lon="-8.28743">
        <ele>274.78</ele>
      </trkpt>
      <trkpt lat="41.26841" lon="-8.28735">
        <ele>274.8</ele>
      </trkpt>
      <trkpt lat="41.26903" lon="-8.28675">
        <ele>285.35</ele>
      </trkpt>
      <trkpt lat="41.26916" lon="-8.28663">
        <ele>284.35</ele>
      </trkpt>
      <trkpt lat="41.27057" lon="-8.2853">
        <ele>285.18</ele>
      </trkpt>
      <trkpt lat="41.27171" lon="-8.28421">
        <ele>288.59</ele>
      </trkpt>
      <trkpt lat="41.27181" lon="-8.28416">
        <ele>288.41</ele>
      </trkpt>
      <trkpt lat="41.27259" lon="-8.28342">
        <ele>293.01</ele>
      </trkpt>
      <trkpt lat="41.27282" lon="-8.28329">
        <ele>293.61</ele>
      </trkpt>
      <trkpt lat="41.27302" lon="-8.2832">
        <ele>299.33</ele>
      </trkpt>
      <trkpt lat="41.2734" lon="-8.28321">
        <ele>296.56</ele>
      </trkpt>
      <trkpt lat="41.27507" lon="-8.28313">
        <ele>294.13</ele>
      </trkpt>
      <trkpt lat="41.27535" lon="-8.28313">
        <ele>292.97</ele>
      </trkpt>
      <trkpt lat="41.27535" lon="-8.28313">
        <ele>292.97</ele>
      </trkpt>
      <trkpt lat="41.2755" lon="-8.28313">
        <ele>292.65</ele>
      </trkpt>
      <trkpt lat="41.27567" lon="-8.28314">
        <ele>292.68</ele>
      </trkpt>
      <trkpt lat="41.27622" lon="-8.28314">
        <ele>293.93</ele>
      </trkpt>
      <trkpt lat="41.27654" lon="-8.28317">
        <ele>299.63</ele>
      </trkpt>
      <trkpt lat="41.2766" lon="-8.28317">
        <ele>300.28</ele>
      </trkpt>
      <trkpt lat="41.27672" lon="-8.28314">
        <ele>302.23</ele>
      </trkpt>
      <trkpt lat="41.27677" lon="-8.28315">
        <ele>303.35</ele>
      </trkpt>
      <trkpt lat="41.2769" lon="-8.28335">
        <ele>304.8</ele>
      </trkpt>
      <trkpt lat="41.27711" lon="-8.28364">
        <ele>303.39</ele>
      </trkpt>
      <trkpt lat="41.27717" lon="-8.28375">
        <ele>304.12</ele>
      </trkpt>
      <trkpt lat="41.27748" lon="-8.28418">
        <ele>307.9</ele>
      </trkpt>
      <trkpt lat="41.27759" lon="-8.28432">
        <ele>307.08</ele>
      </trkpt>
      <trkpt lat="41.27765" lon="-8.28434">
        <ele>306.13</ele>
      </trkpt>
      <trkpt lat="41.27773" lon="-8.28433">
        <ele>304.79</ele>
      </trkpt>
      <trkpt lat="41.27776" lon="-8.28432">
        <ele>304.29</ele>
      </trkpt>
      <trkpt lat="41.27779" lon="-8.28431">
        <ele>304.04</ele>
      </trkpt>
      <trkpt lat="41.27779" lon="-8.28427">
        <ele>304.04</ele>
      </trkpt>
      <trkpt lat="41.27791" lon="-8.28183">
        <ele>295.4</ele>
      </trkpt>
      <trkpt lat="41.2779" lon="-8.28176">
        <ele>295.43</ele>
      </trkpt>
      <trkpt lat="41.27785" lon="-8.28162">
        <ele>296</ele>
      </trkpt>
      <trkpt lat="41.27784" lon="-8.28152">
        <ele>296.22</ele>
      </trkpt>
      <trkpt lat="41.27798" lon="-8.28118">
        <ele>297.07</ele>
      </trkpt>
      <trkpt lat="41.27818" lon="-8.2809">
        <ele>291.44</ele>
      </trkpt>
      <trkpt lat="41.2788" lon="-8.27994">
        <ele>295.35</ele>
      </trkpt>
      <trkpt lat="41.27885" lon="-8.27981">
        <ele>294.77</ele>
      </trkpt>
      <trkpt lat="41.27892" lon="-8.27974">
        <ele>293.69</ele>
      </trkpt>
      <trkpt lat="41.27891" lon="-8.2797">
        <ele>293.73</ele>
      </trkpt>
      <trkpt lat="41.27893" lon="-8.27962">
        <ele>293.39</ele>
      </trkpt>
      <trkpt lat="41.27895" lon="-8.27959">
        <ele>292.86</ele>
      </trkpt>
      <trkpt lat="41.27898" lon="-8.27956">
        <ele>291.93</ele>
      </trkpt>
      <trkpt lat="41.27901" lon="-8.27955">
        <ele>290.98</ele>
      </trkpt>
      <trkpt lat="41.27907" lon="-8.27956">
        <ele>289.31</ele>
      </trkpt>
      <trkpt lat="41.27925" lon="-8.27955">
        <ele>285.6</ele>
      </trkpt>
      <trkpt lat="41.27942" lon="-8.27956">
        <ele>284.22</ele>
      </trkpt>
      <trkpt lat="41.28075" lon="-8.27903">
        <ele>278.91</ele>
      </trkpt>
      <trkpt lat="41.28096" lon="-8.27887">
        <ele>272.38</ele>
      </trkpt>
      <trkpt lat="41.28101" lon="-8.27877">
        <ele>272.74</ele>
      </trkpt>
      <trkpt lat="41.28106" lon="-8.27872">
        <ele>272.56</ele>
      </trkpt>
      <trkpt lat="41.28115" lon="-8.27867">
        <ele>271.69</ele>
      </trkpt>
      <trkpt lat="41.28118" lon="-8.27861">
        <ele>271.76</ele>
      </trkpt>
      <trkpt lat="41.28123" lon="-8.27852">
        <ele>270.35</ele>
      </trkpt>
      <trkpt lat="41.28129" lon="-8.2784">
        <ele>267.6</ele>
      </trkpt>
      <trkpt lat="41.2813" lon="-8.27816">
        <ele>267.22</ele>
      </trkpt>
      <trkpt lat="41.28123" lon="-8.27799">
        <ele>267.2</ele>
      </trkpt>
      <trkpt lat="41.281" lon="-8.2776">
        <ele>273.28</ele>
      </trkpt>
      <trkpt lat="41.2809" lon="-8.27735">
        <ele>274.98</ele>
      </trkpt>
      <trkpt lat="41.2809" lon="-8.27711">
        <ele>273.88</ele>
      </trkpt>
      <trkpt lat="41.28096" lon="-8.27684">
        <ele>272.29</ele>
      </trkpt>
      <trkpt lat="41.28109" lon="-8.27644">
        <ele>265.18</ele>
      </trkpt>
      <trkpt lat="41.28151" lon="-8.27528">
        <ele>252.73</ele>
      </trkpt>
      <trkpt lat="41.28165" lon="-8.27506">
        <ele>258.54</ele>
      </trkpt>
      <trkpt lat="41.28246" lon="-8.27405">
        <ele>267.2</ele>
      </trkpt>
      <trkpt lat="41.2825" lon="-8.274">
        <ele>266.4</ele>
      </trkpt>
      <trkpt lat="41.28266" lon="-8.27388">
        <ele>264.85</ele>
      </trkpt>
      <trkpt lat="41.28391" lon="-8.27336">
        <ele>271.22</ele>
      </trkpt>
      <trkpt lat="41.28464" lon="-8.27299">
        <ele>278.09</ele>
      </trkpt>
      <trkpt lat="41.28495" lon="-8.27281">
        <ele>275.98</ele>
      </trkpt>
      <trkpt lat="41.28522" lon="-8.2726">
        <ele>275.14</ele>
      </trkpt>
      <trkpt lat="41.28589" lon="-8.27199">
        <ele>285.9</ele>
      </trkpt>
      <trkpt lat="41.2862" lon="-8.27173">
        <ele>292</ele>
      </trkpt>
      <trkpt lat="41.28643" lon="-8.27166">
        <ele>290.89</ele>
      </trkpt>
      <trkpt lat="41.28666" lon="-8.2717">
        <ele>285.75</ele>
      </trkpt>
      <trkpt lat="41.28747" lon="-8.27196">
        <ele>285.86</ele>
      </trkpt>
      <trkpt lat="41.28763" lon="-8.27199">
        <ele>288.12</ele>
      </trkpt>
      <trkpt lat="41.28778" lon="-8.27193">
        <ele>290.87</ele>
      </trkpt>
      <trkpt lat="41.28793" lon="-8.27182">
        <ele>291.79</ele>
      </trkpt>
      <trkpt lat="41.28834" lon="-8.2714">
        <ele>288.09</ele>
      </trkpt>
      <trkpt lat="41.28844" lon="-8.2712">
        <ele>284.29</ele>
      </trkpt>
      <trkpt lat="41.28846" lon="-8.27116">
        <ele>283.41</ele>
      </trkpt>
      <trkpt lat="41.28849" lon="-8.2709">
        <ele>280.29</ele>
      </trkpt>
      <trkpt lat="41.28856" lon="-8.26984">
        <ele>288.6</ele>
      </trkpt>
      <trkpt lat="41.28856" lon="-8.26959">
        <ele>294.31</ele>
      </trkpt>
      <trkpt lat="41.28863" lon="-8.26941">
        <ele>296.95</ele>
      </trkpt>
      <trkpt lat="41.29008" lon="-8.26524">
        <ele>293.94</ele>
      </trkpt>
      <trkpt lat="41.29031" lon="-8.26468">
        <ele>295.7</ele>
      </trkpt>
      <trkpt lat="41.29067" lon="-8.26391">
        <ele>289.75</ele>
      </trkpt>
      <trkpt lat="41.29099" lon="-8.26317">
        <ele>289.69</ele>
      </trkpt>
      <trkpt lat="41.29146" lon="-8.26223">
        <ele>295.69</ele>
      </trkpt>
      <trkpt lat="41.29152" lon="-8.26211">
        <ele>294.95</ele>
      </trkpt>
      <trkpt lat="41.29209" lon="-8.26125">
        <ele>295.76</ele>
      </trkpt>
      <trkpt lat="41.29246" lon="-8.26078">
        <ele>290.48</ele>
      </trkpt>
      <trkpt lat="41.29269" lon="-8.26068">
        <ele>284.41</ele>
      </trkpt>
      <trkpt lat="41.29379" lon="-8.26037">
        <ele>282.11</ele>
      </trkpt>
      <trkpt lat="41.29397" lon="-8.26029">
        <ele>279.96</ele>
      </trkpt>
      <trkpt lat="41.29472" lon="-8.25992">
        <ele>267.06</ele>
      </trkpt>
      <trkpt lat="41.29495" lon="-8.25988">
        <ele>259.9</ele>
      </trkpt>
      <trkpt lat="41.29568" lon="-8.26015">
        <ele>257.66</ele>
      </trkpt>
      <trkpt lat="41.29579" lon="-8.26016">
        <ele>257.75</ele>
      </trkpt>
      <trkpt lat="41.29588" lon="-8.26017">
        <ele>257.29</ele>
      </trkpt>
      <trkpt lat="41.29639" lon="-8.26014">
        <ele>252.02</ele>
      </trkpt>
      <trkpt lat="41.29655" lon="-8.26004">
        <ele>250.66</ele>
      </trkpt>
      <trkpt lat="41.29663" lon="-8.25991">
        <ele>250.76</ele>
      </trkpt>
      <trkpt lat="41.29699" lon="-8.25914">
        <ele>253.86</ele>
      </trkpt>
      <trkpt lat="41.29712" lon="-8.25892">
        <ele>254.76</ele>
      </trkpt>
      <trkpt lat="41.29727" lon="-8.25879">
        <ele>258.07</ele>
      </trkpt>
      <trkpt lat="41.29812" lon="-8.25816">
        <ele>253.27</ele>
      </trkpt>
      <trkpt lat="41.29824" lon="-8.25815">
        <ele>248.95</ele>
      </trkpt>
      <trkpt lat="41.29832" lon="-8.25816">
        <ele>246.34</ele>
      </trkpt>
      <trkpt lat="41.29841" lon="-8.25825">
        <ele>245.62</ele>
      </trkpt>
      <trkpt lat="41.29862" lon="-8.25851">
        <ele>247.96</ele>
      </trkpt>
      <trkpt lat="41.29874" lon="-8.25856">
        <ele>249.01</ele>
      </trkpt>
      <trkpt lat="41.29886" lon="-8.25854">
        <ele>247.64</ele>
      </trkpt>
      <trkpt lat="41.29897" lon="-8.25846">
        <ele>247.65</ele>
      </trkpt>
      <trkpt lat="41.29978" lon="-8.25795">
        <ele>256.5</ele>
      </trkpt>
      <trkpt lat="41.29989" lon="-8.25784">
        <ele>257.68</ele>
      </trkpt>
      <trkpt lat="41.299888" lon="-8.257836">
        <ele>246.99</ele>
      </trkpt>
      <trkpt lat="41.300042" lon="-8.257562">
        <ele>248.72</ele>
      </trkpt>
      <trkpt lat="41.300436" lon="-8.25654">
        <ele>252.96</ele>
      </trkpt>
      <trkpt lat="41.300584" lon="-8.256292">
        <ele>253.19</ele>
      </trkpt>
      <trkpt lat="41.300891" lon="-8.256044">
        <ele>253.13</ele>
      </trkpt>
      <trkpt lat="41.301336" lon="-8.2557">
        <ele>254.58</ele>
      </trkpt>
      <trkpt lat="41.302002" lon="-8.255184">
        <ele>253.74</ele>
      </trkpt>
      <trkpt lat="41.30217" lon="-8.25509">
        <ele>253.93</ele>
      </trkpt>
      <trkpt lat="41.302389" lon="-8.25509">
        <ele>254.38</ele>
      </trkpt>
      <trkpt lat="41.303747" lon="-8.255025">
        <ele>252.31</ele>
      </trkpt>
      <trkpt lat="41.304344" lon="-8.255022">
        <ele>252.65</ele>
      </trkpt>
      <trkpt lat="41.304344" lon="-8.255022">
        <ele>252.65</ele>
      </trkpt>
      <trkpt lat="41.304575" lon="-8.255021">
        <ele>252.78</ele>
      </trkpt>
      <trkpt lat="41.304736" lon="-8.25497">
        <ele>253.41</ele>
      </trkpt>
      <trkpt lat="41.304859" lon="-8.254832">
        <ele>253.67</ele>
      </trkpt>
      <trkpt lat="41.305691" lon="-8.253622">
        <ele>257.83</ele>
      </trkpt>
      <trkpt lat="41.305832" lon="-8.253493">
        <ele>259.05</ele>
      </trkpt>
      <trkpt lat="41.306019" lon="-8.253382">
        <ele>261.89</ele>
      </trkpt>
      <trkpt lat="41.306509" lon="-8.253182">
        <ele>265.22</ele>
      </trkpt>
      <trkpt lat="41.306754" lon="-8.253081">
        <ele>264.85</ele>
      </trkpt>
      <trkpt lat="41.307444" lon="-8.252961">
        <ele>265.25</ele>
      </trkpt>
      <trkpt lat="41.30767" lon="-8.252867">
        <ele>266</ele>
      </trkpt>
      <trkpt lat="41.307921" lon="-8.252721">
        <ele>266.82</ele>
      </trkpt>
      <trkpt lat="41.30816" lon="-8.252614">
        <ele>267.01</ele>
      </trkpt>
      <trkpt lat="41.308399" lon="-8.252506">
        <ele>269.36</ele>
      </trkpt>
      <trkpt lat="41.30856" lon="-8.25246">
        <ele>271</ele>
      </trkpt>
      <trkpt lat="41.308705" lon="-8.252477">
        <ele>271.16</ele>
      </trkpt>
      <trkpt lat="41.308818" lon="-8.252584">
        <ele>271.31</ele>
      </trkpt>
      <trkpt lat="41.308922" lon="-8.252709">
        <ele>271.95</ele>
      </trkpt>
      <trkpt lat="41.309163" lon="-8.253093">
        <ele>273</ele>
      </trkpt>
      <trkpt lat="41.309288" lon="-8.253279">
        <ele>272.71</ele>
      </trkpt>
      <trkpt lat="41.309443" lon="-8.253313">
        <ele>272.47</ele>
      </trkpt>
      <trkpt lat="41.309622" lon="-8.253216">
        <ele>268.08</ele>
      </trkpt>
      <trkpt lat="41.309793" lon="-8.253062">
        <ele>263.77</ele>
      </trkpt>
      <trkpt lat="41.309896" lon="-8.252939">
        <ele>269.66</ele>
      </trkpt>
      <trkpt lat="41.309927" lon="-8.252842">
        <ele>272.3</ele>
      </trkpt>
      <trkpt lat="41.30993" lon="-8.252744">
        <ele>273.28</ele>
      </trkpt>
      <trkpt lat="41.30987" lon="-8.252437">
        <ele>274.93</ele>
      </trkpt>
      <trkpt lat="41.309849" lon="-8.252292">
        <ele>275</ele>
      </trkpt>
      <trkpt lat="41.309872" lon="-8.252144">
        <ele>275.46</ele>
      </trkpt>
      <trkpt lat="41.309876" lon="-8.252119">
        <ele>275.54</ele>
      </trkpt>
      <trkpt lat="41.309947" lon="-8.251951">
        <ele>275.42</ele>
      </trkpt>
      <trkpt lat="41.310198" lon="-8.251527">
        <ele>275.48</ele>
      </trkpt>
      <trkpt lat="41.310365" lon="-8.251279">
        <ele>278.76</ele>
      </trkpt>
      <trkpt lat="41.310977" lon="-8.25067">
        <ele>283.28</ele>
      </trkpt>
      <trkpt lat="41.311132" lon="-8.250472">
        <ele>284.86</ele>
      </trkpt>
      <trkpt lat="41.311261" lon="-8.250215">
        <ele>286.24</ele>
      </trkpt>
      <trkpt lat="41.311693" lon="-8.249417">
        <ele>289.8</ele>
      </trkpt>
      <trkpt lat="41.311725" lon="-8.249193">
        <ele>289.97</ele>
      </trkpt>
      <trkpt lat="41.31173" lon="-8.249015">
        <ele>290.03</ele>
      </trkpt>
      <trkpt lat="41.311712" lon="-8.24861">
        <ele>290.75</ele>
      </trkpt>
      <trkpt lat="41.311615" lon="-8.247466">
        <ele>290.12</ele>
      </trkpt>
      <trkpt lat="41.311458" lon="-8.24568">
        <ele>296.16</ele>
      </trkpt>
      <trkpt lat="41.311446" lon="-8.245205">
        <ele>297.85</ele>
      </trkpt>
      <trkpt lat="41.311408" lon="-8.244739">
        <ele>300.09</ele>
      </trkpt>
      <trkpt lat="41.31135" lon="-8.244401">
        <ele>299.16</ele>
      </trkpt>
      <trkpt lat="41.311279" lon="-8.244142">
        <ele>297.42</ele>
      </trkpt>
      <trkpt lat="41.310647" lon="-8.242038">
        <ele>293.32</ele>
      </trkpt>
      <trkpt lat="41.310575" lon="-8.24179">
        <ele>292.92</ele>
      </trkpt>
      <trkpt lat="41.310535" lon="-8.241609">
        <ele>292.77</ele>
      </trkpt>
      <trkpt lat="41.310541" lon="-8.241444">
        <ele>292.57</ele>
      </trkpt>
      <trkpt lat="41.310609" lon="-8.241268">
        <ele>292.22</ele>
      </trkpt>
      <trkpt lat="41.310918" lon="-8.240946">
        <ele>288.32</ele>
      </trkpt>
      <trkpt lat="41.311276" lon="-8.24058">
        <ele>286</ele>
      </trkpt>
      <trkpt lat="41.311361" lon="-8.240468">
        <ele>285.24</ele>
      </trkpt>
      <trkpt lat="41.311406" lon="-8.24039">
        <ele>284.98</ele>
      </trkpt>
      <trkpt lat="41.311464" lon="-8.240175">
        <ele>283.13</ele>
      </trkpt>
      <trkpt lat="41.311473" lon="-8.240098">
        <ele>282.94</ele>
      </trkpt>
      <trkpt lat="41.311523" lon="-8.239127">
        <ele>278.76</ele>
      </trkpt>
      <trkpt lat="41.31157" lon="-8.238838">
        <ele>277.71</ele>
      </trkpt>
      <trkpt lat="41.311663" lon="-8.238524">
        <ele>276.94</ele>
      </trkpt>
      <trkpt lat="41.311944" lon="-8.237821">
        <ele>273.65</ele>
      </trkpt>
      <trkpt lat="41.312568" lon="-8.236862">
        <ele>270.79</ele>
      </trkpt>
      <trkpt lat="41.312713" lon="-8.236653">
        <ele>269.65</ele>
      </trkpt>
      <trkpt lat="41.312847" lon="-8.236533">
        <ele>268.49</ele>
      </trkpt>
      <trkpt lat="41.31304" lon="-8.236448">
        <ele>267.78</ele>
      </trkpt>
      <trkpt lat="41.313923" lon="-8.236123">
        <ele>264.2</ele>
      </trkpt>
      <trkpt lat="41.31413" lon="-8.235967">
        <ele>264</ele>
      </trkpt>
      <trkpt lat="41.314265" lon="-8.235752">
        <ele>264.31</ele>
      </trkpt>
      <trkpt lat="41.314368" lon="-8.235529">
        <ele>263.11</ele>
      </trkpt>
      <trkpt lat="41.314562" lon="-8.23522">
        <ele>261.2</ele>
      </trkpt>
      <trkpt lat="41.314807" lon="-8.234945">
        <ele>260.14</ele>
      </trkpt>
      <trkpt lat="41.315116" lon="-8.234585">
        <ele>256.01</ele>
      </trkpt>
      <trkpt lat="41.315426" lon="-8.234345">
        <ele>253.48</ele>
      </trkpt>
      <trkpt lat="41.315806" lon="-8.234164">
        <ele>251.4</ele>
      </trkpt>
      <trkpt lat="41.31765" lon="-8.233418">
        <ele>248.82</ele>
      </trkpt>
      <trkpt lat="41.317824" lon="-8.23328">
        <ele>248.84</ele>
      </trkpt>
      <trkpt lat="41.318765" lon="-8.232147">
        <ele>250.54</ele>
      </trkpt>
      <trkpt lat="41.319068" lon="-8.23171">
        <ele>249.34</ele>
      </trkpt>
      <trkpt lat="41.319242" lon="-8.231504">
        <ele>248.28</ele>
      </trkpt>
      <trkpt lat="41.319416" lon="-8.231392">
        <ele>246.69</ele>
      </trkpt>
      <trkpt lat="41.32019" lon="-8.23098">
        <ele>245.21</ele>
      </trkpt>
      <trkpt lat="41.320422" lon="-8.230791">
        <ele>245.44</ele>
      </trkpt>
      <trkpt lat="41.32094" lon="-8.23016">
        <ele>246.16</ele>
      </trkpt>
      <trkpt lat="41.32094" lon="-8.23016">
        <ele>245.54</ele>
      </trkpt>
      <trkpt lat="41.32115" lon="-8.23004">
        <ele>245.03</ele>
      </trkpt>
      <trkpt lat="41.32133" lon="-8.23">
        <ele>247.94</ele>
      </trkpt>
      <trkpt lat="41.32176" lon="-8.22984">
        <ele>253.38</ele>
      </trkpt>
      <trkpt lat="41.32238" lon="-8.22966">
        <ele>254.65</ele>
      </trkpt>
      <trkpt lat="41.32258" lon="-8.22967">
        <ele>252.46</ele>
      </trkpt>
      <trkpt lat="41.32271" lon="-8.22975">
        <ele>250.41</ele>
      </trkpt>
      <trkpt lat="41.32283" lon="-8.22992">
        <ele>246.98</ele>
      </trkpt>
      <trkpt lat="41.32363" lon="-8.23089">
        <ele>234.2</ele>
      </trkpt>
      <trkpt lat="41.3238" lon="-8.231">
        <ele>234.6</ele>
      </trkpt>
      <trkpt lat="41.32396" lon="-8.23099">
        <ele>234.34</ele>
      </trkpt>
      <trkpt lat="41.32412" lon="-8.23094">
        <ele>233.36</ele>
      </trkpt>
      <trkpt lat="41.32525" lon="-8.23047">
        <ele>229.98</ele>
      </trkpt>
      <trkpt lat="41.32542" lon="-8.23033">
        <ele>229.3</ele>
      </trkpt>
      <trkpt lat="41.32605" lon="-8.22953">
        <ele>226.17</ele>
      </trkpt>
      <trkpt lat="41.32617" lon="-8.22941">
        <ele>227.31</ele>
      </trkpt>
      <trkpt lat="41.32628" lon="-8.22936">
        <ele>226.86</ele>
      </trkpt>
      <trkpt lat="41.32684" lon="-8.22931">
        <ele>227.37</ele>
      </trkpt>
      <trkpt lat="41.32724" lon="-8.22932">
        <ele>225.98</ele>
      </trkpt>
      <trkpt lat="41.32788" lon="-8.22942">
        <ele>225.43</ele>
      </trkpt>
      <trkpt lat="41.32801" lon="-8.2294">
        <ele>225.26</ele>
      </trkpt>
      <trkpt lat="41.32812" lon="-8.22936">
        <ele>224.83</ele>
      </trkpt>
      <trkpt lat="41.32825" lon="-8.22929">
        <ele>224.63</ele>
      </trkpt>
      <trkpt lat="41.32837" lon="-8.22915">
        <ele>225.35</ele>
      </trkpt>
      <trkpt lat="41.32848" lon="-8.22898">
        <ele>226.62</ele>
      </trkpt>
      <trkpt lat="41.32853" lon="-8.22886">
        <ele>227.35</ele>
      </trkpt>
      <trkpt lat="41.32885" lon="-8.22814">
        <ele>225.8</ele>
      </trkpt>
      <trkpt lat="41.32896" lon="-8.22799">
        <ele>227.35</ele>
      </trkpt>
      <trkpt lat="41.32911" lon="-8.22786">
        <ele>232.08</ele>
      </trkpt>
      <trkpt lat="41.32956" lon="-8.2276">
        <ele>230.9</ele>
      </trkpt>
      <trkpt lat="41.33014" lon="-8.22726">
        <ele>210.82</ele>
      </trkpt>
      <trkpt lat="41.33038" lon="-8.22718">
        <ele>205.44</ele>
      </trkpt>
      <trkpt lat="41.3319" lon="-8.22688">
        <ele>205.81</ele>
      </trkpt>
      <trkpt lat="41.33244" lon="-8.22678">
        <ele>213.21</ele>
      </trkpt>
      <trkpt lat="41.33262" lon="-8.22671">
        <ele>213.48</ele>
      </trkpt>
      <trkpt lat="41.33271" lon="-8.22659">
        <ele>213.24</ele>
      </trkpt>
      <trkpt lat="41.33277" lon="-8.22646">
        <ele>212.37</ele>
      </trkpt>
      <trkpt lat="41.33291" lon="-8.22614">
        <ele>217.62</ele>
      </trkpt>
      <trkpt lat="41.33302" lon="-8.22592">
        <ele>219.89</ele>
      </trkpt>
      <trkpt lat="41.3332" lon="-8.22574">
        <ele>219.62</ele>
      </trkpt>
      <trkpt lat="41.33377" lon="-8.22531">
        <ele>222.64</ele>
      </trkpt>
      <trkpt lat="41.3343" lon="-8.22488">
        <ele>224.17</ele>
      </trkpt>
      <trkpt lat="41.33435" lon="-8.22484">
        <ele>224.93</ele>
      </trkpt>
      <trkpt lat="41.33459" lon="-8.22473">
        <ele>227.89</ele>
      </trkpt>
      <trkpt lat="41.33488" lon="-8.22466">
        <ele>230.07</ele>
      </trkpt>
      <trkpt lat="41.33523" lon="-8.2246">
        <ele>233.2</ele>
      </trkpt>
      <trkpt lat="41.33646" lon="-8.22414">
        <ele>246.83</ele>
      </trkpt>
      <trkpt lat="41.33663" lon="-8.22408">
        <ele>248.63</ele>
      </trkpt>
      <trkpt lat="41.33676" lon="-8.22405">
        <ele>249.37</ele>
      </trkpt>
      <trkpt lat="41.33698" lon="-8.22412">
        <ele>245.7</ele>
      </trkpt>
      <trkpt lat="41.33731" lon="-8.22425">
        <ele>237.58</ele>
      </trkpt>
      <trkpt lat="41.33757" lon="-8.22428">
        <ele>237.21</ele>
      </trkpt>
      <trkpt lat="41.33785" lon="-8.22415">
        <ele>243.93</ele>
      </trkpt>
      <trkpt lat="41.33806" lon="-8.22403">
        <ele>250.96</ele>
      </trkpt>
      <trkpt lat="41.33865" lon="-8.22366">
        <ele>259.7</ele>
      </trkpt>
      <trkpt lat="41.33888" lon="-8.22354">
        <ele>258.07</ele>
      </trkpt>
      <trkpt lat="41.3392" lon="-8.22344">
        <ele>257.9</ele>
      </trkpt>
      <trkpt lat="41.3397" lon="-8.22334">
        <ele>257.17</ele>
      </trkpt>
      <trkpt lat="41.34098" lon="-8.22306">
        <ele>261.4</ele>
      </trkpt>
      <trkpt lat="41.34114" lon="-8.22298">
        <ele>262.98</ele>
      </trkpt>
      <trkpt lat="41.34132" lon="-8.22286">
        <ele>266.15</ele>
      </trkpt>
      <trkpt lat="41.34157" lon="-8.22258">
        <ele>267.69</ele>
      </trkpt>
      <trkpt lat="41.34191" lon="-8.22228">
        <ele>261.41</ele>
      </trkpt>
      <trkpt lat="41.3424" lon="-8.22177">
        <ele>272.09</ele>
      </trkpt>
      <trkpt lat="41.34258" lon="-8.22166">
        <ele>275.14</ele>
      </trkpt>
      <trkpt lat="41.34273" lon="-8.22164">
        <ele>273.52</ele>
      </trkpt>
      <trkpt lat="41.34315" lon="-8.22165">
        <ele>269.66</ele>
      </trkpt>
      <trkpt lat="41.34334" lon="-8.22161">
        <ele>269.01</ele>
      </trkpt>
      <trkpt lat="41.34349" lon="-8.22148">
        <ele>269.76</ele>
      </trkpt>
      <trkpt lat="41.34356" lon="-8.22141">
        <ele>270.51</ele>
      </trkpt>
      <trkpt lat="41.34362" lon="-8.2213">
        <ele>270.91</ele>
      </trkpt>
      <trkpt lat="41.34367" lon="-8.22107">
        <ele>270.93</ele>
      </trkpt>
      <trkpt lat="41.34367" lon="-8.22086">
        <ele>272.77</ele>
      </trkpt>
      <trkpt lat="41.34367" lon="-8.2205">
        <ele>278.3</ele>
      </trkpt>
      <trkpt lat="41.34365013827197" lon="-8.219685669150502">
        <ele>278.20069136753943</ele>
      </trkpt>
      <trkpt lat="41.343652" lon="-8.219686">
        <ele>276.38</ele>
      </trkpt>
      <trkpt lat="41.343641" lon="-8.219269">
        <ele>277.44</ele>
      </trkpt>
      <trkpt lat="41.343647" lon="-8.219158">
        <ele>277.41</ele>
      </trkpt>
      <trkpt lat="41.343631" lon="-8.218792">
        <ele>277.2</ele>
      </trkpt>
      <trkpt lat="41.343611" lon="-8.218681">
        <ele>277.03</ele>
      </trkpt>
      <trkpt lat="41.34362" lon="-8.21861">
        <ele>277.01</ele>
      </trkpt>
      <trkpt lat="41.343637" lon="-8.218554">
        <ele>277.07</ele>
      </trkpt>
      <trkpt lat="41.3437" lon="-8.218349">
        <ele>277.31</ele>
      </trkpt>
      <trkpt lat="41.343761" lon="-8.218222">
        <ele>277.71</ele>
      </trkpt>
      <trkpt lat="41.343872" lon="-8.218034">
        <ele>278.64</ele>
      </trkpt>
      <trkpt lat="41.344051" lon="-8.217767">
        <ele>279.66</ele>
      </trkpt>
      <trkpt lat="41.344050707312526" lon="-8.217766795870888">
        <ele>281.8263882925354</ele>
      </trkpt>
      <trkpt lat="41.34433" lon="-8.21736">
        <ele>283.49</ele>
      </trkpt>
      <trkpt lat="41.34623" lon="-8.21454">
        <ele>301.77</ele>
      </trkpt>
      <trkpt lat="41.34638" lon="-8.21442">
        <ele>303.34</ele>
      </trkpt>
      <trkpt lat="41.34657" lon="-8.21437">
        <ele>301.23</ele>
      </trkpt>
      <trkpt lat="41.34681" lon="-8.21439">
        <ele>301.64</ele>
      </trkpt>
      <trkpt lat="41.34703" lon="-8.21442">
        <ele>303.83</ele>
      </trkpt>
      <trkpt lat="41.34726" lon="-8.2145">
        <ele>307.52</ele>
      </trkpt>
      <trkpt lat="41.34772" lon="-8.21471">
        <ele>318.87</ele>
      </trkpt>
      <trkpt lat="41.34789" lon="-8.21468">
        <ele>319.2</ele>
      </trkpt>
      <trkpt lat="41.34806" lon="-8.21459">
        <ele>319.55</ele>
      </trkpt>
      <trkpt lat="41.34857" lon="-8.21418">
        <ele>323.43</ele>
      </trkpt>
      <trkpt lat="41.34866" lon="-8.21411">
        <ele>321.44</ele>
      </trkpt>
      <trkpt lat="41.35082" lon="-8.21347">
        <ele>307.83</ele>
      </trkpt>
      <trkpt lat="41.35103" lon="-8.21335">
        <ele>312.83</ele>
      </trkpt>
      <trkpt lat="41.35122" lon="-8.21317">
        <ele>318.14</ele>
      </trkpt>
      <trkpt lat="41.35175" lon="-8.21263">
        <ele>315.04</ele>
      </trkpt>
      <trkpt lat="41.3519" lon="-8.2125">
        <ele>310.8</ele>
      </trkpt>
      <trkpt lat="41.35204" lon="-8.21232">
        <ele>309.19</ele>
      </trkpt>
      <trkpt lat="41.35272" lon="-8.21096">
        <ele>312.8</ele>
      </trkpt>
      <trkpt lat="41.3528" lon="-8.21079">
        <ele>311.99</ele>
      </trkpt>
      <trkpt lat="41.35303" lon="-8.21009">
        <ele>314.19</ele>
      </trkpt>
      <trkpt lat="41.35324" lon="-8.20946">
        <ele>314.22</ele>
      </trkpt>
      <trkpt lat="41.35329" lon="-8.20934">
        <ele>314.04</ele>
      </trkpt>
      <trkpt lat="41.35341" lon="-8.20914">
        <ele>313.81</ele>
      </trkpt>
      <trkpt lat="41.35363" lon="-8.20885">
        <ele>312.27</ele>
      </trkpt>
      <trkpt lat="41.35466" lon="-8.2075">
        <ele>314.78</ele>
      </trkpt>
      <trkpt lat="41.35486" lon="-8.20727">
        <ele>311.53</ele>
      </trkpt>
      <trkpt lat="41.35512" lon="-8.20708">
        <ele>311.46</ele>
      </trkpt>
      <trkpt lat="41.35629" lon="-8.20629">
        <ele>301.52</ele>
      </trkpt>
      <trkpt lat="41.35639" lon="-8.20618">
        <ele>299.71</ele>
      </trkpt>
      <trkpt lat="41.35645" lon="-8.20607">
        <ele>295.43</ele>
      </trkpt>
      <trkpt lat="41.35646" lon="-8.206">
        <ele>292.86</ele>
      </trkpt>
      <trkpt lat="41.35645" lon="-8.20588">
        <ele>289.11</ele>
      </trkpt>
      <trkpt lat="41.35647" lon="-8.2058">
        <ele>286.78</ele>
      </trkpt>
      <trkpt lat="41.35651" lon="-8.20573">
        <ele>285.11</ele>
      </trkpt>
      <trkpt lat="41.35654" lon="-8.2057">
        <ele>284.25</ele>
      </trkpt>
      <trkpt lat="41.35658" lon="-8.20567">
        <ele>283.28</ele>
      </trkpt>
      <trkpt lat="41.35668" lon="-8.20567">
        <ele>282.51</ele>
      </trkpt>
      <trkpt lat="41.35674" lon="-8.20569">
        <ele>283.05</ele>
      </trkpt>
      <trkpt lat="41.35703" lon="-8.20581">
        <ele>285.47</ele>
      </trkpt>
      <trkpt lat="41.35712" lon="-8.20577">
        <ele>286.16</ele>
      </trkpt>
      <trkpt lat="41.35729" lon="-8.20568">
        <ele>287.11</ele>
      </trkpt>
      <trkpt lat="41.35738" lon="-8.2056">
        <ele>287.48</ele>
      </trkpt>
      <trkpt lat="41.35749" lon="-8.20553">
        <ele>288.34</ele>
      </trkpt>
      <trkpt lat="41.35763" lon="-8.20548">
        <ele>288.87</ele>
      </trkpt>
      <trkpt lat="41.35844" lon="-8.2053">
        <ele>286.4</ele>
      </trkpt>
      <trkpt lat="41.35925" lon="-8.2051">
        <ele>285.21</ele>
      </trkpt>
      <trkpt lat="41.35937" lon="-8.20496">
        <ele>283.38</ele>
      </trkpt>
      <trkpt lat="41.3594" lon="-8.20487">
        <ele>281.91</ele>
      </trkpt>
      <trkpt lat="41.35939" lon="-8.20479">
        <ele>281.16</ele>
      </trkpt>
      <trkpt lat="41.3594" lon="-8.20472">
        <ele>280.17</ele>
      </trkpt>
      <trkpt lat="41.35942" lon="-8.20465">
        <ele>281.32</ele>
      </trkpt>
      <trkpt lat="41.35945" lon="-8.20459">
        <ele>282.51</ele>
      </trkpt>
      <trkpt lat="41.35949" lon="-8.20455">
        <ele>284.48</ele>
      </trkpt>
      <trkpt lat="41.35954" lon="-8.20452">
        <ele>286</ele>
      </trkpt>
      <trkpt lat="41.35959" lon="-8.2045">
        <ele>287.01</ele>
      </trkpt>
      <trkpt lat="41.35963" lon="-8.20451">
        <ele>287.73</ele>
      </trkpt>
      <trkpt lat="41.35968" lon="-8.20452">
        <ele>288.79</ele>
      </trkpt>
      <trkpt lat="41.35974" lon="-8.20456">
        <ele>291.34</ele>
      </trkpt>
      <trkpt lat="41.35993" lon="-8.20449">
        <ele>300.6</ele>
      </trkpt>
      <trkpt lat="41.3603" lon="-8.20407">
        <ele>310.3</ele>
      </trkpt>
      <trkpt lat="41.3603" lon="-8.20407">
        <ele>310.3</ele>
      </trkpt>
      <trkpt lat="41.36271" lon="-8.20133">
        <ele>318</ele>
      </trkpt>
      <trkpt lat="41.36456" lon="-8.19918">
        <ele>323.81</ele>
      </trkpt>
      <trkpt lat="41.36456" lon="-8.19918">
        <ele>323.81</ele>
      </trkpt>
      <trkpt lat="41.36458" lon="-8.19915">
        <ele>323.67</ele>
      </trkpt>
      <trkpt lat="41.3647" lon="-8.19935">
        <ele>321.19</ele>
      </trkpt>
      <trkpt lat="41.36499" lon="-8.19976">
        <ele>320.99</ele>
      </trkpt>
      <trkpt lat="41.36556" lon="-8.20025">
        <ele>305</ele>
      </trkpt>
      <trkpt lat="41.36572" lon="-8.20039">
        <ele>303.45</ele>
      </trkpt>
      <trkpt lat="41.36578" lon="-8.20043">
        <ele>303.5</ele>
      </trkpt>
      <trkpt lat="41.36654" lon="-8.20112">
        <ele>301.36</ele>
      </trkpt>
      <trkpt lat="41.36899" lon="-8.20328">
        <ele>312.99</ele>
      </trkpt>
      <trkpt lat="41.36929" lon="-8.20354">
        <ele>312.31</ele>
      </trkpt>
      <trkpt lat="41.36944" lon="-8.2036">
        <ele>310.96</ele>
      </trkpt>
      <trkpt lat="41.36947" lon="-8.20357">
        <ele>310.41</ele>
      </trkpt>
      <trkpt lat="41.36952" lon="-8.20354">
        <ele>309.6</ele>
      </trkpt>
      <trkpt lat="41.36965" lon="-8.20331">
        <ele>306.33</ele>
      </trkpt>
      <trkpt lat="41.36962" lon="-8.20306">
        <ele>309.68</ele>
      </trkpt>
      <trkpt lat="41.36901" lon="-8.20135">
        <ele>312.58</ele>
      </trkpt>
      <trkpt lat="41.36807" lon="-8.19864">
        <ele>316.78</ele>
      </trkpt>
      <trkpt lat="41.36755" lon="-8.19719">
        <ele>335.92</ele>
      </trkpt>
      <trkpt lat="41.36749" lon="-8.19709">
        <ele>336.48</ele>
      </trkpt>
      <trkpt lat="41.36755" lon="-8.19623">
        <ele>336.38</ele>
      </trkpt>
      <trkpt lat="41.36794" lon="-8.19409">
        <ele>347.04</ele>
      </trkpt>
      <trkpt lat="41.36794" lon="-8.19389">
        <ele>349.32</ele>
      </trkpt>
      <trkpt lat="41.36789" lon="-8.19377">
        <ele>348.62</ele>
      </trkpt>
      <trkpt lat="41.36707" lon="-8.19239">
        <ele>344.28</ele>
      </trkpt>
      <trkpt lat="41.36699" lon="-8.1922">
        <ele>344.06</ele>
      </trkpt>
      <trkpt lat="41.36696" lon="-8.19204">
        <ele>344.62</ele>
      </trkpt>
      <trkpt lat="41.36695" lon="-8.19185">
        <ele>346.23</ele>
      </trkpt>
      <trkpt lat="41.36702" lon="-8.19138">
        <ele>356.02</ele>
      </trkpt>
      <trkpt lat="41.36702" lon="-8.19124">
        <ele>356.29</ele>
      </trkpt>
      <trkpt lat="41.36698" lon="-8.1911">
        <ele>356.5</ele>
      </trkpt>
      <trkpt lat="41.36691" lon="-8.19097">
        <ele>358.79</ele>
      </trkpt>
      <trkpt lat="41.36661" lon="-8.19072">
        <ele>355.69</ele>
      </trkpt>
      <trkpt lat="41.36651" lon="-8.19062">
        <ele>353.54</ele>
      </trkpt>
      <trkpt lat="41.36647" lon="-8.19053">
        <ele>352.36</ele>
      </trkpt>
      <trkpt lat="41.36645" lon="-8.19036">
        <ele>351.16</ele>
      </trkpt>
      <trkpt lat="41.36646" lon="-8.19023">
        <ele>351.48</ele>
      </trkpt>
      <trkpt lat="41.36651" lon="-8.18997">
        <ele>355.67</ele>
      </trkpt>
      <trkpt lat="41.36661" lon="-8.18967">
        <ele>362.67</ele>
      </trkpt>
      <trkpt lat="41.36677" lon="-8.18937">
        <ele>368.46</ele>
      </trkpt>
      <trkpt lat="41.36704" lon="-8.18911">
        <ele>370.72</ele>
      </trkpt>
      <trkpt lat="41.36713" lon="-8.18905">
        <ele>370.04</ele>
      </trkpt>
      <trkpt lat="41.36735" lon="-8.18889">
        <ele>368.1</ele>
      </trkpt>
      <trkpt lat="41.36764" lon="-8.18878">
        <ele>366.74</ele>
      </trkpt>
      <trkpt lat="41.368" lon="-8.18884">
        <ele>365.67</ele>
      </trkpt>
      <trkpt lat="41.3682" lon="-8.18889">
        <ele>361.86</ele>
      </trkpt>
      <trkpt lat="41.36835" lon="-8.18902">
        <ele>360.86</ele>
      </trkpt>
      <trkpt lat="41.36847" lon="-8.1892">
        <ele>365.51</ele>
      </trkpt>
      <trkpt lat="41.3687" lon="-8.18961">
        <ele>377.21</ele>
      </trkpt>
      <trkpt lat="41.3688" lon="-8.18973">
        <ele>378.03</ele>
      </trkpt>
      <trkpt lat="41.36887" lon="-8.18978">
        <ele>378.21</ele>
      </trkpt>
      <trkpt lat="41.36892" lon="-8.18979">
        <ele>378.55</ele>
      </trkpt>
      <trkpt lat="41.36899" lon="-8.18978">
        <ele>379.16</ele>
      </trkpt>
      <trkpt lat="41.36927" lon="-8.18964">
        <ele>379.93</ele>
      </trkpt>
      <trkpt lat="41.36969" lon="-8.18936">
        <ele>369.22</ele>
      </trkpt>
      <trkpt lat="41.3698" lon="-8.18932">
        <ele>366.7</ele>
      </trkpt>
      <trkpt lat="41.36988" lon="-8.18931">
        <ele>364.84</ele>
      </trkpt>
      <trkpt lat="41.37065" lon="-8.18933">
        <ele>362.38</ele>
      </trkpt>
      <trkpt lat="41.37081" lon="-8.18938">
        <ele>367.35</ele>
      </trkpt>
      <trkpt lat="41.37089" lon="-8.18944">
        <ele>366.72</ele>
      </trkpt>
      <trkpt lat="41.37122" lon="-8.18984">
        <ele>361.42</ele>
      </trkpt>
      <trkpt lat="41.37135" lon="-8.18989">
        <ele>363.31</ele>
      </trkpt>
      <trkpt lat="41.37148" lon="-8.18984">
        <ele>366.2</ele>
      </trkpt>
      <trkpt lat="41.37165" lon="-8.18975">
        <ele>371.69</ele>
      </trkpt>
      <trkpt lat="41.37181" lon="-8.18969">
        <ele>379.16</ele>
      </trkpt>
      <trkpt lat="41.37207" lon="-8.18968">
        <ele>387.53</ele>
      </trkpt>
      <trkpt lat="41.37244" lon="-8.1897">
        <ele>387.89</ele>
      </trkpt>
      <trkpt lat="41.3727" lon="-8.1898">
        <ele>387.51</ele>
      </trkpt>
      <trkpt lat="41.37299" lon="-8.18995">
        <ele>388.76</ele>
      </trkpt>
      <trkpt lat="41.3732" lon="-8.18995">
        <ele>385.74</ele>
      </trkpt>
      <trkpt lat="41.37341" lon="-8.18993">
        <ele>381.94</ele>
      </trkpt>
      <trkpt lat="41.37393" lon="-8.18981">
        <ele>381.94</ele>
      </trkpt>
      <trkpt lat="41.37405" lon="-8.18977">
        <ele>380.85</ele>
      </trkpt>
      <trkpt lat="41.37416" lon="-8.18969">
        <ele>378.78</ele>
      </trkpt>
      <trkpt lat="41.37422" lon="-8.18961">
        <ele>378.85</ele>
      </trkpt>
      <trkpt lat="41.37428" lon="-8.1895">
        <ele>378.95</ele>
      </trkpt>
      <trkpt lat="41.37435" lon="-8.18921">
        <ele>382.44</ele>
      </trkpt>
      <trkpt lat="41.37443" lon="-8.18863">
        <ele>388.83</ele>
      </trkpt>
      <trkpt lat="41.37457" lon="-8.1876">
        <ele>391.05</ele>
      </trkpt>
      <trkpt lat="41.37461" lon="-8.18742">
        <ele>392.69</ele>
      </trkpt>
      <trkpt lat="41.37497" lon="-8.18656">
        <ele>397.01</ele>
      </trkpt>
      <trkpt lat="41.37508" lon="-8.18634">
        <ele>398.74</ele>
      </trkpt>
      <trkpt lat="41.37532" lon="-8.18596">
        <ele>403.54</ele>
      </trkpt>
      <trkpt lat="41.37544" lon="-8.18568">
        <ele>405.66</ele>
      </trkpt>
      <trkpt lat="41.37603" lon="-8.18362">
        <ele>408.43</ele>
      </trkpt>
      <trkpt lat="41.37609" lon="-8.18335">
        <ele>408.78</ele>
      </trkpt>
      <trkpt lat="41.37611" lon="-8.18316">
        <ele>408.99</ele>
      </trkpt>
      <trkpt lat="41.37588" lon="-8.17928">
        <ele>433.08</ele>
      </trkpt>
      <trkpt lat="41.37591" lon="-8.17903">
        <ele>433.34</ele>
      </trkpt>
      <trkpt lat="41.37597" lon="-8.17883">
        <ele>432.12</ele>
      </trkpt>
      <trkpt lat="41.37651" lon="-8.17722">
        <ele>427.25</ele>
      </trkpt>
      <trkpt lat="41.3766" lon="-8.17674">
        <ele>424.98</ele>
      </trkpt>
      <trkpt lat="41.37687" lon="-8.17484">
        <ele>437</ele>
      </trkpt>
      <trkpt lat="41.37749" lon="-8.17026">
        <ele>447.83</ele>
      </trkpt>
      <trkpt lat="41.37754" lon="-8.17003">
        <ele>448.58</ele>
      </trkpt>
      <trkpt lat="41.37765" lon="-8.16978">
        <ele>453.3</ele>
      </trkpt>
      <trkpt lat="41.37778" lon="-8.16953">
        <ele>460.82</ele>
      </trkpt>
      <trkpt lat="41.37797" lon="-8.16931">
        <ele>466.21</ele>
      </trkpt>
      <trkpt lat="41.37807" lon="-8.16921">
        <ele>468.24</ele>
      </trkpt>
      <trkpt lat="41.37884" lon="-8.16844">
        <ele>460.48</ele>
      </trkpt>
      <trkpt lat="41.37974" lon="-8.16742">
        <ele>465.85</ele>
      </trkpt>
      <trkpt lat="41.38012" lon="-8.16703">
        <ele>475.23</ele>
      </trkpt>
      <trkpt lat="41.38045" lon="-8.16674">
        <ele>479.3</ele>
      </trkpt>
      <trkpt lat="41.38084" lon="-8.16651">
        <ele>473.24</ele>
      </trkpt>
      <trkpt lat="41.38204" lon="-8.16579">
        <ele>482.38</ele>
      </trkpt>
      <trkpt lat="41.38209" lon="-8.16575">
        <ele>481.32</ele>
      </trkpt>
      <trkpt lat="41.38213" lon="-8.16571">
        <ele>480.45</ele>
      </trkpt>
      <trkpt lat="41.382131" lon="-8.165711">
        <ele>478.96</ele>
      </trkpt>
      <trkpt lat="41.382134" lon="-8.165708">
        <ele>478.97</ele>
      </trkpt>
      <trkpt lat="41.382271" lon="-8.165534">
        <ele>479</ele>
      </trkpt>
      <trkpt lat="41.382351" lon="-8.165476">
        <ele>478.72</ele>
      </trkpt>
      <trkpt lat="41.382362" lon="-8.165465">
        <ele>478.67</ele>
      </trkpt>
      <trkpt lat="41.382411" lon="-8.165417">
        <ele>478.42</ele>
      </trkpt>
      <trkpt lat="41.382503" lon="-8.165403">
        <ele>478.36</ele>
      </trkpt>
      <trkpt lat="41.382667" lon="-8.165401">
        <ele>478.38</ele>
      </trkpt>
      <trkpt lat="41.38281" lon="-8.165428">
        <ele>478.7</ele>
      </trkpt>
      <trkpt lat="41.38281" lon="-8.16543">
        <ele>475.48</ele>
      </trkpt>
      <trkpt lat="41.38294" lon="-8.16543">
        <ele>474.03</ele>
      </trkpt>
      <trkpt lat="41.38331" lon="-8.16541">
        <ele>472.38</ele>
      </trkpt>
      <trkpt lat="41.38385" lon="-8.16537">
        <ele>472.66</ele>
      </trkpt>
      <trkpt lat="41.38589" lon="-8.16516">
        <ele>471.9</ele>
      </trkpt>
      <trkpt lat="41.38612" lon="-8.16524">
        <ele>471.34</ele>
      </trkpt>
      <trkpt lat="41.38633" lon="-8.16541">
        <ele>468.75</ele>
      </trkpt>
      <trkpt lat="41.38687" lon="-8.16588">
        <ele>468.44</ele>
      </trkpt>
      <trkpt lat="41.38697" lon="-8.16592">
        <ele>469.76</ele>
      </trkpt>
      <trkpt lat="41.38711" lon="-8.16593">
        <ele>470.88</ele>
      </trkpt>
      <trkpt lat="41.38844" lon="-8.16544">
        <ele>453.19</ele>
      </trkpt>
      <trkpt lat="41.38869" lon="-8.16535">
        <ele>448.92</ele>
      </trkpt>
      <trkpt lat="41.3888" lon="-8.16533">
        <ele>449.71</ele>
      </trkpt>
      <trkpt lat="41.38895" lon="-8.16534">
        <ele>451.36</ele>
      </trkpt>
      <trkpt lat="41.38908" lon="-8.16537">
        <ele>452.48</ele>
      </trkpt>
      <trkpt lat="41.38922" lon="-8.16546">
        <ele>452.42</ele>
      </trkpt>
      <trkpt lat="41.38951" lon="-8.16571">
        <ele>449.61</ele>
      </trkpt>
      <trkpt lat="41.38964" lon="-8.1658">
        <ele>448.06</ele>
      </trkpt>
      <trkpt lat="41.38973" lon="-8.16585">
        <ele>447.04</ele>
      </trkpt>
      <trkpt lat="41.38983" lon="-8.16586">
        <ele>446.14</ele>
      </trkpt>
      <trkpt lat="41.38991" lon="-8.16585">
        <ele>445.21</ele>
      </trkpt>
      <trkpt lat="41.39006" lon="-8.16577">
        <ele>445.21</ele>
      </trkpt>
      <trkpt lat="41.39017" lon="-8.16563">
        <ele>446.9</ele>
      </trkpt>
      <trkpt lat="41.39023" lon="-8.16545">
        <ele>447.04</ele>
      </trkpt>
      <trkpt lat="41.39027" lon="-8.16525">
        <ele>446.89</ele>
      </trkpt>
      <trkpt lat="41.39026" lon="-8.16511">
        <ele>446.78</ele>
      </trkpt>
      <trkpt lat="41.38983" lon="-8.16329">
        <ele>442.7</ele>
      </trkpt>
      <trkpt lat="41.38979" lon="-8.16304">
        <ele>444.34</ele>
      </trkpt>
      <trkpt lat="41.38983" lon="-8.16279">
        <ele>445.93</ele>
      </trkpt>
      <trkpt lat="41.38995" lon="-8.16255">
        <ele>444.8</ele>
      </trkpt>
      <trkpt lat="41.39042" lon="-8.1619">
        <ele>437.76</ele>
      </trkpt>
      <trkpt lat="41.39061" lon="-8.16153">
        <ele>435.52</ele>
      </trkpt>
      <trkpt lat="41.39107" lon="-8.16053">
        <ele>436</ele>
      </trkpt>
      <trkpt lat="41.39117" lon="-8.16034">
        <ele>434.04</ele>
      </trkpt>
      <trkpt lat="41.39125" lon="-8.16022">
        <ele>432.4</ele>
      </trkpt>
      <trkpt lat="41.39139" lon="-8.1601">
        <ele>430.99</ele>
      </trkpt>
      <trkpt lat="41.3915" lon="-8.16004">
        <ele>429.8</ele>
      </trkpt>
      <trkpt lat="41.39164" lon="-8.16001">
        <ele>428.29</ele>
      </trkpt>
      <trkpt lat="41.39176" lon="-8.16001">
        <ele>425.66</ele>
      </trkpt>
      <trkpt lat="41.39187" lon="-8.16003">
        <ele>422.96</ele>
      </trkpt>
      <trkpt lat="41.392" lon="-8.16009">
        <ele>419.92</ele>
      </trkpt>
      <trkpt lat="41.39208" lon="-8.16016">
        <ele>418.16</ele>
      </trkpt>
      <trkpt lat="41.3922" lon="-8.16031">
        <ele>415.68</ele>
      </trkpt>
      <trkpt lat="41.39235" lon="-8.16053">
        <ele>414.9</ele>
      </trkpt>
      <trkpt lat="41.39251" lon="-8.16083">
        <ele>416.86</ele>
      </trkpt>
      <trkpt lat="41.39258" lon="-8.161">
        <ele>417.24</ele>
      </trkpt>
      <trkpt lat="41.39263" lon="-8.16118">
        <ele>417.34</ele>
      </trkpt>
      <trkpt lat="41.39274" lon="-8.16167">
        <ele>414.86</ele>
      </trkpt>
      <trkpt lat="41.39279" lon="-8.16179">
        <ele>415.54</ele>
      </trkpt>
      <trkpt lat="41.39287" lon="-8.1619">
        <ele>415.2</ele>
      </trkpt>
      <trkpt lat="41.39295" lon="-8.16198">
        <ele>414.97</ele>
      </trkpt>
      <trkpt lat="41.39309" lon="-8.16203">
        <ele>414.65</ele>
      </trkpt>
      <trkpt lat="41.39317" lon="-8.16205">
        <ele>415.89</ele>
      </trkpt>
      <trkpt lat="41.39326" lon="-8.16204">
        <ele>416.21</ele>
      </trkpt>
      <trkpt lat="41.39368" lon="-8.16192">
        <ele>417.32</ele>
      </trkpt>
      <trkpt lat="41.39379" lon="-8.16191">
        <ele>414.76</ele>
      </trkpt>
      <trkpt lat="41.3939" lon="-8.16193">
        <ele>413.42</ele>
      </trkpt>
      <trkpt lat="41.39461" lon="-8.16229">
        <ele>422.28</ele>
      </trkpt>
      <trkpt lat="41.39583" lon="-8.16269">
        <ele>414.28</ele>
      </trkpt>
      <trkpt lat="41.39599" lon="-8.16269">
        <ele>412.12</ele>
      </trkpt>
      <trkpt lat="41.39618" lon="-8.16263">
        <ele>410.13</ele>
      </trkpt>
      <trkpt lat="41.39686" lon="-8.16219">
        <ele>405.64</ele>
      </trkpt>
      <trkpt lat="41.39704" lon="-8.16211">
        <ele>403.85</ele>
      </trkpt>
      <trkpt lat="41.39722" lon="-8.16206">
        <ele>402.84</ele>
      </trkpt>
      <trkpt lat="41.39789" lon="-8.16185">
        <ele>399.44</ele>
      </trkpt>
      <trkpt lat="41.3981" lon="-8.16181">
        <ele>396.28</ele>
      </trkpt>
      <trkpt lat="41.39831" lon="-8.16182">
        <ele>395.23</ele>
      </trkpt>
      <trkpt lat="41.39926" lon="-8.1621">
        <ele>392.28</ele>
      </trkpt>
      <trkpt lat="41.39946" lon="-8.16217">
        <ele>389.73</ele>
      </trkpt>
      <trkpt lat="41.39963" lon="-8.16219">
        <ele>390.82</ele>
      </trkpt>
      <trkpt lat="41.3998" lon="-8.16214">
        <ele>391.66</ele>
      </trkpt>
      <trkpt lat="41.39994" lon="-8.16202">
        <ele>393.9</ele>
      </trkpt>
      <trkpt lat="41.40023" lon="-8.16155">
        <ele>401.34</ele>
      </trkpt>
      <trkpt lat="41.40042" lon="-8.16136">
        <ele>399.9</ele>
      </trkpt>
      <trkpt lat="41.40055" lon="-8.16127">
        <ele>397.32</ele>
      </trkpt>
      <trkpt lat="41.40074" lon="-8.16123">
        <ele>394.91</ele>
      </trkpt>
      <trkpt lat="41.40112" lon="-8.1612">
        <ele>394.12</ele>
      </trkpt>
      <trkpt lat="41.40127" lon="-8.16122">
        <ele>393.33</ele>
      </trkpt>
      <trkpt lat="41.40175" lon="-8.16139">
        <ele>397.74</ele>
      </trkpt>
      <trkpt lat="41.40196" lon="-8.16138">
        <ele>404.27</ele>
      </trkpt>
      <trkpt lat="41.40214" lon="-8.16131">
        <ele>408.59</ele>
      </trkpt>
      <trkpt lat="41.40229" lon="-8.16116">
        <ele>411.75</ele>
      </trkpt>
      <trkpt lat="41.40271" lon="-8.1605">
        <ele>409.29</ele>
      </trkpt>
      <trkpt lat="41.40287" lon="-8.16038">
        <ele>408.58</ele>
      </trkpt>
      <trkpt lat="41.40299" lon="-8.16033">
        <ele>407.76</ele>
      </trkpt>
      <trkpt lat="41.40313" lon="-8.16034">
        <ele>407.45</ele>
      </trkpt>
      <trkpt lat="41.40387" lon="-8.16055">
        <ele>411.95</ele>
      </trkpt>
      <trkpt lat="41.40403" lon="-8.16056">
        <ele>411.52</ele>
      </trkpt>
      <trkpt lat="41.40415" lon="-8.1605">
        <ele>411.07</ele>
      </trkpt>
      <trkpt lat="41.40426" lon="-8.16039">
        <ele>411.54</ele>
      </trkpt>
      <trkpt lat="41.40475" lon="-8.15956">
        <ele>417.75</ele>
      </trkpt>
      <trkpt lat="41.40488" lon="-8.15944">
        <ele>418.75</ele>
      </trkpt>
      <trkpt lat="41.40591" lon="-8.1593">
        <ele>425.69</ele>
      </trkpt>
      <trkpt lat="41.4061" lon="-8.1592">
        <ele>425.29</ele>
      </trkpt>
      <trkpt lat="41.4063" lon="-8.15904">
        <ele>429.22</ele>
      </trkpt>
      <trkpt lat="41.40661" lon="-8.15883">
        <ele>429.4</ele>
      </trkpt>
      <trkpt lat="41.40681" lon="-8.15881">
        <ele>429.14</ele>
      </trkpt>
      <trkpt lat="41.40795" lon="-8.15907">
        <ele>427.74</ele>
      </trkpt>
      <trkpt lat="41.40803" lon="-8.1591">
        <ele>425.73</ele>
      </trkpt>
      <trkpt lat="41.40814" lon="-8.15918">
        <ele>423.97</ele>
      </trkpt>
      <trkpt lat="41.40824" lon="-8.1593">
        <ele>423.36</ele>
      </trkpt>
      <trkpt lat="41.4085" lon="-8.15963">
        <ele>427.8</ele>
      </trkpt>
      <trkpt lat="41.40857" lon="-8.15976">
        <ele>430.98</ele>
      </trkpt>
      <trkpt lat="41.40861" lon="-8.15986">
        <ele>434.44</ele>
      </trkpt>
      <trkpt lat="41.40864" lon="-8.15997">
        <ele>437.27</ele>
      </trkpt>
      <trkpt lat="41.40864" lon="-8.1601">
        <ele>437.96</ele>
      </trkpt>
      <trkpt lat="41.40862" lon="-8.16021">
        <ele>437.98</ele>
      </trkpt>
      <trkpt lat="41.40858" lon="-8.16032">
        <ele>436.91</ele>
      </trkpt>
      <trkpt lat="41.40849" lon="-8.16047">
        <ele>434.59</ele>
      </trkpt>
      <trkpt lat="41.40807" lon="-8.16092">
        <ele>429.16</ele>
      </trkpt>
      <trkpt lat="41.40795" lon="-8.1611">
        <ele>430.49</ele>
      </trkpt>
      <trkpt lat="41.40791" lon="-8.16125">
        <ele>432.6</ele>
      </trkpt>
      <trkpt lat="41.40789" lon="-8.16143">
        <ele>434.68</ele>
      </trkpt>
      <trkpt lat="41.40791" lon="-8.16162">
        <ele>436.08</ele>
      </trkpt>
      <trkpt lat="41.4081" lon="-8.16255">
        <ele>431.02</ele>
      </trkpt>
      <trkpt lat="41.40809" lon="-8.16319">
        <ele>437.2</ele>
      </trkpt>
      <trkpt lat="41.40814" lon="-8.16348">
        <ele>440.01</ele>
      </trkpt>
      <trkpt lat="41.40824" lon="-8.16367">
        <ele>444.74</ele>
      </trkpt>
      <trkpt lat="41.40844" lon="-8.16382">
        <ele>446.16</ele>
      </trkpt>
      <trkpt lat="41.40936" lon="-8.16428">
        <ele>433.99</ele>
      </trkpt>
      <trkpt lat="41.40947" lon="-8.16439">
        <ele>432.35</ele>
      </trkpt>
      <trkpt lat="41.40962" lon="-8.16469">
        <ele>431.79</ele>
      </trkpt>
      <trkpt lat="41.40979" lon="-8.16502">
        <ele>430.82</ele>
      </trkpt>
      <trkpt lat="41.41021" lon="-8.16576">
        <ele>421.02</ele>
      </trkpt>
      <trkpt lat="41.41032" lon="-8.16584">
        <ele>417.41</ele>
      </trkpt>
      <trkpt lat="41.41045" lon="-8.16589">
        <ele>416.33</ele>
      </trkpt>
      <trkpt lat="41.41061" lon="-8.16587">
        <ele>415.39</ele>
      </trkpt>
      <trkpt lat="41.41119" lon="-8.16559">
        <ele>415.54</ele>
      </trkpt>
      <trkpt lat="41.41131" lon="-8.16558">
        <ele>416.45</ele>
      </trkpt>
      <trkpt lat="41.41143" lon="-8.16564">
        <ele>417.12</ele>
      </trkpt>
      <trkpt lat="41.41156" lon="-8.16573">
        <ele>416.02</ele>
      </trkpt>
      <trkpt lat="41.4119" lon="-8.16642">
        <ele>413.28</ele>
      </trkpt>
      <trkpt lat="41.41208" lon="-8.16668">
        <ele>413.87</ele>
      </trkpt>
      <trkpt lat="41.41225" lon="-8.1669">
        <ele>415.15</ele>
      </trkpt>
      <trkpt lat="41.41271" lon="-8.16727">
        <ele>414.68</ele>
      </trkpt>
      <trkpt lat="41.41277" lon="-8.16739">
        <ele>413.79</ele>
      </trkpt>
      <trkpt lat="41.41283" lon="-8.16754">
        <ele>413.75</ele>
      </trkpt>
      <trkpt lat="41.41283" lon="-8.16798">
        <ele>416.31</ele>
      </trkpt>
      <trkpt lat="41.41284" lon="-8.16812">
        <ele>416.42</ele>
      </trkpt>
      <trkpt lat="41.41293" lon="-8.16832">
        <ele>417.83</ele>
      </trkpt>
      <trkpt lat="41.413" lon="-8.16839">
        <ele>419.64</ele>
      </trkpt>
      <trkpt lat="41.41308" lon="-8.16842">
        <ele>421.21</ele>
      </trkpt>
      <trkpt lat="41.41324" lon="-8.16842">
        <ele>422.58</ele>
      </trkpt>
      <trkpt lat="41.41339" lon="-8.16829">
        <ele>423.89</ele>
      </trkpt>
      <trkpt lat="41.41391" lon="-8.1677">
        <ele>412.47</ele>
      </trkpt>
      <trkpt lat="41.41403" lon="-8.16765">
        <ele>409.09</ele>
      </trkpt>
      <trkpt lat="41.41416" lon="-8.16766">
        <ele>407.44</ele>
      </trkpt>
      <trkpt lat="41.41453" lon="-8.16782">
        <ele>404.32</ele>
      </trkpt>
      <trkpt lat="41.41465" lon="-8.16787">
        <ele>405.74</ele>
      </trkpt>
      <trkpt lat="41.41474" lon="-8.16793">
        <ele>407.56</ele>
      </trkpt>
      <trkpt lat="41.41482" lon="-8.16801">
        <ele>410.27</ele>
      </trkpt>
      <trkpt lat="41.41487" lon="-8.16811">
        <ele>412</ele>
      </trkpt>
      <trkpt lat="41.41489" lon="-8.16818">
        <ele>412.58</ele>
      </trkpt>
      <trkpt lat="41.41496" lon="-8.16856">
        <ele>415.5</ele>
      </trkpt>
      <trkpt lat="41.41503" lon="-8.16907">
        <ele>413.48</ele>
      </trkpt>
      <trkpt lat="41.41506" lon="-8.1692">
        <ele>411.95</ele>
      </trkpt>
      <trkpt lat="41.41512" lon="-8.16931">
        <ele>409.93</ele>
      </trkpt>
      <trkpt lat="41.41519" lon="-8.16939">
        <ele>409.01</ele>
      </trkpt>
      <trkpt lat="41.41527" lon="-8.16943">
        <ele>409.05</ele>
      </trkpt>
      <trkpt lat="41.41536" lon="-8.16944">
        <ele>409.61</ele>
      </trkpt>
      <trkpt lat="41.41547" lon="-8.16939">
        <ele>410.5</ele>
      </trkpt>
      <trkpt lat="41.41579" lon="-8.16915">
        <ele>413.38</ele>
      </trkpt>
      <trkpt lat="41.416" lon="-8.16894">
        <ele>413.35</ele>
      </trkpt>
      <trkpt lat="41.41639" lon="-8.16845">
        <ele>405.11</ele>
      </trkpt>
      <trkpt lat="41.41677" lon="-8.16825">
        <ele>404.69</ele>
      </trkpt>
      <trkpt lat="41.41701" lon="-8.16811">
        <ele>402.03</ele>
      </trkpt>
      <trkpt lat="41.4172" lon="-8.16806">
        <ele>401.09</ele>
      </trkpt>
      <trkpt lat="41.41773" lon="-8.16802">
        <ele>408.14</ele>
      </trkpt>
      <trkpt lat="41.41788" lon="-8.16799">
        <ele>408.72</ele>
      </trkpt>
      <trkpt lat="41.41798" lon="-8.16791">
        <ele>407.92</ele>
      </trkpt>
      <trkpt lat="41.41809" lon="-8.1678">
        <ele>405.45</ele>
      </trkpt>
      <trkpt lat="41.41844" lon="-8.16718">
        <ele>394.25</ele>
      </trkpt>
      <trkpt lat="41.41849" lon="-8.16707">
        <ele>393.32</ele>
      </trkpt>
      <trkpt lat="41.41853" lon="-8.16693">
        <ele>391.64</ele>
      </trkpt>
      <trkpt lat="41.41869" lon="-8.16643">
        <ele>386.73</ele>
      </trkpt>
      <trkpt lat="41.41877" lon="-8.1663">
        <ele>385.52</ele>
      </trkpt>
      <trkpt lat="41.4189" lon="-8.16619">
        <ele>385.62</ele>
      </trkpt>
      <trkpt lat="41.41902" lon="-8.16617">
        <ele>386</ele>
      </trkpt>
      <trkpt lat="41.41962" lon="-8.16624">
        <ele>384.79</ele>
      </trkpt>
      <trkpt lat="41.41976" lon="-8.16633">
        <ele>382.37</ele>
      </trkpt>
      <trkpt lat="41.41985" lon="-8.16647">
        <ele>382.64</ele>
      </trkpt>
      <trkpt lat="41.41992" lon="-8.1667">
        <ele>385.22</ele>
      </trkpt>
      <trkpt lat="41.42005" lon="-8.16725">
        <ele>386.74</ele>
      </trkpt>
      <trkpt lat="41.42016" lon="-8.16741">
        <ele>385.75</ele>
      </trkpt>
      <trkpt lat="41.42057" lon="-8.16775">
        <ele>376.98</ele>
      </trkpt>
      <trkpt lat="41.42077" lon="-8.16788">
        <ele>378.76</ele>
      </trkpt>
      <trkpt lat="41.42096" lon="-8.1679">
        <ele>379.66</ele>
      </trkpt>
      <trkpt lat="41.42127" lon="-8.16781">
        <ele>378.07</ele>
      </trkpt>
      <trkpt lat="41.42152" lon="-8.16776">
        <ele>375.89</ele>
      </trkpt>
      <trkpt lat="41.42173" lon="-8.1678">
        <ele>375.44</ele>
      </trkpt>
      <trkpt lat="41.42241" lon="-8.16814">
        <ele>382.79</ele>
      </trkpt>
      <trkpt lat="41.42244" lon="-8.16814">
        <ele>382.49</ele>
      </trkpt>
      <trkpt lat="41.42263" lon="-8.16819">
        <ele>383.16</ele>
      </trkpt>
      <trkpt lat="41.42285" lon="-8.16813">
        <ele>383.21</ele>
      </trkpt>
      <trkpt lat="41.42305" lon="-8.16797">
        <ele>379.85</ele>
      </trkpt>
      <trkpt lat="41.42362" lon="-8.16731">
        <ele>372.81</ele>
      </trkpt>
      <trkpt lat="41.42394" lon="-8.16697">
        <ele>363.23</ele>
      </trkpt>
      <trkpt lat="41.4241" lon="-8.16686">
        <ele>359.65</ele>
      </trkpt>
      <trkpt lat="41.42435" lon="-8.16684">
        <ele>351.27</ele>
      </trkpt>
      <trkpt lat="41.42511" lon="-8.16706">
        <ele>355.82</ele>
      </trkpt>
      <trkpt lat="41.42542" lon="-8.16704">
        <ele>350.68</ele>
      </trkpt>
      <trkpt lat="41.42586" lon="-8.16696">
        <ele>343.42</ele>
      </trkpt>
      <trkpt lat="41.4261" lon="-8.16699">
        <ele>344.32</ele>
      </trkpt>
      <trkpt lat="41.42658" lon="-8.16717">
        <ele>341.78</ele>
      </trkpt>
      <trkpt lat="41.42854" lon="-8.16804">
        <ele>334.63</ele>
      </trkpt>
      <trkpt lat="41.42904" lon="-8.16826">
        <ele>337.89</ele>
      </trkpt>
      <trkpt lat="41.4293" lon="-8.16828">
        <ele>338.74</ele>
      </trkpt>
      <trkpt lat="41.43081" lon="-8.16771">
        <ele>323.65</ele>
      </trkpt>
      <trkpt lat="41.431" lon="-8.16773">
        <ele>323.88</ele>
      </trkpt>
      <trkpt lat="41.43118" lon="-8.16779">
        <ele>325.99</ele>
      </trkpt>
      <trkpt lat="41.43149" lon="-8.16794">
        <ele>336.49</ele>
      </trkpt>
      <trkpt lat="41.43177" lon="-8.16797">
        <ele>339.43</ele>
      </trkpt>
      <trkpt lat="41.43206" lon="-8.16791">
        <ele>330.37</ele>
      </trkpt>
      <trkpt lat="41.43242" lon="-8.16793">
        <ele>323.76</ele>
      </trkpt>
      <trkpt lat="41.43275" lon="-8.16805">
        <ele>324.15</ele>
      </trkpt>
      <trkpt lat="41.433" lon="-8.16812">
        <ele>324.84</ele>
      </trkpt>
      <trkpt lat="41.43326" lon="-8.16815">
        <ele>322.8</ele>
      </trkpt>
      <trkpt lat="41.43355" lon="-8.16811">
        <ele>325.58</ele>
      </trkpt>
      <trkpt lat="41.43396" lon="-8.16799">
        <ele>331.66</ele>
      </trkpt>
      <trkpt lat="41.43439" lon="-8.16759">
        <ele>327.45</ele>
      </trkpt>
      <trkpt lat="41.43456" lon="-8.16748">
        <ele>326.78</ele>
      </trkpt>
      <trkpt lat="41.43502" lon="-8.16742">
        <ele>324.56</ele>
      </trkpt>
      <trkpt lat="41.43517" lon="-8.16737">
        <ele>324.75</ele>
      </trkpt>
      <trkpt lat="41.43529" lon="-8.16728">
        <ele>323.53</ele>
      </trkpt>
      <trkpt lat="41.43576" lon="-8.16684">
        <ele>323.69</ele>
      </trkpt>
      <trkpt lat="41.43597" lon="-8.16674">
        <ele>322.24</ele>
      </trkpt>
      <trkpt lat="41.43622" lon="-8.16669">
        <ele>317.42</ele>
      </trkpt>
      <trkpt lat="41.43672" lon="-8.16676">
        <ele>311.05</ele>
      </trkpt>
      <trkpt lat="41.43768" lon="-8.1669">
        <ele>315.75</ele>
      </trkpt>
      <trkpt lat="41.43788" lon="-8.16702">
        <ele>313.87</ele>
      </trkpt>
      <trkpt lat="41.43849" lon="-8.16744">
        <ele>300.9</ele>
      </trkpt>
      <trkpt lat="41.43858" lon="-8.16748">
        <ele>298.79</ele>
      </trkpt>
      <trkpt lat="41.43869" lon="-8.1675">
        <ele>297.15</ele>
      </trkpt>
      <trkpt lat="41.43956" lon="-8.16762">
        <ele>297.97</ele>
      </trkpt>
      <trkpt lat="41.43977" lon="-8.16776">
        <ele>302.15</ele>
      </trkpt>
      <trkpt lat="41.44007" lon="-8.16798">
        <ele>307.89</ele>
      </trkpt>
      <trkpt lat="41.44016" lon="-8.16802">
        <ele>307.74</ele>
      </trkpt>
      <trkpt lat="41.44028" lon="-8.16802">
        <ele>307.64</ele>
      </trkpt>
      <trkpt lat="41.44039" lon="-8.16798">
        <ele>308.25</ele>
      </trkpt>
      <trkpt lat="41.4405" lon="-8.1679">
        <ele>309.35</ele>
      </trkpt>
      <trkpt lat="41.44058" lon="-8.16779">
        <ele>310.73</ele>
      </trkpt>
      <trkpt lat="41.44077" lon="-8.16748">
        <ele>310.91</ele>
      </trkpt>
      <trkpt lat="41.44108" lon="-8.1668">
        <ele>313.24</ele>
      </trkpt>
      <trkpt lat="41.4412" lon="-8.16668">
        <ele>315.13</ele>
      </trkpt>
      <trkpt lat="41.44148" lon="-8.16646">
        <ele>312.8</ele>
      </trkpt>
      <trkpt lat="41.44171" lon="-8.16629">
        <ele>307.25</ele>
      </trkpt>
      <trkpt lat="41.44179" lon="-8.16626">
        <ele>305.18</ele>
      </trkpt>
      <trkpt lat="41.44188" lon="-8.16627">
        <ele>302.83</ele>
      </trkpt>
      <trkpt lat="41.44205" lon="-8.16632">
        <ele>301.03</ele>
      </trkpt>
      <trkpt lat="41.44212" lon="-8.16637">
        <ele>301.19</ele>
      </trkpt>
      <trkpt lat="41.44218" lon="-8.16644">
        <ele>302.07</ele>
      </trkpt>
      <trkpt lat="41.44223" lon="-8.16651">
        <ele>303.27</ele>
      </trkpt>
      <trkpt lat="41.44227" lon="-8.16661">
        <ele>305.39</ele>
      </trkpt>
      <trkpt lat="41.44229" lon="-8.16674">
        <ele>308.21</ele>
      </trkpt>
      <trkpt lat="41.4423" lon="-8.16724">
        <ele>316.21</ele>
      </trkpt>
      <trkpt lat="41.44232" lon="-8.16742">
        <ele>316.41</ele>
      </trkpt>
      <trkpt lat="41.44233" lon="-8.1675">
        <ele>316.45</ele>
      </trkpt>
      <trkpt lat="41.44237" lon="-8.1676">
        <ele>314.82</ele>
      </trkpt>
      <trkpt lat="41.44248" lon="-8.16777">
        <ele>312.2</ele>
      </trkpt>
      <trkpt lat="41.4426" lon="-8.16786">
        <ele>310.16</ele>
      </trkpt>
      <trkpt lat="41.44306" lon="-8.16804">
        <ele>308.86</ele>
      </trkpt>
      <trkpt lat="41.44367" lon="-8.1683">
        <ele>312.85</ele>
      </trkpt>
      <trkpt lat="41.44392" lon="-8.16832">
        <ele>313.57</ele>
      </trkpt>
      <trkpt lat="41.44416" lon="-8.16831">
        <ele>318.61</ele>
      </trkpt>
      <trkpt lat="41.44439" lon="-8.16837">
        <ele>321.11</ele>
      </trkpt>
      <trkpt lat="41.44452" lon="-8.16846">
        <ele>322.55</ele>
      </trkpt>
      <trkpt lat="41.44482" lon="-8.16873">
        <ele>326.37</ele>
      </trkpt>
      <trkpt lat="41.44496" lon="-8.16887">
        <ele>330.18</ele>
      </trkpt>
      <trkpt lat="41.4452" lon="-8.16919">
        <ele>334.6</ele>
      </trkpt>
      <trkpt lat="41.44524" lon="-8.16922">
        <ele>334.79</ele>
      </trkpt>
      <trkpt lat="41.44528" lon="-8.16922">
        <ele>334.57</ele>
      </trkpt>
      <trkpt lat="41.44536" lon="-8.16916">
        <ele>333.92</ele>
      </trkpt>
      <trkpt lat="41.44545" lon="-8.16901">
        <ele>332.44</ele>
      </trkpt>
      <trkpt lat="41.44553" lon="-8.16882">
        <ele>329.9</ele>
      </trkpt>
      <trkpt lat="41.44553" lon="-8.16882">
        <ele>329.9</ele>
      </trkpt>
      <trkpt lat="41.44558" lon="-8.16853">
        <ele>322.13</ele>
      </trkpt>
      <trkpt lat="41.44559" lon="-8.1683">
        <ele>317.27</ele>
      </trkpt>
      <trkpt lat="41.44555" lon="-8.16804">
        <ele>313.83</ele>
      </trkpt>
      <trkpt lat="41.44485" lon="-8.16588">
        <ele>309.65</ele>
      </trkpt>
      <trkpt lat="41.44467" lon="-8.16526">
        <ele>317.48</ele>
      </trkpt>
      <trkpt lat="41.4446" lon="-8.16471">
        <ele>321.63</ele>
      </trkpt>
      <trkpt lat="41.44456" lon="-8.16456">
        <ele>322.42</ele>
      </trkpt>
      <trkpt lat="41.44451" lon="-8.16451">
        <ele>321.76</ele>
      </trkpt>
      <trkpt lat="41.44446" lon="-8.16445">
        <ele>321.31</ele>
      </trkpt>
      <trkpt lat="41.44443" lon="-8.16437">
        <ele>321.19</ele>
      </trkpt>
      <trkpt lat="41.44442" lon="-8.16429">
        <ele>321.54</ele>
      </trkpt>
      <trkpt lat="41.44443" lon="-8.1642">
        <ele>322.44</ele>
      </trkpt>
      <trkpt lat="41.44446" lon="-8.16412">
        <ele>324.27</ele>
      </trkpt>
      <trkpt lat="41.4445" lon="-8.16406">
        <ele>326.37</ele>
      </trkpt>
      <trkpt lat="41.44456" lon="-8.16401">
        <ele>328.68</ele>
      </trkpt>
      <trkpt lat="41.44464" lon="-8.16399">
        <ele>330.92</ele>
      </trkpt>
      <trkpt lat="41.44482" lon="-8.16381">
        <ele>336.36</ele>
      </trkpt>
      <trkpt lat="41.44513" lon="-8.16337">
        <ele>344.09</ele>
      </trkpt>
      <trkpt lat="41.44539" lon="-8.16314">
        <ele>346.8</ele>
      </trkpt>
      <trkpt lat="41.44689" lon="-8.16229">
        <ele>339.24</ele>
      </trkpt>
      <trkpt lat="41.44696" lon="-8.16222">
        <ele>339.07</ele>
      </trkpt>
      <trkpt lat="41.44698" lon="-8.16216">
        <ele>339.58</ele>
      </trkpt>
      <trkpt lat="41.44699" lon="-8.16208">
        <ele>340.19</ele>
      </trkpt>
      <trkpt lat="41.44701" lon="-8.16201">
        <ele>340.76</ele>
      </trkpt>
      <trkpt lat="41.44699" lon="-8.16186">
        <ele>341.57</ele>
      </trkpt>
      <trkpt lat="41.44698" lon="-8.16174">
        <ele>342.05</ele>
      </trkpt>
      <trkpt lat="41.4468" lon="-8.16134">
        <ele>343.18</ele>
      </trkpt>
      <trkpt lat="41.44665" lon="-8.16112">
        <ele>341.79</ele>
      </trkpt>
      <trkpt lat="41.4464" lon="-8.16078">
        <ele>341.57</ele>
      </trkpt>
      <trkpt lat="41.44629" lon="-8.1606">
        <ele>340.6</ele>
      </trkpt>
      <trkpt lat="41.44622" lon="-8.16042">
        <ele>341.5</ele>
      </trkpt>
      <trkpt lat="41.4462" lon="-8.1602">
        <ele>344.36</ele>
      </trkpt>
      <trkpt lat="41.44621" lon="-8.15958">
        <ele>352.65</ele>
      </trkpt>
      <trkpt lat="41.44618" lon="-8.15937">
        <ele>355.2</ele>
      </trkpt>
      <trkpt lat="41.4461" lon="-8.1592">
        <ele>357.36</ele>
      </trkpt>
      <trkpt lat="41.44599" lon="-8.15906">
        <ele>359.05</ele>
      </trkpt>
      <trkpt lat="41.44532" lon="-8.15851">
        <ele>363.31</ele>
      </trkpt>
      <trkpt lat="41.4452" lon="-8.15836">
        <ele>360.92</ele>
      </trkpt>
      <trkpt lat="41.44512" lon="-8.15814">
        <ele>359.43</ele>
      </trkpt>
      <trkpt lat="41.44503" lon="-8.15768">
        <ele>360.36</ele>
      </trkpt>
      <trkpt lat="41.44497" lon="-8.15734">
        <ele>360.35</ele>
      </trkpt>
      <trkpt lat="41.44495" lon="-8.15706">
        <ele>361.85</ele>
      </trkpt>
      <trkpt lat="41.44501" lon="-8.15673">
        <ele>367.13</ele>
      </trkpt>
      <trkpt lat="41.44537" lon="-8.15588">
        <ele>370.95</ele>
      </trkpt>
      <trkpt lat="41.44547" lon="-8.15573">
        <ele>369.09</ele>
      </trkpt>
      <trkpt lat="41.44558" lon="-8.15564">
        <ele>368.45</ele>
      </trkpt>
      <trkpt lat="41.44571" lon="-8.15559">
        <ele>369.1</ele>
      </trkpt>
      <trkpt lat="41.44615" lon="-8.15549">
        <ele>371.95</ele>
      </trkpt>
      <trkpt lat="41.44624" lon="-8.15545">
        <ele>370.58</ele>
      </trkpt>
      <trkpt lat="41.44636" lon="-8.15538">
        <ele>368.18</ele>
      </trkpt>
      <trkpt lat="41.44646" lon="-8.15526">
        <ele>368.11</ele>
      </trkpt>
      <trkpt lat="41.44654" lon="-8.15512">
        <ele>370.92</ele>
      </trkpt>
      <trkpt lat="41.44681" lon="-8.15452">
        <ele>377.25</ele>
      </trkpt>
      <trkpt lat="41.44687" lon="-8.15434">
        <ele>375.78</ele>
      </trkpt>
      <trkpt lat="41.44689" lon="-8.15416">
        <ele>374.39</ele>
      </trkpt>
      <trkpt lat="41.44686" lon="-8.15397">
        <ele>374.39</ele>
      </trkpt>
      <trkpt lat="41.44669" lon="-8.1531">
        <ele>380.54</ele>
      </trkpt>
      <trkpt lat="41.44666" lon="-8.1529">
        <ele>382.12</ele>
      </trkpt>
      <trkpt lat="41.44667" lon="-8.15268">
        <ele>383.03</ele>
      </trkpt>
      <trkpt lat="41.4467" lon="-8.15249">
        <ele>383.58</ele>
      </trkpt>
      <trkpt lat="41.44689" lon="-8.15185">
        <ele>390.22</ele>
      </trkpt>
      <trkpt lat="41.44695" lon="-8.1516">
        <ele>391.12</ele>
      </trkpt>
      <trkpt lat="41.44698" lon="-8.15142">
        <ele>388.75</ele>
      </trkpt>
      <trkpt lat="41.44697" lon="-8.15125">
        <ele>388.13</ele>
      </trkpt>
      <trkpt lat="41.44693" lon="-8.15111">
        <ele>387.84</ele>
      </trkpt>
      <trkpt lat="41.44686" lon="-8.151">
        <ele>386.84</ele>
      </trkpt>
      <trkpt lat="41.4465" lon="-8.15054">
        <ele>386.1</ele>
      </trkpt>
      <trkpt lat="41.44613" lon="-8.1501">
        <ele>386.74</ele>
      </trkpt>
      <trkpt lat="41.44606" lon="-8.15001">
        <ele>386.07</ele>
      </trkpt>
      <trkpt lat="41.446" lon="-8.14992">
        <ele>386</ele>
      </trkpt>
      <trkpt lat="41.44595" lon="-8.14974">
        <ele>386</ele>
      </trkpt>
      <trkpt lat="41.44586" lon="-8.14895">
        <ele>391.46</ele>
      </trkpt>
      <trkpt lat="41.4458" lon="-8.14854">
        <ele>393.6</ele>
      </trkpt>
      <trkpt lat="41.44577" lon="-8.14812">
        <ele>394.61</ele>
      </trkpt>
      <trkpt lat="41.44579" lon="-8.14768">
        <ele>397.48</ele>
      </trkpt>
      <trkpt lat="41.44607" lon="-8.1464">
        <ele>405.3</ele>
      </trkpt>
      <trkpt lat="41.44609" lon="-8.14624">
        <ele>407.26</ele>
      </trkpt>
      <trkpt lat="41.44609" lon="-8.14613">
        <ele>408.42</ele>
      </trkpt>
      <trkpt lat="41.44605" lon="-8.14592">
        <ele>407.82</ele>
      </trkpt>
      <trkpt lat="41.44522" lon="-8.1438">
        <ele>410.57</ele>
      </trkpt>
      <trkpt lat="41.44522" lon="-8.1438">
        <ele>410.57</ele>
      </trkpt>
      <trkpt lat="41.44513" lon="-8.14357">
        <ele>412.98</ele>
      </trkpt>
      <trkpt lat="41.44508" lon="-8.1433">
        <ele>416.14</ele>
      </trkpt>
      <trkpt lat="41.44506" lon="-8.1431">
        <ele>418.67</ele>
      </trkpt>
      <trkpt lat="41.4451" lon="-8.14224">
        <ele>424.51</ele>
      </trkpt>
      <trkpt lat="41.44514" lon="-8.14173">
        <ele>425.23</ele>
      </trkpt>
      <trkpt lat="41.44514" lon="-8.14151">
        <ele>426.41</ele>
      </trkpt>
      <trkpt lat="41.44511" lon="-8.14125">
        <ele>428.11</ele>
      </trkpt>
      <trkpt lat="41.44489" lon="-8.14017">
        <ele>429.19</ele>
      </trkpt>
      <trkpt lat="41.44471" lon="-8.13896">
        <ele>437.11</ele>
      </trkpt>
      <trkpt lat="41.44468" lon="-8.13866">
        <ele>441.75</ele>
      </trkpt>
      <trkpt lat="41.44471" lon="-8.13844">
        <ele>445.27</ele>
      </trkpt>
      <trkpt lat="41.44475" lon="-8.13829">
        <ele>446.87</ele>
      </trkpt>
      <trkpt lat="41.44482" lon="-8.13813">
        <ele>447.08</ele>
      </trkpt>
      <trkpt lat="41.44547" lon="-8.13688">
        <ele>455</ele>
      </trkpt>
      <trkpt lat="41.44552" lon="-8.13668">
        <ele>453.56</ele>
      </trkpt>
      <trkpt lat="41.44554" lon="-8.1365">
        <ele>452.09</ele>
      </trkpt>
      <trkpt lat="41.44553" lon="-8.13632">
        <ele>451.75</ele>
      </trkpt>
      <trkpt lat="41.4455" lon="-8.13616">
        <ele>452.69</ele>
      </trkpt>
      <trkpt lat="41.44542" lon="-8.13595">
        <ele>453.39</ele>
      </trkpt>
      <trkpt lat="41.44529" lon="-8.13575">
        <ele>453.94</ele>
      </trkpt>
      <trkpt lat="41.44511" lon="-8.13559">
        <ele>456.11</ele>
      </trkpt>
      <trkpt lat="41.44505" lon="-8.13556">
        <ele>456.51</ele>
      </trkpt>
      <trkpt lat="41.44511" lon="-8.13544">
        <ele>455.8</ele>
      </trkpt>
      <trkpt lat="41.44505" lon="-8.13556">
        <ele>456.51</ele>
      </trkpt>
      <trkpt lat="41.44488" lon="-8.13551">
        <ele>456.11</ele>
      </trkpt>
      <trkpt lat="41.44472" lon="-8.1355">
        <ele>454.98</ele>
      </trkpt>
      <trkpt lat="41.44458" lon="-8.13554">
        <ele>455.02</ele>
      </trkpt>
      <trkpt lat="41.44446" lon="-8.13561">
        <ele>456.06</ele>
      </trkpt>
      <trkpt lat="41.44413" lon="-8.13584">
        <ele>459.32</ele>
      </trkpt>
      <trkpt lat="41.44397" lon="-8.13593">
        <ele>462</ele>
      </trkpt>
      <trkpt lat="41.44363" lon="-8.13606">
        <ele>462.2</ele>
      </trkpt>
      <trkpt lat="41.44223" lon="-8.13629">
        <ele>461.18</ele>
      </trkpt>
      <trkpt lat="41.44201" lon="-8.1363">
        <ele>461.36</ele>
      </trkpt>
      <trkpt lat="41.44186" lon="-8.1363">
        <ele>461.14</ele>
      </trkpt>
      <trkpt lat="41.4417" lon="-8.13627">
        <ele>460.89</ele>
      </trkpt>
      <trkpt lat="41.44158" lon="-8.13622">
        <ele>461.22</ele>
      </trkpt>
      <trkpt lat="41.44146" lon="-8.13615">
        <ele>461.72</ele>
      </trkpt>
      <trkpt lat="41.44108" lon="-8.13584">
        <ele>463.99</ele>
      </trkpt>
      <trkpt lat="41.44095" lon="-8.13576">
        <ele>464.15</ele>
      </trkpt>
      <trkpt lat="41.4404" lon="-8.13559">
        <ele>463.49</ele>
      </trkpt>
      <trkpt lat="41.43989" lon="-8.13542">
        <ele>465.58</ele>
      </trkpt>
      <trkpt lat="41.43932" lon="-8.13529">
        <ele>467.3</ele>
      </trkpt>
      <trkpt lat="41.43872" lon="-8.13522">
        <ele>470.01</ele>
      </trkpt>
      <trkpt lat="41.43859" lon="-8.13523">
        <ele>471.18</ele>
      </trkpt>
      <trkpt lat="41.43846" lon="-8.13528">
        <ele>472.14</ele>
      </trkpt>
      <trkpt lat="41.43828" lon="-8.1354">
        <ele>474.46</ele>
      </trkpt>
      <trkpt lat="41.43794" lon="-8.1357">
        <ele>476.32</ele>
      </trkpt>
      <trkpt lat="41.43773" lon="-8.1358">
        <ele>476.94</ele>
      </trkpt>
      <trkpt lat="41.43758" lon="-8.13583">
        <ele>477.48</ele>
      </trkpt>
      <trkpt lat="41.43739" lon="-8.13583">
        <ele>480.04</ele>
      </trkpt>
      <trkpt lat="41.43695" lon="-8.13569">
        <ele>485.98</ele>
      </trkpt>
      <trkpt lat="41.43666" lon="-8.13559">
        <ele>481.93</ele>
      </trkpt>
      <trkpt lat="41.43649" lon="-8.13551">
        <ele>480.52</ele>
      </trkpt>
      <trkpt lat="41.43633" lon="-8.13538">
        <ele>480.39</ele>
      </trkpt>
      <trkpt lat="41.43623" lon="-8.1352">
        <ele>482.14</ele>
      </trkpt>
      <trkpt lat="41.43619" lon="-8.13501">
        <ele>485.11</ele>
      </trkpt>
      <trkpt lat="41.43619" lon="-8.13479">
        <ele>490.58</ele>
      </trkpt>
      <trkpt lat="41.43622" lon="-8.13462">
        <ele>494.02</ele>
      </trkpt>
      <trkpt lat="41.43628" lon="-8.13447">
        <ele>495.85</ele>
      </trkpt>
      <trkpt lat="41.4364" lon="-8.13432">
        <ele>496.44</ele>
      </trkpt>
      <trkpt lat="41.43654" lon="-8.13424">
        <ele>498.7</ele>
      </trkpt>
      <trkpt lat="41.4372" lon="-8.13407">
        <ele>504.31</ele>
      </trkpt>
      <trkpt lat="41.43732" lon="-8.13401">
        <ele>505.96</ele>
      </trkpt>
      <trkpt lat="41.43743" lon="-8.13392">
        <ele>508.05</ele>
      </trkpt>
      <trkpt lat="41.43752" lon="-8.1338">
        <ele>508.34</ele>
      </trkpt>
      <trkpt lat="41.4376" lon="-8.1336">
        <ele>507.35</ele>
      </trkpt>
      <trkpt lat="41.43767" lon="-8.13333">
        <ele>507.13</ele>
      </trkpt>
      <trkpt lat="41.4377" lon="-8.13228">
        <ele>513.23</ele>
      </trkpt>
      <trkpt lat="41.4377" lon="-8.13171">
        <ele>515.13</ele>
      </trkpt>
      <trkpt lat="41.43767" lon="-8.13139">
        <ele>515.33</ele>
      </trkpt>
      <trkpt lat="41.4376" lon="-8.13096">
        <ele>520.95</ele>
      </trkpt>
      <trkpt lat="41.43758" lon="-8.13069">
        <ele>525.2</ele>
      </trkpt>
      <trkpt lat="41.43762" lon="-8.13049">
        <ele>527.79</ele>
      </trkpt>
      <trkpt lat="41.43771" lon="-8.13026">
        <ele>531.14</ele>
      </trkpt>
      <trkpt lat="41.43786" lon="-8.13006">
        <ele>529.9</ele>
      </trkpt>
      <trkpt lat="41.43816" lon="-8.12974">
        <ele>526.36</ele>
      </trkpt>
      <trkpt lat="41.43826" lon="-8.12962">
        <ele>525.69</ele>
      </trkpt>
      <trkpt lat="41.43834" lon="-8.1295">
        <ele>525.51</ele>
      </trkpt>
      <trkpt lat="41.4384" lon="-8.1293">
        <ele>525.16</ele>
      </trkpt>
      <trkpt lat="41.43843" lon="-8.12913">
        <ele>524.48</ele>
      </trkpt>
      <trkpt lat="41.43844" lon="-8.1289">
        <ele>523.5</ele>
      </trkpt>
      <trkpt lat="41.43842" lon="-8.12844">
        <ele>523.25</ele>
      </trkpt>
      <trkpt lat="41.43842" lon="-8.12822">
        <ele>523.54</ele>
      </trkpt>
      <trkpt lat="41.43847" lon="-8.12797">
        <ele>523.66</ele>
      </trkpt>
      <trkpt lat="41.43858" lon="-8.12767">
        <ele>523.36</ele>
      </trkpt>
      <trkpt lat="41.43909" lon="-8.12639">
        <ele>522.35</ele>
      </trkpt>
      <trkpt lat="41.43918" lon="-8.12623">
        <ele>525.69</ele>
      </trkpt>
      <trkpt lat="41.43921" lon="-8.12619">
        <ele>527.17</ele>
      </trkpt>
      <trkpt lat="41.43929" lon="-8.12609">
        <ele>531.33</ele>
      </trkpt>
      <trkpt lat="41.43976" lon="-8.12578">
        <ele>543.22</ele>
      </trkpt>
      <trkpt lat="41.44035" lon="-8.12553">
        <ele>543.91</ele>
      </trkpt>
      <trkpt lat="41.44096" lon="-8.12531">
        <ele>542.91</ele>
      </trkpt>
      <trkpt lat="41.44116" lon="-8.12516">
        <ele>543.42</ele>
      </trkpt>
      <trkpt lat="41.44126" lon="-8.12502">
        <ele>542.65</ele>
      </trkpt>
      <trkpt lat="41.44136" lon="-8.12483">
        <ele>541.3</ele>
      </trkpt>
      <trkpt lat="41.44146" lon="-8.12456">
        <ele>537.64</ele>
      </trkpt>
      <trkpt lat="41.44149" lon="-8.1243">
        <ele>535.45</ele>
      </trkpt>
      <trkpt lat="41.44149" lon="-8.12411">
        <ele>534.34</ele>
      </trkpt>
      <trkpt lat="41.44144" lon="-8.12384">
        <ele>532.1</ele>
      </trkpt>
      <trkpt lat="41.44134" lon="-8.12356">
        <ele>536.35</ele>
      </trkpt>
      <trkpt lat="41.44098" lon="-8.1229">
        <ele>552.18</ele>
      </trkpt>
      <trkpt lat="41.44089" lon="-8.12267">
        <ele>553.08</ele>
      </trkpt>
      <trkpt lat="41.44067" lon="-8.12146">
        <ele>557.75</ele>
      </trkpt>
      <trkpt lat="41.44065" lon="-8.12113">
        <ele>558.64</ele>
      </trkpt>
      <trkpt lat="41.44069" lon="-8.12097">
        <ele>559.52</ele>
      </trkpt>
      <trkpt lat="41.44076" lon="-8.12077">
        <ele>560.57</ele>
      </trkpt>
      <trkpt lat="41.44258" lon="-8.11798">
        <ele>564.04</ele>
      </trkpt>
      <trkpt lat="41.44266" lon="-8.11781">
        <ele>563.07</ele>
      </trkpt>
      <trkpt lat="41.44272" lon="-8.11764">
        <ele>562.43</ele>
      </trkpt>
      <trkpt lat="41.44273" lon="-8.11752">
        <ele>562.63</ele>
      </trkpt>
      <trkpt lat="41.44268" lon="-8.11722">
        <ele>564.7</ele>
      </trkpt>
      <trkpt lat="41.44243" lon="-8.11639">
        <ele>566</ele>
      </trkpt>
      <trkpt lat="41.44236" lon="-8.11609">
        <ele>569.71</ele>
      </trkpt>
      <trkpt lat="41.44233" lon="-8.11579">
        <ele>573.4</ele>
      </trkpt>
      <trkpt lat="41.44236" lon="-8.11548">
        <ele>575.99</ele>
      </trkpt>
      <trkpt lat="41.44248" lon="-8.11481">
        <ele>578.6</ele>
      </trkpt>
      <trkpt lat="41.44287" lon="-8.11285">
        <ele>590.41</ele>
      </trkpt>
      <trkpt lat="41.44296" lon="-8.11244">
        <ele>591.13</ele>
      </trkpt>
      <trkpt lat="41.44302" lon="-8.11202">
        <ele>591.92</ele>
      </trkpt>
      <trkpt lat="41.44309" lon="-8.11132">
        <ele>592.85</ele>
      </trkpt>
      <trkpt lat="41.4431" lon="-8.11116">
        <ele>591.79</ele>
      </trkpt>
      <trkpt lat="41.44309" lon="-8.11101">
        <ele>592.04</ele>
      </trkpt>
      <trkpt lat="41.44305" lon="-8.11081">
        <ele>593.1</ele>
      </trkpt>
      <trkpt lat="41.4427" lon="-8.10999">
        <ele>600.34</ele>
      </trkpt>
      <trkpt lat="41.44263" lon="-8.10972">
        <ele>602.01</ele>
      </trkpt>
      <trkpt lat="41.44263" lon="-8.10947">
        <ele>602.97</ele>
      </trkpt>
      <trkpt lat="41.44271" lon="-8.10921">
        <ele>604.59</ele>
      </trkpt>
      <trkpt lat="41.44298" lon="-8.10869">
        <ele>606.25</ele>
      </trkpt>
      <trkpt lat="41.44303" lon="-8.10849">
        <ele>607.15</ele>
      </trkpt>
      <trkpt lat="41.44306" lon="-8.10811">
        <ele>607.92</ele>
      </trkpt>
      <trkpt lat="41.44308" lon="-8.10769">
        <ele>608.57</ele>
      </trkpt>
      <trkpt lat="41.44311" lon="-8.10743">
        <ele>611.38</ele>
      </trkpt>
      <trkpt lat="41.44319" lon="-8.10714">
        <ele>616.61</ele>
      </trkpt>
      <trkpt lat="41.44396" lon="-8.10586">
        <ele>624.37</ele>
      </trkpt>
      <trkpt lat="41.44405" lon="-8.10575">
        <ele>621.79</ele>
      </trkpt>
      <trkpt lat="41.44479" lon="-8.10525">
        <ele>627.64</ele>
      </trkpt>
      <trkpt lat="41.44491" lon="-8.10508">
        <ele>627.84</ele>
      </trkpt>
      <trkpt lat="41.44497" lon="-8.10484">
        <ele>628.62</ele>
      </trkpt>
      <trkpt lat="41.44514" lon="-8.10351">
        <ele>626.63</ele>
      </trkpt>
      <trkpt lat="41.44517" lon="-8.10318">
        <ele>625.45</ele>
      </trkpt>
      <trkpt lat="41.44515" lon="-8.10289">
        <ele>624.68</ele>
      </trkpt>
      <trkpt lat="41.44509" lon="-8.10261">
        <ele>625.08</ele>
      </trkpt>
      <trkpt lat="41.44498" lon="-8.10239">
        <ele>625.75</ele>
      </trkpt>
      <trkpt lat="41.44473" lon="-8.1021">
        <ele>626.52</ele>
      </trkpt>
      <trkpt lat="41.44445" lon="-8.10182">
        <ele>632.86</ele>
      </trkpt>
      <trkpt lat="41.44423" lon="-8.10158">
        <ele>639.64</ele>
      </trkpt>
      <trkpt lat="41.44413" lon="-8.10138">
        <ele>641.92</ele>
      </trkpt>
      <trkpt lat="41.44407" lon="-8.10113">
        <ele>643.44</ele>
      </trkpt>
      <trkpt lat="41.44407" lon="-8.10094">
        <ele>643.84</ele>
      </trkpt>
      <trkpt lat="41.44411" lon="-8.1007">
        <ele>643.61</ele>
      </trkpt>
      <trkpt lat="41.44421" lon="-8.10049">
        <ele>643.28</ele>
      </trkpt>
      <trkpt lat="41.44437" lon="-8.10031">
        <ele>644.1</ele>
      </trkpt>
      <trkpt lat="41.44482" lon="-8.10004">
        <ele>651.74</ele>
      </trkpt>
      <trkpt lat="41.44502" lon="-8.09988">
        <ele>655.83</ele>
      </trkpt>
      <trkpt lat="41.4451" lon="-8.09978">
        <ele>656.3</ele>
      </trkpt>
      <trkpt lat="41.44517" lon="-8.09962">
        <ele>656.39</ele>
      </trkpt>
      <trkpt lat="41.44523" lon="-8.09928">
        <ele>654.5</ele>
      </trkpt>
      <trkpt lat="41.4452" lon="-8.099">
        <ele>652.53</ele>
      </trkpt>
      <trkpt lat="41.44512" lon="-8.09868">
        <ele>654.21</ele>
      </trkpt>
      <trkpt lat="41.44509" lon="-8.09851">
        <ele>656.37</ele>
      </trkpt>
      <trkpt lat="41.44509" lon="-8.09825">
        <ele>659.51</ele>
      </trkpt>
      <trkpt lat="41.44527" lon="-8.09752">
        <ele>655.38</ele>
      </trkpt>
      <trkpt lat="41.44531" lon="-8.09724">
        <ele>652.68</ele>
      </trkpt>
      <trkpt lat="41.44531" lon="-8.09688">
        <ele>654.58</ele>
      </trkpt>
      <trkpt lat="41.4452" lon="-8.09575">
        <ele>655.96</ele>
      </trkpt>
      <trkpt lat="41.44516" lon="-8.09549">
        <ele>655.62</ele>
      </trkpt>
      <trkpt lat="41.44509" lon="-8.09526">
        <ele>657.2</ele>
      </trkpt>
      <trkpt lat="41.44496" lon="-8.09505">
        <ele>662.64</ele>
      </trkpt>
      <trkpt lat="41.44489" lon="-8.09495">
        <ele>663.44</ele>
      </trkpt>
      <trkpt lat="41.44444" lon="-8.09457">
        <ele>657.98</ele>
      </trkpt>
      <trkpt lat="41.44415" lon="-8.09435">
        <ele>657.62</ele>
      </trkpt>
      <trkpt lat="41.44389" lon="-8.09409">
        <ele>659.11</ele>
      </trkpt>
      <trkpt lat="41.44373" lon="-8.09388">
        <ele>660.38</ele>
      </trkpt>
      <trkpt lat="41.44323" lon="-8.09308">
        <ele>659.09</ele>
      </trkpt>
      <trkpt lat="41.44138" lon="-8.09015">
        <ele>675.97</ele>
      </trkpt>
      <trkpt lat="41.44126" lon="-8.08988">
        <ele>680.52</ele>
      </trkpt>
      <trkpt lat="41.44123" lon="-8.08973">
        <ele>681.94</ele>
      </trkpt>
      <trkpt lat="41.44122" lon="-8.08952">
        <ele>682.29</ele>
      </trkpt>
      <trkpt lat="41.44139" lon="-8.08815">
        <ele>682.99</ele>
      </trkpt>
      <trkpt lat="41.44146" lon="-8.08784">
        <ele>685.67</ele>
      </trkpt>
      <trkpt lat="41.44166" lon="-8.08732">
        <ele>685.63</ele>
      </trkpt>
      <trkpt lat="41.44283" lon="-8.08466">
        <ele>697.81</ele>
      </trkpt>
      <trkpt lat="41.44291" lon="-8.08444">
        <ele>695.44</ele>
      </trkpt>
      <trkpt lat="41.44297" lon="-8.08417">
        <ele>694.1</ele>
      </trkpt>
      <trkpt lat="41.443" lon="-8.08384">
        <ele>693.24</ele>
      </trkpt>
      <trkpt lat="41.44298" lon="-8.08359">
        <ele>693.34</ele>
      </trkpt>
      <trkpt lat="41.44294" lon="-8.08275">
        <ele>695.01</ele>
      </trkpt>
      <trkpt lat="41.44287" lon="-8.08119">
        <ele>697.36</ele>
      </trkpt>
      <trkpt lat="41.44282" lon="-8.08097">
        <ele>695.25</ele>
      </trkpt>
      <trkpt lat="41.44273" lon="-8.0807">
        <ele>694.23</ele>
      </trkpt>
      <trkpt lat="41.44229" lon="-8.0797">
        <ele>697.73</ele>
      </trkpt>
      <trkpt lat="41.44224" lon="-8.07953">
        <ele>699.9</ele>
      </trkpt>
      <trkpt lat="41.44221" lon="-8.0794">
        <ele>701.23</ele>
      </trkpt>
      <trkpt lat="41.4422" lon="-8.07923">
        <ele>702.38</ele>
      </trkpt>
      <trkpt lat="41.4422" lon="-8.07903">
        <ele>701.9</ele>
      </trkpt>
      <trkpt lat="41.44224" lon="-8.07882">
        <ele>700.38</ele>
      </trkpt>
      <trkpt lat="41.44232" lon="-8.07847">
        <ele>697.28</ele>
      </trkpt>
      <trkpt lat="41.44242" lon="-8.07795">
        <ele>697.32</ele>
      </trkpt>
      <trkpt lat="41.44264" lon="-8.07704">
        <ele>699.66</ele>
      </trkpt>
      <trkpt lat="41.44279" lon="-8.07645">
        <ele>696.26</ele>
      </trkpt>
      <trkpt lat="41.44288" lon="-8.07606">
        <ele>692.53</ele>
      </trkpt>
      <trkpt lat="41.44319" lon="-8.07488">
        <ele>683.38</ele>
      </trkpt>
      <trkpt lat="41.4435" lon="-8.07363">
        <ele>684.57</ele>
      </trkpt>
      <trkpt lat="41.44361" lon="-8.07335">
        <ele>686.88</ele>
      </trkpt>
      <trkpt lat="41.44376" lon="-8.07316">
        <ele>687.69</ele>
      </trkpt>
      <trkpt lat="41.4439" lon="-8.07302">
        <ele>689.12</ele>
      </trkpt>
      <trkpt lat="41.44505" lon="-8.07253">
        <ele>695.15</ele>
      </trkpt>
      <trkpt lat="41.44522" lon="-8.0724">
        <ele>694.62</ele>
      </trkpt>
      <trkpt lat="41.44536" lon="-8.07227">
        <ele>696.25</ele>
      </trkpt>
      <trkpt lat="41.4456" lon="-8.07176">
        <ele>701.9</ele>
      </trkpt>
      <trkpt lat="41.44573" lon="-8.07143">
        <ele>701.96</ele>
      </trkpt>
      <trkpt lat="41.44584" lon="-8.07123">
        <ele>702.59</ele>
      </trkpt>
      <trkpt lat="41.44592" lon="-8.07112">
        <ele>703.27</ele>
      </trkpt>
      <trkpt lat="41.44608" lon="-8.07097">
        <ele>704.34</ele>
      </trkpt>
      <trkpt lat="41.44627" lon="-8.07087">
        <ele>705.44</ele>
      </trkpt>
      <trkpt lat="41.44659" lon="-8.07078">
        <ele>709.55</ele>
      </trkpt>
      <trkpt lat="41.44734" lon="-8.07067">
        <ele>709.37</ele>
      </trkpt>
      <trkpt lat="41.44827" lon="-8.07049">
        <ele>709.81</ele>
      </trkpt>
      <trkpt lat="41.44846" lon="-8.0704">
        <ele>713.28</ele>
      </trkpt>
      <trkpt lat="41.44863" lon="-8.07026">
        <ele>715.96</ele>
      </trkpt>
      <trkpt lat="41.44877" lon="-8.07008">
        <ele>716.64</ele>
      </trkpt>
      <trkpt lat="41.44884" lon="-8.0699">
        <ele>716.69</ele>
      </trkpt>
      <trkpt lat="41.44892" lon="-8.06958">
        <ele>715</ele>
      </trkpt>
      <trkpt lat="41.44892" lon="-8.06934">
        <ele>713.21</ele>
      </trkpt>
      <trkpt lat="41.44876" lon="-8.06753">
        <ele>697.92</ele>
      </trkpt>
      <trkpt lat="41.44875" lon="-8.06724">
        <ele>696.56</ele>
      </trkpt>
      <trkpt lat="41.44876" lon="-8.06685">
        <ele>695.59</ele>
      </trkpt>
      <trkpt lat="41.44882" lon="-8.06668">
        <ele>694.4</ele>
      </trkpt>
      <trkpt lat="41.44909" lon="-8.06621">
        <ele>690.88</ele>
      </trkpt>
      <trkpt lat="41.44925" lon="-8.06598">
        <ele>691.56</ele>
      </trkpt>
      <trkpt lat="41.4494" lon="-8.06562">
        <ele>692.06</ele>
      </trkpt>
      <trkpt lat="41.4497" lon="-8.06477">
        <ele>684.9</ele>
      </trkpt>
      <trkpt lat="41.44984" lon="-8.06418">
        <ele>682.07</ele>
      </trkpt>
      <trkpt lat="41.44992" lon="-8.06368">
        <ele>678.46</ele>
      </trkpt>
      <trkpt lat="41.44995" lon="-8.06345">
        <ele>677.66</ele>
      </trkpt>
      <trkpt lat="41.44999" lon="-8.06328">
        <ele>677.27</ele>
      </trkpt>
      <trkpt lat="41.45002" lon="-8.06322">
        <ele>676.96</ele>
      </trkpt>
      <trkpt lat="41.45033" lon="-8.06275">
        <ele>676.26</ele>
      </trkpt>
      <trkpt lat="41.45045" lon="-8.06254">
        <ele>677.75</ele>
      </trkpt>
      <trkpt lat="41.45053" lon="-8.06227">
        <ele>679.91</ele>
      </trkpt>
      <trkpt lat="41.45062" lon="-8.06186">
        <ele>677.86</ele>
      </trkpt>
      <trkpt lat="41.45066" lon="-8.06173">
        <ele>677.31</ele>
      </trkpt>
      <trkpt lat="41.45075" lon="-8.06158">
        <ele>676.13</ele>
      </trkpt>
      <trkpt lat="41.45105" lon="-8.06123">
        <ele>669.89</ele>
      </trkpt>
      <trkpt lat="41.45121" lon="-8.06104">
        <ele>666.77</ele>
      </trkpt>
      <trkpt lat="41.45156" lon="-8.06033">
        <ele>661.96</ele>
      </trkpt>
      <trkpt lat="41.45165" lon="-8.06023">
        <ele>661.54</ele>
      </trkpt>
      <trkpt lat="41.45171" lon="-8.06018">
        <ele>660.98</ele>
      </trkpt>
      <trkpt lat="41.45182" lon="-8.06014">
        <ele>659.9</ele>
      </trkpt>
      <trkpt lat="41.45222" lon="-8.06006">
        <ele>660.5</ele>
      </trkpt>
      <trkpt lat="41.45233" lon="-8.06003">
        <ele>659.71</ele>
      </trkpt>
      <trkpt lat="41.45241" lon="-8.05998">
        <ele>658.74</ele>
      </trkpt>
      <trkpt lat="41.45249" lon="-8.05992">
        <ele>658.12</ele>
      </trkpt>
      <trkpt lat="41.45262" lon="-8.05975">
        <ele>657.6</ele>
      </trkpt>
      <trkpt lat="41.45287" lon="-8.05922">
        <ele>656.04</ele>
      </trkpt>
      <trkpt lat="41.45298" lon="-8.05907">
        <ele>653.66</ele>
      </trkpt>
      <trkpt lat="41.45309" lon="-8.05896">
        <ele>653.41</ele>
      </trkpt>
      <trkpt lat="41.45362" lon="-8.05873">
        <ele>652.74</ele>
      </trkpt>
      <trkpt lat="41.45373" lon="-8.05864">
        <ele>652.48</ele>
      </trkpt>
      <trkpt lat="41.45386" lon="-8.05848">
        <ele>652.55</ele>
      </trkpt>
      <trkpt lat="41.45394" lon="-8.05834">
        <ele>652.79</ele>
      </trkpt>
      <trkpt lat="41.45399" lon="-8.05802">
        <ele>648.1</ele>
      </trkpt>
      <trkpt lat="41.45408" lon="-8.05773">
        <ele>644.4</ele>
      </trkpt>
      <trkpt lat="41.45416" lon="-8.05751">
        <ele>643.87</ele>
      </trkpt>
      <trkpt lat="41.4543" lon="-8.05732">
        <ele>641.19</ele>
      </trkpt>
      <trkpt lat="41.4545" lon="-8.05718">
        <ele>640.37</ele>
      </trkpt>
      <trkpt lat="41.45491" lon="-8.05696">
        <ele>639.29</ele>
      </trkpt>
      <trkpt lat="41.45504" lon="-8.05686">
        <ele>636.41</ele>
      </trkpt>
      <trkpt lat="41.45516" lon="-8.05672">
        <ele>630.52</ele>
      </trkpt>
      <trkpt lat="41.45522" lon="-8.05659">
        <ele>627.73</ele>
      </trkpt>
      <trkpt lat="41.45524" lon="-8.05653">
        <ele>626.93</ele>
      </trkpt>
      <trkpt lat="41.45524" lon="-8.05627">
        <ele>623.41</ele>
      </trkpt>
      <trkpt lat="41.45519" lon="-8.05608">
        <ele>621.1</ele>
      </trkpt>
      <trkpt lat="41.45485" lon="-8.05546">
        <ele>616.23</ele>
      </trkpt>
      <trkpt lat="41.45452" lon="-8.05481">
        <ele>617.57</ele>
      </trkpt>
      <trkpt lat="41.45441" lon="-8.05457">
        <ele>617.72</ele>
      </trkpt>
      <trkpt lat="41.45439" lon="-8.05438">
        <ele>618.69</ele>
      </trkpt>
      <trkpt lat="41.4544" lon="-8.05425">
        <ele>619.33</ele>
      </trkpt>
      <trkpt lat="41.45443" lon="-8.05411">
        <ele>619.9</ele>
      </trkpt>
      <trkpt lat="41.45454" lon="-8.05392">
        <ele>620.12</ele>
      </trkpt>
      <trkpt lat="41.45488" lon="-8.05352">
        <ele>614.21</ele>
      </trkpt>
      <trkpt lat="41.45498" lon="-8.05337">
        <ele>613.09</ele>
      </trkpt>
      <trkpt lat="41.45526" lon="-8.05275">
        <ele>615.36</ele>
      </trkpt>
      <trkpt lat="41.4554" lon="-8.05255">
        <ele>615.56</ele>
      </trkpt>
      <trkpt lat="41.4555" lon="-8.05247">
        <ele>617.3</ele>
      </trkpt>
      <trkpt lat="41.45595" lon="-8.05231">
        <ele>620.69</ele>
      </trkpt>
      <trkpt lat="41.45606" lon="-8.05224">
        <ele>620.9</ele>
      </trkpt>
      <trkpt lat="41.45615" lon="-8.05214">
        <ele>621.27</ele>
      </trkpt>
      <trkpt lat="41.45662" lon="-8.05129">
        <ele>620.94</ele>
      </trkpt>
      <trkpt lat="41.45696" lon="-8.05082">
        <ele>615.25</ele>
      </trkpt>
      <trkpt lat="41.45705" lon="-8.05063">
        <ele>614.56</ele>
      </trkpt>
      <trkpt lat="41.45708" lon="-8.05047">
        <ele>612.86</ele>
      </trkpt>
      <trkpt lat="41.45698" lon="-8.04942">
        <ele>611.54</ele>
      </trkpt>
      <trkpt lat="41.4569" lon="-8.04897">
        <ele>609.35</ele>
      </trkpt>
      <trkpt lat="41.45661" lon="-8.04806">
        <ele>612.18</ele>
      </trkpt>
      <trkpt lat="41.45654" lon="-8.04778">
        <ele>610.64</ele>
      </trkpt>
      <trkpt lat="41.45653" lon="-8.04755">
        <ele>608.04</ele>
      </trkpt>
      <trkpt lat="41.45654" lon="-8.04737">
        <ele>605.93</ele>
      </trkpt>
      <trkpt lat="41.45684" lon="-8.04637">
        <ele>595.46</ele>
      </trkpt>
      <trkpt lat="41.45697" lon="-8.04609">
        <ele>593.49</ele>
      </trkpt>
      <trkpt lat="41.45731" lon="-8.04558">
        <ele>589.84</ele>
      </trkpt>
      <trkpt lat="41.45745" lon="-8.0453">
        <ele>586.96</ele>
      </trkpt>
      <trkpt lat="41.45747" lon="-8.04517">
        <ele>586.23</ele>
      </trkpt>
      <trkpt lat="41.45748" lon="-8.04492">
        <ele>583.88</ele>
      </trkpt>
      <trkpt lat="41.45703" lon="-8.04293">
        <ele>573.52</ele>
      </trkpt>
      <trkpt lat="41.45703" lon="-8.04273">
        <ele>574.79</ele>
      </trkpt>
      <trkpt lat="41.45707" lon="-8.04251">
        <ele>575.87</ele>
      </trkpt>
      <trkpt lat="41.4571" lon="-8.0424">
        <ele>576.12</ele>
      </trkpt>
      <trkpt lat="41.45724" lon="-8.04215">
        <ele>575.91</ele>
      </trkpt>
      <trkpt lat="41.45816" lon="-8.04127">
        <ele>563.73</ele>
      </trkpt>
      <trkpt lat="41.45834" lon="-8.04107">
        <ele>562.64</ele>
      </trkpt>
      <trkpt lat="41.45847" lon="-8.04088">
        <ele>564.19</ele>
      </trkpt>
      <trkpt lat="41.45947" lon="-8.03869">
        <ele>543.99</ele>
      </trkpt>
      <trkpt lat="41.45951" lon="-8.03837">
        <ele>538.38</ele>
      </trkpt>
      <trkpt lat="41.45946" lon="-8.03818">
        <ele>535.02</ele>
      </trkpt>
      <trkpt lat="41.45941" lon="-8.03805">
        <ele>532.95</ele>
      </trkpt>
      <trkpt lat="41.45931" lon="-8.03789">
        <ele>533.75</ele>
      </trkpt>
      <trkpt lat="41.45921" lon="-8.03783">
        <ele>532.66</ele>
      </trkpt>
      <trkpt lat="41.45912" lon="-8.0378">
        <ele>532</ele>
      </trkpt>
      <trkpt lat="41.45902" lon="-8.0378">
        <ele>532</ele>
      </trkpt>
      <trkpt lat="41.45891" lon="-8.03782">
        <ele>532</ele>
      </trkpt>
      <trkpt lat="41.45825" lon="-8.03805">
        <ele>524.08</ele>
      </trkpt>
      <trkpt lat="41.45817" lon="-8.03807">
        <ele>521.79</ele>
      </trkpt>
      <trkpt lat="41.45807" lon="-8.03807">
        <ele>519.22</ele>
      </trkpt>
      <trkpt lat="41.45795" lon="-8.03805">
        <ele>516.85</ele>
      </trkpt>
      <trkpt lat="41.45787" lon="-8.03801">
        <ele>516.25</ele>
      </trkpt>
      <trkpt lat="41.45777" lon="-8.03795">
        <ele>516.13</ele>
      </trkpt>
      <trkpt lat="41.45767" lon="-8.03786">
        <ele>514.16</ele>
      </trkpt>
      <trkpt lat="41.45759" lon="-8.03777">
        <ele>511.25</ele>
      </trkpt>
      <trkpt lat="41.45752" lon="-8.03765">
        <ele>507.74</ele>
      </trkpt>
      <trkpt lat="41.45746" lon="-8.03754">
        <ele>505.46</ele>
      </trkpt>
      <trkpt lat="41.45742" lon="-8.03739">
        <ele>506.56</ele>
      </trkpt>
      <trkpt lat="41.45739" lon="-8.03726">
        <ele>507.94</ele>
      </trkpt>
      <trkpt lat="41.45739" lon="-8.03712">
        <ele>509.39</ele>
      </trkpt>
      <trkpt lat="41.45739" lon="-8.037">
        <ele>510.26</ele>
      </trkpt>
      <trkpt lat="41.45743" lon="-8.03675">
        <ele>515.77</ele>
      </trkpt>
      <trkpt lat="41.45758" lon="-8.036">
        <ele>520.97</ele>
      </trkpt>
      <trkpt lat="41.4576" lon="-8.03586">
        <ele>520.72</ele>
      </trkpt>
      <trkpt lat="41.4576" lon="-8.03569">
        <ele>516.68</ele>
      </trkpt>
      <trkpt lat="41.45759" lon="-8.03554">
        <ele>512.38</ele>
      </trkpt>
      <trkpt lat="41.45746" lon="-8.03466">
        <ele>508.67</ele>
      </trkpt>
      <trkpt lat="41.45746" lon="-8.03448">
        <ele>507.74</ele>
      </trkpt>
      <trkpt lat="41.4575" lon="-8.03432">
        <ele>508.55</ele>
      </trkpt>
      <trkpt lat="41.45756" lon="-8.03419">
        <ele>509.92</ele>
      </trkpt>
      <trkpt lat="41.4584" lon="-8.03293">
        <ele>505.94</ele>
      </trkpt>
      <trkpt lat="41.45846" lon="-8.03283">
        <ele>504.84</ele>
      </trkpt>
      <trkpt lat="41.45852" lon="-8.03271">
        <ele>503.04</ele>
      </trkpt>
      <trkpt lat="41.45856" lon="-8.03256">
        <ele>500.57</ele>
      </trkpt>
      <trkpt lat="41.45857" lon="-8.03244">
        <ele>498.44</ele>
      </trkpt>
      <trkpt lat="41.45857" lon="-8.03233">
        <ele>496.41</ele>
      </trkpt>
      <trkpt lat="41.45855" lon="-8.03223">
        <ele>494.27</ele>
      </trkpt>
      <trkpt lat="41.45816" lon="-8.031">
        <ele>488.55</ele>
      </trkpt>
      <trkpt lat="41.45811" lon="-8.03072">
        <ele>489.31</ele>
      </trkpt>
      <trkpt lat="41.45809" lon="-8.03053">
        <ele>489.38</ele>
      </trkpt>
      <trkpt lat="41.4581" lon="-8.03036">
        <ele>491.05</ele>
      </trkpt>
      <trkpt lat="41.45812" lon="-8.03023">
        <ele>491.77</ele>
      </trkpt>
      <trkpt lat="41.45828" lon="-8.02965">
        <ele>491.31</ele>
      </trkpt>
      <trkpt lat="41.45853" lon="-8.02886">
        <ele>488.39</ele>
      </trkpt>
      <trkpt lat="41.45854" lon="-8.02872">
        <ele>488.33</ele>
      </trkpt>
      <trkpt lat="41.45854" lon="-8.0286">
        <ele>488.07</ele>
      </trkpt>
      <trkpt lat="41.45852" lon="-8.02854">
        <ele>486.99</ele>
      </trkpt>
      <trkpt lat="41.45852" lon="-8.02849">
        <ele>486.27</ele>
      </trkpt>
      <trkpt lat="41.45853" lon="-8.02845">
        <ele>485.8</ele>
      </trkpt>
      <trkpt lat="41.45857" lon="-8.02839">
        <ele>485.37</ele>
      </trkpt>
      <trkpt lat="41.45862" lon="-8.02837">
        <ele>485.55</ele>
      </trkpt>
      <trkpt lat="41.45873" lon="-8.0282">
        <ele>483.92</ele>
      </trkpt>
      <trkpt lat="41.45902" lon="-8.02723">
        <ele>482.49</ele>
      </trkpt>
      <trkpt lat="41.45941" lon="-8.02595">
        <ele>480.14</ele>
      </trkpt>
      <trkpt lat="41.45953" lon="-8.02569">
        <ele>484.37</ele>
      </trkpt>
      <trkpt lat="41.45967" lon="-8.02542">
        <ele>485.38</ele>
      </trkpt>
      <trkpt lat="41.46097" lon="-8.02319">
        <ele>479.48</ele>
      </trkpt>
      <trkpt lat="41.46118" lon="-8.02288">
        <ele>476.76</ele>
      </trkpt>
      <trkpt lat="41.46139" lon="-8.0227">
        <ele>474.98</ele>
      </trkpt>
      <trkpt lat="41.46198" lon="-8.02244">
        <ele>464.88</ele>
      </trkpt>
      <trkpt lat="41.46271" lon="-8.02206">
        <ele>468.57</ele>
      </trkpt>
      <trkpt lat="41.46329" lon="-8.02178">
        <ele>463.15</ele>
      </trkpt>
      <trkpt lat="41.4636" lon="-8.02163">
        <ele>460.27</ele>
      </trkpt>
      <trkpt lat="41.46381" lon="-8.02162">
        <ele>457.31</ele>
      </trkpt>
      <trkpt lat="41.46399" lon="-8.02169">
        <ele>453.38</ele>
      </trkpt>
      <trkpt lat="41.46431" lon="-8.02193">
        <ele>449.78</ele>
      </trkpt>
      <trkpt lat="41.46458" lon="-8.02208">
        <ele>448.79</ele>
      </trkpt>
      <trkpt lat="41.46475" lon="-8.02213">
        <ele>449.13</ele>
      </trkpt>
      <trkpt lat="41.46486" lon="-8.02214">
        <ele>450.81</ele>
      </trkpt>
      <trkpt lat="41.46499" lon="-8.02211">
        <ele>453.45</ele>
      </trkpt>
      <trkpt lat="41.46513" lon="-8.02206">
        <ele>452.93</ele>
      </trkpt>
      <trkpt lat="41.4653" lon="-8.02197">
        <ele>452.7</ele>
      </trkpt>
      <trkpt lat="41.46553" lon="-8.02174">
        <ele>455.52</ele>
      </trkpt>
      <trkpt lat="41.46562" lon="-8.02159">
        <ele>455.18</ele>
      </trkpt>
      <trkpt lat="41.46566" lon="-8.02145">
        <ele>454.29</ele>
      </trkpt>
      <trkpt lat="41.46568" lon="-8.02128">
        <ele>452.84</ele>
      </trkpt>
      <trkpt lat="41.46558" lon="-8.02051">
        <ele>453.02</ele>
      </trkpt>
      <trkpt lat="41.46556" lon="-8.02025">
        <ele>452.73</ele>
      </trkpt>
      <trkpt lat="41.46556" lon="-8.02005">
        <ele>452.04</ele>
      </trkpt>
      <trkpt lat="41.46564" lon="-8.01985">
        <ele>448.77</ele>
      </trkpt>
      <trkpt lat="41.46636" lon="-8.01897">
        <ele>443.19</ele>
      </trkpt>
      <trkpt lat="41.46646" lon="-8.01888">
        <ele>441.82</ele>
      </trkpt>
      <trkpt lat="41.46682" lon="-8.01874">
        <ele>440.18</ele>
      </trkpt>
      <trkpt lat="41.46703" lon="-8.01865">
        <ele>441.9</ele>
      </trkpt>
      <trkpt lat="41.46717" lon="-8.01853">
        <ele>444.18</ele>
      </trkpt>
      <trkpt lat="41.4673" lon="-8.01833">
        <ele>448.21</ele>
      </trkpt>
      <trkpt lat="41.46784" lon="-8.01735">
        <ele>450.43</ele>
      </trkpt>
      <trkpt lat="41.46809" lon="-8.01683">
        <ele>447.22</ele>
      </trkpt>
      <trkpt lat="41.46829" lon="-8.01656">
        <ele>443.7</ele>
      </trkpt>
      <trkpt lat="41.46843" lon="-8.01639">
        <ele>441.31</ele>
      </trkpt>
      <trkpt lat="41.46909" lon="-8.016">
        <ele>430.62</ele>
      </trkpt>
      <trkpt lat="41.46934" lon="-8.01591">
        <ele>426.78</ele>
      </trkpt>
      <trkpt lat="41.46949" lon="-8.0159">
        <ele>425.41</ele>
      </trkpt>
      <trkpt lat="41.46979" lon="-8.01591">
        <ele>424.61</ele>
      </trkpt>
      <trkpt lat="41.46995" lon="-8.01586">
        <ele>423.72</ele>
      </trkpt>
      <trkpt lat="41.4704" lon="-8.01558">
        <ele>422.13</ele>
      </trkpt>
      <trkpt lat="41.47053" lon="-8.01556">
        <ele>417</ele>
      </trkpt>
      <trkpt lat="41.47067" lon="-8.01556">
        <ele>415.02</ele>
      </trkpt>
      <trkpt lat="41.47091" lon="-8.01561">
        <ele>413.76</ele>
      </trkpt>
      <trkpt lat="41.47107" lon="-8.01562">
        <ele>415.56</ele>
      </trkpt>
      <trkpt lat="41.47121" lon="-8.01559">
        <ele>416.95</ele>
      </trkpt>
      <trkpt lat="41.47142" lon="-8.01552">
        <ele>419.22</ele>
      </trkpt>
      <trkpt lat="41.47187" lon="-8.01535">
        <ele>421.33</ele>
      </trkpt>
      <trkpt lat="41.47213" lon="-8.01518">
        <ele>420.17</ele>
      </trkpt>
      <trkpt lat="41.47225" lon="-8.01511">
        <ele>419.4</ele>
      </trkpt>
      <trkpt lat="41.47233" lon="-8.01512">
        <ele>419.16</ele>
      </trkpt>
      <trkpt lat="41.47244" lon="-8.01516">
        <ele>418.13</ele>
      </trkpt>
      <trkpt lat="41.47254" lon="-8.01523">
        <ele>416.37</ele>
      </trkpt>
      <trkpt lat="41.47287" lon="-8.01549">
        <ele>410.89</ele>
      </trkpt>
      <trkpt lat="41.4731" lon="-8.01559">
        <ele>408.53</ele>
      </trkpt>
      <trkpt lat="41.47349" lon="-8.01565">
        <ele>409.78</ele>
      </trkpt>
      <trkpt lat="41.47373" lon="-8.01573">
        <ele>411.01</ele>
      </trkpt>
      <trkpt lat="41.47406" lon="-8.01591">
        <ele>409.67</ele>
      </trkpt>
      <trkpt lat="41.47422" lon="-8.01595">
        <ele>407.3</ele>
      </trkpt>
      <trkpt lat="41.47486" lon="-8.01596">
        <ele>411.45</ele>
      </trkpt>
      <trkpt lat="41.47503" lon="-8.01593">
        <ele>410.04</ele>
      </trkpt>
      <trkpt lat="41.47515" lon="-8.01588">
        <ele>408.58</ele>
      </trkpt>
      <trkpt lat="41.47528" lon="-8.01577">
        <ele>409.39</ele>
      </trkpt>
      <trkpt lat="41.47539" lon="-8.01557">
        <ele>415.6</ele>
      </trkpt>
      <trkpt lat="41.47554" lon="-8.01516">
        <ele>415.13</ele>
      </trkpt>
      <trkpt lat="41.47571" lon="-8.01464">
        <ele>419.95</ele>
      </trkpt>
      <trkpt lat="41.47594" lon="-8.0141">
        <ele>422</ele>
      </trkpt>
      <trkpt lat="41.47626" lon="-8.01342">
        <ele>408.26</ele>
      </trkpt>
      <trkpt lat="41.47633" lon="-8.01323">
        <ele>406.83</ele>
      </trkpt>
      <trkpt lat="41.47634" lon="-8.01305">
        <ele>406.86</ele>
      </trkpt>
      <trkpt lat="41.47629" lon="-8.01175">
        <ele>408.57</ele>
      </trkpt>
      <trkpt lat="41.47624" lon="-8.01111">
        <ele>403.5</ele>
      </trkpt>
      <trkpt lat="41.47618" lon="-8.0109">
        <ele>396.71</ele>
      </trkpt>
      <trkpt lat="41.47608" lon="-8.01073">
        <ele>390.53</ele>
      </trkpt>
      <trkpt lat="41.47582" lon="-8.01037">
        <ele>382.9</ele>
      </trkpt>
      <trkpt lat="41.47563" lon="-8.01013">
        <ele>385.78</ele>
      </trkpt>
      <trkpt lat="41.47551" lon="-8.00993">
        <ele>389.23</ele>
      </trkpt>
      <trkpt lat="41.47546" lon="-8.00973">
        <ele>392.06</ele>
      </trkpt>
      <trkpt lat="41.47546" lon="-8.00946">
        <ele>393.98</ele>
      </trkpt>
      <trkpt lat="41.4755" lon="-8.00926">
        <ele>394.79</ele>
      </trkpt>
      <trkpt lat="41.47558" lon="-8.00905">
        <ele>394.66</ele>
      </trkpt>
      <trkpt lat="41.47597" lon="-8.00827">
        <ele>387.99</ele>
      </trkpt>
      <trkpt lat="41.47609" lon="-8.008">
        <ele>381.98</ele>
      </trkpt>
      <trkpt lat="41.47612" lon="-8.00779">
        <ele>378.82</ele>
      </trkpt>
      <trkpt lat="41.47611" lon="-8.00762">
        <ele>377.32</ele>
      </trkpt>
      <trkpt lat="41.47606" lon="-8.00746">
        <ele>376.23</ele>
      </trkpt>
      <trkpt lat="41.47595" lon="-8.00732">
        <ele>376.04</ele>
      </trkpt>
      <trkpt lat="41.47575" lon="-8.0072">
        <ele>380.22</ele>
      </trkpt>
      <trkpt lat="41.47541" lon="-8.00712">
        <ele>392.88</ele>
      </trkpt>
      <trkpt lat="41.47519" lon="-8.00702">
        <ele>400.75</ele>
      </trkpt>
      <trkpt lat="41.47507" lon="-8.00692">
        <ele>401.29</ele>
      </trkpt>
      <trkpt lat="41.475" lon="-8.00677">
        <ele>397.98</ele>
      </trkpt>
      <trkpt lat="41.47499" lon="-8.00659">
        <ele>393.09</ele>
      </trkpt>
      <trkpt lat="41.47501" lon="-8.00635">
        <ele>386.66</ele>
      </trkpt>
      <trkpt lat="41.47514" lon="-8.00609">
        <ele>381.79</ele>
      </trkpt>
      <trkpt lat="41.47544" lon="-8.00558">
        <ele>368.67</ele>
      </trkpt>
      <trkpt lat="41.47552" lon="-8.00535">
        <ele>365.28</ele>
      </trkpt>
      <trkpt lat="41.47554" lon="-8.00512">
        <ele>362.78</ele>
      </trkpt>
      <trkpt lat="41.47553" lon="-8.00494">
        <ele>361.02</ele>
      </trkpt>
      <trkpt lat="41.47547" lon="-8.00469">
        <ele>360.27</ele>
      </trkpt>
      <trkpt lat="41.47541" lon="-8.00452">
        <ele>360.76</ele>
      </trkpt>
      <trkpt lat="41.47536" lon="-8.0044">
        <ele>361.4</ele>
      </trkpt>
      <trkpt lat="41.47527" lon="-8.00428">
        <ele>363.28</ele>
      </trkpt>
      <trkpt lat="41.47488" lon="-8.00389">
        <ele>364.46</ele>
      </trkpt>
      <trkpt lat="41.47478" lon="-8.0038">
        <ele>359.17</ele>
      </trkpt>
      <trkpt lat="41.47467" lon="-8.00377">
        <ele>356.62</ele>
      </trkpt>
      <trkpt lat="41.47453" lon="-8.00378">
        <ele>355.45</ele>
      </trkpt>
      <trkpt lat="41.47433" lon="-8.00387">
        <ele>358.25</ele>
      </trkpt>
      <trkpt lat="41.47411" lon="-8.004">
        <ele>360.91</ele>
      </trkpt>
      <trkpt lat="41.47393" lon="-8.00408">
        <ele>362.28</ele>
      </trkpt>
      <trkpt lat="41.47379" lon="-8.00408">
        <ele>364.13</ele>
      </trkpt>
      <trkpt lat="41.47368" lon="-8.00402">
        <ele>364.63</ele>
      </trkpt>
      <trkpt lat="41.47356" lon="-8.00392">
        <ele>363.56</ele>
      </trkpt>
      <trkpt lat="41.47322" lon="-8.00348">
        <ele>357.42</ele>
      </trkpt>
      <trkpt lat="41.47311" lon="-8.00339">
        <ele>358.3</ele>
      </trkpt>
      <trkpt lat="41.47295" lon="-8.00335">
        <ele>359.64</ele>
      </trkpt>
      <trkpt lat="41.47254" lon="-8.00334">
        <ele>361.24</ele>
      </trkpt>
      <trkpt lat="41.47238" lon="-8.00326">
        <ele>358.04</ele>
      </trkpt>
      <trkpt lat="41.47221" lon="-8.00306">
        <ele>351.23</ele>
      </trkpt>
      <trkpt lat="41.47195" lon="-8.00282">
        <ele>347.07</ele>
      </trkpt>
      <trkpt lat="41.47166" lon="-8.00262">
        <ele>345.49</ele>
      </trkpt>
      <trkpt lat="41.47138" lon="-8.0025">
        <ele>344.26</ele>
      </trkpt>
      <trkpt lat="41.47125" lon="-8.00238">
        <ele>347.14</ele>
      </trkpt>
      <trkpt lat="41.47116" lon="-8.0022">
        <ele>347.65</ele>
      </trkpt>
      <trkpt lat="41.47112" lon="-8.00202">
        <ele>345.94</ele>
      </trkpt>
      <trkpt lat="41.47114" lon="-8.0017">
        <ele>343.01</ele>
      </trkpt>
      <trkpt lat="41.47135" lon="-8.00012">
        <ele>340.56</ele>
      </trkpt>
      <trkpt lat="41.47163" lon="-7.99869">
        <ele>339.17</ele>
      </trkpt>
      <trkpt lat="41.47171" lon="-7.9985">
        <ele>339.99</ele>
      </trkpt>
      <trkpt lat="41.47184" lon="-7.9984">
        <ele>339.4</ele>
      </trkpt>
      <trkpt lat="41.47195" lon="-7.99835">
        <ele>337.68</ele>
      </trkpt>
      <trkpt lat="41.47208" lon="-7.99835">
        <ele>335.69</ele>
      </trkpt>
      <trkpt lat="41.47261" lon="-7.99858">
        <ele>323.58</ele>
      </trkpt>
      <trkpt lat="41.47269" lon="-7.9986">
        <ele>323.65</ele>
      </trkpt>
      <trkpt lat="41.47278" lon="-7.9986">
        <ele>324.3</ele>
      </trkpt>
      <trkpt lat="41.47291" lon="-7.99853">
        <ele>326.86</ele>
      </trkpt>
      <trkpt lat="41.47304" lon="-7.99842">
        <ele>330.05</ele>
      </trkpt>
      <trkpt lat="41.47386" lon="-7.9972">
        <ele>327.58</ele>
      </trkpt>
      <trkpt lat="41.47392" lon="-7.99704">
        <ele>326.47</ele>
      </trkpt>
      <trkpt lat="41.47408" lon="-7.99634">
        <ele>331.26</ele>
      </trkpt>
      <trkpt lat="41.47414" lon="-7.99614">
        <ele>330.2</ele>
      </trkpt>
      <trkpt lat="41.47427" lon="-7.99595">
        <ele>328.66</ele>
      </trkpt>
      <trkpt lat="41.47486" lon="-7.99546">
        <ele>315.9</ele>
      </trkpt>
      <trkpt lat="41.47498" lon="-7.99532">
        <ele>311.75</ele>
      </trkpt>
      <trkpt lat="41.47503" lon="-7.99513">
        <ele>311.82</ele>
      </trkpt>
      <trkpt lat="41.47504" lon="-7.99488">
        <ele>313.85</ele>
      </trkpt>
      <trkpt lat="41.47499" lon="-7.99439">
        <ele>321.64</ele>
      </trkpt>
      <trkpt lat="41.475" lon="-7.99425">
        <ele>324.2</ele>
      </trkpt>
      <trkpt lat="41.47504" lon="-7.99409">
        <ele>323.92</ele>
      </trkpt>
      <trkpt lat="41.4751" lon="-7.99397">
        <ele>321.33</ele>
      </trkpt>
      <trkpt lat="41.4752" lon="-7.99385">
        <ele>316.68</ele>
      </trkpt>
      <trkpt lat="41.47541" lon="-7.99358">
        <ele>310.47</ele>
      </trkpt>
      <trkpt lat="41.47558" lon="-7.99344">
        <ele>304.92</ele>
      </trkpt>
      <trkpt lat="41.47575" lon="-7.99336">
        <ele>301.69</ele>
      </trkpt>
      <trkpt lat="41.47604" lon="-7.99329">
        <ele>301.09</ele>
      </trkpt>
      <trkpt lat="41.47615" lon="-7.99322">
        <ele>302.8</ele>
      </trkpt>
      <trkpt lat="41.47637" lon="-7.99302">
        <ele>307.1</ele>
      </trkpt>
      <trkpt lat="41.47648" lon="-7.99293">
        <ele>308.04</ele>
      </trkpt>
      <trkpt lat="41.47662" lon="-7.9929">
        <ele>306.12</ele>
      </trkpt>
      <trkpt lat="41.47693" lon="-7.99289">
        <ele>302.72</ele>
      </trkpt>
      <trkpt lat="41.47706" lon="-7.99291">
        <ele>299.03</ele>
      </trkpt>
      <trkpt lat="41.47728" lon="-7.99287">
        <ele>295.54</ele>
      </trkpt>
      <trkpt lat="41.47738" lon="-7.99281">
        <ele>297.06</ele>
      </trkpt>
      <trkpt lat="41.47749" lon="-7.99272">
        <ele>299.68</ele>
      </trkpt>
      <trkpt lat="41.47786" lon="-7.99228">
        <ele>305.68</ele>
      </trkpt>
      <trkpt lat="41.47801" lon="-7.99208">
        <ele>305.41</ele>
      </trkpt>
      <trkpt lat="41.47807" lon="-7.99191">
        <ele>305.2</ele>
      </trkpt>
      <trkpt lat="41.4781" lon="-7.99174">
        <ele>306.56</ele>
      </trkpt>
      <trkpt lat="41.47808" lon="-7.99159">
        <ele>307.32</ele>
      </trkpt>
      <trkpt lat="41.47804" lon="-7.99138">
        <ele>305.68</ele>
      </trkpt>
      <trkpt lat="41.47789" lon="-7.99091">
        <ele>301.74</ele>
      </trkpt>
      <trkpt lat="41.47785" lon="-7.99069">
        <ele>302.47</ele>
      </trkpt>
      <trkpt lat="41.47785" lon="-7.99049">
        <ele>303.11</ele>
      </trkpt>
      <trkpt lat="41.47787" lon="-7.99027">
        <ele>304.01</ele>
      </trkpt>
      <trkpt lat="41.47798" lon="-7.98985">
        <ele>300.26</ele>
      </trkpt>
      <trkpt lat="41.4782" lon="-7.98939">
        <ele>298.3</ele>
      </trkpt>
      <trkpt lat="41.47829" lon="-7.98918">
        <ele>297.87</ele>
      </trkpt>
      <trkpt lat="41.47831" lon="-7.98904">
        <ele>298.38</ele>
      </trkpt>
      <trkpt lat="41.47829" lon="-7.98774">
        <ele>300.54</ele>
      </trkpt>
      <trkpt lat="41.47826" lon="-7.98749">
        <ele>298.01</ele>
      </trkpt>
      <trkpt lat="41.47819" lon="-7.98729">
        <ele>297.92</ele>
      </trkpt>
      <trkpt lat="41.4781" lon="-7.9871">
        <ele>297.78</ele>
      </trkpt>
      <trkpt lat="41.47721" lon="-7.98597">
        <ele>303.79</ele>
      </trkpt>
      <trkpt lat="41.47699" lon="-7.98573">
        <ele>297.18</ele>
      </trkpt>
      <trkpt lat="41.47677" lon="-7.98554">
        <ele>296.99</ele>
      </trkpt>
      <trkpt lat="41.47655" lon="-7.98543">
        <ele>298.25</ele>
      </trkpt>
      <trkpt lat="41.47569" lon="-7.9852">
        <ele>301.75</ele>
      </trkpt>
      <trkpt lat="41.47537" lon="-7.98511">
        <ele>303.04</ele>
      </trkpt>
      <trkpt lat="41.47519" lon="-7.985">
        <ele>303.84</ele>
      </trkpt>
      <trkpt lat="41.47511" lon="-7.98489">
        <ele>304.45</ele>
      </trkpt>
      <trkpt lat="41.47505" lon="-7.98477">
        <ele>303.33</ele>
      </trkpt>
      <trkpt lat="41.47503" lon="-7.98465">
        <ele>302.43</ele>
      </trkpt>
      <trkpt lat="41.47502" lon="-7.98454">
        <ele>302.48</ele>
      </trkpt>
      <trkpt lat="41.47503" lon="-7.98442">
        <ele>302.34</ele>
      </trkpt>
      <trkpt lat="41.47509" lon="-7.98427">
        <ele>301.78</ele>
      </trkpt>
      <trkpt lat="41.47522" lon="-7.98407">
        <ele>296.15</ele>
      </trkpt>
      <trkpt lat="41.47541" lon="-7.98382">
        <ele>287.58</ele>
      </trkpt>
      <trkpt lat="41.47549" lon="-7.98366">
        <ele>286.68</ele>
      </trkpt>
      <trkpt lat="41.47554" lon="-7.9835">
        <ele>286.32</ele>
      </trkpt>
      <trkpt lat="41.47556" lon="-7.98285">
        <ele>285.64</ele>
      </trkpt>
      <trkpt lat="41.47559" lon="-7.98266">
        <ele>285.09</ele>
      </trkpt>
      <trkpt lat="41.47564" lon="-7.98252">
        <ele>284.66</ele>
      </trkpt>
      <trkpt lat="41.47579" lon="-7.98229">
        <ele>284.63</ele>
      </trkpt>
      <trkpt lat="41.47598" lon="-7.98205">
        <ele>284.38</ele>
      </trkpt>
      <trkpt lat="41.4761" lon="-7.9818">
        <ele>284.6</ele>
      </trkpt>
      <trkpt lat="41.47627" lon="-7.9812">
        <ele>285.29</ele>
      </trkpt>
      <trkpt lat="41.47633" lon="-7.98102">
        <ele>285.35</ele>
      </trkpt>
      <trkpt lat="41.47641" lon="-7.98088">
        <ele>285.06</ele>
      </trkpt>
      <trkpt lat="41.47652" lon="-7.98078">
        <ele>285.47</ele>
      </trkpt>
      <trkpt lat="41.47742" lon="-7.9805">
        <ele>277.72</ele>
      </trkpt>
      <trkpt lat="41.4776" lon="-7.98041">
        <ele>275.36</ele>
      </trkpt>
      <trkpt lat="41.47773" lon="-7.9803">
        <ele>272.95</ele>
      </trkpt>
      <trkpt lat="41.47785" lon="-7.98015">
        <ele>271.36</ele>
      </trkpt>
      <trkpt lat="41.47806" lon="-7.97977">
        <ele>268.73</ele>
      </trkpt>
      <trkpt lat="41.47809" lon="-7.97972">
        <ele>268.27</ele>
      </trkpt>
      <trkpt lat="41.47818" lon="-7.97963">
        <ele>267.42</ele>
      </trkpt>
      <trkpt lat="41.47825" lon="-7.97959">
        <ele>266.75</ele>
      </trkpt>
      <trkpt lat="41.47841" lon="-7.97958">
        <ele>265.84</ele>
      </trkpt>
      <trkpt lat="41.47855" lon="-7.97959">
        <ele>266.12</ele>
      </trkpt>
      <trkpt lat="41.47921" lon="-7.97969">
        <ele>264.76</ele>
      </trkpt>
      <trkpt lat="41.47935" lon="-7.97967">
        <ele>264.94</ele>
      </trkpt>
      <trkpt lat="41.47951" lon="-7.97959">
        <ele>265.32</ele>
      </trkpt>
      <trkpt lat="41.47965" lon="-7.97946">
        <ele>265.6</ele>
      </trkpt>
      <trkpt lat="41.47976" lon="-7.97929">
        <ele>264.48</ele>
      </trkpt>
      <trkpt lat="41.47983" lon="-7.97911">
        <ele>263.2</ele>
      </trkpt>
      <trkpt lat="41.47988" lon="-7.97889">
        <ele>261.46</ele>
      </trkpt>
      <trkpt lat="41.47989" lon="-7.97813">
        <ele>258.58</ele>
      </trkpt>
      <trkpt lat="41.47983" lon="-7.9776">
        <ele>258.66</ele>
      </trkpt>
      <trkpt lat="41.4798" lon="-7.97718">
        <ele>258.65</ele>
      </trkpt>
      <trkpt lat="41.4798" lon="-7.977">
        <ele>258.37</ele>
      </trkpt>
      <trkpt lat="41.47987" lon="-7.97677">
        <ele>259.49</ele>
      </trkpt>
      <trkpt lat="41.48008" lon="-7.97645">
        <ele>260.9</ele>
      </trkpt>
      <trkpt lat="41.48016" lon="-7.97625">
        <ele>259.62</ele>
      </trkpt>
      <trkpt lat="41.48024" lon="-7.97564">
        <ele>257.9</ele>
      </trkpt>
      <trkpt lat="41.48022" lon="-7.97557">
        <ele>258.07</ele>
      </trkpt>
      <trkpt lat="41.48021" lon="-7.97541">
        <ele>257.43</ele>
      </trkpt>
      <trkpt lat="41.48018" lon="-7.97535">
        <ele>257.8</ele>
      </trkpt>
      <trkpt lat="41.48016" lon="-7.97528">
        <ele>257.98</ele>
      </trkpt>
      <trkpt lat="41.48016" lon="-7.97521">
        <ele>258.07</ele>
      </trkpt>
      <trkpt lat="41.48017" lon="-7.97514">
        <ele>257.91</ele>
      </trkpt>
      <trkpt lat="41.4802" lon="-7.97508">
        <ele>257.16</ele>
      </trkpt>
      <trkpt lat="41.48024" lon="-7.97503">
        <ele>256.07</ele>
      </trkpt>
      <trkpt lat="41.48029" lon="-7.975">
        <ele>254.87</ele>
      </trkpt>
      <trkpt lat="41.48034" lon="-7.97499">
        <ele>254.36</ele>
      </trkpt>
      <trkpt lat="41.48041" lon="-7.97501">
        <ele>253.57</ele>
      </trkpt>
      <trkpt lat="41.48055" lon="-7.975">
        <ele>252.06</ele>
      </trkpt>
      <trkpt lat="41.48066" lon="-7.97495">
        <ele>249.17</ele>
      </trkpt>
      <trkpt lat="41.48075" lon="-7.97484">
        <ele>246.98</ele>
      </trkpt>
      <trkpt lat="41.4808" lon="-7.9747">
        <ele>246.52</ele>
      </trkpt>
      <trkpt lat="41.48099" lon="-7.97417">
        <ele>251.47</ele>
      </trkpt>
      <trkpt lat="41.48101" lon="-7.9741">
        <ele>249.52</ele>
      </trkpt>
      <trkpt lat="41.48099" lon="-7.97399">
        <ele>248.06</ele>
      </trkpt>
      <trkpt lat="41.48095" lon="-7.97392">
        <ele>248.63</ele>
      </trkpt>
      <trkpt lat="41.48089" lon="-7.97386">
        <ele>251.06</ele>
      </trkpt>
      <trkpt lat="41.48084" lon="-7.97385">
        <ele>253.4</ele>
      </trkpt>
      <trkpt lat="41.4808" lon="-7.97382">
        <ele>254.61</ele>
      </trkpt>
      <trkpt lat="41.48076" lon="-7.97378">
        <ele>255.7</ele>
      </trkpt>
      <trkpt lat="41.48073" lon="-7.97372">
        <ele>256.36</ele>
      </trkpt>
      <trkpt lat="41.48072" lon="-7.97365">
        <ele>256.3</ele>
      </trkpt>
      <trkpt lat="41.48071" lon="-7.97358">
        <ele>256.2</ele>
      </trkpt>
      <trkpt lat="41.48073" lon="-7.97351">
        <ele>254.9</ele>
      </trkpt>
      <trkpt lat="41.48076" lon="-7.97345">
        <ele>253.21</ele>
      </trkpt>
      <trkpt lat="41.4808" lon="-7.9734">
        <ele>251.1</ele>
      </trkpt>
      <trkpt lat="41.48086" lon="-7.97338">
        <ele>248.82</ele>
      </trkpt>
      <trkpt lat="41.48092" lon="-7.97337">
        <ele>247.17</ele>
      </trkpt>
      <trkpt lat="41.48098" lon="-7.9734">
        <ele>245.9</ele>
      </trkpt>
      <trkpt lat="41.48103" lon="-7.97344">
        <ele>244.92</ele>
      </trkpt>
      <trkpt lat="41.48119" lon="-7.97341">
        <ele>240.61</ele>
      </trkpt>
      <trkpt lat="41.48129" lon="-7.97328">
        <ele>238.33</ele>
      </trkpt>
      <trkpt lat="41.4815" lon="-7.97276">
        <ele>234.25</ele>
      </trkpt>
      <trkpt lat="41.4817" lon="-7.97223">
        <ele>226.94</ele>
      </trkpt>
      <trkpt lat="41.48172" lon="-7.97199">
        <ele>224.76</ele>
      </trkpt>
      <trkpt lat="41.48167" lon="-7.97176">
        <ele>223.9</ele>
      </trkpt>
      <trkpt lat="41.48128" lon="-7.97117">
        <ele>230.73</ele>
      </trkpt>
      <trkpt lat="41.48114" lon="-7.97094">
        <ele>235.1</ele>
      </trkpt>
      <trkpt lat="41.48108" lon="-7.97071">
        <ele>238.9</ele>
      </trkpt>
      <trkpt lat="41.48109" lon="-7.97047">
        <ele>239.48</ele>
      </trkpt>
      <trkpt lat="41.48118" lon="-7.97027">
        <ele>237.75</ele>
      </trkpt>
      <trkpt lat="41.48136" lon="-7.97015">
        <ele>240.1</ele>
      </trkpt>
      <trkpt lat="41.48202" lon="-7.97003">
        <ele>224.14</ele>
      </trkpt>
      <trkpt lat="41.48222" lon="-7.97014">
        <ele>219.5</ele>
      </trkpt>
      <trkpt lat="41.48235" lon="-7.97033">
        <ele>219.87</ele>
      </trkpt>
      <trkpt lat="41.48254" lon="-7.97093">
        <ele>209.42</ele>
      </trkpt>
      <trkpt lat="41.48265" lon="-7.97109">
        <ele>208.09</ele>
      </trkpt>
      <trkpt lat="41.4828" lon="-7.97123">
        <ele>207.95</ele>
      </trkpt>
      <trkpt lat="41.48297" lon="-7.97131">
        <ele>211.07</ele>
      </trkpt>
      <trkpt lat="41.48351" lon="-7.97136">
        <ele>215.64</ele>
      </trkpt>
      <trkpt lat="41.48366" lon="-7.97131">
        <ele>215.13</ele>
      </trkpt>
      <trkpt lat="41.4838" lon="-7.97115">
        <ele>216.54</ele>
      </trkpt>
      <trkpt lat="41.48415" lon="-7.97052">
        <ele>223.93</ele>
      </trkpt>
      <trkpt lat="41.4842" lon="-7.9703">
        <ele>226.45</ele>
      </trkpt>
      <trkpt lat="41.48417" lon="-7.97004">
        <ele>227.81</ele>
      </trkpt>
      <trkpt lat="41.48405" lon="-7.96965">
        <ele>232.36</ele>
      </trkpt>
      <trkpt lat="41.48397" lon="-7.96938">
        <ele>235.2</ele>
      </trkpt>
      <trkpt lat="41.48396" lon="-7.96905">
        <ele>238.17</ele>
      </trkpt>
      <trkpt lat="41.48402" lon="-7.96889">
        <ele>239.04</ele>
      </trkpt>
      <trkpt lat="41.4841" lon="-7.96876">
        <ele>239.63</ele>
      </trkpt>
      <trkpt lat="41.48662" lon="-7.9665">
        <ele>226.34</ele>
      </trkpt>
      <trkpt lat="41.48678" lon="-7.96621">
        <ele>226.1</ele>
      </trkpt>
      <trkpt lat="41.48694" lon="-7.96542">
        <ele>224.53</ele>
      </trkpt>
      <trkpt lat="41.48704" lon="-7.965">
        <ele>225.31</ele>
      </trkpt>
      <trkpt lat="41.48708" lon="-7.9649">
        <ele>225.92</ele>
      </trkpt>
      <trkpt lat="41.4871" lon="-7.96482">
        <ele>226.54</ele>
      </trkpt>
      <trkpt lat="41.48713" lon="-7.96476">
        <ele>226.97</ele>
      </trkpt>
      <trkpt lat="41.48725" lon="-7.96464">
        <ele>226.46</ele>
      </trkpt>
      <trkpt lat="41.48725" lon="-7.96459">
        <ele>226.5</ele>
      </trkpt>
      <trkpt lat="41.4873" lon="-7.96449">
        <ele>225.79</ele>
      </trkpt>
      <trkpt lat="41.48734" lon="-7.96446">
        <ele>225.26</ele>
      </trkpt>
      <trkpt lat="41.48738" lon="-7.96444">
        <ele>224.69</ele>
      </trkpt>
      <trkpt lat="41.48739" lon="-7.96438">
        <ele>224.08</ele>
      </trkpt>
      <trkpt lat="41.4874" lon="-7.96436">
        <ele>223.81</ele>
      </trkpt>
      <trkpt lat="41.48751" lon="-7.96415">
        <ele>221.85</ele>
      </trkpt>
      <trkpt lat="41.48763" lon="-7.96388">
        <ele>220.56</ele>
      </trkpt>
      <trkpt lat="41.48766" lon="-7.96363">
        <ele>217.32</ele>
      </trkpt>
      <trkpt lat="41.48766" lon="-7.9635">
        <ele>216.49</ele>
      </trkpt>
      <trkpt lat="41.48765" lon="-7.96337">
        <ele>215.96</ele>
      </trkpt>
      <trkpt lat="41.487645" lon="-7.963371">
        <ele>224.27</ele>
      </trkpt>
      <trkpt lat="41.487645" lon="-7.963366">
        <ele>224.28</ele>
      </trkpt>
      <trkpt lat="41.487637" lon="-7.963236">
        <ele>224.35</ele>
      </trkpt>
      <trkpt lat="41.487609" lon="-7.963063">
        <ele>224.85</ele>
      </trkpt>
      <trkpt lat="41.4876" lon="-7.962965">
        <ele>224.94</ele>
      </trkpt>
      <trkpt lat="41.487615" lon="-7.962942">
        <ele>224.56</ele>
      </trkpt>
      <trkpt lat="41.48763" lon="-7.962883">
        <ele>224.12</ele>
      </trkpt>
      <trkpt lat="41.487629" lon="-7.96278">
        <ele>223.88</ele>
      </trkpt>
      <trkpt lat="41.487619" lon="-7.962714">
        <ele>223.88</ele>
      </trkpt>
      <trkpt lat="41.487593" lon="-7.962623">
        <ele>224.06</ele>
      </trkpt>
      <trkpt lat="41.487572" lon="-7.962597">
        <ele>224.32</ele>
      </trkpt>
      <trkpt lat="41.487573" lon="-7.962428">
        <ele>223.75</ele>
      </trkpt>
      <trkpt lat="41.487587" lon="-7.962324">
        <ele>223.23</ele>
      </trkpt>
      <trkpt lat="41.487641" lon="-7.962221">
        <ele>222.31</ele>
      </trkpt>
      <trkpt lat="41.48764" lon="-7.96222">
        <ele>215.53</ele>
      </trkpt>
      <trkpt lat="41.48772" lon="-7.96213">
        <ele>216.99</ele>
      </trkpt>
      <trkpt lat="41.48782" lon="-7.96207">
        <ele>217.9</ele>
      </trkpt>
      <trkpt lat="41.48816" lon="-7.96195">
        <ele>216.79</ele>
      </trkpt>
      <trkpt lat="41.48836" lon="-7.96187">
        <ele>215.64</ele>
      </trkpt>
      <trkpt lat="41.48849" lon="-7.96187">
        <ele>214.83</ele>
      </trkpt>
      <trkpt lat="41.4886" lon="-7.96192">
        <ele>213.43</ele>
      </trkpt>
      <trkpt lat="41.48876" lon="-7.96208">
        <ele>211.45</ele>
      </trkpt>
      <trkpt lat="41.48906" lon="-7.96274">
        <ele>205.72</ele>
      </trkpt>
      <trkpt lat="41.48922" lon="-7.96293">
        <ele>205.91</ele>
      </trkpt>
      <trkpt lat="41.48944" lon="-7.96314">
        <ele>206.39</ele>
      </trkpt>
      <trkpt lat="41.48969" lon="-7.96329">
        <ele>201.78</ele>
      </trkpt>
      <trkpt lat="41.48977" lon="-7.96331">
        <ele>199.99</ele>
      </trkpt>
      <trkpt lat="41.48989" lon="-7.96327">
        <ele>197.5</ele>
      </trkpt>
      <trkpt lat="41.49009" lon="-7.96317">
        <ele>195.27</ele>
      </trkpt>
      <trkpt lat="41.49022" lon="-7.96301">
        <ele>194.37</ele>
      </trkpt>
      <trkpt lat="41.4903" lon="-7.96283">
        <ele>194.21</ele>
      </trkpt>
      <trkpt lat="41.49034" lon="-7.96254">
        <ele>194.74</ele>
      </trkpt>
      <trkpt lat="41.49031" lon="-7.96151">
        <ele>194.52</ele>
      </trkpt>
      <trkpt lat="41.49037" lon="-7.96042">
        <ele>193.15</ele>
      </trkpt>
      <trkpt lat="41.49045" lon="-7.96021">
        <ele>192.83</ele>
      </trkpt>
      <trkpt lat="41.49053" lon="-7.96009">
        <ele>192.32</ele>
      </trkpt>
      <trkpt lat="41.49106" lon="-7.95944">
        <ele>187.34</ele>
      </trkpt>
      <trkpt lat="41.49135" lon="-7.95894">
        <ele>183.73</ele>
      </trkpt>
      <trkpt lat="41.49138" lon="-7.95876">
        <ele>181.78</ele>
      </trkpt>
      <trkpt lat="41.49136" lon="-7.95849">
        <ele>179.11</ele>
      </trkpt>
      <trkpt lat="41.4913" lon="-7.95801">
        <ele>172.9</ele>
      </trkpt>
      <trkpt lat="41.49133" lon="-7.95779">
        <ele>170.74</ele>
      </trkpt>
      <trkpt lat="41.49141" lon="-7.9575">
        <ele>165.76</ele>
      </trkpt>
      <trkpt lat="41.49144" lon="-7.95727">
        <ele>170.81</ele>
      </trkpt>
      <trkpt lat="41.49141" lon="-7.95703">
        <ele>175.68</ele>
      </trkpt>
      <trkpt lat="41.49127" lon="-7.95683">
        <ele>177.42</ele>
      </trkpt>
      <trkpt lat="41.49106" lon="-7.95675">
        <ele>174.76</ele>
      </trkpt>
      <trkpt lat="41.48998" lon="-7.95685">
        <ele>182.62</ele>
      </trkpt>
      <trkpt lat="41.4898" lon="-7.95687">
        <ele>184.23</ele>
      </trkpt>
      <trkpt lat="41.48897" lon="-7.95741">
        <ele>186.5</ele>
      </trkpt>
      <trkpt lat="41.48843" lon="-7.9575">
        <ele>186.96</ele>
      </trkpt>
      <trkpt lat="41.48826" lon="-7.95749">
        <ele>187.15</ele>
      </trkpt>
      <trkpt lat="41.48803" lon="-7.95733">
        <ele>186.58</ele>
      </trkpt>
      <trkpt lat="41.48766" lon="-7.95685">
        <ele>186.8</ele>
      </trkpt>
      <trkpt lat="41.48761" lon="-7.95659">
        <ele>190.34</ele>
      </trkpt>
      <trkpt lat="41.48764" lon="-7.95637">
        <ele>195.24</ele>
      </trkpt>
      <trkpt lat="41.48769" lon="-7.95624">
        <ele>198.65</ele>
      </trkpt>
      <trkpt lat="41.48829" lon="-7.9557">
        <ele>212.07</ele>
      </trkpt>
      <trkpt lat="41.48839" lon="-7.95556">
        <ele>210.44</ele>
      </trkpt>
      <trkpt lat="41.48856" lon="-7.95516">
        <ele>210.5</ele>
      </trkpt>
      <trkpt lat="41.48901" lon="-7.95401">
        <ele>216.67</ele>
      </trkpt>
      <trkpt lat="41.48902" lon="-7.95379">
        <ele>217</ele>
      </trkpt>
      <trkpt lat="41.4889" lon="-7.95306">
        <ele>211.35</ele>
      </trkpt>
      <trkpt lat="41.48889" lon="-7.95246">
        <ele>209.04</ele>
      </trkpt>
      <trkpt lat="41.48887" lon="-7.95223">
        <ele>208.24</ele>
      </trkpt>
      <trkpt lat="41.48873" lon="-7.95156">
        <ele>207.58</ele>
      </trkpt>
      <trkpt lat="41.48875" lon="-7.95135">
        <ele>210.35</ele>
      </trkpt>
      <trkpt lat="41.48891" lon="-7.95109">
        <ele>216.34</ele>
      </trkpt>
      <trkpt lat="41.48947" lon="-7.95084">
        <ele>218.15</ele>
      </trkpt>
      <trkpt lat="41.48963" lon="-7.9507">
        <ele>217.23</ele>
      </trkpt>
      <trkpt lat="41.48972" lon="-7.95051">
        <ele>215.66</ele>
      </trkpt>
      <trkpt lat="41.4898" lon="-7.9502">
        <ele>214.28</ele>
      </trkpt>
      <trkpt lat="41.48973" lon="-7.94916">
        <ele>215.14</ele>
      </trkpt>
      <trkpt lat="41.48979" lon="-7.94889">
        <ele>218.43</ele>
      </trkpt>
      <trkpt lat="41.48995" lon="-7.94867">
        <ele>223.98</ele>
      </trkpt>
      <trkpt lat="41.49018" lon="-7.94863">
        <ele>225.02</ele>
      </trkpt>
      <trkpt lat="41.49076" lon="-7.94885">
        <ele>230.01</ele>
      </trkpt>
      <trkpt lat="41.49092" lon="-7.94887">
        <ele>230.27</ele>
      </trkpt>
      <trkpt lat="41.491" lon="-7.94887">
        <ele>229.18</ele>
      </trkpt>
      <trkpt lat="41.4912" lon="-7.94877">
        <ele>225.31</ele>
      </trkpt>
      <trkpt lat="41.49133" lon="-7.94858">
        <ele>223.31</ele>
      </trkpt>
      <trkpt lat="41.49162" lon="-7.94793">
        <ele>231.22</ele>
      </trkpt>
      <trkpt lat="41.49176" lon="-7.94777">
        <ele>232.92</ele>
      </trkpt>
      <trkpt lat="41.49229" lon="-7.94752">
        <ele>234.49</ele>
      </trkpt>
      <trkpt lat="41.49246" lon="-7.94736">
        <ele>233.79</ele>
      </trkpt>
      <trkpt lat="41.49286" lon="-7.94664">
        <ele>239.04</ele>
      </trkpt>
      <trkpt lat="41.49301" lon="-7.94655">
        <ele>238.5</ele>
      </trkpt>
      <trkpt lat="41.49392" lon="-7.94629">
        <ele>226.11</ele>
      </trkpt>
      <trkpt lat="41.49414" lon="-7.94629">
        <ele>220.8</ele>
      </trkpt>
      <trkpt lat="41.49474" lon="-7.94654">
        <ele>233.67</ele>
      </trkpt>
      <trkpt lat="41.49526" lon="-7.94672">
        <ele>246.22</ele>
      </trkpt>
      <trkpt lat="41.49544" lon="-7.94671">
        <ele>245.75</ele>
      </trkpt>
      <trkpt lat="41.49561" lon="-7.9466">
        <ele>244.85</ele>
      </trkpt>
      <trkpt lat="41.49574" lon="-7.94639">
        <ele>245.33</ele>
      </trkpt>
      <trkpt lat="41.49579" lon="-7.9461">
        <ele>249.24</ele>
      </trkpt>
      <trkpt lat="41.49577" lon="-7.94578">
        <ele>245.97</ele>
      </trkpt>
      <trkpt lat="41.49577" lon="-7.94578">
        <ele>245.97</ele>
      </trkpt>
      <trkpt lat="41.49577" lon="-7.94578">
        <ele>245.97</ele>
      </trkpt>
      <trkpt lat="41.49565" lon="-7.94551">
        <ele>244.71</ele>
      </trkpt>
      <trkpt lat="41.49541" lon="-7.94533">
        <ele>242.18</ele>
      </trkpt>
      <trkpt lat="41.4948" lon="-7.9452">
        <ele>236.93</ele>
      </trkpt>
      <trkpt lat="41.49464" lon="-7.94511">
        <ele>238.1</ele>
      </trkpt>
      <trkpt lat="41.4945" lon="-7.94492">
        <ele>241.02</ele>
      </trkpt>
      <trkpt lat="41.49443" lon="-7.94466">
        <ele>246.35</ele>
      </trkpt>
      <trkpt lat="41.49448" lon="-7.94432">
        <ele>254.41</ele>
      </trkpt>
      <trkpt lat="41.49476" lon="-7.94367">
        <ele>261.06</ele>
      </trkpt>
      <trkpt lat="41.49482" lon="-7.94333">
        <ele>260.06</ele>
      </trkpt>
      <trkpt lat="41.49484" lon="-7.94234">
        <ele>257.72</ele>
      </trkpt>
      <trkpt lat="41.4948" lon="-7.94215">
        <ele>257.59</ele>
      </trkpt>
      <trkpt lat="41.4947" lon="-7.94201">
        <ele>254.3</ele>
      </trkpt>
      <trkpt lat="41.49457" lon="-7.94194">
        <ele>250.14</ele>
      </trkpt>
      <trkpt lat="41.49427" lon="-7.94176">
        <ele>244.6</ele>
      </trkpt>
      <trkpt lat="41.49412" lon="-7.94159">
        <ele>245.93</ele>
      </trkpt>
      <trkpt lat="41.49331" lon="-7.9401">
        <ele>252.29</ele>
      </trkpt>
      <trkpt lat="41.49314" lon="-7.93992">
        <ele>255.45</ele>
      </trkpt>
      <trkpt lat="41.49259" lon="-7.93964">
        <ele>251.22</ele>
      </trkpt>
      <trkpt lat="41.49243" lon="-7.93952">
        <ele>251.23</ele>
      </trkpt>
      <trkpt lat="41.4913" lon="-7.93795">
        <ele>262.66</ele>
      </trkpt>
      <trkpt lat="41.49118" lon="-7.93785">
        <ele>263.61</ele>
      </trkpt>
      <trkpt lat="41.49105" lon="-7.93779">
        <ele>264.85</ele>
      </trkpt>
      <trkpt lat="41.49085" lon="-7.93782">
        <ele>264.44</ele>
      </trkpt>
      <trkpt lat="41.4904" lon="-7.93805">
        <ele>262.52</ele>
      </trkpt>
      <trkpt lat="41.49024" lon="-7.93809">
        <ele>265.39</ele>
      </trkpt>
      <trkpt lat="41.49007" lon="-7.93807">
        <ele>269.44</ele>
      </trkpt>
      <trkpt lat="41.48974" lon="-7.93996">
        <ele>263.89</ele>
      </trkpt>
      <trkpt lat="41.48962" lon="-7.9404">
        <ele>258.29</ele>
      </trkpt>
      <trkpt lat="41.48946" lon="-7.94077">
        <ele>256.84</ele>
      </trkpt>
      <trkpt lat="41.48911" lon="-7.94136">
        <ele>253.56</ele>
      </trkpt>
      <trkpt lat="41.48873" lon="-7.94168">
        <ele>251.22</ele>
      </trkpt>
      <trkpt lat="41.48779" lon="-7.94191">
        <ele>231.6</ele>
      </trkpt>
      <trkpt lat="41.48555" lon="-7.94244">
        <ele>221.04</ele>
      </trkpt>
      <trkpt lat="41.48439" lon="-7.94233">
        <ele>211.13</ele>
      </trkpt>
      <trkpt lat="41.48108" lon="-7.942">
        <ele>204.86</ele>
      </trkpt>
      <trkpt lat="41.48047" lon="-7.94179">
        <ele>191.84</ele>
      </trkpt>
      <trkpt lat="41.48005" lon="-7.94146">
        <ele>182.83</ele>
      </trkpt>
      <trkpt lat="41.47978" lon="-7.94111">
        <ele>180.63</ele>
      </trkpt>
      <trkpt lat="41.47936" lon="-7.94016">
        <ele>175.21</ele>
      </trkpt>
      <trkpt lat="41.47877" lon="-7.9389">
        <ele>167.89</ele>
      </trkpt>
      <trkpt lat="41.47863" lon="-7.93848">
        <ele>168.84</ele>
      </trkpt>
      <trkpt lat="41.47859" lon="-7.93839">
        <ele>167.06</ele>
      </trkpt>
      <trkpt lat="41.47855" lon="-7.93836">
        <ele>165.32</ele>
      </trkpt>
      <trkpt lat="41.47845" lon="-7.93832">
        <ele>161.12</ele>
      </trkpt>
      <trkpt lat="41.47865" lon="-7.93806">
        <ele>169.15</ele>
      </trkpt>
      <trkpt lat="41.47921" lon="-7.93703">
        <ele>151.4</ele>
      </trkpt>
      <trkpt lat="41.47923" lon="-7.93686">
        <ele>146.87</ele>
      </trkpt>
      <trkpt lat="41.47919" lon="-7.93672">
        <ele>144</ele>
      </trkpt>
      <trkpt lat="41.47907" lon="-7.93655">
        <ele>147.08</ele>
      </trkpt>
      <trkpt lat="41.47883" lon="-7.93636">
        <ele>149.48</ele>
      </trkpt>
      <trkpt lat="41.4786" lon="-7.93631">
        <ele>151.11</ele>
      </trkpt>
      <trkpt lat="41.47811" lon="-7.93644">
        <ele>158.9</ele>
      </trkpt>
      <trkpt lat="41.47737" lon="-7.93684">
        <ele>162.92</ele>
      </trkpt>
      <trkpt lat="41.47729" lon="-7.93682">
        <ele>164.33</ele>
      </trkpt>
      <trkpt lat="41.47731" lon="-7.93671">
        <ele>167.43</ele>
      </trkpt>
      <trkpt lat="41.47773" lon="-7.93621">
        <ele>175.04</ele>
      </trkpt>
      <trkpt lat="41.4778" lon="-7.93606">
        <ele>176.69</ele>
      </trkpt>
      <trkpt lat="41.4778" lon="-7.9359">
        <ele>178.21</ele>
      </trkpt>
      <trkpt lat="41.47765" lon="-7.93557">
        <ele>184.25</ele>
      </trkpt>
      <trkpt lat="41.47756" lon="-7.93518">
        <ele>191.54</ele>
      </trkpt>
      <trkpt lat="41.47743" lon="-7.93493">
        <ele>197.14</ele>
      </trkpt>
      <trkpt lat="41.47728" lon="-7.9347">
        <ele>201.31</ele>
      </trkpt>
      <trkpt lat="41.47718" lon="-7.93442">
        <ele>197.08</ele>
      </trkpt>
      <trkpt lat="41.47712" lon="-7.93416">
        <ele>194.58</ele>
      </trkpt>
      <trkpt lat="41.47711" lon="-7.93375">
        <ele>196.59</ele>
      </trkpt>
      <trkpt lat="41.47707" lon="-7.93363">
        <ele>196.4</ele>
      </trkpt>
      <trkpt lat="41.47701" lon="-7.93355">
        <ele>197.06</ele>
      </trkpt>
      <trkpt lat="41.47691" lon="-7.93349">
        <ele>197.87</ele>
      </trkpt>
      <trkpt lat="41.47685" lon="-7.93347">
        <ele>198.37</ele>
      </trkpt>
      <trkpt lat="41.47662" lon="-7.93348">
        <ele>198.05</ele>
      </trkpt>
      <trkpt lat="41.47648" lon="-7.93344">
        <ele>196.1</ele>
      </trkpt>
      <trkpt lat="41.4764" lon="-7.93335">
        <ele>195.96</ele>
      </trkpt>
      <trkpt lat="41.476" lon="-7.93282">
        <ele>208.75</ele>
      </trkpt>
      <trkpt lat="41.47593" lon="-7.93277">
        <ele>211.33</ele>
      </trkpt>
      <trkpt lat="41.47585" lon="-7.93278">
        <ele>212.66</ele>
      </trkpt>
      <trkpt lat="41.47578" lon="-7.93283">
        <ele>213.48</ele>
      </trkpt>
      <trkpt lat="41.47571" lon="-7.93291">
        <ele>213.57</ele>
      </trkpt>
      <trkpt lat="41.47563" lon="-7.93294">
        <ele>214.51</ele>
      </trkpt>
      <trkpt lat="41.47549" lon="-7.93295">
        <ele>217.49</ele>
      </trkpt>
      <trkpt lat="41.47541" lon="-7.93296">
        <ele>219.44</ele>
      </trkpt>
      <trkpt lat="41.47516" lon="-7.93315">
        <ele>220.03</ele>
      </trkpt>
      <trkpt lat="41.47502" lon="-7.9332">
        <ele>220.85</ele>
      </trkpt>
      <trkpt lat="41.47486" lon="-7.93319">
        <ele>220.51</ele>
      </trkpt>
      <trkpt lat="41.47473" lon="-7.9331">
        <ele>220.69</ele>
      </trkpt>
      <trkpt lat="41.47464" lon="-7.93297">
        <ele>222.92</ele>
      </trkpt>
      <trkpt lat="41.47445" lon="-7.93265">
        <ele>222.08</ele>
      </trkpt>
      <trkpt lat="41.47434" lon="-7.9325">
        <ele>222.25</ele>
      </trkpt>
      <trkpt lat="41.47419" lon="-7.93241">
        <ele>222.79</ele>
      </trkpt>
      <trkpt lat="41.47406" lon="-7.93239">
        <ele>224.98</ele>
      </trkpt>
      <trkpt lat="41.47391" lon="-7.93244">
        <ele>227.22</ele>
      </trkpt>
      <trkpt lat="41.47357" lon="-7.93262">
        <ele>226.57</ele>
      </trkpt>
      <trkpt lat="41.47345" lon="-7.93259">
        <ele>227.86</ele>
      </trkpt>
      <trkpt lat="41.47333" lon="-7.93247">
        <ele>230.48</ele>
      </trkpt>
      <trkpt lat="41.47287" lon="-7.93113">
        <ele>243.53</ele>
      </trkpt>
      <trkpt lat="41.4727" lon="-7.93086">
        <ele>248.09</ele>
      </trkpt>
      <trkpt lat="41.47241" lon="-7.92998">
        <ele>267.03</ele>
      </trkpt>
      <trkpt lat="41.4721" lon="-7.92951">
        <ele>282.1</ele>
      </trkpt>
      <trkpt lat="41.47195" lon="-7.9291">
        <ele>277.09</ele>
      </trkpt>
      <trkpt lat="41.47188" lon="-7.92864">
        <ele>273.72</ele>
      </trkpt>
      <trkpt lat="41.47182" lon="-7.92851">
        <ele>274.28</ele>
      </trkpt>
      <trkpt lat="41.4719" lon="-7.92841">
        <ele>275.29</ele>
      </trkpt>
      <trkpt lat="41.47196" lon="-7.92824">
        <ele>277.34</ele>
      </trkpt>
      <trkpt lat="41.47202" lon="-7.92815">
        <ele>278.37</ele>
      </trkpt>
      <trkpt lat="41.4723" lon="-7.92792">
        <ele>279.81</ele>
      </trkpt>
      <trkpt lat="41.47256" lon="-7.9278">
        <ele>280.95</ele>
      </trkpt>
      <trkpt lat="41.47281" lon="-7.92772">
        <ele>280.11</ele>
      </trkpt>
      <trkpt lat="41.47289" lon="-7.92774">
        <ele>280.59</ele>
      </trkpt>
      <trkpt lat="41.47323" lon="-7.92801">
        <ele>275.01</ele>
      </trkpt>
      <trkpt lat="41.47352" lon="-7.92814">
        <ele>273.66</ele>
      </trkpt>
      <trkpt lat="41.47358" lon="-7.92821">
        <ele>272.79</ele>
      </trkpt>
      <trkpt lat="41.47372" lon="-7.92841">
        <ele>271.58</ele>
      </trkpt>
      <trkpt lat="41.4738" lon="-7.9285">
        <ele>271.22</ele>
      </trkpt>
      <trkpt lat="41.4739" lon="-7.92858">
        <ele>270.56</ele>
      </trkpt>
      <trkpt lat="41.47413" lon="-7.9287">
        <ele>272.2</ele>
      </trkpt>
      <trkpt lat="41.47423" lon="-7.92875">
        <ele>272.73</ele>
      </trkpt>
      <trkpt lat="41.47428" lon="-7.92871">
        <ele>273.05</ele>
      </trkpt>
      <trkpt lat="41.47439" lon="-7.92871">
        <ele>273.45</ele>
      </trkpt>
      <trkpt lat="41.47449" lon="-7.9287">
        <ele>274.01</ele>
      </trkpt>
      <trkpt lat="41.47457" lon="-7.92868">
        <ele>274.66</ele>
      </trkpt>
      <trkpt lat="41.47467" lon="-7.92862">
        <ele>275.59</ele>
      </trkpt>
      <trkpt lat="41.47474" lon="-7.92857">
        <ele>276.11</ele>
      </trkpt>
      <trkpt lat="41.47472" lon="-7.92825">
        <ele>280.5</ele>
      </trkpt>
      <trkpt lat="41.47469" lon="-7.92788">
        <ele>286.67</ele>
      </trkpt>
      <trkpt lat="41.47471" lon="-7.92747">
        <ele>294.4</ele>
      </trkpt>
      <trkpt lat="41.4747" lon="-7.9274">
        <ele>295.15</ele>
      </trkpt>
      <trkpt lat="41.47524" lon="-7.92693">
        <ele>297.11</ele>
      </trkpt>
      <trkpt lat="41.47556" lon="-7.92675">
        <ele>293.05</ele>
      </trkpt>
      <trkpt lat="41.4759" lon="-7.92666">
        <ele>296.71</ele>
      </trkpt>
      <trkpt lat="41.47605" lon="-7.92658">
        <ele>297.85</ele>
      </trkpt>
      <trkpt lat="41.47618" lon="-7.9264">
        <ele>295.6</ele>
      </trkpt>
      <trkpt lat="41.47625" lon="-7.92607">
        <ele>292.37</ele>
      </trkpt>
      <trkpt lat="41.47627" lon="-7.92546">
        <ele>294.79</ele>
      </trkpt>
      <trkpt lat="41.47628" lon="-7.9252">
        <ele>297.48</ele>
      </trkpt>
      <trkpt lat="41.47631" lon="-7.92479">
        <ele>303.85</ele>
      </trkpt>
      <trkpt lat="41.47637" lon="-7.92459">
        <ele>307.32</ele>
      </trkpt>
      <trkpt lat="41.47647" lon="-7.9244">
        <ele>310.48</ele>
      </trkpt>
      <trkpt lat="41.47671" lon="-7.9241">
        <ele>313.43</ele>
      </trkpt>
      <trkpt lat="41.47679" lon="-7.92396">
        <ele>314</ele>
      </trkpt>
      <trkpt lat="41.47685" lon="-7.92374">
        <ele>313.25</ele>
      </trkpt>
      <trkpt lat="41.47687" lon="-7.92358">
        <ele>312.35</ele>
      </trkpt>
      <trkpt lat="41.47683" lon="-7.92342">
        <ele>311.49</ele>
      </trkpt>
      <trkpt lat="41.47677" lon="-7.9233">
        <ele>310.89</ele>
      </trkpt>
      <trkpt lat="41.47661" lon="-7.92314">
        <ele>311.33</ele>
      </trkpt>
      <trkpt lat="41.47596" lon="-7.92268">
        <ele>316.06</ele>
      </trkpt>
      <trkpt lat="41.47581" lon="-7.92264">
        <ele>316.96</ele>
      </trkpt>
      <trkpt lat="41.4755" lon="-7.92263">
        <ele>323.52</ele>
      </trkpt>
      <trkpt lat="41.4755" lon="-7.92263">
        <ele>323.52</ele>
      </trkpt>
      <trkpt lat="41.47481" lon="-7.9226">
        <ele>337.64</ele>
      </trkpt>
      <trkpt lat="41.47462" lon="-7.92254">
        <ele>337.31</ele>
      </trkpt>
      <trkpt lat="41.47439" lon="-7.92241">
        <ele>340.07</ele>
      </trkpt>
      <trkpt lat="41.47408" lon="-7.92218">
        <ele>351.21</ele>
      </trkpt>
      <trkpt lat="41.47352" lon="-7.9219">
        <ele>368.49</ele>
      </trkpt>
      <trkpt lat="41.47321" lon="-7.92177">
        <ele>368.82</ele>
      </trkpt>
      <trkpt lat="41.47307" lon="-7.92169">
        <ele>368.65</ele>
      </trkpt>
      <trkpt lat="41.47296" lon="-7.92157">
        <ele>365.91</ele>
      </trkpt>
      <trkpt lat="41.47289" lon="-7.92143">
        <ele>363.95</ele>
      </trkpt>
      <trkpt lat="41.47285" lon="-7.92129">
        <ele>364</ele>
      </trkpt>
      <trkpt lat="41.47285" lon="-7.92114">
        <ele>364.4</ele>
      </trkpt>
      <trkpt lat="41.47287" lon="-7.92098">
        <ele>364.96</ele>
      </trkpt>
      <trkpt lat="41.47301" lon="-7.92045">
        <ele>366.76</ele>
      </trkpt>
      <trkpt lat="41.47304" lon="-7.92021">
        <ele>368.46</ele>
      </trkpt>
      <trkpt lat="41.47305" lon="-7.92008">
        <ele>369.4</ele>
      </trkpt>
      <trkpt lat="41.47303" lon="-7.92">
        <ele>369.82</ele>
      </trkpt>
      <trkpt lat="41.47314" lon="-7.91988">
        <ele>367.7</ele>
      </trkpt>
      <trkpt lat="41.47321" lon="-7.91972">
        <ele>366.22</ele>
      </trkpt>
      <trkpt lat="41.47335" lon="-7.91928">
        <ele>364.72</ele>
      </trkpt>
      <trkpt lat="41.47339" lon="-7.91915">
        <ele>364.02</ele>
      </trkpt>
      <trkpt lat="41.47341" lon="-7.919">
        <ele>364.12</ele>
      </trkpt>
      <trkpt lat="41.4734" lon="-7.91886">
        <ele>364.78</ele>
      </trkpt>
      <trkpt lat="41.47338" lon="-7.91874">
        <ele>366.09</ele>
      </trkpt>
      <trkpt lat="41.47334" lon="-7.91862">
        <ele>367.81</ele>
      </trkpt>
      <trkpt lat="41.47327" lon="-7.9185">
        <ele>369.56</ele>
      </trkpt>
      <trkpt lat="41.47305" lon="-7.91817">
        <ele>376.83</ele>
      </trkpt>
      <trkpt lat="41.47301" lon="-7.91805">
        <ele>378.45</ele>
      </trkpt>
      <trkpt lat="41.47301" lon="-7.91792">
        <ele>377.36</ele>
      </trkpt>
      <trkpt lat="41.47313" lon="-7.91751">
        <ele>373.26</ele>
      </trkpt>
      <trkpt lat="41.4732" lon="-7.91701">
        <ele>370.91</ele>
      </trkpt>
      <trkpt lat="41.47324" lon="-7.9169">
        <ele>370.06</ele>
      </trkpt>
      <trkpt lat="41.47332" lon="-7.91682">
        <ele>369.55</ele>
      </trkpt>
      <trkpt lat="41.4737" lon="-7.91667">
        <ele>368.36</ele>
      </trkpt>
      <trkpt lat="41.4738" lon="-7.9166">
        <ele>367.17</ele>
      </trkpt>
      <trkpt lat="41.47383" lon="-7.91656">
        <ele>367.05</ele>
      </trkpt>
      <trkpt lat="41.47388" lon="-7.91645">
        <ele>367.45</ele>
      </trkpt>
      <trkpt lat="41.47389" lon="-7.91635">
        <ele>368.13</ele>
      </trkpt>
      <trkpt lat="41.47389" lon="-7.91624">
        <ele>368.52</ele>
      </trkpt>
      <trkpt lat="41.47386" lon="-7.91611">
        <ele>369.62</ele>
      </trkpt>
      <trkpt lat="41.47383" lon="-7.916">
        <ele>369.79</ele>
      </trkpt>
      <trkpt lat="41.47357" lon="-7.91535">
        <ele>368.3</ele>
      </trkpt>
      <trkpt lat="41.47344" lon="-7.91517">
        <ele>368.36</ele>
      </trkpt>
      <trkpt lat="41.47281" lon="-7.91468">
        <ele>372.62</ele>
      </trkpt>
      <trkpt lat="41.47272" lon="-7.91454">
        <ele>373.57</ele>
      </trkpt>
      <trkpt lat="41.47269" lon="-7.91431">
        <ele>373.32</ele>
      </trkpt>
      <trkpt lat="41.47272" lon="-7.91411">
        <ele>372.52</ele>
      </trkpt>
      <trkpt lat="41.47262" lon="-7.91414">
        <ele>373.35</ele>
      </trkpt>
      <trkpt lat="41.47252" lon="-7.91426">
        <ele>373.93</ele>
      </trkpt>
      <trkpt lat="41.47248" lon="-7.91439">
        <ele>374.23</ele>
      </trkpt>
      <trkpt lat="41.47251" lon="-7.9145">
        <ele>374.93</ele>
      </trkpt>
      <trkpt lat="41.4731" lon="-7.91516">
        <ele>372.31</ele>
      </trkpt>
      <trkpt lat="41.4732" lon="-7.91533">
        <ele>373.29</ele>
      </trkpt>
      <trkpt lat="41.47342" lon="-7.91598">
        <ele>374.02</ele>
      </trkpt>
      <trkpt lat="41.47341" lon="-7.91613">
        <ele>374.05</ele>
      </trkpt>
      <trkpt lat="41.47334" lon="-7.91626">
        <ele>372.4</ele>
      </trkpt>
      <trkpt lat="41.47314" lon="-7.91648">
        <ele>371.37</ele>
      </trkpt>
      <trkpt lat="41.47304" lon="-7.9165">
        <ele>371.85</ele>
      </trkpt>
      <trkpt lat="41.47255" lon="-7.91625">
        <ele>383.42</ele>
      </trkpt>
      <trkpt lat="41.47185" lon="-7.91593">
        <ele>397.48</ele>
      </trkpt>
      <trkpt lat="41.47143" lon="-7.91558">
        <ele>402.51</ele>
      </trkpt>
      <trkpt lat="41.47106" lon="-7.91523">
        <ele>404.56</ele>
      </trkpt>
      <trkpt lat="41.47082" lon="-7.9149">
        <ele>403.05</ele>
      </trkpt>
      <trkpt lat="41.47063" lon="-7.91448">
        <ele>404.4</ele>
      </trkpt>
      <trkpt lat="41.47014" lon="-7.91286">
        <ele>414.78</ele>
      </trkpt>
      <trkpt lat="41.47004" lon="-7.91268">
        <ele>414.91</ele>
      </trkpt>
      <trkpt lat="41.46879" lon="-7.91178">
        <ele>427.45</ele>
      </trkpt>
      <trkpt lat="41.46831" lon="-7.91166">
        <ele>433.43</ele>
      </trkpt>
      <trkpt lat="41.46715" lon="-7.91133">
        <ele>450.36</ele>
      </trkpt>
      <trkpt lat="41.467" lon="-7.91102">
        <ele>455.92</ele>
      </trkpt>
      <trkpt lat="41.46702" lon="-7.91079">
        <ele>457.73</ele>
      </trkpt>
      <trkpt lat="41.46713" lon="-7.91032">
        <ele>454.07</ele>
      </trkpt>
      <trkpt lat="41.46714" lon="-7.91011">
        <ele>451.11</ele>
      </trkpt>
      <trkpt lat="41.46711" lon="-7.90994">
        <ele>449.54</ele>
      </trkpt>
      <trkpt lat="41.46703" lon="-7.90981">
        <ele>449.36</ele>
      </trkpt>
      <trkpt lat="41.4669" lon="-7.90977">
        <ele>450.97</ele>
      </trkpt>
      <trkpt lat="41.46678" lon="-7.9098">
        <ele>454.86</ele>
      </trkpt>
      <trkpt lat="41.46667" lon="-7.90997">
        <ele>460.47</ele>
      </trkpt>
      <trkpt lat="41.46651" lon="-7.91038">
        <ele>464.36</ele>
      </trkpt>
      <trkpt lat="41.46633" lon="-7.91066">
        <ele>462.77</ele>
      </trkpt>
      <trkpt lat="41.4662" lon="-7.9108">
        <ele>459.65</ele>
      </trkpt>
      <trkpt lat="41.46605" lon="-7.91084">
        <ele>457.84</ele>
      </trkpt>
      <trkpt lat="41.46593" lon="-7.91077">
        <ele>459.15</ele>
      </trkpt>
      <trkpt lat="41.46586" lon="-7.91065">
        <ele>460.83</ele>
      </trkpt>
      <trkpt lat="41.46584" lon="-7.91051">
        <ele>462.4</ele>
      </trkpt>
      <trkpt lat="41.46591" lon="-7.91014">
        <ele>465.77</ele>
      </trkpt>
      <trkpt lat="41.4659" lon="-7.90988">
        <ele>467.52</ele>
      </trkpt>
      <trkpt lat="41.4658" lon="-7.90968">
        <ele>470.68</ele>
      </trkpt>
      <trkpt lat="41.46516" lon="-7.90912">
        <ele>477.84</ele>
      </trkpt>
      <trkpt lat="41.46505" lon="-7.90897">
        <ele>478.5</ele>
      </trkpt>
      <trkpt lat="41.46447" lon="-7.90791">
        <ele>480.41</ele>
      </trkpt>
      <trkpt lat="41.464" lon="-7.907">
        <ele>493.04</ele>
      </trkpt>
      <trkpt lat="41.46397" lon="-7.90697">
        <ele>493.69</ele>
      </trkpt>
      <trkpt lat="41.46384" lon="-7.9068">
        <ele>494.14</ele>
      </trkpt>
      <trkpt lat="41.46362" lon="-7.90671">
        <ele>496.34</ele>
      </trkpt>
      <trkpt lat="41.46278" lon="-7.90674">
        <ele>507.07</ele>
      </trkpt>
      <trkpt lat="41.46266" lon="-7.90684">
        <ele>513.74</ele>
      </trkpt>
      <trkpt lat="41.46247" lon="-7.90678">
        <ele>519.6</ele>
      </trkpt>
      <trkpt lat="41.46213" lon="-7.90641">
        <ele>529.8</ele>
      </trkpt>
      <trkpt lat="41.46205" lon="-7.90623">
        <ele>533.31</ele>
      </trkpt>
      <trkpt lat="41.46194" lon="-7.90603">
        <ele>535.5</ele>
      </trkpt>
      <trkpt lat="41.4618" lon="-7.90595">
        <ele>534.1</ele>
      </trkpt>
      <trkpt lat="41.46167" lon="-7.90572">
        <ele>535.06</ele>
      </trkpt>
      <trkpt lat="41.46139" lon="-7.90552">
        <ele>542.22</ele>
      </trkpt>
      <trkpt lat="41.46123" lon="-7.90532">
        <ele>548.53</ele>
      </trkpt>
      <trkpt lat="41.46072" lon="-7.90539">
        <ele>557.35</ele>
      </trkpt>
      <trkpt lat="41.46061" lon="-7.90486">
        <ele>559.73</ele>
      </trkpt>
      <trkpt lat="41.46049" lon="-7.90464">
        <ele>562.47</ele>
      </trkpt>
      <trkpt lat="41.46018" lon="-7.90438">
        <ele>567.16</ele>
      </trkpt>
      <trkpt lat="41.46006" lon="-7.90418">
        <ele>570.08</ele>
      </trkpt>
      <trkpt lat="41.45995" lon="-7.9038">
        <ele>571.64</ele>
      </trkpt>
      <trkpt lat="41.45978" lon="-7.90214">
        <ele>589.64</ele>
      </trkpt>
      <trkpt lat="41.45971" lon="-7.902">
        <ele>591.66</ele>
      </trkpt>
      <trkpt lat="41.45959" lon="-7.90195">
        <ele>592.46</ele>
      </trkpt>
      <trkpt lat="41.45946" lon="-7.90204">
        <ele>592.91</ele>
      </trkpt>
      <trkpt lat="41.45919" lon="-7.90255">
        <ele>596.46</ele>
      </trkpt>
      <trkpt lat="41.45908" lon="-7.90267">
        <ele>595.32</ele>
      </trkpt>
      <trkpt lat="41.45898" lon="-7.90269">
        <ele>592.39</ele>
      </trkpt>
      <trkpt lat="41.45891" lon="-7.90266">
        <ele>590.45</ele>
      </trkpt>
      <trkpt lat="41.45879" lon="-7.90255">
        <ele>590.03</ele>
      </trkpt>
      <trkpt lat="41.45873" lon="-7.90238">
        <ele>590.61</ele>
      </trkpt>
      <trkpt lat="41.4587" lon="-7.90194">
        <ele>590.67</ele>
      </trkpt>
      <trkpt lat="41.45865" lon="-7.90167">
        <ele>594.36</ele>
      </trkpt>
      <trkpt lat="41.45855" lon="-7.90146">
        <ele>597.04</ele>
      </trkpt>
      <trkpt lat="41.45799" lon="-7.90069">
        <ele>604.43</ele>
      </trkpt>
      <trkpt lat="41.45777" lon="-7.90039">
        <ele>607.48</ele>
      </trkpt>
      <trkpt lat="41.45717" lon="-7.89927">
        <ele>607.14</ele>
      </trkpt>
      <trkpt lat="41.45694" lon="-7.899">
        <ele>611.4</ele>
      </trkpt>
      <trkpt lat="41.45666" lon="-7.89876">
        <ele>617.09</ele>
      </trkpt>
      <trkpt lat="41.45651" lon="-7.89859">
        <ele>620.07</ele>
      </trkpt>
      <trkpt lat="41.45638" lon="-7.89836">
        <ele>620.42</ele>
      </trkpt>
      <trkpt lat="41.45606" lon="-7.89731">
        <ele>627.01</ele>
      </trkpt>
      <trkpt lat="41.45599" lon="-7.89703">
        <ele>631.06</ele>
      </trkpt>
      <trkpt lat="41.45588" lon="-7.89681">
        <ele>634.91</ele>
      </trkpt>
      <trkpt lat="41.45477" lon="-7.89567">
        <ele>643.63</ele>
      </trkpt>
      <trkpt lat="41.45466" lon="-7.89562">
        <ele>646.68</ele>
      </trkpt>
      <trkpt lat="41.45454" lon="-7.89565">
        <ele>649.77</ele>
      </trkpt>
      <trkpt lat="41.45444" lon="-7.89579">
        <ele>650.84</ele>
      </trkpt>
      <trkpt lat="41.45429" lon="-7.89617">
        <ele>653.44</ele>
      </trkpt>
      <trkpt lat="41.45419" lon="-7.89631">
        <ele>656.68</ele>
      </trkpt>
      <trkpt lat="41.45408" lon="-7.89641">
        <ele>659.79</ele>
      </trkpt>
      <trkpt lat="41.45387" lon="-7.89655">
        <ele>664.75</ele>
      </trkpt>
      <trkpt lat="41.45378" lon="-7.8966">
        <ele>667.03</ele>
      </trkpt>
      <trkpt lat="41.45367" lon="-7.89674">
        <ele>669.09</ele>
      </trkpt>
      <trkpt lat="41.45356" lon="-7.89712">
        <ele>669.06</ele>
      </trkpt>
      <trkpt lat="41.45348" lon="-7.89726">
        <ele>670.92</ele>
      </trkpt>
      <trkpt lat="41.45333" lon="-7.89742">
        <ele>675.65</ele>
      </trkpt>
      <trkpt lat="41.4532" lon="-7.89754">
        <ele>677.6</ele>
      </trkpt>
      <trkpt lat="41.45312" lon="-7.89772">
        <ele>677.6</ele>
      </trkpt>
      <trkpt lat="41.45308" lon="-7.89798">
        <ele>676.73</ele>
      </trkpt>
      <trkpt lat="41.45311" lon="-7.89837">
        <ele>675.91</ele>
      </trkpt>
      <trkpt lat="41.45307" lon="-7.89861">
        <ele>676.48</ele>
      </trkpt>
      <trkpt lat="41.45294" lon="-7.89874">
        <ele>676.69</ele>
      </trkpt>
      <trkpt lat="41.45281" lon="-7.89878">
        <ele>677.1</ele>
      </trkpt>
      <trkpt lat="41.45263" lon="-7.89871">
        <ele>679.93</ele>
      </trkpt>
      <trkpt lat="41.45238" lon="-7.89842">
        <ele>685.08</ele>
      </trkpt>
      <trkpt lat="41.45203" lon="-7.89796">
        <ele>684.15</ele>
      </trkpt>
      <trkpt lat="41.45188" lon="-7.89752">
        <ele>686.77</ele>
      </trkpt>
      <trkpt lat="41.45179" lon="-7.89718">
        <ele>686.43</ele>
      </trkpt>
      <trkpt lat="41.45179" lon="-7.89674">
        <ele>691.83</ele>
      </trkpt>
      <trkpt lat="41.45184" lon="-7.89631">
        <ele>698.98</ele>
      </trkpt>
      <trkpt lat="41.45178" lon="-7.89611">
        <ele>698.92</ele>
      </trkpt>
      <trkpt lat="41.45163" lon="-7.89595">
        <ele>699.6</ele>
      </trkpt>
      <trkpt lat="41.45132" lon="-7.89581">
        <ele>696.08</ele>
      </trkpt>
      <trkpt lat="41.45122" lon="-7.89566">
        <ele>696.45</ele>
      </trkpt>
      <trkpt lat="41.45116" lon="-7.89539">
        <ele>699.51</ele>
      </trkpt>
      <trkpt lat="41.45114" lon="-7.89469">
        <ele>708.86</ele>
      </trkpt>
      <trkpt lat="41.45103" lon="-7.89453">
        <ele>710.79</ele>
      </trkpt>
      <trkpt lat="41.45029" lon="-7.8943">
        <ele>713.93</ele>
      </trkpt>
      <trkpt lat="41.45004" lon="-7.89439">
        <ele>711.24</ele>
      </trkpt>
      <trkpt lat="41.44995" lon="-7.89469">
        <ele>718.11</ele>
      </trkpt>
      <trkpt lat="41.44986" lon="-7.89488">
        <ele>721.01</ele>
      </trkpt>
      <trkpt lat="41.44977" lon="-7.89498">
        <ele>721.75</ele>
      </trkpt>
      <trkpt lat="41.44916" lon="-7.89538">
        <ele>731.6</ele>
      </trkpt>
      <trkpt lat="41.44881" lon="-7.89565">
        <ele>729.58</ele>
      </trkpt>
      <trkpt lat="41.44856" lon="-7.89577">
        <ele>733.97</ele>
      </trkpt>
      <trkpt lat="41.44855" lon="-7.89578">
        <ele>733.76</ele>
      </trkpt>
      <trkpt lat="41.44833" lon="-7.89576">
        <ele>732.13</ele>
      </trkpt>
      <trkpt lat="41.44807" lon="-7.89569">
        <ele>734.56</ele>
      </trkpt>
      <trkpt lat="41.44792" lon="-7.89577">
        <ele>735.96</ele>
      </trkpt>
      <trkpt lat="41.44782" lon="-7.89602">
        <ele>739.37</ele>
      </trkpt>
      <trkpt lat="41.44782" lon="-7.89626">
        <ele>742.04</ele>
      </trkpt>
      <trkpt lat="41.44776" lon="-7.89628">
        <ele>743.43</ele>
      </trkpt>
      <trkpt lat="41.44769" lon="-7.89645">
        <ele>743.86</ele>
      </trkpt>
      <trkpt lat="41.44749" lon="-7.89662">
        <ele>745.15</ele>
      </trkpt>
      <trkpt lat="41.44605" lon="-7.89701">
        <ele>744.8</ele>
      </trkpt>
      <trkpt lat="41.4456" lon="-7.89697">
        <ele>753.34</ele>
      </trkpt>
      <trkpt lat="41.44519" lon="-7.89671">
        <ele>759.79</ele>
      </trkpt>
      <trkpt lat="41.44508" lon="-7.89657">
        <ele>759.77</ele>
      </trkpt>
      <trkpt lat="41.44506" lon="-7.89639">
        <ele>761.28</ele>
      </trkpt>
      <trkpt lat="41.44516" lon="-7.89616">
        <ele>764.75</ele>
      </trkpt>
      <trkpt lat="41.44564" lon="-7.89583">
        <ele>772.58</ele>
      </trkpt>
      <trkpt lat="41.44576" lon="-7.89576">
        <ele>772.56</ele>
      </trkpt>
      <trkpt lat="41.44593" lon="-7.89573">
        <ele>773.34</ele>
      </trkpt>
      <trkpt lat="41.44611" lon="-7.8956">
        <ele>773.47</ele>
      </trkpt>
      <trkpt lat="41.44618" lon="-7.89538">
        <ele>773.36</ele>
      </trkpt>
      <trkpt lat="41.44612" lon="-7.89512">
        <ele>773.21</ele>
      </trkpt>
      <trkpt lat="41.44554" lon="-7.89436">
        <ele>775.14</ele>
      </trkpt>
      <trkpt lat="41.44543" lon="-7.89416">
        <ele>777.13</ele>
      </trkpt>
      <trkpt lat="41.44532" lon="-7.89368">
        <ele>779.19</ele>
      </trkpt>
      <trkpt lat="41.44529" lon="-7.89341">
        <ele>780.66</ele>
      </trkpt>
      <trkpt lat="41.44518" lon="-7.8932">
        <ele>781.85</ele>
      </trkpt>
      <trkpt lat="41.44501" lon="-7.89309">
        <ele>782.34</ele>
      </trkpt>
      <trkpt lat="41.44419" lon="-7.89262">
        <ele>792.93</ele>
      </trkpt>
      <trkpt lat="41.44407" lon="-7.89245">
        <ele>795.89</ele>
      </trkpt>
      <trkpt lat="41.44404" lon="-7.89217">
        <ele>800.45</ele>
      </trkpt>
      <trkpt lat="41.44415" lon="-7.89086">
        <ele>813.49</ele>
      </trkpt>
      <trkpt lat="41.44415" lon="-7.89029">
        <ele>811.92</ele>
      </trkpt>
      <trkpt lat="41.4441" lon="-7.89011">
        <ele>811.21</ele>
      </trkpt>
      <trkpt lat="41.44401" lon="-7.89035">
        <ele>810.69</ele>
      </trkpt>
      <trkpt lat="41.44382" lon="-7.89076">
        <ele>807.76</ele>
      </trkpt>
      <trkpt lat="41.44375" lon="-7.89113">
        <ele>806.3</ele>
      </trkpt>
      <trkpt lat="41.44355" lon="-7.89138">
        <ele>805.46</ele>
      </trkpt>
      <trkpt lat="41.44294" lon="-7.89171">
        <ele>803.95</ele>
      </trkpt>
      <trkpt lat="41.4427" lon="-7.89175">
        <ele>803.96</ele>
      </trkpt>
      <trkpt lat="41.44229" lon="-7.89202">
        <ele>802.62</ele>
      </trkpt>
      <trkpt lat="41.44205" lon="-7.8921">
        <ele>799.87</ele>
      </trkpt>
      <trkpt lat="41.44156" lon="-7.89217">
        <ele>802.18</ele>
      </trkpt>
      <trkpt lat="41.441" lon="-7.89229">
        <ele>802.16</ele>
      </trkpt>
      <trkpt lat="41.4399" lon="-7.89254">
        <ele>807.28</ele>
      </trkpt>
      <trkpt lat="41.43905" lon="-7.89259">
        <ele>801.92</ele>
      </trkpt>
      <trkpt lat="41.4388" lon="-7.89263">
        <ele>799.61</ele>
      </trkpt>
      <trkpt lat="41.43846" lon="-7.8926">
        <ele>795.44</ele>
      </trkpt>
      <trkpt lat="41.43779" lon="-7.89233">
        <ele>787.88</ele>
      </trkpt>
      <trkpt lat="41.4376" lon="-7.89232">
        <ele>794.74</ele>
      </trkpt>
      <trkpt lat="41.43734" lon="-7.89222">
        <ele>799.46</ele>
      </trkpt>
      <trkpt lat="41.43696" lon="-7.89221">
        <ele>794.5</ele>
      </trkpt>
      <trkpt lat="41.43602" lon="-7.89227">
        <ele>800.41</ele>
      </trkpt>
      <trkpt lat="41.43586" lon="-7.89214">
        <ele>795.86</ele>
      </trkpt>
      <trkpt lat="41.43564" lon="-7.89196">
        <ele>798.92</ele>
      </trkpt>
      <trkpt lat="41.43521" lon="-7.8918">
        <ele>803.16</ele>
      </trkpt>
      <trkpt lat="41.43507" lon="-7.89173">
        <ele>803.71</ele>
      </trkpt>
      <trkpt lat="41.43493" lon="-7.8917">
        <ele>803.35</ele>
      </trkpt>
      <trkpt lat="41.4348" lon="-7.89178">
        <ele>801.86</ele>
      </trkpt>
      <trkpt lat="41.43472" lon="-7.89195">
        <ele>800.04</ele>
      </trkpt>
      <trkpt lat="41.43471" lon="-7.89229">
        <ele>802.06</ele>
      </trkpt>
      <trkpt lat="41.43459" lon="-7.89243">
        <ele>801.08</ele>
      </trkpt>
      <trkpt lat="41.43412" lon="-7.89276">
        <ele>794.42</ele>
      </trkpt>
      <trkpt lat="41.43396" lon="-7.89299">
        <ele>791.63</ele>
      </trkpt>
      <trkpt lat="41.43384" lon="-7.89305">
        <ele>790.47</ele>
      </trkpt>
      <trkpt lat="41.43306" lon="-7.89306">
        <ele>790.95</ele>
      </trkpt>
      <trkpt lat="41.43255" lon="-7.89334">
        <ele>792.36</ele>
      </trkpt>
      <trkpt lat="41.43203" lon="-7.8936">
        <ele>796.76</ele>
      </trkpt>
      <trkpt lat="41.43112" lon="-7.89414">
        <ele>785.83</ele>
      </trkpt>
      <trkpt lat="41.43097" lon="-7.89412">
        <ele>781.01</ele>
      </trkpt>
      <trkpt lat="41.43026" lon="-7.89365">
        <ele>784.78</ele>
      </trkpt>
      <trkpt lat="41.43012" lon="-7.89362">
        <ele>786.63</ele>
      </trkpt>
      <trkpt lat="41.42992" lon="-7.89369">
        <ele>788.17</ele>
      </trkpt>
      <trkpt lat="41.42974" lon="-7.89384">
        <ele>789.77</ele>
      </trkpt>
      <trkpt lat="41.42963" lon="-7.89425">
        <ele>794.03</ele>
      </trkpt>
      <trkpt lat="41.4295" lon="-7.89447">
        <ele>796.51</ele>
      </trkpt>
      <trkpt lat="41.4276" lon="-7.8959">
        <ele>775.21</ele>
      </trkpt>
      <trkpt lat="41.42745" lon="-7.89621">
        <ele>776.25</ele>
      </trkpt>
      <trkpt lat="41.42721" lon="-7.89679">
        <ele>781.67</ele>
      </trkpt>
      <trkpt lat="41.42678" lon="-7.89737">
        <ele>784.84</ele>
      </trkpt>
      <trkpt lat="41.42603" lon="-7.89845">
        <ele>763.44</ele>
      </trkpt>
      <trkpt lat="41.42589" lon="-7.89857">
        <ele>760.2</ele>
      </trkpt>
      <trkpt lat="41.42572" lon="-7.89866">
        <ele>758.6</ele>
      </trkpt>
      <trkpt lat="41.42556" lon="-7.89872">
        <ele>758.41</ele>
      </trkpt>
      <trkpt lat="41.425" lon="-7.89904">
        <ele>766.63</ele>
      </trkpt>
      <trkpt lat="41.42471" lon="-7.89911">
        <ele>770.45</ele>
      </trkpt>
      <trkpt lat="41.42401" lon="-7.89919">
        <ele>778.24</ele>
      </trkpt>
      <trkpt lat="41.4237" lon="-7.89939">
        <ele>784.55</ele>
      </trkpt>
      <trkpt lat="41.4235" lon="-7.89947">
        <ele>783.73</ele>
      </trkpt>
      <trkpt lat="41.42334" lon="-7.89951">
        <ele>781.61</ele>
      </trkpt>
      <trkpt lat="41.42323" lon="-7.89962">
        <ele>780.27</ele>
      </trkpt>
      <trkpt lat="41.42284" lon="-7.90107">
        <ele>768.93</ele>
      </trkpt>
      <trkpt lat="41.42272" lon="-7.90153">
        <ele>770.63</ele>
      </trkpt>
      <trkpt lat="41.42261" lon="-7.90181">
        <ele>775.8</ele>
      </trkpt>
      <trkpt lat="41.42248" lon="-7.90201">
        <ele>779.1</ele>
      </trkpt>
      <trkpt lat="41.42208" lon="-7.90229">
        <ele>772.73</ele>
      </trkpt>
      <trkpt lat="41.42195" lon="-7.90251">
        <ele>773.4</ele>
      </trkpt>
      <trkpt lat="41.42144" lon="-7.90302">
        <ele>766</ele>
      </trkpt>
      <trkpt lat="41.42137" lon="-7.90307">
        <ele>765.54</ele>
      </trkpt>
      <trkpt lat="41.42134" lon="-7.90316">
        <ele>764.63</ele>
      </trkpt>
      <trkpt lat="41.42137" lon="-7.90342">
        <ele>764.12</ele>
      </trkpt>
      <trkpt lat="41.42143" lon="-7.90368">
        <ele>763.15</ele>
      </trkpt>
      <trkpt lat="41.42139" lon="-7.90377">
        <ele>763</ele>
      </trkpt>
      <trkpt lat="41.42119" lon="-7.90388">
        <ele>765.06</ele>
      </trkpt>
      <trkpt lat="41.42108" lon="-7.90391">
        <ele>766.98</ele>
      </trkpt>
      <trkpt lat="41.42081" lon="-7.90397">
        <ele>773.27</ele>
      </trkpt>
      <trkpt lat="41.42027" lon="-7.90427">
        <ele>794.05</ele>
      </trkpt>
      <trkpt lat="41.41927" lon="-7.90475">
        <ele>798.95</ele>
      </trkpt>
      <trkpt lat="41.41863" lon="-7.90511">
        <ele>790.18</ele>
      </trkpt>
      <trkpt lat="41.41848" lon="-7.90525">
        <ele>789.38</ele>
      </trkpt>
      <trkpt lat="41.41846" lon="-7.90589">
        <ele>782.02</ele>
      </trkpt>
      <trkpt lat="41.41871" lon="-7.9065">
        <ele>787.62</ele>
      </trkpt>
      <trkpt lat="41.4187" lon="-7.90667">
        <ele>792.33</ele>
      </trkpt>
      <trkpt lat="41.41859" lon="-7.90678">
        <ele>793.13</ele>
      </trkpt>
      <trkpt lat="41.41798" lon="-7.90719">
        <ele>804.76</ele>
      </trkpt>
      <trkpt lat="41.41717" lon="-7.90841">
        <ele>809.32</ele>
      </trkpt>
      <trkpt lat="41.41684" lon="-7.90907">
        <ele>808.3</ele>
      </trkpt>
      <trkpt lat="41.41674" lon="-7.90966">
        <ele>806.54</ele>
      </trkpt>
      <trkpt lat="41.41683" lon="-7.91059">
        <ele>808.17</ele>
      </trkpt>
      <trkpt lat="41.41709" lon="-7.91162">
        <ele>813.36</ele>
      </trkpt>
      <trkpt lat="41.41729" lon="-7.91204">
        <ele>817.1</ele>
      </trkpt>
      <trkpt lat="41.41744" lon="-7.91226">
        <ele>821.76</ele>
      </trkpt>
      <trkpt lat="41.41769" lon="-7.91268">
        <ele>829.05</ele>
      </trkpt>
      <trkpt lat="41.41789" lon="-7.91327">
        <ele>830.58</ele>
      </trkpt>
      <trkpt lat="41.4177" lon="-7.9132">
        <ele>828.67</ele>
      </trkpt>
      <trkpt lat="41.41744" lon="-7.91318">
        <ele>829.7</ele>
      </trkpt>
      <trkpt lat="41.4174" lon="-7.91319">
        <ele>830.2</ele>
      </trkpt>
      <trkpt lat="41.41698" lon="-7.91327">
        <ele>830.91</ele>
      </trkpt>
      <trkpt lat="41.41641" lon="-7.9133">
        <ele>823.3</ele>
      </trkpt>
      <trkpt lat="41.41605" lon="-7.91328">
        <ele>816.06</ele>
      </trkpt>
      <trkpt lat="41.41594" lon="-7.91331">
        <ele>814.75</ele>
      </trkpt>
      <trkpt lat="41.41574" lon="-7.9135">
        <ele>821.23</ele>
      </trkpt>
      <trkpt lat="41.41558" lon="-7.91357">
        <ele>819.04</ele>
      </trkpt>
      <trkpt lat="41.41524" lon="-7.91365">
        <ele>808.14</ele>
      </trkpt>
      <trkpt lat="41.41507" lon="-7.91374">
        <ele>807.24</ele>
      </trkpt>
      <trkpt lat="41.41448" lon="-7.91423">
        <ele>805.27</ele>
      </trkpt>
      <trkpt lat="41.41403" lon="-7.91448">
        <ele>789.51</ele>
      </trkpt>
      <trkpt lat="41.41395" lon="-7.9146">
        <ele>786.23</ele>
      </trkpt>
      <trkpt lat="41.41392" lon="-7.91477">
        <ele>784.34</ele>
      </trkpt>
      <trkpt lat="41.41395" lon="-7.91497">
        <ele>785.64</ele>
      </trkpt>
      <trkpt lat="41.41405" lon="-7.91544">
        <ele>785.71</ele>
      </trkpt>
      <trkpt lat="41.41407" lon="-7.91583">
        <ele>782.85</ele>
      </trkpt>
      <trkpt lat="41.41406" lon="-7.91603">
        <ele>781.46</ele>
      </trkpt>
      <trkpt lat="41.41401" lon="-7.91621">
        <ele>782.21</ele>
      </trkpt>
      <trkpt lat="41.41379" lon="-7.91666">
        <ele>779.31</ele>
      </trkpt>
      <trkpt lat="41.41375" lon="-7.91685">
        <ele>775.35</ele>
      </trkpt>
      <trkpt lat="41.41384" lon="-7.91746">
        <ele>767.8</ele>
      </trkpt>
      <trkpt lat="41.41402" lon="-7.91805">
        <ele>761.77</ele>
      </trkpt>
      <trkpt lat="41.41409" lon="-7.9182">
        <ele>760.9</ele>
      </trkpt>
      <trkpt lat="41.41478" lon="-7.91919">
        <ele>746.38</ele>
      </trkpt>
      <trkpt lat="41.41489" lon="-7.91929">
        <ele>745.54</ele>
      </trkpt>
      <trkpt lat="41.41522" lon="-7.91949">
        <ele>746.03</ele>
      </trkpt>
      <trkpt lat="41.41548" lon="-7.91979">
        <ele>740.78</ele>
      </trkpt>
      <trkpt lat="41.41585" lon="-7.92043">
        <ele>721.64</ele>
      </trkpt>
      <trkpt lat="41.41645" lon="-7.92119">
        <ele>716.06</ele>
      </trkpt>
      <trkpt lat="41.41663" lon="-7.92133">
        <ele>710.07</ele>
      </trkpt>
      <trkpt lat="41.41679" lon="-7.92141">
        <ele>709.75</ele>
      </trkpt>
      <trkpt lat="41.41725" lon="-7.92155">
        <ele>701.97</ele>
      </trkpt>
      <trkpt lat="41.41749" lon="-7.92156">
        <ele>704.41</ele>
      </trkpt>
      <trkpt lat="41.41812" lon="-7.92149">
        <ele>726.54</ele>
      </trkpt>
      <trkpt lat="41.41853" lon="-7.92138">
        <ele>722.43</ele>
      </trkpt>
      <trkpt lat="41.41871" lon="-7.92131">
        <ele>717.8</ele>
      </trkpt>
      <trkpt lat="41.41883" lon="-7.92117">
        <ele>721.52</ele>
      </trkpt>
      <trkpt lat="41.41924" lon="-7.92055">
        <ele>720.55</ele>
      </trkpt>
      <trkpt lat="41.41939" lon="-7.92019">
        <ele>715.23</ele>
      </trkpt>
      <trkpt lat="41.41946" lon="-7.91996">
        <ele>711.04</ele>
      </trkpt>
      <trkpt lat="41.41948" lon="-7.9194">
        <ele>706.67</ele>
      </trkpt>
      <trkpt lat="41.41963" lon="-7.91901">
        <ele>700.48</ele>
      </trkpt>
      <trkpt lat="41.41974" lon="-7.91861">
        <ele>703.41</ele>
      </trkpt>
      <trkpt lat="41.41978" lon="-7.91816">
        <ele>705.66</ele>
      </trkpt>
      <trkpt lat="41.41984" lon="-7.91799">
        <ele>703.87</ele>
      </trkpt>
      <trkpt lat="41.42009" lon="-7.91766">
        <ele>697.9</ele>
      </trkpt>
      <trkpt lat="41.42016" lon="-7.91751">
        <ele>698.89</ele>
      </trkpt>
      <trkpt lat="41.42025" lon="-7.91712">
        <ele>703.66</ele>
      </trkpt>
      <trkpt lat="41.42032" lon="-7.91696">
        <ele>705.67</ele>
      </trkpt>
      <trkpt lat="41.42047" lon="-7.91682">
        <ele>703.18</ele>
      </trkpt>
      <trkpt lat="41.42105" lon="-7.9165">
        <ele>690.76</ele>
      </trkpt>
      <trkpt lat="41.42128" lon="-7.9163">
        <ele>683.27</ele>
      </trkpt>
      <trkpt lat="41.42146" lon="-7.9161">
        <ele>678.88</ele>
      </trkpt>
      <trkpt lat="41.42159" lon="-7.91587">
        <ele>679.85</ele>
      </trkpt>
      <trkpt lat="41.42171" lon="-7.91549">
        <ele>676.63</ele>
      </trkpt>
      <trkpt lat="41.42179" lon="-7.91539">
        <ele>677.64</ele>
      </trkpt>
      <trkpt lat="41.42186" lon="-7.91536">
        <ele>678.1</ele>
      </trkpt>
      <trkpt lat="41.42198" lon="-7.91537">
        <ele>677.7</ele>
      </trkpt>
      <trkpt lat="41.42205" lon="-7.91548">
        <ele>675.64</ele>
      </trkpt>
      <trkpt lat="41.42206" lon="-7.91557">
        <ele>674.8</ele>
      </trkpt>
      <trkpt lat="41.42204" lon="-7.91573">
        <ele>674.18</ele>
      </trkpt>
      <trkpt lat="41.42183" lon="-7.91617">
        <ele>669.28</ele>
      </trkpt>
      <trkpt lat="41.42147" lon="-7.91676">
        <ele>662.95</ele>
      </trkpt>
      <trkpt lat="41.42128" lon="-7.91695">
        <ele>664.51</ele>
      </trkpt>
      <trkpt lat="41.42097" lon="-7.91721">
        <ele>664.67</ele>
      </trkpt>
      <trkpt lat="41.42089" lon="-7.91735">
        <ele>665.94</ele>
      </trkpt>
      <trkpt lat="41.42086" lon="-7.91751">
        <ele>663.06</ele>
      </trkpt>
      <trkpt lat="41.42083" lon="-7.91787">
        <ele>664.45</ele>
      </trkpt>
      <trkpt lat="41.42079" lon="-7.91816">
        <ele>664.06</ele>
      </trkpt>
      <trkpt lat="41.4207" lon="-7.91847">
        <ele>662.62</ele>
      </trkpt>
      <trkpt lat="41.42059" lon="-7.91878">
        <ele>662.02</ele>
      </trkpt>
      <trkpt lat="41.42059" lon="-7.91965">
        <ele>652.18</ele>
      </trkpt>
      <trkpt lat="41.42067" lon="-7.92004">
        <ele>647.7</ele>
      </trkpt>
      <trkpt lat="41.42069" lon="-7.92025">
        <ele>647.13</ele>
      </trkpt>
      <trkpt lat="41.42067" lon="-7.92055">
        <ele>641.25</ele>
      </trkpt>
      <trkpt lat="41.42036" lon="-7.92155">
        <ele>638.18</ele>
      </trkpt>
      <trkpt lat="41.4203" lon="-7.9221">
        <ele>631.58</ele>
      </trkpt>
      <trkpt lat="41.42023" lon="-7.92243">
        <ele>630.96</ele>
      </trkpt>
      <trkpt lat="41.42012" lon="-7.92275">
        <ele>629.89</ele>
      </trkpt>
      <trkpt lat="41.41991" lon="-7.92329">
        <ele>625.71</ele>
      </trkpt>
      <trkpt lat="41.41981" lon="-7.92385">
        <ele>612.43</ele>
      </trkpt>
      <trkpt lat="41.41977" lon="-7.92396">
        <ele>611.96</ele>
      </trkpt>
      <trkpt lat="41.41971" lon="-7.92406">
        <ele>613.23</ele>
      </trkpt>
      <trkpt lat="41.41963" lon="-7.92416">
        <ele>614.04</ele>
      </trkpt>
      <trkpt lat="41.41924" lon="-7.92453">
        <ele>602.84</ele>
      </trkpt>
      <trkpt lat="41.41904" lon="-7.92467">
        <ele>596.95</ele>
      </trkpt>
      <trkpt lat="41.41887" lon="-7.92473">
        <ele>593.72</ele>
      </trkpt>
      <trkpt lat="41.41878" lon="-7.92471">
        <ele>593.68</ele>
      </trkpt>
      <trkpt lat="41.4186" lon="-7.92461">
        <ele>595.85</ele>
      </trkpt>
      <trkpt lat="41.41848" lon="-7.9246">
        <ele>594.29</ele>
      </trkpt>
      <trkpt lat="41.41823" lon="-7.92469">
        <ele>581.1</ele>
      </trkpt>
      <trkpt lat="41.41804" lon="-7.92471">
        <ele>571.15</ele>
      </trkpt>
      <trkpt lat="41.41777" lon="-7.92465">
        <ele>575.19</ele>
      </trkpt>
      <trkpt lat="41.41717" lon="-7.92462">
        <ele>575.63</ele>
      </trkpt>
      <trkpt lat="41.41681" lon="-7.92451">
        <ele>582.04</ele>
      </trkpt>
      <trkpt lat="41.41667" lon="-7.9245">
        <ele>580.84</ele>
      </trkpt>
      <trkpt lat="41.4164" lon="-7.92454">
        <ele>572.82</ele>
      </trkpt>
      <trkpt lat="41.41631" lon="-7.92454">
        <ele>570.92</ele>
      </trkpt>
      <trkpt lat="41.41623" lon="-7.92452">
        <ele>570.19</ele>
      </trkpt>
      <trkpt lat="41.416" lon="-7.92443">
        <ele>570.63</ele>
      </trkpt>
      <trkpt lat="41.41591" lon="-7.92442">
        <ele>570.24</ele>
      </trkpt>
      <trkpt lat="41.41584" lon="-7.92443">
        <ele>568.9</ele>
      </trkpt>
      <trkpt lat="41.41577" lon="-7.92447">
        <ele>566.92</ele>
      </trkpt>
      <trkpt lat="41.41574" lon="-7.92455">
        <ele>564.12</ele>
      </trkpt>
      <trkpt lat="41.41573" lon="-7.92462">
        <ele>561.7</ele>
      </trkpt>
      <trkpt lat="41.41573" lon="-7.9247">
        <ele>559.01</ele>
      </trkpt>
      <trkpt lat="41.41577" lon="-7.92478">
        <ele>556.88</ele>
      </trkpt>
      <trkpt lat="41.41584" lon="-7.92485">
        <ele>555.32</ele>
      </trkpt>
      <trkpt lat="41.41591" lon="-7.92489">
        <ele>554.17</ele>
      </trkpt>
      <trkpt lat="41.41634" lon="-7.92498">
        <ele>557.99</ele>
      </trkpt>
      <trkpt lat="41.41657" lon="-7.92505">
        <ele>561.88</ele>
      </trkpt>
      <trkpt lat="41.41679" lon="-7.92514">
        <ele>561.21</ele>
      </trkpt>
      <trkpt lat="41.41729" lon="-7.92538">
        <ele>553.25</ele>
      </trkpt>
      <trkpt lat="41.41762" lon="-7.92568">
        <ele>550.03</ele>
      </trkpt>
      <trkpt lat="41.41774" lon="-7.92576">
        <ele>549.7</ele>
      </trkpt>
      <trkpt lat="41.41791" lon="-7.92585">
        <ele>548.12</ele>
      </trkpt>
      <trkpt lat="41.41822" lon="-7.92596">
        <ele>548.33</ele>
      </trkpt>
      <trkpt lat="41.41869" lon="-7.92604">
        <ele>553.53</ele>
      </trkpt>
      <trkpt lat="41.41892" lon="-7.92601">
        <ele>553.14</ele>
      </trkpt>
      <trkpt lat="41.4194" lon="-7.9259">
        <ele>550.33</ele>
      </trkpt>
      <trkpt lat="41.42058" lon="-7.92549">
        <ele>547.32</ele>
      </trkpt>
      <trkpt lat="41.42073" lon="-7.92541">
        <ele>545.39</ele>
      </trkpt>
      <trkpt lat="41.42095" lon="-7.9252">
        <ele>545.67</ele>
      </trkpt>
      <trkpt lat="41.42142" lon="-7.92448">
        <ele>546</ele>
      </trkpt>
      <trkpt lat="41.42187" lon="-7.92393">
        <ele>536.02</ele>
      </trkpt>
      <trkpt lat="41.42204" lon="-7.92365">
        <ele>533.86</ele>
      </trkpt>
      <trkpt lat="41.42224" lon="-7.9233">
        <ele>529.46</ele>
      </trkpt>
      <trkpt lat="41.42257" lon="-7.92271">
        <ele>530.98</ele>
      </trkpt>
      <trkpt lat="41.42264" lon="-7.92248">
        <ele>530.3</ele>
      </trkpt>
      <trkpt lat="41.42272" lon="-7.92209">
        <ele>527.95</ele>
      </trkpt>
      <trkpt lat="41.42277" lon="-7.9219">
        <ele>529.76</ele>
      </trkpt>
      <trkpt lat="41.42284" lon="-7.9218">
        <ele>529.96</ele>
      </trkpt>
      <trkpt lat="41.42297" lon="-7.92176">
        <ele>528.2</ele>
      </trkpt>
      <trkpt lat="41.42356" lon="-7.92192">
        <ele>518.44</ele>
      </trkpt>
      <trkpt lat="41.4237" lon="-7.92191">
        <ele>517.34</ele>
      </trkpt>
      <trkpt lat="41.42382" lon="-7.92181">
        <ele>517.41</ele>
      </trkpt>
      <trkpt lat="41.42412" lon="-7.92131">
        <ele>522.28</ele>
      </trkpt>
      <trkpt lat="41.42421" lon="-7.92128">
        <ele>522.45</ele>
      </trkpt>
      <trkpt lat="41.4243" lon="-7.92134">
        <ele>521.54</ele>
      </trkpt>
      <trkpt lat="41.42434" lon="-7.92144">
        <ele>520.33</ele>
      </trkpt>
      <trkpt lat="41.42432" lon="-7.9216">
        <ele>518.3</ele>
      </trkpt>
      <trkpt lat="41.42412" lon="-7.9223">
        <ele>508.64</ele>
      </trkpt>
      <trkpt lat="41.42398" lon="-7.9229">
        <ele>499.48</ele>
      </trkpt>
      <trkpt lat="41.4239" lon="-7.92305">
        <ele>497.92</ele>
      </trkpt>
      <trkpt lat="41.42363" lon="-7.92327">
        <ele>495.55</ele>
      </trkpt>
      <trkpt lat="41.42353" lon="-7.92344">
        <ele>494.12</ele>
      </trkpt>
      <trkpt lat="41.42343" lon="-7.92369">
        <ele>492.24</ele>
      </trkpt>
      <trkpt lat="41.42315" lon="-7.92419">
        <ele>487.95</ele>
      </trkpt>
      <trkpt lat="41.42278" lon="-7.92473">
        <ele>485.81</ele>
      </trkpt>
      <trkpt lat="41.42243" lon="-7.92555">
        <ele>480.35</ele>
      </trkpt>
      <trkpt lat="41.42229" lon="-7.92596">
        <ele>475.95</ele>
      </trkpt>
      <trkpt lat="41.42229" lon="-7.92617">
        <ele>471.31</ele>
      </trkpt>
      <trkpt lat="41.42239" lon="-7.9263">
        <ele>467.67</ele>
      </trkpt>
      <trkpt lat="41.42267" lon="-7.92645">
        <ele>464.25</ele>
      </trkpt>
      <trkpt lat="41.42289" lon="-7.92651">
        <ele>461.69</ele>
      </trkpt>
      <trkpt lat="41.42333" lon="-7.9266">
        <ele>451.81</ele>
      </trkpt>
      <trkpt lat="41.42349" lon="-7.92658">
        <ele>450.42</ele>
      </trkpt>
      <trkpt lat="41.42363" lon="-7.92651">
        <ele>450.43</ele>
      </trkpt>
      <trkpt lat="41.42374" lon="-7.9264">
        <ele>453.21</ele>
      </trkpt>
      <trkpt lat="41.42403" lon="-7.926">
        <ele>463</ele>
      </trkpt>
      <trkpt lat="41.4242" lon="-7.92587">
        <ele>464.98</ele>
      </trkpt>
      <trkpt lat="41.42526" lon="-7.9251">
        <ele>450.02</ele>
      </trkpt>
      <trkpt lat="41.42642" lon="-7.9243">
        <ele>429.93</ele>
      </trkpt>
      <trkpt lat="41.42783" lon="-7.92328">
        <ele>431.17</ele>
      </trkpt>
      <trkpt lat="41.42795" lon="-7.92307">
        <ele>426.69</ele>
      </trkpt>
      <trkpt lat="41.42857" lon="-7.92259">
        <ele>411.99</ele>
      </trkpt>
      <trkpt lat="41.42889" lon="-7.92235">
        <ele>403.52</ele>
      </trkpt>
      <trkpt lat="41.42908" lon="-7.92231">
        <ele>400.24</ele>
      </trkpt>
      <trkpt lat="41.42942" lon="-7.92234">
        <ele>395.45</ele>
      </trkpt>
      <trkpt lat="41.4296" lon="-7.92239">
        <ele>395.01</ele>
      </trkpt>
      <trkpt lat="41.42971" lon="-7.92254">
        <ele>393.57</ele>
      </trkpt>
      <trkpt lat="41.42976" lon="-7.92267">
        <ele>392.44</ele>
      </trkpt>
      <trkpt lat="41.42971" lon="-7.92294">
        <ele>390.42</ele>
      </trkpt>
      <trkpt lat="41.42943" lon="-7.92399">
        <ele>387.31</ele>
      </trkpt>
      <trkpt lat="41.42935" lon="-7.92417">
        <ele>385.97</ele>
      </trkpt>
      <trkpt lat="41.42897" lon="-7.9248">
        <ele>383.86</ele>
      </trkpt>
      <trkpt lat="41.42858" lon="-7.92513">
        <ele>387.67</ele>
      </trkpt>
      <trkpt lat="41.42802" lon="-7.92588">
        <ele>376.99</ele>
      </trkpt>
      <trkpt lat="41.42777" lon="-7.92642">
        <ele>363.16</ele>
      </trkpt>
      <trkpt lat="41.4276" lon="-7.92694">
        <ele>362.68</ele>
      </trkpt>
      <trkpt lat="41.42739" lon="-7.92777">
        <ele>358.91</ele>
      </trkpt>
      <trkpt lat="41.42726" lon="-7.92809">
        <ele>356.11</ele>
      </trkpt>
      <trkpt lat="41.42711" lon="-7.92848">
        <ele>355</ele>
      </trkpt>
      <trkpt lat="41.42677" lon="-7.92962">
        <ele>339.5</ele>
      </trkpt>
      <trkpt lat="41.42659" lon="-7.92997">
        <ele>337.19</ele>
      </trkpt>
      <trkpt lat="41.42626" lon="-7.93059">
        <ele>328.65</ele>
      </trkpt>
      <trkpt lat="41.42575" lon="-7.93156">
        <ele>331.87</ele>
      </trkpt>
      <trkpt lat="41.42542" lon="-7.93254">
        <ele>328.69</ele>
      </trkpt>
      <trkpt lat="41.42541" lon="-7.93278">
        <ele>327.07</ele>
      </trkpt>
      <trkpt lat="41.42551" lon="-7.93298">
        <ele>329</ele>
      </trkpt>
      <trkpt lat="41.42564" lon="-7.93302">
        <ele>329</ele>
      </trkpt>
      <trkpt lat="41.42581" lon="-7.93292">
        <ele>327.56</ele>
      </trkpt>
      <trkpt lat="41.42612" lon="-7.93258">
        <ele>326.95</ele>
      </trkpt>
      <trkpt lat="41.42649" lon="-7.93228">
        <ele>313.5</ele>
      </trkpt>
      <trkpt lat="41.42702" lon="-7.9319">
        <ele>308.56</ele>
      </trkpt>
      <trkpt lat="41.42717" lon="-7.93189">
        <ele>304.03</ele>
      </trkpt>
      <trkpt lat="41.42732" lon="-7.93197">
        <ele>299.32</ele>
      </trkpt>
      <trkpt lat="41.42738" lon="-7.93209">
        <ele>297.16</ele>
      </trkpt>
      <trkpt lat="41.4274" lon="-7.93227">
        <ele>294.99</ele>
      </trkpt>
      <trkpt lat="41.42738" lon="-7.93388">
        <ele>288.37</ele>
      </trkpt>
      <trkpt lat="41.42731" lon="-7.9342">
        <ele>287.56</ele>
      </trkpt>
      <trkpt lat="41.42713" lon="-7.93484">
        <ele>286.67</ele>
      </trkpt>
      <trkpt lat="41.42714" lon="-7.93493">
        <ele>285.6</ele>
      </trkpt>
      <trkpt lat="41.42781" lon="-7.93429">
        <ele>285.95</ele>
      </trkpt>
      <trkpt lat="41.42851" lon="-7.93361">
        <ele>284.72</ele>
      </trkpt>
      <trkpt lat="41.42861" lon="-7.93345">
        <ele>283.43</ele>
      </trkpt>
      <trkpt lat="41.42864" lon="-7.93322">
        <ele>282.44</ele>
      </trkpt>
      <trkpt lat="41.42864" lon="-7.93276">
        <ele>284.29</ele>
      </trkpt>
      <trkpt lat="41.42871" lon="-7.93258">
        <ele>283.27</ele>
      </trkpt>
      <trkpt lat="41.42884" lon="-7.93244">
        <ele>282.35</ele>
      </trkpt>
      <trkpt lat="41.42958" lon="-7.93184">
        <ele>284.1</ele>
      </trkpt>
      <trkpt lat="41.43061" lon="-7.931">
        <ele>288.68</ele>
      </trkpt>
      <trkpt lat="41.43074" lon="-7.93081">
        <ele>286.74</ele>
      </trkpt>
      <trkpt lat="41.43081" lon="-7.9306">
        <ele>289.97</ele>
      </trkpt>
      <trkpt lat="41.4309" lon="-7.93022">
        <ele>290.36</ele>
      </trkpt>
      <trkpt lat="41.431" lon="-7.93008">
        <ele>288.03</ele>
      </trkpt>
      <trkpt lat="41.43109" lon="-7.93">
        <ele>287.08</ele>
      </trkpt>
      <trkpt lat="41.4315" lon="-7.9297">
        <ele>287.13</ele>
      </trkpt>
      <trkpt lat="41.43348" lon="-7.92828">
        <ele>289.51</ele>
      </trkpt>
      <trkpt lat="41.43368" lon="-7.92812">
        <ele>292.37</ele>
      </trkpt>
      <trkpt lat="41.43382" lon="-7.92799">
        <ele>291.05</ele>
      </trkpt>
      <trkpt lat="41.43393" lon="-7.92789">
        <ele>289.98</ele>
      </trkpt>
      <trkpt lat="41.43436" lon="-7.92736">
        <ele>286.18</ele>
      </trkpt>
      <trkpt lat="41.43459" lon="-7.9271">
        <ele>286.95</ele>
      </trkpt>
      <trkpt lat="41.43477" lon="-7.92699">
        <ele>289.97</ele>
      </trkpt>
      <trkpt lat="41.4351" lon="-7.92698">
        <ele>292.81</ele>
      </trkpt>
      <trkpt lat="41.43541" lon="-7.92691">
        <ele>293.71</ele>
      </trkpt>
      <trkpt lat="41.43631" lon="-7.92663">
        <ele>299.71</ele>
      </trkpt>
      <trkpt lat="41.43646" lon="-7.9266">
        <ele>302.78</ele>
      </trkpt>
      <trkpt lat="41.4378" lon="-7.92658">
        <ele>313.51</ele>
      </trkpt>
      <trkpt lat="41.43797" lon="-7.92663">
        <ele>312.48</ele>
      </trkpt>
      <trkpt lat="41.43847" lon="-7.92686">
        <ele>303.52</ele>
      </trkpt>
      <trkpt lat="41.43862" lon="-7.92687">
        <ele>302.47</ele>
      </trkpt>
      <trkpt lat="41.43917" lon="-7.92675">
        <ele>307.38</ele>
      </trkpt>
      <trkpt lat="41.43976" lon="-7.92665">
        <ele>299.82</ele>
      </trkpt>
      <trkpt lat="41.43995" lon="-7.9267">
        <ele>297.79</ele>
      </trkpt>
      <trkpt lat="41.44033" lon="-7.9269">
        <ele>293.5</ele>
      </trkpt>
      <trkpt lat="41.44057" lon="-7.92702">
        <ele>292.2</ele>
      </trkpt>
      <trkpt lat="41.4407" lon="-7.92701">
        <ele>290.9</ele>
      </trkpt>
      <trkpt lat="41.44081" lon="-7.92695">
        <ele>291.11</ele>
      </trkpt>
      <trkpt lat="41.44095" lon="-7.92688">
        <ele>291.69</ele>
      </trkpt>
      <trkpt lat="41.44148" lon="-7.92639">
        <ele>295.01</ele>
      </trkpt>
      <trkpt lat="41.44161" lon="-7.92636">
        <ele>293.68</ele>
      </trkpt>
      <trkpt lat="41.44184" lon="-7.92636">
        <ele>290.57</ele>
      </trkpt>
      <trkpt lat="41.44214" lon="-7.92636">
        <ele>289.25</ele>
      </trkpt>
      <trkpt lat="41.44229" lon="-7.92631">
        <ele>289.96</ele>
      </trkpt>
      <trkpt lat="41.44292" lon="-7.92605">
        <ele>294.39</ele>
      </trkpt>
      <trkpt lat="41.44316" lon="-7.92605">
        <ele>296.19</ele>
      </trkpt>
      <trkpt lat="41.44354" lon="-7.9261">
        <ele>292.53</ele>
      </trkpt>
      <trkpt lat="41.44369" lon="-7.92608">
        <ele>292.75</ele>
      </trkpt>
      <trkpt lat="41.44487" lon="-7.92558">
        <ele>294.32</ele>
      </trkpt>
      <trkpt lat="41.44497" lon="-7.92556">
        <ele>293.31</ele>
      </trkpt>
      <trkpt lat="41.44513" lon="-7.92559">
        <ele>293.81</ele>
      </trkpt>
      <trkpt lat="41.44529" lon="-7.92571">
        <ele>294.55</ele>
      </trkpt>
      <trkpt lat="41.44548" lon="-7.92601">
        <ele>292.68</ele>
      </trkpt>
      <trkpt lat="41.44557" lon="-7.92607">
        <ele>290.68</ele>
      </trkpt>
      <trkpt lat="41.44563" lon="-7.92609">
        <ele>289.38</ele>
      </trkpt>
      <trkpt lat="41.4457" lon="-7.9261">
        <ele>288.16</ele>
      </trkpt>
      <trkpt lat="41.44615" lon="-7.92605">
        <ele>290.24</ele>
      </trkpt>
      <trkpt lat="41.44647" lon="-7.926">
        <ele>290.77</ele>
      </trkpt>
      <trkpt lat="41.44668" lon="-7.92591">
        <ele>290.01</ele>
      </trkpt>
      <trkpt lat="41.44689" lon="-7.92579">
        <ele>290.89</ele>
      </trkpt>
      <trkpt lat="41.44698" lon="-7.92579">
        <ele>290.35</ele>
      </trkpt>
      <trkpt lat="41.44701" lon="-7.92578">
        <ele>290.42</ele>
      </trkpt>
      <trkpt lat="41.44709" lon="-7.92581">
        <ele>289.51</ele>
      </trkpt>
      <trkpt lat="41.44741" lon="-7.92599">
        <ele>285.33</ele>
      </trkpt>
      <trkpt lat="41.44751" lon="-7.92602">
        <ele>283.96</ele>
      </trkpt>
      <trkpt lat="41.4476" lon="-7.92601">
        <ele>281.69</ele>
      </trkpt>
      <trkpt lat="41.4477" lon="-7.92594">
        <ele>281.19</ele>
      </trkpt>
      <trkpt lat="41.44794" lon="-7.92574">
        <ele>280.1</ele>
      </trkpt>
      <trkpt lat="41.44824" lon="-7.92553">
        <ele>279.59</ele>
      </trkpt>
      <trkpt lat="41.44852" lon="-7.9252">
        <ele>281.48</ele>
      </trkpt>
      <trkpt lat="41.44885" lon="-7.92494">
        <ele>277.16</ele>
      </trkpt>
      <trkpt lat="41.44894" lon="-7.92478">
        <ele>276.38</ele>
      </trkpt>
      <trkpt lat="41.44901" lon="-7.92445">
        <ele>285.21</ele>
      </trkpt>
      <trkpt lat="41.44909" lon="-7.9243">
        <ele>286.78</ele>
      </trkpt>
      <trkpt lat="41.44946" lon="-7.92407">
        <ele>278.75</ele>
      </trkpt>
      <trkpt lat="41.4499" lon="-7.9237">
        <ele>269.81</ele>
      </trkpt>
      <trkpt lat="41.44998" lon="-7.92356">
        <ele>268.77</ele>
      </trkpt>
      <trkpt lat="41.45002" lon="-7.92337">
        <ele>270.53</ele>
      </trkpt>
      <trkpt lat="41.45001" lon="-7.92321">
        <ele>273.33</ele>
      </trkpt>
      <trkpt lat="41.44998" lon="-7.92296">
        <ele>278.19</ele>
      </trkpt>
      <trkpt lat="41.45" lon="-7.92285">
        <ele>278.96</ele>
      </trkpt>
      <trkpt lat="41.45005" lon="-7.92274">
        <ele>280.1</ele>
      </trkpt>
      <trkpt lat="41.45012" lon="-7.92265">
        <ele>281.58</ele>
      </trkpt>
      <trkpt lat="41.4502" lon="-7.92261">
        <ele>281</ele>
      </trkpt>
      <trkpt lat="41.45029" lon="-7.92262">
        <ele>278.58</ele>
      </trkpt>
      <trkpt lat="41.45041" lon="-7.92268">
        <ele>274.98</ele>
      </trkpt>
      <trkpt lat="41.45086" lon="-7.9231">
        <ele>268.89</ele>
      </trkpt>
      <trkpt lat="41.45099" lon="-7.92319">
        <ele>270.9</ele>
      </trkpt>
      <trkpt lat="41.45117" lon="-7.92327">
        <ele>273</ele>
      </trkpt>
      <trkpt lat="41.45129" lon="-7.92331">
        <ele>272.45</ele>
      </trkpt>
      <trkpt lat="41.45176" lon="-7.92327">
        <ele>280.06</ele>
      </trkpt>
      <trkpt lat="41.45199" lon="-7.92331">
        <ele>276.89</ele>
      </trkpt>
      <trkpt lat="41.45251" lon="-7.92342">
        <ele>273.71</ele>
      </trkpt>
      <trkpt lat="41.45268" lon="-7.92342">
        <ele>276.12</ele>
      </trkpt>
      <trkpt lat="41.45352" lon="-7.92312">
        <ele>276.48</ele>
      </trkpt>
      <trkpt lat="41.45371" lon="-7.92299">
        <ele>274.44</ele>
      </trkpt>
      <trkpt lat="41.45379" lon="-7.92289">
        <ele>274.42</ele>
      </trkpt>
      <trkpt lat="41.45386" lon="-7.92278">
        <ele>274.5</ele>
      </trkpt>
      <trkpt lat="41.45399" lon="-7.9225">
        <ele>273.82</ele>
      </trkpt>
      <trkpt lat="41.45403" lon="-7.9222">
        <ele>275.52</ele>
      </trkpt>
      <trkpt lat="41.45402" lon="-7.92201">
        <ele>276.5</ele>
      </trkpt>
      <trkpt lat="41.45392" lon="-7.92151">
        <ele>280.34</ele>
      </trkpt>
      <trkpt lat="41.45394" lon="-7.92135">
        <ele>280.25</ele>
      </trkpt>
      <trkpt lat="41.45399" lon="-7.92122">
        <ele>280.01</ele>
      </trkpt>
      <trkpt lat="41.45408" lon="-7.92107">
        <ele>279.65</ele>
      </trkpt>
      <trkpt lat="41.4542" lon="-7.92099">
        <ele>279.12</ele>
      </trkpt>
      <trkpt lat="41.45426" lon="-7.92098">
        <ele>278.9</ele>
      </trkpt>
      <trkpt lat="41.45434" lon="-7.921">
        <ele>278.2</ele>
      </trkpt>
      <trkpt lat="41.45442" lon="-7.92109">
        <ele>276.47</ele>
      </trkpt>
      <trkpt lat="41.45461" lon="-7.92171">
        <ele>275.25</ele>
      </trkpt>
      <trkpt lat="41.45497" lon="-7.92259">
        <ele>274.73</ele>
      </trkpt>
      <trkpt lat="41.45507" lon="-7.92274">
        <ele>275.95</ele>
      </trkpt>
      <trkpt lat="41.45531" lon="-7.92291">
        <ele>277.08</ele>
      </trkpt>
      <trkpt lat="41.45536" lon="-7.92297">
        <ele>276.14</ele>
      </trkpt>
      <trkpt lat="41.4554" lon="-7.92306">
        <ele>274.31</ele>
      </trkpt>
      <trkpt lat="41.45542" lon="-7.92314">
        <ele>274.21</ele>
      </trkpt>
      <trkpt lat="41.45549" lon="-7.92348">
        <ele>272.49</ele>
      </trkpt>
      <trkpt lat="41.45559" lon="-7.92361">
        <ele>272.5</ele>
      </trkpt>
      <trkpt lat="41.45625" lon="-7.924">
        <ele>272.2</ele>
      </trkpt>
      <trkpt lat="41.45633" lon="-7.92405">
        <ele>271.84</ele>
      </trkpt>
      <trkpt lat="41.45641" lon="-7.92419">
        <ele>271.44</ele>
      </trkpt>
      <trkpt lat="41.45719" lon="-7.92565">
        <ele>282.58</ele>
      </trkpt>
      <trkpt lat="41.45753" lon="-7.92631">
        <ele>281.31</ele>
      </trkpt>
      <trkpt lat="41.45767" lon="-7.92655">
        <ele>276.94</ele>
      </trkpt>
      <trkpt lat="41.45783" lon="-7.92668">
        <ele>274.22</ele>
      </trkpt>
      <trkpt lat="41.45799" lon="-7.92674">
        <ele>274.53</ele>
      </trkpt>
      <trkpt lat="41.45813" lon="-7.92676">
        <ele>275.91</ele>
      </trkpt>
      <trkpt lat="41.45825" lon="-7.9267">
        <ele>278.94</ele>
      </trkpt>
      <trkpt lat="41.45836" lon="-7.92655">
        <ele>281.58</ele>
      </trkpt>
      <trkpt lat="41.45858" lon="-7.92615">
        <ele>285.46</ele>
      </trkpt>
      <trkpt lat="41.45876" lon="-7.92584">
        <ele>289.19</ele>
      </trkpt>
      <trkpt lat="41.45958" lon="-7.92622">
        <ele>275.7</ele>
      </trkpt>
      <trkpt lat="41.45971" lon="-7.92626">
        <ele>275.88</ele>
      </trkpt>
      <trkpt lat="41.45979" lon="-7.92632">
        <ele>274.95</ele>
      </trkpt>
      <trkpt lat="41.45996" lon="-7.92656">
        <ele>272.25</ele>
      </trkpt>
      <trkpt lat="41.46018" lon="-7.92675">
        <ele>270.1</ele>
      </trkpt>
      <trkpt lat="41.46028" lon="-7.9268">
        <ele>269.03</ele>
      </trkpt>
      <trkpt lat="41.46087" lon="-7.927">
        <ele>266.04</ele>
      </trkpt>
      <trkpt lat="41.46101" lon="-7.92704">
        <ele>266.71</ele>
      </trkpt>
      <trkpt lat="41.46124" lon="-7.92703">
        <ele>267.99</ele>
      </trkpt>
      <trkpt lat="41.46217" lon="-7.92666">
        <ele>270.27</ele>
      </trkpt>
      <trkpt lat="41.46234" lon="-7.92667">
        <ele>271.24</ele>
      </trkpt>
      <trkpt lat="41.46267" lon="-7.92685">
        <ele>267.7</ele>
      </trkpt>
      <trkpt lat="41.46275" lon="-7.92697">
        <ele>265.22</ele>
      </trkpt>
      <trkpt lat="41.46283" lon="-7.92723">
        <ele>263.17</ele>
      </trkpt>
      <trkpt lat="41.46293" lon="-7.92733">
        <ele>263.59</ele>
      </trkpt>
      <trkpt lat="41.46302" lon="-7.92739">
        <ele>264.32</ele>
      </trkpt>
      <trkpt lat="41.46371" lon="-7.92737">
        <ele>267.12</ele>
      </trkpt>
      <trkpt lat="41.46381" lon="-7.92736">
        <ele>267.94</ele>
      </trkpt>
      <trkpt lat="41.46398" lon="-7.92728">
        <ele>270.1</ele>
      </trkpt>
      <trkpt lat="41.46415" lon="-7.92688">
        <ele>272.91</ele>
      </trkpt>
      <trkpt lat="41.46447" lon="-7.92652">
        <ele>272.92</ele>
      </trkpt>
      <trkpt lat="41.46455" lon="-7.92648">
        <ele>272.71</ele>
      </trkpt>
      <trkpt lat="41.46461" lon="-7.92649">
        <ele>272.3</ele>
      </trkpt>
      <trkpt lat="41.46482" lon="-7.92654">
        <ele>270.94</ele>
      </trkpt>
      <trkpt lat="41.46489" lon="-7.92654">
        <ele>270.58</ele>
      </trkpt>
      <trkpt lat="41.46496" lon="-7.92651">
        <ele>270.23</ele>
      </trkpt>
      <trkpt lat="41.46574" lon="-7.92572">
        <ele>264.97</ele>
      </trkpt>
      <trkpt lat="41.46603" lon="-7.92559">
        <ele>261.62</ele>
      </trkpt>
      <trkpt lat="41.46618" lon="-7.92559">
        <ele>259.73</ele>
      </trkpt>
      <trkpt lat="41.46627" lon="-7.92567">
        <ele>257.93</ele>
      </trkpt>
      <trkpt lat="41.46642" lon="-7.92595">
        <ele>251.88</ele>
      </trkpt>
      <trkpt lat="41.46653" lon="-7.92602">
        <ele>250.14</ele>
      </trkpt>
      <trkpt lat="41.46674" lon="-7.926">
        <ele>253.3</ele>
      </trkpt>
      <trkpt lat="41.46682" lon="-7.92609">
        <ele>254.68</ele>
      </trkpt>
      <trkpt lat="41.4669" lon="-7.92642">
        <ele>248.4</ele>
      </trkpt>
      <trkpt lat="41.46702" lon="-7.92672">
        <ele>245.67</ele>
      </trkpt>
      <trkpt lat="41.46757" lon="-7.9277">
        <ele>246.98</ele>
      </trkpt>
      <trkpt lat="41.46771" lon="-7.92784">
        <ele>247.08</ele>
      </trkpt>
      <trkpt lat="41.46793" lon="-7.9279">
        <ele>249.9</ele>
      </trkpt>
      <trkpt lat="41.46829" lon="-7.92776">
        <ele>260.22</ele>
      </trkpt>
      <trkpt lat="41.46873" lon="-7.9278">
        <ele>257.52</ele>
      </trkpt>
      <trkpt lat="41.46904" lon="-7.92771">
        <ele>258.75</ele>
      </trkpt>
      <trkpt lat="41.46962" lon="-7.92732">
        <ele>270.64</ele>
      </trkpt>
      <trkpt lat="41.46982" lon="-7.92722">
        <ele>276.82</ele>
      </trkpt>
      <trkpt lat="41.46984" lon="-7.92721">
        <ele>277.4</ele>
      </trkpt>
      <trkpt lat="41.4702" lon="-7.92726">
        <ele>280.48</ele>
      </trkpt>
      <trkpt lat="41.47048" lon="-7.92719">
        <ele>280.92</ele>
      </trkpt>
      <trkpt lat="41.47053" lon="-7.92714">
        <ele>280.73</ele>
      </trkpt>
      <trkpt lat="41.47055" lon="-7.92716">
        <ele>280.78</ele>
      </trkpt>
      <trkpt lat="41.47057" lon="-7.92716">
        <ele>280.61</ele>
      </trkpt>
      <trkpt lat="41.47059" lon="-7.92725">
        <ele>280.05</ele>
      </trkpt>
      <trkpt lat="41.47115" lon="-7.92786">
        <ele>272.56</ele>
      </trkpt>
      <trkpt lat="41.47173" lon="-7.9284">
        <ele>274.75</ele>
      </trkpt>
      <trkpt lat="41.47182" lon="-7.92851">
        <ele>274.28</ele>
      </trkpt>
      <trkpt lat="41.47188" lon="-7.92864">
        <ele>273.72</ele>
      </trkpt>
      <trkpt lat="41.47195" lon="-7.9291">
        <ele>277.09</ele>
      </trkpt>
      <trkpt lat="41.4721" lon="-7.92951">
        <ele>282.1</ele>
      </trkpt>
      <trkpt lat="41.47241" lon="-7.92998">
        <ele>267.03</ele>
      </trkpt>
      <trkpt lat="41.4727" lon="-7.93086">
        <ele>248.09</ele>
      </trkpt>
      <trkpt lat="41.47287" lon="-7.93113">
        <ele>243.53</ele>
      </trkpt>
      <trkpt lat="41.47333" lon="-7.93247">
        <ele>230.48</ele>
      </trkpt>
      <trkpt lat="41.47345" lon="-7.93259">
        <ele>227.86</ele>
      </trkpt>
      <trkpt lat="41.47357" lon="-7.93262">
        <ele>226.57</ele>
      </trkpt>
      <trkpt lat="41.47391" lon="-7.93244">
        <ele>227.22</ele>
      </trkpt>
      <trkpt lat="41.47406" lon="-7.93239">
        <ele>224.98</ele>
      </trkpt>
      <trkpt lat="41.47419" lon="-7.93241">
        <ele>222.79</ele>
      </trkpt>
      <trkpt lat="41.47434" lon="-7.9325">
        <ele>222.25</ele>
      </trkpt>
      <trkpt lat="41.47445" lon="-7.93265">
        <ele>222.08</ele>
      </trkpt>
      <trkpt lat="41.47464" lon="-7.93297">
        <ele>222.92</ele>
      </trkpt>
      <trkpt lat="41.47473" lon="-7.9331">
        <ele>220.69</ele>
      </trkpt>
      <trkpt lat="41.47486" lon="-7.93319">
        <ele>220.51</ele>
      </trkpt>
      <trkpt lat="41.47502" lon="-7.9332">
        <ele>220.85</ele>
      </trkpt>
      <trkpt lat="41.47516" lon="-7.93315">
        <ele>220.03</ele>
      </trkpt>
      <trkpt lat="41.47541" lon="-7.93296">
        <ele>219.44</ele>
      </trkpt>
      <trkpt lat="41.47549" lon="-7.93295">
        <ele>217.49</ele>
      </trkpt>
      <trkpt lat="41.47563" lon="-7.93294">
        <ele>214.51</ele>
      </trkpt>
      <trkpt lat="41.47571" lon="-7.93291">
        <ele>213.57</ele>
      </trkpt>
      <trkpt lat="41.47578" lon="-7.93283">
        <ele>213.48</ele>
      </trkpt>
      <trkpt lat="41.47585" lon="-7.93278">
        <ele>212.66</ele>
      </trkpt>
      <trkpt lat="41.47593" lon="-7.93277">
        <ele>211.33</ele>
      </trkpt>
      <trkpt lat="41.476" lon="-7.93282">
        <ele>208.75</ele>
      </trkpt>
      <trkpt lat="41.4764" lon="-7.93335">
        <ele>195.96</ele>
      </trkpt>
      <trkpt lat="41.47648" lon="-7.93344">
        <ele>196.1</ele>
      </trkpt>
      <trkpt lat="41.47662" lon="-7.93348">
        <ele>198.05</ele>
      </trkpt>
      <trkpt lat="41.47685" lon="-7.93347">
        <ele>198.37</ele>
      </trkpt>
      <trkpt lat="41.47691" lon="-7.93349">
        <ele>197.87</ele>
      </trkpt>
      <trkpt lat="41.47701" lon="-7.93355">
        <ele>197.06</ele>
      </trkpt>
      <trkpt lat="41.47707" lon="-7.93363">
        <ele>196.4</ele>
      </trkpt>
      <trkpt lat="41.47711" lon="-7.93375">
        <ele>196.59</ele>
      </trkpt>
      <trkpt lat="41.47712" lon="-7.93416">
        <ele>194.58</ele>
      </trkpt>
      <trkpt lat="41.47718" lon="-7.93442">
        <ele>197.08</ele>
      </trkpt>
      <trkpt lat="41.47728" lon="-7.9347">
        <ele>201.31</ele>
      </trkpt>
      <trkpt lat="41.47743" lon="-7.93493">
        <ele>197.14</ele>
      </trkpt>
      <trkpt lat="41.47756" lon="-7.93516">
        <ele>191.9</ele>
      </trkpt>
      <trkpt lat="41.47765" lon="-7.93557">
        <ele>184.25</ele>
      </trkpt>
      <trkpt lat="41.4778" lon="-7.9359">
        <ele>178.21</ele>
      </trkpt>
      <trkpt lat="41.4778" lon="-7.93606">
        <ele>176.69</ele>
      </trkpt>
      <trkpt lat="41.47773" lon="-7.93621">
        <ele>175.04</ele>
      </trkpt>
      <trkpt lat="41.47731" lon="-7.93671">
        <ele>167.43</ele>
      </trkpt>
      <trkpt lat="41.47729" lon="-7.93682">
        <ele>164.33</ele>
      </trkpt>
      <trkpt lat="41.47737" lon="-7.93684">
        <ele>162.92</ele>
      </trkpt>
      <trkpt lat="41.47811" lon="-7.93644">
        <ele>158.9</ele>
      </trkpt>
      <trkpt lat="41.4786" lon="-7.93631">
        <ele>151.11</ele>
      </trkpt>
      <trkpt lat="41.47883" lon="-7.93636">
        <ele>149.48</ele>
      </trkpt>
      <trkpt lat="41.47907" lon="-7.93655">
        <ele>147.08</ele>
      </trkpt>
      <trkpt lat="41.47919" lon="-7.93672">
        <ele>144</ele>
      </trkpt>
      <trkpt lat="41.47923" lon="-7.93686">
        <ele>146.87</ele>
      </trkpt>
      <trkpt lat="41.47921" lon="-7.93703">
        <ele>151.4</ele>
      </trkpt>
      <trkpt lat="41.47865" lon="-7.93806">
        <ele>169.15</ele>
      </trkpt>
      <trkpt lat="41.47838" lon="-7.93842">
        <ele>157.5</ele>
      </trkpt>
      <trkpt lat="41.47833" lon="-7.93859">
        <ele>154.09</ele>
      </trkpt>
      <trkpt lat="41.47832" lon="-7.9389">
        <ele>152.45</ele>
      </trkpt>
      <trkpt lat="41.47831" lon="-7.93932">
        <ele>149.16</ele>
      </trkpt>
      <trkpt lat="41.47826" lon="-7.93944">
        <ele>147.36</ele>
      </trkpt>
      <trkpt lat="41.47814" lon="-7.93959">
        <ele>145.02</ele>
      </trkpt>
      <trkpt lat="41.47801" lon="-7.9397">
        <ele>144.91</ele>
      </trkpt>
      <trkpt lat="41.47789" lon="-7.93974">
        <ele>147.09</ele>
      </trkpt>
      <trkpt lat="41.47723" lon="-7.93928">
        <ele>133.35</ele>
      </trkpt>
      <trkpt lat="41.47707" lon="-7.93926">
        <ele>135.84</ele>
      </trkpt>
      <trkpt lat="41.47667" lon="-7.93944">
        <ele>159.57</ele>
      </trkpt>
      <trkpt lat="41.47668" lon="-7.93958">
        <ele>160.17</ele>
      </trkpt>
      <trkpt lat="41.47676" lon="-7.9397">
        <ele>160.29</ele>
      </trkpt>
      <trkpt lat="41.47686" lon="-7.93975">
        <ele>161.43</ele>
      </trkpt>
      <trkpt lat="41.47706" lon="-7.93963">
        <ele>154.77</ele>
      </trkpt>
      <trkpt lat="41.47722" lon="-7.93966">
        <ele>154.99</ele>
      </trkpt>
      <trkpt lat="41.47735" lon="-7.93977">
        <ele>157.33</ele>
      </trkpt>
      <trkpt lat="41.47771" lon="-7.94036">
        <ele>169.27</ele>
      </trkpt>
      <trkpt lat="41.4778" lon="-7.94079">
        <ele>180.28</ele>
      </trkpt>
      <trkpt lat="41.47778" lon="-7.94121">
        <ele>183.37</ele>
      </trkpt>
      <trkpt lat="41.47781" lon="-7.94151">
        <ele>186.5</ele>
      </trkpt>
      <trkpt lat="41.4778" lon="-7.94187">
        <ele>191.37</ele>
      </trkpt>
      <trkpt lat="41.47794" lon="-7.94292">
        <ele>204.25</ele>
      </trkpt>
      <trkpt lat="41.47803" lon="-7.943">
        <ele>200.89</ele>
      </trkpt>
      <trkpt lat="41.47834" lon="-7.94312">
        <ele>194.36</ele>
      </trkpt>
      <trkpt lat="41.47859" lon="-7.94367">
        <ele>200.64</ele>
      </trkpt>
      <trkpt lat="41.47918" lon="-7.94441">
        <ele>204.28</ele>
      </trkpt>
      <trkpt lat="41.47928" lon="-7.94458">
        <ele>201.65</ele>
      </trkpt>
      <trkpt lat="41.47942" lon="-7.94556">
        <ele>206.94</ele>
      </trkpt>
      <trkpt lat="41.47939" lon="-7.94608">
        <ele>207.78</ele>
      </trkpt>
      <trkpt lat="41.47931" lon="-7.94653">
        <ele>211.45</ele>
      </trkpt>
      <trkpt lat="41.47932" lon="-7.94679">
        <ele>213.59</ele>
      </trkpt>
      <trkpt lat="41.47935" lon="-7.94689">
        <ele>213.55</ele>
      </trkpt>
      <trkpt lat="41.4794" lon="-7.94694">
        <ele>213.31</ele>
      </trkpt>
      <trkpt lat="41.47978" lon="-7.94704">
        <ele>205.55</ele>
      </trkpt>
      <trkpt lat="41.47989" lon="-7.9471">
        <ele>205.85</ele>
      </trkpt>
      <trkpt lat="41.48055" lon="-7.94796">
        <ele>216.23</ele>
      </trkpt>
      <trkpt lat="41.48086" lon="-7.9482">
        <ele>218.47</ele>
      </trkpt>
      <trkpt lat="41.48108" lon="-7.94856">
        <ele>218.13</ele>
      </trkpt>
      <trkpt lat="41.48125" lon="-7.9489">
        <ele>215.96</ele>
      </trkpt>
      <trkpt lat="41.48128" lon="-7.94909">
        <ele>214.69</ele>
      </trkpt>
      <trkpt lat="41.48129" lon="-7.94953">
        <ele>209.16</ele>
      </trkpt>
      <trkpt lat="41.48134" lon="-7.94972">
        <ele>206.9</ele>
      </trkpt>
      <trkpt lat="41.48172" lon="-7.95034">
        <ele>208.22</ele>
      </trkpt>
      <trkpt lat="41.48177" lon="-7.95049">
        <ele>210.02</ele>
      </trkpt>
      <trkpt lat="41.48178" lon="-7.95101">
        <ele>215.13</ele>
      </trkpt>
      <trkpt lat="41.48157" lon="-7.95105">
        <ele>213.41</ele>
      </trkpt>
      <trkpt lat="41.48145" lon="-7.95115">
        <ele>214.31</ele>
      </trkpt>
      <trkpt lat="41.48133" lon="-7.95143">
        <ele>216.62</ele>
      </trkpt>
      <trkpt lat="41.48129" lon="-7.95148">
        <ele>217.22</ele>
      </trkpt>
      <trkpt lat="41.48123" lon="-7.95159">
        <ele>218.33</ele>
      </trkpt>
      <trkpt lat="41.48095" lon="-7.95192">
        <ele>227.78</ele>
      </trkpt>
      <trkpt lat="41.48086" lon="-7.95208">
        <ele>228.97</ele>
      </trkpt>
      <trkpt lat="41.48086" lon="-7.95208">
        <ele>228.97</ele>
      </trkpt>
      <trkpt lat="41.48075" lon="-7.95225">
        <ele>230.51</ele>
      </trkpt>
      <trkpt lat="41.48075" lon="-7.95247">
        <ele>233.76</ele>
      </trkpt>
      <trkpt lat="41.48043" lon="-7.95313">
        <ele>235.62</ele>
      </trkpt>
      <trkpt lat="41.4804" lon="-7.95365">
        <ele>236.78</ele>
      </trkpt>
      <trkpt lat="41.48036" lon="-7.95391">
        <ele>238.52</ele>
      </trkpt>
      <trkpt lat="41.4803" lon="-7.95405">
        <ele>239.91</ele>
      </trkpt>
      <trkpt lat="41.48019" lon="-7.95419">
        <ele>244.58</ele>
      </trkpt>
      <trkpt lat="41.48017" lon="-7.95427">
        <ele>246.8</ele>
      </trkpt>
      <trkpt lat="41.48017" lon="-7.95436">
        <ele>248.47</ele>
      </trkpt>
      <trkpt lat="41.48026" lon="-7.95495">
        <ele>256.99</ele>
      </trkpt>
      <trkpt lat="41.48033" lon="-7.95509">
        <ele>257.88</ele>
      </trkpt>
      <trkpt lat="41.48048" lon="-7.95534">
        <ele>256.71</ele>
      </trkpt>
      <trkpt lat="41.48091" lon="-7.95609">
        <ele>249.73</ele>
      </trkpt>
      <trkpt lat="41.48108" lon="-7.95643">
        <ele>247.75</ele>
      </trkpt>
      <trkpt lat="41.48108" lon="-7.95666">
        <ele>251.89</ele>
      </trkpt>
      <trkpt lat="41.48105" lon="-7.95672">
        <ele>253.75</ele>
      </trkpt>
      <trkpt lat="41.481" lon="-7.95683">
        <ele>256.95</ele>
      </trkpt>
      <trkpt lat="41.48088" lon="-7.95656">
        <ele>256.57</ele>
      </trkpt>
      <trkpt lat="41.48074" lon="-7.95634">
        <ele>256.33</ele>
      </trkpt>
      <trkpt lat="41.48051" lon="-7.956">
        <ele>260.95</ele>
      </trkpt>
      <trkpt lat="41.48026" lon="-7.95581">
        <ele>264.47</ele>
      </trkpt>
      <trkpt lat="41.48001" lon="-7.95563">
        <ele>270.52</ele>
      </trkpt>
      <trkpt lat="41.47987" lon="-7.95547">
        <ele>270.04</ele>
      </trkpt>
      <trkpt lat="41.47978" lon="-7.95528">
        <ele>269.59</ele>
      </trkpt>
      <trkpt lat="41.47972" lon="-7.95499">
        <ele>266.06</ele>
      </trkpt>
      <trkpt lat="41.4796" lon="-7.95465">
        <ele>267.03</ele>
      </trkpt>
      <trkpt lat="41.47953" lon="-7.95449">
        <ele>266.6</ele>
      </trkpt>
      <trkpt lat="41.47943" lon="-7.95434">
        <ele>266.09</ele>
      </trkpt>
      <trkpt lat="41.47902" lon="-7.95395">
        <ele>268.61</ele>
      </trkpt>
      <trkpt lat="41.47895" lon="-7.95386">
        <ele>269.41</ele>
      </trkpt>
      <trkpt lat="41.4789" lon="-7.95377">
        <ele>269.51</ele>
      </trkpt>
      <trkpt lat="41.47886" lon="-7.95369">
        <ele>269.51</ele>
      </trkpt>
      <trkpt lat="41.47884" lon="-7.95361">
        <ele>269.04</ele>
      </trkpt>
      <trkpt lat="41.47876" lon="-7.95291">
        <ele>265.18</ele>
      </trkpt>
      <trkpt lat="41.47875" lon="-7.95283">
        <ele>264.56</ele>
      </trkpt>
      <trkpt lat="41.47872" lon="-7.95276">
        <ele>264.37</ele>
      </trkpt>
      <trkpt lat="41.47867" lon="-7.95269">
        <ele>264.4</ele>
      </trkpt>
      <trkpt lat="41.47861" lon="-7.95266">
        <ele>265.32</ele>
      </trkpt>
      <trkpt lat="41.47855" lon="-7.95266">
        <ele>266</ele>
      </trkpt>
      <trkpt lat="41.47851" lon="-7.95267">
        <ele>266.62</ele>
      </trkpt>
      <trkpt lat="41.47847" lon="-7.95273">
        <ele>268.17</ele>
      </trkpt>
      <trkpt lat="41.47841" lon="-7.95276">
        <ele>269.55</ele>
      </trkpt>
      <trkpt lat="41.47834" lon="-7.95278">
        <ele>270.95</ele>
      </trkpt>
      <trkpt lat="41.47828" lon="-7.95277">
        <ele>271.24</ele>
      </trkpt>
      <trkpt lat="41.47822" lon="-7.95273">
        <ele>271.13</ele>
      </trkpt>
      <trkpt lat="41.47817" lon="-7.95269">
        <ele>271.21</ele>
      </trkpt>
      <trkpt lat="41.47814" lon="-7.95263">
        <ele>271.05</ele>
      </trkpt>
      <trkpt lat="41.47813" lon="-7.95259">
        <ele>270.88</ele>
      </trkpt>
      <trkpt lat="41.47798" lon="-7.95251">
        <ele>271.77</ele>
      </trkpt>
      <trkpt lat="41.47784" lon="-7.95247">
        <ele>271.07</ele>
      </trkpt>
      <trkpt lat="41.47764" lon="-7.95248">
        <ele>273.87</ele>
      </trkpt>
      <trkpt lat="41.47733" lon="-7.9525">
        <ele>277</ele>
      </trkpt>
      <trkpt lat="41.47683" lon="-7.95285">
        <ele>274.28</ele>
      </trkpt>
      <trkpt lat="41.47674" lon="-7.9529">
        <ele>275</ele>
      </trkpt>
      <trkpt lat="41.47627" lon="-7.95288">
        <ele>277.77</ele>
      </trkpt>
      <trkpt lat="41.47596" lon="-7.9528">
        <ele>279.71</ele>
      </trkpt>
      <trkpt lat="41.47585" lon="-7.95274">
        <ele>279.06</ele>
      </trkpt>
      <trkpt lat="41.47575" lon="-7.95265">
        <ele>277.13</ele>
      </trkpt>
      <trkpt lat="41.47545" lon="-7.95227">
        <ele>269.38</ele>
      </trkpt>
      <trkpt lat="41.47533" lon="-7.95216">
        <ele>269.22</ele>
      </trkpt>
      <trkpt lat="41.4752" lon="-7.95208">
        <ele>270.66</ele>
      </trkpt>
      <trkpt lat="41.47435" lon="-7.95176">
        <ele>274.06</ele>
      </trkpt>
      <trkpt lat="41.4742" lon="-7.95167">
        <ele>278.07</ele>
      </trkpt>
      <trkpt lat="41.474" lon="-7.95146">
        <ele>276.62</ele>
      </trkpt>
      <trkpt lat="41.47361" lon="-7.95076">
        <ele>272.3</ele>
      </trkpt>
      <trkpt lat="41.47349" lon="-7.95062">
        <ele>275.22</ele>
      </trkpt>
      <trkpt lat="41.473" lon="-7.95027">
        <ele>275.42</ele>
      </trkpt>
      <trkpt lat="41.47289" lon="-7.95022">
        <ele>276.15</ele>
      </trkpt>
      <trkpt lat="41.47272" lon="-7.9502">
        <ele>277.2</ele>
      </trkpt>
      <trkpt lat="41.47261" lon="-7.95019">
        <ele>277.95</ele>
      </trkpt>
      <trkpt lat="41.47119" lon="-7.95017">
        <ele>278.62</ele>
      </trkpt>
      <trkpt lat="41.47105" lon="-7.95029">
        <ele>278.05</ele>
      </trkpt>
      <trkpt lat="41.47084" lon="-7.95072">
        <ele>275.56</ele>
      </trkpt>
      <trkpt lat="41.47078" lon="-7.95102">
        <ele>275.83</ele>
      </trkpt>
      <trkpt lat="41.47077" lon="-7.95174">
        <ele>273.51</ele>
      </trkpt>
      <trkpt lat="41.47073" lon="-7.95194">
        <ele>274.84</ele>
      </trkpt>
      <trkpt lat="41.47058" lon="-7.95205">
        <ele>274.4</ele>
      </trkpt>
      <trkpt lat="41.47006" lon="-7.95211">
        <ele>274.88</ele>
      </trkpt>
      <trkpt lat="41.46995" lon="-7.95221">
        <ele>276.06</ele>
      </trkpt>
      <trkpt lat="41.46991" lon="-7.95237">
        <ele>275.16</ele>
      </trkpt>
      <trkpt lat="41.46994" lon="-7.95265">
        <ele>271.19</ele>
      </trkpt>
      <trkpt lat="41.46991" lon="-7.95285">
        <ele>268.21</ele>
      </trkpt>
      <trkpt lat="41.4698" lon="-7.953">
        <ele>269.58</ele>
      </trkpt>
      <trkpt lat="41.46945" lon="-7.95305">
        <ele>272.86</ele>
      </trkpt>
      <trkpt lat="41.46928" lon="-7.95322">
        <ele>274.67</ele>
      </trkpt>
      <trkpt lat="41.46916" lon="-7.95355">
        <ele>274.88</ele>
      </trkpt>
      <trkpt lat="41.46912" lon="-7.95389">
        <ele>274.5</ele>
      </trkpt>
      <trkpt lat="41.46905" lon="-7.95418">
        <ele>274.82</ele>
      </trkpt>
      <trkpt lat="41.46889" lon="-7.95431">
        <ele>273.53</ele>
      </trkpt>
      <trkpt lat="41.46871" lon="-7.9543">
        <ele>273.2</ele>
      </trkpt>
      <trkpt lat="41.46858" lon="-7.9542">
        <ele>274.11</ele>
      </trkpt>
      <trkpt lat="41.46826" lon="-7.9535">
        <ele>274.43</ele>
      </trkpt>
      <trkpt lat="41.46814" lon="-7.9534">
        <ele>275.76</ele>
      </trkpt>
      <trkpt lat="41.46804" lon="-7.95337">
        <ele>276.75</ele>
      </trkpt>
      <trkpt lat="41.46781" lon="-7.95343">
        <ele>280.93</ele>
      </trkpt>
      <trkpt lat="41.46668" lon="-7.95446">
        <ele>285.56</ele>
      </trkpt>
      <trkpt lat="41.46653" lon="-7.95456">
        <ele>287.09</ele>
      </trkpt>
      <trkpt lat="41.46606" lon="-7.95469">
        <ele>287.35</ele>
      </trkpt>
      <trkpt lat="41.46596" lon="-7.95475">
        <ele>287.76</ele>
      </trkpt>
      <trkpt lat="41.46589" lon="-7.95483">
        <ele>288.6</ele>
      </trkpt>
      <trkpt lat="41.4658" lon="-7.95508">
        <ele>291.64</ele>
      </trkpt>
      <trkpt lat="41.46577" lon="-7.95526">
        <ele>293.98</ele>
      </trkpt>
      <trkpt lat="41.46572" lon="-7.9554">
        <ele>295.47</ele>
      </trkpt>
      <trkpt lat="41.46563" lon="-7.95548">
        <ele>296.72</ele>
      </trkpt>
      <trkpt lat="41.46534" lon="-7.95556">
        <ele>298.81</ele>
      </trkpt>
      <trkpt lat="41.46419" lon="-7.95585">
        <ele>298.33</ele>
      </trkpt>
      <trkpt lat="41.46337" lon="-7.95619">
        <ele>292.29</ele>
      </trkpt>
      <trkpt lat="41.46314" lon="-7.95642">
        <ele>293.47</ele>
      </trkpt>
      <trkpt lat="41.46297" lon="-7.95645">
        <ele>294.69</ele>
      </trkpt>
      <trkpt lat="41.46252" lon="-7.95626">
        <ele>291.32</ele>
      </trkpt>
      <trkpt lat="41.46236" lon="-7.95625">
        <ele>289.99</ele>
      </trkpt>
      <trkpt lat="41.46191" lon="-7.95648">
        <ele>284.35</ele>
      </trkpt>
      <trkpt lat="41.46171" lon="-7.9566">
        <ele>283.39</ele>
      </trkpt>
      <trkpt lat="41.4616" lon="-7.95677">
        <ele>282.93</ele>
      </trkpt>
      <trkpt lat="41.46156" lon="-7.95698">
        <ele>283.74</ele>
      </trkpt>
      <trkpt lat="41.4615" lon="-7.95719">
        <ele>283.72</ele>
      </trkpt>
      <trkpt lat="41.4613" lon="-7.95739">
        <ele>282.54</ele>
      </trkpt>
      <trkpt lat="41.46113" lon="-7.95764">
        <ele>287.27</ele>
      </trkpt>
      <trkpt lat="41.46104" lon="-7.95794">
        <ele>290.48</ele>
      </trkpt>
      <trkpt lat="41.46101" lon="-7.95827">
        <ele>289.61</ele>
      </trkpt>
      <trkpt lat="41.46101" lon="-7.95871">
        <ele>289.74</ele>
      </trkpt>
      <trkpt lat="41.46103" lon="-7.95881">
        <ele>289.52</ele>
      </trkpt>
      <trkpt lat="41.4613" lon="-7.95932">
        <ele>288.25</ele>
      </trkpt>
      <trkpt lat="41.46145" lon="-7.95956">
        <ele>287.89</ele>
      </trkpt>
      <trkpt lat="41.462" lon="-7.96001">
        <ele>294.56</ele>
      </trkpt>
      <trkpt lat="41.4621" lon="-7.96017">
        <ele>296.17</ele>
      </trkpt>
      <trkpt lat="41.46213" lon="-7.96031">
        <ele>297.46</ele>
      </trkpt>
      <trkpt lat="41.46205" lon="-7.96081">
        <ele>298.57</ele>
      </trkpt>
      <trkpt lat="41.46202" lon="-7.96145">
        <ele>305.76</ele>
      </trkpt>
      <trkpt lat="41.46181" lon="-7.96187">
        <ele>308.24</ele>
      </trkpt>
      <trkpt lat="41.46166" lon="-7.9626">
        <ele>315.36</ele>
      </trkpt>
      <trkpt lat="41.46155" lon="-7.9628">
        <ele>316.26</ele>
      </trkpt>
      <trkpt lat="41.4614" lon="-7.96285">
        <ele>313.17</ele>
      </trkpt>
      <trkpt lat="41.46112" lon="-7.96278">
        <ele>306.2</ele>
      </trkpt>
      <trkpt lat="41.46105" lon="-7.96279">
        <ele>304.69</ele>
      </trkpt>
      <trkpt lat="41.46098" lon="-7.96285">
        <ele>305.3</ele>
      </trkpt>
      <trkpt lat="41.46083" lon="-7.96324">
        <ele>317.65</ele>
      </trkpt>
      <trkpt lat="41.46068" lon="-7.96336">
        <ele>321.64</ele>
      </trkpt>
      <trkpt lat="41.46058" lon="-7.9633">
        <ele>320.44</ele>
      </trkpt>
      <trkpt lat="41.46013" lon="-7.96289">
        <ele>310.38</ele>
      </trkpt>
      <trkpt lat="41.45996" lon="-7.96278">
        <ele>310.04</ele>
      </trkpt>
      <trkpt lat="41.45978" lon="-7.96275">
        <ele>308.3</ele>
      </trkpt>
      <trkpt lat="41.45963" lon="-7.96285">
        <ele>306.27</ele>
      </trkpt>
      <trkpt lat="41.45954" lon="-7.96312">
        <ele>306.69</ele>
      </trkpt>
      <trkpt lat="41.45946" lon="-7.96448">
        <ele>319.54</ele>
      </trkpt>
      <trkpt lat="41.45941" lon="-7.96464">
        <ele>321.43</ele>
      </trkpt>
      <trkpt lat="41.4593" lon="-7.96477">
        <ele>320.7</ele>
      </trkpt>
      <trkpt lat="41.45912" lon="-7.96475">
        <ele>317.87</ele>
      </trkpt>
      <trkpt lat="41.45893" lon="-7.96465">
        <ele>319.15</ele>
      </trkpt>
      <trkpt lat="41.45884" lon="-7.9645">
        <ele>317.92</ele>
      </trkpt>
      <trkpt lat="41.45838" lon="-7.9631">
        <ele>311.15</ele>
      </trkpt>
      <trkpt lat="41.45833" lon="-7.96296">
        <ele>311.72</ele>
      </trkpt>
      <trkpt lat="41.45829" lon="-7.9628">
        <ele>311.87</ele>
      </trkpt>
      <trkpt lat="41.45831" lon="-7.962">
        <ele>312.75</ele>
      </trkpt>
      <trkpt lat="41.45827" lon="-7.96174">
        <ele>309.06</ele>
      </trkpt>
      <trkpt lat="41.45814" lon="-7.96155">
        <ele>308.86</ele>
      </trkpt>
      <trkpt lat="41.45774" lon="-7.96147">
        <ele>309.34</ele>
      </trkpt>
      <trkpt lat="41.45739" lon="-7.96132">
        <ele>312.7</ele>
      </trkpt>
      <trkpt lat="41.45726" lon="-7.96118">
        <ele>310.81</ele>
      </trkpt>
      <trkpt lat="41.45709" lon="-7.9606">
        <ele>306.18</ele>
      </trkpt>
      <trkpt lat="41.45682" lon="-7.96019">
        <ele>311.85</ele>
      </trkpt>
      <trkpt lat="41.45602" lon="-7.95976">
        <ele>319.04</ele>
      </trkpt>
      <trkpt lat="41.45559" lon="-7.95947">
        <ele>314.56</ele>
      </trkpt>
      <trkpt lat="41.45544" lon="-7.95943">
        <ele>311.67</ele>
      </trkpt>
      <trkpt lat="41.45518" lon="-7.95952">
        <ele>311.75</ele>
      </trkpt>
      <trkpt lat="41.45505" lon="-7.95961">
        <ele>315.6</ele>
      </trkpt>
      <trkpt lat="41.45496" lon="-7.95972">
        <ele>317.55</ele>
      </trkpt>
      <trkpt lat="41.45467" lon="-7.96024">
        <ele>321.32</ele>
      </trkpt>
      <trkpt lat="41.45458" lon="-7.96035">
        <ele>322.13</ele>
      </trkpt>
      <trkpt lat="41.45448" lon="-7.9604">
        <ele>321.66</ele>
      </trkpt>
      <trkpt lat="41.45432" lon="-7.96037">
        <ele>320.81</ele>
      </trkpt>
      <trkpt lat="41.45422" lon="-7.96032">
        <ele>320.32</ele>
      </trkpt>
      <trkpt lat="41.45393" lon="-7.9604">
        <ele>320.67</ele>
      </trkpt>
      <trkpt lat="41.45382" lon="-7.9604">
        <ele>321.57</ele>
      </trkpt>
      <trkpt lat="41.45368" lon="-7.9603">
        <ele>322.09</ele>
      </trkpt>
      <trkpt lat="41.45292" lon="-7.95899">
        <ele>323.3</ele>
      </trkpt>
      <trkpt lat="41.45279" lon="-7.95883">
        <ele>322.18</ele>
      </trkpt>
      <trkpt lat="41.45265" lon="-7.95878">
        <ele>321.82</ele>
      </trkpt>
      <trkpt lat="41.45161" lon="-7.95883">
        <ele>312.17</ele>
      </trkpt>
      <trkpt lat="41.45159" lon="-7.95884">
        <ele>311.99</ele>
      </trkpt>
      <trkpt lat="41.45147" lon="-7.95892">
        <ele>312.14</ele>
      </trkpt>
      <trkpt lat="41.45127" lon="-7.95942">
        <ele>316.01</ele>
      </trkpt>
      <trkpt lat="41.45114" lon="-7.95952">
        <ele>313.61</ele>
      </trkpt>
      <trkpt lat="41.45079" lon="-7.95947">
        <ele>309.46</ele>
      </trkpt>
      <trkpt lat="41.45034" lon="-7.95973">
        <ele>311.28</ele>
      </trkpt>
      <trkpt lat="41.44968" lon="-7.95991">
        <ele>308.02</ele>
      </trkpt>
      <trkpt lat="41.4496" lon="-7.95992">
        <ele>307.47</ele>
      </trkpt>
      <trkpt lat="41.44912" lon="-7.9598">
        <ele>310.71</ele>
      </trkpt>
      <trkpt lat="41.44893" lon="-7.95984">
        <ele>309.66</ele>
      </trkpt>
      <trkpt lat="41.4488" lon="-7.95999">
        <ele>309.62</ele>
      </trkpt>
      <trkpt lat="41.44869" lon="-7.96025">
        <ele>307.61</ele>
      </trkpt>
      <trkpt lat="41.44867" lon="-7.96047">
        <ele>302.76</ele>
      </trkpt>
      <trkpt lat="41.44872" lon="-7.96066">
        <ele>298.87</ele>
      </trkpt>
      <trkpt lat="41.44917" lon="-7.96124">
        <ele>289.34</ele>
      </trkpt>
      <trkpt lat="41.44951" lon="-7.96176">
        <ele>288.75</ele>
      </trkpt>
      <trkpt lat="41.44963" lon="-7.96186">
        <ele>290.98</ele>
      </trkpt>
      <trkpt lat="41.44987" lon="-7.96198">
        <ele>293.8</ele>
      </trkpt>
      <trkpt lat="41.44996" lon="-7.96207">
        <ele>295.73</ele>
      </trkpt>
      <trkpt lat="41.45002" lon="-7.96224">
        <ele>298.18</ele>
      </trkpt>
      <trkpt lat="41.45001" lon="-7.96281">
        <ele>294.13</ele>
      </trkpt>
      <trkpt lat="41.44991" lon="-7.96299">
        <ele>293.65</ele>
      </trkpt>
      <trkpt lat="41.44975" lon="-7.96307">
        <ele>295.03</ele>
      </trkpt>
      <trkpt lat="41.44951" lon="-7.96302">
        <ele>298.94</ele>
      </trkpt>
      <trkpt lat="41.44932" lon="-7.96305">
        <ele>299.12</ele>
      </trkpt>
      <trkpt lat="41.44869" lon="-7.96353">
        <ele>296.67</ele>
      </trkpt>
      <trkpt lat="41.44827" lon="-7.96368">
        <ele>294.57</ele>
      </trkpt>
      <trkpt lat="41.44809" lon="-7.96376">
        <ele>297.29</ele>
      </trkpt>
      <trkpt lat="41.44791" lon="-7.9638">
        <ele>294.27</ele>
      </trkpt>
      <trkpt lat="41.44713" lon="-7.96375">
        <ele>288.51</ele>
      </trkpt>
      <trkpt lat="41.44664" lon="-7.9639">
        <ele>286.36</ele>
      </trkpt>
      <trkpt lat="41.44641" lon="-7.96405">
        <ele>291.74</ele>
      </trkpt>
      <trkpt lat="41.44604" lon="-7.96439">
        <ele>290.5</ele>
      </trkpt>
      <trkpt lat="41.4458" lon="-7.96474">
        <ele>292.83</ele>
      </trkpt>
      <trkpt lat="41.44571" lon="-7.96483">
        <ele>292.99</ele>
      </trkpt>
      <trkpt lat="41.44559" lon="-7.96485">
        <ele>291.39</ele>
      </trkpt>
      <trkpt lat="41.44522" lon="-7.96484">
        <ele>287.24</ele>
      </trkpt>
      <trkpt lat="41.44515" lon="-7.96481">
        <ele>285.04</ele>
      </trkpt>
      <trkpt lat="41.44491" lon="-7.96471">
        <ele>279.53</ele>
      </trkpt>
      <trkpt lat="41.44479" lon="-7.9647">
        <ele>278.84</ele>
      </trkpt>
      <trkpt lat="41.44469" lon="-7.96474">
        <ele>279.44</ele>
      </trkpt>
      <trkpt lat="41.4437" lon="-7.96552">
        <ele>281.54</ele>
      </trkpt>
      <trkpt lat="41.44343" lon="-7.9661">
        <ele>278.37</ele>
      </trkpt>
      <trkpt lat="41.44329" lon="-7.96626">
        <ele>278.18</ele>
      </trkpt>
      <trkpt lat="41.44308" lon="-7.96642">
        <ele>277.08</ele>
      </trkpt>
      <trkpt lat="41.44264" lon="-7.96666">
        <ele>274.96</ele>
      </trkpt>
      <trkpt lat="41.44254" lon="-7.96681">
        <ele>271.19</ele>
      </trkpt>
      <trkpt lat="41.44249" lon="-7.96695">
        <ele>268.98</ele>
      </trkpt>
      <trkpt lat="41.44248" lon="-7.96717">
        <ele>269.8</ele>
      </trkpt>
      <trkpt lat="41.44254" lon="-7.96757">
        <ele>271.68</ele>
      </trkpt>
      <trkpt lat="41.44258" lon="-7.96791">
        <ele>270.2</ele>
      </trkpt>
      <trkpt lat="41.44278" lon="-7.96874">
        <ele>264.64</ele>
      </trkpt>
      <trkpt lat="41.44285" lon="-7.96892">
        <ele>264.08</ele>
      </trkpt>
      <trkpt lat="41.44323" lon="-7.96954">
        <ele>268.47</ele>
      </trkpt>
      <trkpt lat="41.44327" lon="-7.96966">
        <ele>267.04</ele>
      </trkpt>
      <trkpt lat="41.44328" lon="-7.96976">
        <ele>265.86</ele>
      </trkpt>
      <trkpt lat="41.44327" lon="-7.9699">
        <ele>265.36</ele>
      </trkpt>
      <trkpt lat="41.44322" lon="-7.97016">
        <ele>265.11</ele>
      </trkpt>
      <trkpt lat="41.44323" lon="-7.97031">
        <ele>265.42</ele>
      </trkpt>
      <trkpt lat="41.44328" lon="-7.97058">
        <ele>267.13</ele>
      </trkpt>
      <trkpt lat="41.44329" lon="-7.97073">
        <ele>269.3</ele>
      </trkpt>
      <trkpt lat="41.44325" lon="-7.97086">
        <ele>269.98</ele>
      </trkpt>
      <trkpt lat="41.44305" lon="-7.97113">
        <ele>267.99</ele>
      </trkpt>
      <trkpt lat="41.44297" lon="-7.97133">
        <ele>266.69</ele>
      </trkpt>
      <trkpt lat="41.44292" lon="-7.97165">
        <ele>266.01</ele>
      </trkpt>
      <trkpt lat="41.44288" lon="-7.97181">
        <ele>267.73</ele>
      </trkpt>
      <trkpt lat="41.44278" lon="-7.97194">
        <ele>268.93</ele>
      </trkpt>
      <trkpt lat="41.44265" lon="-7.97199">
        <ele>271.31</ele>
      </trkpt>
      <trkpt lat="41.44253" lon="-7.97196">
        <ele>271.28</ele>
      </trkpt>
      <trkpt lat="41.44244" lon="-7.97185">
        <ele>271.03</ele>
      </trkpt>
      <trkpt lat="41.44232" lon="-7.97153">
        <ele>268.92</ele>
      </trkpt>
      <trkpt lat="41.44223" lon="-7.97138">
        <ele>267.79</ele>
      </trkpt>
      <trkpt lat="41.44207" lon="-7.97124">
        <ele>270.11</ele>
      </trkpt>
      <trkpt lat="41.44187" lon="-7.97118">
        <ele>271.9</ele>
      </trkpt>
      <trkpt lat="41.44128" lon="-7.97124">
        <ele>272.47</ele>
      </trkpt>
      <trkpt lat="41.44115" lon="-7.97129">
        <ele>270.15</ele>
      </trkpt>
      <trkpt lat="41.44091" lon="-7.97151">
        <ele>272.22</ele>
      </trkpt>
      <trkpt lat="41.44076" lon="-7.97157">
        <ele>273.43</ele>
      </trkpt>
      <trkpt lat="41.44073" lon="-7.97157">
        <ele>273.8</ele>
      </trkpt>
      <trkpt lat="41.44058" lon="-7.97154">
        <ele>275.26</ele>
      </trkpt>
      <trkpt lat="41.44031" lon="-7.97132">
        <ele>267.89</ele>
      </trkpt>
      <trkpt lat="41.44019" lon="-7.97132">
        <ele>268.6</ele>
      </trkpt>
      <trkpt lat="41.44002" lon="-7.97143">
        <ele>272.87</ele>
      </trkpt>
      <trkpt lat="41.43931" lon="-7.97202">
        <ele>268.61</ele>
      </trkpt>
      <trkpt lat="41.43913" lon="-7.97206">
        <ele>264.64</ele>
      </trkpt>
      <trkpt lat="41.43888" lon="-7.97198">
        <ele>261.34</ele>
      </trkpt>
      <trkpt lat="41.43868" lon="-7.97185">
        <ele>258.98</ele>
      </trkpt>
      <trkpt lat="41.43844" lon="-7.97164">
        <ele>259.02</ele>
      </trkpt>
      <trkpt lat="41.43828" lon="-7.97149">
        <ele>260.74</ele>
      </trkpt>
      <trkpt lat="41.43807" lon="-7.97137">
        <ele>259.05</ele>
      </trkpt>
      <trkpt lat="41.43792" lon="-7.97132">
        <ele>260.1</ele>
      </trkpt>
      <trkpt lat="41.43777" lon="-7.97131">
        <ele>261.23</ele>
      </trkpt>
      <trkpt lat="41.43761" lon="-7.97136">
        <ele>260.34</ele>
      </trkpt>
      <trkpt lat="41.43732" lon="-7.97158">
        <ele>264.74</ele>
      </trkpt>
      <trkpt lat="41.43688" lon="-7.97194">
        <ele>267.98</ele>
      </trkpt>
      <trkpt lat="41.43654" lon="-7.97221">
        <ele>267.15</ele>
      </trkpt>
      <trkpt lat="41.43632" lon="-7.97238">
        <ele>264.93</ele>
      </trkpt>
      <trkpt lat="41.43629" lon="-7.97232">
        <ele>264.51</ele>
      </trkpt>
      <trkpt lat="41.43622" lon="-7.97224">
        <ele>263.81</ele>
      </trkpt>
      <trkpt lat="41.43325" lon="-7.9703">
        <ele>256.74</ele>
      </trkpt>
      <trkpt lat="41.43303" lon="-7.97022">
        <ele>257.92</ele>
      </trkpt>
      <trkpt lat="41.43293" lon="-7.97018">
        <ele>257.63</ele>
      </trkpt>
      <trkpt lat="41.43282" lon="-7.97018">
        <ele>258.29</ele>
      </trkpt>
      <trkpt lat="41.43256" lon="-7.97024">
        <ele>258.59</ele>
      </trkpt>
      <trkpt lat="41.43192" lon="-7.97047">
        <ele>251.37</ele>
      </trkpt>
      <trkpt lat="41.43192" lon="-7.97047">
        <ele>251.37</ele>
      </trkpt>
      <trkpt lat="41.43146" lon="-7.97063">
        <ele>252.8</ele>
      </trkpt>
      <trkpt lat="41.43089" lon="-7.97085">
        <ele>254.98</ele>
      </trkpt>
      <trkpt lat="41.43056" lon="-7.97106">
        <ele>258.95</ele>
      </trkpt>
      <trkpt lat="41.43016" lon="-7.97123">
        <ele>256.91</ele>
      </trkpt>
      <trkpt lat="41.42989" lon="-7.97125">
        <ele>252.93</ele>
      </trkpt>
      <trkpt lat="41.42947" lon="-7.97113">
        <ele>246.2</ele>
      </trkpt>
      <trkpt lat="41.42886" lon="-7.97148">
        <ele>253.72</ele>
      </trkpt>
      <trkpt lat="41.4286" lon="-7.97176">
        <ele>257.81</ele>
      </trkpt>
      <trkpt lat="41.42848" lon="-7.97179">
        <ele>256.01</ele>
      </trkpt>
      <trkpt lat="41.42817" lon="-7.97169">
        <ele>251.99</ele>
      </trkpt>
      <trkpt lat="41.42804" lon="-7.97168">
        <ele>251.75</ele>
      </trkpt>
      <trkpt lat="41.42783" lon="-7.97174">
        <ele>250.01</ele>
      </trkpt>
      <trkpt lat="41.42644" lon="-7.97258">
        <ele>257.39</ele>
      </trkpt>
      <trkpt lat="41.42628" lon="-7.97263">
        <ele>256.68</ele>
      </trkpt>
      <trkpt lat="41.42409" lon="-7.9727">
        <ele>246.41</ele>
      </trkpt>
      <trkpt lat="41.42378" lon="-7.97267">
        <ele>243.61</ele>
      </trkpt>
      <trkpt lat="41.42298" lon="-7.97238">
        <ele>254.59</ele>
      </trkpt>
      <trkpt lat="41.42274" lon="-7.97222">
        <ele>252.13</ele>
      </trkpt>
      <trkpt lat="41.42205" lon="-7.97121">
        <ele>240.9</ele>
      </trkpt>
      <trkpt lat="41.42189" lon="-7.97104">
        <ele>239.26</ele>
      </trkpt>
      <trkpt lat="41.42182" lon="-7.97099">
        <ele>237.6</ele>
      </trkpt>
      <trkpt lat="41.42171" lon="-7.97091">
        <ele>234.21</ele>
      </trkpt>
      <trkpt lat="41.42051" lon="-7.97048">
        <ele>233.91</ele>
      </trkpt>
      <trkpt lat="41.4203" lon="-7.97046">
        <ele>241.86</ele>
      </trkpt>
      <trkpt lat="41.4201" lon="-7.9705">
        <ele>241.26</ele>
      </trkpt>
      <trkpt lat="41.41908" lon="-7.97097">
        <ele>237.7</ele>
      </trkpt>
      <trkpt lat="41.41818" lon="-7.97138">
        <ele>227.56</ele>
      </trkpt>
      <trkpt lat="41.41802" lon="-7.97147">
        <ele>224.87</ele>
      </trkpt>
      <trkpt lat="41.41792" lon="-7.97157">
        <ele>223.07</ele>
      </trkpt>
      <trkpt lat="41.41781" lon="-7.97178">
        <ele>220.42</ele>
      </trkpt>
      <trkpt lat="41.41762" lon="-7.97251">
        <ele>217.88</ele>
      </trkpt>
      <trkpt lat="41.41745" lon="-7.9733">
        <ele>210.54</ele>
      </trkpt>
      <trkpt lat="41.41744" lon="-7.97368">
        <ele>209.37</ele>
      </trkpt>
      <trkpt lat="41.41761" lon="-7.97436">
        <ele>203.81</ele>
      </trkpt>
      <trkpt lat="41.4176" lon="-7.97476">
        <ele>205.25</ele>
      </trkpt>
      <trkpt lat="41.41753" lon="-7.97503">
        <ele>206.24</ele>
      </trkpt>
      <trkpt lat="41.41706" lon="-7.97615">
        <ele>187.74</ele>
      </trkpt>
      <trkpt lat="41.41696" lon="-7.97634">
        <ele>184</ele>
      </trkpt>
      <trkpt lat="41.41634" lon="-7.97704">
        <ele>174.56</ele>
      </trkpt>
      <trkpt lat="41.41619" lon="-7.97726">
        <ele>170.77</ele>
      </trkpt>
      <trkpt lat="41.41575" lon="-7.97684">
        <ele>172.96</ele>
      </trkpt>
      <trkpt lat="41.41568" lon="-7.97674">
        <ele>173.22</ele>
      </trkpt>
      <trkpt lat="41.41564" lon="-7.97666">
        <ele>173.68</ele>
      </trkpt>
      <trkpt lat="41.41558" lon="-7.9764">
        <ele>174.64</ele>
      </trkpt>
      <trkpt lat="41.41554" lon="-7.97631">
        <ele>175.18</ele>
      </trkpt>
      <trkpt lat="41.41547" lon="-7.97624">
        <ele>176.29</ele>
      </trkpt>
      <trkpt lat="41.41539" lon="-7.9762">
        <ele>176.91</ele>
      </trkpt>
      <trkpt lat="41.4153" lon="-7.97619">
        <ele>177.13</ele>
      </trkpt>
      <trkpt lat="41.41519" lon="-7.97623">
        <ele>178.48</ele>
      </trkpt>
      <trkpt lat="41.4151" lon="-7.9763">
        <ele>179.36</ele>
      </trkpt>
      <trkpt lat="41.41501" lon="-7.97643">
        <ele>179.23</ele>
      </trkpt>
      <trkpt lat="41.41474" lon="-7.9769">
        <ele>176.44</ele>
      </trkpt>
      <trkpt lat="41.41464" lon="-7.97697">
        <ele>175.14</ele>
      </trkpt>
      <trkpt lat="41.41454" lon="-7.977">
        <ele>173.89</ele>
      </trkpt>
      <trkpt lat="41.41444" lon="-7.97692">
        <ele>174.42</ele>
      </trkpt>
      <trkpt lat="41.41435" lon="-7.97681">
        <ele>175.75</ele>
      </trkpt>
      <trkpt lat="41.41427" lon="-7.97666">
        <ele>177.21</ele>
      </trkpt>
      <trkpt lat="41.41422" lon="-7.97647">
        <ele>178.97</ele>
      </trkpt>
      <trkpt lat="41.41425" lon="-7.9761">
        <ele>182.32</ele>
      </trkpt>
      <trkpt lat="41.41428" lon="-7.97584">
        <ele>181.53</ele>
      </trkpt>
      <trkpt lat="41.41426" lon="-7.97554">
        <ele>180.47</ele>
      </trkpt>
      <trkpt lat="41.41416" lon="-7.97533">
        <ele>179.46</ele>
      </trkpt>
      <trkpt lat="41.41403" lon="-7.97525">
        <ele>180.94</ele>
      </trkpt>
      <trkpt lat="41.41387" lon="-7.97528">
        <ele>181.45</ele>
      </trkpt>
      <trkpt lat="41.41345" lon="-7.97562">
        <ele>182.35</ele>
      </trkpt>
      <trkpt lat="41.41322" lon="-7.97576">
        <ele>180.8</ele>
      </trkpt>
      <trkpt lat="41.41305" lon="-7.97583">
        <ele>179.1</ele>
      </trkpt>
      <trkpt lat="41.41287" lon="-7.97584">
        <ele>178.86</ele>
      </trkpt>
      <trkpt lat="41.41276" lon="-7.97582">
        <ele>179.17</ele>
      </trkpt>
      <trkpt lat="41.41248" lon="-7.97573">
        <ele>179.65</ele>
      </trkpt>
      <trkpt lat="41.41235" lon="-7.97566">
        <ele>179.02</ele>
      </trkpt>
      <trkpt lat="41.41226" lon="-7.97551">
        <ele>179.86</ele>
      </trkpt>
      <trkpt lat="41.41223" lon="-7.97532">
        <ele>182.53</ele>
      </trkpt>
      <trkpt lat="41.41224" lon="-7.97489">
        <ele>188.1</ele>
      </trkpt>
      <trkpt lat="41.41223" lon="-7.97475">
        <ele>188.21</ele>
      </trkpt>
      <trkpt lat="41.41208" lon="-7.97435">
        <ele>185.61</ele>
      </trkpt>
      <trkpt lat="41.41206" lon="-7.97424">
        <ele>185.51</ele>
      </trkpt>
      <trkpt lat="41.41207" lon="-7.97412">
        <ele>185.99</ele>
      </trkpt>
      <trkpt lat="41.4121" lon="-7.97401">
        <ele>186.74</ele>
      </trkpt>
      <trkpt lat="41.41219" lon="-7.97375">
        <ele>187.48</ele>
      </trkpt>
      <trkpt lat="41.41221" lon="-7.97362">
        <ele>187.7</ele>
      </trkpt>
      <trkpt lat="41.4122" lon="-7.97353">
        <ele>186.88</ele>
      </trkpt>
      <trkpt lat="41.41215" lon="-7.97341">
        <ele>184.92</ele>
      </trkpt>
      <trkpt lat="41.41208" lon="-7.97332">
        <ele>182.9</ele>
      </trkpt>
      <trkpt lat="41.41188" lon="-7.97313">
        <ele>177.25</ele>
      </trkpt>
      <trkpt lat="41.41171" lon="-7.97292">
        <ele>175.66</ele>
      </trkpt>
      <trkpt lat="41.41159" lon="-7.97271">
        <ele>176.21</ele>
      </trkpt>
      <trkpt lat="41.41148" lon="-7.97262">
        <ele>175.26</ele>
      </trkpt>
      <trkpt lat="41.41137" lon="-7.9726">
        <ele>174.44</ele>
      </trkpt>
      <trkpt lat="41.41123" lon="-7.97264">
        <ele>175.13</ele>
      </trkpt>
      <trkpt lat="41.41103" lon="-7.97287">
        <ele>173.63</ele>
      </trkpt>
      <trkpt lat="41.41099" lon="-7.9729">
        <ele>173.7</ele>
      </trkpt>
      <trkpt lat="41.41089823783408" lon="-7.972943182195727">
        <ele>174.07784418740653</ele>
      </trkpt>
      <trkpt lat="41.410899" lon="-7.972946">
        <ele>172.33</ele>
      </trkpt>
      <trkpt lat="41.410818" lon="-7.972983">
        <ele>170.82</ele>
      </trkpt>
      <trkpt lat="41.410637" lon="-7.972942">
        <ele>168.78</ele>
      </trkpt>
      <trkpt lat="41.410502" lon="-7.972911">
        <ele>167.26</ele>
      </trkpt>
      <trkpt lat="41.410433" lon="-7.972824">
        <ele>166.81</ele>
      </trkpt>
      <trkpt lat="41.41043239590948" lon="-7.9728249496925745">
        <ele>168.4448207761107</ele>
      </trkpt>
      <trkpt lat="41.41019" lon="-7.97252">
        <ele>170.47</ele>
      </trkpt>
      <trkpt lat="41.41012" lon="-7.97234">
        <ele>169.88</ele>
      </trkpt>
      <trkpt lat="41.4101" lon="-7.97215">
        <ele>170.61</ele>
      </trkpt>
      <trkpt lat="41.41015" lon="-7.97163">
        <ele>173.66</ele>
      </trkpt>
      <trkpt lat="41.41016" lon="-7.97151">
        <ele>174.89</ele>
      </trkpt>
      <trkpt lat="41.41009" lon="-7.97115">
        <ele>171.19</ele>
      </trkpt>
      <trkpt lat="41.41007" lon="-7.9707">
        <ele>170.87</ele>
      </trkpt>
      <trkpt lat="41.41005" lon="-7.97057">
        <ele>170.72</ele>
      </trkpt>
      <trkpt lat="41.41002" lon="-7.97049">
        <ele>170.39</ele>
      </trkpt>
      <trkpt lat="41.40994" lon="-7.97035">
        <ele>168.95</ele>
      </trkpt>
      <trkpt lat="41.4098" lon="-7.97024">
        <ele>165.44</ele>
      </trkpt>
      <trkpt lat="41.40951" lon="-7.97006">
        <ele>162.7</ele>
      </trkpt>
      <trkpt lat="41.40921" lon="-7.96982">
        <ele>167.19</ele>
      </trkpt>
      <trkpt lat="41.40887" lon="-7.96944">
        <ele>166.45</ele>
      </trkpt>
      <trkpt lat="41.40876" lon="-7.96929">
        <ele>166.29</ele>
      </trkpt>
      <trkpt lat="41.40869" lon="-7.96914">
        <ele>166.82</ele>
      </trkpt>
      <trkpt lat="41.40864" lon="-7.96899">
        <ele>166.86</ele>
      </trkpt>
      <trkpt lat="41.40861" lon="-7.9688">
        <ele>168.22</ele>
      </trkpt>
      <trkpt lat="41.40863" lon="-7.96862">
        <ele>171.56</ele>
      </trkpt>
      <trkpt lat="41.40884" lon="-7.96811">
        <ele>175.12</ele>
      </trkpt>
      <trkpt lat="41.40886" lon="-7.96794">
        <ele>174.34</ele>
      </trkpt>
      <trkpt lat="41.40887" lon="-7.96747">
        <ele>170.06</ele>
      </trkpt>
      <trkpt lat="41.40892" lon="-7.96723">
        <ele>169.61</ele>
      </trkpt>
      <trkpt lat="41.40901" lon="-7.967">
        <ele>166.48</ele>
      </trkpt>
      <trkpt lat="41.41025" lon="-7.96445">
        <ele>166.01</ele>
      </trkpt>
      <trkpt lat="41.41074" lon="-7.96345">
        <ele>173.67</ele>
      </trkpt>
      <trkpt lat="41.41094" lon="-7.96303">
        <ele>173.41</ele>
      </trkpt>
      <trkpt lat="41.41102" lon="-7.96275">
        <ele>173.53</ele>
      </trkpt>
      <trkpt lat="41.41105" lon="-7.96261">
        <ele>174.43</ele>
      </trkpt>
      <trkpt lat="41.41103" lon="-7.96252">
        <ele>175.15</ele>
      </trkpt>
      <trkpt lat="41.41105" lon="-7.96242">
        <ele>176.25</ele>
      </trkpt>
      <trkpt lat="41.411" lon="-7.96222">
        <ele>178.61</ele>
      </trkpt>
      <trkpt lat="41.41098" lon="-7.96203">
        <ele>179.59</ele>
      </trkpt>
      <trkpt lat="41.41083" lon="-7.9584">
        <ele>189.44</ele>
      </trkpt>
      <trkpt lat="41.4108" lon="-7.95818">
        <ele>186.56</ele>
      </trkpt>
      <trkpt lat="41.41075" lon="-7.95799">
        <ele>183.99</ele>
      </trkpt>
      <trkpt lat="41.41069" lon="-7.95786">
        <ele>182.37</ele>
      </trkpt>
      <trkpt lat="41.41061" lon="-7.95773">
        <ele>180.41</ele>
      </trkpt>
      <trkpt lat="41.41015" lon="-7.95723">
        <ele>179.89</ele>
      </trkpt>
      <trkpt lat="41.4099237163814" lon="-7.9570010225288">
        <ele>182.07471068924104</ele>
      </trkpt>
      <trkpt lat="41.409922" lon="-7.957004">
        <ele>195.72</ele>
      </trkpt>
      <trkpt lat="41.409751" lon="-7.956832">
        <ele>196.49</ele>
      </trkpt>
      <trkpt lat="41.409579" lon="-7.956467">
        <ele>194.71</ele>
      </trkpt>
      <trkpt lat="41.409496" lon="-7.956196">
        <ele>193.31</ele>
      </trkpt>
      <trkpt lat="41.409494" lon="-7.956153">
        <ele>193.15</ele>
      </trkpt>
      <trkpt lat="41.409494" lon="-7.956136">
        <ele>193.09</ele>
      </trkpt>
      <trkpt lat="41.40947" lon="-7.955304">
        <ele>191.34</ele>
      </trkpt>
      <trkpt lat="41.409479" lon="-7.954975">
        <ele>192.24</ele>
      </trkpt>
      <trkpt lat="41.409479" lon="-7.954975">
        <ele>192.24</ele>
      </trkpt>
      <trkpt lat="41.409486" lon="-7.954701">
        <ele>192.98</ele>
      </trkpt>
      <trkpt lat="41.409518" lon="-7.954351">
        <ele>195.19</ele>
      </trkpt>
      <trkpt lat="41.409518" lon="-7.954297">
        <ele>195.56</ele>
      </trkpt>
      <trkpt lat="41.409533" lon="-7.954243">
        <ele>195.96</ele>
      </trkpt>
      <trkpt lat="41.409584" lon="-7.953879">
        <ele>198.72</ele>
      </trkpt>
      <trkpt lat="41.409678" lon="-7.953409">
        <ele>203.49</ele>
      </trkpt>
      <trkpt lat="41.40968" lon="-7.95341">
        <ele>202.3</ele>
      </trkpt>
      <trkpt lat="41.40977" lon="-7.9531">
        <ele>204.5</ele>
      </trkpt>
      <trkpt lat="41.40989" lon="-7.95281">
        <ele>206.07</ele>
      </trkpt>
      <trkpt lat="41.41033" lon="-7.95185">
        <ele>212.49</ele>
      </trkpt>
      <trkpt lat="41.41042" lon="-7.95166">
        <ele>211.49</ele>
      </trkpt>
      <trkpt lat="41.41044" lon="-7.95161">
        <ele>211.52</ele>
      </trkpt>
      <trkpt lat="41.41047" lon="-7.95157">
        <ele>211.2</ele>
      </trkpt>
      <trkpt lat="41.4107" lon="-7.95108">
        <ele>214.07</ele>
      </trkpt>
      <trkpt lat="41.41077" lon="-7.95075">
        <ele>214.8</ele>
      </trkpt>
      <trkpt lat="41.41084" lon="-7.95046">
        <ele>214.59</ele>
      </trkpt>
      <trkpt lat="41.41089" lon="-7.95018">
        <ele>214.97</ele>
      </trkpt>
      <trkpt lat="41.41102" lon="-7.94981">
        <ele>211.53</ele>
      </trkpt>
      <trkpt lat="41.41112" lon="-7.94959">
        <ele>209.95</ele>
      </trkpt>
      <trkpt lat="41.41118" lon="-7.9495">
        <ele>209.7</ele>
      </trkpt>
      <trkpt lat="41.41125" lon="-7.94944">
        <ele>209.5</ele>
      </trkpt>
      <trkpt lat="41.41148" lon="-7.94936">
        <ele>209.65</ele>
      </trkpt>
      <trkpt lat="41.41196" lon="-7.94923">
        <ele>216.64</ele>
      </trkpt>
      <trkpt lat="41.4121" lon="-7.94916">
        <ele>213.47</ele>
      </trkpt>
      <trkpt lat="41.4123" lon="-7.94903">
        <ele>209.01</ele>
      </trkpt>
      <trkpt lat="41.41241" lon="-7.94894">
        <ele>207.53</ele>
      </trkpt>
      <trkpt lat="41.41255" lon="-7.9488">
        <ele>207.1</ele>
      </trkpt>
      <trkpt lat="41.4127" lon="-7.94874">
        <ele>205.05</ele>
      </trkpt>
      <trkpt lat="41.41333" lon="-7.94868">
        <ele>213.69</ele>
      </trkpt>
      <trkpt lat="41.41347" lon="-7.94871">
        <ele>215.72</ele>
      </trkpt>
      <trkpt lat="41.41399" lon="-7.9489">
        <ele>217.37</ele>
      </trkpt>
      <trkpt lat="41.41413" lon="-7.9489">
        <ele>215.33</ele>
      </trkpt>
      <trkpt lat="41.41428" lon="-7.94886">
        <ele>214.3</ele>
      </trkpt>
      <trkpt lat="41.4144" lon="-7.94877">
        <ele>214.62</ele>
      </trkpt>
      <trkpt lat="41.41451" lon="-7.94868">
        <ele>215.52</ele>
      </trkpt>
      <trkpt lat="41.41475" lon="-7.94828">
        <ele>220.12</ele>
      </trkpt>
      <trkpt lat="41.41482" lon="-7.94822">
        <ele>220.05</ele>
      </trkpt>
      <trkpt lat="41.41486" lon="-7.9482">
        <ele>219.95</ele>
      </trkpt>
      <trkpt lat="41.41493" lon="-7.94817">
        <ele>219.81</ele>
      </trkpt>
      <trkpt lat="41.41526" lon="-7.94808">
        <ele>222.77</ele>
      </trkpt>
      <trkpt lat="41.41547" lon="-7.94793">
        <ele>229.03</ele>
      </trkpt>
      <trkpt lat="41.41583" lon="-7.94764">
        <ele>233.49</ele>
      </trkpt>
      <trkpt lat="41.41594" lon="-7.94753">
        <ele>231.59</ele>
      </trkpt>
      <trkpt lat="41.416" lon="-7.94745">
        <ele>230.65</ele>
      </trkpt>
      <trkpt lat="41.41603" lon="-7.94738">
        <ele>230.31</ele>
      </trkpt>
      <trkpt lat="41.41606" lon="-7.94726">
        <ele>230.13</ele>
      </trkpt>
      <trkpt lat="41.41604" lon="-7.94702">
        <ele>232.06</ele>
      </trkpt>
      <trkpt lat="41.41595" lon="-7.94631">
        <ele>237.29</ele>
      </trkpt>
      <trkpt lat="41.41595" lon="-7.9462">
        <ele>238.41</ele>
      </trkpt>
      <trkpt lat="41.41597" lon="-7.94611">
        <ele>239.06</ele>
      </trkpt>
      <trkpt lat="41.41599" lon="-7.94607">
        <ele>239.65</ele>
      </trkpt>
      <trkpt lat="41.41678" lon="-7.94468">
        <ele>248.99</ele>
      </trkpt>
      <trkpt lat="41.41691" lon="-7.94451">
        <ele>248.78</ele>
      </trkpt>
      <trkpt lat="41.41711" lon="-7.9443">
        <ele>246.29</ele>
      </trkpt>
      <trkpt lat="41.41752" lon="-7.94396">
        <ele>238.4</ele>
      </trkpt>
      <trkpt lat="41.41806" lon="-7.94369">
        <ele>238.78</ele>
      </trkpt>
      <trkpt lat="41.41812" lon="-7.94364">
        <ele>238.9</ele>
      </trkpt>
      <trkpt lat="41.41818" lon="-7.94352">
        <ele>240.81</ele>
      </trkpt>
      <trkpt lat="41.41821" lon="-7.94337">
        <ele>242.55</ele>
      </trkpt>
      <trkpt lat="41.4182" lon="-7.94324">
        <ele>242.8</ele>
      </trkpt>
      <trkpt lat="41.41818" lon="-7.94307">
        <ele>242.58</ele>
      </trkpt>
      <trkpt lat="41.41809" lon="-7.94287">
        <ele>242.54</ele>
      </trkpt>
      <trkpt lat="41.418" lon="-7.94268">
        <ele>243.72</ele>
      </trkpt>
      <trkpt lat="41.41781" lon="-7.94225">
        <ele>245.61</ele>
      </trkpt>
      <trkpt lat="41.41777" lon="-7.94208">
        <ele>244.54</ele>
      </trkpt>
      <trkpt lat="41.41774" lon="-7.94196">
        <ele>243.69</ele>
      </trkpt>
      <trkpt lat="41.41769" lon="-7.94151">
        <ele>243.9</ele>
      </trkpt>
      <trkpt lat="41.41763" lon="-7.9413">
        <ele>244.19</ele>
      </trkpt>
      <trkpt lat="41.41748" lon="-7.94099">
        <ele>242.96</ele>
      </trkpt>
      <trkpt lat="41.41744" lon="-7.94087">
        <ele>243.67</ele>
      </trkpt>
      <trkpt lat="41.41742" lon="-7.94065">
        <ele>244.07</ele>
      </trkpt>
      <trkpt lat="41.41744" lon="-7.94016">
        <ele>243.63</ele>
      </trkpt>
      <trkpt lat="41.41745" lon="-7.93973">
        <ele>245.84</ele>
      </trkpt>
      <trkpt lat="41.41744" lon="-7.93953">
        <ele>246.47</ele>
      </trkpt>
      <trkpt lat="41.41737" lon="-7.93931">
        <ele>246.92</ele>
      </trkpt>
      <trkpt lat="41.41729" lon="-7.93912">
        <ele>246.93</ele>
      </trkpt>
      <trkpt lat="41.41716" lon="-7.93893">
        <ele>247.55</ele>
      </trkpt>
      <trkpt lat="41.41706" lon="-7.93881">
        <ele>248.14</ele>
      </trkpt>
      <trkpt lat="41.41674" lon="-7.93861">
        <ele>254.34</ele>
      </trkpt>
      <trkpt lat="41.41662" lon="-7.9385">
        <ele>255.41</ele>
      </trkpt>
      <trkpt lat="41.41643" lon="-7.93825">
        <ele>255.26</ele>
      </trkpt>
      <trkpt lat="41.41625" lon="-7.93797">
        <ele>258.73</ele>
      </trkpt>
      <trkpt lat="41.41621" lon="-7.93786">
        <ele>259.31</ele>
      </trkpt>
      <trkpt lat="41.41619" lon="-7.93774">
        <ele>259.12</ele>
      </trkpt>
      <trkpt lat="41.41621" lon="-7.93761">
        <ele>258.52</ele>
      </trkpt>
      <trkpt lat="41.41631" lon="-7.9374">
        <ele>258.53</ele>
      </trkpt>
      <trkpt lat="41.41641" lon="-7.93728">
        <ele>260.23</ele>
      </trkpt>
      <trkpt lat="41.41653" lon="-7.93723">
        <ele>263.3</ele>
      </trkpt>
      <trkpt lat="41.41697" lon="-7.93726">
        <ele>262.75</ele>
      </trkpt>
      <trkpt lat="41.41707" lon="-7.93725">
        <ele>262.39</ele>
      </trkpt>
      <trkpt lat="41.41717" lon="-7.93723">
        <ele>262.2</ele>
      </trkpt>
      <trkpt lat="41.41732" lon="-7.93716">
        <ele>262.88</ele>
      </trkpt>
      <trkpt lat="41.41783" lon="-7.9369">
        <ele>264.96</ele>
      </trkpt>
      <trkpt lat="41.41795" lon="-7.93689">
        <ele>265.36</ele>
      </trkpt>
      <trkpt lat="41.41811" lon="-7.9369">
        <ele>266.13</ele>
      </trkpt>
      <trkpt lat="41.41848" lon="-7.93699">
        <ele>273.4</ele>
      </trkpt>
      <trkpt lat="41.41858" lon="-7.93704">
        <ele>275.44</ele>
      </trkpt>
      <trkpt lat="41.41867" lon="-7.93711">
        <ele>275.31</ele>
      </trkpt>
      <trkpt lat="41.41871" lon="-7.93716">
        <ele>274.69</ele>
      </trkpt>
      <trkpt lat="41.41876" lon="-7.93722">
        <ele>274.35</ele>
      </trkpt>
      <trkpt lat="41.41898" lon="-7.93761">
        <ele>271.41</ele>
      </trkpt>
      <trkpt lat="41.41904" lon="-7.93767">
        <ele>270.75</ele>
      </trkpt>
      <trkpt lat="41.41913" lon="-7.93773">
        <ele>270.49</ele>
      </trkpt>
      <trkpt lat="41.41945" lon="-7.93786">
        <ele>270.16</ele>
      </trkpt>
      <trkpt lat="41.42003" lon="-7.93808">
        <ele>270.44</ele>
      </trkpt>
      <trkpt lat="41.42024" lon="-7.93813">
        <ele>273.82</ele>
      </trkpt>
      <trkpt lat="41.42038" lon="-7.93813">
        <ele>275.44</ele>
      </trkpt>
      <trkpt lat="41.42044" lon="-7.93811">
        <ele>276.37</ele>
      </trkpt>
      <trkpt lat="41.42053" lon="-7.93805">
        <ele>278.73</ele>
      </trkpt>
      <trkpt lat="41.42081" lon="-7.93771">
        <ele>281.86</ele>
      </trkpt>
      <trkpt lat="41.42089" lon="-7.93764">
        <ele>283.28</ele>
      </trkpt>
      <trkpt lat="41.42099" lon="-7.93757">
        <ele>284.91</ele>
      </trkpt>
      <trkpt lat="41.42224" lon="-7.93707">
        <ele>298.49</ele>
      </trkpt>
      <trkpt lat="41.42244" lon="-7.93694">
        <ele>293.05</ele>
      </trkpt>
      <trkpt lat="41.42273" lon="-7.93656">
        <ele>296.73</ele>
      </trkpt>
      <trkpt lat="41.42298" lon="-7.9363">
        <ele>291.5</ele>
      </trkpt>
      <trkpt lat="41.42347" lon="-7.93597">
        <ele>290.85</ele>
      </trkpt>
      <trkpt lat="41.42352" lon="-7.93595">
        <ele>291.01</ele>
      </trkpt>
      <trkpt lat="41.42352" lon="-7.93595">
        <ele>291.01</ele>
      </trkpt>
      <trkpt lat="41.42357" lon="-7.93594">
        <ele>290.77</ele>
      </trkpt>
      <trkpt lat="41.42368" lon="-7.93595">
        <ele>290.74</ele>
      </trkpt>
      <trkpt lat="41.42376" lon="-7.93601">
        <ele>289.67</ele>
      </trkpt>
      <trkpt lat="41.42383" lon="-7.93611">
        <ele>286.83</ele>
      </trkpt>
      <trkpt lat="41.42401" lon="-7.93668">
        <ele>278.25</ele>
      </trkpt>
      <trkpt lat="41.42415" lon="-7.93702">
        <ele>272.69</ele>
      </trkpt>
      <trkpt lat="41.42431" lon="-7.93731">
        <ele>271.6</ele>
      </trkpt>
      <trkpt lat="41.42443" lon="-7.93748">
        <ele>270.32</ele>
      </trkpt>
      <trkpt lat="41.42484" lon="-7.93791">
        <ele>267.38</ele>
      </trkpt>
      <trkpt lat="41.42496" lon="-7.938">
        <ele>267.76</ele>
      </trkpt>
      <trkpt lat="41.42511" lon="-7.93803">
        <ele>269.34</ele>
      </trkpt>
      <trkpt lat="41.42524" lon="-7.93799">
        <ele>272.17</ele>
      </trkpt>
      <trkpt lat="41.42533" lon="-7.93793">
        <ele>274.16</ele>
      </trkpt>
      <trkpt lat="41.42533" lon="-7.93793">
        <ele>274.16</ele>
      </trkpt>
      <trkpt lat="41.4254" lon="-7.93788">
        <ele>275.42</ele>
      </trkpt>
      <trkpt lat="41.42559" lon="-7.93766">
        <ele>279.75</ele>
      </trkpt>
      <trkpt lat="41.42699" lon="-7.93515">
        <ele>288.64</ele>
      </trkpt>
      <trkpt lat="41.42714" lon="-7.93493">
        <ele>285.6</ele>
      </trkpt>
      <trkpt lat="41.42713" lon="-7.93484">
        <ele>286.67</ele>
      </trkpt>
      <trkpt lat="41.42731" lon="-7.9342">
        <ele>287.56</ele>
      </trkpt>
      <trkpt lat="41.42738" lon="-7.93388">
        <ele>288.37</ele>
      </trkpt>
      <trkpt lat="41.4274" lon="-7.93227">
        <ele>294.99</ele>
      </trkpt>
      <trkpt lat="41.42738" lon="-7.93209">
        <ele>297.16</ele>
      </trkpt>
      <trkpt lat="41.42732" lon="-7.93197">
        <ele>299.32</ele>
      </trkpt>
      <trkpt lat="41.42717" lon="-7.93189">
        <ele>304.03</ele>
      </trkpt>
      <trkpt lat="41.42702" lon="-7.9319">
        <ele>308.56</ele>
      </trkpt>
      <trkpt lat="41.42649" lon="-7.93228">
        <ele>313.5</ele>
      </trkpt>
      <trkpt lat="41.42612" lon="-7.93258">
        <ele>326.95</ele>
      </trkpt>
      <trkpt lat="41.42581" lon="-7.93292">
        <ele>327.56</ele>
      </trkpt>
      <trkpt lat="41.42564" lon="-7.93302">
        <ele>329</ele>
      </trkpt>
      <trkpt lat="41.42551" lon="-7.93298">
        <ele>329</ele>
      </trkpt>
      <trkpt lat="41.42541" lon="-7.93278">
        <ele>327.07</ele>
      </trkpt>
      <trkpt lat="41.42542" lon="-7.93254">
        <ele>328.69</ele>
      </trkpt>
      <trkpt lat="41.42575" lon="-7.93156">
        <ele>331.87</ele>
      </trkpt>
      <trkpt lat="41.42626" lon="-7.93059">
        <ele>328.65</ele>
      </trkpt>
      <trkpt lat="41.42659" lon="-7.92997">
        <ele>337.19</ele>
      </trkpt>
      <trkpt lat="41.42677" lon="-7.92962">
        <ele>339.5</ele>
      </trkpt>
      <trkpt lat="41.42689" lon="-7.92924">
        <ele>343.94</ele>
      </trkpt>
      <trkpt lat="41.42711" lon="-7.92848">
        <ele>355</ele>
      </trkpt>
      <trkpt lat="41.42739" lon="-7.92777">
        <ele>358.91</ele>
      </trkpt>
      <trkpt lat="41.4276" lon="-7.92694">
        <ele>362.68</ele>
      </trkpt>
      <trkpt lat="41.42777" lon="-7.92642">
        <ele>363.16</ele>
      </trkpt>
      <trkpt lat="41.42802" lon="-7.92588">
        <ele>376.99</ele>
      </trkpt>
      <trkpt lat="41.42858" lon="-7.92513">
        <ele>387.67</ele>
      </trkpt>
      <trkpt lat="41.42897" lon="-7.9248">
        <ele>383.86</ele>
      </trkpt>
      <trkpt lat="41.42935" lon="-7.92417">
        <ele>385.97</ele>
      </trkpt>
      <trkpt lat="41.42943" lon="-7.92399">
        <ele>387.31</ele>
      </trkpt>
      <trkpt lat="41.42971" lon="-7.92294">
        <ele>390.42</ele>
      </trkpt>
      <trkpt lat="41.42976" lon="-7.92267">
        <ele>392.44</ele>
      </trkpt>
      <trkpt lat="41.42971" lon="-7.92254">
        <ele>393.57</ele>
      </trkpt>
      <trkpt lat="41.4296" lon="-7.92239">
        <ele>395.01</ele>
      </trkpt>
      <trkpt lat="41.42942" lon="-7.92234">
        <ele>395.45</ele>
      </trkpt>
      <trkpt lat="41.42908" lon="-7.92231">
        <ele>400.24</ele>
      </trkpt>
      <trkpt lat="41.42889" lon="-7.92235">
        <ele>403.52</ele>
      </trkpt>
      <trkpt lat="41.42857" lon="-7.92259">
        <ele>411.99</ele>
      </trkpt>
      <trkpt lat="41.42795" lon="-7.92307">
        <ele>426.69</ele>
      </trkpt>
      <trkpt lat="41.42783" lon="-7.92328">
        <ele>431.17</ele>
      </trkpt>
      <trkpt lat="41.42642" lon="-7.9243">
        <ele>429.93</ele>
      </trkpt>
      <trkpt lat="41.42537" lon="-7.92502">
        <ele>447.75</ele>
      </trkpt>
      <trkpt lat="41.4242" lon="-7.92587">
        <ele>464.98</ele>
      </trkpt>
      <trkpt lat="41.42403" lon="-7.926">
        <ele>463</ele>
      </trkpt>
      <trkpt lat="41.42374" lon="-7.9264">
        <ele>453.21</ele>
      </trkpt>
      <trkpt lat="41.42363" lon="-7.92651">
        <ele>450.43</ele>
      </trkpt>
      <trkpt lat="41.42349" lon="-7.92658">
        <ele>450.42</ele>
      </trkpt>
      <trkpt lat="41.42333" lon="-7.9266">
        <ele>451.81</ele>
      </trkpt>
      <trkpt lat="41.42289" lon="-7.92651">
        <ele>461.69</ele>
      </trkpt>
      <trkpt lat="41.42267" lon="-7.92645">
        <ele>464.25</ele>
      </trkpt>
      <trkpt lat="41.42239" lon="-7.9263">
        <ele>467.67</ele>
      </trkpt>
      <trkpt lat="41.42229" lon="-7.92617">
        <ele>471.31</ele>
      </trkpt>
      <trkpt lat="41.42229" lon="-7.92596">
        <ele>475.95</ele>
      </trkpt>
      <trkpt lat="41.42243" lon="-7.92555">
        <ele>480.35</ele>
      </trkpt>
      <trkpt lat="41.42278" lon="-7.92473">
        <ele>485.81</ele>
      </trkpt>
      <trkpt lat="41.42315" lon="-7.92419">
        <ele>487.95</ele>
      </trkpt>
      <trkpt lat="41.42343" lon="-7.92369">
        <ele>492.24</ele>
      </trkpt>
      <trkpt lat="41.42353" lon="-7.92344">
        <ele>494.12</ele>
      </trkpt>
      <trkpt lat="41.42363" lon="-7.92327">
        <ele>495.55</ele>
      </trkpt>
      <trkpt lat="41.4239" lon="-7.92305">
        <ele>497.92</ele>
      </trkpt>
      <trkpt lat="41.42398" lon="-7.9229">
        <ele>499.48</ele>
      </trkpt>
      <trkpt lat="41.42412" lon="-7.9223">
        <ele>508.64</ele>
      </trkpt>
      <trkpt lat="41.42432" lon="-7.9216">
        <ele>518.3</ele>
      </trkpt>
      <trkpt lat="41.42434" lon="-7.92144">
        <ele>520.33</ele>
      </trkpt>
      <trkpt lat="41.4243" lon="-7.92134">
        <ele>521.54</ele>
      </trkpt>
      <trkpt lat="41.42421" lon="-7.92128">
        <ele>522.45</ele>
      </trkpt>
      <trkpt lat="41.42412" lon="-7.92131">
        <ele>522.28</ele>
      </trkpt>
      <trkpt lat="41.42382" lon="-7.92181">
        <ele>517.41</ele>
      </trkpt>
      <trkpt lat="41.4237" lon="-7.92191">
        <ele>517.34</ele>
      </trkpt>
      <trkpt lat="41.42356" lon="-7.92192">
        <ele>518.44</ele>
      </trkpt>
      <trkpt lat="41.42297" lon="-7.92176">
        <ele>528.2</ele>
      </trkpt>
      <trkpt lat="41.42284" lon="-7.9218">
        <ele>529.96</ele>
      </trkpt>
      <trkpt lat="41.42277" lon="-7.9219">
        <ele>529.76</ele>
      </trkpt>
      <trkpt lat="41.42272" lon="-7.92209">
        <ele>527.95</ele>
      </trkpt>
      <trkpt lat="41.42264" lon="-7.92248">
        <ele>530.3</ele>
      </trkpt>
      <trkpt lat="41.42257" lon="-7.92271">
        <ele>530.98</ele>
      </trkpt>
      <trkpt lat="41.42204" lon="-7.92365">
        <ele>533.86</ele>
      </trkpt>
      <trkpt lat="41.42187" lon="-7.92393">
        <ele>536.02</ele>
      </trkpt>
      <trkpt lat="41.42142" lon="-7.92448">
        <ele>546</ele>
      </trkpt>
      <trkpt lat="41.42095" lon="-7.9252">
        <ele>545.67</ele>
      </trkpt>
      <trkpt lat="41.42073" lon="-7.92541">
        <ele>545.39</ele>
      </trkpt>
      <trkpt lat="41.42058" lon="-7.92549">
        <ele>547.32</ele>
      </trkpt>
      <trkpt lat="41.4194" lon="-7.9259">
        <ele>550.33</ele>
      </trkpt>
      <trkpt lat="41.41892" lon="-7.92601">
        <ele>553.14</ele>
      </trkpt>
      <trkpt lat="41.41869" lon="-7.92604">
        <ele>553.53</ele>
      </trkpt>
      <trkpt lat="41.41822" lon="-7.92596">
        <ele>548.33</ele>
      </trkpt>
      <trkpt lat="41.41791" lon="-7.92585">
        <ele>548.12</ele>
      </trkpt>
      <trkpt lat="41.41774" lon="-7.92576">
        <ele>549.7</ele>
      </trkpt>
      <trkpt lat="41.41762" lon="-7.92568">
        <ele>550.03</ele>
      </trkpt>
      <trkpt lat="41.41729" lon="-7.92538">
        <ele>553.25</ele>
      </trkpt>
      <trkpt lat="41.41679" lon="-7.92514">
        <ele>561.21</ele>
      </trkpt>
      <trkpt lat="41.41657" lon="-7.92505">
        <ele>561.88</ele>
      </trkpt>
      <trkpt lat="41.41634" lon="-7.92498">
        <ele>557.99</ele>
      </trkpt>
      <trkpt lat="41.41591" lon="-7.92489">
        <ele>554.17</ele>
      </trkpt>
      <trkpt lat="41.41584" lon="-7.92485">
        <ele>555.32</ele>
      </trkpt>
      <trkpt lat="41.41577" lon="-7.92478">
        <ele>556.88</ele>
      </trkpt>
      <trkpt lat="41.41573" lon="-7.9247">
        <ele>559.01</ele>
      </trkpt>
      <trkpt lat="41.41573" lon="-7.92462">
        <ele>561.7</ele>
      </trkpt>
      <trkpt lat="41.41574" lon="-7.92455">
        <ele>564.12</ele>
      </trkpt>
      <trkpt lat="41.41577" lon="-7.92447">
        <ele>566.92</ele>
      </trkpt>
      <trkpt lat="41.41584" lon="-7.92443">
        <ele>568.9</ele>
      </trkpt>
      <trkpt lat="41.41591" lon="-7.92442">
        <ele>570.24</ele>
      </trkpt>
      <trkpt lat="41.416" lon="-7.92443">
        <ele>570.63</ele>
      </trkpt>
      <trkpt lat="41.41623" lon="-7.92452">
        <ele>570.19</ele>
      </trkpt>
      <trkpt lat="41.41631" lon="-7.92454">
        <ele>570.92</ele>
      </trkpt>
      <trkpt lat="41.4164" lon="-7.92454">
        <ele>572.82</ele>
      </trkpt>
      <trkpt lat="41.41667" lon="-7.9245">
        <ele>580.84</ele>
      </trkpt>
      <trkpt lat="41.41681" lon="-7.92451">
        <ele>582.04</ele>
      </trkpt>
      <trkpt lat="41.41717" lon="-7.92462">
        <ele>575.63</ele>
      </trkpt>
      <trkpt lat="41.41777" lon="-7.92465">
        <ele>575.19</ele>
      </trkpt>
      <trkpt lat="41.41804" lon="-7.92471">
        <ele>571.15</ele>
      </trkpt>
      <trkpt lat="41.41823" lon="-7.92469">
        <ele>581.1</ele>
      </trkpt>
      <trkpt lat="41.41848" lon="-7.9246">
        <ele>594.29</ele>
      </trkpt>
      <trkpt lat="41.4186" lon="-7.92461">
        <ele>595.85</ele>
      </trkpt>
      <trkpt lat="41.41878" lon="-7.92471">
        <ele>593.68</ele>
      </trkpt>
      <trkpt lat="41.41887" lon="-7.92473">
        <ele>593.72</ele>
      </trkpt>
      <trkpt lat="41.41904" lon="-7.92467">
        <ele>596.95</ele>
      </trkpt>
      <trkpt lat="41.41924" lon="-7.92453">
        <ele>602.84</ele>
      </trkpt>
      <trkpt lat="41.41963" lon="-7.92416">
        <ele>614.04</ele>
      </trkpt>
      <trkpt lat="41.41971" lon="-7.92406">
        <ele>613.23</ele>
      </trkpt>
      <trkpt lat="41.41977" lon="-7.92396">
        <ele>611.96</ele>
      </trkpt>
      <trkpt lat="41.41981" lon="-7.92385">
        <ele>612.43</ele>
      </trkpt>
      <trkpt lat="41.41991" lon="-7.92329">
        <ele>625.71</ele>
      </trkpt>
      <trkpt lat="41.42012" lon="-7.92275">
        <ele>629.89</ele>
      </trkpt>
      <trkpt lat="41.42017" lon="-7.9226">
        <ele>630.42</ele>
      </trkpt>
      <trkpt lat="41.42023" lon="-7.92243">
        <ele>630.96</ele>
      </trkpt>
      <trkpt lat="41.4203" lon="-7.9221">
        <ele>631.58</ele>
      </trkpt>
      <trkpt lat="41.42036" lon="-7.92155">
        <ele>638.18</ele>
      </trkpt>
      <trkpt lat="41.42067" lon="-7.92055">
        <ele>641.25</ele>
      </trkpt>
      <trkpt lat="41.42069" lon="-7.92025">
        <ele>647.13</ele>
      </trkpt>
      <trkpt lat="41.42067" lon="-7.92004">
        <ele>647.7</ele>
      </trkpt>
      <trkpt lat="41.42059" lon="-7.91965">
        <ele>652.18</ele>
      </trkpt>
      <trkpt lat="41.42059" lon="-7.91878">
        <ele>662.02</ele>
      </trkpt>
      <trkpt lat="41.4207" lon="-7.91847">
        <ele>662.62</ele>
      </trkpt>
      <trkpt lat="41.42079" lon="-7.91816">
        <ele>664.06</ele>
      </trkpt>
      <trkpt lat="41.42083" lon="-7.91787">
        <ele>664.45</ele>
      </trkpt>
      <trkpt lat="41.42086" lon="-7.91751">
        <ele>663.06</ele>
      </trkpt>
      <trkpt lat="41.42089" lon="-7.91735">
        <ele>665.94</ele>
      </trkpt>
      <trkpt lat="41.42097" lon="-7.91721">
        <ele>664.67</ele>
      </trkpt>
      <trkpt lat="41.42128" lon="-7.91695">
        <ele>664.51</ele>
      </trkpt>
      <trkpt lat="41.42147" lon="-7.91676">
        <ele>662.95</ele>
      </trkpt>
      <trkpt lat="41.42183" lon="-7.91617">
        <ele>669.28</ele>
      </trkpt>
      <trkpt lat="41.42204" lon="-7.91573">
        <ele>674.18</ele>
      </trkpt>
      <trkpt lat="41.42206" lon="-7.91557">
        <ele>674.8</ele>
      </trkpt>
      <trkpt lat="41.42205" lon="-7.91548">
        <ele>675.64</ele>
      </trkpt>
      <trkpt lat="41.42198" lon="-7.91537">
        <ele>677.7</ele>
      </trkpt>
      <trkpt lat="41.42186" lon="-7.91536">
        <ele>678.1</ele>
      </trkpt>
      <trkpt lat="41.42179" lon="-7.91539">
        <ele>677.64</ele>
      </trkpt>
      <trkpt lat="41.42171" lon="-7.91549">
        <ele>676.63</ele>
      </trkpt>
      <trkpt lat="41.42159" lon="-7.91587">
        <ele>679.85</ele>
      </trkpt>
      <trkpt lat="41.42146" lon="-7.9161">
        <ele>678.88</ele>
      </trkpt>
      <trkpt lat="41.42128" lon="-7.9163">
        <ele>683.27</ele>
      </trkpt>
      <trkpt lat="41.42105" lon="-7.9165">
        <ele>690.76</ele>
      </trkpt>
      <trkpt lat="41.42047" lon="-7.91682">
        <ele>703.18</ele>
      </trkpt>
      <trkpt lat="41.42032" lon="-7.91696">
        <ele>705.67</ele>
      </trkpt>
      <trkpt lat="41.42025" lon="-7.91712">
        <ele>703.66</ele>
      </trkpt>
      <trkpt lat="41.42016" lon="-7.91751">
        <ele>698.89</ele>
      </trkpt>
      <trkpt lat="41.42009" lon="-7.91766">
        <ele>697.9</ele>
      </trkpt>
      <trkpt lat="41.41984" lon="-7.91799">
        <ele>703.87</ele>
      </trkpt>
      <trkpt lat="41.41978" lon="-7.91816">
        <ele>705.66</ele>
      </trkpt>
      <trkpt lat="41.41974" lon="-7.91861">
        <ele>703.41</ele>
      </trkpt>
      <trkpt lat="41.41963" lon="-7.91901">
        <ele>700.48</ele>
      </trkpt>
      <trkpt lat="41.41948" lon="-7.9194">
        <ele>706.67</ele>
      </trkpt>
      <trkpt lat="41.41946" lon="-7.91996">
        <ele>711.04</ele>
      </trkpt>
      <trkpt lat="41.41939" lon="-7.92019">
        <ele>715.23</ele>
      </trkpt>
      <trkpt lat="41.41924" lon="-7.92055">
        <ele>720.55</ele>
      </trkpt>
      <trkpt lat="41.41883" lon="-7.92117">
        <ele>721.52</ele>
      </trkpt>
      <trkpt lat="41.41871" lon="-7.92131">
        <ele>717.8</ele>
      </trkpt>
      <trkpt lat="41.41853" lon="-7.92138">
        <ele>722.43</ele>
      </trkpt>
      <trkpt lat="41.41812" lon="-7.92149">
        <ele>726.54</ele>
      </trkpt>
      <trkpt lat="41.41749" lon="-7.92156">
        <ele>704.41</ele>
      </trkpt>
      <trkpt lat="41.41725" lon="-7.92155">
        <ele>701.97</ele>
      </trkpt>
      <trkpt lat="41.41701" lon="-7.92147">
        <ele>707.94</ele>
      </trkpt>
      <trkpt lat="41.41679" lon="-7.92141">
        <ele>709.75</ele>
      </trkpt>
      <trkpt lat="41.41663" lon="-7.92133">
        <ele>710.07</ele>
      </trkpt>
      <trkpt lat="41.41645" lon="-7.92119">
        <ele>716.06</ele>
      </trkpt>
      <trkpt lat="41.41585" lon="-7.92043">
        <ele>721.64</ele>
      </trkpt>
      <trkpt lat="41.41548" lon="-7.91979">
        <ele>740.78</ele>
      </trkpt>
      <trkpt lat="41.41522" lon="-7.91949">
        <ele>746.03</ele>
      </trkpt>
      <trkpt lat="41.41489" lon="-7.91929">
        <ele>745.54</ele>
      </trkpt>
      <trkpt lat="41.41478" lon="-7.91919">
        <ele>746.38</ele>
      </trkpt>
      <trkpt lat="41.41409" lon="-7.9182">
        <ele>760.9</ele>
      </trkpt>
      <trkpt lat="41.41402" lon="-7.91805">
        <ele>761.77</ele>
      </trkpt>
      <trkpt lat="41.41384" lon="-7.91746">
        <ele>767.8</ele>
      </trkpt>
      <trkpt lat="41.41375" lon="-7.91685">
        <ele>775.35</ele>
      </trkpt>
      <trkpt lat="41.41379" lon="-7.91666">
        <ele>779.31</ele>
      </trkpt>
      <trkpt lat="41.41401" lon="-7.91621">
        <ele>782.21</ele>
      </trkpt>
      <trkpt lat="41.41406" lon="-7.91603">
        <ele>781.46</ele>
      </trkpt>
      <trkpt lat="41.41407" lon="-7.91583">
        <ele>782.85</ele>
      </trkpt>
      <trkpt lat="41.41405" lon="-7.91544">
        <ele>785.71</ele>
      </trkpt>
      <trkpt lat="41.41395" lon="-7.91497">
        <ele>785.64</ele>
      </trkpt>
      <trkpt lat="41.41392" lon="-7.91477">
        <ele>784.34</ele>
      </trkpt>
      <trkpt lat="41.41395" lon="-7.9146">
        <ele>786.23</ele>
      </trkpt>
      <trkpt lat="41.41403" lon="-7.91448">
        <ele>789.51</ele>
      </trkpt>
      <trkpt lat="41.41448" lon="-7.91423">
        <ele>805.27</ele>
      </trkpt>
      <trkpt lat="41.41507" lon="-7.91374">
        <ele>807.24</ele>
      </trkpt>
      <trkpt lat="41.41524" lon="-7.91365">
        <ele>808.14</ele>
      </trkpt>
      <trkpt lat="41.41558" lon="-7.91357">
        <ele>819.04</ele>
      </trkpt>
      <trkpt lat="41.41574" lon="-7.9135">
        <ele>821.23</ele>
      </trkpt>
      <trkpt lat="41.41594" lon="-7.91331">
        <ele>814.75</ele>
      </trkpt>
      <trkpt lat="41.41605" lon="-7.91328">
        <ele>816.06</ele>
      </trkpt>
      <trkpt lat="41.41641" lon="-7.9133">
        <ele>823.3</ele>
      </trkpt>
      <trkpt lat="41.41698" lon="-7.91327">
        <ele>830.91</ele>
      </trkpt>
      <trkpt lat="41.41744" lon="-7.91318">
        <ele>829.7</ele>
      </trkpt>
      <trkpt lat="41.4177" lon="-7.9132">
        <ele>828.67</ele>
      </trkpt>
      <trkpt lat="41.41789" lon="-7.91327">
        <ele>830.58</ele>
      </trkpt>
      <trkpt lat="41.41808" lon="-7.91345">
        <ele>834.97</ele>
      </trkpt>
      <trkpt lat="41.41838" lon="-7.914">
        <ele>840.53</ele>
      </trkpt>
      <trkpt lat="41.41846" lon="-7.91422">
        <ele>843.31</ele>
      </trkpt>
      <trkpt lat="41.41849" lon="-7.9145">
        <ele>846.31</ele>
      </trkpt>
      <trkpt lat="41.41848" lon="-7.9147">
        <ele>846.21</ele>
      </trkpt>
      <trkpt lat="41.41841" lon="-7.91487">
        <ele>847.51</ele>
      </trkpt>
      <trkpt lat="41.41807" lon="-7.91533">
        <ele>860.99</ele>
      </trkpt>
      <trkpt lat="41.41785" lon="-7.91564">
        <ele>872.99</ele>
      </trkpt>
      <trkpt lat="41.41716" lon="-7.91714">
        <ele>882.97</ele>
      </trkpt>
      <trkpt lat="41.41703" lon="-7.91749">
        <ele>879.45</ele>
      </trkpt>
      <trkpt lat="41.41694" lon="-7.91759">
        <ele>880.5</ele>
      </trkpt>
      <trkpt lat="41.41682" lon="-7.91763">
        <ele>880.46</ele>
      </trkpt>
      <trkpt lat="41.41663" lon="-7.91763">
        <ele>881.67</ele>
      </trkpt>
      <trkpt lat="41.41644" lon="-7.91756">
        <ele>882.01</ele>
      </trkpt>
      <trkpt lat="41.41606" lon="-7.91724">
        <ele>883.27</ele>
      </trkpt>
      <trkpt lat="41.41576" lon="-7.91693">
        <ele>879.78</ele>
      </trkpt>
      <trkpt lat="41.41553" lon="-7.91662">
        <ele>881.22</ele>
      </trkpt>
      <trkpt lat="41.41545" lon="-7.91643">
        <ele>885.47</ele>
      </trkpt>
      <trkpt lat="41.41543" lon="-7.91634">
        <ele>886.91</ele>
      </trkpt>
      <trkpt lat="41.41545" lon="-7.91625">
        <ele>889.32</ele>
      </trkpt>
      <trkpt lat="41.4155" lon="-7.91603">
        <ele>893.68</ele>
      </trkpt>
      <trkpt lat="41.41558" lon="-7.91582">
        <ele>896.57</ele>
      </trkpt>
      <trkpt lat="41.41574" lon="-7.91555">
        <ele>910.26</ele>
      </trkpt>
      <trkpt lat="41.416" lon="-7.91523">
        <ele>912.14</ele>
      </trkpt>
      <trkpt lat="41.41657" lon="-7.91484">
        <ele>925.37</ele>
      </trkpt>
      <trkpt lat="41.41681" lon="-7.91473">
        <ele>927.15</ele>
      </trkpt>
      <trkpt lat="41.41687" lon="-7.91472">
        <ele>926.41</ele>
      </trkpt>
      <trkpt lat="41.41694" lon="-7.91472">
        <ele>925.91</ele>
      </trkpt>
      <trkpt lat="41.417" lon="-7.91473">
        <ele>924.4</ele>
      </trkpt>
      <trkpt lat="41.41707" lon="-7.91479">
        <ele>923.64</ele>
      </trkpt>
      <trkpt lat="41.41709" lon="-7.91484">
        <ele>924.25</ele>
      </trkpt>
      <trkpt lat="41.4171" lon="-7.91488">
        <ele>924.94</ele>
      </trkpt>
      <trkpt lat="41.41697" lon="-7.91562">
        <ele>931.81</ele>
      </trkpt>
      <trkpt lat="41.4169" lon="-7.91582">
        <ele>929.71</ele>
      </trkpt>
    </trkseg>
  </trk>
</gpx>
